Date,SessionTime,DriverAhead,DistanceToDriverAhead,Time,RPM,Speed,nGear,Throttle,Brake,DRS,Source,Distance,RelativeDistance,Status,X,Y,Z
2026-08-22 14:37:04.168,0 days 00:50:28.404000,,924.2266666666669,0 days 00:00:00,10635.95,304.1333333333333,7,100.0,False,0,interpolation,0.21456228583043307,5.0582951473032386e-05,OnTrack,512.7072518474911,3790.22422526641,537.0028015422071
2026-08-22 14:37:04.220,0 days 00:50:28.456000,,924.2266666666669,0 days 00:00:00.052000,10478.0,305.0,8,100.0,False,0,car,4.614444444444448,0.0010878529677522196,OnTrack,534.7500768324443,3843.732793827784,537.0038353240467
2026-08-22 14:37:04.320,0 days 00:50:28.556000,,924.2266666666669,0 days 00:00:00.152000,10581.125,305.0,8,100.0,False,0,pos,13.07079314395054,0.003081432940349086,OnTrack,576.0,3944.0,537.0
2026-08-22 14:37:04.380,0 days 00:50:28.616000,44,924.2266666666669,0 days 00:00:00.212000,10643.0,305.0,8,100.0,False,0,car,18.17,0.004283568403961482,OnTrack,600.0298801413868,4002.4968416286565,536.9940168944872
2026-08-22 14:37:04.619,0 days 00:50:28.855000,44,915.9944444444446,0 days 00:00:00.451000,10651.0,310.0,8,100.0,False,0,car,38.750555555555565,0.009135424073402966,OnTrack,690.3663210640966,4222.991918032351,536.9705967156542
2026-08-22 14:37:04.700,0 days 00:50:28.936000,44,913.3394465422225,0 days 00:00:00.532000,10686.23497216,310.40499968,8,100.0,False,0,pos,45.743297858105734,0.010783959570609831,OnTrack,719.0,4293.0,537.0
2026-08-22 14:37:04.819,0 days 00:50:29.055000,44,909.4388888888892,0 days 00:00:00.651000,10738.0,311.0,8,100.0,False,0,car,56.02833333333334,0.013208651535128705,OnTrack,759.2366016684183,4391.4576710930505,537.0897987810156
2026-08-22 14:37:05.099,0 days 00:50:29.335000,44,900.8055555555558,0 days 00:00:00.931000,10762.0,313.0,8,100.0,False,0,car,80.37277777777778,0.018947842125894683,OnTrack,844.2749311817583,4599.939113698643,537.0626195301422
2026-08-22 14:37:05.120,0 days 00:50:29.356000,44,900.1813907911113,0 days 00:00:00.952000,10765.599989028571,313.07499977142857,8,100.0,False,0,pos,82.20228572163732,0.01937914770779415,OnTrack,850.0,4614.0,537.0
2026-08-22 14:37:05.379,0 days 00:50:29.615000,44,892.4833333333336,0 days 00:00:01.211000,10810.0,314.0,8,100.0,False,0,car,104.795,0.024705368788835634,OnTrack,913.1831817889035,4769.467049272149,535.4854885297726
2026-08-22 14:37:05.539,0 days 00:50:29.775000,44,887.9055555555558,0 days 00:00:01.371000,10818.0,315.0,8,100.0,False,0,car,118.79499999999999,0.028005861780330443,OnTrack,956.1928465816515,4874.112651186194,535.6226062597335
2026-08-22 14:37:05.580,0 days 00:50:29.816000,44,886.7780573155558,0 days 00:00:01.412000,10829.445815466666,315.17083306666666,8,100.0,False,0,pos,122.39002387182856,0.028853386858418067,OnTrack,969.0,4905.0,536.0
2026-08-22 14:37:05.660,0 days 00:50:29.896000,44,884.5780573155557,0 days 00:00:01.492000,10851.7791488,315.5041664,8,100.0,False,0,pos,129.41416778002434,0.030509325268436013,OnTrack,996.0,4970.0,537.0
2026-08-22 14:37:05.779,0 days 00:50:30.015000,44,881.3055555555557,0 days 00:00:01.611000,10885.0,316.0,8,100.0,False,0,car,139.86166666666665,0.032972317900865494,OnTrack,1040.130907964401,5077.7085957077825,537.6284584087362
2026-08-22 14:37:05.999,0 days 00:50:30.235000,44,875.6833333333335,0 days 00:00:01.831000,10919.833333333334,316.0,8,100.0,False,0,pos,159.1302420854111,0.037514874909840866,OnTrack,1121.0,5279.0,537.0
2026-08-22 14:37:06.139,0 days 00:50:30.375000,44,872.1055555555558,0 days 00:00:01.971000,10942.0,316.0,8,100.0,False,0,car,171.46166666666664,0.04042200208166807,OnTrack,1159.1467530903055,5376.358887055511,536.9770679834132
2026-08-22 14:37:06.219,0 days 00:50:30.455000,44,870.1722222222224,0 days 00:00:02.051000,10927.0,316.3333333333333,8,100.0,False,0,pos,178.55778081370298,0.04209490743946381,OnTrack,1179.0,5430.0,537.0
2026-08-22 14:37:06.379,0 days 00:50:30.615000,44,866.3055555555558,0 days 00:00:02.211000,10897.0,317.0,8,100.0,False,0,car,192.59499999999997,0.04540417483549595,OnTrack,1218.7649492972168,5546.575282413942,536.9405547206371
2026-08-22 14:37:06.599,0 days 00:50:30.835000,44,863.616666666667,0 days 00:00:02.431000,10132.5,300.0,8,50.0,False,0,pos,210.64391857845428,0.049659198354942306,OnTrack,1280.0,5752.0,538.0
2026-08-22 14:37:06.779,0 days 00:50:31.015000,44,861.416666666667,0 days 00:00:02.611000,9507.0,286.09090909090907,8,9.090909090909095,False,0,pos,224.2897801388552,0.052876203386585996,OnTrack,1339.0,5969.0,541.0
2026-08-22 14:37:06.819,0 days 00:50:31.055000,44,860.9277777777781,0 days 00:00:02.651000,9368.0,283.0,8,0.0,True,0,car,227.18388888888887,0.05355848807559385,OnTrack,1350.3164887585565,6010.1629013339225,541.6527782370407
2026-08-22 14:37:07.139,0 days 00:50:31.375000,44,861.1944444444447,0 days 00:00:02.971000,8445.0,240.0,8,0.0,True,0,car,248.51722222222222,0.058587810729300235,OnTrack,1412.0115658690763,6219.427752799635,545.6428473403286
2026-08-22 14:37:07.179,0 days 00:50:31.415000,44,861.6611112173985,0 days 00:00:03.011000,8507.775815009438,235.16014124643786,8,0.0,True,0,pos,250.953634492786,0.059162193702399356,OnTrack,1418.0,6238.0,546.0
2026-08-22 14:37:07.420,0 days 00:50:31.656000,44,864.472777777778,0 days 00:00:03.252000,8886.0,206.0,8,0.0,True,0,car,264.59666666666664,0.0623785317075873,OnTrack,1449.6357014419214,6328.428702879095,547.5099318264981
2026-08-22 14:37:07.619,0 days 00:50:31.855000,44,868.7844458311113,0 days 00:00:03.451000,9557.12771584,191.57249536,8,0.0,True,0,pos,274.663018745263,0.0647516691708249,OnTrack,1483.0,6402.0,548.0
2026-08-22 14:37:07.759,0 days 00:50:31.995000,44,871.8177791644446,0 days 00:00:03.591000,10029.27771584,181.42249536,8,0.0,True,0,pos,281.3549461771294,0.06632928771285826,OnTrack,1515.0,6462.0,548.0
2026-08-22 14:37:07.820,0 days 00:50:32.056000,44,873.1394444444445,0 days 00:00:03.652000,10235.0,177.0,6,0.0,True,0,car,284.2633333333333,0.06701493852897288,OnTrack,1528.6489696978115,6484.043128304428,547.9681687772794
2026-08-22 14:37:07.919,0 days 00:50:32.155000,44,875.5044459733334,0 days 00:00:03.751000,10717.0065616,172.0499968,6,0.0,True,0,pos,288.96856017831544,0.06812419340220549,OnTrack,1550.0,6515.0,548.0
2026-08-22 14:37:07.980,0 days 00:50:32.216000,44,876.9616666666667,0 days 00:00:03.812000,11014.0,169.0,5,0.0,True,0,car,291.77444444444444,0.06878567921329867,OnTrack,1562.973836277755,6533.218664618067,548.1644060962175
2026-08-22 14:37:08.140,0 days 00:50:32.376000,44,881.6727777777779,0 days 00:00:03.972000,10593.0,154.0,4,0.0,True,0,car,298.6188888888889,0.07039925356469613,OnTrack,1603.0536616897568,6580.383922659874,548.8945381921679
2026-08-22 14:37:08.179,0 days 00:50:32.415000,44,883.0052799644446,0 days 00:00:04.011000,10741.478815085715,152.0499968,4,0.0,True,0,pos,300.20220544680626,0.07077251965060498,OnTrack,1618.0,6593.0,549.0
2026-08-22 14:37:08.399,0 days 00:50:32.635000,44,890.5219466311115,0 days 00:00:04.231000,11579.050243657142,141.0499968,4,0.0,True,0,pos,308.707575861864,0.07277765646810251,OnTrack,1728.0,6665.0,549.0
2026-08-22 14:37:08.420,0 days 00:50:32.656000,44,891.2394444444449,0 days 00:00:04.252000,11659.0,140.0,3,0.0,True,0,car,309.50777777777773,0.07296630366919209,OnTrack,1736.2944567333227,6669.6947211835895,548.9900868954879
2026-08-22 14:37:08.620,0 days 00:50:32.856000,44,898.2950000000003,0 days 00:00:04.452000,11519.0,136.0,2,0.0,True,0,car,317.0633333333333,0.07474752210904644,OnTrack,1782.01973117875,6688.513338850215,548.9613496777796
2026-08-22 14:37:08.759,0 days 00:50:32.995000,44,903.5075024000002,0 days 00:00:04.591000,10894.88971264,131.82999808,2,0.0,True,0,pos,322.12081790071915,0.07593982156399287,OnTrack,1811.0,6693.0,549.0
2026-08-22 14:37:08.820,0 days 00:50:33.056000,44,905.7950000000003,0 days 00:00:04.652000,10621.0,130.0,2,0.0,True,0,car,324.2855555555555,0.07645015738243661,OnTrack,1828.3472177930048,6695.860055860209,549.0302727133366
2026-08-22 14:37:08.999,0 days 00:50:33.235000,44,912.8058358400002,0 days 00:00:04.831000,10393.66991872,124.62999808000001,2,0.0,True,0,pos,330.4625595171971,0.07790638297413902,OnTrack,1895.0,6702.0,549.0
2026-08-22 14:37:09.020,0 days 00:50:33.256000,44,913.6283333333336,0 days 00:00:04.852000,10367.0,124.0,2,0.0,True,0,car,331.1744444444444,0.07807420948936264,OnTrack,1904.267760995584,6701.607743296729,548.9573278922027
2026-08-22 14:37:09.259,0 days 00:50:33.495000,44,923.3875026133337,0 days 00:00:05.091000,9749.583168,119.020832,2,0.0,True,0,pos,339.07586953200473,0.07993696649824222,OnTrack,2012.0,6685.0,548.0
2026-08-22 14:37:09.260,0 days 00:50:33.496000,44,923.4283333333337,0 days 00:00:05.092000,9747.0,119.0,2,0.0,True,0,car,339.10777777777776,0.0799444888512097,OnTrack,2012.3193584763685,6684.932284988636,547.9954806207073
2026-08-22 14:37:09.519,0 days 00:50:33.755000,44,934.7955583644448,0 days 00:00:05.351000,9461.380484977777,112.5249984,2,1.4388892444444445,True,0,pos,347.0439750828288,0.08181544339295548,OnTrack,2060.0,6669.0,547.0
2026-08-22 14:37:09.620,0 days 00:50:33.856000,44,939.2283333333337,0 days 00:00:05.452000,9350.0,110.0,2,2.0,False,0,car,350.10777777777776,0.08253773334452705,OnTrack,2081.1029114143657,6658.352345118049,546.9193014930763
2026-08-22 14:37:09.780,0 days 00:50:34.016000,44,946.2505555555558,0 days 00:00:05.612000,9224.0,110.0,2,11.0,False,0,car,354.99666666666667,0.0836902864526681,OnTrack,2123.3232099036536,6633.590944839141,547.0851126292321
2026-08-22 14:37:09.879,0 days 00:50:34.115000,44,950.7330584533336,0 days 00:00:05.711000,9311.037556266667,108.7624992,2,19.6625056,False,0,pos,357.95066049474065,0.08438668901884505,OnTrack,2150.0,6611.0,547.0
2026-08-22 14:37:10.020,0 days 00:50:34.256000,44,957.1172222222224,0 days 00:00:05.852000,9435.0,107.0,2,32.0,False,0,car,362.13,0.08537196621500118,OnTrack,2187.101982181701,6569.054597126329,546.5191971563391
2026-08-22 14:37:10.099,0 days 00:50:34.335000,44,960.6722251022225,0 days 00:00:05.931000,9529.40507648,108.18500096,2,37.53000448,False,0,pos,364.5202965532345,0.0859354774308258,OnTrack,2205.0,6546.0,546.0
2026-08-22 14:37:10.220,0 days 00:50:34.456000,44,966.1172222222226,0 days 00:00:06.052000,9674.0,110.0,2,46.0,False,0,car,368.2411111111111,0.08681265760017748,OnTrack,2226.1189360997237,6516.41466280863,544.7961059489647
2026-08-22 14:37:10.499,0 days 00:50:34.735000,44,978.4397250488889,0 days 00:00:06.331000,9996.8429312,113.9857152,2,54.9678592,False,0,pos,377.0751021740892,0.08889526657091228,OnTrack,2257.0,6455.0,543.0
2026-08-22 14:37:10.500,0 days 00:50:34.736000,44,978.4838888888889,0 days 00:00:06.332000,9998.0,114.0,2,55.0,False,0,car,377.10777777777776,0.08890296982812419,OnTrack,2257.11006720053,6454.719884689828,543.0072825752732
2026-08-22 14:37:10.599,0 days 00:50:34.835000,44,982.5538915200001,0 days 00:00:06.431000,10245.25265984,116.4750016,2,58.21750208,False,0,pos,380.3845768283282,0.08967547356390124,OnTrack,2268.0,6425.0,544.0
2026-08-22 14:37:10.800,0 days 00:50:35.036000,44,990.8172222222224,0 days 00:00:06.632000,10747.25,121.5,2,64.75,False,0,pos,387.2992356333401,0.09130560091565264,OnTrack,2286.0,6361.0,544.0
2026-08-22 14:37:10.900,0 days 00:50:35.136000,44,994.9283333333336,0 days 00:00:06.732000,10997.0,124.0,2,68.0,False,0,car,390.8855555555555,0.09215107404197623,OnTrack,2291.2587584849075,6327.913542975439,544.0641001216879
2026-08-22 14:37:11.000,0 days 00:50:35.236000,44,998.6783333333336,0 days 00:00:06.832000,11047.0,127.25,2,70.25,False,0,pos,394.57162457051425,0.09302006296697889,OnTrack,2294.0,6292.0,544.0
2026-08-22 14:37:11.280,0 days 00:50:35.516000,44,1009.1783333333335,0 days 00:00:07.112000,11187.0,136.35,2,76.55,False,0,pos,405.32563878659437,0.09555531643487947,OnTrack,2290.0,6174.0,542.0
2026-08-22 14:37:11.300,0 days 00:50:35.536000,44,1009.9283333333335,0 days 00:00:07.132000,11197.0,137.0,2,77.0,False,0,car,406.10777777777776,0.0957397053105063,OnTrack,2289.1922793273147,6166.067602332376,541.9242426259291
2026-08-22 14:37:11.499,0 days 00:50:35.735000,44,1017.1144444444448,0 days 00:00:07.331000,10643.0,143.0,3,82.0,False,0,car,414.0125,0.09760323961723186,OnTrack,2277.76079978243,6095.022534565822,542.1477752669301
2026-08-22 14:37:11.659,0 days 00:50:35.895000,44,1022.5811111111116,0 days 00:00:07.491000,11156.0,150.0,3,84.0,False,0,car,420.6791666666666,0.09917490294651508,OnTrack,2264.126621451098,6038.718543897347,542.2085031190954
2026-08-22 14:37:11.700,0 days 00:50:35.936000,44,1023.8680535466672,0 days 00:00:07.532000,11220.16489984,151.84499712,3,84.40999936,False,0,pos,422.4502967494132,0.09959244597688156,OnTrack,2260.0,6023.0,542.0
2026-08-22 14:37:11.820,0 days 00:50:36.056000,44,1027.6347202133338,0 days 00:00:07.652000,11407.96489984,157.24499712,3,85.60999936,False,0,pos,427.76687774694847,0.10084582728553011,OnTrack,2246.0,5973.0,541.0
2026-08-22 14:37:11.859,0 days 00:50:36.095000,44,1028.8588888888894,0 days 00:00:07.691000,11469.0,159.0,3,86.0,False,0,car,429.51249999999993,0.10125735685781538,OnTrack,2240.361145977986,5954.425151585319,540.6958262411788
2026-08-22 14:37:12.019,0 days 00:50:36.255000,44,1033.6588888888894,0 days 00:00:07.851000,11469.0,164.0,3,90.0,False,0,car,436.8013888888888,0.1029757087644984,OnTrack,2211.323719392118,5865.757155693691,539.7299073952121
2026-08-22 14:37:12.120,0 days 00:50:36.356000,44,1036.239998364445,0 days 00:00:07.952000,11044.8002688,171.06999552,3,94.54499712,False,0,pos,441.7037963305044,0.10413144886467726,OnTrack,2191.0,5807.0,539.0
2026-08-22 14:37:12.219,0 days 00:50:36.455000,44,1038.7700000000004,0 days 00:00:08.051000,10629.0,178.0,3,99.0,False,0,car,446.69027777777774,0.10530700936960188,OnTrack,2170.59980233524,5749.9658834196225,538.0698039575464
2026-08-22 14:37:12.459,0 days 00:50:36.695000,44,1044.1033333333335,0 days 00:00:08.291000,11228.0,186.0,4,100.0,False,0,car,459.09027777777777,0.10823030316206872,OnTrack,2123.9404502533935,5625.468395731646,535.4491854864599
2026-08-22 14:37:12.559,0 days 00:50:36.795000,44,1046.2700000000002,0 days 00:00:08.391000,11248.0,186.0,4,100.0,False,0,pos,464.22426497466984,0.10944063807362348,OnTrack,2113.0,5597.0,535.0
2026-08-22 14:37:12.619,0 days 00:50:36.855000,44,1047.5700000000002,0 days 00:00:08.451000,11260.0,186.0,4,100.0,False,0,car,467.3569444444444,0.11017916569037994,OnTrack,2109.4058260699353,5587.899378432707,534.9737887374602
2026-08-22 14:37:12.799,0 days 00:50:37.035000,44,1050.4200000000003,0 days 00:00:08.631000,10635.25,195.75,4,100.0,False,0,pos,477.2091594771257,0.11250182045224169,OnTrack,2096.0,5558.0,535.0
2026-08-22 14:37:12.859,0 days 00:50:37.095000,44,1051.3700000000003,0 days 00:00:08.691000,10427.0,199.0,4,100.0,False,0,car,480.6236111111111,0.11330677571565359,OnTrack,2081.3301931375872,5524.703894605983,534.4661824731528
2026-08-22 14:37:13.059,0 days 00:50:37.295000,44,1053.2033333333338,0 days 00:00:08.891000,10675.0,211.0,5,100.0,False,0,car,492.34583333333325,0.11607028373630995,OnTrack,2007.4619937578354,5356.696189356102,531.3946153776365
2026-08-22 14:37:13.099,0 days 00:50:37.335000,44,1053.2477777777783,0 days 00:00:08.931000,10740.875,211.375,5,100.0,False,0,pos,494.70326983050336,0.1166260482103674,OnTrack,1996.0,5331.0,531.0
2026-08-22 14:37:13.379,0 days 00:50:37.615000,44,1053.5588888888892,0 days 00:00:09.211000,11202.0,214.0,5,100.0,False,0,car,511.3680555555555,0.12055476310253148,OnTrack,1957.8039228091257,5249.6933852167,531.2580931431937
2026-08-22 14:37:13.479,0 days 00:50:37.715000,44,1052.7533333333338,0 days 00:00:09.311000,11326.25,217.75,5,100.0,False,0,pos,517.5635662298779,0.12201535164248381,OnTrack,1936.0,5199.0,532.0
2026-08-22 14:37:13.699,0 days 00:50:37.935000,44,1050.9811111111114,0 days 00:00:09.531000,11599.6,226.0,5,100.0,False,0,pos,531.6359114404202,0.12533289998114738,OnTrack,1858.0,5012.0,534.0
2026-08-22 14:37:13.779,0 days 00:50:38.015000,44,1050.336666666667,0 days 00:00:09.611000,11699.0,229.0,5,100.0,False,0,car,536.8125,0.1265532781426292,OnTrack,1836.9666659532184,4962.502050922304,534.6733779956292
2026-08-22 14:37:13.980,0 days 00:50:38.216000,44,1048.0475000000006,0 days 00:00:09.812000,10687.0,235.0,5,100.0,False,0,car,549.9333333333333,0.1296465080325748,OnTrack,1810.923162405725,4900.293342324516,536.0406816395684
2026-08-22 14:37:14.139,0 days 00:50:38.375000,44,1045.794999093334,0 days 00:00:09.971000,10745.741690311112,238.0916679111111,5,100.0,False,0,pos,560.5273497208693,0.13214404209249223,OnTrack,1795.0,4802.0,536.0
2026-08-22 14:37:14.340,0 days 00:50:38.576000,44,1042.9475000000004,0 days 00:00:10.172000,10820.0,242.0,6,100.0,False,0,car,574.1333333333333,0.13535164591787296,OnTrack,1771.714749741222,4583.372436205534,534.3393959132235
2026-08-22 14:37:14.379,0 days 00:50:38.615000,44,1042.329998986667,0 days 00:00:10.211000,10842.03503616,242.58500096,6,100.0,False,0,pos,576.7878177716157,0.13597743929534317,OnTrack,1769.0,4551.0,534.0
2026-08-22 14:37:14.540,0 days 00:50:38.776000,44,1039.7808333333335,0 days 00:00:10.372000,10933.0,245.0,6,100.0,False,0,car,587.7444444444444,0.13856045854849292,OnTrack,1767.6014318236032,4487.896232074347,532.8543035524615
2026-08-22 14:37:14.659,0 days 00:50:38.895000,44,1038.0619435200003,0 days 00:00:10.491000,10863.583296,241.5291648,6,50.41664,False,0,pos,595.7384932332347,0.14044505154856934,OnTrack,1772.0,4454.0,532.0
2026-08-22 14:37:14.780,0 days 00:50:39.016000,44,1036.314166666667,0 days 00:00:10.612000,10793.0,238.0,6,0.0,True,0,car,603.6111111111111,0.14230101727218705,OnTrack,1777.9658545572172,4389.2509369954705,530.9380961755505
2026-08-22 14:37:14.940,0 days 00:50:39.176000,44,1034.7141666666666,0 days 00:00:10.772000,10943.0,221.0,6,0.0,True,0,car,613.4333333333333,0.1446166012439977,OnTrack,1787.5648761458713,4271.985314298817,529.939394912118
2026-08-22 14:37:14.979,0 days 00:50:39.215000,44,1034.45416624,0 days 00:00:10.811000,11010.38344391111,219.48333084444445,6,0.0,True,0,pos,615.7645921083348,0.14516619433315864,OnTrack,1790.0,4243.0,530.0
2026-08-22 14:37:15.199,0 days 00:50:39.435000,44,1032.9874995733335,0 days 00:00:11.031000,11390.494555022222,210.92777528888888,6,0.0,True,0,pos,628.5288152184354,0.14817535354149886,OnTrack,1802.0,4086.0,532.0
2026-08-22 14:37:15.300,0 days 00:50:39.536000,44,1032.314166666667,0 days 00:00:11.132000,11565.0,207.0,4,0.0,True,0,car,634.1333333333332,0.14949661588142213,OnTrack,1802.6819642100668,4028.5625597707153,532.697314161131
2026-08-22 14:37:15.540,0 days 00:50:39.776000,44,1031.7141666666666,0 days 00:00:11.372000,10982.0,191.0,4,0.0,True,0,car,646.8666666666666,0.15249849284035313,OnTrack,1789.9418864364236,3923.413974623653,534.0965963598318
2026-08-22 14:37:15.599,0 days 00:50:39.835000,44,1031.6322221333335,0 days 00:00:11.431000,10899.10491008,189.81999872,4,0.0,True,0,pos,649.9487882626665,0.1532251014636769,OnTrack,1784.0,3897.0,535.0
2026-08-22 14:37:15.739,0 days 00:50:39.975000,44,1031.4377776888894,0 days 00:00:11.571000,10702.40491008,187.01999872,4,0.0,True,0,pos,657.2042032225407,0.15493556190835203,OnTrack,1763.0,3830.0,538.0
2026-08-22 14:37:15.740,0 days 00:50:39.976000,44,1031.4363888888893,0 days 00:00:11.572000,10701.0,187.0,4,0.0,True,0,car,657.2555555555554,0.15494766819515285,OnTrack,1762.772630258676,3829.4848977952042,538.0217688316616
2026-08-22 14:37:16.019,0 days 00:50:40.255000,44,1031.5913889244448,0 days 00:00:11.851000,10373.1749248,181.0214272,4,0.0,True,0,pos,671.2843100810603,0.15825494005164073,OnTrack,1666.0,3682.0,543.0
2026-08-22 14:37:16.020,0 days 00:50:40.256000,44,1031.5919444444448,0 days 00:00:11.852000,10372.0,181.0,4,0.0,False,0,car,671.3333333333331,0.15826649725882264,OnTrack,1665.6747786051753,3681.60130737946,543.0115385374514
2026-08-22 14:37:16.339,0 days 00:50:40.575000,44,1032.8325002488893,0 days 00:00:12.171000,10009.1374272,172.0281232,4,9.968752,False,0,pos,686.5750985894391,0.16185973578780738,OnTrack,1578.0,3605.0,545.0
2026-08-22 14:37:16.340,0 days 00:50:40.576000,44,1032.8363888888894,0 days 00:00:12.172000,10008.0,172.0,4,10.0,False,0,car,686.622222222222,0.16187084516064554,OnTrack,1577.668030942659,3604.7771948905925,545.0074017106363
2026-08-22 14:37:16.579,0 days 00:50:40.815000,44,1034.031389208889,0 days 00:00:12.411000,9969.1624896,169.0124992,4,44.854175999999995,False,0,pos,697.8419563484211,0.16451589186421378,OnTrack,1479.0,3545.0,547.0
2026-08-22 14:37:16.580,0 days 00:50:40.816000,44,1034.0363888888892,0 days 00:00:12.412000,9969.0,169.0,4,45.0,False,0,car,697.8888888888887,0.1645269561871342,OnTrack,1478.5100336131507,3544.746694248762,547.0045935330426
2026-08-22 14:37:16.839,0 days 00:50:41.075000,44,1035.4752781333336,0 days 00:00:12.671000,10126.754584436363,169.58863650909092,4,52.65227461818182,False,0,pos,710.0689840667105,0.16739840752785853,OnTrack,1339.0,3483.0,547.0
2026-08-22 14:37:17.020,0 days 00:50:41.256000,44,1036.4808333333337,0 days 00:00:12.852000,10237.0,170.0,4,58.0,False,0,car,718.6666666666664,0.16942530689673363,OnTrack,1250.8729337993439,3448.512465141993,547.0090857311807
2026-08-22 14:37:17.260,0 days 00:50:41.496000,44,1037.5475000000001,0 days 00:00:13.092000,10502.0,174.0,4,67.0,False,0,pos,730.2666666666664,0.1721600010896865,OnTrack,1151.0,3412.0,547.0
2026-08-22 14:37:17.460,0 days 00:50:41.696000,44,1038.2697222222225,0 days 00:00:13.292000,10518.0,178.0,4,74.0,False,0,car,740.1555555555552,0.17449130169478994,OnTrack,1079.1232002601887,3385.825508428422,546.4535458180432
2026-08-22 14:37:17.560,0 days 00:50:41.796000,44,1038.8530555555558,0 days 00:00:13.392000,10985.083333333334,174.66666666666666,4,43.166666666666664,False,0,pos,744.9583785028796,0.17562356480029243,OnTrack,1041.0,3371.0,546.0
2026-08-22 14:37:17.700,0 days 00:50:41.936000,44,1039.6697222222224,0 days 00:00:13.532000,11639.0,170.0,4,0.0,True,0,car,751.4888888888886,0.17716312935457146,OnTrack,980.9618045491794,3346.0779505583378,545.1657323221065
2026-08-22 14:37:17.820,0 days 00:50:42.056000,44,1040.6697222222224,0 days 00:00:13.652000,11308.57142857143,166.14285714285714,4,0.0,True,0,pos,756.9361362324287,0.17844731518887808,OnTrack,929.0,3323.0,544.0
2026-08-22 14:37:17.980,0 days 00:50:42.216000,44,1042.0030555555559,0 days 00:00:13.812000,10868.0,161.0,3,0.0,True,0,car,764.0111111111108,0.18011523697474183,OnTrack,865.2035566112659,3291.0675942208254,541.5894096326856
2026-08-22 14:37:18.020,0 days 00:50:42.256000,44,1042.4252776809242,0 days 00:00:13.852000,10809.648758904945,159.99641600082214,3,0.0,True,0,pos,765.7523444715355,0.18052573186778742,OnTrack,849.0,3281.0,541.0
2026-08-22 14:37:18.259,0 days 00:50:42.495000,44,1044.9480555555558,0 days 00:00:14.091000,10461.0,154.0,3,0.0,True,0,car,775.9461111111108,0.18292890724999114,OnTrack,751.7966163798972,3203.9836186807142,538.2088239623599
2026-08-22 14:37:18.280,0 days 00:50:42.516000,44,1045.1988881244447,0 days 00:00:14.112000,10488.40491648,153.58000128,3,0.0,True,0,pos,776.8273700454408,0.18313666360259462,OnTrack,745.0,3198.0,538.0
2026-08-22 14:37:18.459,0 days 00:50:42.695000,44,1047.3369444444447,0 days 00:00:14.291000,10722.0,150.0,3,0.0,True,0,car,784.2794444444442,0.18489348641159523,OnTrack,704.2628730062193,3159.1525470534716,536.3829816655505
2026-08-22 14:37:18.619,0 days 00:50:42.855000,44,1049.3369444444447,0 days 00:00:14.451000,11611.0,149.0,3,0.0,True,0,car,790.9016666666664,0.1864546719853499,OnTrack,682.1034267271474,3115.2136970526703,534.8034212252529
2026-08-22 14:37:18.680,0 days 00:50:42.916000,44,1050.2688879111115,0 days 00:00:14.512000,11614.48571062857,147.03928777142858,3,0.0,True,0,pos,793.3501513912677,0.18703190103344475,OnTrack,672.0,3084.0,534.0
2026-08-22 14:37:18.820,0 days 00:50:43.056000,44,1052.4077768000004,0 days 00:00:14.652000,11622.48571062857,142.53928777142858,3,0.0,True,0,pos,798.7875340264857,0.18831376126770283,OnTrack,648.0,2993.0,532.0
2026-08-22 14:37:18.899,0 days 00:50:43.135000,44,1053.6147222222226,0 days 00:00:14.731000,11627.0,140.0,2,0.0,False,0,car,801.7905555555553,0.18902172208984588,OnTrack,640.6780378949846,2956.3857068005013,531.412438753869
2026-08-22 14:37:19.179,0 days 00:50:43.415000,44,1058.7480555555558,0 days 00:00:15.011000,11356.1,134.4,2,0.0,False,0,pos,812.1424877128984,0.1914621849136845,OnTrack,648.0,2895.0,531.0
2026-08-22 14:37:19.299,0 days 00:50:43.535000,44,1060.9480555555558,0 days 00:00:15.131000,11240.0,132.0,2,0.0,False,0,car,816.457222222222,0.192479381414269,OnTrack,656.2820105230902,2853.6186209559305,529.5478075658561
2026-08-22 14:37:19.419,0 days 00:50:43.655000,44,1063.4147222222225,0 days 00:00:15.251000,11050.4,130.2,2,5.7,False,0,pos,820.705337052551,0.19348087235888087,OnTrack,668.0,2809.0,528.0
2026-08-22 14:37:19.699,0 days 00:50:43.935000,44,1069.170277777778,0 days 00:00:15.531000,10608.0,126.0,2,19.0,False,0,car,830.457222222222,0.19577987440576383,OnTrack,715.2724943138614,2727.517550664294,527.004519223169
2026-08-22 14:37:19.719,0 days 00:50:43.955000,44,1069.6036111111114,0 days 00:00:15.551000,10619.3125,125.9375,2,21.25,False,0,pos,831.1535824843806,0.19594404098896456,OnTrack,720.0,2722.0,527.0
2026-08-22 14:37:19.759,0 days 00:50:43.995000,44,1070.470277777778,0 days 00:00:15.591000,10641.9375,125.8125,2,25.75,False,0,pos,832.5466729944819,0.19627246137932933,OnTrack,730.0,2711.0,527.0
2026-08-22 14:37:20.019,0 days 00:50:44.255000,44,1076.1036111111114,0 days 00:00:15.851000,10789.0,125.0,2,55.0,False,0,car,841.568333333333,0.19839931328790256,OnTrack,803.6265584488077,2652.914610822894,526.8225636364838
2026-08-22 14:37:20.099,0 days 00:50:44.335000,44,1077.8813888888892,0 days 00:00:15.931000,10988.333333333334,124.66666666666667,2,57.0,False,0,pos,844.3055917401238,0.19904462058701133,OnTrack,826.0,2639.0,527.0
2026-08-22 14:37:20.259,0 days 00:50:44.495000,44,1081.4369444444449,0 days 00:00:16.091000,11387.0,124.0,2,61.0,False,0,car,849.8349999999997,0.20034817581621378,OnTrack,872.2372040362525,2615.5593241794704,528.1874958605587
2026-08-22 14:37:20.299,0 days 00:50:44.535000,44,1082.148055555556,0 days 00:00:16.131000,11310.666666666666,125.5,2,62.833333333333336,False,0,pos,851.2662108420569,0.20068558305575387,OnTrack,890.0,2610.0,529.0
2026-08-22 14:37:20.479,0 days 00:50:44.715000,44,1085.3480555555561,0 days 00:00:16.311000,10967.166666666666,132.25,2,71.08333333333333,False,0,pos,857.941510345794,0.20225928157205483,OnTrack,998.0,2587.0,535.0
2026-08-22 14:37:20.499,0 days 00:50:44.735000,44,1085.7036111111117,0 days 00:00:16.331000,10929.0,133.0,2,72.0,False,0,car,858.7016666666663,0.20243848804416048,OnTrack,1007.7664205009971,2585.247068778406,535.5935092164523
2026-08-22 14:37:20.740,0 days 00:50:44.976000,44,1088.9838888888894,0 days 00:00:16.572000,10184.0,141.0,3,82.0,False,0,car,868.1408333333329,0.20466376686050938,OnTrack,1064.3565788148521,2580.4709100399637,540.0114600549863
2026-08-22 14:37:20.899,0 days 00:50:45.135000,44,1090.3088894222228,0 days 00:00:16.731000,10474.1751168,145.54285897142856,3,87.67857371428572,False,0,pos,874.6888103722731,0.20620744916947303,OnTrack,1118.0,2594.0,545.0
2026-08-22 14:37:21.020,0 days 00:50:45.256000,44,1091.3172222222229,0 days 00:00:16.852000,10695.0,149.0,3,92.0,False,0,car,879.7297222222219,0.2073958416145801,OnTrack,1194.1745177073287,2613.233155366169,551.5531523913708
2026-08-22 14:37:21.159,0 days 00:50:45.395000,44,1092.0508336711116,0 days 00:00:16.991000,10695.0,149.0,3,92.0,False,0,pos,885.4821641472251,0.208751976918684,OnTrack,1283.0,2636.0,559.0
2026-08-22 14:37:21.380,0 days 00:50:45.616000,44,1093.2172222222227,0 days 00:00:17.212000,10695.0,149.0,3,92.0,False,0,car,894.6297222222219,0.21090850915552814,OnTrack,1340.2577150838094,2652.4948071598374,563.4362638014462
2026-08-22 14:37:21.499,0 days 00:50:45.735000,44,1093.250277795556,0 days 00:00:17.331000,10940.0657568,152.3468768,3,93.1156256,False,0,pos,899.617438522675,0.21208436077647172,OnTrack,1365.0,2660.0,565.0
2026-08-22 14:37:21.700,0 days 00:50:45.936000,44,1093.3061111111117,0 days 00:00:17.532000,11354.0,158.0,3,95.0,False,0,car,908.6741666666663,0.21421947990255152,OnTrack,1441.5505045082207,2682.279889385815,569.6798886770819
2026-08-22 14:37:21.759,0 days 00:50:45.995000,44,1092.7816660977783,0 days 00:00:17.591000,10982.2995968,167.44001024,3,96.4750016,False,0,pos,911.6641837674975,0.21492437493724742,OnTrack,1483.0,2696.0,572.0
2026-08-22 14:37:21.900,0 days 00:50:46.136000,44,1091.5283333333336,0 days 00:00:17.732000,10094.0,190.0,3,100.0,False,0,car,919.2297222222219,0.2167079468405833,OnTrack,1617.1293982338113,2742.983444364748,579.1476725468054
2026-08-22 14:37:21.919,0 days 00:50:46.155000,44,1091.2961103288892,0 days 00:00:17.751000,10113.271493485714,190.54285897142856,3,100.0,False,0,pos,920.2582989351108,0.21695043328573366,OnTrack,1634.0,2749.0,580.0
2026-08-22 14:37:22.180,0 days 00:50:46.416000,44,1088.1061111111117,0 days 00:00:18.012000,10378.0,198.0,5,100.0,False,0,car,934.629722222222,0.22033848913122764,OnTrack,1778.7786648480737,2802.5993149502947,585.7447478732312
2026-08-22 14:37:22.380,0 days 00:50:46.616000,44,1084.8283333333338,0 days 00:00:18.212000,10716.0,210.0,5,100.0,False,0,car,946.2963888888886,0.2230888999574733,OnTrack,1829.6914385580267,2822.544502754305,586.7107704435763
2026-08-22 14:37:22.419,0 days 00:50:46.655000,44,1084.1133321600005,0 days 00:00:18.251000,10844.7002112,211.36500224,5,100.0,False,0,pos,948.6176213853131,0.22363612935647892,OnTrack,1839.0,2826.0,587.0
2026-08-22 14:37:22.580,0 days 00:50:46.816000,44,1081.1616666666669,0 days 00:00:18.412000,11376.0,217.0,5,100.0,False,0,car,958.3519444444441,0.22593099114459383,OnTrack,1875.740029614641,2838.9316539306365,588.5414384354316
2026-08-22 14:37:22.699,0 days 00:50:46.935000,44,1078.6494430933335,0 days 00:00:18.531000,11325.4249728,221.4625024,5,100.0,False,0,pos,965.747606896199,0.22767451486527082,OnTrack,1920.0,2854.0,590.0
2026-08-22 14:37:22.820,0 days 00:50:47.056000,44,1076.0950000000003,0 days 00:00:18.652000,11274.0,226.0,5,100.0,False,0,car,973.418611111111,0.229482950268774,OnTrack,1992.862595469896,2878.857756339681,591.7336208287821
2026-08-22 14:37:22.999,0 days 00:50:47.235000,44,1072.0674985600003,0 days 00:00:18.831000,10948.66738368,230.4750016,5,100.0,False,0,pos,984.9913369567516,0.23221121459349026,OnTrack,2135.0,2924.0,594.0
2026-08-22 14:37:23.220,0 days 00:50:47.456000,44,1067.0950000000003,0 days 00:00:19.052000,10547.0,236.0,6,100.0,False,0,car,999.6408333333331,0.23566482603062142,OnTrack,2328.636124673165,2972.789780070692,594.6040017858046
2026-08-22 14:37:23.439,0 days 00:50:47.675000,44,1061.8633318044447,0 days 00:00:19.271000,10816.37007872,241.4750016,6,100.0,False,0,pos,1014.5390559037993,0.2391770745434467,OnTrack,2470.0,3003.0,594.0
2026-08-22 14:37:23.620,0 days 00:50:47.856000,44,1057.5394444444446,0 days 00:00:19.452000,11039.0,246.0,6,100.0,False,0,car,1026.9741666666666,0.24210864568068274,OnTrack,2510.3368885999053,3009.2618357827764,593.3416234249322
2026-08-22 14:37:23.659,0 days 00:50:47.895000,44,1056.6402763022224,0 days 00:00:19.491000,11066.7875456,246.2437504,6,100.0,False,0,pos,1029.65152614572,0.24273983183756337,OnTrack,2524.0,3011.0,593.0
2026-08-22 14:37:23.880,0 days 00:50:48.116000,44,1051.5450000000003,0 days 00:00:19.712000,11224.25,247.625,6,100.0,False,0,pos,1044.8477496223427,0.24632233391483344,OnTrack,2675.0,3028.0,589.0
2026-08-22 14:37:23.940,0 days 00:50:48.176000,44,1050.1616666666669,0 days 00:00:19.772000,11267.0,248.0,6,100.0,False,0,car,1049.0186111111109,0.24730561242284596,OnTrack,2733.2474951352633,3031.516589417328,587.1951640462005
2026-08-22 14:37:24.160,0 days 00:50:48.396000,44,1045.0283333333336,0 days 00:00:19.992000,11267.0,251.92857142857142,6,100.0,False,0,pos,1064.4908158088526,0.25095317693483665,OnTrack,2967.0,3037.0,579.0
2026-08-22 14:37:24.220,0 days 00:50:48.456000,44,1043.6283333333336,0 days 00:00:20.052000,11267.0,253.0,6,100.0,False,0,car,1068.6963888888888,0.25194463868311373,OnTrack,3017.637455310599,3036.717335992043,576.922564388195
2026-08-22 14:37:24.460,0 days 00:50:48.696000,44,1038.2283333333335,0 days 00:00:20.292000,11424.0,253.0,6,100.0,False,0,car,1085.5630555555556,0.2559209469062004,OnTrack,3153.9831945055776,3028.3454609612836,569.6449376615673
2026-08-22 14:37:24.640,0 days 00:50:48.876000,44,1033.4783333333337,0 days 00:00:20.472000,10867.285714285714,265.2142857142857,6,100.0,False,0,pos,1099.1040493074418,0.2591132294044842,OnTrack,3244.0,3017.0,564.0
2026-08-22 14:37:24.740,0 days 00:50:48.976000,44,1030.839444444445,0 days 00:00:20.572000,10558.0,272.0,7,100.0,False,0,car,1106.718611111111,0.2609083585377925,OnTrack,3300.3220069362937,3009.300904786523,560.5541553782318
2026-08-22 14:37:24.899,0 days 00:50:49.135000,44,1026.7761111111113,0 days 00:00:20.731000,10652.0,272.0,7,100.0,False,0,car,1118.7319444444445,0.2637404958571609,OnTrack,3402.267043382657,2994.1168470005973,554.5119053124623
2026-08-22 14:37:25.000,0 days 00:50:49.236000,44,1023.7741685688891,0 days 00:00:20.832000,10734.763836444445,274.8055537777778,7,100.0,False,0,pos,1126.5060331162233,0.2655732333697655,OnTrack,3484.0,2980.0,550.0
2026-08-22 14:37:25.259,0 days 00:50:49.495000,44,1016.0761111111112,0 days 00:00:21.091000,10947.0,282.0,7,100.0,False,0,car,1146.9319444444445,0.27038863174002903,OnTrack,3740.989109712301,2930.6735310519634,536.8941556337538
2026-08-22 14:37:25.280,0 days 00:50:49.516000,44,1015.2711135644446,0 days 00:00:21.112000,10957.881785018182,282.28636276363636,7,100.0,False,0,pos,1148.6009190730153,0.2707820916732133,OnTrack,3760.0,2927.0,536.0
2026-08-22 14:37:25.639,0 days 00:50:49.875000,44,1001.5094444444445,0 days 00:00:21.471000,11143.90909090909,287.1818181818182,7,100.0,False,0,pos,1177.3213278480212,0.27755291366426854,OnTrack,4022.0,2880.0,527.0
2026-08-22 14:37:25.699,0 days 00:50:49.935000,44,999.2094444444444,0 days 00:00:21.531000,11175.0,288.0,7,100.0,False,0,car,1182.1319444444443,0.27868701411864455,OnTrack,4067.7373848367665,2873.2212612067756,526.4389074734152
2026-08-22 14:37:25.759,0 days 00:50:49.995000,44,996.8927777777777,0 days 00:00:21.591000,11215.2,288.3,7,100.0,False,0,pos,1186.9422531943028,0.279821041998347,OnTrack,4116.0,2867.0,526.0
2026-08-22 14:37:25.899,0 days 00:50:50.135000,44,991.487222222222,0 days 00:00:21.731000,11309.0,289.0,7,100.0,False,0,car,1198.1875000000002,0.2824721033033351,OnTrack,4240.19741374344,2856.417425479801,524.9692894263262
2026-08-22 14:37:26.079,0 days 00:50:50.315000,44,983.6372222222221,0 days 00:00:21.911000,11328.285714285714,290.92857142857144,7,100.0,False,0,pos,1212.7650837801862,0.28590876138186594,OnTrack,4403.0,2852.0,524.0
2026-08-22 14:37:26.179,0 days 00:50:50.415000,44,979.276111111111,0 days 00:00:22.011000,11339.0,292.0,7,100.0,False,0,car,1220.8986111111112,0.28782623637842664,OnTrack,4482.557574224977,2854.6694152863734,523.8558164980036
2026-08-22 14:37:26.499,0 days 00:50:50.735000,44,963.8094444444441,0 days 00:00:22.331000,11409.0,294.0,7,100.0,False,0,car,1247.0319444444447,0.293987156629217,OnTrack,4708.87605150053,2889.362105022641,524.8979912743204
2026-08-22 14:37:26.519,0 days 00:50:50.755000,44,962.648333273453,0 days 00:00:22.351000,11392.722803350733,294.09669621771843,7,100.0,False,0,pos,1248.67369396813,0.2943741982575537,OnTrack,4724.0,2893.0,525.0
2026-08-22 14:37:26.699,0 days 00:50:50.935000,44,952.1983327345328,0 days 00:00:22.531000,11246.228033507328,294.9669621771842,7,100.0,False,0,pos,1263.5006140182045,0.2978696372368911,OnTrack,4865.0,2933.0,526.0
2026-08-22 14:37:27.679,0 days 00:50:51.915000,44,895.303885355967,0 days 00:00:23.511000,10448.645397693235,299.7050768453867,7,100.0,False,0,pos,1345.3467218256578,0.31716481617972175,OnTrack,5584.0,3315.0,541.0
2026-08-22 14:37:27.740,0 days 00:50:51.976000,44,891.7624999999998,0 days 00:00:23.572000,10399.0,300.0,8,100.0,False,0,car,1350.4486111111114,0.3183675840247233,OnTrack,5644.6487638903345,3348.8310844827265,544.4522399754072
2026-08-22 14:37:27.919,0 days 00:50:52.155000,44,881.2711073599999,0 days 00:00:23.751000,10385.5749952,300.89500032,8,100.0,False,0,pos,1365.4148091662505,0.3218958577240311,OnTrack,5817.0,3442.0,555.0
2026-08-22 14:37:27.940,0 days 00:50:52.176000,44,880.0402777777776,0 days 00:00:23.772000,10384.0,301.0,8,100.0,False,0,car,1367.1708333333336,0.3223098395423421,OnTrack,5833.0268099102805,3450.144635556422,555.9698177072721
2026-08-22 14:37:28.239,0 days 00:50:52.475000,44,862.432496231111,0 days 00:00:24.071000,10517.6156536,301.0,8,100.0,False,0,pos,1392.1728748590585,0.32820405831582194,OnTrack,6001.0,3518.0,565.0
2026-08-22 14:37:28.260,0 days 00:50:52.496000,44,861.1958333333332,0 days 00:00:24.092000,10527.0,301.0,8,100.0,False,0,car,1393.926388888889,0.3286174483705322,OnTrack,6015.464809778699,3522.71453119855,565.6498813780844
2026-08-22 14:37:28.439,0 days 00:50:52.675000,44,850.7541629333331,0 days 00:00:24.271000,10422.796391314285,300.36071405714284,8,100.0,False,0,pos,1408.8532706508456,0.33213645327340435,OnTrack,6159.0,3565.0,572.0
2026-08-22 14:37:28.540,0 days 00:50:52.776000,44,844.8624999999997,0 days 00:00:24.372000,10364.0,300.0,8,100.0,False,0,car,1417.2597222222225,0.3341182700230236,OnTrack,6242.563372600522,3583.141114656824,576.2485847982797
2026-08-22 14:37:28.759,0 days 00:50:52.995000,44,832.4524963733334,0 days 00:00:24.591000,10329.324989866667,299.08749973333335,8,100.0,False,0,pos,1435.4504887099768,0.3384067341160773,OnTrack,6424.0,3607.0,585.0
2026-08-22 14:37:28.780,0 days 00:50:53.016000,44,831.2625,0 days 00:00:24.612000,10326.0,299.0,8,100.0,False,0,car,1437.1930555555557,0.33881754337758047,OnTrack,6441.506029962322,3608.455887522799,585.5684017149111
2026-08-22 14:37:28.839,0 days 00:50:53.075000,44,828.0338853866667,0 days 00:00:24.671000,10309.18498176,298.85249984,8,100.0,False,0,pos,1442.0876254159098,0.3399714357719006,OnTrack,6491.0,3612.0,587.0
2026-08-22 14:37:28.999,0 days 00:50:53.235000,44,819.278329831111,0 days 00:00:24.831000,10263.58498176,298.45249984,8,100.0,False,0,pos,1455.3515327651573,0.343098395289474,OnTrack,6625.0,3620.0,591.0
2026-08-22 14:37:29.180,0 days 00:50:53.416000,44,809.3736111111109,0 days 00:00:25.012000,10212.0,298.0,8,100.0,False,0,car,1470.304166666667,0.34662347124635395,OnTrack,6751.212720858429,3624.3755425937015,594.3606907413076
2026-08-22 14:37:29.219,0 days 00:50:53.455000,44,807.2936076977776,0 days 00:00:25.051000,10213.9500032,297.60999936,8,100.0,False,0,pos,1473.5158898145419,0.3473806333706527,OnTrack,6785.0,3625.0,595.0
2026-08-22 14:37:29.380,0 days 00:50:53.616000,44,798.7069444444444,0 days 00:00:25.212000,10222.0,296.0,8,100.0,False,0,car,1486.7486111111114,0.3505002407919192,OnTrack,6969.2414945565315,3627.1015761881895,597.5300577505056
2026-08-22 14:37:29.519,0 days 00:50:53.755000,44,791.5252744711108,0 days 00:00:25.351000,10205.4937424,296.0,8,100.0,False,0,pos,1498.1748154324912,0.3531939627406407,OnTrack,7131.0,3628.0,599.0
2026-08-22 14:37:29.540,0 days 00:50:53.776000,44,790.4402777777775,0 days 00:00:25.372000,10203.0,296.0,8,100.0,False,0,car,1499.904166666667,0.3536016564283715,OnTrack,7151.743642861352,3628.0407572896866,599.1239606519728
2026-08-22 14:37:29.980,0 days 00:50:54.216000,44,769.0513888888888,0 days 00:00:25.812000,9843.0,295.0,8,3.0,True,0,car,1535.9597222222226,0.36210173560091174,OnTrack,7442.292334424646,3622.564266269651,596.3070085240797
2026-08-22 14:37:29.999,0 days 00:50:54.235000,44,768.2174971911111,0 days 00:00:25.831000,9953.0816208,293.4562448,8,2.6437488,True,0,pos,1537.4677533061883,0.36245725317402494,OnTrack,7456.0,3622.0,596.0
2026-08-22 14:37:30.140,0 days 00:50:54.376000,44,762.0291666666665,0 days 00:00:25.972000,10770.0,282.0,8,0.0,True,0,car,1548.4930555555559,0.3650564626599642,OnTrack,7566.924000327062,3616.8475779001715,593.3696238210356
2026-08-22 14:37:30.159,0 days 00:50:54.395000,44,761.2638863111109,0 days 00:00:25.991000,10742.133239466666,281.2874976,8,0.0,True,0,pos,1549.9589383342225,0.36540204379120295,OnTrack,7582.0,3616.0,593.0
2026-08-22 14:37:30.360,0 days 00:50:54.596000,44,753.1680555555555,0 days 00:00:26.192000,10447.333333333334,273.75,8,0.0,True,0,pos,1565.200423680763,0.3689952163316478,OnTrack,7736.0,3604.0,589.0
2026-08-22 14:37:30.380,0 days 00:50:54.616000,44,752.3625,0 days 00:00:26.212000,10418.0,273.0,7,0.0,True,0,car,1566.6930555555557,0.36934710354890743,OnTrack,7751.001964941566,3602.3527066947645,588.5666910189316
2026-08-22 14:37:30.540,0 days 00:50:54.776000,44,746.4958333333329,0 days 00:00:26.372000,11398.0,266.0,7,0.0,True,0,car,1578.515277777778,0.3721341865195031,OnTrack,7869.2724854519665,3585.7765902280744,584.7845828577546
2026-08-22 14:37:30.640,0 days 00:50:54.876000,44,743.0236111111108,0 days 00:00:26.472000,11424.5,265.0,7,0.5,True,0,pos,1585.8725122845049,0.3738686508713771,OnTrack,7939.0,3572.0,582.0
2026-08-22 14:37:30.740,0 days 00:50:54.976000,44,739.5513888888886,0 days 00:00:26.572000,11451.0,264.0,6,1.0,True,0,car,1593.1819444444445,0.3755918458439262,OnTrack,8004.338958218964,3555.4399569127004,578.8313060629039
2026-08-22 14:37:30.860,0 days 00:50:55.096000,44,735.6847222222218,0 days 00:00:26.692000,11339.25,260.25,6,3.25,True,0,pos,1601.8387885465447,0.37763269250731507,OnTrack,8088.0,3525.0,574.0
2026-08-22 14:37:30.900,0 days 00:50:55.136000,44,734.3958333333328,0 days 00:00:26.732000,11302.0,259.0,6,4.0,False,0,car,1604.6930555555557,0.37830558452582197,OnTrack,8120.2953954770555,3510.3353462306613,571.99206799586
2026-08-22 14:37:31.080,0 days 00:50:55.316000,44,729.1458333333326,0 days 00:00:26.912000,11091.785714285714,253.85714285714286,6,19.42857142857143,False,0,pos,1617.3317821337503,0.3812851579895898,OnTrack,8273.0,3428.0,562.0
2026-08-22 14:37:31.180,0 days 00:50:55.416000,44,726.2291666666658,0 days 00:00:27.012000,10975.0,251.0,6,28.0,False,0,car,1624.215277777778,0.3829079386417397,OnTrack,8335.286645295511,3386.909893537681,557.8622518536215
2026-08-22 14:37:31.480,0 days 00:50:55.716000,44,719.7291675351415,0 days 00:00:27.312000,10838.465571478504,244.11064810212636,6,44.91022738568987,False,0,pos,1644.313304715686,0.3876460384311282,OnTrack,8448.0,3275.0,550.0
2026-08-22 14:37:31.659,0 days 00:50:55.895000,44,715.8508333333323,0 days 00:00:27.491000,10757.0,240.0,6,55.0,False,0,car,1656.1486111111114,0.39043620598900647,OnTrack,8515.852725720555,3190.8958895868627,544.766701245886
2026-08-22 14:37:31.860,0 days 00:50:56.096000,44,712.0541678755546,0 days 00:00:27.692000,10660.8969056,238.7437504,6,58.7687488,False,0,pos,1669.446203345535,0.3935711067013973,OnTrack,8587.0,3080.0,539.0
2026-08-22 14:37:31.900,0 days 00:50:56.136000,44,711.298612319999,0 days 00:00:27.732000,10641.7719056,238.4937504,6,59.5187488,False,0,pos,1672.089815659777,0.39419433698106765,OnTrack,8599.0,3056.0,538.0
2026-08-22 14:37:31.979,0 days 00:50:56.215000,44,709.806388888888,0 days 00:00:27.811000,10604.0,238.0,6,61.0,False,0,car,1677.304166666667,0.39542361762059863,OnTrack,8621.40488568433,3005.026874148684,536.0762311878501
2026-08-22 14:37:32.219,0 days 00:50:56.455000,44,705.5397222222214,0 days 00:00:28.051000,10544.0,237.0,6,62.0,False,0,car,1693.104166666667,0.39914845971099994,OnTrack,8677.333752736822,2833.6302145672953,530.9113942438944
2026-08-22 14:37:32.279,0 days 00:50:56.515000,44,704.4230555555546,0 days 00:00:28.111000,10544.0,237.0,6,62.0,False,0,pos,1697.0553935580194,0.4000799594726224,OnTrack,8687.0,2796.0,530.0
2026-08-22 14:37:32.379,0 days 00:50:56.615000,44,702.5619444444433,0 days 00:00:28.211000,10544.0,237.0,6,62.0,False,0,car,1703.6375000000003,0.40163168777126745,OnTrack,8698.913375287173,2740.167812357087,528.8728813331525
2026-08-22 14:37:32.659,0 days 00:50:56.895000,44,696.650833333332,0 days 00:00:28.491000,10503.0,236.0,6,70.0,False,0,pos,1721.9930555555559,0.40595900080456065,OnTrack,8703.0,2573.0,529.0
2026-08-22 14:37:32.839,0 days 00:50:57.075000,44,692.4508333333318,0 days 00:00:28.671000,10602.0,236.0,6,75.14285714285714,False,0,pos,1733.793005573666,0.40874083311418646,OnTrack,8685.0,2402.0,532.0
2026-08-22 14:37:32.939,0 days 00:50:57.175000,44,690.1174999999985,0 days 00:00:28.771000,10657.0,236.0,6,78.0,False,0,car,1740.3486111111115,0.41028631383785386,OnTrack,8678.253806373057,2340.5204625415367,533.238375408569
2026-08-22 14:37:33.179,0 days 00:50:57.415000,44,684.1174999999989,0 days 00:00:29.011000,10680.0,236.0,6,82.0,False,0,car,1756.0819444444446,0.4139954392949623,OnTrack,8662.392112457981,2277.91346238499,535.3912931832402
2026-08-22 14:37:33.279,0 days 00:50:57.515000,44,681.5063888888878,0 days 00:00:29.111000,10701.0,236.5,6,84.5,False,0,pos,1762.6500892534946,0.4155438761456332,OnTrack,8632.0,2212.0,538.0
2026-08-22 14:37:33.379,0 days 00:50:57.615000,44,678.8952777777768,0 days 00:00:29.211000,10722.0,237.0,6,87.0,False,0,car,1769.2486111111111,0.41709947437029665,OnTrack,8584.449662619214,2112.047032187678,541.8853416462116
2026-08-22 14:37:33.439,0 days 00:50:57.675000,44,677.0952777777767,0 days 00:00:29.271000,10760.785714285714,237.85714285714286,6,87.0,False,0,pos,1773.2323582908389,0.41803864077362374,OnTrack,8557.0,2056.0,544.0
2026-08-22 14:37:33.659,0 days 00:50:57.895000,44,670.4952777777767,0 days 00:00:29.491000,10903.0,241.0,6,87.0,False,0,car,1787.9930555555557,0.4215184677644647,OnTrack,8501.417434579806,1958.6916087889174,546.9699328585715
2026-08-22 14:37:33.779,0 days 00:50:58.015000,44,666.5952770002064,0 days 00:00:29.611000,10948.23365387836,242.86915925117194,6,91.85981405304703,False,0,pos,1796.140579889659,0.4234392425475177,OnTrack,8472.0,1915.0,548.0
2026-08-22 14:37:33.979,0 days 00:50:58.215000,44,660.0952757042559,0 days 00:00:29.811000,11023.623077008962,245.98442466979182,6,99.95950414145877,False,0,pos,1809.8590763020768,0.42667337120916277,OnTrack,8399.0,1800.0,551.0
2026-08-22 14:37:33.980,0 days 00:50:58.216000,44,660.0627777777765,0 days 00:00:29.812000,11024.0,246.0,6,100.0,False,0,car,1809.9280555555558,0.42668963303363894,OnTrack,8398.622322794228,1799.399736806839,551.0128273932947
2026-08-22 14:37:34.199,0 days 00:50:58.435000,44,652.2761088355542,0 days 00:00:30.031000,11181.210760228572,249.12857234285715,6,100.0,False,0,pos,1825.12118763764,0.4302714063161942,OnTrack,8318.0,1671.0,553.0
2026-08-22 14:37:34.260,0 days 00:50:58.496000,44,650.1072222222208,0 days 00:00:30.092000,11225.0,250.0,6,100.0,False,0,car,1829.3725000000002,0.43127365107738175,OnTrack,8295.398363741473,1635.0619787591856,553.5126890441777
2026-08-22 14:37:34.420,0 days 00:50:58.656000,44,644.3294444444432,0 days 00:00:30.252000,11323.0,252.0,6,100.0,False,0,car,1840.5725000000002,0.4339140454705776,OnTrack,8235.431133405546,1539.891701604423,554.820935992846
2026-08-22 14:37:34.519,0 days 00:50:58.755000,44,640.6169420444431,0 days 00:00:30.351000,11410.61505664,253.98000128,6,100.0,False,0,pos,1847.5963524188571,0.4355699151621299,OnTrack,8199.0,1482.0,555.0
2026-08-22 14:37:34.620,0 days 00:50:58.856000,44,636.829444444443,0 days 00:00:30.452000,11500.0,256.0,6,100.0,False,0,car,1854.7947222222226,0.4372669272397152,OnTrack,8162.495614102181,1423.7765627330264,554.520616369559
2026-08-22 14:37:34.679,0 days 00:50:58.915000,44,634.6005531377763,0 days 00:00:30.511000,11529.8687824,256.0,6,100.0,False,0,pos,1858.9901931265626,0.43825600740512916,OnTrack,8139.0,1385.0,554.0
2026-08-22 14:37:34.780,0 days 00:50:59.016000,44,630.7849999999985,0 days 00:00:30.612000,11581.0,256.0,6,100.0,False,0,car,1866.1725000000001,0.4399492326550252,OnTrack,8092.172551747569,1304.4580609591758,552.777088813364
2026-08-22 14:37:34.959,0 days 00:50:59.195000,44,623.9730531199984,0 days 00:00:30.791000,11581.0,257.4916672,6,100.0,False,0,pos,1878.9802046384748,0.44296864261191254,OnTrack,8006.0,1149.0,550.0
2026-08-22 14:37:35.020,0 days 00:50:59.256000,44,621.651666666665,0 days 00:00:30.852000,11581.0,258.0,6,100.0,False,0,car,1883.3725000000002,0.444004124044576,OnTrack,7983.119312295461,1105.6777351011951,549.0549998275326
2026-08-22 14:37:35.340,0 days 00:50:59.576000,44,608.940555555554,0 days 00:00:31.172000,11908.0,262.0,6,100.0,False,0,car,1906.6613888888892,0.44949446794153886,OnTrack,7903.488574388282,937.0332792669025,544.2679861384947
2026-08-22 14:37:35.359,0 days 00:50:59.595000,44,608.1699974044429,0 days 00:00:31.191000,11885.7936752,262.1187504,6,98.9312464,False,0,pos,1908.0569168671059,0.4498234629637916,OnTrack,7899.0,927.0,544.0
2026-08-22 14:37:35.500,0 days 00:50:59.736000,44,602.451666666665,0 days 00:00:31.332000,11721.0,263.0,6,91.0,True,0,car,1918.350277777778,0.4522501176455488,OnTrack,7864.392361627366,848.9578980632676,542.0763310109625
2026-08-22 14:37:35.659,0 days 00:50:59.895000,44,596.7099976888875,0 days 00:00:31.491000,11299.6498304,252.39999573333333,6,30.712475733333335,True,0,pos,1929.3435291284793,0.45484177114817237,OnTrack,7823.0,755.0,540.0
2026-08-22 14:37:35.740,0 days 00:50:59.976000,44,593.7849999999987,0 days 00:00:31.572000,11085.0,247.0,6,0.0,True,0,car,1934.8169444444445,0.4561321260688784,OnTrack,7801.1201733848775,705.4479187804862,538.9598220700783
2026-08-22 14:37:35.819,0 days 00:51:00.055000,44,591.063886684443,0 days 00:00:31.651000,11458.7690528,244.0374976,6,0.0,True,0,pos,1940.1358294147376,0.4573860505379511,OnTrack,7778.0,654.0,538.0
2026-08-22 14:37:35.900,0 days 00:51:00.136000,44,588.2738888888873,0 days 00:00:31.732000,11842.0,241.0,5,0.0,True,0,car,1945.5280555555557,0.4586572651512601,OnTrack,7751.20311861066,596.0261803236588,537.1152564898391
2026-08-22 14:37:36.100,0 days 00:51:00.336000,44,582.0516666666654,0 days 00:00:31.932000,11488.0,232.0,5,0.0,True,0,car,1958.4169444444447,0.4616958142545411,OnTrack,7677.984760240665,445.58979829783215,535.3095061358606
2026-08-22 14:37:36.139,0 days 00:51:00.375000,44,580.9683315555543,0 days 00:00:31.971000,11406.29486592,230.43999744,5,0.39000064,True,0,pos,1960.8738474761667,0.4622750279143255,OnTrack,7665.0,421.0,535.0
2026-08-22 14:37:36.300,0 days 00:51:00.536000,44,576.4961111111102,0 days 00:00:32.132000,11069.0,224.0,5,2.0,True,0,car,1970.861388888889,0.46462958580253644,OnTrack,7617.686707002933,340.29228155358106,533.8545458935937
2026-08-22 14:37:36.500,0 days 00:51:00.736000,44,571.3294444444434,0 days 00:00:32.332000,10863.0,219.0,5,3.0,False,0,car,1983.0280555555557,0.46749787137847837,OnTrack,7564.933834042717,274.87377245212497,532.1638648743301
2026-08-22 14:37:36.579,0 days 00:51:00.815000,44,569.5519430044434,0 days 00:00:32.411000,10773.842784914286,217.58928457142858,5,9.207147885714285,False,0,pos,1987.767206692492,0.4686151238865564,OnTrack,7540.0,251.0,531.0
2026-08-22 14:37:36.780,0 days 00:51:01.016000,44,565.0294444444432,0 days 00:00:32.612000,10547.0,214.0,5,25.0,False,0,car,1999.6725000000004,0.4714217908239222,OnTrack,7464.214844647375,192.5453881682287,527.2460431862928
2026-08-22 14:37:36.799,0 days 00:51:01.035000,44,564.6547209599988,0 days 00:00:32.631000,10549.66000896,213.61999872,5,28.04001024,False,0,pos,2000.7884262144878,0.4716848698703466,OnTrack,7456.0,187.0,527.0
2026-08-22 14:37:36.940,0 days 00:51:01.176000,44,561.8738888888878,0 days 00:00:32.772000,10569.4,210.8,5,50.6,False,0,pos,2009.02006714896,0.4736254750998271,OnTrack,7385.0,146.0,526.0
2026-08-22 14:37:36.980,0 days 00:51:01.216000,44,561.0849999999989,0 days 00:00:32.812000,10575.0,210.0,5,57.0,False,0,car,2011.3391666666669,0.4741722016501679,OnTrack,7358.209144057001,135.0508176480996,525.8204006053254
2026-08-22 14:37:37.180,0 days 00:51:01.416000,44,557.4738888888874,0 days 00:00:33.012000,10549.0,207.0,5,62.0,False,0,car,2022.839166666667,0.47688332089318153,OnTrack,7197.442455290549,89.17104625632443,525.0914018969738
2026-08-22 14:37:37.200,0 days 00:51:01.436000,44,557.1572222222208,0 days 00:00:33.032000,10551.125,206.875,5,62.75,False,0,pos,2023.9833642227788,0.47715306489424103,OnTrack,7184.0,86.0,525.0
2026-08-22 14:37:37.340,0 days 00:51:01.576000,44,554.9405555555543,0 days 00:00:33.172000,10566.0,206.0,5,68.0,False,0,car,2031.9947222222224,0.4790417385320638,OnTrack,7111.777320032264,72.02044757563084,524.209490447696
2026-08-22 14:37:37.580,0 days 00:51:01.816000,44,551.5405555555541,0 days 00:00:33.412000,10668.0,209.0,5,71.0,False,0,pos,2045.9602572604367,0.4823341064260711,OnTrack,7020.0,68.0,523.0
2026-08-22 14:37:37.660,0 days 00:51:01.896000,44,550.4072222222208,0 days 00:00:33.492000,10702.0,210.0,5,72.0,False,0,car,2050.661388888889,0.4834423958540569,OnTrack,6975.282817793464,66.78049617019181,522.9454797591836
2026-08-22 14:37:37.760,0 days 00:51:01.996000,44,549.3238888888874,0 days 00:00:33.592000,10755.125,210.9375,5,75.125,False,0,pos,2056.5598983756513,0.4848329665127229,OnTrack,6914.0,66.0,523.0
2026-08-22 14:37:37.960,0 days 00:51:02.196000,44,547.1572222222208,0 days 00:00:33.792000,10861.375,212.8125,5,81.375,False,0,pos,2068.408890173403,0.4876263603973484,OnTrack,6796.0,70.0,523.0
2026-08-22 14:37:37.980,0 days 00:51:02.216000,44,546.940555555554,0 days 00:00:33.812000,10872.0,213.0,5,82.0,False,0,car,2069.5947222222226,0.4879059197092213,OnTrack,6784.642555766277,70.6825719185547,522.999195744894
2026-08-22 14:37:38.120,0 days 00:51:02.356000,44,545.5016666666647,0 days 00:00:33.952000,10927.3,213.7,5,90.4,False,0,pos,2077.902304166369,0.4898644279937158,OnTrack,6701.0,78.0,523.0
2026-08-22 14:37:38.180,0 days 00:51:02.416000,44,544.884999999998,0 days 00:00:34.012000,10951.0,214.0,5,94.0,False,0,car,2081.4836111111117,0.49070871931310983,OnTrack,6655.708585299889,83.97134478827925,522.9997634555168
2026-08-22 14:37:38.379,0 days 00:51:02.615000,44,543.2819444444426,0 days 00:00:34.211000,11074.0,217.0,5,100.0,False,0,car,2093.4788888888893,0.4935366000442947,OnTrack,6481.158514382373,112.69210123998297,522.9979521770742
2026-08-22 14:37:38.420,0 days 00:51:02.656000,44,542.9516671822204,0 days 00:00:34.252000,11114.999936,217.40999936,5,100.0,False,0,pos,2095.9613296370985,0.4941218342079566,OnTrack,6452.0,118.0,523.0
2026-08-22 14:37:38.579,0 days 00:51:02.815000,44,541.6708333333313,0 days 00:00:34.411000,11274.0,219.0,5,100.0,False,0,car,2105.6455555555563,0.4964048856202367,OnTrack,6371.3713022466245,134.50280475583287,523.018156624733
2026-08-22 14:37:38.819,0 days 00:51:03.055000,44,540.137499999998,0 days 00:00:34.651000,11300.0,224.0,5,100.0,False,0,car,2120.5788888888897,0.4999254114778312,OnTrack,6284.636489032418,161.4351349677632,523.0085443159762
2026-08-22 14:37:38.839,0 days 00:51:03.075000,44,540.0319444444425,0 days 00:00:34.671000,11304.75,224.08333333333334,5,100.0,False,0,pos,2121.8274961164625,0.5002197700066693,OnTrack,6274.0,165.0,523.0
2026-08-22 14:37:38.919,0 days 00:51:03.155000,44,539.6097222222205,0 days 00:00:34.751000,11323.75,224.41666666666666,5,100.0,False,0,pos,2126.8203264417402,0.5013968272564051,OnTrack,6227.0,181.0,523.0
2026-08-22 14:37:39.059,0 days 00:51:03.295000,44,538.870833333332,0 days 00:00:34.891000,11357.0,225.0,5,100.0,False,0,car,2135.578888888889,0.5034616539687183,OnTrack,6145.697483646302,210.3596142462902,523.7002911579061
2026-08-22 14:37:39.119,0 days 00:51:03.355000,44,538.6041666666652,0 days 00:00:34.951000,11228.6,224.7,5,100.0,False,0,pos,2139.352556002821,0.5043512941017017,OnTrack,6110.0,225.0,524.0
2026-08-22 14:37:39.259,0 days 00:51:03.495000,44,537.9819444444424,0 days 00:00:35.091000,10929.0,224.0,5,100.0,True,0,car,2148.023333333334,0.5063954255167139,OnTrack,6021.681062039783,266.52213932129575,524.2680774605957
2026-08-22 14:37:39.419,0 days 00:51:03.655000,44,538.2486111111093,0 days 00:00:35.251000,10595.0,206.0,5,0.0,True,0,car,2157.1788888888896,0.5085538431555962,OnTrack,5923.828450734661,318.7761661435818,524.0709377253012
2026-08-22 14:37:39.479,0 days 00:51:03.715000,44,538.8819444444426,0 days 00:00:35.311000,10690.333333333334,201.66666666666666,5,0.0,True,0,pos,2160.402109574141,0.5093137158185758,OnTrack,5895.0,335.0,524.0
2026-08-22 14:37:39.779,0 days 00:51:04.015000,44,542.0486111111095,0 days 00:00:35.611000,11167.0,180.0,4,0.0,True,0,car,2175.1788888888896,0.512797334144661,OnTrack,5805.050302101574,395.9515528124022,523.8463330037068
2026-08-22 14:37:39.859,0 days 00:51:04.095000,44,543.204166666665,0 days 00:00:35.691000,11199.8,174.4,4,0.0,True,0,pos,2178.9393611465357,0.5136838635968803,OnTrack,5776.0,421.0,524.0
2026-08-22 14:37:39.979,0 days 00:51:04.215000,44,544.9374999999982,0 days 00:00:35.811000,11249.0,166.0,3,0.0,True,0,car,2184.4011111111117,0.514971468416836,OnTrack,5719.535714992152,471.8486168682681,524.4445832604052
2026-08-22 14:37:40.119,0 days 00:51:04.355000,44,547.6986116616114,0 days 00:00:35.951000,11229.8099650213,158.58566830368466,3,0.0,True,0,pos,2190.3540929677115,0.516374880909422,OnTrack,5657.0,530.0,525.0
2026-08-22 14:37:40.300,0 days 00:51:04.536000,44,551.2683333333316,0 days 00:00:36.132000,11205.0,149.0,3,0.0,True,0,car,2197.686944444445,0.5181035969741814,OnTrack,5622.365532641374,565.4921415231493,525.2433536505993
2026-08-22 14:37:40.419,0 days 00:51:04.655000,44,553.7805569066646,0 days 00:00:36.251000,11555.3064384,146.0249984,3,0.0,True,0,pos,2202.5071729319916,0.5192399634270779,OnTrack,5605.0,591.0,525.0
2026-08-22 14:37:40.460,0 days 00:51:04.696000,44,554.6461111111089,0 days 00:00:36.292000,11676.0,145.0,3,0.0,True,0,car,2204.13138888889,0.519622871525822,OnTrack,5596.919635447899,603.754715022022,524.8272811263791
2026-08-22 14:37:40.739,0 days 00:51:04.975000,44,561.5436126933308,0 days 00:00:36.571000,10990.4569856,134.0392832,3,0.0,True,0,pos,2214.5176790958535,0.5220714342426588,OnTrack,5531.0,718.0,523.0
2026-08-22 14:37:40.740,0 days 00:51:04.976000,44,561.5683333333309,0 days 00:00:36.572000,10988.0,134.0,2,0.0,True,0,car,2214.5536111111123,0.5220799051972682,OnTrack,5530.831916167625,718.341183710947,522.9946508625103
2026-08-22 14:37:40.940,0 days 00:51:05.176000,44,566.95722222222,0 days 00:00:36.772000,10635.0,127.0,2,0.0,True,0,car,2221.6091666666675,0.5237432488874262,OnTrack,5511.904130935732,769.5541426914784,522.2538727482223
2026-08-22 14:37:41.099,0 days 00:51:05.335000,44,571.5947240888868,0 days 00:00:36.931000,10341.3467568,124.0187488,2,0.0,True,0,pos,2227.0331275496474,0.5250219449503131,OnTrack,5510.0,809.0,522.0
2026-08-22 14:37:41.260,0 days 00:51:05.496000,44,576.2905555555535,0 days 00:00:37.092000,10044.0,121.0,2,0.0,True,0,car,2232.364722222223,0.5262788657253364,OnTrack,5514.273144380232,864.2846190074235,521.946227688302
2026-08-22 14:37:41.359,0 days 00:51:05.595000,44,579.3980575644424,0 days 00:00:37.191000,9918.874919111111,119.07499875555555,2,0.0,True,0,pos,2235.566125965903,0.5270335950552623,OnTrack,5521.0,898.0,522.0
2026-08-22 14:37:41.620,0 days 00:51:05.856000,44,587.5905555555537,0 days 00:00:37.452000,9589.0,114.0,2,0.0,False,0,car,2243.764722222223,0.5289664100184108,OnTrack,5555.320694494983,968.8562915536265,522.1370218602403
2026-08-22 14:37:41.659,0 days 00:51:05.895000,44,588.8797243377759,0 days 00:00:37.491000,9604.6000256,113.5124992,2,4.265632,False,0,pos,2244.967934433532,0.5292500666948897,OnTrack,5562.0,979.0,522.0
2026-08-22 14:37:41.839,0 days 00:51:06.075000,44,594.8297243377755,0 days 00:00:37.671000,9676.6000256,111.2624992,2,23.953132,False,0,pos,2250.4603033465687,0.5305448899166171,OnTrack,5596.0,1026.0,521.0
2026-08-22 14:37:41.940,0 days 00:51:06.176000,44,598.1683333333308,0 days 00:00:37.772000,9717.0,110.0,2,35.0,False,0,car,2253.542500000001,0.5312715162346929,OnTrack,5614.702487269319,1049.5708475309957,521.1173158273504
2026-08-22 14:37:42.100,0 days 00:51:06.336000,44,603.3683333333311,0 days 00:00:37.932000,9846.0,111.0,2,46.0,False,0,car,2258.4758333333343,0.5324345470983626,OnTrack,5648.765960583515,1086.8609088179267,521.9467400265318
2026-08-22 14:37:42.119,0 days 00:51:06.355000,44,603.9541686399978,0 days 00:00:37.951000,9890.606968436363,111.30227374545454,2,46.56136552727273,False,0,pos,2259.0723608359663,0.5325751781584819,OnTrack,5654.0,1092.0,522.0
2026-08-22 14:37:42.339,0 days 00:51:06.575000,44,610.7375019733311,0 days 00:00:38.171000,10407.106968436363,114.80227374545454,2,53.06136552727273,False,0,pos,2266.1804392984614,0.5342509040976577,OnTrack,5725.0,1156.0,522.0
2026-08-22 14:37:42.540,0 days 00:51:06.776000,44,616.9349999999977,0 days 00:00:38.372000,10879.0,118.0,2,59.0,False,0,car,2272.8980555555563,0.5358345787673786,OnTrack,5766.125206967415,1188.5346945261556,521.9769264894232
2026-08-22 14:37:42.699,0 days 00:51:06.935000,44,621.6608352355536,0 days 00:00:38.531000,11098.6188384,122.968752,2,66.9500032,False,0,pos,2278.3299085202434,0.5371151353845773,OnTrack,5800.0,1211.0,522.0
2026-08-22 14:37:42.700,0 days 00:51:06.936000,44,621.6905555555536,0 days 00:00:38.532000,11100.0,123.0,2,67.0,False,0,car,2278.364722222223,0.5371233426973908,OnTrack,5800.2695087275215,1211.1753722141414,522.0000839182749
2026-08-22 14:37:42.819,0 days 00:51:07.055000,44,624.996112888887,0 days 00:00:38.651000,11009.899951542857,125.9750016,2,67.0,False,0,pos,2282.577500020444,0.5381165029543733,OnTrack,5836.0,1234.0,522.0
2026-08-22 14:37:42.980,0 days 00:51:07.216000,44,629.4683333333314,0 days 00:00:38.812000,10888.0,130.0,2,67.0,False,0,car,2288.4758333333343,0.5395070320801372,OnTrack,5884.9132413763755,1262.369633783704,521.9397298919885
2026-08-22 14:37:43.079,0 days 00:51:07.315000,44,632.1358350577756,0 days 00:00:38.911000,10342.2621472,133.7125024,2,69.4750016,False,0,pos,2292.200010207143,0.5403850049137867,OnTrack,5917.0,1279.0,522.0
2026-08-22 14:37:43.140,0 days 00:51:07.376000,44,633.7794444444421,0 days 00:00:38.972000,10006.0,136.0,2,71.0,False,0,car,2294.520277777779,0.5409320068320207,OnTrack,5938.255907992883,1289.319613031742,522.110018255675
2026-08-22 14:37:43.300,0 days 00:51:07.536000,44,637.9572222222205,0 days 00:00:39.132000,10150.0,139.0,3,71.0,False,0,car,2300.6980555555565,0.5423884148504897,OnTrack,5999.03624056311,1316.5103600860996,522.6391326341605
2026-08-22 14:37:43.439,0 days 00:51:07.675000,44,641.3550015644422,0 days 00:00:39.271000,10503.5814128,144.2125024,3,72.7375008,False,0,pos,2306.284690307295,0.5437054611965007,OnTrack,6052.0,1338.0,523.0
2026-08-22 14:37:43.460,0 days 00:51:07.696000,44,641.8683333333311,0 days 00:00:39.292000,10557.0,145.0,3,73.0,False,0,car,2307.1425000000013,0.5439076894021303,OnTrack,6059.805157693582,1340.9912387345228,523.0326234555505
2026-08-22 14:37:43.740,0 days 00:51:07.976000,44,647.7016666666646,0 days 00:00:39.572000,11268.0,152.0,3,80.0,False,0,car,2318.9647222222234,0.5466947723727259,OnTrack,6162.448602745594,1375.5302874448153,523.0199717712386
2026-08-22 14:37:43.820,0 days 00:51:08.056000,44,648.1683333333312,0 days 00:00:39.652000,11134.461538461539,155.07692307692307,3,82.15384615384616,False,0,pos,2322.563632334903,0.5475432136301488,OnTrack,6196.0,1385.0,523.0
2026-08-22 14:37:43.900,0 days 00:51:08.136000,44,648.6349999999978,0 days 00:00:39.732000,11000.923076923076,158.15384615384616,3,84.3076923076923,False,0,pos,2326.2743467890637,0.5484180127051055,OnTrack,6230.0,1394.0,523.0
2026-08-22 14:37:44.140,0 days 00:51:08.376000,44,650.0349999999978,0 days 00:00:39.972000,10600.307692307691,167.3846153846154,3,90.76923076923077,False,0,pos,2337.918726137086,0.5511631693071379,OnTrack,6272.0,1403.0,523.0
2026-08-22 14:37:44.260,0 days 00:51:08.496000,44,650.7349999999979,0 days 00:00:40.092000,10400.0,172.0,3,94.0,False,0,car,2343.809166666668,0.5525518377131882,OnTrack,6320.618085281622,1412.9806511436868,522.9978096655273
2026-08-22 14:37:44.360,0 days 00:51:08.596000,44,650.7905555555532,0 days 00:00:40.192000,10590.625,175.75,3,97.75,False,0,pos,2348.73379448908,0.5537128162570162,OnTrack,6374.0,1423.0,523.0
2026-08-22 14:37:44.420,0 days 00:51:08.656000,44,650.8238888888864,0 days 00:00:40.252000,10705.0,178.0,4,100.0,False,0,car,2351.7202777777793,0.554416878197271,OnTrack,6408.001259271064,1428.5385659040899,523.0048218541168
2026-08-22 14:37:44.660,0 days 00:51:08.896000,44,650.0905555555532,0 days 00:00:40.492000,11057.0,184.0,4,100.0,False,0,car,2363.9869444444457,0.5573087387231521,OnTrack,6552.341624816424,1448.339908297448,523.0074526916378
2026-08-22 14:37:44.680,0 days 00:51:08.916000,44,649.9238888888865,0 days 00:00:40.512000,11078.5,184.4,4,100.0,False,0,pos,2365.0231390334,0.5575530210787714,OnTrack,6564.0,1450.0,523.0
2026-08-22 14:37:44.860,0 days 00:51:09.096000,44,648.4238888888858,0 days 00:00:40.692000,11272.0,188.0,4,100.0,False,0,car,2374.4313888888905,0.5597710112723626,OnTrack,6664.463750281432,1465.3616348116268,522.8671660435429
2026-08-22 14:37:45.060,0 days 00:51:09.296000,44,645.479445232912,0 days 00:00:40.892000,10997.523086052395,190.51045957878907,4,38.91215024946604,False,0,pos,2385.0621904983286,0.5622772174299286,OnTrack,6761.0,1482.0,523.0
2026-08-22 14:37:45.099,0 days 00:51:09.335000,44,644.9052777777752,0 days 00:00:40.931000,10944.0,191.0,4,27.0,True,0,car,2387.111666666668,0.5627603804106314,OnTrack,6777.208178725752,1485.0137181544512,523.1169012010569
2026-08-22 14:37:45.299,0 days 00:51:09.535000,44,641.516388888886,0 days 00:00:41.131000,10747.0,185.0,4,0.0,True,0,car,2397.389444444446,0.5651833613766096,OnTrack,6849.466277218946,1500.0262018421813,524.157111839189
2026-08-22 14:37:45.439,0 days 00:51:09.675000,44,639.3386111111081,0 days 00:00:41.271000,11309.333333333334,180.33333333333334,4,0.0,True,0,pos,2404.361809760191,0.5668270930093781,OnTrack,6920.0,1519.0,525.0
2026-08-22 14:37:45.539,0 days 00:51:09.775000,44,637.7830555555524,0 days 00:00:41.371000,11711.0,177.0,4,0.0,True,0,car,2409.189444444446,0.5679652054694411,OnTrack,6988.835024645171,1539.2502334455444,525.5714933562336
2026-08-22 14:37:45.639,0 days 00:51:09.875000,44,636.3663888888858,0 days 00:00:41.471000,11450.444444444445,172.83333333333334,4,0.0,True,0,pos,2413.8633337062597,0.5690670725231295,OnTrack,7056.0,1560.0,526.0
2026-08-22 14:37:45.899,0 days 00:51:10.135000,44,632.6830555555525,0 days 00:00:41.731000,10773.0,162.0,3,0.0,True,0,car,2425.389444444446,0.5717843473595993,OnTrack,7145.93624782669,1593.348722098399,525.9542191142552
2026-08-22 14:37:46.059,0 days 00:51:10.295000,44,630.7719444444416,0 days 00:00:41.891000,11781.0,153.2,3,0.0,True,0,pos,2432.1407312994115,0.5733759598559125,OnTrack,7185.0,1612.0,526.0
2026-08-22 14:37:46.099,0 days 00:51:10.335000,44,630.2941666666638,0 days 00:00:41.931000,12033.0,151.0,3,0.0,True,0,car,2433.7783333333346,0.573762023715614,OnTrack,7196.586650904875,1617.5308181488936,526.0967998493037
2026-08-22 14:37:46.299,0 days 00:51:10.535000,44,628.4052777777748,0 days 00:00:42.131000,11899.875,144.125,3,0.0,True,0,pos,2441.641811377907,0.5756158347281057,OnTrack,7269.0,1659.0,527.0
2026-08-22 14:37:46.419,0 days 00:51:10.655000,44,627.2719444444415,0 days 00:00:42.251000,11820.0,140.0,2,0.0,True,0,car,2446.222777777779,0.5766957952636094,OnTrack,7328.587297757984,1707.5733321320158,527.7132167704486
2026-08-22 14:37:46.479,0 days 00:51:10.715000,44,626.7052777777748,0 days 00:00:42.311000,11713.5,138.92857142857142,2,0.0,True,0,pos,2448.499016757476,0.5772324174635707,OnTrack,7355.0,1731.0,528.0
2026-08-22 14:37:46.699,0 days 00:51:10.935000,44,624.6274999999969,0 days 00:00:42.531000,11323.0,135.0,2,0.0,True,0,car,2456.722777777779,0.5791711650072304,OnTrack,7403.4538824244255,1782.947662004411,528.2584914142298
2026-08-22 14:37:46.859,0 days 00:51:11.095000,44,623.3386111111076,0 days 00:00:42.691000,10891.0,130.0,2,0.0,True,0,car,2462.5005555555567,0.5805332732259426,OnTrack,7413.223447058148,1809.8579935678772,528.0383783858795
2026-08-22 14:37:46.939,0 days 00:51:11.175000,44,622.7830554290199,0 days 00:00:42.771000,10770.003531160946,128.2918145575663,2,0.0,True,0,pos,2465.3114614311608,0.5811959428789557,OnTrack,7422.0,1832.0,528.0
2026-08-22 14:37:46.999,0 days 00:51:11.235000,44,622.3663886674541,0 days 00:00:42.831000,10679.256179531656,127.01067547574104,2,0.0,True,0,pos,2467.3844472743563,0.5816846482537367,OnTrack,7430.0,1852.0,528.0
2026-08-22 14:37:47.140,0 days 00:51:11.376000,44,621.387222222219,0 days 00:00:42.972000,10466.0,124.0,2,0.0,True,0,car,2472.1794444444454,0.5828150664361736,OnTrack,7445.658609909915,1899.28215176582,528.0114606705525
2026-08-22 14:37:47.179,0 days 00:51:11.415000,44,621.192221902219,0 days 00:00:43.011000,10439.796832,123.390624,2,0.0,True,0,pos,2473.491326436786,0.58312434195913,OnTrack,7449.0,1912.0,528.0
2026-08-22 14:37:47.460,0 days 00:51:11.696000,44,619.787222222219,0 days 00:00:43.292000,10251.0,119.0,2,0.0,False,0,car,2482.7572222222234,0.5853087722519698,OnTrack,7459.471676307986,2003.1107297450856,527.8445665892023
2026-08-22 14:37:47.519,0 days 00:51:11.755000,44,619.590555342219,0 days 00:00:43.351000,10172.0874144,118.2624992,2,0.7375008,False,0,pos,2484.660294757778,0.5857574206495344,OnTrack,7458.0,2027.0,528.0
2026-08-22 14:37:47.719,0 days 00:51:11.955000,44,618.9238886755522,0 days 00:00:43.551000,9904.5874144,115.7624992,2,3.2375008,False,0,pos,2491.005943638966,0.587253404196595,OnTrack,7445.0,2117.0,529.0
2026-08-22 14:37:47.860,0 days 00:51:12.096000,44,618.4538888888856,0 days 00:00:43.692000,9716.0,114.0,2,5.0,False,0,car,2495.42388888889,0.5882949325776079,OnTrack,7435.867248357146,2156.866082614629,529.2002984021158
2026-08-22 14:37:48.059,0 days 00:51:12.295000,44,617.7905553422188,0 days 00:00:43.891000,9868.311587446155,113.61730756923077,2,22.986544246153844,False,0,pos,2501.6076695970996,0.5897527557839212,OnTrack,7420.0,2196.0,529.0
2026-08-22 14:37:48.239,0 days 00:51:12.475000,44,617.1905553422187,0 days 00:00:44.071000,10006.080818215385,113.27115372307692,2,39.255775015384614,False,0,pos,2507.210008328626,0.5910735043353057,OnTrack,7396.0,2246.0,529.0
2026-08-22 14:37:48.380,0 days 00:51:12.616000,44,616.720555555552,0 days 00:00:44.212000,10114.0,113.0,2,52.0,False,0,car,2511.7461111111124,0.5921428882954698,OnTrack,7372.611378922015,2284.3422279658853,529.0251948883531
2026-08-22 14:37:48.459,0 days 00:51:12.695000,44,616.1938884622186,0 days 00:00:44.291000,10258.833450666667,114.75555697777777,2,53.09722311111111,False,0,pos,2514.3491104480295,0.5927565440860671,OnTrack,7358.0,2305.0,529.0
2026-08-22 14:37:48.740,0 days 00:51:12.976000,44,614.3205555555519,0 days 00:00:44.572000,10774.0,121.0,2,57.0,False,0,car,2523.8461111111124,0.5949954572381189,OnTrack,7297.528688917076,2374.2083404520167,528.8603641332627
2026-08-22 14:37:48.779,0 days 00:51:13.015000,44,614.0063883733297,0 days 00:00:44.611000,10837.6188544,121.4875008,2,58.7062528,False,0,pos,2525.1674916766888,0.5953069720449605,OnTrack,7288.0,2383.0,529.0
2026-08-22 14:37:48.900,0 days 00:51:13.136000,44,613.0316666666631,0 days 00:00:44.732000,11035.0,123.0,2,64.0,False,0,car,2529.312777777779,0.5962842211681311,OnTrack,7256.571948170239,2408.8450154559146,529.7594696364489
2026-08-22 14:37:48.959,0 days 00:51:13.195000,44,612.392499306663,0 days 00:00:44.791000,11202.9043488,124.9666688,2,65.229168,False,0,pos,2531.406863204859,0.5967779007592501,OnTrack,7240.0,2421.0,530.0
2026-08-22 14:37:49.059,0 days 00:51:13.295000,44,611.3091659733295,0 days 00:00:44.891000,11487.487682133333,128.30000213333332,2,67.31250133333333,False,0,pos,2535.0630737313977,0.5976398505605552,OnTrack,7210.0,2441.0,530.0
2026-08-22 14:37:49.140,0 days 00:51:13.376000,44,610.4316666666627,0 days 00:00:44.972000,11718.0,131.0,2,69.0,False,0,car,2538.0461111111126,0.5983431001294922,OnTrack,7184.647458644457,2455.5803744771206,529.970508511286
2026-08-22 14:37:49.300,0 days 00:51:13.536000,44,608.5205555555517,0 days 00:00:45.132000,11018.0,134.0,2,72.0,False,0,car,2544.001666666668,0.5997471193703185,OnTrack,7131.639710758392,2480.3033998660735,529.9933989765696
2026-08-22 14:37:49.319,0 days 00:51:13.555000,44,608.1299986844406,0 days 00:00:45.151000,11038.135937391304,134.6815240347826,2,72.55761057391304,False,0,pos,2544.735938929621,0.5999202236887277,OnTrack,7125.0,2483.0,530.0
2026-08-22 14:37:50.059,0 days 00:51:14.295000,44,592.9188875733296,0 days 00:00:45.891000,11822.375067826088,161.22500229565216,2,94.27500187826087,False,0,pos,2578.5138627621295,0.6078833523227589,OnTrack,6785.0,2561.0,531.0
2026-08-22 14:37:50.220,0 days 00:51:14.456000,44,589.6094444444407,0 days 00:00:46.052000,11993.0,167.0,3,99.0,False,0,car,2586.679444444446,0.6098083841166134,OnTrack,6676.92026730949,2576.650308542735,531.5131570343626
2026-08-22 14:37:50.400,0 days 00:51:14.636000,44,584.9594444444406,0 days 00:00:46.232000,11820.363636363636,176.8181818181818,3,99.4090909090909,False,0,pos,2596.037044815386,0.6120144337195775,OnTrack,6565.0,2592.0,532.0
2026-08-22 14:37:50.660,0 days 00:51:14.896000,44,578.2427777777739,0 days 00:00:46.492000,11571.0,191.0,4,100.0,False,0,car,2610.0238888888903,0.615311825207987,OnTrack,6470.510402816958,2605.2136783153996,532.0800467471689
2026-08-22 14:37:50.840,0 days 00:51:15.076000,44,573.1927777777743,0 days 00:00:46.672000,10935.9375,197.75,4,100.0,False,0,pos,2620.0733609451977,0.6176809832144201,OnTrack,6397.0,2613.0,532.0
2026-08-22 14:37:50.880,0 days 00:51:15.116000,44,572.0705555555521,0 days 00:00:46.712000,10794.8125,199.25,4,100.0,False,0,pos,2622.3437757178076,0.6182162323604763,OnTrack,6375.0,2615.0,532.0
2026-08-22 14:37:50.980,0 days 00:51:15.216000,44,569.2649999999967,0 days 00:00:46.812000,10442.0,203.0,5,100.0,False,0,car,2628.0683333333345,0.6195657939525803,OnTrack,6304.836204486646,2620.9289371996074,532.2776096235106
2026-08-22 14:37:51.140,0 days 00:51:15.376000,44,564.6427777777744,0 days 00:00:46.972000,10890.0,210.0,5,100.0,False,0,car,2637.401666666668,0.6217661226135768,OnTrack,6157.527116745962,2632.4951990553673,533.4277030624677
2026-08-22 14:37:51.260,0 days 00:51:15.496000,44,561.0094444444413,0 days 00:00:47.092000,11058.75,214.5,5,100.0,False,0,pos,2644.6525106161143,0.6234755054448318,OnTrack,6074.0,2639.0,534.0
2026-08-22 14:37:51.460,0 days 00:51:15.696000,44,554.953888888886,0 days 00:00:47.292000,11340.0,222.0,5,100.0,False,0,car,2657.135000000001,0.6264182460682551,OnTrack,6012.938401977248,2643.818716097937,533.9814562847212
2026-08-22 14:37:51.620,0 days 00:51:15.856000,44,549.9316666666641,0 days 00:00:47.452000,11646.0,229.0,5,100.0,False,0,car,2667.3127777777786,0.6288176520842942,OnTrack,5941.260178003312,2642.478124545235,533.9506760096428
2026-08-22 14:37:51.640,0 days 00:51:15.876000,44,549.3150002482154,0 days 00:00:47.472000,11528.51577055969,229.37735833867336,5,100.0,False,0,pos,2668.5941053464117,0.6291197244171574,OnTrack,5925.0,2642.0,534.0
2026-08-22 14:37:51.779,0 days 00:51:16.015000,44,545.029166666664,0 days 00:00:47.611000,10712.0,232.0,5,100.0,False,0,car,2677.559444444445,0.6312332986214024,OnTrack,5772.014490039073,2636.858250625312,534.6474632995493
2026-08-22 14:37:51.840,0 days 00:51:16.076000,44,543.1313908799973,0 days 00:00:47.672000,10728.992839314285,233.30714148571428,5,100.0,False,0,pos,2681.537603669629,0.6321711476672432,OnTrack,5705.0,2634.0,535.0
2026-08-22 14:37:52.059,0 days 00:51:16.295000,44,536.3180555555527,0 days 00:00:47.891000,10790.0,238.0,6,100.0,False,0,car,2696.0705555555564,0.6355972837990457,OnTrack,5535.144985600572,2621.990909783078,536.2927225824033
2026-08-22 14:37:52.259,0 days 00:51:16.495000,44,529.818055555553,0 days 00:00:48.091000,11105.625,244.25,6,100.0,False,0,pos,2709.7357174872604,0.6388188388835622,OnTrack,5435.0,2611.0,537.0
2026-08-22 14:37:52.379,0 days 00:51:16.615000,44,525.9180555555531,0 days 00:00:48.211000,11295.0,248.0,6,100.0,False,0,car,2718.1150000000007,0.6407942505412089,OnTrack,5382.535856321578,2605.3907664310223,536.9925029542218
2026-08-22 14:37:52.539,0 days 00:51:16.775000,44,520.5402777777749,0 days 00:00:48.371000,11507.0,256.0,6,100.0,False,0,car,2729.492777777779,0.6434765559565191,OnTrack,5312.909401783868,2597.3979699832685,536.7855130623013
2026-08-22 14:37:52.619,0 days 00:51:16.855000,44,517.9180555555527,0 days 00:00:48.451000,11401.888888888889,257.55555555555554,6,100.0,False,0,pos,2735.2638943682814,0.6448370938036656,OnTrack,5267.0,2591.0,537.0
2026-08-22 14:37:52.799,0 days 00:51:17.035000,44,512.0180555555526,0 days 00:00:48.631000,11165.388888888889,261.05555555555554,6,100.0,False,0,pos,2748.427282761471,0.6479403560276692,OnTrack,5139.0,2571.0,538.0
2026-08-22 14:37:52.899,0 days 00:51:17.135000,44,508.74027777777474,0 days 00:00:48.731000,11034.0,263.0,6,100.0,False,0,car,2755.792777777779,0.6496767677905415,OnTrack,5067.100934956955,2558.7732887290945,537.9828849126039
2026-08-22 14:37:52.959,0 days 00:51:17.195000,44,506.79027777777486,0 days 00:00:48.791000,10827.9,264.2,6,100.0,False,0,pos,2760.224527471098,0.6507215505621744,OnTrack,5024.0,2551.0,538.0
2026-08-22 14:37:53.099,0 days 00:51:17.335000,44,502.2402777777752,0 days 00:00:48.931000,10347.0,267.0,7,100.0,False,0,car,2770.626111111112,0.6531737186981966,OnTrack,4921.942136097871,2531.133930917533,538.664779752867
2026-08-22 14:37:53.159,0 days 00:51:17.395000,44,500.25694412789977,0 days 00:00:48.991000,10406.551131698934,268.04738171329785,7,100.0,False,0,pos,2775.1272343979235,0.6542348562597663,OnTrack,4878.0,2522.0,539.0
2026-08-22 14:37:53.399,0 days 00:51:17.635000,44,492.32360952839804,0 days 00:00:49.231000,10644.755658494669,272.23690856648915,7,100.0,False,0,pos,2793.383269338145,0.6585387073578152,OnTrack,4702.0,2482.0,540.0
2026-08-22 14:37:53.500,0 days 00:51:17.736000,44,488.98499999999694,0 days 00:00:49.332000,10745.0,274.0,7,100.0,False,0,car,2801.146666666668,0.6603689243915994,OnTrack,4626.924648595603,2463.2347175224368,540.4871500893036
2026-08-22 14:37:53.579,0 days 00:51:17.815000,44,486.3516645333301,0 days 00:00:49.411000,10777.5875264,275.64583466666664,7,100.0,False,0,pos,2807.2459774052336,0.6618068338448555,OnTrack,4568.0,2448.0,541.0
2026-08-22 14:37:53.740,0 days 00:51:17.976000,44,480.9849999999965,0 days 00:00:49.572000,10844.0,279.0,7,100.0,False,0,car,2819.7466666666683,0.6647538650802999,OnTrack,4448.049157410888,2415.997238610175,542.551128585806
2026-08-22 14:37:53.779,0 days 00:51:18.015000,44,479.72833127110766,0 days 00:00:49.611000,10856.320474763636,279.3545460363636,7,100.0,False,0,pos,2822.788158938765,0.6654708953608528,OnTrack,4419.0,2408.0,543.0
2026-08-22 14:37:53.999,0 days 00:51:18.235000,44,472.63944238221916,0 days 00:00:49.831000,10925.820474763636,281.3545460363636,7,100.0,False,0,pos,2840.0415440180504,0.6695383722561201,OnTrack,4255.0,2361.0,546.0
2026-08-22 14:37:54.180,0 days 00:51:18.416000,44,466.8072222222195,0 days 00:00:50.012000,10983.0,283.0,7,100.0,False,0,car,2854.3355555555568,0.6729081783203976,OnTrack,4119.174235664737,2320.147204942364,549.1216546801882
2026-08-22 14:37:54.239,0 days 00:51:18.475000,44,464.9061090488861,0 days 00:00:50.071000,11011.446459428571,283.63214354285714,7,100.0,False,0,pos,2859.01146410549,0.6740105214202495,OnTrack,4074.0,2306.0,550.0
2026-08-22 14:37:54.460,0 days 00:51:18.696000,44,457.7849999999971,0 days 00:00:50.292000,11118.0,286.0,7,100.0,False,0,car,2876.5800000000013,0.6781522949624395,OnTrack,3899.524170931388,2248.5766583020836,552.0747850710371
2026-08-22 14:37:54.599,0 days 00:51:18.835000,44,453.4605535644415,0 days 00:00:50.431000,11140.1531352,286.4343752,7,100.0,False,0,pos,2887.6449456247406,0.6807608503542767,OnTrack,3791.0,2212.0,553.0
2026-08-22 14:37:54.779,0 days 00:51:19.015000,44,447.8605535644414,0 days 00:00:50.611000,11168.8406352,286.9968752,7,100.0,False,0,pos,2902.0110898803164,0.6841476616707289,OnTrack,3655.0,2166.0,554.0
2026-08-22 14:37:54.780,0 days 00:51:19.016000,44,447.8294444444414,0 days 00:00:50.612000,11169.0,287.0,7,100.0,False,0,car,2902.0911111111122,0.6841665266358299,OnTrack,3654.2399879096665,2165.7393827347855,554.001377073714
2026-08-22 14:37:54.999,0 days 00:51:19.235000,44,441.1986091733307,0 days 00:00:50.831000,11181.04500352,288.09500032,7,100.0,False,0,pos,2919.6737782318414,0.6883116316075266,OnTrack,3486.0,2107.0,553.0
2026-08-22 14:37:55.099,0 days 00:51:19.335000,44,438.1708313955531,0 days 00:00:50.931000,11186.54500352,288.59500032,7,100.0,False,0,pos,2927.709387505153,0.6902060224710234,OnTrack,3410.0,2080.0,552.0
2026-08-22 14:37:55.180,0 days 00:51:19.416000,44,435.718333333331,0 days 00:00:51.012000,11191.0,289.0,7,100.0,False,0,car,2934.202222222223,0.6917367050052108,OnTrack,3348.154289911728,2057.457597019032,551.0862083304675
2026-08-22 14:37:55.319,0 days 00:51:19.555000,44,431.62555367110866,0 days 00:00:51.151000,11264.843784,288.1312496,7,100.0,False,0,pos,2945.31997946073,0.694357710708556,OnTrack,3245.0,2019.0,549.0
2026-08-22 14:37:55.340,0 days 00:51:19.576000,44,431.00722222221975,0 days 00:00:51.172000,11276.0,288.0,7,100.0,False,0,car,2947.002222222223,0.6947542985974345,OnTrack,3230.360204851794,2013.5135814808016,548.5743428194274
2026-08-22 14:37:55.519,0 days 00:51:19.755000,44,426.03499822221966,0 days 00:00:51.351000,11079.99492992,285.31499904,7,100.0,False,0,pos,2961.236515180385,0.6981100260365274,OnTrack,3096.0,1962.0,544.0
2026-08-22 14:37:55.540,0 days 00:51:19.776000,44,425.4516666666641,0 days 00:00:51.372000,11057.0,285.0,7,100.0,False,0,car,2962.8355555555563,0.6984869990044823,OnTrack,3074.5071623935737,1953.4697533132407,543.4140933884357
2026-08-22 14:37:55.739,0 days 00:51:19.975000,44,422.6877768888862,0 days 00:00:51.571000,10425.589380266667,265.92916053333335,7,58.541653333333336,False,0,pos,2976.937097706337,0.701811430507191,OnTrack,2836.0,1857.0,538.0
2026-08-22 14:37:56.020,0 days 00:51:20.256000,44,418.7849999999971,0 days 00:00:51.852000,9534.0,239.0,7,0.0,True,0,car,2994.7022222222226,0.7059995497184561,OnTrack,2672.2642082973516,1789.070177624653,533.8304816296181
2026-08-22 14:37:56.179,0 days 00:51:20.415000,44,417.6366662044414,0 days 00:00:52.011000,9544.158337422223,226.1916615111111,7,0.4416668444444445,True,0,pos,3004.3825244985273,0.7082816761340629,OnTrack,2614.0,1763.0,532.0
2026-08-22 14:37:56.380,0 days 00:51:20.616000,44,416.18499999999676,0 days 00:00:52.212000,9557.0,210.0,7,1.0,True,0,car,3015.702222222223,0.7109502892056985,OnTrack,2523.8774574902923,1721.1850476991212,529.1960117821166
2026-08-22 14:37:56.619,0 days 00:51:20.855000,44,417.3136114133305,0 days 00:00:52.451000,10084.972868654546,182.8409018181818,7,0.4568180363636364,True,0,pos,3026.855802047924,0.7135797400660417,OnTrack,2413.0,1668.0,526.0
2026-08-22 14:37:56.820,0 days 00:51:21.056000,44,418.2627777777752,0 days 00:00:52.652000,10529.0,160.0,5,0.0,True,0,car,3035.2577777777788,0.7155605016382627,OnTrack,2336.4371793667992,1629.5780613501545,524.26143873194
2026-08-22 14:37:57.020,0 days 00:51:21.256000,44,419.59611111110826,0 days 00:00:52.852000,10149.0,148.0,4,2.0,True,0,pos,3043.480000000001,0.7174988864110453,OnTrack,2268.0,1596.0,523.0
2026-08-22 14:37:57.220,0 days 00:51:21.456000,44,421.04055555555306,0 days 00:00:53.052000,10875.0,144.0,3,1.0,True,0,pos,3051.480000000001,0.7193848824061853,OnTrack,2202.0,1567.0,522.0
2026-08-22 14:37:57.400,0 days 00:51:21.636000,44,422.84055555555346,0 days 00:00:53.232000,11091.0,136.5,3,1.0,True,0,pos,3058.2223673797193,0.7209743921406739,OnTrack,2151.0,1550.0,522.0
2026-08-22 14:37:57.460,0 days 00:51:21.696000,44,423.4405555555536,0 days 00:00:53.292000,11163.0,134.0,2,1.0,True,0,car,3060.4133333333343,0.7214909112674248,OnTrack,2130.4360571679504,1546.2668795305497,521.8778182675583
2026-08-22 14:37:57.660,0 days 00:51:21.896000,44,425.884999999998,0 days 00:00:53.492000,10745.5,130.25,2,0.37500000000000006,True,0,pos,3067.6075902924404,0.7231869537440349,OnTrack,2054.0,1543.0,521.0
2026-08-22 14:37:57.780,0 days 00:51:22.016000,44,427.35166666666464,0 days 00:00:53.612000,10495.0,128.0,2,0.0,True,0,car,3071.791111111112,0.7241732166827348,OnTrack,2016.6994661424176,1551.0407676350867,520.5466914175144
2026-08-22 14:37:58.060,0 days 00:51:22.296000,44,431.62944444444247,0 days 00:00:53.892000,9924.0,120.0,2,0.0,False,0,car,3081.1244444444455,0.7263735453437314,OnTrack,1948.8877428013557,1595.8268820155608,519.9984876698899
2026-08-22 14:37:58.080,0 days 00:51:22.316000,44,431.9794444444425,0 days 00:00:53.912000,9907.9,119.7,2,0.0,False,0,pos,3081.7804040858828,0.726528187500822,OnTrack,1944.0,1600.0,520.0
2026-08-22 14:37:58.240,0 days 00:51:22.476000,44,434.77944444444245,0 days 00:00:54.072000,9779.1,117.3,2,0.0,False,0,pos,3086.9842921075774,0.727755001496831,OnTrack,1903.0,1638.0,520.0
2026-08-22 14:37:58.260,0 days 00:51:22.496000,44,435.12944444444247,0 days 00:00:54.092000,9763.0,117.0,2,0.0,False,0,car,3087.6244444444455,0.7279059170897826,OnTrack,1897.3778967881624,1643.4124512621067,519.9303740767381
2026-08-22 14:37:58.459,0 days 00:51:22.695000,44,438.998888888887,0 days 00:00:54.291000,9822.0,113.0,2,17.0,False,0,car,3093.8708333333343,0.7293785001433489,OnTrack,1837.6796119737126,1701.2768300284467,518.3387198195778
2026-08-22 14:37:58.500,0 days 00:51:22.736000,44,439.84166535110916,0 days 00:00:54.332000,9832.933316266666,112.82916693333334,2,21.6124928,False,0,pos,3095.1443095415884,0.729678721521933,OnTrack,1827.0,1711.0,518.0
2026-08-22 14:37:58.699,0 days 00:51:22.935000,44,443.93222222221993,0 days 00:00:54.531000,9886.0,112.0,2,44.0,False,0,car,3101.337500000001,0.7311387630721461,OnTrack,1787.2730837554257,1741.772019935843,516.6880448965303
2026-08-22 14:37:58.799,0 days 00:51:23.035000,44,446.0155555555535,0 days 00:00:54.631000,9617.25,112.83333333333333,2,25.666666666666668,False,0,pos,3104.5213803116876,0.7318893612617519,OnTrack,1767.0,1754.0,516.0
2026-08-22 14:37:58.939,0 days 00:51:23.175000,44,448.9322222222204,0 days 00:00:54.771000,9241.0,114.0,2,0.0,False,0,car,3108.937500000001,0.732930459267529,OnTrack,1732.1979556405854,1772.5866522891124,514.8261156980918
2026-08-22 14:37:59.019,0 days 00:51:23.255000,44,450.97666666666476,0 days 00:00:54.851000,9122.0,111.8,2,0.0,False,0,pos,3111.347456935268,0.7334986054085757,OnTrack,1706.0,1783.0,514.0
2026-08-22 14:37:59.259,0 days 00:51:23.495000,44,457.10999999999774,0 days 00:00:55.091000,8765.0,105.2,2,0.0,False,0,pos,3118.1574958945885,0.7351040686840788,OnTrack,1603.0,1808.0,511.0
2026-08-22 14:37:59.339,0 days 00:51:23.575000,44,459.1544444444421,0 days 00:00:55.171000,8646.0,103.0,2,0.0,True,0,car,3120.3819444444453,0.7356284813161319,OnTrack,1573.6892051107052,1811.5306669347106,510.1472806917627
2026-08-22 14:37:59.619,0 days 00:51:23.855000,44,466.77666666666437,0 days 00:00:55.451000,8358.0,99.0,2,0.0,True,0,car,3128.081944444445,0.737443752461454,OnTrack,1502.2526353891162,1806.7633191296595,508.19595967461714
2026-08-22 14:37:59.699,0 days 00:51:23.935000,44,469.0877777777755,0 days 00:00:55.531000,8262.8,97.8,2,0.0,True,0,pos,3130.2416507274734,0.7379529021365125,OnTrack,1487.0,1805.0,508.0
2026-08-22 14:37:59.819,0 days 00:51:24.055000,44,472.5544444444422,0 days 00:00:55.651000,8120.0,96.0,2,0.0,False,0,car,3133.4152777777786,0.7387010831248806,OnTrack,1467.426886128384,1803.2116118815031,508.0249568797601
2026-08-22 14:38:00.020,0 days 00:51:24.256000,44,478.8077777777753,0 days 00:00:55.852000,7960.0,91.0,2,3.0,False,0,car,3138.4961111111115,0.7398988870397105,OnTrack,1438.2831476927834,1798.6481749420636,508.74032333174205
2026-08-22 14:38:00.159,0 days 00:51:24.395000,44,483.28666872888624,0 days 00:00:55.991000,8033.9678912,91.0,2,17.3964352,False,0,pos,3141.98703978795,0.7407218717276901,OnTrack,1400.0,1779.0,509.0
2026-08-22 14:38:00.300,0 days 00:51:24.536000,44,487.8299999999972,0 days 00:00:56.132000,8109.0,91.0,2,32.0,False,0,car,3145.5738888888895,0.741567469607633,OnTrack,1344.4967162949395,1744.0261179252732,508.9681215769803
2026-08-22 14:38:00.339,0 days 00:51:24.575000,44,489.08666872888614,0 days 00:00:56.171000,8143.32005632,91.58500096,2,32.9750016,False,0,pos,3146.580954021112,0.7418048847084099,OnTrack,1331.0,1735.0,509.0
2026-08-22 14:38:00.500,0 days 00:51:24.736000,44,494.274444444442,0 days 00:00:56.332000,8285.0,94.0,2,37.0,False,0,car,3150.7961111111117,0.7427986058822381,OnTrack,1295.2649064884324,1708.617205036818,509.5401293674511
2026-08-22 14:38:00.700,0 days 00:51:24.936000,44,500.7188888888868,0 days 00:00:56.532000,8657.0,96.0,2,40.0,False,0,car,3156.1294444444447,0.7440559365456647,OnTrack,1281.97129010204,1689.8266858892287,510.7092085187252
2026-08-22 14:38:00.799,0 days 00:51:25.035000,44,503.8813909333312,0 days 00:00:56.631000,8850.0501248,97.2375008,2,42.1656264,False,0,pos,3158.8407763042537,0.7446951316743017,OnTrack,1272.0,1674.0,511.0
2026-08-22 14:38:01.019,0 days 00:51:25.255000,44,510.909168711109,0 days 00:00:56.851000,9279.0501248,99.9875008,2,46.9781264,False,0,pos,3164.9903058988493,0.7461448801977268,OnTrack,1241.0,1623.0,511.0
2026-08-22 14:38:01.020,0 days 00:51:25.256000,44,510.94111111110897,0 days 00:00:56.852000,9281.0,100.0,2,47.0,False,0,car,3165.0183333333334,0.7461514876513756,OnTrack,1240.869948652188,1622.750381102891,510.99978779506654
2026-08-22 14:38:01.059,0 days 00:51:25.295000,44,512.1761131377758,0 days 00:00:56.891000,9360.21888,100.4875008,2,48.9500032,False,0,pos,3166.111715391865,0.7464092519243191,OnTrack,1236.0,1613.0,511.0
2026-08-22 14:38:01.180,0 days 00:51:25.416000,44,516.0077777777765,0 days 00:00:57.012000,9606.0,102.0,2,55.0,False,0,car,3169.5516666666667,0.7472202187152882,OnTrack,1223.6795357635563,1583.0298579766304,511.2538270629109
2026-08-22 14:38:01.319,0 days 00:51:25.555000,44,520.1005574399984,0 days 00:00:57.151000,9903.1126368,107.2125024,2,56.158333866666666,False,0,pos,3173.7473282436163,0.7482093438316741,OnTrack,1214.0,1541.0,512.0
2026-08-22 14:38:01.420,0 days 00:51:25.656000,44,523.0744444444426,0 days 00:00:57.252000,10119.0,111.0,2,57.0,False,0,car,3176.951666666667,0.7489647650107927,OnTrack,1209.3775282381478,1499.1300812044901,512.8156967884307
2026-08-22 14:38:01.579,0 days 00:51:25.815000,44,527.3144461511095,0 days 00:00:57.411000,10547.50517248,116.16750208,2,61.77000192,False,0,pos,3182.239255344819,0.7502113113946605,OnTrack,1206.0,1429.0,514.0
2026-08-22 14:38:01.820,0 days 00:51:26.056000,44,533.7411111111096,0 days 00:00:57.652000,11197.0,124.0,2,69.0,False,0,car,3190.7294444444447,0.7522128692246447,OnTrack,1209.28703222914,1362.7416687275456,513.7003645456724
2026-08-22 14:38:02.039,0 days 00:51:26.275000,44,539.0336126577762,0 days 00:00:57.871000,10949.52992768,129.4750016,2,72.83250112,False,0,pos,3198.8094892817167,0.7541177357501004,OnTrack,1220.0,1304.0,513.0
2026-08-22 14:38:02.099,0 days 00:51:26.335000,44,540.4836126577761,0 days 00:00:57.931000,10881.72992768,130.9750016,2,73.88250112,False,0,pos,3201.0643823894293,0.7546493256714273,OnTrack,1224.0,1282.0,513.0
2026-08-22 14:38:02.220,0 days 00:51:26.456000,44,543.4077777777761,0 days 00:00:58.052000,10745.0,134.0,2,76.0,False,0,car,3205.6183333333333,0.7557229173267106,OnTrack,1232.1910682418059,1233.4608418042815,513.009856607054
2026-08-22 14:38:02.380,0 days 00:51:26.616000,44,547.1411111111088,0 days 00:00:58.212000,10486.0,138.0,3,86.0,False,0,car,3211.751666666667,0.7571688475896512,OnTrack,1242.9078327061009,1164.706705153724,513.0028093893346
2026-08-22 14:38:02.459,0 days 00:51:26.695000,44,548.699167928887,0 days 00:00:58.291000,10809.406512,145.406256,3,88.9625024,False,0,pos,3215.0265491529535,0.7579408994963625,OnTrack,1248.0,1133.0,513.0
2026-08-22 14:38:02.540,0 days 00:51:26.776000,44,550.2966666666653,0 days 00:00:58.372000,11141.0,153.0,3,92.0,False,0,car,3218.5516666666667,0.7587719441855201,OnTrack,1253.0704654419833,1102.4097310665304,512.9984134181633
2026-08-22 14:38:02.820,0 days 00:51:27.056000,44,554.6522222222211,0 days 00:00:58.652000,11309.0,168.0,3,100.0,False,0,car,3231.6183333333333,0.7618524043109153,OnTrack,1271.0067999899018,1000.7259477710609,512.9998424543621
2026-08-22 14:38:02.859,0 days 00:51:27.095000,44,555.1722230755544,0 days 00:00:58.691000,11286.3312128,169.218752,3,100.0,False,0,pos,3233.4934559922904,0.7622944635390639,OnTrack,1274.0,984.0,513.0
2026-08-22 14:38:03.059,0 days 00:51:27.295000,44,557.8388897422209,0 days 00:00:58.891000,11170.0812128,175.468752,3,100.0,False,0,pos,3243.289066904847,0.7646037739079427,OnTrack,1291.0,889.0,513.0
2026-08-22 14:38:03.140,0 days 00:51:27.376000,44,558.9188888888875,0 days 00:00:58.972000,11123.0,178.0,4,100.0,False,0,car,3247.4405555555554,0.7655824852790808,OnTrack,1297.674713207365,851.4449092369271,513.000006889729
2026-08-22 14:38:03.219,0 days 00:51:27.455000,44,559.5991672177765,0 days 00:00:59.051000,11113.3718672,182.4437536,4,100.0,False,0,pos,3251.615336834689,0.7665666878757096,OnTrack,1305.0,810.0,513.0
2026-08-22 14:38:03.460,0 days 00:51:27.696000,44,561.6744444444435,0 days 00:00:59.292000,11084.0,196.0,4,100.0,False,0,car,3264.862777777778,0.7696897654462743,OnTrack,1335.6983335481466,634.8907280430329,512.9998064757261
2026-08-22 14:38:03.500,0 days 00:51:27.736000,44,561.9855555555546,0 days 00:00:59.332000,10914.5,197.0,4,100.0,False,0,pos,3267.0719676606095,0.7702105808552148,OnTrack,1340.0,610.0,513.0
2026-08-22 14:38:03.620,0 days 00:51:27.856000,44,562.918888888888,0 days 00:00:59.452000,10406.0,200.0,4,100.0,False,0,car,3273.7516666666666,0.7717853165519853,OnTrack,1349.816025217414,552.17043541355,513.0011822316051
2026-08-22 14:38:03.860,0 days 00:51:28.096000,44,564.118888888888,0 days 00:00:59.692000,10706.0,209.42857142857142,4,100.0,False,0,pos,3287.761930211849,0.7750882291691189,OnTrack,1365.0,463.0,513.0
2026-08-22 14:38:03.900,0 days 00:51:28.136000,44,564.3188888888881,0 days 00:00:59.732000,10756.0,211.0,5,100.0,False,0,car,3290.1627777777776,0.7756542277809042,OnTrack,1368.8211826262593,441.8330975243104,512.9981078151648
2026-08-22 14:38:04.020,0 days 00:51:28.256000,44,564.5855555555547,0 days 00:00:59.852000,10958.285714285714,215.28571428571428,5,100.0,False,0,pos,3297.4595686159796,0.7773744425681821,OnTrack,1382.0,369.0,513.0
2026-08-22 14:38:04.180,0 days 00:51:28.416000,44,564.9411111111103,0 days 00:01:00.012000,11228.0,221.0,5,100.0,False,0,car,3307.3516666666665,0.7797064997315728,OnTrack,1400.1232280673441,263.29542139428554,513.0655992934129
2026-08-22 14:38:04.320,0 days 00:51:28.556000,44,565.1355555555547,0 days 00:01:00.152000,11402.5,223.5,5,100.0,False,0,pos,3316.0925742214167,0.7817671643118411,OnTrack,1417.0,164.0,513.0
2026-08-22 14:38:04.460,0 days 00:51:28.696000,44,565.329999999999,0 days 00:01:00.292000,11577.0,226.0,5,100.0,False,0,car,3324.9294444444445,0.7838504520431163,OnTrack,1435.4489041427394,58.60421354683318,512.6662194594529
2026-08-22 14:38:04.680,0 days 00:51:28.916000,44,565.4522222222212,0 days 00:01:00.512000,11751.166666666666,230.58333333333334,5,100.0,False,0,pos,3339.036150678518,0.7871761009758761,OnTrack,1464.0,-100.0,512.0
2026-08-22 14:38:04.700,0 days 00:51:28.936000,44,565.4633333333322,0 days 00:01:00.532000,11767.0,231.0,5,100.0,False,0,car,3340.329444444444,0.7874809943337606,OnTrack,1466.2685341595616,-112.386761154157,511.9640780443867
2026-08-22 14:38:04.900,0 days 00:51:29.136000,44,565.4077777777766,0 days 00:01:00.732000,11934.0,235.0,5,100.0,False,0,car,3353.3849999999998,0.7905588350202736,OnTrack,1485.807369786355,-216.8334985725744,511.8472229672898
2026-08-22 14:38:05.179,0 days 00:51:29.415000,44,565.0977777777762,0 days 00:01:01.011000,12193.0,240.0,5,100.0,False,0,car,3371.985,0.794943775708974,OnTrack,1513.8731631481785,-359.36361343669233,511.9997882304185
2026-08-22 14:38:05.180,0 days 00:51:29.416000,44,565.1022219377762,0 days 00:01:01.012000,12189.8627008,239.9500032,5,99.5875264,False,0,pos,3372.0501106438696,0.7949591255106713,OnTrack,1514.0,-360.0,512.0
2026-08-22 14:38:05.299,0 days 00:51:29.535000,44,565.6311111111095,0 days 00:01:01.131000,11816.5,234.0,5,50.5,False,0,pos,3379.667975866598,0.796755033423369,OnTrack,1530.0,-440.0,512.0
2026-08-22 14:38:05.419,0 days 00:51:29.655000,44,566.1644444444428,0 days 00:01:01.251000,11440.0,228.0,5,1.0,True,0,car,3387.185,0.7985271680997397,OnTrack,1545.6051265228875,-517.6781846060685,511.9320677023322
2026-08-22 14:38:05.479,0 days 00:51:29.715000,44,566.6644444444429,0 days 00:01:01.311000,11458.0,225.6,5,0.7,True,0,pos,3390.9179737023474,0.7994072147813133,OnTrack,1553.0,-555.0,512.0
2026-08-22 14:38:05.619,0 days 00:51:29.855000,44,567.8311111111097,0 days 00:01:01.451000,11500.0,220.0,5,0.0,True,0,car,3399.407222222222,0.8014085508700923,OnTrack,1569.1508374827401,-638.9569615503848,512.6219636219028
2026-08-22 14:38:05.719,0 days 00:51:29.955000,44,569.5255555555542,0 days 00:01:01.551000,11417.1875,212.1875,5,0.0,True,0,pos,3405.0603612372947,0.8027412755628918,OnTrack,1580.0,-697.0,513.0
2026-08-22 14:38:05.879,0 days 00:51:30.115000,44,572.2366666666654,0 days 00:01:01.711000,11284.6875,199.6875,5,0.0,True,0,pos,3413.55816531443,0.804744628620012,OnTrack,1596.0,-787.0,513.0
2026-08-22 14:38:05.939,0 days 00:51:30.175000,44,573.2533333333322,0 days 00:01:01.771000,11235.0,195.0,4,0.0,True,0,car,3416.7405555555556,0.8054948755262288,OnTrack,1600.8660291164351,-819.1055181500466,512.9833070681891
2026-08-22 14:38:06.099,0 days 00:51:30.335000,44,576.453333333332,0 days 00:01:01.931000,10939.0,191.0,4,0.0,True,0,car,3425.229444444444,0.8074961268321827,OnTrack,1610.37175565845,-900.8276398531247,512.9978045078274
2026-08-22 14:38:06.139,0 days 00:51:30.375000,44,577.4199999999986,0 days 00:01:01.971000,10891.5,189.75,4,0.375,True,0,pos,3427.308720288186,0.8079863150714437,OnTrack,1612.0,-921.0,513.0
2026-08-22 14:38:06.319,0 days 00:51:30.555000,44,581.7699999999983,0 days 00:01:02.151000,10677.75,184.125,4,2.0625,True,0,pos,3436.39631447239,0.8101287108510519,OnTrack,1615.0,-1011.0,513.0
2026-08-22 14:38:06.419,0 days 00:51:30.655000,44,584.1866666666647,0 days 00:01:02.251000,10559.0,181.0,4,3.0,True,0,car,3441.318333333333,0.8112890743335196,OnTrack,1612.1295903488785,-1059.8643676568743,513.026873802847
2026-08-22 14:38:07.100,0 days 00:51:31.336000,44,605.5624999999973,0 days 00:01:02.932000,10301.0,171.0,4,55.0,False,0,car,3473.6658333333335,0.8189149812651182,OnTrack,1501.0079185298346,-1362.0063406894915,513.090770403008
2026-08-22 14:38:07.139,0 days 00:51:31.375000,44,606.7758353244417,0 days 00:01:02.971000,10348.0438272,171.609376,4,57.0718784,False,0,pos,3475.5463281989028,0.8193583069882864,OnTrack,1490.0,-1377.0,513.0
2026-08-22 14:38:07.319,0 days 00:51:31.555000,44,612.3758353244418,0 days 00:01:03.151000,10565.1688272,174.421876,4,66.6343784,False,0,pos,3484.319540724923,0.8214265874493595,OnTrack,1433.0,-1442.0,513.0
2026-08-22 14:38:07.420,0 days 00:51:31.656000,44,615.518055555553,0 days 00:01:03.252000,10687.0,176.0,4,72.0,False,0,car,3489.310277777778,0.8226031512111696,OnTrack,1397.0655853577293,-1474.0954346062886,514.6131921291807
2026-08-22 14:38:07.499,0 days 00:51:31.735000,44,617.9758353244418,0 days 00:01:03.331000,10784.433412266666,177.31666773333333,4,75.73055857777777,False,0,pos,3493.248067009809,0.8235314830513338,OnTrack,1367.0,-1497.0,516.0
2026-08-22 14:38:07.780,0 days 00:51:32.016000,44,626.7180555555528,0 days 00:01:03.612000,11131.0,182.0,4,89.0,False,0,car,3507.510277777778,0.8268937921001127,OnTrack,1245.6958488019334,-1563.069886214386,517.7479415850839
2026-08-22 14:38:07.819,0 days 00:51:32.055000,44,627.8988908266639,0 days 00:01:03.651000,11213.062634666667,183.13750186666667,4,90.30000213333334,False,0,pos,3509.524067655268,0.8273685420556127,OnTrack,1227.0,-1570.0,518.0
2026-08-22 14:38:07.999,0 days 00:51:32.235000,44,633.3488908266634,0 days 00:01:03.831000,11591.812634666667,188.38750186666667,4,96.30000213333334,False,0,pos,3518.9780904101644,0.8295973231873247,OnTrack,1136.0,-1594.0,519.0
2026-08-22 14:38:08.020,0 days 00:51:32.256000,44,633.9847222222188,0 days 00:01:03.852000,11636.0,189.0,4,97.0,False,0,car,3520.110277777778,0.829864235792458,OnTrack,1125.2661705313876,-1595.8334547499037,518.8531340579738
2026-08-22 14:38:08.099,0 days 00:51:32.335000,44,636.2450018311076,0 days 00:01:03.931000,11383.419239822222,191.8527800888889,4,97.65833386666667,False,0,pos,3524.431388129077,0.8308829353945965,OnTrack,1083.0,-1601.0,518.0
2026-08-22 14:38:08.380,0 days 00:51:32.616000,44,644.2847222222185,0 days 00:01:04.212000,10485.0,202.0,5,100.0,False,0,car,3540.310277777778,0.8346263756801864,OnTrack,871.8765421427232,-1603.1537692436737,520.1572119575891
2026-08-22 14:38:08.459,0 days 00:51:32.695000,44,646.5011129066629,0 days 00:01:04.291000,10639.44512512,203.18500096,5,100.0,False,0,pos,3544.7732551524755,0.8356785203620711,OnTrack,819.0,-1602.0,521.0
2026-08-22 14:38:08.580,0 days 00:51:32.816000,44,649.8958333333294,0 days 00:01:04.412000,10876.0,205.0,5,100.0,False,0,car,3551.699166666667,0.8373113005343786,OnTrack,754.9292320203526,-1600.0295577171764,521.8568868709989
2026-08-22 14:38:08.879,0 days 00:51:33.115000,44,657.2047237866634,0 days 00:01:04.711000,11273.67008512,216.96000256,5,100.0,False,0,pos,3569.982368210111,0.8416215561455375,OnTrack,629.0,-1594.0,524.0
2026-08-22 14:38:08.980,0 days 00:51:33.216000,44,659.6736111111081,0 days 00:01:04.812000,11408.0,221.0,5,100.0,False,0,car,3576.2547222222224,0.8431002604639052,OnTrack,567.6615064331932,-1591.5342157570262,525.9199765460411
2026-08-22 14:38:09.039,0 days 00:51:33.275000,44,661.0994459911082,0 days 00:01:04.871000,11320.9749056,221.88500096,5,100.0,False,0,pos,3579.903596462262,0.8439604807393407,OnTrack,531.0,-1590.0,527.0
2026-08-22 14:38:09.180,0 days 00:51:33.416000,44,664.5069444444416,0 days 00:01:05.012000,11113.0,224.0,5,100.0,False,0,car,3588.699166666667,0.8460340320119006,OnTrack,449.07090381954356,-1585.9745977274847,528.7740471032577
2026-08-22 14:38:09.279,0 days 00:51:33.515000,44,666.6244458133302,0 days 00:01:05.111000,10912.5248704,228.9500032,5,100.0,False,0,pos,3595.109208075341,0.8475451960650807,OnTrack,381.0,-1580.0,530.0
2026-08-22 14:38:09.420,0 days 00:51:33.656000,44,669.6402777777744,0 days 00:01:05.252000,10627.0,236.0,6,100.0,False,0,car,3604.4325000000003,0.8497431574690091,OnTrack,257.4518025154861,-1564.5940076214963,532.3538266415679
2026-08-22 14:38:09.459,0 days 00:51:33.695000,44,670.4636124622186,0 days 00:01:05.291000,10657.4688,236.4875008,6,100.0,False,0,pos,3607.0079615394075,0.8503503212376289,OnTrack,226.0,-1560.0,533.0
2026-08-22 14:38:09.580,0 days 00:51:33.816000,44,673.0180555555512,0 days 00:01:05.412000,10752.0,238.0,6,100.0,False,0,car,3615.010277777779,0.8522368632848053,OnTrack,147.92972578542532,-1546.4290722044748,534.8004632561629
2026-08-22 14:38:09.780,0 days 00:51:34.016000,44,677.0736111111073,0 days 00:01:05.612000,10907.0,242.0,6,100.0,False,0,car,3628.4547222222227,0.8554063843321931,OnTrack,49.13488256393881,-1520.3502591176707,537.6722045654135
2026-08-22 14:38:09.799,0 days 00:51:34.035000,44,677.421945617774,0 days 00:01:05.631000,10925.71506304,242.66500224,6,100.0,False,0,pos,3629.752654963811,0.8557123713262675,OnTrack,38.0,-1517.0,538.0
2026-08-22 14:38:09.980,0 days 00:51:34.216000,44,680.7402777777738,0 days 00:01:05.812000,11104.0,249.0,6,100.0,False,0,car,3642.288055555556,0.8586675857404558,OnTrack,-85.94810307919728,-1477.0106250960064,541.6161201323084
2026-08-22 14:38:10.120,0 days 00:51:34.356000,44,683.1513888888849,0 days 00:01:05.952000,11217.0,251.5,6,100.0,False,0,pos,3652.1184943478065,0.8609851067645373,OnTrack,-184.0,-1438.0,543.0
2026-08-22 14:38:10.140,0 days 00:51:34.376000,44,683.4958333333293,0 days 00:01:05.972000,11233.142857142857,251.85714285714286,6,100.0,False,0,pos,3653.5311936349685,0.8613181499142778,OnTrack,-197.0,-1432.0,543.0
2026-08-22 14:38:10.260,0 days 00:51:34.496000,44,685.5624999999959,0 days 00:01:06.092000,11330.0,254.0,6,100.0,False,0,car,3662.0436111111117,0.8633249480728985,OnTrack,-269.1421309278358,-1399.3506419762339,545.1386767302726
2026-08-22 14:38:10.460,0 days 00:51:34.696000,44,688.7847222222181,0 days 00:01:06.292000,11474.0,258.0,6,100.0,False,0,pos,3676.376944444445,0.8667040242308575,OnTrack,-397.0,-1328.0,553.0
2026-08-22 14:38:10.700,0 days 00:51:34.936000,44,692.2513888888843,0 days 00:01:06.532000,10894.0,262.0,6,100.0,False,0,car,3693.8436111111114,0.8708217821535794,OnTrack,-610.5918987645321,-1163.0916583184348,559.2631261175092
2026-08-22 14:38:10.740,0 days 00:51:34.976000,44,692.7847222222176,0 days 00:01:06.572000,10834.222222222223,262.22222222222223,6,100.0,False,0,pos,3696.7659725795543,0.8715107274068087,OnTrack,-636.0,-1142.0,560.0
2026-08-22 14:38:11.040,0 days 00:51:35.276000,44,696.7847222222174,0 days 00:01:06.872000,10385.888888888889,263.8888888888889,6,100.0,False,0,pos,3718.7668950424204,0.8766974338636024,OnTrack,-717.0,-1056.0,564.0
2026-08-22 14:38:11.060,0 days 00:51:35.296000,44,697.051388888884,0 days 00:01:06.892000,10356.0,264.0,7,100.0,False,0,car,3720.2436111111115,0.8770455689375412,OnTrack,-724.209342156834,-1046.8644859050685,564.3249667450607
2026-08-22 14:38:11.240,0 days 00:51:35.476000,44,699.2013888888835,0 days 00:01:07.072000,10411.125,266.25,7,100.0,False,0,pos,3733.6002008160713,0.8801943782740762,OnTrack,-808.0,-939.0,568.0
2026-08-22 14:38:11.380,0 days 00:51:35.616000,44,700.8736111111052,0 days 00:01:07.212000,10454.0,268.0,7,100.0,False,0,car,3744.0658333333345,0.8826616459008467,OnTrack,-863.1380626082668,-857.7718330481359,571.9218904711547
2026-08-22 14:38:11.500,0 days 00:51:35.736000,44,702.1069444444386,0 days 00:01:07.332000,10496.0,269.8,7,100.0,False,0,pos,3753.0869546735753,0.8847883707407673,OnTrack,-907.0,-773.0,575.0
2026-08-22 14:38:11.580,0 days 00:51:35.816000,44,702.9291666666609,0 days 00:01:07.412000,10524.0,271.0,7,100.0,False,0,car,3759.12138888889,0.8862109855861448,OnTrack,-937.99850008839,-699.166708594905,576.4418988115822
2026-08-22 14:38:11.720,0 days 00:51:35.956000,44,702.9291666666611,0 days 00:01:07.552000,10552.087768659507,271.8777427706096,7,100.0,False,0,pos,3769.712977357877,0.8887079472654796,OnTrack,-988.0,-565.0,578.0
2026-08-22 14:38:11.899,0 days 00:51:36.135000,44,702.9291666666613,0 days 00:01:07.731000,10588.0,273.0,7,100.0,False,0,car,3783.3122222222228,0.891913962434365,OnTrack,-1022.9275999183667,-462.88005233511683,578.7826396725288
2026-08-22 14:38:12.099,0 days 00:51:36.335000,44,700.2624999999948,0 days 00:01:07.931000,10662.0,275.0,7,100.0,False,0,car,3798.5900000000006,0.8955156908973058,OnTrack,-1023.485672693516,-365.8170278449652,577.0894774419429
2026-08-22 14:38:12.179,0 days 00:51:36.415000,44,698.5069444444392,0 days 00:01:08.011000,10693.333333333334,275.6666666666667,7,100.0,False,0,pos,3804.7392392198926,0.8969653709650399,OnTrack,-1013.0,-280.0,575.0
2026-08-22 14:38:12.339,0 days 00:51:36.575000,44,694.995833333328,0 days 00:01:08.171000,10756.0,277.0,7,100.0,False,0,pos,3817.1025549751075,0.8998800164651631,OnTrack,-977.0,-49.0,569.0
2026-08-22 14:38:12.459,0 days 00:51:36.695000,44,692.3624999999947,0 days 00:01:08.291000,10803.0,278.0,7,100.0,False,0,car,3826.3900000000003,0.9020695269804169,OnTrack,-948.6366178621298,77.0544628306369,565.361545284125
2026-08-22 14:38:12.619,0 days 00:51:36.855000,44,688.2291666666615,0 days 00:01:08.451000,10868.0,279.0,7,100.0,False,0,car,3838.79,0.9049928207728837,OnTrack,-912.0029658509769,160.8502266051105,562.2687843127823
2026-08-22 14:38:12.799,0 days 00:51:37.035000,44,682.4791666666608,0 days 00:01:08.631000,10921.0,280.5,7,100.0,False,0,pos,3852.8689257025144,0.9083119204592355,OnTrack,-868.0,246.0,560.0
2026-08-22 14:38:12.979,0 days 00:51:37.215000,44,676.7291666666601,0 days 00:01:08.811000,10974.0,282.0,7,100.0,False,0,car,3866.990000000001,0.9116409566557521,OnTrack,-819.6045619025404,356.08258535579654,558.6241582390292
2026-08-22 14:38:13.179,0 days 00:51:37.415000,44,669.5624977180701,0 days 00:01:09.011000,11060.567191742788,282.0,7,100.0,False,0,pos,3882.656008927186,0.9153342104178139,OnTrack,-763.0,497.0,557.0
2026-08-22 14:38:13.180,0 days 00:51:37.416000,44,669.5266666666612,0 days 00:01:09.012000,11061.0,282.0,7,100.0,False,0,car,3882.7350000000006,0.9153528325236866,OnTrack,-762.7162548447518,497.72279079161757,556.9883030208046
2026-08-22 14:38:13.259,0 days 00:51:37.495000,44,666.3008307199943,0 days 00:01:09.091000,11106.9187872,284.468752,7,100.0,False,0,pos,3889.005964034006,0.9168312091554114,OnTrack,-740.0,556.0,556.0
2026-08-22 14:38:13.340,0 days 00:51:37.576000,44,662.9933333333274,0 days 00:01:09.172000,11154.0,287.0,7,100.0,False,0,car,3895.490555555556,0.9183599483603818,OnTrack,-714.691717482238,621.2222276695351,555.1026324070828
2026-08-22 14:38:13.599,0 days 00:51:37.835000,44,650.8347192177715,0 days 00:01:09.431000,11338.5375456,291.53250112,7,100.0,False,0,pos,3916.5427795455444,0.92332299962712,OnTrack,-630.0,840.0,553.0
2026-08-22 14:38:13.740,0 days 00:51:37.976000,44,644.2155555555491,0 days 00:01:09.572000,11439.0,294.0,7,100.0,False,0,car,3928.157222222223,0.9260610986738698,OnTrack,-594.9968925055272,930.1256165933696,551.9395854906492
2026-08-22 14:38:13.839,0 days 00:51:38.075000,44,639.155552284438,0 days 00:01:09.671000,11462.689301028571,295.7678582857143,7,100.0,False,0,pos,3936.3626602119275,0.9279955265722387,OnTrack,-571.0,992.0,551.0
2026-08-22 14:38:14.020,0 days 00:51:38.256000,44,629.904444444438,0 days 00:01:09.852000,11506.0,299.0,7,100.0,False,0,car,3951.4127777777785,0.9315435842541862,OnTrack,-520.486683889921,1122.8462463713026,548.5512019741295
2026-08-22 14:38:14.119,0 days 00:51:38.355000,44,624.8444411733271,0 days 00:01:09.951000,10867.4495872,299.0,7,100.0,False,0,pos,3959.6237717029526,0.9334793219615607,OnTrack,-488.0,1207.0,547.0
2026-08-22 14:38:14.180,0 days 00:51:38.416000,44,621.7266666666605,0 days 00:01:10.012000,10474.0,299.0,8,100.0,False,0,car,3964.7016666666673,0.934676433157224,OnTrack,-465.98483236964887,1263.9625290529677,546.0137693778879
2026-08-22 14:38:14.420,0 days 00:51:38.656000,44,608.5266666666612,0 days 00:01:10.252000,10451.0,303.0,8,100.0,False,0,car,3984.9016666666666,0.9394385730449522,OnTrack,-373.4759480448496,1503.213205822668,542.2438264602546
2026-08-22 14:38:14.439,0 days 00:51:38.675000,44,607.4552741688834,0 days 00:01:10.271000,10455.18001408,303.09500032,8,100.0,False,0,pos,3986.5053252128823,0.9398166347444189,OnTrack,-367.0,1520.0,542.0
2026-08-22 14:38:14.620,0 days 00:51:38.856000,44,597.2488888888834,0 days 00:01:10.452000,10495.0,304.0,8,100.0,False,0,car,4001.790555555556,0.9434201201458031,OnTrack,-314.09869576229335,1657.5568399468034,540.1754558407254
2026-08-22 14:38:14.780,0 days 00:51:39.016000,44,588.1822222222172,0 days 00:01:10.612000,10554.0,305.0,8,100.0,False,0,car,4015.346111111111,0.9466158355820123,OnTrack,-274.07881513396933,1761.8220774079205,539.1807290160821
2026-08-22 14:38:14.819,0 days 00:51:39.055000,44,585.8855517866616,0 days 00:01:10.651000,10559.229554036363,305.26590952727275,8,100.0,False,0,pos,4018.663228547872,0.947397844357155,OnTrack,-264.0,1788.0,539.0
2026-08-22 14:38:15.179,0 days 00:51:39.415000,44,564.6855517866609,0 days 00:01:11.011000,10607.50228130909,307.7204549818182,8,100.0,False,0,pos,4049.479796487593,0.9546628348219386,OnTrack,-166.0,2042.0,538.0
2026-08-22 14:38:15.220,0 days 00:51:39.456000,44,562.2711111111053,0 days 00:01:11.052000,10613.0,308.0,8,100.0,False,0,car,4052.9905555555565,0.9554904945146986,OnTrack,-154.5873911713212,2071.7756648764203,537.8308116543958
2026-08-22 14:38:15.419,0 days 00:51:39.655000,44,550.552218453328,0 days 00:01:11.251000,10601.8062464,308.0,8,100.0,False,0,pos,4070.0099411495084,0.9595028061484405,OnTrack,-90.0,2240.0,537.0
2026-08-22 14:38:15.540,0 days 00:51:39.776000,44,543.4266666666617,0 days 00:01:11.372000,10595.0,308.0,8,100.0,False,0,car,4080.368333333334,0.9619447919202884,OnTrack,-30.228618363176423,2393.805717784865,536.9675686977054
2026-08-22 14:38:15.599,0 days 00:51:39.835000,44,540.017774079995,0 days 00:01:11.431000,10605.535725714286,308.2107145142857,8,100.0,False,0,pos,4085.4270495184855,0.9631373817285065,OnTrack,-3.0,2464.0,537.0
2026-08-22 14:38:15.820,0 days 00:51:40.056000,44,527.2488888888838,0 days 00:01:11.652000,10645.0,309.0,8,100.0,False,0,car,4104.401666666668,0.9676106382223545,OnTrack,58.45284287232835,2625.256757602626,537.0303780036201
2026-08-22 14:38:16.059,0 days 00:51:40.295000,44,513.705551928883,0 days 00:01:11.891000,10638.171426742858,309.0,8,100.0,False,0,pos,4124.909860050786,0.9724454345461047,OnTrack,107.0,2752.0,537.0
2026-08-22 14:38:16.100,0 days 00:51:40.336000,44,511.3822222222161,0 days 00:01:11.932000,10637.0,309.0,8,100.0,False,0,car,4128.435000000001,0.9732764845244207,OnTrack,119.5364344585593,2783.7062544501223,536.9992649855346
2026-08-22 14:38:16.179,0 days 00:51:40.415000,44,507.0811076266603,0 days 00:01:12.011000,10634.23499776,309.39500032,8,100.0,False,0,pos,4135.236669815839,0.9748799747785374,OnTrack,145.0,2848.0,537.0
2026-08-22 14:38:16.300,0 days 00:51:40.536000,44,500.4933333333265,0 days 00:01:12.132000,10630.0,310.0,8,100.0,False,0,car,4145.657222222224,0.9773366147917358,OnTrack,178.58957630180672,2934.3434659356035,537.0003262446115
2026-08-22 14:38:16.440,0 days 00:51:40.676000,44,493.0266666666603,0 days 00:01:12.272000,10631.4,309.3,8,100.0,False,0,pos,4157.676477000567,0.9801701480888008,OnTrack,223.0,3050.0,537.0
2026-08-22 14:38:16.500,0 days 00:51:40.736000,44,489.82666666666046,0 days 00:01:12.332000,10632.0,309.0,8,100.0,False,0,car,4162.82388888889,0.98138364786464,OnTrack,249.17309610572727,3117.921029880204,536.9999532200377
2026-08-22 14:38:16.660,0 days 00:51:40.896000,44,481.6488888888828,0 days 00:01:12.492000,10634.222222222223,309.0,8,100.0,False,0,pos,4176.55521084772,0.9846208001424315,OnTrack,326.0,3317.0,537.0
2026-08-22 14:38:16.860,0 days 00:51:41.096000,44,471.4266666666608,0 days 00:01:12.692000,10637.0,309.0,8,100.0,False,0,car,4193.72388888889,0.9886683073958679,OnTrack,385.3380391692321,3470.869947778515,537.0000185326213
2026-08-22 14:38:17.060,0 days 00:51:41.296000,44,461.64888888888254,0 days 00:01:12.892000,10582.0,309.0,8,100.0,False,0,car,4210.890555555557,0.9927153404687723,OnTrack,431.0928555783895,3587.21033893501,537.0000011102879
2026-08-22 14:38:17.080,0 days 00:51:41.316000,44,461.64888888888254,0 days 00:01:12.912000,10584.333333333334,309.0,8,100.0,False,0,pos,4212.607202141027,0.9931200390419308,OnTrack,437.0,3602.0,537.0
2026-08-22 14:38:17.350,0 days 00:51:41.586000,44,461.64888888888254,0 days 00:01:13.182000,10615.833348266668,309.0,8,100.0,False,0,interpolation,4235.782173450336,0.9985835269265352,OnTrack,540.6037261368158,3858.2172269175385,536.9999964565029
