Date,SessionTime,DriverAhead,DistanceToDriverAhead,Time,RPM,Speed,nGear,Throttle,Brake,DRS,Source,Distance,RelativeDistance,Status,X,Y,Z
2026-08-22 14:54:49.395,0 days 01:08:13.631000,,784.7649999999996,0 days 00:00:00,11242.4,306.55,7,100.0,False,0,interpolation,0.022245878274612572,5.218045702560435e-06,OnTrack,506.61168252993656,3774.6422215923344,537.0001380377212
2026-08-22 14:54:49.479,0 days 01:08:13.715000,,784.7649999999996,0 days 00:00:00.084000,11259.2,306.9,7,100.0,False,0,pos,7.194757742342111,0.0016876193537944863,OnTrack,529.0,3829.0,537.0
2026-08-22 14:54:49.503,0 days 01:08:13.739000,,784.7649999999996,0 days 00:00:00.108000,11264.0,307.0,7,100.0,False,0,car,9.246666666666664,0.0021689199530536465,OnTrack,535.9934870913819,3846.0124865775374,536.9999410788522
2026-08-22 14:54:49.760,0 days 01:08:13.996000,,784.7649999999996,0 days 00:00:00.365000,11279.603567542857,308.83571382857144,7,100.0,False,0,pos,31.298024814299204,0.007341338555613018,OnTrack,620.0,4051.0,537.0
2026-08-22 14:54:49.783,0 days 01:08:14.019000,44,784.7649999999996,0 days 00:00:00.388000,11281.0,309.0,7,100.0,False,0,car,33.28,0.007806235332115218,OnTrack,627.0079832334425,4068.125411184486,537.000283938308
2026-08-22 14:54:50.020,0 days 01:08:14.256000,44,771.0058370488883,0 days 00:00:00.625000,11347.162482133333,310.97499946666665,7,100.0,False,0,pos,53.75456780912017,0.012608798272059407,OnTrack,705.0,4259.0,537.0
2026-08-22 14:54:50.023,0 days 01:08:14.259000,44,770.8316666666661,0 days 00:00:00.628000,11348.0,311.0,7,100.0,False,0,car,54.013333333333335,0.012669494924037959,OnTrack,706.392165501722,4262.411177367913,536.999811331435
2026-08-22 14:54:50.220,0 days 01:08:14.456000,44,759.5588925511106,0 days 00:00:00.825000,11365.58928,310.2964288,7,100.0,False,0,pos,70.96573643053354,0.016645890597764633,OnTrack,809.0,4514.0,537.0
2026-08-22 14:54:50.303,0 days 01:08:14.539000,44,754.809444444444,0 days 00:00:00.908000,11373.0,310.0,7,100.0,False,0,car,78.12444444444445,0.018325054042190345,OnTrack,834.684127050256,4577.128079144551,537.0420176568924
2026-08-22 14:54:50.503,0 days 01:08:14.739000,44,743.3649999999997,0 days 00:00:01.108000,11385.0,312.0,7,100.0,False,0,car,95.45777777777779,0.022390801611000356,OnTrack,864.2130275245177,4649.768910745699,537.0360332104658
2026-08-22 14:54:50.520,0 days 01:08:14.756000,44,742.4158369066664,0 days 00:00:01.125000,11383.229173333333,312.0,7,100.0,False,0,pos,96.93276698108258,0.022736778559117134,OnTrack,868.0,4659.0,537.0
2026-08-22 14:54:50.743,0 days 01:08:14.979000,44,729.965,0 days 00:00:01.348000,11360.0,312.0,7,100.0,False,0,car,116.25777777777779,0.027269698693572365,OnTrack,940.446968960751,4835.114565064301,536.1172514172873
2026-08-22 14:54:50.800,0 days 01:08:15.036000,44,726.83000352,0 days 00:00:01.405000,11361.70999808,311.43000064,7,100.0,False,0,pos,121.17402307384835,0.028422864791274625,OnTrack,960.0,4883.0,536.0
2026-08-22 14:54:50.880,0 days 01:08:15.116000,44,722.4300035199998,0 days 00:00:01.485000,11364.10999808,310.63000064,7,100.0,False,0,pos,128.05774282531598,0.030037526339961106,OnTrack,986.0,4947.0,536.0
2026-08-22 14:54:50.943,0 days 01:08:15.179000,44,718.9649999999997,0 days 00:00:01.548000,11366.0,310.0,7,100.0,False,0,car,133.48000000000002,0.03130938377796693,OnTrack,1005.5782830989862,4994.995119701386,536.1389898639155
2026-08-22 14:54:51.143,0 days 01:08:15.379000,44,708.187222222222,0 days 00:00:01.748000,11321.0,310.0,7,100.0,False,0,car,150.70222222222225,0.03534906886236149,OnTrack,1070.2763323559693,5153.346021780418,536.963696304997
2026-08-22 14:54:51.160,0 days 01:08:15.396000,44,707.3041699911108,0 days 00:00:01.765000,11315.953144,309.8937504,7,100.0,False,0,pos,152.16277431568335,0.03569165940792552,OnTrack,1077.0,5170.0,537.0
2026-08-22 14:54:51.380,0 days 01:08:15.616000,44,695.8763922133334,0 days 00:00:01.985000,11250.640644,308.5187504,7,100.0,False,0,pos,170.9980351001024,0.04010970262381904,OnTrack,1175.0,5419.0,537.0
2026-08-22 14:54:51.463,0 days 01:08:15.699000,44,691.565,0 days 00:00:02.068000,11226.0,308.0,7,100.0,False,0,car,178.08000000000004,0.041770865022328074,OnTrack,1205.297557396214,5503.524701905877,537.0310361730802
2026-08-22 14:54:51.743,0 days 01:08:15.979000,44,677.4872222222223,0 days 00:00:02.348000,11080.0,304.0,7,100.0,False,0,car,201.72444444444446,0.047316961705935565,OnTrack,1272.5103006157024,5726.495750732978,537.6999632451469
2026-08-22 14:54:51.800,0 days 01:08:16.036000,44,674.9222251022222,0 days 00:00:02.405000,10990.79510016,299.7250048,7,71.500032,False,0,pos,206.39371873439535,0.048412197701655266,OnTrack,1283.0,5764.0,538.0
2026-08-22 14:54:51.943,0 days 01:08:16.179000,44,668.4872222222219,0 days 00:00:02.548000,10767.0,289.0,7,0.0,True,0,car,217.78000000000003,0.05108299070396792,OnTrack,1306.0165275699771,5847.990280314816,539.0210225974984
2026-08-22 14:54:52.183,0 days 01:08:16.419000,44,659.7538888888889,0 days 00:00:02.788000,10312.0,265.0,7,0.0,True,0,car,235.4466666666667,0.05522692572602427,OnTrack,1340.9293675823355,5977.509251698206,541.6165694286881
2026-08-22 14:54:52.280,0 days 01:08:16.516000,44,657.3288904888889,0 days 00:00:02.885000,10480.234264,254.6937568,7,0.0,True,0,pos,242.0189724655044,0.05676854128312621,OnTrack,1361.0,6048.0,543.0
2026-08-22 14:54:52.480,0 days 01:08:16.716000,44,652.3288904888886,0 days 00:00:03.085000,10827.109264,233.4437568,7,0.0,True,0,pos,254.60226972130522,0.05972010918074463,OnTrack,1410.0,6214.0,546.0
2026-08-22 14:54:52.503,0 days 01:08:16.739000,44,651.7538888888886,0 days 00:00:03.108000,10867.0,231.0,7,0.0,True,0,car,255.98000000000005,0.06004327284599921,OnTrack,1414.5664491081147,6228.825732236772,546.2123355843411
2026-08-22 14:54:52.663,0 days 01:08:16.899000,44,648.909444444444,0 days 00:00:03.268000,10792.0,208.0,7,0.0,True,0,car,265.2244444444445,0.06221167154936455,OnTrack,1437.6650550275644,6297.859793862707,546.7228096006263
2026-08-22 14:54:52.760,0 days 01:08:16.996000,44,647.6700008177776,0 days 00:00:03.365000,11333.3808928,203.1500032,7,0.0,True,0,pos,270.6472974941758,0.06348366875722758,OnTrack,1453.0,6335.0,547.0
2026-08-22 14:54:52.823,0 days 01:08:17.059000,44,646.865,0 days 00:00:03.428000,11685.0,200.0,7,0.0,True,0,car,274.1133333333334,0.06429667030260046,OnTrack,1465.4397754132294,6362.637826428105,547.3432126300851
2026-08-22 14:54:52.983,0 days 01:08:17.219000,44,645.3538888888888,0 days 00:00:03.588000,10756.0,191.0,5,0.0,True,0,car,282.6022222222223,0.06628784411194075,OnTrack,1503.5066858751836,6440.677307354456,548.6064660817078
2026-08-22 14:54:53.060,0 days 01:08:17.296000,44,645.7388886371436,0 days 00:00:03.665000,10892.509606029404,183.1080384014251,5,0.0,True,0,pos,286.2814388748585,0.06715084985197427,OnTrack,1520.0,6472.0,549.0
2026-08-22 14:54:53.340,0 days 01:08:17.576000,44,647.1388888853431,0 days 00:00:03.945000,11388.908586000414,154.40997237185107,5,0.0,True,0,pos,297.8833925712948,0.06987223148859345,OnTrack,1582.0,6555.0,549.0
2026-08-22 14:54:53.344,0 days 01:08:17.580000,44,647.1588888888889,0 days 00:00:03.949000,11396.0,154.0,4,0.0,True,0,car,298.0450000000001,0.0699101385084219,OnTrack,1583.576098448529,6556.49542751802,548.9979472824486
2026-08-22 14:54:53.540,0 days 01:08:17.776000,44,649.1733333333332,0 days 00:00:04.145000,10575.25,145.01666666666668,4,0.0,True,0,pos,305.8951986631442,0.07175149963126923,OnTrack,1678.0,6638.0,549.0
2026-08-22 14:54:53.584,0 days 01:08:17.820000,44,649.6255555555554,0 days 00:00:04.189000,10391.0,143.0,3,0.0,True,0,car,307.57833333333343,0.0721462996712674,OnTrack,1694.0838238161666,6651.242621192853,549.002980443046
2026-08-22 14:54:53.944,0 days 01:08:18.180000,44,655.9255555555553,0 days 00:00:04.549000,9399.0,126.0,3,0.0,True,0,car,320.17833333333346,0.0751017854039793,OnTrack,1768.152685843767,6683.470222376665,548.9921317255695
2026-08-22 14:54:53.980,0 days 01:08:18.216000,44,656.6355555555552,0 days 00:00:04.585000,9330.375,125.55,3,0.0,True,0,pos,321.4172408239676,0.0753923864684808,OnTrack,1784.0,6686.0,549.0
2026-08-22 14:54:54.104,0 days 01:08:18.340000,44,659.0811111111108,0 days 00:00:04.709000,9094.0,124.0,3,0.0,True,0,car,325.6894444444445,0.07639448463098555,OnTrack,1855.7290004891029,6697.035391941246,549.0353766447828
2026-08-22 14:54:54.160,0 days 01:08:18.396000,44,660.2788888888888,0 days 00:00:04.765000,8990.05,123.3,3,0.0,True,0,pos,327.6029860974051,0.07684332947656292,OnTrack,1885.0,6701.0,549.0
2026-08-22 14:54:54.264,0 days 01:08:18.500000,44,662.5033333333336,0 days 00:00:04.869000,8797.0,122.0,3,0.0,False,0,car,331.11166666666674,0.07766633387045944,OnTrack,1921.9585547131048,6704.404873546783,548.7920260212941
2026-08-22 14:54:54.504,0 days 01:08:18.740000,44,668.3699999999999,0 days 00:00:05.109000,8549.0,117.0,3,0.0,False,0,car,338.91166666666675,0.07949592027642395,OnTrack,1959.4634999648024,6696.887307621725,548.0277985420282
2026-08-22 14:54:54.520,0 days 01:08:18.756000,44,668.8144444444443,0 days 00:00:05.125000,8547.466666666667,116.8,3,0.19999999999999998,False,0,pos,339.42321515399715,0.07961591029673312,OnTrack,1963.0,6696.0,548.0
2026-08-22 14:54:54.744,0 days 01:08:18.980000,44,675.0366666666662,0 days 00:00:05.349000,8526.0,114.0,3,3.0,False,0,car,346.51166666666677,0.08127859421044066,OnTrack,2030.4189566917014,6679.106571421407,547.9563409670042
2026-08-22 14:54:54.820,0 days 01:08:19.056000,44,677.2533327397487,0 days 00:00:05.425000,8485.933065122526,113.36401690670677,3,6.4979070131127665,False,0,pos,348.88945701373984,0.08183633432521482,OnTrack,2054.0,6671.0,548.0
2026-08-22 14:54:54.900,0 days 01:08:19.136000,44,679.5866654482566,0 days 00:00:05.505000,8443.75734419887,112.69456101902969,3,10.17991439533673,False,0,pos,351.3783375943415,0.08242013202730941,OnTrack,2077.0,6661.0,548.0
2026-08-22 14:54:54.983,0 days 01:08:19.219000,44,682.0074999999997,0 days 00:00:05.588000,8400.0,112.0,3,14.0,False,0,car,353.9472222222223,0.08302269566752249,OnTrack,2099.0898544714632,6648.964526071843,547.6378400412361
2026-08-22 14:54:55.100,0 days 01:08:19.336000,44,685.6149980266665,0 days 00:00:05.705000,8420.4749888,111.41500032,3,18.094997760000002,False,0,pos,357.5468891117185,0.0838670420273972,OnTrack,2128.0,6629.0,547.0
2026-08-22 14:54:55.183,0 days 01:08:19.419000,44,688.1741666666666,0 days 00:00:05.788000,8435.0,111.0,3,21.0,False,0,car,360.113888888889,0.0844691635525799,OnTrack,2147.6532022745077,6612.610559777967,547.0031771560446
2026-08-22 14:54:55.260,0 days 01:08:19.496000,44,690.591109102222,0 days 00:00:05.865000,8497.562448,111.76999936,3,26.00499584,False,0,pos,362.52147596336744,0.08503389285804677,OnTrack,2165.0,6596.0,547.0
2026-08-22 14:54:55.583,0 days 01:08:19.819000,44,700.7297222222217,0 days 00:00:06.188000,8760.0,115.0,3,47.0,False,0,car,372.89166666666677,0.0874663492603565,OnTrack,2226.2464976942424,6514.70245092614,544.9875364585589
2026-08-22 14:54:55.600,0 days 01:08:19.836000,44,701.2774979377772,0 days 00:00:06.205000,8791.10988288,115.33999872,3,47.08499968,False,0,pos,373.4493008619148,0.08759714925306507,OnTrack,2229.0,6510.0,545.0
2026-08-22 14:54:55.783,0 days 01:08:20.019000,44,707.1741666666661,0 days 00:00:06.388000,9126.0,119.0,3,48.0,False,0,car,379.5027777777779,0.08901706708307572,OnTrack,2255.873357552659,6456.8853419730585,545.2687981677378
2026-08-22 14:54:55.799,0 days 01:08:20.035000,44,707.7074999999994,0 days 00:00:06.404000,9140.866666666667,119.06666666666666,3,48.333333333333336,False,0,pos,380.03237364874207,0.08914129034027711,OnTrack,2258.0,6452.0,545.0
2026-08-22 14:54:55.879,0 days 01:08:20.115000,44,710.374166666666,0 days 00:00:06.484000,9215.2,119.4,3,50.0,False,0,pos,382.67768778152816,0.08976178146551445,OnTrack,2268.0,6427.0,543.0
2026-08-22 14:54:56.023,0 days 01:08:20.259000,44,715.1741666666659,0 days 00:00:06.628000,9349.0,120.0,3,53.0,False,0,car,387.5027777777779,0.09089356596098802,OnTrack,2281.681110525167,6380.143449135341,542.5894609058647
2026-08-22 14:54:56.179,0 days 01:08:20.415000,44,720.1574999999993,0 days 00:00:06.784000,9725.74,125.46,3,58.46,False,0,pos,392.96117988492955,0.09217390163964605,OnTrack,2291.0,6327.0,544.0
2026-08-22 14:54:56.223,0 days 01:08:20.459000,44,721.5630555555549,0 days 00:00:06.828000,9832.0,127.0,3,60.0,False,0,car,394.55833333333345,0.09254853372136902,OnTrack,2292.810588594997,6311.605400141039,543.9628039580242
2026-08-22 14:54:56.380,0 days 01:08:20.616000,44,726.4038869155551,0 days 00:00:06.985000,10208.7998464,132.10249792,3,66.27999744,False,0,pos,400.4892017615942,0.09393969221520364,OnTrack,2296.0,6255.0,543.0
2026-08-22 14:54:56.623,0 days 01:08:20.859000,44,733.8963888888887,0 days 00:00:07.228000,10792.0,140.0,3,76.0,False,0,car,410.113888888889,0.09619728153953185,OnTrack,2289.231703561841,6161.860460975533,543.1107403961336
2026-08-22 14:54:56.700,0 days 01:08:20.936000,44,736.1849980977777,0 days 00:00:07.305000,10997.149829485714,141.64999862857144,3,79.02499748571428,False,0,pos,413.18281244903335,0.09691713549165805,OnTrack,2285.0,6133.0,543.0
2026-08-22 14:54:56.880,0 days 01:08:21.116000,44,741.5349980977778,0 days 00:00:07.485000,11476.721258057143,145.5071414857143,3,86.09642605714286,False,0,pos,420.49773614475174,0.09863294125503676,OnTrack,2270.0,6061.0,542.0
2026-08-22 14:54:56.903,0 days 01:08:21.139000,44,742.2186111111112,0 days 00:00:07.508000,11538.0,146.0,3,87.0,False,0,car,421.46944444444455,0.0988608674467907,OnTrack,2266.8238072211616,6048.593978948567,541.8652627304948
2026-08-22 14:54:57.060,0 days 01:08:21.296000,44,746.4052760711111,0 days 00:00:07.665000,10997.6585536,152.97777493333334,3,87.0,False,0,pos,428.3516475850341,0.10047517325565081,OnTrack,2240.0,5952.0,541.0
2026-08-22 14:54:57.263,0 days 01:08:21.499000,44,751.8186111111111,0 days 00:00:07.868000,10299.0,162.0,4,87.0,False,0,car,437.66944444444454,0.10266077767456314,OnTrack,2215.667414547069,5874.129744011924,539.7115706939493
2026-08-22 14:54:57.460,0 days 01:08:21.696000,44,756.8530539199995,0 days 00:00:08.065000,10810.379000533334,168.56666453333332,4,97.67082986666666,False,0,pos,446.9094511395551,0.10482813544897276,OnTrack,2193.0,5812.0,539.0
2026-08-22 14:54:57.503,0 days 01:08:21.739000,44,757.9519444444439,0 days 00:00:08.108000,10922.0,170.0,4,100.0,False,0,car,449.00277777777785,0.1053191510849389,OnTrack,2186.4706926295607,5794.121785594264,539.0123672717785
2026-08-22 14:54:57.720,0 days 01:08:21.956000,44,762.5330542044442,0 days 00:00:08.325000,11420.324853028571,182.39999634285715,4,100.0,False,0,pos,460.1055102569239,0.10792343421479866,OnTrack,2148.0,5689.0,538.0
2026-08-22 14:54:57.760,0 days 01:08:21.996000,44,763.3774986488886,0 days 00:00:08.365000,11512.181995885714,184.68571062857143,4,100.0,False,0,pos,462.23482851074175,0.1084228921290496,OnTrack,2141.0,5670.0,537.0
2026-08-22 14:54:57.783,0 days 01:08:22.019000,44,763.8630555555553,0 days 00:00:08.388000,11565.0,186.0,4,100.0,False,0,car,463.4694444444445,0.10871248655583034,OnTrack,2137.092132856864,5659.528644814191,536.4806771882609
2026-08-22 14:54:58.020,0 days 01:08:22.256000,44,768.0105544355557,0 days 00:00:08.625000,10557.750272,197.84999679999999,4,100.0,False,0,pos,476.6277630262827,0.11179893281258435,OnTrack,2098.0,5562.0,534.0
2026-08-22 14:54:58.103,0 days 01:08:22.339000,44,769.4630555555558,0 days 00:00:08.708000,10205.0,202.0,5,100.0,False,0,car,481.42500000000007,0.11292418403736686,OnTrack,2080.862481420081,5521.981944455403,533.3522243406222
2026-08-22 14:54:58.280,0 days 01:08:22.516000,44,771.8230547022224,0 days 00:00:08.885000,10529.991549155555,209.86666382222222,5,100.0,False,0,pos,491.98374871415285,0.11540086905165009,OnTrack,2039.0,5427.0,532.0
2026-08-22 14:54:58.463,0 days 01:08:22.699000,44,774.2630555555558,0 days 00:00:09.068000,10866.0,218.0,5,100.0,False,0,car,503.225,0.1180376434796779,OnTrack,1993.9402039950683,5327.348162963157,530.9758574394389
2026-08-22 14:54:58.540,0 days 01:08:22.776000,44,775.1827770133334,0 days 00:00:09.145000,10995.295725866667,220.24583146666666,5,100.0,False,0,pos,508.00781562984565,0.11915951200001126,OnTrack,1975.0,5286.0,531.0
2026-08-22 14:54:58.700,0 days 01:08:22.936000,44,777.0938881244443,0 days 00:00:09.305000,11263.962392533333,224.91249813333334,5,100.0,False,0,pos,518.0360168951518,0.12151175055273945,OnTrack,1934.0,5196.0,532.0
2026-08-22 14:54:58.703,0 days 01:08:22.939000,44,777.1297222222221,0 days 00:00:09.308000,11269.0,225.0,5,100.0,False,0,car,518.225,0.12155607887576349,OnTrack,1933.1118718511675,5193.987381821274,532.0180818459654
2026-08-22 14:54:58.920,0 days 01:08:23.156000,44,779.6011103822217,0 days 00:00:09.525000,11443.5041152,228.6166656,5,100.0,False,0,pos,532.009616795131,0.1247894311193278,OnTrack,1861.0,5021.0,533.0
2026-08-22 14:54:58.943,0 days 01:08:23.179000,44,779.863055555555,0 days 00:00:09.548000,11462.0,229.0,5,100.0,False,0,car,533.4916666666667,0.12513706423444615,OnTrack,1854.319634304555,5003.211845360755,533.1306717508165
2026-08-22 14:54:59.303,0 days 01:08:23.539000,44,783.263055555555,0 days 00:00:09.908000,11871.0,237.0,5,100.0,False,0,car,557.1916666666666,0.13069619216026135,OnTrack,1789.3851872113923,4773.371285190254,535.820590175194
2026-08-22 14:54:59.380,0 days 01:08:23.616000,44,783.9261105599994,0 days 00:00:09.985000,11941.674941257143,238.09999908571427,5,100.0,False,0,pos,562.3122541618811,0.13189728924638908,OnTrack,1782.0,4733.0,536.0
2026-08-22 14:54:59.583,0 days 01:08:23.819000,44,785.674166666666,0 days 00:00:10.188000,12128.0,241.0,5,100.0,False,0,car,575.9361111111111,0.13509293328114758,OnTrack,1770.829597267352,4637.4567002745935,535.3312059125938
2026-08-22 14:54:59.700,0 days 01:08:23.936000,44,786.5841664586397,0 days 00:00:10.305000,12239.179079061996,243.91044709586376,5,100.0,False,0,pos,583.9589273012955,0.13697478397846974,OnTrack,1769.0,4573.0,534.0
2026-08-22 14:54:59.784,0 days 01:08:24.020000,44,787.2375,0 days 00:00:10.389000,12319.0,246.0,5,100.0,False,0,car,589.671111111111,0.13831464729216325,OnTrack,1769.49864555426,4517.355134600473,532.5577427429407
2026-08-22 14:54:59.880,0 days 01:08:24.116000,44,788.4641666666665,0 days 00:00:10.485000,12052.12,241.92,5,76.0,False,0,pos,596.0497053066333,0.1398108253984827,OnTrack,1772.0,4449.0,531.0
2026-08-22 14:55:00.120,0 days 01:08:24.356000,44,791.5308333333328,0 days 00:00:10.725000,11384.92,231.72,5,16.000000000000004,False,0,pos,611.2609086508232,0.14337880114936624,OnTrack,1786.0,4283.0,530.0
2026-08-22 14:55:00.184,0 days 01:08:24.420000,44,792.3486111111105,0 days 00:00:10.789000,11207.0,229.0,5,0.0,True,0,car,615.1155555555555,0.14428295622330103,OnTrack,1790.1927014420482,4241.300017985301,529.8985694808522
2026-08-22 14:55:00.300,0 days 01:08:24.536000,44,794.7008333333326,0 days 00:00:10.905000,11238.255555555555,220.62222222222223,5,0.0,True,0,pos,621.8794638216697,0.14586951450725916,OnTrack,1797.0,4167.0,530.0
2026-08-22 14:55:00.500,0 days 01:08:24.736000,44,798.7563888888882,0 days 00:00:11.105000,11292.144444444444,206.17777777777778,5,0.0,True,0,pos,633.0074506757057,0.14847972136288684,OnTrack,1802.0,4039.0,532.0
2026-08-22 14:55:00.544,0 days 01:08:24.780000,44,799.6486111111104,0 days 00:00:11.149000,11304.0,203.0,5,0.0,True,0,car,635.4155555555554,0.1490445721260035,OnTrack,1801.5226837777864,4014.3726520536147,532.4980876027156
2026-08-22 14:55:00.660,0 days 01:08:24.896000,44,802.3230555555549,0 days 00:00:11.265000,11368.628571428571,198.85714285714286,5,0.0,True,0,pos,641.7067434108851,0.1505202479949112,OnTrack,1795.0,3952.0,534.0
2026-08-22 14:55:00.824,0 days 01:08:25.060000,44,806.104166666666,0 days 00:00:11.429000,11460.0,193.0,4,0.0,True,0,car,650.4266666666666,0.15256561377053066,OnTrack,1762.5765488202371,3845.7218484331734,537.615459230219
2026-08-22 14:55:00.980,0 days 01:08:25.216000,44,810.1774999999993,0 days 00:00:11.585000,11103.366666666667,188.66666666666666,4,0.43333333333333335,True,0,pos,658.4851617672568,0.1544558333972706,OnTrack,1722.0,3753.0,541.0
2026-08-22 14:55:01.184,0 days 01:08:25.420000,44,815.504166666666,0 days 00:00:11.789000,10637.0,183.0,4,1.0,True,0,car,668.7266666666666,0.15685810495375505,OnTrack,1677.3313521950756,3685.7846496240986,542.8943793526921
2026-08-22 14:55:01.380,0 days 01:08:25.616000,44,821.1663888888888,0 days 00:00:11.985000,10559.416666666666,177.28333333333333,4,18.966666666666665,True,0,pos,678.3276062862643,0.15911012400663993,OnTrack,1624.0,3641.0,544.0
2026-08-22 14:55:01.424,0 days 01:08:25.660000,44,822.4375000000001,0 days 00:00:12.029000,10542.0,176.0,4,23.0,False,0,car,680.4599999999999,0.15961030330802645,OnTrack,1608.1146000858735,3628.7030535427307,544.4095570651027
2026-08-22 14:55:01.580,0 days 01:08:25.816000,44,827.0741651754779,0 days 00:00:12.185000,10557.678386917503,173.64824196237444,4,35.54270953400297,False,0,pos,687.966924547079,0.16137114524417223,OnTrack,1545.0,3583.0,546.0
2026-08-22 14:55:01.623,0 days 01:08:25.859000,44,828.3522222222222,0 days 00:00:12.228000,10562.0,173.0,4,39.0,False,0,car,690.0230555555555,0.1618534361854531,OnTrack,1528.0997352626034,3572.063947185463,546.3088573970246
2026-08-22 14:55:01.840,0 days 01:08:26.076000,44,835.0430535822218,0 days 00:00:12.445000,10534.875008,171.1916672,4,48.9458304,False,0,pos,700.3324123447593,0.1642716232413204,OnTrack,1434.0,3523.0,547.0
2026-08-22 14:55:01.863,0 days 01:08:26.099000,44,835.7522222222217,0 days 00:00:12.468000,10532.0,171.0,4,50.0,False,0,car,701.4230555555555,0.16452744708647812,OnTrack,1420.4796223499725,3517.055569228603,547.0209111725611
2026-08-22 14:55:02.023,0 days 01:08:26.259000,44,840.5522222222213,0 days 00:00:12.628000,10466.0,171.0,4,50.0,False,0,car,709.0230555555555,0.16631012102049483,OnTrack,1312.1155833835746,3472.737155008077,546.9973637440647
2026-08-22 14:55:02.060,0 days 01:08:26.296000,44,841.4361095822214,0 days 00:00:12.665000,10512.8665856,171.4624992,4,53.3916608,False,0,pos,710.7916917500135,0.1667249764997868,OnTrack,1290.0,3464.0,547.0
2026-08-22 14:55:02.263,0 days 01:08:26.499000,44,846.2855555555552,0 days 00:00:12.868000,10770.0,174.0,4,72.0,False,0,car,720.6230555555555,0.1690310443934677,OnTrack,1206.4081322416137,3432.415344096281,547.2077955587931
2026-08-22 14:55:02.479,0 days 01:08:26.715000,44,850.3055555555553,0 days 00:00:13.084000,10856.4,178.62857142857143,4,76.62857142857143,False,0,pos,731.4214154403696,0.17156393316936105,OnTrack,1133.0,3406.0,547.0
2026-08-22 14:55:02.543,0 days 01:08:26.779000,44,851.4966666666664,0 days 00:00:13.148000,10882.0,180.0,4,78.0,False,0,car,734.6230555555555,0.17231491742981425,OnTrack,1102.8638175625954,3394.728635329727,546.6880177661488
2026-08-22 14:55:02.819,0 days 01:08:27.055000,44,855.7899999999997,0 days 00:00:13.424000,10546.857142857143,176.05714285714285,4,1.1142857142857137,False,0,pos,748.1241863983272,0.1754817745394403,OnTrack,950.0,3333.0,544.0
2026-08-22 14:55:02.823,0 days 01:08:27.059000,44,855.8522222222219,0 days 00:00:13.428000,10542.0,176.0,4,0.0,True,0,car,748.3119444444445,0.17552581550979754,OnTrack,947.9580747997783,3332.05368177358,543.9443813821975
2026-08-22 14:55:03.143,0 days 01:08:27.379000,44,860.9188888888882,0 days 00:00:13.748000,9728.0,161.0,4,0.0,True,0,car,762.6230555555555,0.17888266350250734,OnTrack,812.1582050157631,3255.711214590378,538.6519544036897
2026-08-22 14:55:03.200,0 days 01:08:27.436000,44,861.8055545599995,0 days 00:00:13.805000,10102.06208,160.05000106666665,4,0.0,True,0,pos,765.1181460151922,0.1794679178084821,OnTrack,794.0,3243.0,538.0
2026-08-22 14:55:03.383,0 days 01:08:27.619000,44,864.652222222222,0 days 00:00:13.988000,11303.0,157.0,4,0.0,True,0,car,773.0897222222222,0.18133774953444262,OnTrack,748.3786900761928,3205.1164284393826,537.0092781006707
2026-08-22 14:55:03.620,0 days 01:08:27.856000,44,868.2072212622215,0 days 00:00:14.225000,11058.100066133333,155.02500053333333,4,0.0,True,0,pos,783.2952741127937,0.18373158786833427,OnTrack,704.0,3146.0,536.0
2026-08-22 14:55:03.623,0 days 01:08:27.859000,44,868.2522222222216,0 days 00:00:14.228000,11055.0,155.0,3,0.0,False,0,car,783.4230555555556,0.18376156058507936,OnTrack,703.4200002925393,3145.0307074107413,535.9694400250162
2026-08-22 14:55:03.780,0 days 01:08:28.016000,44,870.519999075555,0 days 00:00:14.385000,10792.585821257142,152.19642971428573,3,0.0,False,0,pos,790.0520661170275,0.18531647694511322,OnTrack,674.0,3088.0,534.0
2026-08-22 14:55:03.903,0 days 01:08:28.139000,44,872.2966666666662,0 days 00:00:14.508000,10587.0,150.0,3,0.0,True,0,car,795.0897222222222,0.18649812144870148,OnTrack,657.7185981196485,3039.6851401041095,532.8249326600636
2026-08-22 14:55:04.040,0 days 01:08:28.276000,44,874.694165546666,0 days 00:00:14.645000,10463.7000576,144.29166933333335,3,0.0,True,0,pos,800.476056303046,0.1877615526810423,OnTrack,647.0,2986.0,532.0
2026-08-22 14:55:04.143,0 days 01:08:28.379000,44,876.4966666666659,0 days 00:00:14.748000,10371.0,140.0,3,0.0,False,0,car,804.4230555555556,0.1886873701395992,OnTrack,643.4459273871672,2947.8303229794797,531.6415099421079
2026-08-22 14:55:04.300,0 days 01:08:28.536000,44,879.5058321066658,0 days 00:00:14.905000,10057.436238933333,137.3833344,3,3.0527765333333337,False,0,pos,810.3396183105623,0.19007517306095767,OnTrack,649.0,2884.0,531.0
2026-08-22 14:55:04.500,0 days 01:08:28.736000,44,883.3391654399991,0 days 00:00:15.105000,9657.99179448889,134.05000106666665,3,6.941665422222223,False,0,pos,817.7137089665891,0.19180485716616494,OnTrack,678.0,2783.0,529.0
2026-08-22 14:55:04.503,0 days 01:08:28.739000,44,883.3966666666657,0 days 00:00:15.108000,9652.0,134.0,3,7.0,False,0,car,817.8230555555557,0.19183050576010233,OnTrack,678.4059364211346,2781.785698678156,528.9693425212698
2026-08-22 14:55:04.703,0 days 01:08:28.939000,44,887.507777777777,0 days 00:00:15.308000,9869.0,130.0,3,34.0,False,0,car,825.0452777777779,0.19352456724710648,OnTrack,697.7134494679601,2733.5268340024713,527.1408116427132
2026-08-22 14:55:04.900,0 days 01:08:29.136000,44,891.5572209066661,0 days 00:00:15.505000,9877.86499712,130.0,3,36.95499904,False,0,pos,832.1572819071861,0.19519277571817423,OnTrack,747.0,2694.0,526.0
2026-08-22 14:55:04.903,0 days 01:08:29.139000,44,891.6188888888884,0 days 00:00:15.508000,9878.0,130.0,3,37.0,False,0,car,832.2675,0.19521862873411064,OnTrack,748.3145265276023,2693.056114982444,525.9894950878106
2026-08-22 14:55:05.080,0 days 01:08:29.316000,44,894.9130543644438,0 days 00:00:15.685000,10104.077190981818,133.21818065454545,3,46.65454196363636,False,0,pos,838.9104190024569,0.19677680749088225,OnTrack,839.0,2631.0,526.0
2026-08-22 14:55:05.343,0 days 01:08:29.579000,44,899.8077777777771,0 days 00:00:15.948000,10440.0,138.0,3,61.0,False,0,car,849.1341666666667,0.19917491386837577,OnTrack,890.3740018330878,2608.904772427504,529.7743689322792
2026-08-22 14:55:05.360,0 days 01:08:29.596000,44,900.1052766577772,0 days 00:00:15.965000,10455.55494144,138.33999872,3,61.16999936,False,0,pos,849.8010020284697,0.1993313283443977,OnTrack,894.0,2608.0,530.0
2026-08-22 14:55:05.543,0 days 01:08:29.779000,44,903.3077777777773,0 days 00:00:16.148000,10623.0,142.0,3,63.0,False,0,car,857.0230555555556,0.20102535026187263,OnTrack,951.3097725148125,2592.269340050118,531.7125137323138
2026-08-22 14:55:05.680,0 days 01:08:29.916000,44,905.7052766577771,0 days 00:00:16.285000,11083.6622848,143.7124992,3,71.562496,False,0,pos,862.4852771132718,0.20230658183986797,OnTrack,1016.0,2586.0,535.0
2026-08-22 14:55:05.783,0 days 01:08:30.019000,44,907.5077777777769,0 days 00:00:16.388000,11430.0,145.0,3,78.0,False,0,car,866.6897222222224,0.2032927864060167,OnTrack,1076.8727166006772,2590.092986361463,539.8895617187576
2026-08-22 14:55:05.940,0 days 01:08:30.176000,44,910.0372211911105,0 days 00:00:16.545000,11725.15987968,151.27999744,3,78.0,False,0,pos,873.3358966017464,0.20485172875171495,OnTrack,1175.0,2606.0,549.0
2026-08-22 14:55:05.983,0 days 01:08:30.219000,44,910.7299999999993,0 days 00:00:16.588000,11806.0,153.0,3,78.0,False,0,car,875.1897222222224,0.20528656646379853,OnTrack,1198.7435717310038,2610.9978546959182,551.1756228658074
2026-08-22 14:55:06.264,0 days 01:08:30.500000,44,915.0230555555554,0 days 00:00:16.869000,10546.0,160.0,3,100.0,False,0,car,887.6786111111112,0.20821598971209496,OnTrack,1322.7976844233476,2646.9009435140765,561.9688071088145
2026-08-22 14:55:06.300,0 days 01:08:30.536000,44,915.5130555555554,0 days 00:00:16.905000,10627.40909090909,161.55454545454546,3,100.0,False,0,pos,889.3618286157072,0.20861080918192704,OnTrack,1336.0,2651.0,563.0
2026-08-22 14:55:06.704,0 days 01:08:30.940000,44,921.0119444444441,0 days 00:00:17.309000,11541.0,179.0,4,100.0,False,0,car,909.556388888889,0.21334769289349684,OnTrack,1471.9426991178611,2691.8303064022293,571.5815336331918
2026-08-22 14:55:06.720,0 days 01:08:30.956000,44,921.1897222222219,0 days 00:00:17.325000,11571.866666666667,179.86666666666667,4,100.0,False,0,pos,910.3898036781554,0.2135431806331086,OnTrack,1479.0,2694.0,572.0
2026-08-22 14:55:06.860,0 days 01:08:31.096000,44,922.7452777777772,0 days 00:00:17.465000,11841.95,187.45,4,100.0,False,0,pos,917.7791448823593,0.21527644194288356,OnTrack,1548.0,2716.0,576.0
2026-08-22 14:55:06.944,0 days 01:08:31.180000,44,923.6786111111104,0 days 00:00:17.549000,12004.0,192.0,4,100.0,False,0,car,922.356388888889,0.21635009109815653,OnTrack,1591.8309735007322,2731.8526732259675,578.1601038400852
2026-08-22 14:55:07.080,0 days 01:08:31.316000,44,924.6608333333326,0 days 00:00:17.685000,11549.945454545454,198.1818181818182,4,100.0,False,0,pos,930.0508993486079,0.21815493362862495,OnTrack,1659.0,2758.0,581.0
2026-08-22 14:55:07.380,0 days 01:08:31.616000,44,926.8274999999991,0 days 00:00:17.985000,10548.354545454546,211.8181818181818,4,100.0,False,0,pos,948.0221779078951,0.22237031913501895,OnTrack,1768.0,2800.0,585.0
2026-08-22 14:55:07.384,0 days 01:08:31.620000,44,926.856388888888,0 days 00:00:17.989000,10535.0,212.0,5,100.0,False,0,car,948.2675000000002,0.2224278624638392,OnTrack,1769.5893089392227,2800.5970909485095,585.0638077514102
2026-08-22 14:55:07.600,0 days 01:08:31.836000,44,927.876388888888,0 days 00:00:18.205000,10870.4,219.8,5,100.0,False,0,pos,961.7131016542361,0.2255816945159679,OnTrack,1869.0,2837.0,589.0
2026-08-22 14:55:07.744,0 days 01:08:31.980000,44,928.556388888888,0 days 00:00:18.349000,11094.0,225.0,5,100.0,False,0,car,970.7675000000002,0.22770551555796756,OnTrack,1949.744149410571,2864.7934837136154,591.0192399375059
2026-08-22 14:55:07.940,0 days 01:08:32.176000,44,929.4274999999998,0 days 00:00:18.545000,11507.233333333334,227.45,5,100.0,False,0,pos,983.1334385552381,0.23060609928587214,OnTrack,2070.0,2904.0,593.0
2026-08-22 14:55:07.984,0 days 01:08:32.220000,44,929.6230555555554,0 days 00:00:18.589000,11600.0,228.0,5,100.0,False,0,car,985.9675000000001,0.23127086342600095,OnTrack,2096.9955867109,2912.446510976537,593.3960971902377
2026-08-22 14:55:08.220,0 days 01:08:32.456000,44,929.7541666456361,0 days 00:00:18.825000,11901.654086952727,236.28070042615332,5,100.0,False,0,pos,1001.6841896306678,0.23495740723305641,OnTrack,2243.0,2955.0,595.0
2026-08-22 14:55:08.383,0 days 01:08:32.619000,44,929.844722222222,0 days 00:00:18.988000,12110.0,242.0,5,100.0,False,0,car,1012.7891666666668,0.23756221685146822,OnTrack,2347.890909841796,2980.594483753096,595.0695711556765
2026-08-22 14:55:08.400,0 days 01:08:32.636000,44,929.7833335644442,0 days 00:00:19.005000,12026.7003136,242.4249984,5,100.0,False,0,pos,1013.9498987869417,0.2378344809166248,OnTrack,2359.0,2983.0,595.0
2026-08-22 14:55:08.583,0 days 01:08:32.819000,44,929.122499999999,0 days 00:00:19.188000,11130.0,247.0,5,100.0,False,0,car,1026.511388888889,0.24078093367677614,OnTrack,2480.504458191813,3005.2804839123596,593.2458177563583
2026-08-22 14:55:08.600,0 days 01:08:32.836000,44,928.9761116622212,0 days 00:00:19.205000,11101.69510656,247.4249984,5,100.0,False,0,pos,1027.6910694061985,0.2410576423226544,OnTrack,2492.0,3007.0,593.0
2026-08-22 14:55:08.780,0 days 01:08:33.016000,44,927.4261116622213,0 days 00:00:19.385000,10801.99510656,251.9249984,5,100.0,False,0,pos,1040.3005689016427,0.24401535627943402,OnTrack,2615.0,3022.0,590.0
2026-08-22 14:55:08.783,0 days 01:08:33.019000,44,927.4002777777769,0 days 00:00:19.388000,10797.0,252.0,6,100.0,False,0,car,1040.5113888888893,0.24406480671312275,OnTrack,2617.032492680545,3022.218986678363,589.9585036762477
2026-08-22 14:55:08.999,0 days 01:08:33.235000,44,924.0402777777773,0 days 00:00:19.604000,10989.375,254.025,6,100.0,False,0,pos,1055.7239294776077,0.2476330961312385,OnTrack,2770.0,3035.0,587.0
2026-08-22 14:55:09.103,0 days 01:08:33.339000,44,922.4224999999997,0 days 00:00:19.708000,11082.0,255.0,6,100.0,False,0,car,1063.1780555555558,0.24938155353387426,OnTrack,2863.9177564847423,3037.333348881468,583.5037314186084
2026-08-22 14:55:09.239,0 days 01:08:33.475000,44,919.6269444444441,0 days 00:00:19.844000,11212.171428571428,259.85714285714283,6,100.0,False,0,pos,1073.1210403647344,0.25171380351356465,OnTrack,2986.0,3037.0,578.0
2026-08-22 14:55:09.383,0 days 01:08:33.619000,44,916.6669444444442,0 days 00:00:19.988000,11350.0,265.0,6,100.0,False,0,car,1083.789166666667,0.25421614439294,OnTrack,3075.8322937072735,3033.7608467158157,573.6162681632347
2026-08-22 14:55:09.540,0 days 01:08:33.776000,44,913.0472236977773,0 days 00:00:20.145000,11433.406216,267.9437488,6,100.0,False,0,pos,1095.4756097791362,0.25695734406635684,OnTrack,3163.0,3026.0,569.0
2026-08-22 14:55:09.543,0 days 01:08:33.779000,44,912.9780555555551,0 days 00:00:20.148000,11435.0,268.0,6,100.0,False,0,car,1095.700277777778,0.2570100427222761,OnTrack,3164.952088276405,3025.799227565733,568.896222788447
2026-08-22 14:55:09.780,0 days 01:08:34.016000,44,906.8555572088884,0 days 00:00:20.385000,11629.678518857143,272.2321417142857,6,100.0,False,0,pos,1113.641797148658,0.26121844784321335,OnTrack,3342.0,3004.0,559.0
2026-08-22 14:55:09.823,0 days 01:08:34.059000,44,905.7447222222218,0 days 00:00:20.428000,11665.0,273.0,6,100.0,False,0,car,1116.9336111111113,0.26199058349406834,OnTrack,3373.8689580264154,2998.9157252867617,556.9142912577063
2026-08-22 14:55:09.920,0 days 01:08:34.156000,44,902.9694462755551,0 days 00:00:20.525000,11165.103901257144,275.0785700571429,6,100.0,False,0,pos,1124.397944396529,0.2637414351233746,OnTrack,3447.0,2986.0,552.0
2026-08-22 14:55:10.103,0 days 01:08:34.339000,44,897.7336111111108,0 days 00:00:20.708000,10222.0,279.0,7,100.0,False,0,car,1138.6336111111111,0.26708058670040546,OnTrack,3613.4378635016137,2954.717166885129,542.5039881635797
2026-08-22 14:55:10.280,0 days 01:08:34.516000,44,892.4236130311106,0 days 00:00:20.885000,10336.312458666667,282.68749866666667,7,100.0,False,0,pos,1152.5936501830868,0.27035508640717726,OnTrack,3768.0,2925.0,535.0
2026-08-22 14:55:10.343,0 days 01:08:34.579000,44,890.5336111111105,0 days 00:00:20.948000,10377.0,284.0,7,100.0,False,0,car,1157.5669444444445,0.27152163404479795,OnTrack,3811.5857361199082,2916.6687914427766,533.1710838597878
2026-08-22 14:55:10.503,0 days 01:08:34.739000,44,885.6002777777771,0 days 00:00:21.108000,10521.0,284.0,7,100.0,False,0,car,1170.1891666666668,0.27448233227439295,OnTrack,3903.1722901034054,2899.652428207017,530.2170379568483
2026-08-22 14:55:10.580,0 days 01:08:34.816000,44,883.1405575999993,0 days 00:00:21.185000,10558.674968685715,285.3749988571429,7,100.0,False,0,pos,1176.3243169747602,0.27592140760801304,OnTrack,3955.0,2891.0,529.0
2026-08-22 14:55:10.780,0 days 01:08:35.016000,44,876.7516687111104,0 days 00:00:21.385000,10656.532111542858,288.94642742857144,7,100.0,False,0,pos,1192.424900149922,0.2796979983907537,OnTrack,4120.0,2867.0,526.0
2026-08-22 14:55:10.783,0 days 01:08:35.019000,44,876.6558333333326,0 days 00:00:21.388000,10658.0,289.0,7,100.0,False,0,car,1192.6669444444447,0.27975477287163825,OnTrack,4122.478785605987,2866.702927352189,525.9621640421182
2026-08-22 14:55:11.000,0 days 01:08:35.236000,44,869.844446453333,0 days 00:00:21.605000,10728.5249792,290.3562496,7,100.0,False,0,pos,1210.1981565044546,0.28386693534151963,OnTrack,4295.0,2853.0,524.0
2026-08-22 14:55:11.103,0 days 01:08:35.339000,44,866.6113888888888,0 days 00:00:21.708000,10762.0,291.0,7,100.0,False,0,car,1218.533611111111,0.28582211924355466,OnTrack,4378.641694075196,2852.1341796998163,523.6529196128163
2026-08-22 14:55:11.303,0 days 01:08:35.539000,44,860.4447222222216,0 days 00:00:21.908000,10826.0,292.0,7,100.0,False,0,car,1234.7558333333334,0.2896272419682102,OnTrack,4540.125734632105,2860.6803264148098,523.9334772146415
2026-08-22 14:55:11.320,0 days 01:08:35.556000,44,859.9252797333327,0 days 00:00:21.925000,10829.22998784,292.16999936,7,100.0,False,0,pos,1236.1399628988997,0.28995190666529397,OnTrack,4553.0,2862.0,524.0
2026-08-22 14:55:11.500,0 days 01:08:35.736000,44,854.4252797333327,0 days 00:00:22.105000,10863.42998784,293.96999936,7,100.0,False,0,pos,1250.8437551024588,0.2934008628616733,OnTrack,4697.0,2887.0,525.0
2026-08-22 14:55:11.503,0 days 01:08:35.739000,44,854.3336111111105,0 days 00:00:22.108000,10864.0,294.0,7,100.0,False,0,car,1251.0891666666666,0.29345842717728116,OnTrack,4700.11922181544,2887.778384295292,525.0178351156851
2026-08-22 14:55:11.680,0 days 01:08:35.916000,44,849.0727796799997,0 days 00:00:22.285000,10893.20498944,294.88499968,7,100.0,False,0,pos,1265.5876005398723,0.2968592140391007,OnTrack,4917.0,2952.0,526.0
2026-08-22 14:55:11.703,0 days 01:08:35.939000,44,848.3891666666664,0 days 00:00:22.308000,10897.0,295.0,7,100.0,False,0,car,1267.4780555555556,0.29730264362855985,OnTrack,4942.319446439431,2960.607477902466,526.1038149774068
2026-08-22 14:55:11.943,0 days 01:08:36.179000,44,841.3891666666661,0 days 00:00:22.548000,10924.0,297.0,7,100.0,False,0,car,1287.2780555555555,0.30194697835139284,OnTrack,5126.67420717397,3041.0672428732673,526.809648475704
2026-08-22 14:55:12.140,0 days 01:08:36.376000,44,835.8075018133331,0 days 00:00:22.745000,10901.2218824,296.3843752,7,100.0,False,0,pos,1303.4744047710367,0.3057460322425336,OnTrack,5232.0,3102.0,528.0
2026-08-22 14:55:12.263,0 days 01:08:36.499000,44,832.3225,0 days 00:00:22.868000,10887.0,296.0,7,100.0,False,0,car,1313.5891666666666,0.3081185746609711,OnTrack,5297.194678202393,3140.196360910062,529.3887841866923
2026-08-22 14:55:12.420,0 days 01:08:36.656000,44,827.9177795733333,0 days 00:00:23.025000,10894.8499968,296.78499968,7,100.0,False,0,pos,1326.536442151189,0.31115551815081205,OnTrack,5389.0,3195.0,532.0
2026-08-22 14:55:12.463,0 days 01:08:36.699000,44,826.7113888888889,0 days 00:00:23.068000,10897.0,297.0,7,100.0,False,0,car,1330.0891666666669,0.3119888535966653,OnTrack,5418.029790356574,3212.5990659755066,532.9073223073334
2026-08-22 14:55:12.640,0 days 01:08:36.876000,44,821.5980574044443,0 days 00:00:23.245000,10915.58499328,297.88499968,7,100.0,False,0,pos,1344.739206256338,0.3154252014530889,OnTrack,5546.0,3291.0,538.0
2026-08-22 14:55:12.663,0 days 01:08:36.899000,44,820.9336111111108,0 days 00:00:23.268000,10918.0,298.0,7,100.0,False,0,car,1346.6447222222223,0.3158721637745671,OnTrack,5561.644471874679,3300.63591955388,538.9260316258446
2026-08-22 14:55:12.840,0 days 01:08:37.076000,44,815.0336120681209,0 days 00:00:23.445000,10930.682240933531,298.0,7,100.0,False,0,pos,1361.3176281552944,0.3193138752144574,OnTrack,5689.0,3375.0,548.0
2026-08-22 14:55:12.984,0 days 01:08:37.220000,44,810.2336111111117,0 days 00:00:23.589000,10941.0,298.0,7,100.0,False,0,car,1373.2163888888888,0.32210487661009957,OnTrack,5852.1669569194255,3454.3434307495686,557.1513729258722
2026-08-22 14:55:13.100,0 days 01:08:37.336000,44,806.0125000000004,0 days 00:00:23.705000,10938.825,296.55,7,100.0,False,0,pos,1382.7528833686283,0.32434177925890556,OnTrack,5986.0,3513.0,564.0
2026-08-22 14:55:13.144,0 days 01:08:37.380000,44,804.4113888888892,0 days 00:00:23.749000,10938.0,296.0,7,100.0,False,0,car,1386.3719444444444,0.3251906747648887,OnTrack,6029.169438697169,3530.219711842141,566.1671170153834
2026-08-22 14:55:13.424,0 days 01:08:37.660000,44,792.9780555555556,0 days 00:00:24.029000,10873.0,297.0,7,100.0,False,0,car,1409.4719444444445,0.33060906527486056,OnTrack,6214.814104738298,3579.9703713294425,574.9181540906094
2026-08-22 14:55:13.580,0 days 01:08:37.816000,44,786.1313888888889,0 days 00:00:24.185000,10854.057142857142,295.8857142857143,7,100.0,False,0,pos,1422.2891209748882,0.3336154924470332,OnTrack,6303.0,3592.0,579.0
2026-08-22 14:55:13.704,0 days 01:08:37.940000,44,780.6891666666666,0 days 00:00:24.309000,10839.0,295.0,7,100.0,False,0,car,1432.416388888889,0.33599096830665076,OnTrack,6378.9401080869075,3601.2653463497822,582.6285236851792
2026-08-22 14:55:13.864,0 days 01:08:38.100000,44,773.6224999999997,0 days 00:00:24.469000,10768.0,292.0,7,100.0,False,0,car,1445.394166666667,0.3390350664863752,OnTrack,6486.058347049292,3612.0067143528395,587.1778206437097
2026-08-22 14:55:13.900,0 days 01:08:38.136000,44,771.9624999999997,0 days 00:00:24.505000,10748.02,291.82,7,100.0,False,0,pos,1448.3084017806364,0.3397186363515423,OnTrack,6512.0,3614.0,588.0
2026-08-22 14:55:14.060,0 days 01:08:38.296000,44,764.584722222222,0 days 00:00:24.665000,10659.22,291.02,7,100.0,False,0,pos,1461.2383571750213,0.34275151720016966,OnTrack,6637.0,3621.0,591.0
2026-08-22 14:55:14.064,0 days 01:08:38.300000,44,764.4002777777775,0 days 00:00:24.669000,10657.0,291.0,7,100.0,False,0,car,1461.5608333333334,0.34282715796882296,OnTrack,6640.407244207005,3621.1413662428163,591.0779842280325
2026-08-22 14:55:14.384,0 days 01:08:38.620000,44,749.0224999999994,0 days 00:00:24.989000,10567.0,289.0,7,100.0,False,0,car,1487.2497222222223,0.34885280436567473,OnTrack,6936.979893340988,3627.8602388519307,597.7781345964803
2026-08-22 14:55:14.400,0 days 01:08:38.636000,44,748.2180555555549,0 days 00:00:25.005000,10564.7,288.95,7,100.0,False,0,pos,1488.53139769108,0.3491534371880696,OnTrack,6950.0,3628.0,598.0
2026-08-22 14:55:14.704,0 days 01:08:38.940000,44,732.9336111111106,0 days 00:00:25.309000,10521.0,288.0,7,100.0,False,0,car,1512.8497222222222,0.3548576007749941,OnTrack,7151.5368332138,3627.6943882922546,599.2242912519058
2026-08-22 14:55:14.780,0 days 01:08:39.016000,44,729.0913888888884,0 days 00:00:25.385000,10512.133333333333,287.68333333333334,7,100.0,False,0,pos,1518.9145701588031,0.356280185818457,OnTrack,7206.0,3627.0,599.0
2026-08-22 14:55:14.940,0 days 01:08:39.176000,44,721.0024999999996,0 days 00:00:25.545000,10493.466666666667,287.01666666666665,7,100.0,False,0,pos,1531.6645342647316,0.3592708474857315,OnTrack,7334.0,3625.0,598.0
2026-08-22 14:55:14.944,0 days 01:08:39.180000,44,720.8002777777774,0 days 00:00:25.549000,10493.0,287.0,7,100.0,False,0,car,1531.9830555555554,0.3593455605913343,OnTrack,7337.128671995817,3624.945298086487,597.9599274193527
2026-08-22 14:55:15.143,0 days 01:08:39.379000,44,710.7397222222216,0 days 00:00:25.748000,10457.0,286.0,7,100.0,False,0,car,1547.7925,0.3630538611863865,OnTrack,7489.86952743056,3620.867474599658,594.8475981222806
2026-08-22 14:55:15.180,0 days 01:08:39.416000,44,708.9000031822217,0 days 00:00:25.785000,10459.03499648,285.44500096,7,100.0,False,0,pos,1550.7125861905752,0.3637388034938892,OnTrack,7524.0,3619.0,594.0
2026-08-22 14:55:15.343,0 days 01:08:39.579000,44,700.7952777777773,0 days 00:00:25.948000,10468.0,283.0,7,100.0,False,0,car,1563.5147222222222,0.3667417027311725,OnTrack,7706.808947559617,3605.1551599702975,589.2440668988978
2026-08-22 14:55:15.459,0 days 01:08:39.695000,44,695.1563888888885,0 days 00:00:26.064000,10054.75,281.55,7,27.499999999999993,False,0,pos,1572.6030319886702,0.36887347811602994,OnTrack,7821.0,3594.0,586.0
2026-08-22 14:55:15.503,0 days 01:08:39.739000,44,693.0174999999997,0 days 00:00:26.108000,9898.0,281.0,7,0.0,True,0,car,1576.003611111111,0.36967112597946894,OnTrack,7852.785305844405,3590.2021874583575,584.993725943109
2026-08-22 14:55:15.743,0 days 01:08:39.979000,44,682.2175000000002,0 days 00:00:26.348000,11298.0,270.0,7,0.0,True,0,car,1594.0036111111108,0.37389324845477157,OnTrack,7958.47314852865,3566.6332147602543,580.4108673106504
2026-08-22 14:55:15.759,0 days 01:08:39.995000,44,681.5241666666668,0 days 00:00:26.364000,11300.8,269.76,7,3.36,True,0,pos,1595.1926509760103,0.37417215245130614,OnTrack,7967.0,3564.0,580.0
2026-08-22 14:55:15.943,0 days 01:08:40.179000,44,673.5508333333335,0 days 00:00:26.548000,11333.0,267.0,6,42.0,False,0,car,1608.836944444444,0.37737259012423396,OnTrack,8091.5386206699195,3522.0203131507797,573.9373153120247
2026-08-22 14:55:16.020,0 days 01:08:40.256000,44,670.4494470222223,0 days 00:00:26.625000,11242.800074971428,265.9000009142857,6,41.450000457142856,False,0,pos,1614.5132972258393,0.3787040488273493,OnTrack,8145.0,3500.0,571.0
2026-08-22 14:55:16.223,0 days 01:08:40.459000,44,662.2730555555556,0 days 00:00:26.828000,11005.0,263.0,6,40.0,False,0,car,1629.2924999999998,0.3821706935051181,OnTrack,8268.73000771084,3431.1947352228963,562.6361001233471
2026-08-22 14:55:16.300,0 days 01:08:40.536000,44,659.3427802133338,0 days 00:00:26.905000,10902.4938352,259.1500032,6,40.9624992,False,0,pos,1634.7772751792163,0.3834572153137933,OnTrack,8316.0,3396.0,559.0
2026-08-22 14:55:16.383,0 days 01:08:40.619000,44,656.1841666666674,0 days 00:00:26.988000,10792.0,255.0,6,42.0,False,0,car,1640.625833333333,0.3848290669154939,OnTrack,8369.653514461941,3350.6390441989784,554.712134175093
2026-08-22 14:55:16.500,0 days 01:08:40.736000,44,652.056668924445,0 days 00:00:27.105000,10775.1812592,252.0750016,6,52.968744,False,0,pos,1648.79047116752,0.3867441836322954,OnTrack,8442.0,3282.0,549.0
2026-08-22 14:55:16.543,0 days 01:08:40.779000,44,650.5397222222227,0 days 00:00:27.148000,10769.0,251.0,6,57.0,False,0,car,1651.7813888888886,0.3874457403508049,OnTrack,8464.539520183072,3258.6069966912364,547.3745620610515
2026-08-22 14:55:16.903,0 days 01:08:41.139000,44,638.8397222222229,0 days 00:00:27.508000,10777.0,250.0,6,82.0,False,0,car,1676.7813888888886,0.3933097993442809,OnTrack,8588.862470937785,3077.320907491802,539.5278814049661
2026-08-22 14:55:16.920,0 days 01:08:41.156000,44,638.3155575288896,0 days 00:00:27.525000,10779.37999104,250.0,6,82.76499712,False,0,pos,1677.9603277015124,0.39358633401415793,OnTrack,8594.0,3067.0,539.0
2026-08-22 14:55:16.980,0 days 01:08:41.216000,44,636.4655575288896,0 days 00:00:27.585000,10787.77999104,250.0,6,85.46499712,False,0,pos,1682.1201940135702,0.3945620820725132,OnTrack,8612.0,3029.0,537.0
2026-08-22 14:55:17.103,0 days 01:08:41.339000,44,632.6730555555562,0 days 00:00:27.708000,10805.0,250.0,6,91.0,False,0,car,1690.6702777777775,0.39656760989621204,OnTrack,8644.900991873876,2949.9066714974188,533.8607162654595
2026-08-22 14:55:17.220,0 days 01:08:41.456000,44,629.293057404445,0 days 00:00:27.825000,10828.665896145454,251.0636357818182,6,93.39318050909091,False,0,pos,1698.8730851678704,0.3984916797541171,OnTrack,8670.0,2873.0,532.0
2026-08-22 14:55:17.520,0 days 01:08:41.756000,44,620.626390737778,0 days 00:00:28.125000,10889.347714327272,253.7909085090909,6,99.52954414545455,False,0,pos,1720.0915634957082,0.4034687361007664,OnTrack,8703.0,2665.0,530.0
2026-08-22 14:55:17.543,0 days 01:08:41.779000,44,619.9619444444447,0 days 00:00:28.148000,10894.0,254.0,6,100.0,False,0,car,1721.714722222222,0.4038494680418884,OnTrack,8703.545544282786,2648.6653931574547,529.825774013495
2026-08-22 14:55:17.680,0 days 01:08:41.916000,44,616.1944462044448,0 days 00:00:28.285000,10929.61998336,254.0,6,100.0,False,0,pos,1731.3690970209893,0.40611402097649246,OnTrack,8702.0,2552.0,529.0
2026-08-22 14:55:17.743,0 days 01:08:41.979000,44,614.461944444445,0 days 00:00:28.348000,10946.0,254.0,6,100.0,False,0,car,1735.825833333333,0.4071594035626504,OnTrack,8699.928861758899,2509.6293978440067,529.3104755696866
2026-08-22 14:55:17.900,0 days 01:08:42.136000,44,610.4061127644446,0 days 00:00:28.505000,11038.2374624,255.9624992,6,100.0,False,0,pos,1746.9909430008217,0.4097783180330018,OnTrack,8685.0,2397.0,532.0
2026-08-22 14:55:17.903,0 days 01:08:42.139000,44,610.3286111111113,0 days 00:00:28.508000,11040.0,256.0,6,100.0,False,0,car,1747.2036111111108,0.40982820196679237,OnTrack,8684.42727562638,2394.4448375905276,532.0715625783473
2026-08-22 14:55:18.140,0 days 01:08:42.376000,44,604.6011126577778,0 days 00:00:28.745000,10982.725015466667,254.02500053333333,6,100.0,False,0,pos,1763.924171888351,0.41375021615886187,OnTrack,8614.0,2168.0,539.0
2026-08-22 14:55:18.143,0 days 01:08:42.379000,44,604.5286111111111,0 days 00:00:28.748000,10982.0,254.0,6,100.0,False,0,car,1764.1369444444442,0.4138001245917068,OnTrack,8613.085674966167,2165.551636446483,539.0786583697983
2026-08-22 14:55:18.383,0 days 01:08:42.619000,44,598.7286111111118,0 days 00:00:28.988000,11076.0,257.0,6,92.0,False,0,car,1781.2702777777774,0.4178189596885689,OnTrack,8549.42591388963,2031.3949475096533,543.6752140238293
2026-08-22 14:55:18.600,0 days 01:08:42.836000,44,594.0269458311118,0 days 00:00:29.205000,11016.3250176,256.3218752,6,97.42499839999999,False,0,pos,1796.686346220003,0.42143498908027593,OnTrack,8488.0,1939.0,547.0
2026-08-22 14:55:18.703,0 days 01:08:42.939000,44,591.7952777777784,0 days 00:00:29.308000,10988.0,256.0,6,100.0,False,0,car,1804.025833333333,0.4231565564968528,OnTrack,8451.346543288631,1881.8033958976598,548.9048772352169
2026-08-22 14:55:18.760,0 days 01:08:42.996000,44,590.5127792177784,0 days 00:00:29.365000,11006.3468544,256.5343744,6,100.0,False,0,pos,1808.104972886808,0.42411336909622077,OnTrack,8426.0,1842.0,550.0
2026-08-22 14:55:18.980,0 days 01:08:43.216000,44,585.5627792177783,0 days 00:00:29.585000,11077.1593544,258.5968744,6,100.0,False,0,pos,1823.9447103268867,0.42782877528781244,OnTrack,8295.0,1636.0,554.0
2026-08-22 14:55:19.023,0 days 01:08:43.259000,44,584.5952777777782,0 days 00:00:29.628000,11091.0,259.0,6,100.0,False,0,car,1827.0480555555553,0.4285567032677338,OnTrack,8270.810856913607,1597.931722280542,554.58187977172
2026-08-22 14:55:19.223,0 days 01:08:43.459000,44,579.6508333333338,0 days 00:00:29.828000,10974.0,260.0,6,100.0,False,0,car,1841.4924999999996,0.4319448262417422,OnTrack,8175.873783475276,1448.3825770828844,556.1895572373245
2026-08-22 14:55:20.120,0 days 01:08:44.356000,44,550.9966668790773,0 days 00:00:30.725000,11144.259738997625,259.1038961105388,6,100.0,False,0,pos,1906.0204368198476,0.4470806513712972,OnTrack,7931.0,996.0,546.0
2026-08-22 14:55:20.224,0 days 01:08:44.460000,44,547.6744444444453,0 days 00:00:30.829000,11164.0,259.0,6,100.0,False,0,car,1913.5088888888886,0.44883716035940424,OnTrack,7890.897860881927,906.8812774744988,543.8329432609108
2026-08-22 14:55:20.420,0 days 01:08:44.656000,44,541.0866666666675,0 days 00:00:31.025000,11012.59,257.53,6,100.0,False,0,pos,1927.636227063378,0.4521509021384439,OnTrack,7819.0,745.0,540.0
2026-08-22 14:55:20.624,0 days 01:08:44.860000,44,534.2300000000009,0 days 00:00:31.229000,10855.0,256.0,6,100.0,True,0,car,1941.953333333333,0.45550915636975914,OnTrack,7776.629772378711,651.3173556258043,537.7457098664161
2026-08-22 14:55:20.700,0 days 01:08:44.936000,44,532.0133333333342,0 days 00:00:31.305000,10970.554545454546,252.2,6,86.00909090909092,True,0,pos,1947.0759571232334,0.4567107310939736,OnTrack,7761.0,616.0,537.0
2026-08-22 14:55:20.880,0 days 01:08:45.116000,44,526.763333333334,0 days 00:00:31.485000,11244.236363636364,243.2,6,52.87272727272727,True,0,pos,1958.7652848004955,0.459452607377715,OnTrack,7709.0,504.0,535.0
2026-08-22 14:55:21.064,0 days 01:08:45.300000,44,521.3966666666672,0 days 00:00:31.669000,11524.0,234.0,5,19.0,False,0,car,1970.553333333333,0.46221763985829567,OnTrack,7611.366653147815,343.25796249899446,532.7904334940048
2026-08-22 14:55:21.140,0 days 01:08:45.376000,44,519.2011111111116,0 days 00:00:31.745000,11575.775,232.575,5,24.225,False,0,pos,1975.4436296633326,0.4633647193052835,OnTrack,7575.0,289.0,532.0
2026-08-22 14:55:21.224,0 days 01:08:45.460000,44,516.7744444444447,0 days 00:00:31.829000,11633.0,231.0,5,30.0,False,0,car,1980.8199999999997,0.46462581341828313,OnTrack,7544.867961220605,247.79278540894674,531.2747820405092
2026-08-22 14:55:21.520,0 days 01:08:45.756000,44,508.716666666667,0 days 00:00:32.125000,11043.466666666667,223.6,5,30.822222222222223,False,0,pos,1999.154592048605,0.46892641859405654,OnTrack,7475.0,198.0,529.0
2026-08-22 14:55:21.584,0 days 01:08:45.820000,44,506.97444444444477,0 days 00:00:32.189000,10916.0,222.0,5,31.0,False,0,car,2003.0199999999998,0.46983309780448984,OnTrack,7449.794199872666,184.22408857410022,528.2137082214015
2026-08-22 14:55:21.860,0 days 01:08:46.096000,44,499.9977793781596,0 days 00:00:32.465000,10780.473149368167,214.08602332076885,5,58.69891837730905,False,0,pos,2019.4269492821406,0.47368155054422756,OnTrack,7304.0,114.0,525.0
2026-08-22 14:55:21.863,0 days 01:08:46.099000,44,499.9219444444443,0 days 00:00:32.468000,10779.0,214.0,5,59.0,False,0,car,2019.605,0.47372331454076183,OnTrack,7302.355940289674,113.43012699243523,524.992586654906
2026-08-22 14:55:21.980,0 days 01:08:46.216000,44,496.9969460444443,0 days 00:00:32.585000,10783.3874976,214.0,5,68.5062448,False,0,pos,2026.5587251950992,0.4753543967315011,OnTrack,7234.0,95.0,525.0
2026-08-22 14:55:22.023,0 days 01:08:46.259000,44,495.9219444444443,0 days 00:00:32.628000,10785.0,214.0,5,72.0,False,0,car,2029.116111111111,0.47595426320672424,OnTrack,7201.94033589354,89.2691028975867,524.8415609209758
2026-08-22 14:55:22.223,0 days 01:08:46.459000,44,490.9774999999995,0 days 00:00:32.828000,10849.0,214.0,5,100.0,False,0,car,2041.005,0.4787429490391773,OnTrack,7027.586420960745,69.03850503144828,523.0932920016612
2026-08-22 14:55:22.239,0 days 01:08:46.475000,44,490.59972222222177,0 days 00:00:32.844000,10851.4,214.0,5,99.71428571428571,False,0,pos,2041.9547609888662,0.4789657272179139,OnTrack,7017.0,68.0,523.0
2026-08-22 14:55:22.503,0 days 01:08:46.739000,44,484.36638888888865,0 days 00:00:33.108000,10891.0,214.0,5,95.0,False,0,car,2057.6494444444443,0.48264710920461146,OnTrack,6916.797186473166,63.87036256975856,522.9347802936757
2026-08-22 14:55:22.560,0 days 01:08:46.796000,44,482.9888904355553,0 days 00:00:33.165000,10897.0562432,215.0687488,5,96.781248,False,0,pos,2061.0752644483778,0.48345067762877525,OnTrack,6884.0,66.0,523.0
2026-08-22 14:55:22.663,0 days 01:08:46.899000,44,480.49972222222186,0 days 00:00:33.268000,10908.0,217.0,5,100.0,False,0,car,2067.293888888889,0.48490933285187243,OnTrack,6799.9771980752585,72.47119087998882,523.0474058761992
2026-08-22 14:55:22.860,0 days 01:08:47.096000,44,476.1766680711106,0 days 00:00:33.465000,10903.0750016,217.7035712,5,100.0,False,0,pos,2079.210437735576,0.48770450666929677,OnTrack,6618.0,88.0,523.0
2026-08-22 14:55:22.943,0 days 01:08:47.179000,44,474.35527777777725,0 days 00:00:33.548000,10901.0,218.0,5,100.0,False,0,car,2084.2494444444446,0.48888646797366997,OnTrack,6573.355494082213,92.04014997579907,522.9942724031813
2026-08-22 14:55:23.240,0 days 01:08:47.476000,44,468.08527912888843,0 days 00:00:33.845000,11091.265584,219.8562496,5,100.0,False,0,pos,2102.393804936732,0.4931424519866968,OnTrack,6474.0,113.0,523.0
2026-08-22 14:55:23.263,0 days 01:08:47.499000,44,467.59972222222177,0 days 00:00:33.868000,11106.0,220.0,5,100.0,False,0,car,2103.8050000000003,0.493473465230789,OnTrack,6457.842079390335,117.31927468698346,522.9946261741259
2026-08-22 14:55:23.520,0 days 01:08:47.756000,44,463.3877788266665,0 days 00:00:34.125000,11113.852775822223,221.42777742222222,5,100.0,False,0,pos,2119.6285544345474,0.49718507549841545,OnTrack,6226.0,181.0,523.0
2026-08-22 14:55:23.623,0 days 01:08:47.859000,44,461.69972222222214,0 days 00:00:34.228000,11117.0,222.0,5,100.0,False,0,car,2126.005,0.4986807496169956,OnTrack,6169.768675810086,197.2227647175886,523.1873525931189
2026-08-22 14:55:23.783,0 days 01:08:48.019000,44,458.9886111111109,0 days 00:00:34.388000,11176.0,224.0,5,100.0,False,0,car,2135.9605555555554,0.5010159482206198,OnTrack,6134.546057130821,209.87172119295897,523.6962724016836
2026-08-22 14:55:23.940,0 days 01:08:48.176000,44,456.8952786311108,0 days 00:00:34.545000,11098.060746057143,222.87857188571428,5,43.92859428571428,False,0,pos,2145.82006815669,0.5033286187622188,OnTrack,6064.0,245.0,524.0
2026-08-22 14:55:24.063,0 days 01:08:48.299000,44,455.25527777777734,0 days 00:00:34.668000,11037.0,222.0,5,0.0,True,0,car,2153.2272222222223,0.5050660582987806,OnTrack,5965.327541308333,295.1125410276277,524.0114185845174
2026-08-22 14:55:24.120,0 days 01:08:48.356000,44,455.3819443022218,0 days 00:00:34.725000,11014.718206836364,217.20682356363636,5,0.0,True,0,pos,2156.4722017975273,0.5058272083652692,OnTrack,5924.0,317.0,524.0
2026-08-22 14:55:24.400,0 days 01:08:48.636000,44,456.00416652444426,0 days 00:00:35.005000,10905.263661381818,193.66136901818183,5,0.0,True,0,pos,2170.8691261956105,0.509204184925068,OnTrack,5831.0,378.0,524.0
2026-08-22 14:55:24.503,0 days 01:08:48.739000,44,456.23305555555544,0 days 00:00:35.108000,10865.0,185.0,4,0.0,True,0,car,2175.838333333333,0.5103697738773243,OnTrack,5809.398076144445,394.2476453896881,523.9329367729289
2026-08-22 14:55:24.640,0 days 01:08:48.876000,44,457.64111045333317,0 days 00:00:35.245000,11137.09709511111,177.00833706666666,4,0.0,True,0,pos,2182.283758505233,0.5118816280151665,OnTrack,5777.0,420.0,524.0
2026-08-22 14:55:24.863,0 days 01:08:49.099000,44,459.93305555555526,0 days 00:00:35.468000,11580.0,164.0,4,0.0,True,0,car,2192.2383333333332,0.5142165965770445,OnTrack,5700.346429252508,487.9269997332942,524.991091141787
2026-08-22 14:55:24.940,0 days 01:08:49.176000,44,461.1736100799998,0 days 00:00:35.545000,11362.4751808,159.0500041142857,4,0.0,True,0,pos,2195.4658276804453,0.5149736452671476,OnTrack,5675.0,512.0,525.0
2026-08-22 14:55:25.120,0 days 01:08:49.356000,44,464.07361008,0 days 00:00:35.725000,10853.9751808,147.47857554285713,4,0.0,True,0,pos,2202.684330186245,0.5166668342486902,OnTrack,5624.0,567.0,524.0
2026-08-22 14:55:25.143,0 days 01:08:49.379000,44,464.44416666666666,0 days 00:00:35.748000,10789.0,146.0,3,0.0,True,0,car,2203.5938888888886,0.5168801824843035,OnTrack,5617.244832798282,575.7392744970429,523.8773762895146
2026-08-22 14:55:25.383,0 days 01:08:49.619000,44,468.9108333333338,0 days 00:00:35.988000,10157.0,140.0,3,0.0,True,0,car,2212.927222222222,0.5190694311752011,OnTrack,5546.685221900792,683.6255918826125,523.0510823155911
2026-08-22 14:55:25.400,0 days 01:08:49.636000,44,469.2886096888894,0 days 00:00:36.005000,10134.17758592,139.66000128,3,0.0,True,0,pos,2213.571835265303,0.5192206331317047,OnTrack,5543.0,690.0,523.0
2026-08-22 14:55:25.783,0 days 01:08:50.019000,44,477.7997222222225,0 days 00:00:36.388000,9620.0,132.0,3,0.0,False,0,car,2227.5938888888886,0.5225096791180404,OnTrack,5511.535878832953,785.5700397909753,522.0107163413287
2026-08-22 14:55:25.800,0 days 01:08:50.036000,44,478.2011097278053,0 days 00:00:36.405000,9599.870716137939,131.7462695311505,3,0.08457682294983417,False,0,pos,2228.2084243015825,0.522653825994585,OnTrack,5511.0,791.0,522.0
2026-08-22 14:55:25.880,0 days 01:08:50.116000,44,480.0899992181318,0 days 00:00:36.485000,9505.144317817096,130.5522393002155,3,0.4825868999281671,False,0,pos,2231.0982995748705,0.523331681958039,OnTrack,5509.0,819.0,522.0
2026-08-22 14:55:25.984,0 days 01:08:50.220000,44,482.54555555555635,0 days 00:00:36.589000,9382.0,129.0,3,1.0,False,0,car,2234.7963888888885,0.5241991145140608,OnTrack,5510.614559382146,854.7976773049013,522.1050821919814
2026-08-22 14:55:26.140,0 days 01:08:50.376000,44,486.6188888888897,0 days 00:00:36.745000,9328.266666666666,125.53333333333333,3,6.633333333333334,False,0,pos,2240.117366345487,0.5254472155423987,OnTrack,5523.0,906.0,522.0
2026-08-22 14:55:26.320,0 days 01:08:50.556000,44,491.3188888888898,0 days 00:00:36.925000,9266.266666666666,121.53333333333333,3,13.133333333333335,False,0,pos,2246.0927051670546,0.5268488051166259,OnTrack,5551.0,963.0,521.0
2026-08-22 14:55:26.344,0 days 01:08:50.580000,44,491.94555555555644,0 days 00:00:36.949000,9258.0,121.0,3,14.0,False,0,car,2246.8963888888884,0.5270373190669031,OnTrack,5555.358790822584,970.2672587470322,520.9851968073357
2026-08-22 14:55:26.560,0 days 01:08:50.796000,44,497.5855555555562,0 days 00:00:37.165000,9356.1,121.9,3,35.6,False,0,pos,2254.208636034484,0.5287524970123689,OnTrack,5599.0,1032.0,522.0
2026-08-22 14:55:26.584,0 days 01:08:50.820000,44,498.21222222222286,0 days 00:00:37.189000,9367.0,122.0,3,38.0,False,0,car,2255.0297222222216,0.5289450929261139,OnTrack,5604.239673812469,1038.5511128955898,522.0661430960981
2026-08-22 14:55:26.744,0 days 01:08:50.980000,44,502.3900000000008,0 days 00:00:37.349000,9431.0,124.0,3,40.0,False,0,car,2260.5408333333326,0.5302377921531202,OnTrack,5641.074065338072,1080.6386299164749,522.044749694812
2026-08-22 14:55:26.820,0 days 01:08:51.056000,44,504.35333333333426,0 days 00:00:37.425000,9543.1,124.475,3,43.0875,False,0,pos,2263.1703281984633,0.5308545726736069,OnTrack,5660.0,1099.0,522.0
2026-08-22 14:55:26.880,0 days 01:08:51.116000,44,505.9033333333344,0 days 00:00:37.485000,9631.6,124.85,3,45.525,False,0,pos,2265.250198922868,0.5313424320586754,OnTrack,5676.0,1113.0,522.0
2026-08-22 14:55:27.064,0 days 01:08:51.300000,44,510.6566666666681,0 days 00:00:37.669000,9903.0,126.0,3,53.0,False,0,car,2271.7408333333324,0.5328648905821973,OnTrack,5744.8411537157635,1169.1622455323254,522.0131495751153
2026-08-22 14:55:27.200,0 days 01:08:51.436000,44,513.867777777779,0 days 00:00:37.805000,10167.18,129.06,3,57.76,False,0,pos,2276.7118770119787,0.5340309103178263,OnTrack,5799.0,1210.0,522.0
2026-08-22 14:55:27.464,0 days 01:08:51.700000,44,520.101111111112,0 days 00:00:38.069000,10680.0,135.0,3,67.0,False,0,car,2286.7408333333324,0.5363833259782829,OnTrack,5880.460897587821,1260.378271187195,521.8929065692798
2026-08-22 14:55:27.620,0 days 01:08:51.856000,44,523.5677777777789,0 days 00:00:38.225000,10856.614285714286,138.9,3,65.88571428571429,False,0,pos,2292.8581963933825,0.5378182290930287,OnTrack,5923.0,1282.0,522.0
2026-08-22 14:55:27.744,0 days 01:08:51.980000,44,526.3233333333346,0 days 00:00:38.349000,10997.0,142.0,3,65.0,False,0,car,2297.7852777777766,0.5389739369291785,OnTrack,5957.1810553620535,1298.4563455796717,522.2564583394882
2026-08-22 14:55:27.904,0 days 01:08:52.140000,44,529.7900000000009,0 days 00:00:38.509000,11310.0,145.0,3,74.0,False,0,car,2304.2297222222214,0.5404855610252746,OnTrack,6002.7491235666685,1318.9675900667448,522.7517378879216
2026-08-22 14:55:28.040,0 days 01:08:52.276000,44,532.4344444444455,0 days 00:00:38.645000,11021.566666666668,150.1,3,81.36666666666666,False,0,pos,2309.9671377709305,0.5418313427551833,OnTrack,6048.0,1337.0,523.0
2026-08-22 14:55:28.144,0 days 01:08:52.380000,44,534.4566666666678,0 days 00:00:38.749000,10801.0,154.0,3,87.0,False,0,car,2314.4963888888883,0.5428937345852621,OnTrack,6087.343966978051,1351.3259221135525,523.0401376129616
2026-08-22 14:55:28.280,0 days 01:08:52.516000,44,536.8366666666682,0 days 00:00:38.885000,10081.56,158.76,3,90.4,False,0,pos,2320.5583120868732,0.5443156335951382,OnTrack,6144.0,1370.0,523.0
2026-08-22 14:55:28.344,0 days 01:08:52.580000,44,537.9566666666683,0 days 00:00:38.949000,9743.0,161.0,3,92.0,False,0,car,2323.4408333333326,0.5449917645807058,OnTrack,6172.218522216261,1378.3925452462702,522.9951626452603
2026-08-22 14:55:28.460,0 days 01:08:52.696000,44,539.889999378226,0 days 00:00:39.065000,10011.723531666805,162.7487431561831,3,96.66331508315494,False,0,pos,2328.6903127759974,0.5462230948661788,OnTrack,6222.0,1392.0,523.0
2026-08-22 14:55:28.543,0 days 01:08:52.779000,44,541.2733333333344,0 days 00:00:39.148000,10204.0,164.0,4,100.0,False,0,car,2332.5063888888885,0.5471182026841622,OnTrack,6251.916505767829,1399.3398870326926,523.0014802529587
2026-08-22 14:55:28.699,0 days 01:08:52.935000,44,543.6133333333345,0 days 00:00:39.304000,10472.32,169.46,4,100.0,False,0,pos,2339.8818456229897,0.5488482072198662,OnTrack,6304.0,1410.0,523.0
2026-08-22 14:55:28.743,0 days 01:08:52.979000,44,544.2733333333344,0 days 00:00:39.348000,10548.0,171.0,4,100.0,False,0,car,2342.0063888888885,0.5493465451016831,OnTrack,6320.986416961802,1413.1168052319201,522.9991620224546
2026-08-22 14:55:29.023,0 days 01:08:53.259000,44,548.0066666666667,0 days 00:00:39.628000,11016.0,179.0,4,100.0,False,0,car,2355.928611111111,0.5526121743989388,OnTrack,6454.757048744351,1434.7785516840077,522.9942942050079
2026-08-22 14:55:29.119,0 days 01:08:53.355000,44,549.1266666666668,0 days 00:00:39.724000,11137.44,181.88,4,100.0,False,0,pos,2360.8247137794538,0.5537606157943501,OnTrack,6510.0,1443.0,523.0
2026-08-22 14:55:29.223,0 days 01:08:53.459000,44,550.3400000000001,0 days 00:00:39.828000,11269.0,185.0,4,100.0,False,0,car,2366.206388888889,0.5550229542073679,OnTrack,6575.038768670631,1452.3815191575422,523.012253441893
2026-08-22 14:55:29.420,0 days 01:08:53.656000,44,552.3647215644454,0 days 00:00:40.025000,11541.516578133333,189.9249984,4,100.0,False,0,pos,2376.6419423770035,0.5574707422587231,OnTrack,6696.0,1470.0,523.0
2026-08-22 14:55:29.463,0 days 01:08:53.699000,44,552.8066666666678,0 days 00:00:40.068000,11601.0,191.0,4,100.0,False,0,car,2378.939722222222,0.5580097149213783,OnTrack,6717.57044274934,1473.4264063528615,522.977392258693
2026-08-22 14:55:29.900,0 days 01:08:54.136000,44,557.7836103822227,0 days 00:00:40.505000,11144.136430545455,190.00681832727273,4,0.6818327272727328,False,0,pos,2402.012004561749,0.5634216039115031,OnTrack,6883.0,1509.0,524.0
2026-08-22 14:55:29.903,0 days 01:08:54.139000,44,557.8177777777782,0 days 00:00:40.508000,11141.0,190.0,4,0.0,True,0,car,2402.1619444444445,0.5634567741642071,OnTrack,6884.416945768737,1509.3678717571872,524.0350576133986
2026-08-22 14:55:29.980,0 days 01:08:54.216000,44,559.1011100444451,0 days 00:00:40.585000,10888.8252096,185.0500041142857,4,0.0,True,0,pos,2405.95584794459,0.5643466811218234,OnTrack,6924.0,1520.0,525.0
2026-08-22 14:55:30.183,0 days 01:08:54.419000,44,562.4844444444457,0 days 00:00:40.788000,10224.0,172.0,4,0.0,True,0,car,2415.539722222222,0.5665946972878271,OnTrack,7068.853083955349,1565.7377021388313,525.8624656197453
2026-08-22 14:55:30.260,0 days 01:08:54.496000,44,563.8747210666678,0 days 00:00:40.865000,10423.2373344,168.79166933333335,4,0.0,True,0,pos,2419.0706449554373,0.5674229188561862,OnTrack,7114.0,1581.0,526.0
2026-08-22 14:55:30.423,0 days 01:08:54.659000,44,566.8177777777787,0 days 00:00:41.028000,10845.0,162.0,4,0.0,True,0,car,2426.339722222222,0.5691279707730088,OnTrack,7164.180923772532,1599.7477824333757,526.5194243527266
2026-08-22 14:55:30.600,0 days 01:08:54.836000,44,570.1611099022232,0 days 00:00:41.205000,11074.21491712,153.1500032,4,0.0,True,0,pos,2433.8419847247546,0.5708877191689844,OnTrack,7193.0,1615.0,527.0
2026-08-22 14:55:30.623,0 days 01:08:54.859000,44,570.5955555555565,0 days 00:00:41.228000,11104.0,152.0,3,0.0,True,0,car,2434.7841666666664,0.5711087195885829,OnTrack,7198.425773522896,1617.891664877086,527.0202056415951
2026-08-22 14:55:30.863,0 days 01:08:55.099000,44,574.5955555555561,0 days 00:00:41.468000,10441.0,142.0,3,0.0,True,0,car,2444.250833333333,0.573329243260779,OnTrack,7276.005394098252,1662.0111100016272,526.8202713432623
2026-08-22 14:55:30.960,0 days 01:08:55.196000,44,575.8080547555561,0 days 00:00:41.565000,10243.3626304,140.1812512,3,0.0,True,0,pos,2448.0203477865975,0.5742134294660073,OnTrack,7312.0,1691.0,527.0
2026-08-22 14:55:31.023,0 days 01:08:55.259000,44,576.5955555555561,0 days 00:00:41.628000,10115.0,139.0,3,0.0,True,0,car,2450.4286111111105,0.574778317394278,OnTrack,7335.811797535143,1713.8992955602362,527.2729551870937
2026-08-22 14:55:31.160,0 days 01:08:55.396000,44,577.6991661511113,0 days 00:00:41.765000,9934.7594592,135.5750016,3,0.0,True,0,pos,2455.489302931854,0.5759653652096637,OnTrack,7383.0,1765.0,528.0
2026-08-22 14:55:31.343,0 days 01:08:55.579000,44,579.1733333333332,0 days 00:00:41.948000,9694.0,131.0,3,0.0,False,0,car,2462.073055555555,0.577509665761017,OnTrack,7415.806505622858,1801.5233898271997,528.2268488307343
2026-08-22 14:55:31.503,0 days 01:08:55.739000,44,579.7955555555563,0 days 00:00:42.108000,9365.0,130.0,3,0.0,False,0,car,2467.850833333333,0.5788649149506204,OnTrack,7429.313786895306,1838.2641580556613,528.0286161075036
2026-08-22 14:55:31.560,0 days 01:08:55.796000,44,580.0013886577784,0 days 00:00:42.165000,9310.28006144,128.5750016,3,0.8549990399999999,False,0,pos,2469.8446680460474,0.5793325935257643,OnTrack,7436.0,1866.0,528.0
2026-08-22 14:55:31.720,0 days 01:08:55.956000,44,580.5791664355557,0 days 00:00:42.325000,9156.68006144,124.57500160000001,3,3.2549990399999995,False,0,pos,2475.2103252510274,0.5805911747413152,OnTrack,7457.0,1969.0,528.0
2026-08-22 14:55:31.903,0 days 01:08:56.139000,44,581.2399999999998,0 days 00:00:42.508000,8981.0,120.0,3,6.0,False,0,car,2481.1841666666664,0.5819924130804742,OnTrack,7462.916485045854,2019.2857351692908,527.8537013022789
2026-08-22 14:55:32.080,0 days 01:08:56.316000,44,581.5841665422223,0 days 00:00:42.685000,8688.212605866667,117.7875008,3,1.5750016000000002,False,0,pos,2486.947927578132,0.5833443744408392,OnTrack,7457.0,2043.0,528.0
2026-08-22 14:55:32.143,0 days 01:08:56.379000,44,581.7066666666669,0 days 00:00:42.748000,8584.0,117.0,3,0.0,False,0,car,2488.984166666666,0.5838219994864388,OnTrack,7454.541165041865,2059.9419698662555,528.2319305679885
2026-08-22 14:55:32.320,0 days 01:08:56.556000,44,582.0508332088895,0 days 00:00:42.925000,8645.9499776,115.52500053333333,3,16.224994133333333,False,0,pos,2494.6468820557366,0.5851502593706297,OnTrack,7445.0,2121.0,529.0
2026-08-22 14:55:32.383,0 days 01:08:56.619000,44,582.1733333333341,0 days 00:00:42.988000,8668.0,115.0,3,22.0,False,0,car,2496.6508333333327,0.5856203109111047,OnTrack,7439.6594076429965,2141.1244776218336,529.0761649056523
2026-08-22 14:55:32.520,0 days 01:08:56.756000,44,582.2113888786993,0 days 00:00:43.125000,8760.613682365345,115.0,3,28.401867444609085,False,0,pos,2500.9971774911164,0.5866397996529923,OnTrack,7425.0,2182.0,529.0
2026-08-22 14:55:32.704,0 days 01:08:56.940000,44,582.2625000000007,0 days 00:00:43.309000,8885.0,115.0,3,37.0,False,0,car,2506.9049999999993,0.5880255524415954,OnTrack,7401.2479558350615,2236.126816344404,528.9876732891662
2026-08-22 14:55:32.820,0 days 01:08:57.056000,44,582.0691666666673,0 days 00:00:43.425000,9008.042857142857,117.07142857142857,3,41.55714285714286,False,0,pos,2510.7421064190266,0.5889255931778123,OnTrack,7383.0,2269.0,529.0
2026-08-22 14:55:32.860,0 days 01:08:57.096000,44,582.0025000000007,0 days 00:00:43.465000,9050.471428571429,117.78571428571429,3,43.128571428571426,False,0,pos,2512.0846380323587,0.5892405005610597,OnTrack,7376.0,2280.0,529.0
2026-08-22 14:55:32.984,0 days 01:08:57.220000,44,581.795833333334,0 days 00:00:43.589000,9182.0,120.0,3,48.0,False,0,car,2516.238333333333,0.5902148011324931,OnTrack,7352.064405903454,2313.5157940581216,528.9294289568758
2026-08-22 14:55:33.200,0 days 01:08:57.436000,44,581.2558333333337,0 days 00:00:43.805000,9467.3,120.9,3,53.4,False,0,pos,2523.478020213728,0.5919129591709306,OnTrack,7304.0,2368.0,529.0
2026-08-22 14:55:33.224,0 days 01:08:57.460000,44,581.1958333333337,0 days 00:00:43.829000,9499.0,121.0,3,54.0,False,0,car,2524.3049999999994,0.5921069375010547,OnTrack,7298.349926963333,2373.5319831282245,529.0751755775578
2026-08-22 14:55:33.440,0 days 01:08:57.676000,44,580.355833333334,0 days 00:00:44.045000,9954.4,128.2,3,62.1,False,0,pos,2532.0236755595424,0.5939174482543612,OnTrack,7240.0,2421.0,530.0
2026-08-22 14:55:33.464,0 days 01:08:57.700000,44,580.2625000000007,0 days 00:00:44.069000,10005.0,129.0,3,63.0,False,0,car,2532.9049999999993,0.5941241737948104,OnTrack,7231.63015464948,2426.5645806574776,530.0450508792202
2026-08-22 14:55:33.640,0 days 01:08:57.876000,44,579.6269444444456,0 days 00:00:44.245000,10394.84,134.28,3,67.4,False,0,pos,2539.4905445429845,0.5956688946629796,OnTrack,7165.0,2466.0,530.0
2026-08-22 14:55:33.664,0 days 01:08:57.900000,44,579.540277777779,0 days 00:00:44.269000,10448.0,135.0,3,68.0,False,0,car,2540.4049999999993,0.5958833914928532,OnTrack,7157.417407759198,2470.067565499102,529.9817115482555
2026-08-22 14:55:33.920,0 days 01:08:58.156000,44,577.9758333333344,0 days 00:00:44.525000,10938.971428571429,140.4857142857143,3,72.57142857142857,False,0,pos,2550.4087155290017,0.5982298866134941,OnTrack,7079.0,2500.0,530.0
2026-08-22 14:55:33.944,0 days 01:08:58.180000,44,577.8291666666678,0 days 00:00:44.549000,10985.0,141.0,3,73.0,False,0,car,2551.371666666666,0.598455758704658,OnTrack,7066.366185581085,2503.5943823725825,530.0626071750095
2026-08-22 14:55:34.160,0 days 01:08:58.396000,44,575.6091666666675,0 days 00:00:44.765000,11516.9,147.075,3,83.8,False,0,pos,2560.246969901712,0.6005375707748698,OnTrack,6918.0,2541.0,531.0
2026-08-22 14:55:34.264,0 days 01:08:58.500000,44,574.5402777777786,0 days 00:00:44.869000,11773.0,150.0,3,89.0,False,0,car,2564.7049999999995,0.6015832568345119,OnTrack,6852.761348492804,2553.3650305183505,531.4114248500523
2026-08-22 14:55:34.480,0 days 01:08:58.716000,44,571.180277777778,0 days 00:00:45.085000,12359.8,161.7,3,94.4,False,0,pos,2574.441013613134,0.6038669591620602,OnTrack,6742.0,2568.0,532.0
2026-08-22 14:55:34.504,0 days 01:08:58.740000,44,570.8069444444445,0 days 00:00:45.109000,12425.0,163.0,3,95.0,False,0,car,2575.5716666666663,0.6041321678103427,OnTrack,6731.560468072871,2569.3278252445184,532.0366581842517
2026-08-22 14:55:34.864,0 days 01:08:59.100000,44,563.0069444444448,0 days 00:00:45.469000,11142.0,180.0,4,100.0,False,0,car,2593.5716666666663,0.6083542902856455,OnTrack,6597.08954597402,2587.001044683489,532.0134864310332
2026-08-22 14:55:34.880,0 days 01:08:59.116000,44,562.6069444444448,0 days 00:00:45.485000,11182.933333333332,180.53333333333333,4,100.0,False,0,pos,2594.3938711309447,0.6085471485049746,OnTrack,6590.0,2588.0,532.0
2026-08-22 14:55:35.080,0 days 01:08:59.316000,44,557.6069444444452,0 days 00:00:45.685000,11694.6,187.2,4,100.0,False,0,pos,2604.816720301322,0.6109919566015823,OnTrack,6490.0,2602.0,532.0
2026-08-22 14:55:35.104,0 days 01:08:59.340000,44,557.0069444444453,0 days 00:00:45.709000,11756.0,188.0,4,100.0,False,0,car,2606.1049999999996,0.6112941385277081,OnTrack,6477.490732359686,2603.5776352224034,532.0851959087536
2026-08-22 14:55:35.279,0 days 01:08:59.515000,44,551.9513883937892,0 days 00:00:45.884000,11457.2552008689,196.78661173915,4,100.0,False,0,pos,2615.778060641599,0.6135630744577005,OnTrack,6385.0,2614.0,533.0
2026-08-22 14:55:35.343,0 days 01:08:59.579000,44,550.1025,0 days 00:00:45.948000,11348.0,200.0,4,100.0,False,0,car,2619.3827777777774,0.6144086054153542,OnTrack,6350.270634589005,2617.6523526242536,533.0798282630035
2026-08-22 14:55:35.439,0 days 01:08:59.675000,44,547.0891666666669,0 days 00:00:46.044000,11081.9,202.1,4,100.0,False,0,pos,2624.82386645951,0.6156848800160908,OnTrack,6297.0,2623.0,533.0
2026-08-22 14:55:35.639,0 days 01:08:59.875000,44,540.8113888888895,0 days 00:00:46.244000,10527.525,206.475,4,100.0,False,0,pos,2636.3659238995733,0.6183922122454756,OnTrack,6184.0,2633.0,533.0
2026-08-22 14:55:35.663,0 days 01:08:59.899000,44,540.0580555555562,0 days 00:00:46.268000,10461.0,207.0,5,100.0,False,0,car,2637.7827777777775,0.6187245528345525,OnTrack,6171.40274325987,2633.9670677355225,533.066984979772
2026-08-22 14:55:35.823,0 days 01:09:00.059000,44,534.6358333333337,0 days 00:00:46.428000,11057.0,216.0,5,100.0,False,0,car,2647.3827777777774,0.6209763514880473,OnTrack,6086.678952434281,2638.8835987398184,533.8420589040683
2026-08-22 14:55:35.880,0 days 01:09:00.116000,44,532.6725022044448,0 days 00:00:46.485000,11165.86987776,217.13999872,5,100.0,False,0,pos,2650.8319445723623,0.6217853961905189,OnTrack,6041.0,2640.0,534.0
2026-08-22 14:55:36.023,0 days 01:09:00.259000,44,527.7469444444446,0 days 00:00:46.628000,11439.0,220.0,5,100.0,False,0,car,2659.6049999999996,0.6238432247737467,OnTrack,5885.24439954898,2641.1166528381423,533.9877498709159
2026-08-22 14:55:36.040,0 days 01:09:00.276000,44,527.1236134577779,0 days 00:00:46.645000,11465.4561504,221.062496,5,100.0,False,0,pos,2660.6714023853187,0.6240933626336785,OnTrack,5867.0,2641.0,534.0
2026-08-22 14:55:36.183,0 days 01:09:00.419000,44,521.8802777777778,0 days 00:00:46.788000,11688.0,230.0,5,100.0,False,0,car,2669.8272222222217,0.626240973339968,OnTrack,5732.75771185643,2637.5597682630982,534.4309981498326
2026-08-22 14:55:36.343,0 days 01:09:00.579000,44,515.8802777777773,0 days 00:00:46.948000,11734.0,236.0,5,100.0,False,0,car,2680.316111111111,0.6287012718687863,OnTrack,5622.719553085589,2629.380545200631,535.4593824159282
2026-08-22 14:55:36.500,0 days 01:09:00.736000,44,510.2108356444439,0 days 00:00:47.105000,11056.096704914286,238.24285622857144,5,100.0,False,0,pos,2690.707210741285,0.6311386327183235,OnTrack,5552.0,2623.0,536.0
2026-08-22 14:55:36.623,0 days 01:09:00.859000,44,505.769166666666,0 days 00:00:47.228000,10525.0,240.0,5,100.0,False,0,car,2698.9827777777773,0.6330797692505817,OnTrack,5521.803383345704,2619.987019261432,535.9561885444933
2026-08-22 14:55:36.740,0 days 01:09:00.976000,44,501.2841691199997,0 days 00:00:47.345000,10637.90493824,245.26499712,5,100.0,False,0,pos,2707.0189940592195,0.6349647631049301,OnTrack,5484.0,2616.0,536.0
2026-08-22 14:55:36.823,0 days 01:09:01.059000,44,498.10249999999996,0 days 00:00:47.428000,10718.0,249.0,6,100.0,False,0,car,2712.8161111111103,0.6363245485603051,OnTrack,5435.122305596067,2610.965379521153,536.3444165866044
2026-08-22 14:55:36.940,0 days 01:09:01.176000,44,493.5525024888887,0 days 00:00:47.545000,10867.440827345454,252.19090734545455,6,100.0,False,0,pos,2721.122533961443,0.6382729227050693,OnTrack,5346.0,2601.0,537.0
2026-08-22 14:55:37.263,0 days 01:09:01.499000,44,480.9913888888882,0 days 00:00:47.868000,11280.0,261.0,6,100.0,False,0,car,2744.716111111111,0.6438070878359805,OnTrack,5076.45616443335,2560.3443863430753,537.9451729000737
2026-08-22 14:55:37.280,0 days 01:09:01.516000,44,480.33028026666597,0 days 00:00:47.885000,11293.1749504,261.4249984,6,100.0,False,0,pos,2745.9743642536305,0.6441022266622392,OnTrack,5063.0,2558.0,538.0
2026-08-22 14:55:37.583,0 days 01:09:01.819000,44,468.5469444444434,0 days 00:00:48.188000,11528.0,269.0,6,100.0,False,0,car,2768.627222222222,0.649415734482185,OnTrack,4846.7935569635065,2515.254899880809,539.3436588046312
2026-08-22 14:55:37.720,0 days 01:09:01.956000,44,463.44750238222105,0 days 00:00:48.325000,11254.489413485715,270.95714194285716,6,100.0,False,0,pos,2778.9823793986156,0.6518446645849485,OnTrack,4757.0,2495.0,540.0
2026-08-22 14:55:37.863,0 days 01:09:02.099000,44,458.12472222222095,0 days 00:00:48.468000,10969.0,273.0,6,100.0,False,0,car,2789.8605555555555,0.6543962752539774,OnTrack,4665.696198883583,2473.1004873691813,540.6412343737458
2026-08-22 14:55:38.080,0 days 01:09:02.316000,44,450.1680579022216,0 days 00:00:48.685000,10222.1585536,275.7124992,6,100.0,False,0,pos,2806.492467851897,0.65829749584918,OnTrack,4521.0,2436.0,542.0
2026-08-22 14:55:38.103,0 days 01:09:02.339000,44,449.3247222222217,0 days 00:00:48.708000,10143.0,276.0,7,100.0,False,0,car,2808.260555555555,0.6587122226731756,OnTrack,4504.1940966520515,2431.56669045373,542.2161503346672
2026-08-22 14:55:38.260,0 days 01:09:02.496000,44,443.7861133688875,0 days 00:00:48.865000,10257.60995328,277.56999936,7,100.0,False,0,pos,2820.361370018515,0.6615506182683719,OnTrack,4387.0,2400.0,544.0
2026-08-22 14:55:38.303,0 days 01:09:02.539000,44,442.2691666666651,0 days 00:00:48.908000,10289.0,278.0,7,100.0,False,0,car,2823.705,0.6623349080069231,OnTrack,4357.3560901170995,2391.753707180197,544.5389967832956
2026-08-22 14:55:38.503,0 days 01:09:02.739000,44,435.0469444444443,0 days 00:00:49.108000,10357.0,283.0,7,100.0,False,0,car,2839.4272222222216,0.6660227495517089,OnTrack,4215.636998984195,2349.7877474536685,547.369626398113
2026-08-22 14:55:38.540,0 days 01:09:02.776000,44,433.75194668444414,0 days 00:00:49.145000,10386.78494848,283.0,7,100.0,False,0,pos,2842.3367820889353,0.6667052227798472,OnTrack,4178.0,2338.0,548.0
2026-08-22 14:55:38.703,0 days 01:09:02.939000,44,428.0469444444434,0 days 00:00:49.308000,10518.0,283.0,7,100.0,False,0,car,2855.1494444444443,0.669710591096495,OnTrack,3967.766025465954,2270.6584116577983,551.1090118123444
2026-08-22 14:55:38.760,0 days 01:09:02.996000,44,426.0677799999988,0 days 00:00:49.365000,10521.562496,283.7124992,7,100.0,False,0,pos,2859.650879146977,0.6707664582425323,OnTrack,3907.0,2251.0,552.0
2026-08-22 14:55:38.863,0 days 01:09:03.099000,44,422.4913888888873,0 days 00:00:49.468000,10528.0,285.0,7,100.0,False,0,car,2867.8161111111112,0.6726817143198562,OnTrack,3836.9090484046246,2228.1433217130493,553.1029942410419
2026-08-22 14:55:39.060,0 days 01:09:03.296000,44,415.7605577422218,0 days 00:00:49.665000,10627.48496768,286.96999936,7,100.0,False,0,pos,2883.52093072832,0.6763654738685448,OnTrack,3769.0,2205.0,554.0
2026-08-22 14:55:39.063,0 days 01:09:03.299000,44,415.65805555555517,0 days 00:00:49.668000,10629.0,287.0,7,100.0,False,0,car,2883.760555555555,0.6764216808334731,OnTrack,3767.4917860305745,2204.483164847241,554.0104470929488
2026-08-22 14:55:39.224,0 days 01:09:03.460000,44,410.291388888887,0 days 00:00:49.829000,10600.0,288.0,7,100.0,False,0,car,2896.6405555555552,0.6794428440269119,OnTrack,3659.9212859006534,2167.5351869620677,554.386598114903
2026-08-22 14:55:39.300,0 days 01:09:03.536000,44,407.800277777776,0 days 00:00:49.905000,10628.816666666668,288.6333333333333,7,100.0,False,0,pos,2902.74800968904,0.6808754228804601,OnTrack,3587.0,2142.0,554.0
2026-08-22 14:55:39.464,0 days 01:09:03.700000,44,402.4247222222207,0 days 00:00:50.069000,10691.0,290.0,7,100.0,False,0,car,2915.9738888888887,0.6839777163152,OnTrack,3387.833517696789,2071.0159402052595,551.5715633400899
2026-08-22 14:55:39.500,0 days 01:09:03.736000,44,401.3047222222208,0 days 00:00:50.105000,10695.2,290.15,7,100.0,False,0,pos,2918.879353632751,0.6846592289816591,OnTrack,3349.0,2057.0,551.0
2026-08-22 14:55:39.704,0 days 01:09:03.940000,44,394.9580555555549,0 days 00:00:50.309000,10719.0,291.0,7,100.0,False,0,car,2935.3738888888884,0.6885282260941373,OnTrack,3206.1321635692343,2003.9074429845225,548.3872656875155
2026-08-22 14:55:39.944,0 days 01:09:04.180000,44,387.62472222222186,0 days 00:00:50.549000,10612.0,291.0,7,100.0,False,0,car,2954.7738888888885,0.6930787358730747,OnTrack,3100.780218871175,1963.1170232523866,544.8362771319526
2026-08-22 14:55:39.980,0 days 01:09:04.216000,44,386.69472222222174,0 days 00:00:50.585000,10619.92,288.48,7,97.84,False,0,pos,2957.612129992814,0.6937444804039198,OnTrack,3076.0,1954.0,544.0
2026-08-22 14:55:40.020,0 days 01:09:04.256000,44,385.66138888888827,0 days 00:00:50.625000,10628.72,285.68,7,95.44,False,0,pos,2960.7363477841413,0.6944773043013921,OnTrack,3046.0,1943.0,543.0
2026-08-22 14:55:40.144,0 days 01:09:04.380000,44,382.45805555555444,0 days 00:00:50.749000,10656.0,277.0,7,88.0,True,0,car,2970.1627777777776,0.6966883899646144,OnTrack,2954.1833854690085,1907.1181747456428,540.4413045329728
2026-08-22 14:55:40.360,0 days 01:09:04.596000,44,378.79805555555475,0 days 00:00:50.965000,10202.4,256.1714285714286,7,20.114285714285717,True,0,pos,2985.407695904554,0.7002642739344594,OnTrack,2805.0,1844.0,537.0
2026-08-22 14:55:40.424,0 days 01:09:04.660000,44,377.71361111111037,0 days 00:00:51.029000,10068.0,250.0,7,0.0,True,0,car,2989.607222222222,0.7012493247373179,OnTrack,2764.0099065574127,1826.820749629003,535.7973587304931
2026-08-22 14:55:40.520,0 days 01:09:04.756000,44,377.1536111111104,0 days 00:00:51.125000,10034.4,237.65714285714284,7,0.0,True,0,pos,2995.6208098731126,0.7026598860472084,OnTrack,2705.0,1802.0,534.0
2026-08-22 14:55:40.704,0 days 01:09:04.940000,44,376.08027777777716,0 days 00:00:51.309000,9970.0,214.0,7,0.0,True,0,car,3006.251666666666,0.7051534849027521,OnTrack,2598.9773535689887,1755.6631076633178,531.3807001883741
2026-08-22 14:55:40.800,0 days 01:09:05.036000,44,376.4269444444438,0 days 00:00:51.405000,10341.314285714287,203.37142857142857,7,0.0,True,0,pos,3011.381514775428,0.7063567541802461,OnTrack,2549.0,1733.0,530.0
2026-08-22 14:55:40.980,0 days 01:09:05.216000,44,377.07694444444365,0 days 00:00:51.585000,11037.528571428571,183.44285714285715,7,0.0,True,0,pos,3020.295969358848,0.7084477496831195,OnTrack,2462.0,1692.0,527.0
2026-08-22 14:55:40.984,0 days 01:09:05.220000,44,377.0913888888881,0 days 00:00:51.589000,11053.0,183.0,7,0.0,True,0,car,3020.4849999999997,0.7084920891563711,OnTrack,2459.888174835704,1690.983325547025,526.9359269889899
2026-08-22 14:55:41.200,0 days 01:09:05.436000,44,379.73138888888826,0 days 00:00:51.805000,11142.64,168.42,7,0.0,True,0,pos,3030.118681309644,0.7107517881773351,OnTrack,2340.0,1632.0,524.0
2026-08-22 14:55:41.384,0 days 01:09:05.620000,44,381.98027777777725,0 days 00:00:51.989000,11219.0,156.0,3,0.0,True,0,car,3037.818333333333,0.7125578367251811,OnTrack,2277.7733883232277,1598.3982675741343,522.7786528318244
2026-08-22 14:55:41.624,0 days 01:09:05.860000,44,385.18027777777615,0 days 00:00:52.229000,10517.0,146.0,3,0.0,True,0,car,3047.5516666666667,0.7148409103599745,OnTrack,2210.107591355494,1569.2036831426374,522.0690979939391
2026-08-22 14:55:41.640,0 days 01:09:05.876000,44,385.40249996038216,0 days 00:00:52.245000,10487.139281089376,145.46518115383958,3,0.0,True,0,pos,3048.175826361247,0.7149873147307892,OnTrack,2203.0,1567.0,522.0
2026-08-22 14:55:41.839,0 days 01:09:06.075000,44,388.16638924543327,0 days 00:00:52.444000,10115.746470195616,138.81336961544386,3,0.0,True,0,pos,3055.6417889090776,0.7167385485237316,OnTrack,2099.0,1541.0,521.0
2026-08-22 14:55:41.983,0 days 01:09:06.219000,44,390.16638888888747,0 days 00:00:52.588000,9847.0,134.0,3,0.0,True,0,car,3060.9144444444446,0.7179753150481984,OnTrack,2045.3589442333532,1537.574407096258,520.4538977419256
2026-08-22 14:55:42.223,0 days 01:09:06.459000,44,393.36638888888774,0 days 00:00:52.828000,9551.0,131.0,3,0.0,False,0,car,3069.647777777778,0.7200238263232528,OnTrack,1988.8344677488788,1564.7406408738311,520.0160327814414
2026-08-22 14:55:42.259,0 days 01:09:06.495000,44,393.8663888888876,0 days 00:00:52.864000,9532.55,129.95,3,2.25,False,0,pos,3070.916870816104,0.720321507781051,OnTrack,1979.0,1572.0,520.0
2026-08-22 14:55:42.463,0 days 01:09:06.699000,44,396.6997222222203,0 days 00:00:53.068000,9428.0,124.0,3,15.0,False,0,car,3077.9144444444446,0.7219628751637621,OnTrack,1914.493350726921,1627.9997893563304,520.1342371229582
2026-08-22 14:55:42.600,0 days 01:09:06.836000,44,398.6024991111095,0 days 00:00:53.205000,9282.437568,122.85833386666667,3,17.283332266666665,False,0,pos,3082.5613560088323,0.7230528657058034,OnTrack,1875.0,1665.0,520.0
2026-08-22 14:55:42.703,0 days 01:09:06.939000,44,400.03305555555426,0 days 00:00:53.308000,9173.0,122.0,3,19.0,False,0,car,3086.047777777778,0.7238706490229729,OnTrack,1852.1586687255476,1686.6477252843383,519.6066811751209
2026-08-22 14:55:42.983,0 days 01:09:07.219000,44,404.1552777777765,0 days 00:00:53.588000,9242.0,122.0,3,44.0,False,0,car,3095.536666666667,0.7260963851920523,OnTrack,1805.2282068967309,1728.3546967010113,517.50729384842
2026-08-22 14:55:43.040,0 days 01:09:07.276000,44,405.0419434488878,0 days 00:00:53.645000,9260.287479466666,122.0,3,33.550011733333335,False,0,pos,3097.4779909230565,0.7265517467906496,OnTrack,1792.0,1738.0,517.0
2026-08-22 14:55:43.140,0 days 01:09:07.376000,44,406.59749900444365,0 days 00:00:53.745000,9292.3708128,122.0,3,15.2166784,False,0,pos,3100.8873187404897,0.7273514467686308,OnTrack,1765.0,1756.0,516.0
2026-08-22 14:55:43.223,0 days 01:09:07.459000,44,407.88861111111055,0 days 00:00:53.828000,9319.0,122.0,3,0.0,True,0,car,3103.67,0.7280041590512631,OnTrack,1740.8828932025192,1769.0283227745108,514.784987588648
2026-08-22 14:55:43.383,0 days 01:09:07.619000,44,410.68861111111073,0 days 00:00:53.988000,10439.0,117.0,2,0.0,True,0,car,3108.87,0.7292238833219061,OnTrack,1692.1802726176008,1788.3243128632494,512.1774860858804
2026-08-22 14:55:43.400,0 days 01:09:07.636000,44,411.01916542222176,0 days 00:00:54.005000,10470.78988032,116.5750016,2,0.0,True,0,pos,3109.4087897859545,0.729350263125503,OnTrack,1687.0,1790.0,512.0
2026-08-22 14:55:43.583,0 days 01:09:07.819000,44,414.57749999999896,0 days 00:00:54.188000,10813.0,112.0,2,0.0,False,0,car,3115.092222222222,0.7306833824491712,OnTrack,1631.4054593768594,1803.6203696290024,511.3184765392303
2026-08-22 14:55:43.660,0 days 01:09:07.896000,44,416.1602764622216,0 days 00:00:54.265000,10636.28514688,111.61500032,2,0.0,False,0,pos,3117.483669521863,0.7312443259709663,OnTrack,1608.0,1807.0,511.0
2026-08-22 14:55:43.783,0 days 01:09:08.019000,44,418.6886111111112,0 days 00:00:54.388000,10354.0,111.0,2,0.0,True,0,car,3121.2588888888886,0.7321298503342286,OnTrack,1570.5141887018906,1809.5595265628551,509.91139296409347
2026-08-22 14:55:43.920,0 days 01:09:08.156000,44,421.96138735999995,0 days 00:00:54.525000,10135.2282272,107.5750016,2,0.0,True,0,pos,3125.26632403771,0.7330698437792375,OnTrack,1529.0,1810.0,509.0
2026-08-22 14:55:43.940,0 days 01:09:08.176000,44,422.4391651377777,0 days 00:00:54.545000,10103.2907272,107.0750016,2,0.0,True,0,pos,3125.8336081225384,0.733202907272817,OnTrack,1523.0,1810.0,509.0
2026-08-22 14:55:44.103,0 days 01:09:08.339000,44,426.33305555555535,0 days 00:00:54.708000,9843.0,103.0,2,0.0,False,0,car,3130.414444444444,0.7342773990500616,OnTrack,1475.386024292984,1804.5817779924826,509.03320043754866
2026-08-22 14:55:44.280,0 days 01:09:08.516000,44,431.10222049777735,0 days 00:00:54.885000,9614.0063328,100.7875008,2,0.0,False,0,pos,3135.343962643841,0.7354336784712888,OnTrack,1428.0,1791.0,509.0
2026-08-22 14:55:44.423,0 days 01:09:08.659000,44,434.95527777777716,0 days 00:00:55.028000,9429.0,99.0,2,0.0,False,0,car,3139.2144444444443,0.7363415478157652,OnTrack,1394.235558287176,1776.9477807854093,508.87815124969217
2026-08-22 14:55:44.520,0 days 01:09:08.756000,44,437.70360929777684,0 days 00:00:55.125000,9547.218672,95.968752,2,14.549990399999999,False,0,pos,3141.7513320391117,0.736936606156363,OnTrack,1370.0,1763.0,509.0
2026-08-22 14:55:44.583,0 days 01:09:08.819000,44,439.48861111111,0 days 00:00:55.188000,9624.0,94.0,2,24.0,False,0,car,3143.3922222222222,0.7373214972297861,OnTrack,1352.522260161171,1751.1183474214463,509.2484503011409
2026-08-22 14:55:44.720,0 days 01:09:08.956000,44,443.44638703999925,0 days 00:00:55.325000,9708.863849244444,94.76111075555555,2,28.947219911111112,False,0,pos,3147.0035601308514,0.7381685811714492,OnTrack,1315.0,1722.0,510.0
2026-08-22 14:55:44.943,0 days 01:09:09.179000,44,449.888611111111,0 days 00:00:55.548000,9847.0,96.0,2,37.0,False,0,car,3152.992222222222,0.7395732958832808,OnTrack,1279.9944287441642,1685.8127272472648,510.6505430948907
2026-08-22 14:55:45.080,0 days 01:09:09.316000,44,453.92249811555524,0 days 00:00:55.685000,10125.185981155555,97.9027768888889,2,42.70833066666667,False,0,pos,3156.725346926233,0.7404489464230538,OnTrack,1264.0,1662.0,511.0
2026-08-22 14:55:45.303,0 days 01:09:09.539000,44,460.48861111111046,0 days 00:00:55.908000,10578.0,101.0,2,52.0,False,0,car,3163.092222222222,0.7419423757166451,OnTrack,1235.2836873795309,1609.6918286908247,511.84480259865376
2026-08-22 14:55:45.340,0 days 01:09:09.576000,44,461.4444429298253,0 days 00:00:55.945000,10681.784416041275,102.34240150093808,2,53.84580206378987,False,0,pos,3164.217479534389,0.7422063187271005,OnTrack,1231.0,1599.0,512.0
2026-08-22 14:55:45.580,0 days 01:09:09.816000,44,467.6444438295989,0 days 00:00:56.185000,11354.981792650418,111.04988575780655,2,65.818592916984,False,0,pos,3171.980069514939,0.7440271301506249,OnTrack,1210.0,1520.0,513.0
2026-08-22 14:55:45.744,0 days 01:09:09.980000,44,471.88111111111084,0 days 00:00:56.349000,11815.0,117.0,2,74.0,False,0,car,3177.424722222222,0.7453042407376048,OnTrack,1204.6718246744795,1472.6695869353318,513.5304527317105
2026-08-22 14:55:45.904,0 days 01:09:10.140000,44,476.0588888888883,0 days 00:00:56.509000,11743.0,120.0,2,71.0,False,0,car,3182.7580555555555,0.7465552399895464,OnTrack,1205.709677052335,1428.0669501070324,513.9029162441103
2026-08-22 14:55:45.960,0 days 01:09:10.196000,44,477.3344444444439,0 days 00:00:56.565000,11463.0,122.2,2,71.8,False,0,pos,3184.703406603874,0.7470115461219607,OnTrack,1207.0,1410.0,514.0
2026-08-22 14:55:46.184,0 days 01:09:10.420000,44,482.43666666666604,0 days 00:00:56.789000,10343.0,131.0,3,75.0,False,0,car,3192.9469444444444,0.7489451698104431,OnTrack,1216.2236473369742,1329.3269042060006,514.0500771885451
2026-08-22 14:55:46.200,0 days 01:09:10.436000,44,482.76555555555495,0 days 00:00:56.805000,10398.2,131.68571428571428,3,75.62857142857143,False,0,pos,3193.55881149197,0.7490886907889573,OnTrack,1217.0,1324.0,514.0
2026-08-22 14:55:46.400,0 days 01:09:10.636000,44,486.876666666666,0 days 00:00:57.005000,11088.2,140.25714285714287,3,83.48571428571428,False,0,pos,3201.450918186095,0.7509398819584434,OnTrack,1229.0,1252.0,513.0
2026-08-22 14:55:46.464,0 days 01:09:10.700000,44,488.1922222222215,0 days 00:00:57.069000,11309.0,143.0,3,86.0,False,0,car,3204.0691666666667,0.7515540245004295,OnTrack,1235.3815337455144,1211.7467149020347,512.9319037170624
2026-08-22 14:55:46.580,0 days 01:09:10.816000,44,490.28666666666624,0 days 00:00:57.185000,11620.75,148.31666666666666,3,92.76666666666667,False,0,pos,3208.9277862124004,0.7526936737661512,OnTrack,1248.0,1131.0,513.0
2026-08-22 14:55:46.704,0 days 01:09:10.940000,44,492.52555555555546,0 days 00:00:57.309000,11954.0,154.0,3,100.0,False,0,car,3214.335833333333,0.753962198060417,OnTrack,1257.0423482093126,1075.8809926914435,512.7395539706303
2026-08-22 14:55:46.980,0 days 01:09:11.216000,44,496.5122222222219,0 days 00:00:57.585000,11040.242857142857,168.78571428571428,3,100.0,False,0,pos,3227.2865503403586,0.7569999488018975,OnTrack,1270.0,1007.0,512.0
2026-08-22 14:55:46.984,0 days 01:09:11.220000,44,496.5699999999997,0 days 00:00:57.589000,11027.0,169.0,3,100.0,False,0,car,3227.4802777777777,0.7570453899667645,OnTrack,1270.2764207179082,1005.4692984677822,512.0060903259429
2026-08-22 14:55:47.224,0 days 01:09:11.460000,44,499.43666666666513,0 days 00:00:57.829000,11148.0,179.0,4,100.0,False,0,car,3239.413611111111,0.7598445007929838,OnTrack,1290.6874966641906,890.3343982209232,512.962888229948
2026-08-22 14:55:47.240,0 days 01:09:11.476000,44,499.56555555555406,0 days 00:00:57.845000,11177.96,179.64,4,100.0,False,0,pos,3240.240902225437,0.7600385521489512,OnTrack,1292.0,883.0,513.0
2026-08-22 14:55:47.440,0 days 01:09:11.676000,44,501.17666666666537,0 days 00:00:58.045000,11552.46,187.64,4,100.0,False,0,pos,3250.962261416635,0.7625533794604485,OnTrack,1310.0,782.0,513.0
2026-08-22 14:55:47.620,0 days 01:09:11.856000,44,502.6266666666655,0 days 00:00:58.225000,11889.51,194.84,4,100.0,False,0,pos,3260.860712916227,0.7648751836019552,OnTrack,1339.0,612.0,513.0
2026-08-22 14:55:47.624,0 days 01:09:11.860000,44,502.65888888888776,0 days 00:00:58.229000,11897.0,195.0,4,100.0,False,0,car,3261.0802777777776,0.7649266852539962,OnTrack,1339.4655569499726,609.2853280845633,513.0002608152447
2026-08-22 14:55:47.824,0 days 01:09:12.060000,44,504.0477777777778,0 days 00:00:58.429000,10983.0,199.0,4,100.0,False,0,car,3272.1358333333333,0.7675199024533335,OnTrack,1348.6099939608473,558.2621882316604,513.0003108232675
2026-08-22 14:55:47.880,0 days 01:09:12.116000,44,504.2966666666665,0 days 00:00:58.485000,10868.48,202.08,4,100.0,False,0,pos,3275.338397430566,0.7682711034451959,OnTrack,1351.0,545.0,513.0
2026-08-22 14:55:48.024,0 days 01:09:12.260000,44,504.93666666666604,0 days 00:00:58.629000,10574.0,210.0,5,100.0,False,0,car,3283.8025,0.7702564633169555,OnTrack,1362.1790900641545,480.73775660147635,513.0033008143579
2026-08-22 14:55:48.200,0 days 01:09:12.436000,44,505.22999999999934,0 days 00:00:58.805000,10786.96,214.84,5,100.0,False,0,pos,3294.450678417155,0.7727541251734056,OnTrack,1383.0,360.0,513.0
2026-08-22 14:55:48.424,0 days 01:09:12.660000,44,505.60333333333256,0 days 00:00:59.029000,11058.0,221.0,5,100.0,False,0,car,3308.358055555556,0.7760162723727698,OnTrack,1414.3562427893914,179.6093401853064,512.9781481542317
2026-08-22 14:55:48.479,0 days 01:09:12.715000,44,505.5880555402276,0 days 00:00:59.084000,11120.85720591764,222.10275799855512,5,100.0,False,0,pos,3311.8103900752494,0.7768260601043177,OnTrack,1421.0,142.0,513.0
2026-08-22 14:55:48.819,0 days 01:09:13.055000,44,505.49361111093225,0 days 00:00:59.424000,11509.428572161833,228.9197995116111,5,100.0,False,0,pos,3333.4805217919284,0.7819090573356378,OnTrack,1450.0,-19.0,513.0
2026-08-22 14:55:48.823,0 days 01:09:13.059000,44,505.4924999999994,0 days 00:00:59.428000,11514.0,229.0,5,100.0,False,0,car,3333.738888888889,0.7819696605315797,OnTrack,1450.3605046392036,-21.11468299563968,512.9855901976556
2026-08-22 14:55:49.020,0 days 01:09:13.256000,44,505.2188889777773,0 days 00:00:59.625000,11646.2713856,233.2214272,5,100.0,False,0,pos,3346.5614204343033,0.7849773437887003,OnTrack,1472.0,-147.0,512.0
2026-08-22 14:55:49.103,0 days 01:09:13.339000,44,505.1036111111107,0 days 00:00:59.708000,11702.0,235.0,5,100.0,False,0,car,3352.016666666667,0.7862569392179211,OnTrack,1485.3026068215738,-216.49029378484386,511.8350816444238
2026-08-22 14:55:49.263,0 days 01:09:13.499000,44,504.74805555555486,0 days 00:00:59.868000,11889.0,238.0,5,82.0,False,0,car,3362.594444444445,0.7887380877342718,OnTrack,1516.0494172466751,-368.524383707854,511.96757653022206
2026-08-22 14:55:49.320,0 days 01:09:13.556000,44,504.700555608888,0 days 00:00:59.925000,11807.7750912,237.52500053333333,5,69.01668124444444,False,0,pos,3366.3548619650587,0.7896201401415108,OnTrack,1526.0,-418.0,512.0
2026-08-22 14:55:49.623,0 days 01:09:13.859000,44,504.44805555555376,0 days 00:01:00.228000,11376.0,235.0,5,0.0,True,0,car,3386.094444444445,0.7942503031881393,OnTrack,1565.8413005349685,-622.3862348460402,511.90744100542395
2026-08-22 14:55:49.700,0 days 01:09:13.936000,44,504.576388782221,0 days 00:01:00.305000,11226.23512448,231.92000256,5,0.0,True,0,pos,3390.986125625571,0.7953977074690751,OnTrack,1573.0,-660.0,512.0
2026-08-22 14:55:49.823,0 days 01:09:14.059000,44,504.7813888888886,0 days 00:01:00.428000,10987.0,227.0,5,0.0,True,0,car,3398.7055555555557,0.7972083951692926,OnTrack,1582.1897038802908,-708.6869721010968,512.3320823421997
2026-08-22 14:55:50.023,0 days 01:09:14.259000,44,505.55916666666553,0 days 00:01:00.628000,10263.0,220.0,5,0.0,True,0,car,3410.927777777778,0.800075268454992,OnTrack,1594.7446832806456,-783.5198938421614,512.9747462631565
2026-08-22 14:55:50.040,0 days 01:09:14.276000,44,505.74333263999887,0 days 00:01:00.645000,10296.716539733334,218.37083946666667,5,0.0,True,0,pos,3411.9113363954993,0.8003059742853064,OnTrack,1596.0,-792.0,513.0
2026-08-22 14:55:50.180,0 days 01:09:14.416000,44,507.25999930666575,0 days 00:01:00.785000,10574.3832064,204.9541728,5,0.0,True,0,pos,3419.62358678572,0.8021149779357349,OnTrack,1607.0,-871.0,513.0
2026-08-22 14:55:50.263,0 days 01:09:14.499000,44,508.1591666666659,0 days 00:01:00.868000,10739.0,197.0,5,0.0,False,0,car,3424.0611111111116,0.8031558541128981,OnTrack,1612.6109528451732,-914.5725955083828,512.790318051154
2026-08-22 14:55:50.543,0 days 01:09:14.779000,44,512.2036111111101,0 days 00:01:01.148000,11364.0,190.0,4,2.0,False,0,car,3438.8388888888894,0.8066221645401528,OnTrack,1613.8281816683195,-1060.1820408602766,511.9545224396665
2026-08-22 14:55:50.560,0 days 01:09:14.796000,44,512.5247210133323,0 days 00:01:01.165000,11341.002864355556,189.62222364444443,4,3.0388849777777778,False,0,pos,3439.7191142079014,0.8068286322680824,OnTrack,1612.0,-1072.0,512.0
2026-08-22 14:55:50.740,0 days 01:09:14.976000,44,515.9247210133319,0 days 00:01:01.345000,11097.502864355556,185.62222364444443,4,14.038884977777778,False,0,pos,3448.8987127321134,0.8089818205593784,OnTrack,1581.0,-1210.0,513.0
2026-08-22 14:55:50.903,0 days 01:09:15.139000,44,519.0036111111094,0 days 00:01:01.508000,10877.0,182.0,4,24.0,False,0,car,3457.0388888888892,0.8108911994874033,OnTrack,1549.849686245112,-1296.7803705239091,513.2554659615563
2026-08-22 14:55:51.143,0 days 01:09:15.379000,44,524.2702777777772,0 days 00:01:01.748000,10836.0,177.0,4,48.0,False,0,car,3468.838888888889,0.8136590353323239,OnTrack,1497.1365266773514,-1370.3643435299866,512.943790435844
2026-08-22 14:55:51.180,0 days 01:09:15.416000,44,525.1747206577772,0 days 00:01:01.785000,10843.58498688,177.18499968,4,49.75749696,False,0,pos,3470.6599984921722,0.8140861990982133,OnTrack,1487.0,-1382.0,513.0
2026-08-22 14:55:51.543,0 days 01:09:15.779000,44,534.048055555555,0 days 00:01:02.148000,10918.0,179.0,4,67.0,False,0,car,3488.727777777778,0.8183242200426892,OnTrack,1364.0061843808583,-1499.169708587755,514.8128683681939
2026-08-22 14:55:51.580,0 days 01:09:15.816000,44,534.983331715555,0 days 00:01:02.185000,10988.8780024,179.6937488,4,69.0812464,False,0,pos,3490.6037490522153,0.8187642522916239,OnTrack,1351.0,-1509.0,515.0
2026-08-22 14:55:51.863,0 days 01:09:16.099000,44,542.1369444444435,0 days 00:01:02.468000,11531.0,185.0,4,85.0,False,0,car,3505.1722222222224,0.8221814677361756,OnTrack,1246.6653076806042,-1565.2493795068197,516.3070828598167
2026-08-22 14:55:51.940,0 days 01:09:16.176000,44,544.0619428444435,0 days 00:01:02.545000,11624.6030472,186.203124,4,88.609372,False,0,pos,3509.1916231991277,0.8231242679140558,OnTrack,1205.0,-1577.0,517.0
2026-08-22 14:55:52.180,0 days 01:09:16.416000,44,550.0619428444431,0 days 00:01:02.785000,11916.3530472,189.953124,4,99.859372,False,0,pos,3521.899928165875,0.8261051579153394,OnTrack,1036.0,-1605.0,520.0
2026-08-22 14:55:52.183,0 days 01:09:16.419000,44,550.1369444444431,0 days 00:01:02.788000,11920.0,190.0,4,100.0,False,0,car,3522.061111111111,0.8261429653673238,OnTrack,1033.9557063042755,-1605.200632296421,520.0265593762667
2026-08-22 14:55:52.384,0 days 01:09:16.620000,44,554.994444444445,0 days 00:01:02.989000,12349.0,197.0,4,100.0,False,0,car,3533.0602777777776,0.8287229558558201,OnTrack,911.7477835593737,-1608.5974219376374,520.7227567649031
2026-08-22 14:55:52.620,0 days 01:09:16.856000,44,560.1733333333323,0 days 00:01:03.225000,11519.460000000001,207.03,4,100.0,False,0,pos,3546.874840602833,0.8319633323108283,OnTrack,794.0,-1601.0,521.0
2026-08-22 14:55:52.784,0 days 01:09:17.020000,44,563.7722222222201,0 days 00:01:03.389000,10943.0,214.0,5,100.0,False,0,car,3556.838055555556,0.8343003275207262,OnTrack,720.1308831148341,-1598.1011953807158,522.4116702654202
2026-08-22 14:55:52.900,0 days 01:09:17.136000,44,566.1888888888875,0 days 00:01:03.505000,11127.875,217.2625,5,100.0,False,0,pos,3563.969888721022,0.8359731871372831,OnTrack,663.0,-1596.0,524.0
2026-08-22 14:55:53.104,0 days 01:09:17.340000,44,570.4388888888889,0 days 00:01:03.709000,11453.0,223.0,5,100.0,False,0,car,3576.660277777778,0.8389498747404422,OnTrack,540.108555509313,-1590.30266427103,527.81134338108
2026-08-22 14:55:53.220,0 days 01:09:17.456000,44,572.7911111111111,0 days 00:01:03.825000,11479.825,225.9,5,100.0,False,0,pos,3583.948799353694,0.840659487560298,OnTrack,466.0,-1586.0,529.0
2026-08-22 14:55:53.264,0 days 01:09:17.500000,44,573.6833333333334,0 days 00:01:03.869000,11490.0,227.0,5,100.0,False,0,car,3586.7491666666665,0.841316348325365,OnTrack,438.18368081059475,-1584.1760581284768,529.0649317429296
2026-08-22 14:55:53.420,0 days 01:09:17.656000,44,576.6733333333328,0 days 00:01:04.025000,11358.266666666666,231.33333333333334,5,100.0,False,0,pos,3596.8909029930196,0.8436952179299255,OnTrack,340.0,-1576.0,529.0
2026-08-22 14:55:53.580,0 days 01:09:17.816000,44,579.739999999999,0 days 00:01:04.185000,11223.155555555555,235.77777777777777,5,100.0,False,0,pos,3607.520655835016,0.8461885578399868,OnTrack,237.0,-1562.0,532.0
2026-08-22 14:55:53.624,0 days 01:09:17.860000,44,580.5833333333321,0 days 00:01:04.229000,11186.0,237.0,5,100.0,False,0,car,3610.4491666666663,0.8468754762511801,OnTrack,207.91657818296224,-1556.942959211332,532.6313313804546
2026-08-22 14:55:53.760,0 days 01:09:17.996000,44,583.1144444444438,0 days 00:01:04.365000,10685.52,239.72,5,100.0,False,0,pos,3619.519712092516,0.8490030847903876,OnTrack,120.0,-1539.0,534.0
2026-08-22 14:55:53.824,0 days 01:09:18.060000,44,584.3055555555552,0 days 00:01:04.429000,10450.0,241.0,5,100.0,False,0,car,3623.8380555555555,0.8500160056232418,OnTrack,83.6643800292619,-1530.3818803070753,534.892568587789
2026-08-22 14:55:54.040,0 days 01:09:18.276000,44,587.9055555555547,0 days 00:01:04.645000,10644.4,246.4,5,100.0,False,0,pos,3638.7605032571073,0.8535162501692002,OnTrack,-35.0,-1494.0,539.0
2026-08-22 14:55:54.184,0 days 01:09:18.420000,44,590.3055555555543,0 days 00:01:04.789000,10774.0,250.0,6,100.0,False,0,car,3648.8380555555555,0.8558800646167177,OnTrack,-145.44067248073338,-1452.4559839471224,542.0003090812382
2026-08-22 14:55:54.280,0 days 01:09:18.516000,44,591.9055555555549,0 days 00:01:04.885000,10824.8,251.2,6,100.0,False,0,pos,3655.558151715666,0.8574563462297067,OnTrack,-217.0,-1423.0,544.0
2026-08-22 14:55:54.424,0 days 01:09:18.660000,44,594.3055555555557,0 days 00:01:05.029000,10901.0,253.0,6,100.0,False,0,car,3665.704722222222,0.8598363497509828,OnTrack,-301.640953353764,-1383.3252412294876,546.9113445564785
2026-08-22 14:55:54.600,0 days 01:09:18.836000,44,597.0433333333336,0 days 00:01:05.205000,11063.066666666668,257.4,6,100.0,False,0,pos,3678.344770098799,0.8628012292081271,OnTrack,-392.0,-1331.0,551.0
2026-08-22 14:55:54.664,0 days 01:09:18.900000,44,598.0388888888892,0 days 00:01:05.269000,11122.0,259.0,6,100.0,False,0,car,3682.971388888889,0.8638864598291437,OnTrack,-429.0219476711962,-1307.3080647302565,552.8495755468549
2026-08-22 14:55:54.800,0 days 01:09:19.036000,44,600.0788888888893,0 days 00:01:05.405000,11171.3,260.7,6,100.0,False,0,pos,3692.8256604392004,0.8661979010174938,OnTrack,-511.0,-1250.0,557.0
2026-08-22 14:55:54.824,0 days 01:09:19.060000,44,600.4388888888893,0 days 00:01:05.429000,11180.0,261.0,6,100.0,False,0,car,3694.571388888889,0.8666073832021165,OnTrack,-525.0049876524956,-1239.2050655148578,557.6696418032652
2026-08-22 14:55:55.064,0 days 01:09:19.300000,44,603.9055555555547,0 days 00:01:05.669000,11358.0,264.0,6,100.0,False,0,car,3712.1713888888885,0.8707356807335235,OnTrack,-655.4732224822624,-1122.5482663448493,562.8181889212367
2026-08-22 14:55:55.079,0 days 01:09:19.315000,44,604.1097230933325,0 days 00:01:05.684000,11360.785726171429,264.2142866285714,6,100.0,False,0,pos,3713.2803631817483,0.8709958043605466,OnTrack,-663.0,-1115.0,563.0
2026-08-22 14:55:55.179,0 days 01:09:19.415000,44,605.4708342044437,0 days 00:01:05.784000,11379.357154742856,265.64285805714286,6,100.0,False,0,pos,3720.700926771527,0.8727363892667587,OnTrack,-713.0,-1061.0,564.0
2026-08-22 14:55:55.344,0 days 01:09:19.580000,44,607.7166666666662,0 days 00:01:05.949000,11410.0,268.0,6,100.0,False,0,car,3733.015833333333,0.8756250028098617,OnTrack,-815.7999452636486,-919.5347572098583,568.0211307228548
2026-08-22 14:55:55.480,0 days 01:09:19.716000,44,609.416666325601,0 days 00:01:06.085000,11486.313464313285,268.852664405735,6,100.0,False,0,pos,3743.19523409338,0.8780127070728676,OnTrack,-890.0,-805.0,572.0
2026-08-22 14:55:55.663,0 days 01:09:19.899000,44,611.7041666666673,0 days 00:01:06.268000,11589.0,270.0,6,100.0,False,0,car,3756.940833333333,0.8812369072666182,OnTrack,-936.0842611064022,-721.1472455141737,575.9303943178479
2026-08-22 14:55:55.820,0 days 01:09:20.056000,44,613.4049993066667,0 days 00:01:06.425000,11622.3624864,271.3083328,6,100.0,False,0,pos,3768.7877196010318,0.8840157408651296,OnTrack,-958.0,-656.0,578.0
2026-08-22 14:55:55.903,0 days 01:09:20.139000,44,614.3041666666663,0 days 00:01:06.508000,11640.0,272.0,6,100.0,False,0,car,3775.074166666666,0.8854903047232193,OnTrack,-973.2730152178016,-605.3953065062159,578.6078873831483
2026-08-22 14:55:56.120,0 days 01:09:20.356000,44,615.0274997866663,0 days 00:01:06.725000,11700.661345745455,273.4795450181818,6,100.0,False,0,pos,3791.5930213439956,0.88936500625652,OnTrack,-1011.0,-440.0,578.0
2026-08-22 14:55:56.280,0 days 01:09:20.516000,44,615.5608331199996,0 days 00:01:06.885000,11745.388618472727,274.5704541090909,6,100.0,False,0,pos,3803.845463155869,0.8922389679204782,OnTrack,-1015.0,-318.0,575.0
2026-08-22 14:55:56.343,0 days 01:09:20.579000,44,615.770833333333,0 days 00:01:06.948000,11763.0,275.0,6,100.0,False,0,car,3808.6852777777767,0.8933742062588925,OnTrack,-1012.3150720132006,-268.89839230652274,573.9273646036155
2026-08-22 14:55:56.520,0 days 01:09:20.756000,44,614.7875003555553,0 days 00:01:07.125000,11097.48024064,276.32749952,6,100.0,False,0,pos,3822.32942898935,0.8965746105637153,OnTrack,-995.0,-132.0,571.0
2026-08-22 14:55:56.740,0 days 01:09:20.976000,44,613.5652781333331,0 days 00:01:07.345000,10270.28024064,277.97749952,6,100.0,False,0,pos,3839.3421510372323,0.900565154792851,OnTrack,-953.0,32.0,565.0
2026-08-22 14:55:56.743,0 days 01:09:20.979000,44,613.5486111111109,0 days 00:01:07.348000,10259.0,278.0,7,100.0,False,0,car,3839.574166666666,0.9006195769263873,OnTrack,-952.0377580211008,34.749314155941846,564.9124284515567
2026-08-22 14:55:56.920,0 days 01:09:21.156000,44,611.7786117511118,0 days 00:01:07.525000,10284.074990933334,278.7374997333333,7,100.0,False,0,pos,3853.2719378009347,0.9038325584468069,OnTrack,-878.0,223.0,560.0
2026-08-22 14:55:56.983,0 days 01:09:21.219000,44,611.1486111111121,0 days 00:01:07.588000,10293.0,279.0,7,100.0,False,0,car,3858.1741666666653,0.9049824368175333,OnTrack,-849.5970134845447,292.5016557676136,558.6475187164973
2026-08-22 14:55:57.263,0 days 01:09:21.499000,44,606.1708333333345,0 days 00:01:07.868000,10411.0,283.0,7,100.0,False,0,car,3880.1852777777767,0.9101454149802338,OnTrack,-730.9227060319121,580.4408433895507,555.1407475963455
2026-08-22 14:55:57.280,0 days 01:09:21.516000,44,605.7977791822233,0 days 00:01:07.885000,10416.7374784,283.2124992,7,100.0,False,0,pos,3881.5286873618047,0.9104605283023594,OnTrack,-725.0,595.0,555.0
2026-08-22 14:55:57.423,0 days 01:09:21.659000,44,602.6597222222222,0 days 00:01:08.028000,10465.0,285.0,7,100.0,False,0,car,3892.851944444444,0.9131165382035952,OnTrack,-682.1726473074925,701.7925145227067,554.0636509722146
2026-08-22 14:55:57.623,0 days 01:09:21.859000,44,597.1041666666674,0 days 00:01:08.228000,10616.0,287.0,7,100.0,False,0,car,3908.7963888888876,0.9168565047172118,OnTrack,-640.5734986895499,810.263913104961,553.3214880021426
2026-08-22 14:55:57.800,0 days 01:09:22.036000,44,591.3025020977781,0 days 00:01:08.405000,10730.312458666667,291.4249984,7,100.0,False,0,pos,3923.1867448755684,0.9202319405749325,OnTrack,-603.0,909.0,552.0
2026-08-22 14:55:57.863,0 days 01:09:22.099000,44,589.2375000000002,0 days 00:01:08.468000,10771.0,293.0,7,100.0,False,0,car,3928.329722222222,0.9214382894774479,OnTrack,-588.3912929118349,947.1996547064169,551.3093288890652
2026-08-22 14:55:58.023,0 days 01:09:22.259000,44,583.770833333333,0 days 00:01:08.628000,10803.0,294.0,7,100.0,False,0,car,3941.3963888888884,0.9245032376447047,OnTrack,-548.2080015923079,1051.790503677189,549.1448901969164
2026-08-22 14:55:58.120,0 days 01:09:22.356000,44,579.810002613333,0 days 00:01:08.725000,10855.657108114287,295.38571337142855,7,100.0,False,0,pos,3949.377212856302,0.9263752385471631,OnTrack,-521.0,1122.0,548.0
2026-08-22 14:55:58.220,0 days 01:09:22.456000,44,575.7266692799997,0 days 00:01:08.825000,10909.9428224,296.8142848,7,100.0,False,0,pos,3957.6605751680004,0.9283182035575683,OnTrack,-491.0,1199.0,547.0
2026-08-22 14:55:58.303,0 days 01:09:22.539000,44,572.3374999999996,0 days 00:01:08.908000,10955.0,298.0,7,100.0,False,0,car,3964.5741666666663,0.9299398718937673,OnTrack,-466.78557576661774,1261.2409787361194,545.9675844332794
2026-08-22 14:55:58.440,0 days 01:09:22.676000,44,565.8680577830667,0 days 00:01:09.045000,11004.435683554479,299.57773458152593,7,100.0,False,0,pos,3976.0606890220674,0.9326341776826453,OnTrack,-425.0,1369.0,544.0
2026-08-22 14:55:58.780,0 days 01:09:23.016000,44,549.8125002552355,0 days 00:01:09.385000,11127.122838740617,303.4932820874665,7,100.0,False,0,pos,4004.843404453386,0.9393855193339128,OnTrack,-298.0,1698.0,540.0
2026-08-22 14:55:58.824,0 days 01:09:23.060000,44,547.734722222222,0 days 00:01:09.429000,11143.0,304.0,7,100.0,False,0,car,4008.569722222222,0.9402595732229084,OnTrack,-285.33870119316384,1730.9147346249088,539.6569375843851
2026-08-22 14:55:59.064,0 days 01:09:23.300000,44,535.6680555555554,0 days 00:01:09.669000,11183.0,305.0,7,100.0,False,0,car,4028.903055555555,0.9450290078709355,OnTrack,-234.96599884122395,1862.4365451880074,538.5014668344204
2026-08-22 14:55:59.180,0 days 01:09:23.416000,44,529.6424999999997,0 days 00:01:09.785000,11201.85,305.725,7,100.0,False,0,pos,4038.7775438735107,0.9473451911520107,OnTrack,-201.0,1951.0,538.0
2026-08-22 14:55:59.384,0 days 01:09:23.620000,44,519.0458333333327,0 days 00:01:09.989000,11235.0,307.0,7,100.0,False,0,car,4056.1919444444447,0.9514299540433699,OnTrack,-118.7454339698372,2165.051255653574,537.0499741900927
2026-08-22 14:55:59.400,0 days 01:09:23.636000,44,518.1924999999993,0 days 00:01:10.005000,11235.8,307.0,7,100.0,False,0,pos,4057.5570857417747,0.9517501648074489,OnTrack,-113.0,2180.0,537.0
2026-08-22 14:55:59.624,0 days 01:09:23.860000,44,506.2458333333325,0 days 00:01:10.229000,11247.0,307.0,7,100.0,False,0,car,4076.658611111111,0.9562306636726955,OnTrack,-56.232079641305354,2327.739050529917,536.8629274639385
2026-08-22 14:55:59.800,0 days 01:09:24.036000,44,496.6636111111105,0 days 00:01:10.405000,11245.533333333333,307.0,7,100.0,False,0,pos,4091.6653238950735,0.9597506736352277,OnTrack,-16.0,2432.0,537.0
2026-08-22 14:55:59.984,0 days 01:09:24.220000,44,486.64583333333303,0 days 00:01:10.589000,11244.0,307.0,7,100.0,False,0,car,4107.358611111111,0.9634317281166839,OnTrack,40.92308631936725,2578.935083444358,537.0042577497322
2026-08-22 14:56:00.040,0 days 01:09:24.276000,44,483.565833333333,0 days 00:01:10.645000,11241.9,307.0,7,100.0,False,0,pos,4112.136524775141,0.9645524468203481,OnTrack,58.0,2623.0,537.0
2026-08-22 14:56:00.144,0 days 01:09:24.380000,44,477.84583333333285,0 days 00:01:10.749000,11238.0,307.0,7,100.0,False,0,car,4121.003055555555,0.9666322012029009,OnTrack,88.2846668799515,2701.171873581163,536.9995342366668
2026-08-22 14:56:00.180,0 days 01:09:24.416000,44,475.8458333333328,0 days 00:01:10.785000,11234.04,306.82,7,100.0,False,0,pos,4124.066191045513,0.9673506974916258,OnTrack,101.0,2734.0,537.0
2026-08-22 14:56:00.344,0 days 01:09:24.580000,44,466.73472222222154,0 days 00:01:10.949000,11216.0,306.0,7,100.0,False,0,car,4138.003055555555,0.9706197613184646,OnTrack,181.43424071733207,2941.6868456923585,537.0002811767135
2026-08-22 14:56:00.440,0 days 01:09:24.676000,44,461.348055555555,0 days 00:01:11.045000,11204.342857142858,306.34285714285716,7,100.0,False,0,pos,4146.18345289807,0.9725385746227279,OnTrack,223.0,3049.0,537.0
2026-08-22 14:56:00.624,0 days 01:09:24.860000,44,451.02361111111077,0 days 00:01:11.229000,11182.0,307.0,7,100.0,False,0,car,4161.880833333333,0.9762205892193445,OnTrack,258.95837639419057,3141.7651728459355,536.9999132121496
2026-08-22 14:56:00.780,0 days 01:09:25.016000,44,442.27027777777784,0 days 00:01:11.385000,11164.06,306.22,7,100.0,False,0,pos,4175.146152137991,0.9793321337008556,OnTrack,284.0,3207.0,537.0
2026-08-22 14:56:00.824,0 days 01:09:25.060000,44,439.80138888888905,0 days 00:01:11.429000,11159.0,306.0,7,100.0,False,0,car,4178.880833333333,0.9802081493349082,OnTrack,295.83424756980816,3237.927298364707,537.0000073142384
2026-08-22 14:56:00.960,0 days 01:09:25.196000,44,432.17027777777764,0 days 00:01:11.565000,11138.6,305.15,7,100.0,False,0,pos,4190.405973536628,0.9829115134173164,OnTrack,341.0,3356.0,537.0
2026-08-22 14:56:00.984,0 days 01:09:25.220000,44,430.82361111111095,0 days 00:01:11.589000,11135.0,305.0,7,100.0,False,0,car,4192.436388888888,0.983387772433593,OnTrack,349.04713469943,3377.0086841751263,536.9999988485529
2026-08-22 14:56:01.184,0 days 01:09:25.420000,44,419.656944444444,0 days 00:01:11.789000,11125.0,304.0,7,100.0,False,0,car,4209.325277777777,0.9873492700647412,OnTrack,415.31244722735204,3549.1350678307676,536.9999989252939
2026-08-22 14:56:01.260,0 days 01:09:25.496000,44,415.47694444444403,0 days 00:01:11.865000,11120.566666666668,304.0,7,100.0,False,0,pos,4215.743471155981,0.9888547366487941,OnTrack,442.0,3617.0,537.0
2026-08-22 14:56:01.424,0 days 01:09:25.660000,44,406.45694444444416,0 days 00:01:12.029000,11111.0,304.0,7,100.0,False,0,car,4229.5919444444435,0.9921030672221189,OnTrack,504.13408800934224,3771.5637107600837,537.0000010958399
2026-08-22 14:56:01.474,0 days 01:09:25.710000,44,406.45694444444416,0 days 00:01:12.079000,11104.62501632,303.87500032,7,100.0,False,0,interpolation,4233.809342658359,0.9930923100991341,OnTrack,524.3145105059282,3820.8968355797665,537.00000109443
