Date,SessionTime,DriverAhead,DistanceToDriverAhead,Time,RPM,Speed,nGear,Throttle,Brake,DRS,Source,Distance,RelativeDistance,Status,X,Y,Z
2026-08-22 14:37:50.796,0 days 00:51:15.032000,,,0 days 00:00:00,11228.775,306.275,7,100.0,False,0,interpolation,0.0809743385321957,1.8996446793868646e-05,OnTrack,509.61638023625267,3781.9902464903253,537.0000182091077
2026-08-22 14:37:50.840,0 days 00:51:15.076000,,,0 days 00:00:00.044000,11231.9375,306.6875,7,100.0,False,0,pos,3.8451919942224593,0.0009020757249089795,OnTrack,523.0,3814.0,537.0
2026-08-22 14:37:50.880,0 days 00:51:15.116000,,,0 days 00:00:00.084000,11234.8125,307.0625,7,100.0,False,0,pos,7.2715520937215485,0.0017058941753787969,OnTrack,536.0,3845.0,537.0
2026-08-22 14:37:50.980,0 days 00:51:15.216000,,,0 days 00:00:00.184000,11242.0,308.0,7,100.0,False,0,car,15.855555555555558,0.003719687285603169,OnTrack,576.6346551352649,3943.46363587357,537.0006471864925
2026-08-22 14:37:51.140,0 days 00:51:15.376000,,,0 days 00:00:00.344000,11274.0,310.0,7,100.0,False,0,car,29.633333333333333,0.006951931317942291,OnTrack,660.6139530419183,4150.393664534331,537.0027031088822
2026-08-22 14:37:51.260,0 days 00:51:15.496000,,,0 days 00:00:00.464000,11309.25,310.0,7,100.0,False,0,pos,39.96322363217225,0.00937530661196051,OnTrack,708.0,4267.0,537.0
2026-08-22 14:37:51.460,0 days 00:51:15.696000,,,0 days 00:00:00.664000,11368.0,310.0,7,100.0,False,0,car,57.1888888888889,0.01341641938262054,OnTrack,742.2584556622425,4349.730283385637,536.9850307074493
2026-08-22 14:37:51.620,0 days 00:51:15.856000,,,0 days 00:00:00.824000,11375.0,311.0,7,100.0,False,0,car,71.0111111111111,0.016659090008612366,OnTrack,778.7585091240569,4437.888431282718,536.9953238828839
2026-08-22 14:37:51.640,0 days 00:51:15.876000,,,0 days 00:00:00.844000,11375.503144451564,311.0,7,100.0,False,0,pos,72.7391952955662,0.01706449571936448,OnTrack,787.0,4458.0,537.0
2026-08-22 14:37:51.779,0 days 00:51:16.015000,,,0 days 00:00:00.983000,11379.0,311.0,7,100.0,False,0,car,84.74694444444444,0.019881493943191747,OnTrack,864.372857162668,4647.471419287879,537.0398941260289
2026-08-22 14:37:51.840,0 days 00:51:16.076000,,,0 days 00:00:01.044000,11358.521450057144,311.0,7,100.0,False,0,pos,90.01583155925023,0.021117566204523167,OnTrack,898.0,4730.0,537.0
2026-08-22 14:37:52.059,0 days 00:51:16.295000,,,0 days 00:00:01.263000,11285.0,311.0,7,100.0,False,0,car,108.93583333333332,0.025556167538677448,OnTrack,980.9957915925379,4934.529624442562,536.3755030681845
2026-08-22 14:37:52.259,0 days 00:51:16.495000,,,0 days 00:00:01.463000,11296.875,311.0,7,100.0,False,0,pos,126.23377205666357,0.02961423554587316,OnTrack,1028.0,5050.0,536.0
2026-08-22 14:37:52.379,0 days 00:51:16.615000,,,0 days 00:00:01.583000,11304.0,311.0,7,100.0,False,0,car,136.58027777777778,0.03204150879066111,OnTrack,1052.6041039600912,5109.391565107733,536.2231518934296
2026-08-22 14:37:52.539,0 days 00:51:16.775000,,,0 days 00:00:01.743000,11285.0,309.0,7,100.0,False,0,car,150.31361111111113,0.03526332622934753,OnTrack,1085.002817839168,5187.559514427273,536.8344774220926
2026-08-22 14:37:52.619,0 days 00:51:16.855000,,,0 days 00:00:01.823000,11231.0,308.77777777777777,7,77.77777777777779,False,0,pos,157.17314649593845,0.0368725619616866,OnTrack,1106.0,5240.0,537.0
2026-08-22 14:37:52.799,0 days 00:51:17.035000,,,0 days 00:00:02.003000,11109.5,308.27777777777777,7,27.777777777777782,False,0,pos,172.59027255293415,0.04048939440718578,OnTrack,1163.0,5387.0,537.0
2026-08-22 14:37:52.899,0 days 00:51:17.135000,,,0 days 00:00:02.103000,11042.0,308.0,7,0.0,False,0,car,181.11361111111114,0.042488955630673376,OnTrack,1192.1960941497675,5467.205221189092,536.9270196027904
2026-08-22 14:37:52.959,0 days 00:51:17.195000,,,0 days 00:00:02.163000,11057.3,306.5,7,0.0,False,0,pos,186.2100664825441,0.04368457568828283,OnTrack,1208.0,5513.0,537.0
2026-08-22 14:37:53.099,0 days 00:51:17.335000,,,0 days 00:00:02.303000,11093.0,303.0,7,0.0,False,0,car,197.94694444444445,0.04643802797663609,OnTrack,1239.880960570384,5613.475951579511,537.7129688879404
2026-08-22 14:37:53.159,0 days 00:51:17.395000,,,0 days 00:00:02.363000,10828.162052494692,298.66084718776614,7,0.0,False,0,pos,202.83780479954592,0.04758541578116856,OnTrack,1253.0,5658.0,538.0
2026-08-22 14:37:53.399,0 days 00:51:17.635000,,,0 days 00:00:02.603000,9768.810262473458,281.3042359388307,7,0.0,False,0,pos,221.40028599848984,0.05194014337573503,OnTrack,1306.0,5850.0,539.0
2026-08-22 14:37:53.500,0 days 00:51:17.736000,,,0 days 00:00:02.704000,9323.0,274.0,7,0.0,True,0,car,228.46750000000003,0.053598100170370554,OnTrack,1325.5046647487566,5922.211446719016,540.6564763600846
2026-08-22 14:37:53.579,0 days 00:51:17.815000,,,0 days 00:00:02.783000,9384.2250496,257.54165333333333,7,0.0,True,0,pos,233.6453547860875,0.05481281639693384,OnTrack,1340.0,5975.0,542.0
2026-08-22 14:37:53.740,0 days 00:51:17.976000,,,0 days 00:00:02.944000,9509.0,224.0,7,0.0,True,0,car,243.40083333333334,0.05710143563768005,OnTrack,1369.08924925561,6076.378776016645,543.6510384029528
2026-08-22 14:37:53.779,0 days 00:51:18.015000,,,0 days 00:00:02.983000,9523.625024,221.0749952,7,0.0,True,0,pos,245.6511300854889,0.05762935155891652,OnTrack,1376.0,6100.0,544.0
2026-08-22 14:37:53.999,0 days 00:51:18.235000,,,0 days 00:00:03.203000,9606.125024,204.5749952,7,0.0,True,0,pos,257.56554334730674,0.060424453336972925,OnTrack,1414.0,6226.0,546.0
2026-08-22 14:37:54.180,0 days 00:51:18.416000,,,0 days 00:00:03.384000,9674.0,191.0,6,0.0,True,0,car,266.7452777777778,0.06257800395376432,OnTrack,1445.0585194831326,6314.759369656522,546.8051121499807
2026-08-22 14:37:54.239,0 days 00:51:18.475000,,,0 days 00:00:03.443000,9716.35361737143,187.20713874285715,6,0.0,True,0,pos,269.66069273768056,0.06326195551387272,OnTrack,1456.0,6342.0,547.0
2026-08-22 14:37:54.460,0 days 00:51:18.696000,,,0 days 00:00:03.664000,9875.0,173.0,5,0.0,True,0,car,280.2008333333334,0.06573465518212132,OnTrack,1502.23119391486,6439.604469776141,547.7390328977549
2026-08-22 14:37:54.599,0 days 00:51:18.835000,,,0 days 00:00:03.803000,10318.062704,166.0499968,5,0.0,True,0,pos,286.4546230297913,0.06720178397109648,OnTrack,1531.0,6489.0,548.0
2026-08-22 14:37:54.779,0 days 00:51:19.015000,,,0 days 00:00:03.983000,10891.812704,157.0499968,5,0.0,True,0,pos,294.1151982158782,0.06899894232485157,OnTrack,1566.0,6536.0,548.0
2026-08-22 14:37:54.780,0 days 00:51:19.016000,,,0 days 00:00:03.984000,10895.0,157.0,4,0.0,True,0,car,294.1563888888889,0.06900860558907126,OnTrack,1566.212697673791,6536.258692892897,547.9998953542772
2026-08-22 14:37:54.999,0 days 00:51:19.235000,,,0 days 00:00:04.203000,10287.82232256,147.14499712,4,0.0,True,0,pos,302.8159554211581,0.07104012567148366,OnTrack,1622.0,6596.0,548.0
2026-08-22 14:37:55.099,0 days 00:51:19.335000,,,0 days 00:00:04.303000,10010.57232256,142.64499712,4,0.0,True,0,pos,306.58978813074845,0.071925460625448,OnTrack,1655.0,6622.0,548.0
2026-08-22 14:37:55.180,0 days 00:51:19.416000,,,0 days 00:00:04.384000,9786.0,139.0,3,0.0,True,0,car,309.60083333333336,0.0726318468833869,OnTrack,1680.953692365339,6639.566029425146,548.2923127367859
2026-08-22 14:37:55.319,0 days 00:51:19.555000,,,0 days 00:00:04.523000,9429.812336,132.0499968,3,0.0,True,0,pos,314.66968423038975,0.07382099097665663,OnTrack,1723.0,6663.0,549.0
2026-08-22 14:37:55.340,0 days 00:51:19.576000,,,0 days 00:00:04.544000,9376.0,131.0,3,0.0,True,0,car,315.42305555555555,0.0739977306518915,OnTrack,1729.2052307251515,6666.040381087071,549.0485166084222
2026-08-22 14:37:55.519,0 days 00:51:19.755000,,,0 days 00:00:04.723000,9201.4749376,126.5249984,3,0.0,True,0,pos,321.703173938452,0.075471036107452,OnTrack,1789.0,6687.0,549.0
2026-08-22 14:37:55.540,0 days 00:51:19.776000,,,0 days 00:00:04.744000,9181.0,126.0,3,0.0,True,0,car,322.42305555555555,0.07563991915219281,OnTrack,1798.7475004074163,6688.923951111741,548.9900792344764
2026-08-22 14:37:55.739,0 days 00:51:19.975000,,,0 days 00:00:04.943000,8848.089476266667,122.2687488,3,0.0,True,0,pos,329.0672177524248,0.07719862868845502,OnTrack,1908.0,6701.0,549.0
2026-08-22 14:37:56.020,0 days 00:51:20.256000,,,0 days 00:00:05.224000,8378.0,117.0,3,0.0,False,0,car,338.0230555555556,0.07929965352429293,OnTrack,1988.8050130481072,6694.240451628253,549.1725841302488
2026-08-22 14:37:56.179,0 days 00:51:20.415000,,,0 days 00:00:05.383000,8411.125013333334,114.34999893333334,3,11.9250048,False,0,pos,342.9518067424377,0.08045593045571355,OnTrack,2021.0,6682.0,549.0
2026-08-22 14:37:56.380,0 days 00:51:20.616000,,,0 days 00:00:05.584000,8453.0,111.0,3,27.0,False,0,car,349.12305555555554,0.08190369528905646,OnTrack,2070.8504172951507,6660.809504475497,548.2627457056026
2026-08-22 14:37:56.619,0 days 00:51:20.855000,,,0 days 00:00:05.823000,8400.85453149091,111.54318196363636,3,33.51818356363636,False,0,pos,356.5205255053576,0.08363912958661213,OnTrack,2132.0,6626.0,547.0
2026-08-22 14:37:56.820,0 days 00:51:21.056000,,,0 days 00:00:06.024000,8357.0,112.0,3,39.0,False,0,car,362.81194444444446,0.08511508613409018,OnTrack,2173.8076320796195,6587.361983331024,545.9742070752711
2026-08-22 14:37:57.020,0 days 00:51:21.256000,,,0 days 00:00:06.224000,8718.0,114.0,3,40.0,False,0,pos,369.1452777777778,0.0866008757296009,OnTrack,2210.0,6540.0,545.0
2026-08-22 14:37:57.220,0 days 00:51:21.456000,,,0 days 00:00:06.424000,9050.0,115.0,3,51.0,False,0,pos,375.5341666666667,0.08809969856717752,OnTrack,2243.0,6485.0,544.0
2026-08-22 14:37:57.400,0 days 00:51:21.636000,,,0 days 00:00:06.604000,9133.25,117.25,3,56.25,False,0,pos,381.40144909713825,0.08947615338651187,OnTrack,2265.0,6434.0,543.0
2026-08-22 14:37:57.460,0 days 00:51:21.696000,,,0 days 00:00:06.664000,9161.0,118.0,3,58.0,False,0,car,383.4008333333333,0.08994520564370662,OnTrack,2271.602877033644,6412.724287528662,543.0584549556804
2026-08-22 14:37:57.660,0 days 00:51:21.896000,,,0 days 00:00:06.864000,9476.0,122.375,3,64.875,False,0,pos,390.25541682105285,0.09155327966911925,OnTrack,2290.0,6332.0,544.0
2026-08-22 14:37:57.780,0 days 00:51:22.016000,,,0 days 00:00:06.984000,9665.0,125.0,3,69.0,False,0,car,394.51194444444445,0.09255185405688333,OnTrack,2295.5737819511937,6289.659290082333,543.6392382694256
2026-08-22 14:37:58.060,0 days 00:51:22.296000,,,0 days 00:00:07.264000,10491.0,133.0,3,75.0,False,0,car,404.8563888888889,0.09497864372955085,OnTrack,2293.722784279004,6201.0068842273495,541.9367808804674
2026-08-22 14:37:58.080,0 days 00:51:22.316000,,,0 days 00:00:07.284000,10589.1,133.6,3,75.7,False,0,pos,405.6148495794615,0.09515657736154927,OnTrack,2293.0,6194.0,542.0
2026-08-22 14:37:58.240,0 days 00:51:22.476000,,,0 days 00:00:07.444000,11373.9,138.4,3,81.3,False,0,pos,411.7884404114818,0.09660489162867919,OnTrack,2284.0,6132.0,543.0
2026-08-22 14:37:58.260,0 days 00:51:22.496000,,,0 days 00:00:07.464000,11472.0,139.0,3,82.0,False,0,car,412.5786111111111,0.09679026437670867,OnTrack,2282.302008327029,6122.964027282096,543.0065313862974
2026-08-22 14:37:58.459,0 days 00:51:22.695000,,,0 days 00:00:07.663000,11657.0,146.0,3,74.0,False,0,car,420.64916666666664,0.09868360345161957,OnTrack,2259.607238825147,6022.134578560347,541.3355338279164
2026-08-22 14:37:58.500,0 days 00:51:22.736000,,,0 days 00:00:07.704000,11652.045841066667,146.68333226666667,3,75.87916373333333,False,0,pos,422.3361604211397,0.09907936941500183,OnTrack,2255.0,6004.0,541.0
2026-08-22 14:37:58.699,0 days 00:51:22.935000,,,0 days 00:00:07.903000,11628.0,150.0,3,85.0,False,0,car,430.6491666666666,0.10102958702347858,OnTrack,2235.587456999423,5938.076331896686,540.2312968053433
2026-08-22 14:37:58.799,0 days 00:51:23.035000,,,0 days 00:00:08.003000,11843.833333333334,153.75,3,85.41666666666667,False,0,pos,434.96385344257806,0.10204180545287915,OnTrack,2225.0,5906.0,540.0
2026-08-22 14:37:58.939,0 days 00:51:23.175000,,,0 days 00:00:08.143000,12146.0,159.0,3,86.0,False,0,car,441.2491666666666,0.10351632960964918,OnTrack,2207.0745271718183,5852.399838618198,539.5483244710986
2026-08-22 14:37:59.019,0 days 00:51:23.255000,,,0 days 00:00:08.223000,12113.6,163.0,3,88.8,False,0,pos,445.02271211703413,0.10440159717307176,OnTrack,2193.0,5812.0,539.0
2026-08-22 14:37:59.259,0 days 00:51:23.495000,,,0 days 00:00:08.463000,12016.4,175.0,3,97.2,False,0,pos,457.03071217427106,0.10721865425958776,OnTrack,2134.0,5651.0,536.0
2026-08-22 14:37:59.339,0 days 00:51:23.575000,,,0 days 00:00:08.543000,11984.0,179.0,4,100.0,False,0,car,461.1380555555554,0.10818223026923547,OnTrack,2115.917448680497,5604.343443860525,535.1826069939426
2026-08-22 14:37:59.619,0 days 00:51:23.855000,,,0 days 00:00:08.823000,11565.0,189.0,4,100.0,False,0,car,475.83805555555546,0.11163082611986827,OnTrack,2065.8572910450102,5486.362335478926,533.4613257781779
2026-08-22 14:37:59.699,0 days 00:51:23.935000,,,0 days 00:00:08.903000,11739.4,192.6,4,100.0,False,0,pos,480.1838119036243,0.11265033341985545,OnTrack,2054.0,5460.0,533.0
2026-08-22 14:37:59.819,0 days 00:51:24.055000,,,0 days 00:00:09.023000,12001.0,198.0,4,100.0,False,0,car,486.8380555555554,0.11421140804891321,OnTrack,2037.898350515613,5425.093479738424,532.2551480062621
2026-08-22 14:38:00.020,0 days 00:51:24.256000,,,0 days 00:00:09.224000,10601.0,206.0,4,100.0,False,0,car,498.3397222222221,0.11690968015381309,OnTrack,2009.9375684327217,5365.877522584807,531.0532159881511
2026-08-22 14:38:00.159,0 days 00:51:24.395000,,,0 days 00:00:09.363000,10742.9786368,209.9714304,4,100.0,False,0,pos,506.5249484116757,0.11882992077105395,OnTrack,1968.0,5272.0,531.0
2026-08-22 14:38:00.300,0 days 00:51:24.536000,,,0 days 00:00:09.504000,10887.0,214.0,5,100.0,False,0,car,514.9841666666665,0.1208144394767518,OnTrack,1905.3054672208757,5129.141221389335,531.7201323990392
2026-08-22 14:38:00.339,0 days 00:51:24.575000,,,0 days 00:00:09.543000,10945.11009536,215.17000192,5,100.0,False,0,pos,517.3459954073426,0.12136852061926884,OnTrack,1890.0,5094.0,532.0
2026-08-22 14:38:00.500,0 days 00:51:24.736000,,,0 days 00:00:09.704000,11185.0,220.0,5,100.0,False,0,car,527.2063888888888,0.1236817527312462,OnTrack,1849.5291658827643,4999.5587341349365,533.3898242494029
2026-08-22 14:38:00.700,0 days 00:51:24.936000,,,0 days 00:00:09.904000,11428.0,226.0,5,100.0,False,0,car,539.7619444444443,0.12662726543813588,OnTrack,1834.4862194109924,4953.77582846802,535.0021850031421
2026-08-22 14:38:00.799,0 days 00:51:25.035000,,,0 days 00:00:10.003000,11530.7125664,228.7843768,5,100.0,False,0,pos,546.1408249908513,0.1281237403350081,OnTrack,1823.0,4911.0,535.0
2026-08-22 14:38:01.019,0 days 00:51:25.255000,,,0 days 00:00:10.223000,11758.9625664,234.9718768,5,100.0,False,0,pos,560.5850265642924,0.13151232629499937,OnTrack,1788.0,4768.0,535.0
2026-08-22 14:38:01.020,0 days 00:51:25.256000,,,0 days 00:00:10.224000,11760.0,235.0,5,100.0,False,0,car,560.6508333333333,0.1315277644549081,OnTrack,1787.86618980361,4767.340845968224,535.0223229072394
2026-08-22 14:38:01.059,0 days 00:51:25.295000,,,0 days 00:00:10.263000,11807.531328,235.7312512,5,100.0,False,0,pos,563.2179005047428,0.13212999419610663,OnTrack,1783.0,4742.0,536.0
2026-08-22 14:38:01.180,0 days 00:51:25.416000,,,0 days 00:00:10.384000,11955.0,238.0,5,100.0,False,0,car,571.228611111111,0.13400929374425233,OnTrack,1772.5147362829869,4668.022994546317,536.4359271723405
2026-08-22 14:38:01.319,0 days 00:51:25.555000,,,0 days 00:00:10.523000,12042.454206933333,240.89583466666667,5,100.0,False,0,pos,580.6532506817376,0.1362202987045906,OnTrack,1769.0,4571.0,534.0
2026-08-22 14:38:01.420,0 days 00:51:25.656000,,,0 days 00:00:10.624000,12106.0,243.0,5,100.0,False,0,car,587.4286111111111,0.137809787130664,OnTrack,1772.0789181996518,4476.672911186187,532.1834943450127
2026-08-22 14:38:01.579,0 days 00:51:25.815000,,,0 days 00:00:10.783000,11820.19738496,235.0499968,5,60.249984000000005,False,0,pos,597.6673594264122,0.14021178066507356,OnTrack,1782.0,4322.0,530.0
2026-08-22 14:38:01.820,0 days 00:51:26.056000,,,0 days 00:00:11.024000,11387.0,223.0,5,0.0,True,0,car,612.2063888888888,0.14362261309204805,OnTrack,1793.9292547008047,4186.976104848385,530.7000563450907
2026-08-22 14:38:02.039,0 days 00:51:26.275000,,,0 days 00:00:11.243000,11714.95259584,209.85999616,5,0.0,True,0,pos,624.4226334487723,0.14648852399677795,OnTrack,1801.0,4087.0,532.0
2026-08-22 14:38:02.099,0 days 00:51:26.335000,,,0 days 00:00:11.303000,11804.80259584,206.25999616000001,5,0.0,True,0,pos,627.6793740857958,0.14725255000000423,OnTrack,1802.0,4051.0,532.0
2026-08-22 14:38:02.220,0 days 00:51:26.456000,,,0 days 00:00:11.424000,11986.0,199.0,4,0.0,True,0,car,634.3174999999999,0.1488098434342697,OnTrack,1796.7846276105317,3974.9038053301333,533.1838656704997
2026-08-22 14:38:02.380,0 days 00:51:26.616000,,,0 days 00:00:11.584000,11608.0,199.0,4,0.0,True,0,car,643.1619444444443,0.15088473557115836,OnTrack,1776.4379508344905,3874.681552246226,536.6246466022623
2026-08-22 14:38:02.459,0 days 00:51:26.695000,,,0 days 00:00:11.663000,11538.874944,195.0499968,4,0.0,True,0,pos,647.398679581398,0.1518786666741195,OnTrack,1764.0,3833.0,538.0
2026-08-22 14:38:02.540,0 days 00:51:26.776000,,,0 days 00:00:11.744000,11468.0,191.0,4,0.0,True,0,car,651.6508333333333,0.15287621495882536,OnTrack,1749.9038051003963,3796.318857409641,539.0863120147209
2026-08-22 14:38:02.820,0 days 00:51:27.056000,,,0 days 00:00:12.024000,10947.0,183.0,4,13.0,False,0,car,665.8841666666666,0.15621533157610473,OnTrack,1685.409070978085,3702.18210710387,541.4976328621648
2026-08-22 14:38:02.859,0 days 00:51:27.095000,,,0 days 00:00:12.063000,10922.1374592,182.390624,4,15.0718784,False,0,pos,667.8316729334992,0.1566722133469129,OnTrack,1673.0,3689.0,542.0
2026-08-22 14:38:03.059,0 days 00:51:27.295000,,,0 days 00:00:12.263000,10794.6374592,179.265624,4,25.6968784,False,0,pos,677.7250707442641,0.15899318822030498,OnTrack,1599.0,3621.0,545.0
2026-08-22 14:38:03.140,0 days 00:51:27.376000,,,0 days 00:00:12.344000,10743.0,178.0,4,30.0,False,0,car,681.7063888888888,0.15992719891646837,OnTrack,1570.1553071583692,3599.0289107545113,545.6334806841786
2026-08-22 14:38:03.219,0 days 00:51:27.455000,,,0 days 00:00:12.423000,10757.0718864,177.5062496,4,39.1343824,False,0,pos,685.5797973071568,0.16083589416810412,OnTrack,1537.0,3578.0,546.0
2026-08-22 14:38:03.460,0 days 00:51:27.696000,,,0 days 00:00:12.664000,10800.0,176.0,4,67.0,False,0,car,697.3508333333333,0.1635973598822212,OnTrack,1383.6093444358514,3501.8298270095834,546.8459306017343
2026-08-22 14:38:03.500,0 days 00:51:27.736000,,,0 days 00:00:12.704000,10846.5,176.0,4,69.25,False,0,pos,699.3012774371682,0.16405493086476383,OnTrack,1362.0,3492.0,547.0
2026-08-22 14:38:03.620,0 days 00:51:27.856000,,,0 days 00:00:12.824000,10986.0,176.0,4,76.0,False,0,car,705.1730555555555,0.1654324403650976,OnTrack,1313.632001841035,3471.2498924308193,547.5315358005697
2026-08-22 14:38:03.860,0 days 00:51:28.096000,,,0 days 00:00:13.064000,11145.42857142857,180.28571428571428,4,81.14285714285714,False,0,pos,717.211330651375,0.16825659992592887,OnTrack,1245.0,3447.0,548.0
2026-08-22 14:38:03.900,0 days 00:51:28.136000,,,0 days 00:00:13.104000,11172.0,181.0,4,82.0,False,0,car,719.2508333333333,0.1687350639045925,OnTrack,1228.1247073837685,3440.8336433931468,547.8219207769308
2026-08-22 14:38:04.020,0 days 00:51:28.256000,,,0 days 00:00:13.224000,11181.0,182.71428571428572,4,84.14285714285714,False,0,pos,725.4204683972896,0.1701824501550332,OnTrack,1169.0,3419.0,547.0
2026-08-22 14:38:04.180,0 days 00:51:28.416000,,,0 days 00:00:13.384000,11193.0,185.0,4,87.0,False,0,car,733.6397222222222,0.17211067359965634,OnTrack,1080.2494148301255,3386.477931896455,546.0124326102554
2026-08-22 14:38:04.320,0 days 00:51:28.556000,,,0 days 00:00:13.524000,11333.0,181.5,4,43.5,False,0,pos,740.6751865698764,0.17376118197765603,OnTrack,1001.0,3355.0,545.0
2026-08-22 14:38:04.460,0 days 00:51:28.696000,,,0 days 00:00:13.664000,11473.0,178.0,4,0.0,True,0,car,747.4841666666666,0.17535855752247453,OnTrack,926.0469424121445,3320.587453432407,543.5959262322085
2026-08-22 14:38:04.680,0 days 00:51:28.916000,,,0 days 00:00:13.884000,11536.25,166.08333333333334,4,0.0,True,0,pos,757.5935377710982,0.17773019937575682,OnTrack,826.0,3266.0,541.0
2026-08-22 14:38:04.700,0 days 00:51:28.936000,,,0 days 00:00:13.904000,11542.0,165.0,3,0.0,True,0,car,758.4841666666666,0.17793913945151946,OnTrack,818.7318877021064,3261.4565825018817,540.7737656297994
2026-08-22 14:38:04.900,0 days 00:51:29.136000,,,0 days 00:00:14.104000,11549.0,157.0,3,0.0,False,0,car,767.2063888888888,0.17998535845586316,OnTrack,763.1715304862513,3220.0869428786295,538.6174116658483
2026-08-22 14:38:05.179,0 days 00:51:29.415000,,,0 days 00:00:14.383000,10927.0,154.0,3,0.0,True,0,car,779.1413888888887,0.18278528984887693,OnTrack,709.2114614997063,3152.31703128415,536.0083322900668
2026-08-22 14:38:05.180,0 days 00:51:29.416000,,,0 days 00:00:14.384000,10925.3459392,153.9708352,3,0.0,True,0,pos,779.1831062250319,0.18279507666740225,OnTrack,709.0,3152.0,536.0
2026-08-22 14:38:05.299,0 days 00:51:29.535000,,,0 days 00:00:14.503000,10728.5,150.5,3,0.0,True,0,pos,784.0790683685638,0.18394366134311924,OnTrack,684.0,3111.0,535.0
2026-08-22 14:38:05.419,0 days 00:51:29.655000,,,0 days 00:00:14.623000,10530.0,147.0,3,0.0,True,0,car,788.9413888888887,0.18508435374929877,OnTrack,664.9953628319676,3066.0617429612225,533.6829792925303
2026-08-22 14:38:05.479,0 days 00:51:29.715000,,,0 days 00:00:14.683000,10404.9,146.1,3,0.0,True,0,pos,791.3680039691874,0.1856536336606594,OnTrack,658.0,3043.0,533.0
2026-08-22 14:38:05.619,0 days 00:51:29.855000,,,0 days 00:00:14.823000,10113.0,144.0,3,0.0,True,0,car,796.9413888888887,0.186961140606786,OnTrack,647.7163108391328,2988.5692416084576,531.5423047844296
2026-08-22 14:38:05.719,0 days 00:51:29.955000,,,0 days 00:00:14.923000,9962.0625,140.5625,3,2.5,True,0,pos,800.7364305525583,0.18785145114653495,OnTrack,645.0,2950.0,531.0
2026-08-22 14:38:05.879,0 days 00:51:30.115000,,,0 days 00:00:15.083000,9720.5625,135.0625,3,6.5,True,0,pos,806.5683409856723,0.18921960775339883,OnTrack,648.0,2890.0,531.0
2026-08-22 14:38:05.939,0 days 00:51:30.175000,,,0 days 00:00:15.143000,9630.0,133.0,3,8.0,False,0,car,808.7636111111109,0.18973461451840604,OnTrack,651.5264754333194,2868.113978036855,530.5807045964327
2026-08-22 14:38:06.099,0 days 00:51:30.335000,,,0 days 00:00:15.303000,9594.0,132.0,3,10.0,False,0,car,814.6302777777776,0.19111092488056333,OnTrack,666.9938526119986,2812.0846251003168,528.4211058576981
2026-08-22 14:38:06.139,0 days 00:51:30.375000,,,0 days 00:00:15.343000,9578.5,131.25,3,13.125,False,0,pos,816.0653538081459,0.1914475913597246,OnTrack,672.0,2799.0,528.0
2026-08-22 14:38:06.319,0 days 00:51:30.555000,,,0 days 00:00:15.523000,9508.75,127.875,3,27.1875,False,0,pos,822.3394927616548,0.19291949405097392,OnTrack,700.0,2745.0,527.0
2026-08-22 14:38:06.419,0 days 00:51:30.655000,,,0 days 00:00:15.623000,9470.0,126.0,3,35.0,False,0,car,825.8302777777775,0.19373842648104544,OnTrack,719.7017882646527,2718.080579242323,526.7921565398256
2026-08-22 14:38:07.100,0 days 00:51:31.336000,,,0 days 00:00:16.304000,10449.0,133.0,3,79.0,False,0,car,850.9894444444442,0.19964072564921181,OnTrack,929.4904569056342,2597.0291255047396,531.3429135014254
2026-08-22 14:38:07.139,0 days 00:51:31.375000,,,0 days 00:00:16.343000,10518.468864,134.4625024,3,79.7312512,False,0,pos,852.5184822473885,0.19999943540585768,OnTrack,945.0,2594.0,532.0
2026-08-22 14:38:07.319,0 days 00:51:31.555000,,,0 days 00:00:16.523000,10839.093864,141.2125024,3,83.1062512,False,0,pos,859.7139051139608,0.20168746978961347,OnTrack,1019.0,2586.0,536.0
2026-08-22 14:38:07.420,0 days 00:51:31.656000,,,0 days 00:00:16.624000,11019.0,145.0,3,85.0,False,0,car,863.8783333333331,0.2026644378084968,OnTrack,1057.3328821881325,2586.2417261736305,539.7538741002221
2026-08-22 14:38:07.499,0 days 00:51:31.735000,,,0 days 00:00:16.703000,11284.308548266667,147.41389084444444,3,86.0972231111111,False,0,pos,867.2056815638056,0.20344502823715108,OnTrack,1088.0,2589.0,543.0
2026-08-22 14:38:07.780,0 days 00:51:32.016000,,,0 days 00:00:16.984000,12228.0,156.0,3,90.0,False,0,car,879.4783333333332,0.20632417218059693,OnTrack,1213.839684110152,2615.4675692894266,553.6208034227802
2026-08-22 14:38:07.819,0 days 00:51:32.055000,,,0 days 00:00:17.023000,12089.224772266667,157.30000213333332,3,90.0,False,0,pos,881.2223832428015,0.20673332342420844,OnTrack,1231.0,2620.0,555.0
2026-08-22 14:38:07.999,0 days 00:51:32.235000,,,0 days 00:00:17.203000,11448.724772266667,163.30000213333332,3,90.0,False,0,pos,889.4285511952852,0.2086584769446527,OnTrack,1307.0,2642.0,561.0
2026-08-22 14:38:08.020,0 days 00:51:32.256000,,,0 days 00:00:17.224000,11374.0,164.0,3,90.0,False,0,car,890.4116666666665,0.2088891142191628,OnTrack,1315.9702613974496,2644.7575713987803,561.632223933697
2026-08-22 14:38:08.099,0 days 00:51:32.335000,,,0 days 00:00:17.303000,11391.994459022222,166.8527800888889,3,92.19444622222223,False,0,pos,894.1635575582336,0.2097693016586652,OnTrack,1352.0,2656.0,564.0
2026-08-22 14:38:08.380,0 days 00:51:32.616000,,,0 days 00:00:17.584000,11456.0,177.0,4,100.0,False,0,car,908.1116666666665,0.21304150514135328,OnTrack,1537.3650302877652,2713.635560584277,574.8802211645487
2026-08-22 14:38:08.459,0 days 00:51:32.695000,,,0 days 00:00:17.663000,11606.1001216,180.9500032,4,100.0,False,0,pos,912.1607502115916,0.2139914134891012,OnTrack,1576.0,2726.0,577.0
2026-08-22 14:38:08.580,0 days 00:51:32.816000,,,0 days 00:00:17.784000,11836.0,187.0,4,100.0,False,0,car,918.5005555555553,0.2154787214076735,OnTrack,1609.5091183276031,2737.4556614078647,578.6584545114555
2026-08-22 14:38:08.879,0 days 00:51:33.115000,,,0 days 00:00:18.083000,11253.69737536,197.46500224,4,100.0,False,0,pos,935.0816402494798,0.21936861663722856,OnTrack,1654.0,2757.0,580.0
2026-08-22 14:38:08.980,0 days 00:51:33.216000,,,0 days 00:00:18.184000,11057.0,201.0,4,100.0,False,0,car,940.8338888888887,0.22071808471815874,OnTrack,1706.7335015968654,2776.626607289372,582.4591901576101
2026-08-22 14:38:09.039,0 days 00:51:33.275000,,,0 days 00:00:18.243000,10928.6748608,203.06500224,4,100.0,False,0,pos,944.210273887629,0.22151017909209034,OnTrack,1740.0,2789.0,584.0
2026-08-22 14:38:09.180,0 days 00:51:33.416000,,,0 days 00:00:18.384000,10622.0,208.0,5,100.0,False,0,car,952.3894444444443,0.2234289990678625,OnTrack,1812.028202906608,2816.3200275578392,587.117095007652
2026-08-22 14:38:09.279,0 days 00:51:33.515000,,,0 days 00:00:18.483000,10755.6500864,212.12500266666666,5,100.0,False,0,pos,958.3127837241905,0.2248186047319457,OnTrack,1872.0,2838.0,589.0
2026-08-22 14:38:09.420,0 days 00:51:33.656000,,,0 days 00:00:18.624000,10946.0,218.0,5,100.0,False,0,car,966.9227777777775,0.2268384951922976,OnTrack,1982.9520483012125,2875.6686434852054,591.4146155619445
2026-08-22 14:38:09.459,0 days 00:51:33.695000,,,0 days 00:00:18.663000,11022.293875200001,218.9750016,5,100.0,False,0,pos,969.3148443101467,0.2273996700710708,OnTrack,2011.0,2885.0,592.0
2026-08-22 14:38:09.580,0 days 00:51:33.816000,,,0 days 00:00:18.784000,11259.0,222.0,5,100.0,False,0,car,976.7894444444441,0.22915319898319852,OnTrack,2079.168431736295,2907.3135861743826,593.549233444069
2026-08-22 14:38:09.780,0 days 00:51:34.016000,,,0 days 00:00:18.984000,11531.0,228.0,5,100.0,False,0,car,989.456111111111,0.23212477817422003,OnTrack,2163.220746808575,2932.3064071816607,594.9671087735554
2026-08-22 14:38:09.799,0 days 00:51:34.035000,,,0 days 00:00:19.003000,11557.98009088,228.4750016,5,100.0,False,0,pos,990.6732173777239,0.23241030930488807,OnTrack,2173.0,2935.0,595.0
2026-08-22 14:38:09.980,0 days 00:51:34.216000,,,0 days 00:00:19.184000,11815.0,233.0,5,100.0,False,0,car,1002.4005555555553,0.23516152357557088,OnTrack,2284.5207074728105,2964.2443471011557,594.4244959068433
2026-08-22 14:38:10.120,0 days 00:51:34.356000,,,0 days 00:00:19.324000,11800.0,237.5,5,100.0,False,0,pos,1011.7357814683871,0.2373515522386805,OnTrack,2382.0,2987.0,594.0
2026-08-22 14:38:10.140,0 days 00:51:34.376000,,,0 days 00:00:19.344000,11797.857142857143,238.14285714285714,5,100.0,False,0,pos,1013.0875819305238,0.23766868240634093,OnTrack,2396.0,2990.0,594.0
2026-08-22 14:38:10.260,0 days 00:51:34.496000,,,0 days 00:00:19.464000,11785.0,242.0,5,100.0,False,0,car,1021.2227777777774,0.2395771859874922,OnTrack,2471.9031697581204,3005.0261167024223,593.3871890456537
2026-08-22 14:38:10.460,0 days 00:51:34.696000,,,0 days 00:00:19.664000,10776.0,246.0,5,100.0,False,0,pos,1034.8894444444443,0.2427833635356996,OnTrack,2611.0,3022.0,590.0
2026-08-22 14:38:10.700,0 days 00:51:34.936000,,,0 days 00:00:19.904000,10855.0,251.0,6,100.0,False,0,car,1051.6227777777774,0.24670897604594366,OnTrack,2873.771275593054,3036.671004648493,582.9918415524419
2026-08-22 14:38:10.740,0 days 00:51:34.976000,,,0 days 00:00:19.944000,10901.0,252.11111111111111,6,100.0,False,0,pos,1054.4685597911891,0.24737659183119923,OnTrack,2906.0,3038.0,582.0
2026-08-22 14:38:11.040,0 days 00:51:35.276000,,,0 days 00:00:20.244000,11246.0,260.44444444444446,6,100.0,False,0,pos,1076.2595855113686,0.25248873066654914,OnTrack,3022.0,3036.0,576.0
2026-08-22 14:38:11.060,0 days 00:51:35.296000,,,0 days 00:00:20.264000,11269.0,261.0,6,100.0,False,0,car,1077.7227777777773,0.25283199316849575,OnTrack,3033.509314416909,3035.1985514249045,575.3373976049087
2026-08-22 14:38:11.240,0 days 00:51:35.476000,,,0 days 00:00:20.444000,11395.5625,263.25,6,100.0,False,0,pos,1090.9144016233151,0.25592672645127335,OnTrack,3169.0,3025.0,568.0
2026-08-22 14:38:11.380,0 days 00:51:35.616000,,,0 days 00:00:20.584000,11494.0,265.0,6,100.0,False,0,car,1101.278333333333,0.25835808780443037,OnTrack,3266.1956309722295,3014.8960072052137,563.1904346720237
2026-08-22 14:38:11.500,0 days 00:51:35.736000,,,0 days 00:00:20.704000,11582.8,268.6,6,100.0,False,0,pos,1110.2767471295765,0.2604691008983081,OnTrack,3362.0,3001.0,558.0
2026-08-22 14:38:11.580,0 days 00:51:35.816000,,,0 days 00:00:20.784000,11642.0,271.0,6,100.0,False,0,car,1116.3338888888884,0.2618900964042848,OnTrack,3443.111804724339,2987.3010329864323,553.0884954052866
2026-08-22 14:38:11.720,0 days 00:51:35.956000,,,0 days 00:00:20.924000,11457.674018171983,273.6332283118288,6,100.0,False,0,pos,1127.044799178273,0.26440285836214006,OnTrack,3587.0,2961.0,544.0
2026-08-22 14:38:11.899,0 days 00:51:36.135000,,,0 days 00:00:21.103000,11222.0,277.0,6,100.0,False,0,car,1140.8791666666664,0.2676483782476232,OnTrack,3688.012024405679,2940.2571271337497,537.8367959256578
2026-08-22 14:38:12.099,0 days 00:51:36.335000,,,0 days 00:00:21.303000,10261.0,280.0,7,100.0,False,0,car,1156.4347222222218,0.2712976860260706,OnTrack,3782.021689047662,2920.90625771153,534.6783065156436
2026-08-22 14:38:12.179,0 days 00:51:36.415000,,,0 days 00:00:21.383000,10322.777777777777,281.1111111111111,7,100.0,False,0,pos,1162.7173396751818,0.27277157775936245,OnTrack,3877.0,2905.0,532.0
2026-08-22 14:38:12.339,0 days 00:51:36.575000,,,0 days 00:00:21.543000,10446.333333333334,283.3333333333333,7,100.0,False,0,pos,1175.391242073508,0.2757448544411443,OnTrack,4140.0,2864.0,525.0
2026-08-22 14:38:12.459,0 days 00:51:36.695000,,,0 days 00:00:21.663000,10539.0,285.0,7,100.0,False,0,car,1184.9347222222218,0.27798373920586883,OnTrack,4282.397522498907,2846.6401822682838,522.2271159424383
2026-08-22 14:38:12.619,0 days 00:51:36.855000,,,0 days 00:00:21.823000,10592.0,287.0,7,100.0,False,0,car,1197.6902777777773,0.2809761715841957,OnTrack,4372.97035783019,2846.010276212313,522.6447533417079
2026-08-22 14:38:12.799,0 days 00:51:37.035000,,,0 days 00:00:22.003000,10632.0,288.0,7,100.0,False,0,pos,1212.1180622405425,0.2843609061169927,OnTrack,4456.0,2854.0,524.0
2026-08-22 14:38:12.979,0 days 00:51:37.215000,,,0 days 00:00:22.183000,10672.0,289.0,7,100.0,False,0,car,1226.5902777777771,0.28775606410686827,OnTrack,4557.15761974392,2864.001436050029,524.7474905636413
2026-08-22 14:38:13.179,0 days 00:51:37.415000,,,0 days 00:00:22.383000,10743.6418138561,289.99502519244584,7,100.0,False,0,pos,1242.7009413803669,0.2915355993212106,OnTrack,4694.0,2886.0,525.0
2026-08-22 14:38:13.180,0 days 00:51:37.416000,,,0 days 00:00:22.384000,10744.0,290.0,7,100.0,False,0,car,1242.7819444444438,0.29155460250697,OnTrack,4694.7580766522005,2886.16357842557,525.0001258565953
2026-08-22 14:38:13.259,0 days 00:51:37.495000,,,0 days 00:00:22.463000,10778.562528,291.4812512,7,100.0,False,0,pos,1249.2006887052905,0.29306042936576115,OnTrack,4757.0,2901.0,525.0
2026-08-22 14:38:13.340,0 days 00:51:37.576000,,,0 days 00:00:22.544000,10814.0,293.0,7,100.0,False,0,car,1255.8041666666659,0.29460959444721313,OnTrack,4825.761140541305,2921.271168001392,525.1091985474095
2026-08-22 14:38:13.599,0 days 00:51:37.835000,,,0 days 00:00:22.803000,10813.35249984,293.64750016,7,100.0,False,0,pos,1276.9510717450921,0.29957062363817816,OnTrack,5049.0,3007.0,526.0
2026-08-22 14:38:13.740,0 days 00:51:37.976000,,,0 days 00:00:22.944000,10813.0,294.0,7,100.0,False,0,car,1288.4708333333324,0.3022731407819526,OnTrack,5137.804321366833,3049.8474069856634,526.412497960307
2026-08-22 14:38:13.839,0 days 00:51:38.075000,,,0 days 00:00:23.043000,10815.4750016,294.0,7,100.0,False,0,pos,1296.5585585846159,0.3041705078392747,OnTrack,5197.0,3082.0,527.0
2026-08-22 14:38:14.020,0 days 00:51:38.256000,,,0 days 00:00:23.224000,10820.0,294.0,7,100.0,False,0,car,1311.3374999999992,0.3076376232162703,OnTrack,5318.891199016589,3152.7080014742905,529.3438959374758
2026-08-22 14:38:14.119,0 days 00:51:38.355000,,,0 days 00:00:23.323000,10831.7562576,294.0,7,100.0,False,0,pos,1319.4127829044753,0.3095320713194718,OnTrack,5396.0,3199.0,532.0
2026-08-22 14:38:14.180,0 days 00:51:38.416000,,,0 days 00:00:23.384000,10839.0,294.0,7,100.0,False,0,car,1324.4041666666658,0.3107030417501661,OnTrack,5447.88282116031,3230.462470896495,534.2799074351041
2026-08-22 14:38:14.420,0 days 00:51:38.656000,,,0 days 00:00:23.624000,10849.0,297.0,7,100.0,False,0,car,1344.2041666666657,0.315348089222447,OnTrack,5664.724720591546,3361.2423669410164,546.1298617295965
2026-08-22 14:38:14.439,0 days 00:51:38.675000,,,0 days 00:00:23.643000,10847.19499392,297.0,7,100.0,False,0,pos,1345.7728560627752,0.3157161011777092,OnTrack,5680.0,3370.0,547.0
2026-08-22 14:38:14.620,0 days 00:51:38.856000,,,0 days 00:00:23.824000,10830.0,297.0,7,100.0,False,0,car,1360.704166666666,0.31921896211601447,OnTrack,5805.96335850518,3437.4505198141505,554.2487947397797
2026-08-22 14:38:14.780,0 days 00:51:39.016000,,,0 days 00:00:23.984000,10825.0,297.0,7,100.0,False,0,car,1373.904166666666,0.3223156604308684,OnTrack,5903.879797427061,3481.058299523115,559.6916063974156
2026-08-22 14:38:14.819,0 days 00:51:39.055000,,,0 days 00:00:24.023000,10821.897722181819,296.82272698181816,7,100.0,False,0,pos,1377.1158451642593,0.32306911493021306,OnTrack,5929.0,3491.0,561.0
2026-08-22 14:38:15.179,0 days 00:51:39.415000,,,0 days 00:00:24.383000,10793.261358545455,295.18636334545454,7,100.0,False,0,pos,1406.61681834335,0.3299899947734131,OnTrack,6177.0,3568.0,573.0
2026-08-22 14:38:15.220,0 days 00:51:39.456000,,,0 days 00:00:24.424000,10790.0,295.0,7,100.0,False,0,car,1409.9597222222214,0.3307742345316268,OnTrack,6205.04494548016,3574.473168860775,574.4279773277357
2026-08-22 14:38:15.419,0 days 00:51:39.655000,,,0 days 00:00:24.623000,10757.6624896,293.1343744,7,100.0,False,0,pos,1426.1346140843636,0.334568837590145,OnTrack,6365.0,3600.0,582.0
2026-08-22 14:38:15.540,0 days 00:51:39.776000,,,0 days 00:00:24.744000,10738.0,292.0,7,100.0,False,0,car,1435.915277777777,0.3368633652248076,OnTrack,6521.353817888764,3613.0381528763005,587.6335325810567
2026-08-22 14:38:15.599,0 days 00:51:39.835000,,,0 days 00:00:24.803000,10715.874976,291.36785645714286,7,100.0,False,0,pos,1440.6668611152331,0.33797807886980674,OnTrack,6592.0,3618.0,590.0
2026-08-22 14:38:15.820,0 days 00:51:40.056000,,,0 days 00:00:25.024000,10633.0,289.0,7,100.0,False,0,car,1458.3930555555548,0.34213661496466413,OnTrack,6738.760416995927,3625.4988258420613,594.1678926560962
2026-08-22 14:38:16.059,0 days 00:51:40.295000,,,0 days 00:00:25.263000,10571.542840685714,288.1464283428571,7,100.0,False,0,pos,1477.5244309391092,0.3466248042003529,OnTrack,6846.0,3626.0,596.0
2026-08-22 14:38:16.100,0 days 00:51:40.336000,,,0 days 00:00:25.304000,10561.0,288.0,7,100.0,False,0,car,1480.7930555555547,0.34739161816562836,OnTrack,6876.76192015761,3626.649521882527,596.6716898633604
2026-08-22 14:38:16.179,0 days 00:51:40.415000,,,0 days 00:00:25.383000,10534.13997824,287.20999936,7,100.0,False,0,pos,1487.076072746497,0.3488656036767942,OnTrack,6941.0,3628.0,598.0
2026-08-22 14:38:16.300,0 days 00:51:40.536000,,,0 days 00:00:25.504000,10493.0,286.0,7,100.0,False,0,car,1496.6819444444438,0.3511191253964711,OnTrack,7030.859020955404,3628.8390643198095,599.0681688888411
2026-08-22 14:38:16.440,0 days 00:51:40.676000,,,0 days 00:00:25.644000,10455.2,286.0,7,100.0,False,0,pos,1507.8106190179533,0.3537298941690729,OnTrack,7148.0,3628.0,599.0
2026-08-22 14:38:16.500,0 days 00:51:40.736000,,,0 days 00:00:25.704000,10439.0,286.0,7,100.0,False,0,car,1512.5708333333328,0.3548466326273138,OnTrack,7212.7292762718125,3627.0953731179034,598.6232312695836
2026-08-22 14:38:16.660,0 days 00:51:40.896000,,,0 days 00:00:25.864000,10418.555555555555,285.1111111111111,7,100.0,False,0,pos,1525.2126732548393,0.3578123875047064,OnTrack,7397.0,3624.0,597.0
2026-08-22 14:38:16.860,0 days 00:51:41.096000,,,0 days 00:00:26.064000,10393.0,284.0,7,100.0,False,0,car,1540.9708333333326,0.36150922597139346,OnTrack,7537.657767551677,3622.0697996696676,595.1628138780073
2026-08-22 14:38:17.060,0 days 00:51:41.296000,,,0 days 00:00:26.264000,10294.0,283.0,7,100.0,False,0,car,1556.6930555555548,0.3651976334760385,OnTrack,7654.892774560748,3612.1291727635407,591.5901479475109
2026-08-22 14:38:17.080,0 days 00:51:41.316000,,,0 days 00:00:26.284000,10311.333333333334,282.5,7,94.5,False,0,pos,1558.2431639463348,0.3655612863579756,OnTrack,7671.0,3610.0,591.0
2026-08-22 14:38:17.420,0 days 00:51:41.656000,,,0 days 00:00:26.624000,10606.0,274.0,7,1.0,True,0,car,1584.0930555555547,0.37162562846293223,OnTrack,8001.879663159871,3553.766977978401,577.5396602276039
2026-08-22 14:38:17.440,0 days 00:51:41.676000,,,0 days 00:00:26.644000,10654.375,274.0,7,4.0,True,0,pos,1585.6203778345928,0.37198393576048805,OnTrack,8015.0,3551.0,577.0
2026-08-22 14:38:17.580,0 days 00:51:41.816000,,,0 days 00:00:26.784000,10993.0,274.0,6,25.0,False,0,car,1596.2708333333323,0.3744825151237739,OnTrack,8071.926283984351,3536.005178379026,574.7170005680663
2026-08-22 14:38:17.740,0 days 00:51:41.976000,,,0 days 00:00:26.944000,10973.0,263.6,6,47.4,False,0,pos,1607.900379421498,0.3772107875308753,OnTrack,8121.0,3511.0,572.0
2026-08-22 14:38:17.780,0 days 00:51:42.016000,,,0 days 00:00:26.984000,10968.0,261.0,6,53.0,False,0,car,1610.7708333333326,0.3778841913029695,OnTrack,8141.652269026127,3500.199817694538,570.6811106642442
2026-08-22 14:38:17.960,0 days 00:51:42.196000,,,0 days 00:00:27.164000,10885.07142857143,258.42857142857144,6,62.0,False,0,pos,1623.6639276821766,0.38090889005625117,OnTrack,8258.0,3437.0,563.0
2026-08-22 14:38:18.060,0 days 00:51:42.296000,,,0 days 00:00:27.264000,10839.0,257.0,6,67.0,False,0,car,1630.7597222222214,0.38257355179827446,OnTrack,8313.747849062329,3402.6401743556253,559.4858411619108
2026-08-22 14:38:18.300,0 days 00:51:42.536000,,,0 days 00:00:27.504000,10784.0,252.0,6,74.0,False,0,car,1647.5597222222216,0.38651480419899764,OnTrack,8437.116835285939,3289.8183329976773,551.070043685469
2026-08-22 14:38:18.320,0 days 00:51:42.556000,,,0 days 00:00:27.524000,10783.799498779028,252.0,6,74.2506265262153,False,0,pos,1648.9589739510968,0.3868430663558813,OnTrack,8450.0,3274.0,550.0
2026-08-22 14:38:18.499,0 days 00:51:42.735000,,,0 days 00:00:27.703000,10782.005012209722,252.0,6,76.49373473784706,False,0,pos,1661.5142321884562,0.38978850931241055,OnTrack,8573.0,3105.0,539.0
2026-08-22 14:38:18.699,0 days 00:51:42.935000,,,0 days 00:00:27.903000,10780.0,252.0,6,79.0,False,0,car,1675.4897222222214,0.3930671363151999,OnTrack,8639.364484238042,2994.1220822336277,533.3058311962517
2026-08-22 14:38:18.939,0 days 00:51:43.175000,,,0 days 00:00:28.143000,10675.0,249.0,6,76.0,False,0,pos,1692.0897222222216,0.396961469044486,OnTrack,8662.0,2902.0,532.0
2026-08-22 14:38:19.099,0 days 00:51:43.335000,,,0 days 00:00:28.303000,10683.0,250.0,6,74.0,False,0,car,1703.2008333333326,0.3995681174576627,OnTrack,8686.715508416179,2795.264332921132,530.3146830699648
2026-08-22 14:38:19.159,0 days 00:51:43.395000,,,0 days 00:00:28.363000,10668.75,249.25,6,75.875,False,0,pos,1707.3448905139794,0.4005403064643268,OnTrack,8694.0,2753.0,530.0
2026-08-22 14:38:19.259,0 days 00:51:43.495000,,,0 days 00:00:28.463000,10645.0,248.0,6,79.0,False,0,car,1714.2230555555548,0.40215391268353395,OnTrack,8701.168012629985,2684.5489389957547,530.0420234900982
2026-08-22 14:38:19.279,0 days 00:51:43.515000,,,0 days 00:00:28.483000,10651.333333333334,247.91666666666666,6,80.08333333333333,False,0,pos,1715.5967109096746,0.40247616997295005,OnTrack,8702.0,2671.0,530.0
2026-08-22 14:38:19.439,0 days 00:51:43.675000,,,0 days 00:00:28.643000,10702.0,247.25,6,88.75,False,0,pos,1726.5696835505964,0.40505041132795616,OnTrack,8702.0,2561.0,529.0
2026-08-22 14:38:19.499,0 days 00:51:43.735000,,,0 days 00:00:28.703000,10721.0,247.0,6,92.0,False,0,car,1730.6897222222212,0.4060169656318618,OnTrack,8698.577738445145,2516.110884367352,529.2472261745978
2026-08-22 14:38:19.759,0 days 00:51:43.995000,,,0 days 00:00:28.963000,10805.864876156656,248.08108122492555,6,96.32432489970228,False,0,pos,1748.6142321548368,0.4102220262154158,OnTrack,8666.0,2316.0,534.0
2026-08-22 14:38:19.980,0 days 00:51:44.216000,,,0 days 00:00:29.184000,10878.0,249.0,6,100.0,False,0,car,1763.958888888888,0.41382185747680583,OnTrack,8626.486607289478,2194.592626391909,537.6813560110852
2026-08-22 14:38:20.099,0 days 00:51:44.335000,,,0 days 00:00:29.303000,10879.859376,250.1156256,6,100.0,False,0,pos,1772.268804544312,0.41577135003792176,OnTrack,8595.0,2128.0,540.0
2026-08-22 14:38:20.299,0 days 00:51:44.535000,,,0 days 00:00:29.503000,10882.984376,251.9906256,6,100.0,False,0,pos,1786.2887188288212,0.4190603988969548,OnTrack,8523.0,1997.0,545.0
2026-08-22 14:38:20.300,0 days 00:51:44.536000,,,0 days 00:00:29.504000,10883.0,252.0,6,100.0,False,0,car,1786.358888888888,0.4190768606777701,OnTrack,8522.621350048052,1996.357675253218,545.0263843185483
2026-08-22 14:38:20.460,0 days 00:51:44.696000,,,0 days 00:00:29.664000,10894.0,253.0,6,100.0,False,0,car,1797.6033333333326,0.42171478887190494,OnTrack,8461.862129078598,1898.3343649751932,549.172880203096
2026-08-22 14:38:20.499,0 days 00:51:44.735000,,,0 days 00:00:29.703000,10905.2125184,253.32500053333334,6,100.0,False,0,pos,1800.35435775461,0.4223601746817149,OnTrack,8447.0,1875.0,550.0
2026-08-22 14:38:20.700,0 days 00:51:44.936000,,,0 days 00:00:29.904000,10963.0,255.0,6,100.0,False,0,car,1814.6033333333326,0.42570296094406535,OnTrack,8370.037134852326,1754.709232904291,552.6845511960786
2026-08-22 14:38:20.739,0 days 00:51:44.975000,,,0 days 00:00:29.943000,10984.6937856,255.4875008,6,100.0,False,0,pos,1817.3801209758844,0.4263543907632622,OnTrack,8355.0,1731.0,553.0
2026-08-22 14:38:20.860,0 days 00:51:45.096000,,,0 days 00:00:30.064000,11052.0,257.0,6,100.0,False,0,car,1826.0255555555548,0.428382595512811,OnTrack,8308.203617589768,1656.4926038997626,553.6858108742609
2026-08-22 14:38:20.919,0 days 00:51:45.155000,,,0 days 00:00:30.123000,11073.1416896,257.7375008,6,100.0,False,0,pos,1830.2637928030906,0.42937687900844695,OnTrack,8286.0,1621.0,554.0
2026-08-22 14:38:21.099,0 days 00:51:45.335000,,,0 days 00:00:30.303000,11137.6416896,259.9875008,6,100.0,False,0,pos,1843.286179898079,0.4324319096275702,OnTrack,8221.0,1517.0,555.0
2026-08-22 14:38:21.100,0 days 00:51:45.336000,,,0 days 00:00:30.304000,11138.0,260.0,6,100.0,False,0,car,1843.358888888888,0.4324489670373666,OnTrack,8220.630888631258,1516.4069847472845,555.0026793165392
2026-08-22 14:38:21.340,0 days 00:51:45.576000,,,0 days 00:00:30.544000,11255.0,263.0,6,100.0,False,0,car,1860.8922222222216,0.43656225823335953,OnTrack,8127.000392632923,1363.9709426558184,554.3339518877942
2026-08-22 14:38:21.379,0 days 00:51:45.615000,,,0 days 00:00:30.583000,11263.078584685714,263.0,6,100.0,False,0,pos,1863.7431129579702,0.43723107251648274,OnTrack,8111.0,1337.0,554.0
2026-08-22 14:38:21.599,0 days 00:51:45.835000,,,0 days 00:00:30.803000,11308.650013257144,263.0,6,100.0,False,0,pos,1879.8132544903033,0.4410011013197131,OnTrack,8018.0,1172.0,551.0
2026-08-22 14:38:21.620,0 days 00:51:45.856000,,,0 days 00:00:30.824000,11313.0,263.0,6,100.0,False,0,car,1881.3477777777773,0.44136109796201795,OnTrack,8009.092857483686,1154.993433506653,550.6151661366031
2026-08-22 14:38:21.780,0 days 00:51:46.016000,,,0 days 00:00:30.984000,11238.0,263.0,6,100.0,False,0,car,1893.0366666666662,0.4441032920926798,OnTrack,7941.556260073432,1017.9608463262377,547.1211762514972
2026-08-22 14:38:21.980,0 days 00:51:46.216000,,,0 days 00:00:31.184000,11226.0,262.0,6,100.0,False,0,car,1907.5922222222216,0.4475180015139413,OnTrack,7870.712451477191,863.462358134314,542.6484889842906
2026-08-22 14:38:22.019,0 days 00:51:46.255000,,,0 days 00:00:31.223000,11223.0749952,262.16250026666665,6,100.0,False,0,pos,1910.4339305003525,0.44818466160759235,OnTrack,7861.0,842.0,542.0
2026-08-22 14:38:22.220,0 days 00:51:46.456000,,,0 days 00:00:31.424000,11208.0,263.0,6,100.0,False,0,car,1925.125555555555,0.45163129270993413,OnTrack,7829.266490210584,770.0720442009797,539.7471885648982
2026-08-22 14:38:22.299,0 days 00:51:46.535000,,,0 days 00:00:31.503000,10946.312288,263.0,6,56.0562144,False,0,pos,1930.9285699837235,0.45299267036150853,OnTrack,7814.0,735.0,539.0
2026-08-22 14:38:22.380,0 days 00:51:46.616000,,,0 days 00:00:31.584000,10678.0,263.0,6,11.0,True,0,car,1936.8144444444438,0.45437348684059603,OnTrack,7792.734328769065,686.3405484358484,538.1866009876647
2026-08-22 14:38:22.499,0 days 00:51:46.735000,,,0 days 00:00:31.703000,10820.0563264,254.8187456,6,2.8187455999999997,True,0,pos,1945.1933307625475,0.4563391598058706,OnTrack,7756.0,604.0,537.0
2026-08-22 14:38:22.540,0 days 00:51:46.776000,,,0 days 00:00:31.744000,10869.0,252.0,6,0.0,True,0,car,1948.0144444444438,0.45700098844107817,OnTrack,7743.601524358278,577.2267963798827,536.6285306406663
2026-08-22 14:38:22.739,0 days 00:51:46.975000,,,0 days 00:00:31.943000,11069.8656896,242.0499968,6,0.0,True,0,pos,1961.2643568948547,0.46010939613480156,OnTrack,7685.0,459.0,535.0
2026-08-22 14:38:22.860,0 days 00:51:47.096000,,,0 days 00:00:32.064000,11192.0,236.0,6,0.0,True,0,car,1968.9922222222217,0.4619223406451558,OnTrack,7649.4331861275205,394.947312962306,533.9786945878951
2026-08-22 14:38:22.959,0 days 00:51:47.195000,,,0 days 00:00:32.163000,10995.414158628571,230.34285348571427,6,0.0,True,0,pos,1975.1423326001402,0.4633651464363274,OnTrack,7618.0,346.0,533.0
2026-08-22 14:38:23.120,0 days 00:51:47.356000,,,0 days 00:00:32.324000,10675.714285714286,221.14285714285714,6,0.0,True,0,pos,1984.8993257766497,0.46565412100661063,OnTrack,7560.0,273.0,531.0
2026-08-22 14:38:23.140,0 days 00:51:47.376000,,,0 days 00:00:32.344000,10636.0,220.0,5,0.0,True,0,car,1986.1033333333328,0.46593657920144793,OnTrack,7552.632683581652,264.93121412381646,530.7313918058566
2026-08-22 14:38:23.340,0 days 00:51:47.576000,,,0 days 00:00:32.544000,10423.0,215.0,5,6.0,False,0,car,1998.047777777777,0.46873872624561286,OnTrack,7475.312707456321,196.7908010571792,527.9469115811318
2026-08-22 14:38:23.420,0 days 00:51:47.656000,,,0 days 00:00:32.624000,10455.285714285714,213.57142857142858,5,24.857142857142858,False,0,pos,2002.7592235791392,0.4698440236905828,OnTrack,7433.0,172.0,527.0
2026-08-22 14:38:23.620,0 days 00:51:47.856000,,,0 days 00:00:32.824000,10536.0,210.0,5,72.0,False,0,car,2014.3811111111104,0.4725704994129826,OnTrack,7293.1123134381,113.11556313775127,525.3226474912017
2026-08-22 14:38:23.680,0 days 00:51:47.916000,,,0 days 00:00:32.884000,10527.75,208.875,5,73.5,False,0,pos,2017.8343546005535,0.47338062466256886,OnTrack,7254.0,100.0,525.0
2026-08-22 14:38:23.780,0 days 00:51:48.016000,,,0 days 00:00:32.984000,10514.0,207.0,5,76.0,False,0,car,2023.5811111111107,0.47472880429909303,OnTrack,7198.749887935797,84.8997960174341,524.6408404039435
2026-08-22 14:38:24.060,0 days 00:51:48.296000,,,0 days 00:00:33.264000,10601.5,208.75,5,81.25,False,0,pos,2039.8297637583732,0.47854071151662525,OnTrack,7072.0,72.0,524.0
2026-08-22 14:38:24.100,0 days 00:51:48.336000,,,0 days 00:00:33.304000,10614.0,209.0,5,82.0,False,0,car,2042.1588888888884,0.4790871204459245,OnTrack,7049.544588930047,70.54379312751058,523.7859558357143
2026-08-22 14:38:24.240,0 days 00:51:48.476000,,,0 days 00:00:33.444000,10603.5,209.58333333333334,5,91.33333333333333,False,0,pos,2050.315476046191,0.48100064239327134,OnTrack,6966.0,66.0,523.0
2026-08-22 14:38:24.340,0 days 00:51:48.576000,,,0 days 00:00:33.544000,10596.0,210.0,5,98.0,False,0,car,2056.158888888888,0.4823714974465271,OnTrack,6912.380431379854,64.66685783453197,522.8623378551939
2026-08-22 14:38:24.480,0 days 00:51:48.716000,,,0 days 00:00:33.684000,10645.0,210.875,5,98.875,False,0,pos,2064.377737147958,0.48429962574606517,OnTrack,6824.0,68.0,523.0
2026-08-22 14:38:24.660,0 days 00:51:48.896000,,,0 days 00:00:33.864000,10708.0,212.0,5,100.0,False,0,car,2075.0033333333326,0.4867923731552748,OnTrack,6651.66579504829,84.18902150132236,523.0020558401247
2026-08-22 14:38:24.680,0 days 00:51:48.916000,,,0 days 00:00:33.884000,10709.916666666666,212.16666666666666,5,100.0,False,0,pos,2076.1874431385895,0.48707016337031583,OnTrack,6635.0,86.0,523.0
2026-08-22 14:38:24.900,0 days 00:51:49.136000,,,0 days 00:00:34.104000,10731.0,214.0,5,100.0,False,0,car,2089.2699999999995,0.49013930971779374,OnTrack,6524.1499320297535,101.16124056474402,523.0115067746742
2026-08-22 14:38:25.119,0 days 00:51:49.355000,,,0 days 00:00:34.323000,10844.6062832,216.0531256,5,100.0,False,0,pos,2102.4430169642087,0.4932296778567792,OnTrack,6447.0,119.0,523.0
2026-08-22 14:38:25.220,0 days 00:51:49.456000,,,0 days 00:00:34.424000,10897.0,217.0,5,100.0,False,0,car,2108.5588888888883,0.49466445136306847,OnTrack,6388.98007664993,132.5560750892415,522.9827151873261
2026-08-22 14:38:25.239,0 days 00:51:49.475000,,,0 days 00:00:34.443000,10896.331656255146,217.19095535567266,5,100.0,False,0,pos,2109.711737266293,0.4949349076984919,OnTrack,6376.0,136.0,523.0
2026-08-22 14:38:25.419,0 days 00:51:49.655000,,,0 days 00:00:34.623000,10890.0,219.0,5,100.0,False,0,car,2120.6647222222214,0.4975044599754348,OnTrack,6219.479868124607,185.46768308728883,523.6178865061663
2026-08-22 14:38:25.539,0 days 00:51:49.775000,,,0 days 00:00:34.743000,10935.0,219.75,5,100.0,False,0,pos,2127.9895232687286,0.49922284626765895,OnTrack,6134.0,215.0,524.0
2026-08-22 14:38:25.579,0 days 00:51:49.815000,,,0 days 00:00:34.783000,10950.0,220.0,5,100.0,False,0,car,2130.442499999999,0.4997983105790303,OnTrack,6115.839111707197,221.52810420548175,524.0575487826314
2026-08-22 14:38:25.779,0 days 00:51:50.015000,,,0 days 00:00:34.983000,11029.166666666666,221.66666666666666,5,100.0,False,0,pos,2142.7878662134435,0.5026945132115626,OnTrack,6066.0,244.0,524.0
2026-08-22 14:38:25.819,0 days 00:51:50.055000,,,0 days 00:00:35.023000,11045.0,222.0,5,100.0,False,0,car,2145.2424999999994,0.5032703662653817,OnTrack,6050.42589845221,252.01451085970697,523.9868178792941
2026-08-22 14:38:26.059,0 days 00:51:50.295000,,,0 days 00:00:35.263000,10351.0,215.0,5,0.0,True,0,car,2159.5758333333324,0.5066329427183796,OnTrack,5913.34391550841,324.9228488994092,523.9910942077569
2026-08-22 14:38:26.139,0 days 00:51:50.375000,,,0 days 00:00:35.343000,10327.074761585,208.27102669578102,5,0.0,True,0,pos,2164.0116633637995,0.507673581156283,OnTrack,5879.0,345.0,524.0
2026-08-22 14:38:26.299,0 days 00:51:50.535000,,,0 days 00:00:35.503000,10279.224284754997,194.81308008734308,5,0.0,True,0,pos,2172.324314980264,0.5096237155693644,OnTrack,5835.0,376.0,524.0
2026-08-22 14:38:26.380,0 days 00:51:50.616000,,,0 days 00:00:35.584000,10255.0,188.0,5,0.0,True,0,car,2176.339166666666,0.5105655931793394,OnTrack,5804.298996488345,399.19556315526137,523.9636093488868
2026-08-22 14:38:26.459,0 days 00:51:50.695000,,,0 days 00:00:35.663000,10466.607314285715,182.0749952,5,0.0,True,0,pos,2180.1444460430926,0.5114583054696824,OnTrack,5772.0,424.0,524.0
2026-08-22 14:38:26.660,0 days 00:51:50.896000,,,0 days 00:00:35.864000,11005.0,167.0,4,0.0,True,0,car,2189.328055555555,0.513612765174343,OnTrack,5706.853700323932,477.4787539215924,524.8110305476453
2026-08-22 14:38:26.799,0 days 00:51:51.035000,,,0 days 00:00:36.003000,10846.6392128,158.5607104,4,0.0,True,0,pos,2195.251371098423,0.5150023652697935,OnTrack,5659.0,528.0,525.0
2026-08-22 14:38:26.940,0 days 00:51:51.176000,,,0 days 00:00:36.144000,10686.0,150.0,3,0.0,True,0,car,2200.9947222222213,0.5163497460081784,OnTrack,5599.244279758665,601.5868149309788,524.3193320760804
2026-08-22 14:38:26.999,0 days 00:51:51.235000,,,0 days 00:00:36.203000,10535.0581696,147.7874976,3,0.0,True,0,pos,2203.346804914524,0.5169015407437579,OnTrack,5579.0,628.0,524.0
2026-08-22 14:38:27.180,0 days 00:51:51.416000,,,0 days 00:00:36.384000,10072.0,141.0,3,0.0,True,0,car,2210.3947222222214,0.518554970565726,OnTrack,5551.55037222642,669.5487752735626,523.3783631340787
2026-08-22 14:38:27.319,0 days 00:51:51.555000,,,0 days 00:00:36.523000,9916.204094933333,138.10416533333333,3,0.0,True,0,pos,2215.674371247999,0.5197935675536915,OnTrack,5542.0,693.0,523.0
2026-08-22 14:38:27.420,0 days 00:51:51.656000,,,0 days 00:00:36.624000,9803.0,136.0,3,0.0,True,0,car,2219.461388888888,0.5206819956708781,OnTrack,5530.811669055268,719.4874447123664,522.6614105128683
2026-08-22 14:38:27.619,0 days 00:51:51.855000,,,0 days 00:00:36.823000,9434.8498816,133.78888817777778,3,0.0,True,0,pos,2226.8404681357847,0.5224131155397447,OnTrack,5511.0,794.0,522.0
2026-08-22 14:38:27.780,0 days 00:51:52.016000,,,0 days 00:00:36.984000,9137.0,132.0,3,0.0,True,0,car,2232.661388888888,0.5237786939857321,OnTrack,5515.39220459785,871.2713273620709,521.8346098920315
2026-08-22 14:38:27.819,0 days 00:51:52.055000,,,0 days 00:00:37.023000,9102.874944,131.0249984,3,1.0968768,True,0,pos,2234.043611538362,0.5241029611485639,OnTrack,5518.0,888.0,522.0
2026-08-22 14:38:28.100,0 days 00:51:52.336000,,,0 days 00:00:37.304000,8857.0,124.0,3,9.0,False,0,car,2243.68361111111,0.5263644892116034,OnTrack,5547.077690119586,963.7374485578723,525.7119375996529
2026-08-22 14:38:28.259,0 days 00:51:52.495000,,,0 days 00:00:37.463000,8987.512552533333,120.0249984,3,24.237506133333333,False,0,pos,2248.900261604713,0.5275883068474156,OnTrack,5574.0,999.0,522.0
2026-08-22 14:38:28.279,0 days 00:51:52.515000,,,0 days 00:00:37.483000,9003.9292192,119.5249984,3,26.1541728,False,0,pos,2249.552754513378,0.5277413806118639,OnTrack,5578.0,1004.0,521.0
2026-08-22 14:38:28.340,0 days 00:51:52.576000,,,0 days 00:00:37.544000,9054.0,118.0,3,32.0,False,0,car,2251.5502777777765,0.5282099962881324,OnTrack,5590.631801234033,1019.5889284395531,518.9631141066744
2026-08-22 14:38:28.599,0 days 00:51:52.835000,,,0 days 00:00:37.803000,9097.475010742857,119.85000045714285,3,44.02500297142857,False,0,pos,2260.1712025330125,0.5302324510731341,OnTrack,5649.0,1087.0,522.0
2026-08-22 14:38:28.620,0 days 00:51:52.856000,,,0 days 00:00:37.824000,9101.0,120.0,3,45.0,False,0,car,2260.88361111111,0.5303995809552009,OnTrack,5653.808395094441,1092.046373667108,522.1433325370873
2026-08-22 14:38:28.799,0 days 00:51:53.035000,,,0 days 00:00:38.003000,9327.43508096,122.2375008,3,51.26500224,False,0,pos,2267.0480935320784,0.5318457584040615,OnTrack,5698.0,1134.0,522.0
2026-08-22 14:38:29.020,0 days 00:51:53.256000,,,0 days 00:00:38.224000,9607.0,125.0,3,59.0,False,0,car,2274.7724999999987,0.5336578914716718,OnTrack,5773.79351137569,1192.9221201621294,521.9787451902436
2026-08-22 14:38:29.079,0 days 00:51:53.315000,,,0 days 00:00:38.283000,9713.2001152,125.3687504,3,61.9500032,False,0,pos,2276.8305069760677,0.5341406965273346,OnTrack,5792.0,1206.0,522.0
2026-08-22 14:38:29.180,0 days 00:51:53.416000,,,0 days 00:00:38.384000,9895.0,126.0,3,67.0,False,0,car,2280.3724999999986,0.5349716422719127,OnTrack,5817.903616465231,1223.6018810571086,522.0146889012631
2026-08-22 14:38:29.359,0 days 00:51:53.595000,,,0 days 00:00:38.563000,10222.57011712,129.58000128,3,70.58000128,False,0,pos,2286.8214924784384,0.5364845653128589,OnTrack,5859.0,1248.0,522.0
2026-08-22 14:38:29.380,0 days 00:51:53.616000,,,0 days 00:00:38.584000,10261.0,130.0,3,71.0,False,0,car,2287.5947222222208,0.5366659637404776,OnTrack,5864.815484726569,1251.2692870110704,521.9980893534677
2026-08-22 14:38:29.540,0 days 00:51:53.776000,,,0 days 00:00:38.744000,10504.0,136.0,3,71.0,False,0,car,2293.639166666665,0.5380839804772457,OnTrack,5916.457850803957,1279.2317368520162,521.9859534643149
2026-08-22 14:38:29.640,0 days 00:51:53.876000,,,0 days 00:00:38.844000,10494.8,138.9,3,73.9,False,0,pos,2297.6352487990252,0.5390214547806774,OnTrack,5953.0,1297.0,522.0
2026-08-22 14:38:30.540,0 days 00:51:54.776000,,,0 days 00:00:39.744000,10412.0,165.0,3,100.0,False,0,car,2339.4724999999985,0.5488364051815997,OnTrack,6331.787196747762,1413.5963287905988,522.9186963014909
2026-08-22 14:38:30.680,0 days 00:51:54.916000,,,0 days 00:00:39.884000,10601.777777777777,168.5,3,100.0,False,0,pos,2346.168820421104,0.5504073509515816,OnTrack,6370.0,1422.0,523.0
2026-08-22 14:38:30.900,0 days 00:51:55.136000,,,0 days 00:00:40.104000,10900.0,174.0,4,100.0,False,0,car,2356.8724999999986,0.5529184165966344,OnTrack,6410.569613406013,1429.133342294841,523.0400962520026
2026-08-22 14:38:31.160,0 days 00:51:55.396000,,,0 days 00:00:40.364000,11222.045454545454,181.6818181818182,4,100.0,False,0,pos,2370.2566776995245,0.5560583226972272,OnTrack,6539.0,1447.0,523.0
2026-08-22 14:38:31.300,0 days 00:51:55.536000,,,0 days 00:00:40.504000,11395.454545454546,185.8181818181818,4,100.0,False,0,pos,2377.6230091721104,0.5577864519591826,OnTrack,6683.0,1468.0,523.0
2026-08-22 14:38:31.340,0 days 00:51:55.576000,,,0 days 00:00:40.544000,11445.0,187.0,4,100.0,False,0,car,2379.728055555554,0.5582802923825388,OnTrack,6713.712655686197,1472.588710303276,523.0392169184967
2026-08-22 14:38:31.540,0 days 00:51:55.776000,,,0 days 00:00:40.744000,11609.0,189.0,4,100.0,False,0,car,2390.228055555554,0.5607435751329909,OnTrack,6769.700735485021,1482.3128303228618,523.5449234655354
2026-08-22 14:38:31.679,0 days 00:51:55.915000,,,0 days 00:00:40.883000,11202.108903563636,186.4727261090909,4,68.40907636363636,False,0,pos,2397.4165049677463,0.5624299735558054,OnTrack,6807.0,1492.0,524.0
2026-08-22 14:38:31.979,0 days 00:51:56.215000,,,0 days 00:00:41.183000,10323.927085381818,181.01818065454546,4,0.22725818181818738,False,0,pos,2412.303046513768,0.5659223317466817,OnTrack,6982.0,1536.0,525.0
2026-08-22 14:38:31.980,0 days 00:51:56.216000,,,0 days 00:00:41.184000,10321.0,181.0,4,0.0,True,0,car,2412.3502777777762,0.5659334121236257,OnTrack,6982.476694253494,1536.1308656146343,525.003585621431
2026-08-22 14:38:32.239,0 days 00:51:56.475000,,,0 days 00:00:41.443000,11120.364957528252,166.57102964750447,4,0.0,True,0,pos,2424.056874100457,0.5686797603891652,OnTrack,7070.0,1565.0,526.0
2026-08-22 14:38:32.339,0 days 00:51:56.575000,,,0 days 00:00:41.543000,11429.0,161.0,4,0.0,True,0,car,2428.405555555554,0.5696999539144558,OnTrack,7107.523469770707,1579.6378978425485,526.4096914550726
2026-08-22 14:38:32.539,0 days 00:51:56.775000,,,0 days 00:00:41.743000,11049.0,153.0,3,0.0,True,0,pos,2436.905555555554,0.5716940399505359,OnTrack,7189.0,1614.0,527.0
2026-08-22 14:38:32.739,0 days 00:51:56.975000,,,0 days 00:00:41.943000,10677.888888888889,148.0,3,0.0,True,0,pos,2445.0037581503657,0.5735938649754373,OnTrack,7260.0,1653.0,527.0
2026-08-22 14:38:32.899,0 days 00:51:57.135000,,,0 days 00:00:42.103000,10381.0,144.0,3,0.0,True,0,car,2451.3055555555543,0.575072256294013,OnTrack,7331.659187380613,1711.9577448545024,527.6746048512392
2026-08-22 14:38:32.979,0 days 00:51:57.215000,,,0 days 00:00:42.183000,10127.467580964802,142.00994961510833,3,0.0,True,0,pos,2454.4334107237287,0.5758060459779822,OnTrack,7362.0,1739.0,528.0
2026-08-22 14:38:33.100,0 days 00:51:57.336000,,,0 days 00:00:42.304000,9744.0,139.0,3,0.0,True,0,car,2459.0663888888876,0.5768929350444065,OnTrack,7391.380655486675,1766.1867828469253,528.2305180863383
2026-08-22 14:38:33.399,0 days 00:51:57.635000,,,0 days 00:00:42.603000,9449.671812,128.7218728,3,11.2125024,True,0,pos,2469.703362853736,0.5793883516619892,OnTrack,7419.0,1826.0,528.0
2026-08-22 14:38:33.420,0 days 00:51:57.656000,,,0 days 00:00:42.624000,9429.0,128.0,3,12.0,False,0,car,2470.4441666666653,0.5795621430194995,OnTrack,7422.005745572475,1835.2792529825324,527.9885038607282
2026-08-22 14:38:33.580,0 days 00:51:57.816000,,,0 days 00:00:42.784000,9165.0,127.0,3,0.0,False,0,car,2476.0886111111095,0.5808863204133933,OnTrack,7448.880412760193,1923.1847050987085,527.9696633049412
2026-08-22 14:38:33.619,0 days 00:51:57.855000,,,0 days 00:00:42.823000,9126.649937066666,126.0249984,3,0.0,False,0,pos,2477.4311722053817,0.5812012830405311,OnTrack,7454.0,1942.0,528.0
2026-08-22 14:38:33.820,0 days 00:51:58.056000,,,0 days 00:00:43.024000,8929.0,121.0,3,0.0,False,0,car,2484.155277777776,0.5827787471613595,OnTrack,7464.802762492076,2003.3862710883518,528.4176780777872
2026-08-22 14:38:34.079,0 days 00:51:58.315000,,,0 days 00:00:43.283000,8597.849918171429,119.14999954285715,3,2.7750006857142857,False,0,pos,2492.729061498357,0.5847901427370751,OnTrack,7456.0,2052.0,529.0
2026-08-22 14:38:34.100,0 days 00:51:58.336000,,,0 days 00:00:43.304000,8571.0,119.0,3,3.0,False,0,car,2493.4108333333315,0.5849500852895357,OnTrack,7455.118609449715,2057.9102492788143,529.0130084068804
2026-08-22 14:38:34.259,0 days 00:51:58.495000,,,0 days 00:00:43.463000,8890.325128533334,116.34999893333334,3,32.150011733333336,False,0,pos,2498.49070636726,0.5861418151580085,OnTrack,7447.0,2109.0,529.0
2026-08-22 14:38:34.339,0 days 00:51:58.575000,,,0 days 00:00:43.543000,9050.9917952,115.0166656,3,46.8166784,False,0,pos,2501.0454214558054,0.5867411471208591,OnTrack,7441.0,2134.0,529.0
2026-08-22 14:38:34.340,0 days 00:51:58.576000,,,0 days 00:00:43.544000,9053.0,115.0,3,47.0,False,0,car,2501.077499999998,0.5867486726946276,OnTrack,7440.918256570098,2134.307986190059,529.0000659085009
2026-08-22 14:38:34.539,0 days 00:51:58.775000,,,0 days 00:00:43.743000,9184.2156672,116.8656256,3,50.109376,False,0,pos,2507.5358079751372,0.5882637811357959,OnTrack,7420.0,2196.0,529.0
2026-08-22 14:38:34.660,0 days 00:51:58.896000,,,0 days 00:00:43.864000,9264.0,118.0,3,52.0,False,0,car,2511.566388888887,0.5892093487966664,OnTrack,7398.733298063331,2238.6485032646815,528.8969751202608
2026-08-22 14:38:34.879,0 days 00:51:59.115000,,,0 days 00:00:44.083000,9684.792980114285,122.69285851428572,3,60.603573942857146,False,0,pos,2519.0887035062815,0.5909740714481428,OnTrack,7352.0,2314.0,529.0
2026-08-22 14:38:34.940,0 days 00:51:59.176000,,,0 days 00:00:44.144000,9802.0,124.0,3,63.0,False,0,car,2521.2108333333317,0.5914719196193039,OnTrack,7340.543791816595,2329.8003008306755,529.2753059511084
2026-08-22 14:38:35.239,0 days 00:51:59.475000,,,0 days 00:00:44.443000,9847.680565333334,126.4916672,3,62.169444266666666,False,0,pos,2531.721996040868,0.5939378211226056,OnTrack,7283.0,2388.0,530.0
2026-08-22 14:38:35.300,0 days 00:51:59.536000,,,0 days 00:00:44.504000,9857.0,127.0,3,62.0,False,0,car,2533.9108333333315,0.5944513187555648,OnTrack,7266.257485067784,2401.7768896781854,529.2060671134124
2026-08-22 14:38:35.319,0 days 00:51:59.555000,,,0 days 00:00:44.523000,9903.618014171429,127.40714422857143,3,62.746431085714285,False,0,pos,2534.5964929108613,0.594612173366042,OnTrack,7261.0,2406.0,529.0
2026-08-22 14:38:35.580,0 days 00:51:59.816000,,,0 days 00:00:44.784000,10544.0,133.0,3,73.0,False,0,car,2544.255277777776,0.5968781084282323,OnTrack,7182.703977028471,2457.104853991164,529.8903040774841
2026-08-22 14:38:35.599,0 days 00:51:59.835000,,,0 days 00:00:44.803000,10583.9001344,133.63333546666667,3,73.15833386666667,False,0,pos,2544.9835447158216,0.5970489586554907,OnTrack,7174.0,2461.0,530.0
2026-08-22 14:38:35.820,0 days 00:52:00.056000,,,0 days 00:00:45.024000,11048.0,141.0,3,75.0,False,0,car,2553.655277777776,0.5990833329857799,OnTrack,7033.908452254884,2510.4189481881153,530.6425311809804
2026-08-22 14:38:35.939,0 days 00:52:00.175000,,,0 days 00:00:45.143000,11182.6188224,142.4875008,3,77.9750016,False,0,pos,2558.358642328691,0.600186734582671,OnTrack,6964.0,2531.0,531.0
2026-08-22 14:38:35.980,0 days 00:52:00.216000,,,0 days 00:00:45.184000,11229.0,143.0,3,79.0,False,0,car,2560.0108333333314,0.6005743358781169,OnTrack,6944.68144287838,2536.1041171694555,531.179490719788
2026-08-22 14:38:36.220,0 days 00:52:00.456000,,,0 days 00:00:45.424000,11733.0,152.0,3,82.0,False,0,car,2570.1441666666647,0.602951599230934,OnTrack,6870.764337060694,2548.8971972687373,532.4074767828137
2026-08-22 14:38:36.320,0 days 00:52:00.556000,,,0 days 00:00:45.524000,12119.0,156.0,3,88.0,False,0,pos,2574.5483381601334,0.6039848106280669,OnTrack,6835.0,2554.0,532.0
2026-08-22 14:38:36.420,0 days 00:52:00.656000,,,0 days 00:00:45.624000,12505.0,160.0,3,94.0,False,0,pos,2579.033055555554,0.6050369179614754,OnTrack,6790.0,2561.0,531.0
2026-08-22 14:38:36.700,0 days 00:52:00.936000,,,0 days 00:00:45.904000,10935.0,168.0,3,100.0,False,0,car,2592.0997222222204,0.6081023364953713,OnTrack,6632.900697492843,2582.83759402204,531.7691966797756
2026-08-22 14:38:36.760,0 days 00:52:00.996000,,,0 days 00:00:45.964000,11063.5,172.5,3,100.0,False,0,pos,2595.108947957966,0.6088082959093787,OnTrack,6602.0,2587.0,532.0
2026-08-22 14:38:36.940,0 days 00:52:01.176000,,,0 days 00:00:46.144000,11449.0,186.0,4,100.0,False,0,car,2604.49972222222,0.6110113561244763,OnTrack,6524.616832594851,2597.46891364384,532.021499644586
2026-08-22 14:38:37.120,0 days 00:52:01.356000,,,0 days 00:00:46.324000,11473.0,189.75,4,100.0,False,0,pos,2614.0102307056754,0.6132425057906976,OnTrack,6448.0,2607.0,532.0
2026-08-22 14:38:37.180,0 days 00:52:01.416000,,,0 days 00:00:46.384000,11481.0,191.0,4,100.0,False,0,car,2617.2330555555536,0.6139985752059769,OnTrack,6417.695340692945,2610.43298475421,532.1973594286461
2026-08-22 14:38:37.360,0 days 00:52:01.596000,,,0 days 00:00:46.564000,10375.8,198.2,4,100.0,False,0,pos,2627.151121281746,0.6163253371318035,OnTrack,6317.0,2621.0,533.0
2026-08-22 14:38:37.380,0 days 00:52:01.616000,,,0 days 00:00:46.584000,10253.0,199.0,4,100.0,False,0,car,2628.2886111111093,0.6165921903770878,OnTrack,6305.616764698095,2622.1202599544904,533.0452411457738
2026-08-22 14:38:37.580,0 days 00:52:01.816000,,,0 days 00:00:46.784000,10749.0,211.0,5,100.0,False,0,car,2640.0108333333314,0.6193422044529893,OnTrack,6190.684092060818,2632.1965098555243,533.0195603539648
2026-08-22 14:38:37.600,0 days 00:52:01.836000,,,0 days 00:00:46.804000,10795.0,211.3,5,100.0,False,0,pos,2641.191667292398,0.6196192261598957,OnTrack,6179.0,2633.0,533.0
2026-08-22 14:38:37.760,0 days 00:52:01.996000,,,0 days 00:00:46.964000,11163.0,213.7,5,100.0,False,0,pos,2650.6869164316568,0.6218467960090366,OnTrack,6084.0,2638.0,533.0
2026-08-22 14:38:37.780,0 days 00:52:02.016000,,,0 days 00:00:46.984000,11209.0,214.0,5,100.0,False,0,car,2651.8997222222206,0.6221313182550884,OnTrack,6071.91600319151,2638.4958158955424,533.0769537184023
2026-08-22 14:38:37.920,0 days 00:52:02.156000,,,0 days 00:00:47.124000,11423.666666666666,221.0,5,100.0,False,0,pos,2660.5978255771947,0.6241718790127985,OnTrack,5986.0,2641.0,534.0
2026-08-22 14:38:38.020,0 days 00:52:02.256000,,,0 days 00:00:47.224000,11577.0,226.0,5,100.0,False,0,car,2666.9663888888867,0.6256659335033559,OnTrack,5923.248203946499,2641.1032701256404,534.5308660014236
2026-08-22 14:38:38.220,0 days 00:52:02.456000,,,0 days 00:00:47.424000,11722.0,231.55555555555554,5,100.0,False,0,pos,2679.961043453579,0.628714458116431,OnTrack,5795.0,2638.0,535.0
2026-08-22 14:38:38.299,0 days 00:52:02.535000,,,0 days 00:00:47.503000,11779.2750464,233.75000177777778,5,100.0,False,0,pos,2685.177609379783,0.6299382559128704,OnTrack,5742.0,2636.0,535.0
2026-08-22 14:38:38.380,0 days 00:52:02.616000,,,0 days 00:00:47.584000,11838.0,236.0,5,100.0,False,0,car,2690.566388888887,0.6312024547329432,OnTrack,5674.725420310993,2631.9521947481326,535.2328718471769
2026-08-22 14:38:38.540,0 days 00:52:02.776000,,,0 days 00:00:47.744000,10998.0,242.0,5,100.0,False,0,car,2701.3219444444426,0.6337256903968983,OnTrack,5508.2536260554,2618.3786250558346,536.3820623969743
2026-08-22 14:38:38.639,0 days 00:52:02.875000,,,0 days 00:00:47.843000,10858.1624096,243.8562512,5,100.0,False,0,pos,2708.029724600546,0.6352993246018843,OnTrack,5418.0,2610.0,537.0
2026-08-22 14:38:38.700,0 days 00:52:02.936000,,,0 days 00:00:47.904000,10772.0,245.0,6,100.0,False,0,car,2712.2108333333317,0.6362802058418116,OnTrack,5371.0068526150335,2605.245149634959,537.2861395411194
2026-08-22 14:38:39.059,0 days 00:52:03.295000,,,0 days 00:00:48.263000,11215.0,256.0,6,100.0,False,0,pos,2737.7397222222203,0.6422692412359263,OnTrack,5165.0,2576.0,538.0
2026-08-22 14:38:39.379,0 days 00:52:03.615000,,,0 days 00:00:48.583000,11471.0,264.0,6,100.0,False,0,car,2761.206388888887,0.6477744826845555,OnTrack,4907.61915182726,2527.6506201421103,538.7772591576676
2026-08-22 14:38:39.439,0 days 00:52:03.675000,,,0 days 00:00:48.643000,11512.637020159322,265.28113908182524,6,100.0,False,0,pos,2765.671197039157,0.648821919341759,OnTrack,4861.0,2518.0,539.0
2026-08-22 14:38:39.660,0 days 00:52:03.896000,,,0 days 00:00:48.864000,11666.0,270.0,6,100.0,False,0,car,2782.281388888887,0.6527186430622484,OnTrack,4709.673524421768,2483.5892664430344,540.0795833812607
2026-08-22 14:38:39.859,0 days 00:52:04.095000,,,0 days 00:00:49.063000,11448.09492992,273.98000128,6,100.0,False,0,pos,2797.4270018891507,0.6562717789906839,OnTrack,4595.0,2455.0,541.0
2026-08-22 14:38:39.860,0 days 00:52:04.096000,,,0 days 00:00:49.064000,11447.0,274.0,6,100.0,False,0,car,2797.5036111111094,0.6562897513883006,OnTrack,4594.462727897004,2454.863963413985,541.0036305811624
2026-08-22 14:38:40.099,0 days 00:52:04.335000,,,0 days 00:00:49.303000,10724.688695466666,277.3194453333333,6,100.0,False,0,pos,2815.9638608670266,0.6606204956542803,OnTrack,4468.0,2422.0,542.0
2026-08-22 14:38:40.220,0 days 00:52:04.456000,,,0 days 00:00:49.424000,10359.0,279.0,7,100.0,False,0,car,2825.4036111111095,0.6628350455537874,OnTrack,4389.05923226664,2400.575461904975,543.3341529742092
2026-08-22 14:38:40.319,0 days 00:52:04.555000,,,0 days 00:00:49.523000,10395.13502336,280.98000128,7,100.0,False,0,pos,2833.167335939809,0.6646564026442437,OnTrack,4304.0,2376.0,545.0
2026-08-22 14:38:40.420,0 days 00:52:04.656000,,,0 days 00:00:49.624000,10432.0,283.0,7,100.0,False,0,car,2841.125833333332,0.6665234530584325,OnTrack,4189.909157293905,2341.2683985059107,547.2759165391093
2026-08-22 14:38:40.579,0 days 00:52:04.815000,,,0 days 00:00:49.783000,10488.6437728,284.4906256,7,100.0,False,0,pos,2853.7334224290958,0.6694811727483736,OnTrack,3995.0,2280.0,551.0
2026-08-22 14:38:40.740,0 days 00:52:04.976000,,,0 days 00:00:49.944000,10546.0,286.0,7,100.0,False,0,car,2866.5480555555546,0.6724874646277809,OnTrack,3849.692088854725,2232.8304489177654,553.1276444416077
2026-08-22 14:38:40.980,0 days 00:52:05.216000,,,0 days 00:00:50.184000,10583.0,287.0,7,100.0,False,0,car,2885.6813888888873,0.676976113195271,OnTrack,3712.3551337391127,2185.4706568453007,553.8508997895565
2026-08-22 14:38:41.079,0 days 00:52:05.315000,,,0 days 00:00:50.283000,10617.15502208,288.48500096,7,100.0,False,0,pos,2893.638638003607,0.6788428707653033,OnTrack,3662.0,2168.0,554.0
2026-08-22 14:38:41.180,0 days 00:52:05.416000,,,0 days 00:00:50.384000,10652.0,290.0,7,100.0,False,0,car,2901.7924999999987,0.6807557533943773,OnTrack,3612.5383534865373,2150.896661263684,554.1243020188256
2026-08-22 14:38:41.420,0 days 00:52:05.656000,,,0 days 00:00:50.624000,10720.0,292.0,7,100.0,False,0,car,2921.2591666666654,0.6853226014142629,OnTrack,3473.175886462722,2102.0226022864294,553.399357788268
2026-08-22 14:38:41.499,0 days 00:52:05.735000,,,0 days 00:00:50.703000,10735.8000128,292.4937504,7,100.0,False,0,pos,2927.6882509085576,0.6868308540156206,OnTrack,3393.0,2073.0,552.0
2026-08-22 14:38:41.580,0 days 00:52:05.816000,,,0 days 00:00:50.784000,10752.0,293.0,7,100.0,False,0,car,2934.2813888888872,0.6883775933545059,OnTrack,3289.6883990186216,2035.2839602754714,549.8619235841331
2026-08-22 14:38:41.679,0 days 00:52:05.915000,,,0 days 00:00:50.883000,10543.10986496,292.50499968,7,50.499968,False,0,pos,2942.3293196805685,0.69026562469698,OnTrack,3164.0,1989.0,547.0
2026-08-22 14:38:41.780,0 days 00:52:06.016000,,,0 days 00:00:50.984000,10330.0,292.0,7,0.0,False,0,car,2950.50361111111,0.692183300037744,OnTrack,3076.397233130983,1956.0920758565596,544.7681096794597
2026-08-22 14:38:42.060,0 days 00:52:06.296000,,,0 days 00:00:51.264000,10366.0,286.0,7,0.0,False,0,car,2972.7480555555544,0.6974018101609238,OnTrack,2969.038836670109,1911.4988746043427,540.9612411777354
2026-08-22 14:38:42.119,0 days 00:52:06.355000,,,0 days 00:00:51.323000,10206.27839817143,282.2071387428571,7,0.0,False,0,pos,2977.298656724475,0.698469373719361,OnTrack,2934.0,1897.0,540.0
2026-08-22 14:38:42.279,0 days 00:52:06.515000,,,0 days 00:00:51.483000,9773.135541028572,271.92142445714285,7,0.0,False,0,pos,2989.2799938312,0.7012801757214889,OnTrack,2814.0,1848.0,537.0
2026-08-22 14:38:42.340,0 days 00:52:06.576000,,,0 days 00:00:51.544000,9608.0,268.0,7,0.0,True,0,car,2993.5924999999984,0.7022918825840432,OnTrack,2776.1144439031887,1832.5801373830452,535.9003426843715
2026-08-22 14:38:42.439,0 days 00:52:06.675000,,,0 days 00:00:51.643000,9315.640436,255.31561680000002,7,0.0,True,0,pos,3000.251297439409,0.7038540255241625,OnTrack,2715.0,1807.0,534.0
2026-08-22 14:38:42.660,0 days 00:52:06.896000,,,0 days 00:00:51.864000,8663.0,227.0,7,0.0,True,0,car,3013.7702777777763,0.7070255561023722,OnTrack,2512.6174894094843,1716.6598284600796,528.398584208611
2026-08-22 14:38:42.679,0 days 00:52:06.915000,,,0 days 00:00:51.883000,8746.12528,223.7937392,7,0.0,True,0,pos,3014.863310411632,0.7072819797626252,OnTrack,2498.0,1710.0,528.0
2026-08-22 14:38:42.820,0 days 00:52:07.056000,,,0 days 00:00:52.024000,9363.0,200.0,7,0.0,True,0,car,3022.6591666666654,0.7091108748329136,OnTrack,2419.7335938672973,1673.6512125309978,525.8492752152952
2026-08-22 14:38:43.100,0 days 00:52:07.336000,,,0 days 00:00:52.304000,10063.0,180.0,5,0.0,True,0,car,3036.6591666666654,0.7123952518335163,OnTrack,2363.581798633996,1643.9981243449245,524.3796385197029
2026-08-22 14:38:43.160,0 days 00:52:07.396000,,,0 days 00:00:52.364000,10099.0,173.7,5,0.0,True,0,pos,3039.387782252609,0.7130353805673705,OnTrack,2346.0,1635.0,524.0
2026-08-22 14:38:43.300,0 days 00:52:07.536000,,,0 days 00:00:52.504000,10183.0,159.0,4,0.0,True,0,car,3045.4924999999985,0.7144675373219916,OnTrack,2293.834551042528,1608.8889313423385,523.0580498504087
2026-08-22 14:38:43.320,0 days 00:52:07.556000,,,0 days 00:00:52.524000,10244.375,158.25,4,0.0,True,0,pos,3046.356354872391,0.7146701962559021,OnTrack,2286.0,1605.0,523.0
2026-08-22 14:38:43.420,0 days 00:52:07.656000,,,0 days 00:00:52.624000,10551.25,154.5,4,0.0,True,0,pos,3050.6368494465974,0.7156743932509539,OnTrack,2247.0,1586.0,523.0
2026-08-22 14:38:43.460,0 days 00:52:07.696000,,,0 days 00:00:52.664000,10674.0,153.0,4,0.0,True,0,car,3052.2924999999987,0.7160628061508558,OnTrack,2231.448721690556,1578.9660743207855,522.9316765276327
2026-08-22 14:38:43.700,0 days 00:52:07.936000,,,0 days 00:00:52.904000,10022.0,138.0,3,0.0,True,0,car,3061.492499999999,0.7182211110369663,OnTrack,2139.6473957275275,1546.7243402073975,521.3690741521516
2026-08-22 14:38:43.760,0 days 00:52:07.996000,,,0 days 00:00:52.964000,9919.045454545454,136.63636363636363,3,1.3636363636363638,True,0,pos,3063.6979189433587,0.7187384986979852,OnTrack,2118.0,1543.0,521.0
2026-08-22 14:38:44.140,0 days 00:52:08.376000,,,0 days 00:00:53.344000,9267.0,128.0,3,10.0,False,0,car,3077.136944444443,0.721891272002719,OnTrack,1998.2242450245974,1561.583441613085,520.0009653784458
2026-08-22 14:38:44.160,0 days 00:52:08.396000,,,0 days 00:00:53.364000,9261.1,127.4,3,11.0,False,0,pos,3077.821333868321,0.722051828637236,OnTrack,1993.0,1564.0,520.0
2026-08-22 14:38:44.340,0 days 00:52:08.576000,,,0 days 00:00:53.544000,9208.0,122.0,3,20.0,False,0,car,3083.914722222221,0.7234813275347568,OnTrack,1951.387582007803,1590.9590411460838,520.1964876472717
2026-08-22 14:38:44.500,0 days 00:52:08.736000,,,0 days 00:00:53.704000,9387.0,122.0,3,36.0,False,0,car,3089.3369444444434,0.724753371960387,OnTrack,1916.0372227657194,1624.5229213464975,520.285334385043
2026-08-22 14:38:44.580,0 days 00:52:08.816000,,,0 days 00:00:53.784000,9398.5,122.0,3,42.0,False,0,pos,3092.04055134193,0.7253876336970139,OnTrack,1894.0,1646.0,520.0
2026-08-22 14:38:44.660,0 days 00:52:08.896000,,,0 days 00:00:53.864000,9410.0,122.0,3,48.0,False,0,car,3094.7591666666654,0.7260254163860173,OnTrack,1868.9388274094317,1670.6378341709474,519.4878002140226
2026-08-22 14:38:44.820,0 days 00:52:09.056000,,,0 days 00:00:54.024000,9126.0,123.6,3,28.0,False,0,pos,3100.283164842153,0.7273213372830846,OnTrack,1817.0,1720.0,518.0
2026-08-22 14:38:44.860,0 days 00:52:09.096000,,,0 days 00:00:54.064000,9055.0,124.0,3,23.0,False,0,car,3101.6480555555545,0.7276415384021869,OnTrack,1805.9545461092996,1729.3571355379345,517.6008900612983
2026-08-22 14:38:45.140,0 days 00:52:09.376000,,,0 days 00:00:54.344000,10332.0,119.0,3,0.0,True,0,car,3110.90361111111,0.7298128765303631,OnTrack,1743.109110525424,1767.3812164469684,514.4997042220776
2026-08-22 14:38:45.179,0 days 00:52:09.415000,,,0 days 00:00:54.383000,10435.93517056,118.60999936,3,0.0,True,0,pos,3112.180996987023,0.7301125491583447,OnTrack,1733.0,1772.0,514.0
2026-08-22 14:38:45.339,0 days 00:52:09.575000,,,0 days 00:00:54.543000,10862.33517056,117.00999936,3,0.0,True,0,pos,3117.3718641478536,0.7313303180666457,OnTrack,1686.0,1791.0,512.0
2026-08-22 14:38:45.340,0 days 00:52:09.576000,,,0 days 00:00:54.544000,10865.0,117.0,2,0.0,True,0,car,3117.40361111111,0.7313377658520714,OnTrack,1685.6960855190543,1791.1005945296522,511.9911931881159
2026-08-22 14:38:45.579,0 days 00:52:09.815000,,,0 days 00:00:54.783000,10293.0,110.0,2,0.0,True,0,car,3124.706388888888,0.7330509855216318,OnTrack,1613.382132452067,1806.5700137238575,511.20439877314436
2026-08-22 14:38:45.619,0 days 00:52:09.855000,,,0 days 00:00:54.823000,10161.6,108.6,2,0.0,True,0,pos,3125.8746210320814,0.733325050863237,OnTrack,1602.0,1808.0,511.0
2026-08-22 14:38:45.779,0 days 00:52:10.015000,,,0 days 00:00:54.983000,9636.0,103.0,2,0.0,True,0,car,3130.42861111111,0.7343934094544179,OnTrack,1558.8692169807764,1811.046087971565,509.5453326620823
2026-08-22 14:38:45.859,0 days 00:52:10.095000,,,0 days 00:00:55.063000,9530.0,101.5,2,0.0,True,0,pos,3132.673172630426,0.7349199798994521,OnTrack,1534.0,1810.0,509.0
2026-08-22 14:38:45.939,0 days 00:52:10.175000,,,0 days 00:00:55.143000,9424.0,100.0,2,0.0,False,0,car,3134.8730555555544,0.7354360688196885,OnTrack,1504.8662876857254,1806.8216714434443,508.82132497471105
2026-08-22 14:38:46.079,0 days 00:52:10.315000,,,0 days 00:00:55.283000,9180.915345485482,95.8208941917275,2,0.0,False,0,pos,3138.5558882725504,0.7363000553248862,OnTrack,1455.0,1799.0,509.0
2026-08-22 14:38:46.140,0 days 00:52:10.376000,,,0 days 00:00:55.344000,9075.0,94.0,2,0.0,False,0,car,3140.121388888888,0.7366673191976526,OnTrack,1440.3493942315972,1796.3657909645794,509.04562381723554
2026-08-22 14:38:46.399,0 days 00:52:10.635000,,,0 days 00:00:55.603000,8999.458314666666,91.1222215111111,2,13.669447822222223,False,0,pos,3146.6235290125164,0.7381927105888485,OnTrack,1401.0,1780.0,509.0
2026-08-22 14:38:46.500,0 days 00:52:10.736000,,,0 days 00:00:55.704000,8970.0,90.0,2,19.0,False,0,car,3149.121388888888,0.7387787044123257,OnTrack,1372.8153934765785,1762.155630509526,508.930596937108
2026-08-22 14:38:46.679,0 days 00:52:10.915000,,,0 days 00:00:55.883000,9293.09511552,89.10499968,2,43.16500864,False,0,pos,3153.5395052059234,0.7398151872421584,OnTrack,1320.0,1726.0,509.0
2026-08-22 14:38:46.700,0 days 00:52:10.936000,,,0 days 00:00:55.904000,9331.0,89.0,2,46.0,False,0,car,3154.065833333332,0.7399386629561893,OnTrack,1316.050728743634,1723.022394144641,509.05465321232816
2026-08-22 14:38:46.919,0 days 00:52:11.155000,,,0 days 00:00:56.123000,9688.51760448,91.7375008,2,47.09500032,False,0,pos,3159.7055113381534,0.7412617221511779,OnTrack,1294.0,1701.0,510.0
2026-08-22 14:38:47.100,0 days 00:52:11.336000,,,0 days 00:00:56.304000,9984.0,94.0,2,48.0,False,0,car,3164.5102777777765,0.7423889124645754,OnTrack,1267.6309677245977,1669.3886256284006,510.5932590339531
2026-08-22 14:38:47.199,0 days 00:52:11.435000,,,0 days 00:00:56.403000,10164.6751168,95.65000106666666,2,51.7125024,False,0,pos,3167.1724297397377,0.7430134489414306,OnTrack,1252.0,1644.0,511.0
2026-08-22 14:38:47.340,0 days 00:52:11.576000,,,0 days 00:00:56.544000,10422.0,98.0,2,57.0,False,0,car,3171.04361111111,0.7439216217315233,OnTrack,1231.7418986312628,1597.0184236973373,511.84366319732356
2026-08-22 14:38:47.519,0 days 00:52:11.755000,,,0 days 00:00:56.723000,10985.2908264,101.9156264,2,65.390628,False,0,pos,3176.1779006771126,0.745126117629024,OnTrack,1213.0,1537.0,513.0
2026-08-22 14:38:47.660,0 days 00:52:11.896000,,,0 days 00:00:56.864000,11429.0,105.0,2,72.0,False,0,car,3180.3769444444433,0.7461112063985917,OnTrack,1207.1849398373774,1506.7181927600827,513.6290210107096
2026-08-22 14:38:47.799,0 days 00:52:12.035000,,,0 days 00:00:57.003000,11726.1126368,110.2125024,2,75.4750016,False,0,pos,3184.6471773612298,0.747112996025671,OnTrack,1206.0,1477.0,514.0
2026-08-22 14:38:47.820,0 days 00:52:12.056000,,,0 days 00:00:57.024000,11771.0,111.0,2,76.0,False,0,car,3185.3102777777767,0.7472685582940423,OnTrack,1205.9407573970552,1471.270746229817,514.0343239490273
2026-08-22 14:38:48.039,0 days 00:52:12.275000,,,0 days 00:00:57.243000,11259.999850666667,118.30000213333334,2,77.82500053333334,False,0,pos,3192.529287594319,0.748962126137512,OnTrack,1208.0,1398.0,514.0
2026-08-22 14:38:48.060,0 days 00:52:12.296000,,,0 days 00:00:57.264000,11211.0,119.0,2,78.0,False,0,car,3193.24361111111,0.7491297052610504,OnTrack,1208.6058829773297,1390.785192041177,513.949186030679
2026-08-22 14:38:48.220,0 days 00:52:12.456000,,,0 days 00:00:57.424000,10577.0,125.0,2,76.0,False,0,car,3198.7991666666658,0.7504330294676388,OnTrack,1215.7716320968498,1336.8378299082428,513.2937191718203
2026-08-22 14:38:48.339,0 days 00:52:12.575000,,,0 days 00:00:57.543000,10676.6625536,128.4708352,2,78.479168,False,0,pos,3203.082741479349,0.7514379490815771,OnTrack,1222.0,1296.0,513.0
2026-08-22 14:38:48.439,0 days 00:52:12.675000,,,0 days 00:00:57.643000,10760.4125536,131.38750186666667,2,80.56250133333333,False,0,pos,3206.801937009179,0.7523104662429283,OnTrack,1227.0,1261.0,513.0
2026-08-22 14:38:48.460,0 days 00:52:12.696000,,,0 days 00:00:57.664000,10778.0,132.0,3,81.0,False,0,car,3207.599166666666,0.7524974950108748,OnTrack,1228.0304546809084,1253.9642516610215,512.9675079263432
2026-08-22 14:38:48.660,0 days 00:52:12.896000,,,0 days 00:00:57.864000,11484.0,142.0,3,100.0,False,0,car,3215.4880555555546,0.7543482153842302,OnTrack,1238.800685288629,1186.6135126119589,512.0677539760629
2026-08-22 14:38:48.719,0 days 00:52:12.955000,,,0 days 00:00:57.923000,11541.82006272,145.24500352,3,100.0,False,0,pos,3217.9304485795146,0.7549211967752535,OnTrack,1244.0,1156.0,512.0
2026-08-22 14:38:48.860,0 days 00:52:13.096000,,,0 days 00:00:58.064000,11680.0,153.0,3,100.0,False,0,car,3223.9880555555546,0.7563423014203104,OnTrack,1261.4675762117647,1054.6743599524416,512.5367469650502
2026-08-22 14:38:48.959,0 days 00:52:13.195000,,,0 days 00:00:58.163000,11173.11967232,158.44500352,3,100.0,False,0,pos,3228.4277233507423,0.7573838401915125,OnTrack,1273.0,988.0,513.0
2026-08-22 14:38:49.060,0 days 00:52:13.296000,,,0 days 00:00:58.264000,10656.0,164.0,3,100.0,False,0,car,3233.099166666666,0.7584797531191154,OnTrack,1280.9188756056592,942.0340841904094,513.2208923873636
2026-08-22 14:38:49.260,0 days 00:52:13.496000,,,0 days 00:00:58.464000,11072.0,173.0,4,100.0,False,0,car,3242.710277777777,0.7607345039965132,OnTrack,1288.5201182199362,898.1867347369241,513.0644302791095
2026-08-22 14:38:49.360,0 days 00:52:13.596000,,,0 days 00:00:58.564000,11233.25,176.75,4,100.0,False,0,pos,3247.6701439236895,0.7618980804462062,OnTrack,1295.0,863.0,513.0
2026-08-22 14:38:49.500,0 days 00:52:13.736000,,,0 days 00:00:58.704000,11459.0,182.0,4,100.0,False,0,car,3254.84361111111,0.7635809640637021,OnTrack,1308.1522223338204,792.2428146642283,512.9985218124583
2026-08-22 14:38:49.520,0 days 00:52:13.756000,,,0 days 00:00:58.724000,11438.625,182.875,4,100.0,False,0,pos,3255.898130469935,0.7638283525729033,OnTrack,1310.0,782.0,513.0
2026-08-22 14:38:49.720,0 days 00:52:13.956000,,,0 days 00:00:58.924000,11234.875,191.625,4,100.0,False,0,pos,3266.8557152826306,0.7663989839686869,OnTrack,1328.0,677.0,513.0
2026-08-22 14:38:49.980,0 days 00:52:14.216000,,,0 days 00:00:59.184000,10970.0,203.0,4,100.0,False,0,pos,3281.9102777777766,0.7699307595982006,OnTrack,1364.0,470.0,513.0
2026-08-22 14:38:50.320,0 days 00:52:14.556000,,,0 days 00:00:59.524000,10898.136363636364,214.5909090909091,4,100.0,False,0,pos,3302.3920586819504,0.7747357517505613,OnTrack,1387.0,336.0,513.0
2026-08-22 14:38:50.420,0 days 00:52:14.656000,,,0 days 00:00:59.624000,10877.0,218.0,5,100.0,False,0,car,3308.5547222222212,0.7761815024929983,OnTrack,1401.0982866840336,255.65000415287489,513.0347854284574
2026-08-22 14:38:50.620,0 days 00:52:14.856000,,,0 days 00:00:59.824000,11172.0,223.0,5,100.0,False,0,pos,3321.045422375589,0.7791118002290802,OnTrack,1434.0,69.0,513.0
2026-08-22 14:38:50.740,0 days 00:52:14.976000,,,0 days 00:00:59.944000,11349.0,226.0,5,100.0,False,0,car,3328.64361111111,0.7808943228240218,OnTrack,1445.683557377966,2.690478212007091,512.7461738939583
2026-08-22 14:38:51.020,0 days 00:52:15.256000,,,0 days 00:01:00.224000,11667.5,231.25,5,100.0,False,0,pos,3346.6628371247552,0.7851216036445846,OnTrack,1463.0,-94.0,512.0
2026-08-22 14:38:51.060,0 days 00:52:15.296000,,,0 days 00:01:00.264000,11713.0,232.0,5,100.0,False,0,car,3349.2658333333325,0.7857322622788778,OnTrack,1467.209510268089,-117.14684317808988,511.9778203526013
2026-08-22 14:38:51.180,0 days 00:52:15.416000,,,0 days 00:01:00.384000,11761.0,233.8,5,100.0,False,0,pos,3357.114881318668,0.7875736360417108,OnTrack,1482.0,-197.0,512.0
2026-08-22 14:38:51.360,0 days 00:52:15.596000,,,0 days 00:01:00.564000,11833.0,236.5,5,100.0,False,0,pos,3369.012938136134,0.790364900624793,OnTrack,1505.0,-313.0,512.0
2026-08-22 14:38:51.460,0 days 00:52:15.696000,,,0 days 00:01:00.664000,11873.0,238.0,5,100.0,False,0,car,3375.710277777777,0.7919360855022384,OnTrack,1517.7230222367825,-377.7543230815723,512.0112856747456
2026-08-22 14:38:51.579,0 days 00:52:15.815000,,,0 days 00:01:00.783000,11859.6124928,239.1156256,5,94.421872,False,0,pos,3383.765289234341,0.7938257779570619,OnTrack,1533.0,-456.0,512.0
2026-08-22 14:38:51.779,0 days 00:52:16.015000,,,0 days 00:01:00.983000,11837.1124928,240.9906256,5,85.046872,False,0,pos,3397.0687043649505,0.7969467372916651,OnTrack,1559.0,-588.0,512.0
2026-08-22 14:38:51.780,0 days 00:52:16.016000,,,0 days 00:01:00.984000,11837.0,241.0,5,85.0,False,0,car,3397.1324999999993,0.7969617036428431,OnTrack,1559.1223718268643,-588.6282642719328,512.0025051939614
2026-08-22 14:38:51.999,0 days 00:52:16.235000,,,0 days 00:01:01.203000,11615.51129890909,226.5659048727273,5,42.693169454545455,False,0,pos,3410.417990002742,0.8000784577718963,OnTrack,1584.0,-722.0,513.0
2026-08-22 14:38:52.220,0 days 00:52:16.456000,,,0 days 00:01:01.424000,11392.0,212.0,5,0.0,True,0,car,3423.0436111111103,0.8030404077423713,OnTrack,1607.7835020732903,-875.8027025095179,513.0358960061226
2026-08-22 14:38:52.279,0 days 00:52:16.515000,,,0 days 00:01:01.483000,11429.430139542907,209.67383313575155,5,0.0,True,0,pos,3426.385195922077,0.8038243380494214,OnTrack,1612.0,-912.0,513.0
2026-08-22 14:38:52.499,0 days 00:52:16.735000,,,0 days 00:01:01.703000,11569.0,201.0,4,0.0,True,0,car,3438.6211111111106,0.8066948636514347,OnTrack,1615.9899690271243,-1015.3003668826658,513.0143768671808
2026-08-22 14:38:52.559,0 days 00:52:16.795000,,,0 days 00:01:01.763000,11535.364475344428,199.55689168144409,4,4.440333287864321,True,0,pos,3441.838824025357,0.8074497338150128,OnTrack,1614.0,-1041.0,513.0
2026-08-22 14:38:53.559,0 days 00:52:17.795000,,,0 days 00:01:02.763000,10974.772397751558,175.50508637217902,4,78.445888085603,True,0,pos,3490.1444170081786,0.8187821465716736,OnTrack,1399.0,-1472.0,514.0
2026-08-22 14:38:53.580,0 days 00:52:17.816000,,,0 days 00:01:02.784000,10963.0,175.0,4,80.0,False,0,car,3491.1697222222215,0.8190226814905023,OnTrack,1391.1524001712182,-1478.582281576458,514.2438332940861
2026-08-22 14:38:53.780,0 days 00:52:18.016000,,,0 days 00:01:02.984000,11228.0,178.0,4,84.0,False,0,car,3501.0586111111106,0.8213425985782297,OnTrack,1310.2027900663543,-1533.5463434666758,516.8198801977433
2026-08-22 14:38:53.799,0 days 00:52:18.035000,,,0 days 00:01:03.003000,11254.69508992,178.38000128,4,85.14000384,False,0,pos,3502.008638225989,0.8215654733786623,OnTrack,1302.0,-1538.0,517.0
2026-08-22 14:38:53.959,0 days 00:52:18.195000,,,0 days 00:01:03.163000,11479.49508992,181.58000128,4,94.74000384,False,0,pos,3510.092734947295,0.8234619891888125,OnTrack,1228.0,-1570.0,518.0
2026-08-22 14:38:53.980,0 days 00:52:18.216000,,,0 days 00:01:03.184000,11509.0,182.0,4,96.0,False,0,car,3511.1697222222215,0.8237146486342204,OnTrack,1217.1061792839726,-1573.4353111506719,518.121320146536
2026-08-22 14:38:54.260,0 days 00:52:18.496000,,,0 days 00:01:03.464000,12028.0,190.0,4,100.0,False,0,car,3525.9474999999993,0.8271814910237454,OnTrack,1049.5585350079507,-1602.5869172754897,519.8052834808204
2026-08-22 14:38:54.339,0 days 00:52:18.575000,,,0 days 00:01:03.543000,12177.70512128,193.55500288,4,100.0,False,0,pos,3530.274646181575,0.8281966324092463,OnTrack,1006.0,-1606.0,520.0
2026-08-22 14:38:54.460,0 days 00:52:18.696000,,,0 days 00:01:03.664000,12407.0,199.0,4,100.0,False,0,car,3537.003055555555,0.8297751061948563,OnTrack,947.226539817245,-1607.458804191202,519.930135648512
2026-08-22 14:38:54.620,0 days 00:52:18.856000,,,0 days 00:01:03.824000,11707.0,203.0,4,100.0,False,0,car,3546.025277777777,0.8318917047063557,OnTrack,867.5583029960512,-1604.4804323655444,519.9089878966462
2026-08-22 14:38:54.639,0 days 00:52:18.875000,,,0 days 00:01:03.843000,11662.171724,203.6531272,4,100.0,False,0,pos,3547.1187500990395,0.8321482315165522,OnTrack,856.0,-1604.0,520.0
2026-08-22 14:38:54.940,0 days 00:52:19.176000,,,0 days 00:01:04.144000,10952.0,214.0,5,100.0,False,0,car,3565.0474999999997,0.8363542867897144,OnTrack,636.8830554308284,-1594.5000844367182,523.7054527937664
2026-08-22 14:38:54.959,0 days 00:52:19.195000,,,0 days 00:01:04.163000,10977.254251733333,214.4750016,5,100.0,False,0,pos,3566.199040138383,0.836624436214413,OnTrack,625.0,-1594.0,524.0
2026-08-22 14:38:55.180,0 days 00:52:19.416000,,,0 days 00:01:04.384000,11271.0,220.0,5,100.0,False,0,car,3579.714166666666,0.8397950626951076,OnTrack,519.0686544916691,-1589.7195463479457,527.5347088151175
2026-08-22 14:38:55.299,0 days 00:52:19.535000,,,0 days 00:01:04.503000,11388.21506304,222.9750016,5,100.0,False,0,pos,3587.1033111463316,0.8415285438510465,OnTrack,458.0,-1586.0,529.0
2026-08-22 14:38:55.380,0 days 00:52:19.616000,,,0 days 00:01:04.584000,11468.0,225.0,5,100.0,False,0,car,3592.214166666666,0.8427275421599314,OnTrack,407.30035416870066,-1582.1982917775388,529.6906053758865
2026-08-22 14:38:55.419,0 days 00:52:19.655000,,,0 days 00:01:04.623000,11513.987575466666,226.4625024,5,100.0,False,0,pos,3594.7058472639246,0.8433120863346802,OnTrack,382.0,-1580.0,530.0
2026-08-22 14:38:55.620,0 days 00:52:19.856000,,,0 days 00:01:04.824000,11751.0,234.0,5,100.0,False,0,car,3607.8141666666656,0.8463872765320314,OnTrack,253.83447914445392,-1564.7948986759825,531.8027624498466
2026-08-22 14:38:55.639,0 days 00:52:19.875000,,,0 days 00:01:04.843000,11729.421355885714,234.40714422857144,5,100.0,False,0,pos,3609.0680471492255,0.8466814348333475,OnTrack,242.0,-1563.0,532.0
2026-08-22 14:38:55.900,0 days 00:52:20.136000,,,0 days 00:01:05.104000,11433.0,240.0,5,100.0,False,0,car,3626.480833333332,0.8507664458661682,OnTrack,79.99156327837726,-1529.6589302710804,535.4077435342057
2026-08-22 14:38:55.980,0 days 00:52:20.216000,,,0 days 00:01:05.184000,11040.5,241.5,5,100.0,False,0,pos,3631.8640436795877,0.8520293381697858,OnTrack,21.0,-1512.0,537.0
2026-08-22 14:38:56.060,0 days 00:52:20.296000,,,0 days 00:01:05.264000,10648.0,243.0,5,100.0,False,0,car,3637.280833333332,0.8533001081237759,OnTrack,-44.97656302033039,-1489.70434987917,538.9276372339141
2026-08-22 14:38:56.180,0 days 00:52:20.416000,,,0 days 00:01:05.384000,10699.0,245.5,5,100.0,False,0,pos,3645.4977352020596,0.8552277798033372,OnTrack,-142.0,-1454.0,542.0
2026-08-22 14:38:56.300,0 days 00:52:20.536000,,,0 days 00:01:05.504000,10750.0,248.0,6,100.0,False,0,car,3653.8141666666656,0.8571788009625829,OnTrack,-212.03096532881804,-1426.132679516702,544.5548425433273
2026-08-22 14:38:56.480,0 days 00:52:20.716000,,,0 days 00:01:05.684000,10904.92857142857,251.85714285714286,6,100.0,False,0,pos,3666.4560485169995,0.8601445656764096,OnTrack,-295.0,-1386.0,548.0
2026-08-22 14:38:56.580,0 days 00:52:20.816000,,,0 days 00:01:05.784000,10991.0,254.0,6,100.0,False,0,car,3673.569722222221,0.8618134218412111,OnTrack,-350.51910060326384,-1355.0630843381246,550.1473252412922
2026-08-22 14:38:56.760,0 days 00:52:20.996000,,,0 days 00:01:05.964000,11131.0,257.5,6,100.0,False,0,pos,3686.541509914294,0.8648565819235356,OnTrack,-460.0,-1287.0,554.0
2026-08-22 14:38:56.920,0 days 00:52:21.156000,,,0 days 00:01:06.124000,11255.444444444445,260.6111111111111,6,100.0,False,0,pos,3698.2061969081624,0.867593098329385,OnTrack,-558.0,-1213.0,557.0
2026-08-22 14:38:56.940,0 days 00:52:21.176000,,,0 days 00:01:06.144000,11271.0,261.0,6,100.0,False,0,car,3699.669722222221,0.8679364389637632,OnTrack,-571.8694864172762,-1200.5811369763426,557.4676977210887
2026-08-22 14:38:57.200,0 days 00:52:21.436000,,,0 days 00:01:06.404000,11368.5,264.7142857142857,6,100.0,False,0,pos,3718.8017552385704,0.8724247824790251,OnTrack,-761.0,-1003.0,565.0
2026-08-22 14:38:57.220,0 days 00:52:21.456000,,,0 days 00:01:06.424000,11376.0,265.0,6,100.0,False,0,car,3720.2808333333323,0.872771771770206,OnTrack,-770.9099717892567,-991.6545519023601,565.4993129463104
2026-08-22 14:38:57.380,0 days 00:52:21.616000,,,0 days 00:01:06.584000,11432.0,267.0,6,100.0,False,0,car,3732.1474999999987,0.8755556722754787,OnTrack,-816.8222560094611,-932.6055037324217,568.7252467821669
2026-08-22 14:38:57.520,0 days 00:52:21.756000,,,0 days 00:01:06.724000,11488.388888888889,267.77777777777777,6,100.0,False,0,pos,3742.572500071925,0.8780013601660155,OnTrack,-847.0,-881.0,571.0
2026-08-22 14:38:57.740,0 days 00:52:21.976000,,,0 days 00:01:06.944000,11577.0,269.0,6,100.0,False,0,car,3759.0474999999988,0.8818663680837795,OnTrack,-922.8965714368958,-741.2233209142571,574.2562104096271
2026-08-22 14:38:57.800,0 days 00:52:22.036000,,,0 days 00:01:07.004000,11410.125,269.5,6,100.0,False,0,pos,3763.5654750777517,0.8829262776148271,OnTrack,-943.0,-695.0,575.0
2026-08-22 14:38:58.040,0 days 00:52:22.276000,,,0 days 00:01:07.244000,10742.625,271.5,6,100.0,False,0,pos,3781.7418782717814,0.8871904319436952,OnTrack,-1003.0,-497.0,577.0
2026-08-22 14:38:58.220,0 days 00:52:22.456000,,,0 days 00:01:07.424000,10242.0,273.0,6,100.0,False,0,car,3795.447499999999,0.8904057482853465,OnTrack,-1016.9124162436008,-375.2125048016911,576.8438396682974
2026-08-22 14:38:58.379,0 days 00:52:22.615000,,,0 days 00:01:07.583000,10108.8374464,274.9875008,6,100.0,False,0,pos,3807.5932215916127,0.8932551146175766,OnTrack,-1012.0,-269.0,575.0
2026-08-22 14:38:58.380,0 days 00:52:22.616000,,,0 days 00:01:07.584000,10108.0,275.0,7,100.0,False,0,car,3807.669722222221,0.8932730615398409,OnTrack,-1011.9351641709268,-268.27262464569753,574.9822090269466
2026-08-22 14:38:58.540,0 days 00:52:22.776000,,,0 days 00:01:07.744000,10202.0,276.0,7,100.0,False,0,car,3819.9363888888874,0.8961508013879879,OnTrack,-996.2002674303459,-144.02229136010712,571.3056256097043
2026-08-22 14:38:58.599,0 days 00:52:22.835000,,,0 days 00:01:07.803000,10216.45501568,276.59000064,7,100.0,False,0,pos,3824.4804682924764,0.897216834950992,OnTrack,-988.0,-99.0,570.0
2026-08-22 14:38:58.740,0 days 00:52:22.976000,,,0 days 00:01:07.944000,10251.0,278.0,7,100.0,False,0,car,3835.3808333333322,0.8997740426823035,OnTrack,-961.9624466964242,4.576443538159972,567.3955659060621
2026-08-22 14:38:58.759,0 days 00:52:22.995000,,,0 days 00:01:07.963000,10255.42653719248,278.13620114438396,7,100.0,False,0,pos,3836.852356489927,0.9001192595974015,OnTrack,-957.0,20.0,567.0
2026-08-22 14:38:59.019,0 days 00:52:23.255000,,,0 days 00:01:08.223000,10316.0,280.0,7,100.0,False,0,car,3857.080833333332,0.9048648270332377,OnTrack,-858.3304608685752,267.4287038930356,560.3885286342659
2026-08-22 14:38:59.039,0 days 00:52:23.275000,,,0 days 00:01:08.243000,10324.129677107978,280.24937659840424,7,100.0,False,0,pos,3858.6490930676177,0.905232738190542,OnTrack,-851.0,285.0,560.0
2026-08-22 14:38:59.420,0 days 00:52:23.656000,,,0 days 00:01:08.624000,10479.0,285.0,7,100.0,False,0,car,3888.826666666665,0.9123123473807351,OnTrack,-745.0041264000619,544.6694928189735,557.3732535961676
2026-08-22 14:38:59.479,0 days 00:52:23.715000,,,0 days 00:01:08.683000,10492.907157942856,285.4214290285714,7,100.0,False,0,pos,3893.5218830748777,0.9134138374367341,OnTrack,-729.0,585.0,557.0
2026-08-22 14:38:59.679,0 days 00:52:23.915000,,,0 days 00:01:08.883000,10540.050015085715,286.85000045714287,7,100.0,False,0,pos,3909.469808311908,0.9171551944978651,OnTrack,-671.0,733.0,555.0
2026-08-22 14:38:59.700,0 days 00:52:23.936000,,,0 days 00:01:08.904000,10545.0,287.0,7,100.0,False,0,car,3911.1488888888875,0.9175491040428072,OnTrack,-664.8648394146065,748.8385359638955,554.731093943177
2026-08-22 14:38:59.860,0 days 00:52:24.096000,,,0 days 00:01:09.064000,10707.0,289.0,7,100.0,False,0,car,3923.9933333333315,0.9205623896084393,OnTrack,-618.3917326656232,869.5918240852853,552.4762430862107
2026-08-22 14:38:59.899,0 days 00:52:24.135000,,,0 days 00:01:09.103000,10719.4312704,289.9750016,7,100.0,False,0,pos,3927.152169559515,0.9213034473977213,OnTrack,-607.0,899.0,552.0
2026-08-22 14:39:00.020,0 days 00:52:24.256000,,,0 days 00:01:09.224000,10758.0,293.0,7,100.0,False,0,car,3937.015555555555,0.9236173815486827,OnTrack,-571.3740897956657,990.1864804539603,550.7896147141515
2026-08-22 14:39:00.079,0 days 00:52:24.315000,,,0 days 00:01:09.283000,10784.5500288,293.59000064,7,100.0,False,0,pos,3941.840566308735,0.9247493211447829,OnTrack,-554.0,1035.0,550.0
2026-08-22 14:39:00.220,0 days 00:52:24.456000,,,0 days 00:01:09.424000,10848.0,295.0,7,100.0,False,0,car,3953.404444444444,0.9274621879581184,OnTrack,-512.6165283153118,1143.3909743143465,547.3027777786044
2026-08-22 14:39:00.239,0 days 00:52:24.475000,,,0 days 00:01:09.443000,10856.93003008,295.19000064,7,100.0,False,0,pos,3954.965926047965,0.9278285089770805,OnTrack,-507.0,1158.0,547.0
2026-08-22 14:39:00.420,0 days 00:52:24.656000,,,0 days 00:01:09.624000,10942.0,297.0,7,100.0,False,0,car,3969.904444444443,0.9313330608516855,OnTrack,-452.7792944816278,1296.8075196954053,545.3662101895844
2026-08-22 14:39:00.459,0 days 00:52:24.695000,,,0 days 00:01:09.663000,10957.4781504,297.609376,7,100.0,False,0,pos,3973.150527056765,0.9320945864998259,OnTrack,-441.0,1327.0,545.0
2026-08-22 14:39:00.699,0 days 00:52:24.935000,,,0 days 00:01:09.903000,11052.7281504,301.359376,7,100.0,False,0,pos,3993.304526885432,0.9368226817503562,OnTrack,-369.0,1514.0,542.0
2026-08-22 14:39:00.740,0 days 00:52:24.976000,,,0 days 00:01:09.944000,11069.0,302.0,7,100.0,False,0,car,3996.748888888888,0.9376307234179206,OnTrack,-357.20794442188486,1544.9699327125852,541.6730821676889
2026-08-22 14:39:00.859,0 days 00:52:25.095000,,,0 days 00:01:10.063000,11076.73500416,302.0,7,100.0,False,0,pos,4006.7304929227257,0.9399723913263391,OnTrack,-321.0,1640.0,541.0
2026-08-22 14:39:00.940,0 days 00:52:25.176000,,,0 days 00:01:10.144000,11082.0,302.0,7,100.0,False,0,car,4013.5266666666657,0.9415667625218175,OnTrack,-289.9852216956633,1720.4250562772606,540.4350579440263
2026-08-22 14:39:01.119,0 days 00:52:25.355000,,,0 days 00:01:10.323000,11103.48000768,302.89500032,7,100.0,False,0,pos,4028.587675041645,0.9451000503441508,OnTrack,-218.0,1906.0,539.0
2026-08-22 14:39:01.140,0 days 00:52:25.376000,,,0 days 00:01:10.344000,11106.0,303.0,7,100.0,False,0,car,4030.3599999999983,0.94551583486778,OnTrack,-211.5497655439421,1922.6940503413537,538.8466189250886
2026-08-22 14:39:01.420,0 days 00:52:25.656000,,,0 days 00:01:10.624000,11139.0,305.0,7,100.0,False,0,car,4054.0822222222205,0.9510810292299123,OnTrack,-156.75777635818187,2066.1673100512667,537.2399005615989
2026-08-22 14:39:01.519,0 days 00:52:25.755000,,,0 days 00:01:10.723000,11147.91000576,305.0,7,100.0,False,0,pos,4062.474322264472,0.9530498021131641,OnTrack,-121.0,2159.0,537.0
2026-08-22 14:39:01.620,0 days 00:52:25.856000,,,0 days 00:01:10.824000,11157.0,305.0,7,100.0,False,0,car,4071.0266666666653,0.9550561680600068,OnTrack,-67.4102489149795,2297.541426621356,536.9679754650092
2026-08-22 14:39:01.699,0 days 00:52:25.935000,,,0 days 00:01:10.903000,11148.359368,304.7531248,7,100.0,False,0,pos,4077.7055679359764,0.956623027325594,OnTrack,-29.0,2397.0,537.0
2026-08-22 14:39:01.940,0 days 00:52:26.176000,,,0 days 00:01:11.144000,11122.0,304.0,7,100.0,False,0,car,4098.0488888888885,0.9613955370008529,OnTrack,11.526743925928628,2504.627410565124,537.0067151435217
2026-08-22 14:39:02.039,0 days 00:52:26.275000,,,0 days 00:01:11.243000,11114.5749952,304.0,7,100.0,False,0,pos,4106.411857449596,0.9633574756863923,OnTrack,37.0,2571.0,537.0
2026-08-22 14:39:02.140,0 days 00:52:26.376000,,,0 days 00:01:11.344000,11107.0,304.0,7,100.0,False,0,car,4114.937777777776,0.9653576425888812,OnTrack,83.66189255618443,2691.1528730078717,536.9984611295499
2026-08-22 14:39:02.259,0 days 00:52:26.495000,,,0 days 00:01:11.463000,11098.499995428572,303.57499977142857,7,100.0,False,0,pos,4124.960470085582,0.9677089497388722,OnTrack,144.0,2846.0,537.0
2026-08-22 14:39:02.420,0 days 00:52:26.656000,,,0 days 00:01:11.624000,11087.0,303.0,7,100.0,False,0,car,4138.504444444443,0.970886343873229,OnTrack,192.10986939828808,2969.2938643979264,537.000807845144
2026-08-22 14:39:02.660,0 days 00:52:26.896000,,,0 days 00:01:11.864000,11090.0,303.0,7,100.0,False,0,car,4158.704444444444,0.9756252306883845,OnTrack,224.97552967937435,3053.80448065445,537.0001349321366
2026-08-22 14:39:02.740,0 days 00:52:26.976000,,,0 days 00:01:11.944000,11078.285714285714,302.7142857142857,7,100.0,False,0,pos,4165.419053374426,0.977200466912504,OnTrack,247.0,3111.0,537.0
2026-08-22 14:39:02.940,0 days 00:52:27.176000,,,0 days 00:01:12.144000,11049.0,302.0,7,100.0,False,0,car,4182.193333333333,0.98113568543384,OnTrack,326.647392896686,3318.235779117585,536.9999842534179
2026-08-22 14:39:03.000,0 days 00:52:27.236000,,,0 days 00:01:12.204000,11047.5,302.375,7,100.0,False,0,pos,4187.241672765007,0.9823200175710276,OnTrack,347.0,3371.0,537.0
2026-08-22 14:39:03.100,0 days 00:52:27.336000,,,0 days 00:01:12.304000,11045.0,303.0,7,100.0,False,0,car,4195.659999999999,0.9842949433106101,OnTrack,371.39318372868064,3433.801057142296,537.00000802632
2026-08-22 14:39:03.240,0 days 00:52:27.476000,,,0 days 00:01:12.444000,11032.4,302.3,7,100.0,False,0,pos,4207.411410955212,0.9870518050153196,OnTrack,399.0,3504.0,537.0
2026-08-22 14:39:03.300,0 days 00:52:27.536000,,,0 days 00:01:12.504000,11027.0,302.0,7,100.0,False,0,car,4212.437777777777,0.988230982414507,OnTrack,414.74599145858804,3544.038291078674,536.9999984993664
2026-08-22 14:39:03.520,0 days 00:52:27.756000,,,0 days 00:01:12.724000,11034.333333333334,301.0833333333333,7,100.0,False,0,pos,4230.832807310991,0.992546426123385,OnTrack,486.0,3724.0,537.0
2026-08-22 14:39:03.540,0 days 00:52:27.776000,,,0 days 00:01:12.744000,11035.0,301.0,7,100.0,False,0,car,4232.504444444444,0.9929385894487042,OnTrack,492.51528379729535,3740.1867226108543,537.0000001174993
2026-08-22 14:39:03.593,0 days 00:52:27.829000,,,0 days 00:01:12.797000,10981.263953777778,301.0,7,87.92779235555555,False,0,interpolation,4236.93456964193,0.9939778895421623,OnTrack,509.62871859805324,3782.446609586184,537.0000003125932
