Date,SessionTime,DriverAhead,DistanceToDriverAhead,Time,RPM,Speed,nGear,Throttle,Brake,DRS,Source,Distance,RelativeDistance,Status,X,Y,Z
2026-08-22 14:55:25.755,0 days 01:08:49.991000,,,0 days 00:00:00,11051.99,308.65,8,100.0,False,0,interpolation,0.507772814288103,0.0001188640086496628,OnTrack,528.2389031142272,3827.1023517724534,537.0000008399289
2026-08-22 14:55:25.783,0 days 01:08:50.019000,,,0 days 00:00:00.028000,11062.0,309.0,8,100.0,False,0,car,2.9200000000000017,0.0006835397553601338,OnTrack,536.7131135710068,3847.978613515281,537.0000003471914
2026-08-22 14:55:25.800,0 days 01:08:50.036000,,,0 days 00:00:00.045000,11070.288528649084,309.16915364589966,8,100.0,False,0,pos,4.38520592709098,0.0010265282830847864,OnTrack,542.0,3861.0,537.0
2026-08-22 14:55:25.880,0 days 01:08:50.116000,,,0 days 00:00:00.125000,11109.29351619296,309.96517379985636,8,100.0,False,0,pos,11.286935534443804,0.0026421469705408614,OnTrack,568.0,3925.0,537.0
2026-08-22 14:55:25.984,0 days 01:08:50.220000,,,0 days 00:00:00.229000,11160.0,311.0,8,100.0,False,0,car,20.284166666666668,0.004748299425005996,OnTrack,601.9574167483811,4008.424617128955,537.0000208074565
2026-08-22 14:55:26.140,0 days 01:08:50.376000,,,0 days 00:00:00.385000,11204.633333333333,312.3,8,100.0,False,0,pos,33.8493811138221,0.007923766330696531,OnTrack,653.0,4133.0,537.0
2026-08-22 14:55:26.320,0 days 01:08:50.556000,,,0 days 00:00:00.565000,11256.133333333333,313.8,8,100.0,False,0,pos,49.58250000551408,0.01160671572736743,OnTrack,713.0,4278.0,537.0
2026-08-22 14:55:26.344,0 days 01:08:50.580000,,,0 days 00:00:00.589000,11263.0,314.0,8,100.0,False,0,car,51.68416666666666,0.012098692684700579,OnTrack,720.9440287531341,4297.345879657754,537.0001222461145
2026-08-22 14:55:26.560,0 days 01:08:50.796000,,,0 days 00:00:00.805000,11305.3,315.8,8,100.0,False,0,pos,70.64003607835954,0.01653605239028523,OnTrack,792.0,4472.0,537.0
2026-08-22 14:55:26.584,0 days 01:08:50.820000,,,0 days 00:00:00.829000,11310.0,316.0,8,100.0,False,0,car,72.75083333333333,0.017030166718805653,OnTrack,799.9958540969999,4491.628887064869,536.9992073778961
2026-08-22 14:55:26.744,0 days 01:08:50.980000,,,0 days 00:00:00.989000,11306.0,317.0,8,100.0,False,0,car,86.83972222222222,0.02032822002853415,OnTrack,853.8565136366568,4623.280021963274,536.9921675831412
2026-08-22 14:55:26.820,0 days 01:08:51.056000,,,0 days 00:00:01.065000,11315.025,317.0,8,100.0,False,0,pos,93.53077226806239,0.02189452095710812,OnTrack,879.0,4684.0,537.0
2026-08-22 14:55:26.880,0 days 01:08:51.116000,,,0 days 00:00:01.125000,11322.15,317.0,8,100.0,False,0,pos,98.81120402161406,0.023130611720470647,OnTrack,899.0,4732.0,537.0
2026-08-22 14:55:27.064,0 days 01:08:51.300000,,,0 days 00:00:01.309000,11344.0,317.0,8,100.0,False,0,car,115.0175,0.026924326647991145,OnTrack,982.3207909113678,4936.218037084496,536.4027144552678
2026-08-22 14:55:27.200,0 days 01:08:51.436000,,,0 days 00:00:01.445000,11362.02,317.34,8,100.0,False,0,pos,127.02566656470523,0.02973530583838921,OnTrack,1045.0,5091.0,536.0
2026-08-22 14:55:27.464,0 days 01:08:51.700000,,,0 days 00:00:01.709000,11397.0,318.0,8,100.0,False,0,car,150.35083333333336,0.03519546980645852,OnTrack,1128.692372845225,5297.43269984891,536.5221316312123
2026-08-22 14:55:27.620,0 days 01:08:51.856000,,,0 days 00:00:01.865000,11352.42857142857,317.4428571428571,8,100.0,False,0,pos,164.08852395187543,0.038411311479270654,OnTrack,1167.0,5398.0,537.0
2026-08-22 14:55:27.744,0 days 01:08:51.980000,,,0 days 00:00:01.989000,11317.0,317.0,8,100.0,False,0,car,175.00638888888892,0.04096706309848339,OnTrack,1196.0968701309994,5480.131629129577,537.23497813621
2026-08-22 14:55:27.904,0 days 01:08:52.140000,,,0 days 00:00:02.149000,11247.0,317.0,8,100.0,False,0,car,189.0952777777778,0.04426511640821189,OnTrack,1232.1551010097928,5590.091039815636,537.4383356143225
2026-08-22 14:55:28.040,0 days 01:08:52.276000,,,0 days 00:00:02.285000,10810.666666666666,312.46666666666664,8,43.9,False,0,pos,200.9664201324972,0.047044019744167456,OnTrack,1263.0,5693.0,538.0
2026-08-22 14:55:28.144,0 days 01:08:52.380000,,,0 days 00:00:02.389000,10477.0,309.0,8,1.0,True,0,car,209.6952777777778,0.049087348928903235,OnTrack,1286.9108327661086,5778.3421135628205,538.7344715125023
2026-08-22 14:55:28.280,0 days 01:08:52.516000,,,0 days 00:00:02.525000,10171.68,287.24,8,0.32,True,0,pos,220.36652840139357,0.051585370860633716,OnTrack,1317.0,5889.0,540.0
2026-08-22 14:55:28.344,0 days 01:08:52.580000,,,0 days 00:00:02.589000,10028.0,277.0,8,0.0,True,0,car,225.0841666666667,0.05268971788314139,OnTrack,1329.9149742049894,5935.998661016771,540.6694006148819
2026-08-22 14:55:28.460,0 days 01:08:52.696000,,,0 days 00:00:02.705000,9805.909619164746,258.9296540527746,8,0.0,True,0,pos,233.13166951806195,0.054573549434614906,OnTrack,1353.0,6019.0,542.0
2026-08-22 14:55:28.543,0 days 01:08:52.779000,,,0 days 00:00:02.788000,9647.0,246.0,8,0.0,True,0,car,238.68250000000003,0.055872937554364746,OnTrack,1371.3164174443953,6084.061977250864,543.0426189029743
2026-08-22 14:55:28.699,0 days 01:08:52.935000,,,0 days 00:00:02.944000,9452.0,235.08,8,0.0,True,0,pos,248.89099381334992,0.058262633226889626,OnTrack,1407.0,6206.0,545.0
2026-08-22 14:55:28.743,0 days 01:08:52.979000,,,0 days 00:00:02.988000,9397.0,232.0,8,0.0,True,0,car,251.57138888888892,0.05889008411531511,OnTrack,1416.2871283821469,6235.359059742278,545.4785143527063
2026-08-22 14:55:29.023,0 days 01:08:53.259000,,,0 days 00:00:03.268000,10435.0,191.0,8,0.0,True,0,car,266.4269444444445,0.062367605625651856,OnTrack,1469.4175817604262,6374.072612932963,547.6650083249317
2026-08-22 14:55:29.119,0 days 01:08:53.355000,,,0 days 00:00:03.364000,10682.2,186.68,8,0.0,True,0,pos,271.3701304919669,0.06352475089333101,OnTrack,1490.0,6415.0,548.0
2026-08-22 14:55:29.223,0 days 01:08:53.459000,,,0 days 00:00:03.468000,10950.0,182.0,8,0.0,True,0,car,276.5380555555556,0.06473450508294913,OnTrack,1514.8630390631995,6458.688592822785,548.1054465166964
2026-08-22 14:55:29.420,0 days 01:08:53.656000,,,0 days 00:00:03.665000,11334.970708266666,160.65834026666667,8,0.0,True,0,pos,285.16821061946865,0.06675472908332829,OnTrack,1564.0,6533.0,548.0
2026-08-22 14:55:29.463,0 days 01:08:53.699000,,,0 days 00:00:03.708000,11419.0,156.0,7,0.0,True,0,car,286.93805555555565,0.06716903023902633,OnTrack,1573.7056024099404,6546.031309999997,548.0356746860396
2026-08-22 14:55:29.900,0 days 01:08:54.136000,,,0 days 00:00:04.145000,10151.7001856,139.11591156363636,7,0.0,True,0,pos,303.8138234745134,0.071119461155067,OnTrack,1668.0,6632.0,549.0
2026-08-22 14:55:29.903,0 days 01:08:54.139000,,,0 days 00:00:04.148000,10143.0,139.0,3,0.0,True,0,car,303.92694444444453,0.07114594152496866,OnTrack,1668.8434200839536,6632.551482784112,549.0011352079516
2026-08-22 14:55:29.980,0 days 01:08:54.216000,,,0 days 00:00:04.225000,10028.875094857143,137.62500114285714,3,0.0,True,0,pos,306.827108226115,0.07182483784066294,OnTrack,1693.0,6647.0,549.0
2026-08-22 14:55:30.183,0 days 01:08:54.419000,,,0 days 00:00:04.428000,9728.0,134.0,3,0.0,True,0,car,314.34916666666675,0.07358566865787507,OnTrack,1801.217583719074,6686.6048511046,549.0017461498699
2026-08-22 14:55:30.260,0 days 01:08:54.496000,,,0 days 00:00:04.505000,9552.8251456,131.43333546666668,3,0.0,True,0,pos,317.0947216909099,0.07422837277075142,OnTrack,1837.0,6697.0,549.0
2026-08-22 14:55:30.423,0 days 01:08:54.659000,,,0 days 00:00:04.668000,9182.0,126.0,3,0.0,True,0,car,322.7491666666668,0.07555201589932203,OnTrack,1878.4186582529844,6705.032588183673,548.97645835395
2026-08-22 14:55:30.600,0 days 01:08:54.836000,,,0 days 00:00:04.845000,8855.43511808,122.46000128,3,0.0,True,0,pos,328.76116289751565,0.07695935782838384,OnTrack,1906.0,6702.0,549.0
2026-08-22 14:55:30.623,0 days 01:08:54.859000,,,0 days 00:00:04.868000,8813.0,122.0,3,0.0,True,0,car,329.52694444444455,0.07713861883223558,OnTrack,1911.1765471848073,6701.511056151182,549.0133833698769
2026-08-22 14:55:30.863,0 days 01:08:55.099000,,,0 days 00:00:05.108000,8652.0,117.0,3,0.0,False,0,car,337.3269444444445,0.07896451269929346,OnTrack,1986.0395361257576,6693.031360560742,549.1924090163594
2026-08-22 14:55:30.960,0 days 01:08:55.196000,,,0 days 00:00:05.205000,8517.4125888,116.3937504,3,0.0,False,0,pos,340.46065648416464,0.07969808008319737,OnTrack,2024.0,6682.0,549.0
2026-08-22 14:55:31.023,0 days 01:08:55.259000,,,0 days 00:00:05.268000,8430.0,116.0,3,0.0,False,0,car,342.4825000000001,0.08017137132367361,OnTrack,2050.5342539564417,6671.551679536692,548.7476673425235
2026-08-22 14:55:31.160,0 days 01:08:55.396000,,,0 days 00:00:05.405000,8513.9124608,114.7156256,3,6.8499967999999996,False,0,pos,346.8133184813416,0.08118516810629187,OnTrack,2105.0,6646.0,548.0
2026-08-22 14:55:31.343,0 days 01:08:55.579000,,,0 days 00:00:05.588000,8626.0,113.0,3,16.0,False,0,car,352.52694444444455,0.08252266485048321,OnTrack,2141.332768449386,6627.369957891495,547.0968233316019
2026-08-22 14:55:31.503,0 days 01:08:55.739000,,,0 days 00:00:05.748000,8750.0,113.0,3,16.0,False,0,car,357.5491666666668,0.08369831161388801,OnTrack,2163.5227515463903,6601.139169833949,546.3159186924717
2026-08-22 14:55:31.560,0 days 01:08:55.796000,,,0 days 00:00:05.805000,8788.04745728,113.56999936,3,17.85249792,False,0,pos,359.3594950595393,0.08412208949977348,OnTrack,2179.0,6580.0,546.0
2026-08-22 14:55:31.720,0 days 01:08:55.956000,,,0 days 00:00:05.965000,8894.84745728,115.16999936,3,23.05249792,False,0,pos,364.5116600257624,0.08532815442463211,OnTrack,2235.0,6500.0,545.0
2026-08-22 14:55:31.903,0 days 01:08:56.139000,,,0 days 00:00:06.148000,9017.0,117.0,3,29.0,False,0,car,370.5491666666668,0.08674146805898449,OnTrack,2259.59180716043,6458.930045505911,543.61191363929
2026-08-22 14:55:32.080,0 days 01:08:56.316000,,,0 days 00:00:06.325000,9440.324846933334,121.4249984,3,38.587496533333336,False,0,pos,376.5531651638248,0.08814693780690573,OnTrack,2265.0,6434.0,543.0
2026-08-22 14:55:32.143,0 days 01:08:56.379000,,,0 days 00:00:06.388000,9591.0,123.0,3,42.0,False,0,car,378.7491666666668,0.08866099750896843,OnTrack,2269.9619944008473,6416.860336107201,543.1819367207664
2026-08-22 14:55:32.320,0 days 01:08:56.556000,,,0 days 00:00:06.565000,9920.6623808,128.16249813333334,3,43.47499946666667,False,0,pos,385.1076133913808,0.09014943967290043,OnTrack,2287.0,6354.0,544.0
2026-08-22 14:55:32.383,0 days 01:08:56.619000,,,0 days 00:00:06.628000,10038.0,130.0,3,44.0,False,0,car,387.41583333333347,0.09068976847236608,OnTrack,2290.830705993932,6331.619629615574,543.8994868088995
2026-08-22 14:55:32.520,0 days 01:08:56.756000,,,0 days 00:00:06.765000,10283.83170987299,132.56074697784362,3,48.69470279271333,False,0,pos,392.49364613724185,0.09187842837707433,OnTrack,2295.0,6283.0,543.0
2026-08-22 14:55:32.704,0 days 01:08:56.940000,,,0 days 00:00:06.949000,10614.0,136.0,3,55.0,False,0,car,399.54250000000013,0.09352848722807404,OnTrack,2294.0654491556343,6213.634539693709,541.0071849345846
2026-08-22 14:55:32.820,0 days 01:08:57.056000,,,0 days 00:00:07.065000,10923.885714285714,140.55714285714285,3,62.042857142857144,False,0,pos,404.1985043715516,0.09461840643666514,OnTrack,2290.0,6168.0,542.0
2026-08-22 14:55:32.860,0 days 01:08:57.096000,,,0 days 00:00:07.105000,11030.742857142857,142.12857142857143,3,64.47142857142858,False,0,pos,405.8411784897455,0.09500293830820168,OnTrack,2288.0,6152.0,543.0
2026-08-22 14:55:32.984,0 days 01:08:57.220000,,,0 days 00:00:07.229000,11362.0,147.0,3,72.0,False,0,car,410.97583333333347,0.09620490430671018,OnTrack,2279.268479610449,6101.471174154508,544.2586142887826
2026-08-22 14:55:33.200,0 days 01:08:57.436000,,,0 days 00:00:07.445000,11615.8,153.3,3,79.2,False,0,pos,420.1600699306699,0.09835483267551598,OnTrack,2257.0,6012.0,542.0
2026-08-22 14:55:33.224,0 days 01:08:57.460000,,,0 days 00:00:07.469000,11644.0,154.0,3,80.0,False,0,car,421.2425000000001,0.09860821760181201,OnTrack,2254.223507861877,6002.16105760076,541.7609040178336
2026-08-22 14:55:33.440,0 days 01:08:57.676000,,,0 days 00:00:07.685000,11208.4,171.1,3,96.2,False,0,pos,431.5989479837136,0.10103254771180775,OnTrack,2225.0,5908.0,540.0
2026-08-22 14:55:33.464,0 days 01:08:57.700000,,,0 days 00:00:07.709000,11160.0,173.0,4,98.0,False,0,car,432.7758333333334,0.10130804357617966,OnTrack,2220.91686024956,5895.461309054966,539.8586264975311
2026-08-22 14:55:33.640,0 days 01:08:57.876000,,,0 days 00:00:07.885000,11673.04,177.4,4,99.76,False,0,pos,441.4609826501508,0.10334114112387953,OnTrack,2188.0,5797.0,539.0
2026-08-22 14:55:33.664,0 days 01:08:57.900000,,,0 days 00:00:07.909000,11743.0,178.0,4,100.0,False,0,car,442.66472222222234,0.10362292326518469,OnTrack,2183.864659504299,5785.089915353745,538.8607837651517
2026-08-22 14:55:33.920,0 days 01:08:58.156000,,,0 days 00:00:08.165000,10830.542857142857,187.14285714285714,4,100.0,False,0,pos,455.97232798871863,0.10673808682342441,OnTrack,2145.0,5680.0,537.0
2026-08-22 14:55:33.944,0 days 01:08:58.180000,,,0 days 00:00:08.189000,10745.0,188.0,4,100.0,False,0,car,457.28694444444454,0.10704582401881457,OnTrack,2141.22001093952,5670.104910005131,536.820027263803
2026-08-22 14:55:34.160,0 days 01:08:58.396000,,,0 days 00:00:08.405000,11013.65,201.5,4,100.0,False,0,pos,469.68588488097134,0.10994827905741333,OnTrack,2101.0,5569.0,535.0
2026-08-22 14:55:34.264,0 days 01:08:58.500000,,,0 days 00:00:08.509000,11143.0,208.0,5,100.0,False,0,car,475.7758333333334,0.11137386874072956,OnTrack,2072.94636771178,5504.320638346271,533.6718883154019
2026-08-22 14:55:34.480,0 days 01:08:58.716000,,,0 days 00:00:08.725000,11538.1,211.6,5,100.0,False,0,pos,488.4561518772231,0.11434219128709222,OnTrack,2008.0,5360.0,531.0
2026-08-22 14:55:34.504,0 days 01:08:58.740000,,,0 days 00:00:08.749000,11582.0,212.0,5,100.0,False,0,car,489.90916666666675,0.11468232600411651,OnTrack,2001.9657238032928,5346.6061375117115,530.8610344537412
2026-08-22 14:55:34.864,0 days 01:08:59.100000,,,0 days 00:00:09.109000,11120.0,230.0,5,100.0,False,0,car,512.9091666666667,0.12006637202236413,OnTrack,1930.6130154296575,5186.315745012046,531.9136801458604
2026-08-22 14:55:34.880,0 days 01:08:59.116000,,,0 days 00:00:09.125000,11100.6,230.4,5,100.0,False,0,pos,513.9523176389038,0.12031056214577737,OnTrack,1927.0,5178.0,532.0
2026-08-22 14:55:35.080,0 days 01:08:59.316000,,,0 days 00:00:09.325000,10858.1,235.4,5,100.0,False,0,pos,527.0564373144808,0.12337809185716565,OnTrack,1877.0,5060.0,533.0
2026-08-22 14:55:35.104,0 days 01:08:59.340000,,,0 days 00:00:09.349000,10829.0,236.0,6,100.0,False,0,car,528.6425,0.12374937161745525,OnTrack,1871.0776970072366,5045.189117290486,533.0925672291255
2026-08-22 14:55:35.279,0 days 01:08:59.515000,,,0 days 00:00:09.524000,11028.163199420733,239.66108822464582,6,100.0,False,0,pos,540.3151321819695,0.12648180591405533,OnTrack,1831.0,4936.0,534.0
2026-08-22 14:55:35.343,0 days 01:08:59.579000,,,0 days 00:00:09.588000,11101.0,241.0,6,100.0,False,0,car,544.6422222222222,0.12749472990978672,OnTrack,1818.4235220213789,4895.644131172477,534.8429393785552
2026-08-22 14:55:35.439,0 days 01:08:59.675000,,,0 days 00:00:09.684000,11185.3,243.1,6,100.0,False,0,pos,551.1979522359643,0.12902935391314302,OnTrack,1802.0,4834.0,536.0
2026-08-22 14:55:35.639,0 days 01:08:59.875000,,,0 days 00:00:09.884000,11360.925,247.475,6,100.0,False,0,pos,565.0258594076067,0.13226631428480298,OnTrack,1778.0,4702.0,535.0
2026-08-22 14:55:35.663,0 days 01:08:59.899000,,,0 days 00:00:09.908000,11382.0,248.0,6,100.0,False,0,car,566.6866666666667,0.1326550909243777,OnTrack,1775.995437481377,4687.2900314382005,534.8305796527902
2026-08-22 14:55:35.823,0 days 01:09:00.059000,,,0 days 00:00:10.068000,11428.0,250.0,6,100.0,False,0,car,577.7977777777778,0.13525607933899006,OnTrack,1768.0967256288814,4588.768401838389,533.7517704494958
2026-08-22 14:55:35.880,0 days 01:09:00.116000,,,0 days 00:00:10.125000,11352.76008448,251.13999872,6,100.0,False,0,pos,581.8220384556647,0.1361981143250408,OnTrack,1769.0,4536.0,533.0
2026-08-22 14:55:36.023,0 days 01:09:00.259000,,,0 days 00:00:10.268000,11164.0,254.0,6,100.0,True,0,car,591.908888888889,0.1385593346255478,OnTrack,1779.6259108594572,4357.462381286229,530.2520463173803
2026-08-22 14:55:36.040,0 days 01:09:00.276000,,,0 days 00:00:10.285000,11131.062624,252.7250048,6,89.37504,True,0,pos,593.0766586860988,0.1388326966397607,OnTrack,1781.0,4337.0,530.0
2026-08-22 14:55:36.183,0 days 01:09:00.419000,,,0 days 00:00:10.428000,10854.0,242.0,6,0.0,True,0,car,602.6644444444446,0.14107709141089259,OnTrack,1790.7228027047752,4192.132087596993,529.1413036500393
2026-08-22 14:55:36.343,0 days 01:09:00.579000,,,0 days 00:00:10.588000,11554.0,235.0,6,0.0,True,0,car,613.1088888888889,0.1435220205206282,OnTrack,1797.7543752844056,4085.3084000750164,530.5232664741766
2026-08-22 14:55:36.500,0 days 01:09:00.736000,,,0 days 00:00:10.745000,11211.403711085713,222.66429074285713,6,0.0,True,0,pos,622.5757157078966,0.14573810013977248,OnTrack,1801.0,4020.0,532.0
2026-08-22 14:55:36.623,0 days 01:09:00.859000,,,0 days 00:00:10.868000,10943.0,213.0,5,0.0,True,0,car,629.6755555555557,0.14740009424681527,OnTrack,1801.05397898096,3993.76068784206,532.9222719273598
2026-08-22 14:55:36.740,0 days 01:09:00.976000,,,0 days 00:00:10.985000,10756.38510208,207.73500288,5,0.0,True,0,pos,636.3599719338154,0.1489648423070622,OnTrack,1797.0,3964.0,534.0
2026-08-22 14:55:36.823,0 days 01:09:01.059000,,,0 days 00:00:11.068000,10624.0,204.0,5,0.0,True,0,car,641.0088888888889,0.1500531024297199,OnTrack,1790.527649752575,3925.896676383542,535.1037274608667
2026-08-22 14:55:36.940,0 days 01:09:01.176000,,,0 days 00:00:11.185000,10398.7751232,200.01136581818182,5,0.0,True,0,pos,647.3751374073032,0.15154337090740436,OnTrack,1774.0,3859.0,537.0
2026-08-22 14:55:37.263,0 days 01:09:01.499000,,,0 days 00:00:11.508000,9777.0,189.0,5,0.0,False,0,car,664.1088888888889,0.15546055734369904,OnTrack,1673.313998437127,3688.340451917064,542.7414325369626
2026-08-22 14:55:37.280,0 days 01:09:01.516000,,,0 days 00:00:11.525000,9779.2843664,188.6281264,5,1.2218704,False,0,pos,664.9751820376777,0.15566334700362822,OnTrack,1667.0,3681.0,543.0
2026-08-22 14:55:37.583,0 days 01:09:01.819000,,,0 days 00:00:11.828000,9820.0,182.0,5,23.0,False,0,car,680.2866666666667,0.15924759647537465,OnTrack,1547.5160862429025,3583.8933190914913,546.3629863197121
2026-08-22 14:55:37.720,0 days 01:09:01.956000,,,0 days 00:00:11.965000,9837.614277485714,182.0,5,28.87142582857143,False,0,pos,687.2063747821405,0.16086742373305085,OnTrack,1492.0,3552.0,547.0
2026-08-22 14:55:37.863,0 days 01:09:02.099000,,,0 days 00:00:12.108000,9856.0,182.0,5,35.0,False,0,car,694.4422222222223,0.16256125571559082,OnTrack,1434.2656655579685,3522.8735540704133,547.0315254768238
2026-08-22 14:55:38.080,0 days 01:09:02.316000,,,0 days 00:00:12.325000,9980.7749632,182.9041664,5,44.9458304,False,0,pos,705.4657867649427,0.1651417504452921,OnTrack,1341.0,3483.0,547.0
2026-08-22 14:55:38.103,0 days 01:09:02.339000,,,0 days 00:00:12.348000,9994.0,183.0,5,46.0,False,0,car,706.6422222222224,0.16541714099483523,OnTrack,1330.136959113716,3478.717669676979,547.1011768633768
2026-08-22 14:55:38.260,0 days 01:09:02.496000,,,0 days 00:00:12.505000,10094.47995904,185.35499904,5,54.63499648,False,0,pos,714.7320060096537,0.16731087004653974,OnTrack,1254.0,3450.0,548.0
2026-08-22 14:55:38.303,0 days 01:09:02.539000,,,0 days 00:00:12.548000,10122.0,186.0,5,57.0,False,0,car,716.9755555555556,0.16783606022042474,OnTrack,1234.456511232709,3442.8288036308404,548.0954912370762
2026-08-22 14:55:38.503,0 days 01:09:02.739000,,,0 days 00:00:12.748000,9990.0,190.0,5,60.0,False,0,car,727.5311111111112,0.17030699921430648,OnTrack,1140.3810474451702,3408.367167473949,547.3605071031901
2026-08-22 14:55:38.540,0 days 01:09:02.776000,,,0 days 00:00:12.785000,10197.1996416,189.26000128,5,48.9000192,False,0,pos,729.4707330375926,0.1707610432886621,OnTrack,1116.0,3399.0,547.0
2026-08-22 14:55:38.703,0 days 01:09:02.939000,,,0 days 00:00:12.948000,11110.0,186.0,5,0.0,True,0,car,737.8644444444445,0.17272591843989601,OnTrack,982.2125593526001,3346.12296094076,544.7054368618216
2026-08-22 14:55:38.760,0 days 01:09:02.996000,,,0 days 00:00:13.005000,11015.2376064,182.437504,5,0.0,True,0,pos,740.7011178504856,0.17338995235975965,OnTrack,945.0,3331.0,544.0
2026-08-22 14:55:38.863,0 days 01:09:03.099000,,,0 days 00:00:13.108000,10844.0,176.0,4,0.0,True,0,car,745.6866666666667,0.17455701428378312,OnTrack,905.505474401551,3314.125155067009,543.1363029873298
2026-08-22 14:55:39.060,0 days 01:09:03.296000,,,0 days 00:00:13.305000,11671.3997312,167.13500288,4,0.0,True,0,pos,754.8251628250453,0.17669623532092613,OnTrack,878.0,3298.0,542.0
2026-08-22 14:55:39.063,0 days 01:09:03.299000,,,0 days 00:00:13.308000,11684.0,167.0,4,0.0,True,0,car,754.9644444444444,0.17672883960998445,OnTrack,877.295548592779,3297.5979540018957,541.9735348990895
2026-08-22 14:55:39.224,0 days 01:09:03.460000,,,0 days 00:00:13.469000,11980.0,167.0,3,0.0,True,0,car,762.4330555555555,0.1784771589975765,OnTrack,824.1716982096473,3266.793923068093,540.103416078331
2026-08-22 14:55:39.300,0 days 01:09:03.536000,,,0 days 00:00:13.545000,11747.883333333333,163.51666666666668,3,0.0,True,0,pos,765.8084311697351,0.17926729715564665,OnTrack,792.0,3241.0,539.0
2026-08-22 14:55:39.464,0 days 01:09:03.700000,,,0 days 00:00:13.709000,11247.0,156.0,3,0.0,True,0,car,772.8330555555555,0.1809116841536537,OnTrack,715.7642531691121,3159.6248464219634,536.4250083060759
2026-08-22 14:55:39.500,0 days 01:09:03.736000,,,0 days 00:00:13.745000,11247.0,155.55,3,0.0,True,0,pos,774.3741841301508,0.18127244533476924,OnTrack,702.0,3143.0,536.0
2026-08-22 14:55:39.704,0 days 01:09:03.940000,,,0 days 00:00:13.949000,11247.0,153.0,3,0.0,True,0,car,783.0330555555555,0.18329939151826785,OnTrack,658.9915532591529,3078.0524134025295,535.1615230727758
2026-08-22 14:55:39.944,0 days 01:09:04.180000,,,0 days 00:00:14.189000,10241.0,144.0,3,0.0,False,0,car,792.6330555555555,0.18554664550849295,OnTrack,651.6867718107563,3020.2745872608007,533.7806778510949
2026-08-22 14:55:39.980,0 days 01:09:04.216000,,,0 days 00:00:14.225000,10275.56,142.92,3,1.26,False,0,pos,794.0321194978005,0.18587415092795023,OnTrack,650.0,3007.0,533.0
2026-08-22 14:55:40.020,0 days 01:09:04.256000,,,0 days 00:00:14.265000,10313.96,141.72,3,2.66,False,0,pos,795.5760833712828,0.1862355758212259,OnTrack,648.0,2991.0,532.0
2026-08-22 14:55:40.144,0 days 01:09:04.380000,,,0 days 00:00:14.389000,10433.0,138.0,3,7.0,False,0,car,800.2997222222222,0.1873413275145755,OnTrack,645.1452136294686,2942.2205245571013,529.9978828988343
2026-08-22 14:55:40.360,0 days 01:09:04.596000,,,0 days 00:00:14.605000,10164.542857142857,134.9142857142857,3,11.628571428571428,False,0,pos,808.3482079009311,0.18922538913507012,OnTrack,653.0,2862.0,529.0
2026-08-22 14:55:40.424,0 days 01:09:04.660000,,,0 days 00:00:14.669000,10085.0,134.0,3,13.0,False,0,car,810.7219444444444,0.1897810546474819,OnTrack,658.3174825112542,2839.135596341872,528.5972807193631
2026-08-22 14:55:40.520,0 days 01:09:04.756000,,,0 days 00:00:14.765000,10134.714285714286,134.0,3,19.514285714285716,False,0,pos,814.2883173460303,0.19061590316141105,OnTrack,669.0,2806.0,528.0
2026-08-22 14:55:40.704,0 days 01:09:04.940000,,,0 days 00:00:14.949000,10230.0,134.0,3,32.0,False,0,car,821.1441666666666,0.19222078178038832,OnTrack,699.234788065214,2748.2178763602515,527.4477673278458
2026-08-22 14:55:40.800,0 days 01:09:05.036000,,,0 days 00:00:15.045000,10385.657142857142,134.68571428571428,3,37.142857142857146,False,0,pos,824.7324850391275,0.1930607674867123,OnTrack,720.0,2721.0,527.0
2026-08-22 14:55:40.980,0 days 01:09:05.216000,,,0 days 00:00:15.225000,10677.514285714286,135.97142857142856,3,46.785714285714285,False,0,pos,831.5665815854879,0.19466055402144072,OnTrack,771.0,2674.0,526.0
2026-08-22 14:55:40.984,0 days 01:09:05.220000,,,0 days 00:00:15.229000,10684.0,136.0,3,47.0,False,0,car,831.7219444444444,0.19469692275109932,OnTrack,772.4720344949299,2672.945883668909,526.0134880259402
2026-08-22 14:55:41.200,0 days 01:09:05.436000,,,0 days 00:00:15.445000,10918.36,140.86,3,48.08,False,0,pos,840.3483782042432,0.19671627563527852,OnTrack,866.0,2618.0,529.0
2026-08-22 14:55:41.384,0 days 01:09:05.620000,,,0 days 00:00:15.629000,11118.0,145.0,3,49.0,False,0,car,847.8330555555555,0.19846835595228726,OnTrack,922.1495503301323,2590.916280578185,531.0640786330582
2026-08-22 14:55:41.624,0 days 01:09:05.860000,,,0 days 00:00:15.869000,11355.0,147.0,3,50.0,False,0,car,857.6330555555554,0.20076242773397535,OnTrack,1006.7060948698983,2584.4527373524525,536.3029576646612
2026-08-22 14:55:41.640,0 days 01:09:05.876000,,,0 days 00:00:15.885000,11395.601664071013,147.57938708334046,3,51.06963769232086,False,0,pos,858.3103758830991,0.20092098094321842,OnTrack,1016.0,2585.0,537.0
2026-08-22 14:55:41.839,0 days 01:09:06.075000,,,0 days 00:00:16.084000,11900.585023360887,154.78551624993582,3,64.37326076911229,False,0,pos,867.0648204804075,0.20297029975087524,OnTrack,1154.0,2600.0,548.0
2026-08-22 14:55:41.983,0 days 01:09:06.219000,,,0 days 00:00:16.228000,12266.0,160.0,3,74.0,False,0,car,873.588611111111,0.20449744709735876,OnTrack,1226.7539251911053,2614.2370388307195,554.303988960444
2026-08-22 14:55:42.223,0 days 01:09:06.459000,,,0 days 00:00:16.468000,11336.0,167.0,3,88.0,False,0,car,884.7219444444443,0.20710363748880034,OnTrack,1311.0593446478501,2642.9124479720936,561.8065343276455
2026-08-22 14:55:42.259,0 days 01:09:06.495000,,,0 days 00:00:16.504000,11364.95,169.4,3,89.8,False,0,pos,886.4851263684074,0.2075163789069377,OnTrack,1327.0,2648.0,563.0
2026-08-22 14:55:42.463,0 days 01:09:06.699000,,,0 days 00:00:16.708000,11529.0,183.0,4,100.0,False,0,car,896.9219444444442,0.2099595227680447,OnTrack,1436.7319932430323,2680.7340325993932,570.2411145782233
2026-08-22 14:55:42.600,0 days 01:09:06.836000,,,0 days 00:00:16.845000,11681.983261866666,187.56666453333332,4,100.0,False,0,pos,904.1121181093599,0.21164266302417942,OnTrack,1512.0,2704.0,574.0
2026-08-22 14:55:42.703,0 days 01:09:06.939000,,,0 days 00:00:16.948000,11797.0,191.0,4,100.0,False,0,car,909.6552777777777,0.21294025549119053,OnTrack,1562.7243901949369,2721.2047466322206,575.6248543501036
2026-08-22 14:55:42.983,0 days 01:09:07.219000,,,0 days 00:00:17.228000,10985.0,203.0,5,100.0,False,0,car,925.4441666666667,0.21663626002835473,OnTrack,1655.6824520632622,2756.9724176657264,577.1717117003151
2026-08-22 14:55:43.040,0 days 01:09:07.276000,,,0 days 00:00:17.285000,11097.099874133333,204.66249813333334,5,100.0,False,0,pos,928.7321030006104,0.2174059296164861,OnTrack,1658.0,2758.0,578.0
2026-08-22 14:55:43.140,0 days 01:09:07.376000,,,0 days 00:00:17.385000,11293.7665408,207.5791648,5,100.0,False,0,pos,934.548225370291,0.21876741963762175,OnTrack,1655.0,2757.0,580.0
2026-08-22 14:55:43.223,0 days 01:09:07.459000,,,0 days 00:00:17.468000,11457.0,210.0,5,100.0,False,0,car,939.4441666666665,0.21991350543076632,OnTrack,1680.659789349348,2766.9127335743638,581.8750340274486
2026-08-22 14:55:43.383,0 days 01:09:07.619000,,,0 days 00:00:17.628000,11626.0,217.0,5,100.0,False,0,car,949.088611111111,0.22217116337464987,OnTrack,1786.1336319562467,2806.972651002257,585.6267511187141
2026-08-22 14:55:43.400,0 days 01:09:07.636000,,,0 days 00:00:17.645000,11616.82003456,217.67999744,5,100.0,False,0,pos,950.1330958133385,0.22241566570952584,OnTrack,1797.0,2811.0,586.0
2026-08-22 14:55:43.583,0 days 01:09:07.819000,,,0 days 00:00:17.828000,11518.0,225.0,5,100.0,False,0,car,961.588611111111,0.2250972753410888,OnTrack,1903.6357659671903,2849.0600093876037,589.6537981605948
2026-08-22 14:55:43.660,0 days 01:09:07.896000,,,0 days 00:00:17.905000,11169.5752896,226.9249984,5,100.0,False,0,pos,966.4714552934518,0.22624029524446512,OnTrack,1948.0,2864.0,591.0
2026-08-22 14:55:43.783,0 days 01:09:08.019000,,,0 days 00:00:18.028000,10613.0,230.0,6,100.0,False,0,car,974.3663888888888,0.228088412017893,OnTrack,2022.2051436405288,2887.944336680523,592.9216440736659
2026-08-22 14:55:43.920,0 days 01:09:08.156000,,,0 days 00:00:18.165000,10782.9655456,233.8531232,6,100.0,False,0,pos,983.3677823938972,0.23019553883786345,OnTrack,2106.0,2915.0,594.0
2026-08-22 14:55:43.940,0 days 01:09:08.176000,,,0 days 00:00:18.185000,10807.7780456,234.4156232,6,100.0,False,0,pos,984.7003558037787,0.2305074795579285,OnTrack,2118.0,2919.0,594.0
2026-08-22 14:55:44.103,0 days 01:09:08.339000,,,0 days 00:00:18.348000,11010.0,239.0,6,100.0,False,0,car,995.6108333333332,0.23306150186663188,OnTrack,2220.5885415765338,2949.2311737020486,594.533150911969
2026-08-22 14:55:44.280,0 days 01:09:08.516000,,,0 days 00:00:18.525000,11186.4468112,241.765624,6,100.0,False,0,pos,1007.5187426271301,0.2358490119370198,OnTrack,2335.0,2977.0,595.0
2026-08-22 14:55:44.423,0 days 01:09:08.659000,,,0 days 00:00:18.668000,11329.0,244.0,6,100.0,False,0,car,1017.299722222222,0.23813863125195525,OnTrack,2424.4211620936644,2995.530643029308,594.2146804700717
2026-08-22 14:55:44.520,0 days 01:09:08.756000,,,0 days 00:00:18.765000,11462.374912,248.8499968,6,100.0,False,0,pos,1024.0638424252143,0.2397220370974278,OnTrack,2496.0,3007.0,593.0
2026-08-22 14:55:44.583,0 days 01:09:08.819000,,,0 days 00:00:18.828000,11549.0,252.0,6,100.0,False,0,car,1028.499722222222,0.24076042757388452,OnTrack,2551.198217415074,3014.2556528064474,591.8871552058787
2026-08-22 14:55:44.720,0 days 01:09:08.956000,,,0 days 00:00:18.965000,11649.847175111112,254.28333226666666,6,100.0,False,0,pos,1038.235927290732,0.2430395656665781,OnTrack,2677.0,3028.0,589.0
2026-08-22 14:55:44.943,0 days 01:09:09.179000,,,0 days 00:00:19.188000,11814.0,258.0,6,100.0,False,0,car,1054.299722222222,0.24679992267261447,OnTrack,2813.8779434361554,3037.2769237292973,584.8949357597792
2026-08-22 14:55:45.080,0 days 01:09:09.316000,,,0 days 00:00:19.325000,11393.866862933333,260.28333226666666,6,100.0,False,0,pos,1064.2594280060732,0.24913137981472147,OnTrack,2892.0,3038.0,582.0
2026-08-22 14:55:45.303,0 days 01:09:09.539000,,,0 days 00:00:19.548000,10710.0,264.0,7,100.0,False,0,car,1080.699722222222,0.25297987114573345,OnTrack,3052.67735552695,3033.9172968261505,575.4862672599116
2026-08-22 14:55:45.340,0 days 01:09:09.576000,,,0 days 00:00:19.585000,10735.421728424015,264.8390009380863,7,100.0,False,0,pos,1083.4688084483744,0.2536280836531291,OnTrack,3083.0,3032.0,574.0
2026-08-22 14:55:45.580,0 days 01:09:09.816000,,,0 days 00:00:19.825000,10900.319711538461,270.2811785986291,7,100.0,False,0,pos,1101.7071222746629,0.2578974715199108,OnTrack,3291.0,3011.0,562.0
2026-08-22 14:55:45.744,0 days 01:09:09.980000,,,0 days 00:00:19.989000,11013.0,274.0,7,100.0,False,0,car,1114.2647222222222,0.26083706699801534,OnTrack,3406.9591683598346,2994.1006988475815,554.6000737516337
2026-08-22 14:55:45.904,0 days 01:09:10.140000,,,0 days 00:00:20.149000,11163.0,276.0,7,100.0,False,0,car,1126.5313888888888,0.2637085582077474,OnTrack,3508.470437424942,2975.511012564188,548.2062763384342
2026-08-22 14:55:45.960,0 days 01:09:10.196000,,,0 days 00:00:20.205000,11198.8,277.0,7,100.0,False,0,pos,1130.8577377559395,0.2647213087030167,OnTrack,3548.0,2968.0,546.0
2026-08-22 14:55:46.184,0 days 01:09:10.420000,,,0 days 00:00:20.429000,11342.0,281.0,7,100.0,False,0,car,1148.3869444444442,0.2688247024192899,OnTrack,3720.331456216043,2934.3045103012096,537.5375758756302
2026-08-22 14:55:46.200,0 days 01:09:10.436000,,,0 days 00:00:20.445000,11352.285714285714,281.4,7,100.0,False,0,pos,1149.6540126841753,0.26912130910237564,OnTrack,3732.0,2932.0,537.0
2026-08-22 14:55:46.400,0 days 01:09:10.636000,,,0 days 00:00:20.645000,11480.857142857143,286.4,7,100.0,False,0,pos,1165.6442971637232,0.272864458123365,OnTrack,3887.0,2903.0,531.0
2026-08-22 14:55:46.464,0 days 01:09:10.700000,,,0 days 00:00:20.709000,11522.0,288.0,7,100.0,False,0,car,1170.7869444444443,0.2740682950631485,OnTrack,3964.1374140338417,2890.611850825887,529.0940789296519
2026-08-22 14:55:46.580,0 days 01:09:10.816000,,,0 days 00:00:20.825000,11570.816666666668,288.96666666666664,7,100.0,False,0,pos,1180.1187545394234,0.2762527687581448,OnTrack,4114.0,2868.0,526.0
2026-08-22 14:55:46.704,0 days 01:09:10.940000,,,0 days 00:00:20.949000,11623.0,290.0,7,100.0,False,0,car,1190.1202777777778,0.278594014904574,OnTrack,4215.824914527403,2854.2027382767046,524.1803395766633
2026-08-22 14:55:46.980,0 days 01:09:11.216000,,,0 days 00:00:21.225000,11721.57142857143,291.9714285714286,7,100.0,False,0,pos,1212.506224193287,0.28383431775949264,OnTrack,4337.0,2852.0,524.0
2026-08-22 14:55:46.984,0 days 01:09:11.220000,,,0 days 00:00:21.229000,11723.0,292.0,7,100.0,False,0,car,1212.8313888888888,0.28391043522404175,OnTrack,4339.612646302853,2852.074416357004,524.008294607838
2026-08-22 14:55:47.224,0 days 01:09:11.460000,,,0 days 00:00:21.469000,11165.0,293.0,7,100.0,False,0,car,1232.3647222222223,0.28848297285693036,OnTrack,4533.823846159122,2861.050079867182,524.9074093621734
2026-08-22 14:55:47.240,0 days 01:09:11.476000,,,0 days 00:00:21.485000,11142.56,293.04,7,100.0,False,0,pos,1233.6682073711,0.28878810433630686,OnTrack,4546.0,2862.0,525.0
2026-08-22 14:55:47.440,0 days 01:09:11.676000,,,0 days 00:00:21.685000,10862.06,293.54,7,100.0,False,0,pos,1249.9735434302147,0.29260500345305746,OnTrack,4706.0,2889.0,526.0
2026-08-22 14:55:47.620,0 days 01:09:11.856000,,,0 days 00:00:21.865000,10609.61,293.99,7,100.0,False,0,pos,1264.7031582518475,0.29605304362830676,OnTrack,4956.0,2967.0,525.0
2026-08-22 14:55:47.624,0 days 01:09:11.860000,,,0 days 00:00:21.869000,10604.0,294.0,8,100.0,False,0,car,1265.0313888888888,0.2961298787958907,OnTrack,4959.9414785759855,2968.3102060257866,524.9892584107733
2026-08-22 14:55:47.824,0 days 01:09:12.060000,,,0 days 00:00:22.069000,10577.0,296.0,8,100.0,False,0,car,1281.4758333333332,0.299979341649517,OnTrack,5030.3971381936835,2996.672234553762,525.6738143767978
2026-08-22 14:55:47.880,0 days 01:09:12.116000,,,0 days 00:00:22.125000,10592.4,296.0,8,100.0,False,0,pos,1286.077960825044,0.3010566488754829,OnTrack,5047.0,3006.0,526.0
2026-08-22 14:55:48.024,0 days 01:09:12.260000,,,0 days 00:00:22.269000,10632.0,296.0,8,100.0,False,0,car,1297.9202777777775,0.3038288045031433,OnTrack,5129.784892881403,3048.95676017614,526.7785920835988
2026-08-22 14:55:48.200,0 days 01:09:12.436000,,,0 days 00:00:22.445000,10670.72,297.32,8,100.0,False,0,pos,1312.4883585352516,0.3072390313377428,OnTrack,5282.0,3131.0,529.0
2026-08-22 14:55:48.424,0 days 01:09:12.660000,,,0 days 00:00:22.669000,10720.0,299.0,8,100.0,False,0,car,1331.1425,0.31160575986283434,OnTrack,5495.942940629664,3260.9936312891246,536.0696356020876
2026-08-22 14:55:48.479,0 days 01:09:12.715000,,,0 days 00:00:22.724000,10727.719305989885,299.27568949963876,8,100.0,False,0,pos,1335.7326368777115,0.31268026021847145,OnTrack,5540.0,3288.0,538.0
2026-08-22 14:55:48.819,0 days 01:09:13.055000,,,0 days 00:00:23.064000,10775.438596581278,300.97994987790275,8,100.0,False,0,pos,1364.1686416757643,0.31933681493185523,OnTrack,5728.0,3396.0,550.0
2026-08-22 14:55:48.823,0 days 01:09:13.059000,,,0 days 00:00:23.068000,10776.0,301.0,8,100.0,False,0,car,1364.5033333333333,0.3194151625529977,OnTrack,5730.447370635367,3397.3207743960556,550.1612970718264
2026-08-22 14:55:49.020,0 days 01:09:13.256000,,,0 days 00:00:23.265000,10771.7785728,301.0,8,100.0,False,0,pos,1380.983905094318,0.3232730824124835,OnTrack,5877.0,3470.0,559.0
2026-08-22 14:55:49.103,0 days 01:09:13.339000,,,0 days 00:00:23.348000,10770.0,301.0,8,100.0,False,0,car,1387.9144444444441,0.3248954451425859,OnTrack,5960.241260074864,3501.834682387677,563.3270634966954
2026-08-22 14:55:49.263,0 days 01:09:13.499000,,,0 days 00:00:23.508000,10798.0,300.0,8,100.0,False,0,car,1401.2477777777774,0.3280166312401207,OnTrack,6146.190534543517,3559.4866526664523,572.1799836495147
2026-08-22 14:55:49.320,0 days 01:09:13.556000,,,0 days 00:00:23.565000,10790.875008,300.0,8,100.0,False,0,pos,1405.9981539949601,0.3291286418556555,OnTrack,6208.0,3575.0,575.0
2026-08-22 14:55:49.623,0 days 01:09:13.859000,,,0 days 00:00:23.868000,10753.0,300.0,8,100.0,False,0,car,1431.2477777777774,0.33503929995957415,OnTrack,6474.35618030255,3611.460313147059,586.1772269641053
2026-08-22 14:55:49.700,0 days 01:09:13.936000,,,0 days 00:00:23.945000,10733.750016,299.61500032,8,100.0,False,0,pos,1437.6492626240536,0.3365378168725075,OnTrack,6524.0,3615.0,588.0
2026-08-22 14:55:49.823,0 days 01:09:14.059000,,,0 days 00:00:24.068000,10703.0,299.0,8,100.0,False,0,car,1447.8588888888887,0.3389277776394197,OnTrack,6587.503026759259,3618.9026598799237,590.0585789361598
2026-08-22 14:55:50.023,0 days 01:09:14.259000,,,0 days 00:00:24.268000,10688.0,298.0,8,100.0,False,0,car,1464.4144444444441,0.3428032503771921,OnTrack,6688.838066876282,3622.6457922933064,592.6788653592218
2026-08-22 14:55:50.040,0 days 01:09:14.276000,,,0 days 00:00:24.285000,10686.795837866666,297.9291669333333,8,100.0,False,0,pos,1465.8189320822755,0.343132025423894,OnTrack,6701.0,3623.0,593.0
2026-08-22 14:55:50.180,0 days 01:09:14.416000,,,0 days 00:00:24.425000,10676.8791712,297.3458336,8,100.0,False,0,pos,1477.369948484314,0.345835990809377,OnTrack,6817.0,3626.0,596.0
2026-08-22 14:55:50.263,0 days 01:09:14.499000,,,0 days 00:00:24.508000,10671.0,297.0,8,100.0,False,0,car,1484.214444444444,0.3474382117320314,OnTrack,6882.26744636268,3627.3162133967103,597.3672754041451
2026-08-22 14:55:50.543,0 days 01:09:14.779000,,,0 days 00:00:24.788000,10640.0,297.0,8,100.0,False,0,car,1507.3144444444442,0.3528456666460105,OnTrack,7111.648564636247,3628.1582268000384,599.0193783655253
2026-08-22 14:55:50.560,0 days 01:09:14.796000,,,0 days 00:00:24.805000,10638.583338666667,297.0,8,100.0,False,0,pos,1508.7175606782318,0.3531741206621698,OnTrack,7131.0,3628.0,599.0
2026-08-22 14:55:50.740,0 days 01:09:14.976000,,,0 days 00:00:24.985000,10623.583338666667,297.0,8,100.0,False,0,pos,1523.578582453333,0.3566529217541405,OnTrack,7361.0,3625.0,598.0
2026-08-22 14:55:50.903,0 days 01:09:15.139000,,,0 days 00:00:25.148000,10610.0,297.0,8,100.0,False,0,car,1537.0144444444443,0.35979810867826945,OnTrack,7514.01692522503,3621.0689102202687,595.8374743045899
2026-08-22 14:55:51.143,0 days 01:09:15.379000,,,0 days 00:00:25.388000,10547.0,294.0,8,15.0,True,0,car,1556.6144444444444,0.3643862522416457,OnTrack,7663.226515358888,3610.631064539319,590.8784030198947
2026-08-22 14:55:51.180,0 days 01:09:15.416000,,,0 days 00:00:25.425000,10581.77993984,292.52000256,8,13.6125024,True,0,pos,1559.5681844875712,0.36507769016852115,OnTrack,7688.0,3608.0,590.0
2026-08-22 14:55:51.543,0 days 01:09:15.779000,,,0 days 00:00:25.788000,10923.0,278.0,7,0.0,True,0,car,1587.503333333333,0.37161700003426806,OnTrack,7951.732058127669,3567.5037242337494,580.0770684960069
2026-08-22 14:55:51.580,0 days 01:09:15.816000,,,0 days 00:00:25.825000,10876.0563312,276.6125024,7,3.1218696,True,0,pos,1590.2751176297322,0.3722658441301146,OnTrack,7976.0,3562.0,579.0
2026-08-22 14:55:51.863,0 days 01:09:16.099000,,,0 days 00:00:26.108000,10517.0,266.0,7,27.0,False,0,car,1611.1477777777775,0.3771519033805632,OnTrack,8140.524701825553,3505.3911140776254,570.1712846985688
2026-08-22 14:55:51.940,0 days 01:09:16.176000,,,0 days 00:00:26.185000,10472.7250368,264.796876,7,28.203124,False,0,pos,1616.7704014423196,0.3784680974915712,OnTrack,8193.0,3476.0,567.0
2026-08-22 14:55:52.180,0 days 01:09:16.416000,,,0 days 00:00:26.425000,10334.7250368,261.046876,7,31.953124,False,0,pos,1634.132940086074,0.38253247605903107,OnTrack,8381.0,3343.0,555.0
2026-08-22 14:55:52.183,0 days 01:09:16.419000,,,0 days 00:00:26.428000,10333.0,261.0,7,32.0,False,0,car,1634.3477777777775,0.3825827671902739,OnTrack,8383.052916786137,3341.2763522258733,554.855548245895
2026-08-22 14:55:52.384,0 days 01:09:16.620000,,,0 days 00:00:26.629000,10305.0,256.0,7,44.0,False,0,car,1648.6411111111108,0.38592867868683123,OnTrack,8490.795230027283,3230.621385939809,546.1257911418544
2026-08-22 14:55:52.620,0 days 01:09:16.856000,,,0 days 00:00:26.865000,10277.27,255.41,7,59.93,False,0,pos,1665.371178296864,0.389845002670156,OnTrack,8569.0,3111.0,539.0
2026-08-22 14:55:52.784,0 days 01:09:17.020000,,,0 days 00:00:27.029000,10258.0,255.0,7,71.0,False,0,car,1676.974444444444,0.39256119914409277,OnTrack,8611.751312681996,3032.8279743750504,536.5321521564822
2026-08-22 14:55:52.900,0 days 01:09:17.136000,,,0 days 00:00:27.145000,10267.7875,254.6375,7,73.9,False,0,pos,1685.1657150193062,0.39447868513204826,OnTrack,8638.0,2971.0,535.0
2026-08-22 14:55:53.104,0 days 01:09:17.340000,,,0 days 00:00:27.349000,10285.0,254.0,7,79.0,False,0,car,1699.5522222222219,0.39784640760258516,OnTrack,8678.366209559097,2836.293412965303,531.3096049005469
2026-08-22 14:55:53.220,0 days 01:09:17.456000,,,0 days 00:00:27.465000,10292.975,254.0,7,79.725,False,0,pos,1707.7340703406712,0.3997616878975436,OnTrack,8694.0,2754.0,530.0
2026-08-22 14:55:53.264,0 days 01:09:17.500000,,,0 days 00:00:27.509000,10296.0,254.0,7,80.0,False,0,car,1710.8411111111109,0.40048901183183133,OnTrack,8698.024219938536,2722.8723377927768,529.8271841597586
2026-08-22 14:55:53.420,0 days 01:09:17.656000,,,0 days 00:00:27.665000,10294.7,254.43333333333334,7,79.56666666666666,False,0,pos,1721.8808122040418,0.4030732839497461,OnTrack,8704.0,2612.0,530.0
2026-08-22 14:55:53.580,0 days 01:09:17.816000,,,0 days 00:00:27.825000,10293.366666666667,254.87777777777777,7,79.12222222222222,False,0,pos,1733.223745735005,0.4057285394329039,OnTrack,8698.0,2498.0,530.0
2026-08-22 14:55:53.624,0 days 01:09:17.860000,,,0 days 00:00:27.869000,10293.0,255.0,7,79.0,False,0,car,1736.3411111111109,0.4064582802433668,OnTrack,8694.991440754404,2469.715840767671,530.4767268930731
2026-08-22 14:55:53.760,0 days 01:09:17.996000,,,0 days 00:00:28.005000,10294.36,255.0,7,79.0,False,0,pos,1745.971946143642,0.4087127523742059,OnTrack,8682.0,2388.0,533.0
2026-08-22 14:55:53.824,0 days 01:09:18.060000,,,0 days 00:00:28.069000,10295.0,255.0,7,79.0,False,0,car,1750.5077777777774,0.4097745404719975,OnTrack,8673.388052073871,2347.713658731615,534.1000190157457
2026-08-22 14:55:54.040,0 days 01:09:18.276000,,,0 days 00:00:28.285000,10329.8,255.6,7,91.6,False,0,pos,1765.8517221965394,0.41336638842208656,OnTrack,8627.0,2199.0,538.0
2026-08-22 14:55:54.184,0 days 01:09:18.420000,,,0 days 00:00:28.429000,10353.0,256.0,7,100.0,False,0,car,1776.1077777777773,0.4157672177792644,OnTrack,8573.394869209145,2087.6677537544606,542.3012449077069
2026-08-22 14:55:54.280,0 days 01:09:18.516000,,,0 days 00:00:28.525000,10359.8,256.4,7,100.0,False,0,pos,1782.9558283443937,0.4173702707960447,OnTrack,8536.0,2019.0,545.0
2026-08-22 14:55:54.424,0 days 01:09:18.660000,,,0 days 00:00:28.669000,10370.0,257.0,7,100.0,False,0,car,1793.2411111111107,0.4197779419145967,OnTrack,8487.111675236036,1936.4170580174025,547.6898798358515
2026-08-22 14:55:54.600,0 days 01:09:18.836000,,,0 days 00:00:28.845000,10442.6,257.73333333333335,7,100.0,False,0,pos,1805.8344313735622,0.4227258991239693,OnTrack,8429.0,1846.0,550.0
2026-08-22 14:55:54.664,0 days 01:09:18.900000,,,0 days 00:00:28.909000,10469.0,258.0,7,100.0,False,0,car,1810.4411111111106,0.42380427198041665,OnTrack,8405.047516576606,1808.624445483088,550.9734444220014
2026-08-22 14:55:54.800,0 days 01:09:19.036000,,,0 days 00:00:29.045000,10486.85,260.55,7,100.0,False,0,pos,1820.2957683937889,0.42611113842841664,OnTrack,8351.0,1724.0,553.0
2026-08-22 14:55:54.824,0 days 01:09:19.060000,,,0 days 00:00:29.069000,10490.0,261.0,7,100.0,False,0,car,1822.0411111111105,0.42651970388527194,OnTrack,8341.438260788045,1708.9715663636462,553.2887449085159
2026-08-22 14:55:55.064,0 days 01:09:19.300000,,,0 days 00:00:29.309000,10598.0,263.0,7,100.0,False,0,car,1839.574444444444,0.43062406360353034,OnTrack,8247.572020828078,1559.9965868858194,554.964145778242
2026-08-22 14:55:55.079,0 days 01:09:19.315000,,,0 days 00:00:29.324000,10600.2500096,263.10714331428574,7,100.0,False,0,pos,1840.6751758193527,0.4308817326633667,OnTrack,8242.0,1551.0,555.0
2026-08-22 14:55:55.179,0 days 01:09:19.415000,,,0 days 00:00:29.424000,10615.2500096,263.8214290285714,7,100.0,False,0,pos,1848.0281571328587,0.4326029843922029,OnTrack,8204.0,1489.0,555.0
2026-08-22 14:55:55.344,0 days 01:09:19.580000,,,0 days 00:00:29.589000,10640.0,265.0,7,100.0,False,0,car,1860.1855555555549,0.43544889711263624,OnTrack,8114.6597588778195,1340.34278248508,553.6501161446919
2026-08-22 14:55:55.480,0 days 01:09:19.716000,,,0 days 00:00:29.725000,10638.721003391398,265.0,7,100.0,False,0,pos,1870.1943458375363,0.4377918443937309,OnTrack,8046.0,1224.0,552.0
2026-08-22 14:55:55.663,0 days 01:09:19.899000,,,0 days 00:00:29.908000,10637.0,265.0,7,100.0,False,0,car,1883.6674999999996,0.44094576100336774,OnTrack,8000.279867203187,1141.811363892505,549.9565572899421
2026-08-22 14:55:55.820,0 days 01:09:20.056000,,,0 days 00:00:30.065000,10612.7958432,265.6541664,7,100.0,False,0,pos,1895.2589866239518,0.4436592000209008,OnTrack,7971.0,1081.0,548.0
2026-08-22 14:55:55.903,0 days 01:09:20.139000,,,0 days 00:00:30.148000,10600.0,266.0,7,100.0,False,0,car,1901.4008333333327,0.445096938513089,OnTrack,7948.581036536287,1033.5000538659594,546.770864814939
2026-08-22 14:55:56.120,0 days 01:09:20.356000,,,0 days 00:00:30.365000,10558.079557818182,265.01363665454545,7,75.34091636363637,False,0,pos,1917.5069506371856,0.4488672027191428,OnTrack,7878.0,880.0,543.0
2026-08-22 14:55:56.280,0 days 01:09:20.516000,,,0 days 00:00:30.525000,10527.17046690909,264.2863639272727,7,57.15909818181819,False,0,pos,1929.1910683531937,0.45160232565243025,OnTrack,7831.0,772.0,540.0
2026-08-22 14:55:56.343,0 days 01:09:20.579000,,,0 days 00:00:30.588000,10515.0,264.0,7,50.0,True,0,car,1933.6674999999993,0.4526502088691234,OnTrack,7812.331302283726,729.5486840825887,539.0361730626381
2026-08-22 14:55:56.520,0 days 01:09:20.756000,,,0 days 00:00:30.765000,10672.0874432,254.70750336,7,27.875008,True,0,pos,1945.86849497074,0.455506327060031,OnTrack,7760.0,613.0,537.0
2026-08-22 14:55:56.740,0 days 01:09:20.976000,,,0 days 00:00:30.985000,10867.3374432,243.15750336,7,0.37500800000000223,True,0,pos,1960.4707186914425,0.45892454638529234,OnTrack,7694.0,476.0,535.0
2026-08-22 14:55:56.743,0 days 01:09:20.979000,,,0 days 00:00:30.988000,10870.0,243.0,6,0.0,True,0,car,1960.6674999999993,0.4589706107166315,OnTrack,7692.814745194368,473.7834775681602,534.9712561559984
2026-08-22 14:55:56.920,0 days 01:09:21.156000,,,0 days 00:00:31.165000,10534.437621333333,235.62500266666666,6,0.0,True,0,pos,1972.165786454381,0.4616622326036482,OnTrack,7609.0,332.0,533.0
2026-08-22 14:55:56.983,0 days 01:09:21.219000,,,0 days 00:00:31.228000,10415.0,233.0,6,0.0,False,0,car,1976.2008333333329,0.4626067925202596,OnTrack,7577.964715199284,290.65417711993905,532.0539805533452
2026-08-22 14:55:57.263,0 days 01:09:21.499000,,,0 days 00:00:31.508000,10342.0,227.0,6,35.0,False,0,car,1993.8563888888882,0.4667397631110786,OnTrack,7443.04274692105,176.96634155844782,527.2073106057682
2026-08-22 14:55:57.280,0 days 01:09:21.516000,,,0 days 00:00:31.525000,10337.8562656,227.0,6,35.2124992,False,0,pos,1994.9289441884982,0.4669908364628271,OnTrack,7435.0,172.0,527.0
2026-08-22 14:55:57.423,0 days 01:09:21.659000,,,0 days 00:00:31.668000,10303.0,227.0,6,37.0,False,0,car,2003.9452777777772,0.4691014605915467,OnTrack,7368.008209469535,136.6646248102616,525.8113218610833
2026-08-22 14:55:57.623,0 days 01:09:21.859000,,,0 days 00:00:31.868000,10308.0,223.0,6,50.0,False,0,car,2016.334166666666,0.4720015626738395,OnTrack,7275.3748090362515,105.26143886168553,525.5653112485834
2026-08-22 14:55:57.800,0 days 01:09:22.036000,,,0 days 00:00:32.045000,10289.562506666667,223.0,6,49.26250026666666,False,0,pos,2027.3033260858233,0.4745693217648933,OnTrack,7188.0,86.0,525.0
2026-08-22 14:55:57.863,0 days 01:09:22.099000,,,0 days 00:00:32.108000,10283.0,223.0,6,49.0,False,0,car,2031.2008333333326,0.4754816851725909,OnTrack,7155.30996541246,80.56175491017322,524.6211724835196
2026-08-22 14:55:58.023,0 days 01:09:22.259000,,,0 days 00:00:32.268000,10282.0,222.0,6,49.0,False,0,car,2041.0674999999994,0.47779136288476665,OnTrack,7068.17722256786,70.23691909880769,523.3779664215043
2026-08-22 14:55:58.120,0 days 01:09:22.356000,,,0 days 00:00:32.365000,10249.782164114285,222.0,6,51.771426742857145,False,0,pos,2047.0493377048083,0.47919164503591355,OnTrack,7011.0,67.0,523.0
2026-08-22 14:55:58.220,0 days 01:09:22.456000,,,0 days 00:00:32.465000,10216.5678784,222.0,6,54.6285696,False,0,pos,2053.218532381481,0.4806357853852498,OnTrack,6949.0,66.0,523.0
2026-08-22 14:55:58.303,0 days 01:09:22.539000,,,0 days 00:00:32.548000,10189.0,222.0,6,57.0,False,0,car,2058.334166666666,0.4818332988810743,OnTrack,6898.72617584414,66.02242947781494,523.0139635999046
2026-08-22 14:55:58.440,0 days 01:09:22.676000,,,0 days 00:00:32.685000,10194.785026798929,222.0,6,68.30709783426921,False,0,pos,2066.7667014525023,0.4838072621566141,OnTrack,6812.0,69.0,523.0
2026-08-22 14:55:58.780,0 days 01:09:23.016000,,,0 days 00:00:33.025000,10209.14203432071,222.0,6,96.36852162684335,False,0,pos,2087.7266394722233,0.4887137521930401,OnTrack,6554.0,98.0,523.0
2026-08-22 14:55:58.824,0 days 01:09:23.060000,,,0 days 00:00:33.069000,10211.0,222.0,6,100.0,False,0,car,2090.4624999999996,0.4893541869313468,OnTrack,6528.555888024114,101.64307563677364,522.9737801681533
2026-08-22 14:55:59.064,0 days 01:09:23.300000,,,0 days 00:00:33.309000,10301.0,225.0,6,100.0,False,0,car,2105.462499999999,0.4928655212910734,OnTrack,6428.340668046503,120.56035651382616,522.7774091766146
2026-08-22 14:55:59.180,0 days 01:09:23.416000,,,0 days 00:00:33.425000,10304.2625,225.0,6,100.0,False,0,pos,2112.700284375748,0.49455980668886407,OnTrack,6360.0,140.0,523.0
2026-08-22 14:55:59.384,0 days 01:09:23.620000,,,0 days 00:00:33.629000,10310.0,225.0,6,100.0,False,0,car,2125.462499999999,0.49754730043737566,OnTrack,6193.518885054456,193.09121002677884,523.9448807321345
2026-08-22 14:55:59.400,0 days 01:09:23.636000,,,0 days 00:00:33.645000,10311.8,225.13333333333333,6,100.0,False,0,pos,2126.4713571948955,0.4977834627662087,OnTrack,6182.0,197.0,524.0
2026-08-22 14:55:59.624,0 days 01:09:23.860000,,,0 days 00:00:33.869000,10337.0,227.0,6,100.0,False,0,car,2140.595833333333,0.5010898466580778,OnTrack,6071.358197861661,239.31674297934032,524.1518928801715
2026-08-22 14:55:59.800,0 days 01:09:24.036000,,,0 days 00:00:34.045000,9809.0,220.15555555555557,6,51.111111111111114,False,0,pos,2151.3138485586833,0.5035988156666675,OnTrack,5998.0,277.0,524.0
2026-08-22 14:55:59.984,0 days 01:09:24.220000,,,0 days 00:00:34.229000,9257.0,213.0,6,0.0,True,0,car,2161.895833333333,0.5060759414488898,OnTrack,5899.0530701911275,333.21588529085585,523.9931898238957
2026-08-22 14:56:00.040,0 days 01:09:24.276000,,,0 days 00:00:34.285000,9460.0,206.0,6,0.0,True,0,pos,2164.9486514257487,0.5067905724530161,OnTrack,5876.0,347.0,524.0
2026-08-22 14:56:00.144,0 days 01:09:24.380000,,,0 days 00:00:34.389000,9837.0,193.0,6,0.0,True,0,car,2170.473611111111,0.5080839045049707,OnTrack,5847.117672910007,365.8445270816378,524.0065024011886
2026-08-22 14:56:00.180,0 days 01:09:24.416000,,,0 days 00:00:34.425000,10031.58,191.74,6,0.0,True,0,pos,2172.37097634476,0.5085280567541616,OnTrack,5835.0,375.0,524.0
2026-08-22 14:56:00.344,0 days 01:09:24.580000,,,0 days 00:00:34.589000,10918.0,186.0,5,0.0,True,0,car,2180.806944444444,0.51050282373056,OnTrack,5745.138931928139,448.9145599913001,523.904433569421
2026-08-22 14:56:00.440,0 days 01:09:24.676000,,,0 days 00:00:34.685000,11032.514285714286,178.45714285714286,5,0.0,True,0,pos,2185.4046906813164,0.511579105353149,OnTrack,5697.0,490.0,524.0
2026-08-22 14:56:00.624,0 days 01:09:24.860000,,,0 days 00:00:34.869000,11252.0,164.0,4,0.0,True,0,car,2193.5624999999995,0.513488758430535,OnTrack,5658.037375460456,526.0949551311545,524.7788982161604
2026-08-22 14:56:00.780,0 days 01:09:25.016000,,,0 days 00:00:35.025000,10801.16,150.74,4,0.0,True,0,pos,2199.98516251865,0.5149922328027129,OnTrack,5638.0,551.0,525.0
2026-08-22 14:56:00.824,0 days 01:09:25.060000,,,0 days 00:00:35.069000,10674.0,147.0,3,0.0,True,0,car,2201.7291666666665,0.5154004849152752,OnTrack,5628.496359626227,562.5615031380239,524.8384753368673
2026-08-22 14:56:00.960,0 days 01:09:25.196000,,,0 days 00:00:35.205000,10135.95,139.35,3,0.0,True,0,pos,2206.9588749687146,0.5166247018787639,OnTrack,5593.0,607.0,524.0
2026-08-22 14:56:00.984,0 days 01:09:25.220000,,,0 days 00:00:35.229000,10041.0,138.0,3,0.0,True,0,car,2207.8624999999997,0.5168362305201412,OnTrack,5587.021274687141,615.1449900398254,523.8757091881077
2026-08-22 14:56:01.184,0 days 01:09:25.420000,,,0 days 00:00:35.429000,9581.0,132.0,3,0.0,True,0,car,2215.195833333333,0.5185528828737854,OnTrack,5543.732174652617,685.3106797070685,523.2105827566659
2026-08-22 14:56:01.260,0 days 01:09:25.496000,,,0 days 00:00:35.505000,9452.116666666667,129.78333333333333,3,0.0,True,0,pos,2217.880879204129,0.5191814224620233,OnTrack,5532.0,715.0,523.0
2026-08-22 14:56:01.424,0 days 01:09:25.660000,,,0 days 00:00:35.669000,9174.0,125.0,3,0.0,False,0,car,2223.5291666666662,0.5205036241847446,OnTrack,5517.05229182052,786.5318433036812,522.5045725496814
2026-08-22 14:56:01.639,0 days 01:09:25.875000,,,0 days 00:00:35.884000,8974.04994048,122.84999936,3,0.0,False,0,pos,2230.8039712513432,0.5222065756046431,OnTrack,5514.0,870.0,522.0
2026-08-22 14:56:01.824,0 days 01:09:26.060000,,,0 days 00:00:36.069000,8802.0,121.0,3,0.0,False,0,car,2236.973611111111,0.5236508201664257,OnTrack,5520.819625606589,903.6661561418033,521.9548386818116
2026-08-22 14:56:01.959,0 days 01:09:26.195000,,,0 days 00:00:36.204000,8808.7500032,119.55357074285715,3,3.8571446857142857,False,0,pos,2241.433357120789,0.5246947974597215,OnTrack,5532.0,925.0,522.0
2026-08-22 14:56:02.104,0 days 01:09:26.340000,,,0 days 00:00:36.349000,8816.0,118.0,3,8.0,False,0,car,2246.1513888888885,0.5257992365968954,OnTrack,5550.37272536203,958.8859660768668,522.01211513884
2026-08-22 14:56:02.263,0 days 01:09:26.499000,,,0 days 00:00:36.508000,8967.0,115.0,3,16.0,False,0,car,2251.2305555555554,0.5269882134259252,OnTrack,5581.968185099134,1008.0318152286471,522.0013350752807
2026-08-22 14:56:02.300,0 days 01:09:26.536000,,,0 days 00:00:36.545000,9005.345388218182,115.33636305454546,3,17.009089163636364,False,0,pos,2252.423104011013,0.5272673758504108,OnTrack,5592.0,1021.0,522.0
2026-08-22 14:56:02.520,0 days 01:09:26.756000,,,0 days 00:00:36.765000,9233.345388218182,117.33636305454546,3,23.009089163636364,False,0,pos,2259.6531343096817,0.5289598461043828,OnTrack,5662.0,1100.0,522.0
2026-08-22 14:56:02.703,0 days 01:09:26.939000,,,0 days 00:00:36.948000,9423.0,119.0,3,28.0,False,0,car,2265.7749999999996,0.5303929072606527,OnTrack,5691.945100823105,1129.6222058702126,522.0005090477827
2026-08-22 14:56:02.820,0 days 01:09:27.056000,,,0 days 00:00:37.065000,9568.07992064,120.75499904,3,28.0,False,0,pos,2269.7187901108846,0.5313161049755794,OnTrack,5711.0,1145.0,522.0
2026-08-22 14:56:02.903,0 days 01:09:27.139000,,,0 days 00:00:37.148000,9671.0,122.0,3,28.0,False,0,car,2272.5527777777775,0.5319795101935663,OnTrack,5730.418368521759,1160.1425256884067,521.9992129882847
2026-08-22 14:56:03.100,0 days 01:09:27.336000,,,0 days 00:00:37.345000,9922.1749184,126.10416533333333,3,41.13332906666667,False,0,pos,2279.465461850151,0.533597693200317,OnTrack,5788.0,1203.0,522.0
2026-08-22 14:56:03.143,0 days 01:09:27.379000,,,0 days 00:00:37.388000,9977.0,127.0,3,44.0,False,0,car,2281.019444444444,0.533961463365501,OnTrack,5800.257704276488,1211.48032592945,522.001902816531
2026-08-22 14:56:03.280,0 days 01:09:27.516000,,,0 days 00:00:37.525000,10332.629000533334,131.56666453333332,3,47.995831466666665,False,0,pos,2286.0909232374506,0.5351486405482017,OnTrack,5842.0,1238.0,522.0
2026-08-22 14:56:03.383,0 days 01:09:27.619000,,,0 days 00:00:37.628000,10600.0,135.0,3,51.0,False,0,car,2290.019444444444,0.536068263981337,OnTrack,5883.701644548545,1261.5114394495479,521.967615581702
2026-08-22 14:56:03.540,0 days 01:09:27.776000,,,0 days 00:00:37.785000,10965.585565257143,140.0464265142857,3,56.04642651428571,False,0,pos,2296.1924263419573,0.5375132908772509,OnTrack,5955.0,1298.0,522.0
2026-08-22 14:56:03.663,0 days 01:09:27.899000,,,0 days 00:00:37.908000,11252.0,144.0,3,60.0,False,0,car,2301.219444444444,0.5386900603032662,OnTrack,6004.961433750704,1320.1763512266045,522.2534017428861
2026-08-22 14:56:03.920,0 days 01:09:28.156000,,,0 days 00:00:38.165000,10845.472828509091,152.1772706909091,3,69.92954298181819,False,0,pos,2312.3378426323197,0.5412927545420803,OnTrack,6091.0,1352.0,523.0
2026-08-22 14:56:04.103,0 days 01:09:28.339000,,,0 days 00:00:38.348000,10556.0,158.0,3,77.0,False,0,car,2320.530555555555,0.5432105781678626,OnTrack,6136.335292350977,1368.2807060648415,523.1275306287324
2026-08-22 14:56:04.343,0 days 01:09:28.579000,,,0 days 00:00:38.588000,10659.0,164.0,4,100.0,False,0,car,2331.4638888888885,0.5457699507678411,OnTrack,6207.520066482984,1388.266885411354,523.0048583789707
2026-08-22 14:56:04.360,0 days 01:09:28.596000,,,0 days 00:00:38.605000,10695.36772022857,164.5464265142857,4,100.0,False,0,pos,2332.2587297329655,0.5459560142322625,OnTrack,6215.0,1390.0,523.0
2026-08-22 14:56:04.623,0 days 01:09:28.859000,,,0 days 00:00:38.868000,11258.0,173.0,4,100.0,False,0,car,2344.9194444444443,0.5489197477379367,OnTrack,6362.785605970331,1420.4117991282658,522.9923146356763
2026-08-22 14:56:04.680,0 days 01:09:28.916000,,,0 days 00:00:38.925000,11320.12993024,174.70999808,4,100.0,False,0,pos,2347.724095376032,0.549576285550145,OnTrack,6393.0,1426.0,523.0
2026-08-22 14:56:04.823,0 days 01:09:29.059000,,,0 days 00:00:39.068000,11476.0,179.0,4,100.0,False,0,car,2354.8638888888886,0.5512476323690149,OnTrack,6457.520174352891,1436.8092953882215,523.027578765424
2026-08-22 14:56:05.063,0 days 01:09:29.299000,,,0 days 00:00:39.308000,11765.0,186.0,4,100.0,False,0,car,2367.2638888888887,0.5541503354397223,OnTrack,6539.967704800209,1447.2485740434681,523.0585846493159
2026-08-22 14:56:05.180,0 days 01:09:29.416000,,,0 days 00:00:39.425000,11877.124938666666,187.94999893333335,4,100.0,False,0,pos,2373.407451058079,0.5555884755021085,OnTrack,6585.0,1453.0,523.0
2026-08-22 14:56:05.303,0 days 01:09:29.539000,,,0 days 00:00:39.548000,11995.0,190.0,4,100.0,False,0,car,2379.9305555555557,0.5571154622323804,OnTrack,6638.862028823609,1460.3045611865978,522.8892475275951
2026-08-22 14:56:05.380,0 days 01:09:29.616000,,,0 days 00:00:39.625000,12098.854029859993,190.82206356089705,4,100.0,False,0,pos,2384.054000075873,0.5580807150606882,OnTrack,6689.0,1469.0,523.0
2026-08-22 14:56:05.560,0 days 01:09:29.796000,,,0 days 00:00:39.805000,12341.629885865881,192.74377218363495,4,100.0,False,0,pos,2393.72252646991,0.5603440103230419,OnTrack,6856.0,1503.0,524.0
2026-08-22 14:56:05.584,0 days 01:09:29.820000,,,0 days 00:00:39.829000,12374.0,193.0,4,100.0,False,0,car,2394.995277777778,0.5606419473496222,OnTrack,6873.620881809959,1506.765065728262,524.125444548159
2026-08-22 14:56:05.944,0 days 01:09:30.180000,,,0 days 00:00:40.189000,11346.0,185.0,4,0.0,True,0,car,2413.495277777778,0.564972593059952,OnTrack,6983.108075283714,1536.3464876362675,524.9929314887546
2026-08-22 14:56:05.980,0 days 01:09:30.216000,,,0 days 00:00:40.225000,11241.96,183.02,4,0.0,True,0,pos,2415.2778169720477,0.5653898658013119,OnTrack,6998.0,1541.0,525.0
2026-08-22 14:56:06.040,0 days 01:09:30.276000,,,0 days 00:00:40.285000,11068.56,179.72,4,0.0,True,0,pos,2418.220352391947,0.5660786808496189,OnTrack,7027.0,1550.0,525.0
2026-08-22 14:56:06.144,0 days 01:09:30.380000,,,0 days 00:00:40.389000,10768.0,174.0,4,0.0,True,0,car,2423.161944444445,0.5672354529806648,OnTrack,7074.824334529786,1565.6509839189694,525.1914583693873
2026-08-22 14:56:06.340,0 days 01:09:30.576000,,,0 days 00:00:40.585000,10187.35,160.11666666666667,4,0.0,True,0,pos,2431.7805824762786,0.5692529809710131,OnTrack,7158.0,1599.0,526.0
2026-08-22 14:56:06.384,0 days 01:09:30.620000,,,0 days 00:00:40.629000,10057.0,157.0,4,0.0,True,0,car,2433.6286111111112,0.5696855840672295,OnTrack,7177.485278038124,1608.575328501149,526.1793923820219
2026-08-22 14:56:06.600,0 days 01:09:30.836000,,,0 days 00:00:40.845000,10167.454545454546,149.63636363636363,4,0.0,True,0,pos,2442.343097522787,0.5717255491048755,OnTrack,7269.0,1659.0,527.0
2026-08-22 14:56:06.824,0 days 01:09:31.060000,,,0 days 00:00:41.069000,10282.0,142.0,3,0.0,True,0,car,2450.984166666667,0.5737483279708542,OnTrack,7323.040358203671,1687.6119141852812,527.6930960312164
2026-08-22 14:56:07.020,0 days 01:09:31.256000,,,0 days 00:00:41.265000,9847.86,136.12,3,0.0,True,0,pos,2458.3913243056436,0.5754822617792308,OnTrack,7376.0,1756.0,528.0
2026-08-22 14:56:07.024,0 days 01:09:31.260000,,,0 days 00:00:41.269000,9839.0,136.0,3,0.0,True,0,car,2458.5397222222223,0.5755170000927905,OnTrack,7377.5089862288,1758.387352117079,528.0019557230688
2026-08-22 14:56:07.140,0 days 01:09:31.376000,,,0 days 00:00:41.385000,9709.08,133.1,3,0.0,True,0,pos,2462.7867960954486,0.5765111931874142,OnTrack,7424.0,1837.0,528.0
2026-08-22 14:56:07.224,0 days 01:09:31.460000,,,0 days 00:00:41.469000,9615.0,131.0,3,0.0,False,0,car,2465.8175,0.5772206475043615,OnTrack,7447.608882221586,1882.9662085928346,527.9738313762524
2026-08-22 14:56:07.424,0 days 01:09:31.660000,,,0 days 00:00:41.669000,9421.0,128.0,3,0.0,False,0,car,2472.928611111111,0.5788852800897134,OnTrack,7461.317169730578,1940.5921652468644,527.8730945786425
2026-08-22 14:56:07.620,0 days 01:09:31.856000,,,0 days 00:00:41.865000,9185.8,124.08,3,0.0,False,0,pos,2479.6814876380026,0.5804660539147711,OnTrack,7458.0,1980.0,528.0
2026-08-22 14:56:07.624,0 days 01:09:31.860000,,,0 days 00:00:41.869000,9181.0,124.0,3,0.0,False,0,car,2479.8175,0.5804978929067732,OnTrack,7457.958374665892,1980.886762975551,528.0062529393294
2026-08-22 14:56:07.944,0 days 01:09:32.180000,,,0 days 00:00:42.189000,8883.0,120.0,3,0.0,False,0,car,2490.4841666666666,0.582994841784801,OnTrack,7455.554408041045,2063.3675272072383,528.846670364637
2026-08-22 14:56:08.040,0 days 01:09:32.276000,,,0 days 00:00:42.285000,8849.742857142857,118.62857142857143,3,2.0571428571428574,False,0,pos,2493.5915416708644,0.5837222439595207,OnTrack,7451.0,2094.0,529.0
2026-08-22 14:56:08.224,0 days 01:09:32.460000,,,0 days 00:00:42.469000,8786.0,116.0,3,6.0,False,0,car,2499.506388888889,0.5851068443774663,OnTrack,7433.888116655449,2160.873274011832,529.0198724541746
2026-08-22 14:56:08.279,0 days 01:09:32.515000,,,0 days 00:00:42.524000,8874.55010304,116.55000064,3,10.67500544,False,0,pos,2501.2960013496872,0.5855257728924127,OnTrack,7426.0,2182.0,529.0
2026-08-22 14:56:08.424,0 days 01:09:32.660000,,,0 days 00:00:42.669000,9108.0,118.0,3,23.0,False,0,car,2506.061944444444,0.5866414275420875,OnTrack,7398.321666561107,2239.0684203810247,528.9438022564461
2026-08-22 14:56:08.584,0 days 01:09:32.820000,,,0 days 00:00:42.829000,9215.0,120.0,3,25.0,False,0,car,2511.3952777777777,0.5878899019811015,OnTrack,7362.105179155267,2298.2734431031895,528.9468192117228
2026-08-22 14:56:08.640,0 days 01:09:32.876000,,,0 days 00:00:42.885000,9271.175537319015,120.70219421648768,3,26.05329132473152,False,0,pos,2513.2918331313845,0.5883338646463177,OnTrack,7351.0,2315.0,529.0
2026-08-22 14:56:08.903,0 days 01:09:33.139000,,,0 days 00:00:43.148000,9535.0,124.0,3,31.0,False,0,car,2522.3830555555555,0.5904620194243118,OnTrack,7310.695293319173,2364.9147883628807,529.6198119018687
2026-08-22 14:56:09.103,0 days 01:09:33.339000,,,0 days 00:00:43.348000,9791.0,127.0,3,32.0,False,0,car,2529.4386111111107,0.5921136470675905,OnTrack,7274.044865555165,2395.772798630878,529.9908675375293
2026-08-22 14:56:09.120,0 days 01:09:33.356000,,,0 days 00:00:43.365000,9820.513777777778,127.37777635555555,3,32.8499968,False,0,pos,2530.0529123443416,0.5922574482027549,OnTrack,7270.0,2399.0,530.0
2026-08-22 14:56:09.220,0 days 01:09:33.456000,,,0 days 00:00:43.465000,9994.12488888889,129.59999857777777,3,37.8499968,False,0,pos,2533.72319933822,0.5931166218581992,OnTrack,7242.0,2420.0,530.0
2026-08-22 14:56:09.463,0 days 01:09:33.699000,,,0 days 00:00:43.708000,10416.0,135.0,3,50.0,False,0,car,2542.9386111111107,0.5952738479913445,OnTrack,7132.367183862093,2479.9032600095884,530.0028394814958
2026-08-22 14:56:09.480,0 days 01:09:33.716000,,,0 days 00:00:43.725000,10451.345700266667,135.35416533333333,3,50.2124992,False,0,pos,2543.5909888946244,0.5954265624264629,OnTrack,7126.0,2483.0,530.0
2026-08-22 14:56:09.703,0 days 01:09:33.939000,,,0 days 00:00:43.948000,10915.0,140.0,3,53.0,False,0,car,2552.271944444444,0.597458678259619,OnTrack,7073.301522198376,2503.7527874435145,529.9248921416249
2026-08-22 14:56:09.800,0 days 01:09:34.036000,,,0 days 00:00:44.045000,11110.2123712,142.8291648,3,60.6791616,False,0,pos,2556.171433381441,0.5983715055589424,OnTrack,7044.0,2511.0,530.0
2026-08-22 14:56:09.943,0 days 01:09:34.179000,,,0 days 00:00:44.188000,11398.0,147.0,3,72.0,False,0,car,2562.0719444444444,0.5997527500413071,OnTrack,6976.784105423464,2526.5314778932775,530.3206365299264
2026-08-22 14:56:10.100,0 days 01:09:34.336000,,,0 days 00:00:44.345000,12022.85974528,153.27999744,3,79.06499712,False,0,pos,2568.776939277219,0.6013223152905146,OnTrack,6893.0,2544.0,531.0
2026-08-22 14:56:10.143,0 days 01:09:34.379000,,,0 days 00:00:44.388000,12194.0,155.0,3,81.0,False,0,car,2570.6830555555553,0.6017685160626317,OnTrack,6872.8019350311415,2547.619237289159,531.2536507748486
2026-08-22 14:56:10.280,0 days 01:09:34.516000,,,0 days 00:00:44.525000,11889.1751424,161.46944142222222,3,87.46944142222222,False,0,pos,2576.998097446701,0.6032467976343314,OnTrack,6813.0,2557.0,532.0
2026-08-22 14:56:10.440,0 days 01:09:34.676000,,,0 days 00:00:44.685000,11533.1751424,169.0249969777778,3,95.02499697777777,False,0,pos,2584.7627727787058,0.6050644223866906,OnTrack,6740.0,2568.0,532.0
2026-08-22 14:56:10.503,0 days 01:09:34.739000,,,0 days 00:00:44.748000,11393.0,172.0,4,98.0,False,0,car,2587.883055555555,0.6057948461284516,OnTrack,6710.436634501602,2572.2129409753466,531.9789866871062
2026-08-22 14:56:10.703,0 days 01:09:34.939000,,,0 days 00:00:44.948000,11765.0,182.0,4,100.0,False,0,car,2597.9941666666664,0.6081617455857489,OnTrack,6613.648720833071,2585.181725737943,532.0186914098699
2026-08-22 14:56:10.760,0 days 01:09:34.996000,,,0 days 00:00:45.005000,11504.2252928,183.4249984,4,100.0,False,0,pos,2600.9196727133253,0.6088465742458303,OnTrack,6585.0,2589.0,532.0
2026-08-22 14:56:10.903,0 days 01:09:35.139000,,,0 days 00:00:45.148000,10850.0,187.0,4,100.0,False,0,car,2608.3830555555555,0.6105936697534116,OnTrack,6510.976391583162,2598.8467995256115,531.9626046314812
2026-08-22 14:56:10.920,0 days 01:09:35.156000,,,0 days 00:00:45.165000,10880.5998848,187.77916373333332,4,100.0,False,0,pos,2609.289314556592,0.6108058149780218,OnTrack,6502.0,2600.0,532.0
2026-08-22 14:56:11.120,0 days 01:09:35.356000,,,0 days 00:00:45.365000,11240.5998848,196.9458304,4,100.0,False,0,pos,2620.278398730996,0.6133782382342559,OnTrack,6394.0,2613.0,533.0
2026-08-22 14:56:11.143,0 days 01:09:35.379000,,,0 days 00:00:45.388000,11282.0,198.0,5,100.0,False,0,car,2621.5830555555553,0.613683643989971,OnTrack,6381.354077859574,2614.43895994822,533.0632102757123
2026-08-22 14:56:11.340,0 days 01:09:35.576000,,,0 days 00:00:45.585000,11425.645786666666,208.67082986666668,5,100.0,False,0,pos,2633.085865030424,0.6163763246661373,OnTrack,6271.0,2626.0,533.0
2026-08-22 14:56:11.383,0 days 01:09:35.619000,,,0 days 00:00:45.628000,11457.0,211.0,5,100.0,False,0,car,2635.649722222222,0.6169764953228702,OnTrack,6246.269501982098,2628.184478844078,532.9583761309042
2026-08-22 14:56:11.540,0 days 01:09:35.776000,,,0 days 00:00:45.785000,11684.6499072,216.49499776,5,100.0,False,0,pos,2645.130899303338,0.6191959341799087,OnTrack,6154.0,2635.0,533.0
2026-08-22 14:56:11.583,0 days 01:09:35.819000,,,0 days 00:00:45.828000,11747.0,218.0,5,100.0,False,0,car,2647.7608333333333,0.6198115726947978,OnTrack,6128.246833415571,2636.5526354397753,533.1526018116534
2026-08-22 14:56:11.760,0 days 01:09:35.996000,,,0 days 00:00:46.005000,11086.5689888,221.8718736,5,100.0,False,0,pos,2658.7369923341826,0.6223809703106314,OnTrack,6020.0,2641.0,534.0
2026-08-22 14:56:11.903,0 days 01:09:36.139000,,,0 days 00:00:46.148000,10553.0,225.0,6,100.0,False,0,car,2667.7608333333333,0.6244933518411001,OnTrack,5930.060278509349,2641.2396790781545,533.9436246586645
2026-08-22 14:56:11.940,0 days 01:09:36.176000,,,0 days 00:00:46.185000,10595.8904867313,226.28855539536093,6,100.0,False,0,pos,2670.1158389577586,0.625044632652193,OnTrack,5907.0,2641.0,534.0
2026-08-22 14:56:12.104,0 days 01:09:36.340000,,,0 days 00:00:46.349000,10786.0,232.0,6,100.0,False,0,car,2680.714166666666,0.627525584134855,OnTrack,5802.701985913237,2638.5046338434863,534.9098315680736
2026-08-22 14:56:12.120,0 days 01:09:36.356000,,,0 days 00:00:46.365000,10818.8,232.88,6,100.0,False,0,pos,2681.7716612088416,0.6277731319295993,OnTrack,5791.0,2638.0,535.0
2026-08-22 14:56:12.304,0 days 01:09:36.540000,,,0 days 00:00:46.549000,11196.0,243.0,6,100.0,False,0,car,2694.214166666666,0.6306857850586092,OnTrack,5630.312924530885,2628.1744047362704,535.7111555174006
2026-08-22 14:56:12.420,0 days 01:09:36.656000,,,0 days 00:00:46.665000,11381.6,246.31428571428572,6,100.0,False,0,pos,2702.2219976492793,0.6325603298636847,OnTrack,5535.0,2621.0,536.0
2026-08-22 14:56:12.584,0 days 01:09:36.820000,,,0 days 00:00:46.829000,11644.0,251.0,6,100.0,False,0,car,2713.7363888888885,0.6352557217030831,OnTrack,5437.571125660174,2612.271032056957,536.3403686715119
2026-08-22 14:56:12.800,0 days 01:09:37.036000,,,0 days 00:00:47.045000,11069.44,256.4,6,100.0,False,0,pos,2729.2598784635225,0.6388895991915013,OnTrack,5327.0,2599.0,537.0
2026-08-22 14:56:12.984,0 days 01:09:37.220000,,,0 days 00:00:47.229000,10580.0,261.0,6,100.0,False,0,car,2742.7363888888885,0.6420443014652214,OnTrack,5197.125078991078,2581.2192942612287,537.9416647684476
2026-08-22 14:56:13.020,0 days 01:09:37.256000,,,0 days 00:00:47.265000,10598.6,261.9,6,100.0,False,0,pos,2745.3939004532313,0.6426663955763712,OnTrack,5171.0,2577.0,538.0
2026-08-22 14:56:13.060,0 days 01:09:37.296000,,,0 days 00:00:47.305000,10619.266666666666,262.9,6,100.0,False,0,pos,2748.3546760712748,0.643359480453643,OnTrack,5142.0,2572.0,538.0
2026-08-22 14:56:13.224,0 days 01:09:37.460000,,,0 days 00:00:47.469000,10704.0,267.0,7,100.0,False,0,car,2760.5363888888887,0.6462110849054306,OnTrack,5003.851154284548,2546.625178078675,538.2562073168532
2026-08-22 14:56:13.424,0 days 01:09:37.660000,,,0 days 00:00:47.669000,10908.0,268.0,7,100.0,False,0,car,2775.4252777777774,0.649696409381011,OnTrack,4832.204946197676,2512.405097509804,538.9466572946932
2026-08-22 14:56:13.440,0 days 01:09:37.676000,,,0 days 00:00:47.685000,10916.0,268.6,7,100.0,False,0,pos,2776.6315099639137,0.6499787750157437,OnTrack,4821.0,2510.0,539.0
2026-08-22 14:56:13.584,0 days 01:09:37.820000,,,0 days 00:00:47.829000,10988.0,274.0,7,100.0,False,0,car,2787.6030555555553,0.6525470926834263,OnTrack,4737.468720408423,2490.6561487285558,539.463923978784
2026-08-22 14:56:13.720,0 days 01:09:37.956000,,,0 days 00:00:47.965000,11067.745454545455,275.8545454545455,7,100.0,False,0,pos,2798.084478466549,0.6550006780438395,OnTrack,4659.0,2471.0,540.0
2026-08-22 14:56:13.880,0 days 01:09:38.116000,,,0 days 00:00:48.125000,11161.563636363637,278.03636363636366,7,100.0,False,0,pos,2810.5415809039773,0.6579167481645847,OnTrack,4539.0,2441.0,541.0
2026-08-22 14:56:14.024,0 days 01:09:38.260000,,,0 days 00:00:48.269000,11246.0,280.0,7,100.0,False,0,car,2821.8252777777775,0.6605581370004323,OnTrack,4430.512097851627,2412.4901748443185,542.7464750724733
2026-08-22 14:56:14.240,0 days 01:09:38.476000,,,0 days 00:00:48.485000,11385.5,283.6,7,100.0,False,0,pos,2838.8594777240837,0.6645456551045605,OnTrack,4269.0,2366.0,546.0
2026-08-22 14:56:14.264,0 days 01:09:38.500000,,,0 days 00:00:48.509000,11401.0,284.0,7,100.0,False,0,car,2840.758611111111,0.6649902212589319,OnTrack,4250.557524936682,2360.3016037013654,546.3061364258244
2026-08-22 14:56:14.320,0 days 01:09:38.556000,,,0 days 00:00:48.565000,11419.433333333332,284.46666666666664,7,100.0,False,0,pos,2845.1943607154594,0.6660285812587249,OnTrack,4208.0,2347.0,547.0
2026-08-22 14:56:14.504,0 days 01:09:38.740000,,,0 days 00:00:48.749000,11480.0,286.0,7,100.0,False,0,car,2859.8252777777775,0.6694535173784067,OnTrack,4083.9985566397477,2308.9726317930053,549.5280047611084
2026-08-22 14:56:14.600,0 days 01:09:38.836000,,,0 days 00:00:48.845000,11547.733333333334,286.8,7,100.0,False,0,pos,2867.5070140239036,0.671251727006632,OnTrack,3997.0,2281.0,551.0
2026-08-22 14:56:14.800,0 days 01:09:39.036000,,,0 days 00:00:49.045000,11688.844444444445,288.46666666666664,7,100.0,False,0,pos,2883.586214064226,0.6750156901785325,OnTrack,3752.0,2199.0,554.0
2026-08-22 14:56:14.864,0 days 01:09:39.100000,,,0 days 00:00:49.109000,11734.0,289.0,7,100.0,False,0,car,2888.7252777777776,0.6762186882448136,OnTrack,3690.3757351258732,2178.1821035076537,554.5133788831795
2026-08-22 14:56:15.104,0 days 01:09:39.340000,,,0 days 00:00:49.349000,11588.0,289.0,7,100.0,False,0,car,2907.991944444444,0.6807288021557514,OnTrack,3568.263111361746,2136.2809240663155,554.029371504119
2026-08-22 14:56:15.264,0 days 01:09:39.500000,,,0 days 00:00:49.509000,11712.0,291.0,7,100.0,False,0,car,2920.925277777778,0.6837563526703603,OnTrack,3476.719885908337,2103.3809545627428,552.4408337492172
2026-08-22 14:56:15.300,0 days 01:09:39.536000,,,0 days 00:00:49.545000,11663.04,290.28,7,100.0,False,0,pos,2923.8144182624414,0.684432668553952,OnTrack,3448.0,2093.0,552.0
2026-08-22 14:56:15.464,0 days 01:09:39.700000,,,0 days 00:00:49.709000,11440.0,287.0,7,100.0,False,0,car,2936.8697222222227,0.6874887710453291,OnTrack,3287.143982982936,2034.5652172211637,549.6068998520276
2026-08-22 14:56:15.500,0 days 01:09:39.736000,,,0 days 00:00:49.745000,11408.703527653137,286.4572866067018,7,100.0,False,0,pos,2939.727443447774,0.6881577320273156,OnTrack,3253.0,2022.0,549.0
2026-08-22 14:56:15.663,0 days 01:09:39.899000,,,0 days 00:00:49.908000,11267.0,284.0,7,100.0,False,0,car,2952.5686111111113,0.6911637075763348,OnTrack,3122.337133072109,1972.8104244572817,545.8915132134794
2026-08-22 14:56:15.900,0 days 01:09:40.136000,,,0 days 00:00:50.145000,10698.79265344,272.1500032,7,58.5250112,False,0,pos,2970.476266694304,0.6953556919997627,OnTrack,2974.0,1914.0,541.0
2026-08-22 14:56:16.063,0 days 01:09:40.299000,,,0 days 00:00:50.308000,10308.0,264.0,7,30.0,True,0,car,2981.9019444444443,0.6980303169909114,OnTrack,2874.619093784816,1873.2891065557546,538.0066288178514
2026-08-22 14:56:16.260,0 days 01:09:40.496000,,,0 days 00:00:50.505000,9944.64456248889,241.01667413333334,7,13.583338666666666,True,0,pos,2994.472179341647,0.7009728701712037,OnTrack,2756.0,1824.0,535.0
2026-08-22 14:56:16.340,0 days 01:09:40.576000,,,0 days 00:00:50.585000,9797.089006933333,231.6833408,7,6.916671999999998,True,0,pos,2999.2613348442806,0.7020939585892352,OnTrack,2708.0,1804.0,534.0
2026-08-22 14:56:16.423,0 days 01:09:40.659000,,,0 days 00:00:50.668000,9644.0,222.0,7,0.0,True,0,car,3004.101944444444,0.703227091843307,OnTrack,2657.9301349583943,1782.4236014137568,532.8255869184292
2026-08-22 14:56:16.623,0 days 01:09:40.859000,,,0 days 00:00:50.868000,10401.0,199.0,7,0.0,True,0,car,3015.1575,0.7058150753158463,OnTrack,2539.0186557754178,1728.2960729322108,529.4565729344722
2026-08-22 14:56:16.720,0 days 01:09:40.956000,,,0 days 00:00:50.965000,10655.624832,187.4812576,7,0.0,True,0,pos,3020.0757067152313,0.7069663731976751,OnTrack,2489.0,1705.0,528.0
2026-08-22 14:56:16.783,0 days 01:09:41.019000,,,0 days 00:00:51.028000,10821.0,180.0,7,0.0,True,0,car,3023.1575,0.7076877869743673,OnTrack,2459.8889180285146,1691.3203624215457,527.162603540552
2026-08-22 14:56:17.103,0 days 01:09:41.339000,,,0 days 00:00:51.348000,11493.0,165.0,7,0.0,True,0,car,3037.8241666666663,0.7111210916816555,OnTrack,2341.085409515375,1633.1580867788798,524.116175568627
2026-08-22 14:56:17.120,0 days 01:09:41.356000,,,0 days 00:00:51.365000,11440.55519744,163.98000384,7,0.0,True,0,pos,3038.5452187169585,0.7112898820042785,OnTrack,2335.0,1630.0,524.0
2026-08-22 14:56:17.300,0 days 01:09:41.536000,,,0 days 00:00:51.545000,10885.25519744,153.18000384,7,0.0,True,0,pos,3045.7884369885896,0.7129854394170901,OnTrack,2266.0,1595.0,523.0
2026-08-22 14:56:17.503,0 days 01:09:41.739000,,,0 days 00:00:51.748000,10259.0,141.0,3,0.0,True,0,car,3053.490833333333,0.7147884853462589,OnTrack,2165.607502244359,1555.5625789559122,522.1499178927066
2026-08-22 14:56:17.540,0 days 01:09:41.776000,,,0 days 00:00:51.785000,10167.24015872,139.70500224,3,0.0,True,0,pos,3054.8836890442512,0.7151145374873182,OnTrack,2153.0,1551.0,522.0
2026-08-22 14:56:17.703,0 days 01:09:41.939000,,,0 days 00:00:51.948000,9763.0,134.0,3,0.0,True,0,car,3060.935277777777,0.7165311475840492,OnTrack,2130.527262801834,1544.3213998392116,521.3201959415721
2026-08-22 14:56:17.780,0 days 01:09:42.016000,,,0 days 00:00:52.025000,9629.9344856,132.0750016,3,0.0,True,0,pos,3063.697862965877,0.7171778382702257,OnTrack,2120.0,1544.0,521.0
2026-08-22 14:56:18.023,0 days 01:09:42.259000,,,0 days 00:00:52.268000,9210.0,126.0,3,0.0,False,0,car,3072.135277777777,0.7191529439059785,OnTrack,2044.423924387304,1544.9769663904535,520.1005360949179
2026-08-22 14:56:18.080,0 days 01:09:42.316000,,,0 days 00:00:52.325000,9219.9749888,125.6437504,3,0.890624,False,0,pos,3074.1136403949317,0.7196160567482196,OnTrack,2026.0,1549.0,520.0
2026-08-22 14:56:18.240,0 days 01:09:42.476000,,,0 days 00:00:52.485000,9247.9749888,124.6437504,3,3.390624,False,0,pos,3079.669195743342,0.7209165509070351,OnTrack,1979.0,1573.0,520.0
2026-08-22 14:56:18.343,0 days 01:09:42.579000,,,0 days 00:00:52.588000,9266.0,124.0,3,5.0,False,0,car,3083.1574999999993,0.721733124413274,OnTrack,1943.49472321061,1602.237464720975,520.1219193719119
2026-08-22 14:56:18.540,0 days 01:09:42.776000,,,0 days 00:00:52.785000,9150.348259454173,118.1194030230935,3,16.761193953813002,False,0,pos,3089.614929609092,0.7232447373774024,OnTrack,1870.0,1672.0,520.0
2026-08-22 14:56:18.544,0 days 01:09:42.780000,,,0 days 00:00:52.789000,9148.0,118.0,3,17.0,False,0,car,3089.7458333333325,0.7232753804937183,OnTrack,1868.6397203981069,1673.238855662416,519.9811767040874
2026-08-22 14:56:18.744,0 days 01:09:42.980000,,,0 days 00:00:52.989000,9253.0,119.0,3,22.0,False,0,car,3096.3569444444433,0.7248229686004126,OnTrack,1808.369190839972,1724.3292838557331,518.1530940659821
2026-08-22 14:56:18.940,0 days 01:09:43.176000,,,0 days 00:00:53.185000,9078.4375,120.8375,3,8.524999999999999,False,0,pos,3103.034905671249,0.7263862055809863,OnTrack,1764.0,1756.0,516.0
2026-08-22 14:56:19.064,0 days 01:09:43.300000,,,0 days 00:00:53.309000,8968.0,122.0,3,0.0,True,0,car,3107.201388888888,0.7273615332930743,OnTrack,1743.4259716353693,1767.7138489203505,515.0918486604359
2026-08-22 14:56:19.220,0 days 01:09:43.456000,,,0 days 00:00:53.465000,9837.7,117.32000000000001,3,0.0,True,0,pos,3112.25182319551,0.7285437841939,OnTrack,1717.0,1779.0,514.0
2026-08-22 14:56:19.264,0 days 01:09:43.500000,,,0 days 00:00:53.509000,10083.0,116.0,3,0.0,True,0,car,3113.645833333332,0.7288701065735494,OnTrack,1707.2928640474854,1782.8806285431801,513.5927423411307
2026-08-22 14:56:19.500,0 days 01:09:43.736000,,,0 days 00:00:53.745000,9890.828571428572,111.78571428571429,3,0.0,True,0,pos,3120.9412706874996,0.7305778878969443,OnTrack,1633.0,1804.0,511.0
2026-08-22 14:56:19.544,0 days 01:09:43.780000,,,0 days 00:00:53.789000,9855.0,111.0,2,0.0,True,0,car,3122.2791666666653,0.7308910745717033,OnTrack,1613.2107186021901,1806.1903749046137,510.5644356491631
2026-08-22 14:56:19.704,0 days 01:09:43.940000,,,0 days 00:00:53.949000,9562.0,108.0,2,0.0,False,0,car,3127.079166666665,0.7320147015668158,OnTrack,1532.7757102441205,1809.0103931812616,509.25849676940584
2026-08-22 14:56:19.760,0 days 01:09:43.996000,,,0 days 00:00:54.005000,9495.0,106.8,2,0.0,False,0,pos,3128.7090867228517,0.7323962478532755,OnTrack,1513.0,1809.0,509.0
2026-08-22 14:56:19.984,0 days 01:09:44.220000,,,0 days 00:00:54.229000,9227.0,102.0,2,0.0,False,0,car,3135.0124999999985,0.733871807294849,OnTrack,1484.3256560462864,1805.2540910905038,508.9720267867705
2026-08-22 14:56:20.020,0 days 01:09:44.256000,,,0 days 00:00:54.265000,9193.025,101.55,2,0.0,False,0,pos,3136.015911355492,0.7341066948128147,OnTrack,1479.0,1804.0,509.0
2026-08-22 14:56:20.144,0 days 01:09:44.380000,,,0 days 00:00:54.389000,9076.0,100.0,2,0.0,False,0,car,3139.456944444443,0.7349122026606939,OnTrack,1450.2313240799017,1798.186810236167,509.0379797133371
2026-08-22 14:56:20.260,0 days 01:09:44.496000,,,0 days 00:00:54.505000,8954.2,98.84,2,0.0,False,0,pos,3142.6407641917585,0.7356574997056223,OnTrack,1415.0,1787.0,509.0
2026-08-22 14:56:20.344,0 days 01:09:44.580000,,,0 days 00:00:54.589000,8866.0,98.0,2,0.0,False,0,car,3144.901388888887,0.736186686983854,OnTrack,1388.0428871886222,1773.36039232676,508.9328984432529
2026-08-22 14:56:20.584,0 days 01:09:44.820000,,,0 days 00:00:54.829000,9000.0,94.0,2,3.0,False,0,car,3151.168055555554,0.7376536444496954,OnTrack,1316.314306340154,1722.6253141481159,508.94913469105
2026-08-22 14:56:20.600,0 days 01:09:44.836000,,,0 days 00:00:54.845000,9020.618181818181,94.18181818181819,2,3.8,False,0,pos,3151.591690688934,0.7377528127563503,OnTrack,1313.0,1720.0,509.0
2026-08-22 14:56:20.920,0 days 01:09:45.156000,,,0 days 00:00:55.165000,9432.98181818182,97.81818181818181,2,19.8,False,0,pos,3160.35679315151,0.7398046264525752,OnTrack,1277.0,1681.0,511.0
2026-08-22 14:56:21.024,0 days 01:09:45.260000,,,0 days 00:00:55.269000,9567.0,99.0,2,25.0,False,0,car,3163.268055555554,0.7404861208332083,OnTrack,1263.1314696141064,1660.10375005222,511.5221776128347
2026-08-22 14:56:21.184,0 days 01:09:45.420000,,,0 days 00:00:55.429000,9659.0,102.0,2,26.0,False,0,car,3167.8013888888872,0.7415473241063701,OnTrack,1239.334724097893,1619.3690739464193,511.97630859043636
2026-08-22 14:56:21.220,0 days 01:09:45.456000,,,0 days 00:00:55.465000,9747.936363636363,102.73636363636363,2,27.472727272727273,False,0,pos,3168.8476376397043,0.7417922393855413,OnTrack,1235.0,1610.0,512.0
2026-08-22 14:56:21.320,0 days 01:09:45.556000,,,0 days 00:00:55.565000,9994.981818181817,104.78181818181818,2,31.563636363636363,False,0,pos,3171.8149457129716,0.742486853438445,OnTrack,1225.0,1583.0,512.0
2026-08-22 14:56:21.624,0 days 01:09:45.860000,,,0 days 00:00:55.869000,10746.0,111.0,2,44.0,False,0,car,3181.368055555554,0.7447231309606118,OnTrack,1206.298985053013,1469.7672367860391,513.9240988807101
2026-08-22 14:56:21.639,0 days 01:09:45.875000,,,0 days 00:00:55.884000,10778.0626368,111.62500266666666,2,44.5625024,False,0,pos,3181.8591768242595,0.7448380970263184,OnTrack,1206.0,1464.0,514.0
2026-08-22 14:56:21.864,0 days 01:09:46.100000,,,0 days 00:00:56.109000,11259.0,121.0,2,53.0,False,0,car,3189.4347222222204,0.7466114485496204,OnTrack,1209.5345573417,1381.3906770440674,514.3801691281586
2026-08-22 14:56:22.060,0 days 01:09:46.296000,,,0 days 00:00:56.305000,10641.6,125.9,2,57.9,False,0,pos,3196.318040326954,0.7482227573076257,OnTrack,1218.0,1320.0,514.0
2026-08-22 14:56:22.144,0 days 01:09:46.380000,,,0 days 00:00:56.389000,10377.0,128.0,3,60.0,False,0,car,3199.390277777776,0.7489419341691131,OnTrack,1221.4301951947323,1297.8672027346677,513.7472396096182
2026-08-22 14:56:22.340,0 days 01:09:46.576000,,,0 days 00:00:56.585000,11720.196824499653,136.43010559309405,3,70.53763199136758,False,0,pos,3206.9055717934166,0.7507011815091508,OnTrack,1230.0,1246.0,513.0
2026-08-22 14:56:22.423,0 days 01:09:46.659000,,,0 days 00:00:56.668000,12289.0,140.0,3,75.0,False,0,car,3210.240277777776,0.7514817993559821,OnTrack,1234.578796799469,1217.043326719306,512.653191598299
2026-08-22 14:56:22.680,0 days 01:09:46.916000,,,0 days 00:00:56.925000,11925.528661942857,151.9321398857143,3,88.76785371428572,False,0,pos,3221.130334073698,0.7540310412793974,OnTrack,1251.0,1114.0,512.0
2026-08-22 14:56:22.703,0 days 01:09:46.939000,,,0 days 00:00:56.948000,11893.0,153.0,3,90.0,False,0,car,3222.140277777776,0.754267457948032,OnTrack,1252.4334639727724,1105.7467759769816,512.0381537497188
2026-08-22 14:56:22.940,0 days 01:09:47.176000,,,0 days 00:00:57.185000,10738.612811733334,163.86249706666666,3,99.87499733333334,False,0,pos,3232.930504519096,0.7567933308751011,OnTrack,1267.0,1027.0,513.0
2026-08-22 14:56:22.943,0 days 01:09:47.179000,,,0 days 00:00:57.188000,10724.0,164.0,4,100.0,False,0,car,3233.0736111111096,0.7568268305480106,OnTrack,1267.1931971374806,1025.9324541462788,513.0082572643803
2026-08-22 14:56:23.183,0 days 01:09:47.419000,,,0 days 00:00:57.428000,11607.0,180.0,4,100.0,False,0,car,3245.073611111109,0.7596358980357919,OnTrack,1284.2585084175246,927.5732090726394,513.0760155631607
2026-08-22 14:56:23.300,0 days 01:09:47.536000,,,0 days 00:00:57.545000,11812.1155128,184.7531224,4,100.0,False,0,pos,3251.223857696268,0.7610756028461427,OnTrack,1297.0,854.0,513.0
2026-08-22 14:56:23.503,0 days 01:09:47.739000,,,0 days 00:00:57.748000,12168.0,193.0,4,100.0,False,0,car,3262.2291666666647,0.7636518241479534,OnTrack,1326.1397993545932,687.8472743126287,512.9970438424558
2026-08-22 14:56:23.540,0 days 01:09:47.776000,,,0 days 00:00:57.785000,11963.5753536,194.2333312,4,100.0,False,0,pos,3264.26299274118,0.764127920373097,OnTrack,1330.0,666.0,513.0
2026-08-22 14:56:23.743,0 days 01:09:47.979000,,,0 days 00:00:57.988000,10842.0,201.0,5,100.0,False,0,car,3275.629166666665,0.7667886161759759,OnTrack,1339.9071251698895,610.8391131607634,513.0004076885435
2026-08-22 14:56:23.780,0 days 01:09:48.016000,,,0 days 00:00:58.025000,10917.189155657143,202.58571154285715,5,100.0,False,0,pos,3277.7597880596036,0.7672873711162824,OnTrack,1342.0,599.0,513.0
2026-08-22 14:56:24.023,0 days 01:09:48.259000,,,0 days 00:00:58.268000,11411.0,213.0,5,100.0,False,0,car,3292.1958333333314,0.7706666899021629,OnTrack,1365.7365576109999,462.74204386839875,513.0011488226844
2026-08-22 14:56:24.080,0 days 01:09:48.316000,,,0 days 00:00:58.325000,11520.0123776,215.1374976,5,100.0,False,0,pos,3295.6690017788223,0.7714797202821477,OnTrack,1372.0,427.0,513.0
2026-08-22 14:56:24.263,0 days 01:09:48.499000,,,0 days 00:00:58.508000,11870.0,222.0,5,100.0,False,0,car,3306.9958333333316,0.7741312064704267,OnTrack,1391.322333101068,317.4627864102059,512.9923753972535
2026-08-22 14:56:24.340,0 days 01:09:48.576000,,,0 days 00:00:58.585000,11532.575280457142,223.64999862857144,5,100.0,False,0,pos,3311.816601816801,0.7752596951381797,OnTrack,1399.0,272.0,513.0
2026-08-22 14:56:24.420,0 days 01:09:48.656000,,,0 days 00:00:58.665000,11182.003851885715,225.36428434285713,5,100.0,False,0,pos,3316.858192065322,0.7764398757426659,OnTrack,1407.0,223.0,513.0
2026-08-22 14:56:24.543,0 days 01:09:48.779000,,,0 days 00:00:58.788000,10643.0,228.0,5,100.0,False,0,car,3324.7291666666647,0.778282383980148,OnTrack,1423.4908432134507,126.1809228067673,512.7479390845001
2026-08-22 14:56:24.760,0 days 01:09:48.996000,,,0 days 00:00:59.005000,10844.4030656,234.781248,5,100.0,False,0,pos,3339.0086806219806,0.7816250605129147,OnTrack,1458.0,-68.0,512.0
2026-08-22 14:56:24.863,0 days 01:09:49.099000,,,0 days 00:00:59.108000,10940.0,238.0,6,100.0,False,0,car,3345.8847222222203,0.78323466592157,OnTrack,1471.1933212891743,-139.7978491775318,511.8582599190254
2026-08-22 14:56:25.180,0 days 01:09:49.416000,,,0 days 00:00:59.425000,11096.031152255433,242.9376946916276,6,100.0,False,0,pos,3367.27907671047,0.7882428480561543,OnTrack,1503.0,-304.0,512.0
2026-08-22 14:56:25.184,0 days 01:09:49.420000,,,0 days 00:00:59.429000,11098.0,243.0,6,100.0,False,0,car,3367.5522222222207,0.7883067884041953,OnTrack,1503.402720896286,-306.04903098390423,512.0015113993663
2026-08-22 14:56:25.384,0 days 01:09:49.620000,,,0 days 00:00:59.629000,11252.0,246.0,6,100.0,False,0,car,3381.2188888888872,0.7915060041541685,OnTrack,1524.1804055026644,-411.3608925458417,512.0307291967935
2026-08-22 14:56:25.520,0 days 01:09:49.756000,,,0 days 00:00:59.765000,10873.92,239.2,6,32.0,False,0,pos,3390.2254044774236,0.7936143299973314,OnTrack,1540.0,-491.0,512.0
2026-08-22 14:56:25.584,0 days 01:09:49.820000,,,0 days 00:00:59.829000,10696.0,236.0,6,0.0,True,0,car,3394.3299999999986,0.7945751704834112,OnTrack,1548.1169454889543,-531.712224211364,511.97163567551337
2026-08-22 14:56:25.700,0 days 01:09:49.936000,,,0 days 00:00:59.945000,11264.4,226.72,6,0.0,True,0,pos,3401.519043096801,0.796258046086035,OnTrack,1563.0,-607.0,512.0
2026-08-22 14:56:25.784,0 days 01:09:50.020000,,,0 days 00:01:00.029000,11676.0,220.0,6,0.0,True,0,car,3406.5522222222207,0.7974362577394848,OnTrack,1572.7957034117446,-658.1526862979706,512.2085978259406
2026-08-22 14:56:26.000,0 days 01:09:50.236000,,,0 days 00:01:00.245000,10771.5,207.4,6,0.0,True,0,pos,3418.9459892822097,0.800337501747764,OnTrack,1595.0,-785.0,513.0
2026-08-22 14:56:26.024,0 days 01:09:50.260000,,,0 days 00:01:00.269000,10671.0,206.0,5,0.0,True,0,car,3420.285555555554,0.8006510794199456,OnTrack,1597.3500087960226,-800.0134913817474,513.038639508578
2026-08-22 14:56:26.200,0 days 01:09:50.436000,,,0 days 00:01:00.445000,10324.28,198.08,5,0.0,True,0,pos,3429.9307672063387,0.8029089169583614,OnTrack,1612.0,-914.0,513.0
2026-08-22 14:56:26.224,0 days 01:09:50.460000,,,0 days 00:01:00.469000,10277.0,197.0,5,0.0,False,0,car,3431.2299999999987,0.8032130530083389,OnTrack,1613.1153391704047,-929.2958243255016,512.9625342323959
2026-08-22 14:56:26.424,0 days 01:09:50.660000,,,0 days 00:01:00.669000,10080.0,193.0,5,0.0,False,0,car,3441.952222222221,0.8057230068284399,OnTrack,1612.7052745485873,-1052.2711808267086,512.385213014893
2026-08-22 14:56:26.620,0 days 01:09:50.856000,,,0 days 00:01:00.865000,9904.2125,190.55,5,0.0,False,0,pos,3452.302712821484,0.8081459423805215,OnTrack,1596.0,-1161.0,512.0
2026-08-22 14:56:26.744,0 days 01:09:50.980000,,,0 days 00:01:00.989000,9793.0,189.0,5,0.0,False,0,car,3458.752222222221,0.8096557013113338,OnTrack,1577.3001913515297,-1222.1598135262172,512.1043102250791
2026-08-22 14:56:26.904,0 days 01:09:51.140000,,,0 days 00:01:01.149000,9578.0,184.0,5,0.0,False,0,car,3466.929999999999,0.8115700287844886,OnTrack,1544.8301317768069,-1292.1846980863486,512.5823479852434
2026-08-22 14:56:27.040,0 days 01:09:51.276000,,,0 days 00:01:01.285000,9546.644444444444,181.35555555555555,5,10.2,False,0,pos,3473.6890894495223,0.813152256986127,OnTrack,1515.0,-1343.0,513.0
2026-08-22 14:56:27.264,0 days 01:09:51.500000,,,0 days 00:01:01.509000,9495.0,177.0,5,27.0,False,0,car,3484.6299999999987,0.815713403328966,OnTrack,1463.3271884171515,-1409.489283482252,513.5913351073157
2026-08-22 14:56:27.400,0 days 01:09:51.636000,,,0 days 00:01:01.645000,9561.111111111111,177.75555555555556,5,33.8,False,0,pos,3491.3445793575365,0.8172852122095816,OnTrack,1426.0,-1448.0,514.0
2026-08-22 14:56:27.600,0 days 01:09:51.836000,,,0 days 00:01:01.845000,9658.333333333334,178.86666666666667,5,43.8,False,0,pos,3501.3244868888346,0.8196213983576844,OnTrack,1350.0,-1510.0,515.0
2026-08-22 14:56:27.624,0 days 01:09:51.860000,,,0 days 00:01:01.869000,9670.0,179.0,5,45.0,False,0,car,3502.529999999999,0.8199035956649066,OnTrack,1336.2552331251713,-1517.7570875029398,515.2285261170671
2026-08-22 14:56:27.784,0 days 01:09:52.020000,,,0 days 00:01:02.029000,9851.0,182.0,5,59.0,False,0,car,3510.618888888888,0.8217971152307444,OnTrack,1221.5770544457157,-1568.644057269997,517.326401124009
2026-08-22 14:56:27.840,0 days 01:09:52.076000,,,0 days 00:01:02.085000,9925.8,183.0,5,63.8,False,0,pos,3513.4815223137825,0.8224672261043534,OnTrack,1186.0,-1582.0,518.0
2026-08-22 14:56:28.064,0 days 01:09:52.300000,,,0 days 00:01:02.309000,10225.0,187.0,5,83.0,False,0,car,3525.163333333332,0.825201809065472,OnTrack,1099.147982449302,-1603.074263242752,519.6912193558082
2026-08-22 14:56:28.239,0 days 01:09:52.475000,,,0 days 00:01:02.484000,10558.958455466667,193.5625024,5,95.39583786666667,False,0,pos,3534.650293443187,0.8274226016656778,OnTrack,1040.0,-1604.0,520.0
2026-08-22 14:56:28.304,0 days 01:09:52.540000,,,0 days 00:01:02.549000,10683.0,196.0,5,100.0,False,0,car,3538.2299999999987,0.8282605714410561,OnTrack,1010.296528548739,-1604.609307848417,519.9075269694447
2026-08-22 14:56:28.440,0 days 01:09:52.676000,,,0 days 00:01:02.685000,10929.925,198.975,5,100.0,False,0,pos,3545.79073605857,0.8300304562615418,OnTrack,928.0,-1605.0,520.0
2026-08-22 14:56:28.624,0 days 01:09:52.860000,,,0 days 00:01:02.869000,11264.0,203.0,5,100.0,False,0,car,3556.274444444443,0.8324845766263865,OnTrack,757.2136262440164,-1599.3985134369889,522.7976900472546
2026-08-22 14:56:28.700,0 days 01:09:52.936000,,,0 days 00:01:02.945000,11420.342857142858,205.9857142857143,5,100.0,False,0,pos,3560.73354239135,0.8335284022153441,OnTrack,695.0,-1597.0,524.0
2026-08-22 14:56:28.904,0 days 01:09:53.140000,,,0 days 00:01:03.149000,11840.0,214.0,5,100.0,False,0,car,3572.9188888888875,0.8363808572714759,OnTrack,601.0713570640626,-1593.8198366002557,525.8458187949968
2026-08-22 14:56:29.103,0 days 01:09:53.339000,,,0 days 00:01:03.348000,11812.0,216.0,5,100.0,False,0,car,3584.8588888888876,0.8391758794218185,OnTrack,534.6067418817782,-1590.538974671684,526.8841452876317
2026-08-22 14:56:29.120,0 days 01:09:53.356000,,,0 days 00:01:03.365000,11722.750336,217.3812448,5,100.0,False,0,pos,3585.914566699223,0.8394230019397005,OnTrack,526.0,-1590.0,527.0
2026-08-22 14:56:29.263,0 days 01:09:53.499000,,,0 days 00:01:03.508000,10972.0,229.0,5,100.0,False,0,car,3595.0366666666655,0.8415583848096034,OnTrack,437.15175390164256,-1583.9263992193023,528.2025743094443
2026-08-22 14:56:29.320,0 days 01:09:53.556000,,,0 days 00:01:03.565000,10915.28506368,230.70999808,5,100.0,False,0,pos,3598.733732415811,0.8424238270759463,OnTrack,400.0,-1581.0,529.0
2026-08-22 14:56:29.463,0 days 01:09:53.699000,,,0 days 00:01:03.708000,10773.0,235.0,6,100.0,False,0,car,3608.0922222222207,0.8446145461967729,OnTrack,310.9639391886174,-1572.3907992856532,531.9658948126275
2026-08-22 14:56:29.520,0 days 01:09:53.756000,,,0 days 00:01:03.765000,10817.3785216,235.6107136,6,100.0,False,0,pos,3611.8330787308505,0.8454902393963434,OnTrack,272.0,-1567.0,533.0
2026-08-22 14:56:29.740,0 days 01:09:53.976000,,,0 days 00:01:03.985000,10988.664235885713,237.96785645714286,6,100.0,False,0,pos,3626.4015302341572,0.8489005530184481,OnTrack,104.0,-1535.0,535.0
2026-08-22 14:56:29.743,0 days 01:09:53.979000,,,0 days 00:01:03.988000,10991.0,238.0,6,100.0,False,0,car,3626.603333333332,0.8489477928955171,OnTrack,102.04786559220587,-1534.560972745808,535.020779952239
2026-08-22 14:56:29.903,0 days 01:09:54.139000,,,0 days 00:01:04.148000,11221.0,245.0,6,100.0,False,0,car,3637.492222222221,0.8514967615418373,OnTrack,20.12345368868181,-1513.0676825068147,536.1487919560474
2026-08-22 14:56:30.040,0 days 01:09:54.276000,,,0 days 00:01:04.285000,11401.6686656,248.4249984,6,100.0,False,0,pos,3646.9592187281337,0.8537128808828122,OnTrack,-47.0,-1490.0,538.0
2026-08-22 14:56:30.063,0 days 01:09:54.299000,,,0 days 00:01:04.308000,11432.0,249.0,6,100.0,False,0,car,3648.5588888888883,0.8540873460027913,OnTrack,-60.406875349007464,-1485.120683980836,538.4560876152012
2026-08-22 14:56:30.240,0 days 01:09:54.476000,,,0 days 00:01:04.485000,11533.7749632,251.94999893333335,6,100.0,False,0,pos,3660.9636402439514,0.8569911613132514,OnTrack,-177.0,-1440.0,543.0
2026-08-22 14:56:30.303,0 days 01:09:54.539000,,,0 days 00:01:04.548000,11570.0,253.0,6,100.0,False,0,car,3665.4255555555546,0.8580356464161729,OnTrack,-217.98517905591484,-1422.5518031604304,544.7411754205523
2026-08-22 14:56:30.380,0 days 01:09:54.616000,,,0 days 00:01:04.625000,11548.343768,254.9249984,6,100.0,False,0,pos,3670.914975526729,0.8593206590134898,OnTrack,-267.0,-1400.0,547.0
2026-08-22 14:56:30.463,0 days 01:09:54.699000,,,0 days 00:01:04.708000,11525.0,257.0,6,100.0,False,0,car,3676.8477777777766,0.8607094625063944,OnTrack,-319.0400464752448,-1373.3668405343644,549.7384459259761
2026-08-22 14:56:30.623,0 days 01:09:54.859000,,,0 days 00:01:04.868000,10405.0,257.0,6,100.0,False,0,car,3688.2699999999986,0.8633832785966158,OnTrack,-416.8341611933318,-1315.5846293308252,554.6747275216679
2026-08-22 14:56:30.640,0 days 01:09:54.876000,,,0 days 00:01:04.885000,10412.2249728,257.23611022222224,6,100.0,False,0,pos,3689.4910719827167,0.8636691180638569,OnTrack,-427.0,-1309.0,555.0
2026-08-22 14:56:30.840,0 days 01:09:55.076000,,,0 days 00:01:05.085000,10497.2249728,260.013888,6,100.0,False,0,pos,3704.006296271601,0.8670669717828368,OnTrack,-543.0,-1225.0,557.0
2026-08-22 14:56:30.983,0 days 01:09:55.219000,,,0 days 00:01:05.228000,10558.0,262.0,7,100.0,False,0,car,3714.4699999999984,0.8695164092782718,OnTrack,-620.9384032762764,-1156.9144305935354,560.5148682892445
2026-08-22 14:56:31.080,0 days 01:09:55.316000,,,0 days 00:01:05.325000,10585.213870933334,262.8083328,7,100.0,False,0,pos,3721.581741455711,0.8711811894203341,OnTrack,-671.0,-1107.0,563.0
2026-08-22 14:56:31.320,0 days 01:09:55.556000,,,0 days 00:01:05.565000,10652.547204266666,264.8083328,7,100.0,False,0,pos,3739.2636922047764,0.8753203388344803,OnTrack,-784.0,-972.0,567.0
2026-08-22 14:56:31.343,0 days 01:09:55.579000,,,0 days 00:01:05.588000,10659.0,265.0,7,100.0,False,0,car,3740.9699999999984,0.8757197666471224,OnTrack,-793.9485786221875,-958.4706723349973,567.4639965419177
2026-08-22 14:56:31.580,0 days 01:09:55.816000,,,0 days 00:01:05.825000,10761.646245681088,267.6870744942693,7,100.0,False,0,pos,3758.6821181856217,0.8798659779250371,OnTrack,-888.0,-810.0,573.0
2026-08-22 14:56:31.784,0 days 01:09:56.020000,,,0 days 00:01:06.029000,10850.0,270.0,7,100.0,False,0,car,3774.0449999999987,0.8834622589103198,OnTrack,-957.2823151708225,-659.235483861067,575.681764880514
2026-08-22 14:56:31.820,0 days 01:09:56.056000,,,0 days 00:01:06.065000,10866.74,270.36,7,100.0,False,0,pos,3776.7612287831325,0.884098098073993,OnTrack,-967.0,-633.0,576.0
2026-08-22 14:56:31.984,0 days 01:09:56.220000,,,0 days 00:01:06.229000,10943.0,272.0,7,100.0,False,0,car,3789.15611111111,0.8869996031541927,OnTrack,-999.1996710744979,-519.8778234189051,577.0422471963939
2026-08-22 14:56:32.144,0 days 01:09:56.380000,,,0 days 00:01:06.389000,11015.0,273.0,7,100.0,False,0,car,3801.2894444444432,0.8898398825029493,OnTrack,-1013.3259311436018,-411.7179576175414,576.7210511483174
2026-08-22 14:56:32.200,0 days 01:09:56.436000,,,0 days 00:01:06.445000,11021.533333333333,273.46666666666664,7,100.0,False,0,pos,3805.5496102892785,0.8908371402835563,OnTrack,-1015.0,-371.0,576.0
2026-08-22 14:56:32.380,0 days 01:09:56.616000,,,0 days 00:01:06.625000,11042.533333333333,274.96666666666664,7,100.0,False,0,pos,3819.3149915620666,0.8940594640327483,OnTrack,-1009.0,-232.0,572.0
2026-08-22 14:56:32.384,0 days 01:09:56.620000,,,0 days 00:01:06.629000,11043.0,275.0,7,100.0,False,0,car,3819.622777777777,0.8941315133870599,OnTrack,-1008.6705440038769,-228.88823214770218,571.906966423848
2026-08-22 14:56:33.104,0 days 01:09:57.340000,,,0 days 00:01:07.349000,11308.0,282.0,7,100.0,False,0,car,3876.0227777777773,0.9073341305796324,OnTrack,-831.5639257429144,328.1151979958462,559.3054068851922
2026-08-22 14:56:33.200,0 days 01:09:57.436000,,,0 days 00:01:07.445000,11353.6,282.48,7,100.0,False,0,pos,3883.5517401711145,0.9090965775359533,OnTrack,-799.0,409.0,558.0
2026-08-22 14:56:33.304,0 days 01:09:57.540000,,,0 days 00:01:07.549000,11403.0,283.0,7,100.0,False,0,car,3891.745,0.911014529186309,OnTrack,-762.7135648834045,499.087195331124,556.6548344587403
2026-08-22 14:56:33.360,0 days 01:09:57.596000,,,0 days 00:01:07.605000,11447.8,284.2,7,100.0,False,0,pos,3896.195895873569,0.9120564347604708,OnTrack,-744.0,546.0,556.0
2026-08-22 14:56:33.584,0 days 01:09:57.820000,,,0 days 00:01:07.829000,11627.0,289.0,7,100.0,False,0,car,3914.2227777777766,0.9162763287490696,OnTrack,-679.2825830009042,712.8511459415139,554.0861588704822
2026-08-22 14:56:33.600,0 days 01:09:57.836000,,,0 days 00:01:07.845000,11637.266666666666,289.26666666666665,7,100.0,False,0,pos,3915.5185269192457,0.9165796493145381,OnTrack,-675.0,724.0,554.0
2026-08-22 14:56:33.780,0 days 01:09:58.016000,,,0 days 00:01:08.025000,11752.766666666666,292.26666666666665,7,100.0,False,0,pos,3930.158953243933,0.9200068114475328,OnTrack,-623.0,859.0,553.0
2026-08-22 14:56:33.824,0 days 01:09:58.060000,,,0 days 00:01:08.069000,11781.0,293.0,7,100.0,False,0,car,3933.756111111111,0.9208488663819584,OnTrack,-605.2631386576718,904.6702714524299,552.381494797498
2026-08-22 14:56:33.984,0 days 01:09:58.220000,,,0 days 00:01:08.229000,11571.0,296.0,7,100.0,False,0,car,3946.911666666666,0.9239284366648594,OnTrack,-528.7005576108561,1101.0000835133817,548.9594475543894
2026-08-22 14:56:34.040,0 days 01:09:58.276000,,,0 days 00:01:08.285000,11413.6,297.0,7,100.0,False,0,pos,3951.5590624450115,0.925016340696843,OnTrack,-510.0,1149.0,548.0
2026-08-22 14:56:34.260,0 days 01:09:58.496000,,,0 days 00:01:08.505000,10795.242857142857,300.92857142857144,7,100.0,False,0,pos,3969.987030569842,0.9293301245406205,OnTrack,-480.0,1227.0,546.0
2026-08-22 14:56:34.264,0 days 01:09:58.500000,,,0 days 00:01:08.509000,10784.0,301.0,8,100.0,False,0,car,3970.322777777777,0.9294087192544476,OnTrack,-479.31425242761696,1228.796839927441,545.965234405611
2026-08-22 14:56:34.504,0 days 01:09:58.740000,,,0 days 00:01:08.749000,10813.0,303.0,8,100.0,False,0,car,3990.5227777777764,0.9341373161922127,OnTrack,-409.6725428996814,1410.5663148884305,543.4025933919689
2026-08-22 14:56:34.540,0 days 01:09:58.776000,,,0 days 00:01:08.785000,10836.1,303.5,8,100.0,False,0,pos,3993.5772134691624,0.9348523258583953,OnTrack,-396.0,1446.0,543.0
2026-08-22 14:56:34.839,0 days 01:09:59.075000,,,0 days 00:01:09.084000,11027.9583744,307.6527786666667,8,100.0,False,0,pos,4019.1776018481705,0.9408450940808994,OnTrack,-273.0,1763.0,540.0
2026-08-22 14:56:34.864,0 days 01:09:59.100000,,,0 days 00:01:09.109000,11044.0,308.0,8,100.0,False,0,car,4021.322777777776,0.9413472560775182,OnTrack,-264.8488564728924,1784.0888153838143,539.8161633341526
2026-08-22 14:56:35.064,0 days 01:09:59.300000,,,0 days 00:01:09.309000,11112.0,309.0,8,100.0,False,0,car,4038.489444444443,0.9453657831780944,OnTrack,-218.14654966905283,1906.0485430297103,538.8067167163592
2026-08-22 14:56:35.224,0 days 01:09:59.460000,,,0 days 00:01:09.469000,11029.0,310.0,8,100.0,False,0,car,4052.2672222222204,0.9485910088122137,OnTrack,-184.41469561221064,1994.4832522671372,538.1698679458377
2026-08-22 14:56:35.260,0 days 01:09:59.496000,,,0 days 00:01:09.505000,11041.78,310.18,8,100.0,False,0,pos,4055.3749215914677,0.9493184869172097,OnTrack,-175.0,2019.0,538.0
2026-08-22 14:56:35.480,0 days 01:09:59.716000,,,0 days 00:01:09.725000,11119.88,311.28,8,100.0,False,0,pos,4074.4285880477555,0.9537787398309919,OnTrack,-102.0,2208.0,537.0
2026-08-22 14:56:35.624,0 days 01:09:59.860000,,,0 days 00:01:09.869000,11171.0,312.0,8,100.0,False,0,car,4086.9338888888874,0.9567060926658043,OnTrack,-39.71059030440032,2368.6371692311145,536.9919801342465
2026-08-22 14:56:35.640,0 days 01:09:59.876000,,,0 days 00:01:09.885000,11172.286431747078,312.08040198419235,8,100.0,False,0,pos,4088.3243696503573,0.9570315888574236,OnTrack,-33.0,2386.0,537.0
2026-08-22 14:56:35.823,0 days 01:10:00.059000,,,0 days 00:01:10.068000,11187.0,313.0,8,100.0,False,0,car,4104.235833333331,0.9607562868003283,OnTrack,34.9441273457155,2563.1797239095363,537.0303602898595
2026-08-22 14:56:36.040,0 days 01:10:00.276000,,,0 days 00:01:10.285000,11210.249993142857,313.0,8,100.0,False,0,pos,4123.094225095265,0.9651708280645194,OnTrack,97.0,2726.0,537.0
2026-08-22 14:56:36.103,0 days 01:10:00.339000,,,0 days 00:01:10.348000,11217.0,313.0,8,100.0,False,0,car,4128.580277777776,0.9664550524167441,OnTrack,111.83932815124909,2764.545517306509,536.9965315671969
2026-08-22 14:56:36.380,0 days 01:10:00.616000,,,0 days 00:01:10.625000,11252.31749184,314.38499968,8,100.0,False,0,pos,4152.796139567666,0.9721237182536262,OnTrack,179.0,2937.0,537.0
2026-08-22 14:56:36.503,0 days 01:10:00.739000,,,0 days 00:01:10.748000,11268.0,315.0,8,100.0,False,0,car,4163.580277777777,0.9746481659227733,OnTrack,228.7485116674566,3064.8529512964988,537.0005569000606
2026-08-22 14:56:36.660,0 days 01:10:00.896000,,,0 days 00:01:10.905000,11276.24249664,315.39249984,8,100.0,False,0,pos,4177.363092841524,0.9778745707299129,OnTrack,299.0,3246.0,537.0
2026-08-22 14:56:36.903,0 days 01:10:01.139000,,,0 days 00:01:11.148000,11289.0,316.0,8,100.0,False,0,car,4198.691388888888,0.9828672893129483,OnTrack,384.6116251899645,3469.248946145615,536.9998604447504
2026-08-22 14:56:37.063,0 days 01:10:01.299000,,,0 days 00:01:11.308000,11226.0,315.0,8,100.0,False,0,car,4212.6913888888885,0.9861445347153601,OnTrack,434.2824719752352,3597.3365561403484,536.9999803727254
2026-08-22 14:56:37.100,0 days 01:10:01.336000,,,0 days 00:01:11.345000,11222.916672,314.8458336,8,100.0,False,0,pos,4215.923456502635,0.986901126053034,OnTrack,446.0,3627.0,537.0
2026-08-22 14:56:37.303,0 days 01:10:01.539000,,,0 days 00:01:11.548000,11206.0,314.0,8,100.0,False,0,car,4233.624722222221,0.9910447968884896,OnTrack,511.8333085820544,3790.037403940179,537.0000535038591
2026-08-22 14:56:37.488,0 days 01:10:01.724000,,,0 days 00:01:11.733000,11187.079552000001,313.5795456,8,100.0,False,0,interpolation,4249.727076966345,0.9948141803208593,OnTrack,574.1050482480684,3939.0427871919464,537.0000224522345
