Date,SessionTime,DriverAhead,DistanceToDriverAhead,Time,RPM,Speed,nGear,Throttle,Brake,DRS,Source,Distance,RelativeDistance,Status,X,Y,Z
2026-08-22 14:56:52.925,0 days 01:10:17.161000,,687.5694444444446,0 days 00:00:00,10940.7437424,312.7624992,8,100.0,False,0,interpolation,0.07472856003990791,1.7594132308011655e-05,OnTrack,504.27613731805917,3769.5283461484637,537.0002496080385
2026-08-22 14:56:52.944,0 days 01:10:17.180000,,687.5694444444446,0 days 00:00:00.019000,10943.0,313.0,8,100.0,False,0,car,1.7302777777777738,0.0004073775292281433,OnTrack,510.68300563273385,3785.026854684036,537.0002471091254
2026-08-22 14:56:53.060,0 days 01:10:17.296000,,687.5694444444446,0 days 00:00:00.135000,10979.975,313.725,8,100.0,False,0,pos,11.858195642394778,0.0027918999503692135,OnTrack,561.0,3907.0,537.0
2026-08-22 14:56:53.240,0 days 01:10:17.476000,,687.5694444444446,0 days 00:00:00.315000,11037.35,314.85,8,100.0,False,0,pos,27.62603363164693,0.006504288194516325,OnTrack,661.0,4150.0,537.0
2026-08-22 14:56:53.264,0 days 01:10:17.500000,30,687.5694444444446,0 days 00:00:00.339000,11045.0,315.0,8,100.0,False,0,car,29.730277777777772,0.006999712566344364,OnTrack,670.2092124428399,4172.426176387292,537.0004795443135
2026-08-22 14:56:53.504,0 days 01:10:17.740000,30,676.5694444444446,0 days 00:00:00.579000,11032.0,316.0,8,100.0,False,0,car,50.796944444444435,0.011959659879984185,OnTrack,710.4468676204814,4271.26576747838,537.0018115825545
2026-08-22 14:56:53.520,0 days 01:10:17.756000,30,675.8094444444446,0 days 00:00:00.595000,11033.6,316.06666666666666,8,100.0,False,0,pos,52.20347598845439,0.0122908144220694,OnTrack,714.0,4280.0,537.0
2026-08-22 14:56:53.740,0 days 01:10:17.976000,30,665.3594444444446,0 days 00:00:00.815000,11055.6,316.98333333333335,8,100.0,False,0,pos,71.57727831971889,0.0168521928474465,OnTrack,787.0,4459.0,537.0
2026-08-22 14:56:53.744,0 days 01:10:17.980000,30,665.1694444444447,0 days 00:00:00.819000,11056.0,317.0,8,100.0,False,0,car,71.93027777777777,0.016935303229426667,OnTrack,788.4092298235161,4462.454072751299,537.0026555300886
2026-08-22 14:56:53.944,0 days 01:10:18.180000,30,655.3361111111112,0 days 00:00:01.019000,11092.0,318.0,8,100.0,False,0,car,89.59694444444443,0.02109475271713095,OnTrack,855.5399700177119,4627.005017962845,537.2761613701343
2026-08-22 14:56:54.080,0 days 01:10:18.316000,30,648.5361111111113,0 days 00:00:01.155000,11090.64,317.32,8,100.0,False,0,pos,101.57415882187183,0.02391467450239405,OnTrack,900.0,4736.0,537.0
2026-08-22 14:56:54.144,0 days 01:10:18.380000,30,645.3361111111112,0 days 00:00:01.219000,11090.0,317.0,8,100.0,False,0,car,107.20805555555556,0.025241122174999686,OnTrack,921.1091642353626,4787.7539961157945,536.613832176562
2026-08-22 14:56:54.240,0 days 01:10:18.476000,30,640.3494444444445,0 days 00:00:01.315000,11068.133333333333,317.0,8,100.0,False,0,pos,115.66443273605742,0.0272320961597887,OnTrack,953.0,4866.0,536.0
2026-08-22 14:56:54.459,0 days 01:10:18.695000,30,628.9736077866668,0 days 00:00:01.534000,11018.249985422222,317.0,8,100.0,False,0,pos,134.95471969612296,0.03177381168131964,OnTrack,1026.0,5045.0,536.0
2026-08-22 14:56:54.504,0 days 01:10:18.740000,30,626.6361111111112,0 days 00:00:01.579000,11008.0,317.0,8,100.0,False,0,car,138.90805555555556,0.03270458719916341,OnTrack,1040.55911452046,5080.252681386876,536.1625322985334
2026-08-22 14:56:54.700,0 days 01:10:18.936000,30,616.3461111111113,0 days 00:00:01.775000,10930.3,314.9,8,100.0,False,0,pos,156.06457414395746,0.03674392714935118,OnTrack,1106.0,5240.0,537.0
2026-08-22 14:56:54.784,0 days 01:10:19.020000,30,611.9361111111114,0 days 00:00:01.859000,10897.0,314.0,8,100.0,False,0,car,163.33027777777778,0.03845456831487033,OnTrack,1139.2759319308564,5325.312676287501,537.0360308717072
2026-08-22 14:56:54.920,0 days 01:10:19.156000,30,605.0605555555558,0 days 00:00:01.995000,10801.044444444444,309.84444444444443,8,100.0,False,0,pos,174.938891244976,0.04118770650387568,OnTrack,1195.0,5477.0,537.0
2026-08-22 14:56:55.144,0 days 01:10:19.380000,30,593.7361111111113,0 days 00:00:02.219000,10643.0,303.0,8,100.0,False,0,car,193.63027777777776,0.045588416587178236,OnTrack,1269.371627982852,5717.889215817792,538.2022778729938
2026-08-22 14:56:55.240,0 days 01:10:19.476000,30,589.202777777778,0 days 00:00:02.315000,10536.5,297.9,8,99.7,False,0,pos,201.47150927943574,0.0474345603429825,OnTrack,1294.0,5804.0,539.0
2026-08-22 14:56:55.464,0 days 01:10:19.700000,30,578.6250000000002,0 days 00:00:02.539000,10288.0,286.0,8,99.0,False,0,car,219.0525,0.051573838239925035,OnTrack,1333.981579135116,5946.193149128833,541.2216174213544
2026-08-22 14:56:55.704,0 days 01:10:19.940000,30,569.291666666667,0 days 00:00:02.779000,8965.0,256.0,8,10.0,True,0,car,236.11916666666667,0.055592023405405394,OnTrack,1363.6488936202577,6055.332593114415,543.5885184960671
2026-08-22 14:56:55.760,0 days 01:10:19.996000,30,567.3316666666669,0 days 00:00:02.835000,9142.1,251.1,8,10.0,True,0,pos,239.96768189259853,0.05649811989700488,OnTrack,1372.0,6086.0,544.0
2026-08-22 14:56:55.864,0 days 01:10:20.100000,30,563.691666666667,0 days 00:00:02.939000,9471.0,242.0,8,10.0,True,0,car,246.87472222222223,0.0581243171815675,OnTrack,1389.2209205654206,6148.688318508932,544.6300518487917
2026-08-22 14:56:55.920,0 days 01:10:20.156000,30,562.6183334656907,0 days 00:00:02.995000,9485.458572398173,236.06551132910843,8,9.89210020598379,True,0,pos,250.3442275311356,0.058941179374760726,OnTrack,1401.0,6187.0,545.0
2026-08-22 14:56:56.160,0 days 01:10:20.396000,30,558.0183340329353,0 days 00:00:03.235000,9547.423882676054,210.63198845385884,8,9.429672517342889,True,0,pos,263.21062783517516,0.06197045157211367,OnTrack,1468.0,6368.0,547.0
2026-08-22 14:56:56.383,0 days 01:10:20.619000,30,553.7441666666668,0 days 00:00:03.458000,9605.0,187.0,8,9.0,True,0,car,273.8338888888889,0.06447159785971474,OnTrack,1501.3828357583288,6439.0355156237165,547.7891731128016
2026-08-22 14:56:56.460,0 days 01:10:20.696000,30,552.7602785955557,0 days 00:00:03.535000,9842.54480256,178.91500672,8,9.0,True,0,pos,277.4204207282299,0.06531601284207975,OnTrack,1512.0,6457.0,548.0
2026-08-22 14:56:56.583,0 days 01:10:20.819000,30,551.1886111111113,0 days 00:00:03.658000,10222.0,166.0,8,9.0,True,0,car,283.05611111111114,0.0666428828124157,OnTrack,1532.6587932980171,6490.872453257042,548.419903008221
2026-08-22 14:56:56.743,0 days 01:10:20.979000,30,549.4108333333336,0 days 00:00:03.818000,9668.0,160.0,6,10.0,True,0,car,290.1672222222223,0.06831712663136587,OnTrack,1571.5260727383625,6543.641393115473,548.9386110606769
2026-08-22 14:56:56.780,0 days 01:10:21.016000,30,549.1744448533336,0 days 00:00:03.855000,9772.260533942857,158.28214582857143,6,10.132142628571428,True,0,pos,291.7533130690614,0.06869055671213967,OnTrack,1584.0,6557.0,549.0
2026-08-22 14:56:57.000,0 days 01:10:21.236000,30,547.7688892977781,0 days 00:00:04.075000,10392.189105371428,148.0678601142857,6,10.917856914285714,True,0,pos,300.70538940823434,0.07079823837305642,OnTrack,1674.0,6636.0,549.0
2026-08-22 14:56:57.023,0 days 01:10:21.259000,30,547.6219444444447,0 days 00:00:04.098000,10457.0,147.0,3,11.0,True,0,car,301.6005555555556,0.07100899677152166,OnTrack,1681.8587771550076,6641.822326016614,548.9945624771499
2026-08-22 14:56:57.303,0 days 01:10:21.539000,30,547.2330555555559,0 days 00:00:04.378000,9487.0,134.0,3,12.0,True,0,car,312.02277777777783,0.07346281036867047,OnTrack,1749.6081495315202,6674.511047538997,548.9999021984968
2026-08-22 14:56:57.320,0 days 01:10:21.556000,30,547.2661109866671,0 days 00:00:04.395000,9454.7001216,133.5750016,3,12.0,True,0,pos,312.6420207972783,0.07360860527773985,OnTrack,1754.0,6676.0,549.0
2026-08-22 14:56:57.463,0 days 01:10:21.699000,30,547.544166666667,0 days 00:00:04.538000,9183.0,130.0,3,12.0,True,0,car,317.8005555555556,0.07482313347156747,OnTrack,1795.929211614647,6689.68415449443,548.9912129115647
2026-08-22 14:56:57.600,0 days 01:10:21.836000,30,548.2672218844448,0 days 00:00:04.675000,8879.8876416,126.5750016,3,12.0,True,0,pos,322.5883759692314,0.07595038048101373,OnTrack,1850.0,6699.0,549.0
2026-08-22 14:56:57.703,0 days 01:10:21.939000,30,548.8108333333337,0 days 00:00:04.778000,8652.0,124.0,3,12.0,True,0,car,326.06722222222226,0.07676944191109702,OnTrack,1903.026408718146,6700.012014328803,549.0382083353153
2026-08-22 14:56:57.800,0 days 01:10:22.036000,30,549.6999994133336,0 days 00:00:04.875000,8583.6958784,120.7666688,3,10.7875008,True,0,pos,329.2398376313132,0.07751640418683434,OnTrack,1951.0,6698.0,549.0
2026-08-22 14:56:57.943,0 days 01:10:22.179000,30,551.0108333333335,0 days 00:00:05.018000,8483.0,116.0,3,9.0,False,0,car,333.8005555555556,0.07859018206420532,OnTrack,1998.7507616470436,6692.689858676422,548.6470950981649
2026-08-22 14:56:58.144,0 days 01:10:22.380000,30,553.3558333333335,0 days 00:00:05.219000,8644.0,114.0,3,26.0,False,0,car,340.1655555555556,0.08008876108246406,OnTrack,2034.0555482675154,6679.634410195745,547.9395763711078
2026-08-22 14:56:58.240,0 days 01:10:22.476000,30,554.7425000000003,0 days 00:00:05.315000,8611.085714285715,114.0,3,30.45714285714286,False,0,pos,343.20054928502236,0.08080332163604234,OnTrack,2056.0,6670.0,548.0
2026-08-22 14:56:58.424,0 days 01:10:22.660000,30,557.4002777777781,0 days 00:00:05.499000,8548.0,114.0,3,39.0,False,0,car,349.03222222222223,0.08217633384421752,OnTrack,2107.964372107589,6644.722963739321,548.1874936629423
2026-08-22 14:56:58.440,0 days 01:10:22.676000,30,557.6580555555558,0 days 00:00:05.515000,8549.3,114.1,3,39.3,False,0,pos,349.54191029993666,0.08229633507895741,OnTrack,2112.0,6642.0,548.0
2026-08-22 14:56:58.500,0 days 01:10:22.736000,30,558.6247222222225,0 days 00:00:05.575000,8554.175,114.475,3,40.425,False,0,pos,351.4571477901493,0.08274725962221197,OnTrack,2126.0,6631.0,547.0
2026-08-22 14:56:58.584,0 days 01:10:22.820000,30,559.9780555555558,0 days 00:00:05.659000,8561.0,115.0,3,42.0,False,0,car,354.1433333333334,0.08337969658908795,OnTrack,2145.1637692802246,6613.750718401072,546.0317683967381
2026-08-22 14:56:58.744,0 days 01:10:22.980000,30,562.5113888888891,0 days 00:00:05.819000,8714.0,116.0,3,51.0,False,0,car,359.29888888888894,0.0845935233578268,OnTrack,2181.1547960461553,6575.652573549842,545.9289317364378
2026-08-22 14:56:58.860,0 days 01:10:23.096000,30,564.4447222222224,0 days 00:00:05.935000,8867.447826086956,118.39565217391305,3,53.64782608695652,False,0,pos,363.2040070803961,0.08551294648203936,OnTrack,2205.0,6547.0,546.0
2026-08-22 14:56:59.664,0 days 01:10:23.900000,30,577.8447222222223,0 days 00:00:06.739000,9931.0,135.0,3,72.0,False,0,car,393.79888888888894,0.09271622188570215,OnTrack,2295.1730435394797,6292.725320459094,543.0326431692143
2026-08-22 14:56:59.700,0 days 01:10:23.936000,30,578.3447222222223,0 days 00:00:06.775000,10064.3125,136.2375,3,73.2375,False,0,pos,395.23656389476986,0.09305470886117555,OnTrack,2295.0,6273.0,543.0
2026-08-22 14:56:59.920,0 days 01:10:24.156000,30,581.4002777777779,0 days 00:00:06.995000,10879.0,143.8,3,80.8,False,0,pos,404.12726060762134,0.09514793926990786,OnTrack,2287.0,6147.0,543.0
2026-08-22 14:56:59.984,0 days 01:10:24.220000,30,582.2891666666668,0 days 00:00:07.059000,11116.0,146.0,3,83.0,False,0,car,406.77666666666676,0.09577171685528618,OnTrack,2284.145150024568,6122.39540570166,542.8821416524513
2026-08-22 14:57:00.220,0 days 01:10:24.456000,30,585.1736111111114,0 days 00:00:07.295000,11883.983333333334,152.88333333333333,3,88.9,False,0,pos,416.8045736821166,0.09813269266838952,OnTrack,2271.0,6065.0,542.0
2026-08-22 14:57:00.224,0 days 01:10:24.460000,30,585.2225000000003,0 days 00:00:07.299000,11897.0,153.0,3,89.0,False,0,car,416.97666666666674,0.0981732103330928,OnTrack,2270.6770396764373,6063.744456683051,541.984722076037
2026-08-22 14:57:00.424,0 days 01:10:24.660000,30,587.5002777777781,0 days 00:00:07.499000,11897.0,157.0,3,96.0,False,0,car,425.6988888888889,0.10022677501727384,OnTrack,2248.734841574369,5981.204214948335,541.1940333288165
2026-08-22 14:57:00.460,0 days 01:10:24.696000,30,587.8302777777781,0 days 00:00:07.535000,11731.4,159.025,3,96.9,False,0,pos,427.3181964757469,0.10060802566515642,OnTrack,2243.0,5962.0,541.0
2026-08-22 14:57:00.584,0 days 01:10:24.820000,30,588.9669444444447,0 days 00:00:07.659000,11161.0,166.0,3,100.0,False,0,car,433.0766666666667,0.10196380297943462,OnTrack,2218.366882908298,5885.41654072464,540.1542463411525
2026-08-22 14:57:00.720,0 days 01:10:24.956000,30,589.6469444444447,0 days 00:00:07.795000,11328.96,176.88,3,100.0,False,0,pos,439.85628902013815,0.10356000090726343,OnTrack,2188.0,5797.0,539.0
2026-08-22 14:57:00.784,0 days 01:10:25.020000,30,589.9669444444446,0 days 00:00:07.859000,11408.0,182.0,4,100.0,False,0,car,443.18777777777785,0.10434436840950438,OnTrack,2174.6059835547794,5759.383110847815,538.4101031697113
2026-08-22 14:57:01.139,0 days 01:10:25.375000,30,590.0655555733335,0 days 00:00:08.214000,11489.847236977777,199.7500032,4,100.0,False,0,pos,462.9008006510412,0.10898561310146462,OnTrack,2113.0,5598.0,535.0
2026-08-22 14:57:01.144,0 days 01:10:25.380000,30,590.0669444444446,0 days 00:00:08.219000,11491.0,200.0,4,100.0,False,0,car,463.1877777777778,0.10905317915030166,OnTrack,2112.3347762702083,5596.315249525348,534.9592331890124
2026-08-22 14:57:01.464,0 days 01:10:25.700000,30,589.2669444444446,0 days 00:00:08.539000,10734.0,211.0,5,100.0,False,0,car,481.9433333333334,0.1134689972227827,OnTrack,2072.093020586733,5499.905884855395,532.8219778502915
2026-08-22 14:57:01.580,0 days 01:10:25.816000,30,588.8158333333334,0 days 00:00:08.655000,10985.14,214.48,5,100.0,False,0,pos,488.9311515399924,0.11511421289409544,OnTrack,2032.0,5411.0,532.0
2026-08-22 14:57:01.664,0 days 01:10:25.900000,30,588.4891666666667,0 days 00:00:08.739000,11167.0,217.0,5,100.0,False,0,car,493.998888888889,0.11630736369709663,OnTrack,1989.5607599400219,5317.652150729956,531.3403313227324
2026-08-22 14:57:01.720,0 days 01:10:25.956000,30,588.271388888889,0 days 00:00:08.795000,11270.95,217.0,5,100.0,False,0,pos,497.3611947266616,0.11709898678923407,OnTrack,1962.0,5257.0,531.0
2026-08-22 14:57:01.824,0 days 01:10:26.060000,30,587.8669444444446,0 days 00:00:08.899000,11464.0,217.0,5,100.0,False,0,car,503.6433333333333,0.11857805687654775,OnTrack,1923.1802708807086,5171.069341539311,530.7793940217066
2026-08-22 14:57:02.064,0 days 01:10:26.300000,30,586.3336111111114,0 days 00:00:09.139000,11757.0,227.0,5,100.0,False,0,car,518.7766666666666,0.12214105700375104,OnTrack,1884.138555042495,5080.2826322519995,532.0479786179324
2026-08-22 14:57:02.180,0 days 01:10:26.416000,30,585.4636111111114,0 days 00:00:09.255000,11538.05,228.8125,5,100.0,False,0,pos,526.2095664785139,0.12389106292721588,OnTrack,1868.0,5038.0,533.0
2026-08-22 14:57:02.384,0 days 01:10:26.620000,30,583.9336111111113,0 days 00:00:09.459000,11153.0,232.0,5,100.0,False,0,car,539.3988888888889,0.1269963640787065,OnTrack,1833.8815447114682,4942.848795360141,534.9586249474081
2026-08-22 14:57:02.560,0 days 01:10:26.796000,30,582.4180555555557,0 days 00:00:09.635000,10931.9,234.75,5,100.0,False,0,pos,550.9206541892422,0.12970905468866895,OnTrack,1804.0,4843.0,536.0
2026-08-22 14:57:02.640,0 days 01:10:26.876000,30,581.7291666666669,0 days 00:00:09.715000,10831.4,236.0,5,100.0,False,0,pos,556.2084936562926,0.1309540264525719,OnTrack,1792.0,4792.0,536.0
2026-08-22 14:57:02.704,0 days 01:10:26.940000,30,581.1780555555557,0 days 00:00:09.779000,10751.0,237.0,6,100.0,False,0,car,560.4655555555556,0.13195631139234631,OnTrack,1784.2906662578955,4743.58769845951,535.6852351086375
2026-08-22 14:57:02.903,0 days 01:10:27.139000,30,579.2433333333333,0 days 00:00:09.978000,10878.0,242.0,6,100.0,False,0,car,573.8427777777779,0.13510585177644796,OnTrack,1771.624234250186,4558.473758205354,533.1606595193113
2026-08-22 14:57:03.000,0 days 01:10:27.236000,30,578.3002784,0 days 00:00:10.075000,10927.7124672,242.9093744,6,100.0,False,0,pos,580.418503772066,0.13665404423597013,OnTrack,1770.0,4486.0,532.0
2026-08-22 14:57:03.223,0 days 01:10:27.459000,30,576.1322222222223,0 days 00:00:10.298000,11042.0,245.0,6,100.0,False,0,car,595.6205555555557,0.1402332234719828,OnTrack,1775.7759418079072,4386.1816237429575,530.3057439312607
2026-08-22 14:57:03.300,0 days 01:10:27.536000,30,575.4477783466667,0 days 00:00:10.375000,11032.375008,244.5187504,6,89.4125088,False,0,pos,600.8769863963427,0.1414708003720506,OnTrack,1780.0,4348.0,530.0
2026-08-22 14:57:03.383,0 days 01:10:27.619000,30,574.71,0 days 00:00:10.458000,11022.0,244.0,6,78.0,True,0,car,606.4650000000001,0.14278644529588178,OnTrack,1785.5563996120054,4296.389589687507,529.8191468354494
2026-08-22 14:57:03.520,0 days 01:10:27.756000,30,574.1011113955557,0 days 00:00:10.595000,10554.14521856,234.41000448,6,36.21501952,True,0,pos,615.3162071101813,0.14487037825135388,OnTrack,1795.0,4198.0,530.0
2026-08-22 14:57:03.583,0 days 01:10:27.819000,30,573.8211111111112,0 days 00:00:10.658000,10339.0,230.0,6,17.0,True,0,car,619.2427777777779,0.14579485215805782,OnTrack,1798.2626051869381,4153.503761874273,530.3680465972968
2026-08-22 14:57:03.740,0 days 01:10:27.976000,30,573.8211111111113,0 days 00:00:10.815000,10929.31975936,218.2250048,6,20.13999872,True,0,pos,628.6701200434502,0.14801443068394632,OnTrack,1802.0,4048.0,532.0
2026-08-22 14:57:03.783,0 days 01:10:28.019000,30,573.8211111111113,0 days 00:00:10.858000,11091.0,215.0,6,21.0,True,0,car,631.1872222222223,0.14860705857270065,OnTrack,1801.402638690658,4021.4870018963056,532.5932514500556
2026-08-22 14:57:03.983,0 days 01:10:28.219000,30,574.487777777778,0 days 00:00:11.058000,10726.0,205.0,5,25.0,True,0,car,642.5761111111111,0.151288464688988,OnTrack,1788.513436155877,3910.85666822864,535.9198727080519
2026-08-22 14:57:04.060,0 days 01:10:28.296000,30,575.1080550400002,0 days 00:00:11.135000,10944.968568,201.6312528,5,25.2406248,True,0,pos,646.787193585666,0.15227992420831638,OnTrack,1778.0,3871.0,537.0
2026-08-22 14:57:04.220,0 days 01:10:28.456000,30,576.3969439288892,0 days 00:00:11.295000,11399.968568,194.6312528,5,25.7406248,True,0,pos,655.2450320132094,0.1542712422298936,OnTrack,1746.0,3792.0,539.0
2026-08-22 14:57:04.303,0 days 01:10:28.539000,30,577.0655555555559,0 days 00:00:11.378000,11636.0,191.0,4,26.0,True,0,car,659.5538888888889,0.15528572180673147,OnTrack,1725.0828957121175,3755.130090419988,540.8222245098453
2026-08-22 14:57:04.400,0 days 01:10:28.636000,30,578.0894437688892,0 days 00:00:11.475000,11562.76504832,187.60500224,4,32.30499584,True,0,pos,664.5391485559678,0.15645945402003175,OnTrack,1695.0,3714.0,543.0
2026-08-22 14:57:04.503,0 days 01:10:28.739000,30,579.176666666667,0 days 00:00:11.578000,11485.0,184.0,4,39.0,False,0,car,669.776111111111,0.1576924472964723,OnTrack,1653.511666219319,3669.861786616957,544.2475922215795
2026-08-22 14:57:04.660,0 days 01:10:28.896000,30,581.1391663136419,0 days 00:00:11.735000,11355.935966277231,181.76512495718148,4,44.02846884634166,False,0,pos,677.652798636476,0.15954693883753943,OnTrack,1583.0,3609.0,545.0
2026-08-22 14:57:04.784,0 days 01:10:29.020000,30,582.6891666666669,0 days 00:00:11.859000,11254.0,180.0,4,48.0,False,0,car,683.8261111111111,0.16100038684188242,OnTrack,1534.8010766634134,3575.052048325255,545.753775677118
2026-08-22 14:57:04.980,0 days 01:10:29.216000,30,585.3569444444447,0 days 00:00:12.055000,11237.666666666666,179.45555555555555,4,58.34444444444444,False,0,pos,693.5611138862098,0.16329240112333623,OnTrack,1461.0,3536.0,547.0
2026-08-22 14:57:05.144,0 days 01:10:29.380000,30,587.5891666666669,0 days 00:00:12.219000,11224.0,179.0,4,67.0,False,0,car,701.7261111111111,0.165214772454896,OnTrack,1386.0087106597236,3502.2270960597566,547.7076799844617
2026-08-22 14:57:05.260,0 days 01:10:29.496000,30,589.1680555555557,0 days 00:00:12.335000,11318.457142857143,179.82857142857142,4,70.72857142857143,False,0,pos,707.5312457978242,0.16658153648312446,OnTrack,1330.0,3479.0,548.0
2026-08-22 14:57:05.424,0 days 01:10:29.660000,30,591.400277777778,0 days 00:00:12.499000,11452.0,181.0,4,76.0,False,0,car,715.8038888888889,0.16852925201522387,OnTrack,1251.7465925086171,3448.768510966305,548.0974853149196
2026-08-22 14:57:05.500,0 days 01:10:29.736000,30,592.4136111111113,0 days 00:00:12.575000,11487.625,182.425,4,78.85,False,0,pos,719.6755421289844,0.1694407961333041,OnTrack,1217.0,3436.0,548.0
2026-08-22 14:57:05.584,0 days 01:10:29.820000,30,593.5336111111113,0 days 00:00:12.659000,11527.0,184.0,4,82.0,False,0,car,723.9816666666667,0.17045463240701655,OnTrack,1180.2362247879287,3422.8956963205164,547.7792908026963
2026-08-22 14:57:05.700,0 days 01:10:29.936000,30,595.1125000000003,0 days 00:00:12.775000,11397.66,184.58,4,77.36,False,0,pos,729.9701318841157,0.1718645598738573,OnTrack,1120.0,3401.0,547.0
2026-08-22 14:57:05.784,0 days 01:10:30.020000,30,596.2558333333336,0 days 00:00:12.859000,11304.0,185.0,4,74.0,False,0,car,734.2594444444444,0.17287443792659293,OnTrack,1057.9971762720556,3377.2007748042743,545.830091996705
2026-08-22 14:57:05.900,0 days 01:10:30.136000,30,598.0602777777781,0 days 00:00:12.975000,11104.625,179.925,4,23.975,False,0,pos,740.0328820453733,0.17423373917592175,OnTrack,969.0,3342.0,544.0
2026-08-22 14:57:05.944,0 days 01:10:30.180000,30,598.7447222222225,0 days 00:00:13.019000,11029.0,178.0,4,5.0,True,0,car,742.1705555555556,0.17473703417517497,OnTrack,942.9449952534455,3331.3696109264065,543.486554619476
2026-08-22 14:57:06.184,0 days 01:10:30.420000,30,603.2113888888892,0 days 00:00:13.259000,10450.0,168.0,4,4.0,True,0,car,753.3705555555556,0.1773739681900215,OnTrack,871.4534976143876,3297.669724675648,542.2841443396562
2026-08-22 14:57:06.340,0 days 01:10:30.576000,30,606.3747222222225,0 days 00:00:13.415000,11323.6,164.1,4,3.22,True,0,pos,760.456669577887,0.17904232668096492,OnTrack,833.0,3271.0,541.0
2026-08-22 14:57:06.384,0 days 01:10:30.620000,30,607.2669444444448,0 days 00:00:13.459000,11570.0,163.0,4,3.0,True,0,car,762.4261111111111,0.1795060130532158,OnTrack,819.061713935399,3260.774389607514,540.4186750515363
2026-08-22 14:57:06.540,0 days 01:10:30.776000,30,610.8202777777781,0 days 00:00:13.615000,11415.733333333334,159.96666666666667,4,3.0,True,0,pos,769.2882804686404,0.18112164589201102,OnTrack,765.0,3218.0,538.0
2026-08-22 14:57:06.620,0 days 01:10:30.856000,30,612.6425000000003,0 days 00:00:13.695000,11336.622222222222,158.4111111111111,4,3.0,True,0,pos,772.7390956061453,0.18193410766121046,OnTrack,741.0,3194.0,537.0
2026-08-22 14:57:06.744,0 days 01:10:30.980000,30,615.4669444444447,0 days 00:00:13.819000,11214.0,156.0,3,3.0,False,0,car,778.0261111111112,0.18317888543103772,OnTrack,702.95475057414,3134.567034087326,535.6849642388723
2026-08-22 14:57:06.940,0 days 01:10:31.176000,30,620.3125000000002,0 days 00:00:14.015000,10778.988888888889,152.1888888888889,3,4.088888888888889,False,0,pos,786.232897774159,0.18511109569035727,OnTrack,653.0,3025.0,534.0
2026-08-22 14:57:07.104,0 days 01:10:31.340000,30,624.3669444444447,0 days 00:00:14.179000,10415.0,149.0,3,5.0,True,0,car,792.9261111111111,0.18668694943293168,OnTrack,639.8533050920904,2978.774008999485,532.7805832916295
2026-08-22 14:57:07.300,0 days 01:10:31.536000,30,629.5936111111113,0 days 00:00:14.375000,10063.18,142.14,3,7.9399999999999995,True,0,pos,800.6613700233636,0.18850814294537482,OnTrack,644.0,2936.0,531.0
2026-08-22 14:57:07.304,0 days 01:10:31.540000,30,629.700277777778,0 days 00:00:14.379000,10056.0,142.0,3,8.0,False,0,car,800.815,0.18854431366957952,OnTrack,644.1103912214041,2934.685993479441,530.9528208812882
2026-08-22 14:57:07.460,0 days 01:10:31.696000,30,634.2069444444446,0 days 00:00:14.535000,9877.714285714286,137.54285714285714,3,14.685714285714285,False,0,pos,806.6602808262857,0.18992052972646903,OnTrack,650.0,2874.0,529.0
2026-08-22 14:57:07.584,0 days 01:10:31.820000,30,637.7891666666669,0 days 00:00:14.659000,9736.0,134.0,3,20.0,False,0,car,811.2372222222223,0.19099812726672832,OnTrack,659.7261220759196,2827.7011411382036,528.0474199148418
2026-08-22 14:57:07.820,0 days 01:10:32.056000,30,644.1480555555559,0 days 00:00:14.895000,9875.99090909091,134.53636363636363,3,40.918181818181814,False,0,pos,820.0506893352914,0.1930731746970125,OnTrack,695.0,2751.0,527.0
2026-08-22 14:57:07.980,0 days 01:10:32.216000,30,648.459166666667,0 days 00:00:15.055000,9970.9,134.9,3,55.1,False,0,pos,826.0767682085096,0.1944919579431676,OnTrack,734.0,2706.0,526.0
2026-08-22 14:57:08.024,0 days 01:10:32.260000,30,649.6447222222225,0 days 00:00:15.099000,9997.0,135.0,3,59.0,False,0,car,827.7372222222223,0.19488289612788612,OnTrack,746.1489042042834,2694.5841707486825,526.0684097530474
2026-08-22 14:57:08.160,0 days 01:10:32.396000,30,653.0825000000002,0 days 00:00:15.235000,10243.84,136.36,3,62.4,False,0,pos,832.8844153336951,0.19609475403829915,OnTrack,787.0,2662.0,527.0
2026-08-22 14:57:08.224,0 days 01:10:32.460000,30,654.700277777778,0 days 00:00:15.299000,10360.0,137.0,3,64.0,False,0,car,835.3483333333334,0.19667486021535618,OnTrack,807.9306008766501,2648.1727975091017,527.3320892773211
2026-08-22 14:57:08.340,0 days 01:10:32.576000,30,657.0847222222224,0 days 00:00:15.415000,10505.0,139.57777777777778,3,66.57777777777778,False,0,pos,839.9173414495388,0.19775058993997507,OnTrack,848.0,2626.0,528.0
2026-08-22 14:57:08.500,0 days 01:10:32.736000,30,660.3736111111111,0 days 00:00:15.575000,10705.0,143.13333333333333,3,70.13333333333334,False,0,pos,846.4052650501117,0.19927811015676758,OnTrack,906.0,2603.0,530.0
2026-08-22 14:57:08.584,0 days 01:10:32.820000,30,662.1002777777778,0 days 00:00:15.659000,10810.0,145.0,3,72.0,False,0,car,849.8483333333334,0.20008874800243423,OnTrack,938.3608832623446,2594.7942156752665,531.2015388942147
2026-08-22 14:57:08.720,0 days 01:10:32.956000,30,664.6313888888889,0 days 00:00:15.795000,11007.2,147.83333333333334,3,77.1,False,0,pos,855.4666035069171,0.20141151654933784,OnTrack,993.0,2587.0,534.0
2026-08-22 14:57:08.824,0 days 01:10:33.060000,30,666.5669444444444,0 days 00:00:15.899000,11158.0,150.0,3,81.0,False,0,car,859.8483333333332,0.20244315337283286,OnTrack,1035.7696222783832,2585.314934503617,537.7423562324025
2026-08-22 14:57:08.900,0 days 01:10:33.136000,30,667.4536111111111,0 days 00:00:15.975000,11061.618181818181,152.07272727272726,3,83.41818181818182,False,0,pos,863.118656261102,0.20321311995924055,OnTrack,1069.0,2587.0,541.0
2026-08-22 14:57:09.260,0 days 01:10:33.496000,30,671.6536111111112,0 days 00:00:16.335000,10605.072727272727,161.8909090909091,3,94.87272727272727,False,0,pos,879.4578210972636,0.20706002170304927,OnTrack,1258.0,2628.0,558.0
2026-08-22 14:57:09.264,0 days 01:10:33.500000,30,671.7002777777778,0 days 00:00:16.339000,10600.0,162.0,4,95.0,False,0,car,879.6483333333332,0.20710487600622218,OnTrack,1260.2956108951557,2628.624646357376,558.1759799125164
2026-08-22 14:57:09.663,0 days 01:10:33.899000,30,673.3627777777776,0 days 00:00:16.738000,11332.0,181.0,4,100.0,False,0,car,899.7091666666665,0.2118280093796894,OnTrack,1489.7807458036752,2697.320660328557,572.5623176694975
2026-08-22 14:57:09.680,0 days 01:10:33.916000,30,673.3108335288888,0 days 00:00:16.755000,11304.645557527272,181.77272436363637,4,100.0,False,0,pos,900.613281362091,0.2120408746291258,OnTrack,1498.0,2700.0,573.0
2026-08-22 14:57:10.100,0 days 01:10:34.336000,30,672.0275001955555,0 days 00:00:17.175000,10628.82737570909,200.86363345454546,4,100.0,False,0,pos,924.1023610701418,0.21757115617016143,OnTrack,1651.0,2755.0,580.0
2026-08-22 14:57:10.103,0 days 01:10:34.339000,30,672.0183333333333,0 days 00:00:17.178000,10624.0,201.0,5,100.0,False,0,car,924.2758333333333,0.21761199857296876,OnTrack,1651.9061037383774,2755.3459033820077,580.04130699097
2026-08-22 14:57:10.383,0 days 01:10:34.619000,30,669.9961111111113,0 days 00:00:17.458000,11118.0,212.0,5,100.0,False,0,car,940.764722222222,0.22149415142815937,OnTrack,1734.3404798491667,2787.1757931207526,583.9072598030453
2026-08-22 14:57:10.460,0 days 01:10:34.696000,30,669.2261117511111,0 days 00:00:17.535000,11244.66489472,214.69499776,5,100.0,False,0,pos,945.4086996722416,0.22258753197299302,OnTrack,1763.0,2798.0,585.0
2026-08-22 14:57:10.583,0 days 01:10:34.819000,30,667.996111111111,0 days 00:00:17.658000,11447.0,219.0,5,100.0,False,0,car,952.9313888888888,0.22435867796214445,OnTrack,1817.5695988277473,2818.278590845654,586.7854724878498
2026-08-22 14:57:10.700,0 days 01:10:34.936000,30,666.4361119644443,0 days 00:00:17.775000,11622.499904,221.9249984,5,100.0,False,0,pos,960.2134687946292,0.2260731747659192,OnTrack,1900.0,2847.0,589.0
2026-08-22 14:57:10.860,0 days 01:10:35.096000,30,664.3027786311109,0 days 00:00:17.935000,11862.499904,225.9249984,5,100.0,False,0,pos,970.3546251147072,0.2284608140561236,OnTrack,2066.0,2902.0,593.0
2026-08-22 14:57:10.903,0 days 01:10:35.139000,30,663.7294444444442,0 days 00:00:17.978000,11927.0,227.0,5,100.0,False,0,car,973.1091666666666,0.22910934479841552,OnTrack,2097.9994206972874,2912.492947361598,593.7714833997246
2026-08-22 14:57:11.103,0 days 01:10:35.339000,30,660.6738888888888,0 days 00:00:18.178000,11507.0,234.0,5,100.0,False,0,car,986.1091666666666,0.23217007177993376,OnTrack,2160.761737651874,2932.087983274441,595.0727325753853
2026-08-22 14:57:11.180,0 days 01:10:35.416000,30,659.3263897938265,0 days 00:00:18.255000,11421.743199400411,236.1122180328727,5,100.0,False,0,pos,991.2355224119289,0.23337702372965574,OnTrack,2190.0,2940.0,595.0
2026-08-22 14:57:11.420,0 days 01:10:35.656000,30,655.126389123502,0 days 00:00:18.495000,11156.007496140846,242.69576023074478,5,100.0,False,0,pos,1007.6146074450184,0.2372333243060679,OnTrack,2344.0,2979.0,594.0
2026-08-22 14:57:11.504,0 days 01:10:35.740000,30,653.6563888888885,0 days 00:00:18.579000,11063.0,245.0,6,100.0,False,0,car,1013.3994444444444,0.23859530943590085,OnTrack,2400.257299270924,2990.6968145485284,594.1453975194258
2026-08-22 14:57:11.600,0 days 01:10:35.836000,30,651.9230555555553,0 days 00:00:18.675000,11126.6,247.4,6,100.0,False,0,pos,1020.0262039496994,0.2401555172526521,OnTrack,2464.0,3002.0,594.0
2026-08-22 14:57:11.664,0 days 01:10:35.900000,30,650.7674999999997,0 days 00:00:18.739000,11169.0,249.0,6,100.0,False,0,car,1024.466111111111,0.24120085137914202,OnTrack,2507.3292081605396,3008.6508560565635,593.2027661345568
2026-08-22 14:57:11.780,0 days 01:10:36.016000,30,648.6086111111107,0 days 00:00:18.855000,11312.55,250.93333333333334,6,100.0,False,0,pos,1032.5776762499397,0.24311064263166168,OnTrack,2587.0,3019.0,591.0
2026-08-22 14:57:11.904,0 days 01:10:36.140000,30,646.3008333333328,0 days 00:00:18.979000,11466.0,253.0,6,100.0,False,0,car,1041.3327777777777,0.2451719484372144,OnTrack,2672.645951787911,3027.8264132309946,588.9829782316727
2026-08-22 14:57:11.960,0 days 01:10:36.196000,30,645.2274999999995,0 days 00:00:19.035000,11478.95,254.4,6,100.0,False,0,pos,1045.3125044851627,0.24610893743047302,OnTrack,2712.0,3031.0,588.0
2026-08-22 14:57:12.064,0 days 01:10:36.300000,30,643.2341666666664,0 days 00:00:19.139000,11503.0,257.0,6,100.0,False,0,car,1052.7549999999999,0.24786120257140307,OnTrack,2786.7312931861493,3035.4944971322657,585.8483928881329
2026-08-22 14:57:12.264,0 days 01:10:36.500000,30,639.2341666666666,0 days 00:00:19.339000,11701.0,262.0,6,100.0,False,0,car,1067.3105555555553,0.25128817038831663,OnTrack,2937.2315228357634,3038.3948982281254,580.4098967950434
2026-08-22 14:57:12.360,0 days 01:10:36.596000,30,637.1808333333332,0 days 00:00:19.435000,11537.4,263.8,6,100.0,False,0,pos,1074.4185755479712,0.25296168643262107,OnTrack,3014.0,3036.0,577.0
2026-08-22 14:57:12.744,0 days 01:10:36.980000,30,628.9674999999997,0 days 00:00:19.819000,10883.0,271.0,7,100.0,False,0,car,1103.4438888888888,0.25979542179335713,OnTrack,3328.212505733009,3005.4480426069063,559.6637634565946
2026-08-22 14:57:12.760,0 days 01:10:36.996000,30,628.629722222222,0 days 00:00:19.835000,10880.2,271.26666666666665,7,100.0,False,0,pos,1104.6612615464653,0.26008204066563456,OnTrack,3339.0,3004.0,559.0
2026-08-22 14:57:12.984,0 days 01:10:37.220000,30,623.9008333333331,0 days 00:00:20.059000,10841.0,275.0,7,100.0,False,0,car,1121.7772222222222,0.264111831639088,OnTrack,3465.4610504619527,2983.7456689166893,550.7675765606815
2026-08-22 14:57:13.100,0 days 01:10:37.336000,30,621.4519444444444,0 days 00:00:20.175000,10900.657142857142,277.07142857142856,7,100.0,False,0,pos,1130.7452256456338,0.26622326318127143,OnTrack,3550.0,2968.0,546.0
2026-08-22 14:57:13.264,0 days 01:10:37.500000,30,617.9897222222223,0 days 00:00:20.339000,10985.0,280.0,7,100.0,False,0,car,1143.5549999999998,0.2692392033346228,OnTrack,3719.0811762158837,2935.7921366364885,537.7408744557131
2026-08-22 14:57:13.380,0 days 01:10:37.616000,30,615.4441666666667,0 days 00:00:20.455000,11060.4,282.07142857142856,7,100.0,False,0,pos,1152.703540509097,0.27139314062521563,OnTrack,3825.0,2915.0,533.0
2026-08-22 14:57:13.544,0 days 01:10:37.780000,30,611.8452777777775,0 days 00:00:20.619000,11167.0,285.0,7,100.0,False,0,car,1165.7216666666666,0.27445813523900653,OnTrack,3906.6837690598463,2897.715379240003,530.0808521529103
2026-08-22 14:57:13.640,0 days 01:10:37.876000,30,609.7919444444442,0 days 00:00:20.715000,11231.4,285.8,7,100.0,False,0,pos,1173.359002096272,0.27625627359410637,OnTrack,3964.0,2889.0,529.0
2026-08-22 14:57:13.784,0 days 01:10:38.020000,30,606.7119444444443,0 days 00:00:20.859000,11328.0,287.0,7,100.0,False,0,car,1184.855,0.27896289751436926,OnTrack,4107.240188765602,2872.9541585650973,526.8928953503357
2026-08-22 14:57:14.000,0 days 01:10:38.236000,30,602.3919444444443,0 days 00:00:21.075000,11399.55,289.025,7,100.0,False,0,pos,1202.2375193239345,0.28305544719910225,OnTrack,4343.0,2852.0,524.0
2026-08-22 14:57:14.104,0 days 01:10:38.340000,30,600.3119444444444,0 days 00:00:21.179000,11434.0,290.0,7,100.0,False,0,car,1210.6327777777776,0.28503203135806354,OnTrack,4402.857323858553,2848.929091188467,523.5109152431454
2026-08-22 14:57:14.319,0 days 01:10:38.555000,30,596.3105543644443,0 days 00:00:21.394000,11472.2968864,290.6718752,7,100.0,False,0,pos,1227.9998266695277,0.28912093867593475,OnTrack,4487.0,2856.0,524.0
2026-08-22 14:57:14.424,0 days 01:10:38.660000,30,594.3563888888887,0 days 00:00:21.499000,11491.0,291.0,7,100.0,False,0,car,1236.4994444444444,0.29112209324949473,OnTrack,4566.460048074515,2864.932300708401,524.64515460269
2026-08-22 14:57:14.500,0 days 01:10:38.736000,30,592.9841666666663,0 days 00:00:21.575000,11513.325,291.475,7,100.0,False,0,pos,1242.6621826524313,0.29257305164281927,OnTrack,4630.0,2874.0,525.0
2026-08-22 14:57:14.584,0 days 01:10:38.820000,30,591.4674999999995,0 days 00:00:21.659000,11538.0,292.0,7,100.0,False,0,car,1249.4772222222223,0.2941775882190788,OnTrack,4697.509354695608,2886.859555233946,525.0818560210553
2026-08-22 14:57:14.700,0 days 01:10:38.936000,30,589.4052777777772,0 days 00:00:21.775000,11532.2,292.0,7,100.0,False,0,pos,1258.8817910900987,0.29639180496395995,OnTrack,4787.0,2909.0,525.0
2026-08-22 14:57:14.824,0 days 01:10:39.060000,30,587.2008333333326,0 days 00:00:21.899000,11526.0,292.0,7,100.0,False,0,car,1268.9438888888892,0.2987608306734549,OnTrack,4879.463514036303,2937.4291516131434,525.2302477645037
2026-08-22 14:57:15.020,0 days 01:10:39.256000,30,583.6619444444437,0 days 00:00:22.095000,11570.1,292.98,7,100.0,False,0,pos,1284.896058222668,0.3025166179883506,OnTrack,5032.0,2999.0,526.0
2026-08-22 14:57:15.024,0 days 01:10:39.260000,30,583.5897222222216,0 days 00:00:22.099000,11571.0,293.0,7,100.0,False,0,car,1285.221666666667,0.3025932794152705,OnTrack,5035.422667501026,3000.584469165629,526.0159348585928
2026-08-22 14:57:15.184,0 days 01:10:39.420000,30,580.4786111111102,0 days 00:00:22.259000,11599.0,293.0,7,100.0,False,0,car,1298.2438888888892,0.30565923840872294,OnTrack,5178.4367213999785,3072.2291914448165,526.7357268370894
2026-08-22 14:57:15.220,0 days 01:10:39.456000,30,579.6886111111103,0 days 00:00:22.295000,11600.145454545454,293.08181818181816,7,100.0,False,0,pos,1301.175665495452,0.30634949746745305,OnTrack,5208.0,3088.0,527.0
2026-08-22 14:57:15.580,0 days 01:10:39.816000,30,571.7886111111104,0 days 00:00:22.655000,11611.6,293.9,7,100.0,False,0,pos,1330.5685451338697,0.3132697728346702,OnTrack,5436.0,3224.0,533.0
2026-08-22 14:57:15.624,0 days 01:10:39.860000,30,570.8230555555549,0 days 00:00:22.699000,11613.0,294.0,7,100.0,False,0,car,1334.1772222222226,0.31411940170635544,OnTrack,5464.833699419965,3241.871955488627,534.2800774885806
2026-08-22 14:57:15.780,0 days 01:10:40.016000,30,567.1397222222214,0 days 00:00:22.855000,11626.26,295.56,7,100.0,False,0,pos,1347.0016871393013,0.3171388006136813,OnTrack,5577.0,3310.0,540.0
2026-08-22 14:57:15.824,0 days 01:10:40.060000,30,566.1008333333325,0 days 00:00:22.899000,11630.0,296.0,7,100.0,False,0,car,1350.621666666667,0.3179910905376776,OnTrack,5612.232919926663,3330.435610503922,542.0131584663595
2026-08-22 14:57:16.024,0 days 01:10:40.260000,30,561.0452777777773,0 days 00:00:23.099000,11634.0,296.0,7,100.0,False,0,car,1367.0661111111112,0.3218627793689998,OnTrack,5779.997747350514,3422.7390097965094,552.2753261191972
2026-08-22 14:57:16.040,0 days 01:10:40.276000,30,560.6008334762697,0 days 00:00:23.115000,11636.653265478346,295.91959801580765,7,100.0,False,0,pos,1368.3793421540033,0.3221719671909958,OnTrack,5792.0,3429.0,553.0
2026-08-22 14:57:16.223,0 days 01:10:40.459000,30,555.5174999999995,0 days 00:00:23.298000,11667.0,295.0,7,100.0,False,0,car,1383.3730555555555,0.325702095126479,OnTrack,5908.05675105196,3485.3082639473673,559.7131205787414
2026-08-22 14:57:16.400,0 days 01:10:40.636000,30,549.961668675555,0 days 00:00:23.475000,11634.3656368,294.4468752,7,100.0,False,0,pos,1397.849246967698,0.32911037740684573,OnTrack,6031.0,3528.0,566.0
2026-08-22 14:57:16.543,0 days 01:10:40.779000,30,545.473055555555,0 days 00:00:23.618000,11608.0,294.0,7,100.0,False,0,car,1409.506388888889,0.33185494116112085,OnTrack,6170.972597699534,3564.404400242937,572.6917473204443
2026-08-22 14:57:16.660,0 days 01:10:40.896000,30,541.670557635555,0 days 00:00:23.735000,11573.48501888,292.83000064,7,100.0,False,0,pos,1419.0063915969754,0.3340916269005929,OnTrack,6285.0,3589.0,578.0
2026-08-22 14:57:16.743,0 days 01:10:40.979000,30,538.973055555555,0 days 00:00:23.818000,11549.0,292.0,7,100.0,False,0,car,1425.7286111111114,0.33567430987310093,OnTrack,6353.02315011233,3600.6576972712123,581.1075037180664
2026-08-22 14:57:16.903,0 days 01:10:41.139000,30,533.6397222222215,0 days 00:00:23.978000,11489.0,291.0,7,100.0,False,0,car,1438.6619444444448,0.33871934081881655,OnTrack,6457.285103009295,3610.5792867024156,585.653378358515
2026-08-22 14:57:17.040,0 days 01:10:41.276000,30,528.9208355377772,0 days 00:00:24.115000,11467.76500992,291.0,7,100.0,False,0,pos,1449.74556951202,0.34132887545707497,OnTrack,6551.0,3616.0,589.0
2026-08-22 14:57:17.103,0 days 01:10:41.339000,30,526.7508333333328,0 days 00:00:24.178000,11458.0,291.0,7,100.0,False,0,car,1454.8286111111113,0.342525629500961,OnTrack,6599.007000712942,3618.63345960515,590.474874247974
2026-08-22 14:57:17.220,0 days 01:10:41.456000,30,522.6558355733326,0 days 00:00:24.295000,11455.0750016,290.02500053333335,7,100.0,False,0,pos,1464.2260846680433,0.344738175722023,OnTrack,6692.0,3623.0,593.0
2026-08-22 14:57:17.343,0 days 01:10:41.579000,30,518.3508333333325,0 days 00:00:24.418000,11452.0,289.0,7,100.0,False,0,car,1474.095277777778,0.3470617838479291,OnTrack,6787.0049148718535,3625.3041164483056,595.1357135966438
2026-08-22 14:57:17.400,0 days 01:10:41.636000,30,516.3083356266659,0 days 00:00:24.475000,11441.0071552,289.2035712,7,100.0,False,0,pos,1478.6832207685363,0.34814197160958155,OnTrack,6837.0,3626.0,596.0
2026-08-22 14:57:17.623,0 days 01:10:41.859000,30,508.3174999999992,0 days 00:00:24.698000,11398.0,290.0,7,100.0,False,0,car,1496.6508333333336,0.3523722759611616,OnTrack,7082.863843663003,3627.945463392661,598.6877581548945
2026-08-22 14:57:17.680,0 days 01:10:41.916000,30,506.3383351047841,0 days 00:00:24.755000,11372.03561042804,289.39145961940716,7,100.0,False,0,pos,1501.2154879972413,0.35344698070663355,OnTrack,7142.0,3628.0,599.0
2026-08-22 14:57:17.904,0 days 01:10:42.140000,30,498.56055555555486,0 days 00:00:24.979000,11270.0,287.0,7,100.0,False,0,car,1519.052777777778,0.3576466017918988,OnTrack,7324.323727150716,3625.9470182934906,598.3277888079479
2026-08-22 14:57:18.064,0 days 01:10:42.300000,30,493.13833333333264,0 days 00:00:25.139000,11233.0,286.0,7,100.0,False,0,car,1531.7638888888891,0.3606393126182722,OnTrack,7428.689941864414,3622.8248579930178,596.5030505233574
2026-08-22 14:57:18.100,0 days 01:10:42.336000,30,491.95833333333263,0 days 00:00:25.175000,11235.7,286.0,7,100.0,False,0,pos,1534.6252153889413,0.36131298486609087,OnTrack,7452.0,3622.0,596.0
2026-08-22 14:57:18.304,0 days 01:10:42.540000,30,485.27166666666585,0 days 00:00:25.379000,11251.0,286.0,7,100.0,False,0,car,1550.830555555556,0.36512837885783234,OnTrack,7582.900203252969,3616.475169267469,592.5080019515806
2026-08-22 14:57:18.500,0 days 01:10:42.736000,30,479.06499999999903,0 days 00:00:25.575000,11172.6,284.04,7,100.0,False,0,pos,1566.294233995,0.3687691556142268,OnTrack,7721.0,3606.0,589.0
2026-08-22 14:57:18.504,0 days 01:10:42.740000,30,478.93833333333237,0 days 00:00:25.579000,11171.0,284.0,7,100.0,False,0,car,1566.6083333333338,0.36884310733112796,OnTrack,7724.084003679899,3605.696140687931,588.9354292845609
2026-08-22 14:57:18.560,0 days 01:10:42.796000,30,477.2583333333325,0 days 00:00:25.635000,11176.25,283.3,7,100.0,False,0,pos,1570.9990067532178,0.3698768498390722,OnTrack,7768.0,3601.0,588.0
2026-08-22 14:57:18.664,0 days 01:10:42.900000,30,474.13833333333264,0 days 00:00:25.739000,11186.0,282.0,7,100.0,False,0,car,1579.141666666667,0.37179396206202764,OnTrack,7848.660673694814,3589.314801824941,585.3673186091528
2026-08-22 14:57:18.900,0 days 01:10:43.136000,30,467.51722222222156,0 days 00:00:25.975000,10972.944444444445,281.34444444444443,7,46.24444444444444,False,0,pos,1597.6974476820985,0.37616274510949493,OnTrack,8023.0,3548.0,577.0
2026-08-22 14:57:19.024,0 days 01:10:43.260000,30,464.03833333333273,0 days 00:00:26.099000,10861.0,281.0,7,18.0,True,0,car,1607.241666666667,0.3784098411528478,OnTrack,8108.799798770603,3517.3381635428914,573.253842189984
2026-08-22 14:57:19.080,0 days 01:10:43.316000,30,462.8094444444439,0 days 00:00:26.155000,10836.8,278.0,7,19.4,True,0,pos,1611.468215921153,0.3794049421791495,OnTrack,8150.0,3498.0,571.0
2026-08-22 14:57:19.304,0 days 01:10:43.540000,30,457.89388888888857,0 days 00:00:26.379000,10740.0,266.0,7,25.0,True,0,car,1627.9305555555559,0.3832808442636059,OnTrack,8327.0028165079,3387.255376468802,557.7884672943082
2026-08-22 14:57:19.320,0 days 01:10:43.556000,30,457.5694444444441,0 days 00:00:26.395000,10772.28,265.6,7,26.76,True,0,pos,1629.0876764781403,0.38355327743503925,OnTrack,8337.0,3380.0,557.0
2026-08-22 14:57:19.580,0 days 01:10:43.816000,30,452.2972222222221,0 days 00:00:26.655000,11296.83,259.1,7,55.36,True,0,pos,1647.6044717235568,0.3879128816518773,OnTrack,8443.0,3281.0,549.0
2026-08-22 14:57:19.704,0 days 01:10:43.940000,30,449.7827777777777,0 days 00:00:26.779000,11547.0,256.0,6,69.0,False,0,car,1656.3750000000002,0.38997781953940647,OnTrack,8495.227761512187,3217.0089658841903,545.4033509599474
2026-08-22 14:57:19.880,0 days 01:10:44.116000,30,445.96944444444426,0 days 00:00:26.955000,11539.96,255.12,6,84.84,False,0,pos,1668.8402950775067,0.3929126553068151,OnTrack,8570.0,3110.0,540.0
2026-08-22 14:57:19.904,0 days 01:10:44.140000,30,445.4494444444442,0 days 00:00:26.979000,11539.0,255.0,6,87.0,False,0,car,1670.5416666666667,0.3933132271474712,OnTrack,8578.650793055966,3095.316833382875,539.2830314447319
2026-08-22 14:57:20.060,0 days 01:10:44.296000,30,441.8094444444441,0 days 00:00:27.135000,11526.65,255.0,6,89.6,False,0,pos,1681.6066816712266,0.3959183802224989,OnTrack,8627.0,2996.0,535.0
2026-08-22 14:57:20.144,0 days 01:10:44.380000,30,439.8494444444441,0 days 00:00:27.219000,11520.0,255.0,6,91.0,False,0,car,1687.541666666667,0.39731571627714896,OnTrack,8649.575333476352,2934.3714200734653,533.3373395957778
2026-08-22 14:57:20.340,0 days 01:10:44.576000,30,434.78611111111076,0 days 00:00:27.415000,11521.4,253.6,6,89.6,False,0,pos,1701.293361099072,0.4005534225995224,OnTrack,8690.0,2781.0,531.0
2026-08-22 14:57:20.424,0 days 01:10:44.660000,30,432.61611111111074,0 days 00:00:27.499000,11522.0,253.0,6,89.0,False,0,car,1707.2194444444447,0.40194866284490005,OnTrack,8699.258994528422,2722.0416884380816,530.3723713242492
2026-08-22 14:57:20.584,0 days 01:10:44.820000,30,428.03833333333273,0 days 00:00:27.659000,11503.0,256.0,6,91.0,False,0,car,1718.5972222222224,0.4046274529552203,OnTrack,8703.778095649424,2621.631961797959,529.7662421140136
2026-08-22 14:57:20.720,0 days 01:10:44.956000,30,423.99611111111057,0 days 00:00:27.795000,11523.4,254.64,6,97.12,False,0,pos,1728.195365596357,0.40688724498581214,OnTrack,8701.0,2538.0,530.0
2026-08-22 14:57:20.784,0 days 01:10:45.020000,30,422.0938888888884,0 days 00:00:27.859000,11533.0,254.0,6,100.0,False,0,car,1732.7083333333337,0.40794978053344955,OnTrack,8698.345122285678,2498.0333007680047,530.3636360163443
2026-08-22 14:57:20.919,0 days 01:10:45.155000,30,417.70638680888857,0 days 00:00:27.994000,11528.781248,254.4218752,6,100.0,False,0,pos,1742.258291392393,0.41019822778758264,OnTrack,8686.0,2406.0,532.0
2026-08-22 14:57:21.104,0 days 01:10:45.340000,30,411.69388888888875,0 days 00:00:28.179000,11523.0,255.0,6,100.0,False,0,car,1755.3750000000002,0.4132864327063531,OnTrack,8641.974468719965,2244.61435321929,537.0845424100742
2026-08-22 14:57:21.180,0 days 01:10:45.416000,30,409.0972222222221,0 days 00:00:28.255000,11535.214285714286,255.0,6,100.0,False,0,pos,1760.7574328036171,0.41455367557621775,OnTrack,8622.0,2186.0,539.0
2026-08-22 14:57:21.384,0 days 01:10:45.620000,30,402.12722222222214,0 days 00:00:28.459000,11568.0,255.0,6,100.0,False,0,car,1775.2083333333337,0.4179560033576438,OnTrack,8575.251254767727,2083.627048045665,541.7591978938177
2026-08-22 14:57:21.540,0 days 01:10:45.776000,30,396.3638888888886,0 days 00:00:28.615000,11584.38,255.78,6,100.0,False,0,pos,1786.2984199046668,0.4205670592958171,OnTrack,8529.0,2007.0,545.0
2026-08-22 14:57:21.584,0 days 01:10:45.820000,30,394.738333333333,0 days 00:00:28.659000,11589.0,256.0,6,100.0,False,0,car,1789.4305555555559,0.4213044909955441,OnTrack,8512.22559540746,1979.2242384910098,546.4957479601799
2026-08-22 14:57:21.600,0 days 01:10:45.836000,30,394.1072222222219,0 days 00:00:28.675000,11588.75,256.05,6,100.0,False,0,pos,1790.5698246742127,0.42157272112867356,OnTrack,8506.0,1969.0,547.0
2026-08-22 14:57:21.800,0 days 01:10:46.036000,30,386.21833333333296,0 days 00:00:28.875000,11585.625,256.675,6,100.0,False,0,pos,1804.8280484434263,0.4249296849901318,OnTrack,8429.0,1847.0,550.0
2026-08-22 14:57:21.904,0 days 01:10:46.140000,30,382.11611111111074,0 days 00:00:28.979000,11584.0,257.0,6,100.0,False,0,car,1812.2750000000003,0.42668299926392145,OnTrack,8389.010276031146,1784.3145870172177,550.9860816737038
2026-08-22 14:57:22.100,0 days 01:10:46.336000,30,374.0583333333329,0 days 00:00:29.175000,11642.8,258.6333333333333,6,100.0,False,0,pos,1826.3782686232557,0.4300034804025982,OnTrack,8314.0,1666.0,553.0
2026-08-22 14:57:22.144,0 days 01:10:46.380000,30,372.24944444444395,0 days 00:00:29.219000,11656.0,259.0,6,100.0,False,0,car,1829.5416666666672,0.43074827253680986,OnTrack,8297.369739471204,1639.4584723922865,553.557767775806
2026-08-22 14:57:22.280,0 days 01:10:46.516000,30,366.469444444444,0 days 00:00:29.355000,11655.622222222222,258.6222222222222,6,100.0,False,0,pos,1839.2954864946055,0.4330447171152897,OnTrack,8246.0,1557.0,555.0
2026-08-22 14:57:22.500,0 days 01:10:46.736000,30,357.119444444444,0 days 00:00:29.575000,11655.011111111111,258.0111111111111,6,100.0,False,0,pos,1855.0544238396492,0.4367550097869844,OnTrack,8162.0,1422.0,554.0
2026-08-22 14:57:22.504,0 days 01:10:46.740000,30,356.949444444444,0 days 00:00:29.579000,11655.0,258.0,6,100.0,False,0,car,1855.3416666666672,0.43682263839243834,OnTrack,8160.543653263367,1419.6403437189147,553.978362778047
2026-08-22 14:57:22.820,0 days 01:10:47.056000,30,343.08055555555484,0 days 00:00:29.895000,11592.7875,258.9875,6,100.0,False,0,pos,1878.076766181668,0.44217540243190495,OnTrack,8046.0,1224.0,552.0
2026-08-22 14:57:22.824,0 days 01:10:47.060000,30,342.9049999999993,0 days 00:00:29.899000,11592.0,259.0,6,100.0,False,0,car,1878.3638888888895,0.4422430027562895,OnTrack,8044.269109501062,1220.76703101754,551.9310240767304
2026-08-22 14:57:23.023,0 days 01:10:47.259000,30,334.1158333333326,0 days 00:00:30.098000,11622.0,258.0,6,100.0,False,0,car,1892.625555555556,0.445600777215373,OnTrack,7954.057254407644,1045.1728209740527,547.3197019535064
2026-08-22 14:57:23.040,0 days 01:10:47.276000,30,333.34139180444373,0 days 00:00:30.115000,11625.90998528,258.04249984,6,100.0,False,0,pos,1893.845185298844,0.44588792749712247,OnTrack,7948.0,1033.0,547.0
2026-08-22 14:57:23.320,0 days 01:10:47.556000,30,320.5858362488882,0 days 00:00:30.395000,11690.30998528,258.74249984,6,100.0,False,0,pos,1913.9878712804343,0.4506303323020534,OnTrack,7888.0,903.0,544.0
2026-08-22 14:57:23.423,0 days 01:10:47.659000,30,315.89361111111043,0 days 00:00:30.498000,11714.0,259.0,6,100.0,False,0,car,1921.4033333333339,0.4523762326701869,OnTrack,7860.909267512711,841.1038933503929,542.2581835172132
2026-08-22 14:57:23.540,0 days 01:10:47.776000,30,310.5636140266659,0 days 00:00:30.615000,11643.0687888,259.0,6,100.0,False,0,pos,1929.822835147782,0.4543585246989887,OnTrack,7824.0,757.0,540.0
2026-08-22 14:57:23.583,0 days 01:10:47.819000,30,308.6047222222214,0 days 00:00:30.658000,11617.0,259.0,6,100.0,False,0,car,1932.914444444445,0.4550864148521125,OnTrack,7809.405403529078,723.9415669333151,539.2416744524664
2026-08-22 14:57:23.743,0 days 01:10:47.979000,30,301.4491666666661,0 days 00:00:30.818000,11617.0,257.0,6,89.0,True,0,car,1944.3366666666673,0.4577756689863012,OnTrack,7750.45952780143,591.649214980347,536.7590102489844
2026-08-22 14:57:23.880,0 days 01:10:48.116000,30,295.9311136888884,0 days 00:00:30.955000,11267.160877714286,250.1500032,6,57.68572891428571,True,0,pos,1953.743388131066,0.45999039253966356,OnTrack,7699.0,486.0,535.0
2026-08-22 14:57:24.023,0 days 01:10:48.259000,30,290.1713888888885,0 days 00:00:31.098000,10902.0,243.0,6,25.0,True,0,car,1963.2366666666671,0.4622254951363546,OnTrack,7646.885980533108,393.4853956400171,533.4940210648377
2026-08-22 14:57:24.280,0 days 01:10:48.516000,30,280.96222267945984,0 days 00:00:31.355000,11694.616783076244,232.59190082829176,6,32.20560711887494,True,0,pos,1979.7326713555133,0.4661093233393087,OnTrack,7561.0,273.0,531.0
2026-08-22 14:57:24.344,0 days 01:10:48.580000,30,278.66888888888866,0 days 00:00:31.419000,11892.0,230.0,6,34.0,False,0,car,1983.7450000000006,0.4670539881501472,OnTrack,7542.24201358748,252.19798518902587,530.2350302748785
2026-08-22 14:57:24.620,0 days 01:10:48.856000,30,270.00555555555553,0 days 00:00:31.695000,11741.733333333334,223.1,6,55.46666666666667,False,0,pos,2000.7022089621892,0.471046402534902,OnTrack,7456.0,186.0,527.0
2026-08-22 14:57:24.704,0 days 01:10:48.940000,30,267.36888888888893,0 days 00:00:31.779000,11696.0,221.0,5,62.0,False,0,car,2005.8450000000005,0.47225722401872816,OnTrack,7417.306465573961,162.19837825433638,526.5084228289725
2026-08-22 14:57:24.820,0 days 01:10:49.056000,30,263.7922222222221,0 days 00:00:31.895000,11771.98,221.0,5,62.0,False,0,pos,2012.9728181486291,0.47393540135156376,OnTrack,7347.0,129.0,526.0
2026-08-22 14:57:24.904,0 days 01:10:49.140000,30,261.20222222222196,0 days 00:00:31.979000,11827.0,221.0,5,62.0,False,0,car,2018.1227777777783,0.4751479106123843,OnTrack,7278.511473579001,108.61780513285349,525.4941065827821
2026-08-22 14:57:25.120,0 days 01:10:49.356000,30,255.02222222222207,0 days 00:00:32.195000,11632.6,219.2,5,67.4,False,0,pos,2031.2611693366916,0.478241220576855,OnTrack,7090.0,73.0,524.0
2026-08-22 14:57:25.144,0 days 01:10:49.380000,30,254.3355555555554,0 days 00:00:32.219000,11611.0,219.0,5,68.0,False,0,car,2032.7227777777784,0.47858534245316636,OnTrack,7076.077777201925,70.88274884832582,523.868922807087
2026-08-22 14:57:25.420,0 days 01:10:49.656000,30,246.6688888888887,0 days 00:00:32.495000,11562.7,219.9857142857143,5,88.7,False,0,pos,2049.590007626858,0.48255657210720854,OnTrack,6978.0,66.0,523.0
2026-08-22 14:57:25.424,0 days 01:10:49.660000,30,246.55777777777757,0 days 00:00:32.499000,11562.0,220.0,5,89.0,False,0,car,2049.8338888888898,0.4826139916425152,OnTrack,6975.955205265946,65.99145582930369,522.9967095755096
2026-08-22 14:57:25.560,0 days 01:10:49.796000,30,243.04444444444434,0 days 00:00:32.635000,11546.133333333333,219.43333333333334,5,95.23333333333333,False,0,pos,2058.105441526816,0.4845614504377421,OnTrack,6892.0,66.0,523.0
2026-08-22 14:57:25.664,0 days 01:10:49.900000,30,240.35777777777776,0 days 00:00:32.739000,11534.0,219.0,5,100.0,False,0,car,2064.4338888888897,0.4860514234832972,OnTrack,6827.292975598829,68.21235517205312,523.0063010777188
2026-08-22 14:57:25.780,0 days 01:10:50.016000,30,237.3933333333332,0 days 00:00:32.855000,11524.72,219.58,5,100.0,False,0,pos,2071.520113815656,0.48771980808564036,OnTrack,6757.0,73.0,523.0
2026-08-22 14:57:25.864,0 days 01:10:50.100000,30,235.24666666666644,0 days 00:00:32.939000,11518.0,220.0,5,100.0,False,0,car,2076.656111111112,0.4889290300471178,OnTrack,6706.078929858292,77.74555695694154,522.998141675419
2026-08-22 14:57:26.024,0 days 01:10:50.260000,30,231.2466666666669,0 days 00:00:33.099000,11520.0,220.0,5,100.0,False,0,car,2086.433888888889,0.49123111529817415,OnTrack,6609.074295840186,89.75239392090518,523.0001638016798
2026-08-22 14:57:26.160,0 days 01:10:50.396000,30,227.96000000000012,0 days 00:00:33.235000,11542.1,220.56666666666666,5,100.0,False,0,pos,2094.777187685437,0.4931954660475175,OnTrack,6527.0,103.0,523.0
2026-08-22 14:57:26.264,0 days 01:10:50.500000,30,225.44666666666672,0 days 00:00:33.339000,11559.0,221.0,5,100.0,False,0,car,2101.167222222223,0.49469993921056155,OnTrack,6464.554116231022,115.01690744751015,522.9972383111427
2026-08-22 14:57:26.340,0 days 01:10:50.576000,30,223.631111111111,0 days 00:00:33.415000,11578.0,221.0,5,100.0,False,0,pos,2105.835880387232,0.49579913059618697,OnTrack,6419.0,125.0,523.0
2026-08-22 14:57:26.424,0 days 01:10:50.660000,30,221.62444444444418,0 days 00:00:33.499000,11599.0,221.0,5,100.0,False,0,car,2110.9894444444453,0.4970124884854865,OnTrack,6368.6571392115675,137.34173855022067,523.0124782742339
2026-08-22 14:57:26.580,0 days 01:10:50.816000,30,218.07111111111112,0 days 00:00:33.655000,11459.25,220.35,5,100.0,False,0,pos,2120.526505501451,0.49925789926253006,OnTrack,6276.0,164.0,523.0
2026-08-22 14:57:26.664,0 days 01:10:50.900000,30,216.15777777777794,0 days 00:00:33.739000,11384.0,220.0,5,100.0,False,0,car,2125.656111111112,0.5004656163620712,OnTrack,6227.217781992443,180.43533810447988,522.9299579904988
2026-08-22 14:57:26.720,0 days 01:10:50.956000,30,214.9133333333333,0 days 00:00:33.795000,11351.1,219.65,5,100.0,False,0,pos,2129.0768378307716,0.5012709940980147,OnTrack,6195.0,192.0,523.0
2026-08-22 14:57:26.824,0 days 01:10:51.060000,30,212.60222222222183,0 days 00:00:33.899000,11290.0,219.0,5,100.0,False,0,car,2135.3894444444454,0.5027572375892593,OnTrack,6135.601940408779,214.461933154659,523.5874557855852
2026-08-22 14:57:26.900,0 days 01:10:51.136000,30,211.2299999999996,0 days 00:00:33.975000,11198.377777777778,216.25555555555556,5,94.72222222222223,False,0,pos,2139.9166536403513,0.5038231261536352,OnTrack,6093.0,232.0,524.0
2026-08-22 14:57:27.120,0 days 01:10:51.356000,30,207.2577777777774,0 days 00:00:34.195000,10933.155555555555,208.3111111111111,5,79.44444444444444,False,0,pos,2152.5241303828057,0.5067914372485962,OnTrack,5975.0,289.0,524.0
2026-08-22 14:57:27.184,0 days 01:10:51.420000,30,206.10222222222183,0 days 00:00:34.259000,10856.0,206.0,5,75.0,True,0,car,2155.9894444444453,0.5076073126522804,OnTrack,5942.005352191672,307.0593911821599,523.9852537650861
2026-08-22 14:57:27.280,0 days 01:10:51.516000,30,204.9288888888885,0 days 00:00:34.355000,10583.6,198.2,5,54.0,True,0,pos,2161.0014849749896,0.5087873501664574,OnTrack,5896.0,334.0,524.0
2026-08-22 14:57:27.459,0 days 01:10:51.695000,30,202.74111032888857,0 days 00:00:34.534000,10075.6873184,183.6562448,5,14.843736000000002,True,0,pos,2169.83410170032,0.5108669061917365,OnTrack,5828.0,380.0,524.0
2026-08-22 14:57:27.504,0 days 01:10:51.740000,30,202.19111111111079,0 days 00:00:34.579000,9948.0,180.0,5,5.0,True,0,car,2171.9894444444453,0.5113743612449183,OnTrack,5811.385878126878,392.3636739120797,523.999800776604
2026-08-22 14:57:27.704,0 days 01:10:51.940000,30,200.3022222222221,0 days 00:00:34.779000,10153.0,167.0,4,7.0,True,0,car,2181.267222222223,0.5135587262274548,OnTrack,5735.994796889731,453.66371621835356,524.0007320833316
2026-08-22 14:57:27.720,0 days 01:10:51.956000,30,200.18666666666655,0 days 00:00:34.795000,10137.88,166.12,4,7.0,True,0,pos,2181.984992855388,0.5137277185307985,OnTrack,5730.0,459.0,524.0
2026-08-22 14:57:27.904,0 days 01:10:52.140000,30,198.85777777777776,0 days 00:00:34.979000,9964.0,156.0,4,7.0,True,0,car,2189.9338888888897,0.5155992108818003,OnTrack,5662.233478808656,524.5717451551203,523.9822397702361
2026-08-22 14:57:28.020,0 days 01:10:52.256000,30,198.37444444444444,0 days 00:00:35.095000,10147.666666666666,149.23333333333332,4,7.966666666666667,True,0,pos,2194.591096309515,0.5166957062980183,OnTrack,5626.0,564.0,524.0
2026-08-22 14:57:28.144,0 days 01:10:52.380000,30,197.85777777777776,0 days 00:00:35.219000,10344.0,142.0,3,9.0,True,0,car,2199.4005555555564,0.5178280479657776,OnTrack,5596.159168832504,600.856009360457,524.0672301920179
2026-08-22 14:57:28.380,0 days 01:10:52.616000,30,196.74333333333306,0 days 00:00:35.455000,9789.4,138.62857142857143,3,9.0,True,0,pos,2208.4798903574533,0.519965691427501,OnTrack,5556.0,666.0,524.0
2026-08-22 14:57:28.424,0 days 01:10:52.660000,30,196.53555555555522,0 days 00:00:35.499000,9686.0,138.0,3,9.0,True,0,car,2210.13388888889,0.5203551097300056,OnTrack,5549.024636764084,679.614948963976,523.886855224928
2026-08-22 14:57:28.600,0 days 01:10:52.836000,30,195.89999999999992,0 days 00:00:35.675000,9515.133333333333,132.86666666666667,3,9.0,True,0,pos,2216.584840435355,0.5218739252265236,OnTrack,5524.0,738.0,523.0
2026-08-22 14:57:28.664,0 days 01:10:52.900000,30,195.6688888888889,0 days 00:00:35.739000,9453.0,131.0,3,9.0,True,0,car,2218.867222222223,0.5224112904201538,OnTrack,5517.351279310254,759.8480795177987,522.4324460387421
2026-08-22 14:57:28.720,0 days 01:10:52.956000,30,195.5133333333333,0 days 00:00:35.795000,9382.16,129.88,3,9.0,True,0,pos,2220.8370901513745,0.5228750771832907,OnTrack,5513.0,779.0,522.0
2026-08-22 14:57:29.020,0 days 01:10:53.256000,30,194.6799999999998,0 days 00:00:36.095000,9002.66,123.88,3,9.0,True,0,pos,2231.0507795473222,0.525279793699831,OnTrack,5516.0,879.0,522.0
2026-08-22 14:57:29.064,0 days 01:10:53.300000,30,194.55777777777757,0 days 00:00:36.139000,8947.0,123.0,3,9.0,False,0,car,2232.53388888889,0.5256289777596986,OnTrack,5519.742146872756,892.9645477684244,521.8706509263733
2026-08-22 14:57:29.280,0 days 01:10:53.516000,30,193.77777777777754,0 days 00:00:36.355000,8974.981818181817,122.01818181818182,3,25.2,False,0,pos,2239.8026221021605,0.5273403322110305,OnTrack,5549.0,959.0,521.0
2026-08-22 14:57:29.480,0 days 01:10:53.716000,30,193.0555555555553,0 days 00:00:36.555000,9000.89090909091,121.10909090909091,3,40.199999999999996,False,0,pos,2246.517749571556,0.5289213454287162,OnTrack,5588.0,1017.0,522.0
2026-08-22 14:57:29.504,0 days 01:10:53.740000,30,192.9688888888886,0 days 00:00:36.579000,9004.0,121.0,3,42.0,False,0,car,2247.322777777779,0.5291108817019214,OnTrack,5592.755377256362,1023.3783649505192,522.0644674190712
2026-08-22 14:57:29.680,0 days 01:10:53.916000,30,192.2844446277263,0 days 00:00:36.755000,9045.974884157353,121.0,3,42.0,False,0,pos,2253.2268690272927,0.5305009441164393,OnTrack,5632.0,1070.0,522.0
2026-08-22 14:57:29.743,0 days 01:10:53.979000,30,192.03944444444414,0 days 00:00:36.818000,9061.0,121.0,3,42.0,False,0,car,2255.3558333333344,0.5310021886159926,OnTrack,5652.604121183019,1090.5698182365122,521.9751737738925
2026-08-22 14:57:29.920,0 days 01:10:54.156000,30,191.10527811555522,0 days 00:00:36.995000,9222.758274844444,122.47499946666667,3,47.899997866666666,False,0,pos,2261.4068843524424,0.5324268513175869,OnTrack,5722.0,1153.0,522.0
2026-08-22 14:57:30.103,0 days 01:10:54.339000,30,190.13944444444405,0 days 00:00:37.178000,9390.0,124.0,3,54.0,False,0,car,2267.7558333333345,0.5339216512752869,OnTrack,5783.32410528982,1199.7696340806212,522.0237239938207
2026-08-22 14:57:30.260,0 days 01:10:54.496000,30,189.2236114844438,0 days 00:00:37.335000,9634.91990016,126.35499904,3,60.27999744,False,0,pos,2273.2739854808237,0.5352208479803594,OnTrack,5824.0,1227.0,522.0
2026-08-22 14:57:30.303,0 days 01:10:54.539000,30,188.97277777777708,0 days 00:00:37.378000,9702.0,127.0,3,62.0,False,0,car,2274.81138888889,0.5355828150644015,OnTrack,5832.996486038446,1232.830197137316,521.9818447120206
2026-08-22 14:57:30.503,0 days 01:10:54.739000,30,187.47277777777708,0 days 00:00:37.578000,10099.0,132.0,3,69.0,False,0,car,2282.1447222222237,0.5373093790026939,OnTrack,5865.557754566958,1252.315070107586,521.8690923505825
2026-08-22 14:57:30.620,0 days 01:10:54.856000,30,186.43277834666597,0 days 00:00:37.695000,10275.2311536,134.5593736,3,72.2906232,False,0,pos,2286.557758900869,0.5383483867282908,OnTrack,5894.0,1267.0,522.0
2026-08-22 14:57:30.823,0 days 01:10:55.059000,30,184.62833333333265,0 days 00:00:37.898000,10581.0,139.0,3,78.0,False,0,car,2294.500277777779,0.5402183776381198,OnTrack,5972.026440857576,1304.9075712506685,522.7102448120256
2026-08-22 14:57:30.920,0 days 01:10:55.156000,30,183.5236115466292,0 days 00:00:37.995000,10875.219801021027,143.42738414669122,3,80.0124473394051,False,0,pos,2298.474024533943,0.5411539587084515,OnTrack,6013.0,1323.0,523.0
2026-08-22 14:57:31.064,0 days 01:10:55.300000,30,181.88361111111044,0 days 00:00:38.139000,11312.0,150.0,3,83.0,False,0,car,2304.5419444444456,0.5425825930308951,OnTrack,6071.357807168992,1345.6410940239916,523.1713825018758
2026-08-22 14:57:31.304,0 days 01:10:55.540000,30,178.8836111111109,0 days 00:00:38.379000,11684.0,156.0,3,100.0,False,0,car,2314.941944444445,0.5450311746161096,OnTrack,6156.4795415229655,1373.0911379316976,523.018487103327
2026-08-22 14:57:31.360,0 days 01:10:55.596000,30,178.12138888888867,0 days 00:00:38.435000,11804.4,157.68,3,100.0,False,0,pos,2317.427454183409,0.5456163643638691,OnTrack,6172.0,1378.0,523.0
2026-08-22 14:57:31.504,0 days 01:10:55.740000,30,176.16138888888872,0 days 00:00:38.579000,12114.0,162.0,3,100.0,False,0,car,2323.941944444445,0.5471501394494683,OnTrack,6205.66477474271,1388.4407635751534,522.9980134228106
2026-08-22 14:57:31.540,0 days 01:10:55.776000,30,175.63138888888867,0 days 00:00:38.615000,11937.6,163.26,3,100.0,False,0,pos,2325.604522399103,0.5475415776959836,OnTrack,6215.0,1391.0,523.0
2026-08-22 14:57:31.704,0 days 01:10:55.940000,30,173.21694444444393,0 days 00:00:38.779000,11134.0,169.0,3,100.0,False,0,car,2333.3308333333343,0.549360664491676,OnTrack,6268.4499102863765,1403.58801046696,523.0006658480124
2026-08-22 14:57:31.900,0 days 01:10:56.136000,30,170.16805555555484,0 days 00:00:38.975000,11014.44,173.9,3,100.0,False,0,pos,2342.8010009365703,0.5515903258380396,OnTrack,6356.0,1420.0,523.0
2026-08-22 14:57:31.904,0 days 01:10:56.140000,30,170.1058333333326,0 days 00:00:38.979000,11012.0,174.0,4,100.0,False,0,car,2342.997500000001,0.5516365896830614,OnTrack,6358.057405183191,1420.342118363697,523.0001884938049
2026-08-22 14:57:32.104,0 days 01:10:56.340000,30,166.88361111111044,0 days 00:00:39.179000,11283.0,180.0,4,100.0,False,0,car,2352.997500000001,0.5539909950534601,OnTrack,6474.733193942693,1437.8090150036905,523.0200556974768
2026-08-22 14:57:32.264,0 days 01:10:56.500000,30,164.21694444444393,0 days 00:00:39.339000,11384.0,185.0,4,100.0,False,0,car,2361.219722222223,0.5559268394691211,OnTrack,6568.698879800951,1450.527277848114,523.0251109299486
2026-08-22 14:57:32.360,0 days 01:10:56.596000,30,162.5902777777773,0 days 00:00:39.435000,11562.4,186.6,4,100.0,False,0,pos,2366.2178549984324,0.5571036025341484,OnTrack,6608.0,1456.0,523.0
2026-08-22 14:57:32.504,0 days 01:10:56.740000,30,160.15027777777732,0 days 00:00:39.579000,11830.0,189.0,4,100.0,False,0,car,2373.819722222223,0.5588933902358234,OnTrack,6643.223430661922,1461.259232282236,522.9282242779626
2026-08-22 14:57:32.600,0 days 01:10:56.836000,30,158.4169444444439,0 days 00:00:39.675000,11963.2,191.4,4,100.0,False,0,pos,2378.977468414973,0.5601077327693599,OnTrack,6671.0,1466.0,523.0
2026-08-22 14:57:32.744,0 days 01:10:56.980000,30,155.81694444444383,0 days 00:00:39.819000,12163.0,195.0,4,100.0,False,0,car,2386.819722222223,0.5619541172173417,OnTrack,6741.2741745129615,1478.4919685005755,523.4439326728367
2026-08-22 14:57:32.880,0 days 01:10:57.116000,30,153.3236111111106,0 days 00:00:39.955000,11955.6,195.68,4,56.48,False,0,pos,2394.2805022879156,0.5637106872827445,OnTrack,6820.0,1494.0,524.0
2026-08-22 14:57:32.944,0 days 01:10:57.180000,30,152.15027777777732,0 days 00:00:40.019000,11858.0,196.0,4,36.0,True,0,car,2397.7086111111116,0.564517803065109,OnTrack,6855.100570127189,1501.8388390466466,524.2332789638324
2026-08-22 14:57:33.140,0 days 01:10:57.376000,30,149.70027777777733,0 days 00:00:40.215000,11254.211111111112,186.74444444444444,4,22.933333333333334,True,0,pos,2407.6337553256512,0.5668545843491782,OnTrack,6956.0,1528.0,525.0
2026-08-22 14:57:33.304,0 days 01:10:57.540000,30,147.65027777777732,0 days 00:00:40.379000,10749.0,179.0,4,12.0,True,0,car,2415.6086111111117,0.5687321886781226,OnTrack,7035.223148282671,1552.3693850442908,525.9141005565668
2026-08-22 14:57:33.340,0 days 01:10:57.576000,30,147.27027777777732,0 days 00:00:40.415000,10906.5,177.65,4,11.775,True,0,pos,2417.3539232736675,0.569143105910977,OnTrack,7052.0,1558.0,526.0
2026-08-22 14:57:33.464,0 days 01:10:57.700000,30,145.96138888888845,0 days 00:00:40.539000,11449.0,173.0,4,11.0,True,0,car,2423.2975000000006,0.5705424648073625,OnTrack,7108.072254151271,1578.1485330351784,525.7905654692429
2026-08-22 14:57:33.560,0 days 01:10:57.796000,30,145.3213888888886,0 days 00:00:40.635000,11557.48,168.2,4,11.48,True,0,pos,2427.719378078069,0.5715835541567876,OnTrack,7149.0,1595.0,526.0
2026-08-22 14:57:33.660,0 days 01:10:57.896000,30,144.6547222222221,0 days 00:00:40.735000,11670.48,163.2,4,11.98,True,0,pos,2432.1771766702827,0.572633100651354,OnTrack,7189.0,1614.0,527.0
2026-08-22 14:57:33.664,0 days 01:10:57.900000,30,144.62805555555542,0 days 00:00:40.739000,11675.0,163.0,3,12.0,True,0,car,2432.353055555556,0.5726745096705567,OnTrack,7190.561636172883,1614.7849379993013,527.0305177264989
2026-08-22 14:57:33.904,0 days 01:10:58.140000,30,143.8947222222214,0 days 00:00:40.979000,10731.0,153.0,3,10.0,True,0,car,2442.553055555556,0.5750760031483634,OnTrack,7279.010694646319,1665.5405760461051,526.9405980881068
2026-08-22 14:57:33.940,0 days 01:10:58.176000,30,143.9147222222214,0 days 00:00:41.015000,10668.45,150.975,3,9.775,True,0,pos,2444.019308318871,0.5754212184863945,OnTrack,7291.0,1674.0,527.0
2026-08-22 14:57:34.064,0 days 01:10:58.300000,30,143.98361111111035,0 days 00:00:41.139000,10453.0,144.0,3,9.0,True,0,car,2448.953055555556,0.5765828225854186,OnTrack,7329.31932086143,1705.0521193662414,527.7085703565252
2026-08-22 14:57:34.120,0 days 01:10:58.356000,30,144.21694444444367,0 days 00:00:41.195000,10336.955555555556,142.75555555555556,3,8.688888888888888,True,0,pos,2451.134723144889,0.5770964755742936,OnTrack,7345.0,1720.0,528.0
2026-08-22 14:57:34.400,0 days 01:10:58.636000,30,145.38361111111035,0 days 00:00:41.475000,9756.733333333334,136.53333333333333,3,7.133333333333333,True,0,pos,2461.671281793106,0.5795772086009818,OnTrack,7408.0,1803.0,528.0
2026-08-22 14:57:34.424,0 days 01:10:58.660000,30,145.48361111111035,0 days 00:00:41.499000,9707.0,136.0,3,7.0,True,0,car,2462.553055555556,0.5797848138891607,OnTrack,7412.292864622419,1810.737166386516,527.9862567172177
2026-08-22 14:57:34.660,0 days 01:10:58.896000,30,147.1880555555548,0 days 00:00:41.735000,9368.4875,130.8375,3,8.475,True,0,pos,2471.063453230151,0.5817885064880902,OnTrack,7444.0,1891.0,528.0
2026-08-22 14:57:34.700,0 days 01:10:58.936000,30,147.4769444444437,0 days 00:00:41.775000,9311.1125,129.9625,3,8.725,True,0,pos,2472.4760724318494,0.5821210943115708,OnTrack,7447.0,1905.0,528.0
2026-08-22 14:57:34.744,0 days 01:10:58.980000,30,147.79472222222148,0 days 00:00:41.819000,9248.0,129.0,3,9.0,True,0,car,2474.0197222222228,0.5824845320472178,OnTrack,7449.8847658972,1920.5211715144505,527.9883664897229
2026-08-22 14:57:34.944,0 days 01:10:59.180000,30,149.8502777777776,0 days 00:00:42.019000,9023.0,124.0,3,12.0,False,0,car,2480.9086111111114,0.5841064557468257,OnTrack,7458.201474445567,1991.377186963477,527.9023413202794
2026-08-22 14:57:35.000,0 days 01:10:59.236000,30,150.56583333333316,0 days 00:00:42.075000,9030.875,123.475,3,16.55,False,0,pos,2482.8063375647994,0.5845532574822369,OnTrack,7459.0,2010.0,528.0
2026-08-22 14:57:35.260,0 days 01:10:59.496000,30,153.88805555555544,0 days 00:00:42.335000,9067.4375,121.0375,3,37.675000000000004,False,0,pos,2491.5292323169797,0.5866069805072324,OnTrack,7450.0,2098.0,529.0
2026-08-22 14:57:35.264,0 days 01:10:59.500000,30,153.93916666666655,0 days 00:00:42.339000,9068.0,121.0,3,38.0,False,0,car,2491.664166666667,0.5866387495229878,OnTrack,7449.572053265568,2099.7589516381154,529.0077865068217
2026-08-22 14:57:35.460,0 days 01:10:59.696000,30,156.55249999999972,0 days 00:00:42.535000,9224.8,122.08888888888889,3,46.166666666666664,False,0,pos,2498.323242839919,0.5882065659934077,OnTrack,7420.0,2196.0,529.0
2026-08-22 14:57:35.624,0 days 01:10:59.860000,30,158.73916666666628,0 days 00:00:42.699000,9356.0,123.0,3,53.0,False,0,car,2503.964166666667,0.5895346681285782,OnTrack,7397.70251179266,2250.2818482605076,528.9024408228655
2026-08-22 14:57:35.784,0 days 01:11:00.020000,30,160.78361111111053,0 days 00:00:42.859000,9417.0,125.0,3,51.0,False,0,car,2509.5197222222228,0.5908426711121331,OnTrack,7378.3030419478355,2280.166662556569,528.8717258424762
2026-08-22 14:57:35.900,0 days 01:11:00.136000,30,162.2980555555551,0 days 00:00:42.975000,9596.22,125.58,3,52.16,False,0,pos,2513.55606458303,0.5917929897252384,OnTrack,7360.0,2304.0,529.0
2026-08-22 14:57:35.984,0 days 01:11:00.220000,30,163.39472222222184,0 days 00:00:43.059000,9726.0,126.0,3,53.0,False,0,car,2516.5197222222228,0.5924907548714121,OnTrack,7344.227541304644,2323.2448951360043,529.1776116425157
2026-08-22 14:57:36.184,0 days 01:11:00.420000,30,165.8391666666662,0 days 00:00:43.259000,9965.0,131.0,3,59.0,False,0,car,2523.7975000000006,0.5942042387798688,OnTrack,7298.345292910326,2374.2668718778878,529.8017037325673
2026-08-22 14:57:36.300,0 days 01:11:00.536000,30,167.25694411921916,0 days 00:00:43.375000,10162.075223609985,132.66308205578045,3,61.078852569725576,False,0,pos,2528.1190048555677,0.5952216962038839,OnTrack,7267.0,2402.0,530.0
2026-08-22 14:57:36.463,0 days 01:11:00.699000,30,169.2491666666665,0 days 00:00:43.538000,10439.0,135.0,3,64.0,False,0,car,2534.26,0.5966675353986484,OnTrack,7217.482167285971,2436.6525979489843,530.0028469186223
2026-08-22 14:57:36.480,0 days 01:11:00.716000,30,169.45694366222202,0 days 00:00:43.555000,10453.70494464,135.16999936,3,64.4249984,False,0,pos,2534.901297843239,0.596818522907263,OnTrack,7212.0,2440.0,530.0
2026-08-22 14:57:36.663,0 days 01:11:00.899000,30,171.69361111111039,0 days 00:00:43.738000,10612.0,137.0,3,69.0,False,0,car,2541.8711111111115,0.5984594994861185,OnTrack,7149.828574537182,2472.9463154389773,530.0052150784697
2026-08-22 14:57:36.720,0 days 01:11:00.956000,30,172.20027720888814,0 days 00:00:43.795000,10722.912375466667,138.89999786666667,3,70.89999786666667,False,0,pos,2544.1120961493516,0.5989871182070201,OnTrack,7130.0,2482.0,530.0
2026-08-22 14:57:36.760,0 days 01:11:00.996000,30,172.55583276444366,0 days 00:00:43.835000,10800.7457088,140.2333312,3,72.2333312,False,0,pos,2545.7081222992715,0.599362887460887,OnTrack,7116.0,2488.0,530.0
2026-08-22 14:57:36.903,0 days 01:11:01.139000,30,173.8269444444436,0 days 00:00:43.978000,11079.0,145.0,3,77.0,False,0,car,2551.5377777777785,0.600735424677504,OnTrack,7061.264702205608,2507.015997896382,530.5041510519178
2026-08-22 14:57:37.000,0 days 01:11:01.236000,30,174.41972183111045,0 days 00:00:44.075000,11218.437408,148.6374976,3,78.8187488,False,0,pos,2555.5788846943874,0.6016868650601859,OnTrack,7016.0,2519.0,531.0
2026-08-22 14:57:37.063,0 days 01:11:01.299000,30,174.8047222222217,0 days 00:00:44.138000,11309.0,151.0,3,80.0,False,0,car,2558.2488888888893,0.602315492281638,OnTrack,6981.865247434849,2526.794651843605,531.2839072766683
2026-08-22 14:57:37.300,0 days 01:11:01.536000,30,175.66055532444358,0 days 00:00:44.375000,12174.0497664,157.91249813333334,3,88.8874976,False,0,pos,2568.6472217493806,0.6047636813546317,OnTrack,6843.0,2553.0,532.0
2026-08-22 14:57:37.303,0 days 01:11:01.539000,30,175.67138888888803,0 days 00:00:44.378000,12185.0,158.0,3,89.0,False,0,car,2568.7822222222226,0.604795465938458,OnTrack,6841.540621094356,2553.2438441308077,532.0040399897043
2026-08-22 14:57:37.504,0 days 01:11:01.740000,30,175.7830555555547,0 days 00:00:44.579000,11708.0,166.0,3,94.0,False,0,car,2578.050555555556,0.6069776073159225,OnTrack,6756.835733091298,2565.5141362160293,532.0167197932814
2026-08-22 14:57:37.560,0 days 01:11:01.796000,30,175.6119444444437,0 days 00:00:44.635000,11492.4,169.5,3,96.1,False,0,pos,2580.7405861073976,0.6076109495537018,OnTrack,6724.0,2570.0,532.0
2026-08-22 14:57:37.664,0 days 01:11:01.900000,30,175.29416666666611,0 days 00:00:44.739000,11092.0,176.0,3,100.0,False,0,car,2585.872777777778,0.6088192755167676,OnTrack,6643.335539225282,2581.1898621254945,531.9913250712266
2026-08-22 14:57:37.780,0 days 01:11:02.016000,30,174.5208333333327,0 days 00:00:44.855000,11278.18,181.8,3,100.0,False,0,pos,2591.80521653865,0.6102160120845833,OnTrack,6558.0,2593.0,532.0
2026-08-22 14:57:37.864,0 days 01:11:02.100000,30,173.96083333333263,0 days 00:00:44.939000,11413.0,186.0,4,100.0,False,0,car,2596.2061111111116,0.6112521610661796,OnTrack,6524.608693065838,2597.4302507262473,532.0067392325657
2026-08-22 14:57:38.040,0 days 01:11:02.276000,30,172.29861111111057,0 days 00:00:45.115000,11875.733333333334,191.86666666666667,4,100.0,False,0,pos,2605.6431247362652,0.6134740166221382,OnTrack,6485.0,2602.0,532.0
2026-08-22 14:57:38.104,0 days 01:11:02.340000,30,171.6941666666662,0 days 00:00:45.179000,12044.0,194.0,4,100.0,False,0,car,2609.139444444445,0.6142971920118951,OnTrack,6455.870655241323,2605.5331680961967,531.9789323882783
2026-08-22 14:57:38.240,0 days 01:11:02.476000,30,169.91861111111064,0 days 00:00:45.315000,11449.971428571429,197.88571428571427,4,100.0,False,0,pos,2616.6756278876946,0.6160715150890047,OnTrack,6377.0,2615.0,532.0
2026-08-22 14:57:38.384,0 days 01:11:02.620000,30,168.03861111111064,0 days 00:00:45.459000,10821.0,202.0,5,100.0,False,0,car,2624.850555555556,0.6179962244493882,OnTrack,6299.48638946373,2623.3852891333236,532.362537628014
2026-08-22 14:57:38.540,0 days 01:11:02.776000,30,165.48194444444428,0 days 00:00:45.615000,11198.52,209.8,5,100.0,False,0,pos,2633.986692905497,0.6201472415335283,OnTrack,6208.0,2631.0,533.0
2026-08-22 14:57:38.584,0 days 01:11:02.820000,30,164.76083333333327,0 days 00:00:45.659000,11305.0,212.0,5,100.0,False,0,car,2636.6283333333336,0.6207691907745243,OnTrack,6177.433897374591,2633.0198271592258,533.1921315472844
2026-08-22 14:57:38.800,0 days 01:11:03.036000,30,160.26083333333344,0 days 00:00:45.875000,11643.58,220.1,5,100.0,False,0,pos,2650.048863207283,0.6239289275354064,OnTrack,6017.0,2641.0,534.0
2026-08-22 14:57:38.984,0 days 01:11:03.220000,30,156.42750000000024,0 days 00:00:46.059000,11932.0,227.0,5,100.0,False,0,car,2661.8505555555557,0.6267075243198631,OnTrack,5920.100965687338,2642.2726578796132,533.9450627781684
2026-08-22 14:57:39.140,0 days 01:11:03.376000,30,152.8308333333336,0 days 00:00:46.215000,11830.6,231.55,5,100.0,False,0,pos,2671.979248207152,0.6290922291572667,OnTrack,5841.0,2640.0,534.0
2026-08-22 14:57:39.224,0 days 01:11:03.460000,30,150.89416666666693,0 days 00:00:46.299000,11776.0,234.0,5,100.0,False,0,car,2677.4505555555556,0.630380396697685,OnTrack,5789.402512190858,2637.8077789056492,534.2959106088829
2026-08-22 14:57:39.360,0 days 01:11:03.596000,30,147.6830555555557,0 days 00:00:46.435000,11450.085714285715,234.97142857142856,5,100.0,False,0,pos,2686.306358331898,0.6324654116592662,OnTrack,5698.0,2633.0,535.0
2026-08-22 14:57:39.504,0 days 01:11:03.740000,30,144.28305555555562,0 days 00:00:46.579000,11105.0,236.0,6,100.0,False,0,car,2695.8061111111115,0.6347020385553501,OnTrack,5601.220485989118,2626.5537006898394,535.7176624409012
2026-08-22 14:57:39.620,0 days 01:11:03.856000,30,141.1897222222223,0 days 00:00:46.695000,11211.471428571429,240.55714285714285,6,100.0,False,0,pos,2703.650576145033,0.636548943615727,OnTrack,5524.0,2620.0,536.0
2026-08-22 14:57:39.680,0 days 01:11:03.916000,30,139.58972222222226,0 days 00:00:46.755000,11266.542857142857,242.9142857142857,6,100.0,False,0,pos,2707.7742091407113,0.6375198139827848,OnTrack,5484.0,2616.0,536.0
2026-08-22 14:57:39.784,0 days 01:11:04.020000,30,136.81638888888892,0 days 00:00:46.859000,11362.0,247.0,6,100.0,False,0,car,2715.0172222222227,0.6392251128724826,OnTrack,5407.357734360048,2607.6039050006943,536.3141554837451
2026-08-22 14:57:40.060,0 days 01:11:04.296000,30,128.61305555555572,0 days 00:00:47.135000,11669.9125,256.4875,6,100.0,False,0,pos,2734.76530070283,0.6438746110754622,OnTrack,5191.0,2580.0,538.0
2026-08-22 14:57:40.104,0 days 01:11:04.340000,30,127.30527777777797,0 days 00:00:47.179000,11719.0,258.0,6,100.0,False,0,car,2737.950555555556,0.6446245491885969,OnTrack,5163.003771956784,2575.777120650754,538.0584281414828
2026-08-22 14:57:40.300,0 days 01:11:04.536000,30,121.26194444444457,0 days 00:00:47.375000,11572.6125,261.0625,6,100.0,False,0,pos,2752.2093499275297,0.6479816473930754,OnTrack,5049.0,2556.0,538.0
2026-08-22 14:57:40.424,0 days 01:11:04.660000,30,117.43861111111119,0 days 00:00:47.499000,11480.0,263.0,6,100.0,False,0,car,2761.328333333334,0.6501286257433956,OnTrack,4961.312006315091,2539.3977113690585,538.5797280679569
2026-08-22 14:57:40.500,0 days 01:11:04.736000,30,114.84194444444452,0 days 00:00:47.575000,11352.872727272726,264.3818181818182,6,100.0,False,0,pos,2766.96581182103,0.6514559167060894,OnTrack,4905.0,2528.0,539.0
2026-08-22 14:57:40.760,0 days 01:11:04.996000,30,105.95861111111121,0 days 00:00:47.835000,10917.963636363636,269.1090909090909,6,100.0,False,0,pos,2786.522991862267,0.6560604696779836,OnTrack,4717.0,2485.0,540.0
2026-08-22 14:57:40.864,0 days 01:11:05.100000,30,102.40527777777788,0 days 00:00:47.939000,10744.0,271.0,7,100.0,False,0,car,2794.450555555556,0.6579269395313493,OnTrack,4643.93091465513,2467.2895352669625,540.3237327417318
2026-08-22 14:57:40.980,0 days 01:11:05.216000,30,98.05527777777789,0 days 00:00:48.055000,10816.5,273.48571428571427,7,100.0,False,0,pos,2803.360404970394,0.660024679262523,OnTrack,4556.0,2445.0,541.0
2026-08-22 14:57:41.144,0 days 01:11:05.380000,30,91.90527777777788,0 days 00:00:48.219000,10919.0,277.0,7,100.0,False,0,car,2815.995000000001,0.6629993751015749,OnTrack,4405.1686587416225,2404.312728494948,543.1905610393214
2026-08-22 14:57:41.260,0 days 01:11:05.496000,30,87.3297222222224,0 days 00:00:48.335000,10958.771428571428,276.5857142857143,7,100.0,False,0,pos,2824.8807506101925,0.6650914409972406,OnTrack,4304.0,2376.0,545.0
2026-08-22 14:57:41.424,0 days 01:11:05.660000,30,80.86083333333363,0 days 00:00:48.499000,11015.0,276.0,7,100.0,False,0,car,2837.4616666666675,0.6680534986300307,OnTrack,4194.918978759048,2344.124955634015,547.2647111884196
2026-08-22 14:57:41.640,0 days 01:11:05.876000,30,71.62083333333426,0 days 00:00:48.715000,11068.1,279.6,7,100.0,False,0,pos,2854.2564758159824,0.6720076775156274,OnTrack,4068.0,2304.0,550.0
2026-08-22 14:57:41.664,0 days 01:11:05.900000,30,70.59416666666766,0 days 00:00:48.739000,11074.0,280.0,7,100.0,False,0,car,2856.1283333333336,0.6724483886547746,OnTrack,4051.237569867563,2298.5617863833045,550.310738836959
2026-08-22 14:57:41.800,0 days 01:11:06.036000,30,64.62527777777866,0 days 00:00:48.875000,11136.05,280.85,7,100.0,False,0,pos,2866.741740523006,0.674947214943334,OnTrack,3949.0,2265.0,552.0
2026-08-22 14:57:41.824,0 days 01:11:06.060000,30,63.57194444444531,0 days 00:00:48.899000,11147.0,281.0,7,100.0,False,0,car,2868.6172222222226,0.675388779361806,OnTrack,3930.7386258687907,2258.9489805183844,552.2519247941575
2026-08-22 14:57:41.984,0 days 01:11:06.220000,30,56.37194444444549,0 days 00:00:49.059000,11188.0,282.0,7,100.0,False,0,car,2881.1505555555555,0.6783396340927055,OnTrack,3809.4569421043393,2218.347594804479,553.5130536601471
2026-08-22 14:57:42.100,0 days 01:11:06.336000,30,50.86194444444541,0 days 00:00:49.175000,11330.92857142857,282.4142857142857,7,100.0,False,0,pos,2890.2859344470353,0.6804904726049781,OnTrack,3723.0,2189.0,554.0
2026-08-22 14:57:42.260,0 days 01:11:06.496000,30,43.26194444444531,0 days 00:00:49.335000,11528.07142857143,282.98571428571427,7,100.0,False,0,pos,2902.8502467387943,0.6834486210384864,OnTrack,3604.0,2148.0,554.0
2026-08-22 14:57:42.264,0 days 01:11:06.500000,30,43.07194444444531,0 days 00:00:49.339000,11533.0,283.0,7,100.0,False,0,car,2903.161666666667,0.6835219419135496,OnTrack,3600.8670564029862,2146.9077696465074,553.9834486587082
2026-08-22 14:57:42.480,0 days 01:11:06.716000,30,32.571944444445286,0 days 00:00:49.555000,11198.615384615385,279.26153846153846,7,100.0,False,0,pos,2919.7775218988486,0.6874339877927912,OnTrack,3423.0,2084.0,552.0
2026-08-22 14:57:42.780,0 days 01:11:07.016000,30,17.988611111111922,0 days 00:00:49.855000,10734.192307692309,274.0692307692308,7,100.0,False,0,pos,2942.438133622093,0.6927692143865637,OnTrack,3207.0,2005.0,548.0
2026-08-22 14:57:42.784,0 days 01:11:07.020000,30,17.79416666666748,0 days 00:00:49.859000,10728.0,274.0,7,100.0,False,0,car,2942.739444444445,0.6928401551683941,OnTrack,3204.376533132427,2004.0133915563752,547.934535825802
2026-08-22 14:57:42.980,0 days 01:11:07.216000,30,8.320833333334294,0 days 00:00:50.055000,10555.52,271.06,7,100.0,False,0,pos,2957.493502783104,0.6963138585871654,OnTrack,3065.0,1950.0,544.0
2026-08-22 14:57:42.984,0 days 01:11:07.220000,30,8.127500000000964,0 days 00:00:50.059000,10552.0,271.0,7,100.0,False,0,car,2957.795,0.6963848432538275,OnTrack,3061.1891603315116,1948.476908569114,543.8940499571893
2026-08-22 14:57:43.180,0 days 01:11:07.416000,30,147.5640131030076,0 days 00:00:50.255000,10477.372404921198,268.5397496127867,7,100.0,False,0,pos,2972.4906644632597,0.6998447983872149,OnTrack,2843.0,1860.0,538.0
2026-08-22 14:57:43.223,0 days 01:11:07.459000,3,178.15472222222252,0 days 00:00:50.298000,10461.0,268.0,7,100.0,False,0,car,2975.5872222222224,0.7005738536089602,OnTrack,2805.329712214946,1844.6583055773924,536.9728787314242
2026-08-22 14:57:43.543,0 days 01:11:07.779000,3,165.71027777777817,0 days 00:00:50.618000,9821.0,240.0,7,5.0,True,0,car,2996.920555555556,0.7055965850658107,OnTrack,2661.9095253489504,1784.6655898670422,532.8054111197348
2026-08-22 14:57:43.600,0 days 01:11:07.836000,3,163.81027991111162,0 days 00:00:50.675000,9777.062549333334,236.67500373333334,7,5.0,True,0,pos,3000.5976793132904,0.7064623290580938,OnTrack,2634.0,1772.0,532.0
2026-08-22 14:57:43.783,0 days 01:11:08.019000,3,157.71027777777863,0 days 00:00:50.858000,9636.0,226.0,7,5.0,True,0,car,3011.987222222222,0.7091438891572113,OnTrack,2516.502919238953,1717.2950826629688,528.6971343802226
2026-08-22 14:57:44.000,0 days 01:11:08.236000,3,152.8880569777781,0 days 00:00:51.075000,9795.1332864,194.354176,7,6.8083328,True,0,pos,3023.588562926905,0.7118753150431042,OnTrack,2375.0,1650.0,525.0
2026-08-22 14:57:44.023,0 days 01:11:08.259000,3,152.3769444444447,0 days 00:00:51.098000,9812.0,191.0,7,7.0,True,0,car,3024.7205555555556,0.712141831995519,OnTrack,2363.762734412002,1644.57789205092,524.7426018494741
2026-08-22 14:57:44.344,0 days 01:11:08.580000,3,148.45361111111197,0 days 00:00:51.419000,10112.0,162.0,6,5.0,True,0,car,3039.1655555555553,0.7155427705530597,OnTrack,2268.2413684566377,1596.790931818828,523.22693557304
2026-08-22 14:57:44.400,0 days 01:11:08.636000,3,148.14250000000078,0 days 00:00:51.475000,10224.7,160.075,6,5.0,True,0,pos,3041.576692056873,0.7161104498258063,OnTrack,2255.0,1590.0,523.0
2026-08-22 14:57:44.580,0 days 01:11:08.816000,3,147.1425000000005,0 days 00:00:51.655000,10586.95,153.8875,6,5.0,True,0,pos,3049.189681634418,0.7179028561804224,OnTrack,2198.0,1566.0,522.0
2026-08-22 14:57:44.664,0 days 01:11:08.900000,3,146.67583333333369,0 days 00:00:51.739000,10756.0,151.0,4,5.0,True,0,car,3052.587777777778,0.7187029057613281,OnTrack,2140.8494473880855,1550.7933391519314,521.3826261137806
2026-08-22 14:57:44.720,0 days 01:11:08.956000,3,146.80027777777806,0 days 00:00:51.795000,10578.2,148.2,4,5.7,True,0,pos,3054.788004531024,0.7192209283297218,OnTrack,2104.0,1542.0,521.0
2026-08-22 14:57:44.984,0 days 01:11:09.220000,3,147.38694444444445,0 days 00:00:52.059000,9740.0,135.0,3,9.0,True,0,car,3064.587777777778,0.7215281922058066,OnTrack,2044.2545263928353,1537.550427306203,520.1158259297198
2026-08-22 14:57:45.100,0 days 01:11:09.336000,3,148.19250000000017,0 days 00:00:52.175000,9496.883333333333,131.61666666666667,3,7.066666666666666,True,0,pos,3068.7262971702644,0.7225025674341234,OnTrack,2026.0,1549.0,520.0
2026-08-22 14:57:45.224,0 days 01:11:09.460000,3,149.05361111111142,0 days 00:00:52.299000,9237.0,128.0,3,5.0,False,0,car,3073.121111111111,0.7235372847885467,OnTrack,1990.28340706349,1567.7962055980101,519.9724665006071
2026-08-22 14:57:45.320,0 days 01:11:09.556000,3,149.82694444444468,0 days 00:00:52.395000,9180.0,128.0,3,5.0,False,0,pos,3076.552163998168,0.7243450937228876,OnTrack,1959.0,1587.0,520.0
2026-08-22 14:57:45.384,0 days 01:11:09.620000,3,150.3425000000002,0 days 00:00:52.459000,9142.0,128.0,3,5.0,False,0,car,3078.81,0.7248766798437069,OnTrack,1939.4603456314394,1602.0574194063456,520.034422422141
2026-08-22 14:57:45.560,0 days 01:11:09.796000,3,152.78694444444443,0 days 00:00:52.635000,9178.666666666666,123.6,3,28.46666666666667,False,0,pos,3084.7888791071746,0.7262843503515964,OnTrack,1892.0,1648.0,520.0
2026-08-22 14:57:45.624,0 days 01:11:09.860000,3,153.67583333333323,0 days 00:00:52.699000,9192.0,122.0,3,37.0,False,0,car,3086.943333333333,0.726791596211631,OnTrack,1877.550437778321,1663.3816890937217,519.818670364832
2026-08-22 14:57:45.824,0 days 01:11:10.060000,3,157.00916666666672,0 days 00:00:52.899000,9156.0,122.0,3,46.0,False,0,car,3093.721111111111,0.7283873598515679,OnTrack,1826.507637349083,1712.1937737905052,518.2411489888405
2026-08-22 14:57:45.840,0 days 01:11:10.076000,3,157.33805555555563,0 days 00:00:52.915000,9119.75,121.95,3,43.7,False,0,pos,3094.2631842997685,0.7285149858542203,OnTrack,1820.0,1717.0,518.0
2026-08-22 14:57:46.000,0 days 01:11:10.236000,3,160.62694444444486,0 days 00:00:53.075000,8757.25,121.45,3,20.7,False,0,pos,3099.6721321667565,0.7297884714448447,OnTrack,1742.0,1768.0,515.0
2026-08-22 14:57:46.144,0 days 01:11:10.380000,3,163.58694444444518,0 days 00:00:53.219000,8431.0,121.0,3,0.0,True,0,car,3104.4766666666665,0.73091965362773,OnTrack,1698.5969899937652,1792.062425423675,513.3169657515313
2026-08-22 14:57:46.304,0 days 01:11:10.540000,3,167.40916666666726,0 days 00:00:53.379000,9411.0,117.0,3,0.0,True,0,car,3109.6766666666663,0.7321439444203373,OnTrack,1677.4181010056675,1796.0624847817444,512.5763330467462
2026-08-22 14:57:46.400,0 days 01:11:10.636000,3,170.10250000000033,0 days 00:00:53.475000,9668.6,113.8,3,0.0,True,0,pos,3112.645056095369,0.7328428236215745,OnTrack,1657.0,1799.0,512.0
2026-08-22 14:57:46.544,0 days 01:11:10.780000,3,174.14249999999993,0 days 00:00:53.619000,10055.0,109.0,2,0.0,True,0,car,3116.943333333333,0.733854812322827,OnTrack,1612.9352693415822,1805.8209222082328,510.8335447353121
2026-08-22 14:57:46.620,0 days 01:11:10.856000,3,176.54916666666662,0 days 00:00:53.695000,9860.92857142857,107.91428571428571,2,0.0,True,0,pos,3119.1924030311043,0.7343843345003104,OnTrack,1589.0,1809.0,510.0
2026-08-22 14:57:46.700,0 days 01:11:10.936000,3,179.08249999999998,0 days 00:00:53.775000,9656.642857142857,106.77142857142857,2,0.0,True,0,pos,3121.545870867405,0.734938436231595,OnTrack,1565.0,1811.0,509.0
2026-08-22 14:57:46.824,0 days 01:11:11.060000,3,183.00916666666672,0 days 00:00:53.899000,9340.0,105.0,2,0.0,True,0,car,3125.1099999999997,0.7357775767086525,OnTrack,1516.3072589516787,1808.2227455917725,508.1202225527547
2026-08-22 14:57:47.000,0 days 01:11:11.236000,3,189.31583333333398,0 days 00:00:54.075000,8883.866666666667,99.86666666666666,2,0.0,True,0,pos,3129.9519688808823,0.7369175724622978,OnTrack,1441.0,1795.0,508.0
2026-08-22 14:57:47.064,0 days 01:11:11.300000,3,191.60916666666753,0 days 00:00:54.139000,8718.0,98.0,2,0.0,False,0,car,3131.643333333333,0.7373157882173129,OnTrack,1419.991247096207,1788.9463536581188,508.08904540573184
2026-08-22 14:57:47.360,0 days 01:11:11.596000,3,203.3669444444448,0 days 00:00:54.435000,8477.5,92.08,2,17.02,False,0,pos,3139.0314406107773,0.7390552481624226,OnTrack,1357.0,1755.0,509.0
2026-08-22 14:57:47.464,0 days 01:11:11.700000,3,207.49805555555577,0 days 00:00:54.539000,8393.0,90.0,2,23.0,False,0,car,3141.643333333333,0.7396701935877116,OnTrack,1339.473212855971,1742.5466575137089,509.2285641879609
2026-08-22 14:57:47.864,0 days 01:11:12.100000,3,221.94250000000056,0 days 00:00:54.939000,8813.0,95.0,2,46.0,False,0,car,3152.1988888888886,0.7421553992564658,OnTrack,1282.8052736038555,1688.2815217487016,509.8796486927117
2026-08-22 14:57:47.900,0 days 01:11:12.136000,3,223.07250000000056,0 days 00:00:54.975000,8876.128571428571,95.38571428571429,2,46.642857142857146,False,0,pos,3153.1669953201117,0.7423833307545449,OnTrack,1278.0,1682.0,510.0
2026-08-22 14:57:48.144,0 days 01:11:12.380000,3,230.73138888888934,0 days 00:00:55.219000,9304.0,98.0,2,51.0,False,0,car,3159.821111111111,0.7439499793499029,OnTrack,1246.1959758877663,1632.2590371152849,511.16739813404905
2026-08-22 14:57:48.300,0 days 01:11:12.536000,3,234.84805555555604,0 days 00:00:55.375000,9539.56,101.9,2,56.46,False,0,pos,3164.259944103243,0.7449950605734009,OnTrack,1229.0,1594.0,512.0
2026-08-22 14:57:48.344,0 days 01:11:12.580000,3,236.00916666666717,0 days 00:00:55.419000,9606.0,103.0,2,58.0,False,0,car,3165.543333333333,0.7452972224229644,OnTrack,1224.8432636182436,1582.3073583078963,512.2228243488929
2026-08-22 14:57:48.500,0 days 01:11:12.736000,3,239.12916666666686,0 days 00:00:55.575000,10078.457142857143,106.9,2,63.01428571428571,False,0,pos,3170.2106544890776,0.7463960990224104,OnTrack,1213.0,1538.0,513.0
2026-08-22 14:57:48.624,0 days 01:11:12.860000,3,241.60916666666662,0 days 00:00:55.699000,10454.0,110.0,2,67.0,False,0,car,3174.0988888888887,0.7473115470176388,OnTrack,1207.7261876943526,1500.3380212029679,513.6658676268471
2026-08-22 14:57:48.740,0 days 01:11:12.976000,3,243.3491666666668,0 days 00:00:55.815000,10829.066666666668,114.83333333333333,2,71.35,False,0,pos,3177.9110330965004,0.7482090802971524,OnTrack,1206.0,1465.0,514.0
2026-08-22 14:57:48.760,0 days 01:11:12.996000,3,243.64916666666684,0 days 00:00:55.835000,10893.733333333334,115.66666666666667,2,72.1,False,0,pos,3178.58405819273,0.7483675376872501,OnTrack,1206.0,1459.0,514.0
2026-08-22 14:57:48.864,0 days 01:11:13.100000,3,245.209166666667,0 days 00:00:55.939000,11230.0,120.0,2,76.0,False,0,car,3182.0988888888887,0.7491950713139578,OnTrack,1207.7128141235182,1421.0415891757257,513.8650109865902
2026-08-22 14:57:49.024,0 days 01:11:13.260000,3,247.43138888888916,0 days 00:00:56.099000,11826.0,124.0,2,78.0,False,0,car,3187.6099999999997,0.7504926102736441,OnTrack,1215.2905561329428,1344.037521845314,513.3196344417707
2026-08-22 14:57:49.120,0 days 01:11:13.356000,3,248.36472222222238,0 days 00:00:56.195000,11266.0,128.8,2,80.0,False,0,pos,3191.1248377957054,0.7513201455718731,OnTrack,1221.0,1298.0,513.0
2026-08-22 14:57:49.264,0 days 01:11:13.500000,3,249.7647222222222,0 days 00:00:56.339000,10426.0,136.0,2,83.0,False,0,car,3196.6766666666663,0.7526272711428055,OnTrack,1230.7084442494781,1232.3254158031734,512.5897090321957
2026-08-22 14:57:49.464,0 days 01:11:13.700000,3,250.9313888888887,0 days 00:00:56.539000,11535.0,146.0,3,90.0,False,0,car,3204.7877777777776,0.7545369554987955,OnTrack,1244.8892570829098,1151.9499548242986,512.1553283153225
2026-08-22 14:57:49.560,0 days 01:11:13.796000,3,251.1980555555555,0 days 00:00:56.635000,11621.8,150.0,3,90.4,False,0,pos,3208.8603137191344,0.7554957955479428,OnTrack,1250.0,1123.0,512.0
2026-08-22 14:57:49.704,0 days 01:11:13.940000,3,251.59805555555567,0 days 00:00:56.779000,11752.0,156.0,3,91.0,False,0,car,3215.1877777777777,0.7569855370840102,OnTrack,1255.2566213797215,1092.1882471049246,511.8311937859719
2026-08-22 14:57:49.860,0 days 01:11:14.096000,3,251.6413888749528,0 days 00:00:56.935000,10775.236495039519,163.83919345875185,3,98.05527411287667,False,0,pos,3222.334864091487,0.75866825092398,OnTrack,1262.0,1053.0,512.0
2026-08-22 14:57:49.903,0 days 01:11:14.139000,3,251.65333333333365,0 days 00:00:56.978000,10506.0,166.0,4,100.0,False,0,car,3224.3638888888886,0.7591459656119476,OnTrack,1264.9000054810394,1036.62615304584,512.1629974558616
2026-08-22 14:57:50.080,0 days 01:11:14.316000,3,251.26000014222302,0 days 00:00:57.155000,11127.26977536,174.8499968,4,100.0,False,0,pos,3232.991000570359,0.7611771374193358,OnTrack,1280.0,952.0,513.0
2026-08-22 14:57:50.103,0 days 01:11:14.339000,3,251.20888888888976,0 days 00:00:57.178000,11208.0,176.0,4,100.0,False,0,car,3234.141666666666,0.7614480508630039,OnTrack,1281.9970220977152,940.7163358333092,513.0504460723328
2026-08-22 14:57:50.300,0 days 01:11:14.536000,3,250.27861141333386,0 days 00:00:57.375000,11467.05491584,182.89499776,4,100.0,False,0,pos,3244.2629422967857,0.7638310094328878,OnTrack,1299.0,844.0,513.0
2026-08-22 14:57:50.503,0 days 01:11:14.739000,3,249.32000000000016,0 days 00:00:57.578000,11734.0,190.0,4,100.0,False,0,car,3255.2527777777773,0.7664184622005122,OnTrack,1317.5164009851003,739.6436049530729,512.9965533439046
2026-08-22 14:57:50.540,0 days 01:11:14.776000,3,249.01166711811925,0 days 00:00:57.615000,11588.45664463579,192.45642793863647,4,100.0,False,0,pos,3257.3241770146287,0.7669061535492606,OnTrack,1321.0,720.0,513.0
2026-08-22 14:57:50.744,0 days 01:11:14.980000,3,247.31166666666695,0 days 00:00:57.819000,10786.0,206.0,5,100.0,False,0,car,3269.0433333333326,0.7696653180065903,OnTrack,1340.5039506229114,608.0607098438287,513.0001970137984
2026-08-22 14:57:50.760,0 days 01:11:14.996000,3,247.17388888888917,0 days 00:00:57.835000,10810.666666666666,206.4,5,100.0,False,0,pos,3269.9732148154753,0.7698842498021294,OnTrack,1342.0,599.0,513.0
2026-08-22 14:57:50.880,0 days 01:11:15.116000,3,246.14055555555586,0 days 00:00:57.955000,10995.666666666666,209.4,5,100.0,False,0,pos,3276.9843303449998,0.7715349506076492,OnTrack,1353.0,531.0,513.0
2026-08-22 14:57:50.984,0 days 01:11:15.220000,3,245.24500000000035,0 days 00:00:58.059000,11156.0,212.0,5,100.0,False,0,car,3283.176666666666,0.7729928775967537,OnTrack,1362.4712997715549,477.46018473354866,513.0016435512197
2026-08-22 14:57:51.120,0 days 01:11:15.356000,3,244.2250000000006,0 days 00:00:58.195000,11276.133333333333,216.53333333333333,5,100.0,False,0,pos,3291.4981572501115,0.7749520938086925,OnTrack,1378.0,392.0,513.0
2026-08-22 14:57:51.320,0 days 01:11:15.556000,3,242.72500000000093,0 days 00:00:58.395000,11452.8,223.2,5,100.0,False,0,pos,3304.0609171956644,0.7779098767569762,OnTrack,1411.0,199.0,513.0
2026-08-22 14:57:51.344,0 days 01:11:15.580000,3,242.54500000000098,0 days 00:00:58.419000,11474.0,224.0,5,100.0,False,0,car,3305.576666666666,0.7782667456264467,OnTrack,1414.274992723908,179.84277590200432,513.008827911814
2026-08-22 14:57:51.584,0 days 01:11:15.820000,3,241.14500000000044,0 days 00:00:58.659000,11981.0,229.0,5,100.0,False,0,car,3320.843333333333,0.7818611378252553,OnTrack,1433.30772767933,71.06015965736599,513.2146921620584
2026-08-22 14:57:51.744,0 days 01:11:15.980000,3,240.03388888888867,0 days 00:00:58.819000,12070.0,233.0,5,100.0,False,0,car,3331.1988888888886,0.7842992553866016,OnTrack,1444.554756756895,8.156224058253203,513.0438434875483
2026-08-22 14:57:51.760,0 days 01:11:15.996000,3,239.9538888888887,0 days 00:00:58.835000,12082.8,233.24,5,100.0,False,0,pos,3332.2404760015916,0.7845444872157902,OnTrack,1446.0,0.0,513.0
2026-08-22 14:57:51.944,0 days 01:11:16.180000,3,239.03388888888912,0 days 00:00:59.019000,12230.0,236.0,5,100.0,False,0,car,3344.3099999999995,0.7873861424277909,OnTrack,1466.5238707383417,-115.92175059831276,512.2141556463932
2026-08-22 14:57:52.020,0 days 01:11:16.256000,3,238.73833333333354,0 days 00:00:59.095000,12305.05,237.58333333333334,5,100.0,False,0,pos,3349.3717046675056,0.7885778728930456,OnTrack,1476.0,-167.0,512.0
2026-08-22 14:57:52.184,0 days 01:11:16.420000,3,238.10055555555573,0 days 00:00:59.259000,12467.0,241.0,5,100.0,False,0,car,3360.376666666666,0.7911688870562313,OnTrack,1496.9559522903087,-273.6174682534532,511.9942994765018
2026-08-22 14:57:52.200,0 days 01:11:16.436000,3,238.05611111111133,0 days 00:00:59.275000,12466.066666666668,240.93333333333334,5,100.0,False,0,pos,3361.4468093127457,0.7914208420155336,OnTrack,1499.0,-284.0,512.0
2026-08-22 14:57:52.420,0 days 01:11:16.656000,3,237.44500000000076,0 days 00:00:59.495000,12453.233333333334,240.01666666666668,5,100.0,False,0,pos,3376.10985175057,0.7948731166017334,OnTrack,1527.0,-428.0,512.0
2026-08-22 14:57:52.424,0 days 01:11:16.660000,3,237.43388888888967,0 days 00:00:59.499000,12453.0,240.0,5,100.0,False,0,car,3376.376666666666,0.7949359356488692,OnTrack,1527.5157251912947,-430.6211785034497,512.0001043753158
2026-08-22 14:57:52.620,0 days 01:11:16.856000,3,237.2161111111115,0 days 00:00:59.695000,12432.42,239.02,5,100.0,False,0,pos,3389.3937757124104,0.7980006907933055,OnTrack,1553.0,-559.0,512.0
2026-08-22 14:57:52.624,0 days 01:11:16.860000,3,237.21166666666704,0 days 00:00:59.699000,12432.0,239.0,5,100.0,False,0,car,3389.6544444444435,0.798062062779565,OnTrack,1553.5142226133178,-561.6264882294047,511.9982680391626
2026-08-22 14:57:52.780,0 days 01:11:17.016000,3,237.77500000000106,0 days 00:00:59.855000,12110.25,229.25,5,22.974999999999994,False,0,pos,3399.584799536174,0.8004000709153587,OnTrack,1573.0,-662.0,512.0
2026-08-22 14:57:52.784,0 days 01:11:17.020000,3,237.7894444444455,0 days 00:00:59.859000,12102.0,229.0,5,21.0,True,0,car,3399.8322222222214,0.8004583242454375,OnTrack,1573.4728181027538,-664.3992944326845,512.0093296543696
2026-08-22 14:57:53.000,0 days 01:11:17.236000,3,240.06944444444522,0 days 00:01:00.075000,11197.5,217.66,5,21.54,True,0,pos,3412.6174203095943,0.8034684781492896,OnTrack,1597.0,-795.0,513.0
2026-08-22 14:57:53.180,0 days 01:11:17.416000,3,241.969444444445,0 days 00:01:00.255000,10443.75,208.21,5,21.99,True,0,pos,3422.721605723555,0.805847412989503,OnTrack,1614.0,-951.0,513.0
2026-08-22 14:57:53.184,0 days 01:11:17.420000,3,242.01166666666722,0 days 00:01:00.259000,10427.0,208.0,5,22.0,True,0,car,3422.9433333333322,0.8058996166570255,OnTrack,1614.293824441866,-953.9470768442097,512.9929740441158
2026-08-22 14:57:53.344,0 days 01:11:17.580000,3,244.27833333333456,0 days 00:01:00.419000,10280.0,197.0,5,24.0,True,0,car,3431.6988888888877,0.8079610293591079,OnTrack,1622.2356490346715,-1037.6692687950936,512.5311333638081
2026-08-22 14:57:53.640,0 days 01:11:17.876000,3,248.96500000000074,0 days 00:01:00.715000,11284.55,188.675,5,24.925,True,0,pos,3447.1823126743457,0.8116064549703719,OnTrack,1601.0,-1139.0,512.0
2026-08-22 14:57:53.664,0 days 01:11:17.900000,3,249.3450000000007,0 days 00:01:00.739000,11366.0,188.0,5,25.0,True,0,car,3448.409999999999,0.8118955023336407,OnTrack,1595.9018339027423,-1154.1378953959097,512.0776033245353
2026-08-22 14:57:53.860,0 days 01:11:18.096000,3,252.6661111111119,0 days 00:01:00.935000,11259.6,183.8,5,41.1,True,0,pos,3458.327916168572,0.8142305818426859,OnTrack,1546.0,-1291.0,513.0
2026-08-22 14:57:53.944,0 days 01:11:18.180000,3,254.08944444444523,0 days 00:01:01.019000,11214.0,182.0,4,48.0,False,0,car,3462.5655555555545,0.8152282939357384,OnTrack,1532.9477432663236,-1322.5478308491622,513.0574590237342
2026-08-22 14:57:54.120,0 days 01:11:18.356000,3,256.92500000000075,0 days 00:01:01.195000,11443.68,182.88,4,72.64,False,0,pos,3471.4977308270127,0.8173312900785847,OnTrack,1504.0,-1359.0,513.0
2026-08-22 14:57:54.144,0 days 01:11:18.380000,3,257.3116666666674,0 days 00:01:01.219000,11475.0,183.0,4,76.0,False,0,car,3472.7322222222215,0.8176219393956438,OnTrack,1496.0642302948434,-1367.0978264004132,513.0872084281995
2026-08-22 14:57:54.464,0 days 01:11:18.700000,3,261.6672222222228,0 days 00:01:01.539000,11808.0,190.0,4,90.0,False,0,car,3489.62111111111,0.8215982684656503,OnTrack,1331.6327083388105,-1519.6586142233793,515.8700192750807
2026-08-22 14:57:54.480,0 days 01:11:18.716000,3,261.86722222222284,0 days 00:01:01.555000,11818.0,190.32,4,89.44,False,0,pos,3490.478858066498,0.8218002168694711,OnTrack,1325.0,-1525.0,516.0
2026-08-22 14:57:54.664,0 days 01:11:18.900000,3,264.16722222222324,0 days 00:01:01.739000,11933.0,194.0,4,83.0,False,0,car,3500.3988888888875,0.8241357942537465,OnTrack,1271.883474148652,-1558.203148659464,517.1813054593632
2026-08-22 14:57:54.800,0 days 01:11:19.036000,3,265.7916666666677,0 days 00:01:01.875000,11345.771428571428,194.97142857142856,4,84.45714285714286,False,0,pos,3507.7666116475148,0.8258704548567986,OnTrack,1229.0,-1570.0,518.0
2026-08-22 14:57:54.944,0 days 01:11:19.180000,3,267.5116666666677,0 days 00:01:02.019000,10724.0,196.0,4,86.0,False,0,car,3515.643333333332,0.8277249544406209,OnTrack,1157.506036608775,-1585.8057933336222,519.0482286496285
2026-08-22 14:57:55.104,0 days 01:11:19.340000,3,269.2005555555561,0 days 00:01:02.179000,10801.0,201.0,5,100.0,False,0,car,3524.5766666666655,0.8298282232381771,OnTrack,1062.7033375250635,-1601.9003850842896,519.9503606728975
2026-08-22 14:57:55.140,0 days 01:11:19.376000,3,269.42055555555606,0 days 00:01:02.215000,10841.7,202.2,5,100.0,False,0,pos,3526.6340048396505,0.8303126040424973,OnTrack,1043.0,-1604.0,520.0
2026-08-22 14:57:55.340,0 days 01:11:19.576000,3,270.6427777777782,0 days 00:01:02.415000,11067.81111111111,208.86666666666667,5,100.0,False,0,pos,3538.4077645973284,0.8330846243628234,OnTrack,926.0,-1606.0,520.0
2026-08-22 14:57:55.464,0 days 01:11:19.700000,3,271.4005555555559,0 days 00:01:02.539000,11208.0,213.0,5,100.0,False,0,car,3545.8766666666656,0.8348431066771262,OnTrack,799.5001579161893,-1601.2280554988918,521.7066767296978
2026-08-22 14:57:55.540,0 days 01:11:19.776000,3,271.59055555555597,0 days 00:01:02.615000,11318.471428571429,215.17142857142858,5,100.0,False,0,pos,3550.493970839766,0.8359302072513175,OnTrack,723.0,-1598.0,523.0
2026-08-22 14:57:55.744,0 days 01:11:19.980000,3,272.1005555555562,0 days 00:01:02.819000,11615.0,221.0,5,100.0,False,0,car,3563.0655555555545,0.8388900679082448,OnTrack,588.8204171703468,-1592.7967138967967,525.8916705580142
2026-08-22 14:57:55.920,0 days 01:11:20.156000,3,272.1005555555566,0 days 00:01:02.995000,11788.36,227.16,5,100.0,False,0,pos,3574.189665306466,0.8415091342820897,OnTrack,500.0,-1588.0,528.0
2026-08-22 14:57:55.944,0 days 01:11:20.180000,3,272.10055555555664,0 days 00:01:03.019000,11812.0,228.0,5,100.0,False,0,car,3575.732222222221,0.8418723147107497,OnTrack,486.27230683539847,-1587.049301227131,528.2781801171412
2026-08-22 14:57:56.320,0 days 01:11:20.556000,3,270.11611111111245,0 days 00:01:03.395000,10764.84,238.34,5,100.0,False,0,pos,3600.66559785295,0.8477426420594654,OnTrack,254.0,-1565.0,532.0
2026-08-22 14:57:56.344,0 days 01:11:20.580000,3,269.9894444444458,0 days 00:01:03.419000,10698.0,239.0,6,100.0,False,0,car,3602.2877777777767,0.8481245689721417,OnTrack,242.31206267581805,-1563.4069275963266,532.1533054319998
2026-08-22 14:57:56.640,0 days 01:11:20.876000,3,267.2761115948259,0 days 00:01:03.715000,11055.013863930677,244.77158671481462,6,100.0,False,0,pos,3622.4893580108915,0.8528808398712802,OnTrack,111.0,-1536.0,534.0
2026-08-22 14:57:56.703,0 days 01:11:20.939000,3,266.69861111111186,0 days 00:01:03.778000,11131.0,246.0,6,100.0,False,0,car,3626.8194444444434,0.8539003177466247,OnTrack,69.2183914791818,-1524.8923125294818,534.8514545027135
2026-08-22 14:57:56.820,0 days 01:11:21.056000,3,265.3661118400007,0 days 00:01:03.895000,11229.27994624,247.75499904,6,100.0,False,0,pos,3634.8822146746393,0.855798620699651,OnTrack,-17.0,-1500.0,537.0
2026-08-22 14:57:56.903,0 days 01:11:21.139000,3,264.42083333333403,0 days 00:01:03.978000,11299.0,249.0,6,100.0,False,0,car,3640.652777777777,0.8571572451756762,OnTrack,-73.9628509278167,-1480.9507852116121,538.9756970350124
2026-08-22 14:57:57.063,0 days 01:11:21.299000,3,262.3319444444446,0 days 00:01:04.138000,11375.0,254.0,6,100.0,False,0,car,3651.941666666666,0.8598151072382596,OnTrack,-176.21047492533143,-1440.641309319097,543.5089056405666
2026-08-22 14:57:57.080,0 days 01:11:21.316000,3,262.08166752919885,0 days 00:01:04.155000,11393.353170580114,254.2537304688495,6,100.0,False,0,pos,3653.1495235550415,0.8600994857127259,OnTrack,-187.0,-1436.0,544.0
2026-08-22 14:57:57.264,0 days 01:11:21.500000,3,259.3727777777776,0 days 00:01:04.339000,11592.0,257.0,6,100.0,False,0,car,3666.2908333333326,0.863193482744334,OnTrack,-303.46456698949106,-1380.9836176792455,549.1693155521997
2026-08-22 14:57:57.300,0 days 01:11:21.536000,3,258.7727777777778,0 days 00:01:04.375000,11605.5,257.3,6,100.0,False,0,pos,3668.86970845026,0.8638006544868222,OnTrack,-326.0,-1369.0,550.0
2026-08-22 14:57:57.504,0 days 01:11:21.740000,3,255.37277777777854,0 days 00:01:04.579000,11682.0,259.0,6,100.0,False,0,car,3683.557499999999,0.8672587560172224,OnTrack,-451.25104578970036,-1292.9023707537956,553.3960139598876
2026-08-22 14:57:57.580,0 days 01:11:21.816000,3,253.9583333333335,0 days 00:01:04.655000,11756.1,260.9,6,100.0,False,0,pos,3689.095507651428,0.8685626275128057,OnTrack,-496.0,-1261.0,555.0
2026-08-22 14:57:57.664,0 days 01:11:21.900000,3,252.39499999999953,0 days 00:01:04.739000,11838.0,263.0,6,100.0,False,0,car,3695.2463888888888,0.8700107942946219,OnTrack,-543.9302514046805,-1223.4988297585764,557.3303741222201
2026-08-22 14:57:57.820,0 days 01:11:22.056000,3,249.23166666666611,0 days 00:01:04.895000,11324.066666666668,263.8666666666667,6,100.0,False,0,pos,3706.702799934135,0.8727080978636643,OnTrack,-629.0,-1148.0,562.0
2026-08-22 14:57:57.920,0 days 01:11:22.156000,3,247.2038888888883,0 days 00:01:04.995000,10994.622222222222,264.4222222222222,6,100.0,False,0,pos,3714.068843531469,0.8744423631240796,OnTrack,-681.0,-1096.0,564.0
2026-08-22 14:57:58.024,0 days 01:11:22.260000,3,245.09499999999935,0 days 00:01:05.099000,10652.0,265.0,7,100.0,False,0,car,3721.7463888888888,0.8762499685261783,OnTrack,-731.9244170241022,-1038.9386659313784,565.3996232788459
2026-08-22 14:57:58.080,0 days 01:11:22.316000,3,243.88166666666598,0 days 00:01:05.155000,10628.48,265.56,7,100.0,False,0,pos,3725.8875476868825,0.8772249651775453,OnTrack,-758.0,-1007.0,566.0
2026-08-22 14:57:58.224,0 days 01:11:22.460000,3,240.76166666666586,0 days 00:01:05.299000,10568.0,267.0,7,100.0,False,0,car,3736.5797222222222,0.8797423364922696,OnTrack,-820.8509635412396,-921.0708717830653,567.3082498962401
2026-08-22 14:57:58.360,0 days 01:11:22.596000,3,237.5127777777771,0 days 00:01:05.435000,10634.3,269.55,7,100.0,False,0,pos,3746.7757241138765,0.8821428886533005,OnTrack,-874.0,-835.0,570.0
2026-08-22 14:57:58.384,0 days 01:11:22.620000,3,236.93944444444378,0 days 00:01:05.459000,10646.0,270.0,7,100.0,False,0,car,3748.579722222222,0.882567622936748,OnTrack,-882.6903433398058,-819.3258715519769,570.7906556145601
2026-08-22 14:57:58.520,0 days 01:11:22.756000,3,233.53944444444377,0 days 00:01:05.595000,10729.3,270.85,7,100.0,False,0,pos,3758.815085136811,0.8849774422781567,OnTrack,-928.0,-728.0,576.0
2026-08-22 14:57:58.544,0 days 01:11:22.780000,3,232.93944444444378,0 days 00:01:05.619000,10744.0,271.0,7,100.0,False,0,car,3760.624166666666,0.8854033734050947,OnTrack,-935.2905598981814,-711.523500965257,576.6907656869819
2026-08-22 14:57:58.704,0 days 01:11:22.940000,3,228.6727777777778,0 days 00:01:05.779000,10750.0,272.0,7,100.0,False,0,car,3772.7130555555545,0.8882495878973099,OnTrack,-977.5739237013656,-599.3714922012869,578.9672021940542
2026-08-22 14:57:58.720,0 days 01:11:22.956000,3,228.20166666666665,0 days 00:01:05.795000,10754.333333333334,272.1333333333333,7,100.0,False,0,pos,3773.925672578707,0.8885350871004647,OnTrack,-981.0,-588.0,579.0
2026-08-22 14:57:58.944,0 days 01:11:23.180000,3,221.6061111111103,0 days 00:01:06.019000,10815.0,274.0,7,100.0,False,0,car,3790.979722222222,0.8925503017072383,OnTrack,-1012.0668915712672,-425.7045312552742,576.3249372065618
2026-08-22 14:57:59.020,0 days 01:11:23.256000,3,219.17833333333294,0 days 00:01:06.095000,10844.64,274.76,7,100.0,False,0,pos,3796.797204795151,0.8939199729284287,OnTrack,-1015.0,-368.0,575.0
2026-08-22 14:57:59.144,0 days 01:11:23.380000,3,215.21722222222252,0 days 00:01:06.219000,10893.0,276.0,7,100.0,False,0,car,3806.3130555555545,0.8961603899418493,OnTrack,-1011.5052458409518,-270.63426439626824,572.9576251164842
2026-08-22 14:57:59.200,0 days 01:11:23.436000,3,213.30388888888913,0 days 00:01:06.275000,10902.52,276.28,7,100.0,False,0,pos,3810.6149557281883,0.897173231628786,OnTrack,-1008.0,-228.0,572.0
2026-08-22 14:57:59.344,0 days 01:11:23.580000,3,208.38388888888903,0 days 00:01:06.419000,10927.0,277.0,7,100.0,False,0,car,3821.7019444444436,0.8997835582062962,OnTrack,-994.6161116849609,-123.58462632995722,569.2627118645842
2026-08-22 14:57:59.400,0 days 01:11:23.636000,3,206.39277777777772,0 days 00:01:06.475000,10946.88,277.56,7,100.0,False,0,pos,3826.0318039607605,0.900802982656125,OnTrack,-983.0,-74.0,568.0
2026-08-22 14:57:59.544,0 days 01:11:23.780000,3,201.27277777777726,0 days 00:01:06.619000,10998.0,279.0,7,100.0,False,0,car,3837.2019444444436,0.9034328865304141,OnTrack,-931.6988840492833,88.15322237601157,564.2325036960111
2026-08-22 14:57:59.600,0 days 01:11:23.836000,3,198.98611111111077,0 days 00:01:06.675000,11009.55,279.175,7,100.0,False,0,pos,3841.55128717391,0.9044568981184101,OnTrack,-911.0,147.0,563.0
2026-08-22 14:57:59.864,0 days 01:11:24.100000,3,188.20611111111157,0 days 00:01:06.939000,11064.0,280.0,7,100.0,False,0,car,3862.090833333332,0.9092927398967395,OnTrack,-841.1041669657931,315.8073589028875,560.7968793210971
2026-08-22 14:58:00.060,0 days 01:11:24.296000,3,179.7127777777774,0 days 00:01:07.135000,11101.566666666668,280.81666666666666,7,100.0,False,0,pos,3877.384102350552,0.9128933953672488,OnTrack,-793.0,423.0,559.0
2026-08-22 14:58:00.104,0 days 01:11:24.340000,3,177.80611111111057,0 days 00:01:07.179000,11110.0,281.0,7,100.0,False,0,car,3880.824166666666,0.9137033259572864,OnTrack,-780.2584691200537,453.99868207450083,558.2061347102128
2026-08-22 14:58:00.280,0 days 01:11:24.516000,3,169.5927777777777,0 days 00:01:07.355000,11157.85,282.1,7,100.0,False,0,pos,3894.6130641670266,0.9169497913899591,OnTrack,-726.0,592.0,555.0
2026-08-22 14:58:00.424,0 days 01:11:24.660000,3,162.87277777777808,0 days 00:01:07.499000,11197.0,283.0,7,100.0,False,0,car,3905.979722222221,0.9196259634668225,OnTrack,-685.7806911309918,696.6461589682351,555.0471180798467
2026-08-22 14:58:00.441,0 days 01:11:24.677000,3,161.99916995555586,0 days 00:01:07.516000,11207.045416727273,283.2318173090909,7,100.0,False,0,pos,3907.3291957967153,0.9199436842499226,OnTrack,-681.0,709.0,555.0
2026-08-22 14:58:00.620,0 days 01:11:24.856000,3,152.80055555555597,0 days 00:01:07.695000,11312.818181818182,285.6727272727273,7,100.0,False,0,pos,3921.6356004831914,0.923311991852416,OnTrack,-629.0,842.0,553.0
2026-08-22 14:58:00.860,0 days 01:11:25.096000,3,140.46722222222277,0 days 00:01:07.935000,11454.636363636364,288.94545454545454,7,100.0,False,0,pos,3940.979262849428,0.9278662741082407,OnTrack,-560.0,1021.0,550.0
2026-08-22 14:58:00.864,0 days 01:11:25.100000,3,140.26166666666722,0 days 00:01:07.939000,11457.0,289.0,7,100.0,False,0,car,3941.301944444443,0.9279422464362639,OnTrack,-558.8435740689839,1023.9990359043479,549.943862801139
2026-08-22 14:58:01.060,0 days 01:11:25.296000,3,129.75388888888904,0 days 00:01:08.135000,11418.78,290.96,7,100.0,False,0,pos,3957.143805863498,0.9316720627964776,OnTrack,-502.0,1171.0,547.0
2026-08-22 14:58:01.064,0 days 01:11:25.300000,3,129.5394444444446,0 days 00:01:08.139000,11418.0,291.0,7,100.0,False,0,car,3957.46861111111,0.9317485351184085,OnTrack,-500.8545706181485,1173.962764730188,546.9445070571753
2026-08-22 14:58:01.300,0 days 01:11:25.536000,3,116.29722222222229,0 days 00:01:08.375000,11535.157142857142,293.5285714285714,7,100.0,False,0,pos,3976.740126261282,0.936285830994937,OnTrack,-432.0,1352.0,544.0
2026-08-22 14:58:01.344,0 days 01:11:25.580000,3,113.82833333333338,0 days 00:01:08.419000,11557.0,294.0,7,100.0,False,0,car,3980.335277777777,0.9371322753987201,OnTrack,-417.5366517220349,1389.1994026522818,543.39584005064
2026-08-22 14:58:01.520,0 days 01:11:25.756000,3,103.65944444444406,0 days 00:01:08.595000,11597.333333333334,294.0,7,100.0,False,0,pos,3994.6952213189393,0.9405131882179135,OnTrack,-355.0,1550.0,541.0
2026-08-22 14:58:01.584,0 days 01:11:25.820000,3,99.96166666666613,0 days 00:01:08.659000,11612.0,294.0,7,100.0,False,0,car,3999.9352777777776,0.9417469099247017,OnTrack,-331.8997265226608,1609.906650140094,540.3922268484156
2026-08-22 14:58:01.880,0 days 01:11:26.116000,3,82.11944444444444,0 days 00:01:08.955000,11683.225,296.775,7,100.0,False,0,pos,4024.3540276679237,0.94749607351268,OnTrack,-226.0,1887.0,539.0
2026-08-22 14:58:01.904,0 days 01:11:26.140000,3,80.67277777777781,0 days 00:01:08.979000,11689.0,297.0,7,100.0,False,0,car,4026.3352777777773,0.947962540102554,OnTrack,-217.69129911813152,1908.7011591637572,538.8946640546455
2026-08-22 14:58:02.104,0 days 01:11:26.340000,3,68.56166666666604,0 days 00:01:09.179000,10709.0,297.0,7,100.0,False,0,car,4042.8352777777777,0.9518473089637118,OnTrack,-150.3867277218765,2083.928030798305,537.919201738873
2026-08-22 14:58:02.264,0 days 01:11:26.500000,3,58.650555555555,0 days 00:01:09.339000,10396.0,298.0,8,100.0,False,0,car,4056.079722222222,0.9549655880765064,OnTrack,-103.61037354358658,2205.1584098506173,537.2234591353867
2026-08-22 14:58:02.360,0 days 01:11:26.596000,3,52.65055555555519,0 days 00:01:09.435000,10408.0,298.4,8,100.0,False,0,pos,4064.0545779559043,0.9568431923932602,OnTrack,-82.0,2261.0,537.0
2026-08-22 14:58:02.504,0 days 01:11:26.740000,3,43.65055555555546,0 days 00:01:09.579000,10426.0,299.0,8,100.0,False,0,car,4076.0130555555547,0.959658702781501,OnTrack,-58.699684743787095,2320.9069576042784,536.9396424524379
2026-08-22 14:58:02.640,0 days 01:11:26.876000,3,35.11277777777745,0 days 00:01:09.715000,10433.933333333332,297.8666666666667,8,100.0,False,0,pos,4087.2365670019053,0.9623011723439029,OnTrack,-34.0,2385.0,537.0
2026-08-22 14:58:02.744,0 days 01:11:26.980000,3,28.583888888888396,0 days 00:01:09.819000,10440.0,297.0,8,100.0,False,0,car,4095.8130555555554,0.9643204254148905,OnTrack,-5.441536442972949,2459.913229955056,537.0079864528566
2026-08-22 14:58:02.860,0 days 01:11:27.096000,3,21.140555555554947,0 days 00:01:09.935000,10427.111111111111,297.3222222222222,8,100.0,False,0,pos,4105.4064548657725,0.9665791005005259,OnTrack,31.0,2555.0,537.0
2026-08-22 14:58:03.020,0 days 01:11:27.256000,3,10.873888888888118,0 days 00:01:10.095000,10409.333333333334,297.76666666666665,8,100.0,False,0,pos,4118.667042041475,0.9697011802666373,OnTrack,79.0,2678.0,537.0
2026-08-22 14:58:03.104,0 days 01:11:27.340000,3,5.483888888888032,0 days 00:01:10.179000,10400.0,298.0,8,100.0,False,0,car,4125.613055555556,0.9713365534186785,OnTrack,103.01962561005558,2739.93427211162,537.0004333729349
2026-08-22 14:58:03.264,0 days 01:11:27.500000,44,2549.981388888892,0 days 00:01:10.339000,10400.0,297.0,8,100.0,False,0,car,4138.813055555555,0.9744443685076046,OnTrack,148.53637278285984,2858.3962868965477,537.0001711948421
2026-08-22 14:58:03.360,0 days 01:11:27.596000,44,2545.7947233433406,0 days 00:01:10.435000,10384.736405760963,297.0,8,100.0,False,0,pos,4146.734759004353,0.9763094586218601,OnTrack,182.0,2945.0,537.0
2026-08-22 14:58:03.503,0 days 01:11:27.739000,44,2539.558333333336,0 days 00:01:10.578000,10362.0,297.0,8,100.0,False,0,car,4158.530555555556,0.9790866672966884,OnTrack,242.24395495447402,3099.98267803291,536.9999695902808
2026-08-22 14:58:03.600,0 days 01:11:27.836000,44,2535.139447360003,0 days 00:01:10.675000,10348.2583424,296.5958336,8,100.0,False,0,pos,4166.516728102853,0.9809669360501172,OnTrack,278.0,3192.0,537.0
2026-08-22 14:58:03.743,0 days 01:11:27.979000,44,2528.6250000000036,0 days 00:01:10.818000,10328.0,296.0,8,100.0,False,0,car,4178.263888888889,0.9837326938942749,OnTrack,309.8417613442698,3274.617043841895,537.0000084563454
2026-08-22 14:58:03.880,0 days 01:11:28.116000,44,2522.3838898172285,0 days 00:01:10.955000,10326.636816123166,295.31840806158266,8,100.0,False,0,pos,4189.486439128976,0.986374937149758,OnTrack,335.0,3340.0,537.0
2026-08-22 14:58:03.944,0 days 01:11:28.180000,44,2519.468333333336,0 days 00:01:11.019000,10326.0,295.0,8,100.0,False,0,car,4194.734722222222,0.9876105957397691,OnTrack,350.7442887192639,3380.5700360326236,536.9999982501866
2026-08-22 14:58:04.104,0 days 01:11:28.340000,44,2512.0461111111144,0 days 00:01:11.179000,10309.0,296.0,8,100.0,False,0,car,4207.890277777778,0.9907079468048268,OnTrack,399.7632695711716,3506.136972026996,536.9999991643228
2026-08-22 14:58:04.200,0 days 01:11:28.436000,44,2507.512777777781,0 days 00:01:11.275000,10310.5,296.0,8,100.0,False,0,pos,4215.785346272394,0.9925667659711658,OnTrack,430.0,3583.0,537.0
2026-08-22 14:58:04.420,0 days 01:11:28.656000,44,2497.123888888893,0 days 00:01:11.495000,10313.9375,296.0,8,100.0,False,0,pos,4233.87251852646,0.9968252195201956,OnTrack,497.0,3751.0,537.0
2026-08-22 14:58:04.424,0 days 01:11:28.660000,44,2496.935000000004,0 days 00:01:11.499000,10314.0,296.0,8,100.0,False,0,car,4234.201388888888,0.9969026489349421,OnTrack,498.22979044594973,3754.0367302869126,536.9999999963477
2026-08-22 14:58:04.483,0 days 01:11:28.719000,44,2496.935000000004,0 days 00:01:11.558000,10302.5687376,296.0,8,100.0,False,0,interpolation,4239.052337596318,0.9980447589037722,OnTrack,516.4896293610889,3798.9076648612145,536.9999999642486
