Date,SessionTime,DriverAhead,DistanceToDriverAhead,Time,RPM,Speed,nGear,Throttle,Brake,DRS,Source,Distance,RelativeDistance,Status,X,Y,Z
2026-08-22 14:37:37.782,0 days 00:51:02.018000,,822.7261111111111,0 days 00:00:00,10878.3562808,310.7625008,8,100.0,False,0,interpolation,0.03826931912561823,9.029900811830852e-06,OnTrack,511.500956416278,3787.1477571037112,537.0000369762683
2026-08-22 14:37:37.960,0 days 00:51:02.196000,,822.7261111111111,0 days 00:00:00.178000,10921.1875,311.875,8,100.0,False,0,pos,15.487111294502988,0.0036542870907133895,OnTrack,570.0,3929.0,537.0
2026-08-22 14:37:37.980,0 days 00:51:02.216000,,822.7261111111111,0 days 00:00:00.198000,10926.0,312.0,8,100.0,False,0,car,17.227777777777778,0.004065008944396088,OnTrack,576.3336646212441,3944.395191530025,536.9999590460893
2026-08-22 14:37:38.120,0 days 00:51:02.356000,,822.7261111111111,0 days 00:00:00.338000,10964.5,313.4,8,100.0,False,0,pos,29.437260762422863,0.006945917798645085,OnTrack,623.0,4058.0,537.0
2026-08-22 14:37:38.180,0 days 00:51:02.416000,30,822.7261111111111,0 days 00:00:00.398000,10981.0,314.0,8,100.0,False,0,car,34.67222222222222,0.008181141832304412,OnTrack,648.2970845035239,4119.608843517703,537.0007818473874
2026-08-22 14:37:38.379,0 days 00:51:02.615000,30,813.6052777777776,0 days 00:00:00.597000,10996.0,314.0,8,100.0,False,0,car,52.02944444444444,0.012276694055773196,OnTrack,745.7778054815984,4357.273008389381,537.0023175797392
2026-08-22 14:37:38.420,0 days 00:51:02.656000,30,811.7716695288887,0 days 00:00:00.638000,10998.0499968,314.20499968,8,100.0,False,0,pos,55.61290462941204,0.013122235360733049,OnTrack,762.0,4397.0,537.0
2026-08-22 14:37:38.579,0 days 00:51:02.815000,30,804.6608333333331,0 days 00:00:00.797000,11006.0,315.0,8,100.0,False,0,car,69.52944444444444,0.016405935647146198,OnTrack,806.5336777867112,4506.951304430113,536.9802778760675
2026-08-22 14:37:38.819,0 days 00:51:03.055000,30,794.5941666666665,0 days 00:00:01.037000,11005.0,315.0,8,100.0,False,0,car,90.52944444444442,0.021361025556793797,OnTrack,854.9059558317955,4626.294002247898,536.9907942914981
2026-08-22 14:37:38.839,0 days 00:51:03.075000,30,793.8330555555555,0 days 00:00:01.057000,11006.916666666666,315.0833333333333,8,100.0,False,0,pos,92.28227592792156,0.0217746178233219,OnTrack,861.0,4641.0,537.0
2026-08-22 14:37:38.919,0 days 00:51:03.155000,30,790.788611111111,0 days 00:00:01.137000,11014.583333333334,315.4166666666667,8,100.0,False,0,pos,99.2999922062829,0.02343049473378276,OnTrack,888.0,4706.0,537.0
2026-08-22 14:37:39.059,0 days 00:51:03.295000,30,785.4608333333332,0 days 00:00:01.277000,11028.0,316.0,8,100.0,False,0,car,111.59611111111109,0.02633184591059901,OnTrack,933.7295241711845,4818.0296331339805,536.2581189219326
2026-08-22 14:37:39.119,0 days 00:51:03.355000,30,783.3108333333331,0 days 00:00:01.337000,11024.7,316.0,8,100.0,False,0,pos,116.86766864434904,0.02757570503160254,OnTrack,954.0,4868.0,536.0
2026-08-22 14:37:39.259,0 days 00:51:03.495000,30,778.2941666666663,0 days 00:00:01.477000,11017.0,316.0,8,100.0,False,0,car,129.15166666666664,0.030474196205436687,OnTrack,1005.4976566421445,4994.730342093083,536.0776926243523
2026-08-22 14:37:39.419,0 days 00:51:03.655000,30,772.649722222222,0 days 00:00:01.637000,10991.0,314.0,8,100.0,False,0,car,143.1072222222222,0.03376710251576335,OnTrack,1066.0842683182932,5143.362488107117,536.8329805471334
2026-08-22 14:37:39.479,0 days 00:51:03.715000,30,770.8830555555553,0 days 00:00:01.697000,10959.0,313.6666666666667,8,100.0,False,0,pos,148.32136071107453,0.03499741323069752,OnTrack,1086.0,5192.0,537.0
2026-08-22 14:37:39.779,0 days 00:51:04.015000,30,762.049722222222,0 days 00:00:01.997000,10799.0,312.0,8,100.0,False,0,car,174.3072222222222,0.0411289503815255,OnTrack,1166.895651302408,5394.277831490278,536.9412392595812
2026-08-22 14:37:39.859,0 days 00:51:04.095000,30,759.9163888888887,0 days 00:00:02.077000,10758.2,311.2,8,100.0,False,0,pos,181.24625015978572,0.04276626025372473,OnTrack,1192.0,5468.0,537.0
2026-08-22 14:37:39.979,0 days 00:51:04.215000,30,756.7163888888888,0 days 00:00:02.197000,10697.0,310.0,8,100.0,False,0,car,191.52944444444444,0.04519264845557513,OnTrack,1236.292083375864,5607.895676424405,537.2895753125704
2026-08-22 14:37:40.119,0 days 00:51:04.355000,30,754.2274995037727,0 days 00:00:02.337000,10371.641679679338,300.4049825106507,8,57.694695615141804,False,0,pos,203.04853485628888,0.04791065458262508,OnTrack,1283.0,5763.0,538.0
2026-08-22 14:37:40.300,0 days 00:51:04.536000,30,751.0097222222221,0 days 00:00:02.518000,9951.0,288.0,8,3.0,True,0,car,217.20944444444442,0.05125201554508704,OnTrack,1308.8163743897985,5857.0959433421895,539.6296739563875
2026-08-22 14:37:40.419,0 days 00:51:04.655000,30,749.8527771555554,0 days 00:00:02.637000,9341.8684224,270.8937408,8,0.7687488000000001,True,0,pos,226.07763911025225,0.053344525159626816,OnTrack,1324.0,5915.0,541.0
2026-08-22 14:37:40.460,0 days 00:51:04.696000,30,749.4541666666665,0 days 00:00:02.678000,9132.0,265.0,8,0.0,True,0,car,228.98722222222221,0.054031060679598404,OnTrack,1331.51448310351,5942.475249974963,541.5085281123352
2026-08-22 14:37:40.739,0 days 00:51:04.975000,30,750.0741668088888,0 days 00:00:02.957000,9017.410688,228.1321344,8,0.0,True,0,pos,246.6612837833418,0.05820137325597907,OnTrack,1398.0,6176.0,545.0
2026-08-22 14:37:40.740,0 days 00:51:04.976000,30,750.0763888888888,0 days 00:00:02.958000,9017.0,228.0,8,0.0,True,0,car,246.72055555555556,0.05821535882552305,OnTrack,1398.194941832036,6176.657969957405,545.0099086204802
2026-08-22 14:37:40.940,0 days 00:51:05.176000,30,751.9097222222222,0 days 00:00:03.158000,9353.0,205.0,8,0.0,True,0,car,258.1094444444444,0.06090264303578166,OnTrack,1426.707736159653,6267.299713229643,546.486382476609
2026-08-22 14:37:41.099,0 days 00:51:05.335000,30,755.0897235022221,0 days 00:00:03.317000,9606.9032272,192.0812448,8,0.0,True,0,pos,266.3028156447215,0.06283592355770976,OnTrack,1450.0,6326.0,547.0
2026-08-22 14:37:41.260,0 days 00:51:05.496000,30,758.309722222222,0 days 00:00:03.478000,9864.0,179.0,6,0.0,True,0,car,274.0205555555556,0.06465697570806493,OnTrack,1485.2774166400948,6405.671232730305,546.9855882347424
2026-08-22 14:37:41.359,0 days 00:51:05.595000,30,761.0047239644442,0 days 00:00:03.577000,9849.974990933333,173.77499662222223,6,0.0,True,0,pos,278.5980705589322,0.0657370708701836,OnTrack,1507.0,6450.0,547.0
2026-08-22 14:37:41.620,0 days 00:51:05.856000,30,768.109722222222,0 days 00:00:03.838000,9813.0,160.0,4,0.0,True,0,car,290.0205555555556,0.06843228230589168,OnTrack,1554.9853302697543,6522.217606565408,547.8113486829848
2026-08-22 14:37:41.659,0 days 00:51:05.895000,30,769.4097243555553,0 days 00:00:03.877000,9848.2219328,157.9281216,4,0.0,True,0,pos,291.6404683786741,0.06881451152895565,OnTrack,1564.0,6533.0,548.0
2026-08-22 14:37:41.839,0 days 00:51:06.075000,30,775.4097243555553,0 days 00:00:04.057000,10010.7844328,148.3656216,4,0.0,True,0,pos,298.8338574799469,0.07051183961237881,OnTrack,1614.0,6588.0,549.0
2026-08-22 14:37:41.940,0 days 00:51:06.176000,30,778.7763888888886,0 days 00:00:04.158000,10102.0,143.0,3,0.0,True,0,car,302.7316666666667,0.07143155365860959,OnTrack,1641.839952544778,6613.789849261407,549.5436349471604
2026-08-22 14:37:42.100,0 days 00:51:06.336000,30,784.6874999999997,0 days 00:00:04.318000,9769.0,135.0,3,0.0,True,0,car,308.7316666666667,0.07284729363279462,OnTrack,1691.5108733453803,6647.186333519166,550.0191253283806
2026-08-22 14:37:42.119,0 days 00:51:06.355000,30,785.4844471288885,0 days 00:00:04.337000,9724.954397090909,134.5249984,3,0.0,True,0,pos,309.42472732666664,0.07301082591294411,OnTrack,1699.0,6651.0,550.0
2026-08-22 14:37:42.339,0 days 00:51:06.575000,30,794.7122249066664,0 days 00:00:04.557000,9214.954397090909,129.0249984,3,0.0,True,0,pos,317.1221524375795,0.07482708465091327,OnTrack,1799.0,6690.0,549.0
2026-08-22 14:37:42.540,0 days 00:51:06.776000,30,803.1430555555554,0 days 00:00:04.758000,8749.0,124.0,3,0.0,True,0,car,323.88722222222225,0.0764233479379583,OnTrack,1854.5791579447139,6702.104359794592,548.8420160506913
2026-08-22 14:37:42.699,0 days 00:51:06.935000,30,810.1655583822221,0 days 00:00:04.917000,8697.3249792,120.0249984,3,0.0,True,0,pos,329.1874913177942,0.07767398174338142,OnTrack,1894.0,6702.0,549.0
2026-08-22 14:37:42.700,0 days 00:51:06.936000,30,810.2097222222221,0 days 00:00:04.918000,8697.0,120.0,3,0.0,False,0,car,329.22055555555556,0.0776817834705672,OnTrack,1894.2983949339973,6701.991407153235,549.0006248140651
2026-08-22 14:37:42.819,0 days 00:51:07.055000,30,815.7300029688888,0 days 00:00:05.037000,8509.99989942857,118.72499931428571,3,0.0,False,0,pos,333.12706831595307,0.07860355118299364,OnTrack,1933.0,6700.0,549.0
2026-08-22 14:37:42.980,0 days 00:51:07.216000,30,823.198611111111,0 days 00:00:05.198000,8257.0,117.0,3,0.0,False,0,car,338.3205555555556,0.07982898909808117,OnTrack,1984.8666692420238,6692.138837343664,548.4400300315197
2026-08-22 14:37:43.079,0 days 00:51:07.315000,30,827.8736141333331,0 days 00:00:05.297000,8130.156168,115.1437488,3,0.0,False,0,pos,341.46081462617286,0.08056995414734283,OnTrack,2016.0,6684.0,548.0
2026-08-22 14:37:43.140,0 days 00:51:07.376000,30,830.7541666666665,0 days 00:00:05.358000,8052.0,114.0,3,0.0,False,0,car,343.38722222222225,0.08102450285405964,OnTrack,2035.0294458212024,6677.689358919616,547.7604723214587
2026-08-22 14:37:43.300,0 days 00:51:07.536000,30,838.4874999999997,0 days 00:00:05.518000,8070.0,113.0,3,0.0,False,0,car,348.4094444444445,0.08220952964726637,OnTrack,2084.1468212889995,6656.521781463044,547.2500697586554
2026-08-22 14:37:43.439,0 days 00:51:07.675000,30,845.4375031999997,0 days 00:00:05.657000,8059.5749952,109.5249984,3,24.3250112,False,0,pos,352.6219837070495,0.08320350635174867,OnTrack,2122.0,6634.0,547.0
2026-08-22 14:37:43.460,0 days 00:51:07.696000,30,846.4874999999997,0 days 00:00:05.678000,8058.0,109.0,3,28.0,False,0,car,353.2538888888889,0.08335260858938613,OnTrack,2127.1878149270965,6630.3104522974945,546.9798484331504
2026-08-22 14:37:43.740,0 days 00:51:07.976000,30,860.4874999999998,0 days 00:00:05.958000,8246.0,109.0,3,46.0,False,0,car,361.7316666666667,0.08535299673809571,OnTrack,2184.5720168954267,6573.801420033002,546.6977709690597
2026-08-22 14:37:43.820,0 days 00:51:08.056000,30,864.3986111111109,0 days 00:00:06.038000,8351.846153846154,110.07692307692308,3,47.84615384615385,False,0,pos,364.2174129243029,0.08593952512853177,OnTrack,2199.0,6555.0,546.0
2026-08-22 14:37:43.900,0 days 00:51:08.136000,30,868.309722222222,0 days 00:00:06.118000,8457.692307692309,111.15384615384616,3,49.69230769230769,False,0,pos,366.7382748106673,0.08653433928551936,OnTrack,2213.0,6535.0,545.0
2026-08-22 14:37:44.140,0 days 00:51:08.376000,30,880.0430555555553,0 days 00:00:06.358000,8775.23076923077,114.38461538461539,3,55.23076923076923,False,0,pos,374.50300476196884,0.0883664790489876,OnTrack,2251.0,6469.0,544.0
2026-08-22 14:37:44.260,0 days 00:51:08.496000,30,885.909722222222,0 days 00:00:06.478000,8934.0,116.0,3,58.0,False,0,car,378.4872222222222,0.08930658170304205,OnTrack,2265.8144270953903,6433.6887045585245,544.019052460762
2026-08-22 14:37:44.360,0 days 00:51:08.596000,30,890.6319444444442,0 days 00:00:06.578000,9157.75,119.75,3,61.75,False,0,pos,381.85857264841917,0.0901020742972675,OnTrack,2276.0,6401.0,544.0
2026-08-22 14:37:44.420,0 days 00:51:08.656000,30,893.4652777777776,0 days 00:00:06.638000,9292.0,122.0,3,64.0,False,0,car,383.90944444444443,0.09058599116119444,OnTrack,2281.251906960937,6379.1383394362265,543.9007027449388
2026-08-22 14:37:44.660,0 days 00:51:08.896000,30,904.5986111111108,0 days 00:00:06.878000,9533.0,127.0,3,69.0,False,0,car,392.37611111111113,0.0925837575692111,OnTrack,2294.618068329904,6280.250557610512,543.0673852284427
2026-08-22 14:37:44.680,0 days 00:51:08.916000,30,905.4874999999997,0 days 00:00:06.898000,9579.0,127.8,3,69.5,False,0,pos,393.10543398684547,0.0927558461607552,OnTrack,2295.0,6272.0,543.0
2026-08-22 14:37:44.860,0 days 00:51:09.096000,30,913.4875,0 days 00:00:07.078000,9993.0,135.0,3,74.0,False,0,car,399.87611111111113,0.0943534325369424,OnTrack,2293.018330670521,6199.272379913028,542.473379863946
2026-08-22 14:37:45.060,0 days 00:51:09.296000,30,921.8208311018134,0 days 00:00:07.278000,10624.798993995248,144.20501845555992,3,79.02091915757813,False,0,pos,407.94784118583374,0.09625801102487846,OnTrack,2284.0,6127.0,542.0
2026-08-22 14:37:45.099,0 days 00:51:09.335000,30,923.445833333333,0 days 00:00:07.317000,10748.0,146.0,3,80.0,False,0,car,409.5688888888889,0.09664050803042445,OnTrack,2282.0296923776164,6114.670914478308,541.9137263013893
2026-08-22 14:37:45.299,0 days 00:51:09.535000,30,931.4458333333332,0 days 00:00:07.517000,11334.0,153.0,3,82.0,False,0,car,418.0688888888889,0.09864613966051991,OnTrack,2270.172979251691,6058.007804695925,541.4854012723467
2026-08-22 14:37:45.439,0 days 00:51:09.675000,30,936.8124999999999,0 days 00:00:07.657000,11583.666666666666,157.08333333333334,3,82.58333333333333,False,0,pos,424.2129647352421,0.10009587529053773,OnTrack,2252.0,5995.0,541.0
2026-08-22 14:37:45.539,0 days 00:51:09.775000,30,940.6458333333333,0 days 00:00:07.757000,11762.0,160.0,3,83.0,False,0,car,428.73555555555555,0.10116301072573773,OnTrack,2231.823889054988,5930.073669461567,540.5052633010511
2026-08-22 14:37:45.639,0 days 00:51:09.875000,30,944.0624999999999,0 days 00:00:07.857000,11582.277777777777,163.88888888888889,3,87.72222222222223,False,0,pos,433.3921893134809,0.10226177448511012,OnTrack,2211.0,5865.0,540.0
2026-08-22 14:37:45.899,0 days 00:51:10.135000,30,952.9458333333332,0 days 00:00:08.117000,11115.0,174.0,4,100.0,False,0,car,446.1355555555556,0.10526865665087431,OnTrack,2177.9571019986975,5769.18653984172,539.1086648059747
2026-08-22 14:37:46.059,0 days 00:51:10.295000,30,957.8347222222221,0 days 00:00:08.277000,10839.8,185.2,4,100.0,False,0,pos,454.4457695835376,0.10722950701644887,OnTrack,2159.0,5718.0,538.0
2026-08-22 14:37:46.099,0 days 00:51:10.335000,30,959.0569444444443,0 days 00:00:08.317000,10771.0,188.0,4,100.0,False,0,car,456.58,0.10773309290223343,OnTrack,2153.261985264883,5702.337714895555,537.5832563973586
2026-08-22 14:37:46.299,0 days 00:51:10.535000,30,964.2236111111109,0 days 00:00:08.517000,10632.25,196.125,4,100.0,False,0,pos,467.5918131802533,0.1103314035868238,OnTrack,2114.0,5600.0,535.0
2026-08-22 14:37:46.419,0 days 00:51:10.655000,30,967.323611111111,0 days 00:00:08.637000,10549.0,201.0,5,100.0,False,0,car,474.44666666666666,0.1119488519364733,OnTrack,2075.413194343635,5510.03630246618,533.5964680977005
2026-08-22 14:37:46.479,0 days 00:51:10.715000,30,968.673611111111,0 days 00:00:08.697000,10661.5,203.57142857142858,5,100.0,False,0,pos,477.9388612353587,0.11277285851122816,OnTrack,2057.0,5468.0,533.0
2026-08-22 14:37:46.699,0 days 00:51:10.935000,30,973.6236111111111,0 days 00:00:08.917000,11074.0,213.0,5,100.0,False,0,car,491.01333333333326,0.11585786730963973,OnTrack,2013.8859238265293,5371.523681755936,531.5513954815199
2026-08-22 14:37:46.859,0 days 00:51:11.095000,30,977.0902777777778,0 days 00:00:09.077000,11300.0,216.0,5,100.0,False,0,car,500.6133333333333,0.11812305126833578,OnTrack,1991.0540153049583,5322.279980331305,531.1014401276351
2026-08-22 14:37:46.939,0 days 00:51:11.175000,30,978.7125003694741,0 days 00:00:09.157000,11424.41283972392,217.42348786869474,5,100.0,False,0,pos,505.4612279510341,0.11926694430182172,OnTrack,1974.0,5285.0,531.0
2026-08-22 14:37:46.999,0 days 00:51:11.235000,30,979.9291673132465,0 days 00:00:09.217000,11517.72246951686,218.4911037702158,5,100.0,False,0,pos,509.1207606912414,0.12013043543301342,OnTrack,1959.0,5252.0,531.0
2026-08-22 14:37:47.140,0 days 00:51:11.376000,30,982.7883333333332,0 days 00:00:09.358000,11737.0,221.0,5,100.0,False,0,car,517.8636111111111,0.12219336923763507,OnTrack,1923.4750832815262,5171.715668398899,531.7394407957466
2026-08-22 14:37:47.179,0 days 00:51:11.415000,30,983.4383343999998,0 days 00:00:09.397000,11631.4560768,222.3406272,5,100.0,False,0,pos,520.324090345376,0.12277393570556856,OnTrack,1914.0,5150.0,532.0
2026-08-22 14:37:47.460,0 days 00:51:11.696000,30,988.1216666666664,0 days 00:00:09.678000,10871.0,232.0,5,100.0,False,0,car,538.4858333333334,0.12705931996372288,OnTrack,1850.1459736024815,4993.3158813679975,533.6627862396765
2026-08-22 14:37:47.519,0 days 00:51:11.755000,30,988.8427785599998,0 days 00:00:09.737000,10868.7874976,233.03250112,5,100.0,False,0,pos,542.3486385911261,0.12797077459971445,OnTrack,1836.0,4949.0,534.0
2026-08-22 14:37:47.719,0 days 00:51:11.955000,30,991.2872230044444,0 days 00:00:09.937000,10861.2874976,236.53250112,5,100.0,False,0,pos,555.5476596472977,0.13108517155460309,OnTrack,1789.0,4774.0,535.0
2026-08-22 14:37:47.860,0 days 00:51:12.096000,30,993.0105555555556,0 days 00:00:10.078000,10856.0,239.0,6,100.0,False,0,car,565.0413888888888,0.13332528021983808,OnTrack,1773.4576926549564,4692.871989552664,535.0564352621142
2026-08-22 14:37:48.059,0 days 00:51:12.295000,30,994.0055558755555,0 days 00:00:10.277000,10936.748102892308,241.6788470153846,6,100.0,False,0,pos,578.7638187822756,0.13656317897700795,OnTrack,1770.0,4603.0,534.0
2026-08-22 14:37:48.239,0 days 00:51:12.475000,30,994.9055558755555,0 days 00:00:10.457000,11009.78656443077,244.10192393846154,6,100.0,False,0,pos,591.2671125218725,0.1395134144363621,OnTrack,1771.0,4480.0,532.0
2026-08-22 14:37:48.380,0 days 00:51:12.616000,30,995.6105555555554,0 days 00:00:10.598000,11067.0,246.0,6,100.0,True,0,car,600.5747222222222,0.141709606955845,OnTrack,1777.2959218258532,4382.562341059226,530.520322315674
2026-08-22 14:37:48.459,0 days 00:51:12.695000,30,996.4005561955554,0 days 00:00:10.677000,11069.633335466666,240.29443982222222,6,78.2749824,True,0,pos,605.5841843554064,0.1428916229210308,OnTrack,1782.0,4329.0,530.0
2026-08-22 14:37:48.740,0 days 00:51:12.976000,30,999.2105555555553,0 days 00:00:10.958000,11079.0,220.0,6,1.0,True,0,car,622.5747222222222,0.14690065352785678,OnTrack,1798.785016753746,4142.389408265377,530.6624388293124
2026-08-22 14:37:48.779,0 days 00:51:13.015000,30,999.6438895999997,0 days 00:00:10.997000,11011.96864,218.5374976,6,0.7562496,True,0,pos,624.9109483114624,0.147451901638402,OnTrack,1800.0,4117.0,531.0
2026-08-22 14:37:48.900,0 days 00:51:13.136000,30,1000.9883333333332,0 days 00:00:11.118000,10804.0,214.0,5,0.0,True,0,car,632.0858333333333,0.14914486356100934,OnTrack,1801.134719472848,4039.3409718708654,532.3509026718676
2026-08-22 14:37:48.959,0 days 00:51:13.195000,30,1001.7422230399999,0 days 00:00:11.177000,10701.979056,211.0499968,5,0.0,True,0,pos,635.4808261863385,0.14994593474335466,OnTrack,1800.0,4004.0,533.0
2026-08-22 14:37:49.059,0 days 00:51:13.295000,30,1003.0200008177776,0 days 00:00:11.277000,10529.062389333334,206.0499968,5,0.0,True,0,pos,641.0797357836854,0.1512670347648233,OnTrack,1795.0,3949.0,534.0
2026-08-22 14:37:49.140,0 days 00:51:13.376000,30,1004.0549999999998,0 days 00:00:11.358000,10389.0,202.0,5,0.0,True,0,car,645.5525,0.15232241328084684,OnTrack,1786.8075281550712,3905.9704993470514,535.0638277263341
2026-08-22 14:37:49.300,0 days 00:51:13.536000,30,1006.3216666666666,0 days 00:00:11.518000,10098.0,196.0,5,0.0,True,0,car,654.2636111111111,0.15437785798410808,OnTrack,1760.7036532962595,3825.0008699073487,537.6934765581249
2026-08-22 14:37:49.319,0 days 00:51:13.555000,30,1006.6911123555554,0 days 00:00:11.537000,10085.40213147826,195.64891186086956,5,1.115221147826087,True,0,pos,655.279800942301,0.15461763474500406,OnTrack,1757.0,3816.0,538.0
2026-08-22 14:37:50.059,0 days 00:51:14.295000,30,1021.0800012444445,0 days 00:00:12.277000,9594.749957565218,181.9749988173913,5,44.55000375652174,True,0,pos,692.0938561540867,0.16330415634086734,OnTrack,1492.0,3551.0,547.0
2026-08-22 14:37:50.220,0 days 00:51:14.456000,30,1024.2105555555556,0 days 00:00:12.438000,9488.0,179.0,5,54.0,False,0,car,700.0080555555555,0.16517156441692243,OnTrack,1387.2022334021442,3502.6554843087956,547.7471931233383
2026-08-22 14:37:50.400,0 days 00:51:14.636000,30,1027.7105555555556,0 days 00:00:12.618000,9515.40909090909,179.4090909090909,5,56.86363636363637,False,0,pos,708.9548922254032,0.16728263013625708,OnTrack,1277.0,3458.0,548.0
2026-08-22 14:37:50.660,0 days 00:51:14.896000,30,1032.766111111111,0 days 00:00:12.878000,9555.0,180.0,5,61.0,False,0,car,722.0080555555555,0.1703626109889342,OnTrack,1189.7142491475674,3425.6413231962442,547.3135814455825
2026-08-22 14:37:50.840,0 days 00:51:15.076000,30,1036.466111111111,0 days 00:00:13.058000,9405.9375,180.0,5,54.8125,False,0,pos,731.0826664602931,0.17250382589026955,OnTrack,1126.0,3403.0,547.0
2026-08-22 14:37:50.880,0 days 00:51:15.116000,30,1037.2883333333332,0 days 00:00:13.098000,9372.8125,180.0,5,53.4375,False,0,pos,733.0842445669915,0.17297611157978732,OnTrack,1107.0,3396.0,547.0
2026-08-22 14:37:50.980,0 days 00:51:15.216000,30,1039.3438888888888,0 days 00:00:13.198000,9290.0,180.0,5,50.0,True,0,car,738.0080555555555,0.17413791758676098,OnTrack,1050.629140767998,3373.4570371158056,546.413395983828
2026-08-22 14:37:51.140,0 days 00:51:15.376000,30,1042.9883333333332,0 days 00:00:13.358000,10130.0,172.0,5,0.0,True,0,car,745.6525,0.17594167518350043,OnTrack,941.3080888137738,3325.767063993242,543.8513669706849
2026-08-22 14:37:51.260,0 days 00:51:15.496000,30,1046.0883333333331,0 days 00:00:13.478000,10563.875,168.625,5,0.0,True,0,pos,751.213581724871,0.1772538494664354,OnTrack,880.0,3299.0,542.0
2026-08-22 14:37:51.460,0 days 00:51:15.696000,30,1051.2549999999999,0 days 00:00:13.678000,11287.0,163.0,4,0.0,False,0,car,760.141388888889,0.179360425047088,OnTrack,834.7858299783987,3280.4241709615553,539.7247682638988
2026-08-22 14:37:51.620,0 days 00:51:15.856000,30,1055.7883333333334,0 days 00:00:13.838000,11398.0,154.0,3,0.0,False,0,car,766.9858333333333,0.18097541731393607,OnTrack,801.1247834068461,3250.1873242200504,538.1995917829777
2026-08-22 14:37:51.640,0 days 00:51:15.876000,30,1056.371666431866,0 days 00:00:13.858000,11337.119521360695,153.74842777421776,3,0.0,False,0,pos,767.835246364505,0.18117584197773998,OnTrack,794.0,3243.0,538.0
2026-08-22 14:37:51.779,0 days 00:51:16.015000,30,1060.4258333333332,0 days 00:00:13.997000,10914.0,152.0,3,0.0,True,0,car,773.6991666666667,0.18255947304060754,OnTrack,728.9925213111226,3174.18437989915,536.5739306720304
2026-08-22 14:37:51.840,0 days 00:51:16.076000,30,1062.32360912,0 days 00:00:14.058000,10747.33946057143,150.4750016,3,0.0,True,0,pos,776.2196651188076,0.18315420144286876,OnTrack,703.0,3143.0,536.0
2026-08-22 14:37:52.059,0 days 00:51:16.295000,30,1069.1369444444445,0 days 00:00:14.277000,10149.0,145.0,3,0.0,True,0,car,784.9769444444444,0.1852205398439368,OnTrack,657.4377904764422,3055.8984351631602,534.4310917554518
2026-08-22 14:37:52.259,0 days 00:51:16.495000,30,1075.9147222222223,0 days 00:00:14.477000,9860.25,139.375,3,0.0,True,0,pos,792.6008412346954,0.18701944908477333,OnTrack,649.0,2999.0,533.0
2026-08-22 14:37:52.379,0 days 00:51:16.615000,30,1079.981388888889,0 days 00:00:14.597000,9687.0,136.0,3,0.0,False,0,car,797.0658333333332,0.18807299371785033,OnTrack,645.6170485860484,2970.468333204574,531.8597888365855
2026-08-22 14:37:52.539,0 days 00:51:16.775000,30,1085.581388888889,0 days 00:00:14.757000,9504.0,132.0,3,4.0,False,0,car,802.9324999999999,0.18945727280372013,OnTrack,644.1060856624719,2934.331763177665,530.3363753846637
2026-08-22 14:37:52.619,0 days 00:51:16.855000,30,1088.470277777778,0 days 00:00:14.837000,9364.888888888889,130.88888888888889,3,3.3333333333333335,False,0,pos,805.8122645899458,0.1901367724447583,OnTrack,646.0,2911.0,530.0
2026-08-22 14:37:52.799,0 days 00:51:17.035000,30,1094.970277777778,0 days 00:00:15.017000,9051.888888888889,128.38888888888889,3,1.8333333333333333,False,0,pos,812.1600109263239,0.19163456548382451,OnTrack,657.0,2847.0,530.0
2026-08-22 14:37:52.899,0 days 00:51:17.135000,30,1098.581388888889,0 days 00:00:15.117000,8878.0,127.0,3,1.0,False,0,car,815.6324999999999,0.19245392241574513,OnTrack,666.75164648759,2812.3373358536764,529.4852137475257
2026-08-22 14:37:52.959,0 days 00:51:17.195000,30,1100.7980555555557,0 days 00:00:15.177000,8962.0,126.1,3,11.2,False,0,pos,817.7000013619163,0.1929417631365363,OnTrack,674.0,2793.0,529.0
2026-08-22 14:37:53.099,0 days 00:51:17.335000,30,1105.970277777778,0 days 00:00:15.317000,9158.0,124.0,3,35.0,False,0,car,822.5213888888889,0.19407940164536497,OnTrack,695.4472891216027,2752.9460085348137,527.5580395281722
2026-08-22 14:37:53.159,0 days 00:51:17.395000,30,1107.8036114037131,0 days 00:00:15.377000,9203.336665589892,124.5985038361702,3,39.03990089414877,False,0,pos,824.6173336042,0.19457395376488962,OnTrack,707.0,2737.0,527.0
2026-08-22 14:37:53.399,0 days 00:51:17.635000,30,1115.136945907454,0 days 00:00:15.617000,9384.683327949459,126.99251918085095,3,55.199504470743854,False,0,pos,833.1669050167113,0.1965912821000299,OnTrack,767.0,2678.0,526.0
2026-08-22 14:37:53.500,0 days 00:51:17.736000,30,1118.2230555555557,0 days 00:00:15.718000,9461.0,128.0,3,62.0,False,0,car,836.7791666666666,0.19744361930253945,OnTrack,796.0040498856401,2656.8687535528816,526.4166794354253
2026-08-22 14:37:53.579,0 days 00:51:17.815000,30,1120.417501777778,0 days 00:00:15.797000,9586.741768533333,128.65833386666668,3,65.29166933333333,False,0,pos,839.6000982739773,0.19810923690935808,OnTrack,820.0,2642.0,527.0
2026-08-22 14:37:53.740,0 days 00:51:17.976000,30,1124.8897222222226,0 days 00:00:15.958000,9843.0,130.0,3,72.0,False,0,car,845.4458333333332,0.19948857704302894,OnTrack,872.5953682451425,2616.2242109167505,528.5876426143155
2026-08-22 14:37:53.779,0 days 00:51:18.015000,30,1125.6697235022227,0 days 00:00:15.997000,9953.618363345455,131.24091112727274,3,73.0636381090909,False,0,pos,846.9153701774583,0.19983532405198992,OnTrack,886.0,2611.0,529.0
2026-08-22 14:37:53.999,0 days 00:51:18.235000,30,1130.0697235022228,0 days 00:00:16.217000,10577.618363345455,138.24091112727274,3,79.0636381090909,False,0,pos,855.610152748637,0.20188691592746738,OnTrack,966.0,2590.0,532.0
2026-08-22 14:37:54.180,0 days 00:51:18.416000,30,1133.6897222222228,0 days 00:00:16.398000,11091.0,144.0,3,84.0,False,0,car,863.0458333333332,0.20364141430063837,OnTrack,1036.840405013367,2585.849453245472,537.7760342772677
2026-08-22 14:37:54.239,0 days 00:51:18.475000,30,1134.7058344355562,0 days 00:00:16.457000,11261.257327542857,145.89643062857144,3,86.52857417142857,False,0,pos,865.4965512535356,0.20421967752148534,OnTrack,1061.0,2587.0,540.0
2026-08-22 14:37:54.460,0 days 00:51:18.696000,30,1138.511944444445,0 days 00:00:16.678000,11899.0,153.0,3,96.0,False,0,car,874.9458333333333,0.20644929858277203,OnTrack,1156.3540953494598,2601.7381336113735,548.810150248094
2026-08-22 14:37:54.599,0 days 00:51:18.835000,30,1140.2494452444448,0 days 00:00:16.817000,11457.6747968,160.8187536,3,95.1312496,False,0,pos,881.3398237431461,0.20795800321905997,OnTrack,1219.0,2617.0,554.0
2026-08-22 14:37:54.779,0 days 00:51:19.015000,30,1142.4994452444448,0 days 00:00:16.997000,10886.1747968,170.9437536,3,94.0062496,False,0,pos,890.0959940921447,0.21002407994970176,OnTrack,1302.0,2641.0,560.0
2026-08-22 14:37:54.780,0 days 00:51:19.016000,30,1142.511944444445,0 days 00:00:16.998000,10883.0,171.0,3,94.0,False,0,car,890.1458333333334,0.21003583985070745,OnTrack,1302.4649205318933,2641.138185765295,560.035060203342
2026-08-22 14:37:54.999,0 days 00:51:19.235000,30,1144.276111626667,0 days 00:00:17.217000,11051.08254912,180.30750272,3,97.28500096,False,0,pos,901.377038822976,0.21268591761236966,OnTrack,1406.0,2672.0,568.0
2026-08-22 14:37:55.099,0 days 00:51:19.335000,30,1145.0816671822226,0 days 00:00:17.317000,11127.83254912,184.55750272,3,98.78500096,False,0,pos,906.6802428394815,0.21393724393194055,OnTrack,1456.0,2687.0,571.0
2026-08-22 14:37:55.180,0 days 00:51:19.416000,30,1145.734166666667,0 days 00:00:17.398000,11190.0,188.0,4,100.0,False,0,car,911.0347222222222,0.21496471235342568,OnTrack,1498.8426283835556,2700.3968744177423,573.476086788401
2026-08-22 14:37:55.319,0 days 00:51:19.555000,30,1146.5063892444448,0 days 00:00:17.537000,10782.5560624,195.8187536,4,100.0,False,0,pos,918.629641126748,0.21675678406906412,OnTrack,1567.0,2723.0,577.0
2026-08-22 14:37:55.340,0 days 00:51:19.576000,30,1146.6230555555558,0 days 00:00:17.558000,10721.0,197.0,4,100.0,False,0,car,919.7902777777778,0.21703064401945865,OnTrack,1575.0434016461068,2725.857115658097,577.2966659735476
2026-08-22 14:37:55.519,0 days 00:51:19.755000,30,1147.3191669155558,0 days 00:00:17.737000,10667.2999808,202.37000192,4,100.0,False,0,pos,929.8551981421757,0.21940552903560318,OnTrack,1640.0,2751.0,579.0
2026-08-22 14:37:55.540,0 days 00:51:19.776000,30,1147.4008333333336,0 days 00:00:17.758000,10661.0,203.0,5,100.0,False,0,car,931.0680555555555,0.2196917108227879,OnTrack,1652.1524658839164,2755.671101173651,579.5153762182136
2026-08-22 14:37:55.739,0 days 00:51:19.975000,30,1147.4008333333336,0 days 00:00:17.957000,11045.3188736,210.4625024,5,100.0,False,0,pos,942.9589820312804,0.22249745414641772,OnTrack,1804.0,2813.0,587.0
2026-08-22 14:37:56.020,0 days 00:51:20.256000,30,1147.4008333333336,0 days 00:00:18.238000,11588.0,221.0,5,100.0,False,0,car,960.5347222222222,0.22664456714045217,OnTrack,1942.4695384276336,2862.169455821044,591.130874616258
2026-08-22 14:37:56.179,0 days 00:51:20.415000,30,1147.135833226667,0 days 00:00:18.397000,11122.483145955555,224.9750016,5,100.0,False,0,pos,970.5880027813686,0.229016705666999,OnTrack,2013.0,2885.0,592.0
2026-08-22 14:37:56.380,0 days 00:51:20.616000,30,1146.8008333333337,0 days 00:00:18.598000,10534.0,230.0,5,100.0,False,0,car,983.5347222222222,0.23207157037482812,OnTrack,2125.1087891880293,2920.1496402752964,593.5723433397502
2026-08-22 14:37:56.619,0 days 00:51:20.855000,30,1145.2074995733337,0 days 00:00:18.837000,10812.109165381818,237.06136552727273,5,100.0,False,0,pos,999.5101567277719,0.235841080580575,OnTrack,2272.0,2962.0,595.0
2026-08-22 14:37:56.820,0 days 00:51:21.056000,30,1143.8675000000005,0 days 00:00:19.038000,11046.0,243.0,6,100.0,False,0,car,1013.2347222222222,0.239079483247044,OnTrack,2387.5967028226087,2988.341307271129,594.7213149192334
2026-08-22 14:37:57.020,0 days 00:51:21.256000,30,1141.145277777778,0 days 00:00:19.238000,11234.0,248.0,6,100.0,False,0,pos,1027.0125,0.24233044170628373,OnTrack,2509.0,3009.0,593.0
2026-08-22 14:37:57.220,0 days 00:51:21.456000,30,1137.2008333333335,0 days 00:00:19.438000,11343.0,252.0,6,100.0,False,0,pos,1041.0125,0.24563383497938213,OnTrack,2647.0,3026.0,590.0
2026-08-22 14:37:57.400,0 days 00:51:21.636000,30,1132.4008333333336,0 days 00:00:19.618000,11532.0,255.75,6,100.0,False,0,pos,1053.8372954607628,0.24865993091180696,OnTrack,2773.0,3035.0,587.0
2026-08-22 14:37:57.460,0 days 00:51:21.696000,30,1130.8008333333337,0 days 00:00:19.678000,11595.0,257.0,6,100.0,False,0,car,1058.1458333333335,0.2496765591278883,OnTrack,2820.541628087119,3036.6069790888605,585.3513185621949
2026-08-22 14:37:57.660,0 days 00:51:21.896000,30,1124.3563888888891,0 days 00:00:19.878000,11765.625,259.5,6,100.0,False,0,pos,1072.6004080246857,0.25308721232795345,OnTrack,2989.0,3037.0,578.0
2026-08-22 14:37:57.780,0 days 00:51:22.016000,30,1120.4897222222223,0 days 00:00:19.998000,11868.0,261.0,6,100.0,False,0,car,1081.3458333333335,0.2551507536947371,OnTrack,3076.1248692156214,3033.59078942713,573.7219861627636
2026-08-22 14:37:58.060,0 days 00:51:22.296000,30,1109.9897222222226,0 days 00:00:20.278000,10998.0,266.0,6,100.0,False,0,car,1102.0347222222222,0.26003243486498245,OnTrack,3254.3373740257302,3015.735818791014,563.792874180226
2026-08-22 14:37:58.080,0 days 00:51:22.316000,30,1109.1897222222226,0 days 00:00:20.298000,10979.7,266.7,6,100.0,False,0,pos,1103.5389528522187,0.2603873681038624,OnTrack,3268.0,3014.0,563.0
2026-08-22 14:37:58.240,0 days 00:51:22.476000,30,1102.7897222222225,0 days 00:00:20.458000,10833.3,272.3,6,100.0,False,0,pos,1115.6820604721195,0.2632526152485831,OnTrack,3387.0,2997.0,556.0
2026-08-22 14:37:58.260,0 days 00:51:22.496000,30,1101.9897222222226,0 days 00:00:20.478000,10815.0,273.0,7,100.0,False,0,car,1117.2013888888891,0.2636111109108391,OnTrack,3404.15202062926,2994.186166569357,554.9845596184401
2026-08-22 14:37:58.459,0 days 00:51:22.695000,30,1093.7533333333338,0 days 00:00:20.677000,10919.0,274.0,7,100.0,False,0,car,1132.3475,0.26718493673641375,OnTrack,3594.0244978410356,2959.4906947668806,543.8542338625682
2026-08-22 14:37:58.500,0 days 00:51:22.736000,30,1091.9425028266671,0 days 00:00:20.718000,10937.279138133334,275.1958314666667,7,100.0,False,0,pos,1135.514188477013,0.26793213798019677,OnTrack,3628.0,2953.0,542.0
2026-08-22 14:37:58.699,0 days 00:51:22.935000,30,1083.1533333333334,0 days 00:00:20.917000,11026.0,281.0,7,100.0,False,0,car,1151.0808333333337,0.27160519154470264,OnTrack,3750.8414722279344,2928.8071172490013,536.358304825844
2026-08-22 14:37:58.799,0 days 00:51:23.035000,30,1078.7088888888889,0 days 00:00:21.017000,11099.75,281.4166666666667,7,100.0,False,0,pos,1158.9057103201626,0.27345152340192497,OnTrack,3811.0,2917.0,534.0
2026-08-22 14:37:58.939,0 days 00:51:23.175000,30,1072.4866666666667,0 days 00:00:21.157000,11203.0,282.0,7,100.0,False,0,car,1169.8808333333336,0.276041176797149,OnTrack,3912.376218344991,2897.800266710067,530.0794150263052
2026-08-22 14:37:59.019,0 days 00:51:23.255000,30,1068.7533333333333,0 days 00:00:21.237000,11231.2,282.8,7,100.0,False,0,pos,1176.1912889347557,0.2775301708388578,OnTrack,3987.0,2886.0,528.0
2026-08-22 14:37:59.259,0 days 00:51:23.495000,30,1057.5533333333333,0 days 00:00:21.477000,11315.8,285.2,7,100.0,False,0,pos,1195.272982673724,0.28203262360576015,OnTrack,4275.0,2854.0,524.0
2026-08-22 14:37:59.339,0 days 00:51:23.575000,30,1053.82,0 days 00:00:21.557000,11344.0,286.0,7,100.0,False,0,car,1201.6586111111112,0.2835393551789438,OnTrack,4357.385959029765,2850.395944938197,523.5272277938436
2026-08-22 14:37:59.619,0 days 00:51:23.855000,30,1040.6755555555553,0 days 00:00:21.837000,11419.0,288.0,7,100.0,False,0,car,1224.0586111111113,0.28882478441590126,OnTrack,4562.164358737049,2864.947460284741,524.6118175800267
2026-08-22 14:37:59.699,0 days 00:51:23.935000,30,1037.0088888888886,0 days 00:00:21.917000,11424.6,288.0,7,100.0,False,0,pos,1230.4560975192067,0.29033431395627557,OnTrack,4607.0,2870.0,525.0
2026-08-22 14:37:59.819,0 days 00:51:24.055000,30,1031.5088888888884,0 days 00:00:22.037000,11433.0,288.0,7,100.0,False,0,car,1240.0586111111113,0.29260009101372797,OnTrack,4665.565704264083,2876.5039056725545,525.4607624208026
2026-08-22 14:38:00.020,0 days 00:51:24.256000,30,1022.5197222222216,0 days 00:00:22.238000,11441.0,289.0,7,100.0,False,0,car,1256.1944444444446,0.29640744839152583,OnTrack,4757.857591023242,2892.816308693643,525.9098779070798
2026-08-22 14:38:00.159,0 days 00:51:24.395000,30,1016.6508306311105,0 days 00:00:22.377000,11453.9071488,289.0,7,100.0,False,0,pos,1267.3498800600255,0.2990396477465967,OnTrack,4887.0,2941.0,526.0
2026-08-22 14:38:00.300,0 days 00:51:24.536000,30,1010.6974999999993,0 days 00:00:22.518000,11467.0,289.0,7,100.0,False,0,car,1278.6722222222224,0.30171122981333387,OnTrack,5077.380698962198,3023.08351291716,525.9575893061314
2026-08-22 14:38:00.339,0 days 00:51:24.575000,30,1009.094164035555,0 days 00:00:22.557000,11474.41001216,289.19500032,7,100.0,False,0,pos,1281.8080472633656,0.3024511486238,OnTrack,5124.0,3044.0,526.0
2026-08-22 14:38:00.500,0 days 00:51:24.736000,30,1002.4752777777774,0 days 00:00:22.718000,11505.0,290.0,7,100.0,False,0,car,1294.7833333333335,0.30551275381808995,OnTrack,5249.242057588752,3103.8378804372173,526.6089455949158
2026-08-22 14:38:00.700,0 days 00:51:24.936000,30,994.5863888888882,0 days 00:00:22.918000,11500.0,292.0,7,100.0,False,0,car,1311.0055555555557,0.30934049522977536,OnTrack,5305.132292947755,3141.525393673234,528.4702387805386
2026-08-22 14:38:00.799,0 days 00:51:25.035000,30,990.8188864533327,0 days 00:00:23.017000,11504.9500032,292.3093752,7,100.0,False,0,pos,1319.0520798033954,0.311239126234928,OnTrack,5352.0,3172.0,530.0
2026-08-22 14:38:01.019,0 days 00:51:25.255000,30,982.4466642311105,0 days 00:00:23.237000,11515.9500032,292.9968752,7,100.0,False,0,pos,1336.9683971782001,0.31546660068454413,OnTrack,5505.0,3267.0,536.0
2026-08-22 14:38:01.020,0 days 00:51:25.256000,30,982.4086111111105,0 days 00:00:23.238000,11516.0,293.0,7,100.0,False,0,car,1337.0500000000002,0.3154858554140156,OnTrack,5505.70881293861,3267.4313881255976,536.0472451644927
2026-08-22 14:38:01.059,0 days 00:51:25.295000,30,981.0111088177772,0 days 00:00:23.277000,11517.218752,293.2437504,7,100.0,False,0,pos,1340.2339777272348,0.31623713617157573,OnTrack,5533.0,3284.0,538.0
2026-08-22 14:38:01.180,0 days 00:51:25.416000,30,976.6752777777774,0 days 00:00:23.398000,11521.0,294.0,7,100.0,False,0,car,1350.1166666666668,0.3185690224689074,OnTrack,5612.522495111307,3332.4921544310732,543.2105106012948
2026-08-22 14:38:01.319,0 days 00:51:25.555000,30,972.0033311822215,0 days 00:00:23.537000,11534.320839466667,293.42083306666666,7,100.0,False,0,pos,1361.4379597292775,0.3212403569936077,OnTrack,5716.0,3390.0,549.0
2026-08-22 14:38:01.420,0 days 00:51:25.656000,30,968.6086111111101,0 days 00:00:23.638000,11544.0,293.0,7,100.0,False,0,car,1369.6500000000003,0.3231780426070876,OnTrack,5815.935286161622,3438.4651801519835,554.3944278054747
2026-08-22 14:38:01.579,0 days 00:51:25.815000,30,963.6619424533326,0 days 00:00:23.797000,11532.47249536,292.60249984,7,100.0,False,0,pos,1382.5658486984596,0.3262256231575767,OnTrack,5980.0,3511.0,563.0
2026-08-22 14:38:01.820,0 days 00:51:26.056000,30,956.1641666666662,0 days 00:00:24.038000,11515.0,292.0,7,100.0,False,0,car,1402.0944444444447,0.33083352543045846,OnTrack,6127.2980383991535,3562.1639004571753,569.9863129255185
2026-08-22 14:38:02.039,0 days 00:51:26.275000,30,950.019998204444,0 days 00:00:24.257000,11483.79249088,290.90499968,7,100.0,False,0,pos,1419.7610716983643,0.3350020838325254,OnTrack,6260.0,3585.0,577.0
2026-08-22 14:38:02.099,0 days 00:51:26.335000,30,948.3366648711107,0 days 00:00:24.317000,11475.24249088,290.60499968,7,100.0,False,0,pos,1424.5896891601071,0.3361414282926315,OnTrack,6312.0,3593.0,580.0
2026-08-22 14:38:02.220,0 days 00:51:26.456000,30,944.9419444444441,0 days 00:00:24.438000,11458.0,290.0,7,100.0,False,0,car,1434.3166666666668,0.3384365734399707,OnTrack,6426.332071043514,3606.1791727340465,584.969530223267
2026-08-22 14:38:02.380,0 days 00:51:26.616000,30,940.6308333333329,0 days 00:00:24.598000,11424.0,289.0,7,100.0,False,0,car,1447.1611111111113,0.3414673056810038,OnTrack,6583.696414659763,3617.2559560587706,589.272227629561
2026-08-22 14:38:02.459,0 days 00:51:26.695000,30,938.5241649599997,0 days 00:00:24.677000,11423.0124992,289.0,7,100.0,False,0,pos,1453.5044825306134,0.34296406642928573,OnTrack,6650.0,3621.0,591.0
2026-08-22 14:38:02.540,0 days 00:51:26.776000,30,936.3641666666665,0 days 00:00:24.758000,11422.0,289.0,7,100.0,False,0,car,1460.0055555555557,0.3444980379220369,OnTrack,6708.87872072151,3623.7409584435427,592.5501587290828
2026-08-22 14:38:02.820,0 days 00:51:27.056000,30,928.119722222222,0 days 00:00:25.038000,11315.0,288.0,7,100.0,False,0,car,1482.4055555555558,0.3497834671589944,OnTrack,6874.3743603132125,3626.7746009041025,596.5220546409037
2026-08-22 14:38:02.859,0 days 00:51:27.095000,30,926.8305534399998,0 days 00:00:25.077000,11309.515616,287.7562496,7,100.0,False,0,pos,1485.513683206967,0.3505168505858231,OnTrack,6902.0,3627.0,597.0
2026-08-22 14:38:03.059,0 days 00:51:27.295000,30,920.2194423288886,0 days 00:00:25.277000,11281.390616,286.5062496,7,100.0,False,0,pos,1501.4062219789146,0.35426680099094504,OnTrack,7062.0,3628.0,599.0
2026-08-22 14:38:03.140,0 days 00:51:27.376000,30,917.5419444444442,0 days 00:00:25.358000,11270.0,286.0,7,100.0,False,0,car,1507.827777777778,0.3557820098644302,OnTrack,7123.139004785979,3628.304665482205,599.2310603786066
2026-08-22 14:38:03.219,0 days 00:51:27.455000,30,914.6233309688886,0 days 00:00:25.437000,11246.7937312,285.7531248,7,100.0,False,0,pos,1514.084224835645,0.35725826023046264,OnTrack,7189.0,3628.0,599.0
2026-08-22 14:38:03.460,0 days 00:51:27.696000,30,905.7197222222219,0 days 00:00:25.678000,11176.0,285.0,7,100.0,False,0,car,1533.1611111111113,0.36175957864432257,OnTrack,7461.260660565082,3621.2635090744666,595.6041067729213
2026-08-22 14:38:03.500,0 days 00:51:27.736000,30,904.1863888888886,0 days 00:00:25.718000,11172.0,285.0,7,99.25,False,0,pos,1536.3337855628693,0.36250819231872744,OnTrack,7499.0,3620.0,595.0
2026-08-22 14:38:03.620,0 days 00:51:27.856000,30,899.5863888888885,0 days 00:00:25.838000,11160.0,285.0,7,97.0,False,0,car,1545.827777777778,0.3647483630342688,OnTrack,7584.106470040904,3616.565389429056,593.421792416231
2026-08-22 14:38:03.860,0 days 00:51:28.096000,30,890.2530555555555,0 days 00:00:26.078000,10789.714285714286,279.0,7,45.57142857142857,False,0,pos,1564.4027373876297,0.3691312485073586,OnTrack,7702.0,3607.0,590.0
2026-08-22 14:38:03.900,0 days 00:51:28.136000,30,888.6975,0 days 00:00:26.118000,10728.0,278.0,7,37.0,True,0,car,1567.45,0.3698502704227207,OnTrack,7729.520120508559,3604.207318322482,589.1347801033439
2026-08-22 14:38:04.020,0 days 00:51:28.256000,30,884.1308333333333,0 days 00:00:26.238000,10611.0,274.57142857142856,7,37.42857142857143,True,0,pos,1576.5147671801622,0.37198916263166,OnTrack,7823.0,3593.0,586.0
2026-08-22 14:38:04.180,0 days 00:51:28.416000,30,878.0419444444444,0 days 00:00:26.398000,10455.0,270.0,7,38.0,True,0,car,1588.45,0.3748053603323683,OnTrack,7951.747646117687,3568.6693773990937,580.5996375728358
2026-08-22 14:38:04.320,0 days 00:51:28.556000,30,872.7141666666665,0 days 00:00:26.538000,10367.0,267.0,7,45.5,True,0,pos,1598.785602852684,0.3772441146850091,OnTrack,8064.0,3534.0,575.0
2026-08-22 14:38:04.460,0 days 00:51:28.696000,30,867.3863888888886,0 days 00:00:26.678000,10279.0,264.0,7,53.0,True,0,car,1608.9833333333336,0.37965033713291263,OnTrack,8173.633979385898,3483.2204539160416,568.8055047139136
2026-08-22 14:38:04.680,0 days 00:51:28.916000,30,859.2586111111108,0 days 00:00:26.898000,11426.666666666666,256.6666666666667,7,46.583333333333336,True,0,pos,1624.648927483227,0.38334673844247324,OnTrack,8325.0,3389.0,559.0
2026-08-22 14:38:04.700,0 days 00:51:28.936000,30,858.5197222222218,0 days 00:00:26.918000,11531.0,256.0,7,46.0,True,0,car,1626.0500000000002,0.3836773308372612,OnTrack,8336.195151694776,3381.0656596219483,558.1981653123468
2026-08-22 14:38:04.900,0 days 00:51:29.136000,30,851.4641666666664,0 days 00:00:27.118000,11194.0,249.0,6,41.0,True,0,car,1639.8833333333334,0.3869413979999655,OnTrack,8423.987506535195,3308.2537358643067,551.0474460624021
2026-08-22 14:38:05.179,0 days 00:51:29.415000,30,841.6216666666662,0 days 00:00:27.397000,10901.0,246.0,6,51.0,False,0,car,1658.9483333333335,0.39143991176793846,OnTrack,8516.627322525688,3191.5329350389306,543.0262675258315
2026-08-22 14:38:05.180,0 days 00:51:29.416000,30,841.5883354666662,0 days 00:00:27.398000,10901.0791616,245.979168,6,51.0999936,False,0,pos,1659.015887689049,0.39145585166824126,OnTrack,8517.0,3191.0,543.0
2026-08-22 14:38:05.299,0 days 00:51:29.535000,30,837.6216666666661,0 days 00:00:27.517000,10910.5,243.5,6,63.0,False,0,pos,1667.007412317413,0.3933415051467511,OnTrack,8562.0,3123.0,540.0
2026-08-22 14:38:05.419,0 days 00:51:29.655000,30,833.621666666666,0 days 00:00:27.637000,10920.0,241.0,6,75.0,False,0,car,1675.0150000000003,0.3952309488099229,OnTrack,8600.933383851097,3052.1148726959395,537.2402283091174
2026-08-22 14:38:05.479,0 days 00:51:29.715000,30,831.6883333333327,0 days 00:00:27.697000,10904.1,240.7,6,75.3,False,0,pos,1679.0164495450074,0.3961751174891814,OnTrack,8618.0,3016.0,536.0
2026-08-22 14:38:05.619,0 days 00:51:29.855000,30,827.1772222222219,0 days 00:00:27.837000,10867.0,240.0,6,76.0,False,0,car,1688.3483333333336,0.3983770376414451,OnTrack,8652.578358189205,2929.475828223481,533.5286456962801
2026-08-22 14:38:05.719,0 days 00:51:29.955000,30,824.0661111111108,0 days 00:00:27.937000,10871.375,240.0,6,77.5625,False,0,pos,1695.0116030371103,0.3999492805211805,OnTrack,8672.0,2866.0,532.0
2026-08-22 14:38:05.879,0 days 00:51:30.115000,30,819.088333333333,0 days 00:00:28.097000,10878.375,240.0,6,80.0625,False,0,pos,1705.6757770015038,0.4024655634166897,OnTrack,8693.0,2762.0,530.0
2026-08-22 14:38:05.939,0 days 00:51:30.175000,30,817.2216666666664,0 days 00:00:28.157000,10881.0,240.0,6,81.0,False,0,car,1709.6816666666668,0.4034107797718808,OnTrack,8697.837033764416,2722.3809570137023,529.6697629229562
2026-08-22 14:38:06.099,0 days 00:51:30.335000,30,812.3772222222215,0 days 00:00:28.317000,10944.0,241.0,6,83.0,False,0,car,1720.392777777778,0.40593813779987037,OnTrack,8703.151154809095,2615.1704493123398,529.8611148685088
2026-08-22 14:38:06.139,0 days 00:51:30.375000,30,811.2216666666659,0 days 00:00:28.357000,10965.125,241.375,6,85.125,False,0,pos,1723.0833431888245,0.4065729946341334,OnTrack,8703.0,2588.0,530.0
2026-08-22 14:38:06.319,0 days 00:51:30.555000,30,806.0216666666659,0 days 00:00:28.537000,11060.1875,243.0625,6,94.6875,False,0,pos,1735.263990841367,0.4094470995996613,OnTrack,8695.0,2465.0,531.0
2026-08-22 14:38:06.419,0 days 00:51:30.655000,30,803.1327777777769,0 days 00:00:28.637000,11113.0,244.0,6,100.0,False,0,car,1742.081666666667,0.41105577563247997,OnTrack,8684.73190488822,2398.5710614853506,532.0661434614523
2026-08-22 14:38:07.100,0 days 00:51:31.336000,30,787.0536111111103,0 days 00:00:29.318000,11361.0,250.0,6,100.0,False,0,car,1789.3733333333337,0.4222145594567856,OnTrack,8512.904004973696,1981.428823101159,546.259951586882
2026-08-22 14:38:07.139,0 days 00:51:31.375000,30,786.1761096711102,0 days 00:00:29.357000,11375.8687744,250.4875008,6,100.0,False,0,pos,1792.1153933871442,0.42286156679508485,OnTrack,8499.0,1958.0,547.0
2026-08-22 14:38:07.319,0 days 00:51:31.555000,30,782.1261096711099,0 days 00:00:29.537000,11444.4937744,252.7375008,6,100.0,False,0,pos,1804.8094376739964,0.42585681111691337,OnTrack,8431.0,1850.0,550.0
2026-08-22 14:38:07.420,0 days 00:51:31.656000,30,779.8536111111098,0 days 00:00:29.638000,11483.0,254.0,6,100.0,False,0,car,1811.9511111111115,0.42754193654482997,OnTrack,8392.780890959964,1789.9209783388735,551.1824506996581
2026-08-22 14:38:07.499,0 days 00:51:31.735000,30,778.5149989155543,0 days 00:00:29.717000,11512.186134755555,254.43888924444445,6,100.0,False,0,pos,1817.5446173555804,0.428861761609188,OnTrack,8363.0,1743.0,552.0
2026-08-22 14:38:07.780,0 days 00:51:32.016000,30,773.7536111111103,0 days 00:00:29.998000,11616.0,256.0,6,100.0,False,0,car,1837.5511111111114,0.43358242710135275,OnTrack,8256.770322196006,1574.7454170394915,554.7889308779986
2026-08-22 14:38:07.819,0 days 00:51:32.055000,30,773.136110097777,0 days 00:00:30.037000,11637.775035733333,256.6500010666667,6,100.0,False,0,pos,1840.3540559518058,0.4342438006107539,OnTrack,8242.0,1551.0,555.0
2026-08-22 14:38:07.999,0 days 00:51:32.235000,30,770.2861100977766,0 days 00:00:30.217000,11738.275035733333,259.6500010666667,6,100.0,False,0,pos,1853.3633746294,0.437313436025551,OnTrack,8174.0,1441.0,555.0
2026-08-22 14:38:08.020,0 days 00:51:32.256000,30,769.9536111111099,0 days 00:00:30.238000,11750.0,260.0,6,100.0,False,0,car,1854.8844444444446,0.43767234258233173,OnTrack,8166.155884218023,1428.477733458378,554.846930817008
2026-08-22 14:38:08.099,0 days 00:51:32.335000,30,768.9002769244433,0 days 00:00:30.317000,11751.097223111112,260.2194446222222,6,100.0,False,0,pos,1860.6101450721926,0.4390233597921517,OnTrack,8136.0,1380.0,554.0
2026-08-22 14:38:08.380,0 days 00:51:32.616000,30,765.1536111111102,0 days 00:00:30.598000,11755.0,261.0,6,100.0,False,0,car,1880.9844444444445,0.44383081147003656,OnTrack,8005.550846291154,1147.071915206432,549.2325387278188
2026-08-22 14:38:08.459,0 days 00:51:32.695000,30,764.3416660088881,0 days 00:00:30.677000,11754.60499968,260.60499968,6,100.0,False,0,pos,1886.695789295454,0.44517844133869156,OnTrack,7975.0,1089.0,548.0
2026-08-22 14:38:08.580,0 days 00:51:32.816000,30,763.098055555555,0 days 00:00:30.798000,11754.0,260.0,6,100.0,False,0,car,1895.4288888888889,0.44723907437085236,OnTrack,7939.506563011911,1018.2102514292366,546.4788257761513
2026-08-22 14:38:08.879,0 days 00:51:33.115000,30,761.187777368888,0 days 00:00:31.097000,11710.64499072,260.0,6,100.0,False,0,pos,1916.9787404572098,0.45232390542135664,OnTrack,7878.0,879.0,543.0
2026-08-22 14:38:08.980,0 days 00:51:33.216000,30,760.5424999999989,0 days 00:00:31.198000,11696.0,260.0,6,100.0,False,0,car,1924.317777777778,0.45405560017248403,OnTrack,7848.514348153893,812.6021632304914,541.0693745284192
2026-08-22 14:38:09.039,0 days 00:51:33.275000,30,760.2802774933323,0 days 00:00:31.257000,11541.71483264,260.29500032,6,80.8249792,False,0,pos,1928.6281083381689,0.45507265138520014,OnTrack,7831.0,773.0,540.0
2026-08-22 14:38:09.180,0 days 00:51:33.416000,30,759.6536111111102,0 days 00:00:31.398000,11173.0,261.0,6,35.0,True,0,car,1938.817777777778,0.4574769717767645,OnTrack,7792.438723180965,684.5598968013171,538.1211342903682
2026-08-22 14:38:09.279,0 days 00:51:33.515000,30,759.7636111822211,0 days 00:00:31.497000,11255.500053333333,253.5749952,6,27.987495466666665,True,0,pos,1945.6230419059373,0.45908271918695165,OnTrack,7761.0,615.0,537.0
2026-08-22 14:38:09.420,0 days 00:51:33.656000,30,759.9202777777764,0 days 00:00:31.638000,11373.0,243.0,6,18.0,True,0,car,1955.017777777778,0.4612994697070641,OnTrack,7704.473273423925,496.2492173095812,535.351982554397
2026-08-22 14:38:09.459,0 days 00:51:33.695000,30,760.0394446399987,0 days 00:00:31.677000,11233.3310208,242.0249984,6,17.7562496,True,0,pos,1957.6170744832377,0.4619127910821786,OnTrack,7690.0,467.0,535.0
2026-08-22 14:38:09.580,0 days 00:51:33.816000,30,760.4091666666657,0 days 00:00:31.798000,10800.0,239.0,6,17.0,True,0,car,1965.64,0.46380585380951017,OnTrack,7653.545095067148,397.3629044446803,534.3611946597516
2026-08-22 14:38:09.780,0 days 00:51:34.016000,30,761.9091666666657,0 days 00:00:31.998000,11756.0,231.0,6,20.0,True,0,car,1978.4733333333336,0.4668339643098504,OnTrack,7603.113375683448,323.4537194878042,533.2712564723186
2026-08-22 14:38:09.799,0 days 00:51:34.035000,30,762.130834079999,0 days 00:00:32.017000,11723.6998912,230.23999744,6,19.42999808,True,0,pos,1979.6679346081507,0.46711583843951227,OnTrack,7597.0,316.0,533.0
2026-08-22 14:38:09.980,0 days 00:51:34.216000,30,764.2424999999985,0 days 00:00:32.198000,11416.0,223.0,5,14.0,True,0,car,1990.8622222222225,0.4697572051824732,OnTrack,7525.947761697688,239.11393439558128,528.8783249174679
2026-08-22 14:38:10.120,0 days 00:51:34.356000,30,766.4202777777763,0 days 00:00:32.338000,11202.0,219.0,5,22.0,True,0,pos,1999.326680123812,0.4717544504176542,OnTrack,7471.0,195.0,527.0
2026-08-22 14:38:10.140,0 days 00:51:34.376000,30,766.7313888888874,0 days 00:00:32.358000,11171.42857142857,218.42857142857142,5,23.142857142857142,True,0,pos,2000.5216648660419,0.47203641502900684,OnTrack,7464.0,191.0,527.0
2026-08-22 14:38:10.260,0 days 00:51:34.496000,30,768.5980555555541,0 days 00:00:32.478000,10988.0,215.0,5,30.0,False,0,car,2007.584444444445,0.4737029249253408,OnTrack,7415.004634831461,162.81884179117603,526.627451229087
2026-08-22 14:38:10.460,0 days 00:51:34.696000,30,772.3202777777769,0 days 00:00:32.678000,10839.0,206.0,5,53.0,False,0,pos,2019.028888888889,0.476403317839064,OnTrack,7293.0,111.0,525.0
2026-08-22 14:38:10.700,0 days 00:51:34.936000,30,777.0536111111096,0 days 00:00:32.918000,10982.0,207.0,5,73.0,False,0,car,2032.8288888888892,0.47965951977968957,OnTrack,7076.346210646685,73.37055756305628,523.1699278295521
2026-08-22 14:38:10.740,0 days 00:51:34.976000,30,777.8758333333318,0 days 00:00:32.958000,10979.666666666666,207.11111111111111,5,74.0,False,0,pos,2035.1359476199566,0.4802038856577503,OnTrack,7050.0,70.0,523.0
2026-08-22 14:38:11.040,0 days 00:51:35.276000,30,784.0424999999982,0 days 00:00:33.258000,10962.166666666666,207.94444444444446,5,81.5,False,0,pos,2052.4712748273782,0.4842942716066044,OnTrack,6956.0,66.0,523.0
2026-08-22 14:38:11.060,0 days 00:51:35.296000,30,784.4536111111092,0 days 00:00:33.278000,10961.0,208.0,5,82.0,False,0,car,2053.6288888888894,0.4845674183568644,OnTrack,6946.894405427944,66.14406611190131,523.0085041493613
2026-08-22 14:38:11.240,0 days 00:51:35.476000,30,788.3036111111093,0 days 00:00:33.458000,10977.875,208.5625,5,92.125,False,0,pos,2064.058395681495,0.48702832996975204,OnTrack,6840.0,68.0,523.0
2026-08-22 14:38:11.380,0 days 00:51:35.616000,30,791.2980555555537,0 days 00:00:33.598000,10991.0,209.0,5,100.0,False,0,car,2072.2066666666674,0.4889509687954522,OnTrack,6762.984617954011,71.48509628528284,522.9969419643867
2026-08-22 14:38:11.500,0 days 00:51:35.736000,30,793.7980555555539,0 days 00:00:33.718000,11078.6,210.2,5,100.0,False,0,pos,2079.2291484214848,0.4906079701518322,OnTrack,6688.0,79.0,523.0
2026-08-22 14:38:11.580,0 days 00:51:35.816000,30,795.4647222222206,0 days 00:00:33.798000,11137.0,211.0,5,100.0,False,0,car,2083.9288888888896,0.49171690522649886,OnTrack,6625.395432728766,87.64293156803899,523.0001951288838
2026-08-22 14:38:11.720,0 days 00:51:35.956000,30,798.4591660658991,0 days 00:00:33.938000,11171.231968053775,211.87774277060961,5,100.0,False,0,pos,2092.186100351067,0.4936652492835494,OnTrack,6514.0,105.0,523.0
2026-08-22 14:38:11.899,0 days 00:51:36.135000,30,802.2877777777767,0 days 00:00:34.117000,11215.0,213.0,5,100.0,False,0,car,2102.803055555556,0.49617039059807055,OnTrack,6430.34332581041,118.14028793434034,523.0070997849813
2026-08-22 14:38:12.099,0 days 00:51:36.335000,30,806.4544444444427,0 days 00:00:34.317000,11224.0,215.0,5,100.0,False,0,car,2114.747500000001,0.498988761842976,OnTrack,6357.2251516232,137.8990762810359,523.0101504944927
2026-08-22 14:38:12.179,0 days 00:51:36.415000,30,807.9433333333316,0 days 00:00:34.397000,11262.222222222223,215.66666666666666,5,100.0,False,0,pos,2119.5566313588724,0.5001235084272861,OnTrack,6294.0,159.0,523.0
2026-08-22 14:38:12.339,0 days 00:51:36.575000,30,810.9211111111093,0 days 00:00:34.557000,11338.666666666666,217.0,5,100.0,False,0,pos,2129.2328706080607,0.5024066815447619,OnTrack,6124.0,219.0,523.0
2026-08-22 14:38:12.459,0 days 00:51:36.695000,30,813.1544444444426,0 days 00:00:34.677000,11396.0,218.0,5,100.0,False,0,car,2136.547500000001,0.504132617082515,OnTrack,6028.833153036762,257.06064785019794,523.1662752945444
2026-08-22 14:38:12.619,0 days 00:51:36.855000,30,815.9544444444427,0 days 00:00:34.837000,11400.0,219.0,5,100.0,False,0,car,2146.2808333333346,0.5064292619295263,OnTrack,5961.342058639269,293.0108435025733,523.6244450868899
2026-08-22 14:38:12.799,0 days 00:51:37.035000,30,819.1544444444428,0 days 00:00:35.017000,10999.5,208.0,5,50.0,False,0,pos,2156.5038742769884,0.5088414565498032,OnTrack,5911.0,325.0,524.0
2026-08-22 14:38:12.979,0 days 00:51:37.215000,30,822.3544444444428,0 days 00:00:35.197000,10599.0,197.0,5,0.0,True,0,car,2165.9808333333344,0.5110776081781004,OnTrack,5869.620582129369,351.874032416366,524.0763917809293
2026-08-22 14:38:13.179,0 days 00:51:37.415000,30,824.6877785207281,0 days 00:00:35.397000,10434.820843246438,176.1044709586375,5,0.0,True,0,pos,2175.7610959485532,0.5133853263018325,OnTrack,5815.0,391.0,524.0
2026-08-22 14:38:13.180,0 days 00:51:37.416000,30,824.6994444444426,0 days 00:00:35.398000,10434.0,176.0,5,0.0,True,0,car,2175.8075000000013,0.5133962756469325,OnTrack,5814.648332024475,391.26452953994533,523.9997431340325
2026-08-22 14:38:13.259,0 days 00:51:37.495000,30,825.6869452444427,0 days 00:00:35.477000,10828.5065696,168.0999936,5,0.0,True,0,pos,2179.388695922517,0.5142412826840815,OnTrack,5785.0,414.0,524.0
2026-08-22 14:38:13.340,0 days 00:51:37.576000,30,826.6994444444426,0 days 00:00:35.558000,11233.0,160.0,4,0.0,True,0,car,2182.918611111112,0.515074189690411,OnTrack,5753.8960634260775,439.3648674074554,524.1263160396384
2026-08-22 14:38:13.599,0 days 00:51:37.835000,30,829.0736116977762,0 days 00:00:35.817000,10546.00233024,148.99249728,4,0.0,True,0,pos,2193.4724113309094,0.5175644291655326,OnTrack,5664.0,522.0,525.0
2026-08-22 14:38:13.740,0 days 00:51:37.976000,30,830.3661111111096,0 days 00:00:35.958000,10172.0,143.0,3,0.0,True,0,car,2198.807500000001,0.5188232788813083,OnTrack,5632.9527876342345,556.2825519978666,525.1940564055026
2026-08-22 14:38:13.839,0 days 00:51:38.075000,30,831.1361116088873,0 days 00:00:36.057000,9783.071177142858,137.69642514285715,3,0.0,True,0,pos,2202.397281145559,0.5196703116590321,OnTrack,5614.0,580.0,525.0
2026-08-22 14:38:14.020,0 days 00:51:38.256000,30,832.5438888888871,0 days 00:00:36.238000,9072.0,128.0,3,0.0,True,0,car,2208.7630555555565,0.5211723585421782,OnTrack,5577.110195573437,630.4128681202466,523.7055369466631
2026-08-22 14:38:14.119,0 days 00:51:38.355000,30,832.9563891555539,0 days 00:00:36.337000,8982.281192,126.7624992,3,0.0,True,0,pos,2212.2462276858564,0.5219942362124838,OnTrack,5558.0,663.0,523.0
2026-08-22 14:38:14.180,0 days 00:51:38.416000,30,833.210555555554,0 days 00:00:36.398000,8927.0,126.0,3,0.0,True,0,car,2214.3630555555565,0.5224937158514177,OnTrack,5547.138708001779,685.1155474255173,522.6873803851784
2026-08-22 14:38:14.420,0 days 00:51:38.656000,30,834.143888888887,0 days 00:00:36.638000,8573.0,120.0,3,0.0,False,0,car,2222.3630555555565,0.5243813691503311,OnTrack,5514.444540771983,778.4180805931903,522.0529297191571
2026-08-22 14:38:14.439,0 days 00:51:38.675000,30,834.2019446399981,0 days 00:00:36.657000,8559.31995392,119.71499904,3,0.0,False,0,pos,2222.9843965112464,0.5245279786884258,OnTrack,5513.0,785.0,522.0
2026-08-22 14:38:14.620,0 days 00:51:38.856000,30,834.7549999999983,0 days 00:00:36.838000,8429.0,117.0,3,0.0,False,0,car,2228.8630555555565,0.5259150874556981,OnTrack,5508.593207483155,839.2608511326058,521.3874023213552
2026-08-22 14:38:14.780,0 days 00:51:39.016000,30,835.1549999999984,0 days 00:00:36.998000,8200.0,116.0,3,0.0,False,0,car,2234.018611111112,0.5271315751372201,OnTrack,5516.087476691211,880.0086940335094,521.0062411438055
2026-08-22 14:38:14.819,0 days 00:51:39.055000,30,835.2525001599984,0 days 00:00:37.037000,8177.663599709091,115.29090792727273,3,3.1022778181818182,False,0,pos,2235.2406523963105,0.5274199239201468,OnTrack,5519.0,890.0,521.0
2026-08-22 14:38:15.179,0 days 00:51:39.415000,30,836.1525001599979,0 days 00:00:37.397000,7971.481781527273,108.74545338181818,3,31.738641454545455,False,0,pos,2245.9818529194545,0.5299543817453721,OnTrack,5563.0,981.0,522.0
2026-08-22 14:38:15.220,0 days 00:51:39.456000,30,836.2549999999978,0 days 00:00:37.438000,7948.0,108.0,3,35.0,False,0,car,2247.2186111111123,0.5302462030804272,OnTrack,5569.150391622819,990.5514865640326,522.0809962679065
2026-08-22 14:38:15.419,0 days 00:51:39.655000,30,836.5866667733311,0 days 00:00:37.637000,8311.796992,110.4875008,3,46.1937536,False,0,pos,2253.3500399083878,0.5316929545549559,OnTrack,5608.0,1041.0,522.0
2026-08-22 14:38:15.540,0 days 00:51:39.776000,30,836.7883333333311,0 days 00:00:37.758000,8533.0,112.0,3,53.0,False,0,car,2257.174166666668,0.5325952827412972,OnTrack,5648.789577908403,1085.7854458267366,521.2880253429589
2026-08-22 14:38:15.599,0 days 00:51:39.835000,30,836.8538889599978,0 days 00:00:37.817000,8629.507247542857,113.05357257142857,3,55.317859657142854,False,0,pos,2259.0635344047037,0.5330410916467426,OnTrack,5668.0,1106.0,521.0
2026-08-22 14:38:15.820,0 days 00:51:40.056000,30,837.0994444444423,0 days 00:00:38.038000,8991.0,117.0,3,64.0,False,0,car,2266.274166666668,0.5347424883688112,OnTrack,5714.922188373414,1150.6491129246597,521.1819440615526
2026-08-22 14:38:16.059,0 days 00:51:40.295000,30,836.6347220977754,0 days 00:00:38.277000,9420.346543542857,121.26785828571428,3,67.41428662857143,False,0,pos,2274.3216696066584,0.5366413503028973,OnTrack,5759.0,1182.0,522.0
2026-08-22 14:38:16.100,0 days 00:51:40.336000,30,836.5549999999976,0 days 00:00:38.318000,9494.0,122.0,3,68.0,False,0,car,2275.763055555557,0.5369814549205779,OnTrack,5770.112953936041,1189.908215423028,522.0233762246183
2026-08-22 14:38:16.179,0 days 00:51:40.415000,30,836.0502773688862,0 days 00:00:38.397000,9704.93017088,125.9500032,3,69.9750016,False,0,pos,2278.604391887341,0.5376518871580798,OnTrack,5793.0,1206.0,522.0
2026-08-22 14:38:16.300,0 days 00:51:40.536000,30,835.2772222222193,0 days 00:00:38.518000,10028.0,132.0,3,73.0,False,0,car,2283.0963888888905,0.5387118037779152,OnTrack,5825.92780621603,1227.8326578727815,521.9040601231923
2026-08-22 14:38:16.440,0 days 00:51:40.676000,30,833.9938888888862,0 days 00:00:38.658000,10317.8,136.9,3,74.4,False,0,pos,2288.45830418339,0.5399769834146847,OnTrack,5873.0,1255.0,522.0
2026-08-22 14:38:16.500,0 days 00:51:40.736000,30,833.4438888888862,0 days 00:00:38.718000,10442.0,139.0,3,75.0,False,0,car,2290.8186111111127,0.5405339135595052,OnTrack,5900.804830314808,1269.67896818131,522.2179476908717
2026-08-22 14:38:16.660,0 days 00:51:40.896000,30,831.2661111111084,0 days 00:00:38.878000,10823.777777777777,143.44444444444446,3,78.55555555555556,False,0,pos,2297.3108359464595,0.5420657972629715,OnTrack,5984.0,1311.0,523.0
2026-08-22 14:38:16.860,0 days 00:51:41.096000,30,828.5438888888862,0 days 00:00:39.078000,11301.0,149.0,3,83.0,False,0,car,2305.7186111111128,0.5440496678287313,OnTrack,6057.5685758697355,1342.4130375110842,523.2222534855488
2026-08-22 14:38:17.060,0 days 00:51:41.296000,30,825.4327777777753,0 days 00:00:39.278000,11692.0,155.0,3,88.0,False,0,car,2314.3297222222236,0.5460815168657561,OnTrack,6118.856439680672,1361.8790402429522,523.0116808309257
2026-08-22 14:38:17.080,0 days 00:51:41.316000,30,825.060555555553,0 days 00:00:39.298000,11635.333333333334,155.5,3,88.66666666666667,False,0,pos,2315.2104732992357,0.5462893359502615,OnTrack,6126.0,1364.0,523.0
2026-08-22 14:38:17.420,0 days 00:51:41.656000,30,818.732777777775,0 days 00:00:39.638000,10672.0,164.0,3,100.0,False,0,car,2330.7297222222237,0.5499512061285285,OnTrack,6258.99382524319,1400.494601970125,522.9984991939805
2026-08-22 14:38:17.440,0 days 00:51:41.676000,30,818.3272222222195,0 days 00:00:39.658000,10686.875,164.75,3,100.0,False,0,pos,2331.6650424693185,0.5501719011722747,OnTrack,6265.0,1402.0,523.0
2026-08-22 14:38:17.580,0 days 00:51:41.816000,30,815.4883333333305,0 days 00:00:39.798000,10791.0,170.0,4,100.0,False,0,car,2338.2852777777794,0.5517339897997245,OnTrack,6297.482643537128,1409.4983007234841,522.9997918849598
2026-08-22 14:38:17.740,0 days 00:51:41.976000,30,811.9772222222199,0 days 00:00:39.958000,11007.8,174.8,4,100.0,False,0,pos,2346.077865894455,0.5535727028829142,OnTrack,6340.0,1417.0,523.0
2026-08-22 14:38:17.780,0 days 00:51:42.016000,30,811.0994444444423,0 days 00:00:39.998000,11062.0,176.0,4,100.0,False,0,car,2348.0630555555567,0.5540411216095075,OnTrack,6356.38834139559,1419.7199877589314,523.0045211223961
2026-08-22 14:38:17.960,0 days 00:51:42.196000,30,806.8994444444423,0 days 00:00:40.178000,11326.214285714286,181.14285714285714,4,100.0,False,0,pos,2357.1749041276053,0.5561911229865358,OnTrack,6447.0,1434.0,523.0
2026-08-22 14:38:18.060,0 days 00:51:42.296000,30,804.566111111109,0 days 00:00:40.278000,11473.0,184.0,4,100.0,False,0,car,2362.374166666668,0.557417923622008,OnTrack,6492.976692473021,1440.37622760584,522.9147906537171
2026-08-22 14:38:18.300,0 days 00:51:42.536000,30,798.8327777777754,0 days 00:00:40.518000,11719.0,191.0,4,100.0,False,0,car,2375.1075000000014,0.5604224384561118,OnTrack,6616.800370674787,1457.5271276573008,522.9271897016729
2026-08-22 14:38:18.320,0 days 00:51:42.556000,30,798.4772222792514,0 days 00:00:40.538000,11681.055143931004,190.44862164232634,4,95.83959966482612,False,0,pos,2376.149293573008,0.5606682565904709,OnTrack,6632.0,1460.0,523.0
2026-08-22 14:38:18.499,0 days 00:51:42.735000,30,795.2949994296831,0 days 00:00:40.717000,11341.448560689954,185.51378357673647,4,58.60400335173881,False,0,pos,2385.2461488783333,0.5628147202063253,OnTrack,6787.0,1487.0,524.0
2026-08-22 14:38:18.699,0 days 00:51:42.935000,30,791.7394444444421,0 days 00:00:40.917000,10962.0,180.0,4,17.0,True,0,car,2395.0575000000017,0.5651297738702772,OnTrack,6880.453065105509,1506.4127710043465,524.5336325597393
2026-08-22 14:38:18.939,0 days 00:51:43.175000,30,788.4727777777757,0 days 00:00:41.157000,10361.0,171.0,4,0.0,True,0,pos,2406.4575000000013,0.5678196798212286,OnTrack,6941.0,1525.0,525.0
2026-08-22 14:38:19.099,0 days 00:51:43.335000,30,787.006111111109,0 days 00:00:41.317000,10921.0,163.0,4,0.0,True,0,car,2413.701944444446,0.5695290547530224,OnTrack,7011.9199296576135,1545.3844601048993,525.8225688985996
2026-08-22 14:38:19.159,0 days 00:51:43.395000,30,786.7227777777758,0 days 00:00:41.377000,11003.875,161.125,4,0.0,True,0,pos,2416.368233080997,0.5701581833206025,OnTrack,7039.0,1554.0,526.0
2026-08-22 14:38:19.259,0 days 00:51:43.495000,30,786.250555555554,0 days 00:00:41.477000,11142.0,158.0,4,0.0,True,0,car,2420.7241666666678,0.5711859948709574,OnTrack,7080.921407096463,1568.9842989310237,526.0102918727321
2026-08-22 14:38:19.279,0 days 00:51:43.515000,30,786.2783333333317,0 days 00:00:41.497000,11104.166666666666,157.08333333333334,4,0.0,True,0,pos,2421.5745547096813,0.5713866495953015,OnTrack,7089.0,1572.0,526.0
2026-08-22 14:38:19.439,0 days 00:51:43.675000,30,786.5005555555538,0 days 00:00:41.657000,10801.5,149.75,4,0.0,True,0,pos,2428.138391331587,0.57293543057691,OnTrack,7152.0,1597.0,526.0
2026-08-22 14:38:19.499,0 days 00:51:43.735000,30,786.583888888887,0 days 00:00:41.717000,10688.0,147.0,3,0.0,True,0,car,2430.524166666668,0.5734983701621263,OnTrack,7176.086531119987,1608.1251511983448,526.0964362939214
2026-08-22 14:38:19.759,0 days 00:51:43.995000,30,789.5450003939923,0 days 00:00:41.977000,10113.945869564523,140.5135126504466,3,0.0,True,0,pos,2440.4891828043615,0.5758496821103816,OnTrack,7276.0,1664.0,527.0
2026-08-22 14:38:19.980,0 days 00:51:44.216000,30,792.0619444444428,0 days 00:00:42.198000,9626.0,135.0,3,0.0,True,0,car,2448.561666666668,0.57775443845952,OnTrack,7331.551254700441,1706.940569064937,527.773285644484
2026-08-22 14:38:20.099,0 days 00:51:44.335000,30,794.1775011377762,0 days 00:00:42.317000,9476.5061696,131.6531232,3,0.0,True,0,pos,2452.7831613248095,0.5787505282492433,OnTrack,7358.0,1735.0,528.0
2026-08-22 14:38:20.299,0 days 00:51:44.535000,30,797.7330566933317,0 days 00:00:42.517000,9225.2561696,126.0281232,3,0.0,True,0,pos,2459.7272158618443,0.5803890241810767,OnTrack,7403.0,1795.0,528.0
2026-08-22 14:38:20.300,0 days 00:51:44.536000,30,797.7508333333317,0 days 00:00:42.518000,9224.0,126.0,3,0.0,False,0,car,2459.7616666666677,0.5803971530779988,OnTrack,7403.188858799518,1795.3097986316886,527.9998067749814
2026-08-22 14:38:20.460,0 days 00:51:44.696000,30,801.1286111111094,0 days 00:00:42.678000,8891.0,123.0,3,0.0,False,0,car,2465.2283333333344,0.5816870494989229,OnTrack,7427.312056141785,1844.7307590380908,527.9957017262384
2026-08-22 14:38:20.499,0 days 00:51:44.735000,30,802.0819460088871,0 days 00:00:42.717000,8859.312448,122.34999893333334,3,0.0,False,0,pos,2466.5379876751413,0.5819960711662664,OnTrack,7432.0,1857.0,528.0
2026-08-22 14:38:20.700,0 days 00:51:44.936000,30,806.9952777777758,0 days 00:00:42.918000,8696.0,119.0,3,0.0,False,0,car,2473.1616666666678,0.5835589723536787,OnTrack,7450.688823874104,1922.2247346449226,528.0186385248597
2026-08-22 14:38:20.739,0 days 00:51:44.975000,30,808.0352794844424,0 days 00:00:42.957000,8735.7313152,118.5124992,3,1.7062528,False,0,pos,2474.435807418375,0.5838596143528337,OnTrack,7453.0,1935.0,528.0
2026-08-22 14:38:20.860,0 days 00:51:45.096000,30,811.2619444444422,0 days 00:00:43.078000,8859.0,117.0,3,7.0,False,0,car,2478.361666666668,0.5847859469979724,OnTrack,7457.225603201948,1974.6073928774401,527.8996027454759
2026-08-22 14:38:20.919,0 days 00:51:45.155000,30,812.9827796444422,0 days 00:00:43.137000,8736.329033600001,116.2624992,3,5.2791648,False,0,pos,2480.2501389328677,0.5852315446108721,OnTrack,7458.0,1994.0,528.0
2026-08-22 14:38:21.099,0 days 00:51:45.335000,30,818.2327796444422,0 days 00:00:43.317000,8362.079033600001,114.0124992,3,0.029164800000000053,False,0,pos,2485.9302491524822,0.5865718044601531,OnTrack,7456.0,2053.0,529.0
2026-08-22 14:38:21.100,0 days 00:51:45.336000,30,818.2619444444422,0 days 00:00:43.318000,8360.0,114.0,3,0.0,False,0,car,2485.961666666668,0.5865792176319401,OnTrack,7455.970396734476,2053.3178034934717,529.0039306133284
2026-08-22 14:38:21.340,0 days 00:51:45.576000,30,825.5286111111086,0 days 00:00:43.558000,8453.0,113.0,3,38.0,False,0,car,2493.4950000000013,0.5883567578217502,OnTrack,7442.570257478737,2127.2262620019164,529.029852140288
2026-08-22 14:38:21.379,0 days 00:51:45.615000,30,826.8069465422197,0 days 00:00:43.597000,8495.482212571429,113.27857188571429,3,39.9500032,False,0,pos,2494.7270345455804,0.5886474645810423,OnTrack,7439.0,2140.0,529.0
2026-08-22 14:38:21.599,0 days 00:51:45.835000,30,834.018057653331,0 days 00:00:43.817000,8735.125069714286,114.85000045714285,3,50.9500032,False,0,pos,2501.7573006873695,0.5903063027153908,OnTrack,7410.0,2218.0,529.0
2026-08-22 14:38:21.620,0 days 00:51:45.856000,30,834.7063888888865,0 days 00:00:43.838000,8758.0,115.0,3,52.0,False,0,car,2502.4394444444456,0.590467259079563,OnTrack,7406.216013019459,2225.6292397773673,529.0045622494939
2026-08-22 14:38:21.780,0 days 00:51:46.016000,30,840.03972222222,0 days 00:00:43.998000,8918.0,118.0,3,53.0,False,0,car,2507.68388888889,0.5917047206866285,OnTrack,7371.03862903106,2284.005586009254,529.0411635953889
2026-08-22 14:38:21.980,0 days 00:51:46.216000,30,846.873055555553,0 days 00:00:44.198000,9016.0,118.0,3,52.0,False,0,car,2514.239444444446,0.5932515476954603,OnTrack,7324.818400933648,2345.6431632898643,529.0239271704215
2026-08-22 14:38:22.019,0 days 00:51:46.255000,30,848.1622243377752,0 days 00:00:44.237000,9083.7626112,118.9750016,3,53.62500266666667,False,0,pos,2515.552198616441,0.593561300788389,OnTrack,7318.0,2354.0,529.0
2026-08-22 14:38:22.220,0 days 00:51:46.456000,30,854.8063888888864,0 days 00:00:44.438000,9433.0,124.0,3,62.0,False,0,car,2522.5061111111127,0.5952021227710041,OnTrack,7292.178683505111,2380.376633747753,528.8390010896339
2026-08-22 14:38:22.299,0 days 00:51:46.535000,30,857.1544463466641,0 days 00:00:44.517000,9522.3688224,125.4812512,3,62.0,False,0,pos,2525.277424244496,0.5958560325683232,OnTrack,7278.0,2392.0,529.0
2026-08-22 14:38:22.380,0 days 00:51:46.616000,30,859.5619444444419,0 days 00:00:44.598000,9614.0,127.0,3,62.0,False,0,car,2528.150555555557,0.5965339670430152,OnTrack,7258.15268897877,2407.8180038167648,529.3822538557382
2026-08-22 14:38:22.499,0 days 00:51:46.735000,30,862.7352794844418,0 days 00:00:44.717000,9964.3064384,129.9750016,3,67.2062528,False,0,pos,2532.459508463773,0.5975506931895224,OnTrack,7222.0,2434.0,530.0
2026-08-22 14:38:22.540,0 days 00:51:46.776000,30,863.8286111111083,0 days 00:00:44.758000,10085.0,131.0,3,69.0,False,0,car,2533.9727777777794,0.5979077591661134,OnTrack,7208.63046950325,2442.2793699217023,530.1022373621813
2026-08-22 14:38:22.739,0 days 00:51:46.975000,30,867.1452788444418,0 days 00:00:44.957000,10475.5376256,135.9750016,3,71.4875008,False,0,pos,2541.544316488349,0.5996943141692206,OnTrack,7143.0,2476.0,530.0
2026-08-22 14:38:22.860,0 days 00:51:47.096000,30,869.1619444444418,0 days 00:00:45.078000,10713.0,139.0,3,73.0,False,0,car,2546.3283333333347,0.6008231348166573,OnTrack,7111.361529872712,2490.2248709383603,529.839772886217
2026-08-22 14:38:22.959,0 days 00:51:47.195000,30,870.3169451911087,0 days 00:00:45.177000,10933.982285714286,142.53571657142857,3,77.24285988571428,False,0,pos,2550.3425041235555,0.6017703051584775,OnTrack,7064.0,2505.0,530.0
2026-08-22 14:38:23.120,0 days 00:51:47.356000,30,872.1952777777758,0 days 00:00:45.338000,11293.357142857143,148.28571428571428,3,84.14285714285714,False,0,pos,2557.064982318439,0.6033565186761581,OnTrack,6926.0,2540.0,531.0
2026-08-22 14:38:23.140,0 days 00:51:47.376000,30,872.4286111111091,0 days 00:00:45.358000,11338.0,149.0,3,85.0,False,0,car,2557.9172222222232,0.6035576103593887,OnTrack,6911.841277308207,2543.2224145398222,531.0761989405582
2026-08-22 14:38:23.340,0 days 00:51:47.576000,30,874.03972222222,0 days 00:00:45.558000,12045.0,158.0,3,88.0,False,0,car,2566.695000000001,0.6056287855068075,OnTrack,6830.322784637451,2556.024423499372,530.9643345278864
2026-08-22 14:38:23.420,0 days 00:51:47.656000,30,874.2397222222199,0 days 00:00:45.638000,11809.857142857143,161.71428571428572,3,91.42857142857143,False,0,pos,2570.3980621195137,0.6065025476850548,OnTrack,6796.0,2560.0,531.0
2026-08-22 14:38:23.620,0 days 00:51:47.856000,30,874.7397222222198,0 days 00:00:45.838000,11222.0,171.0,3,100.0,False,0,car,2579.9950000000013,0.608767009116251,OnTrack,6671.592708578238,2577.113973706876,531.82074318745
2026-08-22 14:38:23.680,0 days 00:51:47.916000,30,874.7563888888866,0 days 00:00:45.898000,11278.625,172.5,3,100.0,False,0,pos,2582.8820937988203,0.6094482381329526,OnTrack,6637.0,2582.0,532.0
2026-08-22 14:38:23.780,0 days 00:51:48.016000,30,874.7841666666645,0 days 00:00:45.998000,11373.0,175.0,4,100.0,False,0,car,2587.772777777779,0.6106022276013057,OnTrack,6589.794574885112,2588.613993920843,532.0764531808588
2026-08-22 14:38:24.060,0 days 00:51:48.296000,30,872.9952777777759,0 days 00:00:46.278000,11124.5,189.875,4,100.0,False,0,pos,2602.6447128005448,0.6141113597521743,OnTrack,6486.0,2602.0,532.0
2026-08-22 14:38:24.100,0 days 00:51:48.336000,30,872.7397222222203,0 days 00:00:46.318000,11089.0,192.0,4,100.0,False,0,car,2604.8394444444457,0.6146292213056542,OnTrack,6466.274140077207,2604.313370411715,532.194326256701
2026-08-22 14:38:24.240,0 days 00:51:48.476000,30,871.6119444444422,0 days 00:00:46.458000,10785.083333333334,197.25,4,100.0,False,0,pos,2612.5894483609845,0.6164578863631099,OnTrack,6391.0,2613.0,533.0
2026-08-22 14:38:24.340,0 days 00:51:48.576000,30,870.8063888888864,0 days 00:00:46.558000,10568.0,201.0,5,100.0,False,0,car,2618.239444444446,0.6177910405813342,OnTrack,6342.042950927604,2618.839765533249,533.0622069840267
2026-08-22 14:38:24.480,0 days 00:51:48.716000,30,869.4063888888866,0 days 00:00:46.698000,10872.0625,205.8125,5,100.0,False,0,pos,2626.3624522000077,0.6197077183796948,OnTrack,6258.0,2627.0,533.0
2026-08-22 14:38:24.660,0 days 00:51:48.896000,30,867.6063888888866,0 days 00:00:46.878000,11263.0,212.0,5,100.0,False,0,car,2637.08388888889,0.6222375127965523,OnTrack,6086.7560962463585,2638.063850015021,533.9263730832652
2026-08-22 14:38:24.680,0 days 00:51:48.916000,30,867.3897222222199,0 days 00:00:46.898000,11299.083333333334,212.66666666666666,5,100.0,False,0,pos,2638.28698355586,0.6225213909986786,OnTrack,6070.0,2639.0,534.0
2026-08-22 14:38:24.900,0 days 00:51:49.136000,30,865.0063888888862,0 days 00:00:47.118000,11696.0,220.0,5,100.0,False,0,car,2651.750555555557,0.6256982105112269,OnTrack,5955.972814168124,2643.4207348299083,533.8178724316338
2026-08-22 14:38:25.119,0 days 00:51:49.355000,30,862.2688880888862,0 days 00:00:47.337000,11074.5873184,228.8968776,5,100.0,False,0,pos,2665.8571383092853,0.6290267526951606,OnTrack,5872.0,2641.0,534.0
2026-08-22 14:38:25.220,0 days 00:51:49.456000,30,861.0063888888862,0 days 00:00:47.438000,10788.0,233.0,6,100.0,False,0,car,2672.4616666666684,0.6305851351628582,OnTrack,5809.313826682531,2638.6919792608296,534.8540663436593
2026-08-22 14:38:25.239,0 days 00:51:49.475000,30,860.7899993407011,0 days 00:00:47.457000,10790.768852657253,233.28643303350898,6,100.0,False,0,pos,2673.7043785981364,0.6308783613224875,OnTrack,5795.0,2638.0,535.0
2026-08-22 14:38:25.419,0 days 00:51:49.655000,30,858.7399999999975,0 days 00:00:47.637000,10817.0,236.0,6,100.0,False,0,car,2685.507222222224,0.6336633209104334,OnTrack,5616.6164599451085,2626.3918659004553,535.6814877644538
2026-08-22 14:38:25.539,0 days 00:51:49.775000,30,857.5733333333311,0 days 00:00:47.757000,10998.5,239.0,6,100.0,False,0,pos,2693.4726670908794,0.6355428206958874,OnTrack,5517.0,2619.0,536.0
2026-08-22 14:38:25.579,0 days 00:51:49.815000,30,857.1844444444423,0 days 00:00:47.797000,11059.0,240.0,6,100.0,False,0,car,2696.1738888888904,0.6361801919756512,OnTrack,5495.493918830088,2617.3175915268775,536.1574989991271
2026-08-22 14:38:25.779,0 days 00:51:50.015000,30,854.9622222222195,0 days 00:00:47.997000,11279.833333333334,249.16666666666666,6,100.0,False,0,pos,2710.0850980618043,0.6394626344615418,OnTrack,5434.0,2611.0,537.0
2026-08-22 14:38:25.819,0 days 00:51:50.055000,30,854.5177777777749,0 days 00:00:48.037000,11324.0,251.0,6,100.0,False,0,car,2712.907222222224,0.6401285334592117,OnTrack,5415.1517598784985,2608.7322261693107,537.0548513948007
2026-08-22 14:38:26.059,0 days 00:51:50.295000,30,851.917777777775,0 days 00:00:48.277000,11672.0,256.0,6,100.0,False,0,car,2729.9738888888905,0.6441555271635603,OnTrack,5243.139532695015,2586.8256554239556,536.760296205463
2026-08-22 14:38:26.139,0 days 00:51:50.375000,30,851.2288887515374,0 days 00:00:48.357000,11586.51711691307,257.246106167448,6,100.0,False,0,pos,2735.721449457922,0.6455117023721648,OnTrack,5183.0,2578.0,537.0
2026-08-22 14:38:26.299,0 days 00:51:50.535000,30,849.8511106990624,0 days 00:00:48.517000,11415.55135073921,259.7383185023439,6,100.0,False,0,pos,2747.314523185348,0.64824716535543,OnTrack,5069.0,2559.0,538.0
2026-08-22 14:38:26.380,0 days 00:51:50.616000,30,849.1536111111081,0 days 00:00:48.598000,11329.0,261.0,6,100.0,False,0,car,2753.2463888888906,0.6496468285884305,OnTrack,5010.1321828387945,2548.4598323956398,538.0465357553559
2026-08-22 14:38:26.459,0 days 00:51:50.695000,30,848.4952772444416,0 days 00:00:48.677000,11158.867719314285,262.9750016,6,100.0,False,0,pos,2759.0746443902185,0.6510220443039295,OnTrack,4954.0,2538.0,538.0
2026-08-22 14:38:26.660,0 days 00:51:50.896000,30,846.8202777777751,0 days 00:00:48.878000,10726.0,268.0,7,100.0,False,0,car,2774.090833333335,0.654565214128377,OnTrack,4827.06164666169,2512.130681258617,538.8626788250929
2026-08-22 14:38:26.799,0 days 00:51:51.035000,30,845.5074993955528,0 days 00:00:49.017000,10806.4214656,270.9785728,7,100.0,False,0,pos,2784.627569544989,0.6570514272370905,OnTrack,4706.0,2483.0,540.0
2026-08-22 14:38:26.940,0 days 00:51:51.176000,30,844.1758333333305,0 days 00:00:49.158000,10888.0,274.0,7,100.0,False,0,car,2795.401944444446,0.6595937127774267,OnTrack,4532.116823055333,2438.238406714551,541.4090929759884
2026-08-22 14:38:26.999,0 days 00:51:51.235000,30,843.7333328533305,0 days 00:00:49.217000,10914.3041952,274.7375008,7,100.0,False,0,pos,2799.923697663542,0.6606606505750391,OnTrack,4470.0,2422.0,542.0
2026-08-22 14:38:27.180,0 days 00:51:51.416000,30,842.3758333333303,0 days 00:00:49.398000,10995.0,277.0,7,100.0,False,0,car,2813.868611111113,0.6639510458090851,OnTrack,4373.383134234472,2396.235231633918,543.6590393703157
2026-08-22 14:38:27.319,0 days 00:51:51.555000,30,841.2947217244418,0 days 00:00:49.537000,11033.804184533334,279.31666773333336,7,100.0,False,0,pos,2824.6967105583694,0.6665060080144072,OnTrack,4321.0,2381.0,545.0
2026-08-22 14:38:27.420,0 days 00:51:51.656000,30,840.5091666666644,0 days 00:00:49.638000,11062.0,281.0,7,100.0,False,0,car,2832.601944444446,0.6683713006173739,OnTrack,4262.124380457851,2363.5833953926362,546.1094384967583
2026-08-22 14:38:27.619,0 days 00:51:51.855000,30,839.182499573331,0 days 00:00:49.837000,11149.338916977778,282.10555591111114,7,100.0,False,0,pos,2848.212724404264,0.6720547681535941,OnTrack,4097.0,2313.0,549.0
2026-08-22 14:38:27.780,0 days 00:51:52.016000,30,838.1091666666644,0 days 00:00:49.998000,11220.0,283.0,7,100.0,False,0,car,2860.901944444446,0.67504887416228,OnTrack,3925.7062698652508,2257.518278948429,552.3535506729544
2026-08-22 14:38:27.819,0 days 00:51:52.055000,30,837.8599995911087,0 days 00:00:50.037000,11240.3531584,283.3656256,7,100.0,False,0,pos,2863.986575826255,0.6757767134877555,OnTrack,3888.0,2245.0,553.0
2026-08-22 14:38:28.100,0 days 00:51:52.336000,30,836.0647222222192,0 days 00:00:50.318000,11387.0,286.0,7,100.0,False,0,car,2886.3241666666686,0.6810474168677159,OnTrack,3703.927320913975,2180.239056144756,554.1657266213425
2026-08-22 14:38:28.259,0 days 00:51:52.495000,30,835.0930551644417,0 days 00:00:50.477000,11353.874986666666,287.3250005333333,7,100.0,False,0,pos,2899.031022796718,0.6840456842293041,OnTrack,3597.0,2145.0,554.0
2026-08-22 14:38:28.279,0 days 00:51:52.515000,30,834.9708329422195,0 days 00:00:50.497000,11349.70832,287.4916672,7,100.0,False,0,pos,2900.632935857837,0.6844236662886031,OnTrack,3581.0,2140.0,554.0
2026-08-22 14:38:28.340,0 days 00:51:52.576000,30,834.598055555553,0 days 00:00:50.558000,11337.0,288.0,7,100.0,False,0,car,2905.524166666669,0.685577784785108,OnTrack,3533.0480032846936,2124.4162251025705,553.8610907235241
2026-08-22 14:38:28.599,0 days 00:51:52.835000,30,833.0872218488864,0 days 00:00:50.817000,11321.274996114285,288.92500022857143,7,100.0,False,0,pos,2926.3259997923687,0.6904861159005046,OnTrack,3343.0,2055.0,551.0
2026-08-22 14:38:28.620,0 days 00:51:52.856000,30,832.9647222222197,0 days 00:00:50.838000,11320.0,289.0,7,100.0,False,0,car,2928.0019444444465,0.690881566206916,OnTrack,3327.832033165021,2049.3760067858525,550.6387416774535
2026-08-22 14:38:28.799,0 days 00:51:53.035000,30,832.3680553422195,0 days 00:00:51.017000,11226.0249664,286.31499904,7,100.0,False,0,pos,2942.183783217654,0.6942278655500288,OnTrack,3193.0,1999.0,547.0
2026-08-22 14:38:29.020,0 days 00:51:53.256000,30,831.6313888888858,0 days 00:00:51.238000,11110.0,283.0,7,100.0,False,0,car,2959.446388888891,0.6983010923679227,OnTrack,2989.9490210696276,1919.3386559508956,542.2054749925485
2026-08-22 14:38:29.079,0 days 00:51:53.315000,30,831.6313888888857,0 days 00:00:51.297000,10931.5248064,280.0499968,7,100.0,False,0,pos,2964.010876917662,0.6993781137285927,OnTrack,2944.0,1901.0,541.0
2026-08-22 14:38:29.180,0 days 00:51:53.416000,30,831.6313888888853,0 days 00:00:51.398000,10626.0,275.0,7,100.0,True,0,car,2971.6686111111135,0.7011850071301515,OnTrack,2881.5361640185074,1875.8276071783123,539.0626780641064
2026-08-22 14:38:29.359,0 days 00:51:53.595000,30,832.7750004088858,0 days 00:00:51.577000,9820.499712,254.41499264,7,10.499968000000004,True,0,pos,2984.263156862342,0.7041567741096044,OnTrack,2795.0,1840.0,536.0
2026-08-22 14:38:29.380,0 days 00:51:53.616000,30,832.9091666666636,0 days 00:00:51.598000,9726.0,252.0,7,0.0,True,0,car,2985.668611111113,0.7044884004032499,OnTrack,2783.709706950474,1835.2573326264783,535.6692313636082
2026-08-22 14:38:29.540,0 days 00:51:53.776000,30,835.0424999999964,0 days 00:00:51.758000,9924.0,229.0,7,0.0,True,0,car,2995.846388888891,0.7068899148779786,OnTrack,2688.8698042162655,1795.0349330701263,533.3389760759294
2026-08-22 14:38:29.640,0 days 00:51:53.876000,30,838.9036111111075,0 days 00:00:51.858000,9976.6,220.7,7,0.1,True,0,pos,3001.5572068307065,0.7082374204188987,OnTrack,2628.0,1769.0,532.0
2026-08-22 14:38:30.540,0 days 00:51:54.776000,30,873.6536111111072,0 days 00:00:52.758000,10450.0,146.0,3,1.0,True,0,car,3036.4019444444466,0.7164592684071922,OnTrack,2181.050331326977,1568.885588773829,522.9392830708475
2026-08-22 14:38:30.680,0 days 00:51:54.916000,30,880.0313888888851,0 days 00:00:52.898000,10104.666666666666,140.55555555555554,3,0.611111111111111,True,0,pos,3041.5331428179684,0.7176700088493368,OnTrack,2145.0,1549.0,522.0
2026-08-22 14:38:30.900,0 days 00:51:55.136000,30,890.0536111111073,0 days 00:00:53.118000,9562.0,132.0,3,0.0,True,0,car,3049.6019444444464,0.7195738963503993,OnTrack,2111.4540712339226,1525.4966917054776,520.7758601446637
2026-08-22 14:38:31.160,0 days 00:51:55.396000,30,902.8369444444414,0 days 00:00:53.378000,9090.454545454546,126.68181818181819,3,0.5909090909090909,True,0,pos,3058.6179286476886,0.7217012778909243,OnTrack,2036.0,1546.0,520.0
2026-08-22 14:38:31.300,0 days 00:51:55.536000,30,909.7202777777751,0 days 00:00:53.518000,8836.545454545454,123.81818181818181,3,0.9090909090909091,True,0,pos,3063.3078989992828,0.7228079076416734,OnTrack,1953.0,1591.0,520.0
2026-08-22 14:38:31.340,0 days 00:51:55.576000,30,911.6869444444419,0 days 00:00:53.558000,8764.0,123.0,3,1.0,True,0,car,3064.6352777777797,0.7231211115079406,OnTrack,1935.654897877575,1601.4302272659106,520.0267882168192
2026-08-22 14:38:31.540,0 days 00:51:55.776000,30,922.020277777774,0 days 00:00:53.758000,8407.0,118.0,3,0.0,True,0,car,3071.1908333333354,0.7246679385167725,OnTrack,1907.9868944911752,1627.620285093163,520.2477835786972
2026-08-22 14:38:31.679,0 days 00:51:55.915000,30,929.4722256533299,0 days 00:00:53.897000,8470.49775650909,117.05227229090909,3,12.636369454545456,True,0,pos,3075.6754349336893,0.725726110142425,OnTrack,1892.0,1649.0,520.0
2026-08-22 14:38:31.979,0 days 00:51:56.215000,30,945.5555589866639,0 days 00:00:54.197000,8607.543211054546,115.00681774545454,3,39.90909672727273,True,0,pos,3085.214718823246,0.7279769677303493,OnTrack,1805.0,1729.0,518.0
2026-08-22 14:38:31.980,0 days 00:51:56.216000,30,945.6091666666639,0 days 00:00:54.198000,8608.0,115.0,3,40.0,False,0,car,3085.246388888891,0.7279844404933355,OnTrack,1804.746342051424,1729.2058352771999,517.9929592093048
2026-08-22 14:38:32.239,0 days 00:51:56.475000,30,959.8541676471647,0 days 00:00:54.457000,8869.164363380169,113.55710296475044,3,11.142059295008927,False,0,pos,3093.415496943163,0.7299119959643138,OnTrack,1752.0,1763.0,516.0
2026-08-22 14:38:32.339,0 days 00:51:56.575000,30,965.3541666666633,0 days 00:00:54.557000,8970.0,113.0,3,0.0,True,0,car,3096.515000000002,0.7306433443605931,OnTrack,1726.1960299474138,1774.564026875543,514.6906006739526
2026-08-22 14:38:32.539,0 days 00:51:56.775000,30,976.576388888886,0 days 00:00:54.757000,9645.0,109.0,2,0.0,True,0,pos,3102.5705555555573,0.7320721930382428,OnTrack,1667.0,1796.0,512.0
2026-08-22 14:38:32.739,0 days 00:51:56.975000,30,988.1874999999972,0 days 00:00:54.957000,9382.222222222223,105.66666666666667,2,0.0,True,0,pos,3108.3541625704906,0.7334368736459124,OnTrack,1608.0,1807.0,511.0
2026-08-22 14:38:32.899,0 days 00:51:57.135000,30,997.476388888886,0 days 00:00:55.117000,9172.0,103.0,2,0.0,False,0,car,3112.8705555555575,0.7345025466605938,OnTrack,1535.873128608169,1808.3491034808608,509.59146034037923
2026-08-22 14:38:32.979,0 days 00:51:57.215000,30,1002.2097237293507,0 days 00:00:55.197000,9004.039747515144,101.805969769065,2,0.0,False,0,pos,3115.11826517334,0.7350329087199694,OnTrack,1504.0,1808.0,509.0
2026-08-22 14:38:33.100,0 days 00:51:57.336000,30,1009.3688888888855,0 days 00:00:55.318000,8750.0,100.0,2,0.0,True,0,car,3118.453888888891,0.7358199713587937,OnTrack,1472.426866820199,1807.3279170142346,508.59805094293915
2026-08-22 14:38:33.399,0 days 00:51:57.635000,30,1027.8902817422195,0 days 00:00:55.617000,8279.0748992,92.5249984,2,0.0,True,0,pos,3126.1053917449053,0.7376253944347688,OnTrack,1425.0,1790.0,509.0
2026-08-22 14:38:33.420,0 days 00:51:57.656000,30,1029.1911111111085,0 days 00:00:55.638000,8246.0,92.0,2,0.0,False,0,car,3126.631666666669,0.7377495725087941,OnTrack,1418.5361670890388,1786.657426566993,509.00382727653374
2026-08-22 14:38:33.580,0 days 00:51:57.816000,30,1039.1911111111085,0 days 00:00:55.798000,8339.0,90.0,2,1.0,False,0,car,3130.631666666669,0.7386933991582508,OnTrack,1358.4759623365226,1754.1731652730227,508.95423743514175
2026-08-22 14:38:33.619,0 days 00:51:57.855000,30,1041.6394484622197,0 days 00:00:55.837000,8370.037550933333,90.0,2,6.8500096,False,0,pos,3131.6017949579045,0.7389223073919158,OnTrack,1346.0,1747.0,509.0
2026-08-22 14:38:33.820,0 days 00:51:58.056000,30,1054.2577777777751,0 days 00:00:56.038000,8530.0,90.0,2,37.0,False,0,car,3136.631666666669,0.7401091391324358,OnTrack,1308.7099443095694,1721.6945122660284,509.80696431257024
2026-08-22 14:38:34.079,0 days 00:51:58.315000,30,1070.1575039288857,0 days 00:00:56.297000,8864.850082742858,94.62500114285714,2,44.400001828571426,False,0,pos,3143.4635386913337,0.7417211648530749,OnTrack,1287.0,1692.0,511.0
2026-08-22 14:38:34.100,0 days 00:51:58.336000,30,1071.4466666666635,0 days 00:00:56.318000,8892.0,95.0,2,45.0,False,0,car,3144.020555555558,0.7418525966932378,OnTrack,1284.0972640741384,1688.169296430341,511.0282159152418
2026-08-22 14:38:34.259,0 days 00:51:58.495000,30,1081.1191705599974,0 days 00:00:56.477000,9072.200072533333,95.66250026666667,2,47.65000106666667,False,0,pos,3148.2264500979304,0.7428450055317117,OnTrack,1259.0,1654.0,511.0
2026-08-22 14:38:34.339,0 days 00:51:58.575000,30,1085.9858372266644,0 days 00:00:56.557000,9162.8667392,95.9958336,2,48.9833344,False,0,pos,3150.3930959622217,0.7433562400583751,OnTrack,1248.0,1636.0,511.0
2026-08-22 14:38:34.340,0 days 00:51:58.576000,30,1086.0466666666644,0 days 00:00:56.558000,9164.0,96.0,2,49.0,False,0,car,3150.420555555558,0.7433627193323685,OnTrack,1247.871007471182,1635.7725142446022,511.00143033038347
2026-08-22 14:38:34.539,0 days 00:51:58.775000,30,1097.6550037333307,0 days 00:00:56.757000,9540.234496,100.9750016,2,54.5968768,False,0,pos,3156.0698754630594,0.7446957140023701,OnTrack,1226.0,1586.0,512.0
2026-08-22 14:38:34.660,0 days 00:51:58.896000,30,1104.7133333333304,0 days 00:00:56.878000,9769.0,104.0,2,58.0,False,0,car,3159.6650000000027,0.7455440075888907,OnTrack,1216.272219783076,1544.444912500059,512.8072527942365
2026-08-22 14:38:34.879,0 days 00:51:59.115000,30,1116.9408369066641,0 days 00:00:57.097000,10582.428809142857,111.03928777142858,2,65.03928777142858,False,0,pos,3166.4675536144423,0.7471491154353072,OnTrack,1206.0,1463.0,514.0
2026-08-22 14:38:34.940,0 days 00:51:59.176000,30,1120.346666666664,0 days 00:00:57.158000,10809.0,113.0,2,67.0,False,0,car,3168.4538888888915,0.7476178044770024,OnTrack,1205.0007696480666,1445.2886871052476,514.1329011475997
2026-08-22 14:38:35.239,0 days 00:51:59.475000,30,1136.0441700266638,0 days 00:00:57.457000,10114.655406933332,122.9666688,2,71.15277866666666,False,0,pos,3178.7827146609397,0.7500549597323161,OnTrack,1211.0,1370.0,514.0
2026-08-22 14:38:35.300,0 days 00:51:59.536000,30,1139.2466666666637,0 days 00:00:57.518000,9973.0,125.0,2,72.0,False,0,car,3180.9538888888915,0.7505672627565546,OnTrack,1214.0447722631436,1348.5900887309313,514.0092135374595
2026-08-22 14:38:35.319,0 days 00:51:59.555000,30,1140.1966698666636,0 days 00:00:57.537000,10048.118110171428,125.4750016,2,72.54285897142857,False,0,pos,3181.6324962446865,0.7507273846832839,OnTrack,1215.0,1342.0,514.0
2026-08-22 14:38:35.580,0 days 00:51:59.816000,30,1153.2466666666633,0 days 00:00:57.798000,11080.0,132.0,3,80.0,False,0,car,3191.2205555555583,0.7529897511568268,OnTrack,1227.7158269040078,1258.0611894650424,513.0817251696403
2026-08-22 14:38:35.599,0 days 00:51:59.835000,30,1154.1227807288853,0 days 00:00:57.817000,11100.266734933333,133.10833706666668,3,81.4250048,False,0,pos,3191.960103760212,0.7531642524828543,OnTrack,1229.0,1250.0,513.0
2026-08-22 14:38:35.820,0 days 00:52:00.056000,30,1164.3133333333294,0 days 00:00:58.038000,11336.0,146.0,3,98.0,False,0,car,3200.9538888888915,0.755286396003838,OnTrack,1248.9506310536833,1127.7237975124576,512.143992993952
2026-08-22 14:38:35.939,0 days 00:52:00.175000,30,1169.3047249066628,0 days 00:00:58.157000,11620.8564032,150.4625024,3,99.4875008,False,0,pos,3205.934699218197,0.7564616513850101,OnTrack,1259.0,1068.0,512.0
2026-08-22 14:38:35.980,0 days 00:52:00.216000,30,1171.0244444444406,0 days 00:00:58.198000,11719.0,152.0,3,100.0,False,0,car,3207.7094444444474,0.7568804143451427,OnTrack,1261.8525188899835,1051.4831566028354,512.0287281401039
2026-08-22 14:38:36.220,0 days 00:52:00.456000,30,1178.6911111111067,0 days 00:00:58.438000,10606.0,167.0,4,100.0,False,0,car,3218.8427777777806,0.7595073985194638,OnTrack,1273.755473505573,986.6796385615295,512.8185665289036
2026-08-22 14:38:36.320,0 days 00:52:00.556000,30,1181.302222222218,0 days 00:00:58.538000,10766.0,172.5,4,100.0,False,0,pos,3223.7200933435533,0.7606582336216604,OnTrack,1280.0,951.0,513.0
2026-08-22 14:38:36.420,0 days 00:52:00.656000,30,1183.9133333333293,0 days 00:00:58.638000,10926.0,178.0,4,100.0,False,0,pos,3228.7316666666693,0.7618407477361762,OnTrack,1288.0,904.0,513.0
2026-08-22 14:38:36.700,0 days 00:52:00.936000,30,1187.5688888888849,0 days 00:00:58.918000,11912.0,190.0,4,100.0,False,0,car,3243.509444444447,0.76532766285778,OnTrack,1318.1084963568949,735.2522760319195,512.9973818302407
2026-08-22 14:38:36.760,0 days 00:52:00.996000,30,1188.0855555555513,0 days 00:00:58.978000,11702.0,192.25,4,100.0,False,0,pos,3246.7803136727925,0.76609944624393,OnTrack,1324.0,702.0,513.0
2026-08-22 14:38:36.940,0 days 00:52:01.176000,30,1189.635555555551,0 days 00:00:59.158000,11072.0,199.0,4,100.0,False,0,car,3256.776111111114,0.7684580212451447,OnTrack,1338.231529572659,619.2420102079202,513.0018929869905
2026-08-22 14:38:37.120,0 days 00:52:01.356000,30,1190.0355555555507,0 days 00:00:59.338000,10910.75,204.25,4,100.0,False,0,pos,3267.0248916243277,0.7708762892883456,OnTrack,1352.0,538.0,513.0
2026-08-22 14:38:37.180,0 days 00:52:01.416000,30,1190.1688888888839,0 days 00:00:59.398000,10857.0,206.0,5,100.0,False,0,car,3270.5094444444476,0.7716984927416127,OnTrack,1357.5313465300803,505.92681920020453,512.9996735233296
2026-08-22 14:38:37.360,0 days 00:52:01.596000,30,1188.968888888884,0 days 00:00:59.578000,11182.8,212.3,5,100.0,False,0,pos,3281.1545112541016,0.7742102671766624,OnTrack,1376.0,400.0,513.0
2026-08-22 14:38:37.380,0 days 00:52:01.616000,30,1188.8355555555509,0 days 00:00:59.598000,11219.0,213.0,5,100.0,False,0,car,3282.3427777777806,0.7744906465795887,OnTrack,1378.0759605613066,388.1611087336148,513.0002189512205
2026-08-22 14:38:37.580,0 days 00:52:01.816000,30,1186.891111111106,0 days 00:00:59.798000,11488.0,215.0,5,100.0,False,0,car,3294.2872222222254,0.7773090178244941,OnTrack,1398.8923722444354,269.95995621842434,513.0009387567565
2026-08-22 14:38:37.600,0 days 00:52:01.836000,30,1186.4744444444395,0 days 00:00:59.818000,11512.7,215.8,5,100.0,False,0,pos,3295.503838655234,0.7775960865774043,OnTrack,1401.0,258.0,513.0
2026-08-22 14:38:37.760,0 days 00:52:01.996000,30,1183.1411111111065,0 days 00:00:59.978000,11710.3,222.2,5,100.0,False,0,pos,3305.4170630225844,0.7799351779123914,OnTrack,1418.0,161.0,513.0
2026-08-22 14:38:37.780,0 days 00:52:02.016000,30,1182.72444444444,0 days 00:00:59.998000,11735.0,223.0,5,100.0,False,0,car,3306.676111111114,0.7802322586971169,OnTrack,1420.115342239344,148.71857003352855,513.0060892306257
2026-08-22 14:38:37.920,0 days 00:52:02.156000,30,1179.4966666666623,0 days 00:01:00.138000,11401.916666666666,227.66666666666666,5,100.0,False,0,pos,3315.605689265986,0.7823392521548604,OnTrack,1435.0,62.0,513.0
2026-08-22 14:38:38.020,0 days 00:52:02.256000,30,1177.1911111111067,0 days 00:01:00.238000,11164.0,231.0,5,100.0,False,0,car,3322.076111111114,0.7838659912975252,OnTrack,1446.180576722836,-0.2808963492803231,512.7170960386716
2026-08-22 14:38:38.220,0 days 00:52:02.456000,30,1170.635555555551,0 days 00:01:00.438000,10899.555555555555,234.33333333333334,5,100.0,False,0,pos,3335.183943081694,0.7869588715801337,OnTrack,1469.0,-126.0,512.0
2026-08-22 14:38:38.299,0 days 00:52:02.535000,30,1168.0461090133288,0 days 00:01:00.517000,10795.099915377778,235.65000106666668,5,100.0,False,0,pos,3340.40707111439,0.7881913034378293,OnTrack,1478.0,-178.0,512.0
2026-08-22 14:38:38.380,0 days 00:52:02.616000,30,1165.3911111111065,0 days 00:01:00.598000,10688.0,237.0,6,100.0,False,0,car,3345.776111111114,0.789458164195556,OnTrack,1490.2292524160964,-243.57346998262275,511.9975009830444
2026-08-22 14:38:38.540,0 days 00:52:02.776000,30,1159.8355555555509,0 days 00:01:00.758000,10810.0,240.0,6,100.0,False,0,car,3356.442777777781,0.7919750352607738,OnTrack,1522.4525748793922,-404.6083615953231,511.93899790844614
2026-08-22 14:38:38.639,0 days 00:52:02.875000,30,1156.1505531733292,0 days 00:01:00.857000,10858.8812816,241.8562512,6,100.0,False,0,pos,3363.1354403677137,0.793554213587824,OnTrack,1540.0,-491.0,512.0
2026-08-22 14:38:38.700,0 days 00:52:02.936000,30,1153.879999999996,0 days 00:01:00.918000,10889.0,243.0,6,100.0,False,0,car,3367.2427777777807,0.7945233672143068,OnTrack,1549.0699759383945,-535.5187622827864,512.0888361842937
2026-08-22 14:38:39.059,0 days 00:52:03.295000,30,1140.8163888888844,0 days 00:01:01.277000,10514.0,231.0,6,0.0,True,0,pos,3390.278611111114,0.7999588255624175,OnTrack,1584.0,-717.0,513.0
2026-08-22 14:38:39.379,0 days 00:52:03.615000,30,1131.3941666666624,0 days 00:01:01.597000,10311.0,202.0,5,0.0,True,0,car,3408.23416666667,0.8041955585222009,OnTrack,1611.3366601726527,-915.7562761642635,513.1066887591454
2026-08-22 14:38:39.439,0 days 00:52:03.675000,30,1129.7108329499363,0 days 00:01:01.657000,10185.234846800819,199.86476819695787,5,0.0,True,0,pos,3411.4739373103116,0.8049600039901001,OnTrack,1614.0,-950.0,513.0
2026-08-22 14:38:39.660,0 days 00:52:03.896000,30,1123.510555555551,0 days 00:01:01.878000,9722.0,192.0,5,0.0,True,0,car,3423.2208333333365,0.807731762368832,OnTrack,1613.9263865451906,-1055.703272641287,512.2211848470025
2026-08-22 14:38:39.859,0 days 00:52:04.095000,30,1117.92749820444,0 days 00:01:02.077000,9590.659957759999,187.0249984,5,4.9750016,True,0,pos,3433.558686994303,0.8101710478146829,OnTrack,1603.0,-1133.0,512.0
2026-08-22 14:38:39.860,0 days 00:52:04.096000,30,1117.8994444444402,0 days 00:01:02.078000,9590.0,187.0,5,5.0,False,0,car,3433.6097222222256,0.8101830899167265,OnTrack,1602.9244200287399,-1133.3664977313415,512.0022099842904
2026-08-22 14:38:40.099,0 days 00:52:04.335000,30,1111.52610940444,0 days 00:01:02.317000,9260.047133866667,181.0249984,5,6.327778133333333,False,0,pos,3445.518716831149,0.812993096536761,OnTrack,1578.0,-1219.0,513.0
2026-08-22 14:38:40.220,0 days 00:52:04.456000,30,1108.2994444444398,0 days 00:01:02.438000,9093.0,178.0,5,7.0,True,0,car,3451.409722222226,0.8143831185068088,OnTrack,1558.4602749472222,-1268.5219423919111,513.0113778645924
2026-08-22 14:38:40.319,0 days 00:52:04.555000,30,1105.7969428266622,0 days 00:01:02.537000,9096.46500224,175.5249984,5,8.48500096,True,0,pos,3456.187761286969,0.8155105286571711,OnTrack,1532.0,-1316.0,513.0
2026-08-22 14:38:40.420,0 days 00:52:04.656000,30,1103.2438888888846,0 days 00:01:02.638000,9100.0,173.0,5,10.0,True,0,car,3461.0208333333367,0.8166509242061977,OnTrack,1490.023784492041,-1373.0685678311866,513.2383445105563
2026-08-22 14:38:40.579,0 days 00:52:04.815000,30,1099.2247206044399,0 days 00:01:02.797000,9076.1499904,171.5093744,5,34.3468848,True,0,pos,3468.538915749603,0.8184248658405187,OnTrack,1411.0,-1462.0,514.0
2026-08-22 14:38:40.740,0 days 00:52:04.976000,30,1095.1549999999952,0 days 00:01:02.958000,9052.0,170.0,5,59.0,False,0,car,3476.131944444448,0.8202164915485897,OnTrack,1345.8920496163773,-1518.3778406262004,515.0336813419169
2026-08-22 14:38:40.980,0 days 00:52:05.216000,30,1088.8216666666617,0 days 00:01:03.198000,9253.0,172.0,5,70.0,False,0,car,3487.5986111111147,0.8229221279436989,OnTrack,1271.5006252543715,-1552.6458777616558,516.6689376826714
2026-08-22 14:38:41.079,0 days 00:52:05.315000,30,1086.1266649244394,0 days 00:01:03.297000,9403.9750976,173.98000128,5,79.40500608,False,0,pos,3492.393461335368,0.8240535047991498,OnTrack,1242.0,-1564.0,517.0
2026-08-22 14:38:41.180,0 days 00:52:05.416000,30,1083.377222222217,0 days 00:01:03.398000,9558.0,176.0,5,89.0,False,0,car,3497.3763888888925,0.8252292597534819,OnTrack,1212.025899774813,-1575.1923429909132,517.0978821156883
2026-08-22 14:38:41.420,0 days 00:52:05.656000,30,1076.3105555555503,0 days 00:01:03.638000,9801.0,185.0,5,91.0,False,0,car,3509.7097222222255,0.82813939192264,OnTrack,1120.2178127133684,-1597.8886782073882,517.2085031694277
2026-08-22 14:38:41.499,0 days 00:52:05.735000,30,1073.9405536355503,0 days 00:01:03.717000,9943.6938656,186.4812512,5,90.0124992,False,0,pos,3513.82786893801,0.8291110960768224,OnTrack,1064.0,-1602.0,518.0
2026-08-22 14:38:41.580,0 days 00:52:05.816000,30,1071.5105555555501,0 days 00:01:03.798000,10090.0,188.0,5,89.0,False,0,car,3518.0652777777814,0.8301109409237273,OnTrack,990.5190671506545,-1604.2164294969111,519.2994452813529
2026-08-22 14:38:41.679,0 days 00:52:05.915000,30,1068.5130536177726,0 days 00:01:03.897000,10227.11508864,189.48500096,5,92.46500224,False,0,pos,3523.2637966753314,0.8313375660920302,OnTrack,900.0,-1605.0,521.0
2026-08-22 14:38:41.780,0 days 00:52:06.016000,30,1065.454999999995,0 days 00:01:03.998000,10367.0,191.0,5,96.0,False,0,car,3528.6763888888922,0.8326147032854804,OnTrack,835.2963223578607,-1604.7282064344786,522.1081847457406
2026-08-22 14:38:42.060,0 days 00:52:06.296000,30,1055.9661111111054,0 days 00:01:04.278000,11033.0,205.0,5,100.0,False,0,car,3544.620833333337,0.8363769011798425,OnTrack,747.4371213195421,-1599.4500987406211,522.8270299764604
2026-08-22 14:38:42.119,0 days 00:52:06.355000,30,1053.8355532444389,0 days 00:01:04.337000,11112.017942857143,207.10714514285715,5,100.0,False,0,pos,3548.0910759837184,0.8371957280532204,OnTrack,720.0,-1598.0,523.0
2026-08-22 14:38:42.279,0 days 00:52:06.515000,30,1048.0577754666613,0 days 00:01:04.497000,11326.303657142857,212.82143085714284,5,100.0,False,0,pos,3557.6502596139303,0.8394512811175313,OnTrack,626.0,-1594.0,524.0
2026-08-22 14:38:42.340,0 days 00:52:06.576000,30,1045.8549999999946,0 days 00:01:04.558000,11408.0,215.0,5,100.0,False,0,car,3561.343055555559,0.84032262092271,OnTrack,592.3485012995368,-1592.8578751064815,524.9799972449418
2026-08-22 14:38:42.439,0 days 00:52:06.675000,30,1042.1699976177724,0 days 00:01:04.657000,11564.234476,217.4750016,5,100.0,False,0,pos,3567.3901279721395,0.8417494679472007,OnTrack,531.0,-1590.0,527.0
2026-08-22 14:38:42.660,0 days 00:52:06.896000,30,1033.9438888888835,0 days 00:01:04.878000,11913.0,223.0,5,100.0,False,0,car,3581.165277777781,0.8449998063189064,OnTrack,312.44095240419426,-1571.6386613453915,530.7459776697613
2026-08-22 14:38:42.679,0 days 00:52:06.915000,30,1033.1997197155501,0 days 00:01:04.897000,11813.249664,223.9500032,5,100.0,False,0,pos,3582.3709960991555,0.8452843035897694,OnTrack,296.0,-1570.0,531.0
2026-08-22 14:38:42.820,0 days 00:52:07.056000,30,1027.677222222217,0 days 00:01:05.038000,11073.0,231.0,5,100.0,False,0,car,3591.4319444444473,0.8474222947191785,OnTrack,203.34627424772452,-1559.2098870966797,532.5128580662258
2026-08-22 14:38:43.100,0 days 00:52:07.336000,30,1016.3994444444393,0 days 00:01:05.318000,10693.0,239.0,6,100.0,False,0,car,3610.020833333336,0.8518084668984591,OnTrack,108.67984892005505,-1536.4235195669817,534.4381436972226
2026-08-22 14:38:43.160,0 days 00:52:07.396000,30,1014.0327777777727,0 days 00:01:05.378000,10772.2,240.5,6,100.0,False,0,pos,3614.070662232927,0.8527640510087527,OnTrack,79.0,-1528.0,535.0
2026-08-22 14:38:43.300,0 days 00:52:07.536000,30,1008.5105555555506,0 days 00:01:05.518000,10957.0,244.0,6,100.0,False,0,car,3623.576388888892,0.8550069905438402,OnTrack,-6.310956172401389,-1503.021666778857,536.6758933075259
2026-08-22 14:38:43.320,0 days 00:52:07.556000,30,1007.7216666666617,0 days 00:01:05.538000,10977.125,244.25,6,100.0,False,0,pos,3624.9374306466084,0.8553281374143293,OnTrack,-19.0,-1499.0,537.0
2026-08-22 14:38:43.420,0 days 00:52:07.656000,30,1003.7772222222176,0 days 00:01:05.638000,11077.75,245.5,6,100.0,False,0,pos,3631.7592174716733,0.8569377834649315,OnTrack,-83.0,-1477.0,539.0
2026-08-22 14:38:43.460,0 days 00:52:07.696000,30,1002.1994444444399,0 days 00:01:05.678000,11118.0,246.0,6,100.0,False,0,car,3634.509722222225,0.8575867833856884,OnTrack,-110.38654545610557,-1466.6644609358907,539.9540458370129
2026-08-22 14:38:43.700,0 days 00:52:07.936000,30,992.8661111111064,0 days 00:01:05.918000,11316.0,252.0,6,100.0,False,0,car,3651.3097222222254,0.8615508553134066,OnTrack,-292.9296998655804,-1386.5742029712035,547.1143301135675
2026-08-22 14:38:43.760,0 days 00:52:07.996000,30,990.6327777777731,0 days 00:01:05.978000,11368.363636363636,252.8181818181818,6,100.0,False,0,pos,3655.563163519353,0.8625544831254387,OnTrack,-336.0,-1364.0,549.0
2026-08-22 14:38:44.140,0 days 00:52:08.376000,30,976.4883333333282,0 days 00:01:06.358000,11700.0,258.0,6,100.0,False,0,car,3682.8430555555587,0.8689913553999568,OnTrack,-559.327264710354,-1210.873245394131,559.6494441951768
2026-08-22 14:38:44.160,0 days 00:52:08.396000,30,975.727222222217,0 days 00:01:06.378000,11713.2,258.3,6,100.0,False,0,pos,3684.2887080437977,0.8693324667360199,OnTrack,-569.0,-1203.0,560.0
2026-08-22 14:38:44.340,0 days 00:52:08.576000,30,968.8772222222169,0 days 00:01:06.558000,11832.0,261.0,6,100.0,False,0,car,3697.3430555555587,0.8724127270042373,OnTrack,-647.3095787935524,-1134.4434875577906,561.8873850045507
2026-08-22 14:38:44.500,0 days 00:52:08.736000,30,963.0994444444391,0 days 00:01:06.718000,11132.0,263.0,6,100.0,False,0,car,3709.031944444447,0.8751707982132051,OnTrack,-712.8101211145278,-1063.7696592391385,563.238162729425
2026-08-22 14:38:44.580,0 days 00:52:08.816000,30,960.3438888888834,0 days 00:01:06.798000,10850.0,263.5,6,100.0,False,0,pos,3714.891031935897,0.8765532889421873,OnTrack,-751.0,-1015.0,565.0
2026-08-22 14:38:44.660,0 days 00:52:08.896000,30,957.5883333333277,0 days 00:01:06.878000,10568.0,264.0,6,100.0,False,0,car,3720.7652777777803,0.8779393563849446,OnTrack,-792.977940677682,-957.0406058293444,567.5143361378857
2026-08-22 14:38:44.820,0 days 00:52:09.056000,30,952.3883333333281,0 days 00:01:07.038000,10577.6,265.6,6,100.0,False,0,pos,3732.5799981451883,0.8807271183696042,OnTrack,-875.0,-833.0,573.0
2026-08-22 14:38:44.860,0 days 00:52:09.096000,30,951.0883333333281,0 days 00:01:07.078000,10580.0,266.0,7,100.0,False,0,car,3735.543055555558,0.8814262715065485,OnTrack,-890.8546606511599,-806.5101630666836,573.8914612215922
2026-08-22 14:38:45.140,0 days 00:52:09.376000,30,941.8327777777722,0 days 00:01:07.358000,10673.0,268.0,7,100.0,False,0,car,3756.3875000000025,0.886344657046495,OnTrack,-958.8256516878408,-655.2769556570531,575.78021237996
2026-08-22 14:38:45.179,0 days 00:52:09.415000,30,940.6194424533277,0 days 00:01:07.397000,10689.38002688,268.58500096,7,100.0,False,0,pos,3759.3137303792273,0.8870351206000855,OnTrack,-967.0,-631.0,576.0
2026-08-22 14:38:45.339,0 days 00:52:09.575000,30,935.6416646755496,0 days 00:01:07.557000,10756.58002688,270.98500096,7,100.0,False,0,pos,3771.3676408012893,0.889879321071712,OnTrack,-999.0,-518.0,577.0
2026-08-22 14:38:45.340,0 days 00:52:09.576000,30,935.6105555555496,0 days 00:01:07.558000,10757.0,271.0,7,100.0,False,0,car,3771.443055555558,0.8898971156854223,OnTrack,-999.1524701119976,-517.2636894687754,577.0019327397092
2026-08-22 14:38:45.579,0 days 00:52:09.815000,30,928.7061111111052,0 days 00:01:07.797000,10817.0,272.0,7,100.0,False,0,car,3789.5008333333353,0.8941579686595804,OnTrack,-1014.348971422092,-338.41002651768906,575.4618409180722
2026-08-22 14:38:45.619,0 days 00:52:09.855000,30,927.6283333333273,0 days 00:01:07.837000,10827.8,272.4,7,100.0,False,0,pos,3792.5371426957813,0.8948744060826485,OnTrack,-1014.0,-309.0,575.0
2026-08-22 14:38:45.779,0 days 00:52:10.015000,30,923.3172222222156,0 days 00:01:07.997000,10871.0,274.0,7,100.0,False,0,car,3804.723055555558,0.8977497534089018,OnTrack,-1005.620618351372,-192.8468522763295,572.7878438139631
2026-08-22 14:38:45.859,0 days 00:52:10.095000,30,921.1394444444379,0 days 00:01:08.077000,10886.0,274.5,7,100.0,False,0,pos,3810.830610098123,0.8991908715939726,OnTrack,-993.0,-124.0,571.0
2026-08-22 14:38:45.939,0 days 00:52:10.175000,30,918.9616666666602,0 days 00:01:08.157000,10901.0,275.0,7,100.0,False,0,car,3816.94527777778,0.9006336681711306,OnTrack,-972.9149241881684,-42.90233019107467,568.5563890911915
2026-08-22 14:38:46.079,0 days 00:52:10.315000,30,915.3838877496888,0 days 00:01:08.297000,10924.681599580212,275.6965176347121,7,100.0,False,0,pos,3827.662722643662,0.9031625206907561,OnTrack,-931.0,97.0,564.0
2026-08-22 14:38:46.140,0 days 00:52:10.376000,30,913.824999999993,0 days 00:01:08.358000,10935.0,276.0,7,100.0,False,0,car,3832.355277777781,0.9042697603381626,OnTrack,-916.5683747094181,138.7969717874687,562.6596383511009
2026-08-22 14:38:46.399,0 days 00:52:10.635000,30,907.5658317866598,0 days 00:01:08.617000,11031.405579377777,278.8777784888889,7,100.0,False,0,pos,3852.481272808606,0.9090186229523941,OnTrack,-857.0,271.0,560.0
2026-08-22 14:38:46.500,0 days 00:52:10.736000,30,905.1249999999932,0 days 00:01:08.718000,11069.0,280.0,7,100.0,False,0,car,3860.355277777781,0.9108765468843595,OnTrack,-812.3437099750404,378.5656676026888,558.9507755954131
2026-08-22 14:38:46.679,0 days 00:52:10.915000,30,900.8488873599936,0 days 00:01:08.897000,11131.6500224,280.89500032,7,100.0,False,0,pos,3874.3178609584575,0.914171111409654,OnTrack,-730.0,583.0,557.0
2026-08-22 14:38:46.700,0 days 00:52:10.936000,30,900.3472222222158,0 days 00:01:08.918000,11139.0,281.0,7,100.0,False,0,car,3875.966388888892,0.9145600925579335,OnTrack,-723.9336375274975,598.1660898125459,556.7947106311193
2026-08-22 14:38:46.919,0 days 00:52:11.155000,30,894.5072205155492,0 days 00:01:09.137000,11247.40503168,284.28500096,7,100.0,False,0,pos,3893.3457601380805,0.9186608709918798,OnTrack,-690.0,685.0,555.0
2026-08-22 14:38:47.100,0 days 00:52:11.336000,30,889.6805555555493,0 days 00:01:09.318000,11337.0,287.0,7,100.0,False,0,car,3907.8552777777804,0.9220844883466575,OnTrack,-643.2259453584982,806.8692857367055,553.9958693759305
2026-08-22 14:38:47.199,0 days 00:52:11.435000,30,886.8480537244382,0 days 00:01:09.417000,11398.050039466667,288.2375008,7,100.0,False,0,pos,3915.810559584287,0.9239615900898872,OnTrack,-610.0,893.0,553.0
2026-08-22 14:38:47.340,0 days 00:52:11.576000,30,882.8138888888825,0 days 00:01:09.558000,11485.0,290.0,7,100.0,False,0,car,3927.1886111111144,0.9266463171523649,OnTrack,-556.2924902534187,1031.3369333873356,550.5284282447924
2026-08-22 14:38:47.519,0 days 00:52:11.755000,30,876.7974978488828,0 days 00:01:09.737000,11567.2281544,292.2375008,7,100.0,False,0,pos,3941.7684179131106,0.9300865197032786,OnTrack,-493.0,1194.0,547.0
2026-08-22 14:38:47.660,0 days 00:52:11.896000,30,872.0583333333275,0 days 00:01:09.878000,11632.0,294.0,7,100.0,False,0,car,3953.321944444447,0.9328126512621485,OnTrack,-462.12298649575706,1273.8869928362692,545.2542371189887
2026-08-22 14:38:47.799,0 days 00:52:12.035000,30,867.1547199644389,0 days 00:01:10.017000,11764.9188112,295.7375008,7,100.0,False,0,pos,3964.7467290511895,0.9355084053061853,OnTrack,-434.0,1347.0,544.0
2026-08-22 14:38:47.820,0 days 00:52:12.056000,30,866.4138888888833,0 days 00:01:10.038000,11785.0,296.0,7,100.0,False,0,car,3966.4775000000022,0.9359167922425837,OnTrack,-428.7420198507325,1360.6530743584278,543.813512588622
2026-08-22 14:38:48.039,0 days 00:52:12.275000,30,857.8972197333276,0 days 00:01:10.257000,11274.912350933333,297.8250005333333,7,100.0,False,0,pos,3984.602103755423,0.9401934132513862,OnTrack,-363.0,1531.0,542.0
2026-08-22 14:38:48.060,0 days 00:52:12.296000,30,857.0805555555498,0 days 00:01:10.278000,11226.0,298.0,7,100.0,False,0,car,3986.3441666666695,0.9406044646015521,OnTrack,-356.5711777030694,1547.5949659541282,541.8546200376907
2026-08-22 14:38:48.220,0 days 00:52:12.456000,30,850.636111111105,0 days 00:01:10.438000,10552.0,299.0,8,100.0,False,0,car,3999.6330555555583,0.9437400664703026,OnTrack,-308.64306099405434,1670.9135519554798,540.9216070656375
2026-08-22 14:38:48.339,0 days 00:52:12.575000,30,845.5124972444384,0 days 00:01:10.557000,10529.687488,299.4958336,8,100.0,False,0,pos,4009.5400522711907,0.946077688349376,OnTrack,-273.0,1763.0,540.0
2026-08-22 14:38:48.439,0 days 00:52:12.675000,30,841.2069416888827,0 days 00:01:10.657000,10510.937488,299.91250026666665,8,100.0,False,0,pos,4017.8801127522283,0.948045581184397,OnTrack,-243.0,1841.0,539.0
2026-08-22 14:38:48.460,0 days 00:52:12.696000,30,840.3027777777716,0 days 00:01:10.678000,10507.0,300.0,8,100.0,False,0,car,4019.633055555558,0.9484591997175859,OnTrack,-237.00399457969482,1856.5821126321202,538.834088413546
2026-08-22 14:38:48.660,0 days 00:52:12.896000,30,831.413888888882,0 days 00:01:10.878000,10539.0,301.0,8,100.0,False,0,car,4036.3552777777804,0.9524049194604536,OnTrack,-181.6640805945638,2000.0811522485142,538.1730104535088
2026-08-22 14:38:48.719,0 days 00:52:12.955000,30,828.7424971022153,0 days 00:01:10.937000,10559.35502208,301.29500032,8,100.0,False,0,pos,4041.298521618775,0.9535713107784269,OnTrack,-159.0,2059.0,538.0
2026-08-22 14:38:48.860,0 days 00:52:13.096000,30,822.3583333333268,0 days 00:01:11.078000,10608.0,302.0,8,100.0,False,0,car,4053.1330555555583,0.9563637479067858,OnTrack,-87.6999866200593,2244.739089034897,537.3769816727204
2026-08-22 14:38:48.959,0 days 00:52:13.195000,30,817.7108303288821,0 days 00:01:11.177000,10603.0499968,302.49500032,8,100.0,False,0,pos,4061.462728153283,0.9583291896515312,OnTrack,-42.0,2364.0,537.0
2026-08-22 14:38:49.060,0 days 00:52:13.296000,30,812.9694444444376,0 days 00:01:11.278000,10598.0,303.0,8,100.0,False,0,car,4069.9663888888917,0.9603356850565827,OnTrack,-11.256061395363975,2444.460931195126,536.8202412496353
2026-08-22 14:38:49.260,0 days 00:52:13.496000,30,803.4694444444381,0 days 00:01:11.478000,10614.0,303.0,8,100.0,False,0,car,4086.7997222222243,0.9643076222063793,OnTrack,14.989183858910911,2513.6316487991844,536.9475580232782
2026-08-22 14:38:49.360,0 days 00:52:13.596000,30,798.6083333333266,0 days 00:01:11.578000,10625.25,303.4166666666667,8,100.0,False,0,pos,4095.2395767882294,0.9662990621206129,OnTrack,36.0,2568.0,537.0
2026-08-22 14:38:49.500,0 days 00:52:13.736000,30,791.8027777777706,0 days 00:01:11.718000,10641.0,304.0,8,100.0,False,0,car,4107.066388888892,0.9690896772302935,OnTrack,78.86437240556617,2678.226570911421,537.0012142690072
2026-08-22 14:38:49.520,0 days 00:52:13.756000,30,790.8194444444374,0 days 00:01:11.738000,10639.0,303.9583333333333,8,100.0,False,0,pos,4108.754248641151,0.9694879389839753,OnTrack,85.0,2694.0,537.0
2026-08-22 14:38:49.720,0 days 00:52:13.956000,30,780.9861111111046,0 days 00:01:11.938000,10619.0,303.5416666666667,8,100.0,False,0,pos,4125.608467063934,0.9734648041097721,OnTrack,146.0,2851.0,537.0
2026-08-22 14:38:49.980,0 days 00:52:14.216000,30,768.2027777777721,0 days 00:01:12.198000,10593.0,303.0,8,100.0,False,0,pos,4147.466388888891,0.9786223263898057,OnTrack,262.0,3150.0,537.0
2026-08-22 14:38:50.320,0 days 00:52:14.556000,30,751.7694444444376,0 days 00:01:12.538000,10576.0,302.22727272727275,8,100.0,False,0,pos,4175.990656733298,0.9853528174267537,OnTrack,326.0,3317.0,537.0
2026-08-22 14:38:50.420,0 days 00:52:14.656000,30,746.9361111111039,0 days 00:01:12.638000,10571.0,302.0,8,100.0,False,0,car,4184.377500000003,0.9873317489717369,OnTrack,364.2559639176841,3415.3755687464163,537.0000174380306
2026-08-22 14:38:50.620,0 days 00:52:14.856000,30,737.436111111104,0 days 00:01:12.838000,10569.125,302.0,8,100.0,False,0,pos,4201.15480817408,0.9912904666119472,OnTrack,458.0,3655.0,537.0
2026-08-22 14:38:50.740,0 days 00:52:14.976000,30,731.736111111104,0 days 00:01:12.958000,10568.0,302.0,8,100.0,False,0,car,4211.221944444447,0.9936658744858684,OnTrack,498.210344385383,3756.5811908012524,536.9999939387761
2026-08-22 14:38:50.919,0 days 00:52:15.155000,30,731.736111111104,0 days 00:01:13.137000,10549.5406184,302.0,8,100.0,False,0,interpolation,4226.238293949843,0.9972090821960558,OnTrack,533.2718388020188,3842.690615966802,536.9999946266482
