Date,SessionTime,DriverAhead,DistanceToDriverAhead,Time,RPM,Speed,nGear,Throttle,Brake,DRS,Source,Distance,RelativeDistance,Status,X,Y,Z
2026-08-22 14:16:10.642,0 days 00:29:34.878000,,265.1758333333333,0 days 00:00:00,10670.14241792,305.66999807999997,8,100.0,False,0,interpolation,0.28343646638650544,6.67038467833733e-05,OnTrack,517.3050955107656,3801.3978606841542,537.0001021972556
2026-08-22 14:16:10.759,0 days 00:29:34.995000,,265.1758333333333,0 days 00:00:00.117000,10720.16,306.84,8,100.0,False,0,pos,10.271885889582915,0.002417382319537843,OnTrack,548.0,3876.0,537.0
2026-08-22 14:16:10.775,0 days 00:29:35.011000,,265.1758333333333,0 days 00:00:00.133000,10727.0,307.0,8,100.0,False,0,car,11.638611111111103,0.002739026993330343,OnTrack,552.7668200225705,3887.550664125198,536.999978538904
2026-08-22 14:16:10.919,0 days 00:29:35.155000,,265.1758333333333,0 days 00:00:00.277000,10763.72,307.72,8,100.0,False,0,pos,23.94982238613646,0.005636343492778885,OnTrack,600.0,4002.0,537.0
2026-08-22 14:16:10.975,0 days 00:29:35.211000,77,265.1758333333333,0 days 00:00:00.333000,10778.0,308.0,8,100.0,False,0,car,28.749722222222214,0.006765950375490997,OnTrack,618.6076095646752,4047.4209142661143,537.0004139251797
2026-08-22 14:16:11.199,0 days 00:29:35.435000,77,254.84694238510164,0 days 00:00:00.557000,10827.54518121773,309.3956389075417,8,100.0,False,0,pos,48.03379711687075,0.011304258355162276,OnTrack,691.0,4225.0,537.0
2026-08-22 14:16:11.296,0 days 00:29:35.532000,77,250.3741666666666,0 days 00:00:00.654000,10849.0,310.0,8,100.0,False,0,car,56.39138888888888,0.013271131313133963,OnTrack,720.604871334626,4296.693722509191,536.9944232700643
2026-08-22 14:16:11.379,0 days 00:29:35.615000,77,246.33944133333327,0 days 00:00:00.737000,10865.0812624,310.0,8,100.0,False,0,pos,63.53564076015822,0.014952457249342636,OnTrack,750.0,4368.0,537.0
2026-08-22 14:16:11.456,0 days 00:29:35.692000,77,242.59638888888884,0 days 00:00:00.814000,10880.0,310.0,8,100.0,False,0,car,70.16916666666665,0.016513589101367215,OnTrack,784.1710820176856,4451.466182730788,537.0232221406602
2026-08-22 14:16:11.619,0 days 00:29:35.855000,77,234.0841633244444,0 days 00:00:00.977000,10889.055559111112,310.9055559111111,8,100.0,False,0,pos,84.26407651583483,0.019830680649221475,OnTrack,861.0,4640.0,537.0
2026-08-22 14:16:11.816,0 days 00:29:36.052000,77,223.79638888888888,0 days 00:00:01.174000,10900.0,312.0,8,100.0,False,0,car,101.36916666666666,0.02385618706052768,OnTrack,910.7988512090134,4762.544830054954,536.4612947624852
2026-08-22 14:16:11.978,0 days 00:29:36.214000,77,215.1113957511111,0 days 00:00:01.336000,10840.87004672,312.80999936,8,100.0,False,0,pos,115.46007875977413,0.027172337777757186,OnTrack,946.0,4849.0,536.0
2026-08-22 14:16:12.016,0 days 00:29:36.252000,77,213.07416666666666,0 days 00:00:01.374000,10827.0,313.0,8,100.0,False,0,car,118.75805555555556,0.02794848257551562,OnTrack,957.0081783190558,4875.955377937076,535.9353644176272
2026-08-22 14:16:12.198,0 days 00:29:36.434000,77,203.11471521777776,0 days 00:00:01.556000,10823.966664533333,311.48333226666665,8,100.0,False,0,pos,134.49138809534443,0.031651159992100455,OnTrack,1018.0,5025.0,536.0
2026-08-22 14:16:12.256,0 days 00:29:36.492000,77,199.9408333333333,0 days 00:00:01.614000,10823.0,311.0,8,100.0,False,0,car,139.49138888888888,0.032827858569744045,OnTrack,1036.164047599856,5069.285900206027,536.2470679519583
2026-08-22 14:16:12.398,0 days 00:29:36.634000,77,191.9730483733333,0 days 00:00:01.756000,10809.2437376,310.5562496,8,100.0,False,0,pos,151.71348175367245,0.03570420197120653,OnTrack,1083.0,5185.0,537.0
2026-08-22 14:16:12.576,0 days 00:29:36.812000,77,181.98527777777778,0 days 00:00:01.934000,10792.0,310.0,8,100.0,False,0,car,167.04694444444442,0.03931277414621055,OnTrack,1165.3455795752266,5396.398011978817,537.0695833229821
2026-08-22 14:16:12.638,0 days 00:29:36.874000,77,178.47193719111112,0 days 00:00:01.996000,10771.0749568,309.74166613333335,8,100.0,False,0,pos,172.4074660673232,0.040574317579806236,OnTrack,1189.0,5459.0,537.0
2026-08-22 14:16:12.816,0 days 00:29:37.052000,77,168.3852777777778,0 days 00:00:02.174000,10711.0,309.0,8,100.0,False,0,car,187.64694444444442,0.044160771516681886,OnTrack,1224.7207586254444,5562.137484499158,536.7929037986142
2026-08-22 14:16:12.938,0 days 00:29:37.174000,77,162.31917442261872,0 days 00:00:02.296000,10449.509294908263,298.9426651887793,8,56.27245734251875,False,0,pos,197.6469161174548,0.04651416163199947,OnTrack,1243.0,5625.0,537.0
2026-08-22 14:16:13.095,0 days 00:29:37.331000,77,154.5127777777778,0 days 00:00:02.453000,10113.0,286.0,8,0.0,True,0,car,209.8119444444444,0.04937707548350213,OnTrack,1278.0457990969776,5747.563850629939,537.9991252851281
2026-08-22 14:16:13.198,0 days 00:29:37.434000,77,150.3641640888889,0 days 00:00:02.556000,9612.93468928,269.51998976,8,0.51500032,True,0,pos,217.26339635587595,0.051130697778298914,OnTrack,1302.0,5833.0,539.0
2026-08-22 14:16:13.295,0 days 00:29:37.531000,77,146.45722222222224,0 days 00:00:02.653000,9142.0,254.0,8,1.0,True,0,car,223.92305555555552,0.052697979831128124,OnTrack,1322.0520052024842,5906.331120968695,540.1387862616763
2026-08-22 14:16:13.495,0 days 00:29:37.731000,77,140.06833333333333,0 days 00:00:02.853000,9138.0,228.0,8,1.0,True,0,car,236.5897222222222,0.05567894908805225,OnTrack,1357.2385000849372,6037.392245635267,542.7367124146642
2026-08-22 14:16:13.518,0 days 00:29:37.754000,77,139.65944330666667,0 days 00:00:02.876000,9163.979617745454,225.80453934545454,8,0.9477271272727272,True,0,pos,237.93990474339597,0.05599670060806714,OnTrack,1361.0,6051.0,543.0
2026-08-22 14:16:13.718,0 days 00:29:37.954000,77,136.1038877511111,0 days 00:00:03.076000,9389.888708654546,206.71363025454545,8,0.49318167272727276,True,0,pos,248.70803248376114,0.05853086832506664,OnTrack,1396.0,6169.0,545.0
2026-08-22 14:16:13.935,0 days 00:29:38.171000,77,132.24611111111108,0 days 00:00:03.293000,9635.0,186.0,7,0.0,True,0,car,259.3230555555555,0.06102900443863712,OnTrack,1458.1736931215182,6345.888653531411,546.9789139312977
2026-08-22 14:16:13.938,0 days 00:29:38.174000,77,132.2077802311111,0 days 00:00:03.296000,9644.2056608,185.718768,7,0.0,True,0,pos,259.4677512456717,0.06106305707578284,OnTrack,1459.0,6348.0,547.0
2026-08-22 14:16:14.095,0 days 00:29:38.331000,77,130.20166666666665,0 days 00:00:03.453000,10126.0,171.0,7,0.0,True,0,car,266.9230555555555,0.06281758599279158,OnTrack,1497.1730787228785,6433.564996109443,547.7775435032706
2026-08-22 14:16:14.295,0 days 00:29:38.531000,77,128.5905555555555,0 days 00:00:03.653000,11183.0,161.0,7,0.0,True,0,car,275.86749999999995,0.06492256866983011,OnTrack,1533.367040437733,6492.3697992839825,548.0099946739798
2026-08-22 14:16:14.319,0 days 00:29:38.555000,77,128.4772222222222,0 days 00:00:03.677000,11152.16,160.16,7,0.0,True,0,pos,276.9178490239959,0.06516975747111213,OnTrack,1537.0,6498.0,548.0
2026-08-22 14:16:14.495,0 days 00:29:38.731000,77,127.64611111111111,0 days 00:00:03.853000,10926.0,154.0,6,0.0,True,0,car,284.4230555555555,0.06693603036091043,OnTrack,1559.0539801646567,6530.606604283723,547.6839885097733
2026-08-22 14:16:14.695,0 days 00:29:38.931000,77,127.86833333333328,0 days 00:00:04.053000,10206.0,139.0,4,2.0,True,0,car,292.1452777777777,0.0687533756535089,OnTrack,1586.641193856211,6561.899567735934,547.7191100540966
2026-08-22 14:16:14.739,0 days 00:29:38.975000,77,128.08833333333328,0 days 00:00:04.097000,10514.0,137.24,4,3.1,True,0,pos,293.7747526291776,0.06913685574063685,OnTrack,1596.0,6571.0,548.0
2026-08-22 14:16:14.895,0 days 00:29:39.131000,77,128.86833333333328,0 days 00:00:04.253000,11606.0,131.0,3,7.0,True,0,car,299.4230555555555,0.07046612553358374,OnTrack,1638.1279116826956,6608.801555544147,549.6396203278592
2026-08-22 14:16:14.939,0 days 00:29:39.175000,77,129.22277777777774,0 days 00:00:04.297000,11505.625,129.9,3,7.55,True,0,pos,300.99174751291645,0.07083530099398984,OnTrack,1651.0,6619.0,550.0
2026-08-22 14:16:15.055,0 days 00:29:39.291000,77,130.15722222222217,0 days 00:00:04.413000,11241.0,127.0,2,9.0,True,0,car,305.06749999999994,0.07179448727263413,OnTrack,1685.2326613586724,6642.544763897605,550.4036279423307
2026-08-22 14:16:15.179,0 days 00:29:39.415000,77,131.60388888888886,0 days 00:00:04.537000,10980.6,123.9,2,10.86,True,0,pos,309.2940741589227,0.07278916787499139,OnTrack,1722.0,6662.0,549.0
2026-08-22 14:16:15.219,0 days 00:29:39.455000,77,132.07055555555553,0 days 00:00:04.577000,10896.6,122.9,2,11.459999999999999,True,0,pos,310.63863741632423,0.07310559695927853,OnTrack,1734.0,6667.0,548.0
2026-08-22 14:16:15.255,0 days 00:29:39.491000,77,132.49055555555555,0 days 00:00:04.613000,10821.0,122.0,2,12.0,True,0,car,311.8452777777777,0.07338956731361984,OnTrack,1745.8098393628886,6671.3363494161495,547.3267320636044
2026-08-22 14:16:15.455,0 days 00:29:39.691000,77,135.60166666666663,0 days 00:00:04.813000,10607.0,119.0,2,13.0,True,0,car,318.4563888888888,0.07494542407490917,OnTrack,1828.1184543525435,6693.03096106871,548.1730421364434
2026-08-22 14:16:15.559,0 days 00:29:39.795000,77,137.7972222222222,0 days 00:00:04.917000,10512.285714285714,116.77142857142857,2,14.114285714285714,True,0,pos,321.7678786455279,0.07572474900852709,OnTrack,1867.0,6700.0,549.0
2026-08-22 14:16:15.735,0 days 00:29:39.971000,77,141.51277777777779,0 days 00:00:05.093000,10352.0,113.0,2,16.0,True,0,car,327.2452777777777,0.07701379835756443,OnTrack,1915.3372973436626,6703.037435530813,548.9838436512821
2026-08-22 14:16:15.959,0 days 00:29:40.195000,77,146.30388888888888,0 days 00:00:05.317000,10227.866666666667,112.06666666666666,2,16.0,True,0,pos,334.2188725305313,0.0786549619024228,OnTrack,1967.0,6695.0,548.0
2026-08-22 14:16:15.975,0 days 00:29:40.211000,77,146.6461111111111,0 days 00:00:05.333000,10219.0,112.0,2,16.0,False,0,car,334.7119444444444,0.07877100128796181,OnTrack,1971.4086168355336,6694.12511761286,547.9723762013944
2026-08-22 14:16:16.179,0 days 00:29:40.415000,77,152.53944444444443,0 days 00:00:05.537000,10164.033333333333,110.3,2,18.833333333333332,False,0,pos,340.9127813237965,0.08023030424358418,OnTrack,2033.0,6679.0,548.0
2026-08-22 14:16:16.335,0 days 00:29:40.571000,77,157.0461111111111,0 days 00:00:05.693000,10122.0,109.0,2,21.0,False,0,car,345.61194444444436,0.08133620378010441,OnTrack,2077.4159076394426,6661.062628263909,548.0627890689433
2026-08-22 14:16:16.379,0 days 00:29:40.615000,77,158.39055555555552,0 days 00:00:05.737000,10115.033333333333,109.0,2,22.1,False,0,pos,346.93886402238803,0.08164848060654603,OnTrack,2089.0,6655.0,548.0
2026-08-22 14:16:16.575,0 days 00:29:40.811000,77,164.3794444444444,0 days 00:00:05.933000,10084.0,109.0,2,27.0,False,0,car,352.878611111111,0.08304633877486613,OnTrack,2135.586758789668,6622.61705907763,547.1448937160416
2026-08-22 14:16:16.599,0 days 00:29:40.835000,77,165.1194444444444,0 days 00:00:05.957000,10107.3,109.2,2,27.9,False,0,pos,353.61344957323837,0.08321927542205616,OnTrack,2141.0,6618.0,547.0
2026-08-22 14:16:16.779,0 days 00:29:41.015000,77,170.66944444444442,0 days 00:00:06.137000,10282.05,110.7,2,34.65,False,0,pos,359.1683478887453,0.08452656340394028,OnTrack,2180.0,6579.0,546.0
2026-08-22 14:16:16.815,0 days 00:29:41.051000,77,171.77944444444444,0 days 00:00:06.173000,10317.0,111.0,2,36.0,False,0,car,360.27861111111105,0.08478785239338496,OnTrack,2187.178000064647,6570.454290538718,545.9726774585755
2026-08-22 14:16:16.975,0 days 00:29:41.211000,77,176.97944444444443,0 days 00:00:06.333000,10404.0,111.0,2,36.0,False,0,car,365.2119444444444,0.08594886147239753,OnTrack,2216.3225122472377,6530.04844310482,546.0244542443327
2026-08-22 14:16:16.979,0 days 00:29:41.215000,77,177.11277777777775,0 days 00:00:06.337000,10415.575,111.05,2,36.15,False,0,pos,365.33629359277137,0.08597812576094654,OnTrack,2217.0,6529.0,546.0
2026-08-22 14:16:17.135,0 days 00:29:41.371000,77,182.31277777777768,0 days 00:00:06.493000,10867.0,113.0,2,42.0,False,0,car,370.2341666666666,0.08713078963391481,OnTrack,2241.5477519077062,6486.753025667532,544.1910838283198
2026-08-22 14:16:17.159,0 days 00:29:41.395000,77,183.10611111111103,0 days 00:00:06.517000,10872.64,113.24,2,42.12,False,0,pos,370.9931755273405,0.08730941453492022,OnTrack,2245.0,6480.0,544.0
2026-08-22 14:16:17.335,0 days 00:29:41.571000,77,188.92388888888894,0 days 00:00:06.693000,10914.0,115.0,2,43.0,False,0,car,376.6230555555555,0.08863434868894232,OnTrack,2267.452344191957,6428.394733935228,544.0141038136443
2026-08-22 14:16:17.379,0 days 00:29:41.615000,77,190.36611111111114,0 days 00:00:06.737000,10957.34,116.1,2,45.2,False,0,pos,378.0634358454482,0.08897332732281994,OnTrack,2272.0,6415.0,544.0
2026-08-22 14:16:17.535,0 days 00:29:41.771000,77,195.47944444444443,0 days 00:00:06.893000,11111.0,120.0,2,53.0,False,0,car,383.28972222222217,0.09020327987679712,OnTrack,2284.2942724353406,6366.00342949996,543.2588438534348
2026-08-22 14:16:17.599,0 days 00:29:41.835000,77,197.48833413189817,0 days 00:00:06.957000,11341.161582176033,121.98757842984485,2,54.98757842984484,False,0,pos,385.4880726388944,0.09072063895637975,OnTrack,2288.0,6345.0,543.0
2026-08-22 14:16:17.696,0 days 00:29:41.932000,77,200.53305555555556,0 days 00:00:07.054000,11690.0,125.0,2,58.0,False,0,car,388.87999999999994,0.0915188940499462,OnTrack,2292.3954610446826,6312.015769195238,542.8987877239805
2026-08-22 14:16:17.799,0 days 00:29:42.035000,77,203.59444634666673,0 days 00:00:07.157000,11763.64504576,127.5750016,2,58.51500032,False,0,pos,392.56068344529433,0.09238510490743769,OnTrack,2295.0,6276.0,543.0
2026-08-22 14:16:17.896,0 days 00:29:42.132000,77,206.47750000000013,0 days 00:00:07.254000,11833.0,130.0,2,59.0,False,0,car,396.1022222222221,0.09321856950345556,OnTrack,2295.0657693930625,6241.66674215094,543.1077842658686
2026-08-22 14:16:17.959,0 days 00:29:42.195000,77,207.7725013155557,0 days 00:00:07.317000,11561.7059744,131.5750016,2,60.7718768,False,0,pos,398.4419666395728,0.09376920420165415,OnTrack,2294.0,6219.0,543.0
2026-08-22 14:16:18.216,0 days 00:29:42.452000,77,213.05527777777792,0 days 00:00:07.574000,10455.0,138.0,3,68.0,False,0,car,408.36888888888876,0.09610540288910838,OnTrack,2282.356553818083,6123.540003898248,541.7294995424596
2026-08-22 14:16:18.239,0 days 00:29:42.475000,77,213.33000076444458,0 days 00:00:07.597000,10511.103727542857,138.98571702857143,3,68.98571702857143,False,0,pos,409.29557262951096,0.0963234883423994,OnTrack,2281.0,6115.0,542.0
2026-08-22 14:16:18.299,0 days 00:29:42.535000,77,214.04666743111122,0 days 00:00:07.657000,10657.4608704,141.5571456,3,71.5571456,False,0,pos,411.744115161892,0.09689972755397562,OnTrack,2277.0,6092.0,543.0
2026-08-22 14:16:18.496,0 days 00:29:42.732000,77,216.3997222222223,0 days 00:00:07.854000,11138.0,150.0,3,80.0,False,0,car,420.03555555555545,0.09885103246785429,OnTrack,2247.037819826731,5978.123755918901,542.1990221541812
2026-08-22 14:16:18.598,0 days 00:29:42.834000,77,217.16472318222227,0 days 00:00:07.956000,11483.78043392,153.57000448,3,80.0,False,0,pos,424.424695230497,0.09988397118643429,OnTrack,2231.0,5924.0,541.0
2026-08-22 14:16:18.696,0 days 00:29:42.932000,77,217.89972222222224,0 days 00:00:08.054000,11816.0,157.0,3,80.0,False,0,car,428.7577777777777,0.10090371743863098,OnTrack,2219.5871499633545,5887.619722668282,540.1970198322845
2026-08-22 14:16:18.896,0 days 00:29:43.132000,77,218.56638888888892,0 days 00:00:08.254000,12144.0,167.0,3,100.0,False,0,car,438.03555555555545,0.10308714667506225,OnTrack,2203.1586168950107,5842.16744620087,539.3059350898247
2026-08-22 14:16:18.958,0 days 00:29:43.194000,77,218.60083340444447,0 days 00:00:08.316000,12005.791381333333,168.03333546666667,3,100.0,False,0,pos,440.9390590033535,0.1037704562420564,OnTrack,2196.0,5822.0,539.0
2026-08-22 14:16:19.118,0 days 00:29:43.354000,77,218.68972229333332,0 days 00:00:08.476000,11649.124714666666,170.70000213333333,3,100.0,False,0,pos,448.54810915499297,0.10556116765598515,OnTrack,2171.0,5751.0,538.0
2026-08-22 14:16:19.136,0 days 00:29:43.372000,77,218.6997222222222,0 days 00:00:08.494000,11609.0,171.0,3,100.0,False,0,car,449.4355555555555,0.10577001900629396,OnTrack,2167.516005251726,5741.439002789713,537.8557392621894
2026-08-22 14:16:19.336,0 days 00:29:43.572000,77,217.75527777777762,0 days 00:00:08.694000,11788.0,185.0,4,100.0,False,0,car,459.7133333333333,0.10818878792090346,OnTrack,2121.218813712264,5619.535542685875,535.831091225029
2026-08-22 14:16:19.418,0 days 00:29:43.654000,77,217.071945511111,0 days 00:00:08.776000,11942.433092266667,188.0749952,4,100.0,False,0,pos,464.05550814992137,0.10921067394483286,OnTrack,2104.0,5576.0,535.0
2026-08-22 14:16:19.576,0 days 00:29:43.812000,77,215.7552777777778,0 days 00:00:08.934000,12240.0,194.0,4,100.0,False,0,car,472.64666666666653,0.11123251442534174,OnTrack,2078.7241627085555,5515.4607772826275,533.5898541979404
2026-08-22 14:16:19.798,0 days 00:29:44.034000,77,213.1036102922922,0 days 00:00:09.156000,11728.192310576118,205.1464469566,4,100.0,False,0,pos,485.3403653772995,0.1142198453947934,OnTrack,2045.0,5441.0,532.0
2026-08-22 14:16:19.815,0 days 00:29:44.051000,77,212.90055555555557,0 days 00:00:09.173000,11689.0,206.0,4,100.0,False,0,car,486.3227777777777,0.11445104601296022,OnTrack,2041.5214292684882,5433.236846719709,531.8949988295622
2026-08-22 14:16:19.975,0 days 00:29:44.211000,77,210.8561111111111,0 days 00:00:09.333000,10748.0,209.0,4,100.0,False,0,car,495.61166666666657,0.11663709013470458,OnTrack,2003.5001292733132,5348.186631670412,531.0880923950376
2026-08-22 14:16:20.018,0 days 00:29:44.254000,77,210.27083594666664,0 days 00:00:09.376000,10847.9745536,210.28999424,4,100.0,False,0,pos,498.1465320063487,0.11723364452797048,OnTrack,1993.0,5325.0,531.0
2026-08-22 14:16:20.175,0 days 00:29:44.411000,77,208.13388888888886,0 days 00:00:09.533000,11213.0,215.0,5,100.0,False,0,car,507.55611111111097,0.11944809184627775,OnTrack,1955.828014698195,5244.556592933006,531.2612739187966
2026-08-22 14:16:20.298,0 days 00:29:44.534000,77,206.3230583822222,0 days 00:00:09.656000,11456.6933696,218.843744,5,100.0,False,0,pos,515.0614348881791,0.1212143923285963,OnTrack,1924.0,5173.0,532.0
2026-08-22 14:16:20.335,0 days 00:29:44.571000,77,205.7783333333333,0 days 00:00:09.693000,11530.0,220.0,5,100.0,False,0,car,517.3338888888887,0.12174919092179812,OnTrack,1913.4000525107879,5148.157218208666,532.2992058059589
2026-08-22 14:16:20.518,0 days 00:29:44.754000,77,203.1349990755555,0 days 00:00:09.876000,11734.1594464,222.2875008,5,100.0,False,0,pos,528.6476753391464,0.12441177378397887,OnTrack,1859.0,5014.0,534.0
2026-08-22 14:16:20.655,0 days 00:29:44.891000,77,201.15611111111104,0 days 00:00:10.013000,11887.0,224.0,5,100.0,False,0,car,537.2449999999999,0.12643506540285782,OnTrack,1827.15049877957,4926.12926973121,534.8467614782625
2026-08-22 14:16:20.895,0 days 00:29:45.131000,77,197.22277777777776,0 days 00:00:10.253000,12176.0,231.0,5,100.0,False,0,car,552.6449999999999,0.1300592964468024,OnTrack,1790.6809653522953,4787.417730347508,535.1396228825878
2026-08-22 14:16:20.939,0 days 00:29:45.175000,77,196.2572222222222,0 days 00:00:10.297000,11913.283333333333,232.1,5,100.0,False,0,pos,555.5150144546197,0.13073472472491948,OnTrack,1786.0,4759.0,535.0
2026-08-22 14:16:21.135,0 days 00:29:45.371000,77,191.956111111111,0 days 00:00:10.493000,10743.0,237.0,6,100.0,False,0,car,568.4449999999999,0.13377766336201827,OnTrack,1772.3737700268603,4618.712146112912,533.6370426395647
2026-08-22 14:16:21.319,0 days 00:29:45.555000,77,187.5605555555554,0 days 00:00:10.677000,10892.96,236.54,6,54.0,False,0,pos,580.709123460001,0.13666389823023287,OnTrack,1770.0,4484.0,532.0
2026-08-22 14:16:21.535,0 days 00:29:45.771000,77,182.40055555555534,0 days 00:00:10.893000,11069.0,236.0,6,0.0,True,0,car,594.6672222222222,0.13994879270091384,OnTrack,1779.6640463212539,4342.340103163047,530.5049884844166
2026-08-22 14:16:21.695,0 days 00:29:45.931000,77,179.33388888888874,0 days 00:00:11.053000,10491.0,218.0,6,0.0,True,0,car,604.3561111111111,0.14222897269392948,OnTrack,1789.6987847711014,4249.881488705797,530.0074522263703
2026-08-22 14:16:21.719,0 days 00:29:45.955000,77,178.85388888888875,0 days 00:00:11.077000,10525.2,218.0,6,0.5142857142857143,True,0,pos,605.8180113863364,0.14257301583422963,OnTrack,1791.0,4237.0,530.0
2026-08-22 14:16:21.975,0 days 00:29:46.211000,77,173.73388888888883,0 days 00:00:11.333000,10890.0,218.0,5,6.0,True,0,car,621.3116666666666,0.14621928768170683,OnTrack,1801.265435968459,4114.010423161271,530.9847033115777
2026-08-22 14:16:22.099,0 days 00:29:46.335000,77,172.0805555555555,0 days 00:00:11.457000,11052.3625,205.6,5,7.9375,True,0,pos,627.9956649129947,0.14779229767794147,OnTrack,1802.0,4054.0,532.0
2026-08-22 14:16:22.279,0 days 00:29:46.515000,77,169.68055555555551,0 days 00:00:11.637000,11288.05,187.6,5,10.75,True,0,pos,637.0355491295443,0.14991974112023265,OnTrack,1796.0,3961.0,534.0
2026-08-22 14:16:22.295,0 days 00:29:46.531000,77,169.46722222222218,0 days 00:00:11.653000,11309.0,186.0,4,11.0,True,0,car,637.8449999999999,0.15011023702758675,OnTrack,1794.8851386009667,3952.911136240476,534.2135535328408
2026-08-22 14:16:22.455,0 days 00:29:46.691000,77,167.245,0 days 00:00:11.813000,11134.0,183.0,4,14.0,True,0,car,645.9783333333332,0.1520243330767696,OnTrack,1777.9545974413406,3875.3261257550944,536.6594193871513
2026-08-22 14:16:22.539,0 days 00:29:46.775000,77,166.1016666666667,0 days 00:00:11.897000,10994.56,181.32,4,14.84,True,0,pos,650.2005951921798,0.1530179988238147,OnTrack,1765.0,3837.0,538.0
2026-08-22 14:16:22.655,0 days 00:29:46.891000,77,164.52277777777783,0 days 00:00:12.013000,10802.0,179.0,4,16.0,True,0,car,655.9227777777777,0.15436465543198635,OnTrack,1742.5443820003104,3786.761534461261,539.8052609012572
2026-08-22 14:16:22.739,0 days 00:29:46.975000,77,163.47277777777782,0 days 00:00:12.097000,10679.0,176.3,4,16.9,True,0,pos,659.9584204243647,0.15531440227367643,OnTrack,1721.0,3751.0,541.0
2026-08-22 14:16:22.935,0 days 00:29:47.171000,77,161.02277777777783,0 days 00:00:12.293000,10392.0,170.0,4,19.0,False,0,car,669.1449999999999,0.15747636895456502,OnTrack,1650.422505519331,3667.6117749369773,543.2317096345665
2026-08-22 14:16:23.019,0 days 00:29:47.255000,77,159.9494444444445,0 days 00:00:12.377000,10432.2,169.4,4,25.3,False,0,pos,673.071285966398,0.1584003798303328,OnTrack,1620.0,3638.0,544.0
2026-08-22 14:16:23.215,0 days 00:29:47.451000,77,157.44500000000005,0 days 00:00:12.573000,10526.0,168.0,4,40.0,False,0,car,682.2116666666666,0.16055147408276044,OnTrack,1559.0501759913764,3590.6149657588444,545.4276055621032
2026-08-22 14:16:23.319,0 days 00:29:47.555000,77,156.17388888888897,0 days 00:00:12.677000,10591.0,167.35,4,43.25,False,0,pos,687.035912389826,0.16168681051870146,OnTrack,1518.0,3567.0,546.0
2026-08-22 14:16:23.375,0 days 00:29:47.611000,77,155.48944444444453,0 days 00:00:12.733000,10626.0,167.0,4,45.0,False,0,car,689.6338888888888,0.16229821747190545,OnTrack,1490.6580201401532,3552.6699702115156,546.2593124756982
2026-08-22 14:16:23.619,0 days 00:29:47.855000,77,153.25277777777782,0 days 00:00:12.977000,10688.10909090909,167.55454545454546,4,49.43636363636364,False,0,pos,700.9985295611839,0.16497276835033445,OnTrack,1348.0,3486.0,547.0
2026-08-22 14:16:23.815,0 days 00:29:48.051000,77,151.4561111111111,0 days 00:00:13.173000,10738.0,168.0,4,53.0,False,0,car,710.1672222222221,0.16713052553049823,OnTrack,1250.71208389778,3448.3566173734825,547.1606207259389
2026-08-22 14:16:23.975,0 days 00:29:48.211000,77,150.0338888888889,0 days 00:00:13.333000,10841.0,169.0,4,64.0,False,0,car,717.6783333333332,0.16889818800214795,OnTrack,1180.7024727054713,3423.613763510685,547.0071145356156
2026-08-22 14:16:23.979,0 days 00:29:48.215000,77,149.99944444444444,0 days 00:00:13.337000,10843.4,169.05,4,64.3,False,0,pos,717.8669088461722,0.1689425673026518,OnTrack,1179.0,3423.0,547.0
2026-08-22 14:16:24.135,0 days 00:29:48.371000,77,148.65611111111104,0 days 00:00:13.493000,10937.0,171.0,4,76.0,False,0,car,725.2783333333332,0.17068676955630244,OnTrack,1114.4210624369737,3399.2461553755,546.5978517905537
2026-08-22 14:16:24.376,0 days 00:29:48.612000,77,146.64777777777772,0 days 00:00:13.734000,10898.0,175.0,4,81.0,False,0,car,736.9936111111109,0.1734438392582931,OnTrack,1020.9285167891129,3362.800956358355,545.5047482794015
2026-08-22 14:16:24.459,0 days 00:29:48.695000,77,146.11749959111106,0 days 00:00:13.817000,10711.249856,172.5791648,4,52.9874784,False,0,pos,740.9357123004231,0.17437157208353182,OnTrack,990.0,3350.0,545.0
2026-08-22 14:16:24.616,0 days 00:29:48.852000,77,145.11444444444442,0 days 00:00:13.974000,10358.0,168.0,4,0.0,True,0,car,748.193611111111,0.17607964365388917,OnTrack,933.1807106348416,3325.3747629686045,543.8663306396629
2026-08-22 14:16:24.856,0 days 00:29:49.092000,77,146.11444444444442,0 days 00:00:14.214000,11314.0,160.0,4,0.0,True,0,car,758.8602777777776,0.17858993355445685,OnTrack,849.0462905654575,3281.205558474412,541.3298347015824
2026-08-22 14:16:24.879,0 days 00:29:49.115000,77,146.24861148444444,0 days 00:00:14.237000,11298.93495808,159.76999936,4,0.0,True,0,pos,759.8750054517642,0.17882873923869141,OnTrack,841.0,3276.0,541.0
2026-08-22 14:16:25.056,0 days 00:29:49.292000,77,147.28111111111116,0 days 00:00:14.414000,11183.0,158.0,3,0.0,False,0,car,767.6380555555553,0.18065569295179898,OnTrack,780.252401112804,3231.0373058744963,538.2510671093007
2026-08-22 14:16:25.079,0 days 00:29:49.315000,77,147.4663894044445,0 days 00:00:14.437000,11148.3561536,157.4249984,3,0.5750016,False,0,pos,768.6296181700595,0.18088904697838992,OnTrack,773.0,3225.0,538.0
2026-08-22 14:16:25.216,0 days 00:29:49.452000,77,148.57000000000005,0 days 00:00:14.574000,10942.0,154.0,3,4.0,True,0,car,774.4824999999997,0.18226646230466323,OnTrack,733.2804778441002,3186.333068650265,537.1469231945753
2026-08-22 14:16:25.238,0 days 00:29:49.474000,77,148.84500160000007,0 days 00:00:14.596000,10907.6248,154.0,3,4.0916672,True,0,pos,775.4275807937697,0.18248887731452146,OnTrack,727.0,3178.0,537.0
2026-08-22 14:16:25.456,0 days 00:29:49.692000,77,151.57000000000016,0 days 00:00:14.814000,10567.0,154.0,3,5.0,True,0,car,784.7491666666664,0.18468261633395963,OnTrack,665.8787949791785,3058.7919851790293,534.6843229899135
2026-08-22 14:16:25.518,0 days 00:29:49.754000,77,152.58611320888906,0 days 00:00:14.876000,10507.7123776,150.124992,3,5.0,True,0,pos,787.2657285660723,0.1852748632014814,OnTrack,654.0,3026.0,534.0
2026-08-22 14:16:25.616,0 days 00:29:49.852000,77,154.19222222222243,0 days 00:00:14.974000,10414.0,144.0,3,5.0,True,0,car,791.1491666666664,0.18618879027430024,OnTrack,642.8427847332932,2982.0105853296745,533.0288880137308
2026-08-22 14:16:25.856,0 days 00:29:50.092000,77,158.85888888888906,0 days 00:00:15.214000,9823.0,141.0,3,7.0,False,0,car,800.5491666666663,0.1884009832491755,OnTrack,645.3445087275734,2905.7376071893077,531.2286648381921
2026-08-22 14:16:25.898,0 days 00:29:50.134000,77,159.80388600888907,0 days 00:00:15.256000,9802.7875616,139.687504,3,8.5749952,False,0,pos,802.1565068856614,0.18877925417903668,OnTrack,647.0,2894.0,531.0
2026-08-22 14:16:26.016,0 days 00:29:50.252000,77,162.45888888888908,0 days 00:00:15.374000,9746.0,136.0,3,13.0,False,0,car,806.5936111111108,0.18982348085949718,OnTrack,652.5584360278392,2862.606472645856,530.4958950437638
2026-08-22 14:16:26.176,0 days 00:29:50.412000,77,166.54777777777804,0 days 00:00:15.534000,9404.0,131.0,3,16.0,False,0,car,812.415833333333,0.19119368076355706,OnTrack,662.9440171412238,2822.428621025739,529.9009999645775
2026-08-22 14:16:26.278,0 days 00:29:50.514000,77,169.40944737911548,0 days 00:00:15.636000,9396.322572771884,129.90322468169757,3,18.55914240937235,False,0,pos,816.0625517067937,0.1920518982919739,OnTrack,673.0,2795.0,529.0
2026-08-22 14:16:26.438,0 days 00:29:50.674000,77,173.89833523829532,0 days 00:00:15.796000,9384.27956478175,128.1827949688212,3,22.573478406083808,False,0,pos,821.7329168339064,0.19338636019614158,OnTrack,699.0,2747.0,527.0
2026-08-22 14:16:26.455,0 days 00:29:50.691000,77,174.37527777777802,0 days 00:00:15.813000,9383.0,128.0,3,23.0,False,0,car,822.335833333333,0.19352825037108498,OnTrack,703.7705495997217,2741.1838045702193,526.859496027459
2026-08-22 14:16:26.718,0 days 00:29:50.954000,77,182.33833527111145,0 days 00:00:16.076000,9245.864252342857,128.0,3,24.878571885714287,False,0,pos,831.6851905528698,0.19572852509030403,OnTrack,811.0,2647.0,527.0
2026-08-22 14:16:26.735,0 days 00:29:50.971000,77,182.8530555555559,0 days 00:00:16.093000,9237.0,128.0,3,25.0,False,0,car,832.2913888888885,0.19587118761161482,OnTrack,816.6194815149495,2642.7604828120543,527.099195078505
2026-08-22 14:16:26.935,0 days 00:29:51.171000,77,189.1308333333336,0 days 00:00:16.293000,9553.0,129.0,3,51.0,False,0,car,839.4580555555551,0.19755778863855872,OnTrack,858.5156057188103,2617.2165499900793,528.8749520544886
2026-08-22 14:16:27.138,0 days 00:29:51.374000,77,195.7847159288892,0 days 00:00:16.496000,9852.4247168,131.5374976,3,56.7093696,False,0,pos,846.8844187720631,0.19930550656796628,OnTrack,903.0,2605.0,530.0
2026-08-22 14:16:27.198,0 days 00:29:51.434000,77,197.751390986667,0 days 00:00:16.556000,9940.9250944,132.2875008,3,58.3968768,False,0,pos,849.125763349284,0.19983298387945592,OnTrack,924.0,2599.0,530.0
2026-08-22 14:16:27.255,0 days 00:29:51.491000,77,199.61972222222255,0 days 00:00:16.613000,10025.0,133.0,3,60.0,False,0,car,851.2802777777773,0.20034002661168787,OnTrack,944.65399474538,2594.1442364269474,530.4704850419948
2026-08-22 14:16:27.519,0 days 00:29:51.755000,77,208.27305555555603,0 days 00:00:16.877000,10428.542857142857,139.6,3,73.2,False,0,pos,861.5391790222784,0.2027543531290309,OnTrack,1044.0,2586.0,538.0
2026-08-22 14:16:27.535,0 days 00:29:51.771000,77,208.79750000000047,0 days 00:00:16.893000,10453.0,140.0,3,74.0,False,0,car,862.1691666666662,0.20290261421851738,OnTrack,1050.2124775751663,2586.2562874475907,538.5618898049033
2026-08-22 14:16:27.735,0 days 00:29:51.971000,77,215.29750000000035,0 days 00:00:17.093000,10841.0,145.0,3,76.0,False,0,car,870.2247222222218,0.20479840607050862,OnTrack,1130.6828531215638,2596.1470329920576,546.067050517472
2026-08-22 14:16:27.759,0 days 00:29:51.995000,77,215.90416666666704,0 days 00:00:17.117000,10848.725,146.075,3,76.6,False,0,pos,871.2524707687407,0.20504027608269454,OnTrack,1141.0,2598.0,547.0
2026-08-22 14:16:28.695,0 days 00:29:52.931000,77,239.56416666666712,0 days 00:00:18.053000,11150.0,188.0,4,100.0,False,0,car,920.3580555555551,0.2165967686031767,OnTrack,1586.7050548125587,2730.52213743561,577.9674377454801
2026-08-22 14:16:28.699,0 days 00:29:52.935000,77,239.66416666666711,0 days 00:00:18.057000,11136.883333333333,188.11666666666667,4,100.0,False,0,pos,920.5739903100805,0.2166475866188142,OnTrack,1588.0,2731.0,578.0
2026-08-22 14:16:28.935,0 days 00:29:53.171000,77,245.564166666667,0 days 00:00:18.293000,10363.0,195.0,5,100.0,False,0,car,933.358055555555,0.21965618441949353,OnTrack,1652.8589081128894,2756.2554989778996,578.6134201120864
2026-08-22 14:16:28.979,0 days 00:29:53.215000,77,246.48083333333363,0 days 00:00:18.337000,10442.31,196.76,5,100.0,False,0,pos,935.8320674819225,0.22023841759005397,OnTrack,1665.0,2761.0,579.0
2026-08-22 14:16:29.319,0 days 00:29:53.555000,77,253.56416666666672,0 days 00:00:18.677000,11055.16,210.36,5,100.0,False,0,pos,955.8549177673502,0.22495058873243717,OnTrack,1788.0,2807.0,586.0
2026-08-22 14:16:29.335,0 days 00:29:53.571000,77,253.89750000000004,0 days 00:00:18.693000,11084.0,211.0,5,100.0,False,0,car,956.8024999999996,0.22517359243011628,OnTrack,1796.528314895571,2810.107740871143,586.2801494399472
2026-08-22 14:16:29.379,0 days 00:29:53.615000,77,254.8141666666668,0 days 00:00:18.737000,11177.72,211.66,5,100.0,False,0,pos,959.4049203921246,0.22578604520768342,OnTrack,1821.0,2819.0,587.0
2026-08-22 14:16:29.535,0 days 00:29:53.771000,77,258.0641666666671,0 days 00:00:18.893000,11510.0,214.0,5,100.0,False,0,car,968.6913888888884,0.227971519715124,OnTrack,1907.675237626375,2850.1883243292677,589.3572568140406
2026-08-22 14:16:29.659,0 days 00:29:53.895000,77,260.26861111111157,0 days 00:00:19.017000,11269.971428571429,219.31428571428572,5,100.0,False,0,pos,976.3509013161884,0.2297741069047669,OnTrack,1980.0,2875.0,591.0
2026-08-22 14:16:29.815,0 days 00:29:54.051000,77,263.0419444444449,0 days 00:00:19.173000,10968.0,226.0,5,100.0,False,0,car,986.269166666666,0.23210826828043446,OnTrack,2079.4623292120086,2906.8341592531838,592.7451985469581
2026-08-22 14:16:29.979,0 days 00:29:54.215000,77,265.6386111111116,0 days 00:00:19.337000,10716.728571428572,230.68571428571428,5,100.0,False,0,pos,996.8886378631566,0.23460745121423943,OnTrack,2183.0,2938.0,594.0
2026-08-22 14:16:30.095,0 days 00:29:54.331000,77,267.4752777777783,0 days 00:00:19.453000,10539.0,234.0,6,100.0,False,0,car,1004.4691666666661,0.23639145042327805,OnTrack,2248.3225331607864,2956.6426238039467,594.4028874235038
2026-08-22 14:16:30.295,0 days 00:29:54.531000,77,270.5308333333338,0 days 00:00:19.653000,10750.0,237.0,6,100.0,False,0,car,1017.6358333333327,0.2394900895192913,OnTrack,2367.007268798134,2984.6250088864326,594.1216731891741
2026-08-22 14:16:30.319,0 days 00:29:54.555000,77,270.85750000000047,0 days 00:00:19.677000,10778.114285714286,237.6,6,100.0,False,0,pos,1019.2356241908799,0.23986658378485892,OnTrack,2385.0,2988.0,594.0
2026-08-22 14:16:30.539,0 days 00:29:54.775000,77,273.85194444444505,0 days 00:00:19.897000,11035.828571428572,243.1,6,100.0,False,0,pos,1034.1363568779132,0.24337331742004506,OnTrack,2570.0,3017.0,592.0
2026-08-22 14:16:30.575,0 days 00:29:54.811000,77,274.34194444444506,0 days 00:00:19.933000,11078.0,244.0,6,100.0,False,0,car,1036.6136111111105,0.2439563136340513,OnTrack,2594.806891277838,3020.342030756818,591.5202705667122
2026-08-22 14:16:30.839,0 days 00:29:55.075000,77,277.4952784064804,0 days 00:00:20.197000,11229.32713297488,250.57944056412524,6,100.0,False,0,pos,1055.0696909619326,0.24829976152657535,OnTrack,2735.0,3033.0,587.0
2026-08-22 14:16:30.896,0 days 00:29:55.132000,77,278.1761111111116,0 days 00:00:20.254000,11262.0,252.0,6,100.0,False,0,car,1059.0836111111105,0.2492443962027159,OnTrack,2771.476665039373,3034.7073338088817,585.9342199995796
2026-08-22 14:16:31.079,0 days 00:29:55.315000,77,280.3111118577784,0 days 00:00:20.437000,11536.500096,254.2875008,6,100.0,False,0,pos,1072.009191498865,0.25228629813143677,OnTrack,2904.0,3038.0,582.0
2026-08-22 14:16:31.136,0 days 00:29:55.372000,77,280.9761111111118,0 days 00:00:20.494000,11622.0,255.0,6,100.0,False,0,car,1076.0836111111105,0.25324517073174563,OnTrack,2944.631127675361,3037.8756337990103,580.3996061495636
2026-08-22 14:16:31.319,0 days 00:29:55.555000,77,282.55194499555625,0 days 00:00:20.677000,11132.890738036363,259.1590923636364,6,100.0,False,0,pos,1089.3859045241738,0.2563757281826082,OnTrack,3076.0,3033.0,574.0
2026-08-22 14:16:31.576,0 days 00:29:55.812000,77,284.7650000000008,0 days 00:00:20.934000,10446.0,265.0,7,100.0,False,0,car,1108.4724999999994,0.26086756141940687,OnTrack,3288.7937089551215,3011.775432207086,562.1723348537895
2026-08-22 14:16:31.599,0 days 00:29:55.835000,77,284.9375004800008,0 days 00:00:20.957000,10477.9125888,265.718752,7,100.0,False,0,pos,1110.1916283099986,0.26127214052262915,OnTrack,3309.0,3009.0,561.0
2026-08-22 14:16:31.736,0 days 00:29:55.972000,77,285.9650000000006,0 days 00:00:21.094000,10668.0,270.0,7,100.0,False,0,car,1120.4724999999994,0.26369163755754554,OnTrack,3432.4359659497436,2989.4178616417908,553.7011364546908
2026-08-22 14:16:31.976,0 days 00:29:56.212000,77,287.3650000000009,0 days 00:00:21.334000,10789.0,273.0,7,100.0,False,0,car,1138.6724999999992,0.26797481970038906,OnTrack,3635.9088009462557,2950.8964372503624,541.7987429155277
2026-08-22 14:16:31.998,0 days 00:29:56.234000,77,287.4750006400009,0 days 00:00:21.356000,10808.937616,273.2750016,7,100.0,False,0,pos,1140.3473757119873,0.26836898441143686,OnTrack,3651.0,2948.0,541.0
2026-08-22 14:16:32.136,0 days 00:29:56.372000,77,288.1650000000009,0 days 00:00:21.494000,10934.0,275.0,7,100.0,False,0,car,1150.8947222222214,0.27085119354478954,OnTrack,3730.9142524718695,2932.627488544164,537.2047403959369
2026-08-22 14:16:32.358,0 days 00:29:56.594000,77,288.7816670222231,0 days 00:00:21.716000,11055.175069866667,278.7000021333333,7,100.0,False,0,pos,1168.210259344886,0.27492622647872045,OnTrack,3849.0,2910.0,533.0
2026-08-22 14:16:32.598,0 days 00:29:56.834000,77,289.4483336888897,0 days 00:00:21.956000,11186.175069866667,282.7000021333333,7,100.0,False,0,pos,1187.204316046019,0.2793962816700639,OnTrack,4047.0,2876.0,527.0
2026-08-22 14:16:32.616,0 days 00:29:56.852000,77,289.49833333333413,0 days 00:00:21.974000,11196.0,283.0,7,100.0,False,0,car,1188.6280555555547,0.2797313440680477,OnTrack,4064.9182326027994,2873.7275140166616,526.6562474351351
2026-08-22 14:16:32.838,0 days 00:29:57.074000,77,289.86833354666754,0 days 00:00:22.196000,11272.775044266667,284.85000106666666,7,100.0,False,0,pos,1206.1979943869708,0.28386624781824416,OnTrack,4296.0,2853.0,524.0
2026-08-22 14:16:32.856,0 days 00:29:57.092000,77,289.8983333333342,0 days 00:00:22.214000,11279.0,285.0,7,100.0,False,0,car,1207.6280555555545,0.28420279795343384,OnTrack,4311.5163488795815,2852.1037956860664,523.8551608589214
2026-08-22 14:16:33.016,0 days 00:29:57.252000,77,290.1650000000009,0 days 00:00:22.374000,11302.0,287.0,7,100.0,False,0,car,1220.38361111111,0.28720468629286267,OnTrack,4418.487087958648,2849.772367488419,522.8933271195364
2026-08-22 14:16:33.238,0 days 00:29:57.474000,77,290.4733334285457,0 days 00:00:22.596000,11442.259457537217,287.92887057971666,7,100.0,False,0,pos,1238.1417152118556,0.2913838727969875,OnTrack,4549.0,2862.0,524.0
2026-08-22 14:16:33.255,0 days 00:29:57.491000,77,290.49694444444526,0 days 00:00:22.613000,11453.0,288.0,7,100.0,False,0,car,1239.50361111111,0.29170438093963025,OnTrack,4562.052462151659,2863.607735854947,524.2793123985391
2026-08-22 14:16:33.298,0 days 00:29:57.534000,77,290.4850000533341,0 days 00:00:22.656000,11454.6124928,288.17916586666666,7,100.0,False,0,pos,1242.9496204794368,0.2925153636753714,OnTrack,4596.0,2868.0,525.0
2026-08-22 14:16:33.495,0 days 00:29:57.731000,77,290.4302777777782,0 days 00:00:22.853000,11462.0,289.0,7,100.0,False,0,car,1258.770277777777,0.29623859207253067,OnTrack,4738.946853603505,2893.31125592886,525.1990060264367
2026-08-22 14:16:33.578,0 days 00:29:57.814000,77,289.8538902222227,0 days 00:00:22.936000,11464.305550222221,289.46111004444447,7,100.0,False,0,pos,1265.462253841509,0.2978134795657457,OnTrack,4815.0,2917.0,525.0
2026-08-22 14:16:33.855,0 days 00:29:58.091000,77,287.93027777777843,0 days 00:00:23.213000,11472.0,291.0,7,100.0,False,0,car,1287.870277777777,0.3030869767075169,OnTrack,5127.825294436459,3046.0264300789104,525.9890041621941
2026-08-22 14:16:33.858,0 days 00:29:58.094000,77,287.9044460977784,0 days 00:00:23.216000,11473.1624256,291.0,7,100.0,False,0,pos,1288.1129014539135,0.30314407568537727,OnTrack,5130.0,3047.0,526.0
2026-08-22 14:16:34.015,0 days 00:29:58.251000,77,286.5525000000007,0 days 00:00:23.373000,11534.0,291.0,7,100.0,False,0,car,1300.8036111111103,0.3061307032119552,OnTrack,5186.882786947187,3074.991897261898,526.4213157400785
2026-08-22 14:16:34.119,0 days 00:29:58.355000,77,285.54138888888934,0 days 00:00:23.477000,11548.3,291.0,7,100.0,False,0,pos,1309.2001495369987,0.3081067418629148,OnTrack,5216.0,3093.0,527.0
2026-08-22 14:16:34.175,0 days 00:29:58.411000,77,284.9969444444448,0 days 00:00:23.533000,11556.0,291.0,7,100.0,False,0,car,1313.7369444444437,0.30917442971639353,OnTrack,5241.90858601428,3108.505786932055,527.52543010002
2026-08-22 14:16:34.375,0 days 00:29:58.611000,77,282.4413888888896,0 days 00:00:23.733000,11546.0,294.0,7,100.0,False,0,car,1330.070277777777,0.31301831112663775,OnTrack,5387.717270432539,3194.818804204756,531.3420984703191
2026-08-22 14:16:34.419,0 days 00:29:58.655000,77,281.76916666666733,0 days 00:00:23.777000,11558.1,294.15714285714284,7,100.0,False,0,pos,1333.6718883269245,0.3138659129941974,OnTrack,5428.0,3219.0,533.0
2026-08-22 14:16:34.655,0 days 00:29:58.891000,77,278.16361111111155,0 days 00:00:24.013000,11623.0,295.0,7,100.0,False,0,car,1353.0147222222215,0.3184180492981714,OnTrack,5664.634577357036,3362.01084883873,545.7995470799999
2026-08-22 14:16:34.659,0 days 00:29:58.895000,77,278.098055555556,0 days 00:00:24.017000,11623.042857142857,295.01428571428573,7,100.0,False,0,pos,1353.3433101270596,0.31849537906994924,OnTrack,5668.0,3364.0,546.0
2026-08-22 14:16:34.935,0 days 00:29:59.171000,77,273.5747222222228,0 days 00:00:24.293000,11626.0,296.0,7,100.0,False,0,car,1376.0369444444436,0.32383609166689664,OnTrack,5820.667858754229,3446.7308070379677,555.9740128080847
2026-08-22 14:16:35.079,0 days 00:29:59.315000,77,271.2147222222228,0 days 00:00:24.437000,11699.35,295.1,7,100.0,False,0,pos,1387.8067929000094,0.32660600401463596,OnTrack,5901.0,3480.0,560.0
2026-08-22 14:16:35.255,0 days 00:29:59.491000,77,268.3302777777783,0 days 00:00:24.613000,11789.0,294.0,7,100.0,False,0,car,1402.170277777777,0.3299863019232875,OnTrack,6035.983808172425,3530.080776459096,565.2409312348659
2026-08-22 14:16:35.319,0 days 00:29:59.555000,77,267.1747222222227,0 days 00:00:24.677000,11760.657142857142,294.22857142857146,7,100.0,False,0,pos,1407.4086134167162,0.33121909014674494,OnTrack,6085.0,3545.0,568.0
2026-08-22 14:16:35.339,0 days 00:29:59.575000,77,266.8136111111116,0 days 00:00:24.697000,11751.8,294.3,7,100.0,False,0,pos,1409.047287374372,0.33160473514857863,OnTrack,6100.0,3549.0,569.0
2026-08-22 14:16:35.535,0 days 00:29:59.771000,77,263.27472222222264,0 days 00:00:24.893000,11665.0,295.0,7,100.0,False,0,car,1425.1147222222216,0.3353860400948211,OnTrack,6346.362288145278,3593.1281177621686,580.7329602543177
2026-08-22 14:16:35.619,0 days 00:29:59.855000,77,261.8513888888893,0 days 00:00:24.977000,11631.4,294.58,7,100.0,False,0,pos,1431.9857193914625,0.3370030583573936,OnTrack,6446.0,3608.0,585.0
2026-08-22 14:16:35.735,0 days 00:29:59.971000,77,259.8858333333337,0 days 00:00:25.093000,11585.0,294.0,7,100.0,False,0,car,1441.448055555555,0.3392299215050653,OnTrack,6538.797053349868,3620.1519508291126,589.0145471783629
2026-08-22 14:16:35.935,0 days 00:30:00.171000,77,256.719166666667,0 days 00:00:25.293000,11626.0,292.0,7,100.0,False,0,car,1457.670277777777,0.3430476540621787,OnTrack,6599.344842829861,3621.477004456963,591.5038002663202
2026-08-22 14:16:36.079,0 days 00:30:00.315000,77,254.47916666666683,0 days 00:00:25.437000,11484.7,291.1,7,100.0,False,0,pos,1469.312920847058,0.3457876299352471,OnTrack,6670.0,3622.0,593.0
2026-08-22 14:16:36.095,0 days 00:30:00.331000,77,254.23027777777793,0 days 00:00:25.453000,11469.0,291.0,7,100.0,False,0,car,1470.6036111111105,0.346091380566617,OnTrack,6680.725954424362,3622.246132896808,593.1956419736825
2026-08-22 14:16:36.295,0 days 00:30:00.531000,77,251.23027777777793,0 days 00:00:25.653000,11465.0,290.0,7,100.0,False,0,car,1486.7147222222216,0.34988296427059945,OnTrack,6844.8518531182735,3626.935079960678,595.9464677448511
2026-08-22 14:16:36.299,0 days 00:30:00.535000,77,251.17250000000016,0 days 00:00:25.657000,11464.366666666667,290.03333333333336,7,100.0,False,0,pos,1487.0381198488983,0.3499590725639852,OnTrack,6848.0,3627.0,596.0
2026-08-22 14:16:36.479,0 days 00:30:00.715000,77,248.57250000000013,0 days 00:00:25.837000,11435.866666666667,291.53333333333336,7,100.0,False,0,pos,1501.6490035746083,0.3533975932378931,OnTrack,6993.0,3628.0,598.0
2026-08-22 14:16:36.535,0 days 00:30:00.771000,77,247.76361111111123,0 days 00:00:25.893000,11427.0,292.0,7,100.0,False,0,car,1506.1813888888885,0.3544642433391355,OnTrack,7058.40352825283,3627.7712461255287,598.2499412270448
2026-08-22 14:16:36.719,0 days 00:30:00.955000,77,245.36138888888905,0 days 00:00:26.077000,11415.5,290.275,7,100.0,False,0,pos,1520.9627376564513,0.3579428812011337,OnTrack,7302.0,3626.0,598.0
2026-08-22 14:16:36.855,0 days 00:30:01.091000,77,243.58583333333354,0 days 00:00:26.213000,11407.0,289.0,7,100.0,False,0,car,1531.8702777777773,0.3605098581830027,OnTrack,7399.834045043402,3624.65102431624,597.5060096634438
2026-08-22 14:16:37.095,0 days 00:30:01.331000,77,240.65250000000037,0 days 00:00:26.453000,11310.0,288.0,7,100.0,False,0,car,1551.0702777777772,0.36502838000402443,OnTrack,7492.453801762503,3620.1348810459804,595.074913804434
2026-08-22 14:16:37.099,0 days 00:30:01.335000,77,240.62694443991418,0 days 00:00:26.457000,11302.576175969183,287.811634315636,7,98.8919665625647,False,0,pos,1551.3832705065706,0.3651020396120908,OnTrack,7495.0,3620.0,595.0
2026-08-22 14:16:37.279,0 days 00:30:01.515000,77,239.47694423603602,0 days 00:00:26.637000,10968.504094582444,279.33517851925603,7,49.03046187797661,False,0,pos,1565.1392594779602,0.36833936962964087,OnTrack,7637.0,3612.0,591.0
2026-08-22 14:16:37.399,0 days 00:30:01.635000,77,238.71027743345056,0 days 00:00:26.757000,10745.78937365795,273.684207988336,7,15.789458754917888,False,0,pos,1574.0493315189638,0.37043626311631533,OnTrack,7729.0,3605.0,589.0
2026-08-22 14:16:37.456,0 days 00:30:01.692000,77,238.34611111111144,0 days 00:00:26.814000,10640.0,271.0,7,0.0,True,0,car,1578.245555555555,0.37142380113065043,OnTrack,7770.233672754635,3601.0195605551885,587.8580800732956
2026-08-22 14:16:37.599,0 days 00:30:01.835000,77,237.82972199111143,0 days 00:00:26.957000,11390.750336,262.9562464,7,0.0,True,0,pos,1588.6643054113504,0.3738757463687327,OnTrack,7875.0,3585.0,584.0
2026-08-22 14:16:37.616,0 days 00:30:01.852000,77,237.76833333333366,0 days 00:00:26.974000,11480.0,262.0,7,0.0,True,0,car,1589.8899999999994,0.3741642009387701,OnTrack,7888.811333267249,3581.8979546788364,583.4271312790668
2026-08-22 14:16:37.856,0 days 00:30:02.092000,77,237.70166666666682,0 days 00:00:27.214000,11258.0,255.0,6,5.0,False,0,car,1606.8899999999994,0.37816497546779987,OnTrack,8105.081218035148,3514.5398470905648,573.4044214789972
2026-08-22 14:16:37.919,0 days 00:30:02.155000,77,237.8766668444446,0 days 00:00:27.277000,11213.8999552,253.4249984,6,6.3781264,False,0,pos,1611.270718610785,0.37919593237585153,OnTrack,8153.0,3496.0,571.0
2026-08-22 14:16:38.176,0 days 00:30:02.412000,77,238.59055555555574,0 days 00:00:27.534000,11034.0,247.0,6,12.0,False,0,car,1628.845555555555,0.38333198884646835,OnTrack,8277.699627962988,3430.2679529221614,563.9047963321674
2026-08-22 14:16:38.376,0 days 00:30:02.612000,77,239.423888888889,0 days 00:00:27.734000,10701.0,242.0,6,14.0,False,0,car,1642.2899999999995,0.3864960000753089,OnTrack,8355.431633781905,3364.3614503360873,557.0489529069538
2026-08-22 14:16:38.398,0 days 00:30:02.634000,77,239.52777838222235,0 days 00:00:27.756000,10697.56248,241.7249984,6,18.812528,False,0,pos,1643.7613213313177,0.38684226036391806,OnTrack,8366.0,3355.0,556.0
2026-08-22 14:16:38.438,0 days 00:30:02.674000,77,239.71666727111128,0 days 00:00:27.796000,10691.31248,241.2249984,6,27.562528,False,0,pos,1646.4333210570305,0.3874710879194596,OnTrack,8386.0,3337.0,554.0
2026-08-22 14:16:38.536,0 days 00:30:02.772000,77,240.1794444444447,0 days 00:00:27.894000,10676.0,240.0,6,49.0,False,0,car,1652.956666666666,0.38900628997587655,OnTrack,8433.07051042263,3289.968952095557,550.067184852259
2026-08-22 14:16:38.678,0 days 00:30:02.914000,77,241.08666748444475,0 days 00:00:28.036000,10704.907168914286,238.47857005714286,6,59.142866285714284,False,0,pos,1662.334256002053,0.391213208832154,OnTrack,8494.0,3220.0,546.0
2026-08-22 14:16:38.816,0 days 00:30:03.052000,77,241.9683333333337,0 days 00:00:28.174000,10733.0,237.0,6,69.0,False,0,car,1671.3899999999994,0.39334438471029504,OnTrack,8543.54967897394,3157.5063798217825,542.1420720510008
2026-08-22 14:16:38.998,0 days 00:30:03.234000,77,242.72666720000038,0 days 00:00:28.356000,10737.5500032,235.98888817777777,6,69.50555591111112,False,0,pos,1683.2864051016027,0.3961440808583841,OnTrack,8606.0,3042.0,537.0
2026-08-22 14:16:39.176,0 days 00:30:03.412000,77,243.4683333333337,0 days 00:00:28.534000,10742.0,235.0,6,70.0,False,0,car,1694.8899999999994,0.3988748671474832,OnTrack,8673.401158265871,2860.677834693306,532.0457127200453
2026-08-22 14:16:39.178,0 days 00:30:03.414000,77,243.4716664533337,0 days 00:00:28.536000,10742.3499776,235.0,6,70.0999936,False,0,pos,1695.0203033705059,0.39890553270076373,OnTrack,8674.0,2859.0,532.0
2026-08-22 14:16:39.336,0 days 00:30:03.572000,77,243.7350000000008,0 days 00:00:28.694000,10770.0,235.0,6,78.0,False,0,car,1705.3344444444438,0.4013328593417891,OnTrack,8704.653669587758,2772.8727730280752,529.3577533464128
2026-08-22 14:16:39.616,0 days 00:30:03.852000,77,242.5683333333336,0 days 00:00:28.974000,10794.0,239.0,6,86.0,False,0,car,1723.9233333333327,0.40570756247059087,OnTrack,8703.101191573853,2652.9935348490585,528.9854622018998
2026-08-22 14:16:39.618,0 days 00:30:03.854000,77,242.5550008533336,0 days 00:00:28.976000,10795.187424,239.0,6,85.9875008,False,0,pos,1724.0562080598675,0.4057388331659716,OnTrack,8703.0,2651.0,529.0
2026-08-22 14:16:39.776,0 days 00:30:04.012000,77,241.50166666666723,0 days 00:00:29.134000,10889.0,239.0,6,85.0,False,0,car,1734.545555555555,0.4082073928299062,OnTrack,8692.471329325062,2459.20206064425,530.7412744495393
2026-08-22 14:16:39.798,0 days 00:30:04.034000,77,241.31833234046218,0 days 00:00:29.156000,10915.842912667003,239.13836552921137,6,84.86163447078864,False,0,pos,1736.009803241335,0.4085519884090509,OnTrack,8691.0,2437.0,531.0
2026-08-22 14:16:39.935,0 days 00:30:04.171000,77,240.1766666666672,0 days 00:00:29.293000,11083.0,240.0,6,84.0,False,0,car,1745.145555555555,0.4107019934185953,OnTrack,8682.961230222225,2352.5891012574916,532.4752388212347
2026-08-22 14:16:40.158,0 days 00:30:04.394000,77,237.94666602666712,0 days 00:00:29.516000,10974.2874688,240.0,6,84.0,False,0,pos,1760.0052148582404,0.41419906085672736,OnTrack,8662.0,2300.0,535.0
2026-08-22 14:16:40.175,0 days 00:30:04.411000,77,237.7766666666671,0 days 00:00:29.533000,10966.0,240.0,6,84.0,False,0,car,1761.1455555555551,0.4144674282694469,OnTrack,8659.151543574968,2292.2608984903727,535.2429175066223
2026-08-22 14:16:40.418,0 days 00:30:04.654000,77,234.7391690666673,0 days 00:00:29.776000,11124.817731657144,243.47142582857143,6,97.88570331428572,False,0,pos,1777.6026717684183,0.4183404407027238,OnTrack,8600.0,2138.0,540.0
2026-08-22 14:16:40.455,0 days 00:30:04.691000,77,234.27666666666732,0 days 00:00:29.813000,11149.0,244.0,6,100.0,False,0,car,1780.1233333333328,0.4189336523842069,OnTrack,8588.551214447885,2114.630715481077,541.089156482428
2026-08-22 14:16:40.518,0 days 00:30:04.754000,77,233.40166577777833,0 days 00:00:29.876000,11167.1125184,244.52500053333333,6,100.0,False,0,pos,1784.4207620257812,0.4199450078696816,OnTrack,8568.0,2076.0,543.0
2026-08-22 14:16:40.695,0 days 00:30:04.931000,77,230.9433333333336,0 days 00:00:30.053000,11218.0,246.0,6,100.0,False,0,car,1796.5233333333329,0.42279322310632966,OnTrack,8506.44238861759,1970.3684010864172,546.9271955583838
2026-08-22 14:16:40.699,0 days 00:30:04.935000,77,230.88555555555584,0 days 00:00:30.057000,11218.383333333333,246.01666666666668,6,100.0,False,0,pos,1796.79709652139,0.4228576504469041,OnTrack,8505.0,1968.0,547.0
2026-08-22 14:16:40.899,0 days 00:30:05.135000,77,227.99666666666712,0 days 00:00:30.257000,11237.55,246.85,6,100.0,False,0,pos,1810.509184169935,0.4260846487412643,OnTrack,8431.0,1850.0,550.0
2026-08-22 14:16:40.935,0 days 00:30:05.171000,77,227.47666666666714,0 days 00:00:30.293000,11241.0,247.0,6,100.0,False,0,car,1812.9899999999993,0.426668483140331,OnTrack,8417.603256958797,1828.8963572021457,550.4175699822415
2026-08-22 14:16:41.175,0 days 00:30:05.411000,77,224.14333333333366,0 days 00:00:30.533000,11403.0,250.0,6,100.0,False,0,car,1829.656666666666,0.430590811109968,OnTrack,8328.435043608848,1688.8523610148509,552.5703237629284
2026-08-22 14:16:41.219,0 days 00:30:05.455000,77,223.49555555555585,0 days 00:00:30.577000,11418.84,250.66,6,100.0,False,0,pos,1832.7353284665064,0.431315342387162,OnTrack,8312.0,1663.0,553.0
2026-08-22 14:16:41.375,0 days 00:30:05.611000,77,221.1988888888891,0 days 00:00:30.733000,11475.0,253.0,6,100.0,False,0,car,1843.7122222222215,0.43389864103102854,OnTrack,8253.43205394536,1570.5691143040774,554.684703295464
2026-08-22 14:16:41.459,0 days 00:30:05.695000,77,219.9155555555558,0 days 00:00:30.817000,11520.85,254.05,6,100.0,False,0,pos,1849.6685567587176,0.4353004028839693,OnTrack,8222.0,1520.0,555.0
2026-08-22 14:16:41.615,0 days 00:30:05.851000,77,217.53222222222257,0 days 00:00:30.973000,11606.0,256.0,6,100.0,False,0,car,1860.778888888888,0.4379151048719368,OnTrack,8164.445127694385,1425.3647720256056,554.0252057975428
2026-08-22 14:16:41.619,0 days 00:30:05.855000,77,217.4755555555559,0 days 00:00:30.977000,11606.0,256.0,6,100.0,False,0,pos,1861.0636519154457,0.43798212091096383,OnTrack,8163.0,1423.0,554.0
2026-08-22 14:16:41.799,0 days 00:30:06.035000,77,214.925555555556,0 days 00:00:31.157000,11606.0,256.0,6,100.0,False,0,pos,1873.8671134598999,0.44099528343040295,OnTrack,8097.0,1314.0,553.0
2026-08-22 14:16:41.855,0 days 00:30:06.091000,77,214.1322222222227,0 days 00:00:31.213000,11606.0,256.0,6,100.0,False,0,car,1877.845555555555,0.4419315687128451,OnTrack,8073.380532844351,1272.191989920454,552.3272234474243
2026-08-22 14:16:42.055,0 days 00:30:06.291000,77,211.35444444444488,0 days 00:00:31.413000,11617.0,256.0,6,100.0,False,0,car,1892.067777777777,0.445278621913602,OnTrack,7983.86270536077,1104.5523843235637,548.6712500470943
2026-08-22 14:16:42.099,0 days 00:30:06.335000,77,210.78000000000048,0 days 00:00:31.457000,11620.63,256.22,6,100.0,False,0,pos,1895.2210379966882,0.4460207091587327,OnTrack,7969.0,1076.0,548.0
2026-08-22 14:16:42.419,0 days 00:30:06.655000,77,206.6022222222231,0 days 00:00:31.777000,11647.03,257.82,6,100.0,False,0,pos,1918.2155559429102,0.45143223161205986,OnTrack,7896.0,921.0,544.0
2026-08-22 14:16:42.455,0 days 00:30:06.691000,77,206.13222222222316,0 days 00:00:31.813000,11650.0,258.0,6,100.0,False,0,car,1920.7344444444436,0.4520250260213776,OnTrack,7881.441656323247,887.7788700848288,543.1300349961647
2026-08-22 14:16:42.639,0 days 00:30:06.875000,77,204.39444444444533,0 days 00:00:31.997000,11181.31111111111,250.33333333333334,6,48.88888888888889,False,0,pos,1933.3032477184524,0.4549829641389681,OnTrack,7793.0,685.0,538.0
2026-08-22 14:16:42.815,0 days 00:30:07.051000,77,202.73222222222307,0 days 00:00:32.173000,10733.0,243.0,6,0.0,True,0,car,1945.0344444444438,0.4577437802011084,OnTrack,7748.1390619435915,583.325597666293,536.2442134474352
2026-08-22 14:16:42.975,0 days 00:30:07.211000,77,200.910000000001,0 days 00:00:32.333000,11293.0,236.0,6,0.0,True,0,car,1955.5233333333324,0.46021223193666655,OnTrack,7730.589720810553,547.4513813729491,536.4255266877764
2026-08-22 14:16:43.059,0 days 00:30:07.295000,77,200.1166666666677,0 days 00:00:32.417000,11322.1375,231.0125,6,1.575,True,0,pos,1960.7772124476646,0.4614486781566207,OnTrack,7715.0,517.0,536.0
2026-08-22 14:16:43.295,0 days 00:30:07.531000,77,197.88777777777887,0 days 00:00:32.653000,11404.0,217.0,5,6.0,True,0,car,1974.8122222222214,0.46475167284019314,OnTrack,7647.63433729767,390.9145075332421,533.2647424372399
2026-08-22 14:16:43.359,0 days 00:30:07.595000,77,196.94555555555664,0 days 00:00:32.717000,11325.6,215.85714285714286,5,9.2,True,0,pos,1978.5911034912644,0.46564099354192345,OnTrack,7627.0,358.0,533.0
2026-08-22 14:16:43.399,0 days 00:30:07.635000,77,196.35666666666773,0 days 00:00:32.757000,11276.6,215.14285714285714,5,11.2,True,0,pos,1980.9518052603944,0.4661965603365453,OnTrack,7614.0,339.0,533.0
2026-08-22 14:16:43.575,0 days 00:30:07.811000,77,193.7655555555566,0 days 00:00:32.933000,11061.0,212.0,5,20.0,False,0,car,1991.3011111111105,0.4686321626448207,OnTrack,7554.260557408187,263.99660638202994,531.248125114649
2026-08-22 14:16:43.719,0 days 00:30:07.955000,77,191.44555555555618,0 days 00:00:33.077000,10812.6,209.3,5,24.5,False,0,pos,1999.6730282075598,0.4706024069200338,OnTrack,7492.0,210.0,529.0
2026-08-22 14:16:43.735,0 days 00:30:07.971000,77,191.18777777777836,0 days 00:00:33.093000,10785.0,209.0,5,25.0,False,0,car,2000.5899999999995,0.4708182067665651,OnTrack,7483.860200219575,204.28442631502182,528.7763491719338
2026-08-22 14:16:43.999,0 days 00:30:08.235000,77,187.15444372939444,0 days 00:00:33.357000,10642.396096602079,202.41828138163436,5,28.65651034353646,False,0,pos,2015.29256496208,0.4742783036731355,OnTrack,7332.0,124.0,526.0
2026-08-22 14:16:44.096,0 days 00:30:08.332000,77,185.67250000000104,0 days 00:00:33.454000,10590.0,200.0,5,30.0,False,0,car,2020.645555555555,0.47553807475669496,OnTrack,7286.054784527204,107.10820636412743,525.5758149405048
2026-08-22 14:16:44.319,0 days 00:30:08.555000,77,181.46027656888995,0 days 00:00:33.677000,10593.716667733333,200.0,5,56.01667413333333,False,0,pos,2033.032128296672,0.47845312679932056,OnTrack,7189.0,87.0,525.0
2026-08-22 14:16:44.336,0 days 00:30:08.572000,77,181.13916666666773,0 days 00:00:33.694000,10594.0,200.0,5,58.0,False,0,car,2033.9788888888884,0.4786759371324046,OnTrack,7180.110210676324,85.599194845717,524.8968312462915
2026-08-22 14:16:44.459,0 days 00:30:08.695000,77,178.5766653333344,0 days 00:00:33.817000,10637.0500224,200.34166684444443,5,60.391667911111114,False,0,pos,2040.8354725089177,0.4802895633149443,OnTrack,7110.0,76.0,524.0
2026-08-22 14:16:44.696,0 days 00:30:08.932000,77,173.63916666666773,0 days 00:00:34.054000,10720.0,201.0,5,65.0,False,0,car,2054.0788888888883,0.4834062646637868,OnTrack,6963.516429474545,66.03434699305232,523.124336988672
2026-08-22 14:16:44.779,0 days 00:30:09.015000,77,171.79472080000102,0 days 00:00:34.137000,10707.03124,201.5187504,5,83.156264,False,0,pos,2058.7268226776987,0.48450010790583914,OnTrack,6907.0,66.0,523.0
2026-08-22 14:16:44.856,0 days 00:30:09.092000,77,170.08361111111208,0 days 00:00:34.214000,10695.0,202.0,5,100.0,False,0,car,2063.056666666666,0.4855190919967646,OnTrack,6851.563775456377,67.73732436837436,522.9341294691341
2026-08-22 14:16:45.096,0 days 00:30:09.332000,77,164.4169444444451,0 days 00:00:34.454000,10684.0,205.0,5,100.0,False,0,car,2076.723333333333,0.48873540093186696,OnTrack,6674.069929506272,81.69962419882326,522.977210819645
2026-08-22 14:16:45.198,0 days 00:30:09.434000,77,161.86694124444512,0 days 00:00:34.556000,10777.33011712,206.02000128,5,100.0,False,0,pos,2082.5853963091763,0.4901149769460624,OnTrack,6623.0,87.0,523.0
2026-08-22 14:16:45.296,0 days 00:30:09.532000,77,159.4169444444451,0 days 00:00:34.654000,10867.0,207.0,5,100.0,False,0,car,2088.223333333333,0.49144180723091646,OnTrack,6592.648484346866,90.87381370179263,523.0036796196458
2026-08-22 14:16:45.438,0 days 00:30:09.674000,77,155.82749676444544,0 days 00:00:34.796000,10938.000064,207.0,5,100.0,False,0,pos,2096.3682443191265,0.49335862796110336,OnTrack,6555.0,98.0,523.0
2026-08-22 14:16:45.576,0 days 00:30:09.812000,77,152.339166666668,0 days 00:00:34.934000,11007.0,207.0,5,100.0,False,0,car,2104.3233333333324,0.4952307760495857,OnTrack,6485.829573979991,112.15044193141574,523.0205821221692
2026-08-22 14:16:45.736,0 days 00:30:09.972000,77,148.2058333333348,0 days 00:00:35.094000,11121.0,210.0,5,100.0,False,0,car,2113.656666666666,0.49742727971258244,OnTrack,6386.535274229888,133.98723507672918,523.0117475205566
2026-08-22 14:16:45.758,0 days 00:30:09.994000,77,147.6374966933348,0 days 00:00:35.116000,11121.0,210.0,5,100.0,False,0,pos,2114.941342476311,0.49772961490418766,OnTrack,6374.0,137.0,523.0
2026-08-22 14:16:45.896,0 days 00:30:10.132000,77,144.07250000000158,0 days 00:00:35.254000,11121.0,210.0,5,100.0,False,0,car,2122.989999999999,0.4996237833755791,OnTrack,6301.89022393324,155.91250880633663,522.8682785570302
2026-08-22 14:16:46.018,0 days 00:30:10.254000,77,140.92083664000168,0 days 00:00:35.376000,11121.0,210.0,5,100.0,False,0,pos,2130.093783926949,0.5012955855987952,OnTrack,6229.0,180.0,523.0
2026-08-22 14:16:46.056,0 days 00:30:10.292000,77,139.93916666666837,0 days 00:00:35.414000,11121.0,210.0,5,100.0,False,0,car,2132.3233333333324,0.5018202870385758,OnTrack,6201.368104530454,190.1757809164734,523.145493676808
2026-08-22 14:16:46.218,0 days 00:30:10.454000,77,135.88916986666837,0 days 00:00:35.576000,11088.093776,212.0249984,5,62.5375296,False,0,pos,2141.972927145343,0.504091219340845,OnTrack,6076.0,240.0,524.0
2026-08-22 14:16:46.376,0 days 00:30:10.612000,77,131.93916666666837,0 days 00:00:35.734000,11056.0,214.0,5,26.0,True,0,car,2151.3455555555547,0.5062969706945882,OnTrack,6000.248436436253,274.30448236955453,524.1927353372552
2026-08-22 14:16:46.558,0 days 00:30:10.794000,77,128.04638719353082,0 days 00:00:35.916000,10135.338511172951,205.62342731422868,5,6.2008281972677635,True,0,pos,2161.739277910567,0.5087430259686907,OnTrack,5941.0,308.0,524.0
2026-08-22 14:16:46.615,0 days 00:30:10.851000,77,126.82722222222401,0 days 00:00:35.973000,9847.0,203.0,5,0.0,True,0,car,2164.822499999999,0.5094686304629695,OnTrack,5919.246774892242,321.07891041661406,523.9774908326449
2026-08-22 14:16:46.818,0 days 00:30:11.054000,77,124.68444647111279,0 days 00:00:36.176000,10726.101946311112,186.08334933333333,5,0.0,True,0,pos,2174.9663262791855,0.5118558752750091,OnTrack,5837.0,374.0,524.0
2026-08-22 14:16:46.975,0 days 00:30:11.211000,77,123.02722222222383,0 days 00:00:36.333000,11406.0,173.0,4,0.0,True,0,car,2182.122499999999,0.5135400068954528,OnTrack,5783.803315634424,414.6326580985684,524.0234954706389
2026-08-22 14:16:47.038,0 days 00:30:11.274000,77,122.90472209777933,0 days 00:00:36.396000,11299.799892114286,168.04999497142856,4,0.6750006857142857,True,0,pos,2184.8662804596456,0.5141857273058176,OnTrack,5764.0,431.0,524.0
2026-08-22 14:16:47.255,0 days 00:30:11.491000,77,122.48277777777912,0 days 00:00:36.613000,10934.0,151.0,3,3.0,True,0,car,2193.8669444444436,0.5163039406713903,OnTrack,5698.747387270576,488.7849387982316,523.8748821338578
2026-08-22 14:16:47.299,0 days 00:30:11.535000,77,122.49500000000128,0 days 00:00:36.657000,10786.6,149.075,3,3.0,True,0,pos,2195.643852267127,0.5167221175865331,OnTrack,5686.0,501.0,524.0
2026-08-22 14:16:47.415,0 days 00:30:11.651000,77,122.52722222222337,0 days 00:00:36.773000,10398.0,144.0,3,3.0,True,0,car,2200.2669444444437,0.517810114611731,OnTrack,5653.160131285582,534.1922654028273,524.6793968320128
2026-08-22 14:16:47.479,0 days 00:30:11.715000,77,122.72277777777899,0 days 00:00:36.837000,10247.2,142.4,3,3.0,True,0,pos,2202.7851709423953,0.5184027532253388,OnTrack,5636.0,553.0,525.0
2026-08-22 14:16:47.575,0 days 00:30:11.811000,77,123.01611111111242,0 days 00:00:36.933000,10021.0,140.0,3,3.0,True,0,car,2206.489166666666,0.5192744503870621,OnTrack,5611.971170254675,581.7643081646465,525.164910984632
2026-08-22 14:16:47.859,0 days 00:30:12.095000,77,125.61944444444553,0 days 00:00:37.217000,10747.566666666668,131.32222222222222,3,4.5777777777777775,True,0,pos,2216.715286455643,0.5216810621272119,OnTrack,5554.0,669.0,524.0
2026-08-22 14:16:47.935,0 days 00:30:12.171000,77,126.31611111111215,0 days 00:00:37.293000,10942.0,129.0,3,5.0,True,0,car,2219.389166666666,0.5223103322355611,OnTrack,5542.289658290386,692.1230788140505,523.5182731640541
2026-08-22 14:16:48.019,0 days 00:30:12.255000,77,127.22611111111227,0 days 00:00:37.377000,11084.38,127.74,3,6.26,True,0,pos,2222.346750992391,0.5230063691789623,OnTrack,5531.0,719.0,523.0
2026-08-22 14:16:48.135,0 days 00:30:12.371000,77,128.48277777777912,0 days 00:00:37.493000,11281.0,126.0,2,8.0,False,0,car,2226.389166666666,0.5239577099828087,OnTrack,5517.789878420351,761.2082280862969,522.4592432472532
2026-08-22 14:16:48.259,0 days 00:30:12.495000,77,130.20500000000138,0 days 00:00:37.617000,11072.68,122.9,2,3.04,False,0,pos,2230.5821407831013,0.5249444831619802,OnTrack,5510.0,809.0,522.0
2026-08-22 14:16:48.335,0 days 00:30:12.571000,77,131.26055555555695,0 days 00:00:37.693000,10945.0,121.0,2,0.0,False,0,car,2233.111388888888,0.5255397155972289,OnTrack,5510.24343726261,837.55301050133,521.7215498066732
2026-08-22 14:16:48.575,0 days 00:30:12.811000,77,135.19388888889034,0 days 00:00:37.933000,10732.0,118.0,2,8.0,False,0,car,2240.978055555555,0.5273910543988976,OnTrack,5533.1455330205945,922.4038154346833,520.9675796885964
2026-08-22 14:16:48.699,0 days 00:30:12.935000,77,137.46722222222382,0 days 00:00:38.057000,10708.085714285715,116.67142857142858,2,11.542857142857143,False,0,pos,2244.9576988695794,0.5283276223756842,OnTrack,5549.0,958.0,521.0
2026-08-22 14:16:48.855,0 days 00:30:13.091000,77,140.327222222224,0 days 00:00:38.213000,10678.0,115.0,2,16.0,False,0,car,2249.922499999999,0.5294960370759361,OnTrack,5569.559261294268,992.9849788271516,521.5736060234896
2026-08-22 14:16:49.055,0 days 00:30:13.291000,77,143.99388888889052,0 days 00:00:38.413000,10846.0,115.0,2,38.0,False,0,car,2256.311388888888,0.5309995961309636,OnTrack,5601.242538510938,1033.0894901950799,522.0115678504493
2026-08-22 14:16:49.059,0 days 00:30:13.295000,77,144.04722222222387,0 days 00:00:38.417000,10850.775,115.025,2,38.1,False,0,pos,2256.4397310116383,0.5310298001248284,OnTrack,5602.0,1034.0,522.0
2026-08-22 14:16:49.259,0 days 00:30:13.495000,77,146.71388888889038,0 days 00:00:38.617000,11089.525,116.275,2,43.1,False,0,pos,2262.8943935740476,0.5325488383350149,OnTrack,5645.0,1083.0,521.0
2026-08-22 14:16:49.375,0 days 00:30:13.611000,77,148.26055555555695,0 days 00:00:38.733000,11228.0,117.0,2,46.0,False,0,car,2266.711388888888,0.5334471287840171,OnTrack,5672.045590219531,1109.8279496829853,521.3894458822652
2026-08-22 14:16:49.499,0 days 00:30:13.735000,77,149.46611111111247,0 days 00:00:38.857000,11549.07142857143,119.21428571428571,2,47.77142857142857,False,0,pos,2270.872915476705,0.5344265011119241,OnTrack,5702.0,1137.0,522.0
2026-08-22 14:16:49.599,0 days 00:30:13.835000,77,150.4383333333347,0 days 00:00:38.957000,11808.0,121.0,2,49.2,False,0,pos,2274.2803004011075,0.5352283939834621,OnTrack,5728.0,1159.0,522.0
2026-08-22 14:16:49.655,0 days 00:30:13.891000,77,150.98277777777912,0 days 00:00:39.013000,11953.0,122.0,2,50.0,False,0,car,2276.200277777777,0.5356802408413971,OnTrack,5746.230220442666,1172.8251311660065,521.9847939107808
2026-08-22 14:16:49.855,0 days 00:30:14.091000,77,152.48277777777912,0 days 00:00:39.213000,11362.0,125.0,2,48.0,False,0,car,2283.1447222222214,0.5373145441620791,OnTrack,5826.739017618676,1227.2325699153319,522.0110313131881
2026-08-22 14:16:49.899,0 days 00:30:14.135000,77,152.641666666668,0 days 00:00:39.257000,11106.957142857143,125.78571428571429,2,48.94285714285714,False,0,pos,2284.703157266112,0.53768130576377,OnTrack,5842.0,1237.0,522.0
2026-08-22 14:16:50.135,0 days 00:30:14.371000,77,153.49388888889007,0 days 00:00:39.493000,9739.0,130.0,3,54.0,False,0,car,2293.2558333333327,0.5396940897969923,OnTrack,5899.024970343049,1270.2943305686915,521.7924799771785
2026-08-22 14:16:50.299,0 days 00:30:14.535000,77,153.5850000000011,0 days 00:00:39.657000,10086.816666666668,133.41666666666666,3,58.78333333333333,False,0,pos,2299.355115783781,0.5411294929659988,OnTrack,5937.0,1289.0,522.0
2026-08-22 14:16:50.375,0 days 00:30:14.611000,77,153.62722222222328,0 days 00:00:39.733000,10248.0,135.0,3,61.0,False,0,car,2302.2558333333327,0.5418121469005963,OnTrack,5959.00594866824,1299.5106232500139,522.2995800808379
2026-08-22 14:16:50.539,0 days 00:30:14.775000,77,153.1716665456901,0 days 00:00:39.897000,10569.195106043513,139.76348674217076,3,68.48547916626832,False,0,pos,2308.7069971322016,0.5433303617128972,OnTrack,6020.0,1326.0,523.0
2026-08-22 14:16:50.616,0 days 00:30:14.852000,77,152.95777777777857,0 days 00:00:39.974000,10720.0,142.0,3,72.0,False,0,car,2311.761944444444,0.5440493120302117,OnTrack,6058.019160215494,1340.1070640438497,523.0639824742607
2026-08-22 14:16:50.719,0 days 00:30:14.955000,77,152.38555520000094,0 days 00:00:40.077000,10963.766818133334,142.85833386666667,3,84.01667413333334,False,0,pos,2315.8340643596416,0.5450076434205574,OnTrack,6109.0,1358.0,523.0
2026-08-22 14:16:50.856,0 days 00:30:15.092000,77,151.62444444444554,0 days 00:00:40.214000,11288.0,144.0,3,100.0,False,0,car,2321.361944444444,0.5463085729407225,OnTrack,6155.575004527472,1374.1144305135972,522.9642800067039
2026-08-22 14:16:51.096,0 days 00:30:15.332000,77,149.22444444444545,0 days 00:00:40.454000,11562.0,155.0,3,100.0,False,0,car,2331.6952777777774,0.5487404162818975,OnTrack,6210.215679822577,1389.6232926209907,522.9957560751776
2026-08-22 14:16:51.139,0 days 00:30:15.375000,77,148.73472149333432,0 days 00:00:40.497000,11603.49506176,155.43000064,3,100.0,False,0,pos,2333.5619719706206,0.5491797234924983,OnTrack,6225.0,1393.0,523.0
2026-08-22 14:16:51.296,0 days 00:30:15.532000,77,146.94666666666762,0 days 00:00:40.654000,11755.0,157.0,3,100.0,False,0,car,2340.4174999999996,0.5507931012526742,OnTrack,6294.712511297357,1407.6341667984912,523.00725807676
2026-08-22 14:16:51.498,0 days 00:30:15.734000,77,143.97277966222347,0 days 00:00:40.856000,10927.521952914285,162.77142491428572,3,100.0,False,0,pos,2349.6099545220954,0.5529564505415723,OnTrack,6392.0,1426.0,523.0
2026-08-22 14:16:51.576,0 days 00:30:15.812000,77,142.82444444444582,0 days 00:00:40.934000,10608.0,165.0,3,100.0,False,0,car,2353.2508333333326,0.5538132937892947,OnTrack,6421.202192551325,1430.8077670019459,522.993098540859
2026-08-22 14:16:51.856,0 days 00:30:16.092000,77,138.1577777777793,0 days 00:00:41.214000,10733.0,172.0,4,100.0,False,0,car,2366.6286111111103,0.5569616157062566,OnTrack,6512.179098509422,1442.8891092262186,522.9992929278749
2026-08-22 14:16:51.858,0 days 00:30:16.094000,77,138.1233355377793,0 days 00:00:41.216000,10734.7832192,172.0333312,4,100.0,False,0,pos,2366.725333166397,0.5569843782436205,OnTrack,6513.0,1443.0,523.0
2026-08-22 14:16:52.096,0 days 00:30:16.332000,77,134.02444444444563,0 days 00:00:41.454000,10947.0,176.0,4,100.0,False,0,car,2378.361944444444,0.559722934596881,OnTrack,6629.415110649014,1459.373731923724,523.1023575497107
2026-08-22 14:16:52.178,0 days 00:30:16.414000,77,132.56666894222337,0 days 00:00:41.536000,11054.82983168,178.0499968,4,100.0,False,0,pos,2382.4625033432594,0.5606879588084792,OnTrack,6667.0,1465.0,523.0
2026-08-22 14:16:52.296,0 days 00:30:16.532000,77,130.46888888888998,0 days 00:00:41.654000,11210.0,181.0,4,100.0,False,0,car,2388.4174999999996,0.5620894058052288,OnTrack,6712.942550786828,1472.3210547329932,522.6542150657689
2026-08-22 14:16:52.398,0 days 00:30:16.634000,77,128.7405533866681,0 days 00:00:41.756000,11292.62010368,181.0,4,100.0,False,0,pos,2393.568855427176,0.5633017241336421,OnTrack,6775.0,1485.0,523.0
2026-08-22 14:16:52.496,0 days 00:30:16.732000,77,127.08000000000175,0 days 00:00:41.854000,11372.0,181.0,4,100.0,True,0,car,2398.4730555555548,0.5644558770135764,OnTrack,6873.55599919489,1507.2998491125736,524.4457297824341
2026-08-22 14:16:52.538,0 days 00:30:16.774000,77,126.52000170666844,0 days 00:00:41.896000,11250.900369066667,179.77500373333334,4,82.50005333333333,True,0,pos,2400.5475955096726,0.5649440985787464,OnTrack,6911.0,1516.0,525.0
2026-08-22 14:16:52.736,0 days 00:30:16.972000,77,123.88000000000193,0 days 00:00:42.094000,10680.0,174.0,4,0.0,True,0,car,2410.0730555555547,0.5671858172804437,OnTrack,6974.667177408459,1532.5838217298424,525.270244807435
2026-08-22 14:16:52.858,0 days 00:30:17.094000,77,122.89722325333517,0 days 00:00:42.216000,11034.562128,169.4250048,4,0.0,True,0,pos,2415.677305750491,0.5685047197177504,OnTrack,6994.0,1540.0,525.0
2026-08-22 14:16:53.056,0 days 00:30:17.292000,77,121.30222222222392,0 days 00:00:42.414000,11610.0,162.0,4,0.0,True,0,car,2424.4730555555548,0.5705747086462101,OnTrack,7075.085483746584,1566.9828704732995,525.5402088394391
2026-08-22 14:16:53.158,0 days 00:30:17.394000,77,120.79222158222392,0 days 00:00:42.516000,11400.38973696,159.4499968,4,0.0,True,0,pos,2428.9583996711067,0.5716302880868827,OnTrack,7122.0,1584.0,526.0
2026-08-22 14:16:53.256,0 days 00:30:17.492000,77,120.30222222222392,0 days 00:00:42.614000,11199.0,157.0,3,0.0,True,0,car,2433.195277777777,0.5726273936169868,OnTrack,7162.543231809012,1600.6445636197575,526.4372046727086
2026-08-22 14:16:53.438,0 days 00:30:17.674000,77,120.09999992281591,0 days 00:00:42.796000,10770.065162913716,149.6834142927713,3,0.0,True,0,pos,2440.749915657127,0.5744052996642659,OnTrack,7229.0,1634.0,527.0
2026-08-22 14:16:53.455,0 days 00:30:17.691000,77,120.08111111111293,0 days 00:00:42.813000,10730.0,149.0,3,0.0,True,0,car,2441.431666666666,0.5745657427274485,OnTrack,7234.908682851642,1637.441929822158,527.0128163205518
2026-08-22 14:16:53.538,0 days 00:30:17.774000,77,120.42694364444627,0 days 00:00:42.896000,10499.6755328,145.19584213333334,3,0.0,True,0,pos,2444.698122846985,0.5753344694737079,OnTrack,7263.0,1655.0,527.0
2026-08-22 14:16:53.695,0 days 00:30:17.931000,77,121.08111111111293,0 days 00:00:43.053000,10064.0,138.0,3,0.0,True,0,car,2450.6316666666658,0.5767308677666881,OnTrack,7311.813711370282,1690.8019407278387,526.9134475519683
2026-08-22 14:16:53.779,0 days 00:30:18.015000,77,121.78111111111284,0 days 00:00:43.137000,9918.8,135.6,3,0.3,True,0,pos,2453.704584571237,0.5774540472774179,OnTrack,7335.0,1711.0,527.0
2026-08-22 14:16:53.975,0 days 00:30:18.211000,77,123.41444444444596,0 days 00:00:43.333000,9580.0,130.0,3,1.0,True,0,car,2460.742777777777,0.5791104134016013,OnTrack,7380.513316978183,1761.2707575259053,527.7632647253503
2026-08-22 14:16:54.059,0 days 00:30:18.295000,77,124.11444444444612,0 days 00:00:43.417000,9482.0,130.0,3,1.35,True,0,pos,2463.8001010702196,0.5798299228813315,OnTrack,7398.0,1788.0,528.0
2026-08-22 14:16:54.215,0 days 00:30:18.451000,77,125.41444444444642,0 days 00:00:43.573000,9300.0,130.0,3,2.0,True,0,car,2469.4094444444436,0.5811500239458125,OnTrack,7428.182335130058,1847.7953632019753,528.0190717226574
2026-08-22 14:16:54.259,0 days 00:30:18.495000,77,126.14777777777971,0 days 00:00:43.617000,9109.975,127.525,3,2.0,True,0,pos,2470.923247166646,0.5815062817912809,OnTrack,7435.0,1864.0,528.0
2026-08-22 14:16:54.375,0 days 00:30:18.611000,77,128.08111111111293,0 days 00:00:43.733000,8609.0,121.0,3,2.0,False,0,car,2474.7872222222213,0.5824156284373487,OnTrack,7448.086134025909,1901.8695096522106,527.9825785976809
2026-08-22 14:16:54.535,0 days 00:30:18.771000,77,131.37000000000216,0 days 00:00:43.893000,8486.0,116.0,3,2.0,False,0,car,2479.942777777777,0.583628935222623,OnTrack,7455.631696190166,1944.885920415461,528.0163631945859
2026-08-22 14:16:54.659,0 days 00:30:18.895000,77,134.29777777777963,0 days 00:00:44.017000,8374.4,114.76,3,2.62,False,0,pos,2483.8886552950758,0.584557556767675,OnTrack,7458.0,1981.0,528.0
2026-08-22 14:16:54.735,0 days 00:30:18.971000,77,136.09222222222388,0 days 00:00:44.093000,8306.0,114.0,3,3.0,False,0,car,2486.2761111111104,0.5851194198510852,OnTrack,7458.409465936883,2005.2834888201473,527.9632844880144
2026-08-22 14:16:54.819,0 days 00:30:19.055000,77,138.44888888889062,0 days 00:00:44.177000,8303.9,112.95,3,5.625,False,0,pos,2488.877193434904,0.5857315577280819,OnTrack,7458.0,2032.0,528.0
2026-08-22 14:16:55.055,0 days 00:30:19.291000,77,145.07000000000198,0 days 00:00:44.413000,8298.0,110.0,3,13.0,False,0,car,2496.0538888888877,0.5874205189266054,OnTrack,7449.742611337546,2101.2777625857375,528.902093986288
2026-08-22 14:16:55.099,0 days 00:30:19.335000,77,146.42666666666864,0 days 00:00:44.457000,8286.842857142858,110.0,3,14.885714285714286,False,0,pos,2497.392790396699,0.5877356155765662,OnTrack,7445.0,2119.0,529.0
2026-08-22 14:16:55.259,0 days 00:30:19.495000,77,151.3600000000019,0 days 00:00:44.617000,8246.271428571428,110.0,3,21.742857142857144,False,0,pos,2502.275414805553,0.5888846908336108,OnTrack,7420.0,2195.0,529.0
2026-08-22 14:16:55.335,0 days 00:30:19.571000,77,153.7033333333352,0 days 00:00:44.693000,8227.0,110.0,3,25.0,False,0,car,2504.6094444444434,0.5894339806176858,OnTrack,7410.077326236963,2221.533101673479,528.9848443362808
2026-08-22 14:16:55.615,0 days 00:30:19.851000,77,162.72555555555755,0 days 00:00:44.973000,8436.0,112.0,3,39.0,False,0,car,2513.3205555555546,0.5914840507031495,OnTrack,7383.93611255017,2267.555312418729,529.0159357373753
2026-08-22 14:16:55.659,0 days 00:30:19.895000,77,164.2655555555576,0 days 00:00:45.017000,8469.6875,112.4125,3,39.4125,False,0,pos,2514.711670815703,0.5918114353207816,OnTrack,7378.0,2276.0,529.0
2026-08-22 14:16:55.935,0 days 00:30:20.171000,77,173.92555555555782,0 days 00:00:45.293000,8681.0,115.0,3,42.0,False,0,car,2523.542777777777,0.5938897451911934,OnTrack,7325.867374709481,2345.020021538973,528.9899515394003
2026-08-22 14:16:55.939,0 days 00:30:20.175000,77,174.06777777778004,0 days 00:00:45.297000,8683.675,115.025,3,42.1,False,0,pos,2523.670998884278,0.5939199207051331,OnTrack,7325.0,2346.0,529.0
2026-08-22 14:16:56.095,0 days 00:30:20.331000,77,179.6144444444467,0 days 00:00:45.453000,8788.0,116.0,3,46.0,False,0,car,2528.6983333333324,0.5951030519764678,OnTrack,7289.490309654547,2381.4815994736637,529.6820207557308
2026-08-22 14:16:56.179,0 days 00:30:20.415000,77,182.71777777778007,0 days 00:00:45.537000,8926.6,117.63333333333334,3,48.56666666666667,False,0,pos,2531.481588689065,0.5957580623961739,OnTrack,7269.0,2399.0,530.0
2026-08-22 14:16:56.455,0 days 00:30:20.691000,77,192.91444444444687,0 days 00:00:45.813000,9382.0,123.0,3,57.0,False,0,car,2540.9983333333325,0.59799773001806,OnTrack,7194.02572710452,2450.6026317106357,530.0226594804832
2026-08-22 14:16:56.519,0 days 00:30:20.755000,77,195.2433333333357,0 days 00:00:45.877000,9485.2,124.6,3,57.8,False,0,pos,2543.2577439176334,0.5985294589778419,OnTrack,7174.0,2461.0,530.0
2026-08-22 14:16:56.599,0 days 00:30:20.835000,77,198.15444444444674,0 days 00:00:45.957000,9614.2,126.6,3,58.8,False,0,pos,2546.1086530249627,0.599200391009676,OnTrack,7148.0,2473.0,530.0
2026-08-22 14:16:56.695,0 days 00:30:20.931000,77,201.64777777778,0 days 00:00:46.053000,9769.0,129.0,3,60.0,False,0,car,2549.5983333333324,0.6000216512503926,OnTrack,7120.920418542861,2485.211262399044,529.9462137009301
2026-08-22 14:16:56.895,0 days 00:30:21.131000,77,208.81444444444696,0 days 00:00:46.253000,10286.0,136.0,3,70.0,False,0,car,2557.153888888888,0.6017997732632948,OnTrack,7052.423075097353,2508.411569478503,529.9337446682853
2026-08-22 14:16:56.919,0 days 00:30:21.155000,77,209.64777804312033,0 days 00:00:46.277000,10335.910463653083,136.955224184748,3,70.8358211616545,False,0,pos,2558.0908514165208,0.6020202777230129,OnTrack,7038.0,2512.0,530.0
2026-08-22 14:16:57.096,0 days 00:30:21.332000,77,215.79361111111348,0 days 00:00:46.454000,10704.0,144.0,3,77.0,False,0,car,2565.193888888888,0.6036919042758476,OnTrack,6897.998419280101,2542.4107655052494,530.8579221618504
2026-08-22 14:16:57.139,0 days 00:30:21.375000,77,217.26277996444685,0 days 00:00:46.497000,10832.821025066667,145.25416853333334,3,77.89583466666667,False,0,pos,2566.961151843552,0.6041078113708546,OnTrack,6870.0,2548.0,531.0
2026-08-22 14:16:57.336,0 days 00:30:21.572000,77,223.99361111111375,0 days 00:00:46.694000,11423.0,151.0,3,82.0,False,0,car,2575.2605555555547,0.6060609903695084,OnTrack,6804.128990756531,2558.693442602369,530.9849429023415
2026-08-22 14:16:57.399,0 days 00:30:21.635000,77,226.04111319111374,0 days 00:00:46.757000,11405.04498176,153.52000256,3,84.20500224,False,0,pos,2577.989891541229,0.6067033114220173,OnTrack,6786.0,2561.0,531.0
2026-08-22 14:16:57.536,0 days 00:30:21.772000,77,230.49361111111375,0 days 00:00:46.894000,11366.0,159.0,3,89.0,False,0,car,2584.0938888888877,0.608139824193416,OnTrack,6733.559315510967,2568.043799271394,531.3064825376644
2026-08-22 14:16:57.759,0 days 00:30:21.995000,77,237.18361303111368,0 days 00:00:47.117000,11164.6030672,169.453128,3,96.6656272,False,0,pos,2594.715973942879,0.6106396222716038,OnTrack,6627.0,2583.0,532.0
2026-08-22 14:16:57.856,0 days 00:30:22.092000,77,240.09361111111366,0 days 00:00:47.214000,11077.0,174.0,4,100.0,False,0,car,2599.5605555555544,0.6117797445492391,OnTrack,6581.701121633895,2589.5152578356524,532.0452361887777
2026-08-22 14:16:57.939,0 days 00:30:22.175000,77,242.3069461511137,0 days 00:00:47.297000,11233.6626208,178.4958368,4,100.0,False,0,pos,2603.800794305922,0.6127776409721494,OnTrack,6542.0,2595.0,532.0
2026-08-22 14:16:58.096,0 days 00:30:22.332000,77,246.49361111111375,0 days 00:00:47.454000,11530.0,187.0,4,100.0,False,0,car,2612.027222222221,0.6147136458705276,OnTrack,6461.368686744232,2605.000311030357,531.8398580311373
2026-08-22 14:16:58.178,0 days 00:30:22.414000,77,248.47527468444716,0 days 00:00:47.536000,11318.3378304,189.562496,4,100.0,False,0,pos,2616.4043103821964,0.6157437483894538,OnTrack,6420.0,2610.0,532.0
2026-08-22 14:16:58.358,0 days 00:30:22.594000,77,252.82528087111396,0 days 00:00:47.716000,10853.7121696,195.187504,4,100.0,False,0,pos,2626.252429779971,0.6180614016391868,OnTrack,6324.0,2621.0,533.0
2026-08-22 14:16:58.416,0 days 00:30:22.652000,77,254.22694444444733,0 days 00:00:47.774000,10704.0,197.0,4,100.0,False,0,car,2629.538333333332,0.6188347051239594,OnTrack,6277.734086583772,2625.213699810752,533.0951434300439
2026-08-22 14:16:58.538,0 days 00:30:22.774000,77,256.63305303111395,0 days 00:00:47.896000,10941.28975104,202.79499392,4,100.0,False,0,pos,2636.6442885138463,0.6205070183292904,OnTrack,6168.0,2634.0,533.0
2026-08-22 14:16:58.816,0 days 00:30:23.052000,77,262.115833333336,0 days 00:00:48.174000,11482.0,216.0,5,100.0,False,0,car,2653.538333333332,0.6244828574002368,OnTrack,6008.275614889375,2641.5947273182815,533.4711377922815
2026-08-22 14:16:59.018,0 days 00:30:23.254000,77,265.81916432000276,0 days 00:00:48.376000,11714.2998528,221.89166293333332,5,100.0,False,0,pos,2666.0294230506643,0.6274225064344091,OnTrack,5917.0,2641.0,534.0
2026-08-22 14:16:59.056,0 days 00:30:23.292000,77,266.5158333333361,0 days 00:00:48.414000,11758.0,223.0,5,100.0,False,0,car,2668.404999999999,0.627981573949153,OnTrack,5897.874989590473,2640.68501936381,534.0820027599127
2026-08-22 14:16:59.376,0 days 00:30:23.612000,77,271.4936111111142,0 days 00:00:48.734000,12120.0,230.0,5,100.0,False,0,car,2688.849444444443,0.632792962925241,OnTrack,5714.361118718395,2634.5702943671436,534.8115550655007
2026-08-22 14:16:59.418,0 days 00:30:23.654000,77,271.8436100444476,0 days 00:00:48.776000,11899.500672,232.3624928,5,100.0,False,0,pos,2691.6130813161217,0.6334433563372232,OnTrack,5688.0,2633.0,535.0
2026-08-22 14:16:59.536,0 days 00:30:23.772000,77,272.8269444444477,0 days 00:00:48.894000,11280.0,239.0,5,100.0,False,0,car,2699.471666666665,0.6352927932845562,OnTrack,5611.4976986324955,2627.4891643095802,535.6789483293124
2026-08-22 14:16:59.618,0 days 00:30:23.854000,77,272.78138896000337,0 days 00:00:48.976000,11249.66004736,241.0499968,5,100.0,False,0,pos,2704.9889919400084,0.6365912388387897,OnTrack,5557.0,2623.0,536.0
2026-08-22 14:16:59.736,0 days 00:30:23.972000,77,272.71583333333683,0 days 00:00:49.094000,11206.0,244.0,6,100.0,False,0,car,2713.0272222222206,0.6384829533665277,OnTrack,5477.52950969485,2615.864888401196,535.9912695249537
2026-08-22 14:16:59.778,0 days 00:30:24.014000,77,272.17916840989517,0 days 00:00:49.136000,11244.313355172242,245.18494912903842,6,100.0,False,0,pos,2715.924393490724,0.6391647727204844,OnTrack,5449.0,2613.0,536.0
2026-08-22 14:17:00.055,0 days 00:30:24.291000,77,268.6397222222258,0 days 00:00:49.413000,11497.0,253.0,6,100.0,False,0,car,2735.4458333333314,0.6437589420906191,OnTrack,5259.050014293324,2589.2916800665657,536.9878648421561
2026-08-22 14:17:00.058,0 days 00:30:24.294000,77,268.5613939022258,0 days 00:00:49.416000,11499.734440369231,253.05191975384616,6,100.0,False,0,pos,2735.660042492884,0.6438093540052909,OnTrack,5257.0,2589.0,537.0
2026-08-22 14:17:00.575,0 days 00:30:24.811000,77,255.06194444444782,0 days 00:00:49.933000,11971.0,262.0,6,100.0,False,0,car,2773.2902777777763,0.6526652414670083,OnTrack,4894.022364500084,2525.077011502977,538.8748733879421
2026-08-22 14:17:00.599,0 days 00:30:24.835000,77,254.2019444444478,0 days 00:00:49.957000,11886.2,262.46666666666664,6,100.0,False,0,pos,2775.0653975439654,0.653082997581511,OnTrack,4875.0,2521.0,539.0
2026-08-22 14:17:00.919,0 days 00:30:25.155000,77,242.73527777778105,0 days 00:00:50.277000,10755.533333333333,268.68888888888887,6,100.0,False,0,pos,2798.9793888924046,0.6587109086094093,OnTrack,4614.0,2460.0,541.0
2026-08-22 14:17:00.935,0 days 00:30:25.171000,77,242.16194444444773,0 days 00:00:50.293000,10699.0,269.0,6,100.0,False,0,car,2800.1902777777764,0.6589958788100024,OnTrack,4602.638976285153,2457.1499936186924,541.0938014186457
2026-08-22 14:17:01.219,0 days 00:30:25.455000,77,230.5652777777812,0 days 00:00:50.577000,10857.566666666668,274.52222222222224,6,100.0,False,0,pos,2821.9252652068817,0.6641109837567758,OnTrack,4423.0,2409.0,543.0
2026-08-22 14:17:01.295,0 days 00:30:25.531000,77,227.4619444444479,0 days 00:00:50.653000,10900.0,276.0,7,100.0,False,0,car,2827.7902777777763,0.6654912539277213,OnTrack,4368.813149059497,2393.8527286678604,543.9276172204472
2026-08-22 14:17:01.439,0 days 00:30:25.675000,77,220.98194444444792,0 days 00:00:50.797000,10958.68,277.44,7,100.0,False,0,pos,2838.9400739186144,0.668115243363259,OnTrack,4261.0,2363.0,546.0
2026-08-22 14:17:01.659,0 days 00:30:25.895000,77,211.0819444444479,0 days 00:00:51.017000,11048.33,279.64,7,100.0,False,0,pos,2856.081415670712,0.6721492812147405,OnTrack,4098.0,2313.0,549.0
2026-08-22 14:17:01.695,0 days 00:30:25.931000,77,209.4619444444479,0 days 00:00:51.053000,11063.0,280.0,7,100.0,False,0,car,2858.901388888887,0.672812932804377,OnTrack,4065.9391362177444,2302.765791984431,549.5587039780187
2026-08-22 14:17:01.919,0 days 00:30:26.155000,77,198.69750000000323,0 days 00:00:51.277000,11122.36,282.24,7,100.0,False,0,pos,2876.5434622412995,0.6769648126695303,OnTrack,3846.0,2231.0,553.0
2026-08-22 14:17:02.095,0 days 00:30:26.331000,77,190.23972222222528,0 days 00:00:51.453000,11169.0,284.0,7,100.0,False,0,car,2890.4569444444433,0.6802392070935566,OnTrack,3714.1673741176987,2186.808773317722,553.9807263708983
2026-08-22 14:17:02.335,0 days 00:30:26.571000,77,178.63972222222583,0 days 00:00:51.693000,11300.0,285.0,7,100.0,False,0,car,2909.456944444443,0.6847106609789426,OnTrack,3559.929015939838,2133.035043419818,553.0312645697904
2026-08-22 14:17:02.339,0 days 00:30:26.575000,77,178.4463888888925,0 days 00:00:51.697000,11299.95,285.05,7,100.0,False,0,pos,2909.7750199895186,0.6847855167753569,OnTrack,3557.0,2132.0,553.0
2026-08-22 14:17:02.495,0 days 00:30:26.731000,77,170.90638888889225,0 days 00:00:51.853000,11298.0,287.0,7,100.0,False,0,car,2922.2124999999987,0.6877125493183716,OnTrack,3433.050528138995,2087.899416806324,551.3921048496043
2026-08-22 14:17:02.655,0 days 00:30:26.891000,77,163.30638888889234,0 days 00:00:52.013000,11383.0,287.0,7,100.0,False,0,car,2934.968055555554,0.6907144376578004,OnTrack,3296.9417134228784,2038.696905953569,549.1719149649668
2026-08-22 14:17:02.739,0 days 00:30:26.975000,77,159.26972222222568,0 days 00:00:52.097000,11357.275,287.0,7,100.0,False,0,pos,2941.6789967993923,0.6922937884103981,OnTrack,3233.0,2015.0,548.0
2026-08-22 14:17:02.975,0 days 00:30:27.211000,77,147.9286111111146,0 days 00:00:52.333000,11285.0,287.0,7,100.0,False,0,car,2960.479166666665,0.696718214336658,OnTrack,3083.1777532299056,1956.9995325202494,544.7276864929337
2026-08-22 14:17:03.139,0 days 00:30:27.375000,77,140.3208333333368,0 days 00:00:52.497000,10698.7,279.62,7,18.000000000000004,False,0,pos,2973.2361702005337,0.699720443442837,OnTrack,2981.0,1916.0,542.0
2026-08-22 14:17:03.175,0 days 00:30:27.411000,77,138.65083333333678,0 days 00:00:52.533000,10570.0,278.0,7,0.0,True,0,car,2975.92361111111,0.7003529049218551,OnTrack,2956.789398985421,1906.2464919761555,541.3122430566661
2026-08-22 14:17:03.339,0 days 00:30:27.575000,77,132.36416666666992,0 days 00:00:52.697000,10822.833333333334,257.5,7,0.0,True,0,pos,2987.482752550062,0.7030732295481145,OnTrack,2845.0,1861.0,538.0
2026-08-22 14:17:03.415,0 days 00:30:27.651000,77,129.4508333333365,0 days 00:00:52.773000,10940.0,248.0,7,0.0,True,0,car,2992.4569444444433,0.704243854267735,OnTrack,2799.498001083902,1842.4033405791643,536.6094170786572
2026-08-22 14:17:03.499,0 days 00:30:27.735000,77,126.88416598506534,0 days 00:00:52.857000,10888.066376249992,235.80082663590417,7,0.0,True,0,pos,2997.671822783065,0.7054711220576847,OnTrack,2746.0,1820.0,535.0
2026-08-22 14:17:03.656,0 days 00:30:27.892000,77,122.08694444444791,0 days 00:00:53.014000,10791.0,213.0,6,0.0,True,0,car,3006.71611111111,0.7075996019621579,OnTrack,2611.532972879921,1761.4285736069587,531.1803776149906
2026-08-22 14:17:03.759,0 days 00:30:27.995000,77,119.68360961778109,0 days 00:00:53.117000,10738.2124672,203.343744,6,0.0,True,0,pos,3012.2534520956433,0.708902758007421,OnTrack,2534.0,1727.0,529.0
2026-08-22 14:17:03.976,0 days 00:30:28.212000,77,114.62027777778076,0 days 00:00:53.334000,10627.0,183.0,6,0.0,True,0,car,3022.982777777777,0.7114277940605237,OnTrack,2463.4828834575223,1694.1974146583316,526.9220955205695
2026-08-22 14:17:04.139,0 days 00:30:28.375000,77,111.85833224889183,0 days 00:00:53.497000,9865.556843885714,168.44642285714286,6,1.7464292571428572,True,0,pos,3030.3173114925194,0.7131539008645384,OnTrack,2428.0,1676.0,526.0
2026-08-22 14:17:04.256,0 days 00:30:28.492000,77,109.87583333333623,0 days 00:00:53.614000,9319.0,158.0,4,3.0,True,0,car,3035.2716666666656,0.7143198572168027,OnTrack,2384.40163274067,1654.1920714974783,525.0026847990412
2026-08-22 14:17:04.359,0 days 00:30:28.595000,77,108.67416592000296,0 days 00:00:53.717000,9539.8063872,152.5281216,4,2.6781248,True,0,pos,3039.4551502026866,0.7153043968858338,OnTrack,2342.0,1633.0,524.0
2026-08-22 14:17:04.576,0 days 00:30:28.812000,77,106.14250000000311,0 days 00:00:53.934000,10005.0,141.0,4,2.0,True,0,car,3047.804999999999,0.7172694478499697,OnTrack,2260.22328475508,1592.3295218817743,522.0871302237468
2026-08-22 14:17:04.599,0 days 00:30:28.835000,77,105.94444389333641,0 days 00:00:53.957000,10046.1126144,140.041664,4,1.9041664,True,0,pos,3048.663159951293,0.7174714069367328,OnTrack,2251.0,1588.0,522.0
2026-08-22 14:17:04.798,0 days 00:30:29.034000,77,104.23083223111385,0 days 00:00:54.156000,10401.8252288,131.74999466666668,4,1.0749994666666667,True,0,pos,3055.8976058674543,0.7191739591104399,OnTrack,2164.0,1553.0,522.0
2026-08-22 14:17:04.816,0 days 00:30:29.052000,77,104.07583333333605,0 days 00:00:54.174000,10434.0,131.0,3,1.0,True,0,car,3056.5383333333325,0.7193247477060596,OnTrack,2155.8392768367685,1550.8864619354636,521.9487152426548
2026-08-22 14:17:04.978,0 days 00:30:29.214000,77,103.2658339733361,0 days 00:00:54.336000,10559.5499008,127.4562528,3,3.0249984,True,0,pos,3062.2126147263466,0.7206601312629842,OnTrack,2087.0,1541.0,521.0
2026-08-22 14:17:05.136,0 days 00:30:29.372000,77,102.47583333333614,0 days 00:00:54.494000,10682.0,124.0,2,5.0,True,0,car,3067.560555555555,0.7219187139366462,OnTrack,2049.267291163955,1542.07094739242,520.2608644417528
2026-08-22 14:17:05.238,0 days 00:30:29.474000,77,102.22083301333599,0 days 00:00:54.596000,10608.0499072,120.59999573333333,2,7.5500032,True,0,pos,3070.9019234612124,0.7227050703842387,OnTrack,2028.0,1549.0,520.0
2026-08-22 14:17:05.376,0 days 00:30:29.612000,77,101.87583333333578,0 days 00:00:54.734000,10508.0,116.0,2,11.0,False,0,car,3075.2938888888884,0.7237386741145578,OnTrack,1990.606600447671,1567.0695927261984,519.9408473161939
2026-08-22 14:17:05.458,0 days 00:30:29.694000,77,102.0580552711136,0 days 00:00:54.816000,10499.572235377778,114.63333546666667,2,16.694435555555554,False,0,pos,3077.840488872707,0.7243379901351982,OnTrack,1967.0,1582.0,520.0
2026-08-22 14:17:05.736,0 days 00:30:29.972000,77,102.67583333333596,0 days 00:00:55.094000,10471.0,110.0,2,36.0,False,0,car,3086.2938888888884,0.7263274105745182,OnTrack,1891.8554865749443,1650.7713539746119,520.2671993703559
2026-08-22 14:17:05.818,0 days 00:30:30.054000,77,102.90361075555813,0 days 00:00:55.176000,10511.316603733334,110.68333226666667,2,37.70833066666667,False,0,pos,3088.823632375221,0.7269227595924652,OnTrack,1871.0,1671.0,520.0
2026-08-22 14:17:05.976,0 days 00:30:30.212000,77,103.34250000000247,0 days 00:00:55.334000,10589.0,112.0,2,41.0,False,0,car,3093.760555555555,0.7280846135049156,OnTrack,1832.4021107830877,1706.0270538073607,518.7786204026422
2026-08-22 14:17:06.176,0 days 00:30:30.412000,77,104.23138888889162,0 days 00:00:55.534000,10516.0,114.0,2,25.0,False,0,car,3100.093888888888,0.7295750981333776,OnTrack,1784.459221659119,1743.1608760382853,516.4575097306958
2026-08-22 14:17:06.218,0 days 00:30:30.454000,77,104.53472129778048,0 days 00:00:55.576000,10476.31012096,113.79000064,2,19.750016,False,0,pos,3101.4192732341585,0.7298870136586559,OnTrack,1774.0,1750.0,516.0
2026-08-22 14:17:06.376,0 days 00:30:30.612000,77,105.67583333333596,0 days 00:00:55.734000,10327.0,113.0,2,0.0,True,0,car,3106.371666666666,0.7310525083352742,OnTrack,1733.3408216884065,1772.758557550434,514.3977026646492
2026-08-22 14:17:06.536,0 days 00:30:30.772000,77,107.40916666666908,0 days 00:00:55.894000,9848.0,111.0,2,0.0,True,0,car,3111.3049999999994,0.7322135174142868,OnTrack,1688.6392264153494,1790.7178312294523,512.925575716158
2026-08-22 14:17:06.638,0 days 00:30:30.874000,77,109.16583518534507,0 days 00:00:55.996000,9685.88697642393,109.08150267957313,2,0.0,True,0,pos,3114.352085970724,0.7329306176460184,OnTrack,1656.0,1799.0,512.0
2026-08-22 14:17:06.855,0 days 00:30:31.091000,77,112.90305555555778,0 days 00:00:56.213000,9341.0,105.0,2,0.0,True,0,car,3120.609166666666,0.7344031570033367,OnTrack,1575.934663637068,1808.3723524416714,510.05819741079875
2026-08-22 14:17:06.999,0 days 00:30:31.235000,77,115.74305555555779,0 days 00:00:56.357000,9140.3,101.4,2,0.0,True,0,pos,3124.655857151245,0.7353555038396643,OnTrack,1529.0,1810.0,509.0
2026-08-22 14:17:07.015,0 days 00:30:31.251000,77,116.05861111111335,0 days 00:00:56.373000,9118.0,101.0,2,0.0,True,0,car,3125.0980555555548,0.7354595706698255,OnTrack,1524.6042214496351,1810.012802880798,508.90137690361166
2026-08-22 14:17:07.255,0 days 00:30:31.491000,77,121.72527777777987,0 days 00:00:56.613000,8787.0,97.0,2,0.0,False,0,car,3131.5647222222215,0.7369814339220446,OnTrack,1477.6902934203779,1806.1153386423136,507.8857945943586
2026-08-22 14:17:07.439,0 days 00:30:31.675000,77,126.88750000000228,0 days 00:00:56.797000,8556.08,95.16,2,0.0,False,0,pos,3136.426288427432,0.7381255533482212,OnTrack,1444.0,1796.0,508.0
2026-08-22 14:17:07.455,0 days 00:30:31.691000,77,127.33638888889118,0 days 00:00:56.813000,8536.0,95.0,2,0.0,False,0,car,3136.8424999999993,0.738223504445763,OnTrack,1440.5199014684358,1794.771129242954,508.05549720008923
2026-08-22 14:17:07.615,0 days 00:30:31.851000,77,132.09194444444665,0 days 00:00:56.973000,8462.0,92.0,2,0.0,False,0,car,3140.9313888888883,0.7391857822409806,OnTrack,1402.160447133393,1779.6951968525523,508.86667745864645
2026-08-22 14:17:07.659,0 days 00:30:31.895000,77,133.5341666666689,0 days 00:00:57.017000,8447.7,91.34,2,2.6399999999999997,False,0,pos,3142.031222090083,0.7394446166325994,OnTrack,1392.0,1775.0,509.0
2026-08-22 14:17:07.815,0 days 00:30:32.051000,77,138.6475000000023,0 days 00:00:57.173000,8397.0,89.0,2,12.0,False,0,car,3145.8758333333326,0.7403494062053063,OnTrack,1359.4623424721226,1756.690485062039,508.93108207807404
2026-08-22 14:17:07.899,0 days 00:30:32.135000,77,141.56416666666902,0 days 00:00:57.257000,8514.6,89.0,2,18.825,False,0,pos,3147.9493358754876,0.7408373836262787,OnTrack,1341.0,1743.0,509.0
2026-08-22 14:17:07.975,0 days 00:30:32.211000,77,144.20305555555797,0 days 00:00:57.333000,8621.0,89.0,2,25.0,False,0,car,3149.831388888888,0.7412803053767667,OnTrack,1322.4363404563398,1727.1877099408896,509.31065126194005
2026-08-22 14:17:08.099,0 days 00:30:32.335000,77,148.5775000000025,0 days 00:00:57.457000,8634.64,89.62,2,26.86,False,0,pos,3152.9167332188854,0.7420064093184574,OnTrack,1293.0,1699.0,510.0
2026-08-22 14:17:08.175,0 days 00:30:32.411000,77,151.25861111111362,0 days 00:00:57.533000,8643.0,90.0,2,28.0,False,0,car,3154.831388888888,0.7424570037676579,OnTrack,1279.5293728824831,1684.267975822478,510.2519843160395
2026-08-22 14:17:08.375,0 days 00:30:32.611000,77,158.42527777778014,0 days 00:00:57.733000,8891.0,93.0,2,37.0,False,0,car,3159.9980555555544,0.7436729254382453,OnTrack,1257.8508590211163,1652.3642492141753,510.5473745389157
2026-08-22 14:17:08.459,0 days 00:30:32.695000,77,161.5052777777802,0 days 00:00:57.817000,8997.05,94.4,2,39.8,False,0,pos,3162.2307637197896,0.7441983702590822,OnTrack,1249.0,1637.0,511.0
2026-08-22 14:17:08.579,0 days 00:30:32.815000,77,165.9052777777803,0 days 00:00:57.937000,9148.55,96.4,2,43.8,False,0,pos,3165.4798644627062,0.7449630125822889,OnTrack,1235.0,1609.0,512.0
2026-08-22 14:17:08.615,0 days 00:30:32.851000,77,167.22527777778032,0 days 00:00:57.973000,9194.0,97.0,2,45.0,False,0,car,3166.464722222221,0.7451947886904644,OnTrack,1230.6081384077916,1596.598778307266,512.2450410236196
2026-08-22 14:17:08.799,0 days 00:30:33.035000,77,174.12527777778033,0 days 00:00:58.157000,9563.533333333333,100.06666666666666,2,48.06666666666667,False,0,pos,3171.5836740907866,0.7463994811758223,OnTrack,1210.0,1514.0,513.0
2026-08-22 14:17:08.855,0 days 00:30:33.091000,77,176.22527777778032,0 days 00:00:58.213000,9676.0,101.0,2,49.0,False,0,car,3173.1980555555547,0.7467794091901978,OnTrack,1206.243594321149,1492.1661377562348,513.1826028282339
2026-08-22 14:17:09.175,0 days 00:30:33.411000,77,187.95861111111344,0 days 00:00:58.533000,10678.0,110.0,2,60.0,False,0,car,3182.9758333333325,0.7490805082657183,OnTrack,1207.401306703788,1405.8526601272922,513.9553617785899
2026-08-22 14:17:09.279,0 days 00:30:33.515000,77,191.6563888888911,0 days 00:00:58.637000,10482.48,112.6,2,58.96,False,0,pos,3186.257321271472,0.7498527725810257,OnTrack,1211.0,1378.0,514.0
2026-08-22 14:17:09.375,0 days 00:30:33.611000,77,195.0697222222243,0 days 00:00:58.733000,10302.0,115.0,2,58.0,False,0,car,3189.364722222221,0.7505840673207457,OnTrack,1214.8021381175058,1349.8471733618553,513.9317512516301
2026-08-22 14:17:09.655,0 days 00:30:33.891000,77,201.99194444444674,0 days 00:00:59.013000,9653.0,125.0,3,67.0,False,0,car,3199.0869444444434,0.7528720919697006,OnTrack,1227.9154794223027,1258.5091550757816,513.2208489400747
2026-08-22 14:17:09.719,0 days 00:30:33.955000,77,203.14750000000234,0 days 00:00:59.077000,9804.466666666667,127.93333333333334,3,69.13333333333334,False,0,pos,3201.4413942351757,0.7534261874257383,OnTrack,1231.0,1238.0,513.0
2026-08-22 14:17:09.895,0 days 00:30:34.131000,77,206.32527777778023,0 days 00:00:59.253000,10221.0,136.0,3,75.0,False,0,car,3208.15361111111,0.7550058383851831,OnTrack,1239.480773222898,1183.461048828976,512.3051743944096
2026-08-22 14:17:10.119,0 days 00:30:34.355000,77,208.81416666666897,0 days 00:00:59.477000,10779.133333333333,145.33333333333334,3,84.33333333333333,False,0,pos,3217.206672907884,0.7571363830349636,OnTrack,1253.0,1103.0,512.0
2026-08-22 14:17:10.135,0 days 00:30:34.371000,77,208.99194444444674,0 days 00:00:59.493000,10819.0,146.0,3,85.0,False,0,car,3217.8869444444435,0.7572964779194512,OnTrack,1254.2246884716744,1095.99780325009,512.042876181314
2026-08-22 14:17:10.339,0 days 00:30:34.575000,77,210.29527807462472,0 days 00:00:59.697000,11607.412990955272,157.61566100854913,3,95.88968219551481,False,0,pos,3226.9844488404347,0.7594374816762286,OnTrack,1272.0,996.0,513.0
2026-08-22 14:17:10.416,0 days 00:30:34.652000,77,210.7872222222245,0 days 00:00:59.774000,11905.0,162.0,3,100.0,False,0,car,3230.5319444444435,0.7602723481500148,OnTrack,1278.8238438113744,957.341384204797,513.1937312899764
2026-08-22 14:17:10.739,0 days 00:30:34.975000,77,210.96666670222476,0 days 00:01:00.097000,11241.055424,170.972224,3,100.0,False,0,pos,3245.88140862677,0.7638846861108917,OnTrack,1306.0,802.0,513.0
2026-08-22 14:17:10.776,0 days 00:30:35.012000,77,210.98722222222477,0 days 00:01:00.134000,11165.0,172.0,4,100.0,False,0,car,3247.7319444444433,0.7643201906146802,OnTrack,1308.8421081336078,785.9333361963195,512.9818326629547
2026-08-22 14:17:10.976,0 days 00:30:35.212000,77,210.1538888888913,0 days 00:01:00.334000,11650.0,186.0,4,100.0,False,0,car,3258.065277777777,0.7667520339558551,OnTrack,1323.30778437826,705.0273014809505,512.9810382694806
2026-08-22 14:17:11.119,0 days 00:30:35.355000,77,209.20055512889135,0 days 00:01:00.477000,12002.1376576,189.5750016,4,100.0,False,0,pos,3265.5941312020745,0.7685238718977804,OnTrack,1335.0,639.0,513.0
2026-08-22 14:17:11.136,0 days 00:30:35.372000,77,209.08722222222468,0 days 00:01:00.494000,12044.0,190.0,4,100.0,False,0,car,3266.509722222221,0.7687393467938045,OnTrack,1336.5352046236726,630.2541617762154,513.0008250506111
2026-08-22 14:17:11.278,0 days 00:30:35.514000,77,207.7855543822248,0 days 00:01:00.636000,12048.1416704,197.1000064,4,100.0,False,0,pos,3274.3827065202654,0.7705921723848084,OnTrack,1350.0,553.0,513.0
2026-08-22 14:17:11.376,0 days 00:30:35.612000,77,206.88722222222486,0 days 00:01:00.734000,12051.0,202.0,4,100.0,False,0,car,3279.976388888888,0.7719085877932712,OnTrack,1358.6893238168573,502.61072566433467,513.0007338389948
2026-08-22 14:17:11.618,0 days 00:30:35.854000,77,204.3327791288917,0 days 00:01:00.976000,11503.811400533334,208.72221866666666,4,100.0,False,0,pos,3294.1435269564727,0.7752426775068031,OnTrack,1383.0,362.0,513.0
2026-08-22 14:17:11.736,0 days 00:30:35.972000,77,203.08722222222514,0 days 00:01:01.094000,11237.0,212.0,5,100.0,False,0,car,3301.1763888888877,0.7768977889706494,OnTrack,1401.0806542943208,259.52721534889054,512.9891173504064
2026-08-22 14:17:11.798,0 days 00:30:36.034000,77,202.4155541688917,0 days 00:01:01.156000,11327.416853333334,213.5500032,5,100.0,False,0,pos,3304.8947029343967,0.7777728558014851,OnTrack,1410.0,209.0,513.0
2026-08-22 14:17:11.976,0 days 00:30:36.212000,77,200.48722222222477,0 days 00:01:01.334000,11587.0,218.0,5,100.0,False,0,car,3315.709722222221,0.7803180589601729,OnTrack,1427.668780845651,108.10260694448385,513.1426350080145
2026-08-22 14:17:12.176,0 days 00:30:36.412000,77,198.26500000000306,0 days 00:01:01.534000,11840.0,226.0,5,100.0,False,0,car,3328.265277777776,0.783272879363966,OnTrack,1442.0246002149981,24.51995486784677,513.0627284318521
2026-08-22 14:17:12.198,0 days 00:30:36.434000,77,198.02666528000302,0 days 00:01:01.556000,11860.4417856,226.6416704,5,100.0,False,0,pos,3329.67035033353,0.7836035486870542,OnTrack,1444.0,13.0,513.0
2026-08-22 14:17:12.416,0 days 00:30:36.652000,77,195.6650000000027,0 days 00:01:01.774000,12063.0,233.0,5,100.0,False,0,car,3343.7986111111095,0.7869284890316677,OnTrack,1467.4152980022648,-121.82736983818792,512.0516463583381
2026-08-22 14:17:12.438,0 days 00:30:36.674000,77,195.4511098666694,0 days 00:01:01.796000,11926.70920704,233.33000192,5,100.0,False,0,pos,3345.2372070117963,0.7872670477279639,OnTrack,1470.0,-136.0,512.0
2026-08-22 14:17:12.616,0 days 00:30:36.852000,77,193.7205555555588,0 days 00:01:01.974000,10824.0,236.0,5,100.0,False,0,car,3356.9097222222204,0.7900140537011154,OnTrack,1491.749361686989,-249.72085877088307,511.9993347185893
2026-08-22 14:17:12.618,0 days 00:30:36.854000,77,193.7055565155588,0 days 00:01:01.976000,10822.812576,236.0,5,100.0,False,0,pos,3357.040530673243,0.7900448381198822,OnTrack,1492.0,-251.0,512.0
2026-08-22 14:17:12.776,0 days 00:30:37.012000,77,192.52055555555853,0 days 00:01:02.134000,10729.0,236.0,6,100.0,False,0,car,3367.3986111111094,0.7924825054366736,OnTrack,1512.1492032232936,-352.67822617357206,511.999743448506
2026-08-22 14:17:12.798,0 days 00:30:37.034000,77,192.3738880355586,0 days 00:01:02.156000,10744.9500928,236.8250048,6,100.0,False,0,pos,3368.8656541770224,0.7928277588796793,OnTrack,1515.0,-367.0,512.0
2026-08-22 14:17:12.936,0 days 00:30:37.172000,77,191.45388888889238,0 days 00:01:02.294000,10845.0,242.0,6,100.0,False,0,car,3378.154166666665,0.795013714419746,OnTrack,1533.104950259615,-457.94252988240186,512.0284414123043
2026-08-22 14:17:13.058,0 days 00:30:37.294000,77,191.0472226488919,0 days 00:01:02.416000,10519.87034112,237.12000512,6,69.500032,False,0,pos,3386.184075302123,0.7969034705338152,OnTrack,1549.0,-538.0,512.0
2026-08-22 14:17:13.136,0 days 00:30:37.372000,77,190.78722222222495,0 days 00:01:02.494000,10312.0,234.0,6,50.0,True,0,car,3391.154166666665,0.7980731302360629,OnTrack,1558.918245893406,-588.1666126584234,511.9148948508796
2026-08-22 14:17:13.218,0 days 00:30:37.454000,77,190.9238886755585,0 days 00:01:02.576000,10578.499584,228.19167573333334,6,32.916693333333335,True,0,pos,3396.210300710478,0.7992630391947597,OnTrack,1569.0,-640.0,512.0
2026-08-22 14:17:13.376,0 days 00:30:37.612000,77,191.1872222222255,0 days 00:01:02.734000,11092.0,217.0,6,0.0,True,0,car,3405.6208333333316,0.8014777109137078,OnTrack,1586.79499044,-735.8590090516619,512.9920732560431
2026-08-22 14:17:13.378,0 days 00:30:37.614000,77,191.19888813847365,0 days 00:01:02.736000,11092.33163695867,216.91960316153467,6,0.010049604808167299,True,0,pos,3405.7391001288024,0.8015055437832929,OnTrack,1587.0,-737.0,513.0
2026-08-22 14:17:13.559,0 days 00:30:37.795000,77,192.25472225224226,0 days 00:01:02.917000,11122.346734521654,209.64321587353862,6,0.9195980158076733,True,0,pos,3416.280186525025,0.8039862796634287,OnTrack,1603.0,-834.0,513.0
2026-08-22 14:17:13.575,0 days 00:30:37.811000,77,192.34805555555886,0 days 00:01:02.933000,11125.0,209.0,5,1.0,True,0,car,3417.173888888887,0.8041966032901273,OnTrack,1604.1367285589643,-842.5700545515158,512.9883376305423
2026-08-22 14:17:13.775,0 days 00:30:38.011000,77,194.95916666667017,0 days 00:01:03.133000,11507.0,191.0,5,9.0,True,0,car,3427.7849999999985,0.8066938187641296,OnTrack,1614.0304440040495,-952.0273005654575,512.9923704269602
2026-08-22 14:17:13.839,0 days 00:30:38.075000,77,196.07916666667006,0 days 00:01:03.197000,11433.2,189.2,5,9.6,True,0,pos,3431.079018485826,0.8074690320144975,OnTrack,1615.0,-986.0,513.0
2026-08-22 14:17:14.095,0 days 00:30:38.331000,77,200.55916666666963,0 days 00:01:03.453000,11138.0,182.0,4,12.0,True,0,car,3443.9627777777764,0.8105010917799906,OnTrack,1606.7367878122598,-1112.2841615126204,512.946549872506
2026-08-22 14:17:14.239,0 days 00:30:38.475000,77,203.5991666666698,0 days 00:01:03.597000,11035.85,178.85,4,15.6,True,0,pos,3451.0226348751617,0.8121625562772735,OnTrack,1591.0,-1180.0,513.0
2026-08-22 14:17:14.415,0 days 00:30:38.651000,77,207.31472222222556,0 days 00:01:03.773000,10911.0,175.0,4,20.0,False,0,car,3459.518333333332,0.8141619312183186,OnTrack,1559.2172142650948,-1261.8163093626415,513.2423286204553
2026-08-22 14:17:14.575,0 days 00:30:38.811000,77,210.91472222222546,0 days 00:01:03.933000,10599.0,172.0,4,27.0,False,0,car,3467.1627777777762,0.8159609723137253,OnTrack,1520.1076306895936,-1332.90313905948,513.6396768886015
2026-08-22 14:17:14.679,0 days 00:30:38.915000,77,213.39916666666983,0 days 00:01:04.037000,10647.1,170.7,4,40.0,False,0,pos,3472.075319249901,0.8171170882428124,OnTrack,1492.0,-1374.0,514.0
2026-08-22 14:17:14.735,0 days 00:30:38.971000,77,214.73694444444754,0 days 00:01:04.093000,10673.0,170.0,4,47.0,False,0,car,3474.718333333332,0.8177390943266275,OnTrack,1476.0422274859125,-1394.3887617640266,514.2275691347899
2026-08-22 14:17:15.055,0 days 00:30:39.291000,77,222.73694444444845,0 days 00:01:04.413000,10748.0,171.0,4,60.0,False,0,car,3489.9183333333317,0.8213162574349363,OnTrack,1376.7712056715486,-1488.843358071287,515.7669565012028
2026-08-22 14:17:15.119,0 days 00:30:39.355000,77,224.33694444444845,0 days 00:01:04.477000,10797.6,171.4,4,60.4,False,0,pos,3492.9644133932143,0.8220331209359341,OnTrack,1357.0,-1504.0,516.0
2026-08-22 14:17:15.215,0 days 00:30:39.451000,77,226.73694444444845,0 days 00:01:04.573000,10872.0,172.0,4,61.0,False,0,car,3497.562777777776,0.8231152985303432,OnTrack,1327.8048918447162,-1524.5830318630874,516.273572298704
2026-08-22 14:17:15.495,0 days 00:30:39.731000,77,233.5813888888929,0 days 00:01:04.853000,11113.0,177.0,4,67.0,False,0,car,3511.3294444444427,0.8263551414332634,OnTrack,1225.5957160784883,-1571.750486960497,516.8482850634796
2026-08-22 14:17:15.539,0 days 00:30:39.775000,77,234.68138888889288,0 days 00:01:04.897000,11162.133333333333,177.24444444444444,4,68.71111111111111,False,0,pos,3513.490757512062,0.8268637841550394,OnTrack,1201.0,-1578.0,517.0
2026-08-22 14:17:15.739,0 days 00:30:39.975000,77,239.68138888889288,0 days 00:01:05.097000,11385.466666666667,178.35555555555555,4,76.4888888888889,False,0,pos,3523.2933292360117,0.8291707182298725,OnTrack,1063.0,-1602.0,518.0
2026-08-22 14:17:15.855,0 days 00:30:40.091000,77,242.5813888888929,0 days 00:01:05.213000,11515.0,179.0,4,81.0,False,0,car,3529.229444444443,0.8305677216726535,OnTrack,982.2874108453675,-1610.4965715833787,518.8707657682568
2026-08-22 14:17:16.615,0 days 00:30:40.851000,77,256.72583333333705,0 days 00:01:05.973000,11063.0,209.0,5,100.0,False,0,car,3573.3516666666656,0.8409514312509393,OnTrack,542.9125697178712,-1591.3686654089017,526.7944547279117
2026-08-22 14:17:16.659,0 days 00:30:40.895000,77,257.4958335378184,0 days 00:01:06.017000,11109.190883635752,210.09543597555145,5,100.0,False,0,pos,3575.9701661877452,0.84156766808554,OnTrack,524.0,-1590.0,527.0
2026-08-22 14:17:16.856,0 days 00:30:41.092000,77,260.9433333333368,0 days 00:01:06.214000,11316.0,215.0,5,100.0,False,0,car,3587.7447222222213,0.844338688313385,OnTrack,448.92348080179903,-1585.287704855516,527.4039606791648
2026-08-22 14:17:17.056,0 days 00:30:41.292000,77,264.1100000000024,0 days 00:01:06.414000,11226.0,222.0,5,100.0,False,0,car,3600.078055555555,0.8472412110109164,OnTrack,366.14483747551753,-1578.5581277920521,528.4138070453051
2026-08-22 14:17:17.099,0 days 00:30:41.335000,77,264.7430564977802,0 days 00:01:06.457000,11120.956986514286,223.22857325714287,5,100.0,False,0,pos,3602.779816551896,0.8478770425743098,OnTrack,343.0,-1576.0,529.0
2026-08-22 14:17:17.259,0 days 00:30:41.495000,77,267.0986120533358,0 days 00:01:06.617000,10730.099843657143,227.80000182857142,5,100.0,False,0,pos,3612.981499776087,0.850277903421167,OnTrack,244.0,-1563.0,532.0
2026-08-22 14:17:17.336,0 days 00:30:41.572000,77,268.23222222222466,0 days 00:01:06.694000,10542.0,230.0,6,100.0,False,0,car,3617.966944444444,0.8514511763649936,OnTrack,196.3482432290001,-1554.8267129030614,533.2800557665928
2026-08-22 14:17:17.539,0 days 00:30:41.775000,77,270.9388897422245,0 days 00:01:06.897000,10611.922244266667,235.0750016,6,100.0,False,0,pos,3631.336817323686,0.8545976379456783,OnTrack,68.0,-1525.0,536.0
2026-08-22 14:17:17.696,0 days 00:30:41.932000,77,273.0322222222244,0 days 00:01:07.054000,10666.0,239.0,6,100.0,False,0,car,3641.866944444444,0.8570757946734531,OnTrack,-48.05358080487295,-1489.6330766508827,538.2014114700189
2026-08-22 14:17:17.739,0 days 00:30:41.975000,77,273.6055564088911,0 days 00:01:07.097000,10730.653667657143,240.0750016,6,100.0,False,0,pos,3644.7755461028955,0.8577603040517018,OnTrack,-81.0,-1478.0,539.0
2026-08-22 14:17:17.976,0 days 00:30:42.212000,77,276.76555555555797,0 days 00:01:07.334000,11087.0,246.0,6,100.0,False,0,car,3661.0002777777772,0.8615786271825963,OnTrack,-263.8115629922534,-1399.7235401999767,545.4430897290771
2026-08-22 14:17:18.118,0 days 00:30:42.354000,77,278.58000163555846,0 days 00:01:07.476000,11194.6834304,248.958336,6,100.0,False,0,pos,3670.8838496970416,0.8639046238173272,OnTrack,-355.0,-1354.0,549.0
2026-08-22 14:17:18.216,0 days 00:30:42.452000,77,279.8322222222255,0 days 00:01:07.574000,11269.0,251.0,6,100.0,False,0,car,3677.7336111111103,0.8655166444641118,OnTrack,-403.94892161652956,-1326.8649351358322,550.717548740509
2026-08-22 14:17:18.416,0 days 00:30:42.652000,77,282.4988888888911,0 days 00:01:07.774000,11351.0,252.0,6,100.0,False,0,car,3691.7336111111103,0.8688113999586069,OnTrack,-480.0122147302329,-1275.2824631501742,553.2266808276792
2026-08-22 14:17:18.498,0 days 00:30:42.734000,77,283.5238872888911,0 days 00:01:07.856000,11410.157050514286,253.17142674285714,6,100.0,False,0,pos,3697.5251520473125,0.8701743793386887,OnTrack,-517.0,-1246.0,555.0
2026-08-22 14:17:18.696,0 days 00:30:42.932000,77,285.9988888888911,0 days 00:01:08.054000,11553.0,256.0,6,100.0,False,0,car,3711.6447222222214,0.8734972744396665,OnTrack,-622.9428201336995,-1153.9994092877123,560.9457203665233
2026-08-22 14:17:18.698,0 days 00:30:42.934000,77,286.0249983288911,0 days 00:01:08.056000,11554.3070592,256.0285696,6,100.0,False,0,pos,3711.7881180643412,0.8735310211710029,OnTrack,-624.0,-1153.0,561.0
2026-08-22 14:17:18.898,0 days 00:30:43.134000,77,288.6361094400022,0 days 00:01:08.256000,11685.021344914287,258.88571245714286,6,100.0,False,0,pos,3726.204551091121,0.8769237798800035,OnTrack,-723.0,-1049.0,565.0
2026-08-22 14:17:18.976,0 days 00:30:43.212000,77,289.65444444444665,0 days 00:01:08.334000,11736.0,260.0,6,100.0,False,0,car,3731.8669444444436,0.8782563657094927,OnTrack,-758.593870288515,-1005.4303859194517,565.7245647035688
2026-08-22 14:17:19.098,0 days 00:30:43.334000,77,291.1116651377804,0 days 00:01:08.456000,11374.88037888,261.21999872,6,100.0,False,0,pos,3740.767932450254,0.8803511213622485,OnTrack,-811.0,-934.0,567.0
2026-08-22 14:17:19.358,0 days 00:30:43.594000,77,294.21722375111466,0 days 00:01:08.716000,10605.27962112,263.82000128,6,100.0,False,0,pos,3759.8744658294745,0.8848476467788154,OnTrack,-908.0,-771.0,575.0
2026-08-22 14:17:19.376,0 days 00:30:43.612000,77,294.43222222222585,0 days 00:01:08.734000,10552.0,264.0,7,100.0,False,0,car,3761.200277777776,0.8851596629360536,OnTrack,-913.8128441301074,-759.2279385731772,575.5312251077795
2026-08-22 14:17:19.576,0 days 00:30:43.812000,77,296.76555555555933,0 days 00:01:08.934000,10576.0,266.0,7,100.0,False,0,car,3775.978055555554,0.8886374604024652,OnTrack,-969.5331355109381,-624.3853182701956,579.0097807966713
2026-08-22 14:17:19.578,0 days 00:30:43.814000,77,296.7872208355593,0 days 00:01:08.936000,10576.7124544,266.0374976,7,100.0,False,0,pos,3776.12677373631,0.8886724596912636,OnTrack,-970.0,-623.0,579.0
2026-08-22 14:17:19.658,0 days 00:30:43.894000,77,297.65388750222587,0 days 00:01:09.016000,10605.2124544,267.5374976,7,100.0,False,0,pos,3782.0952882426664,0.8900770879743916,OnTrack,-987.0,-567.0,578.0
2026-08-22 14:17:19.736,0 days 00:30:43.972000,77,298.49888888889245,0 days 00:01:09.094000,10633.0,269.0,7,100.0,False,0,car,3787.9336111111093,0.8914510769993513,OnTrack,-999.6684062010389,-511.36992042014214,577.1358478857089
2026-08-22 14:17:19.878,0 days 00:30:44.114000,77,300.0766680888924,0 days 00:01:09.236000,10674.89003776,269.71000064,7,100.0,False,0,pos,3798.572503565048,0.8939548305256341,OnTrack,-1013.0,-408.0,576.0
2026-08-22 14:17:19.936,0 days 00:30:44.172000,77,300.7211111111146,0 days 00:01:09.294000,10692.0,270.0,7,100.0,False,0,car,3802.9336111111093,0.8949811721720247,OnTrack,-1015.1403280075112,-365.2673783461092,575.4314276348914
2026-08-22 14:17:20.219,0 days 00:30:44.455000,77,303.62972249137874,0 days 00:01:09.577000,10793.029236906323,272.36325700365666,7,100.0,False,0,pos,3824.3998908302424,0.9000330395328091,OnTrack,-998.0,-149.0,571.0
2026-08-22 14:17:20.415,0 days 00:30:44.651000,77,305.64416666666966,0 days 00:01:09.773000,10863.0,274.0,7,100.0,False,0,car,3839.3908333333316,0.9035610031170743,OnTrack,-960.3550130154392,10.274251033124266,565.5711224028901
2026-08-22 14:17:20.439,0 days 00:30:44.675000,77,305.8641666666697,0 days 00:01:09.797000,10866.8,274.2,7,100.0,False,0,pos,3841.2309418786485,0.9039940536699422,OnTrack,-955.0,28.0,565.0
2026-08-22 14:17:20.699,0 days 00:30:44.935000,77,308.24750000000313,0 days 00:01:10.057000,10907.966666666667,276.3666666666667,7,100.0,False,0,pos,3861.2266994192896,0.9086998488144864,OnTrack,-887.0,202.0,561.0
2026-08-22 14:17:20.775,0 days 00:30:45.011000,77,308.94416666666984,0 days 00:01:10.133000,10920.0,277.0,7,100.0,False,0,car,3867.0908333333314,0.910079912202611,OnTrack,-860.2633595481731,265.2721512149223,560.0841658161319
2026-08-22 14:17:20.975,0 days 00:30:45.211000,77,310.66638888889247,0 days 00:01:10.333000,11018.0,279.0,7,100.0,False,0,car,3882.5908333333314,0.9137276772143734,OnTrack,-779.3451680304901,457.1981275000524,557.8571579467832
2026-08-22 14:17:21.059,0 days 00:30:45.295000,77,311.2497222222258,0 days 00:01:10.417000,11080.3,280.4,7,100.0,False,0,pos,3889.17406910715,0.9152769738027552,OnTrack,-752.0,524.0,557.0
2026-08-22 14:17:21.279,0 days 00:30:45.515000,77,312.77750000000356,0 days 00:01:10.637000,11243.466666666667,284.06666666666666,7,100.0,False,0,pos,3906.6221506360744,0.9193831996945996,OnTrack,-701.0,656.0,555.0
2026-08-22 14:17:21.335,0 days 00:30:45.571000,77,313.16638888889247,0 days 00:01:10.693000,11285.0,285.0,7,100.0,False,0,car,3911.0908333333314,0.9204348580424526,OnTrack,-686.999321101491,692.6145925449032,554.5685142892238
2026-08-22 14:17:21.535,0 days 00:30:45.771000,77,314.2219444444472,0 days 00:01:10.893000,11450.0,289.0,7,100.0,False,0,car,3927.146388888887,0.9242133673198697,OnTrack,-628.5397441731166,844.4222320283395,553.2171586438942
2026-08-22 14:17:21.659,0 days 00:30:45.895000,77,314.7730555555595,0 days 00:01:11.017000,11510.45,292.1,7,100.0,False,0,pos,3937.229055593334,0.9265862188572727,OnTrack,-592.0,939.0,552.0
2026-08-22 14:17:21.695,0 days 00:30:45.931000,77,314.9330555555598,0 days 00:01:11.053000,11528.0,293.0,7,100.0,False,0,car,3940.168611111109,0.9272780129068127,OnTrack,-581.744402995071,965.5236596141449,551.5593526992278
2026-08-22 14:17:21.799,0 days 00:30:46.035000,77,315.25083333333754,0 days 00:01:11.157000,11371.257142857143,294.1142857142857,7,100.0,False,0,pos,3948.681461596227,0.9292814244003597,OnTrack,-551.0,1045.0,550.0
2026-08-22 14:17:21.975,0 days 00:30:46.211000,77,315.7886111111152,0 days 00:01:11.333000,11106.0,296.0,7,100.0,False,0,car,3963.1908333333313,0.9326960552755379,OnTrack,-484.6890986970559,1216.4126168630949,546.1800569063122
2026-08-22 14:17:22.039,0 days 00:30:46.275000,77,315.91305555555965,0 days 00:01:11.397000,10996.4,297.3333333333333,7,100.0,False,0,pos,3968.5136805578472,0.9339487324283474,OnTrack,-462.0,1275.0,545.0
2026-08-22 14:17:22.215,0 days 00:30:46.451000,77,316.2552777777819,0 days 00:01:11.573000,10695.0,301.0,8,100.0,False,0,car,3983.2574999999974,0.9374185381509808,OnTrack,-413.16489314052376,1400.7860496809049,543.2511600685973
2026-08-22 14:17:22.439,0 days 00:30:46.675000,77,316.3797222222258,0 days 00:01:11.797000,10674.0,303.1,8,100.0,False,0,pos,4002.1508116853183,0.941864884042725,OnTrack,-359.0,1540.0,542.0
2026-08-22 14:17:22.535,0 days 00:30:46.771000,77,316.4330555555589,0 days 00:01:11.893000,10665.0,304.0,8,100.0,False,0,car,4010.2797222222202,0.943777939232419,OnTrack,-329.83360329008417,1615.1263914431886,540.8782652258283
2026-08-22 14:17:22.619,0 days 00:30:46.855000,77,316.4330555555589,0 days 00:01:11.977000,10686.6,304.6,8,100.0,False,0,pos,4017.405238075484,0.9454548558401799,OnTrack,-304.0,1682.0,540.0
2026-08-22 14:17:22.815,0 days 00:30:47.051000,77,316.4330555555589,0 days 00:01:12.173000,10737.0,306.0,8,100.0,False,0,car,4034.0797222222204,0.9493790235730607,OnTrack,-248.2990683714342,1828.082358937446,539.3520466697355
2026-08-22 14:17:22.879,0 days 00:30:47.115000,77,316.29083333333654,0 days 00:01:12.237000,10751.857142857143,306.45714285714286,8,100.0,False,0,pos,4039.540134407077,0.9506640752193654,OnTrack,-225.0,1889.0,539.0
2026-08-22 14:17:23.079,0 days 00:30:47.315000,77,315.84638888889174,0 days 00:01:12.437000,10798.285714285714,307.8857142857143,8,100.0,False,0,pos,4056.6609782732194,0.9546932891049628,OnTrack,-133.0,2128.0,537.0
2026-08-22 14:17:23.095,0 days 00:30:47.331000,77,315.8108333333362,0 days 00:01:12.453000,10802.0,308.0,8,100.0,False,0,car,4058.035277777776,0.9550167163080856,OnTrack,-126.11280144010213,2145.837083931326,536.8923710625679
2026-08-22 14:17:23.255,0 days 00:30:47.491000,77,314.61083333333636,0 days 00:01:12.613000,10829.0,310.0,8,100.0,False,0,car,4071.8130555555535,0.9582591740963188,OnTrack,-66.72411375259695,2299.208849700223,536.6052050612911
2026-08-22 14:17:23.439,0 days 00:30:47.675000,77,312.2086103462282,0 days 00:01:12.797000,10898.572161455813,310.9154231770502,8,100.0,False,0,pos,4087.706246402527,0.9619994725154705,OnTrack,-8.0,2451.0,537.0
2026-08-22 14:17:23.456,0 days 00:30:47.692000,77,311.98666666667077,0 days 00:01:12.814000,10905.0,311.0,8,100.0,False,0,car,4089.17722222222,0.962345651491485,OnTrack,-2.4872340067231664,2465.3223678693803,537.021678629448
2026-08-22 14:17:23.696,0 days 00:30:47.932000,77,307.720000000003,0 days 00:01:13.054000,10873.0,312.0,8,100.0,False,0,car,4109.977222222221,0.9672407167975923,OnTrack,76.59965394653537,2672.025066909492,537.0667694826134
2026-08-22 14:17:23.879,0 days 00:30:48.115000,77,303.65333191111336,0 days 00:01:13.237000,10901.36500992,312.0,8,100.0,False,0,pos,4125.835338704291,0.9709727608269955,OnTrack,128.0,2806.0,537.0
2026-08-22 14:17:23.896,0 days 00:30:48.132000,77,303.27555555555773,0 days 00:01:13.254000,10904.0,312.0,8,100.0,False,0,car,4127.310555555555,0.9713199378860149,OnTrack,132.05697305004807,2816.4944767803618,536.9964114971668
2026-08-22 14:17:24.136,0 days 00:30:48.372000,77,296.1422222222245,0 days 00:01:13.494000,10915.0,313.0,8,100.0,False,0,car,4148.177222222221,0.9762306925040002,OnTrack,177.38578468863076,2932.1529070549886,536.9910954043132
2026-08-22 14:17:24.299,0 days 00:30:48.535000,77,290.61833116444706,0 days 00:01:13.657000,10932.11500672,313.0,8,100.0,False,0,pos,4162.345686191298,0.9795650942547626,OnTrack,214.0,3026.0,537.0
2026-08-22 14:17:24.336,0 days 00:30:48.572000,77,289.36444444444714,0 days 00:01:13.694000,10936.0,313.0,8,100.0,False,0,car,4165.566111111109,0.9803229880189881,OnTrack,224.35765410876402,3052.7649303395033,537.0007506096271
2026-08-22 14:17:24.518,0 days 00:30:48.754000,77,282.4383284622247,0 days 00:01:13.876000,10954.2000128,313.91000064,8,100.0,False,0,pos,4181.4396307673205,0.9840586570264366,OnTrack,283.0,3205.0,537.0
2026-08-22 14:17:24.536,0 days 00:30:48.772000,77,281.75333333333583,0 days 00:01:13.894000,10956.0,314.0,8,100.0,False,0,car,4183.010555555554,0.9844283579605415,OnTrack,288.9401478266478,3220.4423259595374,536.9999244734139
2026-08-22 14:17:24.758,0 days 00:30:48.994000,77,272.44166129778074,0 days 00:01:14.116000,10955.3062496,314.0,8,100.0,False,0,pos,4202.383855936097,0.9889876642373484,OnTrack,361.0,3408.0,537.0
2026-08-22 14:17:24.838,0 days 00:30:49.074000,77,269.08610574222536,0 days 00:01:14.196000,10955.0562496,314.0,8,100.0,False,0,pos,4209.3545566109115,0.990628146690836,OnTrack,386.0,3473.0,537.0
2026-08-22 14:17:24.856,0 days 00:30:49.092000,77,268.3311111111143,0 days 00:01:14.214000,10955.0,314.0,8,100.0,False,0,car,4210.921666666664,0.9909969498670268,OnTrack,392.0803439664637,3488.637184340417,536.9999981503358
2026-08-22 14:17:25.056,0 days 00:30:49.292000,77,258.99777777778036,0 days 00:01:14.414000,10941.0,313.0,8,100.0,False,0,car,4228.310555555553,0.9950892453820147,OnTrack,471.6969828359762,3688.8964033191814,536.9999976870513
2026-08-22 14:17:25.138,0 days 00:30:49.374000,77,258.99777777778036,0 days 00:01:14.496000,10926.308356266667,313.0,8,100.0,False,0,pos,4235.438777515596,0.996766798844074,OnTrack,502.0,3764.0,537.0
2026-08-22 14:17:25.242,0 days 00:30:49.478000,77,258.99777777778036,0 days 00:01:14.600000,10907.675022933334,313.0,8,100.0,False,0,interpolation,4244.481271937174,0.9988948565711767,OnTrack,534.6351364068249,3844.1333843495418,537.0000014431237
