Date,SessionTime,DriverAhead,DistanceToDriverAhead,Time,RPM,Speed,nGear,Throttle,Brake,DRS,Source,Distance,RelativeDistance,Status,X,Y,Z
2026-08-22 14:15:34.013,0 days 00:28:58.249000,,1383.981111111111,0 days 00:00:00,10516.241842133333,300.98333226666665,7,100.0,False,0,interpolation,0.03915156781793459,9.20218501973771e-06,OnTrack,508.3717554702055,3778.533066502211,537.000132362855
2026-08-22 14:15:34.135,0 days 00:28:58.371000,,1383.981111111111,0 days 00:00:00.122000,10349.0,302.0,8,100.0,False,0,car,10.3,0.002420912136754635,OnTrack,539.1648731188247,3853.9539738857134,537.0000046978128
2026-08-22 14:15:34.138,0 days 00:28:58.374000,,1383.981111111111,0 days 00:00:00.125000,10353.0372416,302.0374976,8,100.0,False,0,pos,10.552987288678413,0.002480374272444559,OnTrack,540.0,3856.0,537.0
2026-08-22 14:15:34.298,0 days 00:28:58.534000,,1383.981111111111,0 days 00:00:00.285000,10568.370574933333,304.0374976,8,100.0,False,0,pos,24.09288633089732,0.005662792323098948,OnTrack,591.0,3981.0,537.0
2026-08-22 14:15:34.375,0 days 00:28:58.611000,27,1383.981111111111,0 days 00:00:00.362000,10672.0,305.0,8,100.0,False,0,car,30.633333333333333,0.007200059073389997,OnTrack,621.7892303236824,4056.521096584522,537.0007748484404
2026-08-22 14:15:34.598,0 days 00:28:58.834000,27,1383.2997220266666,0 days 00:00:00.585000,10715.0071552,306.5928576,8,100.0,False,0,pos,49.64171771722947,0.011667789991358098,OnTrack,713.0,4280.0,537.0
2026-08-22 14:15:34.655,0 days 00:28:58.891000,27,1383.1255555555556,0 days 00:00:00.642000,10726.0,307.0,8,100.0,False,0,car,54.51111111111111,0.0128122922793077,OnTrack,727.4981976276587,4315.260396171743,536.996418286545
2026-08-22 14:15:34.839,0 days 00:28:59.075000,27,1382.358888888889,0 days 00:00:00.826000,10772.657142857142,307.65714285714284,8,100.0,False,0,pos,70.25093239129428,0.016511780081981904,OnTrack,765.0,4406.0,537.0
2026-08-22 14:15:34.935,0 days 00:28:59.171000,27,1381.958888888889,0 days 00:00:00.922000,10797.0,308.0,8,100.0,False,0,car,78.46666666666667,0.018442806375146958,OnTrack,799.8419236892536,4491.154286901867,537.0392531755615
2026-08-22 14:15:35.095,0 days 00:28:59.331000,27,1381.2477777777776,0 days 00:00:01.082000,10719.0,308.0,8,100.0,False,0,car,92.15555555555557,0.021660243001340822,OnTrack,875.2269246036242,4675.93822867523,537.0807432911288
2026-08-22 14:15:35.159,0 days 00:28:59.395000,27,1380.9277777777775,0 days 00:00:01.146000,10739.8,308.0,8,100.0,False,0,pos,97.62911988493958,0.02294674963399257,OnTrack,901.0,4739.0,537.0
2026-08-22 14:15:35.255,0 days 00:28:59.491000,27,1380.4477777777774,0 days 00:00:01.242000,10771.0,308.0,8,100.0,False,0,car,105.84444444444445,0.024877679627534684,OnTrack,933.0307125942048,4817.174460689011,536.7581055291944
2026-08-22 14:15:35.575,0 days 00:28:59.811000,87,1374.2413888888893,0 days 00:00:01.562000,10729.0,309.0,8,100.0,False,0,car,133.31111111111113,0.03133344532554705,OnTrack,1005.7499220251618,4993.9246553162475,535.8701257382879
2026-08-22 14:15:35.619,0 days 00:28:59.855000,87,1371.9802777777782,0 days 00:00:01.606000,10719.65,308.81666666666666,8,100.0,False,0,pos,137.08003659611646,0.03221929362158328,OnTrack,1018.0,5024.0,536.0
2026-08-22 14:15:35.799,0 days 00:29:00.035000,87,1362.7302777777784,0 days 00:00:01.786000,10681.4,308.06666666666666,8,100.0,False,0,pos,152.47553176998878,0.03583785101165852,OnTrack,1076.0,5167.0,537.0
2026-08-22 14:15:35.815,0 days 00:29:00.051000,87,1361.908055555556,0 days 00:00:01.802000,10678.0,308.0,8,100.0,False,0,car,153.84444444444446,0.03615960026483784,OnTrack,1081.3311305689153,5180.146035253328,537.0505894704123
2026-08-22 14:15:35.975,0 days 00:29:00.211000,87,1353.7747222222224,0 days 00:00:01.962000,10620.0,308.0,8,100.0,False,0,car,167.53333333333336,0.039377036891031704,OnTrack,1134.1698507361705,5311.2733047677975,537.0441264386358
2026-08-22 14:15:36.019,0 days 00:29:00.255000,87,1351.5747222222224,0 days 00:00:02.006000,10616.15,307.45,8,100.0,False,0,pos,171.28982312936768,0.040259962302567086,OnTrack,1148.0,5347.0,537.0
2026-08-22 14:15:36.135,0 days 00:29:00.371000,87,1345.7747222222224,0 days 00:00:02.122000,10606.0,306.0,8,100.0,False,0,car,181.13333333333335,0.042573581071600926,OnTrack,1182.4771963446092,5440.2781086922105,536.9139403665648
2026-08-22 14:15:36.259,0 days 00:29:00.495000,87,1340.0225000000003,0 days 00:00:02.246000,10553.742857142857,302.45714285714286,8,100.0,False,0,pos,191.45208576606225,0.04499890078039314,OnTrack,1216.0,5538.0,537.0
2026-08-22 14:15:36.415,0 days 00:29:00.651000,87,1332.7858333333336,0 days 00:00:02.402000,10488.0,298.0,8,100.0,False,0,car,204.31111111111116,0.04802128626822463,OnTrack,1254.469939342144,5662.192831479819,537.626417710119
2026-08-22 14:15:36.459,0 days 00:29:00.695000,87,1330.8913888888892,0 days 00:00:02.446000,10428.966666666667,296.9,8,83.31666666666666,False,0,pos,207.95922231945747,0.04887873837507086,OnTrack,1267.0,5706.0,538.0
2026-08-22 14:15:36.619,0 days 00:29:00.855000,87,1324.0025000000003,0 days 00:00:02.606000,10214.3,292.9,8,22.650000000000002,False,0,pos,221.03720894692083,0.051952588525628236,OnTrack,1319.0,5896.0,540.0
2026-08-22 14:15:36.655,0 days 00:29:00.891000,87,1322.4525000000003,0 days 00:00:02.642000,10166.0,292.0,8,9.0,True,0,car,223.7777777777778,0.05259673186001979,OnTrack,1329.0895477214974,5933.12697663164,540.4103167852592
2026-08-22 14:15:36.975,0 days 00:29:01.211000,87,1314.096944444445,0 days 00:00:02.962000,9583.0,237.0,8,0.0,True,0,car,244.8444444444445,0.057548241473058405,OnTrack,1382.8342493375715,6127.323140290933,542.896722763256
2026-08-22 14:15:37.079,0 days 00:29:01.315000,87,1312.0458333333338,0 days 00:00:03.066000,9795.68,226.08,8,0.0,True,0,pos,251.19117554268314,0.05903997723465491,OnTrack,1397.0,6174.0,544.0
2026-08-22 14:15:37.175,0 days 00:29:01.411000,87,1310.1525000000006,0 days 00:00:03.162000,9992.0,216.0,8,0.0,True,0,car,256.8444444444445,0.060368721632384194,OnTrack,1410.8358330499957,6217.412586054608,545.301118922388
2026-08-22 14:15:37.319,0 days 00:29:01.555000,87,1308.5525000000005,0 days 00:00:03.306000,10160.75,204.3,8,0.0,True,0,pos,264.7945404281037,0.06223731229793805,OnTrack,1434.0,6284.0,547.0
2026-08-22 14:15:37.495,0 days 00:29:01.731000,87,1306.596944444445,0 days 00:00:03.482000,10367.0,190.0,8,0.0,True,0,car,273.7333333333334,0.06433828630106493,OnTrack,1468.5053603083077,6369.533040256659,547.0084437942417
2026-08-22 14:15:37.619,0 days 00:29:01.855000,87,1306.3902777777782,0 days 00:00:03.606000,10621.888888888889,180.35555555555555,8,0.0,True,0,pos,279.58433380879796,0.06571350553050272,OnTrack,1495.0,6426.0,547.0
2026-08-22 14:15:37.779,0 days 00:29:02.015000,87,1306.1236111111116,0 days 00:00:03.766000,10950.777777777777,167.9111111111111,8,0.0,True,0,pos,286.6665275244966,0.06737810443547188,OnTrack,1531.0,6489.0,548.0
2026-08-22 14:15:37.855,0 days 00:29:02.091000,87,1305.9969444444448,0 days 00:00:03.842000,11107.0,162.0,7,0.0,True,0,car,289.9333333333334,0.06814593451615475,OnTrack,1550.6390934750323,6516.686600841942,548.3977575763486
2026-08-22 14:15:38.055,0 days 00:29:02.291000,87,1306.441388888889,0 days 00:00:04.042000,10029.0,150.0,5,0.0,True,0,car,298.2666666666667,0.07010460129346432,OnTrack,1608.4785181945833,6582.083367579735,548.9215287900983
2026-08-22 14:15:38.119,0 days 00:29:02.355000,87,1306.690277876715,0 days 00:00:04.106000,9949.099347120238,147.6149058841862,5,0.3975156859689683,True,0,pos,300.85572319180585,0.07071313317350832,OnTrack,1626.0,6599.0,549.0
2026-08-22 14:15:38.216,0 days 00:29:02.452000,87,1307.0675000000003,0 days 00:00:04.203000,9828.0,144.0,4,1.0,True,0,car,304.7066666666667,0.07161825897896916,OnTrack,1650.937439875116,6620.5080956646125,549.053986089333
2026-08-22 14:15:38.456,0 days 00:29:02.692000,87,1308.6675000000002,0 days 00:00:04.443000,9970.0,137.0,3,0.0,True,0,car,313.84000000000003,0.07376495776690045,OnTrack,1713.08885326362,6658.568868159784,549.0001664371449
2026-08-22 14:15:38.459,0 days 00:29:02.695000,87,1308.695000586667,0 days 00:00:04.446000,9982.6002688,136.87999744,3,0.015000320000000001,True,0,pos,313.9505983358285,0.073790952801222,OnTrack,1714.0,6659.0,549.0
2026-08-22 14:15:38.656,0 days 00:29:02.892000,87,1310.5008333333335,0 days 00:00:04.643000,10810.0,129.0,3,1.0,True,0,car,321.0066666666667,0.07544941119538669,OnTrack,1780.8061927096408,6684.693357875834,549.0070073596489
2026-08-22 14:15:38.679,0 days 00:29:02.915000,87,1310.890556616884,0 days 00:00:04.666000,10773.677380230443,128.55236208030476,3,0.9786839085859406,True,0,pos,321.80043978502033,0.07563597963966356,OnTrack,1789.0,6687.0,549.0
2026-08-22 14:15:39.718,0 days 00:29:03.954000,87,1328.4958344348636,0 days 00:00:05.705000,9132.846977966445,108.33086064395266,3,0.015755268759650425,True,0,pos,352.87622674486613,0.08294003301930358,OnTrack,2143.0,6617.0,547.0
2026-08-22 14:15:39.735,0 days 00:29:03.971000,87,1328.783888888889,0 days 00:00:05.722000,9106.0,108.0,2,0.0,False,0,car,353.3766666666667,0.083057656425168,OnTrack,2147.0282060467994,6613.63225470993,546.9801925261357
2026-08-22 14:15:39.935,0 days 00:29:04.171000,87,1332.2283333333335,0 days 00:00:05.922000,9178.0,107.0,2,24.0,False,0,car,359.3211111111111,0.08445483872631548,OnTrack,2188.4034587868136,6569.363180774063,546.8245290703221
2026-08-22 14:15:40.138,0 days 00:29:04.374000,87,1335.8936076444445,0 days 00:00:06.125000,9390.13479936,108.01499904,2,35.67248896,False,0,pos,365.43954381555625,0.0858929152304036,OnTrack,2220.0,6525.0,546.0
2026-08-22 14:15:40.335,0 days 00:29:04.571000,87,1339.4505555555556,0 days 00:00:06.322000,9596.0,109.0,2,47.0,False,0,car,371.43222222222226,0.08730143444267208,OnTrack,2241.4677038162754,6490.12395548711,543.9005321537401
2026-08-22 14:15:40.498,0 days 00:29:04.734000,87,1342.3483299200002,0 days 00:00:06.485000,9753.29481472,110.62999808000001,2,47.814999040000004,False,0,pos,376.4349178356133,0.08847726808606504,OnTrack,2257.0,6455.0,543.0
2026-08-22 14:15:40.535,0 days 00:29:04.771000,87,1343.0061111111113,0 days 00:00:06.522000,9789.0,111.0,2,48.0,False,0,car,377.59888888888895,0.08875084785788116,OnTrack,2260.737560860744,6444.917184007109,543.093754689794
2026-08-22 14:15:40.678,0 days 00:29:04.914000,87,1345.349723271111,0 days 00:00:06.665000,10204.41518592,116.00500224,2,56.580003839999996,False,0,pos,382.2369960102691,0.08984098861727119,OnTrack,2275.0,6402.0,544.0
2026-08-22 14:15:40.735,0 days 00:29:04.971000,87,1346.2838888888887,0 days 00:00:06.722000,10370.0,118.0,2,60.0,False,0,car,384.1544444444445,0.09029166572269803,OnTrack,2279.8444478735246,6385.94559438309,544.1945515970265
2026-08-22 14:15:40.918,0 days 00:29:05.154000,87,1348.9780564977775,0 days 00:00:06.905000,10847.107309714285,124.53571657142857,2,65.88214491428572,False,0,pos,390.58490396301596,0.09180308101332126,OnTrack,2291.0,6324.0,544.0
2026-08-22 14:15:41.015,0 days 00:29:05.251000,87,1350.406111111111,0 days 00:00:07.002000,11100.0,128.0,2,69.0,False,0,car,394.11,0.09263161963265719,OnTrack,2293.4450260881545,6266.580717871768,543.4874344456896
2026-08-22 14:15:41.098,0 days 00:29:05.334000,87,1351.53583072,0 days 00:00:07.085000,11215.853898666666,130.42082773333334,2,70.72916266666667,False,0,pos,397.1710362216503,0.09335108562683572,OnTrack,2294.0,6217.0,543.0
2026-08-22 14:15:41.255,0 days 00:29:05.491000,87,1353.6727777777778,0 days 00:00:07.242000,11435.0,135.0,2,74.0,False,0,car,403.11,0.09474697975215153,OnTrack,2292.1021437194813,6153.577188692432,542.325958136839
2026-08-22 14:15:41.415,0 days 00:29:05.651000,87,1355.5838888888886,0 days 00:00:07.402000,10315.0,142.0,2,75.0,False,0,car,409.42111111111114,0.09623034339150066,OnTrack,2285.9985323348337,6122.601714360333,541.9768203631968
2026-08-22 14:15:41.579,0 days 00:29:05.815000,87,1357.2694444444442,0 days 00:00:07.566000,10672.611111111111,145.64444444444445,2,82.28888888888889,False,0,pos,416.06210861273905,0.0977912435324568,OnTrack,2274.0,6077.0,542.0
2026-08-22 14:15:41.739,0 days 00:29:05.975000,87,1358.9138888888886,0 days 00:00:07.726000,11021.5,149.2,2,89.4,False,0,pos,422.8308594014652,0.0993821708077087,OnTrack,2257.0,6013.0,542.0
2026-08-22 14:15:41.775,0 days 00:29:06.011000,87,1359.2838888888887,0 days 00:00:07.762000,11100.0,150.0,3,91.0,False,0,car,424.42111111111114,0.0997559435906579,OnTrack,2252.8610988028586,5997.868175987929,541.7010191131244
2026-08-22 14:15:41.979,0 days 00:29:06.215000,87,1360.5305555555553,0 days 00:00:07.966000,11700.1,165.3,3,98.65,False,0,pos,433.8839728682072,0.10198009474368558,OnTrack,2227.0,5911.0,540.0
2026-08-22 14:15:42.015,0 days 00:29:06.251000,87,1360.7505555555554,0 days 00:00:08.002000,11806.0,168.0,3,100.0,False,0,car,435.6211111111112,0.10238839173936197,OnTrack,2221.6483921352556,5895.43955116975,540.5976430174705
2026-08-22 14:15:42.039,0 days 00:29:06.275000,87,1360.8438888888886,0 days 00:00:08.026000,11734.0,169.0,3,100.0,False,0,pos,436.7893210203509,0.10266296781194018,OnTrack,2218.0,5885.0,541.0
2026-08-22 14:15:42.375,0 days 00:29:06.611000,87,1362.1505555555555,0 days 00:00:08.362000,10726.0,183.0,3,100.0,False,0,car,453.92111111111114,0.1066896239823338,OnTrack,2163.3202669744305,5730.773493420659,538.3146306189868
2026-08-22 14:15:42.399,0 days 00:29:06.635000,87,1362.1905555555554,0 days 00:00:08.386000,10758.475,183.9,3,100.0,False,0,pos,455.18995833299635,0.10698785385021237,OnTrack,2159.0,5719.0,538.0
2026-08-22 14:15:42.599,0 days 00:29:06.835000,87,1362.523888888889,0 days 00:00:08.586000,11029.1,191.4,3,100.0,False,0,pos,465.971606776264,0.10952197264346755,OnTrack,2122.0,5621.0,536.0
2026-08-22 14:15:42.695,0 days 00:29:06.931000,87,1362.683888888889,0 days 00:00:08.682000,11159.0,195.0,4,100.0,False,0,car,471.2544444444445,0.11076365087913771,OnTrack,2106.272905090771,5581.731901505766,535.4672309269171
2026-08-22 14:15:42.759,0 days 00:29:06.995000,87,1362.7016666666668,0 days 00:00:08.746000,11078.04,197.24,4,100.0,False,0,pos,474.81055058994235,0.11159947811479047,OnTrack,2096.0,5557.0,535.0
2026-08-22 14:15:42.895,0 days 00:29:07.131000,87,1362.7394444444446,0 days 00:00:08.882000,10906.0,202.0,4,100.0,False,0,car,482.4766666666667,0.11340132213924793,OnTrack,2073.2032466557334,5504.162770621544,533.1913387488538
2026-08-22 14:15:43.019,0 days 00:29:07.255000,87,1362.532777777778,0 days 00:00:09.006000,10669.514285714286,205.9857142857143,4,100.0,False,0,pos,489.6315672134659,0.1150830100587643,OnTrack,2049.0,5450.0,532.0
2026-08-22 14:15:43.099,0 days 00:29:07.335000,87,1362.3994444444447,0 days 00:00:09.086000,10516.942857142858,208.55714285714285,4,100.0,False,0,pos,494.33823810053553,0.11618926604655232,OnTrack,2030.0,5408.0,532.0
2026-08-22 14:15:43.175,0 days 00:29:07.411000,87,1362.272777777778,0 days 00:00:09.162000,10372.0,211.0,5,100.0,False,0,car,498.88777777777784,0.11725858991269626,OnTrack,2006.0551319602018,5354.95436110898,531.8415862780013
2026-08-22 14:15:43.379,0 days 00:29:07.615000,87,1361.3094444444446,0 days 00:00:09.366000,10646.833333333334,217.8,5,100.0,False,0,pos,511.47298150507623,0.1202166163638561,OnTrack,1932.0,5190.0,531.0
2026-08-22 14:15:43.535,0 days 00:29:07.771000,87,1360.572777777778,0 days 00:00:09.522000,10857.0,223.0,5,100.0,False,0,car,521.1877777777778,0.12249998220877667,OnTrack,1902.5420813918656,5122.903722664701,531.5299045074188
2026-08-22 14:15:43.695,0 days 00:29:07.931000,87,1359.817222222222,0 days 00:00:09.682000,11045.0,223.0,5,100.0,False,0,car,531.098888888889,0.12482948989592355,OnTrack,1882.9977138952038,5074.986767037761,532.800556671401
2026-08-22 14:15:43.719,0 days 00:29:07.955000,87,1359.5905555555553,0 days 00:00:09.706000,11060.45,223.75,5,100.0,False,0,pos,532.6105342395581,0.12518478703921515,OnTrack,1879.0,5065.0,533.0
2026-08-22 14:15:43.979,0 days 00:29:08.215000,87,1357.1349999999998,0 days 00:00:09.966000,11227.825,231.875,5,100.0,False,0,pos,549.4540448109627,0.12914368598755194,OnTrack,1823.0,4910.0,535.0
2026-08-22 14:15:44.015,0 days 00:29:08.251000,87,1356.7949999999998,0 days 00:00:10.002000,11251.0,233.0,5,100.0,False,0,car,551.8100000000001,0.12969742972646361,OnTrack,1815.3353522792943,4882.0949068879245,535.1501449021724
2026-08-22 14:15:44.215,0 days 00:29:08.451000,87,1354.183888888889,0 days 00:00:10.202000,11451.0,236.0,5,100.0,False,0,car,564.9211111111111,0.13277906545609733,OnTrack,1778.9528068543725,4707.80025475432,535.1974666589784
2026-08-22 14:15:44.259,0 days 00:29:08.495000,87,1353.4750000000001,0 days 00:00:10.246000,11487.025,236.275,5,100.0,False,0,pos,567.8115770481637,0.1334584406083193,OnTrack,1774.0,4671.0,535.0
2026-08-22 14:15:44.375,0 days 00:29:08.611000,87,1351.606111111111,0 days 00:00:10.362000,11582.0,237.0,5,100.0,False,0,car,575.4544444444444,0.13525482026261662,OnTrack,1767.2962261590121,4580.545899294908,534.1010383350152
2026-08-22 14:15:44.575,0 days 00:29:08.811000,87,1347.5505555555555,0 days 00:00:10.562000,11692.0,240.0,5,100.0,False,0,car,588.7877777777777,0.13838868710631191,OnTrack,1773.0766491673583,4443.489799108979,531.7389517395058
2026-08-22 14:15:44.659,0 days 00:29:08.895000,87,1345.637221714117,0 days 00:00:10.646000,11708.730294899331,240.34854781040275,5,100.0,False,0,pos,594.4613373573875,0.1397222006252321,OnTrack,1777.0,4389.0,531.0
2026-08-22 14:15:44.816,0 days 00:29:09.052000,87,1342.0611111111111,0 days 00:00:10.803000,11740.0,241.0,5,100.0,True,0,car,604.9213888888889,0.14218073127607586,OnTrack,1785.2041681752012,4290.82435602013,530.1866950516163
2026-08-22 14:15:45.019,0 days 00:29:09.255000,87,1338.3958321777777,0 days 00:00:11.006000,11676.05497984,227.80499584,5,49.249984000000005,True,0,pos,617.373682920858,0.14510751863068083,OnTrack,1796.0,4177.0,530.0
2026-08-22 14:15:45.216,0 days 00:29:09.452000,87,1334.8388888888887,0 days 00:00:11.203000,11614.0,215.0,5,0.0,True,0,car,628.8102777777777,0.14779557603769664,OnTrack,1804.4558394735081,4088.1604794118357,530.4628488795586
2026-08-22 14:15:45.359,0 days 00:29:09.595000,87,1332.495276728889,0 days 00:00:11.346000,11524.0291264,209.6374976,5,0.0,True,0,pos,637.0362040148204,0.14972899784966798,OnTrack,1801.0,4015.0,532.0
2026-08-22 14:15:45.456,0 days 00:29:09.692000,87,1330.9055555555556,0 days 00:00:11.443000,11463.0,206.0,4,0.0,True,0,car,642.5436111111111,0.15102345888670282,OnTrack,1790.9842149529545,3953.0677429036086,533.9155838132634
2026-08-22 14:15:45.616,0 days 00:29:09.852000,87,1328.55,0 days 00:00:11.603000,11232.0,200.0,4,0.0,False,0,car,651.4325,0.15311270344916636,OnTrack,1761.9888811567173,3837.6518983003034,538.1452563716597
2026-08-22 14:15:45.698,0 days 00:29:09.934000,87,1327.6161127186854,0 days 00:00:11.685000,11107.253347568385,197.53383883166495,4,0.0,False,0,pos,655.8503625824701,0.15415107792920674,OnTrack,1743.0,3787.0,540.0
2026-08-22 14:15:46.015,0 days 00:29:10.251000,87,1324.0058333333332,0 days 00:00:12.002000,10625.0,188.0,4,0.0,False,0,car,672.2691666666667,0.15801015385915124,OnTrack,1643.5328629330033,3655.4997276792014,544.4042015887628
2026-08-22 14:15:46.078,0 days 00:29:10.314000,87,1323.393332711111,0 days 00:00:12.065000,10547.8249216,187.09999908571427,4,0.45000045714285714,False,0,pos,675.505047300432,0.15877071528627468,OnTrack,1617.0,3634.0,545.0
2026-08-22 14:15:46.295,0 days 00:29:10.531000,87,1321.283611111111,0 days 00:00:12.282000,10282.0,184.0,4,2.0,False,0,car,686.5802777777778,0.16137383760471755,OnTrack,1507.5654042361448,3562.31509919154,546.6404269067697
2026-08-22 14:15:46.418,0 days 00:29:10.654000,87,1320.4294457777776,0 days 00:00:12.405000,10325.97243136,182.4625024,4,18.29747456,False,0,pos,692.743817196002,0.16282251599141123,OnTrack,1450.0,3530.0,547.0
2026-08-22 14:15:46.695,0 days 00:29:10.931000,87,1318.5058333333332,0 days 00:00:12.682000,10425.0,179.0,4,55.0,False,0,car,706.4691666666668,0.16604852231322975,OnTrack,1361.7240856624478,3490.7013189389095,545.8711927269029
2026-08-22 14:15:46.855,0 days 00:29:11.091000,87,1317.4391666666666,0 days 00:00:12.842000,10377.0,180.0,4,60.0,False,0,car,714.4691666666668,0.16792884241944694,OnTrack,1308.0839361023777,3471.016132481591,546.4208113520468
2026-08-22 14:15:46.898,0 days 00:29:11.134000,87,1317.164445671111,0 days 00:00:12.885000,10424.760501028572,180.15357074285714,4,60.0,False,0,pos,716.6241773012999,0.1684353561476235,OnTrack,1290.0,3464.0,547.0
2026-08-22 14:15:46.958,0 days 00:29:11.194000,87,1316.781110702222,0 days 00:00:12.945000,10491.403642514286,180.36785737142858,4,60.0,False,0,pos,719.6336136317685,0.16914269410269356,OnTrack,1262.0,3453.0,548.0
2026-08-22 14:15:47.135,0 days 00:29:11.371000,87,1315.6502777777773,0 days 00:00:13.122000,10688.0,181.0,4,60.0,False,0,car,728.5469444444445,0.17123768349524857,OnTrack,1154.3796538352528,3412.774572400222,548.0611527490317
2026-08-22 14:15:47.295,0 days 00:29:11.531000,87,1314.8058333333329,0 days 00:00:13.282000,10760.0,181.0,4,0.0,True,0,car,736.591388888889,0.1731284498242781,OnTrack,1056.981487058992,3377.0917189213765,546.2081756081046
2026-08-22 14:15:47.318,0 days 00:29:11.554000,87,1314.7930555199996,0 days 00:00:13.305000,10824.208512,179.7541632,4,0.0,True,0,pos,737.7096995982971,0.17339129758826538,OnTrack,1046.0,3373.0,546.0
2026-08-22 14:15:47.535,0 days 00:29:11.771000,87,1314.6724999999997,0 days 00:00:13.522000,11430.0,168.0,3,0.0,True,0,car,747.7913888888891,0.17576089797298217,OnTrack,977.4629564444607,3346.25202047307,544.7090477088623
2026-08-22 14:15:47.658,0 days 00:29:11.894000,87,1314.9458329066663,0 days 00:00:13.645000,11011.8006528,164.156256,3,0.0,True,0,pos,753.3842161599645,0.17707543616903254,OnTrack,942.0,3330.0,544.0
2026-08-22 14:15:47.695,0 days 00:29:11.931000,87,1315.028055555555,0 days 00:00:13.682000,10886.0,163.0,3,0.0,True,0,car,755.0358333333335,0.17746363229138995,OnTrack,929.3836207311745,3323.9169505896875,543.7391779505234
2026-08-22 14:15:47.975,0 days 00:29:12.211000,87,1316.8169444444443,0 days 00:00:13.962000,10288.0,154.0,3,0.0,False,0,car,767.0136111111112,0.18027888933930958,OnTrack,820.3448994947306,3262.986816764935,540.0969806828049
2026-08-22 14:15:47.979,0 days 00:29:12.215000,87,1316.8491666666664,0 days 00:00:13.966000,10282.0,153.9,3,0.0,False,0,pos,767.1813875672765,0.18031832351979427,OnTrack,819.0,3262.0,540.0
2026-08-22 14:15:48.019,0 days 00:29:12.255000,87,1317.1713888888887,0 days 00:00:14.006000,10222.0,152.9,3,0.0,False,0,pos,768.8563742311331,0.18071201240750617,OnTrack,806.0,3252.0,539.0
2026-08-22 14:15:48.135,0 days 00:29:12.371000,87,1318.1058333333328,0 days 00:00:14.122000,10048.0,150.0,3,0.0,True,0,car,773.6802777777779,0.18184582276115724,OnTrack,769.8255910140794,3221.869600720845,537.4764690877902
2026-08-22 14:15:48.259,0 days 00:29:12.495000,87,1319.4836111111108,0 days 00:00:14.246000,10406.222222222223,147.93333333333334,3,0.34444444444444444,True,0,pos,778.7677429357692,0.18304158063943857,OnTrack,735.0,3187.0,537.0
2026-08-22 14:15:48.495,0 days 00:29:12.731000,87,1322.1058333333335,0 days 00:00:14.482000,11088.0,144.0,3,1.0,True,0,car,788.0802777777778,0.18523039895234816,OnTrack,685.0378050578302,3111.002431861782,535.3796261303245
2026-08-22 14:15:48.559,0 days 00:29:12.795000,87,1322.9413888888892,0 days 00:00:14.546000,10978.933333333332,141.46666666666667,3,0.8666666666666667,True,0,pos,790.4643428012521,0.18579074962711914,OnTrack,675.0,3089.0,535.0
2026-08-22 14:15:48.759,0 days 00:29:12.995000,87,1325.5525000000002,0 days 00:00:14.746000,10638.1,133.55,3,0.45,True,0,pos,797.516565542299,0.18744830415380823,OnTrack,653.0,3018.0,534.0
2026-08-22 14:15:48.975,0 days 00:29:13.211000,87,1328.3725000000002,0 days 00:00:14.962000,10270.0,125.0,2,0.0,False,0,car,804.7469444444445,0.18914773250696731,OnTrack,644.9269370646056,2941.153689892783,531.3931104110034
2026-08-22 14:15:48.999,0 days 00:29:13.235000,87,1328.6858333333334,0 days 00:00:14.986000,10244.8,124.4,2,2.0,False,0,pos,805.5368452838571,0.18933339081075054,OnTrack,645.0,2933.0,531.0
2026-08-22 14:15:49.059,0 days 00:29:13.295000,87,1329.4691666666668,0 days 00:00:15.046000,10181.8,122.9,2,7.0,False,0,pos,807.4998071124998,0.18979476538501722,OnTrack,646.0,2913.0,530.0
2026-08-22 14:15:49.335,0 days 00:29:13.571000,87,1333.0725000000002,0 days 00:00:15.322000,9892.0,116.0,2,30.0,False,0,car,816.3469444444445,0.19187419666098224,OnTrack,663.6075541418727,2822.244731864585,529.0149134812135
2026-08-22 14:15:49.339,0 days 00:29:13.575000,87,1333.1069444444447,0 days 00:00:15.326000,9892.533333333333,115.96666666666667,2,30.083333333333332,False,0,pos,816.4735927325017,0.19190396407628874,OnTrack,664.0,2821.0,529.0
2026-08-22 14:15:49.499,0 days 00:29:13.735000,87,1334.4847222222227,0 days 00:00:15.486000,9913.866666666667,114.63333333333334,2,33.416666666666664,False,0,pos,821.5159078976369,0.19308910989964967,OnTrack,683.0,2774.0,528.0
2026-08-22 14:15:49.575,0 days 00:29:13.811000,87,1335.1391666666673,0 days 00:00:15.562000,9924.0,114.0,2,35.0,False,0,car,823.9469444444445,0.1936605007618886,OnTrack,694.7600451465019,2754.362526702328,527.4683364109852
2026-08-22 14:15:49.659,0 days 00:29:13.895000,87,1335.395833333334,0 days 00:00:15.646000,10085.233333333334,115.63333333333334,2,40.13333333333333,False,0,pos,826.6852117400042,0.19430410314339333,OnTrack,710.0,2734.0,527.0
2026-08-22 14:15:49.935,0 days 00:29:14.171000,87,1336.2391666666672,0 days 00:00:15.922000,10615.0,121.0,2,57.0,False,0,car,836.0469444444445,0.1965044849225421,OnTrack,776.6791480171039,2670.938175536284,526.9873520304214
2026-08-22 14:15:49.999,0 days 00:29:14.235000,87,1336.096944444445,0 days 00:00:15.986000,10712.6,122.82857142857142,2,57.68571428571428,False,0,pos,838.2918523906496,0.19703212811602414,OnTrack,795.0,2658.0,527.0
2026-08-22 14:15:50.079,0 days 00:29:14.315000,87,1335.919166666667,0 days 00:00:16.066000,10834.6,125.11428571428571,2,58.542857142857144,False,0,pos,841.1366876183391,0.19770077822571155,OnTrack,819.0,2643.0,527.0
2026-08-22 14:15:50.215,0 days 00:29:14.451000,87,1335.6169444444447,0 days 00:00:16.202000,11042.0,129.0,2,60.0,False,0,car,846.080277777778,0.19886271972242284,OnTrack,860.0715088349286,2621.10246495624,527.8837014700632
2026-08-22 14:15:50.299,0 days 00:29:14.535000,87,1335.1969444444446,0 days 00:00:16.286000,11307.02,131.52,2,64.2,False,0,pos,849.2039655069512,0.19959691132776142,OnTrack,889.0,2610.0,529.0
2026-08-22 14:15:50.415,0 days 00:29:14.651000,87,1334.6169444444447,0 days 00:00:16.402000,11673.0,135.0,2,70.0,False,0,car,853.580277777778,0.20062551982200147,OnTrack,936.6105829041409,2597.807105424772,531.208316837469
2026-08-22 14:15:50.639,0 days 00:29:14.875000,87,1332.8747222222225,0 days 00:00:16.626000,12259.4,138.2,2,78.8,False,0,pos,862.1659999922255,0.2026435080852791,OnTrack,1037.0,2586.0,537.0
2026-08-22 14:15:50.695,0 days 00:29:14.931000,87,1332.439166666667,0 days 00:00:16.682000,12406.0,139.0,2,81.0,False,0,car,864.391388888889,0.20316656352109771,OnTrack,1058.6361939877938,2585.9111262387596,538.5563569973202
2026-08-22 14:15:51.019,0 days 00:29:15.255000,87,1328.2991666666667,0 days 00:00:17.006000,11184.7,151.6,2,98.1,False,0,pos,878.0873135465843,0.20638565383448523,OnTrack,1170.0,2605.0,549.0
2026-08-22 14:15:51.055,0 days 00:29:15.291000,87,1327.8391666666666,0 days 00:00:17.042000,11049.0,153.0,3,100.0,False,0,car,879.6913888888892,0.20676267572423815,OnTrack,1184.2274606108392,2608.5572153830462,550.4544977085615
2026-08-22 14:15:51.159,0 days 00:29:15.395000,87,1325.9902773566785,0 days 00:00:17.146000,11261.441329524005,158.18149584204886,3,100.0,False,0,pos,884.4155645955765,0.2078730460450615,OnTrack,1231.0,2621.0,555.0
2026-08-22 14:15:51.336,0 days 00:29:15.572000,87,1322.843611111111,0 days 00:00:17.323000,11623.0,167.0,3,100.0,False,0,car,892.7266666666669,0.20982648758619837,OnTrack,1345.6179405849202,2654.154927220972,563.6813299598035
2026-08-22 14:15:51.479,0 days 00:29:15.715000,87,1319.904165351111,0 days 00:00:17.466000,11324.4873664,174.1500032,3,100.0,False,0,pos,899.659335158143,0.21145594208048096,OnTrack,1426.0,2678.0,569.0
2026-08-22 14:15:51.496,0 days 00:29:15.732000,87,1319.5547222222222,0 days 00:00:17.483000,11289.0,175.0,3,100.0,False,0,car,900.5044444444447,0.211654576578354,OnTrack,1432.5812078442098,2679.954409510601,569.4050285741383
2026-08-22 14:15:51.699,0 days 00:29:15.935000,87,1314.6488873422222,0 days 00:00:17.686000,11285.828124,183.2468776,3,100.0,False,0,pos,910.9866053481868,0.2141183038163427,OnTrack,1484.0,2696.0,572.0
2026-08-22 14:15:51.816,0 days 00:29:16.052000,87,1311.8213888888888,0 days 00:00:17.803000,11284.0,188.0,4,100.0,False,0,car,917.2155555555559,0.21558235635578543,OnTrack,1530.8212057379426,2712.3395575106492,574.3635530559994
2026-08-22 14:15:52.059,0 days 00:29:16.295000,87,1305.4088872,0 days 00:00:18.046000,11038.396363885715,194.94285897142856,4,100.0,False,0,pos,930.4008782542138,0.21868143477794152,OnTrack,1662.0,2760.0,581.0
2026-08-22 14:15:52.096,0 days 00:29:16.332000,87,1304.4325,0 days 00:00:18.083000,11001.0,196.0,4,100.0,False,0,car,932.4600000000002,0.21916541078041038,OnTrack,1681.0451825031225,2767.103193813702,581.8982169234631
2026-08-22 14:15:52.298,0 days 00:29:16.534000,87,1298.5969481422217,0 days 00:00:18.285000,10302.417109333333,204.41666133333334,4,100.0,False,0,pos,943.9812390451755,0.2218733629585576,OnTrack,1776.0,2803.0,586.0
2026-08-22 14:15:52.336,0 days 00:29:16.572000,87,1297.499166666666,0 days 00:00:18.323000,10171.0,206.0,5,100.0,False,0,car,946.1933333333336,0.2223932936294166,OnTrack,1791.3157222568484,2808.733028793363,586.5740113480371
2026-08-22 14:15:52.576,0 days 00:29:16.812000,87,1290.0991666666664,0 days 00:00:18.563000,10374.0,214.0,5,100.0,False,0,car,960.4600000000002,0.22574653115217055,OnTrack,1874.5545497875391,2838.950554768585,588.9355294822669
2026-08-22 14:15:52.678,0 days 00:29:16.914000,87,1286.8408299918763,0 days 00:00:18.665000,10603.957225070744,216.92473418213982,5,100.0,False,0,pos,966.677239230885,0.22720783114354492,OnTrack,1921.0,2855.0,590.0
2026-08-22 14:15:52.838,0 days 00:29:17.074000,87,1281.7297200532062,0 days 00:00:18.825000,10964.673988203816,221.51254674981007,5,100.0,False,0,pos,976.6001619142851,0.22954011502279942,OnTrack,2013.0,2886.0,592.0
2026-08-22 14:15:52.855,0 days 00:29:17.091000,87,1281.1866666666665,0 days 00:00:18.842000,11003.0,222.0,5,100.0,False,0,car,977.6650000000002,0.22979039458060393,OnTrack,2022.883547886708,2889.247718065224,592.1929701851882
2026-08-22 14:15:53.058,0 days 00:29:17.294000,87,1274.476395235555,0 days 00:00:19.045000,11182.316497066668,227.92082773333334,5,100.0,False,0,pos,990.5445259385256,0.23281759852819833,OnTrack,2145.0,2927.0,594.0
2026-08-22 14:15:53.095,0 days 00:29:17.331000,87,1273.2533333333326,0 days 00:00:19.082000,11215.0,229.0,5,100.0,False,0,car,992.931666666667,0.2333786721166351,OnTrack,2171.842592318522,2934.550185310792,594.240999882913
2026-08-22 14:15:53.298,0 days 00:29:17.534000,87,1266.5430619022216,0 days 00:00:19.285000,10766.144868977777,234.0749952,5,100.0,False,0,pos,1006.2646205118137,0.23651244976542202,OnTrack,2331.0,2976.0,595.0
2026-08-22 14:15:53.455,0 days 00:29:17.691000,87,1261.3533333333328,0 days 00:00:19.442000,10419.0,238.0,5,100.0,False,0,car,1016.7316666666669,0.23897262443263123,OnTrack,2420.16160885224,2995.6614316828563,594.7012860269926
2026-08-22 14:15:53.638,0 days 00:29:17.874000,87,1255.3041645511107,0 days 00:00:19.625000,10415.33999872,241.66000128,5,100.0,False,0,pos,1029.021946711002,0.24186133201743165,OnTrack,2513.0,3010.0,593.0
2026-08-22 14:15:53.655,0 days 00:29:17.891000,87,1254.742222222222,0 days 00:00:19.642000,10415.0,242.0,6,100.0,False,0,car,1030.1761111111114,0.24213260683335733,OnTrack,2523.165685299164,3011.3116865193715,592.7468729843775
2026-08-22 14:15:53.815,0 days 00:29:18.051000,87,1249.3199999999997,0 days 00:00:19.802000,10657.0,247.0,6,100.0,False,0,car,1041.1538888888892,0.24471282386799983,OnTrack,2631.053542577553,3023.4331301552593,589.6570496429034
2026-08-22 14:15:53.918,0 days 00:29:18.154000,87,1245.858053404444,0 days 00:00:19.905000,10748.964342857143,248.47142948571428,6,100.0,False,0,pos,1048.2873320986512,0.2463894684547341,OnTrack,2703.0,3030.0,588.0
2026-08-22 14:15:53.998,0 days 00:29:18.234000,87,1243.169164515555,0 days 00:00:19.985000,10820.392914285714,249.61428662857142,6,100.0,False,0,pos,1053.8607088354154,0.2476994349969417,OnTrack,2759.0,3034.0,587.0
2026-08-22 14:15:54.095,0 days 00:29:18.331000,87,1239.9088888888882,0 days 00:00:20.082000,10907.0,251.0,6,100.0,False,0,car,1060.6761111111116,0.24930132723831044,OnTrack,2841.9448526303177,3036.7506845460894,584.2596092118524
2026-08-22 14:15:54.255,0 days 00:29:18.491000,87,1234.5755555555552,0 days 00:00:20.242000,11058.0,256.0,6,100.0,False,0,car,1072.0538888888893,0.2519755602782638,OnTrack,3001.877081281216,3036.159725303805,576.8844589157676
2026-08-22 14:15:54.298,0 days 00:29:18.534000,87,1233.273616924444,0 days 00:00:20.285000,11074.98492416,256.5374976,6,100.0,False,0,pos,1075.133427165627,0.25269937499571565,OnTrack,3041.0,3035.0,575.0
2026-08-22 14:15:54.655,0 days 00:29:18.891000,87,1222.4644444444439,0 days 00:00:20.642000,11216.0,261.0,6,100.0,False,0,car,1101.0538888888893,0.2587917206633011,OnTrack,3299.639217020709,3009.9127169709845,561.6090171937639
2026-08-22 14:15:54.719,0 days 00:29:18.955000,87,1220.5444444444438,0 days 00:00:20.706000,11096.581818181818,262.3090909090909,6,100.0,False,0,pos,1105.779277233327,0.2599023760025174,OnTrack,3345.0,3003.0,559.0
2026-08-22 14:15:55.059,0 days 00:29:19.295000,87,1210.3444444444435,0 days 00:00:21.046000,10462.172727272728,269.26363636363635,6,100.0,False,0,pos,1131.3076529840223,0.2659025657779049,OnTrack,3596.0,2959.0,544.0
2026-08-22 14:15:55.095,0 days 00:29:19.331000,87,1209.2644444444436,0 days 00:00:21.082000,10395.0,270.0,7,100.0,False,0,car,1134.0538888888893,0.26654804110144703,OnTrack,3619.355046422285,2954.595043650076,542.7321942388592
2026-08-22 14:15:55.415,0 days 00:29:19.651000,87,1199.3088888888879,0 days 00:00:21.402000,10719.0,278.0,7,100.0,False,0,car,1158.7650000000006,0.2723561409850957,OnTrack,3797.525501044151,2919.3599937481113,534.9490887410282
2026-08-22 14:15:55.539,0 days 00:29:19.775000,87,1195.5544444444436,0 days 00:00:21.526000,10771.7,279.24,7,100.0,False,0,pos,1168.3995050944477,0.2746206351904133,OnTrack,3881.0,2904.0,532.0
2026-08-22 14:15:55.615,0 days 00:29:19.851000,87,1193.2533333333324,0 days 00:00:21.602000,10804.0,280.0,7,100.0,False,0,car,1174.320555555556,0.27601231896940687,OnTrack,3940.081136219998,2893.6202916462435,529.9888029548966
2026-08-22 14:15:55.739,0 days 00:29:19.975000,87,1189.1199999999992,0 days 00:00:21.726000,10877.366666666667,281.03333333333336,7,100.0,False,0,pos,1184.0152151850473,0.27829095189743996,OnTrack,4040.0,2877.0,527.0
2026-08-22 14:15:55.855,0 days 00:29:20.091000,87,1185.2533333333326,0 days 00:00:21.842000,10946.0,282.0,7,100.0,False,0,car,1193.120555555556,0.2804310712190173,OnTrack,4123.662968009914,2864.8791491796533,525.5124902054841
2026-08-22 14:15:55.919,0 days 00:29:20.155000,87,1182.9955555555548,0 days 00:00:21.906000,10972.133333333333,282.53333333333336,7,100.0,False,0,pos,1198.1583613432854,0.28161515715825286,OnTrack,4179.0,2860.0,525.0
2026-08-22 14:15:56.095,0 days 00:29:20.331000,87,1176.7866666666655,0 days 00:00:22.082000,11044.0,284.0,7,100.0,False,0,car,1212.0538888888893,0.2848811621370646,OnTrack,4391.884350000797,2854.294818509759,524.1252509293718
2026-08-22 14:15:56.179,0 days 00:29:20.415000,87,1173.4966666666655,0 days 00:00:22.166000,11006.62,284.42,7,100.0,False,0,pos,1218.698024738574,0.2864427999153897,OnTrack,4492.0,2857.0,524.0
2026-08-22 14:15:56.295,0 days 00:29:20.531000,87,1168.9533333333322,0 days 00:00:22.282000,10955.0,285.0,7,100.0,False,0,car,1227.8872222222226,0.2886026290139528,OnTrack,4606.458488868906,2867.4751632483435,524.1481729712253
2026-08-22 14:15:56.455,0 days 00:29:20.691000,87,1162.33111111111,0 days 00:00:22.442000,10964.0,286.0,7,100.0,False,0,car,1240.5983333333338,0.2915902487382757,OnTrack,4723.7386219405535,2892.404481576621,524.7847502252843
2026-08-22 14:15:56.559,0 days 00:29:20.795000,87,1157.7666666666657,0 days 00:00:22.546000,10996.644444444444,286.5777777777778,7,100.0,False,0,pos,1248.8964848441044,0.2935406463795431,OnTrack,4787.0,2909.0,525.0
2026-08-22 14:15:56.815,0 days 00:29:21.051000,87,1146.5311111111105,0 days 00:00:22.802000,11077.0,288.0,7,100.0,False,0,car,1269.3983333333338,0.29835940112065756,OnTrack,4908.809626118115,2948.087361449597,524.641986278592
2026-08-22 14:15:56.979,0 days 00:29:21.215000,87,1139.059999999999,0 days 00:00:22.966000,11130.983333333334,288.0,7,100.0,False,0,pos,1282.520225681758,0.3014435708724525,OnTrack,4999.0,2985.0,525.0
2026-08-22 14:15:57.055,0 days 00:29:21.291000,87,1135.5977777777766,0 days 00:00:23.042000,11156.0,288.0,7,100.0,False,0,car,1288.5983333333338,0.30287216937557887,OnTrack,5051.382178337228,3007.947203704253,525.5610971134089
2026-08-22 14:15:57.099,0 days 00:29:21.335000,87,1133.5444444444433,0 days 00:00:23.086000,11156.0,288.0,7,100.0,False,0,pos,1292.116800721542,0.30369914999721853,OnTrack,5087.0,3025.0,526.0
2026-08-22 14:15:57.335,0 days 00:29:21.571000,87,1122.5311111111102,0 days 00:00:23.322000,11156.0,288.0,7,100.0,False,0,car,1310.9983333333337,0.30813706567298693,OnTrack,5334.324281305434,3162.405367296228,529.5809114889153
2026-08-22 14:15:57.359,0 days 00:29:21.595000,87,1121.3911111111101,0 days 00:00:23.346000,11147.9,288.15,7,100.0,False,0,pos,1312.9220911697585,0.3085892257404022,OnTrack,5356.0,3175.0,530.0
2026-08-22 14:15:57.495,0 days 00:29:21.731000,87,1114.9311111111103,0 days 00:00:23.482000,11102.0,289.0,7,100.0,False,0,car,1323.842777777778,0.3111560240657468,OnTrack,5451.4824788503,3231.659750134718,532.460867112428
2026-08-22 14:15:57.819,0 days 00:29:22.055000,87,1099.0911083029105,0 days 00:00:23.806000,11179.185609251743,290.7950141686452,7,100.0,False,0,pos,1350.0287466064347,0.3173107745269092,OnTrack,5592.0,3319.0,541.0
2026-08-22 14:15:57.856,0 days 00:29:22.092000,87,1097.2822222222214,0 days 00:00:23.843000,11188.0,291.0,7,100.0,False,0,car,1353.0236111111114,0.31801468751985174,OnTrack,5614.683935898741,3332.3412179506563,542.5151555116813
2026-08-22 14:15:58.059,0 days 00:29:22.295000,87,1087.3577746488882,0 days 00:00:24.046000,11169.3916608,291.0,7,100.0,False,0,pos,1369.4413834673155,0.32187352095243515,OnTrack,5761.0,3414.0,552.0
2026-08-22 14:15:58.096,0 days 00:29:22.332000,87,1085.548888888888,0 days 00:00:24.083000,11166.0,291.0,7,100.0,False,0,car,1372.4236111111113,0.3225744637774284,OnTrack,5788.413242818332,3427.8168060512457,553.6149629039659
2026-08-22 14:15:58.259,0 days 00:29:22.495000,87,1077.7158302577766,0 days 00:00:24.246000,11132.720820266666,289.64166613333333,7,100.0,False,0,pos,1385.5130964042335,0.32565101657451484,OnTrack,5906.0,3482.0,560.0
2026-08-22 14:15:58.336,0 days 00:29:22.572000,87,1074.0155555555543,0 days 00:00:24.323000,11117.0,289.0,7,100.0,False,0,car,1391.6902777777782,0.32710290136656817,OnTrack,5956.542717205565,3503.40818388988,562.5918447859253
2026-08-22 14:15:58.479,0 days 00:29:22.715000,87,1067.2230525155544,0 days 00:00:24.466000,11114.020832,289.0,7,100.0,False,0,pos,1403.174213758962,0.32980208583205955,OnTrack,6071.0,3541.0,568.0
2026-08-22 14:15:58.576,0 days 00:29:22.812000,87,1062.6155555555545,0 days 00:00:24.563000,11112.0,289.0,7,100.0,False,0,car,1410.9569444444448,0.3316313389557079,OnTrack,6196.3130921488355,3570.385413551621,573.5420068682956
2026-08-22 14:15:58.639,0 days 00:29:22.875000,87,1059.6230525155545,0 days 00:00:24.626000,11082.38996992,288.68499968,7,100.0,False,0,pos,1416.0035154373152,0.33281748506887626,OnTrack,6273.0,3587.0,577.0
2026-08-22 14:15:58.776,0 days 00:29:23.012000,87,1053.1155555555542,0 days 00:00:24.763000,11018.0,288.0,7,100.0,False,0,car,1426.956944444445,0.33539197916814234,OnTrack,6376.044543787502,3608.058272976486,582.2106993879976
2026-08-22 14:15:58.936,0 days 00:29:23.172000,87,1045.5599999999988,0 days 00:00:24.923000,11080.0,287.0,7,100.0,False,0,car,1439.7125000000003,0.3383900451152774,OnTrack,6416.437327385281,3610.682431590725,585.0988386961869
2026-08-22 14:15:59.078,0 days 00:29:23.314000,87,1038.9333273599987,0 days 00:00:25.065000,11031.821385142857,285.9857133714286,7,100.0,False,0,pos,1450.9766978442485,0.34103758232614595,OnTrack,6540.0,3615.0,589.0
2026-08-22 14:15:59.216,0 days 00:29:23.452000,87,1032.493333333332,0 days 00:00:25.203000,10985.0,285.0,7,100.0,False,0,car,1461.879166666667,0.34360009874292097,OnTrack,6748.573894437609,3623.8040242200464,594.2983569391972
2026-08-22 14:15:59.238,0 days 00:29:23.474000,87,1031.4911054586687,0 days 00:00:25.225000,10980.465155482534,284.8774366346631,7,100.0,False,0,pos,1463.6141104111675,0.34400787994366344,OnTrack,6778.0,3625.0,595.0
2026-08-22 14:15:59.575,0 days 00:29:23.811000,87,1016.1388888888873,0 days 00:00:25.562000,10911.0,283.0,7,100.0,False,0,car,1490.1005555555562,0.35023325436206504,OnTrack,6960.324460631705,3628.3956185904008,597.6956392225791
2026-08-22 14:15:59.678,0 days 00:29:23.914000,87,1011.5611082666652,0 days 00:00:25.665000,10891.42998784,282.48499968,7,100.0,False,0,pos,1498.1769486471358,0.35213152990154134,OnTrack,7014.0,3628.0,598.0
2026-08-22 14:15:59.775,0 days 00:29:24.011000,87,1007.2499999999986,0 days 00:00:25.762000,10873.0,282.0,7,100.0,False,0,car,1505.7672222222227,0.353915547903407,OnTrack,7087.789179279601,3628.036596921226,598.6713405375776
2026-08-22 14:15:59.838,0 days 00:29:24.074000,87,1004.5899972977764,0 days 00:00:25.825000,10857.02498377143,281.54999954285717,7,100.0,False,0,pos,1510.684251676154,0.35507124657154315,OnTrack,7139.0,3628.0,599.0
2026-08-22 14:16:00.055,0 days 00:29:24.291000,87,995.4277777777766,0 days 00:00:26.042000,10802.0,280.0,7,100.0,False,0,car,1527.5450000000005,0.3590341970814427,OnTrack,7300.228756964301,3626.320678077441,598.2288088972
2026-08-22 14:16:00.078,0 days 00:29:24.314000,87,994.4886084977766,0 days 00:00:26.065000,10797.16998656,279.76999936,7,100.0,False,0,pos,1529.3253985820525,0.3594526619878068,OnTrack,7317.0,3626.0,598.0
2026-08-22 14:16:00.218,0 days 00:29:24.454000,87,988.7719522844434,0 days 00:00:26.205000,10767.77004032,278.37000192,7,100.0,False,0,pos,1540.1372061140098,0.361993869373668,OnTrack,7426.0,3623.0,596.0
2026-08-22 14:16:00.255,0 days 00:29:24.491000,87,987.26111111111,0 days 00:00:26.242000,10760.0,278.0,7,100.0,False,0,car,1542.9894444444449,0.3626642595087231,OnTrack,7461.579261028921,3621.5490365279647,595.2569398376066
2026-08-22 14:16:00.458,0 days 00:29:24.694000,87,979.4794518044436,0 days 00:00:26.445000,10661.319537777777,276.8722232888889,7,81.39168426666667,False,0,pos,1558.6049265126571,0.36633452262136484,OnTrack,7689.0,3608.0,590.0
2026-08-22 14:16:00.615,0 days 00:29:24.851000,87,973.4611111111103,0 days 00:00:26.602000,10585.0,276.0,7,67.0,True,0,car,1570.5894444444448,0.3691513638751724,OnTrack,7830.060636170811,3591.521909469188,585.8011932379845
2026-08-22 14:16:00.878,0 days 00:29:25.114000,87,964.4752755911104,0 days 00:00:26.865000,10168.896327314285,270.36428434285716,7,5.00712777142857,True,0,pos,1590.3383609666037,0.37379314947674985,OnTrack,7996.0,3556.0,579.0
2026-08-22 14:16:00.895,0 days 00:29:25.131000,87,963.8944444444437,0 days 00:00:26.882000,10142.0,270.0,7,1.0,True,0,car,1591.5894444444448,0.3740872041539925,OnTrack,8004.878545244559,3553.584951395837,578.5776472745061
2026-08-22 14:16:01.219,0 days 00:29:25.455000,87,955.3444444444436,0 days 00:00:27.206000,11209.58,258.66,7,0.18999999999999997,True,0,pos,1614.7546952509524,0.3795319650111225,OnTrack,8155.0,3495.0,570.0
2026-08-22 14:16:01.295,0 days 00:29:25.531000,87,953.338888888888,0 days 00:00:27.282000,11460.0,256.0,6,0.0,True,0,car,1620.0338888888891,0.3807727867538758,OnTrack,8197.686879703342,3471.9138159204213,567.296876092381
2026-08-22 14:16:01.479,0 days 00:29:25.715000,87,949.8633333333325,0 days 00:00:27.466000,11502.933333333332,249.35555555555555,6,0.0,True,0,pos,1632.600080142483,0.3837263445129638,OnTrack,8309.0,3401.0,560.0
2026-08-22 14:16:01.655,0 days 00:29:25.891000,87,946.5388888888881,0 days 00:00:27.642000,11544.0,243.0,5,0.0,False,0,car,1644.333888888889,0.3864842590765105,OnTrack,8402.159280343252,3320.8286839247394,553.3854061386003
2026-08-22 14:16:01.719,0 days 00:29:25.955000,87,945.6322222222215,0 days 00:00:27.706000,11538.285714285714,240.94285714285715,5,13.714285714285714,False,0,pos,1648.5310964930236,0.38747077080751324,OnTrack,8431.0,3293.0,551.0
2026-08-22 14:16:01.919,0 days 00:29:26.155000,87,942.7988888888883,0 days 00:00:27.906000,11520.42857142857,234.5142857142857,5,56.57142857142857,False,0,pos,1661.4953967383778,0.39051790010931026,OnTrack,8516.0,3191.0,543.0
2026-08-22 14:16:01.935,0 days 00:29:26.171000,87,942.5722222222216,0 days 00:00:27.922000,11519.0,234.0,5,60.0,False,0,car,1662.5338888888891,0.39076198731815465,OnTrack,8525.438672995597,3176.3165086218983,542.2372749725583
2026-08-22 14:16:02.059,0 days 00:29:26.295000,87,940.9877777777773,0 days 00:00:28.046000,11587.82,234.62,5,76.74,False,0,pos,1670.6035905615097,0.39265869010643,OnTrack,8609.0,3035.0,536.0
2026-08-22 14:16:02.135,0 days 00:29:26.371000,87,940.0166666666662,0 days 00:00:28.122000,11630.0,235.0,5,87.0,False,0,car,1675.5894444444446,0.39383056526927296,OnTrack,8652.92076875242,2954.769590589601,532.757311419553
2026-08-22 14:16:03.095,0 days 00:29:27.331000,87,930.1499999999996,0 days 00:00:29.082000,10746.0,246.0,5,100.0,False,0,car,1741.1894444444447,0.40924919014025396,OnTrack,8692.535338264881,2445.4554623892327,530.9305256461663
2026-08-22 14:16:03.099,0 days 00:29:27.335000,87,930.1088888888885,0 days 00:00:29.086000,10745.1,246.01666666666668,5,100.0,False,0,pos,1741.4644029682142,0.4093138163953315,OnTrack,8692.0,2443.0,531.0
2026-08-22 14:16:03.335,0 days 00:29:27.571000,87,927.6833333333332,0 days 00:00:29.322000,10692.0,247.0,6,100.0,False,0,car,1757.6561111111112,0.41311951569221766,OnTrack,8656.342099429974,2283.14067616942,535.6797679220805
2026-08-22 14:16:03.399,0 days 00:29:27.635000,87,927.0433333333333,0 days 00:00:29.386000,10720.8,247.0,6,100.0,False,0,pos,1762.0406166480282,0.41415004993182836,OnTrack,8643.0,2240.0,537.0
2026-08-22 14:16:03.495,0 days 00:29:27.731000,87,926.0833333333335,0 days 00:00:29.482000,10764.0,247.0,6,100.0,False,0,car,1768.633888888889,0.41569973272686017,OnTrack,8618.992997972913,2177.8965109783207,538.9540958147638
2026-08-22 14:16:03.639,0 days 00:29:27.875000,87,924.6433333333333,0 days 00:00:29.626000,10764.0,248.8,6,100.0,False,0,pos,1778.622491845284,0.41804745409835137,OnTrack,8575.0,2088.0,542.0
2026-08-22 14:16:03.735,0 days 00:29:27.971000,87,923.6833333333332,0 days 00:00:29.722000,10764.0,250.0,6,100.0,False,0,car,1785.3005555555558,0.4196170662814793,OnTrack,8541.259669204142,2027.876698025525,544.2647139484015
2026-08-22 14:16:03.859,0 days 00:29:28.095000,87,922.4777777777778,0 days 00:00:29.846000,10804.3,250.0,6,100.0,False,0,pos,1793.9084195064515,0.4216402587387858,OnTrack,8496.0,1953.0,547.0
2026-08-22 14:16:03.935,0 days 00:29:28.171000,87,921.738888888889,0 days 00:00:29.922000,10829.0,250.0,6,100.0,False,0,car,1799.1894444444447,0.4228815109103286,OnTrack,8469.746086563608,1910.7893093304524,548.2449185650954
2026-08-22 14:16:04.059,0 days 00:29:28.295000,87,920.5333333333333,0 days 00:00:30.046000,10901.54,250.62,6,100.0,False,0,pos,1807.8312040765004,0.42491267020898493,OnTrack,8421.0,1834.0,550.0
2026-08-22 14:16:04.135,0 days 00:29:28.371000,87,919.7944444444443,0 days 00:00:30.122000,10946.0,251.0,6,100.0,False,0,car,1813.133888888889,0.4261590133176933,OnTrack,8380.1845511814,1769.8977125517617,551.2862753990726
2026-08-22 14:16:04.239,0 days 00:29:28.475000,87,918.7833333333332,0 days 00:00:30.226000,10987.6,251.0,6,100.0,False,0,pos,1820.3895828084094,0.4278643917128723,OnTrack,8323.0,1680.0,553.0
2026-08-22 14:16:04.415,0 days 00:29:28.651000,87,917.0722222222221,0 days 00:00:30.402000,11058.0,251.0,6,100.0,False,0,car,1832.6561111111114,0.4307475166880039,OnTrack,8265.369104255093,1588.3363494734504,554.670388616325
2026-08-22 14:16:04.599,0 days 00:29:28.835000,87,915.4366661458924,0 days 00:00:30.586000,11027.791035157345,251.0,6,100.0,False,0,pos,1845.4759269664169,0.4337606863768455,OnTrack,8220.0,1515.0,555.0
2026-08-22 14:16:04.616,0 days 00:29:28.852000,87,915.2855555555554,0 days 00:00:30.603000,11025.0,251.0,6,100.0,False,0,car,1846.670277777778,0.43404140660740537,OnTrack,8214.50767160216,1506.1625032366876,554.9710544875123
2026-08-22 14:16:04.859,0 days 00:29:29.095000,87,912.788054897778,0 days 00:00:30.846000,11025.0,254.86591010909092,6,100.0,False,0,pos,1864.0060601521764,0.4381160091268537,OnTrack,8124.0,1360.0,554.0
2026-08-22 14:16:05.019,0 days 00:29:29.255000,87,911.1436104533337,0 days 00:00:31.006000,11025.0,257.4113646545455,6,100.0,False,0,pos,1875.539783343088,0.4408268955787806,OnTrack,8067.0,1261.0,553.0
2026-08-22 14:16:05.056,0 days 00:29:29.292000,87,910.7633333333338,0 days 00:00:31.043000,11025.0,258.0,6,100.0,False,0,car,1878.203611111111,0.44145300169274476,OnTrack,8044.528377353241,1219.245382947844,551.9366435650618
2026-08-22 14:16:05.159,0 days 00:29:29.395000,87,909.7047215644448,0 days 00:00:31.146000,11095.55504384,258.51500032,6,100.0,False,0,pos,1885.6125496524237,0.44319439870586447,OnTrack,7973.0,1084.0,548.0
2026-08-22 14:16:05.256,0 days 00:29:29.492000,87,908.7077777777779,0 days 00:00:31.243000,11162.0,259.0,6,100.0,False,0,car,1892.5925,0.4448349663282326,OnTrack,7930.3957904954195,1002.1767149502521,545.7268803500557
2026-08-22 14:16:05.578,0 days 00:29:29.814000,87,905.7561122844447,0 days 00:00:31.565000,11142.972734836363,258.2681821090909,6,100.0,False,0,pos,1915.7938499481336,0.4502882119280897,OnTrack,7888.0,903.0,544.0
2026-08-22 14:16:05.696,0 days 00:29:29.932000,87,904.6744444444448,0 days 00:00:31.683000,11136.0,258.0,6,100.0,False,0,car,1924.1258333333335,0.4522465614135721,OnTrack,7844.4884242817225,803.2908010746086,541.5772867194258
2026-08-22 14:16:05.898,0 days 00:29:30.134000,87,903.4400007822227,0 days 00:00:31.885000,10849.27240391111,251.26667093333333,6,43.88892444444445,False,0,pos,1938.0450609726902,0.4555181368627341,OnTrack,7761.0,615.0,537.0
2026-08-22 14:16:06.056,0 days 00:29:30.292000,87,902.474444444445,0 days 00:00:32.043000,10625.0,246.0,6,0.0,True,0,car,1948.7258333333334,0.4580285457401899,OnTrack,7736.230018349391,560.7450827828102,536.2813354540866
2026-08-22 14:16:06.158,0 days 00:29:30.394000,87,902.0211107246969,0 days 00:00:32.145000,11132.434394793703,242.15094011534487,6,0.0,True,0,pos,1955.5584361614394,0.4596344807996254,OnTrack,7721.0,529.0,536.0
2026-08-22 14:16:06.215,0 days 00:29:30.451000,87,901.7677777777785,0 days 00:00:32.202000,11416.0,240.0,6,0.0,True,0,car,1959.3258333333333,0.4605199698809277,OnTrack,7708.077144865103,502.04760524891543,535.6077766181381
2026-08-22 14:16:06.358,0 days 00:29:30.594000,87,901.5294443377782,0 days 00:00:32.345000,11080.5456832,234.041664,6,0.0,True,0,pos,1968.5566651891781,0.4626895847228845,OnTrack,7661.0,414.0,534.0
2026-08-22 14:16:06.455,0 days 00:29:30.691000,87,901.367777777778,0 days 00:00:32.442000,10853.0,230.0,5,0.0,True,0,car,1974.6591666666668,0.46412391675117737,OnTrack,7616.117469198428,349.6456655540718,532.5652892174212
2026-08-22 14:16:06.655,0 days 00:29:30.891000,87,901.8122222222225,0 days 00:00:32.642000,11833.0,219.0,5,3.0,True,0,car,1986.8258333333335,0.46698357024604936,OnTrack,7509.393412804223,225.63095473422726,529.3112356449778
2026-08-22 14:16:06.678,0 days 00:29:30.914000,87,901.9527781688893,0 days 00:00:32.665000,11816.8999552,217.8499968,5,2.7535707428571428,True,0,pos,1988.1736301676328,0.46730035643187795,OnTrack,7499.0,215.0,529.0
2026-08-22 14:16:06.935,0 days 00:29:31.171000,87,903.523333333334,0 days 00:00:32.922000,11637.0,205.0,4,0.0,True,0,car,2002.7702777777777,0.47073115267996823,OnTrack,7414.986906282522,152.47626309198154,526.5906192955895
2026-08-22 14:16:07.095,0 days 00:29:31.331000,87,904.3233333333335,0 days 00:00:33.082000,11502.0,208.0,4,2.0,False,0,car,2012.0147222222224,0.4729039670249304,OnTrack,7357.616228469978,132.96570114182956,526.032891225168
2026-08-22 14:16:07.138,0 days 00:29:31.374000,87,904.6099987200001,0 days 00:00:33.125000,11497.296896,206.5218816,4,8.4499712,False,0,pos,2014.4402792430276,0.47347406997930497,OnTrack,7337.0,126.0,526.0
2026-08-22 14:16:07.178,0 days 00:29:31.414000,87,904.8766653866669,0 days 00:00:33.165000,11492.921896,205.1468816,4,14.4499712,False,0,pos,2016.6637751790606,0.47399668049363186,OnTrack,7316.0,119.0,526.0
2026-08-22 14:16:07.415,0 days 00:29:31.651000,87,906.4566666666669,0 days 00:00:33.402000,11467.0,197.0,4,50.0,False,0,car,2029.5258333333336,0.47701977881298363,OnTrack,7178.136116705481,85.9069084664185,524.7758078390885
2026-08-22 14:16:07.538,0 days 00:29:31.774000,87,906.6274997333337,0 days 00:00:33.525000,11480.453104,198.1531232,4,69.21872,False,0,pos,2036.3059111479372,0.47861336839254814,OnTrack,7107.0,75.0,524.0
2026-08-22 14:16:07.735,0 days 00:29:31.971000,87,906.9011111111117,0 days 00:00:33.722000,11502.0,200.0,4,100.0,False,0,car,2047.3036111111114,0.4811982679379107,OnTrack,7002.035009961082,66.52328674711684,523.2590120779489
2026-08-22 14:16:07.919,0 days 00:29:32.155000,87,905.8788888888895,0 days 00:00:33.906000,11563.844444444445,201.0222222222222,4,100.0,False,0,pos,2057.6216566847447,0.48362342150653176,OnTrack,6905.0,66.0,523.0
2026-08-22 14:16:08.095,0 days 00:29:32.331000,87,904.9011111111117,0 days 00:00:34.082000,11623.0,202.0,4,100.0,False,0,car,2067.5036111111112,0.4859460762061091,OnTrack,6806.26405182784,69.86888632103539,522.9995507294951
2026-08-22 14:16:08.099,0 days 00:29:32.335000,87,904.8544444444451,0 days 00:00:34.086000,11614.925,202.0,4,100.0,False,0,pos,2067.728059725848,0.485998830611497,OnTrack,6804.0,70.0,523.0
2026-08-22 14:16:08.255,0 days 00:29:32.491000,87,903.034444444445,0 days 00:00:34.242000,11300.0,202.0,4,100.0,False,0,car,2076.481388888889,0.48805621321419723,OnTrack,6715.9497624751475,76.52148207158628,523.0018919986491
2026-08-22 14:16:08.319,0 days 00:29:32.555000,87,902.1277777777783,0 days 00:00:34.306000,10968.0,202.26666666666668,4,100.0,False,0,pos,2080.078390865549,0.48890165260654944,OnTrack,6681.0,80.0,523.0
2026-08-22 14:16:08.495,0 days 00:29:32.731000,87,899.6344444444449,0 days 00:00:34.482000,10055.0,203.0,4,100.0,False,0,car,2090.014722222222,0.491237088060548,OnTrack,6582.695783871961,93.53883524980414,522.9998355492806
2026-08-22 14:16:08.499,0 days 00:29:32.735000,87,899.5488888888893,0 days 00:00:34.486000,10056.36,203.04,4,100.0,False,0,pos,2090.241913895356,0.49129048719441787,OnTrack,6580.0,94.0,523.0
2026-08-22 14:16:08.719,0 days 00:29:32.955000,87,894.8433333333339,0 days 00:00:34.706000,10131.16,205.24,4,100.0,False,0,pos,2102.837657840028,0.4942509910184091,OnTrack,6412.0,127.0,523.0
2026-08-22 14:16:08.895,0 days 00:29:33.131000,87,891.0788888888897,0 days 00:00:34.882000,10191.0,207.0,5,100.0,False,0,car,2113.014722222222,0.4966430083659224,OnTrack,6337.480609113607,144.81944915929023,522.9078184416738
2026-08-22 14:16:09.039,0 days 00:29:33.275000,87,887.3988888888897,0 days 00:00:35.026000,10229.8,208.2,5,100.0,False,0,pos,2121.385868771083,0.4986105627619116,OnTrack,6279.0,164.0,523.0
2026-08-22 14:16:09.255,0 days 00:29:33.491000,87,881.8788888888898,0 days 00:00:35.242000,10288.0,210.0,5,100.0,False,0,car,2134.014722222222,0.5015788486447426,OnTrack,6127.960482047327,218.45596836978598,523.7134848886565
2026-08-22 14:16:09.359,0 days 00:29:33.595000,87,878.9322222222231,0 days 00:00:35.346000,10327.371428571429,210.74285714285713,5,100.0,False,0,pos,2140.1244782516837,0.5030148857830273,OnTrack,6051.0,251.0,524.0
2026-08-22 14:16:09.535,0 days 00:29:33.771000,87,873.9455555555564,0 days 00:00:35.522000,10394.0,212.0,5,100.0,False,0,car,2150.5036111111112,0.5054543973081125,OnTrack,5935.760196088855,311.0950440147556,524.118276368434
2026-08-22 14:16:09.719,0 days 00:29:33.955000,87,867.6588888888897,0 days 00:00:35.706000,10003.0,212.0,5,42.49999999999999,False,0,pos,2161.397507412797,0.5080148988395008,OnTrack,5847.0,366.0,524.0
2026-08-22 14:16:09.855,0 days 00:29:34.091000,87,863.012222222223,0 days 00:00:35.842000,9714.0,212.0,5,0.0,True,0,car,2169.3480555555557,0.5098835957805352,OnTrack,5810.157625594714,391.3160306953893,523.9256607322894
2026-08-22 14:16:10.019,0 days 00:29:34.255000,87,857.3177777777785,0 days 00:00:36.006000,9778.233333333334,207.21666666666667,5,0.0,True,0,pos,2178.713964275944,0.5120849590905279,OnTrack,5775.0,421.0,524.0
2026-08-22 14:16:10.095,0 days 00:29:34.331000,87,854.6788888888896,0 days 00:00:36.082000,9808.0,205.0,5,0.0,True,0,car,2183.0147222222226,0.513095809295323,OnTrack,5752.008655820046,441.60056836991635,524.1602322418051
2026-08-22 14:16:10.375,0 days 00:29:34.611000,87,843.9455555555564,0 days 00:00:36.362000,10445.0,205.0,4,0.0,True,0,car,2198.959166666667,0.5168433917292419,OnTrack,5650.01121589302,537.882517966542,524.9820284728764
2026-08-22 14:16:10.399,0 days 00:29:34.635000,87,842.9455555555564,0 days 00:00:36.386000,10445.0,205.0,4,0.0,True,0,pos,2200.3699200616265,0.5171749752259239,OnTrack,5643.0,545.0,525.0
2026-08-22 14:16:10.759,0 days 00:29:34.995000,87,827.9455555555561,0 days 00:00:36.746000,10445.0,205.0,4,0.0,True,0,pos,2220.9975921848386,0.5220233035556405,OnTrack,5569.0,641.0,524.0
2026-08-22 14:16:10.775,0 days 00:29:35.011000,87,827.2788888888895,0 days 00:00:36.762000,10445.0,205.0,4,0.0,True,0,car,2221.736944444445,0.5221970809205547,OnTrack,5565.423408492246,647.1495124340247,523.9077602281118
2026-08-22 14:16:10.919,0 days 00:29:35.155000,87,823.6788888888894,0 days 00:00:36.906000,11049.8,159.64,4,0.0,True,0,pos,2227.532714820506,0.5235593188666955,OnTrack,5533.0,709.0,523.0
2026-08-22 14:16:10.975,0 days 00:29:35.211000,87,822.2788888888895,0 days 00:00:36.962000,11285.0,142.0,4,0.0,True,0,car,2229.625833333334,0.5240512854697412,OnTrack,5524.064709213994,731.3414252322244,522.7031040662454
2026-08-22 14:16:11.199,0 days 00:29:35.435000,87,817.1144434147737,0 days 00:00:37.186000,11153.80994269108,135.7196249160623,4,0.6978194537708569,True,0,pos,2237.960121527806,0.5260101766776257,OnTrack,5509.0,809.0,522.0
2026-08-22 14:16:11.296,0 days 00:29:35.532000,87,814.8780555555563,0 days 00:00:37.283000,11097.0,133.0,2,1.0,True,0,car,2241.4850000000006,0.5268386641605305,OnTrack,5507.9901622100015,841.1188928391974,521.9741994473704
2026-08-22 14:16:11.379,0 days 00:29:35.615000,87,813.0797208355566,0 days 00:00:37.366000,10863.562319999999,129.8874976,2,0.4812496,True,0,pos,2244.4413361432685,0.5275335214468959,OnTrack,5513.0,872.0,522.0
2026-08-22 14:16:11.456,0 days 00:29:35.692000,87,811.4113888888901,0 days 00:00:37.443000,10647.0,127.0,2,0.0,True,0,car,2247.1294444444447,0.5281653344576948,OnTrack,5525.075019967724,906.1565487372617,521.9997720223711
2026-08-22 14:16:11.619,0 days 00:29:35.855000,87,808.15138760889,0 days 00:00:37.606000,10400.688792177778,123.37777635555555,2,0.0,True,0,pos,2252.6313947745903,0.5294585129363425,OnTrack,5562.0,980.0,522.0
2026-08-22 14:16:11.816,0 days 00:29:36.052000,87,804.2113888888898,0 days 00:00:37.803000,10103.0,119.0,2,0.0,True,0,car,2259.029444444445,0.5309623106156929,OnTrack,5591.237266903857,1025.1399174230548,522.2246585683628
2026-08-22 14:16:11.978,0 days 00:29:36.214000,87,801.1513913066675,0 days 00:00:37.965000,9826.79021824,114.9500032,2,0.0,True,0,pos,2264.1718373586546,0.532170978714525,OnTrack,5616.0,1052.0,522.0
2026-08-22 14:16:12.016,0 days 00:29:36.252000,87,800.433611111112,0 days 00:00:38.003000,9762.0,114.0,2,0.0,False,0,car,2265.3627777777783,0.5324508973664481,OnTrack,5623.544584712801,1060.0395315328822,521.8273038482778
2026-08-22 14:16:12.198,0 days 00:29:36.434000,87,797.1980532800011,0 days 00:00:38.185000,10135.1002624,112.48333226666666,2,36.4000256,False,0,pos,2271.0075028022234,0.5337776336111397,OnTrack,5665.0,1103.0,521.0
2026-08-22 14:16:12.256,0 days 00:29:36.492000,87,796.1669444444456,0 days 00:00:38.243000,10254.0,112.0,2,48.0,False,0,car,2272.829444444445,0.5342058627989176,OnTrack,5677.512446818868,1115.1041547374923,521.157357384449
2026-08-22 14:16:12.398,0 days 00:29:36.634000,87,793.6030532444455,0 days 00:00:38.385000,10478.9814528,114.6625024,2,52.8812544,False,0,pos,2277.3883053047507,0.5352773775160526,OnTrack,5712.0,1145.0,522.0
2026-08-22 14:16:12.576,0 days 00:29:36.812000,87,790.3891666666677,0 days 00:00:38.563000,10761.0,118.0,2,59.0,False,0,car,2283.318333333334,0.5366711713826245,OnTrack,5781.110030456173,1196.99628812143,522.0533764194719
2026-08-22 14:16:12.638,0 days 00:29:36.874000,87,789.200830880001,0 days 00:00:38.625000,10921.4253312,119.80833706666667,2,59.516667733333335,False,0,pos,2285.4459322030057,0.5371712422492007,OnTrack,5802.0,1212.0,522.0
2026-08-22 14:16:12.816,0 days 00:29:37.052000,87,785.7891666666678,0 days 00:00:38.803000,11382.0,125.0,2,61.0,False,0,car,2291.651666666667,0.538629838159934,OnTrack,5837.088699879115,1235.1833895740426,521.993731313886
2026-08-22 14:16:12.938,0 days 00:29:37.174000,87,783.5186140141783,0 days 00:00:38.925000,11289.734884992715,125.0,2,61.0,False,0,pos,2295.865085875247,0.5396201602666608,OnTrack,5860.0,1248.0,522.0
2026-08-22 14:16:13.095,0 days 00:29:37.331000,87,780.5966666666682,0 days 00:00:39.082000,11171.0,125.0,2,61.0,False,0,car,2301.339166666667,0.5409067882885564,OnTrack,5906.030565261712,1273.1943776306175,521.9252350275273
2026-08-22 14:16:13.198,0 days 00:29:37.434000,87,778.6224987733348,0 days 00:00:39.185000,11436.2251648,128.09000192,2,58.93999872,False,0,pos,2305.04906550878,0.5417787629616636,OnTrack,5941.0,1291.0,522.0
2026-08-22 14:16:13.295,0 days 00:29:37.531000,87,776.7633333333347,0 days 00:00:39.282000,11686.0,131.0,2,57.0,False,0,car,2308.616944444445,0.5426173572740735,OnTrack,5974.572999323365,1306.5637756503356,522.2520030836864
2026-08-22 14:16:13.495,0 days 00:29:37.731000,87,772.5966666666677,0 days 00:00:39.482000,12201.0,137.0,2,81.0,False,0,car,2316.2280555555562,0.544406272930683,OnTrack,6043.4750447450515,1335.0291575789734,522.961530445612
2026-08-22 14:16:13.518,0 days 00:29:37.754000,87,772.0599985066677,0 days 00:00:39.505000,12128.497525527273,137.83636596363635,2,81.99318458181818,False,0,pos,2317.1454187185077,0.5446218899806832,OnTrack,6051.0,1338.0,523.0
2026-08-22 14:16:13.718,0 days 00:29:37.954000,87,767.3933318400012,0 days 00:00:39.705000,11498.042980072727,145.10909323636363,2,90.62954821818182,False,0,pos,2325.552786630658,0.5465979578463807,OnTrack,6125.0,1364.0,523.0
2026-08-22 14:16:13.935,0 days 00:29:38.171000,87,762.3300000000013,0 days 00:00:39.922000,10814.0,153.0,3,100.0,False,0,car,2334.928055555556,0.5488015211789656,OnTrack,6269.420762682026,1402.6001211197272,522.9998299409338
2026-08-22 14:16:13.938,0 days 00:29:38.174000,87,762.2625043200013,0 days 00:00:39.925000,10821.0495488,153.0,3,100.0,False,0,pos,2335.055570856052,0.5488314923768872,OnTrack,6271.0,1403.0,523.0
2026-08-22 14:16:14.095,0 days 00:29:38.331000,87,758.7300000000014,0 days 00:00:40.082000,11190.0,153.0,3,100.0,False,0,car,2341.7280555555562,0.5503997932692503,OnTrack,6322.460095666982,1415.2353928300809,523.0036472756804
2026-08-22 14:16:14.295,0 days 00:29:38.531000,87,753.8411111111122,0 days 00:00:40.282000,11570.0,162.0,3,100.0,False,0,car,2350.7280555555562,0.5525151533887446,OnTrack,6342.968685504319,1417.450979780016,523.0002344837031
2026-08-22 14:16:14.319,0 days 00:29:38.555000,87,753.2411111111122,0 days 00:00:40.306000,11591.36,162.72,3,100.0,False,0,pos,2351.8339768589894,0.552775089146587,OnTrack,6347.0,1418.0,523.0
2026-08-22 14:16:14.495,0 days 00:29:38.731000,87,748.8411111111122,0 days 00:00:40.482000,11748.0,168.0,3,100.0,False,0,car,2360.0613888888897,0.5547088601793313,OnTrack,6388.231800217654,1424.24072077571,522.999645202272
2026-08-22 14:16:14.695,0 days 00:29:38.931000,87,743.7855555555566,0 days 00:00:40.682000,11360.0,172.0,3,100.0,False,0,car,2369.6169444444454,0.5569547980839796,OnTrack,6459.1612604416005,1435.2262439743756,523.0002039558796
2026-08-22 14:16:14.739,0 days 00:29:38.975000,87,742.6366666666678,0 days 00:00:40.726000,11093.36,172.88,3,100.0,False,0,pos,2371.7481386867307,0.5574557140069826,OnTrack,6478.0,1438.0,523.0
2026-08-22 14:16:14.895,0 days 00:29:39.131000,87,738.5633333333349,0 days 00:00:40.882000,10148.0,176.0,3,100.0,False,0,car,2379.3947222222228,0.5592529671026895,OnTrack,6553.134484821098,1448.7878270588678,522.9990569171362
2026-08-22 14:16:14.939,0 days 00:29:39.175000,87,737.3777777777793,0 days 00:00:40.926000,10212.075,177.1,3,100.0,False,0,pos,2381.5800195416373,0.5597665994136594,OnTrack,6575.0,1452.0,523.0
2026-08-22 14:16:15.055,0 days 00:29:39.291000,87,734.2522222222237,0 days 00:00:41.042000,10381.0,180.0,4,100.0,False,0,car,2387.3947222222228,0.5611332872089067,OnTrack,6632.105728322281,1460.7096599005772,523.0065204893892
2026-08-22 14:16:15.179,0 days 00:29:39.415000,87,730.8422222222238,0 days 00:00:41.166000,10465.32,181.86,4,100.0,False,0,pos,2393.6742458279227,0.5626092265205644,OnTrack,6693.0,1470.0,523.0
2026-08-22 14:16:15.219,0 days 00:29:39.455000,87,729.7422222222237,0 days 00:00:41.206000,10492.52,182.46,4,100.0,False,0,pos,2395.716030066071,0.5630891275150081,OnTrack,6713.0,1473.0,523.0
2026-08-22 14:16:15.255,0 days 00:29:39.491000,87,728.7522222222237,0 days 00:00:41.242000,10517.0,183.0,4,100.0,False,0,car,2397.5613888888893,0.5635228606772243,OnTrack,6732.373284763806,1476.2701649827934,523.0547941224994
2026-08-22 14:16:15.455,0 days 00:29:39.691000,87,723.1411111111124,0 days 00:00:41.442000,10585.0,185.0,4,47.0,True,0,car,2407.839166666667,0.5659385497025728,OnTrack,6862.103609464229,1504.3770820200025,524.3174830152102
2026-08-22 14:16:15.559,0 days 00:29:39.795000,87,720.5122222222236,0 days 00:00:41.546000,10438.657142857142,180.9142857142857,4,29.542857142857144,True,0,pos,2412.9879973534844,0.5671487309355642,OnTrack,6922.0,1519.0,525.0
2026-08-22 14:16:15.735,0 days 00:29:39.971000,87,716.0633333333349,0 days 00:00:41.722000,10191.0,174.0,4,0.0,True,0,car,2421.3725000000004,0.5691194245489236,OnTrack,6994.7604454306365,1538.7587852493311,525.7324045726973
2026-08-22 14:16:15.959,0 days 00:29:40.195000,87,711.0233333333348,0 days 00:00:41.946000,10970.333333333334,164.66666666666666,4,0.0,True,0,pos,2431.5980336383163,0.5715228341110394,OnTrack,7068.0,1564.0,526.0
2026-08-22 14:16:15.975,0 days 00:29:40.211000,87,710.6633333333348,0 days 00:00:41.962000,11026.0,164.0,4,0.0,True,0,car,2432.305833333334,0.5716891953607537,OnTrack,7074.10250491652,1566.2844398213574,525.9960451532733
2026-08-22 14:16:16.179,0 days 00:29:40.415000,87,706.753333333335,0 days 00:00:42.166000,10541.5,157.2,4,0.0,True,0,pos,2441.0494049119015,0.5737442845406701,OnTrack,7158.0,1600.0,526.0
2026-08-22 14:16:16.335,0 days 00:29:40.571000,87,703.7633333333351,0 days 00:00:42.322000,10171.0,152.0,3,0.0,True,0,car,2447.5058333333336,0.5752618035625664,OnTrack,7217.221829713997,1628.4177382402934,526.8454428734609
2026-08-22 14:16:16.379,0 days 00:29:40.615000,87,703.0300000000018,0 days 00:00:42.366000,10210.966666666667,150.71666666666667,3,0.0,True,0,pos,2449.3062646075105,0.5756849769531536,OnTrack,7233.0,1637.0,527.0
2026-08-22 14:16:16.575,0 days 00:29:40.811000,87,699.7633333333351,0 days 00:00:42.562000,10389.0,145.0,3,0.0,True,0,car,2457.1725,0.5775338570242454,OnTrack,7298.632209594178,1679.255545346606,526.9415762979726
2026-08-22 14:16:16.599,0 days 00:29:40.835000,87,699.4233333333351,0 days 00:00:42.586000,10508.6,144.3,3,0.1,True,0,pos,2458.109473132566,0.5777540832017641,OnTrack,7306.0,1685.0,527.0
2026-08-22 14:16:16.779,0 days 00:29:41.015000,87,696.873333333335,0 days 00:00:42.766000,11405.6,139.05,3,0.85,True,0,pos,2464.992756343179,0.5793719301789769,OnTrack,7356.0,1732.0,528.0
2026-08-22 14:16:16.815,0 days 00:29:41.051000,87,696.363333333335,0 days 00:00:42.802000,11585.0,138.0,3,1.0,True,0,car,2466.3725000000004,0.5796962251463953,OnTrack,7364.832583706988,1741.9767208114513,528.0925933303463
2026-08-22 14:16:16.975,0 days 00:29:41.211000,87,694.1411111111124,0 days 00:00:42.962000,11405.0,138.0,2,0.0,False,0,car,2472.505833333334,0.5811378038944952,OnTrack,7399.24334733477,1788.7601997121417,528.0023948618202
2026-08-22 14:16:16.979,0 days 00:29:41.215000,87,694.0933333333346,0 days 00:00:42.966000,11398.275,137.825,2,0.0,False,0,pos,2472.6553681000414,0.5811729505480475,OnTrack,7400.0,1790.0,528.0
2026-08-22 14:16:17.135,0 days 00:29:41.371000,87,692.2300000000014,0 days 00:00:43.122000,11136.0,131.0,2,0.0,False,0,car,2478.328055555556,0.5825062590829088,OnTrack,7425.657848137101,1840.9022213066664,527.9950578896357
2026-08-22 14:16:17.159,0 days 00:29:41.395000,87,691.9566666666681,0 days 00:00:43.146000,11102.64,130.76,2,0.0,False,0,pos,2479.19124509,0.5827091431625451,OnTrack,7429.0,1849.0,528.0
2026-08-22 14:16:17.335,0 days 00:29:41.571000,87,689.9522222222236,0 days 00:00:43.322000,10858.0,129.0,2,0.0,False,0,car,2485.494722222223,0.5841907125113951,OnTrack,7448.657209560244,1909.6561865084864,528.021923897157
2026-08-22 14:16:17.379,0 days 00:29:41.615000,87,689.4877777777791,0 days 00:00:43.366000,10803.22,128.56,2,0.0,False,0,pos,2487.060509369108,0.584558735143188,OnTrack,7452.0,1925.0,528.0
2026-08-22 14:16:17.535,0 days 00:29:41.771000,87,687.8411111111127,0 days 00:00:43.522000,10609.0,127.0,2,0.0,False,0,car,2492.5502777777783,0.5858490503828504,OnTrack,7458.450807841712,1979.6356595641314,527.853585743534
2026-08-22 14:16:17.599,0 days 00:29:41.835000,87,687.2899997809262,0 days 00:00:43.586000,10572.428556890854,125.40993725612412,2,0.0,False,0,pos,2494.7524644519285,0.5863666523679815,OnTrack,7459.0,2002.0,528.0
2026-08-22 14:16:17.696,0 days 00:29:41.932000,87,686.4547222222236,0 days 00:00:43.683000,10517.0,123.0,2,0.0,False,0,car,2498.051111111112,0.5871419663225526,OnTrack,7457.735546867987,2035.734714924058,528.611149244114
2026-08-22 14:16:17.799,0 days 00:29:42.035000,87,685.7394440000015,0 days 00:00:43.786000,10385.6749184,121.96999936,2,0.0,False,0,pos,2501.539069807069,0.5879617761807606,OnTrack,7454.0,2071.0,529.0
2026-08-22 14:16:17.896,0 days 00:29:42.132000,87,685.0658333333349,0 days 00:00:43.883000,10262.0,121.0,2,0.0,False,0,car,2504.773333333334,0.5887219575229156,OnTrack,7448.595348253127,2103.3490248741045,528.3768598897835
2026-08-22 14:16:17.959,0 days 00:29:42.195000,87,684.8733331377794,0 days 00:00:43.946000,10194.8655568,119.8187488,2,1.1812512,False,0,pos,2506.8293065806592,0.5892051935022643,OnTrack,7444.0,2124.0,528.0
2026-08-22 14:16:18.216,0 days 00:29:42.452000,87,684.0880555555568,0 days 00:00:44.203000,9921.0,115.0,2,6.0,False,0,car,2514.995555555556,0.5911245887697486,OnTrack,7416.819632146638,2204.458599297893,528.9601224744509
2026-08-22 14:16:18.239,0 days 00:29:42.475000,87,684.0816666488902,0 days 00:00:44.226000,9949.585793828572,115.08214308571428,2,9.285723428571428,False,0,pos,2515.729220166932,0.5912970293097474,OnTrack,7414.0,2211.0,529.0
2026-08-22 14:16:18.299,0 days 00:29:42.535000,87,684.0649999822235,0 days 00:00:44.286000,10024.1572224,115.2964288,2,17.857152,False,0,pos,2517.648957821639,0.5917482444735983,OnTrack,7406.0,2228.0,529.0
2026-08-22 14:16:18.496,0 days 00:29:42.732000,87,684.0102777777793,0 days 00:00:44.483000,10269.0,116.0,2,46.0,False,0,car,2524.017777777778,0.5932451720006491,OnTrack,7355.9641522828,2305.6032059051313,528.9134410441914
2026-08-22 14:16:18.598,0 days 00:29:42.834000,87,684.0386111466682,0 days 00:00:44.585000,10472.49025536,117.53000192,2,50.59000576,False,0,pos,2527.360440674654,0.5940308315323118,OnTrack,7330.0,2341.0,529.0
2026-08-22 14:16:18.696,0 days 00:29:42.932000,87,684.0658333333349,0 days 00:00:44.683000,10668.0,119.0,2,55.0,False,0,car,2530.6288888888894,0.5947990476439814,OnTrack,7311.429734580134,2363.8661145035403,529.2266446532627
2026-08-22 14:16:18.896,0 days 00:29:43.132000,87,684.1213888888901,0 days 00:00:44.883000,11036.0,124.0,2,57.0,False,0,car,2537.5177777777785,0.5964182121798907,OnTrack,7283.69421622708,2388.090463053326,529.9007068455448
2026-08-22 14:16:18.958,0 days 00:29:43.194000,87,684.1386111466679,0 days 00:00:44.945000,10638.165845333333,124.7750016,2,57.7750016,False,0,pos,2539.676508586189,0.5969256002977612,OnTrack,7271.0,2398.0,530.0
2026-08-22 14:16:19.118,0 days 00:29:43.354000,87,684.1830555911123,0 days 00:00:45.105000,9611.499178666667,126.7750016,2,59.7750016,False,0,pos,2545.3306478662275,0.5982545492692123,OnTrack,7226.0,2431.0,530.0
2026-08-22 14:16:19.136,0 days 00:29:43.372000,87,684.1880555555567,0 days 00:00:45.123000,9496.0,127.0,2,60.0,False,0,car,2545.984444444445,0.5984082176256372,OnTrack,7219.754620581094,2434.915858563541,529.9939104604757
2026-08-22 14:16:19.336,0 days 00:29:43.572000,87,683.8547222222237,0 days 00:00:45.323000,9700.0,135.0,3,67.0,False,0,car,2553.484444444445,0.6001710177252159,OnTrack,7135.7312803958375,2477.977380565947,529.9498792321237
2026-08-22 14:16:19.418,0 days 00:29:43.654000,87,683.581389315557,0 days 00:00:45.405000,9854.433092266667,137.0499968,3,68.36666453333333,False,0,pos,2556.6386649096257,0.600912385745231,OnTrack,7099.0,2493.0,530.0
2026-08-22 14:16:19.576,0 days 00:29:43.812000,87,683.0547222222235,0 days 00:00:45.563000,10152.0,141.0,3,71.0,False,0,car,2562.8844444444453,0.6023803938500211,OnTrack,7029.2264934294835,2515.5551609132503,530.2565536327172
2026-08-22 14:16:19.798,0 days 00:29:44.034000,87,681.9447218794623,0 days 00:00:45.785000,10595.071266524848,150.28870579716664,3,79.35983521744998,False,0,pos,2572.1853953007767,0.6045664894627834,OnTrack,6933.0,2537.0,531.0
2026-08-22 14:16:19.815,0 days 00:29:44.051000,87,681.8597222222238,0 days 00:00:45.802000,10629.0,151.0,3,80.0,False,0,car,2572.9091666666673,0.6047366046942318,OnTrack,6925.692458929544,2538.395728362875,531.0770592568598
2026-08-22 14:16:19.975,0 days 00:29:44.211000,87,680.9708333333347,0 days 00:00:45.962000,11221.0,155.0,3,100.0,False,0,car,2579.7980555555564,0.6063557692301411,OnTrack,6857.300380991091,2550.0790773779627,531.86173890927
2026-08-22 14:16:20.018,0 days 00:29:44.254000,87,680.6483347733348,0 days 00:00:46.005000,11359.02938368,156.93499136,3,99.14000384,False,0,pos,2581.704853327795,0.6068039430038449,OnTrack,6839.0,2553.0,532.0
2026-08-22 14:16:20.175,0 days 00:29:44.411000,87,679.4708333333351,0 days 00:00:46.162000,11863.0,164.0,3,96.0,False,0,car,2588.9091666666673,0.6084972449066662,OnTrack,6772.265103052833,2563.2752872767437,532.0964015120563
2026-08-22 14:16:20.298,0 days 00:29:44.534000,87,678.2066686400017,0 days 00:00:46.285000,11842.2437824,171.687488,3,99.0749952,False,0,pos,2594.823691982243,0.6098873950153672,OnTrack,6711.0,2572.0,532.0
2026-08-22 14:16:20.335,0 days 00:29:44.571000,87,677.8263888888905,0 days 00:00:46.322000,11836.0,174.0,3,100.0,False,0,car,2596.642500000001,0.6103148876760096,OnTrack,6689.75035781228,2574.895472045974,531.9802689325415
2026-08-22 14:16:20.518,0 days 00:29:44.754000,87,675.4372213866685,0 days 00:00:46.505000,11301.296688,179.718752,3,100.0,False,0,pos,2605.8812746407925,0.6124863693902458,OnTrack,6575.0,2590.0,532.0
2026-08-22 14:16:20.655,0 days 00:29:44.891000,87,673.648611111113,0 days 00:00:46.642000,10901.0,184.0,4,100.0,False,0,car,2612.998055555556,0.6141590976709425,OnTrack,6499.588571873289,2599.8269121326357,532.2622080140371
2026-08-22 14:16:20.895,0 days 00:29:45.131000,87,669.8486111111133,0 days 00:00:46.882000,11313.0,192.0,4,100.0,False,0,car,2625.798055555556,0.6171676098408899,OnTrack,6380.326656180195,2614.38678459431,532.937950317489
2026-08-22 14:16:20.939,0 days 00:29:45.175000,87,668.9930555555577,0 days 00:00:46.926000,11351.133333333333,193.65,4,100.0,False,0,pos,2628.2042455577066,0.6177331607709428,OnTrack,6356.0,2617.0,533.0
2026-08-22 14:16:21.135,0 days 00:29:45.371000,87,665.1819444444463,0 days 00:00:47.122000,11521.0,201.0,4,100.0,False,0,car,2639.198055555556,0.6203171460188037,OnTrack,6236.322534356618,2628.5780148896074,532.999493170475
2026-08-22 14:16:21.319,0 days 00:29:45.555000,87,660.1730555555575,0 days 00:00:47.306000,11236.72,207.44,4,100.0,False,0,pos,2650.0300651873686,0.6228631017064831,OnTrack,6119.0,2637.0,533.0
2026-08-22 14:16:21.535,0 days 00:29:45.771000,87,654.2930555555577,0 days 00:00:47.522000,10903.0,215.0,5,100.0,False,0,car,2663.0869444444447,0.6259319907804245,OnTrack,5988.937293286186,2641.130764868214,533.4801208299479
2026-08-22 14:16:21.695,0 days 00:29:45.931000,87,649.3597222222238,0 days 00:00:47.682000,11155.0,219.0,5,100.0,False,0,car,2672.8202777777783,0.6282197135763221,OnTrack,5900.500925090415,2641.1507707923042,533.9398637065516
2026-08-22 14:16:21.719,0 days 00:29:45.955000,87,648.4863888888905,0 days 00:00:47.706000,11187.142857142857,220.11428571428573,5,100.0,False,0,pos,2674.317498390786,0.6285716203290823,OnTrack,5888.0,2641.0,534.0
2026-08-22 14:16:21.975,0 days 00:29:46.211000,87,639.1708333333345,0 days 00:00:47.962000,11530.0,232.0,5,100.0,False,0,car,2690.864722222223,0.6324608800381232,OnTrack,5764.575180628598,2636.8635565369636,534.5409980611619
2026-08-22 14:16:22.099,0 days 00:29:46.335000,87,634.004166666668,0 days 00:00:48.086000,10991.375,233.9375,5,100.0,False,0,pos,2698.978303239362,0.6343678962281167,OnTrack,5696.0,2633.0,535.0
2026-08-22 14:16:22.279,0 days 00:29:46.515000,87,626.5041666666681,0 days 00:00:48.266000,10209.5,236.75,5,100.0,False,0,pos,2710.8627832980624,0.6371612245789056,OnTrack,5578.0,2625.0,536.0
2026-08-22 14:16:22.295,0 days 00:29:46.531000,87,625.8375000000015,0 days 00:00:48.282000,10140.0,237.0,6,100.0,False,0,car,2711.931388888889,0.6374123896511616,OnTrack,5567.2649769202635,2624.132196634455,536.0852417785097
2026-08-22 14:16:22.455,0 days 00:29:46.691000,87,618.7263888888901,0 days 00:00:48.442000,10656.0,242.0,6,100.0,False,0,car,2722.686944444445,0.6399403755717427,OnTrack,5460.438774395388,2614.0344590906548,536.8117657773987
2026-08-22 14:16:22.539,0 days 00:29:46.775000,87,614.9230555555567,0 days 00:00:48.526000,10696.74,242.0,6,100.0,False,0,pos,2728.2992749477107,0.6412594978077462,OnTrack,5405.0,2608.0,537.0
2026-08-22 14:16:22.655,0 days 00:29:46.891000,87,609.6708333333345,0 days 00:00:48.642000,10753.0,242.0,6,100.0,False,0,car,2736.13138888889,0.6431003579724688,OnTrack,5329.206389740146,2599.000550092205,536.9829024409719
2026-08-22 14:16:22.739,0 days 00:29:46.975000,87,605.4475000000012,0 days 00:00:48.726000,10885.3,246.5,6,100.0,False,0,pos,2741.9994407409076,0.6444795849576781,OnTrack,5270.0,2591.0,537.0
2026-08-22 14:16:22.935,0 days 00:29:47.171000,87,595.5930555555569,0 days 00:00:48.922000,11194.0,257.0,6,100.0,False,0,car,2756.1202777777785,0.6477985466823086,OnTrack,5109.019211107724,2565.6562767013716,537.6665974806048
2026-08-22 14:16:23.019,0 days 00:29:47.255000,87,591.2063888888903,0 days 00:00:49.006000,11250.7,258.2,6,100.0,False,0,pos,2762.199678676336,0.6492274491502229,OnTrack,5046.0,2555.0,538.0
2026-08-22 14:16:23.215,0 days 00:29:47.451000,87,580.9708333333347,0 days 00:00:49.202000,11383.0,261.0,6,100.0,False,0,car,2776.4202777777787,0.6525698589518348,OnTrack,4931.902141962792,2534.2148754581103,538.5971550902735
2026-08-22 14:16:23.319,0 days 00:29:47.555000,87,575.4241666666677,0 days 00:00:49.306000,11378.45,262.3,6,100.0,False,0,pos,2783.994943802504,0.6543502085548563,OnTrack,4861.0,2519.0,539.0
2026-08-22 14:16:23.375,0 days 00:29:47.611000,87,572.4375000000009,0 days 00:00:49.362000,11376.0,263.0,6,100.0,False,0,car,2788.109166666668,0.6553172155514745,OnTrack,4814.323329055416,2508.370127897474,539.2774494393609
2026-08-22 14:16:23.619,0 days 00:29:47.855000,87,558.8141666666679,0 days 00:00:49.606000,10933.472727272727,267.9909090909091,6,100.0,False,0,pos,2806.463915448386,0.6596313159488283,OnTrack,4574.0,2450.0,541.0
2026-08-22 14:16:23.815,0 days 00:29:48.051000,87,547.8708333333348,0 days 00:00:49.802000,10578.0,272.0,6,100.0,False,0,car,2821.353611111112,0.663130990215088,OnTrack,4413.3259489745915,2407.2744652093197,543.0321544067755
2026-08-22 14:16:23.975,0 days 00:29:48.211000,87,538.9375000000014,0 days 00:00:49.962000,10627.0,272.0,7,100.0,False,0,car,2833.442500000001,0.6659723628200385,OnTrack,4299.743218584995,2374.8039011852356,544.9507757458643
2026-08-22 14:16:23.979,0 days 00:29:48.215000,87,538.7119444444459,0 days 00:00:49.966000,10627.425,272.075,7,100.0,False,0,pos,2833.74629339479,0.6660437664235832,OnTrack,4297.0,2374.0,545.0
2026-08-22 14:16:24.135,0 days 00:29:48.371000,87,529.915277777779,0 days 00:00:50.122000,10644.0,275.0,7,100.0,False,0,car,2845.664722222223,0.6688450740934259,OnTrack,4193.680462809747,2342.9470281166086,546.9676386973222
2026-08-22 14:16:24.376,0 days 00:29:48.612000,87,516.3925000000013,0 days 00:00:50.363000,10627.0,276.0,7,100.0,False,0,car,2864.1413888888897,0.6731878300720766,OnTrack,4043.0099036840393,2295.129678957028,550.0400461690385
2026-08-22 14:16:24.459,0 days 00:29:48.695000,87,511.7583297600014,0 days 00:00:50.446000,10670.2292,276.6916672,7,100.0,False,0,pos,2870.5342223144735,0.6746904017253044,OnTrack,3990.0,2278.0,551.0
2026-08-22 14:16:24.616,0 days 00:29:48.852000,87,502.99250000000166,0 days 00:00:50.603000,10752.0,278.0,7,100.0,False,0,car,2882.674722222223,0.6775439049848131,OnTrack,3887.454697521839,2244.534389652331,552.6574012078721
2026-08-22 14:16:24.856,0 days 00:29:49.092000,87,489.7925000000014,0 days 00:00:50.843000,10830.0,280.0,7,100.0,False,0,car,2901.34138888889,0.6819313185659867,OnTrack,3720.975834711278,2188.8189329214993,554.021736125123
2026-08-22 14:16:24.879,0 days 00:29:49.115000,87,488.5530521066681,0 days 00:00:50.866000,10831.26500352,280.11500032,7,100.0,False,0,pos,2903.134934417838,0.6823528735309238,OnTrack,3704.0,2183.0,554.0
2026-08-22 14:16:25.056,0 days 00:29:49.292000,87,479.014722222224,0 days 00:00:51.043000,10841.0,281.0,7,100.0,False,0,car,2916.952500000001,0.6856005543288132,OnTrack,3569.2028565007286,2136.064959597779,553.1173466802512
2026-08-22 14:16:25.079,0 days 00:29:49.315000,87,477.78805214222393,0 days 00:00:51.066000,10840.1374976,281.0,7,100.0,False,0,pos,2918.748097013015,0.6860225914745924,OnTrack,3552.0,2130.0,553.0
2026-08-22 14:16:25.216,0 days 00:29:49.452000,87,470.48138888889025,0 days 00:00:51.203000,10835.0,281.0,7,100.0,False,0,car,2929.44138888889,0.6885359429390745,OnTrack,3448.506824620057,2093.077548139361,552.2667426572016
2026-08-22 14:16:25.238,0 days 00:29:49.474000,87,469.3508267555569,0 days 00:00:51.225000,10839.0333568,281.0,7,100.0,False,0,pos,2931.15825607366,0.6889394754249781,OnTrack,3429.0,2086.0,552.0
2026-08-22 14:16:25.456,0 days 00:29:49.692000,87,458.14805555555677,0 days 00:00:51.443000,10879.0,281.0,7,100.0,False,0,car,2948.174722222223,0.6929390258544663,OnTrack,3185.4172896178757,1995.9328504462558,546.572085482357
2026-08-22 14:16:25.518,0 days 00:29:49.754000,87,454.9619378666679,0 days 00:00:51.505000,10863.8874688,281.0,7,100.0,False,0,pos,2953.0214507357587,0.6940782009886385,OnTrack,3122.0,1972.0,545.0
2026-08-22 14:16:25.616,0 days 00:29:49.852000,87,449.9258333333346,0 days 00:00:51.603000,10840.0,281.0,7,100.0,False,0,car,2960.663611111112,0.6958744144647276,OnTrack,3038.6736267099404,1939.9678435149274,542.951176921511
2026-08-22 14:16:25.856,0 days 00:29:50.092000,87,438.6591666666677,0 days 00:00:51.843000,10682.0,276.0,7,100.0,True,0,car,2979.063611111112,0.7001991507090273,OnTrack,2901.791469087434,1884.5883743292484,539.5611906736947
2026-08-22 14:16:25.898,0 days 00:29:50.134000,87,436.8275055822233,0 days 00:00:51.885000,10528.437968,273.375008,7,73.75008,True,0,pos,2982.226354528247,0.7009425219637829,OnTrack,2881.0,1876.0,539.0
2026-08-22 14:16:26.016,0 days 00:29:50.252000,87,431.68138888889007,0 days 00:00:52.003000,10097.0,266.0,7,0.0,True,0,car,2990.885833333334,0.7029778459771037,OnTrack,2825.4371289671058,1852.8825269099214,537.4066652197406
2026-08-22 14:16:26.176,0 days 00:29:50.412000,87,426.08138888889016,0 days 00:00:52.163000,9817.0,240.0,7,0.0,True,0,car,3001.5525000000007,0.7054849394520599,OnTrack,2754.2188209193414,1822.8717871125075,535.2539400258461
2026-08-22 14:16:26.278,0 days 00:29:50.514000,87,423.78638653534244,0 days 00:00:52.265000,9862.333379823167,227.20428795313825,7,0.0,True,0,pos,3007.7185756363606,0.7069342139514979,OnTrack,2705.0,1802.0,534.0
2026-08-22 14:16:26.438,0 days 00:29:50.674000,87,420.1863873611489,0 days 00:00:52.425000,9933.444474622056,207.13260796958096,7,0.0,True,0,pos,3016.5463152915763,0.7090090859972669,OnTrack,2617.0,1764.0,532.0
2026-08-22 14:16:26.455,0 days 00:29:50.691000,87,419.80388888889047,0 days 00:00:52.442000,9941.0,205.0,7,0.0,True,0,car,3017.440000000001,0.7092191376630007,OnTrack,2605.978961481689,1759.0507996506742,531.7120304476264
2026-08-22 14:16:26.718,0 days 00:29:50.954000,87,416.44333251555736,0 days 00:00:52.705000,10161.732196571429,177.76070765714286,7,0.0,True,0,pos,3030.335624329952,0.7122501253767296,OnTrack,2420.0,1672.0,526.0
2026-08-22 14:16:26.735,0 days 00:29:50.971000,87,416.2261111111129,0 days 00:00:52.722000,10176.0,176.0,7,0.0,True,0,car,3031.12888888889,0.7124365742891946,OnTrack,2411.264052547704,1667.8236497911241,525.7087506191875
2026-08-22 14:16:26.935,0 days 00:29:51.171000,87,414.55944444444594,0 days 00:00:52.922000,10715.0,162.0,7,0.0,True,0,car,3040.12888888889,0.7145519344086889,OnTrack,2353.556754543132,1639.421705550923,523.5567226618017
2026-08-22 14:16:27.138,0 days 00:29:51.374000,87,414.67222211555713,0 days 00:00:53.125000,10299.484768,149.9468864,7,0.0,True,0,pos,3048.3552101598398,0.716485449069435,OnTrack,2308.0,1616.0,523.0
2026-08-22 14:16:27.198,0 days 00:29:51.434000,87,414.7055555911127,0 days 00:00:53.185000,10176.671744,146.3843712,7,0.0,True,0,pos,3050.6670894177064,0.7170288332008993,OnTrack,2286.0,1605.0,523.0
2026-08-22 14:16:27.255,0 days 00:29:51.491000,87,414.73722222222386,0 days 00:00:53.242000,10060.0,143.0,4,0.0,True,0,car,3052.840000000001,0.7175395541330118,OnTrack,2266.9421833123815,1595.680001866908,522.9444585733024
2026-08-22 14:16:27.519,0 days 00:29:51.755000,87,415.7638888888906,0 days 00:00:53.506000,10857.657142857142,133.57142857142858,4,0.0,True,0,pos,3062.607964902966,0.7198354167334953,OnTrack,2197.0,1566.0,522.0
2026-08-22 14:16:27.535,0 days 00:29:51.771000,87,415.8261111111128,0 days 00:00:53.522000,10906.0,133.0,2,0.0,True,0,car,3063.1844444444455,0.7199709124925787,OnTrack,2192.198546642376,1564.2838214490057,521.9321803443154
2026-08-22 14:16:27.735,0 days 00:29:51.971000,87,417.3261111111128,0 days 00:00:53.722000,10621.0,127.0,2,0.0,True,0,car,3070.240000000001,0.7216292503640342,OnTrack,2125.1797731825327,1545.0637024546459,521.0880275255782
2026-08-22 14:16:27.759,0 days 00:29:51.995000,87,417.6927777777795,0 days 00:00:53.746000,10613.675,126.75,2,1.05,True,0,pos,3071.067532025765,0.721823753502357,OnTrack,2117.0,1544.0,521.0
2026-08-22 14:16:28.695,0 days 00:29:52.931000,87,431.99277777777934,0 days 00:00:54.682000,10328.0,117.0,2,42.0,False,0,car,3101.440000000001,0.7289624987782812,OnTrack,1843.8476661037087,1696.288024154088,519.01747999417
2026-08-22 14:16:28.699,0 days 00:29:52.935000,87,432.0572222222238,0 days 00:00:54.686000,10327.433333333332,117.05,2,41.333333333333336,False,0,pos,3101.572811362204,0.7289937147626168,OnTrack,1843.0,1697.0,519.0
2026-08-22 14:16:28.935,0 days 00:29:53.171000,87,435.85944444444567,0 days 00:00:54.922000,10294.0,120.0,2,2.0,False,0,car,3109.440000000001,0.7308428188844984,OnTrack,1796.0465748037495,1735.1451814093402,517.519293842908
2026-08-22 14:16:28.979,0 days 00:29:53.215000,87,436.7150000000012,0 days 00:00:54.966000,10220.52,119.23,2,1.78,False,0,pos,3110.8713287729397,0.7311792384182939,OnTrack,1786.0,1742.0,517.0
2026-08-22 14:16:29.319,0 days 00:29:53.555000,87,443.32611111111237,0 days 00:00:55.306000,9652.72,113.28,2,0.07999999999999996,False,0,pos,3121.5034157671403,0.7336782042865747,OnTrack,1689.0,1790.0,512.0
2026-08-22 14:16:29.335,0 days 00:29:53.571000,87,443.6372222222235,0 days 00:00:55.322000,9626.0,113.0,2,0.0,True,0,car,3121.9955555555566,0.7337938768289782,OnTrack,1684.1982198640328,1791.4424941661507,511.9808533928791
2026-08-22 14:16:29.379,0 days 00:29:53.615000,87,444.57833333333474,0 days 00:00:55.366000,9550.54,112.34,2,0.0,True,0,pos,3123.3469532418676,0.7341115093591115,OnTrack,1671.0,1795.0,512.0
2026-08-22 14:16:29.535,0 days 00:29:53.771000,87,447.9150000000018,0 days 00:00:55.522000,9283.0,110.0,2,0.0,True,0,car,3128.1066666666675,0.7352302324656719,OnTrack,1624.0982296013087,1804.7966989387785,511.1261680891536
2026-08-22 14:16:29.659,0 days 00:29:53.895000,87,450.877222222224,0 days 00:00:55.646000,9094.342857142858,108.67142857142858,2,0.0,True,0,pos,3131.8377119167644,0.7361071773907922,OnTrack,1586.0,1809.0,510.0
2026-08-22 14:16:29.815,0 days 00:29:54.051000,87,454.60388888889065,0 days 00:00:55.802000,8857.0,107.0,2,0.0,True,0,car,3136.4288888888896,0.7371862876872783,OnTrack,1536.324316756666,1809.2297054602127,508.7537642420711
2026-08-22 14:16:29.979,0 days 00:29:54.215000,87,458.9316666666683,0 days 00:00:55.966000,8588.742857142857,104.07142857142857,2,0.0,True,0,pos,3141.0847128228056,0.7382805926065221,OnTrack,1487.0,1805.0,508.0
2026-08-22 14:16:30.095,0 days 00:29:54.331000,87,461.99277777777934,0 days 00:00:56.082000,8399.0,102.0,2,0.0,False,0,car,3144.362222222223,0.739050938459277,OnTrack,1457.1507116628422,1800.2841032788806,508.0394376032668
2026-08-22 14:16:30.295,0 days 00:29:54.531000,87,467.4372222222232,0 days 00:00:56.282000,8142.0,102.0,2,0.0,False,0,car,3150.0288888888895,0.7403828318678475,OnTrack,1408.6129073901755,1784.273701647722,508.8836483669079
2026-08-22 14:16:30.319,0 days 00:29:54.555000,87,468.17722222222324,0 days 00:00:56.306000,8117.057142857143,101.22857142857143,2,0.0,False,0,pos,3150.6812061186943,0.7405361525182017,OnTrack,1402.0,1781.0,509.0
2026-08-22 14:16:30.539,0 days 00:29:54.775000,87,474.9605555555565,0 days 00:00:56.526000,7888.414285714286,94.15714285714286,2,0.0,False,0,pos,3156.3524693701524,0.7418691263081227,OnTrack,1339.0,1742.0,510.0
2026-08-22 14:16:30.575,0 days 00:29:54.811000,87,476.07055555555644,0 days 00:00:56.562000,7851.0,93.0,2,0.0,False,0,car,3157.262222222223,0.7420829546305523,OnTrack,1331.1036450068336,1736.3150384897854,510.0834190014851
2026-08-22 14:16:30.839,0 days 00:29:55.075000,87,484.57722391825735,0 days 00:00:56.826000,7994.925262340239,91.3551398589687,2,24.67290211546958,False,0,pos,3163.9227701628733,0.7436484499069558,OnTrack,1293.0,1700.0,510.0
2026-08-22 14:16:30.896,0 days 00:29:55.132000,87,486.4138888888906,0 days 00:00:56.883000,8026.0,91.0,2,30.0,False,0,car,3165.37638888889,0.7439901084716186,OnTrack,1284.6641872717842,1689.7393099170847,509.9225446045282
2026-08-22 14:16:31.079,0 days 00:29:55.315000,87,492.2597242666683,0 days 00:00:57.066000,8373.7001216,93.2875008,2,42.20000426666667,False,0,pos,3170.1171919518943,0.7451043868864915,OnTrack,1257.0,1651.0,510.0
2026-08-22 14:16:31.136,0 days 00:29:55.372000,87,494.0805555555571,0 days 00:00:57.123000,8482.0,94.0,2,46.0,False,0,car,3171.643055555556,0.7454630258881554,OnTrack,1249.442381844274,1638.4587882691096,510.34822809765177
2026-08-22 14:16:31.319,0 days 00:29:55.555000,87,499.6722241777793,0 days 00:00:57.306000,8860.477405090909,98.15909236363636,2,50.5750016,False,0,pos,3176.747322492932,0.7466627328568862,OnTrack,1229.0,1595.0,512.0
2026-08-22 14:16:31.576,0 days 00:29:55.812000,87,507.52500000000146,0 days 00:00:57.563000,9392.0,104.0,2,57.0,False,0,car,3184.3541666666674,0.7484506456124782,OnTrack,1209.8921732874671,1515.069297057112,512.9342498836193
2026-08-22 14:16:31.599,0 days 00:29:55.835000,87,508.18944629333475,0 days 00:00:57.586000,9462.5814464,105.0062528,2,57.4312512,False,0,pos,3185.053264550591,0.7486149615883977,OnTrack,1209.0,1507.0,513.0
2026-08-22 14:16:31.736,0 days 00:29:55.972000,87,512.1472222222233,0 days 00:00:57.723000,9883.0,111.0,2,60.0,False,0,car,3189.287500000001,0.7496101763446456,OnTrack,1206.8922238111284,1456.141301164012,513.4449614520527
2026-08-22 14:16:31.976,0 days 00:29:56.212000,87,518.7472222222236,0 days 00:00:57.963000,10773.0,117.0,2,69.0,False,0,car,3197.087500000001,0.7514434884482073,OnTrack,1212.3559282502488,1366.9485955315986,514.0090067235344
2026-08-22 14:16:31.998,0 days 00:29:56.234000,87,519.3094477155569,0 days 00:00:57.985000,10857.0129888,118.1000064,2,69.687504,False,0,pos,3197.831279008885,0.7516183062763307,OnTrack,1213.0,1360.0,514.0
2026-08-22 14:16:32.136,0 days 00:29:56.372000,87,522.8361111111121,0 days 00:00:58.123000,11384.0,125.0,2,74.0,False,0,car,3202.6430555555567,0.752749266299747,OnTrack,1217.411124374751,1321.613429883504,513.6919787412523
2026-08-22 14:16:32.358,0 days 00:29:56.594000,87,527.5844471822234,0 days 00:00:58.345000,11339.137474133333,133.3250048,2,86.02500693333333,False,0,pos,3211.1572249210994,0.754750436780468,OnTrack,1226.0,1267.0,513.0
2026-08-22 14:16:32.598,0 days 00:29:56.834000,87,532.7177805155568,0 days 00:00:58.585000,11290.637474133333,142.3250048,2,99.02500693333333,False,0,pos,3220.9736330730943,0.757057685482847,OnTrack,1239.0,1187.0,513.0
2026-08-22 14:16:32.616,0 days 00:29:56.852000,87,533.102777777779,0 days 00:00:58.603000,11287.0,143.0,2,100.0,False,0,car,3221.7097222222233,0.7572306958862314,OnTrack,1240.408143747335,1178.4938320509063,512.9528846852519
2026-08-22 14:16:32.838,0 days 00:29:57.074000,87,537.5427803377787,0 days 00:00:58.825000,11128.8249088,149.47500373333332,2,100.0,False,0,pos,3230.9214813731433,0.7593958278793695,OnTrack,1261.0,1056.0,512.0
2026-08-22 14:16:32.856,0 days 00:29:57.092000,87,537.9027777777787,0 days 00:00:58.843000,11116.0,150.0,3,100.0,False,0,car,3231.7097222222233,0.7595810960190028,OnTrack,1262.4652831075102,1047.5067340005712,511.97347082526926
2026-08-22 14:16:33.016,0 days 00:29:57.252000,87,540.436111111112,0 days 00:00:59.003000,11659.0,165.0,3,100.0,False,0,car,3239.0430555555563,0.7613047227830352,OnTrack,1273.021256189252,988.393763064768,512.2669120378943
2026-08-22 14:16:33.238,0 days 00:29:57.474000,87,543.5194453965607,0 days 00:00:59.225000,10771.928596370584,173.35983521744998,3,100.0,False,0,pos,3249.7547680220205,0.763822403823374,OnTrack,1287.0,911.0,513.0
2026-08-22 14:16:33.255,0 days 00:29:57.491000,87,543.7555555555568,0 days 00:00:59.242000,10704.0,174.0,3,100.0,False,0,car,3250.594722222223,0.7640198266697418,OnTrack,1288.3909387399449,902.9662659510966,513.0058296657668
2026-08-22 14:16:33.298,0 days 00:29:57.534000,87,544.2572199822233,0 days 00:00:59.285000,10700.058350933334,175.6124928,3,100.0,False,0,pos,3252.7310121453033,0.7645219402816265,OnTrack,1292.0,882.0,513.0
2026-08-22 14:16:33.495,0 days 00:29:57.731000,87,546.5555555555561,0 days 00:00:59.482000,10682.0,183.0,4,100.0,False,0,car,3262.7947222222233,0.766887314831723,OnTrack,1307.1056234917305,793.7641565296548,512.9969179419319
2026-08-22 14:16:33.578,0 days 00:29:57.814000,87,547.178054115556,0 days 00:00:59.565000,10865.521797688889,186.68888035555557,4,100.0,False,0,pos,3267.2295033109936,0.7679296658377089,OnTrack,1316.0,743.0,513.0
2026-08-22 14:16:33.855,0 days 00:29:58.091000,87,549.2555555555559,0 days 00:00:59.842000,11478.0,199.0,4,100.0,False,0,car,3282.6947222222234,0.7715646110959383,OnTrack,1355.7230591953032,519.5914590168351,512.9999963660306
2026-08-22 14:16:33.858,0 days 00:29:58.094000,87,549.2738877155559,0 days 00:00:59.845000,11464.87584,199.1124928,4,100.0,False,0,pos,3282.864687514767,0.7716045597405544,OnTrack,1356.0,518.0,513.0
2026-08-22 14:16:34.015,0 days 00:29:58.251000,87,550.233333333334,0 days 00:01:00.002000,10778.0,205.0,4,100.0,False,0,car,3291.8058333333347,0.7737060867724636,OnTrack,1363.0384258291376,474.99509325402187,513.0013577123876
2026-08-22 14:16:34.119,0 days 00:29:58.355000,87,550.8400000000007,0 days 00:01:00.106000,10402.95,206.3,4,100.0,False,0,pos,3297.760583240922,0.7751056912698048,OnTrack,1367.0,451.0,513.0
2026-08-22 14:16:34.175,0 days 00:29:58.411000,87,551.1666666666674,0 days 00:01:00.162000,10201.0,207.0,4,100.0,False,0,car,3301.0058333333345,0.7758684548946132,OnTrack,1370.715327867844,429.93709511733306,512.9976563651907
2026-08-22 14:16:34.375,0 days 00:29:58.611000,87,552.0000000000009,0 days 00:01:00.362000,10515.0,214.0,5,100.0,False,0,car,3312.8947222222237,0.7786628194969083,OnTrack,1392.1118174436795,311.35910751646975,512.9929202085681
2026-08-22 14:16:34.419,0 days 00:29:58.655000,87,552.1344444444453,0 days 00:01:00.406000,10558.057142857142,214.94285714285715,5,100.0,False,0,pos,3315.5510071752797,0.7792871527475426,OnTrack,1398.0,278.0,513.0
2026-08-22 14:16:34.655,0 days 00:29:58.891000,87,552.8555555555563,0 days 00:01:00.642000,10789.0,220.0,5,100.0,False,0,car,3330.005833333335,0.7826846152796507,OnTrack,1432.5032873340845,78.85098311228482,513.0041891577921
2026-08-22 14:16:34.659,0 days 00:29:58.895000,87,552.863333333334,0 days 00:01:00.646000,10791.057142857142,220.0857142857143,5,100.0,False,0,pos,3330.253920299685,0.7827429256435157,OnTrack,1433.0,76.0,513.0
2026-08-22 14:16:34.935,0 days 00:29:59.171000,87,553.4000000000001,0 days 00:01:00.922000,10933.0,226.0,5,100.0,False,0,car,3347.5836111111125,0.7868160964019223,OnTrack,1456.2955813697613,-54.04378382437379,512.280826671875
2026-08-22 14:16:35.079,0 days 00:29:59.315000,87,553.6400000000003,0 days 00:01:01.066000,11074.3,227.8,5,100.0,False,0,pos,3356.720455012515,0.7889636203138192,OnTrack,1468.0,-120.0,512.0
2026-08-22 14:16:35.255,0 days 00:29:59.491000,87,553.9333333333338,0 days 00:01:01.242000,11247.0,230.0,5,100.0,False,0,car,3368.028055555557,0.7916213588955884,OnTrack,1487.181470606489,-228.56518734194776,511.98977510475675
2026-08-22 14:16:35.319,0 days 00:29:59.555000,87,553.9688888888894,0 days 00:01:01.306000,11247.0,231.6,5,100.0,False,0,pos,3372.2006665087497,0.7926020894294271,OnTrack,1496.0,-270.0,512.0
2026-08-22 14:16:35.339,0 days 00:29:59.575000,87,553.9800000000005,0 days 00:01:01.326000,11247.0,232.1,5,100.0,False,0,pos,3373.511280268262,0.792910136104864,OnTrack,1499.0,-283.0,512.0
2026-08-22 14:16:35.535,0 days 00:29:59.771000,87,554.0888888888894,0 days 00:01:01.522000,11247.0,237.0,5,100.0,False,0,car,3386.4613888888903,0.7959539298069972,OnTrack,1537.2253895698914,-474.8206930989456,511.9530293938423
2026-08-22 14:16:35.619,0 days 00:29:59.855000,87,554.2288888888895,0 days 00:01:01.606000,11420.88,236.58,5,58.0,False,0,pos,3392.0346367662614,0.7972638660620913,OnTrack,1552.0,-552.0,512.0
2026-08-22 14:16:35.735,0 days 00:29:59.971000,87,554.4222222222229,0 days 00:01:01.722000,11661.0,236.0,5,0.0,True,0,car,3399.5725000000016,0.799035565536631,OnTrack,1566.748152062448,-627.7048841681797,512.1886721762563
2026-08-22 14:16:35.935,0 days 00:30:00.171000,87,555.9777777777776,0 days 00:01:01.922000,10934.0,219.0,5,0.0,True,0,car,3411.739166666668,0.801895219031503,OnTrack,1579.1601576765622,-688.8541796767469,512.768381566988
2026-08-22 14:16:36.079,0 days 00:30:00.315000,87,557.3377777777779,0 days 00:01:02.066000,11399.3,219.0,5,0.0,True,0,pos,3420.5301361732313,0.8039614486210445,OnTrack,1589.0,-747.0,513.0
2026-08-22 14:16:36.095,0 days 00:30:00.331000,87,557.488888888889,0 days 00:01:02.082000,11451.0,219.0,5,0.0,True,0,car,3421.4725000000017,0.8041829418274006,OnTrack,1590.2961808671585,-755.1536418600963,513.0107173038796
2026-08-22 14:16:36.295,0 days 00:30:00.531000,87,560.7666666666664,0 days 00:01:02.282000,11117.0,199.0,4,1.0,True,0,car,3432.528055555557,0.8067814397519645,OnTrack,1607.7126946756753,-872.8354438231171,512.9988988192351
2026-08-22 14:16:36.299,0 days 00:30:00.535000,87,560.8466666666665,0 days 00:01:02.286000,11107.45,198.86666666666667,4,1.0333333333333334,True,0,pos,3432.7433415083688,0.8068320405651718,OnTrack,1608.0,-875.0,513.0
2026-08-22 14:16:36.479,0 days 00:30:00.715000,87,564.4466666666669,0 days 00:01:02.466000,10677.7,192.86666666666667,4,2.533333333333333,True,0,pos,3442.334123209515,0.8090862580235475,OnTrack,1615.0,-970.0,513.0
2026-08-22 14:16:36.535,0 days 00:30:00.771000,87,565.5666666666671,0 days 00:01:02.522000,10544.0,191.0,4,3.0,True,0,car,3445.2613888888905,0.8097742825876936,OnTrack,1612.9307405497086,-1010.9855960496075,512.8212189154656
2026-08-22 14:16:36.719,0 days 00:30:00.955000,87,570.1155555555556,0 days 00:01:02.706000,10315.15,186.4,4,1.2750000000000001,True,0,pos,3454.6602740590924,0.8119833966828884,OnTrack,1596.0,-1161.0,512.0
2026-08-22 14:16:36.855,0 days 00:30:01.091000,87,573.4777777777776,0 days 00:01:02.842000,10146.0,183.0,4,0.0,True,0,car,3461.5280555555573,0.813597600137002,OnTrack,1584.791757202291,-1219.7499337690658,512.1543254675177
2026-08-22 14:16:37.095,0 days 00:30:01.331000,87,579.6777777777784,0 days 00:01:03.082000,9807.0,181.0,4,1.0,False,0,car,3473.594722222224,0.8164337496305462,OnTrack,1556.7741909563435,-1269.6257265929098,512.9995829788013
2026-08-22 14:16:37.099,0 days 00:30:01.335000,87,579.802222244285,0 days 00:01:03.086000,9806.180055256298,180.87811632188212,4,1.598338056215057,False,0,pos,3473.790741231102,0.8164798219409954,OnTrack,1556.0,-1271.0,513.0
2026-08-22 14:16:37.279,0 days 00:30:01.515000,87,585.4022232370828,0 days 00:01:03.266000,9769.282541789702,175.39335080657742,4,28.523550585892625,False,0,pos,3482.3754694408617,0.8184975765733982,OnTrack,1512.0,-1347.0,513.0
2026-08-22 14:16:37.399,0 days 00:30:01.635000,87,589.1355572322813,0 days 00:01:03.386000,9744.68419947864,171.73684046304098,4,46.47369227234434,False,0,pos,3487.970759578848,0.81981269364172,OnTrack,1478.0,-1393.0,514.0
2026-08-22 14:16:37.456,0 days 00:30:01.692000,87,590.9088888888891,0 days 00:01:03.443000,9733.0,170.0,4,55.0,False,0,car,3490.641944444446,0.8204405289679958,OnTrack,1461.1856103243676,-1413.050185501343,514.1600502034227
2026-08-22 14:16:37.599,0 days 00:30:01.835000,87,595.51666872889,0 days 00:01:03.586000,9917.1125824,170.0,4,58.5750016,False,0,pos,3497.388403256155,0.8220262167366735,OnTrack,1412.0,-1461.0,514.0
2026-08-22 14:16:37.616,0 days 00:30:01.852000,87,596.0644444444456,0 days 00:01:03.603000,9939.0,170.0,4,59.0,False,0,car,3498.1975000000016,0.8222163868460898,OnTrack,1404.6648001083468,-1466.8077483867391,514.0491223363911
2026-08-22 14:16:37.856,0 days 00:30:02.092000,87,603.9311111111124,0 days 00:01:03.843000,10332.0,174.0,4,78.0,False,0,car,3509.7975000000015,0.8249428510001047,OnTrack,1274.0108933375168,-1547.9545387899118,516.3230501247108
2026-08-22 14:16:37.919,0 days 00:30:02.155000,87,605.9961132088902,0 days 00:01:03.906000,10385.3531792,174.984376,4,77.2124992,False,0,pos,3512.8873056055445,0.8256690789506552,OnTrack,1242.0,-1564.0,517.0
2026-08-22 14:16:38.176,0 days 00:30:02.412000,87,614.4200000000014,0 days 00:01:04.163000,10603.0,179.0,4,74.0,False,0,car,3525.708611111112,0.8286825987669143,OnTrack,1143.836105955302,-1596.2469324891936,519.228632821504
2026-08-22 14:16:38.376,0 days 00:30:02.612000,87,620.8088888888906,0 days 00:01:04.363000,10905.0,186.0,4,100.0,False,0,car,3536.0419444444456,0.8311113455707783,OnTrack,1063.9954028486627,-1602.4100544473663,519.988192675508
2026-08-22 14:16:38.398,0 days 00:30:02.634000,87,621.462781582224,0 days 00:01:04.385000,10963.3003392,187.1000064,4,100.0,False,0,pos,3537.2079169921462,0.8313853957738705,OnTrack,1053.0,-1603.0,520.0
2026-08-22 14:16:38.438,0 days 00:30:02.674000,87,622.6516704711131,0 days 00:01:04.425000,11069.3003392,189.1000064,4,100.0,False,0,pos,3539.3443991649233,0.8318875545721266,OnTrack,1032.0,-1604.0,520.0
2026-08-22 14:16:38.536,0 days 00:30:02.772000,87,625.564444444447,0 days 00:01:04.523000,11329.0,194.0,4,100.0,False,0,car,3544.664166666668,0.833137912796368,OnTrack,978.0344534954996,-1605.3302275897688,520.2705663234019
2026-08-22 14:16:38.678,0 days 00:30:02.914000,87,629.6272258844466,0 days 00:01:04.665000,11425.864373028571,198.56428982857142,4,100.0,False,0,pos,3552.5744126657737,0.8349971371210232,OnTrack,900.0,-1605.0,521.0
2026-08-22 14:16:38.816,0 days 00:30:03.052000,87,633.5755555555575,0 days 00:01:04.803000,11520.0,203.0,4,100.0,False,0,car,3560.4530555555566,0.8368489334504438,OnTrack,833.1270033185663,-1603.2365531218782,521.4288327402472
2026-08-22 14:16:38.998,0 days 00:30:03.234000,87,638.5300034844464,0 days 00:01:04.985000,11036.182993066666,207.5500032,4,100.0,False,0,pos,3571.0771798666615,0.8393460277695838,OnTrack,718.0,-1598.0,523.0
2026-08-22 14:16:39.176,0 days 00:30:03.412000,87,643.3755555555576,0 days 00:01:05.163000,10563.0,212.0,4,100.0,False,0,car,3581.6530555555564,0.8418317817319193,OnTrack,543.6057124943513,-1590.062662533828,526.9617341374561
2026-08-22 14:16:39.178,0 days 00:30:03.414000,87,643.4277744355577,0 days 00:01:05.165000,10567.1622336,212.062496,4,100.0,False,0,pos,3581.7725254336424,0.8418598619336509,OnTrack,542.0,-1590.0,527.0
2026-08-22 14:16:39.336,0 days 00:30:03.572000,87,647.5533333333365,0 days 00:01:05.323000,10896.0,217.0,5,100.0,False,0,car,3591.2975000000006,0.8440986120821922,OnTrack,459.9608053938068,-1588.113683014345,529.0171707877352
2026-08-22 14:16:39.616,0 days 00:30:03.852000,87,654.3200000000033,0 days 00:01:05.603000,11028.0,227.0,5,100.0,False,0,car,3608.953055555556,0.8482483740943854,OnTrack,348.86123988994814,-1576.2798416985177,530.9716772961392
2026-08-22 14:16:39.618,0 days 00:30:03.854000,87,654.3672192000033,0 days 00:01:05.605000,11032.0122432,227.0374976,5,100.0,False,0,pos,3609.0803604429866,0.8482782958368172,OnTrack,347.0,-1576.0,531.0
2026-08-22 14:16:39.776,0 days 00:30:04.012000,87,658.0977777777803,0 days 00:01:05.763000,11349.0,230.0,5,100.0,False,0,car,3619.1752777777792,0.8506510053412186,OnTrack,167.15250439321878,-1547.566249888912,533.6844880609559
2026-08-22 14:16:39.798,0 days 00:30:04.034000,87,658.5927804585339,0 days 00:01:05.785000,11337.654026604669,230.6918276460568,5,100.0,False,0,pos,3620.597848446278,0.8509853663700303,OnTrack,146.0,-1544.0,534.0
2026-08-22 14:16:39.935,0 days 00:30:04.171000,87,661.6752777777801,0 days 00:01:05.922000,11267.0,235.0,5,100.0,False,0,car,3629.5544444444454,0.8530905248123576,OnTrack,62.245720563450384,-1528.025905337283,535.2666293482598
2026-08-22 14:16:40.158,0 days 00:30:04.394000,87,666.4450013688916,0 days 00:01:06.145000,10308.0997248,238.71666773333334,5,100.0,False,0,pos,3644.3468096437173,0.8565673225251946,OnTrack,7.0,-1508.0,537.0
2026-08-22 14:16:40.175,0 days 00:30:04.411000,87,666.8086111111138,0 days 00:01:06.162000,10235.0,239.0,5,100.0,False,0,car,3645.4877777777792,0.8568354956905736,OnTrack,0.13850125666531038,-1505.5743708663988,537.2742619754221
2026-08-22 14:16:40.418,0 days 00:30:04.654000,87,671.6686072711149,0 days 00:01:06.405000,10452.831970742856,244.20713874285715,5,100.0,False,0,pos,3662.005228535381,0.8607177575359449,OnTrack,-135.0,-1457.0,542.0
2026-08-22 14:16:40.455,0 days 00:30:04.691000,87,672.4086111111151,0 days 00:01:06.442000,10486.0,245.0,6,100.0,False,0,car,3664.543333333334,0.8613143137213547,OnTrack,-158.1722550540927,-1447.7131443276717,542.3350538639739
2026-08-22 14:16:40.518,0 days 00:30:04.754000,87,673.6161123377815,0 days 00:01:06.505000,10562.3875776,246.05000106666665,6,100.0,False,0,pos,3668.87542976258,0.8623325297236025,OnTrack,-198.0,-1431.0,543.0
2026-08-22 14:16:40.695,0 days 00:30:04.931000,87,677.0086111111141,0 days 00:01:06.682000,10777.0,249.0,6,100.0,False,0,car,3681.143333333335,0.8652159779417555,OnTrack,-307.56764060417294,-1379.2712333091874,548.8554907997184
2026-08-22 14:16:40.699,0 days 00:30:04.935000,87,677.0786111111141,0 days 00:01:06.686000,10780.566666666668,249.08333333333334,6,100.0,False,0,pos,3681.4229596148843,0.8652817013066836,OnTrack,-310.0,-1378.0,549.0
2026-08-22 14:16:40.899,0 days 00:30:05.135000,87,680.5786111111144,0 days 00:01:06.886000,10958.9,253.25,6,100.0,False,0,pos,3695.5259821542645,0.8685964759115874,OnTrack,-429.0,-1308.0,555.0
2026-08-22 14:16:40.935,0 days 00:30:05.171000,87,681.2086111111144,0 days 00:01:06.922000,10991.0,254.0,6,100.0,False,0,car,3698.0766666666677,0.8691959888332484,OnTrack,-449.83370958403924,-1293.997154144014,555.6116833978348
2026-08-22 14:16:41.175,0 days 00:30:05.411000,87,685.0752777777811,0 days 00:01:07.162000,11034.0,256.0,6,100.0,False,0,car,3715.1433333333352,0.8732073383931787,OnTrack,-583.6370857297098,-1189.9047230307656,557.2095738585725
2026-08-22 14:16:41.219,0 days 00:30:05.455000,87,685.6741666666702,0 days 00:01:07.206000,11077.12,256.66,6,100.0,False,0,pos,3718.29464606867,0.8739480229803321,OnTrack,-607.0,-1169.0,558.0
2026-08-22 14:16:41.375,0 days 00:30:05.611000,87,687.7975000000042,0 days 00:01:07.362000,11230.0,259.0,6,100.0,False,0,car,3729.5322222222235,0.8765893030286664,OnTrack,-686.6561493451765,-1090.4949937460892,562.8069104680827
2026-08-22 14:16:41.459,0 days 00:30:05.695000,87,688.7541666666707,0 days 00:01:07.446000,11245.05,260.05,6,100.0,False,0,pos,3735.623694716848,0.8780210428046804,OnTrack,-727.0,-1045.0,565.0
2026-08-22 14:16:41.615,0 days 00:30:05.851000,87,690.5308333333369,0 days 00:01:07.602000,11273.0,262.0,6,100.0,False,0,car,3746.9988888888906,0.8806946685939074,OnTrack,-796.3335733886338,-955.3061809036961,566.9405956145087
2026-08-22 14:16:41.619,0 days 00:30:05.855000,87,690.5163888888925,0 days 00:01:07.606000,11269.716666666667,262.03333333333336,6,100.0,False,0,pos,3747.2913191095804,0.880763401396861,OnTrack,-798.0,-953.0,567.0
2026-08-22 14:16:41.799,0 days 00:30:06.035000,87,689.8663888888924,0 days 00:01:07.786000,11121.966666666667,263.53333333333336,6,100.0,False,0,pos,3760.4854955425963,0.8838645608008581,OnTrack,-869.0,-843.0,571.0
2026-08-22 14:16:41.855,0 days 00:30:06.091000,87,689.6641666666701,0 days 00:01:07.842000,11076.0,264.0,6,100.0,False,0,car,3764.59888888889,0.8848313728275851,OnTrack,-891.4589176857083,-799.1502931064123,572.5801559898841
2026-08-22 14:16:42.055,0 days 00:30:06.291000,87,687.4975000000031,0 days 00:01:08.042000,10391.0,265.0,6,100.0,False,0,car,3779.3211111111127,0.8882916841341655,OnTrack,-968.6607833347385,-619.6685529318479,578.2908412393177
2026-08-22 14:16:42.099,0 days 00:30:06.335000,87,686.5808333333365,0 days 00:01:08.086000,10386.6,265.33,6,100.0,False,0,pos,3782.5731769038944,0.8890560497212793,OnTrack,-981.0,-589.0,579.0
2026-08-22 14:16:42.419,0 days 00:30:06.655000,87,679.9141666666704,0 days 00:01:08.406000,10354.6,267.73,6,100.0,False,0,pos,3806.3979255130566,0.8946558189507011,OnTrack,-1013.0,-418.0,577.0
2026-08-22 14:16:42.455,0 days 00:30:06.691000,87,679.1641666666706,0 days 00:01:08.442000,10351.0,268.0,7,100.0,False,0,car,3809.0988888888896,0.8952906534184181,OnTrack,-1011.8636125994879,-379.95125878706847,576.159500932707
2026-08-22 14:16:42.639,0 days 00:30:06.875000,87,674.0019444444479,0 days 00:01:08.626000,10389.333333333334,270.0444444444444,7,100.0,False,0,pos,3822.971055265966,0.898551167587869,OnTrack,-997.0,-146.0,571.0
2026-08-22 14:16:42.815,0 days 00:30:07.051000,87,669.0641666666697,0 days 00:01:08.802000,10426.0,272.0,7,100.0,False,0,car,3836.298888888891,0.9016837417795569,OnTrack,-981.0410822583506,-26.512528671781325,567.5001289974421
2026-08-22 14:16:42.975,0 days 00:30:07.211000,87,663.9530555555584,0 days 00:01:08.962000,10550.0,273.0,7,100.0,False,0,car,3848.432222222224,0.9045355606073195,OnTrack,-961.1419292365407,19.94761355020163,565.2864122299982
2026-08-22 14:16:43.059,0 days 00:30:07.295000,87,660.8730555555585,0 days 00:01:09.046000,10580.975,273.525,7,100.0,False,0,pos,3854.8201971695157,0.9060369903237452,OnTrack,-944.0,60.0,564.0
2026-08-22 14:16:43.295,0 days 00:30:07.531000,87,652.2197222222253,0 days 00:01:09.282000,10668.0,275.0,7,100.0,False,0,car,3872.876666666668,0.9102809831540942,OnTrack,-873.7066649705517,228.4510602130577,560.313228483901
2026-08-22 14:16:43.359,0 days 00:30:07.595000,87,649.6063888888918,0 days 00:01:09.346000,10682.171428571428,275.9142857142857,7,100.0,False,0,pos,3877.815651593548,0.9114418422368838,OnTrack,-854.0,276.0,560.0
2026-08-22 14:16:43.399,0 days 00:30:07.635000,87,647.9730555555584,0 days 00:01:09.386000,10691.028571428571,276.48571428571427,7,100.0,False,0,pos,3880.9121286189675,0.9121696382380509,OnTrack,-842.0,305.0,560.0
2026-08-22 14:16:43.575,0 days 00:30:07.811000,87,640.7863888888915,0 days 00:01:09.562000,10730.0,279.0,7,100.0,False,0,car,3894.576666666668,0.9153813514422083,OnTrack,-781.478608127181,453.0221878342074,558.8555419167151
2026-08-22 14:16:43.719,0 days 00:30:07.955000,87,634.7463888888917,0 days 00:01:09.706000,10870.4,279.9,7,100.0,False,0,pos,3905.770163060241,0.9180122709831714,OnTrack,-728.0,587.0,557.0
2026-08-22 14:16:43.735,0 days 00:30:07.971000,87,634.0752777777807,0 days 00:01:09.722000,10886.0,280.0,7,100.0,False,0,car,3907.0211111111125,0.9183062938296573,OnTrack,-722.1236639198319,601.9610203475348,556.7737230153359
2026-08-22 14:16:43.999,0 days 00:30:08.235000,87,621.9752756326271,0 days 00:01:09.986000,11034.454319947581,284.38781241224376,7,100.0,False,0,pos,3927.9363945167797,0.9232222223190206,OnTrack,-632.0,836.0,553.0
2026-08-22 14:16:44.096,0 days 00:30:08.332000,87,617.5294444444462,0 days 00:01:10.083000,11089.0,286.0,7,100.0,False,0,car,3935.7005555555575,0.9250471108326609,OnTrack,-607.1841402447069,900.5790103294893,552.1481283125075
2026-08-22 14:16:44.319,0 days 00:30:08.555000,87,606.8749969422244,0 days 00:01:10.306000,11159.616686933334,289.71666773333334,7,100.0,False,0,pos,3953.6571263614446,0.9292676234732887,OnTrack,-557.0,1030.0,550.0
2026-08-22 14:16:44.336,0 days 00:30:08.572000,87,606.06277777778,0 days 00:01:10.323000,11165.0,290.0,7,100.0,False,0,car,3955.0338888888905,0.929591217756019,OnTrack,-552.3970937616677,1041.7947351079597,549.6810810983658
2026-08-22 14:16:44.459,0 days 00:30:08.695000,87,599.8102745244464,0 days 00:01:10.446000,11228.550033066667,291.3666673777778,7,100.0,False,0,pos,3965.0319194277135,0.9319411549866093,OnTrack,-516.0,1135.0,547.0
2026-08-22 14:16:44.696,0 days 00:30:08.932000,87,587.7627777777793,0 days 00:01:10.683000,11351.0,294.0,7,100.0,False,0,car,3984.4338888888915,0.9365013941463675,OnTrack,-439.5683409326481,1332.480780304825,543.8763686732993
2026-08-22 14:16:44.779,0 days 00:30:09.015000,87,583.4744411377794,0 days 00:01:10.766000,11378.4937712,295.0375008,7,100.0,False,0,pos,3991.250479204441,0.9381035656246391,OnTrack,-410.0,1409.0,543.0
2026-08-22 14:16:44.856,0 days 00:30:09.092000,87,579.4961111111129,0 days 00:01:10.843000,11404.0,296.0,7,100.0,False,0,car,3997.5894444444466,0.9395934760988134,OnTrack,-380.97255055719506,1484.0499009306416,542.1446955753094
2026-08-22 14:16:45.096,0 days 00:30:09.332000,87,566.9627777777796,0 days 00:01:11.083000,11466.0,298.0,7,100.0,False,0,car,4017.456111111113,0.9442629376959194,OnTrack,-287.885086020798,1724.4588113386171,539.5194199469533
2026-08-22 14:16:45.198,0 days 00:30:09.434000,87,561.6644377955574,0 days 00:01:11.185000,11152.85960704,298.51000064,7,100.0,False,0,pos,4025.9219036275063,0.9462527376813743,OnTrack,-261.0,1794.0,539.0
2026-08-22 14:16:45.296,0 days 00:30:09.532000,87,556.5738888888909,0 days 00:01:11.283000,10852.0,299.0,7,100.0,False,0,car,4034.0672222222242,0.9481672134720232,OnTrack,-244.921242465619,1835.7316531611289,538.9454707954775
2026-08-22 14:16:45.438,0 days 00:30:09.674000,87,549.197771128891,0 days 00:01:11.425000,10645.085527771429,299.5071433142857,7,100.0,False,0,pos,4045.895036184904,0.9509472230228511,OnTrack,-225.0,1888.0,539.0
2026-08-22 14:16:45.576,0 days 00:30:09.812000,87,542.0294444444467,0 days 00:01:11.563000,10444.0,300.0,8,100.0,False,0,car,4057.4005555555577,0.95365148044849,OnTrack,-188.86949516788565,1983.2144930986988,538.2345467826748
2026-08-22 14:16:45.736,0 days 00:30:09.972000,87,533.7627777777802,0 days 00:01:11.723000,10492.0,300.0,8,100.0,False,0,car,4070.7338888888908,0.9567853472921852,OnTrack,-136.6930023024263,2119.732256036307,537.0850626864324
2026-08-22 14:16:45.758,0 days 00:30:09.994000,87,532.6261044977803,0 days 00:01:11.745000,10492.0,300.0,8,100.0,False,0,pos,4072.567336339467,0.9572162808053117,OnTrack,-130.0,2137.0,537.0
2026-08-22 14:16:45.896,0 days 00:30:10.132000,87,525.4961111111138,0 days 00:01:11.883000,10492.0,300.0,8,100.0,False,0,car,4084.067222222224,0.9599192141358805,OnTrack,-90.8465071949613,2236.5472306221004,536.8824080727308
2026-08-22 14:16:46.018,0 days 00:30:10.254000,87,519.1927843911129,0 days 00:01:12.005000,10492.0,300.0,8,100.0,False,0,pos,4094.2287271494965,0.9623075743889025,OnTrack,-51.0,2339.0,537.0
2026-08-22 14:16:46.056,0 days 00:30:10.292000,87,517.229444444446,0 days 00:01:12.043000,10492.0,300.0,8,100.0,False,0,car,4097.400555555558,0.963053080979576,OnTrack,-35.99019552973063,2378.321830055223,537.0145596899841
2026-08-22 14:16:46.218,0 days 00:30:10.454000,87,509.44445059555716,0 days 00:01:12.205000,10463.1437728,301.0124992,8,100.0,False,0,pos,4110.981024068364,0.9662450344791358,OnTrack,32.0,2558.0,537.0
2026-08-22 14:16:46.376,0 days 00:30:10.612000,87,501.8516666666683,0 days 00:01:12.363000,10435.0,302.0,8,100.0,False,0,car,4124.245000000002,0.9693625995582158,OnTrack,73.82966217684948,2666.392635583721,536.9940585155332
2026-08-22 14:16:46.558,0 days 00:30:10.794000,87,493.4088852119407,0 days 00:01:12.545000,10486.020942722425,301.2384933922026,8,100.0,False,0,pos,4139.464737439888,0.9729398468481614,OnTrack,111.0,2761.0,537.0
2026-08-22 14:16:46.615,0 days 00:30:10.851000,87,490.7647222222231,0 days 00:01:12.602000,10502.0,301.0,8,100.0,False,0,car,4144.228055555558,0.9740594172013117,OnTrack,126.0759178764427,2799.988876538335,537.0006509479157
2026-08-22 14:16:46.818,0 days 00:30:11.054000,87,482.137230382223,0 days 00:01:12.805000,10500.308334933334,301.0,8,100.0,False,0,pos,4161.199573824389,0.978048403080551,OnTrack,190.0,2966.0,537.0
2026-08-22 14:16:46.975,0 days 00:30:11.211000,87,475.4647222222229,0 days 00:01:12.962000,10499.0,301.0,8,100.0,False,0,car,4174.328055555558,0.981134121600954,OnTrack,243.43443993077224,3103.2022686334963,536.9999589281448
2026-08-22 14:16:47.038,0 days 00:30:11.274000,87,473.06721978666724,0 days 00:01:13.025000,10494.049994971429,301.0,8,100.0,False,0,pos,4179.595789645641,0.9823722498914277,OnTrack,264.0,3156.0,537.0
2026-08-22 14:16:47.255,0 days 00:30:11.491000,87,464.8091666666669,0 days 00:01:13.242000,10477.0,301.0,8,100.0,False,0,car,4197.73916666667,0.9866366694673425,OnTrack,328.1158462583292,3321.5803811808414,537.0000040803076
2026-08-22 14:16:47.299,0 days 00:30:11.535000,87,463.19583333333355,0 days 00:01:13.286000,10464.9,301.0,8,100.0,False,0,pos,4201.418037386647,0.9875013512902105,OnTrack,341.0,3355.0,537.0
2026-08-22 14:16:47.415,0 days 00:30:11.651000,87,458.9425000000001,0 days 00:01:13.402000,10433.0,301.0,8,100.0,False,0,car,4211.116944444448,0.98978098253385,OnTrack,375.7181490580741,3445.194138616284,536.9999986847665
2026-08-22 14:16:47.479,0 days 00:30:11.715000,87,456.7736111111111,0 days 00:01:13.466000,10455.0,301.0,8,100.0,False,0,pos,4216.468058953074,0.9910387085590051,OnTrack,395.0,3495.0,537.0
2026-08-22 14:16:47.575,0 days 00:30:11.811000,87,453.52027777777766,0 days 00:01:13.562000,10488.0,301.0,8,100.0,False,0,car,4224.494722222225,0.9929252956003577,OnTrack,423.78749425366846,3568.64161238025,537.0000012619129
2026-08-22 14:16:47.831,0 days 00:30:12.067000,87,453.52027777777766,0 days 00:01:13.818000,10446.044444444446,301.0,8,100.0,False,0,interpolation,4245.899164397698,0.9979561959734707,OnTrack,499.7603688298109,3758.758005589353,537.0000004548308
