Date,SessionTime,DriverAhead,DistanceToDriverAhead,Time,RPM,Speed,nGear,Throttle,Brake,DRS,Source,Distance,RelativeDistance,Status,X,Y,Z
2026-08-22 14:38:15.064,0 days 00:51:39.300000,,335.0430555555556,0 days 00:00:00,10918.172727272728,304.22727272727275,8,100.0,False,0,interpolation,0.3233478326155618,7.643331130935895e-05,OnTrack,501.54017097261095,3763.3704738360016,537.0055122753646
2026-08-22 14:38:15.179,0 days 00:51:39.415000,,335.0430555555556,0 days 00:00:00.115000,10957.115930763637,305.53409163636366,8,100.0,False,0,pos,10.143155792960114,0.0023976501654934448,OnTrack,534.0,3843.0,537.0
2026-08-22 14:38:15.220,0 days 00:51:39.456000,,335.0430555555556,0 days 00:00:00.156000,10971.0,306.0,8,100.0,False,0,car,13.65444444444444,0.003227652384543434,OnTrack,545.6385284289032,3871.319491958095,536.9967805297047
2026-08-22 14:38:15.419,0 days 00:51:39.655000,,335.0430555555556,0 days 00:00:00.355000,11039.406272,308.4875008,8,100.0,False,0,pos,30.77173827710951,0.007273856862559452,OnTrack,612.0,4032.0,537.0
2026-08-22 14:38:15.540,0 days 00:51:39.776000,44,335.0430555555556,0 days 00:00:00.476000,11081.0,310.0,8,100.0,False,0,car,41.209999999999994,0.009741264487780246,OnTrack,674.3784334792989,4184.136939901146,537.0494677900218
2026-08-22 14:38:15.599,0 days 00:51:39.835000,44,331.6013851555556,0 days 00:00:00.535000,11100.385735314285,310.2107145142857,8,100.0,False,0,pos,46.302146470082306,0.01094495159225946,OnTrack,703.0,4254.0,537.0
2026-08-22 14:38:15.820,0 days 00:51:40.056000,44,318.70972222222224,0 days 00:00:00.756000,11173.0,311.0,8,100.0,False,0,car,65.39888888888888,0.015459060273565141,OnTrack,769.1456782568496,4415.142852486713,536.0674675489947
2026-08-22 14:38:16.059,0 days 00:51:40.295000,44,304.96721854222227,0 days 00:00:00.995000,11155.928566857143,311.8535716571429,8,100.0,False,0,pos,86.11239259627058,0.020355340741466665,OnTrack,821.0,4542.0,536.0
2026-08-22 14:38:16.100,0 days 00:51:40.336000,44,302.6097222222223,0 days 00:00:01.036000,11153.0,312.0,8,100.0,False,0,car,89.66555555555554,0.02119524125480272,OnTrack,833.8253171479236,4573.552310167504,536.3415207312548
2026-08-22 14:38:16.179,0 days 00:51:40.415000,44,298.2647187022223,0 days 00:00:01.115000,11166.03501056,312.0,8,100.0,False,0,pos,96.50903773916382,0.022812910994379036,OnTrack,860.0,4638.0,537.0
2026-08-22 14:38:16.300,0 days 00:51:40.536000,44,291.6097222222223,0 days 00:00:01.236000,11186.0,312.0,8,100.0,False,0,car,106.99888888888887,0.025292513384258135,OnTrack,896.6176864566829,4728.115733658414,536.8384194855828
2026-08-22 14:38:16.440,0 days 00:51:40.676000,44,283.9875,0 days 00:00:01.376000,11176.2,312.7,8,100.0,False,0,pos,119.17586800780073,0.028170920913001104,OnTrack,945.0,4847.0,536.0
2026-08-22 14:38:16.500,0 days 00:51:40.736000,44,280.72083333333336,0 days 00:00:01.436000,11172.0,313.0,8,100.0,False,0,car,124.38777777777776,0.02940291779617975,OnTrack,972.0761024571426,4913.457508140803,535.869104529753
2026-08-22 14:38:16.660,0 days 00:51:40.896000,44,272.4541666666667,0 days 00:00:01.596000,11145.333333333334,312.1111111111111,8,100.0,False,0,pos,138.23098886631854,0.03267519104475165,OnTrack,1050.0,5104.0,536.0
2026-08-22 14:38:16.860,0 days 00:51:41.096000,44,262.1208333333334,0 days 00:00:01.796000,11112.0,311.0,8,100.0,False,0,car,155.48777777777775,0.036754369520760326,OnTrack,1111.8580306230965,5251.436586411137,536.4233462380721
2026-08-22 14:38:17.060,0 days 00:51:41.296000,44,252.2319444444445,0 days 00:00:01.996000,11101.0,311.0,8,100.0,False,0,car,172.76555555555552,0.04083850936774954,OnTrack,1159.9798518578082,5378.448574505351,536.9501713171578
2026-08-22 14:38:17.080,0 days 00:51:41.316000,44,251.3097222222223,0 days 00:00:02.016000,11097.555555555555,310.8888888888889,8,100.0,False,0,pos,174.49026591217086,0.04124619827210779,OnTrack,1166.0,5396.0,537.0
2026-08-22 14:38:17.420,0 days 00:51:41.656000,44,235.63194444444454,0 days 00:00:02.356000,11039.0,309.0,8,100.0,False,0,car,203.6655555555555,0.04814268487545178,OnTrack,1281.4929485243613,5760.067040162551,537.9191387348396
2026-08-22 14:38:17.440,0 days 00:51:41.676000,44,234.72083333333345,0 days 00:00:02.376000,11028.25,308.75,8,100.0,False,0,pos,205.37114953791888,0.04854585503053471,OnTrack,1286.0,5775.0,538.0
2026-08-22 14:38:17.580,0 days 00:51:41.816000,44,228.34305555555565,0 days 00:00:02.516000,10953.0,307.0,8,100.0,False,0,car,217.30999999999995,0.051367973449151304,OnTrack,1305.6454460233695,5843.166815145053,538.6846938516209
2026-08-22 14:38:17.740,0 days 00:51:41.976000,44,221.6319444444445,0 days 00:00:02.676000,10857.8,302.2,8,20.000000000000004,False,0,pos,230.91415302356845,0.05458373789309249,OnTrack,1322.0,5906.0,540.0
2026-08-22 14:38:17.780,0 days 00:51:42.016000,44,219.95416666666674,0 days 00:00:02.716000,10834.0,301.0,8,0.0,True,0,car,234.03222222222217,0.05532079047147848,OnTrack,1328.7173740561946,5930.998377755803,540.4699257700976
2026-08-22 14:38:17.960,0 days 00:51:42.196000,44,216.15416666666675,0 days 00:00:02.896000,10140.357142857143,256.0,8,0.0,True,0,pos,246.02985668436648,0.058156804315774885,OnTrack,1366.0,6068.0,543.0
2026-08-22 14:38:18.060,0 days 00:51:42.296000,44,214.04305555555567,0 days 00:00:02.996000,9755.0,231.0,8,0.0,True,0,car,251.9988888888888,0.05956777062104861,OnTrack,1383.3193487337983,6131.282670563073,544.3060518511903
2026-08-22 14:38:18.300,0 days 00:51:42.536000,44,211.2430555555556,0 days 00:00:03.236000,10508.0,204.0,8,0.0,True,0,car,265.59888888888884,0.06278255336877517,OnTrack,1427.261231627913,6267.400454315339,546.8414223169442
2026-08-22 14:38:18.320,0 days 00:51:42.556000,44,211.2597222195489,0 days 00:00:03.256000,10538.275684366807,202.1954890112499,8,0.0,True,0,pos,266.64976765063835,0.06303096123004168,OnTrack,1433.0,6282.0,547.0
2026-08-22 14:38:18.499,0 days 00:51:42.735000,44,211.40888891562244,0 days 00:00:03.435000,10809.243156331924,186.04510988750118,8,0.0,True,0,pos,275.39373734399936,0.06509787026804614,OnTrack,1493.0,6423.0,548.0
2026-08-22 14:38:18.699,0 days 00:51:42.935000,44,211.57555555555564,0 days 00:00:03.635000,11112.0,168.0,6,0.0,True,0,car,284.21888888888884,0.06718396916014785,OnTrack,1529.2565100200625,6496.202233314498,547.971670798152
2026-08-22 14:38:18.939,0 days 00:51:43.175000,44,213.37555555555565,0 days 00:00:03.875000,11171.0,149.0,4,0.0,True,0,pos,294.1522222222222,0.06953202126510499,OnTrack,1560.0,6528.0,548.0
2026-08-22 14:38:19.099,0 days 00:51:43.335000,44,214.8866666666667,0 days 00:00:04.035000,10571.0,145.0,3,0.0,True,0,car,300.59666666666664,0.07105536603118458,OnTrack,1601.9482497649701,6575.8616344017755,549.0691220629001
2026-08-22 14:38:19.159,0 days 00:51:43.395000,44,215.57000000000005,0 days 00:00:04.095000,10444.625,143.125,3,0.0,True,0,pos,302.9563200403421,0.07161314345444243,OnTrack,1619.0,6593.0,549.0
2026-08-22 14:38:19.259,0 days 00:51:43.495000,44,216.70888888888896,0 days 00:00:04.195000,10234.0,140.0,3,0.0,True,0,car,306.81888888888886,0.07252618166739934,OnTrack,1647.1630674999058,6616.650958409319,548.0879410861804
2026-08-22 14:38:19.279,0 days 00:51:43.515000,44,216.9811111111112,0 days 00:00:04.215000,10188.416666666666,139.5,3,0.0,True,0,pos,307.58265356121086,0.07270672118886284,OnTrack,1653.0,6621.0,548.0
2026-08-22 14:38:19.439,0 days 00:51:43.675000,44,219.15888888888904,0 days 00:00:04.375000,9823.75,135.5,3,0.0,True,0,pos,313.5786212979516,0.07412405454445103,OnTrack,1704.0,6653.0,549.0
2026-08-22 14:38:19.499,0 days 00:51:43.735000,44,219.97555555555573,0 days 00:00:04.435000,9687.0,134.0,3,0.0,True,0,car,315.75222222222214,0.07463785268796481,OnTrack,1725.58458229717,6663.2858954618,549.2780191315871
2026-08-22 14:38:19.759,0 days 00:51:43.995000,44,224.81444508828855,0 days 00:00:04.695000,9158.351281011397,126.43243142552102,3,0.0,True,0,pos,324.63271799250924,0.07673703390808083,OnTrack,1825.0,6695.0,549.0
2026-08-22 14:38:19.980,0 days 00:51:44.216000,44,228.92750000000018,0 days 00:00:04.916000,8709.0,120.0,3,0.0,True,0,car,331.7855555555555,0.07842782940771108,OnTrack,1891.0243801613922,6702.6234601863025,548.9371985226785
2026-08-22 14:38:20.099,0 days 00:51:44.335000,44,231.53889029333348,0 days 00:00:05.035000,8606.3624448,117.7687488,3,0.0,True,0,pos,335.5830931406529,0.07932549546009447,OnTrack,1926.0,6701.0,549.0
2026-08-22 14:38:20.299,0 days 00:51:44.535000,44,235.9277791822223,0 days 00:00:05.235000,8433.8624448,114.0187488,3,0.0,True,0,pos,341.88758170659275,0.08081575730384613,OnTrack,1990.0,6691.0,549.0
2026-08-22 14:38:20.300,0 days 00:51:44.536000,44,235.9497222222223,0 days 00:00:05.236000,8433.0,114.0,3,0.0,False,0,car,341.91888888888883,0.08082315772954654,OnTrack,1990.3140604819591,6690.926260709348,548.9974762291674
2026-08-22 14:38:20.460,0 days 00:51:44.696000,44,239.54972222222233,0 days 00:00:05.396000,8245.0,112.0,3,1.0,False,0,car,346.8966666666666,0.08199981023851835,OnTrack,2038.6869465561945,6676.23273939903,548.2219203318574
2026-08-22 14:38:20.499,0 days 00:51:44.735000,44,240.43805701333343,0 days 00:00:05.435000,8275.875050666667,111.67499946666666,3,4.250005333333333,False,0,pos,348.0973368496334,0.08228362595836478,OnTrack,2050.0,6672.0,548.0
2026-08-22 14:38:20.700,0 days 00:51:44.936000,44,245.01638888888897,0 days 00:00:05.636000,8435.0,110.0,3,21.0,False,0,car,354.2299999999999,0.08373327152405717,OnTrack,2105.223197246403,6646.268924879854,547.0493298471124
2026-08-22 14:38:20.739,0 days 00:51:44.975000,44,245.87222362666674,0 days 00:00:05.675000,8435.0,110.0,3,24.4125056,False,0,pos,355.420348541748,0.08401464740315963,OnTrack,2115.0,6640.0,547.0
2026-08-22 14:38:20.860,0 days 00:51:45.096000,44,248.52750000000003,0 days 00:00:05.796000,8435.0,110.0,3,35.0,False,0,car,359.1188888888888,0.08488891238108306,OnTrack,2143.090527464282,6617.400716804267,547.1668185569906
2026-08-22 14:38:20.919,0 days 00:51:45.155000,44,249.64194565333338,0 days 00:00:05.855000,8467.9417024,110.2458336,3,37.458336,False,0,pos,360.92427527888066,0.08531567157369527,OnTrack,2156.0,6605.0,547.0
2026-08-22 14:38:21.099,0 days 00:51:45.335000,44,253.04194565333344,0 days 00:00:06.035000,8568.4417024,110.9958336,3,44.958336,False,0,pos,366.4874125823569,0.08663069200211068,OnTrack,2193.0,6563.0,545.0
2026-08-22 14:38:21.100,0 days 00:51:45.336000,44,253.06083333333345,0 days 00:00:06.036000,8569.0,111.0,3,45.0,False,0,car,366.5188888888888,0.08663813240558134,OnTrack,2193.1911427234727,6562.755758723768,544.990385496124
2026-08-22 14:38:21.340,0 days 00:51:45.576000,44,256.66083333333347,0 days 00:00:06.276000,8872.0,116.0,3,51.0,False,0,car,374.25222222222214,0.08846614612487683,OnTrack,2234.6436057005376,6499.934969359344,544.0311355840222
2026-08-22 14:38:21.379,0 days 00:51:45.615000,44,257.05083397333345,0 days 00:00:06.315000,8962.118005028571,116.55714377142857,3,52.11428754285714,False,0,pos,375.53173143934396,0.08876859790110919,OnTrack,2241.0,6488.0,544.0
2026-08-22 14:38:21.599,0 days 00:51:45.835000,44,259.25083397333344,0 days 00:00:06.535000,9470.475147885714,119.70000091428571,3,58.400001828571426,False,0,pos,382.8697713629673,0.09050317173556459,OnTrack,2274.0,6409.0,544.0
2026-08-22 14:38:21.620,0 days 00:51:45.856000,44,259.4608333333334,0 days 00:00:06.556000,9519.0,120.0,3,59.0,False,0,car,383.5855555555555,0.09067236957919898,OnTrack,2276.3939071127334,6400.424903702032,543.9890302856547
2026-08-22 14:38:21.780,0 days 00:51:46.016000,44,260.74972222222226,0 days 00:00:06.716000,9545.0,124.0,3,62.0,False,0,car,389.09666666666664,0.09197509199984635,OnTrack,2289.1341000938523,6329.179058696807,543.7806574860982
2026-08-22 14:38:21.980,0 days 00:51:46.216000,44,262.24972222222226,0 days 00:00:06.916000,10131.0,124.0,3,76.0,False,0,car,395.98555555555555,0.09360349502565556,OnTrack,2294.665014009818,6245.787331845171,543.1711596143622
2026-08-22 14:38:22.019,0 days 00:51:46.255000,44,262.30388897777783,0 days 00:00:06.955000,10224.762653866666,126.27500373333334,3,76.65000106666666,False,0,pos,397.41562840515144,0.0939415371966021,OnTrack,2295.0,6234.0,543.0
2026-08-22 14:38:22.220,0 days 00:51:46.456000,44,262.5830555555556,0 days 00:00:07.156000,10708.0,138.0,3,80.0,False,0,car,405.18555555555554,0.09577820100205882,OnTrack,2292.886880499789,6192.94470103698,541.9850332778593
2026-08-22 14:38:22.299,0 days 00:51:46.535000,44,262.62694448,0 days 00:00:07.235000,10940.062688,139.4812512,3,83.4562528,False,0,pos,408.2393475008323,0.09650005965358986,OnTrack,2290.0,6172.0,542.0
2026-08-22 14:38:22.380,0 days 00:51:46.616000,44,262.6719444444444,0 days 00:00:07.316000,11178.0,141.0,3,87.0,False,0,car,411.4522222222222,0.09725952246424655,OnTrack,2285.73021655117,6142.793449793987,542.4264383514319
2026-08-22 14:38:22.499,0 days 00:51:46.735000,44,262.2422219911111,0 days 00:00:07.435000,11474.7564096,150.6687552,3,88.4875008,False,0,pos,416.50254922332937,0.09845332423730073,OnTrack,2277.0,6092.0,543.0
2026-08-22 14:38:22.540,0 days 00:51:46.776000,44,262.09416666666664,0 days 00:00:07.476000,11577.0,154.0,3,89.0,False,0,car,418.2966666666666,0.09887741966408278,OnTrack,2273.295700515862,6074.6493838344395,542.8857802367153
2026-08-22 14:38:22.739,0 days 00:51:46.975000,44,260.54638839111107,0 days 00:00:07.675000,11427.749952,160.8406272,3,93.3531264,False,0,pos,427.2524277714099,0.10099439218557461,OnTrack,2251.0,5991.0,541.0
2026-08-22 14:38:22.860,0 days 00:51:47.096000,44,259.60527777777776,0 days 00:00:07.796000,11337.0,165.0,3,96.0,False,0,car,432.9633333333333,0.10234434223516044,OnTrack,2235.1685809256887,5938.823327710016,540.404240205991
2026-08-22 14:38:22.959,0 days 00:51:47.195000,44,258.34027696,0 days 00:00:07.895000,11430.342917485714,170.30357485714285,3,97.41428662857143,False,0,pos,437.81102421738683,0.10349024466312856,OnTrack,2221.0,5895.0,540.0
2026-08-22 14:38:23.120,0 days 00:51:47.356000,44,256.2830555555555,0 days 00:00:08.056000,11582.142857142857,178.92857142857142,3,99.71428571428571,False,0,pos,445.9444252751609,0.10541282682495745,OnTrack,2196.0,5822.0,539.0
2026-08-22 14:38:23.140,0 days 00:51:47.376000,44,256.0275,0 days 00:00:08.076000,11601.0,180.0,4,100.0,False,0,car,446.9633333333333,0.10565367741664367,OnTrack,2192.8837981941892,5813.0668264834385,538.8824283764918
2026-08-22 14:38:23.340,0 days 00:51:47.576000,44,253.13861111111112,0 days 00:00:08.276000,11983.0,186.0,4,100.0,False,0,car,457.2966666666666,0.10809628195535746,OnTrack,2160.9040466546317,5723.456752558653,537.794449372119
2026-08-22 14:38:23.420,0 days 00:51:47.656000,44,251.7163888888889,0 days 00:00:08.356000,11637.57142857143,189.14285714285714,4,100.0,False,0,pos,461.5775176605593,0.10910819415541291,OnTrack,2144.0,5679.0,537.0
2026-08-22 14:38:23.620,0 days 00:51:47.856000,44,248.16083333333336,0 days 00:00:08.556000,10774.0,197.0,4,100.0,False,0,car,472.6188888888888,0.1117181654595363,OnTrack,2089.2209670442503,5541.7174750511,533.8340418588054
2026-08-22 14:38:23.680,0 days 00:51:47.916000,44,246.96083333333337,0 days 00:00:08.616000,10855.375,199.625,4,100.0,False,0,pos,475.9864152757975,0.11251418499859131,OnTrack,2074.0,5505.0,533.0
2026-08-22 14:38:23.780,0 days 00:51:48.016000,44,244.96083333333337,0 days 00:00:08.716000,10991.0,204.0,5,100.0,False,0,car,481.6855555555555,0.11386135395802068,OnTrack,2052.5423218590217,5455.052333343164,531.9807939758648
2026-08-22 14:38:24.060,0 days 00:51:48.296000,44,238.34972222222225,0 days 00:00:08.996000,11516.0,215.375,5,100.0,False,0,pos,498.49994045066785,0.11783595649290605,OnTrack,2002.0,5346.0,531.0
2026-08-22 14:38:24.100,0 days 00:51:48.336000,44,237.40527777777783,0 days 00:00:09.036000,11591.0,217.0,5,100.0,False,0,car,500.9744444444444,0.11842088243028645,OnTrack,1992.5974793942682,5325.229195421313,530.9652407189418
2026-08-22 14:38:24.240,0 days 00:51:48.476000,44,233.74972222222226,0 days 00:00:09.176000,11801.0,222.83333333333334,5,100.0,False,0,pos,509.74701953431355,0.12049455324293697,OnTrack,1957.0,5246.0,531.0
2026-08-22 14:38:24.340,0 days 00:51:48.576000,44,231.13861111111112,0 days 00:00:09.276000,11951.0,227.0,5,100.0,False,0,car,516.1077777777778,0.12199811617408023,OnTrack,1933.7504581583341,5194.76372955386,531.1495209014732
2026-08-22 14:38:24.480,0 days 00:51:48.716000,44,227.05527777777777,0 days 00:00:09.416000,11418.125,230.0625,5,100.0,False,0,pos,525.1325238883803,0.12413139544606389,OnTrack,1897.0,5108.0,532.0
2026-08-22 14:38:24.660,0 days 00:51:48.896000,44,221.80527777777775,0 days 00:00:09.596000,10733.0,234.0,6,100.0,False,0,car,536.9077777777778,0.12691484272942674,OnTrack,1831.0858198893857,4933.142865371801,534.7627382201911
2026-08-22 14:38:24.680,0 days 00:51:48.916000,44,221.15527777777774,0 days 00:00:09.616000,10750.75,234.41666666666666,6,100.0,False,0,pos,538.2252630838138,0.12722627133473763,OnTrack,1825.0,4916.0,535.0
2026-08-22 14:38:24.900,0 days 00:51:49.136000,44,214.00527777777768,0 days 00:00:09.836000,10946.0,239.0,6,100.0,False,0,car,552.8411111111112,0.13068118134073384,OnTrack,1789.7215117917467,4798.055064371075,535.5689450460802
2026-08-22 14:38:25.119,0 days 00:51:49.355000,44,206.4011088888888,0 days 00:00:10.055000,11130.0969288,242.421876,6,100.0,False,0,pos,567.630804505752,0.1341771851031792,OnTrack,1779.0,4710.0,535.0
2026-08-22 14:38:25.220,0 days 00:51:49.456000,44,202.8941666666666,0 days 00:00:10.156000,11215.0,244.0,6,100.0,False,0,car,574.5300000000001,0.1358080244155396,OnTrack,1771.8552413289751,4644.939790509912,535.081919647901
2026-08-22 14:38:25.239,0 days 00:51:49.475000,44,202.1869422896712,0 days 00:00:10.175000,11227.603053474395,244.3819107113453,6,100.0,False,0,pos,575.8332619633672,0.1361160908916867,OnTrack,1771.0,4630.0,535.0
2026-08-22 14:38:25.419,0 days 00:51:49.655000,44,195.48694444444448,0 days 00:00:10.355000,11347.0,248.0,6,100.0,False,0,car,588.2388888888889,0.1390485464368999,OnTrack,1774.8203563740096,4442.07848920767,531.931292149485
2026-08-22 14:38:25.539,0 days 00:51:49.775000,44,191.08694444444447,0 days 00:00:10.475000,10995.25,246.5,6,24.999999999999993,False,0,pos,596.4881462020304,0.1409985148260061,OnTrack,1781.0,4338.0,530.0
2026-08-22 14:38:25.579,0 days 00:51:49.815000,44,189.6202777777778,0 days 00:00:10.515000,10878.0,246.0,6,0.0,True,0,car,599.1722222222223,0.1416329796262487,OnTrack,1782.5976835652611,4316.076596124182,529.6975508157275
2026-08-22 14:38:25.779,0 days 00:51:50.015000,44,183.23138888888886,0 days 00:00:10.715000,10978.833333333334,230.16666666666666,6,0.0,True,0,pos,611.8839550452029,0.1446377928154419,OnTrack,1789.0,4259.0,530.0
2026-08-22 14:38:25.819,0 days 00:51:50.055000,44,181.95361111111106,0 days 00:00:10.755000,10999.0,227.0,6,0.0,True,0,car,614.3055555555557,0.14521021337004247,OnTrack,1790.6736091392381,4241.761329830016,530.1419215565912
2026-08-22 14:38:26.059,0 days 00:51:50.295000,44,175.4869444444446,0 days 00:00:10.995000,10937.0,208.0,5,0.0,True,0,car,628.1722222222222,0.14848803107360678,OnTrack,1801.9255799466664,4084.9079219135915,531.2665945592026
2026-08-22 14:38:26.139,0 days 00:51:50.375000,44,173.5091662723434,0 days 00:00:11.075000,11221.361427411624,205.50778766510408,5,0.0,True,0,pos,632.6530576560348,0.14954721581243194,OnTrack,1802.0,4034.0,532.0
2026-08-22 14:38:26.299,0 days 00:51:50.535000,44,169.55360992814104,0 days 00:00:11.235000,11790.084282234873,200.52336299531225,5,0.0,True,0,pos,641.454327006624,0.1516276694055473,OnTrack,1794.0,3946.0,534.0
2026-08-22 14:38:26.380,0 days 00:51:50.616000,44,167.55111111111114,0 days 00:00:11.316000,12078.0,198.0,5,0.0,True,0,car,645.8272222222223,0.15266133911854154,OnTrack,1785.8544018893517,3903.985103281237,534.9415605419973
2026-08-22 14:38:26.459,0 days 00:51:50.695000,44,165.79555413333338,0 days 00:00:11.395000,11953.292756114286,195.46071222857142,5,0.0,True,0,pos,650.0383780848019,0.15365677670788042,OnTrack,1776.0,3865.0,536.0
2026-08-22 14:38:26.660,0 days 00:51:50.896000,44,161.32888888888897,0 days 00:00:11.596000,11636.0,189.0,4,0.0,True,0,car,660.5272222222222,0.1561361410590989,OnTrack,1744.7451393817003,3778.698826528171,540.3051000667039
2026-08-22 14:38:26.799,0 days 00:51:51.035000,44,158.51027648000007,0 days 00:00:11.735000,11481.6106432,185.5249984,4,1.4892864000000001,True,0,pos,667.6111705025438,0.15781065243537576,OnTrack,1694.0,3712.0,543.0
2026-08-22 14:38:26.940,0 days 00:51:51.176000,44,155.65111111111116,0 days 00:00:11.876000,11325.0,182.0,4,3.0,False,0,car,674.6827777777778,0.1594822466314875,OnTrack,1606.5746629069747,3629.80772392123,544.5162644276913
2026-08-22 14:38:26.999,0 days 00:51:51.235000,44,154.53666545777784,0 days 00:00:11.935000,11304.5958112,180.770832,4,11.8500096,False,0,pos,677.6155082404831,0.16017548863849027,OnTrack,1574.0,3602.0,545.0
2026-08-22 14:38:27.180,0 days 00:51:51.416000,44,151.11777777777786,0 days 00:00:12.116000,11242.0,177.0,4,39.0,False,0,car,686.4827777777778,0.16227154342730904,OnTrack,1520.0852509371323,3563.9983199320272,546.384418117803
2026-08-22 14:38:27.319,0 days 00:51:51.555000,44,148.80111004444453,0 days 00:00:12.255000,11140.645786666666,173.5249984,4,48.26667093333333,False,0,pos,693.1004494667292,0.16383583583729136,OnTrack,1488.0,3550.0,547.0
2026-08-22 14:38:27.420,0 days 00:51:51.656000,44,147.11777777777786,0 days 00:00:12.356000,11067.0,171.0,4,55.0,False,0,car,697.8827777777777,0.16496628778937394,OnTrack,1453.1457084940298,3533.4838165143256,547.0514172140765
2026-08-22 14:38:27.619,0 days 00:51:51.855000,44,143.80111004444458,0 days 00:00:12.555000,11126.7000192,172.1055559111111,4,59.42222364444444,False,0,pos,707.3965038246996,0.16721515266895054,OnTrack,1355.0,3489.0,547.0
2026-08-22 14:38:27.780,0 days 00:51:52.016000,44,141.11777777777797,0 days 00:00:12.716000,11175.0,173.0,4,63.0,False,0,car,715.1827777777777,0.16905568054934964,OnTrack,1249.9433433300028,3448.4721643745943,547.8829239161563
2026-08-22 14:38:27.819,0 days 00:51:52.055000,44,140.4461100088891,0 days 00:00:12.755000,11179.7531328,173.4875008,4,63.9750016,False,0,pos,717.0809967034415,0.16950438359741085,OnTrack,1227.0,3440.0,548.0
2026-08-22 14:38:28.100,0 days 00:51:52.336000,44,135.6066666666669,0 days 00:00:13.036000,11214.0,177.0,4,71.0,False,0,car,730.916111111111,0.1727747429437784,OnTrack,1120.5279825176517,3403.309388698034,546.590087942118
2026-08-22 14:38:28.259,0 days 00:51:52.495000,44,132.82416554666682,0 days 00:00:13.195000,11238.512509866667,178.32500053333334,4,59.737495466666665,False,0,pos,738.8813672331532,0.174657578823364,OnTrack,1061.0,3379.0,546.0
2026-08-22 14:38:28.279,0 days 00:51:52.515000,44,132.4741655466668,0 days 00:00:13.215000,11241.5958432,178.4916672,4,58.3208288,False,0,pos,739.8718686130076,0.1748917146136254,OnTrack,1052.0,3375.0,546.0
2026-08-22 14:38:28.340,0 days 00:51:52.576000,44,131.40666666666675,0 days 00:00:13.276000,11251.0,179.0,4,54.0,True,0,car,742.8494444444444,0.17559555721751888,OnTrack,1024.3759996803321,3363.0238454302066,545.8477361051398
2026-08-22 14:38:28.599,0 days 00:51:52.835000,44,127.95333248000017,0 days 00:00:13.535000,11833.750144,166.97499702857144,4,4.049987657142861,True,0,pos,754.8232128136691,0.1784259295688907,OnTrack,911.0,3315.0,543.0
2026-08-22 14:38:28.620,0 days 00:51:52.856000,44,127.67333333333352,0 days 00:00:13.556000,11881.0,166.0,4,0.0,True,0,car,755.7605555555555,0.1786474996626645,OnTrack,902.6795675789878,3310.966665323949,542.6949874174912
2026-08-22 14:38:28.799,0 days 00:51:53.035000,44,126.23138837333349,0 days 00:00:13.735000,11573.56739008,161.07749824,4,0.0,True,0,pos,763.5874069488821,0.18049761928239139,OnTrack,835.0,3272.0,540.0
2026-08-22 14:38:29.020,0 days 00:51:53.256000,44,124.45111111111123,0 days 00:00:13.956000,11194.0,155.0,3,0.0,True,0,car,772.9827777777778,0.18271850722718752,OnTrack,747.1738585197055,3198.540698170409,537.6224356316428
2026-08-22 14:38:29.079,0 days 00:51:53.315000,44,124.04138844444458,0 days 00:00:14.015000,11144.218696,153.5249984,3,0.0,True,0,pos,775.4709522996701,0.18330666461882814,OnTrack,729.0,3180.0,537.0
2026-08-22 14:38:29.180,0 days 00:51:53.416000,44,123.34000000000015,0 days 00:00:14.116000,11059.0,151.0,3,0.0,True,0,car,779.6938888888889,0.18430488694910485,OnTrack,706.3510407656598,3152.4998401819244,535.8452764247265
2026-08-22 14:38:29.359,0 days 00:51:53.595000,44,122.6936108800001,0 days 00:00:14.295000,10557.7998208,146.5249984,3,0.0,True,0,pos,786.9733106489962,0.18602560455850325,OnTrack,682.0,3106.0,534.0
2026-08-22 14:38:29.380,0 days 00:51:53.616000,44,122.61777777777786,0 days 00:00:14.316000,10499.0,146.0,3,0.0,True,0,car,787.8050000000001,0.18622220018917054,OnTrack,679.1971157590749,3099.408129939688,533.8583822078137
2026-08-22 14:38:29.540,0 days 00:51:53.776000,44,122.61777777777786,0 days 00:00:14.476000,10479.0,139.0,3,0.0,True,0,car,793.9827777777779,0.18768250999941236,OnTrack,658.0743213769091,3041.136269343161,533.2854732064287
2026-08-22 14:38:29.640,0 days 00:51:53.876000,44,123.64555555555563,0 days 00:00:14.576000,10380.7,137.8,3,4.8,True,0,pos,797.7292907057866,0.1885681147880224,OnTrack,650.0,3002.0,533.0
2026-08-22 14:38:30.540,0 days 00:51:54.776000,44,132.89555555555557,0 days 00:00:15.476000,9496.0,127.0,3,48.0,False,0,car,829.2605555555557,0.19602150936545143,OnTrack,789.1250152675078,2676.679752336087,527.3156848316266
2026-08-22 14:38:30.680,0 days 00:51:54.916000,44,134.41222222222223,0 days 00:00:15.616000,9798.944444444445,129.33333333333334,3,57.333333333333336,False,0,pos,834.306093701759,0.1972141791437904,OnTrack,810.0,2648.0,527.0
2026-08-22 14:38:30.900,0 days 00:51:55.136000,44,136.79555555555555,0 days 00:00:15.836000,10275.0,133.0,3,72.0,False,0,car,842.5605555555557,0.19916537778786048,OnTrack,832.3899841429377,2619.87311201969,527.1192400916127
2026-08-22 14:38:31.160,0 days 00:51:55.396000,44,138.89000000000001,0 days 00:00:16.096000,10857.636363636364,142.45454545454547,3,79.68181818181819,False,0,pos,853.1851941243623,0.20167684137402445,OnTrack,928.0,2598.0,532.0
2026-08-22 14:38:31.300,0 days 00:51:55.536000,44,140.0177777777778,0 days 00:00:16.236000,11171.363636363636,147.54545454545453,3,83.81818181818181,False,0,pos,859.0867894818604,0.20307186688427065,OnTrack,1040.0,2585.0,538.0
2026-08-22 14:38:31.340,0 days 00:51:55.576000,44,140.34000000000003,0 days 00:00:16.276000,11261.0,149.0,3,85.0,False,0,car,860.7716666666668,0.2034701399802819,OnTrack,1064.015429115021,2582.855455978175,539.3956532577905
2026-08-22 14:38:31.540,0 days 00:51:55.776000,44,141.84000000000003,0 days 00:00:16.476000,11799.0,153.0,3,87.0,False,0,car,869.2716666666668,0.205479379197611,OnTrack,1109.0956582777317,2585.510336803633,543.2511274095468
2026-08-22 14:38:31.679,0 days 00:51:55.915000,44,142.30333354666666,0 days 00:00:16.615000,11757.931799272726,158.3704570181818,3,91.10682007272727,False,0,pos,875.5090824994322,0.20695378631596176,OnTrack,1144.0,2598.0,547.0
2026-08-22 14:38:31.979,0 days 00:51:56.215000,44,143.3033335466666,0 days 00:00:16.915000,11669.295435636364,169.9613661090909,3,99.97045643636363,False,0,pos,889.9990031140796,0.21037892946360118,OnTrack,1308.0,2643.0,561.0
2026-08-22 14:38:31.980,0 days 00:51:56.216000,44,143.30666666666662,0 days 00:00:16.916000,11669.0,170.0,3,100.0,False,0,car,890.0494444444446,0.21039085283997103,OnTrack,1308.4656454089948,2643.129216130943,561.034936086678
2026-08-22 14:38:32.239,0 days 00:51:56.475000,44,142.87499997028777,0 days 00:00:17.175000,11939.543194109292,183.70752183487076,3,100.0,False,0,pos,903.5548512250336,0.2135832755399171,OnTrack,1403.0,2671.0,567.0
2026-08-22 14:38:32.339,0 days 00:51:56.575000,44,142.70833333333326,0 days 00:00:17.275000,12044.0,189.0,4,100.0,False,0,car,908.8969444444444,0.2148460453280428,OnTrack,1448.976696474227,2684.843348415308,570.038736857206
2026-08-22 14:38:32.539,0 days 00:51:56.775000,44,142.09722222222217,0 days 00:00:17.475000,11319.0,195.0,4,100.0,False,0,pos,919.7302777777779,0.21740684040895245,OnTrack,1553.0,2718.0,576.0
2026-08-22 14:38:32.739,0 days 00:51:56.975000,44,140.98611111111106,0 days 00:00:17.675000,11274.555555555555,201.11111111111111,4,100.0,False,0,pos,931.0252882003997,0.22007676722086683,OnTrack,1647.0,2754.0,578.0
2026-08-22 14:38:32.899,0 days 00:51:57.135000,44,140.09722222222217,0 days 00:00:17.835000,11239.0,206.0,5,100.0,False,0,car,940.3302777777778,0.2222762907474206,OnTrack,1744.4582127848046,2790.687069546121,583.3768820525115
2026-08-22 14:38:32.979,0 days 00:51:57.215000,44,139.47499980187936,0 days 00:00:17.915000,11346.06471070717,209.18408061582667,5,100.0,False,0,pos,945.0457422882885,0.22339093736182544,OnTrack,1788.0,2807.0,586.0
2026-08-22 14:38:33.100,0 days 00:51:57.336000,44,138.53388888888878,0 days 00:00:18.036000,11508.0,214.0,5,100.0,False,0,car,952.2786111111112,0.22510065073742694,OnTrack,1835.6178754040357,2825.055813822381,588.4770639112277
2026-08-22 14:38:33.399,0 days 00:51:57.635000,44,135.46083267555522,0 days 00:00:18.335000,11949.0250944,222.4093768,5,100.0,False,0,pos,970.7770678264742,0.2294733359953766,OnTrack,1960.0,2868.0,591.0
2026-08-22 14:38:33.420,0 days 00:51:57.656000,44,135.24499999999966,0 days 00:00:18.356000,11980.0,223.0,5,100.0,False,0,car,972.1008333333334,0.22978624912136825,OnTrack,1977.7974130895889,2873.7295083452104,591.3380845970166
2026-08-22 14:38:33.580,0 days 00:51:57.816000,44,133.33388888888874,0 days 00:00:18.516000,11000.0,229.0,5,100.0,False,0,car,982.278611111111,0.23219208326917665,OnTrack,2143.0283252765066,2926.105500759291,594.4439862767438
2026-08-22 14:38:33.619,0 days 00:51:57.855000,44,132.7922213333332,0 days 00:00:18.555000,10965.549943466667,229.81250133333333,5,100.0,False,0,pos,984.7869840369282,0.23278501518143999,OnTrack,2178.0,2937.0,595.0
2026-08-22 14:38:33.820,0 days 00:51:58.056000,44,130.00055555555548,0 days 00:00:18.756000,10788.0,234.0,6,100.0,False,0,car,997.8786111111111,0.23587962818568656,OnTrack,2289.789877234937,2970.2330454827447,595.6967338075816
2026-08-22 14:38:34.079,0 days 00:51:58.315000,44,125.7558322844443,0 days 00:00:19.015000,11001.6750528,239.55000137142858,6,100.0,False,0,pos,1015.1198052243892,0.23995512034639033,OnTrack,2382.0,2988.0,594.0
2026-08-22 14:38:34.100,0 days 00:51:58.336000,44,125.41166666666652,0 days 00:00:19.036000,11019.0,240.0,6,100.0,False,0,car,1016.5452777777779,0.24029207509433087,OnTrack,2394.01060533509,2990.1124146071948,593.9015090512412
2026-08-22 14:38:34.259,0 days 00:51:58.495000,44,122.23166538666662,0 days 00:00:19.195000,11239.6125888,245.9625024,6,100.0,False,0,pos,1027.4897308323177,0.2428791367754366,OnTrack,2501.0,3008.0,593.0
2026-08-22 14:38:34.339,0 days 00:51:58.575000,44,120.63166538666668,0 days 00:00:19.275000,11350.6125888,248.9625024,6,100.0,False,0,pos,1033.0751934483596,0.24419943448544562,OnTrack,2556.0,3016.0,592.0
2026-08-22 14:38:34.340,0 days 00:51:58.576000,44,120.61166666666668,0 days 00:00:19.276000,11352.0,249.0,6,100.0,False,0,car,1033.1452777777777,0.24421600109523234,OnTrack,2556.6797873315295,3016.0915502877356,591.9869384111926
2026-08-22 14:38:34.539,0 days 00:51:58.775000,44,116.0788874311112,0 days 00:00:19.475000,11593.9094528,253.3531264,6,100.0,False,0,pos,1047.2249377816136,0.2475441663948049,OnTrack,2695.0,3030.0,589.0
2026-08-22 14:38:34.660,0 days 00:51:58.896000,44,113.3227777777779,0 days 00:00:19.596000,11741.0,256.0,6,100.0,False,0,car,1055.9008333333331,0.24959498399338917,OnTrack,2799.459027117608,3034.8217295948084,585.629269444181
2026-08-22 14:38:34.879,0 days 00:51:59.115000,44,107.42194272000009,0 days 00:00:19.815000,11274.060577828572,260.6928585142857,6,100.0,False,0,pos,1071.804622749598,0.25335433898154236,OnTrack,2994.0,3037.0,578.0
2026-08-22 14:38:34.940,0 days 00:51:59.176000,44,105.77833333333342,0 days 00:00:19.876000,11144.0,262.0,6,100.0,False,0,car,1076.278611111111,0.2544119052019926,OnTrack,3035.118083151788,3036.159977108638,576.2171566511407
2026-08-22 14:38:35.239,0 days 00:51:59.475000,44,96.64222026666675,0 days 00:00:20.175000,10854.9666048,266.9833344,6,100.0,False,0,pos,1098.4861548822282,0.25966134848028444,OnTrack,3199.0,3022.0,567.0
2026-08-22 14:38:35.300,0 days 00:51:59.536000,44,94.77833333333342,0 days 00:00:20.236000,10796.0,268.0,7,100.0,False,0,car,1103.078611111111,0.260746918263689,OnTrack,3243.8832492748625,3016.732511566399,563.9425092258085
2026-08-22 14:38:35.319,0 days 00:51:59.555000,44,94.14499786666676,0 days 00:00:20.255000,10809.707189028572,268.40714422857144,7,100.0,False,0,pos,1104.5135243660875,0.26108610461490833,OnTrack,3258.0,3015.0,563.0
2026-08-22 14:38:35.580,0 days 00:51:59.816000,44,85.44500000000016,0 days 00:00:20.516000,10998.0,274.0,7,100.0,False,0,car,1124.389722222222,0.2657844618177245,OnTrack,3450.9520217031354,2986.0067301970507,551.9141346329088
2026-08-22 14:38:35.599,0 days 00:51:59.835000,44,84.7641643733335,0 days 00:00:20.535000,11009.320871466667,274.1583338666667,7,100.0,False,0,pos,1125.8414870290871,0.26612763155705293,OnTrack,3468.0,2983.0,551.0
2026-08-22 14:38:35.820,0 days 00:52:00.056000,44,76.84500000000025,0 days 00:00:20.756000,11141.0,276.0,7,100.0,False,0,car,1142.789722222222,0.27013387377053105,OnTrack,3706.3205773955315,2937.6895022838376,538.4049031524889
2026-08-22 14:38:35.939,0 days 00:52:00.175000,44,72.41555317333362,0 days 00:00:20.875000,11237.687552,278.9750016,7,100.0,False,0,pos,1152.0304739928908,0.27231821269467593,OnTrack,3818.0,2916.0,533.0
2026-08-22 14:38:35.980,0 days 00:52:00.216000,44,70.88944444444473,0 days 00:00:20.916000,11271.0,280.0,7,100.0,False,0,car,1155.2341666666664,0.2730755050429606,OnTrack,3848.583681596802,2910.132815627538,531.6775312583593
2026-08-22 14:38:36.220,0 days 00:52:00.456000,44,61.35611111111143,0 days 00:00:21.156000,11374.0,284.0,7,100.0,False,0,car,1174.1674999999996,0.2775509869074426,OnTrack,3964.212533503316,2889.319545169264,528.4989138557916
2026-08-22 14:38:36.320,0 days 00:52:00.556000,44,57.21722222222252,0 days 00:00:21.256000,11424.5,285.5,7,100.0,False,0,pos,1182.1212327934634,0.27943109889012313,OnTrack,4025.0,2880.0,527.0
2026-08-22 14:38:36.420,0 days 00:52:00.656000,44,53.0783333333336,0 days 00:00:21.356000,11475.0,287.0,7,100.0,False,0,pos,1190.1119444444441,0.28131995197524295,OnTrack,4104.0,2869.0,525.0
2026-08-22 14:38:36.700,0 days 00:52:00.936000,44,41.17833333333374,0 days 00:00:21.636000,11597.0,290.0,7,100.0,False,0,car,1212.6674999999996,0.2866516586565215,OnTrack,4370.248803107929,2853.110291282477,524.7890512304011
2026-08-22 14:38:36.760,0 days 00:52:00.996000,44,38.595000000000425,0 days 00:00:21.696000,11313.5,290.25,7,100.0,False,0,pos,1217.5150697020492,0.28779753243935613,OnTrack,4421.0,2853.0,525.0
2026-08-22 14:38:36.940,0 days 00:52:01.176000,44,30.845000000000482,0 days 00:00:21.876000,10463.0,291.0,7,100.0,False,0,car,1232.0674999999997,0.2912374516937197,OnTrack,4544.066647182927,2859.717920833994,525.1634098680053
2026-08-22 14:38:37.120,0 days 00:52:01.356000,44,23.045000000000584,0 days 00:00:22.056000,10513.25,291.0,7,100.0,False,0,pos,1246.6184998209585,0.2946770328103807,OnTrack,4659.0,2879.0,525.0
2026-08-22 14:38:37.180,0 days 00:52:01.416000,44,20.44500000000062,0 days 00:00:22.116000,10530.0,291.0,8,100.0,False,0,car,1251.4674999999995,0.2958232447309178,OnTrack,4703.425301274185,2888.6618318646433,524.9567556415907
2026-08-22 14:38:37.360,0 days 00:52:01.596000,44,12.695000000000642,0 days 00:00:22.296000,10500.3,291.0,8,100.0,False,0,pos,1266.0154530453437,0.2992621056474552,OnTrack,4847.0,2927.0,525.0
2026-08-22 14:38:37.380,0 days 00:52:01.616000,44,11.833888888889533,0 days 00:00:22.316000,10497.0,291.0,8,100.0,False,0,car,1267.634166666666,0.2996447389285829,OnTrack,4862.640189629676,2932.0705749719277,525.0427483104809
2026-08-22 14:38:37.580,0 days 00:52:01.816000,44,3.2227777777784468,0 days 00:00:22.516000,10540.0,292.0,8,100.0,False,0,car,1283.8563888888882,0.30347936540871423,OnTrack,5014.113408606408,2991.295654129661,525.8850968197538
2026-08-22 14:38:37.600,0 days 00:52:01.836000,44,109.37150000000058,0 days 00:00:22.536000,10544.9,292.1,8,100.0,False,0,pos,1285.4817432611155,0.303863568437742,OnTrack,5029.0,2998.0,526.0
2026-08-22 14:38:37.760,0 days 00:52:01.996000,44,958.5612777777776,0 days 00:00:22.696000,10584.1,292.9,8,100.0,False,0,pos,1298.503982966702,0.30694177958055674,OnTrack,5147.0,3056.0,527.0
2026-08-22 14:38:37.780,0 days 00:52:02.016000,16,1064.7099999999998,0 days 00:00:22.716000,10589.0,293.0,8,100.0,False,0,car,1300.1341666666663,0.30732712417131186,OnTrack,5161.607398288795,3063.6203155035178,527.1068282618335
2026-08-22 14:38:37.920,0 days 00:52:02.156000,16,1060.5488888888888,0 days 00:00:22.856000,10548.166666666666,293.5833333333333,8,100.0,False,0,pos,1311.5602514900525,0.31002803449221494,OnTrack,5263.0,3119.0,528.0
2026-08-22 14:38:38.020,0 days 00:52:02.256000,16,1057.5766666666666,0 days 00:00:22.956000,10519.0,294.0,8,100.0,False,0,car,1319.7341666666662,0.31196019342538833,OnTrack,5334.600796433365,3161.1262729015675,529.5423442518206
2026-08-22 14:38:38.220,0 days 00:52:02.456000,16,1051.3544444444444,0 days 00:00:23.156000,10556.777777777777,294.55555555555554,8,100.0,False,0,pos,1336.1065035113684,0.3158303041627646,OnTrack,5475.0,3248.0,535.0
2026-08-22 14:38:38.299,0 days 00:52:02.535000,16,1048.8966646755557,0 days 00:00:23.235000,10571.70001208889,294.77500017777777,8,100.0,False,0,pos,1342.5844058848243,0.3173615577503854,OnTrack,5531.0,3282.0,538.0
2026-08-22 14:38:38.380,0 days 00:52:02.616000,16,1046.3766666666668,0 days 00:00:23.316000,10587.0,295.0,8,100.0,False,0,car,1349.2341666666662,0.3189334354149423,OnTrack,5602.238777435502,3323.1311633536993,542.2128383796048
2026-08-22 14:38:38.540,0 days 00:52:02.776000,16,1041.2211111111112,0 days 00:00:23.476000,10596.0,296.0,8,100.0,False,0,car,1362.3897222222217,0.3220431599029392,OnTrack,5779.426128964594,3419.90440686579,553.325340491344
2026-08-22 14:38:38.639,0 days 00:52:02.875000,16,1037.9211089777777,0 days 00:00:23.575000,10597.2375008,296.0,8,100.0,False,0,pos,1370.5339551822615,0.3239683025215716,OnTrack,5876.0,3469.0,559.0
2026-08-22 14:38:38.700,0 days 00:52:02.936000,16,1035.8877777777777,0 days 00:00:23.636000,10598.0,296.0,8,100.0,False,0,car,1375.5452777777773,0.32515288439093615,OnTrack,5926.530335736211,3492.8817207752304,561.7112824172603
2026-08-22 14:38:39.059,0 days 00:52:03.295000,16,1022.1261111111112,0 days 00:00:23.995000,10556.0,294.0,8,100.0,False,0,pos,1404.8636111111107,0.3320831838168256,OnTrack,6152.0,3563.0,571.0
2026-08-22 14:38:39.379,0 days 00:52:03.615000,16,1009.1483333333333,0 days 00:00:24.315000,10514.0,292.0,8,100.0,False,0,car,1430.8191666666662,0.33821858618503575,OnTrack,6435.727683159482,3606.5346664099525,584.8046803091494
2026-08-22 14:38:39.439,0 days 00:52:03.675000,16,1006.6149994230129,0 days 00:00:24.375000,10496.491099215054,291.7864768196958,8,100.0,False,0,pos,1435.6770913807215,0.3393669076968372,OnTrack,6487.0,3612.0,587.0
2026-08-22 14:38:39.660,0 days 00:52:03.896000,16,997.2838888888889,0 days 00:00:24.596000,10432.0,291.0,8,100.0,False,0,car,1453.5333333333328,0.34358778553275526,OnTrack,6652.847085995837,3622.1860734904385,592.4284770873028
2026-08-22 14:38:39.859,0 days 00:52:04.095000,16,988.6605527822221,0 days 00:00:24.795000,10375.28498176,289.00999936,8,100.0,False,0,pos,1469.508871228768,0.3473641005042183,OnTrack,6780.0,3625.0,595.0
2026-08-22 14:38:39.860,0 days 00:52:04.096000,16,988.6172222222222,0 days 00:00:24.796000,10375.0,289.0,8,100.0,False,0,car,1469.5888888888883,0.347383015165488,OnTrack,6780.604919434664,3625.014199830394,595.0101180885435
2026-08-22 14:38:40.099,0 days 00:52:04.335000,16,977.9949971555557,0 days 00:00:25.035000,10320.561096533333,287.6722218666667,8,100.0,False,0,pos,1488.6475566684805,0.35188812372228834,OnTrack,6924.0,3628.0,597.0
2026-08-22 14:38:40.220,0 days 00:52:04.456000,16,972.6172222222224,0 days 00:00:25.156000,10293.0,287.0,8,100.0,False,0,car,1498.2888888888883,0.3541671522875286,OnTrack,7010.916946379687,3628.4476937385543,598.3387769792351
2026-08-22 14:38:40.319,0 days 00:52:04.555000,16,968.079719288889,0 days 00:00:25.255000,10264.28998144,287.0,8,100.0,False,0,pos,1506.187878969999,0.35603432412850045,OnTrack,7100.0,3628.0,599.0
2026-08-22 14:38:40.420,0 days 00:52:04.656000,16,963.4505555555556,0 days 00:00:25.356000,10235.0,287.0,8,100.0,False,0,car,1514.233333333333,0.35793611735532893,OnTrack,7214.28954153033,3626.651529513378,598.7333537778334
2026-08-22 14:38:40.579,0 days 00:52:04.815000,16,956.3397193600003,0 days 00:00:25.515000,10191.2749824,285.5093744,8,100.0,False,0,pos,1526.8242500284862,0.3609123718972143,OnTrack,7405.0,3623.0,597.0
2026-08-22 14:38:40.740,0 days 00:52:04.976000,16,949.139444444445,0 days 00:00:25.676000,10147.0,284.0,8,100.0,False,0,car,1539.4777777777772,0.3639034265079717,OnTrack,7546.535904127845,3617.916455750455,594.6811143349018
2026-08-22 14:38:40.980,0 days 00:52:05.216000,16,938.8727777777783,0 days 00:00:25.916000,9867.0,279.0,8,0.0,True,0,car,1558.0777777777773,0.36830011467765655,OnTrack,7680.042428464495,3608.6156871766666,590.5772584733869
2026-08-22 14:38:41.079,0 days 00:52:05.315000,16,934.9677752533337,0 days 00:00:26.015000,10201.62021632,274.0499968,8,0.99000064,True,0,pos,1565.5355064973917,0.37006298067949783,OnTrack,7730.0,3605.0,589.0
2026-08-22 14:38:41.180,0 days 00:52:05.416000,16,930.9838888888892,0 days 00:00:26.116000,10543.0,269.0,8,2.0,True,0,car,1573.0222222222217,0.3718326986610652,OnTrack,7779.816847003128,3601.5165445831694,587.4904856656034
2026-08-22 14:38:41.420,0 days 00:52:05.656000,16,922.1172222222224,0 days 00:00:26.356000,10164.0,261.0,7,15.0,False,0,car,1590.4222222222218,0.3759457295294801,OnTrack,7915.119350144078,3581.2774319142927,582.6012981271916
2026-08-22 14:38:41.499,0 days 00:52:05.735000,16,919.4180533688893,0 days 00:00:26.435000,10136.843728,257.5437472,7,26.8500096,False,0,pos,1596.0191910248961,0.3772687470843625,OnTrack,7985.0,3559.0,579.0
2026-08-22 14:38:41.580,0 days 00:52:05.816000,16,916.6505555555564,0 days 00:00:26.516000,10109.0,254.0,7,39.0,False,0,car,1601.7111111111103,0.3786142093266125,OnTrack,8072.212567867532,3526.628867967199,574.0832428678985
2026-08-22 14:38:41.679,0 days 00:52:05.915000,16,913.460553493334,0 days 00:00:26.615000,10059.00496768,252.51499904,7,44.94000384,False,0,pos,1608.6346156666004,0.38025079484122987,OnTrack,8177.0,3484.0,568.0
2026-08-22 14:38:41.780,0 days 00:52:06.016000,16,910.2061111111118,0 days 00:00:26.716000,10008.0,251.0,7,51.0,False,0,car,1615.6555555555549,0.38191041222562955,OnTrack,8250.528866630337,3450.5905150898707,563.8831405268188
2026-08-22 14:38:42.060,0 days 00:52:06.296000,16,901.7283333333344,0 days 00:00:26.996000,9882.0,247.0,7,55.0,False,0,car,1634.8666666666659,0.3864515555024426,OnTrack,8335.70296095829,3384.0886782670536,558.9773614267938
2026-08-22 14:38:42.119,0 days 00:52:06.355000,16,900.0730537600011,0 days 00:00:27.055000,9870.410701714285,246.15714194285715,7,58.37143222857143,False,0,pos,1638.8650704734773,0.38739670253013236,OnTrack,8359.0,3362.0,557.0
2026-08-22 14:38:42.279,0 days 00:52:06.515000,16,895.5841648711123,0 days 00:00:27.215000,9838.982130285714,243.87142765714285,7,67.51428937142857,False,0,pos,1649.6455042135938,0.3899449931478336,OnTrack,8437.0,3287.0,550.0
2026-08-22 14:38:42.340,0 days 00:52:06.576000,16,893.872777777779,0 days 00:00:27.276000,9827.0,243.0,7,71.0,False,0,car,1653.766666666666,0.390919157997445,OnTrack,8463.837554719412,3258.800421161424,547.9690680769963
2026-08-22 14:38:42.439,0 days 00:52:06.675000,16,891.2327760711123,0 days 00:00:27.375000,9854.843768,243.6187504,7,77.4968792,False,0,pos,1660.4802699283828,0.3925061268166249,OnTrack,8507.0,3204.0,545.0
2026-08-22 14:38:42.660,0 days 00:52:06.896000,16,885.3394444444457,0 days 00:00:27.596000,9917.0,245.0,7,92.0,False,0,car,1675.5444444444438,0.39606701272419664,OnTrack,8625.873417172092,2995.873614481365,535.6507849307969
2026-08-22 14:38:42.679,0 days 00:52:06.915000,16,884.8644428444456,0 days 00:00:27.615000,9915.9312464,245.1187504,7,92.593752,False,0,pos,1676.840998358621,0.39637349354440204,OnTrack,8634.0,2980.0,535.0
2026-08-22 14:38:42.820,0 days 00:52:07.056000,16,881.3394444444457,0 days 00:00:27.756000,9908.0,246.0,7,97.0,False,0,car,1686.4777777777772,0.39865144591354545,OnTrack,8675.690362154715,2889.7701890993376,531.6983472824454
2026-08-22 14:38:43.100,0 days 00:52:07.336000,16,875.4283333333344,0 days 00:00:28.036000,10083.0,248.0,7,100.0,False,0,car,1705.7666666666662,0.40321097438581127,OnTrack,8690.90774871693,2789.276808054913,530.4143775886241
2026-08-22 14:38:43.160,0 days 00:52:07.396000,16,874.3116666666677,0 days 00:00:28.096000,10071.9,248.0,7,100.0,False,0,pos,1709.8971696587396,0.4041873471621607,OnTrack,8694.0,2756.0,530.0
2026-08-22 14:38:43.300,0 days 00:52:07.536000,16,871.7061111111123,0 days 00:00:28.236000,10046.0,248.0,7,100.0,False,0,car,1719.544444444444,0.4064677804374297,OnTrack,8702.349127071819,2659.963444210918,528.9652656019324
2026-08-22 14:38:43.320,0 days 00:52:07.556000,16,871.3727777777789,0 days 00:00:28.256000,10055.5,248.25,7,100.0,False,0,pos,1720.9287038720563,0.4067949931820081,OnTrack,8703.0,2646.0,529.0
2026-08-22 14:38:43.420,0 days 00:52:07.656000,16,869.7061111111123,0 days 00:00:28.356000,10103.0,249.5,7,100.0,False,0,pos,1727.8726643359407,0.40843641408643383,OnTrack,8703.0,2577.0,530.0
2026-08-22 14:38:43.460,0 days 00:52:07.696000,16,869.0394444444455,0 days 00:00:28.396000,10122.0,250.0,7,100.0,False,0,car,1730.655555555555,0.4090942369306703,OnTrack,8701.4893466514,2547.492677270921,530.5022025299887
2026-08-22 14:38:43.700,0 days 00:52:07.936000,16,865.2394444444458,0 days 00:00:28.636000,10143.0,251.0,7,100.0,False,0,car,1747.3888888888882,0.4130496804094907,OnTrack,8674.456904277376,2349.06344369639,533.907559621392
2026-08-22 14:38:43.760,0 days 00:52:07.996000,16,864.5894444444458,0 days 00:00:28.696000,10139.181818181818,251.13636363636363,7,100.0,False,0,pos,1751.5811122446894,0.41404064271234703,OnTrack,8663.0,2302.0,535.0
2026-08-22 14:38:44.140,0 days 00:52:08.376000,16,860.4727777777789,0 days 00:00:29.076000,10115.0,252.0,7,100.0,False,0,car,1778.1888888888884,0.42033021780875385,OnTrack,8556.892541099449,2055.8178967944536,543.6079133076585
2026-08-22 14:38:44.160,0 days 00:52:08.396000,16,860.3005555555567,0 days 00:00:29.096000,10112.0,252.0,7,100.0,False,0,pos,1779.589950369619,0.42066140224086823,OnTrack,8551.0,2045.0,544.0
2026-08-22 14:38:44.340,0 days 00:52:08.576000,16,858.7505555555567,0 days 00:00:29.276000,10085.0,252.0,7,100.0,False,0,car,1792.1888888888884,0.42363955299023703,OnTrack,8499.410071855145,1956.5155395923325,546.9452846292454
2026-08-22 14:38:44.500,0 days 00:52:08.736000,16,857.5505555555565,0 days 00:00:29.436000,10075.0,251.0,7,100.0,False,0,car,1803.344444444444,0.42627651530945065,OnTrack,8448.963701346558,1877.3305516620162,548.9733944148761
2026-08-22 14:38:44.580,0 days 00:52:08.816000,16,857.1727777777787,0 days 00:00:29.516000,10095.5,251.0,7,100.0,False,0,pos,1808.9225773835562,0.42759508042247885,OnTrack,8417.0,1827.0,550.0
2026-08-22 14:38:44.660,0 days 00:52:08.896000,16,856.795000000001,0 days 00:00:29.596000,10116.0,251.0,7,100.0,False,0,car,1814.4999999999995,0.4289134776286643,OnTrack,8380.422460948175,1769.2631893684324,551.0401526416123
2026-08-22 14:38:44.820,0 days 00:52:09.056000,16,856.1727777777787,0 days 00:00:29.756000,10064.8,251.0,7,100.0,False,0,pos,1825.6488549120647,0.43154885604250354,OnTrack,8305.0,1650.0,553.0
2026-08-22 14:38:44.860,0 days 00:52:09.096000,16,856.0172222222232,0 days 00:00:29.796000,10052.0,251.0,7,100.0,False,0,car,1828.444444444444,0.4322096805276813,OnTrack,8289.369304951453,1625.28181767036,553.4134042279094
2026-08-22 14:38:45.140,0 days 00:52:09.376000,16,855.4727777777784,0 days 00:00:30.076000,10100.0,253.0,7,100.0,False,0,car,1848.1222222222218,0.4368611349772105,OnTrack,8205.900437761375,1492.7463145681522,555.0625119731944
2026-08-22 14:38:45.179,0 days 00:52:09.415000,16,855.4944444800008,0 days 00:00:30.115000,10108.7750144,253.0,7,100.0,False,0,pos,1850.8632087957578,0.437509052355766,OnTrack,8193.0,1472.0,555.0
2026-08-22 14:38:45.339,0 days 00:52:09.575000,16,855.58333336889,0 days 00:00:30.275000,10144.7750144,253.0,7,100.0,False,0,pos,1862.1073875526422,0.4401669635234119,OnTrack,8134.0,1376.0,554.0
2026-08-22 14:38:45.340,0 days 00:52:09.576000,16,855.58388888889,0 days 00:00:30.276000,10145.0,253.0,7,100.0,False,0,car,1862.1777777777772,0.4401836024411599,OnTrack,8133.628623440363,1375.3839379860938,553.9916913420573
2026-08-22 14:38:45.579,0 days 00:52:09.815000,16,855.7166666666674,0 days 00:00:30.515000,10149.0,254.0,7,100.0,False,0,car,1879.040555555555,0.4441696441381266,OnTrack,8049.010042328034,1229.5758369502214,551.5217755552993
2026-08-22 14:38:45.619,0 days 00:52:09.855000,16,855.8388888888896,0 days 00:00:30.555000,10149.0,254.0,7,100.0,False,0,pos,1881.8637986499612,0.4448370054022835,OnTrack,8036.0,1206.0,551.0
2026-08-22 14:38:45.779,0 days 00:52:10.015000,16,856.3277777777789,0 days 00:00:30.715000,10149.0,254.0,7,100.0,False,0,car,1893.1516666666662,0.4475052438845422,OnTrack,7987.020760490049,1113.215768111474,548.5610906551138
2026-08-22 14:38:45.859,0 days 00:52:10.095000,16,856.5944444444455,0 days 00:00:30.795000,10178.5,254.0,7,100.0,False,0,pos,1898.791797367641,0.4488384640957493,OnTrack,7959.0,1056.0,547.0
2026-08-22 14:38:45.939,0 days 00:52:10.175000,16,856.861111111112,0 days 00:00:30.875000,10208.0,254.0,7,100.0,False,0,car,1904.4405555555552,0.45017372368167474,OnTrack,7926.291363679444,986.466236944605,545.1543904107328
2026-08-22 14:38:46.079,0 days 00:52:10.315000,16,857.4833335314547,0 days 00:00:31.015000,10214.268658712408,254.69651763471208,7,100.0,False,0,pos,1914.3670991446836,0.452520170819534,OnTrack,7870.0,863.0,542.0
2026-08-22 14:38:46.140,0 days 00:52:10.376000,16,857.7544444444452,0 days 00:00:31.076000,10217.0,255.0,7,100.0,False,0,car,1918.6780555555551,0.453539199370701,OnTrack,7852.977912107716,824.7305437494564,541.0985793139466
2026-08-22 14:38:46.399,0 days 00:52:10.635000,16,859.7688893866674,0 days 00:00:31.335000,9930.661040355555,250.68333226666667,7,28.055537777777783,False,0,pos,1936.734144567745,0.45780731727127466,OnTrack,7802.0,707.0,539.0
2026-08-22 14:38:46.500,0 days 00:52:10.736000,16,860.5544444444452,0 days 00:00:31.436000,9819.0,249.0,7,0.0,True,0,car,1943.578055555555,0.4594250883720532,OnTrack,7764.735680731589,625.5445143069147,537.5792437244601
2026-08-22 14:38:46.679,0 days 00:52:10.915000,16,862.7919452444454,0 days 00:00:31.615000,10338.99518592,237.36499584,7,0.0,True,0,pos,1955.3455466057558,0.46220670066706887,OnTrack,7694.0,475.0,535.0
2026-08-22 14:38:46.700,0 days 00:52:10.936000,16,863.0544444444454,0 days 00:00:31.636000,10400.0,236.0,7,0.0,True,0,car,1956.689166666666,0.4625243070340772,OnTrack,7688.44952825129,463.67334499498963,534.8264707195204
2026-08-22 14:38:46.919,0 days 00:52:11.155000,16,867.0694456177786,0 days 00:00:31.855000,11011.01017856,226.69249728,7,4.38000128,True,0,pos,1970.203658069181,0.4657188771668055,OnTrack,7651.0,398.0,534.0
2026-08-22 14:38:47.100,0 days 00:52:11.336000,16,870.3877777777784,0 days 00:00:32.036000,11516.0,219.0,6,8.0,False,0,car,1981.0224999999996,0.46827624675427426,OnTrack,7596.077505048033,314.798349148369,532.3415635503511
2026-08-22 14:38:47.199,0 days 00:52:11.435000,16,872.3952790755561,0 days 00:00:32.135000,11414.112434133332,216.5249984,6,15.012504533333335,False,0,pos,1986.914819795148,0.4696690796970339,OnTrack,7554.0,266.0,531.0
2026-08-22 14:38:47.340,0 days 00:52:11.576000,16,875.254444444445,0 days 00:00:32.276000,11269.0,213.0,5,25.0,False,0,car,1995.2224999999996,0.4716328581526358,OnTrack,7480.002586068864,204.44326596615306,528.6406957253611
2026-08-22 14:38:47.519,0 days 00:52:11.755000,16,879.3813903644452,0 days 00:00:32.455000,11162.1593368,209.0843736,5,50.171884,False,0,pos,2005.5076467478268,0.47406407229401454,OnTrack,7385.0,146.0,526.0
2026-08-22 14:38:47.660,0 days 00:52:11.896000,16,882.6322222222232,0 days 00:00:32.596000,11078.0,206.0,5,70.0,False,0,car,2013.5336111111103,0.4759612584534963,OnTrack,7331.252853330585,121.51334898764568,525.2723941501981
2026-08-22 14:38:47.799,0 days 00:52:12.035000,16,885.9141681777782,0 days 00:00:32.735000,11140.5500288,206.0,5,78.687504,False,0,pos,2021.4809308533138,0.47783985451216554,OnTrack,7276.0,106.0,525.0
2026-08-22 14:38:47.820,0 days 00:52:12.056000,16,886.4100000000003,0 days 00:00:32.756000,11150.0,206.0,5,80.0,False,0,car,2022.689166666666,0.47812545860392663,OnTrack,7265.696794587468,103.54785741923125,524.934911763424
2026-08-22 14:38:48.039,0 days 00:52:12.275000,16,891.4591681422226,0 days 00:00:32.975000,11236.687525333333,208.7375008,5,98.25000533333333,False,0,pos,2035.402910207548,0.4811307470887977,OnTrack,7137.0,79.0,524.0
2026-08-22 14:38:48.060,0 days 00:52:12.296000,16,891.9433333333336,0 days 00:00:32.996000,11245.0,209.0,5,100.0,False,0,car,2036.6224999999995,0.48141903504645045,OnTrack,7124.386231738199,77.25807622546813,523.9081281786049
2026-08-22 14:38:48.220,0 days 00:52:12.456000,16,895.5877777777787,0 days 00:00:33.156000,11344.0,209.0,5,100.0,False,0,car,2045.9113888888883,0.4836147526747996,OnTrack,7030.114000587537,68.47044238025765,523.2491820473768
2026-08-22 14:38:48.339,0 days 00:52:12.575000,16,898.1991680711117,0 days 00:00:33.275000,11360.8583424,210.4875008,5,100.0,False,0,pos,2052.896924428508,0.4852660011407114,OnTrack,6960.0,66.0,523.0
2026-08-22 14:38:48.439,0 days 00:52:12.675000,16,900.3936125155558,0 days 00:00:33.375000,11375.025009066667,211.7375008,5,100.0,False,0,pos,2058.803771204993,0.48666226798707235,OnTrack,6901.0,66.0,523.0
2026-08-22 14:38:48.460,0 days 00:52:12.696000,16,900.8544444444447,0 days 00:00:33.396000,11378.0,212.0,5,100.0,False,0,car,2060.044722222222,0.4869556053342018,OnTrack,6889.144732602065,66.13014896589833,523.003748835471
2026-08-22 14:38:48.660,0 days 00:52:12.896000,16,904.9655555555564,0 days 00:00:33.596000,11375.0,213.0,5,100.0,False,0,car,2071.878055555555,0.489752781499503,OnTrack,6779.073095609533,70.55790171251849,523.0031077035454
2026-08-22 14:38:48.719,0 days 00:52:12.955000,16,905.7358341688896,0 days 00:00:33.655000,11389.750016,213.29500032,5,100.0,False,0,pos,2075.3790679892913,0.49058035461505833,OnTrack,6735.0,75.0,523.0
2026-08-22 14:38:48.860,0 days 00:52:13.096000,16,907.5766666666668,0 days 00:00:33.796000,11425.0,214.0,5,100.0,False,0,car,2083.766944444444,0.49256308994727055,OnTrack,6598.438100804169,92.98414220970162,522.9957552868011
2026-08-22 14:38:48.959,0 days 00:52:13.195000,16,908.0166669511111,0 days 00:00:33.895000,11459.6500224,214.49500032,5,100.0,False,0,pos,2089.672874455932,0.49395914008772723,OnTrack,6511.0,106.0,523.0
2026-08-22 14:38:49.060,0 days 00:52:13.296000,16,908.4655555555555,0 days 00:00:33.996000,11495.0,215.0,5,100.0,False,0,car,2095.711388888889,0.4953865306775043,OnTrack,6451.480726724875,115.84181490338315,523.0134145772785
2026-08-22 14:38:49.260,0 days 00:52:13.496000,16,907.2433333333338,0 days 00:00:34.196000,11538.0,216.0,5,100.0,False,0,car,2107.7113888888885,0.4982231036902041,OnTrack,6398.601888677557,129.2066132681173,523.0400766022595
2026-08-22 14:38:49.360,0 days 00:52:13.596000,16,906.1322222222226,0 days 00:00:34.296000,11572.166666666666,216.83333333333334,5,100.0,False,0,pos,2113.742876688262,0.4996488333167152,OnTrack,6358.0,141.0,523.0
2026-08-22 14:38:49.500,0 days 00:52:13.736000,16,904.5766666666668,0 days 00:00:34.436000,11620.0,218.0,5,100.0,False,0,car,2122.2447222222218,0.5016585087833629,OnTrack,6276.657676170962,164.50827885279503,522.9573083266492
2026-08-22 14:38:49.520,0 days 00:52:13.756000,16,904.1822222222224,0 days 00:00:34.456000,11624.875,218.08333333333334,5,100.0,False,0,pos,2123.4671860638855,0.5019474761118851,OnTrack,6265.0,168.0,523.0
2026-08-22 14:38:49.720,0 days 00:52:13.956000,16,900.2377777777781,0 days 00:00:34.656000,11673.625,218.91666666666666,5,100.0,False,0,pos,2135.801718981661,0.5048631263784533,OnTrack,6150.0,208.0,524.0
2026-08-22 14:38:49.980,0 days 00:52:14.216000,16,895.1100000000006,0 days 00:00:34.916000,11737.0,220.0,5,100.0,False,0,pos,2151.578055555555,0.5085923539255182,OnTrack,5941.0,307.0,524.0
2026-08-22 14:38:50.320,0 days 00:52:14.556000,16,888.687777777778,0 days 00:00:35.256000,11321.272727272728,202.22727272727272,5,22.72727272727273,False,0,pos,2170.6256098434546,0.5130948354631009,OnTrack,5828.0,379.0,524.0
2026-08-22 14:38:50.420,0 days 00:52:14.656000,16,886.798888888889,0 days 00:00:35.356000,11199.0,197.0,5,0.0,True,0,car,2175.655833333333,0.5142838851463707,OnTrack,5788.851566657051,411.24468913675474,523.9508628798687
2026-08-22 14:38:50.620,0 days 00:52:14.856000,16,884.5766666666667,0 days 00:00:35.556000,11182.75,173.875,5,0.0,True,0,pos,2184.784631131201,0.5164417602690229,OnTrack,5705.0,483.0,524.0
2026-08-22 14:38:50.740,0 days 00:52:14.976000,16,883.2433333333333,0 days 00:00:35.676000,11173.0,160.0,5,0.0,True,0,car,2189.878055555555,0.5176457494577187,OnTrack,5673.87836604561,511.34933779506474,524.3979675177907
2026-08-22 14:38:51.020,0 days 00:52:15.256000,16,881.298888888889,0 days 00:00:35.956000,10574.5,145.125,5,0.0,True,0,pos,2201.071276709894,0.520291615212017,OnTrack,5629.0,562.0,525.0
2026-08-22 14:38:51.060,0 days 00:52:15.296000,16,881.0211111111112,0 days 00:00:35.996000,10489.0,143.0,3,0.0,True,0,car,2202.589166666666,0.520650415685986,OnTrack,5619.7881983397565,573.1609500005354,524.7826973693134
2026-08-22 14:38:51.180,0 days 00:52:15.416000,16,880.6544444444445,0 days 00:00:36.116000,10172.2,138.5,3,0.0,True,0,pos,2207.019572570957,0.5216976798379375,OnTrack,5590.0,611.0,524.0
2026-08-22 14:38:51.360,0 days 00:52:15.596000,16,880.1044444444445,0 days 00:00:36.296000,9697.0,131.75,3,0.0,True,0,pos,2213.361812108712,0.5231968652973437,OnTrack,5555.0,667.0,524.0
2026-08-22 14:38:51.460,0 days 00:52:15.696000,16,879.798888888889,0 days 00:00:36.396000,9433.0,128.0,3,0.0,True,0,car,2216.8113888888884,0.524012279997334,OnTrack,5539.064063028674,698.7309588807511,523.6763704291361
2026-08-22 14:38:51.579,0 days 00:52:15.815000,16,879.4352775822224,0 days 00:00:36.515000,9260.078032,125.3968736,3,0.0,True,0,pos,2220.8619475635246,0.5249697554492365,OnTrack,5524.0,737.0,523.0
2026-08-22 14:38:51.779,0 days 00:52:16.015000,16,878.8241664711113,0 days 00:00:36.715000,8969.453032,121.0218736,3,0.0,True,0,pos,2227.534023627122,0.5265469080242934,OnTrack,5511.0,801.0,522.0
2026-08-22 14:38:51.780,0 days 00:52:16.016000,16,878.8211111111113,0 days 00:00:36.716000,8968.0,121.0,3,0.0,True,0,car,2227.566944444444,0.526554689882791,OnTrack,5510.969505015681,801.3138512883977,521.9977985122289
2026-08-22 14:38:51.999,0 days 00:52:16.235000,16,878.1519442488891,0 days 00:00:36.935000,8754.972665018182,118.0136354909091,3,0.0,True,0,pos,2234.672024198292,0.5282341963396949,OnTrack,5514.0,870.0,522.0
2026-08-22 14:38:52.220,0 days 00:52:16.456000,16,877.4766666666669,0 days 00:00:37.156000,8540.0,115.0,3,0.0,False,0,car,2241.6224999999995,0.5298771573467405,OnTrack,5543.773299122489,946.2558350023875,521.0941428768326
2026-08-22 14:38:52.279,0 days 00:52:16.515000,16,877.2799998317804,0 days 00:00:37.215000,8555.01434976015,114.15412114027329,3,3.3835154389068527,False,0,pos,2243.439488408985,0.5303066590371837,OnTrack,5553.0,964.0,521.0
2026-08-22 14:38:52.499,0 days 00:52:16.735000,16,876.5466666666666,0 days 00:00:37.435000,8611.0,111.0,3,16.0,False,0,car,2250.2249999999995,0.5319106256252196,OnTrack,5586.115063242512,1014.5353837829952,521.7460823368021
2026-08-22 14:38:52.559,0 days 00:52:16.795000,16,875.9966666341041,0 days 00:00:37.495000,8708.909348997408,112.11008332196609,3,19.219241633701632,False,0,pos,2252.1550364916643,0.5323668497440349,OnTrack,5596.0,1027.0,522.0
2026-08-22 14:38:53.559,0 days 00:52:17.795000,16,866.82999942473,0 days 00:00:38.495000,10340.731832287545,130.61147202140074,3,72.87326886206216,False,0,pos,2288.7627241973455,0.5410202146609749,OnTrack,5847.0,1240.0,522.0
2026-08-22 14:38:53.580,0 days 00:52:17.816000,16,866.6374999999998,0 days 00:00:38.516000,10375.0,131.0,3,74.0,False,0,car,2289.5613888888884,0.5412090038868272,OnTrack,5853.590604470517,1243.9339513784905,521.970969850476
2026-08-22 14:38:53.780,0 days 00:52:18.016000,16,864.6374999999994,0 days 00:00:38.716000,10767.0,138.0,3,76.0,False,0,car,2297.2280555555553,0.5430212588671633,OnTrack,5918.619612218637,1279.738090000903,521.9287554352188
2026-08-22 14:38:53.799,0 days 00:52:18.035000,16,864.4422215644438,0 days 00:00:38.735000,10824.28519296,138.66500224,3,76.57000192,False,0,pos,2297.973973062392,0.5431975796562961,OnTrack,5925.0,1283.0,522.0
2026-08-22 14:38:53.959,0 days 00:52:18.195000,16,862.7977771199996,0 days 00:00:38.895000,11306.68519296,144.26500224,3,81.37000191999999,False,0,pos,2304.415360735076,0.5447202018593521,OnTrack,5982.0,1310.0,523.0
2026-08-22 14:38:53.980,0 days 00:52:18.216000,16,862.5819444444442,0 days 00:00:38.916000,11370.0,145.0,3,82.0,False,0,car,2305.2836111111105,0.5449254398247627,OnTrack,5990.543820293509,1313.6278901780697,523.0958683006389
2026-08-22 14:38:54.260,0 days 00:52:18.496000,16,859.4708333333328,0 days 00:00:39.196000,10846.0,155.0,3,92.0,False,0,car,2317.339166666666,0.5477751451199289,OnTrack,6121.036315048342,1361.8264279251189,523.0816646422372
2026-08-22 14:38:54.339,0 days 00:52:18.575000,16,858.5711103822217,0 days 00:00:39.275000,10678.51986432,157.76500224,3,95.16000256,False,0,pos,2320.867313212195,0.5486091322262536,OnTrack,6147.0,1371.0,523.0
2026-08-22 14:38:54.460,0 days 00:52:18.696000,16,857.193055555555,0 days 00:00:39.396000,10422.0,162.0,4,100.0,False,0,car,2326.339166666666,0.5499025748794538,OnTrack,6170.512732001051,1379.4160930686144,522.9607022952963
2026-08-22 14:38:54.620,0 days 00:52:18.856000,16,855.5486111111109,0 days 00:00:39.556000,10774.0,165.0,4,100.0,False,0,car,2333.672499999999,0.5516360361649926,OnTrack,6200.977987692194,1387.4267219567453,522.9972387200909
2026-08-22 14:38:54.639,0 days 00:52:18.875000,16,855.3480548799997,0 days 00:00:39.575000,10797.0375776,165.7125024,4,100.0,False,0,pos,2334.567234048996,0.5518475343697365,OnTrack,6208.0,1389.0,523.0
2026-08-22 14:38:54.940,0 days 00:52:19.176000,16,852.1708333333331,0 days 00:00:39.876000,11162.0,177.0,4,100.0,False,0,car,2349.4058333333323,0.5553550985594212,OnTrack,6386.0960401569,1425.2171419256983,523.0005635519627
2026-08-22 14:38:54.959,0 days 00:52:19.195000,16,852.028332853333,0 days 00:00:39.895000,11200.554296533333,177.4750016,4,100.0,False,0,pos,2350.362029426687,0.5555811252288595,OnTrack,6396.0,1427.0,523.0
2026-08-22 14:38:55.180,0 days 00:52:19.416000,16,850.3708333333325,0 days 00:00:40.116000,11649.0,183.0,4,100.0,False,0,car,2361.6058333333326,0.5582389477889995,OnTrack,6478.334440175435,1438.7691155457962,522.9976154252197
2026-08-22 14:38:55.299,0 days 00:52:19.535000,16,849.6766662933323,0 days 00:00:40.235000,11815.6000896,185.9750016,4,100.0,False,0,pos,2367.7983602192858,0.5597027440094258,OnTrack,6526.0,1445.0,523.0
2026-08-22 14:38:55.380,0 days 00:52:19.616000,16,849.2041666666655,0 days 00:00:40.316000,11929.0,188.0,4,100.0,False,0,car,2372.0502777777774,0.5607078168926458,OnTrack,6567.243937835861,1450.9747913390995,523.0025826431903
2026-08-22 14:38:55.419,0 days 00:52:19.655000,16,849.0416663999989,0 days 00:00:40.355000,11939.562517333334,188.4875008,4,100.0,False,0,pos,2374.1033166550446,0.5611931164487525,OnTrack,6588.0,1454.0,523.0
2026-08-22 14:38:55.620,0 days 00:52:19.856000,16,848.204166666666,0 days 00:00:40.556000,11994.0,191.0,4,100.0,False,0,car,2384.7836111111105,0.5637177360338995,OnTrack,6693.322867324355,1469.4120757731423,522.9841194768176
2026-08-22 14:38:55.639,0 days 00:52:19.875000,16,848.1830554844438,0 days 00:00:40.575000,11981.717815771428,191.2714294857143,4,93.21426285714286,False,0,pos,2385.808112399887,0.5639599087595012,OnTrack,6703.0,1471.0,523.0
2026-08-22 14:38:55.900,0 days 00:52:20.136000,16,847.8930555555553,0 days 00:00:40.836000,11813.0,195.0,4,0.0,True,0,car,2399.950277777777,0.567302849147173,OnTrack,6833.9660596998565,1497.362641718214,523.6596264409116
2026-08-22 14:38:55.980,0 days 00:52:20.216000,16,848.1819444444441,0 days 00:00:40.916000,11606.0,190.5,4,0.0,True,0,pos,2404.135737093282,0.5682922125588492,OnTrack,6881.0,1509.0,524.0
2026-08-22 14:38:56.060,0 days 00:52:20.296000,16,848.4708333333328,0 days 00:00:40.996000,11399.0,186.0,4,0.0,True,0,car,2408.216944444444,0.5692569327781442,OnTrack,6933.349280814883,1522.8137114489473,524.3979473787747
2026-08-22 14:38:56.180,0 days 00:52:20.416000,16,849.6374999999996,0 days 00:00:41.116000,10938.0,179.5,4,0.0,True,0,pos,2414.123805938804,0.5706532031035323,OnTrack,7009.0,1544.0,525.0
2026-08-22 14:38:56.300,0 days 00:52:20.536000,16,850.8041666666663,0 days 00:00:41.236000,10477.0,173.0,4,0.0,True,0,car,2419.7502777777772,0.5719831946181279,OnTrack,7060.146153316607,1559.8166512745047,525.4395867363891
2026-08-22 14:38:56.480,0 days 00:52:20.716000,16,854.0041666666665,0 days 00:00:41.416000,10874.285714285714,160.78571428571428,4,0.0,True,0,pos,2427.624369274347,0.5738444809046862,OnTrack,7115.0,1581.0,526.0
2026-08-22 14:38:56.580,0 days 00:52:20.816000,16,855.7819444444444,0 days 00:00:41.516000,11095.0,154.0,4,0.0,True,0,car,2431.728055555555,0.5748145147178413,OnTrack,7151.7600061779385,1596.9378044493858,526.4101721115286
2026-08-22 14:38:56.760,0 days 00:52:20.996000,16,860.4319444444445,0 days 00:00:41.696000,10645.5,144.5,4,0.0,True,0,pos,2438.6542887711685,0.5764517452360975,OnTrack,7221.0,1630.0,527.0
2026-08-22 14:38:56.920,0 days 00:52:21.156000,16,864.565277777778,0 days 00:00:41.856000,10245.944444444445,136.05555555555554,4,0.0,True,0,pos,2444.5032166445712,0.577834321149341,OnTrack,7274.0,1662.0,527.0
2026-08-22 14:38:56.940,0 days 00:52:21.176000,16,865.0819444444446,0 days 00:00:41.876000,10196.0,135.0,3,0.0,True,0,car,2445.228055555555,0.5780056593571287,OnTrack,7281.183137689461,1667.4481844591458,527.0304354241191
2026-08-22 14:38:57.200,0 days 00:52:21.436000,16,872.5930555555558,0 days 00:00:42.136000,9509.785714285714,128.5,3,0.0,True,0,pos,2454.4904317710966,0.580195109891002,OnTrack,7376.0,1756.0,528.0
2026-08-22 14:38:57.220,0 days 00:52:21.456000,16,873.1708333333336,0 days 00:00:42.156000,9457.0,128.0,3,0.0,True,0,car,2455.1836111111106,0.5803589643750724,OnTrack,7380.693153903247,1761.0756344043627,528.0432152904222
2026-08-22 14:38:57.380,0 days 00:52:21.616000,16,878.2819444444444,0 days 00:00:42.316000,9036.0,122.0,3,0.0,True,0,car,2460.605833333333,0.5816406751437738,OnTrack,7400.014343329585,1787.1844120650496,528.0885974598947
2026-08-22 14:38:57.520,0 days 00:52:21.756000,16,883.2208333333333,0 days 00:00:42.456000,8932.166666666666,118.88888888888889,3,0.0,True,0,pos,2465.146023981856,0.5827138903326164,OnTrack,7410.0,1810.0,528.0
2026-08-22 14:38:57.740,0 days 00:52:21.976000,16,890.9819444444443,0 days 00:00:42.676000,8769.0,114.0,3,0.0,False,0,car,2472.005833333333,0.5843354195058388,OnTrack,7436.718188267788,1872.519789366277,528.006607584507
2026-08-22 14:38:57.800,0 days 00:52:22.036000,16,893.0819444444443,0 days 00:00:42.736000,8700.125,113.375,3,0.0,False,0,pos,2473.853548476145,0.5847721844149435,OnTrack,7443.0,1893.0,528.0
2026-08-22 14:38:58.040,0 days 00:52:22.276000,16,901.4819444444444,0 days 00:00:42.976000,8424.625,110.875,3,0.0,False,0,pos,2481.152774515844,0.5864975833814275,OnTrack,7457.0,1979.0,528.0
2026-08-22 14:38:58.220,0 days 00:52:22.456000,16,907.7819444444444,0 days 00:00:43.156000,8218.0,109.0,3,0.0,False,0,car,2486.5391666666665,0.5877708245989975,OnTrack,7458.462842091196,2028.6278288366561,528.5492854495216
2026-08-22 14:38:58.379,0 days 00:52:22.615000,16,912.7727797866663,0 days 00:00:43.315000,8465.4438496,107.0124992,3,28.818761600000002,False,0,pos,2491.264657988726,0.5888878413619892,OnTrack,7454.0,2070.0,529.0
2026-08-22 14:38:58.380,0 days 00:52:22.616000,16,912.8041666666663,0 days 00:00:43.316000,8467.0,107.0,3,29.0,False,0,car,2491.294722222222,0.5888949479781045,OnTrack,7453.955588367549,2070.28229844939,529.0013887610769
2026-08-22 14:38:58.540,0 days 00:52:22.776000,16,917.0708333333332,0 days 00:00:43.476000,8524.0,110.0,3,47.0,False,0,car,2496.1836111111106,0.5900505888351304,OnTrack,7444.366585862841,2118.4181623598465,529.0187338729146
2026-08-22 14:38:58.599,0 days 00:52:22.835000,16,918.3655569599998,0 days 00:00:43.535000,8580.0500608,110.88500096,3,47.29500032,False,0,pos,2498.019062233159,0.590484454761708,OnTrack,7440.0,2136.0,529.0
2026-08-22 14:38:58.740,0 days 00:52:22.976000,16,921.4597222222219,0 days 00:00:43.676000,8714.0,113.0,3,48.0,False,0,car,2502.4613888888885,0.5915345367538113,OnTrack,7427.377200402534,2176.9132106102547,528.9980204922854
2026-08-22 14:38:58.759,0 days 00:52:22.995000,16,921.8608345924328,0 days 00:00:43.695000,8734.770674518555,113.20430171657596,3,48.54480457753587,False,0,pos,2503.064163000337,0.5916770211519187,OnTrack,7425.0,2183.0,529.0
2026-08-22 14:38:59.019,0 days 00:52:23.255000,16,927.3497222222222,0 days 00:00:43.955000,9019.0,116.0,3,56.0,False,0,car,2511.4513888888882,0.5936596027024923,OnTrack,7376.77410353058,2278.6314090410106,529.0096374992539
2026-08-22 14:38:59.039,0 days 00:52:23.275000,16,927.6441667136603,0 days 00:00:43.975000,9069.872826074467,116.39900255744679,3,56.74812979521273,False,0,pos,2512.114212353798,0.5938162816318879,OnTrack,7373.0,2285.0,529.0
2026-08-22 14:38:59.420,0 days 00:52:23.656000,16,933.2533333333331,0 days 00:00:44.356000,10039.0,124.0,3,71.0,False,0,car,2525.2636111111105,0.5969245507692398,OnTrack,7307.350743005853,2364.950072176526,528.811488659511
2026-08-22 14:38:59.479,0 days 00:52:23.715000,16,933.9580563199997,0 days 00:00:44.415000,10152.364408685715,125.4750016,3,70.57857097142858,False,0,pos,2527.378188580184,0.5974243968844096,OnTrack,7294.0,2377.0,529.0
2026-08-22 14:38:59.679,0 days 00:52:23.915000,16,936.3469452088887,0 days 00:00:44.615000,10536.650122971429,130.4750016,3,69.14999954285715,False,0,pos,2534.6775965407824,0.599149838853553,OnTrack,7239.0,2422.0,530.0
2026-08-22 14:38:59.700,0 days 00:52:23.936000,16,936.5977777777775,0 days 00:00:44.636000,10577.0,131.0,3,69.0,False,0,car,2535.4524999999994,0.5993330113735414,OnTrack,7232.655927022177,2426.473880652357,530.0549087599296
2026-08-22 14:38:59.860,0 days 00:52:24.096000,16,938.5088888888886,0 days 00:00:44.796000,10581.0,134.0,3,74.0,False,0,car,2541.4080555555547,0.6007407920539184,OnTrack,7181.804836828234,2457.3911545930664,530.0437132346533
2026-08-22 14:38:59.899,0 days 00:52:24.135000,16,938.9530562844442,0 days 00:00:44.835000,10626.093824,134.7312512,3,74.0,False,0,pos,2542.876303878233,0.6010878581845893,OnTrack,7169.0,2464.0,530.0
2026-08-22 14:39:00.020,0 days 00:52:24.256000,16,940.3311111111111,0 days 00:00:44.956000,10766.0,137.0,3,74.0,False,0,car,2547.4969444444437,0.6021800902122143,OnTrack,7128.13082223678,2482.2710424744887,529.8712272559305
2026-08-22 14:39:00.079,0 days 00:52:24.315000,16,940.9375006577778,0 days 00:00:45.015000,10998.75525248,139.06500224,3,76.65500288,False,0,pos,2549.806996841537,0.6027261429028409,OnTrack,7105.0,2491.0,530.0
2026-08-22 14:39:00.220,0 days 00:52:24.456000,16,942.3866666666668,0 days 00:00:45.156000,11555.0,144.0,3,83.0,False,0,car,2555.4969444444437,0.6040711388873475,OnTrack,7036.097381163218,2512.9954258390126,530.9163021711425
2026-08-22 14:39:00.239,0 days 00:52:24.475000,16,942.5397227377779,0 days 00:00:45.175000,11435.2995968,144.9500032,3,83.38000128,False,0,pos,2556.2837730648166,0.6042571302898616,OnTrack,7025.0,2516.0,531.0
2026-08-22 14:39:00.420,0 days 00:52:24.656000,16,943.9977777777776,0 days 00:00:45.356000,10295.0,154.0,3,87.0,False,0,car,2564.0524999999993,0.6060935103871429,OnTrack,6902.682540235327,2543.4648321713876,530.9659923096132
2026-08-22 14:39:00.459,0 days 00:52:24.695000,16,944.3119449599998,0 days 00:00:45.395000,10396.5220416,155.9500032,3,88.218752,False,0,pos,2565.806055079993,0.6065080176384924,OnTrack,6879.0,2548.0,531.0
2026-08-22 14:39:00.699,0 days 00:52:24.935000,16,946.245278293333,0 days 00:00:45.635000,11021.2720416,167.9500032,3,95.718752,False,0,pos,2577.1656862919126,0.609193219582655,OnTrack,6770.0,2564.0,532.0
2026-08-22 14:39:00.740,0 days 00:52:24.976000,16,946.5755555555552,0 days 00:00:45.676000,11128.0,170.0,4,97.0,False,0,car,2579.1636111111106,0.6096654912179502,OnTrack,6752.093951212637,2566.330977600378,532.0568150473274
2026-08-22 14:39:00.859,0 days 00:52:25.095000,16,947.4680560355555,0 days 00:00:45.795000,11527.24521472,175.35500288,4,98.78500096,False,0,pos,2585.0326170747844,0.6110528132119446,OnTrack,6694.0,2574.0,532.0
2026-08-22 14:39:00.940,0 days 00:52:25.176000,16,948.0755555555556,0 days 00:00:45.876000,11799.0,179.0,4,100.0,False,0,car,2589.108055555555,0.6120161697794005,OnTrack,6643.413573972951,2580.826446297765,531.9566495764715
2026-08-22 14:39:01.119,0 days 00:52:25.355000,16,949.2688893155554,0 days 00:00:46.055000,11404.30485888,186.16000256,4,100.0,False,0,pos,2598.385888485001,0.6142092739880677,OnTrack,6525.0,2597.0,532.0
2026-08-22 14:39:01.140,0 days 00:52:25.376000,16,949.4088888888887,0 days 00:00:46.076000,11358.0,187.0,4,100.0,False,0,car,2599.496944444444,0.6144719066005806,OnTrack,6514.317760123078,2598.459894206328,532.0312789863914
2026-08-22 14:39:01.420,0 days 00:52:25.656000,16,951.2755555555555,0 days 00:00:46.356000,10993.0,195.0,5,100.0,False,0,car,2614.6636111111106,0.6180570197138541,OnTrack,6419.899670029293,2610.496665473666,532.8533465852248
2026-08-22 14:39:01.519,0 days 00:52:25.755000,16,951.8530559288889,0 days 00:00:46.455000,11101.900070400001,197.4750016,5,100.0,False,0,pos,2620.090841292999,0.6193399142694919,OnTrack,6354.0,2617.0,533.0
2026-08-22 14:39:01.620,0 days 00:52:25.856000,16,952.4422222222224,0 days 00:00:46.556000,11213.0,200.0,5,100.0,False,0,car,2625.7747222222215,0.6206834762070946,OnTrack,6254.531911045847,2626.368731186975,532.9830173728167
2026-08-22 14:39:01.699,0 days 00:52:25.935000,16,952.7494446933334,0 days 00:00:46.635000,11345.5719824,204.6906288,5,100.0,False,0,pos,2630.41586250606,0.6217805539802022,OnTrack,6183.0,2633.0,533.0
2026-08-22 14:39:01.940,0 days 00:52:26.176000,16,953.6866666666665,0 days 00:00:46.876000,11750.0,219.0,5,100.0,False,0,car,2645.241388888888,0.6252850279832523,OnTrack,6104.9927352677505,2638.9090885816718,533.7653215427661
2026-08-22 14:39:02.039,0 days 00:52:26.275000,16,954.2091670044443,0 days 00:00:46.975000,11866.82007552,220.48500096,5,100.0,False,0,pos,2651.319477393028,0.6267217731348892,OnTrack,6051.0,2639.0,534.0
2026-08-22 14:39:02.140,0 days 00:52:26.376000,16,954.7422222222222,0 days 00:00:47.076000,11986.0,222.0,5,100.0,False,0,car,2657.5747222222217,0.6282003946907494,OnTrack,5952.503895584814,2639.1141286778334,534.049325129413
2026-08-22 14:39:02.259,0 days 00:52:26.495000,16,955.1058335288888,0 days 00:00:47.195000,11586.924785371428,226.2500022857143,5,100.0,False,0,pos,2665.1294521977634,0.629986189954654,OnTrack,5825.0,2639.0,534.0
2026-08-22 14:39:02.420,0 days 00:52:26.656000,16,955.5977777777775,0 days 00:00:47.356000,11047.0,232.0,5,100.0,False,0,car,2675.6191666666664,0.6324657600357723,OnTrack,5722.153696704811,2637.8663892407635,534.0253745765018
2026-08-22 14:39:02.660,0 days 00:52:26.896000,16,956.3311111111111,0 days 00:00:47.596000,11216.0,241.0,6,100.0,False,0,car,2691.6858333333325,0.6362636161249982,OnTrack,5648.959206861017,2631.737483347103,534.5321534923798
2026-08-22 14:39:02.740,0 days 00:52:26.976000,16,956.5755555555555,0 days 00:00:47.676000,11284.0,242.71428571428572,6,100.0,False,0,pos,2697.145627627334,0.6375542082207697,OnTrack,5601.0,2627.0,535.0
2026-08-22 14:39:02.940,0 days 00:52:27.176000,16,957.1866666666665,0 days 00:00:47.876000,11454.0,247.0,6,100.0,False,0,car,2710.8969444444438,0.6408047594018113,OnTrack,5428.397605704296,2609.8179222551153,536.6894103253794
2026-08-22 14:39:03.000,0 days 00:52:27.236000,16,957.37,0 days 00:00:47.936000,11484.75,247.0,6,100.0,False,0,pos,2714.9951364359245,0.6417734944688026,OnTrack,5383.0,2605.0,537.0
2026-08-22 14:39:03.100,0 days 00:52:27.336000,16,957.675555555556,0 days 00:00:48.036000,11536.0,247.0,6,100.0,False,0,car,2721.874722222222,0.6433996984171331,OnTrack,5325.8359352819825,2598.350257102836,537.122889910232
2026-08-22 14:39:03.240,0 days 00:52:27.476000,16,957.8700000000001,0 days 00:00:48.176000,11414.2,254.7,6,100.0,False,0,pos,2731.8551506830095,0.6457588829193875,OnTrack,5258.0,2589.0,537.0
2026-08-22 14:39:03.300,0 days 00:52:27.536000,16,957.9533333333334,0 days 00:00:48.236000,11362.0,258.0,6,100.0,False,0,car,2736.208055555555,0.6467878272934134,OnTrack,5220.907609153826,2583.6137586133646,537.0899547742254
2026-08-22 14:39:03.520,0 days 00:52:27.756000,16,957.9533333333338,0 days 00:00:48.456000,10756.083333333334,264.4166666666667,6,100.0,False,0,pos,2752.3889010523976,0.6506126730983312,OnTrack,5058.0,2558.0,538.0
2026-08-22 14:39:03.540,0 days 00:52:27.776000,16,957.9533333333338,0 days 00:00:48.476000,10701.0,265.0,6,100.0,False,0,car,2753.874722222222,0.6509638931176662,OnTrack,5043.276214490812,2555.4059365999533,538.1026053172245
2026-08-22 14:39:03.740,0 days 00:52:27.976000,16,957.7866666666673,0 days 00:00:48.676000,10835.444444444445,268.3333333333333,6,100.0,False,0,pos,2768.8582045877915,0.6545057049272028,OnTrack,4899.0,2527.0,539.0
2026-08-22 14:39:03.900,0 days 00:52:28.136000,16,957.6533333333341,0 days 00:00:48.836000,10943.0,271.0,7,100.0,False,0,car,2780.9747222222218,0.6573698205046801,OnTrack,4782.250924543,2500.354805368795,538.9731649692174
2026-08-22 14:39:03.920,0 days 00:52:28.156000,16,957.6311111111119,0 days 00:00:48.856000,10953.9,271.4,7,100.0,False,0,pos,2782.495613838955,0.6577293305142856,OnTrack,4768.0,2497.0,539.0
2026-08-22 14:39:04.100,0 days 00:52:28.336000,16,957.4311111111119,0 days 00:00:49.036000,11052.0,275.0,7,100.0,False,0,car,2796.2524999999996,0.660981198182886,OnTrack,4643.693182717019,2467.124960532407,539.9255558486486
2026-08-22 14:39:04.200,0 days 00:52:28.436000,16,957.2644444444452,0 days 00:00:49.136000,11126.0,276.5,7,100.0,False,0,pos,2803.9580943745295,0.6628026549370196,OnTrack,4561.0,2446.0,541.0
2026-08-22 14:39:04.300,0 days 00:52:28.536000,16,957.0977777777784,0 days 00:00:49.236000,11200.0,278.0,7,100.0,False,0,car,2811.6969444444435,0.6646319727084904,OnTrack,4460.378540945792,2419.3001660632185,542.4884510268316
2026-08-22 14:39:04.400,0 days 00:52:28.636000,16,956.9311111111119,0 days 00:00:49.336000,11263.5,279.0,7,100.0,False,0,pos,2819.455971419312,0.6664660599186338,OnTrack,4367.0,2394.0,544.0
2026-08-22 14:39:04.500,0 days 00:52:28.736000,16,956.7644444444454,0 days 00:00:49.436000,11327.0,280.0,7,100.0,False,0,car,2827.252499999999,0.6683090117990274,OnTrack,4306.035571608222,2377.0740430882815,545.1437379903609
2026-08-22 14:39:04.660,0 days 00:52:28.896000,16,956.4533333333345,0 days 00:00:49.596000,11367.0,282.0,7,100.0,False,0,pos,2839.8409844470016,0.6712846914034574,OnTrack,4217.0,2350.0,547.0
2026-08-22 14:39:04.820,0 days 00:52:29.056000,16,956.1422222222236,0 days 00:00:49.756000,11407.0,284.0,7,100.0,False,0,car,2852.4969444444437,0.6742763209516701,OnTrack,4038.67490479056,2293.5246567219415,550.2132119124276
2026-08-22 14:39:04.919,0 days 00:52:29.155000,16,956.0047221333344,0 days 00:00:49.855000,11448.662526933333,284.41250026666665,7,100.0,False,0,pos,2860.325118303092,0.676126753177184,OnTrack,3931.0,2259.0,552.0
2026-08-22 14:39:05.060,0 days 00:52:29.296000,16,955.8088888888897,0 days 00:00:49.996000,11508.0,285.0,7,100.0,False,0,car,2871.4969444444437,0.6787675615551116,OnTrack,3826.4601707832317,2224.825867668227,553.4442712710292
2026-08-22 14:39:05.299,0 days 00:52:29.535000,16,955.3441665422237,0 days 00:00:50.235000,11532.6468816,287.2406256,7,100.0,False,0,pos,2890.586522308222,0.6832799766711304,OnTrack,3702.0,2182.0,554.0
2026-08-22 14:39:05.380,0 days 00:52:29.616000,16,955.1866666666683,0 days 00:00:50.316000,11541.0,288.0,7,100.0,False,0,car,2897.0969444444436,0.684818917315538,OnTrack,3642.774786332848,2161.482898364163,554.0834415468328
2026-08-22 14:39:05.459,0 days 00:52:29.695000,16,955.0549998933348,0 days 00:00:50.395000,11209.1997312,288.79000064,7,100.0,False,0,pos,2903.4655913978345,0.6863243449884882,OnTrack,3581.0,2140.0,554.0
2026-08-22 14:39:05.580,0 days 00:52:29.816000,16,954.8533333333344,0 days 00:00:50.516000,10701.0,290.0,7,100.0,False,0,car,2913.2080555555544,0.688627279230737,OnTrack,3488.341535206875,2107.511278653504,553.3225119910969
2026-08-22 14:39:05.779,0 days 00:52:30.015000,16,954.798055555556,0 days 00:00:50.715000,10105.0,286.0,8,100.0,False,0,car,2929.0174999999995,0.6923643328521445,OnTrack,3341.1196654403207,2054.864122843925,550.9318744614847
2026-08-22 14:39:05.839,0 days 00:52:30.075000,16,954.9313889125274,0 days 00:00:50.775000,10096.19113417239,285.00276990630823,8,100.0,False,0,pos,2933.7266470485797,0.6934774861380476,OnTrack,3298.0,2039.0,550.0
2026-08-22 14:39:05.999,0 days 00:52:30.235000,16,955.2869445311179,0 days 00:00:50.935000,10072.700825298762,282.34348965646353,8,100.0,False,0,pos,2946.1584876689685,0.6964161381048796,OnTrack,3179.0,1994.0,547.0
2026-08-22 14:39:06.140,0 days 00:52:30.376000,16,955.6002777777785,0 days 00:00:51.076000,10052.0,280.0,8,100.0,False,0,car,2957.095277777777,0.6990013884105636,OnTrack,3038.946489648217,1939.398497677001,543.439083428808
2026-08-22 14:39:06.239,0 days 00:52:30.475000,16,956.0127780444451,0 days 00:00:51.175000,10008.86425782857,278.5857133714286,8,100.0,False,0,pos,2964.798124988593,0.7008221957871595,OnTrack,2947.0,1903.0,541.0
2026-08-22 14:39:06.420,0 days 00:52:30.656000,16,956.766944444445,0 days 00:00:51.356000,9930.0,276.0,8,100.0,True,0,car,2978.5619444444437,0.7040757023555045,OnTrack,2839.9688340494504,1859.2807102394368,537.650892454807
2026-08-22 14:39:06.599,0 days 00:52:30.835000,16,959.0044452444454,0 days 00:00:51.535000,8914.1746368,251.83499136,8,10.499968000000004,True,0,pos,2991.023098355906,0.707021283429867,OnTrack,2757.0,1824.0,535.0
2026-08-22 14:39:06.620,0 days 00:52:30.856000,16,959.2669444444455,0 days 00:00:51.556000,8795.0,249.0,8,0.0,True,0,car,2992.3952777777768,0.707345640689589,OnTrack,2745.2265285479175,1819.0212344945317,534.6837219815222
2026-08-22 14:39:06.780,0 days 00:52:31.016000,16,962.7336111111117,0 days 00:00:51.716000,9070.0,221.0,8,0.0,True,0,car,3002.2174999999993,0.7096674282296139,OnTrack,2647.7019149010825,1777.6428952070348,532.2750898226332
2026-08-22 14:39:06.799,0 days 00:52:31.035000,16,963.287779644445,0 days 00:00:51.735000,9118.133495466667,218.94165973333332,8,0.0,True,0,pos,3003.317133722133,0.7099273608412857,OnTrack,2637.0,1773.0,532.0
2026-08-22 14:39:07.020,0 days 00:52:31.256000,16,969.7336111111113,0 days 00:00:51.956000,9678.0,195.0,8,0.0,True,0,car,3015.2174999999993,0.7127403823267054,OnTrack,2529.0982351771304,1723.7467951128408,528.9299530705403
2026-08-22 14:39:07.079,0 days 00:52:31.315000,16,971.8805578844447,0 days 00:00:52.015000,9839.618032457143,190.15356617142857,8,0.0,True,0,pos,3018.184477562424,0.7134417197002771,OnTrack,2494.0,1707.0,528.0
2026-08-22 14:39:07.259,0 days 00:52:31.495000,16,978.430557884445,0 days 00:00:52.195000,10332.68946102857,175.3678518857143,8,0.0,True,0,pos,3026.745646895331,0.7154654181908503,OnTrack,2370.0,1647.0,525.0
2026-08-22 14:39:07.300,0 days 00:52:31.536000,16,979.9225000000006,0 days 00:00:52.236000,10445.0,172.0,8,0.0,True,0,car,3028.5952777777766,0.715902635944567,OnTrack,2349.3135073229473,1636.8617885379817,524.5181985629483
2026-08-22 14:39:07.599,0 days 00:52:31.835000,16,992.9622250133338,0 days 00:00:52.535000,9890.188770133333,152.89721813333333,8,0.0,True,0,pos,3041.074122326864,0.7188523987510353,OnTrack,2274.0,1599.0,523.0
2026-08-22 14:39:07.660,0 days 00:52:31.896000,16,995.6225000000004,0 days 00:00:52.596000,9777.0,149.0,5,0.0,True,0,car,3043.4952777777767,0.7194247141020028,OnTrack,2253.1954108192167,1588.9122678894196,522.6302823175428
2026-08-22 14:39:07.779,0 days 00:52:32.015000,16,1001.1427807466673,0 days 00:00:52.715000,9953.71509504,143.0499968,5,0.0,True,0,pos,3048.144517391174,0.7205237064034143,OnTrack,2207.0,1568.0,522.0
2026-08-22 14:39:07.860,0 days 00:52:32.096000,16,1004.9002777777787,0 days 00:00:52.796000,10074.0,139.0,3,0.0,True,0,car,3051.217499999999,0.721250101364805,OnTrack,2177.8170808071354,1557.2926673988723,521.9699236544106
2026-08-22 14:39:07.959,0 days 00:52:32.195000,16,1009.7402809066676,0 days 00:00:52.895000,9814.124832,135.03999744,3,0.0,True,0,pos,3054.8433207410053,0.7221071768033738,OnTrack,2144.0,1548.0,522.0
2026-08-22 14:39:08.060,0 days 00:52:32.296000,16,1014.6780555555565,0 days 00:00:52.996000,9549.0,131.0,3,0.0,True,0,car,3058.4952777777767,0.7229704303678777,OnTrack,2110.157378810211,1542.305825620157,521.5747144388158
2026-08-22 14:39:08.159,0 days 00:52:32.395000,16,1019.5180586844454,0 days 00:00:53.095000,9895.500224,131.0,3,0.0,True,0,pos,3062.1246785805547,0.7238283520653302,OnTrack,2078.0,1541.0,521.0
2026-08-22 14:39:08.220,0 days 00:52:32.456000,16,1022.5002777777786,0 days 00:00:53.156000,10109.0,131.0,3,0.0,True,0,car,3064.3174999999987,0.7243466935703358,OnTrack,2058.8705356962055,1542.5775697664856,520.7096996394862
2026-08-22 14:39:08.380,0 days 00:52:32.616000,16,1030.7225000000021,0 days 00:00:53.316000,11200.0,123.0,3,0.0,True,0,car,3069.7841666666654,0.7256389101650101,OnTrack,2011.0893869458178,1555.4194907418282,520.1799476103432
2026-08-22 14:39:08.519,0 days 00:52:32.755000,16,1038.0200033600017,0 days 00:00:53.455000,10947.01988352,120.21999872,3,5.56000256,True,0,pos,3074.397898799349,0.7267295091696265,OnTrack,1971.0,1578.0,520.0
2026-08-22 14:39:08.579,0 days 00:52:32.815000,16,1041.1700033600016,0 days 00:00:53.515000,10837.81988352,119.01999872,3,7.96000256,True,0,pos,3076.362667537351,0.7271939433344943,OnTrack,1954.0,1591.0,520.0
2026-08-22 14:39:08.580,0 days 00:52:32.816000,16,1041.2225000000017,0 days 00:00:53.516000,10836.0,119.0,2,8.0,False,0,car,3076.3952777777763,0.7272016517784883,OnTrack,1953.7217951386071,1591.2248247983293,520.0002185837899
2026-08-22 14:39:08.780,0 days 00:52:33.016000,16,1051.8891666666686,0 days 00:00:53.716000,10551.0,116.0,2,12.0,False,0,car,3082.8397222222206,0.7287249965445679,OnTrack,1902.0693114600936,1639.2184554224864,520.111678346175
2026-08-22 14:39:08.879,0 days 00:52:33.115000,16,1057.2516701333354,0 days 00:00:53.815000,10639.039342628572,115.29285668571428,2,20.48571977142857,False,0,pos,3085.989850642525,0.7294696273165325,OnTrack,1878.0,1663.0,520.0
2026-08-22 14:39:09.060,0 days 00:52:33.296000,16,1067.0558333333356,0 days 00:00:53.996000,10800.0,114.0,2,36.0,False,0,car,3091.7063888888874,0.7308209088261739,OnTrack,1834.7743524811121,1703.7950299823508,519.1743172128893
2026-08-22 14:39:09.080,0 days 00:52:33.316000,16,1068.1336111111134,0 days 00:00:54.016000,10789.416666666666,114.0,2,36.5,False,0,pos,3092.336619278218,0.7309698833690205,OnTrack,1830.0,1708.0,519.0
2026-08-22 14:39:09.240,0 days 00:52:33.476000,16,1076.7558333333352,0 days 00:00:54.176000,10704.75,114.0,2,40.5,False,0,pos,3097.3828364593905,0.7321627136583818,OnTrack,1791.0,1739.0,517.0
2026-08-22 14:39:09.300,0 days 00:52:33.536000,16,1079.9891666666686,0 days 00:00:54.236000,10673.0,114.0,2,42.0,False,0,car,3099.3063888888873,0.7326174050675505,OnTrack,1775.2452546129632,1749.2060544190256,516.0988193237883
2026-08-22 14:39:09.440,0 days 00:52:33.676000,16,1087.416944444447,0 days 00:00:54.376000,10379.0,116.625,2,5.2500000000000036,False,0,pos,3103.8624698046565,0.7336943764149961,OnTrack,1737.0,1770.0,514.0
2026-08-22 14:39:09.460,0 days 00:52:33.696000,16,1088.478055555558,0 days 00:00:54.396000,10337.0,117.0,2,0.0,True,0,car,3104.5063888888876,0.7338465867063871,OnTrack,1731.6236010274997,1772.6482559900753,513.7450293456865
2026-08-22 14:39:09.740,0 days 00:52:33.976000,16,1103.8002777777792,0 days 00:00:54.676000,9842.625,111.75,2,0.0,True,0,pos,3113.175386323009,0.7358957737204536,OnTrack,1648.0,1801.0,511.0
2026-08-22 14:39:09.780,0 days 00:52:34.016000,16,1105.989166666668,0 days 00:00:54.716000,9772.0,111.0,2,0.0,True,0,car,3114.3730555555544,0.736178880072385,OnTrack,1631.229237164051,1803.6163098891486,510.57928128083967
2026-08-22 14:39:09.940,0 days 00:52:34.176000,16,1114.9669444444457,0 days 00:00:54.876000,9585.0,106.0,2,0.0,True,0,pos,3119.0841666666656,0.737292497625519,OnTrack,1558.0,1810.0,509.0
2026-08-22 14:39:10.180,0 days 00:52:34.416000,16,1128.7002777777793,0 days 00:00:55.116000,9035.0,103.0,2,0.0,True,0,car,3125.9508333333324,0.7389156477383417,OnTrack,1483.4117338212448,1805.1748941285643,508.74361317261815
2026-08-22 14:39:10.320,0 days 00:52:34.556000,16,1136.905833333334,0 days 00:00:55.256000,8980.75,98.625,2,0.0,True,0,pos,3129.7725156194333,0.7398190211413306,OnTrack,1452.0,1798.0,509.0
2026-08-22 14:39:10.340,0 days 00:52:34.576000,16,1138.0780555555561,0 days 00:00:55.276000,8973.0,98.0,2,0.0,False,0,car,3130.3063888888883,0.7399452186836921,OnTrack,1447.8230574016104,1796.8668379954383,509.0257430735778
2026-08-22 14:39:10.780,0 days 00:52:35.016000,16,1164.111388888889,0 days 00:00:55.716000,8856.0,92.0,2,29.0,False,0,car,3141.550833333333,0.7426031926548516,OnTrack,1367.0169264723038,1760.6080795915857,509.01557298221707
2026-08-22 14:39:10.800,0 days 00:52:35.036000,16,1165.2336111111113,0 days 00:00:55.736000,8869.772727272728,92.13636363636364,2,29.454545454545453,False,0,pos,3142.0651420871604,0.7427247655157935,OnTrack,1363.0,1758.0,509.0
2026-08-22 14:39:11.000,0 days 00:52:35.236000,16,1176.4558333333337,0 days 00:00:55.936000,9007.5,93.5,2,34.0,False,0,pos,3147.2804273356805,0.7439575602982504,OnTrack,1321.0,1727.0,509.0
2026-08-22 14:39:11.220,0 days 00:52:35.456000,16,1188.8002777777783,0 days 00:00:56.156000,9159.0,95.0,2,39.0,False,0,pos,3153.1619444444436,0.7453478396902881,OnTrack,1281.0,1686.0,510.0
2026-08-22 14:39:11.379,0 days 00:52:35.615000,16,1196.6177809244452,0 days 00:00:56.315000,9498.46513664,96.9875008,2,45.75750272,False,0,pos,3157.502953023986,0.7463739720056737,OnTrack,1257.0,1651.0,510.0
2026-08-22 14:39:11.579,0 days 00:52:35.815000,16,1206.451114257779,0 days 00:00:56.515000,9925.46513664,99.4875008,2,54.25750272,False,0,pos,3163.099926164231,0.7476969905858758,OnTrack,1232.0,1603.0,512.0
2026-08-22 14:39:11.620,0 days 00:52:35.856000,16,1208.4669444444457,0 days 00:00:56.556000,10013.0,100.0,2,56.0,False,0,car,3164.2730555555545,0.7479742961835287,OnTrack,1227.8908074231408,1592.2329126493903,512.1189591345221
2026-08-22 14:39:11.739,0 days 00:52:35.975000,16,1213.7888917511123,0 days 00:00:56.675000,10243.350123885713,102.55000137142858,2,57.70000091428572,False,0,pos,3167.7283834829614,0.748791070345938,OnTrack,1218.0,1560.0,512.0
2026-08-22 14:39:11.900,0 days 00:52:36.136000,16,1220.9891666666676,0 days 00:00:56.836000,10555.0,106.0,2,60.0,False,0,car,3172.517499999999,0.7499231269015133,OnTrack,1209.1210907161178,1516.4400734547262,512.7750405405694
2026-08-22 14:39:11.939,0 days 00:52:36.175000,16,1222.581669280001,0 days 00:00:56.875000,10656.79016704,106.9750016,2,61.9500032,False,0,pos,3173.696266569835,0.7502017650215358,OnTrack,1208.0,1503.0,513.0
2026-08-22 14:39:12.100,0 days 00:52:36.336000,16,1229.1558333333346,0 days 00:00:57.036000,11077.0,111.0,2,70.0,False,0,car,3178.684166666666,0.7513808102552619,OnTrack,1208.1155499689778,1429.794823468315,513.757309833479
2026-08-22 14:39:12.219,0 days 00:52:36.455000,16,1233.1225030367752,0 days 00:00:57.155000,11116.807859657307,115.6583665556422,2,72.11743934347373,False,0,pos,3182.587364200611,0.7523034523209305,OnTrack,1211.0,1376.0,514.0
2026-08-22 14:39:12.381,0 days 00:52:36.617000,16,1238.522500000001,0 days 00:00:57.317000,11171.0,122.0,2,75.0,False,0,car,3188.2069444444437,0.7536318147927938,OnTrack,1216.4787110124278,1323.2833546599588,513.7467181192067
2026-08-22 14:39:12.639,0 days 00:52:36.875000,16,1244.4708349199532,0 days 00:00:57.575000,10588.419199445058,133.09677715342747,2,85.17204572397517,False,0,pos,3197.7946342959863,0.7558981633167123,OnTrack,1226.0,1271.0,513.0
2026-08-22 14:39:12.660,0 days 00:52:36.896000,16,1244.9550000000013,0 days 00:00:57.596000,10541.0,134.0,3,86.0,False,0,car,3198.5919444444435,0.7560866323542011,OnTrack,1226.6019886538847,1267.1775796529662,512.9986207056011
2026-08-22 14:39:12.819,0 days 00:52:37.055000,16,1248.4000013866685,0 days 00:00:57.755000,11029.9251968,138.968752,3,88.9812512,False,0,pos,3204.7297816013734,0.7575375009571756,OnTrack,1233.0,1225.0,513.0
2026-08-22 14:39:12.820,0 days 00:52:37.056000,16,1248.4216666666684,0 days 00:00:57.756000,11033.0,139.0,3,89.0,False,0,car,3204.7697222222214,0.757546942164443,OnTrack,1233.0792533119247,1224.503823248997,512.9969345537346
2026-08-22 14:39:12.980,0 days 00:52:37.216000,16,1250.599444444446,0 days 00:00:57.916000,11837.0,150.0,3,100.0,False,0,car,3211.436388888888,0.7591228160603873,OnTrack,1251.0828865140209,1114.554168984916,512.078256933158
2026-08-22 14:39:12.999,0 days 00:52:37.235000,16,1250.7102781511126,0 days 00:00:57.935000,11805.242750171428,151.08571794285714,3,100.0,False,0,pos,3212.264666915165,0.7593186053184163,OnTrack,1253.0,1103.0,512.0
2026-08-22 14:39:13.260,0 days 00:52:37.496000,16,1252.2327777777796,0 days 00:00:58.196000,11369.0,166.0,3,100.0,False,0,car,3224.347499999999,0.762174758505533,OnTrack,1265.3598947816176,1031.8755059188677,512.4874603412584
2026-08-22 14:39:13.419,0 days 00:52:37.655000,16,1251.5702775111126,0 days 00:00:58.355000,11388.875008,173.9500032,3,100.0,False,0,pos,3232.1819234859972,0.7640266680247367,OnTrack,1277.0,967.0,513.0
2026-08-22 14:39:13.540,0 days 00:52:37.776000,16,1251.0661111111126,0 days 00:00:58.476000,11404.0,180.0,4,100.0,False,0,car,3238.347499999999,0.7654840936870162,OnTrack,1294.0724591155226,869.8145143935973,513.059287465818
2026-08-22 14:39:13.659,0 days 00:52:37.895000,16,1249.909166044446,0 days 00:00:58.595000,11733.03517696,185.9500032,4,100.0,False,0,pos,3244.5712422767165,0.766955268635361,OnTrack,1310.0,779.0,513.0
2026-08-22 14:39:13.740,0 days 00:52:37.976000,16,1249.1216666666683,0 days 00:00:58.676000,11957.0,190.0,4,100.0,False,0,car,3248.9030555555546,0.7679792273555948,OnTrack,1316.007106932174,745.0359386699673,512.9828995629101
2026-08-22 14:39:13.979,0 days 00:52:38.215000,16,1245.1383322666682,0 days 00:00:58.915000,11285.144264533334,197.9666688,4,100.0,False,0,pos,3262.1494110797366,0.7711104152386382,OnTrack,1327.0,683.0,513.0
2026-08-22 14:39:14.100,0 days 00:52:38.336000,16,1243.1216666666683,0 days 00:00:59.036000,10945.0,202.0,5,100.0,False,0,car,3269.1030555555544,0.7727541252603063,OnTrack,1344.959680206763,579.2368165465604,513.0045445159252
2026-08-22 14:39:14.219,0 days 00:52:38.455000,16,1240.4111096533347,0 days 00:00:59.155000,11205.950140342857,207.10000274285716,5,100.0,False,0,pos,3276.0965000366773,0.7744072432503868,OnTrack,1364.0,469.0,513.0
2026-08-22 14:39:14.380,0 days 00:52:38.616000,16,1236.74388888889,0 days 00:00:59.316000,11559.0,214.0,5,100.0,False,0,car,3285.747499999999,0.7766885570871808,OnTrack,1379.4345866565145,379.5968434062301,512.9751211561304
2026-08-22 14:39:14.620,0 days 00:52:38.856000,16,1230.4772222222232,0 days 00:00:59.556000,11787.0,220.0,5,100.0,False,0,car,3300.4141666666656,0.7801554796582584,OnTrack,1391.8629338022054,308.64513910006883,512.9785948493482
2026-08-22 14:39:14.659,0 days 00:52:38.895000,16,1229.3397203555564,0 days 00:00:59.595000,11792.8500096,221.4625024,5,100.0,False,0,pos,3302.8417307411573,0.7807293098866169,OnTrack,1395.0,291.0,513.0
2026-08-22 14:39:14.780,0 days 00:52:39.016000,16,1225.8105555555562,0 days 00:00:59.716000,11811.0,226.0,5,100.0,False,0,car,3310.4586111111103,0.782529796328148,OnTrack,1407.0733603439542,223.37044658346653,513.1059658549962
2026-08-22 14:39:14.959,0 days 00:52:39.195000,16,1219.8936089955562,0 days 00:00:59.895000,11215.8247872,229.9156264,5,100.0,False,0,pos,3321.956376424565,0.7852476505610233,OnTrack,1428.0,105.0,513.0
2026-08-22 14:39:15.100,0 days 00:52:39.336000,16,1215.2327777777782,0 days 00:01:00.036000,10747.0,233.0,6,100.0,False,0,car,3331.1697222222215,0.7874255112315486,OnTrack,1443.2393029692614,15.962807283133936,512.3035329304442
2026-08-22 14:39:15.179,0 days 00:52:39.415000,16,1212.3361087644448,0 days 00:01:00.115000,10810.529218133333,235.30416853333332,6,100.0,False,0,pos,3336.3806566642124,0.7886572775656403,OnTrack,1452.0,-34.0,512.0
2026-08-22 14:39:15.340,0 days 00:52:39.576000,16,1206.432777777778,0 days 00:01:00.276000,10940.0,240.0,6,100.0,False,0,car,3347.1697222222215,0.7912076085818152,OnTrack,1471.2652479945175,-138.4992058709758,511.9794216281377
2026-08-22 14:39:15.379,0 days 00:52:39.615000,16,1204.872775217778,0 days 00:01:00.315000,10969.16141149091,240.62045556363637,6,100.0,False,0,pos,3349.8363312388537,0.7918379445128153,OnTrack,1476.0,-164.0,512.0
2026-08-22 14:39:15.559,0 days 00:52:39.795000,16,1197.6727752177778,0 days 00:01:00.495000,11103.752320581818,243.48409192727271,6,100.0,False,0,pos,3362.4207936190546,0.7948126733767332,OnTrack,1498.0,-282.0,512.0
2026-08-22 14:39:15.740,0 days 00:52:39.976000,16,1190.4327777777778,0 days 00:01:00.676000,11239.09090909091,246.36363636363637,6,100.0,False,0,pos,3374.7739678704147,0.7977327301019488,OnTrack,1522.0,-402.0,512.0
2026-08-22 14:39:15.780,0 days 00:52:40.016000,16,1188.8327777777777,0 days 00:01:00.716000,11269.0,247.0,6,100.0,False,0,car,3377.3586111111103,0.79834369087395,OnTrack,1527.3155254800206,-428.2081651756882,512.0096784562395
2026-08-22 14:39:16.680,0 days 00:52:40.916000,16,1165.8327777777777,0 days 00:01:01.616000,10024.0,192.625,6,6.25,False,0,pos,3424.7827158795303,0.8095538521854129,OnTrack,1615.0,-965.0,513.0
2026-08-22 14:39:16.740,0 days 00:52:40.976000,16,1164.2994444444444,0 days 00:01:01.676000,9941.0,189.0,5,0.0,False,0,car,3427.7586111111104,0.8102572975272896,OnTrack,1615.3279928729723,-996.1547611105295,513.0738823295359
2026-08-22 14:39:16.860,0 days 00:52:41.096000,16,1161.666111111111,0 days 00:01:01.796000,9854.9,186.3,5,8.7,False,0,pos,3433.7445788250666,0.811672267066648,OnTrack,1613.0,-1057.0,513.0
2026-08-22 14:39:17.040,0 days 00:52:41.276000,16,1157.7161111111106,0 days 00:01:01.976000,9725.75,182.25,5,21.749999999999996,False,0,pos,3442.776363251073,0.8138072100632591,OnTrack,1600.0,-1146.0,512.0
2026-08-22 14:39:17.140,0 days 00:52:41.376000,16,1155.521666666666,0 days 00:01:02.076000,9654.0,180.0,5,29.0,False,0,car,3447.7586111111104,0.8149849192151227,OnTrack,1586.7783430581208,-1193.5262783632088,512.2416050525839
2026-08-22 14:39:17.280,0 days 00:52:41.516000,16,1152.6049999999996,0 days 00:01:02.216000,9691.625,179.125,5,46.9375,False,0,pos,3454.6773522138506,0.8166203787396137,OnTrack,1562.0,-1257.0,513.0
2026-08-22 14:39:17.440,0 days 00:52:41.676000,16,1149.2716666666665,0 days 00:01:02.376000,9734.625,178.125,5,67.4375,False,0,pos,3462.5840297482446,0.8184893677491288,OnTrack,1525.0,-1326.0,513.0
2026-08-22 14:39:17.460,0 days 00:52:41.696000,16,1148.855,0 days 00:01:02.396000,9740.0,178.0,5,70.0,False,0,car,3463.5808333333325,0.8187249932614974,OnTrack,1518.9966742307097,-1335.0293917438826,513.0079261921311
2026-08-22 14:39:17.740,0 days 00:52:41.976000,16,1143.255,0 days 00:01:02.676000,9799.0,182.0,5,76.0,False,0,car,3477.736388888888,0.822071098833886,OnTrack,1411.0958261140156,-1462.169825986824,513.8860309156303
2026-08-22 14:39:17.760,0 days 00:52:41.996000,16,1142.855,0 days 00:01:02.696000,9828.9375,182.3125,5,76.875,False,0,pos,3478.7614693262844,0.8223134084592665,OnTrack,1404.0,-1469.0,514.0
2026-08-22 14:39:18.039,0 days 00:52:42.275000,16,1137.2749987199995,0 days 00:01:02.975000,10246.5657208,186.671876,5,89.0812528,False,0,pos,3493.2533542008873,0.8257390159208041,OnTrack,1313.0,-1532.0,516.0
2026-08-22 14:39:18.060,0 days 00:52:42.296000,16,1136.8549999999996,0 days 00:01:02.996000,10278.0,187.0,5,90.0,False,0,car,3494.3586111111103,0.8260002777477741,OnTrack,1304.229274156555,-1536.557657153553,516.1329463109191
2026-08-22 14:39:18.199,0 days 00:52:42.435000,16,1134.07499872,0 days 00:01:03.135000,10395.45505408,190.4750016,5,88.60999936,False,0,pos,3501.7313560195284,0.8277430551841689,OnTrack,1238.0,-1567.0,517.0
2026-08-22 14:39:18.260,0 days 00:52:42.496000,16,1132.855,0 days 00:01:03.196000,10447.0,192.0,5,88.0,False,0,car,3505.025277777777,0.828521675981285,OnTrack,1207.2323381951448,-1577.671459894738,517.5119269626292
2026-08-22 14:39:18.540,0 days 00:52:42.776000,16,1127.021666666667,0 days 00:01:03.476000,10991.0,201.0,5,100.0,False,0,car,3520.65861111111,0.8322171002672746,OnTrack,1056.8153021169833,-1603.3429122261773,519.968347520447
2026-08-22 14:39:18.559,0 days 00:52:42.795000,16,1126.6258320000004,0 days 00:01:03.495000,11011.741736533333,201.4750016,5,100.0,False,0,pos,3521.737486364007,0.8324721259694777,OnTrack,1046.0,-1604.0,520.0
2026-08-22 14:39:18.599,0 days 00:52:42.835000,16,1125.792498666667,0 days 00:01:03.535000,11055.4084032,202.4750016,5,100.0,False,0,pos,3524.014115608438,0.833010278059034,OnTrack,1023.0,-1605.0,520.0
2026-08-22 14:39:18.780,0 days 00:52:43.016000,16,1122.021666666667,0 days 00:01:03.716000,11253.0,207.0,5,100.0,False,0,car,3534.4586111111103,0.8354791592318795,OnTrack,917.3316073612954,-1605.369036688266,519.4646629015455
2026-08-22 14:39:18.919,0 days 00:52:43.155000,16,1119.0486091494633,0 days 00:01:03.855000,11434.436256784798,211.33022092565153,5,100.0,False,0,pos,3542.7317601208997,0.8374347751661474,OnTrack,835.0,-1603.0,520.0
2026-08-22 14:39:19.101,0 days 00:52:43.337000,16,1115.1558333333337,0 days 00:01:04.037000,11672.0,217.0,5,100.0,False,0,car,3553.807777777777,0.8400529362306212,OnTrack,726.0719668099506,-1598.481854233879,523.1821111500448
2026-08-22 14:39:19.159,0 days 00:52:43.395000,16,1113.899164399163,0 days 00:01:04.095000,11365.584352771079,218.8239026620769,5,100.0,False,0,pos,3557.3654780079587,0.840893909268972,OnTrack,691.0,-1597.0,524.0
2026-08-22 14:39:19.260,0 days 00:52:43.496000,16,1111.710833333335,0 days 00:01:04.196000,10832.0,222.0,5,100.0,False,0,car,3563.6127777777765,0.8423706527630812,OnTrack,629.4405773873401,-1594.542441471752,524.7240006056766
2026-08-22 14:39:19.319,0 days 00:52:43.555000,16,1110.4161097066683,0 days 00:01:04.255000,10729.92988928,223.77000192,5,100.0,False,0,pos,3567.3103885993382,0.8432446980187404,OnTrack,593.0,-1593.0,525.0
2026-08-22 14:39:19.460,0 days 00:52:43.696000,16,1107.3219444444462,0 days 00:01:04.396000,10486.0,228.0,6,100.0,False,0,car,3576.2794444444435,0.8453648131653756,OnTrack,504.08051829814167,-1588.6271539714705,525.763939564466
2026-08-22 14:39:19.599,0 days 00:52:43.835000,16,1104.1172207466684,0 days 00:01:04.535000,10688.24509312,232.17000192,6,100.0,False,0,pos,3585.273337570157,0.8474907993753344,OnTrack,417.0,-1583.0,528.0
2026-08-22 14:39:19.660,0 days 00:52:43.896000,16,1102.710833333335,0 days 00:01:04.596000,10777.0,234.0,6,100.0,False,0,car,3589.2794444444435,0.8484377672624672,OnTrack,379.75267756350127,-1579.959447633727,529.8439962703967
2026-08-22 14:39:19.699,0 days 00:52:43.935000,16,1101.822498542224,0 days 00:01:04.635000,10810.567912228571,235.11428754285714,6,100.0,False,0,pos,3591.861980690999,0.8490482299809089,OnTrack,353.0,-1577.0,531.0
2026-08-22 14:39:19.940,0 days 00:52:44.176000,16,1096.3330555555572,0 days 00:01:04.876000,11018.0,242.0,6,100.0,False,0,car,3608.1016666666656,0.8528869845620168,OnTrack,122.25776199676534,-1536.6992195773983,534.5403420045099
2026-08-22 14:39:19.999,0 days 00:52:44.235000,16,1094.9727763022242,0 days 00:01:04.935000,11095.8063344,243.1062512,6,100.0,False,0,pos,3612.106565693495,0.8538336669368579,OnTrack,79.0,-1528.0,535.0
2026-08-22 14:39:20.100,0 days 00:52:44.336000,16,1092.6441666666692,0 days 00:01:05.036000,11229.0,245.0,6,100.0,False,0,car,3618.9905555555542,0.8554609119253926,OnTrack,32.282913287514745,-1517.6573696227058,535.6852765056476
2026-08-22 14:39:20.260,0 days 00:52:44.496000,16,1088.9108333333356,0 days 00:01:05.196000,11422.0,248.0,6,100.0,False,0,car,3630.012777777776,0.8580663567666873,OnTrack,-5.158602930455996,-1504.7680884559184,536.6944265681659
2026-08-22 14:39:20.299,0 days 00:52:44.535000,16,1087.9899984888912,0 days 00:01:05.235000,11447.3500416,248.65000106666668,6,100.0,False,0,pos,3632.721215749091,0.8587065802713543,OnTrack,-21.0,-1499.0,537.0
2026-08-22 14:39:20.500,0 days 00:52:44.736000,16,1083.2441666666682,0 days 00:01:05.436000,11578.0,252.0,6,100.0,False,0,car,3646.812777777777,0.8620375589844673,OnTrack,-149.38394075445203,-1451.6771088940147,539.5732941012625
2026-08-22 14:39:20.579,0 days 00:52:44.815000,16,1081.3569429155573,0 days 00:01:05.515000,11229.271146057143,253.41071542857142,6,100.0,False,0,pos,3652.410128995003,0.8633606669349163,OnTrack,-204.0,-1429.0,543.0
2026-08-22 14:39:20.659,0 days 00:52:44.895000,16,1079.4458318044465,0 days 00:01:05.595000,10876.128288914286,254.83928685714287,6,100.0,False,0,pos,3658.1119797313704,0.8647084765950181,OnTrack,-256.0,-1405.0,548.0
2026-08-22 14:39:20.780,0 days 00:52:45.016000,16,1076.5552777777802,0 days 00:01:05.716000,10342.0,257.0,7,100.0,False,0,car,3666.801666666665,0.8667625542158071,OnTrack,-332.1339735244286,-1365.755112280913,552.1142124955604
2026-08-22 14:39:20.940,0 days 00:52:45.176000,16,1072.5997222222236,0 days 00:01:05.876000,10429.0,261.0,7,100.0,False,0,car,3678.4016666666657,0.8695045747947505,OnTrack,-429.6041555554608,-1307.4842192834947,553.6485192216603
2026-08-22 14:39:20.959,0 days 00:52:45.195000,16,1072.1299984177792,0 days 00:01:05.895000,10440.128608914285,261.13571474285715,7,100.0,False,0,pos,3679.783208310328,0.8698311451066116,OnTrack,-441.0,-1300.0,554.0
2026-08-22 14:39:21.119,0 days 00:52:45.355000,16,1068.1744428622237,0 days 00:01:06.055000,10533.842894628571,262.2785718857143,7,100.0,False,0,pos,3691.441818438689,0.872587020011253,OnTrack,-535.0,-1232.0,558.0
2026-08-22 14:39:21.220,0 days 00:52:45.456000,16,1065.6775000000016,0 days 00:01:06.156000,10593.0,263.0,7,100.0,False,0,car,3698.8572222222215,0.8743398811988066,OnTrack,-591.2818393379912,-1184.0161249058547,559.9921632549642
2026-08-22 14:39:21.339,0 days 00:52:45.575000,16,1062.4049982400015,0 days 00:01:06.275000,10660.884127418181,264.6227281454546,7,100.0,False,0,pos,3707.669138845675,0.8764228516058273,OnTrack,-654.0,-1124.0,562.0
2026-08-22 14:39:21.539,0 days 00:52:45.775000,16,1056.9049982400013,0 days 00:01:06.475000,10774.975036509091,267.35000087272726,7,100.0,False,0,pos,3722.6397621976553,0.8799616237877875,OnTrack,-753.0,-1013.0,566.0
2026-08-22 14:39:21.660,0 days 00:52:45.896000,16,1053.5775000000012,0 days 00:01:06.596000,10844.0,269.0,7,100.0,False,0,car,3731.734999999999,0.8821115659623057,OnTrack,-817.190680174458,-922.7550126311091,568.5068867404611
2026-08-22 14:39:21.819,0 days 00:52:46.055000,16,1048.8516647644458,0 days 00:01:06.755000,10884.191682844445,270.3250005333333,7,100.0,False,0,pos,3743.7143338038263,0.884943253877144,OnTrack,-893.0,-801.0,572.0
2026-08-22 14:39:22.020,0 days 00:52:46.256000,16,1042.8775000000014,0 days 00:01:06.956000,10935.0,272.0,7,100.0,False,0,car,3758.934999999999,0.8885411314577587,OnTrack,-945.4300006871189,-693.932858651988,576.8504413240703
2026-08-22 14:39:22.099,0 days 00:52:46.335000,16,1040.4197202311127,0 days 00:01:07.035000,10961.991688533333,272.9875008,7,100.0,False,0,pos,3764.9526587706932,0.8899635921634744,OnTrack,-961.0,-650.0,578.0
2026-08-22 14:39:22.260,0 days 00:52:46.496000,16,1035.4108333333352,0 days 00:01:07.196000,11017.0,275.0,7,100.0,False,0,car,3777.268333333332,0.8928747846716057,OnTrack,-992.3868364845839,-540.6421099103118,578.1178436763856
2026-08-22 14:39:22.420,0 days 00:52:46.656000,16,1030.2108333333347,0 days 00:01:07.356000,11061.0,276.0,7,100.0,False,0,pos,3789.5546251001783,0.8957790316426051,OnTrack,-1013.0,-418.0,577.0
2026-08-22 14:39:22.580,0 days 00:52:46.816000,16,1025.0108333333342,0 days 00:01:07.516000,11105.0,277.0,7,100.0,False,0,car,3801.890555555555,0.8986950122606271,OnTrack,-1013.5048552314353,-293.7765386712237,576.1014659645905
2026-08-22 14:39:22.640,0 days 00:52:46.876000,16,1022.910833333334,0 days 00:01:07.576000,11121.92857142857,277.42857142857144,7,100.0,False,0,pos,3806.530324033955,0.8997917657648775,OnTrack,-1010.0,-247.0,575.0
2026-08-22 14:39:22.820,0 days 00:52:47.056000,16,1016.6108333333336,0 days 00:01:07.756000,11172.714285714286,278.7142857142857,7,100.0,False,0,pos,3820.48629187501,0.9030906925768813,OnTrack,-990.0,-107.0,569.0
2026-08-22 14:39:22.860,0 days 00:52:47.096000,16,1015.2108333333335,0 days 00:01:07.796000,11184.0,279.0,7,100.0,False,0,car,3823.590555555555,0.9038244817919262,OnTrack,-983.5209584571782,-76.32742453612006,567.9941112864025
2026-08-22 14:39:23.060,0 days 00:52:47.296000,16,1007.9330555555571,0 days 00:01:07.996000,11249.0,280.0,7,100.0,False,0,pos,3839.14611111111,0.9075015208824628,OnTrack,-940.0,73.0,565.0
2026-08-22 14:39:23.220,0 days 00:52:47.456000,16,1001.4886111111126,0 days 00:01:08.156000,11310.0,281.6666666666667,7,100.0,False,0,pos,3851.724871357645,0.9104749018698414,OnTrack,-892.0,190.0,562.0
2026-08-22 14:39:23.520,0 days 00:52:47.756000,16,989.4052777777791,0 days 00:01:08.456000,11424.375,284.7916666666667,7,100.0,False,0,pos,3875.555552123233,0.9161080240310026,OnTrack,-779.0,458.0,558.0
2026-08-22 14:39:23.540,0 days 00:52:47.776000,16,988.5997222222236,0 days 00:01:08.476000,11432.0,285.0,7,100.0,False,0,car,3877.1461111111103,0.916484002089346,OnTrack,-772.4904452777721,473.9947166971861,557.7407820283368
2026-08-22 14:39:23.680,0 days 00:52:47.916000,16,982.7663888888901,0 days 00:01:08.616000,11475.4,286.4,7,100.0,False,0,pos,3888.2880537899327,0.9191177465819957,OnTrack,-732.0,576.0,556.0
2026-08-22 14:39:23.740,0 days 00:52:47.976000,16,980.2663888888901,0 days 00:01:08.676000,11494.0,287.0,7,100.0,False,0,car,3893.090555555555,0.9202529671571464,OnTrack,-715.8520348687135,617.42680557596,555.4831903991931
2026-08-22 14:39:23.940,0 days 00:52:48.176000,16,971.5441666666675,0 days 00:01:08.876000,11650.0,291.0,7,100.0,False,0,pos,3909.257222222222,0.9240744613548116,OnTrack,-657.0,770.0,554.0
2026-08-22 14:39:24.120,0 days 00:52:48.356000,16,963.4441666666672,0 days 00:01:09.056000,11761.857142857143,292.92857142857144,7,100.0,False,0,pos,3923.9131002345644,0.9275388336920809,OnTrack,-581.0,966.0,551.0
2026-08-22 14:39:24.220,0 days 00:52:48.456000,16,958.9441666666671,0 days 00:01:09.156000,11824.0,294.0,7,100.0,False,0,car,3932.123888888889,0.9294797088179009,OnTrack,-541.7130064634489,1067.5227791828327,549.3706977602563
2026-08-22 14:39:24.460,0 days 00:52:48.696000,16,947.5441666666679,0 days 00:01:09.396000,11963.0,299.0,7,100.0,False,0,car,3952.0572222222218,0.9341915717667746,OnTrack,-465.85946981625165,1264.322449371541,546.0963785251096
2026-08-22 14:39:24.559,0 days 00:52:48.795000,16,942.7866635911118,0 days 00:01:09.495000,11383.8496256,299.99000064,7,100.0,False,0,pos,3960.316638221414,0.9361439414771054,OnTrack,-444.0,1321.0,545.0
2026-08-22 14:39:24.660,0 days 00:52:48.896000,16,937.9330555555557,0 days 00:01:09.596000,10793.0,301.0,8,100.0,False,0,car,3968.7794444444444,0.9381443887891018,OnTrack,-427.6767927730765,1363.2199723215563,544.0333282477521
2026-08-22 14:39:24.779,0 days 00:52:49.015000,16,932.0491635022224,0 days 00:01:09.715000,10831.6750208,302.70000091428574,8,100.0,False,0,pos,3978.8291217586275,0.9405199424104146,OnTrack,-408.0,1414.0,543.0
2026-08-22 14:39:24.940,0 days 00:52:49.176000,16,924.0886111111113,0 days 00:01:09.876000,10884.0,305.0,8,100.0,False,0,car,3992.5016666666666,0.9437518734021706,OnTrack,-364.27298044506506,1526.8860908034146,541.6019586926409
2026-08-22 14:39:25.139,0 days 00:52:49.375000,16,914.1938857066679,0 days 00:01:10.075000,10974.54502912,305.99500032,8,100.0,False,0,pos,4009.416439562855,0.9477502057616102,OnTrack,-298.0,1698.0,540.0
2026-08-22 14:39:25.140,0 days 00:52:49.376000,16,914.1441666666678,0 days 00:01:10.076000,10975.0,306.0,8,100.0,False,0,car,4009.5016666666656,0.9477703518368286,OnTrack,-297.68299108197317,1698.818516729437,539.9927259106609
2026-08-22 14:39:25.299,0 days 00:52:49.535000,16,906.1941634666675,0 days 00:01:10.235000,11029.325021866667,307.3250005333333,8,100.0,False,0,pos,4023.0922071040486,0.9509828985228859,OnTrack,-249.0,1825.0,539.0
2026-08-22 14:39:25.380,0 days 00:52:49.616000,16,902.1441666666674,0 days 00:01:10.316000,11057.0,308.0,8,100.0,False,0,car,4030.035,0.9526240434363376,OnTrack,-224.77457400548406,1889.017226855469,538.7339134672227
2026-08-22 14:39:25.541,0 days 00:52:49.777000,16,894.0941666666668,0 days 00:01:10.477000,11068.0,309.0,8,100.0,False,0,car,4043.8541666666665,0.9558906330383933,OnTrack,-176.1326604444901,2017.9442799138633,538.2935873779352
2026-08-22 14:39:25.579,0 days 00:52:49.815000,16,892.204715857778,0 days 00:01:10.515000,11074.6500224,309.0,8,100.0,False,0,pos,4047.115318735475,0.9566615077007843,OnTrack,-164.0,2049.0,538.0
2026-08-22 14:39:25.679,0 days 00:52:49.915000,16,887.2324936355561,0 days 00:01:10.615000,11092.1500224,309.0,8,100.0,False,0,pos,4055.6941589850126,0.9586893832617928,OnTrack,-131.0,2132.0,537.0
2026-08-22 14:39:25.781,0 days 00:52:50.017000,16,882.1608333333343,0 days 00:01:10.717000,11110.0,309.0,8,100.0,False,0,car,4064.454166666666,0.9607600833768613,OnTrack,-97.42628089959892,2218.781013517087,536.6968157828029
2026-08-22 14:39:25.919,0 days 00:52:50.155000,16,875.375829222113,0 days 00:01:10.855000,11112.080403270624,309.69346775687467,8,100.0,False,0,pos,4076.332667517019,0.9635679362888151,OnTrack,-53.0,2336.0,537.0
2026-08-22 14:39:25.980,0 days 00:52:50.216000,16,872.3766666666679,0 days 00:01:10.916000,11113.0,310.0,8,100.0,False,0,car,4081.590277777777,0.9648107359035616,OnTrack,-33.90303215374286,2386.035308704057,537.0496824728713
2026-08-22 14:39:26.159,0 days 00:52:50.395000,16,863.5758301866678,0 days 00:01:11.095000,11144.3250112,310.44750016,8,100.0,False,0,pos,4097.037046051727,0.9684620597385046,OnTrack,21.0,2529.0,537.0
2026-08-22 14:39:26.359,0 days 00:52:50.595000,16,853.7424968533343,0 days 00:01:11.295000,11179.3250112,310.94750016,8,100.0,False,0,pos,4114.328326591115,0.9725493913829255,OnTrack,83.0,2690.0,537.0
2026-08-22 14:39:26.380,0 days 00:52:50.616000,16,852.710000000001,0 days 00:01:11.316000,11183.0,311.0,8,100.0,False,0,car,4116.145833333333,0.9729790155975402,OnTrack,89.5945133586218,2706.9637988958143,537.0006424709608
2026-08-22 14:39:26.579,0 days 00:52:50.815000,16,842.7599968000001,0 days 00:01:11.515000,11158.124992,311.99500032,8,100.0,False,0,pos,4133.392343353044,0.9770557643379711,OnTrack,152.0,2867.0,537.0
2026-08-22 14:39:26.580,0 days 00:52:50.816000,16,842.71,0 days 00:01:11.516000,11158.0,312.0,8,100.0,False,0,car,4133.479166666667,0.9770762877269957,OnTrack,152.30462574338907,2867.7916060446705,536.999996128578
2026-08-22 14:39:26.679,0 days 00:52:50.915000,16,837.6774967466673,0 days 00:01:11.615000,11175.9437616,312.6187504,8,100.0,False,0,pos,4142.084292106052,0.9791103766096837,OnTrack,183.0,2948.0,537.0
2026-08-22 14:39:26.740,0 days 00:52:50.976000,16,834.5766666666677,0 days 00:01:11.676000,11187.0,313.0,8,100.0,False,0,car,4147.390277777778,0.980364611256533,OnTrack,205.09149323787526,3005.3467053752206,537.0000436441974
2026-08-22 14:39:26.900,0 days 00:52:51.136000,16,826.354444444446,0 days 00:01:11.836000,11229.0,313.0,8,100.0,False,0,car,4161.301388888888,0.9836529347860701,OnTrack,274.3166565461838,3183.4641414499347,537.0000203961874
2026-08-22 14:39:26.979,0 days 00:52:51.215000,16,822.2288855466682,0 days 00:01:11.915000,11170.2437024,312.5062496,8,100.0,False,0,pos,4168.153464124166,0.9852726357605183,OnTrack,308.0,3270.0,537.0
2026-08-22 14:39:27.060,0 days 00:52:51.296000,16,817.9988888888902,0 days 00:01:11.996000,11110.0,312.0,8,100.0,False,0,car,4175.168055555555,0.9869307524896345,OnTrack,340.7696553213159,3354.216820971951,536.9999870956564
2026-08-22 14:39:27.420,0 days 00:52:51.656000,16,799.0988888888896,0 days 00:01:12.356000,11137.0,311.0,8,100.0,False,0,car,4206.268055555555,0.9942822042142151,OnTrack,461.90752048542623,3664.559081777157,536.9999984732754
2026-08-22 14:39:27.459,0 days 00:52:51.695000,16,799.0988888888896,0 days 00:01:12.395000,11132.960707657143,311.0,8,100.0,False,0,pos,4209.63626238098,0.9950783845960642,OnTrack,472.0,3690.0,537.0
2026-08-22 14:39:27.691,0 days 00:52:51.927000,16,799.0988888888896,0 days 00:01:12.627000,11108.932136228572,311.0,8,100.0,False,0,interpolation,4229.679199426065,0.999816155789175,OnTrack,519.0063727754085,3805.90622845828,537.000002225914
