Date,SessionTime,DriverAhead,DistanceToDriverAhead,Time,RPM,Speed,nGear,Throttle,Brake,DRS,Source,Distance,RelativeDistance,Status,X,Y,Z,SessionTime_seconds,Time_seconds
2026-07-26 14:26:01.848,0 days 02:16:51.506000,,327.15583333333336,0 days 00:00:00,10164.0,231.0,5,100.0,True,0,interpolation,-0.18244972233777842,-4.0855616795352234e-05,OnTrack,-1256.8838529558961,-293.7569859051813,2104.7533318471064,8211.506,0.0
2026-07-26 14:26:02.023,0 days 02:16:51.681000,,327.15583333333336,0 days 00:00:00.175000,10164.0,231.0,5,100.0,True,0,pos,11.198279600537315,0.0025076092978631886,OnTrack,-1305.0,-254.0,2088.0,8211.681,0.175
2026-07-26 14:26:02.034,0 days 02:16:51.692000,,327.15583333333336,0 days 00:00:00.186000,10164.0,231.0,5,100.0,True,0,car,11.935000000000002,0.0026725816855440133,OnTrack,-1306.3153324026025,-252.9131787351278,2086.1038345441125,8211.692,0.186
2026-07-26 14:26:02.243,0 days 02:16:51.901000,,327.15583333333336,0 days 00:00:00.395000,10404.3502208,245.80418026666666,5,100.0,True,0,pos,26.31963511764201,0.005893705470097283,OnTrack,-1305.0,-254.0,2045.0,8211.901,0.395
2026-07-26 14:26:02.274,0 days 02:16:51.932000,43,327.15583333333336,0 days 00:00:00.426000,10440.0,248.0,5,100.0,True,0,car,28.468333333333334,0.006374859345172083,OnTrack,-1304.5778399110898,-254.34881871766103,2042.7010704970962,8211.932,0.426
2026-07-26 14:26:02.403,0 days 02:16:52.061000,43,324.5399961066667,0 days 00:00:00.555000,10440.0,248.0,5,100.0,True,0,pos,37.38175312004271,0.00837082436214109,OnTrack,-1305.0,-254.0,2043.0,8212.061,0.555
2026-07-26 14:26:02.583,0 days 02:16:52.241000,43,320.8899961066667,0 days 00:00:00.735000,10440.0,248.0,5,100.0,True,0,pos,49.76265547273186,0.01114325610728611,OnTrack,-1305.0,-254.0,2042.0,8212.241,0.735
2026-07-26 14:26:02.674,0 days 02:16:52.332000,43,319.0447222222222,0 days 00:00:00.826000,10440.0,248.0,5,100.0,True,0,car,56.02388888888889,0.012545322111218867,OnTrack,-1304.9687602238218,-254.02581254370892,2041.6751747347146,8212.332,0.826
2026-07-26 14:26:02.842,0 days 02:16:52.500000,43,315.6380555555555,0 days 00:00:00.994000,10440.0,248.0,5,100.0,True,0,pos,67.5938783311187,0.015136167681829755,OnTrack,-1305.0,-254.0,2042.0,8212.5,0.994
2026-07-26 14:26:03.034,0 days 02:16:52.692000,43,311.7447222222222,0 days 00:00:01.186000,10440.0,248.0,5,100.0,True,0,car,80.82388888888889,0.01809873860066097,OnTrack,-1305.0004998791478,-253.9995868693675,2042.9528253124772,8212.692,1.186
2026-07-26 14:26:03.062,0 days 02:16:52.720000,43,311.099161024293,0 days 00:00:01.214000,10509.384254235269,248.0,5,100.0,True,0,pos,82.75292464189492,0.01853070388128464,OnTrack,-1305.0,-254.0,2043.0,8212.72,1.214
2026-07-26 14:26:03.193,0 days 02:16:52.851000,43,308.07888888888886,0 days 00:00:01.345000,10834.0,248.0,5,100.0,True,0,car,91.77722222222222,0.020551497550164565,OnTrack,-1305.00012504516,-253.99989712974113,2042.8912424355613,8212.851,1.345
2026-07-26 14:26:03.222,0 days 02:16:52.880000,43,307.4102733511111,0 days 00:00:01.374000,10834.0,248.0,5,100.0,True,0,pos,93.77502653992596,0.020998862043737736,OnTrack,-1305.0,-254.0,2043.0,8212.88,1.374
2026-07-26 14:26:03.462,0 days 02:16:53.120000,43,301.8769400177777,0 days 00:00:01.614000,10834.0,248.0,5,100.0,True,0,pos,110.30881090947476,0.024701240703041465,OnTrack,-1305.0,-254.0,2046.0,8213.12,1.614
2026-07-26 14:26:03.513,0 days 02:16:53.171000,43,300.70111111111106,0 days 00:00:01.665000,10834.0,248.0,6,100.0,False,0,car,113.82166666666667,0.025487867763001996,OnTrack,-1305.0051738149446,-253.99573500961745,2046.363767323455,8213.171,1.665
2026-07-26 14:26:03.722,0 days 02:16:53.380000,43,295.8825014755555,0 days 00:00:01.874000,10834.0,248.0,6,100.0,False,0,pos,128.21537849643826,0.028711024078313746,OnTrack,-1305.0,-254.0,2047.0,8213.38,1.874
2026-07-26 14:26:03.833,0 days 02:16:53.491000,43,293.32333333333327,0 days 00:00:01.985000,10834.0,248.0,6,100.0,False,0,car,135.8661111111111,0.03042423797583942,OnTrack,-1304.9150967269668,-254.0699899521175,2048.217024729962,8213.491,1.985
2026-07-26 14:26:04.022,0 days 02:16:53.680000,43,288.96582890666656,0 days 00:00:02.174000,10834.0,248.0,6,100.0,False,0,pos,148.89932611907244,0.03334274084421267,OnTrack,-1305.0,-254.0,2052.0,8213.68,2.174
2026-07-26 14:26:04.073,0 days 02:16:53.731000,43,287.7899999999999,0 days 00:00:02.225000,10834.0,248.0,6,100.0,False,0,car,152.39944444444444,0.03412651563546749,OnTrack,-1305.1892242522645,-253.8440131009885,2053.3739535080094,8213.731,2.225
2026-07-26 14:26:04.233,0 days 02:16:53.891000,43,284.101111111111,0 days 00:00:02.385000,10834.0,248.0,6,100.0,False,0,car,163.42166666666665,0.0365947007418862,OnTrack,-1305.7600213760795,-253.37347682928788,2058.2987808560656,8213.891,2.385
2026-07-26 14:26:04.302,0 days 02:16:53.960000,43,282.20360583111096,0 days 00:00:02.454000,10834.0,252.6000128,6,100.0,False,0,pos,168.37359317686585,0.0377035761586703,OnTrack,-1305.0,-254.0,2060.0,8213.96,2.454
2026-07-26 14:26:04.473,0 days 02:16:54.131000,43,277.50111111111096,0 days 00:00:02.625000,10834.0,264.0,6,100.0,False,0,car,181.02166666666668,0.04053583502471608,OnTrack,-1299.6889398295086,-258.3781693059387,2062.501010692697,8214.131,2.625
2026-07-26 14:26:04.622,0 days 02:16:54.280000,43,273.40360583111107,0 days 00:00:02.774000,10834.0,264.0,6,100.0,False,0,pos,191.95393899821767,0.04298387782443814,OnTrack,-1305.0,-254.0,2065.0,8214.28,2.774
2026-07-26 14:26:04.673,0 days 02:16:54.331000,43,272.0011111111111,0 days 00:00:02.825000,10834.0,264.0,6,100.0,False,0,car,195.68833333333336,0.04382011359374099,OnTrack,-1311.5766827519792,-248.57851546832651,2066.3610369986727,8214.331,2.825
2026-07-26 14:26:04.842,0 days 02:16:54.500000,43,267.35361287111107,0 days 00:00:02.994000,10834.0,264.0,6,100.0,False,0,pos,208.07652736506728,0.046594178150605486,OnTrack,-1305.0,-254.0,2072.0,8214.5,2.994
2026-07-26 14:26:05.022,0 days 02:16:54.680000,43,262.4036058311111,0 days 00:00:03.174000,10834.0,264.0,6,100.0,False,0,pos,221.28151415060245,0.049551145544059365,OnTrack,-1305.0,-254.0,2078.0,8214.68,3.174
2026-07-26 14:26:05.033,0 days 02:16:54.691000,43,262.1011111111111,0 days 00:00:03.185000,10834.0,264.0,6,100.0,False,0,car,222.08833333333334,0.049731815017985806,OnTrack,-1337.9013183307316,-226.8778177191204,2078.420083246366,8214.691,3.185
2026-07-26 14:26:05.313,0 days 02:16:54.971000,43,254.40111111111105,0 days 00:00:03.465000,10474.0,264.0,6,100.0,True,0,car,242.62166666666667,0.05432980501462067,OnTrack,-3287.7794557451284,1380.4763304130208,2090.8558037378434,8214.971,3.465
2026-07-26 14:26:05.342,0 days 02:16:55,43,253.60360583111105,0 days 00:00:03.494000,10474.0,264.0,6,100.0,True,0,pos,244.7481721489413,0.05480598931341716,OnTrack,-3434.0,1501.0,2092.0,8215.0,3.494
2026-07-26 14:26:05.682,0 days 02:16:55.340000,43,244.25361287111105,0 days 00:00:03.834000,10474.0,264.0,6,100.0,True,0,pos,269.6810459165612,0.060389159971089686,OnTrack,-3666.0,1692.0,2103.0,8215.34,3.834
2026-07-26 14:26:05.713,0 days 02:16:55.371000,43,243.40111111111105,0 days 00:00:03.865000,10474.0,264.0,6,100.0,True,0,car,271.95500000000004,0.06089836215267048,OnTrack,-3658.547743447853,1685.8469668664961,2104.181802453765,8215.371,3.865
2026-07-26 14:26:05.962,0 days 02:16:55.620000,43,236.55361287111103,0 days 00:00:04.114000,10474.0,264.0,6,100.0,True,0,pos,290.22063390438893,0.06498855056052315,OnTrack,-3666.0,1692.0,2115.0,8215.62,4.114
2026-07-26 14:26:06.033,0 days 02:16:55.691000,43,234.60111111111104,0 days 00:00:04.185000,10474.0,264.0,6,100.0,True,0,car,295.4216666666667,0.06615320786311031,OnTrack,-3666.990820196535,1692.8180810552935,2117.9970023491574,8215.691,4.185
2026-07-26 14:26:06.123,0 days 02:16:55.781000,43,231.20110492400022,0 days 00:00:04.275000,10505.304404791814,264.0,6,100.0,True,0,pos,302.0076392754754,0.067627992092335,OnTrack,-3666.0,1692.0,2122.0,8215.781,4.275
2026-07-26 14:26:06.194,0 days 02:16:55.852000,43,228.5188888888888,0 days 00:00:04.346000,10530.0,264.0,6,100.0,True,0,car,307.22833333333335,0.06879705211117536,OnTrack,-3665.68918552307,1691.7433724926145,2125.6530358680398,8215.852,4.346
2026-07-26 14:26:06.363,0 days 02:16:56.021000,43,221.75888120888882,0 days 00:00:04.515000,10502.235682742858,267.01786057142857,6,100.0,True,0,pos,319.8287393306874,0.07161863688695647,OnTrack,-3666.0,1692.0,2135.0,8216.021,4.515
2026-07-26 14:26:06.474,0 days 02:16:56.132000,43,217.31888888888886,0 days 00:00:04.626000,10484.0,269.0,7,100.0,False,0,car,328.15055555555557,0.07348212525168588,OnTrack,-3666.097722916445,1692.0806894159757,2140.2037097250713,8216.132,4.626
2026-07-26 14:26:06.743,0 days 02:16:56.401000,43,206.5588812088889,0 days 00:00:04.895000,10484.0,269.0,7,100.0,False,0,pos,348.26056850957747,0.07798532192675682,OnTrack,-3666.0,1692.0,2150.0,8216.401,4.895
2026-07-26 14:26:06.834,0 days 02:16:56.492000,43,202.9188888888889,0 days 00:00:04.986000,10484.0,269.0,7,100.0,False,0,car,355.05055555555555,0.07950579071805654,OnTrack,-3666.0031849279144,1692.0026123342986,2152.763359777253,8216.492,4.986
2026-07-26 14:26:06.943,0 days 02:16:56.601000,43,198.52860337777776,0 days 00:00:05.095000,10484.0,269.0,7,100.0,False,0,pos,363.1770215910183,0.0813255346891142,OnTrack,-3666.0,1692.0,2157.0,8216.601,5.095
2026-07-26 14:26:07.083,0 days 02:16:56.741000,43,192.88971448888887,0 days 00:00:05.235000,10484.0,269.0,7,100.0,False,0,pos,373.6270163369062,0.08366558199300121,OnTrack,-3666.0,1692.0,2165.0,8216.741,5.235
2026-07-26 14:26:07.154,0 days 02:16:56.812000,43,190.02999999999997,0 days 00:00:05.306000,10484.0,269.0,7,100.0,False,0,car,378.9616666666667,0.08486016002149714,OnTrack,-3666.1998369190073,1692.1646136909408,2167.402954106282,8216.812,5.306
2026-07-26 14:26:07.423,0 days 02:16:57.081000,43,178.89638094222212,0 days 00:00:05.575000,10530.463669527273,272.05682036363635,7,100.0,False,0,pos,399.4028149466698,0.08943750719574316,OnTrack,-3666.0,1692.0,2168.0,8217.081,5.575
2026-07-26 14:26:07.594,0 days 02:16:57.252000,43,171.81888888888875,0 days 00:00:05.746000,10560.0,274.0,7,100.0,False,0,car,412.45055555555564,0.09235926275410401,OnTrack,-3661.2255776940615,1688.0671022577842,2170.178837426335,8217.252,5.746
2026-07-26 14:26:07.763,0 days 02:16:57.421000,43,164.8241587199999,0 days 00:00:05.915000,10560.0,274.0,7,100.0,False,0,pos,425.31443997729303,0.09523984774869891,OnTrack,-3666.0,1692.0,2173.0,8217.421,5.915
2026-07-26 14:26:07.794,0 days 02:16:57.452000,43,163.54111111111104,0 days 00:00:05.946000,10560.0,274.0,7,100.0,False,0,car,427.6727777777778,0.09576794581437985,OnTrack,-3669.334311585117,1694.746616441232,2173.4155236683127,8217.452,5.946
2026-07-26 14:26:07.983,0 days 02:16:57.641000,43,155.71860316444435,0 days 00:00:06.135000,10560.0,274.0,7,100.0,False,0,pos,442.0491678910761,0.09898722331090577,OnTrack,-3666.0,1692.0,2175.0,8217.641,6.135
2026-07-26 14:26:08.063,0 days 02:16:57.721000,43,152.40749205333324,0 days 00:00:06.215000,10560.0,274.0,7,100.0,False,0,pos,448.1380620675905,0.10035069771906398,OnTrack,-3666.0,1692.0,2175.0,8217.721,6.215
2026-07-26 14:26:08.154,0 days 02:16:57.812000,43,148.641111111111,0 days 00:00:06.306000,10560.0,274.0,7,100.0,False,0,car,455.07277777777784,0.10190357532287637,OnTrack,-4097.35630821013,2047.326819603433,2175.234569055819,8217.812,6.306
2026-07-26 14:26:08.323,0 days 02:16:57.981000,43,141.64638094222212,0 days 00:00:06.475000,10560.0,274.46944497777775,7,100.0,False,0,pos,467.97589874612976,0.10479294648218734,OnTrack,-5317.0,3052.0,2176.0,8217.981,6.475
2026-07-26 14:26:08.503,0 days 02:16:58.161000,43,134.19638094222213,0 days 00:00:06.655000,10560.0,274.96944497777775,7,100.0,False,0,pos,481.7324971522862,0.10787343520909791,OnTrack,-5317.0,3052.0,2176.0,8218.161,6.655
2026-07-26 14:26:08.514,0 days 02:16:58.172000,43,133.74111111111102,0 days 00:00:06.666000,10560.0,275.0,7,100.0,False,0,car,482.57277777777784,0.10806159763979806,OnTrack,-5310.899823756576,3046.975021386396,2175.991035188224,8218.172,6.666
2026-07-26 14:26:08.703,0 days 02:16:58.361000,43,125.9186031644444,0 days 00:00:06.855000,10560.0,275.0,7,100.0,False,0,pos,497.00418643535164,0.11129319533354194,OnTrack,-5317.0,3052.0,2176.0,8218.361,6.855
2026-07-26 14:26:08.834,0 days 02:16:58.492000,43,120.49666666666667,0 days 00:00:06.986000,10560.0,275.0,7,100.0,False,0,car,507.01722222222224,0.11353539525483955,OnTrack,-5319.525531463817,3054.0803893342168,2176.6473232890703,8218.492,6.986
2026-07-26 14:26:08.923,0 days 02:16:58.581000,43,116.78832533333332,0 days 00:00:07.075000,10574.4625312,275.22250048,7,100.0,False,0,pos,513.8310449310391,0.11506120152045562,OnTrack,-5317.0,3052.0,2177.0,8218.581,7.075
2026-07-26 14:26:09.103,0 days 02:16:58.761000,43,109.28832533333329,0 days 00:00:07.255000,10603.7125312,275.67250048,7,100.0,False,0,pos,527.635842941912,0.11815248349251206,OnTrack,-5317.0,3052.0,2177.0,8218.761,7.255
2026-07-26 14:26:09.234,0 days 02:16:58.892000,43,103.82999999999993,0 days 00:00:07.386000,10625.0,276.0,7,100.0,False,0,car,537.683888888889,0.12040252317189164,OnTrack,-5317.171802811843,3052.141521395582,2177.420014300495,8218.892,7.386
2026-07-26 14:26:09.402,0 days 02:16:59.060000,43,96.87666666666664,0 days 00:00:07.554000,10618.0,276.0,7,100.0,False,0,pos,550.5642344370333,0.12328679427498748,OnTrack,-5317.0,3052.0,2178.0,8219.06,7.554
2026-07-26 14:26:09.474,0 days 02:16:59.132000,43,93.89666666666665,0 days 00:00:07.626000,10615.0,276.0,7,100.0,False,0,car,556.083888888889,0.12452279992212287,OnTrack,-5316.988355043802,3051.9904075466807,2177.94963350747,8219.132,7.626
2026-07-26 14:26:09.562,0 days 02:16:59.220000,43,90.25444444444446,0 days 00:00:07.714000,10615.0,276.0,7,100.0,False,0,pos,562.8304490280244,0.12603354420936833,OnTrack,-5317.0,3052.0,2178.0,8219.22,7.714
2026-07-26 14:26:09.674,0 days 02:16:59.332000,43,85.61888888888893,0 days 00:00:07.826000,10615.0,276.0,7,100.0,False,0,car,571.4172222222222,0.12795636388064888,OnTrack,-5317.0045607997945,3052.0037569277524,2178.923837472347,8219.332,7.826
2026-07-26 14:26:09.842,0 days 02:16:59.500000,43,78.66555741753557,0 days 00:00:07.994000,10615.0,276.0,7,100.0,False,0,pos,584.2972284034087,0.13084055898995198,OnTrack,-5317.0,3052.0,2181.0,8219.5,7.994
2026-07-26 14:26:09.913,0 days 02:16:59.571000,43,75.72694444444448,0 days 00:00:08.065000,10615.0,276.0,7,100.0,False,0,car,589.7405555555556,0.1320594728110875,OnTrack,-5316.999264819786,3051.9993944003104,2181.5775135498943,8219.571,8.065
2026-07-26 14:26:10.113,0 days 02:16:59.771000,43,67.44916666666666,0 days 00:00:08.265000,10615.0,276.0,7,100.0,False,0,car,605.073888888889,0.13549303676961355,OnTrack,-5316.999972611672,3051.999977439053,2182.905656202718,8219.771,8.265
2026-07-26 14:26:10.122,0 days 02:16:59.780000,43,67.07666931555555,0 days 00:00:08.274000,10615.0,276.0,7,100.0,False,0,pos,605.7638841327708,0.13564754608271878,OnTrack,-5317.0,3052.0,2183.0,8219.78,8.274
2026-07-26 14:26:10.313,0 days 02:16:59.971000,43,59.17138888888894,0 days 00:00:08.465000,10615.0,276.0,7,100.0,False,0,car,620.4072222222222,0.13892660072813956,OnTrack,-5317.0000960215875,3052.000079097066,2185.9322854574043,8219.971,8.465
2026-07-26 14:26:10.442,0 days 02:17:00.100000,43,53.83222487111118,0 days 00:00:08.594000,10615.0,276.0,7,100.0,False,0,pos,630.2972172473086,0.141141248367366,OnTrack,-5317.0,3052.0,2190.0,8220.1,8.594
2026-07-26 14:26:10.633,0 days 02:17:00.291000,43,45.92694444444453,0 days 00:00:08.785000,10615.0,276.0,7,100.0,False,0,car,644.9405555555555,0.14442030306178122,OnTrack,-5316.999999250639,3051.9999993827646,2198.719449191397,8220.291,8.785
2026-07-26 14:26:10.642,0 days 02:17:00.300000,43,45.55444709333342,0 days 00:00:08.794000,10615.0,276.0,7,100.0,False,0,pos,645.630550614299,0.1445748123334288,OnTrack,-5317.0,3052.0,2199.0,8220.3,8.794
2026-07-26 14:26:10.913,0 days 02:17:00.571000,43,34.3380555555558,0 days 00:00:09.065000,10615.0,276.0,7,100.0,False,0,car,666.4072222222221,0.14922729260371764,OnTrack,-5317.000000402621,3052.000000330687,2202.0515221016735,8220.571,9.065
2026-07-26 14:26:10.942,0 days 02:17:00.600000,43,33.13776983111135,0 days 00:00:09.094000,10615.0,276.0,7,100.0,False,0,pos,668.6305710506992,0.14972516284750179,OnTrack,-5317.0,3052.0,2203.0,8220.6,9.094
2026-07-26 14:26:11.153,0 days 02:17:00.811000,43,24.404722222222404,0 days 00:00:09.305000,10615.0,276.0,7,100.0,False,0,car,684.8072222222221,0.15334756935394886,OnTrack,-5316.999999977465,3051.999999983115,2211.229700400135,8220.811,9.305
2026-07-26 14:26:11.162,0 days 02:17:00.820000,43,24.049724746666847,0 days 00:00:09.314000,10614.05500672,276.0,7,100.0,False,0,pos,685.4972161152463,0.15350207836455912,OnTrack,-5317.0,3052.0,2211.0,8220.82,9.314
2026-07-26 14:26:11.353,0 days 02:17:01.011000,43,16.51583333333349,0 days 00:00:09.505000,10594.0,276.0,7,100.0,False,0,car,700.1405555555555,0.1567811333124749,OnTrack,-5317.000000098826,3052.0000000049026,2189.844898006554,8221.011,9.505
2026-07-26 14:26:11.482,0 days 02:17:01.140000,43,11.427502524444638,0 days 00:00:09.634000,10594.0,276.0,7,100.0,False,0,pos,710.0307172884061,0.15899581828225157,OnTrack,-5317.0,3052.0,2178.0,8221.14,9.634
2026-07-26 14:26:11.633,0 days 02:17:01.291000,43,5.471388888889123,0 days 00:00:09.785000,10594.0,276.0,7,100.0,False,0,car,721.607222222222,0.16158812285441132,OnTrack,-5316.999999935488,3052.000000162864,2180.903017182342,8221.291,9.785
2026-07-26 14:26:11.682,0 days 02:17:01.340000,43,25.000245326222462,0 days 00:00:09.834000,10594.0,276.0,7,100.0,False,0,pos,725.3635961713683,0.16242928047657665,OnTrack,-5317.0,3052.0,2183.0,8221.34,9.834
2026-07-26 14:26:11.833,0 days 02:17:01.491000,6,85.18111111111136,0 days 00:00:09.985000,10594.0,276.0,7,100.0,False,0,car,736.9405555555553,0.16502168681293736,OnTrack,-5317.000000549955,3051.9999985036893,2188.4478550565314,8221.491,9.985
2026-07-26 14:26:11.942,0 days 02:17:01.600000,6,80.69999210666691,0 days 00:00:10.094000,10594.0,276.0,7,100.0,False,0,pos,745.3017894340106,0.16689400189732026,OnTrack,-5317.0,3052.0,2192.0,8221.6,10.094
2026-07-26 14:26:12.073,0 days 02:17:01.731000,6,75.31444444444469,0 days 00:00:10.225000,10594.0,276.0,7,100.0,False,0,car,755.3405555555553,0.16914196356316857,OnTrack,-5316.999997190061,3052.0000076767506,2196.3387695070924,8221.731,10.225
2026-07-26 14:26:12.262,0 days 02:17:01.920000,6,67.59693660444472,0 days 00:00:10.414000,10388.93479168,275.05499904,7,5.499904000000004,False,0,pos,769.778354330054,0.17237499218355357,OnTrack,-5317.0,3052.0,2195.0,8221.92,10.414
2026-07-26 14:26:12.273,0 days 02:17:01.931000,6,67.14777777777806,0 days 00:00:10.425000,10377.0,275.0,7,0.0,False,0,car,770.6183333333331,0.17256308707256954,OnTrack,-5317.000000937255,3051.9999974387383,2194.27723609737,8221.931,10.425
2026-07-26 14:26:12.433,0 days 02:17:02.091000,6,60.61444444444453,0 days 00:00:10.585000,10377.0,275.0,7,0.0,True,0,car,782.8405555555554,0.1752999858800903,OnTrack,-5317.0000089800715,3051.9999754594587,2178.8247349215562,8222.091,10.585
2026-07-26 14:26:12.462,0 days 02:17:02.120000,6,59.430269701680736,0 days 00:00:10.614000,10377.0,275.0,7,0.0,True,0,pos,785.0568818488448,0.17579628358102323,OnTrack,-5317.0,3052.0,2177.0,8222.12,10.614
2026-07-26 14:26:12.723,0 days 02:17:02.381000,6,48.772770190154475,0 days 00:00:10.875000,10377.0,275.0,7,0.0,True,0,pos,804.9992121584207,0.18026193140276114,OnTrack,-5317.0,3052.0,2180.0,8222.381,10.875
2026-07-26 14:26:12.754,0 days 02:17:02.412000,6,47.506944444444684,0 days 00:00:10.906000,10377.0,275.0,7,0.0,True,0,car,807.3613888888887,0.1807908891126788,OnTrack,-5317.0000934555355,3051.999744606365,2180.6580321746505,8222.412,10.906
2026-07-26 14:26:13.074,0 days 02:17:02.732000,6,34.440277777777965,0 days 00:00:11.226000,10377.0,275.0,7,0.0,True,0,car,831.8058333333331,0.18626468672772029,OnTrack,-5317.0010315613135,3051.997180967431,2183.0258046331933,8222.732,11.226
2026-07-26 14:26:13.143,0 days 02:17:02.801000,6,31.622769937777978,0 days 00:00:11.295000,10377.0,275.0,7,0.0,True,0,pos,837.1924412094451,0.18747089951003315,OnTrack,-5317.0,3052.0,2184.0,8222.801,11.295
2026-07-26 14:26:13.283,0 days 02:17:02.941000,6,25.906103271111338,0 days 00:00:11.435000,10377.0,275.0,7,0.0,True,0,pos,847.9382694659636,0.18987719224521313,OnTrack,-5317.0,3052.0,2187.0,8222.941,11.435
2026-07-26 14:26:13.314,0 days 02:17:02.972000,6,24.64027777777801,0 days 00:00:11.466000,10377.0,275.0,7,0.0,True,0,car,850.1391666666664,0.1903700349390014,OnTrack,-5317.0031280671055,3051.991451673367,2187.6889409941587,8222.972,11.466
2026-07-26 14:26:13.554,0 days 02:17:03.212000,6,18.506944444444684,0 days 00:00:11.706000,10377.0,228.0,6,0.0,True,0,car,865.3391666666664,0.19377374181962723,OnTrack,-5317.0171576747925,3051.9531118088294,2193.173695906619,8223.212,11.706
2026-07-26 14:26:13.583,0 days 02:17:03.241000,6,17.765828426666914,0 days 00:00:11.735000,10377.0,228.0,6,0.0,True,0,pos,867.1547986133451,0.19418031280315318,OnTrack,-5317.0,3052.0,2194.0,8223.241,11.735
2026-07-26 14:26:13.714,0 days 02:17:03.372000,6,14.418055555555839,0 days 00:00:11.866000,10377.0,228.0,6,0.0,True,0,car,875.4724999999997,0.19604287974004442,OnTrack,-5316.864487644895,3052.370325774832,2198.2964381428997,8223.372,11.866
2026-07-26 14:26:13.803,0 days 02:17:03.461000,6,12.143606204444714,0 days 00:00:11.955000,10377.0,228.0,6,0.0,True,0,pos,881.1531668730099,0.1973149405901897,OnTrack,-5317.0,3052.0,2201.0,8223.461,11.955
2026-07-26 14:26:14.114,0 days 02:17:03.772000,6,4.195833333333553,0 days 00:00:12.266000,10377.0,228.0,6,0.0,True,0,car,900.8058333333331,0.20171572454108744,OnTrack,-5318.724768470319,3047.286583133457,2206.637133410039,8223.772,12.266
2026-07-26 14:26:14.203,0 days 02:17:03.861000,6,67.88562450107959,0 days 00:00:12.355000,10267.339049142856,224.18570605714285,6,0.0,True,0,pos,906.2126714861089,0.20292646745049753,OnTrack,-5317.0,3052.0,2209.0,8223.861,12.355
2026-07-26 14:26:14.394,0 days 02:17:04.052000,10,204.56777777777802,0 days 00:00:12.546000,10032.0,216.0,6,0.0,True,0,car,917.6058333333331,0.20547771635651596,OnTrack,-5312.278903613691,3064.9017289675476,2216.276149339865,8224.052,12.546
2026-07-26 14:26:14.443,0 days 02:17:04.101000,10,204.3499991466669,0 days 00:00:12.595000,10032.0,216.0,6,0.0,True,0,pos,920.5369345035648,0.20613407222631389,OnTrack,-5317.0,3052.0,2218.0,8224.101,12.595
2026-07-26 14:26:14.714,0 days 02:17:04.372000,10,203.1455555555558,0 days 00:00:12.866000,10032.0,216.0,5,0.0,True,0,car,936.8058333333331,0.20977713557414857,OnTrack,-5362.872213999878,2926.641222347443,2224.514673266957,8224.372,12.866
2026-07-26 14:26:14.783,0 days 02:17:04.441000,10,202.8388880355558,0 days 00:00:12.935000,10032.0,216.0,5,0.0,True,0,pos,940.9418553783678,0.21070330706711596,OnTrack,-5317.0,3052.0,2226.0,8224.441,12.935
2026-07-26 14:26:14.874,0 days 02:17:04.532000,10,202.4344444444447,0 days 00:00:13.026000,10032.0,216.0,5,0.0,True,0,car,946.4058333333331,0.21192684518296487,OnTrack,-5199.254862624964,3373.7718354711737,2228.071505884588,8224.532,13.026
2026-07-26 14:26:15.043,0 days 02:17:04.701000,10,201.68333248000033,0 days 00:00:13.195000,10032.0,216.0,5,0.0,True,0,pos,956.633747594866,0.2142171624294405,OnTrack,-4954.0,4044.0,2232.0,8224.701,13.195
2026-07-26 14:26:15.154,0 days 02:17:04.812000,10,201.1900000000004,0 days 00:00:13.306000,10032.0,216.0,5,0.0,True,0,car,963.2058333333331,0.21568883699839336,OnTrack,-4930.900300458887,4107.126451638533,2234.3606677474804,8224.812,13.306
2026-07-26 14:26:15.263,0 days 02:17:04.921000,10,200.58444337777814,0 days 00:00:13.415000,10184.6002688,208.5062368,5,0.0,True,0,pos,969.4389891222544,0.2170846156330489,OnTrack,-4954.0,4044.0,2237.0,8224.921,13.415
2026-07-26 14:26:15.314,0 days 02:17:04.972000,10,200.30111111111148,0 days 00:00:13.466000,10256.0,205.0,5,0.0,False,0,car,972.3169444444442,0.21772907065490885,OnTrack,-4957.878118186002,4033.4019469958157,2238.512119248237,8224.972,13.466
2026-07-26 14:26:15.463,0 days 02:17:05.121000,10,199.6388880355559,0 days 00:00:13.615000,10531.6503552,203.34444231111112,5,0.0,False,0,pos,980.6666754675155,0.21959880992692218,OnTrack,-4954.0,4044.0,2243.0,8225.121,13.615
2026-07-26 14:26:15.623,0 days 02:17:05.281000,10,198.9277769244448,0 days 00:00:13.775000,10827.6503552,201.56666453333332,5,0.0,False,0,pos,989.5744511195156,0.22159351106361846,OnTrack,-4954.0,4044.0,2246.0,8225.281,13.775
2026-07-26 14:26:15.674,0 days 02:17:05.332000,10,198.70111111111146,0 days 00:00:13.826000,10922.0,201.0,5,0.0,False,0,car,992.4169444444442,0.22223002514836795,OnTrack,-4954.125805646986,4043.656200545563,2247.557196313399,8225.332,13.826
2026-07-26 14:26:15.843,0 days 02:17:05.501000,10,197.94999914666695,0 days 00:00:13.995000,10922.0,201.0,5,0.0,False,0,pos,1001.8495743303067,0.22434225588816448,OnTrack,-4954.0,4044.0,2254.0,8225.501,13.995
2026-07-26 14:26:16.074,0 days 02:17:05.732000,10,196.92333333333352,0 days 00:00:14.226000,10922.0,201.0,5,0.0,False,0,car,1014.7502777777776,0.2272310856966559,OnTrack,-4953.980900814322,4044.0521939346945,2257.730605088267,8225.732,14.226
2026-07-26 14:26:16.182,0 days 02:17:05.840000,10,195.75333062245238,0 days 00:00:14.334000,10952.985893311845,200.90992472874464,5,6.035043174109455,False,0,pos,1020.7718350249904,0.22857948147523627,OnTrack,-4954.0,4044.0,2259.0,8225.84,14.334
2026-07-26 14:26:16.422,0 days 02:17:06.080000,10,193.15333076123468,0 days 00:00:14.574000,11021.843270787349,200.70975793375771,5,19.446218438233544,False,0,pos,1034.1296666103217,0.2315706751118963,OnTrack,-4954.0,4044.0,2263.0,8226.08,14.574
2026-07-26 14:26:17.182,0 days 02:17:06.840000,10,184.91999786737873,0 days 00:00:15.334000,11239.891632793107,200.07589641629912,5,61.91494010795983,False,0,pos,1076.3080864387312,0.24101560786083584,OnTrack,-4954.0,4044.0,2274.0,8226.84,15.334
2026-07-26 14:26:17.273,0 days 02:17:06.931000,10,183.9341666666669,0 days 00:00:15.425000,11266.0,200.0,4,67.0,True,0,car,1081.3613888888888,0.242147184197644,OnTrack,-4954.000177371287,4043.999513456473,2275.052959113318,8226.931,15.425
2026-07-26 14:26:17.513,0 days 02:17:07.171000,10,179.4008333333336,0 days 00:00:15.665000,11455.0,200.0,4,100.0,False,0,car,1094.694722222222,0.2451328919876666,OnTrack,-4954.000012227282,4043.999964656831,2277.6752299681825,8227.171,15.665
2026-07-26 14:26:17.542,0 days 02:17:07.200000,10,178.85305192888913,0 days 00:00:15.694000,11455.0,200.0,4,100.0,False,0,pos,1096.3064539462468,0.24549380398495516,OnTrack,-4954.0,4044.0,2278.0,8227.2,15.694
2026-07-26 14:26:17.722,0 days 02:17:07.380000,10,175.45305676444465,0 days 00:00:15.874000,11455.0,200.0,4,100.0,False,0,pos,1106.3131787078955,0.24773459069046516,OnTrack,-4954.0,4044.0,2280.0,8227.38,15.874
2026-07-26 14:26:17.913,0 days 02:17:07.571000,10,171.84527777777794,0 days 00:00:16.065000,11455.0,200.0,4,100.0,False,0,car,1116.9169444444444,0.2501090716377044,OnTrack,-4953.999960600682,4043.9999527249024,2281.644971843133,8227.571,16.065
2026-07-26 14:26:18.162,0 days 02:17:07.820000,10,167.14194565333352,0 days 00:00:16.314000,11517.249984,200.0,4,100.0,False,0,pos,1130.708472849018,0.25319738217224347,OnTrack,-4954.0,4044.0,2283.0,8227.82,16.314
2026-07-26 14:26:18.273,0 days 02:17:07.931000,10,165.04527777777798,0 days 00:00:16.425000,11545.0,200.0,4,100.0,False,0,car,1136.9169444444444,0.2545876333227383,OnTrack,-4954.000142758871,4044.000096392292,2283.350063189069,8227.931,16.425
2026-07-26 14:26:18.502,0 days 02:17:08.160000,10,159.2566618133336,0 days 00:00:16.654000,11545.0,203.81666986666667,4,100.0,False,0,pos,1149.892670440678,0.2574932627868499,OnTrack,-4954.0,4044.0,2284.0,8228.16,16.654
2026-07-26 14:26:18.513,0 days 02:17:08.171000,10,158.97861111111138,0 days 00:00:16.665000,11545.0,204.0,4,100.0,True,0,car,1150.5169444444443,0.2576330552685614,OnTrack,-4953.999942969017,4043.9999624653296,2284.0505407906617,8228.171,16.665
2026-07-26 14:26:18.702,0 days 02:17:08.360000,10,154.20110625777804,0 days 00:00:16.854000,11545.0,204.0,4,100.0,True,0,pos,1161.2288035916536,0.26003174136617,OnTrack,-4954.0,4044.0,2285.0,8228.36,16.854
2026-07-26 14:26:18.793,0 days 02:17:08.451000,10,151.9008333333336,0 days 00:00:16.945000,11545.0,204.0,4,100.0,True,0,car,1166.3836111111111,0.2611860475386884,OnTrack,-4954.003430981344,4044.0022546974383,2285.167736749057,8228.451,16.945
2026-07-26 14:26:19.073,0 days 02:17:08.731000,10,144.8230555555558,0 days 00:00:17.225000,11545.0,204.0,4,100.0,True,0,car,1182.250277777778,0.26473903980881536,OnTrack,-4954.013911899007,4044.0091419872515,2284.771545119761,8228.731,17.225
2026-07-26 14:26:19.162,0 days 02:17:08.820000,10,142.57333450256888,0 days 00:00:17.314000,11545.0,204.0,4,100.0,True,0,pos,1187.2934068546708,0.265868338041638,OnTrack,-4954.0,4044.0,2285.0,8228.82,17.314
2026-07-26 14:26:19.323,0 days 02:17:08.981000,10,138.5036066156035,0 days 00:00:17.475000,11545.0,204.0,4,100.0,True,0,pos,1196.4161924174457,0.2679111859357492,OnTrack,-4954.0,4044.0,2286.0,8228.981,17.475
2026-07-26 14:26:19.394,0 days 02:17:09.052000,10,136.7088888888893,0 days 00:00:17.546000,11545.0,204.0,4,100.0,False,0,car,1200.4402777777777,0.2688122916613537,OnTrack,-4954.0993618715565,4044.0652939671686,2286.5379649228107,8229.052,17.546
2026-07-26 14:26:19.623,0 days 02:17:09.281000,10,130.92027292444484,0 days 00:00:17.775000,11545.0,204.0,4,100.0,False,0,pos,1213.4245256029592,0.27171982940229583,OnTrack,-4954.0,4044.0,2288.0,8229.281,17.775
2026-07-26 14:26:19.834,0 days 02:17:09.492000,10,125.58666666666704,0 days 00:00:17.986000,11545.0,204.0,5,100.0,False,0,car,1225.3736111111111,0.274395565228696,OnTrack,-4953.69314815311,4043.798357521696,2287.9919299248536,8229.492,17.986
2026-07-26 14:26:19.843,0 days 02:17:09.501000,10,125.35916181333371,0 days 00:00:17.995000,11545.0,204.0,5,100.0,False,0,pos,1225.8825650144647,0.2745095343012464,OnTrack,-4954.0,4044.0,2288.0,8229.501,17.995
2026-07-26 14:26:19.994,0 days 02:17:09.652000,10,121.54222222222256,0 days 00:00:18.146000,11545.0,204.0,5,100.0,False,0,car,1234.4402777777777,0.2764258465259114,OnTrack,-4964.065461493585,4050.6143470256116,2288.4379213597904,8229.652,18.146
2026-07-26 14:26:20.103,0 days 02:17:09.761000,10,118.30249429333364,0 days 00:00:18.255000,11545.0,205.946432,5,100.0,False,0,pos,1240.7143036911812,0.2778307771292453,OnTrack,-4954.0,4044.0,2289.0,8229.761,18.255
2026-07-26 14:26:20.263,0 days 02:17:09.921000,10,113.54693873777804,0 days 00:00:18.415000,11545.0,208.80357485714285,5,100.0,False,0,pos,1250.0511990075593,0.27992157021030056,OnTrack,-4954.0,4044.0,2290.0,8229.921,18.415
2026-07-26 14:26:20.274,0 days 02:17:09.932000,10,113.22000000000025,0 days 00:00:18.426000,11545.0,209.0,5,100.0,False,0,car,1250.6958333333332,0.280065921939914,OnTrack,-4967.072933679663,4052.590656280882,2290.063789865619,8229.932,18.426
2026-07-26 14:26:20.463,0 days 02:17:10.121000,10,107.44499413333352,0 days 00:00:18.615000,10705.299146971429,211.02500205714287,5,100.0,False,0,pos,1261.8196858068648,0.28255686491381043,OnTrack,-4954.0,4044.0,2291.0,8230.121,18.615
2026-07-26 14:26:20.554,0 days 02:17:10.212000,10,104.6644444444446,0 days 00:00:18.706000,10301.0,212.0,5,100.0,True,0,car,1267.1847222222223,0.283758247240242,OnTrack,-3899.374241943496,3350.9705993749976,2291.396439594408,8230.212,18.706
2026-07-26 14:26:20.683,0 days 02:17:10.341000,10,100.72277191111128,0 days 00:00:18.835000,10301.0,212.0,5,100.0,True,0,pos,1274.7835324495045,0.28545983425702953,OnTrack,-2052.0,2137.0,2292.0,8230.341,18.835
2026-07-26 14:26:20.754,0 days 02:17:10.412000,10,98.55333333333351,0 days 00:00:18.906000,10301.0,212.0,5,100.0,True,0,car,1278.9625,0.286395622454762,OnTrack,-1560.419618857697,1813.966303639436,2292.4100532913335,8230.412,18.906
2026-07-26 14:26:20.954,0 days 02:17:10.612000,10,92.4422222222222,0 days 00:00:19.106000,10301.0,212.0,5,100.0,True,0,car,1290.7402777777781,0.2890329976692821,OnTrack,-1867.9527749793335,2016.0564927242083,2293.6990679867945,8230.612,19.106
2026-07-26 14:26:21.043,0 days 02:17:10.701000,10,89.67332735999994,0 days 00:00:19.195000,10301.0,212.63571565714287,5,100.0,True,0,pos,1296.015046200284,0.29021416645700515,OnTrack,-2052.0,2137.0,2294.0,8230.701,19.195
2026-07-26 14:26:21.234,0 days 02:17:10.892000,10,83.73111111111098,0 days 00:00:19.386000,10301.0,214.0,5,100.0,True,0,car,1307.3847222222225,0.29276015622716034,OnTrack,-2074.6748094209097,2151.900365804766,2293.956800357326,8230.892,19.386
2026-07-26 14:26:21.303,0 days 02:17:10.961000,10,81.58443847111094,0 days 00:00:19.455000,10301.0,214.0,5,100.98571702857143,True,0,pos,1311.4888356122651,0.29367918247614433,OnTrack,-2052.0,2137.0,2294.0,8230.961,19.455
2026-07-26 14:26:21.514,0 days 02:17:11.172000,10,75.01999999999975,0 days 00:00:19.666000,10301.0,214.0,5,104.0,True,0,car,1324.0291666666672,0.29648731478503865,OnTrack,-2049.5149220204617,2135.3669732233616,2294.783064852934,8231.172,19.666
2026-07-26 14:26:21.563,0 days 02:17:11.221000,10,73.49554958222197,0 days 00:00:19.715000,10301.0,214.0,5,104.0,True,0,pos,1326.9418116055324,0.29713953778630414,OnTrack,-2052.0,2137.0,2295.0,8231.221,19.715
2026-07-26 14:26:21.754,0 days 02:17:11.412000,10,67.55333333333306,0 days 00:00:19.906000,10301.0,214.0,5,104.0,True,0,car,1338.2958333333338,0.2996820221203628,OnTrack,-2052.4181708516094,2137.2747938689254,2295.7885920531075,8231.412,19.906
2026-07-26 14:26:21.803,0 days 02:17:11.461000,10,66.02888291555529,0 days 00:00:19.955000,10301.0,214.0,5,104.0,True,0,pos,1341.207771550104,0.3003340868667035,OnTrack,-2052.0,2137.0,2296.0,8231.461,19.955
2026-07-26 14:26:22.023,0 days 02:17:11.681000,10,59.184438471110866,0 days 00:00:20.175000,10301.0,214.0,5,104.0,True,0,pos,1354.282549517391,0.30326189684893434,OnTrack,-2052.0,2137.0,2297.0,8231.681,20.175
2026-07-26 14:26:22.074,0 days 02:17:11.732000,10,57.59777777777754,0 days 00:00:20.226000,10301.0,214.0,5,104.0,True,0,car,1357.318055555556,0.3039416319007951,OnTrack,-2052.0574185864434,2137.0377316247445,2297.2030217887195,8231.732,20.226
2026-07-26 14:26:22.234,0 days 02:17:11.892000,10,52.61999999999966,0 days 00:00:20.386000,10246.0,214.0,5,104.0,True,0,car,1366.829166666667,0.3060714367910113,OnTrack,-2052.061881228353,2137.040664028318,2297.7340554677444,8231.892,20.386
2026-07-26 14:26:22.403,0 days 02:17:12.061000,10,48.11332821333304,0 days 00:00:20.555000,10791.495064177778,211.6527751111111,5,55.17772231111111,True,0,pos,1376.6944389886628,0.308280548322697,OnTrack,-2052.0,2137.0,2298.0,8232.061,20.555
2026-07-26 14:26:22.594,0 days 02:17:12.252000,10,43.019999999999754,0 days 00:00:20.746000,11408.0,209.0,4,0.0,True,0,car,1387.729166666667,0.31075153375187176,OnTrack,-2051.999684918236,2136.999793055189,2297.989560170353,8232.252,20.746
2026-07-26 14:26:22.603,0 days 02:17:12.261000,10,42.779994879999755,0 days 00:00:20.755000,11408.0,209.0,4,0.0,True,0,pos,1388.250340927758,0.3108682393057191,OnTrack,-2052.0,2137.0,2298.0,8232.261,20.755
2026-07-26 14:26:22.882,0 days 02:17:12.540000,10,35.33999999999978,0 days 00:00:21.034000,11408.0,209.0,4,0.0,True,0,pos,1404.448163936195,0.3144953867810465,OnTrack,-2052.0,2137.0,2299.0,8232.54,21.034
2026-07-26 14:26:22.914,0 days 02:17:12.572000,10,34.48666666666645,0 days 00:00:21.066000,11408.0,209.0,4,0.0,True,0,car,1406.3069444444448,0.3149116199393033,OnTrack,-2051.999810508859,2136.9998786902324,2299.1514307179423,8232.572,21.066
2026-07-26 14:26:23.274,0 days 02:17:12.932000,10,24.88666666666677,0 days 00:00:21.426000,10988.0,209.0,4,0.0,True,0,car,1427.2069444444446,0.31959171690016375,OnTrack,-2051.9999930122476,2137.00000016103,2300.963051713958,8232.932,21.426
2026-07-26 14:26:23.282,0 days 02:17:12.940000,10,24.69777785380859,0 days 00:00:21.434000,10933.308198114939,209.0,4,0.0,True,0,pos,1427.6713665326986,0.31969571404867064,OnTrack,-2052.0,2137.0,2301.0,8232.94,21.434
2026-07-26 14:26:23.433,0 days 02:17:13.091000,10,21.132499999999936,0 days 00:00:21.585000,9901.0,209.0,4,0.0,True,0,car,1436.4377777777781,0.32165875972454383,OnTrack,-2052.0000158031858,2136.9999015860667,2301.662956914647,8233.091,21.585
2026-07-26 14:26:23.502,0 days 02:17:13.160000,10,19.50332879999994,0 days 00:00:21.654000,9889.417824914286,209.0,4,0.0,True,0,pos,1440.4436505421027,0.32255578713841504,OnTrack,-2052.0,2137.0,2302.0,8233.16,21.654
2026-07-26 14:26:23.702,0 days 02:17:13.360000,10,14.781106577777738,0 days 00:00:21.854000,9855.846396342857,209.0,4,0.0,True,0,pos,1452.0547345438497,0.3251558349350118,OnTrack,-2052.0,2137.0,2303.0,8233.36,21.854
2026-07-26 14:26:23.713,0 days 02:17:13.371000,10,14.52138888888885,0 days 00:00:21.865000,9854.0,209.0,4,0.0,True,0,car,1452.6933333333336,0.3252988351385464,OnTrack,-2052.000003645486,2136.999819150409,2303.02581418072,8233.371,21.865
2026-07-26 14:26:23.953,0 days 02:17:13.611000,10,8.85472222222188,0 days 00:00:22.105000,9854.0,209.0,4,0.0,True,0,car,1466.626666666667,0.3284188997791201,OnTrack,-2052.00007716733,2136.9958543572993,2302.8948854173236,8233.611,22.105
2026-07-26 14:26:24.002,0 days 02:17:13.660000,10,7.697779288888512,0 days 00:00:22.154000,9854.0,209.0,4,0.0,True,0,pos,1469.4713858530188,0.3290559122967539,OnTrack,-2052.0,2137.0,2303.0,8233.66,22.154
2026-07-26 14:26:24.182,0 days 02:17:13.840000,10,3.4477732444439373,0 days 00:00:22.334000,9854.0,209.0,4,0.0,True,0,pos,1479.9214002298982,0.3313959639965712,OnTrack,-2052.0,2137.0,2304.0,8233.84,22.334
2026-07-26 14:26:24.233,0 days 02:17:13.891000,10,2.2436111111105674,0 days 00:00:22.385000,9854.0,209.0,4,0.0,True,0,car,1482.8822222222227,0.3320589751931227,OnTrack,-2052.0006875234267,2136.9629478786974,2304.278879660243,8233.891,22.385
2026-07-26 14:26:24.382,0 days 02:17:14.040000,10,141.37874873244425,0 days 00:00:22.534000,9854.0,209.0,4,64.56674986666667,True,0,pos,1491.5325110764898,0.3339960178044826,OnTrack,-2052.0,2137.0,2305.0,8234.04,22.534
2026-07-26 14:26:24.473,0 days 02:17:14.131000,18,226.35361111111115,0 days 00:00:22.625000,9854.0,209.0,4,104.0,True,0,car,1496.8155555555559,0.33517903983369635,OnTrack,-2051.9911779295376,2137.475454909917,2305.4542855827813,8234.131,22.625
2026-07-26 14:26:24.622,0 days 02:17:14.280000,18,223.4149962133335,0 days 00:00:22.774000,9854.0,209.0,4,104.0,True,0,pos,1505.4658444914342,0.33711608246333113,OnTrack,-2052.0,2137.0,2306.0,8234.28,22.774
2026-07-26 14:26:24.713,0 days 02:17:14.371000,18,221.62027777777803,0 days 00:00:22.865000,9854.0,209.0,4,104.0,True,0,car,1510.748888888889,0.3382991044742699,OnTrack,-2052.05284820723,2134.1518076230554,2306.006893940738,8234.371,22.865
2026-07-26 14:26:24.822,0 days 02:17:14.480000,18,219.47055176888895,0 days 00:00:22.974000,9854.0,209.0,4,104.0,True,0,pos,1517.0769555903219,0.3397161363277387,OnTrack,-2052.0,2137.0,2306.0,8234.48,22.974
2026-07-26 14:26:24.913,0 days 02:17:14.571000,18,217.67583333333323,0 days 00:00:23.065000,9854.0,209.0,4,104.0,True,0,car,1522.3600000000004,0.3408991583414147,OnTrack,-2051.697591903205,2153.2979312055413,2306.2937441428085,8234.571,23.065
2026-07-26 14:26:25.042,0 days 02:17:14.700000,18,215.1316679288889,0 days 00:00:23.194000,9854.0,209.0,4,104.0,True,0,pos,1529.849162942226,0.34257619225171615,OnTrack,-2052.0,2137.0,2307.0,8234.7,23.194
2026-07-26 14:26:25.153,0 days 02:17:14.811000,18,212.9425000000001,0 days 00:00:23.305000,9854.0,209.0,4,104.0,True,0,car,1536.2933333333335,0.34401922298198834,OnTrack,-2054.283139695053,2013.9528524777925,2307.6538415604114,8234.811,23.305
2026-07-26 14:26:25.242,0 days 02:17:14.900000,18,211.1872234844445,0 days 00:00:23.394000,9930.921373257142,209.0,4,70.94288091428571,True,0,pos,1541.460274095535,0.3451762461283101,OnTrack,-2052.0,2137.0,2308.0,8234.9,23.394
2026-07-26 14:26:25.433,0 days 02:17:15.091000,18,207.42027777777776,0 days 00:00:23.585000,10096.0,209.0,4,0.0,True,0,car,1552.5488888888892,0.34765929839599097,OnTrack,-2026.9045655398093,3489.4743296598417,2307.9538043564266,8235.091,23.585
2026-07-26 14:26:25.462,0 days 02:17:15.120000,18,206.84832954666666,0 days 00:00:23.614000,10096.0,209.0,4,0.0,True,0,pos,1554.2325110949662,0.3480363086912014,OnTrack,-2024.0,3646.0,2308.0,8235.12,23.614
2026-07-26 14:26:25.633,0 days 02:17:15.291000,18,203.4758333333334,0 days 00:00:23.785000,10096.0,209.0,3,0.0,True,0,car,1564.1600000000003,0.35025935226313565,OnTrack,-2020.3581910122757,3842.121865390058,2308.940465192171,8235.291,23.785
2026-07-26 14:26:25.783,0 days 02:17:15.441000,18,200.5174966899392,0 days 00:00:23.935000,10096.0,209.0,3,0.0,True,0,pos,1572.8683430881872,0.35220939484787983,OnTrack,-2024.0,3646.0,2310.0,8235.441,23.935
2026-07-26 14:26:25.874,0 days 02:17:15.532000,18,198.72277777777776,0 days 00:00:24.026000,10096.0,209.0,3,0.0,True,0,car,1578.1513888888892,0.35339241717304504,OnTrack,-2024.399910939313,3624.8218612585074,2310.463518787876,8235.532,24.026
2026-07-26 14:26:25.983,0 days 02:17:15.641000,18,196.57305176888886,0 days 00:00:24.135000,10096.0,209.0,3,0.0,True,0,pos,1584.479456427228,0.35480944921392055,OnTrack,-2024.0,3646.0,2311.0,8235.641,24.135
2026-07-26 14:26:26.194,0 days 02:17:15.852000,18,192.41166666666663,0 days 00:00:24.346000,10096.0,209.0,3,0.0,True,0,car,1596.729166666667,0.35755250336047656,OnTrack,-2023.8438879773644,3649.2619507701124,2312.4902599965353,8235.852,24.346
2026-07-26 14:26:26.283,0 days 02:17:15.941000,18,190.95305240888882,0 days 00:00:24.435000,10096.0,209.0,3,0.0,True,0,pos,1601.8961210065008,0.35870952954721147,OnTrack,-2024.0,3646.0,2313.0,8235.941,24.435
2026-07-26 14:26:26.434,0 days 02:17:16.092000,18,188.47833333333324,0 days 00:00:24.586000,10096.0,209.0,3,0.0,True,0,car,1610.6625000000001,0.3606725680010502,OnTrack,-2024.5130229699573,3642.9383027392473,2313.472945634812,8236.092,24.586
2026-07-26 14:26:26.543,0 days 02:17:16.201000,18,186.69194129777765,0 days 00:00:24.695000,10096.0,209.0,3,0.0,True,0,pos,1616.9905754635345,0.36208960181659966,OnTrack,-2024.0,3646.0,2314.0,8236.201,24.695
2026-07-26 14:26:26.674,0 days 02:17:16.332000,18,184.54499999999985,0 days 00:00:24.826000,10096.0,209.0,3,0.0,True,0,car,1624.5958333333335,0.36379263264162387,OnTrack,-2021.4803309096983,3658.388249301591,2315.261039390895,8236.332,24.826
2026-07-26 14:26:26.843,0 days 02:17:16.501000,18,181.77527463111107,0 days 00:00:24.995000,10096.0,209.0,3,0.0,True,0,pos,1634.4071648499446,0.3659896653120969,OnTrack,-2024.0,3646.0,2317.0,8236.501,24.995
2026-07-26 14:26:26.914,0 days 02:17:16.572000,18,180.61166666666668,0 days 00:00:25.066000,10096.0,209.0,3,0.0,True,0,car,1638.5291666666667,0.3669126972821975,OnTrack,-2030.6617237672258,3613.6801344487512,2317.3952157889667,8236.572,25.066
2026-07-26 14:26:27.103,0 days 02:17:16.761000,18,177.51416351999978,0 days 00:00:25.255000,10096.0,209.0,3,0.0,True,0,pos,1649.5020227935108,0.36936982793345113,OnTrack,-2024.0,3646.0,2318.0,8236.761,25.255
2026-07-26 14:26:27.154,0 days 02:17:16.812000,18,176.67833333333306,0 days 00:00:25.306000,10096.0,209.0,3,0.0,True,0,car,1652.4625,0.3700327619227711,OnTrack,-1999.0378196368752,3767.0187925925757,2318.277239340818,8236.812,25.306
2026-07-26 14:26:27.403,0 days 02:17:17.061000,18,173.08166389333303,0 days 00:00:25.555000,9474.2776456,209.0,3,3.1125024,True,0,pos,1666.915166442429,0.3732691198315531,OnTrack,-1807.0,4698.0,2320.0,8237.061,25.555
2026-07-26 14:26:27.474,0 days 02:17:17.132000,18,172.0561111111108,0 days 00:00:25.626000,9297.0,209.0,3,4.0,False,0,car,1671.0402777777779,0.3741928481102027,OnTrack,-1780.3371417155765,4827.25848184644,2320.3075120376666,8237.132,25.626
2026-07-26 14:26:27.794,0 days 02:17:17.452000,18,167.43388888888853,0 days 00:00:25.946000,9297.0,209.0,3,4.0,False,0,car,1689.6180555555557,0.3783529342976342,OnTrack,-1804.94763936608,4707.9496088227415,2320.9086061716025,8237.452,25.946
2026-07-26 14:26:27.823,0 days 02:17:17.481000,18,167.01499722666634,0 days 00:00:25.975000,9297.0,209.0,3,4.0,False,0,pos,1691.2891397431438,0.3787271369783842,OnTrack,-1807.0,4698.0,2321.0,8237.481,25.975
2026-07-26 14:26:27.994,0 days 02:17:17.652000,18,164.54499999999985,0 days 00:00:26.146000,9297.0,209.0,3,4.0,False,0,car,1701.2291666666667,0.38095298816477896,OnTrack,-1807.768113261733,4694.276277124057,2321.7492178797456,8237.652,26.146
2026-07-26 14:26:28.043,0 days 02:17:17.701000,18,163.8372194488888,0 days 00:00:26.195000,9297.0,209.0,3,4.0,False,0,pos,1704.1940404677237,0.38161690667509773,OnTrack,-1807.0,4698.0,2322.0,8237.701,26.195
2026-07-26 14:26:28.194,0 days 02:17:17.852000,18,161.65611111111116,0 days 00:00:26.346000,9297.0,209.0,3,4.0,False,0,car,1712.8402777777778,0.38355304203192364,OnTrack,-1805.9528093919214,4703.076640827964,2322.8261513894504,8237.852,26.346
2026-07-26 14:26:28.394,0 days 02:17:18.052000,18,163.82277777777767,0 days 00:00:26.546000,9297.0,132.0,3,104.0,False,0,car,1720.173611111111,0.3851951813164361,OnTrack,-1806.7974187745172,4698.982049323119,2323.8318754035845,8238.052,26.546
2026-07-26 14:26:28.503,0 days 02:17:18.161000,18,165.00361319111107,0 days 00:00:26.655000,9297.0,132.0,3,79.22722909090909,False,0,pos,1723.9937028770603,0.38605060714725076,OnTrack,-1807.0,4698.0,2324.0,8238.161,26.655
2026-07-26 14:26:28.543,0 days 02:17:18.201000,18,165.4369465244444,0 days 00:00:26.695000,9297.0,132.0,3,70.13632,False,0,pos,1725.4443352421106,0.38637544447371,OnTrack,-1807.0,4698.0,2324.0,8238.201,26.695
2026-07-26 14:26:28.763,0 days 02:17:18.421000,18,167.82027985777785,0 days 00:00:26.915000,9297.0,132.0,3,20.136320000000005,False,0,pos,1733.6711870642746,0.38821766764166976,OnTrack,-1807.0,4698.0,2325.0,8238.421,26.915
2026-07-26 14:26:28.834,0 days 02:17:18.492000,18,168.58944444444455,0 days 00:00:26.986000,9297.0,132.0,3,4.0,False,0,car,1736.3069444444445,0.38880788774236347,OnTrack,-1807.0021826884167,4697.992905360372,2325.4723641138885,8238.492,26.986
2026-07-26 14:26:29.043,0 days 02:17:18.701000,18,170.85361319111104,0 days 00:00:27.195000,9297.0,132.0,3,4.0,False,0,pos,1743.9753866462377,0.3905250673138058,OnTrack,-1807.0,4698.0,2327.0,8238.701,27.195
2026-07-26 14:26:29.114,0 days 02:17:18.772000,18,171.62277777777763,0 days 00:00:27.266000,9297.0,132.0,3,4.0,False,0,car,1746.5736111111112,0.3911068827406809,OnTrack,-1806.9923556115627,4698.015344361115,2327.522676052316,8238.772,27.266
2026-07-26 14:26:29.314,0 days 02:17:18.972000,18,173.78944444444437,0 days 00:00:27.466000,9297.0,132.0,3,4.0,False,0,car,1753.9069444444447,0.3927490220251934,OnTrack,-1806.9526506273999,4698.091063092812,2328.9801394039787,8238.972,27.466
2026-07-26 14:26:29.522,0 days 02:17:19.180000,18,176.04277777777767,0 days 00:00:27.674000,9297.0,132.0,3,4.0,False,0,pos,1761.5320303996723,0.394456492915402,OnTrack,-1807.0,4698.0,2330.0,8239.18,27.674
2026-07-26 14:26:29.594,0 days 02:17:19.252000,18,176.82277777777767,0 days 00:00:27.746000,9297.0,132.0,3,4.0,False,0,car,1764.1736111111113,0.39504801702351083,OnTrack,-1807.0527198706836,4697.899355024811,2330.1735822292194,8239.252,27.746
2026-07-26 14:26:29.882,0 days 02:17:19.540000,18,179.9427777777777,0 days 00:00:28.034000,9297.0,132.0,3,4.0,False,0,pos,1774.7401982907888,0.39741417264773454,OnTrack,-1807.0,4698.0,2331.0,8239.54,28.034
2026-07-26 14:26:29.914,0 days 02:17:19.572000,18,180.28944444444437,0 days 00:00:28.066000,9297.0,132.0,3,4.0,False,0,car,1775.9069444444447,0.3976754398787308,OnTrack,-1806.8882523350271,4698.213120435769,2331.2918968216727,8239.572,28.066
2026-07-26 14:26:30.082,0 days 02:17:19.740000,18,182.10944415251458,0 days 00:00:28.234000,9297.0,132.0,3,4.0,False,0,pos,1781.9964798645938,0.39903905787934757,OnTrack,-1807.0,4698.0,2333.0,8239.74,28.234
2026-07-26 14:26:30.262,0 days 02:17:19.920000,18,184.05944661306557,0 days 00:00:28.414000,9297.0,132.0,3,4.0,False,0,pos,1788.6013588850976,0.4005180757851233,OnTrack,-1807.0,4698.0,2334.0,8239.92,28.414
2026-07-26 14:26:30.313,0 days 02:17:19.971000,18,184.61194444444436,0 days 00:00:28.465000,9297.0,132.0,3,4.0,False,0,car,1790.5369444444448,0.4009515077513331,OnTrack,-1801.4417691049841,4708.600119825433,2335.3085037448623,8239.971,28.465
2026-07-26 14:26:30.422,0 days 02:17:20.080000,18,185.4294458844443,0 days 00:00:28.574000,9556.370911418182,134.97273250909092,3,20.10230109090909,False,0,pos,1794.7716442428223,0.4018997759645649,OnTrack,-1807.0,4698.0,2334.0,8240.08,28.574
2026-07-26 14:26:30.662,0 days 02:17:20.320000,18,187.22944588444415,0 days 00:00:28.814000,10127.46182050909,141.51818705454545,3,55.55684654545455,False,0,pos,1804.4586271501541,0.4040689634891826,OnTrack,-1807.0,4698.0,2285.0,8240.32,28.814
2026-07-26 14:26:30.753,0 days 02:17:20.411000,18,187.9119444444441,0 days 00:00:28.905000,10344.0,144.0,3,69.0,False,0,car,1808.136944444445,0.40489264203416303,OnTrack,-1371.9898131855964,5527.6092969621395,2280.016308243605,8240.411,28.905
2026-07-26 14:26:30.902,0 days 02:17:20.560000,18,189.02944588444413,0 days 00:00:29.054000,10344.0,144.0,3,69.0,False,0,pos,1814.130387442618,0.4062347422428157,OnTrack,-540.0,7115.0,2286.0,8240.56,29.054
2026-07-26 14:26:31.073,0 days 02:17:20.731000,18,190.31194444444418,0 days 00:00:29.225000,10344.0,144.0,3,69.0,False,0,car,1820.9369444444449,0.40775892151258475,OnTrack,-509.11637324153236,7175.802710295002,2287.9090599020014,8240.731,29.225
2026-07-26 14:26:31.122,0 days 02:17:20.780000,18,190.67944396444412,0 days 00:00:29.274000,10344.0,144.0,3,69.0,False,0,pos,1822.8672127526759,0.4081911627969387,OnTrack,-540.0,7115.0,2288.0,8240.78,29.274
2026-07-26 14:26:31.233,0 days 02:17:20.891000,18,191.511944444444,0 days 00:00:29.385000,10344.0,144.0,3,69.0,False,0,car,1827.336944444445,0.40919206125179564,OnTrack,-545.6908894175406,7093.47261741938,2288.04705000677,8240.891,29.385
2026-07-26 14:26:31.473,0 days 02:17:21.131000,18,194.84527777777748,0 days 00:00:29.625000,11064.0,163.0,3,76.0,False,0,car,1838.2036111111115,0.4116254131006641,OnTrack,-391.31984841044374,7353.171501644829,2287.9360792027737,8241.131,29.625
2026-07-26 14:26:31.502,0 days 02:17:21.160000,18,195.24805822222197,0 days 00:00:29.654000,11064.0,163.0,3,76.0,False,0,pos,1839.5291748015022,0.4119222440384069,OnTrack,-382.0,7369.0,2288.0,8241.16,29.654
2026-07-26 14:26:31.673,0 days 02:17:21.331000,18,197.62305555555554,0 days 00:00:29.825000,11064.0,163.0,3,76.0,False,0,car,1847.259166666667,0.4136532063080544,OnTrack,-378.4931801793959,7374.955860244737,2288.742366399115,8241.331,29.825
2026-07-26 14:26:31.722,0 days 02:17:21.380000,18,198.3036102222222,0 days 00:00:29.874000,11064.0,163.0,3,76.0,False,0,pos,1849.4623697150037,0.4141465653458859,OnTrack,-382.0,7369.0,2289.0,8241.38,29.874
2026-07-26 14:26:32.182,0 days 02:17:21.840000,18,204.69250266666666,0 days 00:00:30.334000,11064.0,163.0,3,76.0,False,0,pos,1870.1376308363867,0.4187763369602008,OnTrack,-382.0,7369.0,2291.0,8241.84,30.334
2026-07-26 14:26:32.313,0 days 02:17:21.971000,18,206.51194444444445,0 days 00:00:30.465000,11064.0,163.0,3,76.0,False,0,car,1876.2369444444448,0.4201421445717036,OnTrack,-381.82161649903225,7369.30307759254,2290.9877249671927,8241.971,30.465
2026-07-26 14:26:32.403,0 days 02:17:22.061000,18,207.73694651197846,0 days 00:00:30.555000,11064.0,166.36100152325352,3,76.0,False,0,pos,1880.507352549306,0.4210984088775981,OnTrack,-382.0,7369.0,2291.0,8242.061,30.555
2026-07-26 14:26:32.554,0 days 02:17:22.212000,18,209.79222222222234,0 days 00:00:30.706000,11064.0,172.0,3,76.0,False,0,car,1887.7513888888893,0.4227205520573707,OnTrack,-382.0702101550348,7368.879876929711,2291.340171002085,8242.212,30.706
2026-07-26 14:26:32.714,0 days 02:17:22.372000,18,211.97000000000003,0 days 00:00:30.866000,11064.0,172.0,3,76.0,False,0,car,1895.3958333333337,0.42443235785698363,OnTrack,-382.002056335337,7368.996326103369,2291.9631960726547,8242.372,30.866
2026-07-26 14:26:32.723,0 days 02:17:22.381000,18,212.09250261333335,0 days 00:00:30.875000,11064.0,172.0,3,76.0,False,0,pos,1895.8238420333373,0.42452820102521843,OnTrack,-382.0,7369.0,2292.0,8242.381,30.875
2026-07-26 14:26:32.963,0 days 02:17:22.621000,18,215.35916927999986,0 days 00:00:31.115000,11064.0,172.0,3,76.0,False,0,pos,1907.1521086530852,0.42706491806727104,OnTrack,-382.0,7369.0,2293.0,8242.621,31.115
2026-07-26 14:26:33.154,0 days 02:17:22.812000,18,217.95888888888862,0 days 00:00:31.306000,11064.0,172.0,3,76.0,False,0,car,1916.418055555556,0.42913982380591936,OnTrack,-382.0176438671887,7368.926356400472,2293.647384753266,8242.812,31.306
2026-07-26 14:26:33.383,0 days 02:17:23.041000,18,220.43972430222232,0 days 00:00:31.535000,11064.0,180.26945137777778,3,93.81112604444445,False,0,pos,1928.1342049094367,0.43176339868554064,OnTrack,-382.0,7369.0,2294.0,8243.041,31.535
2026-07-26 14:26:33.403,0 days 02:17:23.061000,18,220.656390968889,0 days 00:00:31.555000,11064.0,180.9916736,3,95.3666816,False,0,pos,1929.1729285621805,0.43199599808316647,OnTrack,-382.0,7369.0,2294.0,8243.061,31.555
2026-07-26 14:26:33.514,0 days 02:17:23.172000,18,221.85888888888917,0 days 00:00:31.666000,11064.0,185.0,3,104.0,True,0,car,1934.918055555556,0.4332824933645758,OnTrack,-382.8561923762192,7365.034981384206,2294.3877243479424,8243.172,31.666
2026-07-26 14:26:33.623,0 days 02:17:23.281000,18,223.03972430222237,0 days 00:00:31.775000,11064.0,185.0,3,104.0,True,0,pos,1940.5270676311145,0.4345385086932002,OnTrack,-382.0,7369.0,2295.0,8243.281,31.775
2026-07-26 14:26:33.754,0 days 02:17:23.412000,18,224.45888888888885,0 days 00:00:31.906000,11064.0,185.0,3,104.0,True,0,car,1947.2513888888893,0.4360442730703467,OnTrack,-374.6689474805583,7402.95021523045,2295.472981249964,8243.412,31.906
2026-07-26 14:26:33.923,0 days 02:17:23.581000,18,226.2897243022222,0 days 00:00:32.075000,11064.0,185.0,3,104.0,True,0,pos,1955.948461725377,0.43799179192921883,OnTrack,-382.0,7369.0,2296.0,8243.581,32.075
2026-07-26 14:26:34.074,0 days 02:17:23.732000,18,227.92555555555555,0 days 00:00:32.226000,11064.0,185.0,3,104.0,True,0,car,1963.6958333333337,0.4397266460113746,OnTrack,-429.1703946994038,7150.5531458688,2296.766627976896,8243.732,32.226
2026-07-26 14:26:34.163,0 days 02:17:23.821000,18,228.9886134044445,0 days 00:00:32.315000,11064.0,185.0,3,95.0999808,True,0,pos,1968.234012375884,0.4407428717503641,OnTrack,-382.0,7369.0,2297.0,8243.821,32.315
2026-07-26 14:26:34.354,0 days 02:17:24.012000,18,231.2700000000002,0 days 00:00:32.506000,11064.0,185.0,3,76.0,True,0,car,1978.0847222222226,0.44294872233477406,OnTrack,-33.477069815840515,8983.015280945021,2296.8316338840273,8244.012,32.506
2026-07-26 14:26:34.383,0 days 02:17:24.041000,18,231.5438907022225,0 days 00:00:32.535000,11016.3309344,186.6312608,3,80.3500288,True,0,pos,1979.6275623795948,0.443294207575521,OnTrack,-8.0,9101.0,2297.0,8244.041,32.535
2026-07-26 14:26:34.483,0 days 02:17:24.141000,18,232.48833514666728,0 days 00:00:32.635000,10851.9559344,192.2562608,3,95.3500288,True,0,pos,1985.029089050675,0.44450376109501044,OnTrack,-8.0,9101.0,2298.0,8244.141,32.635
2026-07-26 14:26:34.514,0 days 02:17:24.172000,18,232.78111111111184,0 days 00:00:32.666000,10801.0,194.0,3,100.0,False,0,car,1986.7069444444446,0.44487948003898864,OnTrack,-11.78154871788129,9083.487587218842,2298.1990045797065,8244.172,32.666
2026-07-26 14:26:34.723,0 days 02:17:24.381000,18,234.75500181333416,0 days 00:00:32.875000,10801.0,194.0,3,100.0,False,0,pos,1997.9750204142608,0.4474027187041122,OnTrack,-8.0,9101.0,2298.0,8244.381,32.875
2026-07-26 14:26:34.834,0 days 02:17:24.492000,18,235.8033333333342,0 days 00:00:32.986000,10801.0,194.0,4,100.0,False,0,car,2003.9513888888891,0.4487409954474179,OnTrack,-7.739335615780088,9102.207140942213,2297.9287553125423,8244.492,32.986
2026-07-26 14:26:34.883,0 days 02:17:24.541000,18,236.2661129244452,0 days 00:00:33.035000,10801.0,194.0,4,100.0,False,0,pos,2006.5912553080677,0.44933213567734503,OnTrack,-8.0,9101.0,2298.0,8244.541,33.035
2026-07-26 14:26:34.994,0 days 02:17:24.652000,18,237.31444444444492,0 days 00:00:33.146000,10801.0,194.0,4,100.0,False,0,car,2012.5736111111116,0.4506717531516326,OnTrack,-8.102982116273218,9100.523088190392,2298.4539409459367,8244.652,33.146
2026-07-26 14:26:35.083,0 days 02:17:24.741000,18,238.15500181333377,0 days 00:00:33.235000,10832.1500672,194.0,4,100.0,False,0,pos,2017.3702285400034,0.4517458505033727,OnTrack,-8.0,9101.0,2299.0,8244.741,33.235
2026-07-26 14:26:35.394,0 days 02:17:25.052000,18,241.09222222222252,0 days 00:00:33.546000,10941.0,194.0,4,100.0,False,0,car,2034.129166666667,0.4554986474121692,OnTrack,-7.998945699885095,9101.004882434714,2300.9803003640045,8245.052,33.546
2026-07-26 14:26:35.403,0 days 02:17:25.061000,18,241.18472419555584,0 days 00:00:33.555000,10958.486087314286,194.0,4,100.0,False,0,pos,2034.6140878322092,0.4556072348797821,OnTrack,-8.0,9101.0,2301.0,8245.061,33.555
2026-07-26 14:26:35.603,0 days 02:17:25.261000,18,243.2402797511114,0 days 00:00:33.755000,11347.057515885714,194.0,4,100.0,False,0,pos,2045.3899086036208,0.458020243781364,OnTrack,-8.0,9101.0,2301.0,8245.261,33.755
2026-07-26 14:26:35.674,0 days 02:17:25.332000,18,243.97000000000025,0 days 00:00:33.826000,11485.0,194.0,4,100.0,False,0,car,2049.218055555556,0.4588774733945448,OnTrack,-7.999217082600188,9101.003622991235,2301.2089709258316,8245.332,33.826
2026-07-26 14:26:35.823,0 days 02:17:25.481000,18,245.5013908622224,0 days 00:00:33.975000,11485.0,194.0,4,100.0,False,0,pos,2057.2590595363895,0.4606780800114331,OnTrack,-8.0,9101.0,2302.0,8245.481,33.975
2026-07-26 14:26:36.034,0 days 02:17:25.692000,18,247.67000000000007,0 days 00:00:34.186000,11485.0,194.0,4,100.0,False,0,car,2068.618055555556,0.46322167822902777,OnTrack,-8.000316919350245,9100.998609521537,2303.0767367152102,8245.692,34.186
2026-07-26 14:26:36.242,0 days 02:17:25.900000,18,249.80777777777774,0 days 00:00:34.394000,11485.0,194.0,4,100.0,False,0,pos,2079.72206153132,0.46570817701469996,OnTrack,-8.0,9101.0,2304.0,8245.9,34.394
2026-07-26 14:26:36.394,0 days 02:17:26.052000,18,251.3699999999999,0 days 00:00:34.546000,11485.0,194.0,4,100.0,True,0,car,2088.018055555556,0.46756588306351077,OnTrack,-7.999772269104045,9101.000771593566,2304.564784843477,8246.052,34.546
2026-07-26 14:26:36.502,0 days 02:17:26.160000,18,252.18000192000002,0 days 00:00:34.654000,11485.0,198.2428672,4,100.0,True,0,pos,2094.101611265574,0.4689281620390935,OnTrack,-8.0,9101.0,2305.0,8246.16,34.654
2026-07-26 14:26:36.674,0 days 02:17:26.332000,18,253.47000000000025,0 days 00:00:34.826000,11485.0,205.0,5,100.0,False,0,car,2103.9625000000005,0.4711362919624128,OnTrack,-8.00153518554113,9100.99495308265,2305.868844856247,8246.332,34.826
2026-07-26 14:26:36.882,0 days 02:17:26.540000,18,255.0299997218945,0 days 00:00:35.034000,11485.0,205.0,5,100.0,False,0,pos,2115.817437676008,0.4737909454451244,OnTrack,-8.0,9101.0,2307.0,8246.54,35.034
2026-07-26 14:26:37.033,0 days 02:17:26.691000,18,256.16250000000036,0 days 00:00:35.185000,11485.0,205.0,5,100.0,False,0,car,2124.405555555556,0.47571406622921936,OnTrack,-7.995237938654514,9101.015625767799,2307.729620419908,8246.691,35.185
2026-07-26 14:26:37.082,0 days 02:17:26.740000,18,256.5299995200004,0 days 00:00:35.234000,11485.0,205.0,5,100.0,False,0,pos,2127.194233738268,0.4763385295922685,OnTrack,-8.0,9101.0,2308.0,8246.74,35.234
2026-07-26 14:26:37.353,0 days 02:17:27.011000,18,258.56250000000045,0 days 00:00:35.505000,11485.0,205.0,5,100.0,False,0,car,2142.627777777778,0.47979453354225027,OnTrack,-8.094610254305191,9100.689559938051,2309.9857140134163,8247.011,35.505
2026-07-26 14:26:37.502,0 days 02:17:27.160000,18,259.6386124977782,0 days 00:00:35.654000,10859.1991936,205.0,5,100.0,False,0,pos,2151.1127544960445,0.4816945581236919,OnTrack,-8.0,9101.0,2311.0,8247.16,35.654
2026-07-26 14:26:37.553,0 days 02:17:27.211000,18,260.0069444444448,0 days 00:00:35.705000,10645.0,205.0,5,100.0,True,0,car,2154.016666666667,0.48234482561289455,OnTrack,-7.9220002078505045,9101.255936845319,2311.286719991481,8247.211,35.705
2026-07-26 14:26:37.753,0 days 02:17:27.411000,18,261.45138888888914,0 days 00:00:35.905000,10414.0,205.0,5,100.0,True,0,car,2165.405555555556,0.484895117683539,OnTrack,-7.6094280742920315,9102.281564144643,2312.2659091449004,8247.411,35.905
2026-07-26 14:26:37.842,0 days 02:17:27.500000,18,262.0941663751408,0 days 00:00:35.994000,10414.0,205.0,5,100.0,True,0,pos,2170.478161495787,0.4860310166138987,OnTrack,-8.0,9101.0,2313.0,8247.5,35.994
2026-07-26 14:26:37.994,0 days 02:17:27.652000,18,263.19194444444474,0 days 00:00:36.146000,10414.0,205.0,5,100.0,True,0,car,2179.129166666667,0.4879682196286654,OnTrack,-9.612025114472612,9095.710542590257,2314.8665565032848,8247.652,36.146
2026-07-26 14:26:38.102,0 days 02:17:27.760000,18,263.97194597937056,0 days 00:00:36.254000,10414.0,205.0,5,100.0,True,0,pos,2185.251619312124,0.4893392087204843,OnTrack,-8.0,9101.0,2316.0,8247.76,36.254
2026-07-26 14:26:38.153,0 days 02:17:27.811000,18,264.3402777777778,0 days 00:00:36.305000,10414.0,205.0,5,100.0,True,0,car,2188.183333333334,0.48999570182482766,OnTrack,-5.673519058533264,9108.633765589664,2316.333229667384,8247.811,36.305
2026-07-26 14:26:38.302,0 days 02:17:27.960000,18,265.0025008533334,0 days 00:00:36.454000,10477.857225142858,210.32143542857142,5,100.0,True,0,pos,2197.0043858839963,0.49197098322358107,OnTrack,-8.0,9101.0,2317.0,8247.96,36.454
2026-07-26 14:26:38.422,0 days 02:17:28.080000,18,265.5358341866668,0 days 00:00:36.574000,10529.285796571428,214.60714971428573,5,100.0,True,0,pos,2204.2422830910086,0.49359175167915803,OnTrack,-8.0,9101.0,2318.0,8248.08,36.574
2026-07-26 14:26:38.433,0 days 02:17:28.091000,18,265.58472222222235,0 days 00:00:36.585000,10534.0,215.0,5,100.0,True,0,car,2204.905555555556,0.49374027701148104,OnTrack,2.7210714688444417,9136.178515757108,2318.10166853447,8248.091,36.585
2026-07-26 14:26:38.642,0 days 02:17:28.300000,18,266.3974997511113,0 days 00:00:36.794000,10579.283319466667,216.74166613333333,5,100.0,True,0,pos,2217.5035139861725,0.49656131370833145,OnTrack,440.0,10571.0,2320.0,8248.3,36.794
2026-07-26 14:26:38.673,0 days 02:17:28.331000,18,266.51805555555575,0 days 00:00:36.825000,10586.0,217.0,5,100.0,True,0,car,2219.3722222222227,0.4969797699636556,OnTrack,466.8087462085885,10658.966198497956,2320.2119895395776,8248.331,36.825
2026-07-26 14:26:38.822,0 days 02:17:28.480000,18,267.0975007466669,0 days 00:00:36.974000,10586.0,217.0,5,100.0,True,0,pos,2228.354012180039,0.49899104498206054,OnTrack,440.0,10571.0,2321.0,8248.48,36.974
2026-07-26 14:26:38.833,0 days 02:17:28.491000,18,267.140277777778,0 days 00:00:36.985000,10586.0,217.0,5,100.0,True,0,car,2229.016666666667,0.4991394319317719,OnTrack,437.42117555152174,10562.538232276673,2321.055424295909,8248.491,36.985
2026-07-26 14:26:39.074,0 days 02:17:28.732000,18,268.0775000000003,0 days 00:00:37.226000,10586.0,217.0,5,100.0,True,0,car,2243.543611111111,0.5023924227712472,OnTrack,436.73594801177586,10560.289829357302,2322.4026506610285,8248.732,37.226
2026-07-26 14:26:39.143,0 days 02:17:28.801000,18,268.3458340800004,0 days 00:00:37.295000,10586.0,217.0,5,100.0,True,0,pos,2247.7307514513873,0.5033300410861382,OnTrack,440.0,10571.0,2323.0,8248.801,37.295
2026-07-26 14:26:39.323,0 days 02:17:28.981000,18,269.0458340800004,0 days 00:00:37.475000,10586.0,217.0,5,100.0,True,0,pos,2258.6002925648168,0.5057640366043635,OnTrack,440.0,10571.0,2325.0,8248.981,37.475
2026-07-26 14:26:39.354,0 days 02:17:29.012000,18,269.1663888888893,0 days 00:00:37.506000,10586.0,217.0,5,100.0,True,0,car,2260.421388888889,0.5061718312154508,OnTrack,439.8684303851845,10570.568286991946,2325.3182487690806,8249.012,37.506
2026-07-26 14:26:39.523,0 days 02:17:29.181000,18,269.35416688000055,0 days 00:00:37.675000,10558.5374688,209.6062416,5,47.187439999999995,True,0,pos,2270.0383466328663,0.5083253381393893,OnTrack,440.0,10571.0,2327.0,8249.181,37.675
2026-07-26 14:26:39.603,0 days 02:17:29.261000,18,269.4430557688895,0 days 00:00:37.755000,10545.5374688,206.1062416,5,22.187439999999995,True,0,pos,2274.4929947934043,0.5093228589679938,OnTrack,440.0,10571.0,2328.0,8249.261,37.755
2026-07-26 14:26:39.674,0 days 02:17:29.332000,18,269.5219444444451,0 days 00:00:37.826000,10534.0,203.0,5,0.0,True,0,car,2278.465833333333,0.5102124890912814,OnTrack,439.9938077730968,10570.979660079847,2328.73448192065,8249.332,37.826
2026-07-26 14:26:39.863,0 days 02:17:29.521000,18,269.7319446577786,0 days 00:00:38.015000,10534.0,203.0,5,0.0,True,0,pos,2289.119985453784,0.5125982529649401,OnTrack,440.0,10571.0,2330.0,8249.521,38.015
2026-07-26 14:26:39.914,0 days 02:17:29.572000,18,269.788611111112,0 days 00:00:38.066000,10534.0,203.0,5,0.0,True,0,car,2291.9991666666665,0.5132429824981544,OnTrack,440.0005955950369,10571.002062014764,2330.269330108566,8249.572,38.066
2026-07-26 14:26:40.043,0 days 02:17:29.701000,18,269.9319446577786,0 days 00:00:38.195000,10534.0,203.0,5,0.0,True,0,pos,2299.274483304279,0.5148721302151394,OnTrack,440.0,10571.0,2331.0,8249.701,38.195
2026-07-26 14:26:40.114,0 days 02:17:29.772000,18,270.0108333333342,0 days 00:00:38.266000,10534.0,203.0,5,0.0,True,0,car,2303.276944444444,0.5157683936705484,OnTrack,440.00007622790883,10570.999341583445,2331.599802126825,8249.772,38.266
2026-07-26 14:26:40.263,0 days 02:17:29.921000,18,269.803888622223,0 days 00:00:38.415000,10597.945915733333,203.0,5,0.0,True,0,pos,2311.6766756034544,0.517649329377215,OnTrack,440.0,10571.0,2333.0,8249.921,38.415
2026-07-26 14:26:40.423,0 days 02:17:30.081000,18,269.58166640000064,0 days 00:00:38.575000,10666.6125824,203.0,5,0.0,True,0,pos,2320.6972861616428,0.5196692974182907,OnTrack,440.0,10571.0,2334.0,8250.081,38.575
2026-07-26 14:26:40.594,0 days 02:17:30.252000,18,269.3441666666672,0 days 00:00:38.746000,10740.0,203.0,5,0.0,True,0,car,2330.343611111111,0.5218293804842945,OnTrack,440.02797766538515,10570.977181701744,2335.4062834058227,8250.252,38.746
2026-07-26 14:26:40.783,0 days 02:17:30.441000,18,269.0816664000006,0 days 00:00:38.935000,10740.0,203.0,5,0.0,True,0,pos,2341.012385610992,0.5242184187193664,OnTrack,440.0,10571.0,2337.0,8250.441,38.935
2026-07-26 14:26:40.914,0 days 02:17:30.572000,18,268.89972222222286,0 days 00:00:39.066000,10740.0,203.0,5,0.0,True,0,car,2348.388055555555,0.525870038360125,OnTrack,439.87808468719356,10571.099307278471,2337.754387046262,8250.572,39.066
2026-07-26 14:26:41.074,0 days 02:17:30.732000,18,268.6775000000007,0 days 00:00:39.226000,10740.0,203.0,5,0.0,True,0,car,2357.410277777777,0.5278903672980403,OnTrack,439.9140757254322,10571.06998754682,2338.7307567418447,8250.732,39.226
2026-07-26 14:26:41.103,0 days 02:17:30.761000,18,268.63722195555624,0 days 00:00:39.255000,10740.0,203.0,5,0.0,True,0,pos,2359.077527707326,0.5282637113807329,OnTrack,440.0,10571.0,2339.0,8250.761,39.255
2026-07-26 14:26:41.274,0 days 02:17:30.932000,18,268.39972222222286,0 days 00:00:39.426000,10740.0,203.0,5,0.0,True,0,car,2368.688055555555,0.5304157784704344,OnTrack,440.1304757862723,10570.893724655316,2340.9194072628866,8250.932,39.426
2026-07-26 14:26:41.283,0 days 02:17:30.941000,18,268.5172247288895,0 days 00:00:39.435000,10742.8500608,201.5749696,5,0.0,True,0,pos,2369.1410299228855,0.5305172121527258,OnTrack,440.0,10571.0,2341.0,8250.941,39.435
2026-07-26 14:26:41.463,0 days 02:17:31.121000,18,270.86722472888965,0 days 00:00:39.615000,10799.8500608,173.0749696,5,0.0,True,0,pos,2376.826186032374,0.5322381344374989,OnTrack,440.0,10571.0,2342.0,8251.121,39.615
2026-07-26 14:26:41.634,0 days 02:17:31.292000,18,273.09972222222314,0 days 00:00:39.786000,10854.0,146.0,5,0.0,True,0,car,2383.288055555555,0.5336851285005092,OnTrack,459.46695627237193,10555.14374650404,2342.7531184466075,8251.292,39.786
2026-07-26 14:26:41.683,0 days 02:17:31.341000,18,273.7394469511121,0 days 00:00:39.835000,10854.0,146.0,5,0.0,True,0,pos,2385.2354321265666,0.5341212008053725,OnTrack,440.0,10571.0,2343.0,8251.341,39.835
2026-07-26 14:26:41.834,0 days 02:17:31.492000,18,275.71083333333445,0 days 00:00:39.986000,10854.0,146.0,3,0.0,True,0,car,2391.3991666666657,0.535501434072773,OnTrack,266.47236460296017,10712.341981573858,2343.899133452164,8251.492,39.986
2026-07-26 14:26:41.983,0 days 02:17:31.641000,18,277.6561136177787,0 days 00:00:40.135000,10854.0,146.0,3,0.0,True,0,pos,2397.433715708541,0.5368527390790431,OnTrack,440.0,10571.0,2345.0,8251.641,40.135
2026-07-26 14:26:42.223,0 days 02:17:31.881000,18,280.78944695111176,0 days 00:00:40.375000,10854.0,146.0,3,0.0,True,0,pos,2407.1673499206927,0.5390323731409771,OnTrack,1955.0,9337.0,2347.0,8251.881,40.375
2026-07-26 14:26:42.234,0 days 02:17:31.892000,18,280.93305555555617,0 days 00:00:40.386000,10854.0,146.0,2,0.0,True,0,car,2407.6213888888883,0.5391340452173006,OnTrack,1997.9725761314535,9301.997914887008,2347.070719613891,8251.892,40.386
2026-07-26 14:26:42.394,0 days 02:17:32.052000,18,283.0219444444451,0 days 00:00:40.546000,10994.0,146.0,2,0.0,True,0,car,2414.110277777777,0.5405870896751115,OnTrack,2117.823300297318,9204.37692899883,2347.784286743255,8252.052,40.546
2026-07-26 14:26:42.542,0 days 02:17:32.200000,18,286.3930613866671,0 days 00:00:40.694000,10482.65911552,126.75996672,2,0.0,True,0,pos,2419.0919478016735,0.5417026254999368,OnTrack,1955.0,9337.0,2348.0,8252.2,40.694
2026-07-26 14:26:42.594,0 days 02:17:32.252000,18,287.5775000000003,0 days 00:00:40.746000,10303.0,120.0,2,0.0,True,0,car,2420.776944444444,0.5420799435701229,OnTrack,1941.243015808364,9348.205358740903,2347.989449260017,8252.252,40.746
2026-07-26 14:26:42.702,0 days 02:17:32.360000,18,290.0375058311115,0 days 00:00:40.854000,10061.07942656,120.0,2,0.0,True,0,pos,2424.3600945848407,0.5428823115166481,OnTrack,1955.0,9337.0,2348.0,8252.36,40.854
2026-07-26 14:26:42.794,0 days 02:17:32.452000,18,292.133055555556,0 days 00:00:40.946000,9855.0,120.0,2,0.0,True,0,car,2427.4436111111104,0.5435727974651342,OnTrack,1960.8446865583087,9332.239377417198,2348.343652834804,8252.452,40.946
2026-07-26 14:26:43.022,0 days 02:17:32.680000,18,297.3263947200004,0 days 00:00:41.174000,9855.0,120.0,2,0.0,True,0,pos,2435.0324985438956,0.5452721624895597,OnTrack,1955.0,9337.0,2350.0,8252.68,41.174
2026-07-26 14:26:43.074,0 days 02:17:32.732000,18,298.5108333333337,0 days 00:00:41.226000,9855.0,120.0,2,0.0,True,0,car,2436.776944444444,0.5456627929181501,OnTrack,1954.6353220063818,9337.297038048926,2350.3431433485143,8252.732,41.226
2026-07-26 14:26:43.182,0 days 02:17:32.840000,18,300.9708391644448,0 days 00:00:41.334000,9729.299702044444,120.0,2,0.0,True,0,pos,2440.4312946935484,0.5464811045686168,OnTrack,1955.0,9337.0,2351.0,8252.84,41.334
2026-07-26 14:26:43.434,0 days 02:17:33.092000,18,306.71083333333354,0 days 00:00:41.586000,9436.0,120.0,2,0.0,True,0,car,2448.776944444444,0.5483499299291704,OnTrack,1955.0895191803622,9336.927084707278,2352.3669783815553,8253.092,41.586
2026-07-26 14:26:43.562,0 days 02:17:33.220000,18,310.19527715659575,0 days 00:00:41.714000,9436.0,114.29526564095544,2,0.0,True,0,pos,2452.613827596248,0.5492091158228516,OnTrack,1955.0,9337.0,2353.0,8253.22,41.714
2026-07-26 14:26:43.782,0 days 02:17:33.440000,18,316.1841719467154,0 days 00:00:41.934000,9436.0,104.49024205187885,2,0.0,True,0,pos,2458.8338683581155,0.550601957634624,OnTrack,1955.0,9337.0,2354.0,8253.44,41.934
2026-07-26 14:26:43.793,0 days 02:17:33.451000,18,316.48361111111126,0 days 00:00:41.945000,9436.0,104.0,2,0.0,True,0,car,2459.148055555555,0.550672312971843,OnTrack,1955.0007370890926,9336.999399625172,2354.0448764982098,8253.451,41.945
2026-07-26 14:26:44.033,0 days 02:17:33.691000,18,323.01694444444456,0 days 00:00:42.185000,9436.0,104.0,2,0.0,True,0,car,2466.0813888888883,0.5522248810226549,OnTrack,1955.0001143724755,9336.999906841393,2354.96160784915,8253.691,42.185
2026-07-26 14:26:44.042,0 days 02:17:33.700000,18,323.2619427022223,0 days 00:00:42.194000,9436.0,104.0,2,0.0,True,0,pos,2466.3417935947823,0.5522831929495757,OnTrack,1955.0,9337.0,2355.0,8253.7,42.194
2026-07-26 14:26:44.233,0 days 02:17:33.891000,18,328.4613888888889,0 days 00:00:42.385000,9436.0,104.0,2,0.0,True,0,car,2471.859166666666,0.5535186877316647,OnTrack,1954.9998334897473,9337.000135619437,2355.8609789341476,8253.891,42.385
2026-07-26 14:26:44.302,0 days 02:17:33.960000,18,330.33972744888894,0 days 00:00:42.454000,9265.470954057142,104.0,2,0.0,True,0,pos,2473.852021006682,0.5539649437862172,OnTrack,1955.0,9337.0,2356.0,8253.96,42.454
2026-07-26 14:26:44.422,0 days 02:17:34.080000,18,333.6063941155556,0 days 00:00:42.574000,8968.899525485715,104.0,2,0.0,True,0,pos,2477.3187761331787,0.5547412476202633,OnTrack,1955.0,9337.0,2356.0,8254.08,42.574
2026-07-26 14:26:44.513,0 days 02:17:34.171000,18,336.08361111111117,0 days 00:00:42.665000,8744.0,104.0,2,0.0,False,0,car,2479.948055555555,0.5553300171242784,OnTrack,1954.999989070373,9337.000008777006,2356.2573233238872,8254.171,42.665
2026-07-26 14:26:44.642,0 days 02:17:34.300000,18,339.5952760355555,0 days 00:00:42.794000,8744.0,104.0,2,0.0,False,0,pos,2483.6755736680243,0.5561647131142172,OnTrack,1955.0,9337.0,2357.0,8254.3,42.794
2026-07-26 14:26:44.802,0 days 02:17:34.460000,18,343.95083159111095,0 days 00:00:42.954000,8744.0,104.0,2,0.0,False,0,pos,2488.2981429320785,0.5571998361938377,OnTrack,1955.0,9337.0,2358.0,8254.46,42.954
2026-07-26 14:26:44.873,0 days 02:17:34.531000,18,345.8836111111109,0 days 00:00:43.025000,8744.0,104.0,2,0.0,False,0,car,2490.348055555555,0.5576588692004961,OnTrack,1955.0000007841338,9336.999996177528,2358.060038108639,8254.531,43.025
2026-07-26 14:26:44.982,0 days 02:17:34.640000,18,348.8508385599998,0 days 00:00:43.134000,8744.0,104.0,2,0.0,False,0,pos,2493.4933491468328,0.5583631887688,OnTrack,1955.0,9337.0,2358.0,8254.64,43.134
2026-07-26 14:26:45.113,0 days 02:17:34.771000,18,352.4169444444442,0 days 00:00:43.265000,8744.0,104.0,2,0.0,False,0,car,2497.2813888888886,0.5592114372513078,OnTrack,1954.9999865826944,9337.00005249829,2358.621662367125,8254.771,43.265
2026-07-26 14:26:45.202,0 days 02:17:34.860000,18,354.8397204799997,0 days 00:00:43.354000,8712.8500224,104.0,2,0.0,False,0,pos,2499.8677397841975,0.5597905938524971,OnTrack,1955.0,9337.0,2359.0,8254.86,43.354
2026-07-26 14:26:45.442,0 days 02:17:35.100000,18,361.37305381333294,0 days 00:00:43.594000,8628.8500224,104.0,2,0.0,False,0,pos,2506.831540105382,0.5613499843175314,OnTrack,1955.0,9337.0,2359.0,8255.1,43.594
2026-07-26 14:26:45.513,0 days 02:17:35.171000,18,363.3058333333329,0 days 00:00:43.665000,8604.0,104.0,2,0.0,False,0,car,2508.8369444444443,0.5617990506693276,OnTrack,1954.99978091623,9337.000855426431,2359.3124899326294,8255.171,43.665
2026-07-26 14:26:45.623,0 days 02:17:35.281000,18,366.4530600535553,0 days 00:00:43.775000,8590.763466559592,101.71783906199876,2,13.692965628007471,False,0,pos,2511.8822281477906,0.5624809752150209,OnTrack,1955.0,9337.0,2360.0,8255.281,43.775
2026-07-26 14:26:45.754,0 days 02:17:35.412000,18,370.20111111111055,0 days 00:00:43.906000,8575.0,99.0,2,30.0,False,0,car,2515.4644444444443,0.5632831340477057,OnTrack,1955.002949030878,9336.988485373426,2360.599186193781,8255.412,43.906
2026-07-26 14:26:45.943,0 days 02:17:35.601000,18,375.6086166044441,0 days 00:00:44.095000,8575.0,99.0,2,30.0,False,0,pos,2520.6643344125914,0.5644475354465925,OnTrack,1955.0,9337.0,2361.0,8255.601,44.095
2026-07-26 14:26:46.034,0 days 02:17:35.692000,18,378.21222222222195,0 days 00:00:44.186000,8575.0,99.0,2,30.0,False,0,car,2523.164444444444,0.5650073802964437,OnTrack,1954.9886014408567,9337.044506192606,2360.988103550641,8255.692,44.186
2026-07-26 14:26:46.354,0 days 02:17:36.012000,18,387.3677777777775,0 days 00:00:44.506000,8575.0,99.0,2,30.0,False,0,car,2531.9644444444443,0.5669779474378587,OnTrack,1954.9947456492628,9337.020515851294,2361.872995720559,8256.012,44.506
2026-07-26 14:26:46.363,0 days 02:17:36.021000,18,387.70028487111085,0 days 00:00:44.515000,8575.0,99.10227490909091,2,30.0,False,0,pos,2532.217475073991,0.56703460810199,OnTrack,1955.0,9337.0,2362.0,8256.021,44.515
2026-07-26 14:26:46.563,0 days 02:17:36.221000,18,395.0891737599997,0 days 00:00:44.715000,8575.0,101.37500218181818,2,30.0,False,0,pos,2537.9508404883973,0.568318469635553,OnTrack,1955.0,9337.0,2364.0,8256.221,44.715
2026-07-26 14:26:46.603,0 days 02:17:36.261000,18,396.56695153777747,0 days 00:00:44.755000,8575.0,101.82954763636364,2,30.0,False,0,pos,2539.1201180145117,0.5685803037119344,OnTrack,1955.0,9337.0,2363.0,8256.261,44.755
2026-07-26 14:26:46.794,0 days 02:17:36.452000,18,403.623333333333,0 days 00:00:44.946000,8575.0,104.0,2,30.0,False,0,car,2544.6755555555555,0.5698243221976803,OnTrack,1968.179956349879,9285.538261342972,2363.159479095584,8256.452,44.946
2026-07-26 14:26:46.963,0 days 02:17:36.621000,18,409.86695153777765,0 days 00:00:45.115000,8575.0,104.0,2,30.0,False,0,pos,2549.5564000831127,0.5709172803622664,OnTrack,1955.0,9337.0,2366.0,8256.621,45.115
2026-07-26 14:26:46.994,0 days 02:17:36.652000,18,411.01222222222214,0 days 00:00:45.146000,8575.0,104.0,2,30.0,False,0,car,2550.4533333333334,0.5711181289066901,OnTrack,1946.0437322993964,9371.970154340086,2366.339707466064,8256.652,45.146
2026-07-26 14:26:47.154,0 days 02:17:36.812000,18,416.9233333333332,0 days 00:00:45.306000,8575.0,104.0,2,30.0,False,0,car,2555.0755555555556,0.572153174273898,OnTrack,1867.588113467118,9678.30368423521,2367.1992561428665,8256.812,45.306
2026-07-26 14:26:47.363,0 days 02:17:37.021000,18,424.6447293155555,0 days 00:00:45.515000,8575.0,104.0,2,30.0,False,0,pos,2561.038890654205,0.5734885324782893,OnTrack,1955.0,9337.0,2368.0,8257.021,45.515
2026-07-26 14:26:47.394,0 days 02:17:37.052000,18,425.78999999999996,0 days 00:00:45.546000,8575.0,104.0,2,30.0,False,0,car,2562.008888888889,0.5737057423247097,OnTrack,2010.4856913243311,9120.35359614727,2368.2602257010712,8257.052,45.546
2026-07-26 14:26:47.554,0 days 02:17:37.212000,18,431.2122222222224,0 days 00:00:45.706000,9492.0,122.0,2,59.0,True,0,car,2567.4311111111115,0.574919930159319,OnTrack,2379.507955373481,7679.489392428086,2369.9183172027874,8257.212,45.706
2026-07-26 14:26:47.563,0 days 02:17:37.221000,18,431.51722872888905,0 days 00:00:45.715000,9492.0,122.0,2,59.0,True,0,pos,2567.740864550875,0.5749892926536757,OnTrack,2395.0,7619.0,2370.0,8257.221,45.715
2026-07-26 14:26:48.003,0 days 02:17:37.661000,18,446.4283398399998,0 days 00:00:46.155000,9492.0,122.0,2,59.0,True,0,pos,2582.661458035327,0.5783304325685474,OnTrack,2395.0,7619.0,2372.0,8257.661,46.155
2026-07-26 14:26:48.074,0 days 02:17:37.732000,18,448.8344444444442,0 days 00:00:46.226000,9492.0,122.0,2,59.0,True,0,car,2585.0533333333337,0.5788660406217989,OnTrack,2383.1588084410637,7665.234470677753,2372.215316295093,8257.732,46.226
2026-07-26 14:26:48.323,0 days 02:17:37.981000,18,457.2727842844442,0 days 00:00:46.475000,9492.0,122.0,2,59.0,True,0,pos,2593.4585631396217,0.5807482076300163,OnTrack,2395.0,7619.0,2373.0,8257.981,46.475
2026-07-26 14:26:48.394,0 days 02:17:38.052000,18,459.67888888888865,0 days 00:00:46.546000,9492.0,122.0,2,59.0,True,0,car,2595.897777777778,0.5812944162910173,OnTrack,2397.1004684556838,7610.798625439459,2373.2521732700584,8258.052,46.546
2026-07-26 14:26:48.663,0 days 02:17:38.321000,18,468.7202842311111,0 days 00:00:46.815000,10562.770208711112,125.73611377777777,2,52.2749952,True,0,pos,2605.370125614958,0.5834155409955627,OnTrack,2395.0,7619.0,2374.0,8258.321,46.815
2026-07-26 14:26:48.754,0 days 02:17:38.412000,18,471.778888888889,0 days 00:00:46.906000,10925.0,127.0,2,50.0,False,0,car,2608.597777777778,0.5841383029610139,OnTrack,2394.9404474622397,7619.232525587144,2373.9690421363416,8258.412,46.906
2026-07-26 14:26:48.803,0 days 02:17:38.461000,18,389.60999053333376,0 days 00:00:46.955000,10925.0,127.0,2,50.0,False,0,pos,2610.333435553155,0.5845269654815707,OnTrack,2395.0,7619.0,2374.0,8258.461,46.955
2026-07-26 14:26:49.034,0 days 02:17:38.692000,10,2.2441666666686615,0 days 00:00:47.186000,10925.0,127.0,2,50.0,False,0,car,2618.4755555555557,0.5863502148154556,OnTrack,2395.0044604387335,7618.982584040528,2374.9366915671676,8258.692,47.186
2026-07-26 14:26:49.062,0 days 02:17:38.720000,10,3.0141737066686507,0 days 00:00:47.214000,10925.0,127.0,2,50.0,False,0,pos,2619.454184024673,0.5865693572137392,OnTrack,2395.0,7619.0,2375.0,8258.72,47.214
2026-07-26 14:26:49.222,0 days 02:17:38.880000,10,7.41417370666859,0 days 00:00:47.374000,10925.0,127.0,2,50.0,False,0,pos,2625.0539840250576,0.5878233097000178,OnTrack,2395.0,7619.0,2375.0,8258.88,47.374
2026-07-26 14:26:49.274,0 days 02:17:38.932000,10,8.84416666666857,0 days 00:00:47.426000,10925.0,127.0,2,50.0,False,0,car,2626.9422222222224,0.58824613926212,OnTrack,2395.001443941008,7618.994362468438,2375.0063294051415,8258.932,47.426
2026-07-26 14:26:49.714,0 days 02:17:39.372000,10,20.821944444446217,0 days 00:00:47.866000,10925.0,142.0,2,50.0,False,0,car,2644.297777777778,0.5921325355687994,OnTrack,2395.0000276032188,7618.999892708758,2375.0328031308427,8259.372,47.866
2026-07-26 14:26:49.722,0 days 02:17:39.380000,10,21.039722222224,0 days 00:00:47.874000,10925.0,142.0,2,50.0,False,0,pos,2644.6164462849,0.5922038943971107,OnTrack,2395.0,7619.0,2375.0,8259.38,47.874
2026-07-26 14:26:49.922,0 days 02:17:39.580000,10,26.484166666668546,0 days 00:00:48.074000,10925.0,142.0,2,50.0,False,0,pos,2652.5152668023193,0.5939726621434244,OnTrack,2395.0,7619.0,2374.0,8259.58,48.074
2026-07-26 14:26:50.074,0 days 02:17:39.732000,10,30.6219444444464,0 days 00:00:48.226000,10925.0,142.0,2,50.0,False,0,car,2658.4977777777776,0.5953123143651735,OnTrack,2395.000021766751,7618.999962429256,2374.04716577921,8259.732,48.226
2026-07-26 14:26:50.122,0 days 02:17:39.780000,10,31.928611111113042,0 days 00:00:48.274000,10925.0,142.0,2,50.0,False,0,pos,2660.392266371029,0.5957365435664971,OnTrack,2395.0,7619.0,2374.0,8259.78,48.274
2026-07-26 14:26:50.274,0 days 02:17:39.932000,10,36.06638888889074,0 days 00:00:48.426000,10925.0,142.0,2,50.0,False,0,car,2666.3866666666668,0.597078858140937,OnTrack,2394.999907957792,7619.0000832035985,2373.2847986442594,8259.932,48.426
2026-07-26 14:26:50.322,0 days 02:17:39.980000,10,37.37305513532296,0 days 00:00:48.474000,10992.537666721555,142.0,2,62.06029762884901,False,0,pos,2668.2660912367937,0.597499714084421,OnTrack,2395.0,7619.0,2373.0,8259.98,48.474
2026-07-26 14:26:50.473,0 days 02:17:40.131000,10,41.48361111111262,0 days 00:00:48.625000,11205.0,142.0,2,100.0,False,0,car,2674.2361111111113,0.5988365691978216,OnTrack,2395.0003568593293,7618.999689202216,2372.1454769317947,8260.131,48.625
2026-07-26 14:26:50.502,0 days 02:17:40.160000,10,42.21667152000149,0 days 00:00:48.654000,11116.756558628571,143.13929325714287,2,100.0,False,0,pos,2675.4246584291773,0.5991027183217985,OnTrack,2395.0,7619.0,2372.0,8260.16,48.654
2026-07-26 14:26:50.722,0 days 02:17:40.380000,10,47.777776160001316,0 days 00:00:48.874000,10447.32876617143,151.78214034285713,2,100.0,False,0,pos,2684.809080044343,0.6012041538758929,OnTrack,2395.0,7619.0,2371.0,8260.38,48.874
2026-07-26 14:26:50.753,0 days 02:17:40.411000,10,48.56138888889018,0 days 00:00:48.905000,10353.0,153.0,3,100.0,False,0,car,2686.1361111111114,0.6015013134004168,OnTrack,2395.0038184215973,7618.996677678372,2370.8183914414794,8260.411,48.905
2026-07-26 14:26:50.882,0 days 02:17:40.540000,10,51.822220604445505,0 days 00:00:49.034000,10353.0,153.0,3,100.0,False,0,pos,2691.6223330011644,0.602729832558036,OnTrack,2395.0,7619.0,2370.0,8260.54,49.034
2026-07-26 14:26:50.953,0 days 02:17:40.611000,10,53.61694444444538,0 days 00:00:49.105000,10353.0,153.0,3,100.0,False,0,car,2694.6361111111114,0.6034047021165562,OnTrack,2394.9401072055684,7619.052110907537,2369.6426029939557,8260.611,49.105
2026-07-26 14:26:51.062,0 days 02:17:40.720000,10,56.37222707555667,0 days 00:00:49.214000,10353.0,153.0,3,100.0,False,0,pos,2699.2713528083873,0.6044426629098706,OnTrack,2395.0,7619.0,2369.0,8260.72,49.214
2026-07-26 14:26:51.113,0 days 02:17:40.771000,10,57.66138888889009,0 days 00:00:49.265000,10353.0,153.0,3,100.0,False,0,car,2701.4361111111116,0.6049274130894677,OnTrack,2395.2288253390516,7618.800906025626,2368.5165818663945,8260.771,49.265
2026-07-26 14:26:51.362,0 days 02:17:41.020000,10,63.955553937778916,0 days 00:00:49.514000,10449.833308444444,153.0,3,100.0,False,0,pos,2711.9516785450483,0.6072821439597686,OnTrack,2395.0,7619.0,2366.0,8261.02,49.514
2026-07-26 14:26:51.402,0 days 02:17:41.060000,10,64.96666504889002,0 days 00:00:49.554000,10465.388864,153.0,3,100.0,False,0,pos,2713.6633147192924,0.6076654273692033,OnTrack,2395.0,7619.0,2366.0,8261.06,49.554
2026-07-26 14:26:51.473,0 days 02:17:41.131000,10,66.76138888889,0 days 00:00:49.625000,10493.0,153.0,3,100.0,False,0,car,2716.7361111111118,0.6083535127785188,OnTrack,2415.1999964920233,7601.424597019627,2365.939605814467,8261.131,49.625
2026-07-26 14:26:52.303,0 days 02:17:41.961000,10,85.43639319005572,0 days 00:00:50.455000,11164.10598096407,165.82996728313663,3,100.0,False,0,pos,2755.006350305643,0.6169232941252045,OnTrack,3688.0,6494.0,2358.0,8261.961,50.455
2026-07-26 14:26:52.314,0 days 02:17:41.972000,10,85.68388888889012,0 days 00:00:50.466000,11173.0,166.0,3,100.0,True,0,car,2755.515555555556,0.6170373194813084,OnTrack,3692.012182486993,6490.509121966168,2357.865000622382,8261.972,50.466
2026-07-26 14:26:52.514,0 days 02:17:42.172000,10,90.18388888888967,0 days 00:00:50.666000,11313.0,166.0,3,100.0,False,0,car,2764.7377777777783,0.619102434036074,OnTrack,3688.7676501906485,6493.332090901675,2355.1552363310852,8262.172,50.666
2026-07-26 14:26:52.523,0 days 02:17:42.181000,10,90.38639320888969,0 days 00:00:50.675000,11249.998656,166.0,3,100.0,False,0,pos,2765.1525889253603,0.6191953219016781,OnTrack,3688.0,6494.0,2355.0,8262.181,50.675
2026-07-26 14:26:52.674,0 days 02:17:42.332000,10,93.78388888889003,0 days 00:00:50.826000,10193.0,166.0,3,100.0,False,0,car,2772.115555555556,0.6207545256798865,OnTrack,3683.0896407846776,6498.272354296453,2351.841881452381,8262.332,50.826
2026-07-26 14:26:52.883,0 days 02:17:42.541000,10,98.48639320888998,0 days 00:00:51.035000,10137.266615466666,166.0,3,100.0,False,0,pos,2781.7473877768325,0.6229113634170308,OnTrack,3688.0,6494.0,2349.0,8262.541,51.035
2026-07-26 14:26:53.034,0 days 02:17:42.692000,10,101.88388888888994,0 days 00:00:51.186000,10097.0,166.0,4,100.0,False,0,car,2788.715555555556,0.6244717318784647,OnTrack,3688.0561708867513,6493.951127442224,2350.6823610893994,8262.692,51.186
2026-07-26 14:26:53.063,0 days 02:17:42.721000,10,102.53639320888995,0 days 00:00:51.215000,10097.0,166.0,4,100.0,False,0,pos,2790.0558406593923,0.624771859354118,OnTrack,3688.0,6494.0,2351.0,8262.721,51.215
2026-07-26 14:26:53.223,0 days 02:17:42.881000,10,106.13639320889001,0 days 00:00:51.375000,10097.0,166.0,4,100.0,False,0,pos,2797.4473273159942,0.6264270208009026,OnTrack,3688.0,6494.0,2352.0,8262.881,51.375
2026-07-26 14:26:53.274,0 days 02:17:42.932000,10,107.28388888889003,0 days 00:00:51.426000,10097.0,166.0,4,100.0,False,0,car,2799.7822222222226,0.6269498693441835,OnTrack,3688.0118950153874,6493.989650930241,2352.3405077907205,8262.932,51.426
2026-07-26 14:26:53.474,0 days 02:17:43.132000,10,111.78388888888958,0 days 00:00:51.626000,10097.0,166.0,4,100.0,False,0,car,2809.0044444444447,0.629014983898949,OnTrack,3688.0004180819033,6493.999636609418,2353.9375337746196,8263.132,51.626
2026-07-26 14:26:53.483,0 days 02:17:43.141000,10,111.91389166222292,0 days 00:00:51.635000,10108.29524096,166.81001728,4,100.0,False,0,pos,2809.443324656167,0.629113261503976,OnTrack,3688.0,6494.0,2354.0,8263.141,51.635
2026-07-26 14:26:53.643,0 days 02:17:43.301000,10,114.22500277333424,0 days 00:00:51.795000,10309.09524096,181.21001728,4,100.0,False,0,pos,2817.624292034049,0.6309452098562308,OnTrack,3688.0,6494.0,2355.0,8263.301,51.795
2026-07-26 14:26:53.674,0 days 02:17:43.332000,10,114.67277777777872,0 days 00:00:51.826000,10348.0,184.0,4,100.0,False,0,car,2819.226666666667,0.6313040265379665,OnTrack,3688.0002329254517,6493.999805450477,2355.2199793798,8263.332,51.826
2026-07-26 14:26:53.903,0 days 02:17:43.561000,10,117.98055832889004,0 days 00:00:52.055000,10348.0,184.0,4,100.0,False,0,pos,2830.9371400480586,0.633926330407942,OnTrack,3688.0,6494.0,2357.0,8263.561,52.055
2026-07-26 14:26:53.954,0 days 02:17:43.612000,10,118.71722222222343,0 days 00:00:52.106000,10348.0,184.0,4,100.0,False,0,car,2833.537777777778,0.6345086862325907,OnTrack,3687.9999585808055,6493.99993463005,2357.290573774218,8263.612,52.106
2026-07-26 14:26:54.123,0 days 02:17:43.781000,10,121.15833610666789,0 days 00:00:52.275000,10348.0,184.0,4,100.0,False,0,pos,2842.1690440718335,0.6364414691584847,OnTrack,3688.0,6494.0,2358.0,8263.781,52.275
2026-07-26 14:26:54.323,0 days 02:17:43.981000,10,124.0472249955568,0 days 00:00:52.475000,10348.0,184.0,4,100.0,False,0,pos,2852.397394804242,0.6387318841430475,OnTrack,3688.0,6494.0,2359.0,8263.981,52.475
2026-07-26 14:26:54.354,0 days 02:17:44.012000,10,124.49500000000126,0 days 00:00:52.506000,10348.0,184.0,4,100.0,False,0,car,2853.9822222222224,0.6390867715106254,OnTrack,3688.0001291706153,6493.9981189979935,2359.2668419261277,8264.012,52.506
2026-07-26 14:26:54.514,0 days 02:17:44.172000,10,125.73944444444578,0 days 00:00:52.666000,10348.0,184.0,4,100.0,True,0,car,2862.16,0.6409180056218392,OnTrack,3688.0001689152396,6493.997556579837,2360.9258624305417,8264.172,52.666
2026-07-26 14:26:54.523,0 days 02:17:44.181000,10,125.79444561777912,0 days 00:00:52.675000,10348.0,184.0,4,100.0,True,0,pos,2862.6199925250257,0.6410210108667385,OnTrack,3688.0,6494.0,2361.0,8264.181,52.675
2026-07-26 14:26:54.703,0 days 02:17:44.361000,10,126.89444561777914,0 days 00:00:52.855000,10348.0,184.0,4,100.0,True,0,pos,2871.819989422026,0.6430811485470052,OnTrack,3688.0,6494.0,2362.0,8264.361,52.855
2026-07-26 14:26:54.754,0 days 02:17:44.412000,10,127.20611111111248,0 days 00:00:52.906000,10348.0,184.0,4,100.0,True,0,car,2874.4266666666667,0.6436648567886601,OnTrack,3688.007935774252,6493.885245775676,2362.267005514584,8264.412,52.906
2026-07-26 14:26:54.863,0 days 02:17:44.521000,10,127.87222339555714,0 days 00:00:53.015000,10348.0,184.0,4,100.0,True,0,pos,2879.997787263887,0.6449123871511308,OnTrack,3688.0,6494.0,2363.0,8264.521,53.015
2026-07-26 14:26:54.954,0 days 02:17:44.612000,10,128.4283333333351,0 days 00:00:53.106000,10348.0,184.0,4,100.0,True,0,car,2884.648888888889,0.6459538994276774,OnTrack,3687.899630969722,6495.45136819671,2363.966963110017,8264.612,53.106
2026-07-26 14:26:55.123,0 days 02:17:44.781000,10,129.46111228444656,0 days 00:00:53.275000,10348.0,184.0,4,100.0,True,0,pos,2893.286744879773,0.6478881579717582,OnTrack,3688.0,6494.0,2366.0,8264.781,53.275
2026-07-26 14:26:55.194,0 days 02:17:44.852000,10,129.89500000000226,0 days 00:00:53.346000,10348.0,184.0,4,100.0,True,0,car,2896.9155555555553,0.6487007505944983,OnTrack,3688.4585260834333,6487.369567173642,2366.5679913803447,8264.852,53.346
2026-07-26 14:26:55.463,0 days 02:17:45.121000,10,131.38944551111302,0 days 00:00:53.615000,10263.93744,184.0,4,100.0,True,0,pos,2910.664002375982,0.6517794139524328,OnTrack,3688.0,6494.0,2368.0,8265.121,53.615
2026-07-26 14:26:55.514,0 days 02:17:45.172000,10,131.67277777777963,0 days 00:00:53.666000,10248.0,184.0,4,100.0,True,0,car,2913.2711111111107,0.6523632188169259,OnTrack,3686.060545171685,6522.045132802947,2368.448078883818,8265.172,53.666
2026-07-26 14:26:55.662,0 days 02:17:45.320000,10,132.20722314666833,0 days 00:00:53.814000,10248.0,184.0,4,7.499839999999993,True,0,pos,2920.836114484415,0.6540572355296675,OnTrack,3688.0,6494.0,2370.0,8265.32,53.814
2026-07-26 14:26:55.674,0 days 02:17:45.332000,10,132.25055555555718,0 days 00:00:53.826000,10248.0,184.0,4,0.0,True,0,car,2921.4488888888886,0.6541944529281399,OnTrack,3689.902704149384,6466.486293688922,2370.1228524045155,8265.332,53.826
2026-07-26 14:26:56.022,0 days 02:17:45.680000,10,133.5072231466689,0 days 00:00:54.174000,10248.0,184.0,4,0.0,True,0,pos,2939.230209744104,0.658176190042713,OnTrack,3814.0,4672.0,2373.0,8265.68,54.174
2026-07-26 14:26:56.034,0 days 02:17:45.692000,10,133.55055555555782,0 days 00:00:54.186000,10248.0,184.0,4,0.0,True,0,car,2939.8488888888887,0.6583147296783711,OnTrack,3816.5714396407357,4634.81616862343,2373.057060357349,8265.692,54.186
2026-07-26 14:26:56.314,0 days 02:17:45.972000,10,134.56166666666832,0 days 00:00:54.466000,10248.0,184.0,4,0.0,True,0,car,2954.16,0.6615193893729955,OnTrack,3818.908097228869,4601.027426781173,2373.6288268966696,8265.972,54.466
2026-07-26 14:26:56.422,0 days 02:17:46.080000,10,135.46166880000166,0 days 00:00:54.574000,10663.8009856,177.99998577777777,4,0.0,True,0,pos,2959.2698953994523,0.6626636384605215,OnTrack,3814.0,4672.0,2374.0,8266.08,54.574
2026-07-26 14:26:56.622,0 days 02:17:46.280000,10,137.12833546666832,0 days 00:00:54.774000,11433.8009856,166.88887466666668,4,0.0,True,0,pos,2968.218275820126,0.6646674321452782,OnTrack,3814.0,4672.0,2375.0,8266.28,54.774
2026-07-26 14:26:56.674,0 days 02:17:46.332000,10,137.56166666666832,0 days 00:00:54.826000,11634.0,164.0,4,0.0,True,0,car,2970.56,0.6651918099547233,OnTrack,3814.045470346574,4671.3428155669635,2375.0242731125036,8266.332,54.826
2026-07-26 14:26:56.722,0 days 02:17:46.380000,10,137.9616666666683,0 days 00:00:54.874000,11634.0,164.0,4,0.0,True,0,pos,2972.7345904562058,0.6656787618296134,OnTrack,3814.0,4672.0,2375.0,8266.38,54.874
2026-07-26 14:26:56.874,0 days 02:17:46.532000,10,139.22833333333483,0 days 00:00:55.026000,11634.0,164.0,3,0.0,True,0,car,2979.6711111111113,0.6672320436112388,OnTrack,3813.9510297725437,4672.698389651604,2375.061961796754,8266.532,55.026
2026-07-26 14:26:57.034,0 days 02:17:46.692000,10,140.56166666666877,0 days 00:00:55.186000,11634.0,164.0,3,0.0,True,0,car,2986.96,0.6688642305364512,OnTrack,3813.9920208667536,4672.105039700278,2375.0923387875237,8266.692,55.186
2026-07-26 14:26:57.082,0 days 02:17:46.740000,10,140.96166653802558,0 days 00:00:55.234000,11634.0,164.0,3,0.0,True,0,pos,2989.145031376624,0.6693535204266483,OnTrack,3814.0,4672.0,2375.0,8266.74,55.234
2026-07-26 14:26:57.233,0 days 02:17:46.891000,10,142.22000000000207,0 days 00:00:55.385000,11634.0,164.0,3,0.0,True,0,car,2996.0255555555555,0.670894263024684,OnTrack,3814.009531508533,4671.926356383314,2374.3966131207244,8266.891,55.385
2026-07-26 14:26:57.362,0 days 02:17:47.020000,10,143.2949994666685,0 days 00:00:55.514000,11634.0,164.0,3,0.0,True,0,pos,3001.9321066494745,0.6722169056956802,OnTrack,3814.0,4672.0,2374.0,8267.02,55.514
2026-07-26 14:26:57.473,0 days 02:17:47.131000,10,144.22000000000162,0 days 00:00:55.625000,11634.0,164.0,3,0.0,True,0,car,3006.958888888889,0.6733425434125027,OnTrack,3813.9799797408373,4672.05246231493,2374.0595943666335,8267.131,55.625
2026-07-26 14:26:57.562,0 days 02:17:47.220000,10,145.23361038222393,0 days 00:00:55.714000,11455.258461866666,162.26944568888888,3,0.4944440888888889,True,0,pos,3010.906585903628,0.6742265436422196,OnTrack,3814.0,4672.0,2374.0,8267.22,55.714
2026-07-26 14:26:57.833,0 days 02:17:47.491000,10,148.32000000000198,0 days 00:00:55.985000,10911.0,157.0,3,2.0,False,0,car,3022.6588888888887,0.6768582143352543,OnTrack,3814.034684873419,4671.918329985305,2372.0651117803004,8267.491,55.985
2026-07-26 14:26:57.842,0 days 02:17:47.500000,10,148.42249927111305,0 days 00:00:55.994000,10911.0,157.0,3,2.0,False,0,pos,3023.05031686969,0.6769458660531176,OnTrack,3814.0,4672.0,2372.0,8267.5,55.994
2026-07-26 14:26:57.993,0 days 02:17:47.651000,10,150.1422222222236,0 days 00:00:56.145000,10911.0,157.0,3,2.0,False,0,car,3029.6366666666668,0.6784207347453661,OnTrack,3813.8448247104147,4672.365163249768,2371.053725548169,8267.651,56.145
2026-07-26 14:26:58.002,0 days 02:17:47.660000,10,150.24472149333474,0 days 00:00:56.154000,10911.0,157.0,3,2.0,False,0,pos,3030.02953753151,0.6785087095654888,OnTrack,3814.0,4672.0,2371.0,8267.66,56.154
2026-07-26 14:26:58.273,0 days 02:17:47.931000,10,153.33111111111293,0 days 00:00:56.425000,10911.0,157.0,3,2.0,False,0,car,3041.8477777777775,0.6811551454630618,OnTrack,3817.8389884386056,4662.966238416344,2369.2422405326433,8267.931,56.425
2026-07-26 14:26:58.302,0 days 02:17:47.960000,10,153.7016691791432,0 days 00:00:56.454000,10897.259258455342,156.9276803076597,3,4.314230154889601,False,0,pos,3043.108599423655,0.681437478838806,OnTrack,3814.0,4672.0,2369.0,8267.96,56.454
2026-07-26 14:26:58.502,0 days 02:17:48.160000,10,156.2572251425678,0 days 00:00:56.654000,10802.49615106173,156.42892711085122,3,20.27433245276129,False,0,pos,3051.7787163791863,0.6833789615188964,OnTrack,3814.0,4672.0,2367.0,8268.16,56.654
2026-07-26 14:26:58.674,0 days 02:17:48.332000,10,158.4550000000013,0 days 00:00:56.826000,10721.0,156.0,3,34.0,False,0,car,3059.2244444444445,0.6850462691404089,OnTrack,4100.550410532501,3997.7008911860635,2365.069397339467,8268.332,56.826
2026-07-26 14:26:58.903,0 days 02:17:48.561000,10,161.3811135644461,0 days 00:00:57.055000,10721.0,156.0,3,34.0,False,0,pos,3069.14737689686,0.6872682923946372,OnTrack,4570.0,2893.0,2363.0,8268.561,57.055
2026-07-26 14:26:58.914,0 days 02:17:48.572000,10,161.52166666666835,0 days 00:00:57.066000,10721.0,156.0,3,34.0,False,0,car,3069.6244444444446,0.6873751212166266,OnTrack,4580.780063943862,2867.631577182022,2362.941205798988,8268.572,57.066
2026-07-26 14:26:59.223,0 days 02:17:48.881000,10,165.47000245333493,0 days 00:00:57.375000,10721.0,156.0,3,34.0,False,0,pos,3083.0247290892676,0.6903758212855692,OnTrack,4570.0,2893.0,2362.0,8268.881,57.375
2026-07-26 14:26:59.274,0 days 02:17:48.932000,10,166.12166666666826,0 days 00:00:57.426000,10721.0,156.0,3,34.0,False,0,car,3085.2244444444445,0.690868399330953,OnTrack,4565.014718343376,2904.761631362174,2361.651477991362,8268.932,57.426
2026-07-26 14:26:59.443,0 days 02:17:49.101000,10,168.8444475377794,0 days 00:00:57.595000,10762.865956654545,155.2318173090909,3,43.60228363636364,False,0,pos,3092.476668719611,0.6924923760194547,OnTrack,4570.0,2893.0,2360.0,8269.101,57.595
2026-07-26 14:26:59.703,0 days 02:17:49.361000,10,173.03333642666834,0 days 00:00:57.855000,10827.275047563637,154.04999912727274,3,58.37501090909091,False,0,pos,3103.576503951947,0.6949779408585411,OnTrack,4570.0,2893.0,2357.0,8269.361,57.855
2026-07-26 14:26:59.714,0 days 02:17:49.372000,10,173.21055555555722,0 days 00:00:57.866000,10830.0,154.0,3,59.0,False,0,car,3104.0466666666666,0.695083223494535,OnTrack,4569.99421707076,2893.190208737262,2356.887946705181,8269.372,57.866
2026-07-26 14:26:59.914,0 days 02:17:49.572000,10,176.4327777777794,0 days 00:00:58.066000,10830.0,154.0,3,59.0,False,0,car,3112.6022222222223,0.6969990526597994,OnTrack,4570.140627633171,2893.363290966734,2355.0825741417793,8269.572,58.066
2026-07-26 14:26:59.923,0 days 02:17:49.581000,10,176.57778087111274,0 days 00:00:58.075000,10830.0,154.0,3,59.0,False,0,pos,3112.987257672459,0.6970852729105398,OnTrack,4570.0,2893.0,2355.0,8269.581,58.075
2026-07-26 14:27:00.154,0 days 02:17:49.812000,10,180.29944444444618,0 days 00:00:58.306000,10830.0,154.0,3,59.0,False,0,car,3122.8688888888887,0.6992980476581169,OnTrack,4560.236067898606,2870.396429460476,2352.692248480444,8269.812,58.306
2026-07-26 14:27:00.314,0 days 02:17:49.972000,10,182.87722222222374,0 days 00:00:58.466000,10830.0,154.0,3,59.0,False,0,car,3129.713333333333,0.7008307109903285,OnTrack,4566.150963817751,2884.158007427664,2351.2251879459254,8269.972,58.466
2026-07-26 14:27:00.343,0 days 02:17:50.001000,10,183.34444753777942,0 days 00:00:58.495000,10830.0,154.0,3,59.0,False,0,pos,3130.9509649403676,0.701107851465101,OnTrack,4570.0,2893.0,2351.0,8270.001,58.495
2026-07-26 14:27:00.474,0 days 02:17:50.132000,10,185.4550000000022,0 days 00:00:58.626000,10830.0,154.0,3,59.0,False,0,car,3136.5577777777776,0.7023633743225401,OnTrack,4598.006193477215,2957.2151972863758,2350.1384910575725,8270.132,58.626
2026-07-26 14:27:00.643,0 days 02:17:50.301000,10,187.94305838222425,0 days 00:00:58.795000,11107.26594,156.640628,3,65.3375072,False,0,pos,3143.9840367739603,0.7040263222727123,OnTrack,4570.0,2893.0,2349.0,8270.301,58.795
2026-07-26 14:27:00.794,0 days 02:17:50.452000,10,190.16611111111297,0 days 00:00:58.946000,11355.0,159.0,3,71.0,False,0,car,3150.691111111111,0.7055282245799641,OnTrack,4378.802866382878,2454.7834074197913,2347.481721706845,8270.452,58.946
2026-07-26 14:27:00.923,0 days 02:17:50.581000,10,192.06528060444623,0 days 00:00:59.075000,11355.0,159.0,3,71.0,False,0,pos,3156.3897106466984,0.7068043010568857,OnTrack,4243.0,2138.0,2346.0,8270.581,59.075
2026-07-26 14:27:00.994,0 days 02:17:50.652000,10,193.1105555555573,0 days 00:00:59.146000,11355.0,159.0,3,71.0,False,0,car,3159.5244444444443,0.7075062559908541,OnTrack,4231.2110313794055,2103.8706629559347,2345.1781879757305,8270.652,59.146
2026-07-26 14:27:01.103,0 days 02:17:50.761000,10,194.7152806044464,0 days 00:00:59.255000,11355.0,159.0,3,71.0,False,0,pos,3164.344117210736,0.7085855160801298,OnTrack,4243.0,2138.0,2344.0,8270.761,59.255
2026-07-26 14:27:01.194,0 days 02:17:50.852000,10,196.0550000000021,0 days 00:00:59.346000,11355.0,159.0,3,71.0,False,0,car,3168.3577777777773,0.7094842874017441,OnTrack,4207.363333743508,2109.2893786384625,2343.2119790502757,8270.852,59.346
2026-07-26 14:27:01.434,0 days 02:17:51.092000,10,199.5883333333354,0 days 00:00:59.586000,11355.0,159.0,3,71.0,False,0,car,3178.957777777777,0.711857925094812,OnTrack,3976.60810736626,1852.824875543606,2341.712223612043,8271.092,59.586
2026-07-26 14:27:01.523,0 days 02:17:51.181000,10,201.04694759111322,0 days 00:00:59.675000,11355.0,162.56000768,3,71.0,False,0,pos,3183.050444188792,0.7127743880437117,OnTrack,3931.0,1801.0,2341.0,8271.181,59.675
2026-07-26 14:27:01.634,0 days 02:17:51.292000,10,202.86611111111324,0 days 00:00:59.786000,11355.0,167.0,3,71.0,False,0,car,3188.235555555555,0.7139354800987028,OnTrack,3923.405725594407,1792.2978393135909,2339.915869546288,8271.292,59.786
2026-07-26 14:27:01.723,0 days 02:17:51.381000,10,204.5966704000021,0 days 00:00:59.875000,11279.81018262069,167.0,3,65.62929875862069,False,0,pos,3192.3842801212036,0.7148644960427764,OnTrack,3931.0,1801.0,2339.0,8271.381,59.875
2026-07-26 14:27:02.762,0 days 02:17:52.420000,10,224.79944444444624,0 days 00:01:00.914000,10402.034482758621,167.0,3,2.931034482758622,False,0,pos,3240.5496628703813,0.7256500779290495,OnTrack,3727.0,1580.0,2330.0,8272.42,60.914
2026-07-26 14:27:02.794,0 days 02:17:52.452000,10,225.42166666666844,0 days 00:01:00.946000,10375.0,167.0,3,1.0,True,0,car,3242.046666666666,0.7259852991212692,OnTrack,3726.5321365338255,1579.4905000568176,2329.6880213970207,8272.452,60.946
2026-07-26 14:27:02.862,0 days 02:17:52.520000,10,226.74389386666843,0 days 00:01:01.014000,10375.0,167.0,3,1.0,True,0,pos,3245.232247117966,0.7266986400489583,OnTrack,3727.0,1580.0,2329.0,8272.52,61.014
2026-07-26 14:27:03.062,0 days 02:17:52.720000,10,230.63278275555734,0 days 00:01:01.214000,10375.0,167.0,3,1.0,True,0,pos,3254.5807559395043,0.7287920337199755,OnTrack,3727.0,1580.0,2327.0,8272.72,61.214
2026-07-26 14:27:03.154,0 days 02:17:52.812000,10,232.42166666666844,0 days 00:01:01.306000,10375.0,167.0,3,1.0,True,0,car,3258.746666666666,0.7297248981282725,OnTrack,3726.677927004821,1579.651076463461,2326.7093549440583,8272.812,61.306
2026-07-26 14:27:03.402,0 days 02:17:53.060000,10,238.6905555555575,0 days 00:01:01.554000,10239.116666666667,159.76666666666668,3,3.066666666666667,True,0,pos,3269.4247979404704,0.7321160316078037,OnTrack,3727.0,1580.0,2324.0,8273.06,61.554
2026-07-26 14:27:03.582,0 days 02:17:53.240000,10,243.24056202666873,0 days 00:01:01.734000,10140.4915264,154.5166592,3,4.5666688,True,0,pos,3276.953703421623,0.7338019649887101,OnTrack,3727.0,1580.0,2321.0,8273.24,61.734
2026-07-26 14:27:03.634,0 days 02:17:53.292000,10,244.5550000000021,0 days 00:01:01.786000,10112.0,153.0,3,5.0,True,0,car,3279.146666666666,0.734293031047007,OnTrack,3722.7322616384895,1575.383318444453,2328.002427233561,8273.292,61.786
2026-07-26 14:27:03.862,0 days 02:17:53.520000,10,250.63500519855077,0 days 00:01:02.014000,9870.644145099475,153.0,3,5.9539757110692655,True,0,pos,3288.8362186314807,0.7364627938557453,OnTrack,3727.0,1580.0,2375.0,8273.52,62.014
2026-07-26 14:27:03.873,0 days 02:17:53.531000,10,250.928333333336,0 days 00:01:02.025000,9859.0,153.0,3,6.0,True,0,car,3289.304166666666,0.7365675805627937,OnTrack,3731.9812220759864,1585.3884919242605,2375.185085904169,8273.531,62.025
2026-07-26 14:27:03.922,0 days 02:17:53.580000,10,252.23499829333593,0 days 00:01:02.074000,9859.0,153.0,3,6.0,True,0,pos,3291.38786668868,0.7370341795168784,OnTrack,3727.0,1580.0,2374.0,8273.58,62.074
2026-07-26 14:27:04.033,0 days 02:17:53.691000,10,255.19500000000244,0 days 00:01:02.185000,9859.0,153.0,3,6.0,True,0,car,3296.104166666666,0.7380902915357053,OnTrack,3129.1386416552714,933.2568952823068,2373.3849574405995,8273.691,62.185
2026-07-26 14:27:04.122,0 days 02:17:53.780000,10,257.5683316266692,0 days 00:01:02.274000,9859.0,153.0,3,6.0,True,0,pos,3299.8835599467625,0.738936603832551,OnTrack,2614.0,376.0,2374.0,8273.78,62.274
2026-07-26 14:27:04.233,0 days 02:17:53.891000,10,260.5283333333359,0 days 00:01:02.385000,9859.0,153.0,3,6.0,True,0,car,3304.604166666666,0.7399936802518446,OnTrack,2526.5215828368146,281.3692594367851,2374.1039535202112,8273.891,62.385
2026-07-26 14:27:04.322,0 days 02:17:53.980000,10,262.90166496000256,0 days 00:01:02.474000,9824.388913777777,153.0,3,6.0,True,0,pos,3308.4039280167744,0.7408445535315881,OnTrack,2614.0,376.0,2374.0,8273.98,62.474
2026-07-26 14:27:04.502,0 days 02:17:54.160000,10,267.7016717866692,0 days 00:01:02.654000,9754.388814222222,153.0,3,6.0,True,0,pos,3316.0923037400426,0.7425661967783069,OnTrack,2614.0,376.0,2374.0,8274.16,62.654
2026-07-26 14:27:04.593,0 days 02:17:54.251000,10,270.12833333333583,0 days 00:01:02.745000,9719.0,153.0,3,6.0,False,0,car,3319.9041666666662,0.7434197799408957,OnTrack,2608.134985100049,369.6554555809909,2373.9937773020165,8274.251,62.745
2026-07-26 14:27:04.782,0 days 02:17:54.440000,10,275.74583904000264,0 days 00:01:02.934000,9637.624917333333,149.32499626666666,3,4.949998933333333,False,0,pos,3327.6185418204027,0.745147245190271,OnTrack,2614.0,376.0,2374.0,8274.44,62.934
2026-07-26 14:27:04.953,0 days 02:17:54.611000,10,280.8283333333361,0 days 00:01:03.105000,9564.0,146.0,3,4.0,False,0,car,3334.504166666666,0.7466891299709705,OnTrack,2614.119026563894,376.1287582954962,2374.0729488493334,8274.611,63.105
2026-07-26 14:27:04.982,0 days 02:17:54.640000,10,281.6902836372583,0 days 00:01:03.134000,9564.0,146.0,3,4.0,False,0,pos,3335.6752209483375,0.7469513619128199,OnTrack,2614.0,376.0,2374.0,8274.64,63.134
2026-07-26 14:27:05.303,0 days 02:17:54.961000,10,291.23111675981835,0 days 00:01:03.455000,9564.0,146.0,3,4.0,False,0,pos,3348.696888235316,0.7498672789221559,OnTrack,2614.0,376.0,2372.0,8274.961,63.455
2026-07-26 14:27:05.314,0 days 02:17:54.972000,10,291.55805555555753,0 days 00:01:03.466000,9564.0,146.0,3,4.0,False,0,car,3349.144722222222,0.7499675615289066,OnTrack,2614.004528955258,376.0048992471415,2371.990095838575,8274.972,63.466
2026-07-26 14:27:05.483,0 days 02:17:55.141000,10,296.9097283022246,0 days 00:01:03.635000,9557.6624928,146.0,3,4.0,False,0,pos,3356.037310312944,0.7515110055755981,OnTrack,2614.0,376.0,2372.0,8275.141,63.635
2026-07-26 14:27:05.634,0 days 02:17:55.292000,10,301.69138888889165,0 days 00:01:03.786000,9552.0,146.0,3,4.0,False,0,car,3362.1224999999995,0.7528736504445286,OnTrack,2613.9998347812325,375.9998212737876,2370.1090707527765,8275.292,63.786
2026-07-26 14:27:05.643,0 days 02:17:55.301000,10,301.99389534222496,0 days 00:01:03.795000,9553.767894857143,145.8392822857143,3,5.285741714285714,False,0,pos,3362.480528191893,0.7529538230116474,OnTrack,2614.0,376.0,2370.0,8275.301,63.795
2026-07-26 14:27:05.914,0 days 02:17:55.572000,10,311.1025000000027,0 days 00:01:04.066000,9607.0,141.0,3,44.0,False,0,car,3373.089166666666,0.7553293951018223,OnTrack,2614.0005075500962,376.0005489640749,2368.4157590351815,8275.572,64.066
2026-07-26 14:27:06.043,0 days 02:17:55.701000,10,315.4383397866692,0 days 00:01:04.195000,9607.0,141.0,3,44.0,False,0,pos,3378.1366852836845,0.756459676275956,OnTrack,2614.0,376.0,2368.0,8275.701,64.195
2026-07-26 14:27:06.243,0 days 02:17:55.901000,10,322.16056200889113,0 days 00:01:04.395000,9607.0,141.0,3,44.0,False,0,pos,3385.9802314694316,0.7582160665470701,OnTrack,2614.0,376.0,2367.0,8275.901,64.395
2026-07-26 14:27:06.314,0 days 02:17:55.972000,10,324.5469444444466,0 days 00:01:04.466000,9607.0,141.0,3,44.0,False,0,car,3388.7558333333327,0.7588376017550988,OnTrack,2614.000018987831,376.000019964559,2366.406484963497,8275.972,64.466
2026-07-26 14:27:06.474,0 days 02:17:56.132000,10,329.9247222222248,0 days 00:01:04.626000,9607.0,141.0,3,44.0,False,0,car,3395.0224999999996,0.7602408844164095,OnTrack,2614.0000048849984,376.000003909322,2364.6149287397093,8276.132,64.626
2026-07-26 14:27:06.523,0 days 02:17:56.181000,10,331.5172284622247,0 days 00:01:04.675000,9694.5878432,142.02083733333333,3,45.2250048,False,0,pos,3396.9781070384633,0.7606787997540818,OnTrack,2614.0,376.0,2364.0,8276.181,64.675
2026-07-26 14:27:06.683,0 days 02:17:56.341000,10,336.7172284622245,0 days 00:01:04.835000,9980.5878432,145.35417066666668,3,49.2250048,False,0,pos,3403.486220261783,0.7621361490802728,OnTrack,2614.0,376.0,2362.0,8276.341,64.835
2026-07-26 14:27:06.714,0 days 02:17:56.372000,10,337.7247222222245,0 days 00:01:04.866000,10036.0,146.0,3,50.0,False,0,car,3404.7558333333327,0.762420451103126,OnTrack,2614.0000065091153,376.00000022242386,2361.7140154540807,8276.372,64.866
2026-07-26 14:27:06.914,0 days 02:17:56.572000,10,344.11361111111364,0 days 00:01:05.066000,10036.0,148.0,3,50.0,False,0,car,3412.978055555555,0.76426163757364,OnTrack,2614.000090753214,375.99999841473857,2360.8209020579666,8276.572,65.066
2026-07-26 14:27:07.043,0 days 02:17:56.701000,10,348.2344505777805,0 days 00:01:05.195000,10036.0,148.0,3,50.0,False,0,pos,3418.2862977089235,0.7654503020697878,OnTrack,2614.0,376.0,2360.0,8276.701,65.195
2026-07-26 14:27:07.114,0 days 02:17:56.772000,10,350.5025000000028,0 days 00:01:05.266000,10036.0,148.0,3,50.0,False,0,car,3421.200277777777,0.7661028240441539,OnTrack,2613.9998672650177,376.0000028599034,2359.257853913865,8276.772,65.266
2026-07-26 14:27:07.363,0 days 02:17:57.021000,10,358.45667280000237,0 days 00:01:05.515000,10036.0,148.0,3,50.0,False,0,pos,3431.350375632595,0.7683757160117505,OnTrack,2614.0,376.0,2356.0,8277.021,65.515
2026-07-26 14:27:07.594,0 days 02:17:57.252000,10,365.83583333333536,0 days 00:01:05.746000,10036.0,148.0,3,50.0,False,0,car,3440.93361111111,0.7705216715733874,OnTrack,2614.002889173064,375.9999354371489,2354.5641773227367,8277.252,65.746
2026-07-26 14:27:07.703,0 days 02:17:57.361000,10,369.196672586669,0 days 00:01:05.855000,10512.87584,152.0875072,3,67.7125312,False,0,pos,3445.5900200689034,0.7715643723107984,OnTrack,2614.0,376.0,2354.0,8277.361,65.855
2026-07-26 14:27:07.754,0 days 02:17:57.412000,10,370.7691666666692,0 days 00:01:05.906000,10736.0,154.0,3,76.0,False,0,car,3447.778055555555,0.772054334905599,OnTrack,2613.9969972293316,376.0000671096139,2353.691887899977,8277.412,65.906
2026-07-26 14:27:07.954,0 days 02:17:57.612000,10,376.93583333333527,0 days 00:01:06.106000,10891.0,154.0,3,76.0,False,0,car,3456.3336111111103,0.7739701640708635,OnTrack,2613.997851649837,376.0000480153958,2352.094852401337,8277.612,66.106
2026-07-26 14:27:07.963,0 days 02:17:57.621000,10,377.2133392533353,0 days 00:01:06.115000,10891.0,154.0,3,76.0,False,0,pos,3456.7168658850374,0.7740559855781692,OnTrack,2614.0,376.0,2352.0,8277.621,66.115
2026-07-26 14:27:08.223,0 days 02:17:57.881000,10,385.23000592000204,0 days 00:01:06.375000,10891.0,154.0,3,76.0,False,0,pos,3467.7403777225977,0.77652445946568,OnTrack,2614.0,376.0,2349.0,8277.881,66.375
2026-07-26 14:27:08.354,0 days 02:17:58.012000,10,389.26916666666875,0 days 00:01:06.506000,10891.0,154.0,3,76.0,False,0,car,3473.4447222222216,0.7778018224013926,OnTrack,2613.673270075105,376.0073023928938,2348.515382924383,8278.012,66.506
2026-07-26 14:27:08.483,0 days 02:17:58.141000,10,276.3504285260624,0 days 00:01:06.635000,10891.0,157.2250048,3,76.0,False,0,pos,3479.236363604338,0.7790987335607628,OnTrack,2614.0,376.0,2348.0,8278.141,66.635
2026-07-26 14:27:08.743,0 days 02:17:58.401000,10,48.762612869496145,0 days 00:01:06.895000,10891.0,163.7250048,3,76.0,False,0,pos,3491.2587040137655,0.7817908732168677,OnTrack,2614.0,376.0,2345.0,8278.401,66.895
2026-07-26 14:27:08.794,0 days 02:17:58.452000,6,4.120555555556621,0 days 00:01:06.946000,10891.0,165.0,3,76.0,False,0,car,3493.611388888888,0.7823177054338017,OnTrack,2610.776417759516,376.07204685722564,2344.647888956701,8278.452,66.946
2026-07-26 14:27:08.902,0 days 02:17:58.560000,6,5.440558684445578,0 days 00:01:07.054000,10891.0,165.0,3,76.0,False,0,pos,3498.576714037767,0.7834295811820771,OnTrack,2614.0,376.0,2344.0,8278.56,67.054
2026-07-26 14:27:09.182,0 days 02:17:58.840000,6,8.862780906667977,0 days 00:01:07.334000,10891.0,165.0,3,76.0,False,0,pos,3511.394296993037,0.7862997979779878,OnTrack,2614.0,376.0,2340.0,8278.84,67.334
2026-07-26 14:27:09.194,0 days 02:17:58.852000,6,9.009444444445762,0 days 00:01:07.346000,10891.0,165.0,3,76.0,False,0,car,3511.9447222222216,0.7864230536450829,OnTrack,2590.4162671677204,376.5270949228158,2339.8331924590666,8278.852,67.346
2026-07-26 14:27:09.394,0 days 02:17:59.052000,6,11.453888888889196,0 days 00:01:07.546000,10891.0,165.0,3,76.0,False,0,car,3521.1113888888885,0.7884757277507236,OnTrack,1797.0439997600429,394.2589144370359,2337.524854884608,8279.052,67.546
2026-07-26 14:27:09.582,0 days 02:17:59.240000,6,13.751669795556623,0 days 00:01:07.734000,10891.0,165.0,3,76.0,False,0,pos,3529.7079046893123,0.7904007290651519,OnTrack,1048.0,411.0,2336.0,8279.24,67.734
2026-07-26 14:27:09.594,0 days 02:17:59.252000,6,13.898333333334449,0 days 00:01:07.746000,10891.0,165.0,3,76.0,True,0,car,3530.2780555555546,0.790528401856364,OnTrack,1019.062290014183,411.64675597030873,2335.919273521301,8279.252,67.746
2026-07-26 14:27:09.754,0 days 02:17:59.412000,6,15.80944444444549,0 days 00:01:07.906000,10191.0,177.0,3,100.0,False,0,car,3538.144722222222,0.7922899694524775,OnTrack,849.6271628286929,415.43362024329224,2335.0332763365163,8279.412,67.906
2026-07-26 14:27:10.042,0 days 02:17:59.700000,6,19.249444444445363,0 days 00:01:08.194000,10191.0,177.0,3,100.0,False,0,pos,3552.3059238650894,0.7954610602070668,OnTrack,1048.0,411.0,2333.0,8279.7,68.194
2026-07-26 14:27:10.074,0 days 02:17:59.732000,6,19.63166666666757,0 days 00:01:08.226000,10191.0,177.0,4,100.0,False,0,car,3553.878055555555,0.7958131046447041,OnTrack,1055.2136398514892,410.8387756099603,2332.596668811177,8279.732,68.226
2026-07-26 14:27:10.262,0 days 02:17:59.920000,6,21.877225280000896,0 days 00:01:08.414000,10191.0,177.0,4,100.0,False,0,pos,3563.1283100867845,0.7978844964207229,OnTrack,1048.0,411.0,2330.0,8279.92,68.414
2026-07-26 14:27:10.354,0 days 02:18:00.012000,6,22.976111111112004,0 days 00:01:08.506000,10191.0,177.0,4,100.0,False,0,car,3567.644722222222,0.7988958479379026,OnTrack,1044.9409837638407,411.06836881753867,2329.2524890920877,8280.012,68.506
2026-07-26 14:27:10.514,0 days 02:18:00.172000,6,24.887222222223045,0 days 00:01:08.666000,10191.0,177.0,4,100.0,False,0,car,3575.511388888888,0.8006574155340158,OnTrack,1047.2855171062865,411.0159686470499,2328.5614452705468,8280.172,68.666
2026-07-26 14:27:10.582,0 days 02:18:00.240000,6,25.81278096455593,0 days 00:01:08.734000,10191.0,179.0502583154948,4,100.0,False,0,pos,3578.935922019723,0.80142426467746,OnTrack,1048.0,411.0,2328.0,8280.24,68.734
2026-07-26 14:27:10.713,0 days 02:18:00.371000,6,27.595833333334213,0 days 00:01:08.865000,10191.0,183.0,4,100.0,False,0,car,3585.6272222222215,0.8029226347129587,OnTrack,1048.0412534146858,410.9990779888161,2326.3787438790514,8280.371,68.865
2026-07-26 14:27:10.742,0 days 02:18:00.400000,6,28.014724995556406,0 days 00:01:08.894000,10191.0,183.0,4,100.0,False,0,pos,3587.104755720573,0.803253495958662,OnTrack,1048.0,411.0,2326.0,8280.4,68.894
2026-07-26 14:27:10.902,0 days 02:18:00.560000,6,30.325836106667357,0 days 00:01:09.054000,10191.0,183.0,4,100.0,False,0,pos,3595.234569909794,0.8050739896753768,OnTrack,1048.0,411.0,2324.0,8280.56,69.054
2026-07-26 14:27:10.913,0 days 02:18:00.571000,6,30.4847222222229,0 days 00:01:09.065000,10191.0,183.0,4,100.0,False,0,car,3595.7938888888884,0.805199236902851,OnTrack,1048.0026781992497,410.9999401424178,2323.862198747478,8280.571,69.065
2026-07-26 14:27:11.194,0 days 02:18:00.852000,6,34.543611111112114,0 days 00:01:09.346000,10191.0,183.0,4,100.0,False,0,car,3610.0780555555552,0.8083978629796497,OnTrack,1048.0010882953852,410.99997567666765,2320.326126164144,8280.852,69.346
2026-07-26 14:27:11.222,0 days 02:18:00.880000,6,35.01028198209278,0 days 00:01:09.374000,10191.0,183.0,4,100.0,False,0,pos,3611.4898840537526,0.8087140110305429,OnTrack,1048.0,411.0,2320.0,8280.88,69.374
2026-07-26 14:27:11.402,0 days 02:18:01.060000,6,38.010277314591754,0 days 00:01:09.554000,10191.0,183.0,4,100.0,False,0,pos,3620.4954959478605,0.8107306204495047,OnTrack,1048.0,411.0,2318.0,8281.06,69.554
2026-07-26 14:27:11.562,0 days 02:18:01.220000,6,40.67694362496071,0 days 00:01:09.714000,10191.0,183.0,4,100.0,False,0,pos,3628.571845449494,0.8125391419211526,OnTrack,1048.0,411.0,2316.0,8281.22,69.714
2026-07-26 14:27:11.673,0 days 02:18:01.331000,6,42.52694444444569,0 days 00:01:09.825000,10191.0,183.0,4,100.0,True,0,car,3634.4272222222216,0.8138503252244416,OnTrack,1047.9999676572988,411.00000072285735,2314.334096507138,8281.331,69.825
2026-07-26 14:27:11.782,0 days 02:18:01.440000,6,44.040836601797025,0 days 00:01:09.934000,10191.0,192.4782813329814,4,102.70808038085183,True,0,pos,3640.3764846612844,0.8151825321651315,OnTrack,1048.0,411.0,2313.0,8281.44,69.934
2026-07-26 14:27:11.834,0 days 02:18:01.492000,6,44.763055555557,0 days 00:01:09.986000,10191.0,197.0,4,104.0,True,0,car,3643.2374999999993,0.8158231938489446,OnTrack,1048.0000056306296,410.9999998741558,2312.655027874748,8281.492,69.986
2026-07-26 14:27:11.983,0 days 02:18:01.641000,6,46.8325026666681,0 days 00:01:10.135000,10191.0,197.0,4,104.0,True,0,pos,3651.4137400258483,0.8176540836143151,OnTrack,1048.0,411.0,2312.0,8281.641,70.135
2026-07-26 14:27:12.343,0 days 02:18:02.001000,6,51.83250266666806,0 days 00:01:10.495000,10191.0,197.0,4,104.0,True,0,pos,3671.0914217065115,0.8220604691755806,OnTrack,1048.0,411.0,2306.0,8282.001,70.495
2026-07-26 14:27:12.354,0 days 02:18:02.012000,6,51.985277777779174,0 days 00:01:10.506000,10191.0,197.0,4,104.0,True,0,car,3671.6930555555546,0.8221951918908178,OnTrack,1048.0000000648645,410.99999999855027,2305.831597012762,8282.012,70.506
2026-07-26 14:27:12.554,0 days 02:18:02.212000,6,54.763055555557,0 days 00:01:10.706000,10191.0,197.0,4,104.0,True,0,car,3682.6374999999994,0.8246459603684615,OnTrack,1048.0000002161883,410.99999999516825,2303.416893223971,8282.212,70.706
2026-07-26 14:27:12.683,0 days 02:18:02.341000,6,56.5547248888903,0 days 00:01:10.835000,10868.251008,197.0,4,100.7749952,True,0,pos,3689.6968764641915,0.8262267530160996,OnTrack,1048.0,411.0,2302.0,8282.341,70.835
2026-07-26 14:27:12.714,0 days 02:18:02.372000,6,56.985277777779174,0 days 00:01:10.866000,11031.0,197.0,4,100.0,False,0,car,3691.393055555555,0.8266065751505763,OnTrack,1047.9999999675179,411.00000000072606,2301.636154518989,8282.372,70.866
2026-07-26 14:27:12.954,0 days 02:18:02.612000,6,60.318611111112205,0 days 00:01:11.106000,10266.0,197.0,4,100.0,False,0,car,3704.526388888888,0.8295474973237487,OnTrack,1047.9999999543625,411.0000000010201,2298.5719882890535,8282.612,71.106
2026-07-26 14:27:13.103,0 days 02:18:02.761000,6,62.38805822222345,0 days 00:01:11.255000,10266.0,197.0,4,100.0,False,0,pos,3712.6951671533484,0.8313767161911861,OnTrack,1048.0,411.0,2297.0,8282.761,71.255
2026-07-26 14:27:13.234,0 days 02:18:02.892000,6,64.20750000000135,0 days 00:01:11.386000,10266.0,197.0,4,100.0,False,0,car,3719.84861111111,0.8329785731924496,OnTrack,1048.000000016732,410.9999999996261,2296.026464661437,8282.892,71.386
2026-07-26 14:27:13.434,0 days 02:18:03.092000,6,66.98527777777917,0 days 00:01:11.586000,10266.0,197.0,4,100.0,False,0,car,3730.793055555555,0.8354293416700933,OnTrack,1048.000000006603,410.99999999985226,2295.090780746926,8283.092,71.586
2026-07-26 14:27:13.583,0 days 02:18:03.241000,6,68.97194700444601,0 days 00:01:11.735000,10191.499904,205.69167786666668,4,100.0,False,0,pos,3739.464534652784,0.8373711293719646,OnTrack,1048.0,411.0,2294.0,8283.241,71.735
2026-07-26 14:27:13.674,0 days 02:18:03.332000,6,70.18527777777945,0 days 00:01:11.826000,10146.0,211.0,4,100.0,False,0,car,3744.859722222221,0.838579263388567,OnTrack,1047.9999999993017,411.0000000000159,2293.084654844686,8283.332,71.826
2026-07-26 14:27:13.783,0 days 02:18:03.441000,6,71.57805800889074,0 days 00:01:11.935000,10373.5379008,212.3625024,4,100.0,False,0,pos,3751.309789831863,0.8400236146716882,OnTrack,1048.0,411.0,2292.0,8283.441,71.935
2026-07-26 14:27:13.834,0 days 02:18:03.492000,6,72.22972222222415,0 days 00:01:11.986000,10480.0,213.0,4,100.0,True,0,car,3754.3263888888882,0.8406991159194832,OnTrack,1048.0000000001155,410.99999999999653,2291.6109582618924,8283.492,71.986
2026-07-26 14:27:13.983,0 days 02:18:03.641000,6,74.13361356444578,0 days 00:01:12.135000,10480.0,213.0,4,100.0,True,0,pos,3763.1420729918723,0.8426731951720325,OnTrack,1048.0,411.0,2291.0,8283.641,72.135
2026-07-26 14:27:14.023,0 days 02:18:03.681000,6,74.64472467555673,0 days 00:01:12.175000,10480.0,213.0,4,100.0,True,0,pos,3765.508871661876,0.8432031878640159,OnTrack,1048.0,411.0,2291.0,8283.681,72.175
2026-07-26 14:27:14.034,0 days 02:18:03.692000,6,74.7852777777789,0 days 00:01:12.186000,10480.0,213.0,4,100.0,True,0,car,3766.1597222222217,0.8433489315831283,OnTrack,1048.0000000000002,410.9999999999963,2291.00363466783,8283.692,72.186
2026-07-26 14:27:14.314,0 days 02:18:03.972000,6,78.36305555555782,0 days 00:01:12.466000,10480.0,213.0,4,100.0,True,0,car,3782.7263888888874,0.8470586735122312,OnTrack,1047.9999999999316,410.9999999996672,2291.128675864605,8283.972,72.466
2026-07-26 14:27:14.383,0 days 02:18:04.041000,6,79.24472467555793,0 days 00:01:12.535000,10480.0,213.0,4,100.0,True,0,pos,3786.808954779299,0.8479728746709024,OnTrack,1048.0,411.0,2291.0,8284.041,72.535
2026-07-26 14:27:14.474,0 days 02:18:04.132000,6,80.40750000000253,0 days 00:01:12.626000,10480.0,213.0,4,100.0,True,0,car,3792.1930555555546,0.8491785260431475,OnTrack,1048.0000000001753,411.0000000008427,2290.6801700753504,8284.132,72.626
2026-07-26 14:27:14.643,0 days 02:18:04.301000,6,82.56694689778034,0 days 00:01:12.795000,10592.4907528,213.0,4,100.0,True,0,pos,3802.190931986343,0.8514173313588793,OnTrack,1048.0,411.0,2290.0,8284.301,72.795
2026-07-26 14:27:14.794,0 days 02:18:04.452000,6,84.49638888889149,0 days 00:01:12.946000,10693.0,213.0,4,100.0,True,0,car,3811.1263888888875,0.8534182311049795,OnTrack,1047.9999999980223,410.9999999905122,2289.9134660465734,8284.452,72.946
2026-07-26 14:27:14.943,0 days 02:18:04.601000,6,86.40028023111311,0 days 00:01:13.095000,10693.0,213.0,4,100.0,True,0,pos,3819.9481744925847,0.8553936766548947,OnTrack,1048.0,411.0,2290.0,8284.601,73.095
2026-07-26 14:27:15.034,0 days 02:18:04.692000,6,87.56305555555718,0 days 00:01:13.186000,10693.0,213.0,4,100.0,True,0,car,3825.3263888888882,0.8565980099013537,OnTrack,1048.0000000058624,411.0000000281198,2289.97410583547,8284.692,73.186
2026-07-26 14:27:15.223,0 days 02:18:04.881000,6,89.97805800889093,0 days 00:01:13.375000,10693.0,213.0,4,100.0,True,0,pos,3836.453396835129,0.8590896594742089,OnTrack,1048.0,411.0,2290.0,8284.881,73.375
2026-07-26 14:27:15.463,0 days 02:18:05.121000,6,93.04472467555811,0 days 00:01:13.615000,10693.0,213.0,4,100.0,True,0,pos,3850.69685063389,0.8622791687964929,OnTrack,1048.0,411.0,2291.0,8285.121,73.615
2026-07-26 14:27:15.474,0 days 02:18:05.132000,6,93.18527777778036,0 days 00:01:13.626000,10693.0,213.0,4,100.0,True,0,car,3851.3597222222215,0.8624276043613729,OnTrack,1048.0000000161467,411.0000000774499,2291.0680815808037,8285.132,73.626
2026-07-26 14:27:15.674,0 days 02:18:05.332000,6,95.40750000000253,0 days 00:01:13.826000,10693.0,219.0,4,100.0,True,0,car,3863.5263888888876,0.8651520627197684,OnTrack,1048.000000603712,411.00000289576906,2292.6132404478144,8285.332,73.826
2026-07-26 14:27:15.822,0 days 02:18:05.480000,6,97.54528147555823,0 days 00:01:13.974000,10693.0,219.0,4,100.0,True,0,pos,3872.5335230927944,0.8671690130266472,OnTrack,1048.0,411.0,2294.0,8285.48,73.974
2026-07-26 14:27:15.954,0 days 02:18:05.612000,6,99.45194444444724,0 days 00:01:14.106000,10693.0,219.0,5,100.0,False,0,car,3880.559722222221,0.8689663044215223,OnTrack,1047.9999986662947,410.9999936027349,2295.3747424872636,8285.612,74.106
2026-07-26 14:27:16.002,0 days 02:18:05.660000,6,100.14527777778058,0 days 00:01:14.154000,10693.0,219.0,5,100.0,False,0,pos,3883.4793445854066,0.8696200898640488,OnTrack,1048.0,411.0,2296.0,8285.66,74.154
2026-07-26 14:27:16.114,0 days 02:18:05.772000,6,101.76305555555837,0 days 00:01:14.266000,10693.0,219.0,5,100.0,False,0,car,3890.293055555555,0.871145871108239,OnTrack,1048.0000088797233,411.00004259257156,2297.8176389001383,8285.772,74.266
2026-07-26 14:27:16.202,0 days 02:18:05.860000,6,103.03416666666914,0 days 00:01:14.354000,10693.0,219.0,5,100.0,False,0,pos,3895.6465870548714,0.8723446771608621,OnTrack,1048.0,411.0,2299.0,8285.86,74.354
2026-07-26 14:27:16.362,0 days 02:18:06.020000,6,105.34527777777961,0 days 00:01:14.514000,10693.0,219.0,5,100.0,False,0,pos,3905.379817782849,0.8745242208713578,OnTrack,1048.0,411.0,2300.0,8286.02,74.514
2026-07-26 14:27:16.394,0 days 02:18:06.052000,6,105.80750000000171,0 days 00:01:14.546000,10693.0,219.0,5,100.0,False,0,car,3907.3263888888882,0.874960112809993,OnTrack,1048.00005793305,411.0002778822565,2300.329290341301,8286.052,74.546
2026-07-26 14:27:16.562,0 days 02:18:06.220000,6,108.28083333333561,0 days 00:01:14.714000,10693.0,219.0,5,100.0,False,0,pos,3917.545550600633,0.8772484701147624,OnTrack,1048.0,411.0,2303.0,8286.22,74.714
2026-07-26 14:27:16.674,0 days 02:18:06.332000,6,109.92972222222488,0 days 00:01:14.826000,10693.0,219.0,5,100.0,False,0,car,3924.3597222222206,0.8787743545117467,OnTrack,1047.9986514318316,410.9935314442094,2305.0564637593975,8286.332,74.826
2026-07-26 14:27:16.722,0 days 02:18:06.380000,6,110.63638888889157,0 days 00:01:14.874000,10693.0,219.0,5,100.0,False,0,pos,3927.280735473324,0.8794284514131401,OnTrack,1048.0,411.0,2306.0,8286.38,74.874
2026-07-26 14:27:16.942,0 days 02:18:06.600000,6,113.8752815466695,0 days 00:01:15.094000,10693.0,219.0,5,100.0,False,0,pos,3940.6713870307535,0.8824269943632772,OnTrack,1048.0,411.0,2311.0,8286.6,75.094
2026-07-26 14:27:17.074,0 days 02:18:06.732000,6,115.81861111111402,0 days 00:01:15.226000,10693.0,219.0,5,100.0,False,0,car,3948.693055555554,0.884223271228538,OnTrack,1047.9339896644663,410.68337415329813,2314.807392538152,8286.732,75.226
2026-07-26 14:27:17.142,0 days 02:18:06.800000,6,116.8197258305342,0 days 00:01:15.294000,10693.0,219.0,5,100.0,False,0,pos,3952.8196645149897,0.8851473348672804,OnTrack,1048.0,411.0,2317.0,8286.8,75.294
2026-07-26 14:27:17.462,0 days 02:18:07.120000,6,121.53083618597834,0 days 00:01:15.614000,10693.0,219.0,5,100.0,False,0,pos,3972.289030319984,0.8895070726535882,OnTrack,1048.0,411.0,2328.0,8287.12,75.614
2026-07-26 14:27:17.473,0 days 02:18:07.131000,6,121.69277777778052,0 days 00:01:15.625000,10693.0,219.0,5,100.0,False,0,car,3972.965555555554,0.8896585656535374,OnTrack,1047.838220097544,410.22400487468593,2328.297257512824,8287.131,75.625
2026-07-26 14:27:17.822,0 days 02:18:07.480000,6,121.88666677333603,0 days 00:01:15.974000,10884.9501056,223.3625024,5,100.0,False,0,pos,3994.6748515751733,0.8945198867216636,OnTrack,1048.0,411.0,2335.0,8287.48,75.974
2026-07-26 14:27:17.873,0 days 02:18:07.531000,6,121.91500000000269,0 days 00:01:16.025000,10913.0,224.0,5,100.0,False,0,car,3997.8544444444433,0.8952318868615797,OnTrack,1053.3452078886148,436.63887851572656,2336.0729551526233,8287.531,76.025
2026-07-26 14:27:18.042,0 days 02:18:07.700000,6,122.00888885333521,0 days 00:01:16.194000,10913.0,224.0,5,100.0,False,0,pos,4008.372737406003,0.8975872280540599,OnTrack,1048.0,411.0,2340.0,8287.7,76.194
2026-07-26 14:27:18.153,0 days 02:18:07.811000,6,122.0705555555569,0 days 00:01:16.305000,10913.0,224.0,5,100.0,False,0,car,4015.2766666666657,0.8991332117072093,OnTrack,969.8694651942892,36.23828221554586,2342.6259471447256,8287.811,76.305
2026-07-26 14:27:18.282,0 days 02:18:07.940000,6,122.14222220095702,0 days 00:01:16.434000,10913.0,224.0,5,100.0,False,0,pos,4023.3033400991285,0.9009306093118546,OnTrack,871.0,-438.0,2346.0,8287.94,76.434
2026-07-26 14:27:18.474,0 days 02:18:08.132000,6,122.24888888889109,0 days 00:01:16.626000,10913.0,224.0,5,100.0,False,0,car,4035.249999999999,0.9036058019766632,OnTrack,863.5091118533765,-473.9308703668344,2352.1333650547645,8288.132,76.626
2026-07-26 14:27:18.543,0 days 02:18:08.201000,6,121.59722040889116,0 days 00:01:16.695000,10912.014282971428,224.0,5,100.0,False,0,pos,4039.540825979545,0.9045666384181204,OnTrack,871.0,-438.0,2354.0,8288.201,76.695
2026-07-26 14:27:18.754,0 days 02:18:08.412000,6,119.60444444444693,0 days 00:01:16.906000,10909.0,224.0,5,100.0,False,0,car,4052.6722222222215,0.9075071268222928,OnTrack,872.3263213716764,-431.6381527651758,2357.7002129105863,8288.412,76.906
2026-07-26 14:27:18.823,0 days 02:18:08.481000,6,118.93360924444696,0 days 00:01:16.975000,10909.0,224.34500096,5,100.0,False,0,pos,4056.9805196621314,0.9084718756143985,OnTrack,871.0,-438.0,2359.0,8288.481,76.975
2026-07-26 14:27:18.954,0 days 02:18:08.612000,6,117.66000000000258,0 days 00:01:17.106000,10909.0,225.0,5,100.0,False,0,car,4065.1722222222206,0.9103062278754389,OnTrack,870.183365495111,-441.9170805510111,2362.1654640617003,8288.612,77.106
2026-07-26 14:27:19.143,0 days 02:18:08.801000,6,115.8224981333358,0 days 00:01:17.295000,10909.0,225.0,5,100.0,False,0,pos,4076.986302684255,0.9129517322804976,OnTrack,871.0,-438.0,2367.0,8288.801,77.295
2026-07-26 14:27:19.354,0 days 02:18:09.012000,6,113.77111111111344,0 days 00:01:17.506000,10909.0,225.0,5,100.0,False,0,car,4090.172222222221,0.9159044299817314,OnTrack,871.1036060098043,-437.50300767712434,2370.290190564031,8289.012,77.506
2026-07-26 14:27:19.503,0 days 02:18:09.161000,6,112.322498133336,0 days 00:01:17.655000,10909.0,225.0,5,100.0,False,0,pos,4099.48472687464,0.9179897613081325,OnTrack,871.0,-438.0,2372.0,8289.161,77.655
2026-07-26 14:27:19.514,0 days 02:18:09.172000,6,112.21555555555824,0 days 00:01:17.666000,10909.0,225.0,5,100.0,False,0,car,4100.172222222221,0.9181437108242483,OnTrack,870.9960593917807,-438.0189080365612,2372.124937579377,8289.172,77.666
2026-07-26 14:27:19.754,0 days 02:18:09.412000,6,108.01555555555751,0 days 00:01:17.906000,10909.0,225.0,5,104.0,False,0,car,4115.1722222222215,0.921502632088024,OnTrack,870.9995251427935,-438.0023021045954,2374.8884691651474,8289.412,77.906
2026-07-26 14:27:19.763,0 days 02:18:09.421000,6,107.8580521955575,0 days 00:01:17.915000,10909.0,225.0,5,104.0,False,0,pos,4115.734726448116,0.9216285925817118,OnTrack,871.0,-438.0,2375.0,8289.421,77.915
2026-07-26 14:27:19.923,0 days 02:18:09.581000,6,105.05805219555751,0 days 00:01:18.075000,10909.0,225.0,5,104.0,False,0,pos,4125.7346364694795,0.9238678532754852,OnTrack,871.0,-438.0,2377.0,8289.581,78.075
2026-07-26 14:27:19.954,0 days 02:18:09.612000,6,104.51555555555751,0 days 00:01:18.106000,10909.0,225.0,5,104.0,True,0,car,4127.672222222221,0.9243017331411699,OnTrack,871.0000971147474,-438.00006416192747,2377.332999251386,8289.612,78.106
2026-07-26 14:27:20.023,0 days 02:18:09.681000,6,103.30805219555744,0 days 00:01:18.175000,10909.0,225.0,5,104.0,True,0,pos,4131.985145785631,0.9252675178522483,OnTrack,871.0,-438.0,2378.0,8289.681,78.175
2026-07-26 14:27:20.114,0 days 02:18:09.772000,6,101.71555555555733,0 days 00:01:18.266000,10909.0,225.0,5,104.0,True,0,car,4137.6722222222215,0.9265410139836872,OnTrack,870.9946877815729,-438.01229885440165,2378.7759177533226,8289.772,78.266
2026-07-26 14:27:20.274,0 days 02:18:09.932000,6,98.91555555555715,0 days 00:01:18.426000,10909.0,225.0,5,104.0,True,0,car,4147.6722222222215,0.9287802948262042,OnTrack,870.9820460962962,-438.0422976173048,2380.0179913497836,8289.932,78.426
2026-07-26 14:27:20.363,0 days 02:18:10.021000,6,97.35805219555715,0 days 00:01:18.515000,10909.0,225.0,5,104.0,True,0,pos,4153.254195660628,0.9300302554446104,OnTrack,871.0,-438.0,2381.0,8290.021,78.515
2026-07-26 14:27:20.474,0 days 02:18:10.132000,6,95.41555555555715,0 days 00:01:18.626000,10909.0,225.0,5,104.0,True,0,car,4160.1722222222215,0.9315793958793503,OnTrack,871.0535967478764,-437.87350725615653,2382.5990561563854,8290.132,78.626
2026-07-26 14:27:20.583,0 days 02:18:10.241000,6,93.20527388444599,0 days 00:01:18.735000,10774.566429866667,222.5777735111111,5,72.51105564444444,True,0,pos,4166.829910865869,0.9330702393428666,OnTrack,871.0,-438.0,2384.0,8290.241,78.735
2026-07-26 14:27:20.834,0 days 02:18:10.492000,6,88.11555555555697,0 days 00:01:18.986000,10465.0,217.0,5,0.0,True,0,car,4181.872222222221,0.9364386353076122,OnTrack,870.4605188259549,-439.27341042284087,2384.814928131004,8290.492,78.986
2026-07-26 14:27:20.903,0 days 02:18:10.561000,6,86.71638499555694,0 days 00:01:19.055000,10465.0,217.0,5,0.0,True,0,pos,4186.025867749453,0.9373687531931857,OnTrack,871.0,-438.0,2385.0,8290.561,79.055
2026-07-26 14:27:21.034,0 days 02:18:10.692000,6,84.06000000000131,0 days 00:01:19.186000,10465.0,217.0,5,0.0,True,0,car,4193.927777777777,0.9391382127677577,OnTrack,872.9354707757115,-433.4314409225669,2385.6420862012346,8290.692,79.186
2026-07-26 14:27:21.103,0 days 02:18:10.761000,6,82.66082944000144,0 days 00:01:19.255000,10465.0,217.0,5,0.0,True,0,pos,4198.084378926985,0.9400689925000981,OnTrack,871.0,-438.0,2386.0,8290.761,79.255
2026-07-26 14:27:21.403,0 days 02:18:11.061000,6,76.57749610666863,0 days 00:01:19.555000,10465.0,217.0,5,0.0,True,0,pos,4216.159713831632,0.9441165676175037,OnTrack,871.0,-438.0,2387.0,8291.061,79.555
2026-07-26 14:27:21.434,0 days 02:18:11.092000,6,75.9488888888909,0 days 00:01:19.586000,10465.0,217.0,5,0.0,True,0,car,4218.038888888887,0.9445373676880484,OnTrack,884.8328247416714,-405.3484705225454,2387.048661929669,8291.092,79.586
2026-07-26 14:27:21.674,0 days 02:18:11.332000,6,71.08222222222412,0 days 00:01:19.826000,10465.0,217.0,5,0.0,True,0,car,4232.505555555554,0.9477768606402229,OnTrack,1071.1210797746537,34.373463886548045,2387.0904900576456,8291.332,79.826
2026-07-26 14:27:21.823,0 days 02:18:11.481000,6,67.72971790222378,0 days 00:01:19.975000,11106.6320768,206.7562368,5,7.4500096,True,0,pos,4241.033925514519,0.9496866021869238,OnTrack,871.0,-438.0,2387.0,8291.481,79.975
2026-07-26 14:27:21.834,0 days 02:18:11.492000,6,67.48222222222375,0 days 00:01:19.986000,11154.0,206.0,5,8.0,True,0,car,4241.66111111111,0.9498270466560386,OnTrack,839.9228933681109,-511.3555931456182,2386.9929467053366,8291.492,79.986
2026-07-26 14:27:21.963,0 days 02:18:11.621000,6,64.57971790222375,0 days 00:01:20.115000,11154.0,206.0,5,11.87000576,True,0,pos,4249.049899293422,0.9514816038386456,OnTrack,416.0,-1512.0,2387.0,8291.621,80.115
2026-07-26 14:27:22.034,0 days 02:18:11.692000,6,62.982222222223754,0 days 00:01:20.186000,11154.0,206.0,4,14.0,True,0,car,4253.105555555554,0.9523897791758079,OnTrack,321.4676570263476,-1735.1394996810975,2387.2355186928057,8291.692,80.186
2026-07-26 14:27:22.202,0 days 02:18:11.860000,6,59.062222222223866,0 days 00:01:20.354000,11164.161290322581,204.78064516129032,4,19.01290322580645,True,0,pos,4262.5985639185765,0.9545155303523248,OnTrack,416.0,-1512.0,2388.0,8291.86,80.354
2026-07-26 14:27:23.274,0 days 02:18:12.932000,6,34.04888888889127,0 days 00:01:21.426000,11229.0,197.0,4,51.0,False,0,car,4320.961111111109,0.967584543737198,OnTrack,419.01350868767764,-1504.8103984024604,2377.899012899667,8292.932,81.426
2026-07-26 14:27:23.322,0 days 02:18:12.980000,6,32.928888888891315,0 days 00:01:21.474000,11229.0,197.0,4,51.0,False,0,pos,4323.5767448503975,0.9681702575895411,OnTrack,416.0,-1512.0,2378.0,8292.98,81.474
2026-07-26 14:27:23.634,0 days 02:18:13.292000,6,25.648888888891634,0 days 00:01:21.786000,11229.0,197.0,4,51.0,False,0,car,4340.661111111109,0.9719959269969564,OnTrack,415.51430928774835,-1513.4945435365505,2380.5096698815596,8293.292,81.786
2026-07-26 14:27:23.702,0 days 02:18:13.360000,6,23.892215608891686,0 days 00:01:21.854000,11247.9834048,197.5666688,4,54.4000128,False,0,pos,4344.411499533962,0.9728357442916857,OnTrack,416.0,-1512.0,2381.0,8293.36,81.854
2026-07-26 14:27:23.862,0 days 02:18:13.520000,6,19.758882275558474,0 days 00:01:22.014000,11292.650071466667,198.90000213333335,4,62.4000128,False,0,pos,4353.263654351671,0.9748179903615144,OnTrack,416.0,-1512.0,2382.0,8293.52,82.014
2026-07-26 14:27:23.874,0 days 02:18:13.532000,6,19.448888888891815,0 days 00:01:22.026000,11296.0,199.0,4,63.0,False,0,car,4353.927777777775,0.9749667062480288,OnTrack,416.1120938548337,-1512.109214676567,2382.1226320075525,8293.532,82.026
2026-07-26 14:27:24.022,0 days 02:18:13.680000,6,15.62554981926327,0 days 00:01:22.174000,11296.0,199.0,4,63.0,False,0,pos,4362.118742925809,0.9768008933818004,OnTrack,416.0,-1512.0,2384.0,8293.68,82.174
2026-07-26 14:27:24.153,0 days 02:18:13.811000,6,12.241388888891379,0 days 00:01:22.305000,11296.0,199.0,4,63.0,False,0,car,4369.350277777776,0.9784202371274008,OnTrack,401.308692899135,-1501.7574063948568,2384.6937853492514,8293.811,82.305
2026-07-26 14:27:24.262,0 days 02:18:13.920000,6,9.42555059555824,0 days 00:01:22.414000,11296.0,199.0,4,63.0,False,0,pos,4375.342269432988,0.9797620123396047,OnTrack,416.0,-1512.0,2385.0,8293.92,82.414
2026-07-26 14:27:24.482,0 days 02:18:14.140000,6,3.7422238755586346,0 days 00:01:22.634000,11296.0,199.0,4,63.0,False,0,pos,4387.434002484217,0.9824696909570491,OnTrack,416.0,-1512.0,2386.0,8294.14,82.634
2026-07-26 14:27:24.593,0 days 02:18:14.251000,6,0.8747222222255004,0 days 00:01:22.745000,11296.0,199.0,4,63.0,False,0,car,4393.672499999998,0.9838666657543671,OnTrack,4.462170758084439,-1225.5873210632576,2386.0319966314755,8294.251,82.745
2026-07-26 14:27:24.782,0 days 02:18:14.440000,6,88.94049905785985,0 days 00:01:22.934000,11438.339319435701,203.71322249787093,4,76.66834524382567,False,0,pos,4404.561596869427,0.9863050403555695,OnTrack,-837.0,-640.0,2386.0,8294.44,82.934
2026-07-26 14:27:24.963,0 days 02:18:14.621000,6,173.27850846602016,0 days 00:01:23.115000,11574.653507455921,208.22693733297754,4,89.75811826563483,False,0,pos,4415.145488288585,0.9886750708849894,OnTrack,-837.0,-640.0,2387.0,8294.621,83.115
2026-07-26 14:27:24.994,0 days 02:18:14.652000,10,187.72305555555704,0 days 00:01:23.146000,11598.0,209.0,4,92.0,False,0,car,4416.952777777776,0.9890797737579923,OnTrack,-832.3713480215266,-643.1542058811209,2387.052545419011,8294.652,83.146
2026-07-26 14:27:25.083,0 days 02:18:14.741000,10,187.10499866666814,0 days 00:01:23.235000,11598.0,209.0,4,92.0,False,0,pos,4422.132494001063,0.9902396576888405,OnTrack,-837.0,-640.0,2387.0,8294.741,83.235
2026-07-26 14:27:25.263,0 days 02:18:14.921000,10,185.85499866666814,0 days 00:01:23.415000,11598.0,209.0,4,92.0,False,0,pos,4432.574986035842,0.992578024925002,OnTrack,-837.0,-640.0,2387.0,8294.921,83.415
2026-07-26 14:27:25.354,0 days 02:18:15.012000,10,185.22305555555704,0 days 00:01:23.506000,11598.0,209.0,4,92.0,False,0,car,4437.852777777775,0.9937598707188526,OnTrack,-911.6848039611268,-578.4856455251023,2387.3279480013953,8295.012,83.506
2026-07-26 14:27:25.483,0 days 02:18:15.141000,10,185.22305555555704,0 days 00:01:23.635000,11409.87472,209.0,4,94.1500032,False,0,pos,4445.3373783829575,0.9954358829937603,OnTrack,-1069.0,-449.0,2388.0,8295.141,83.635
2026-07-26 14:27:25.527,0 days 02:18:15.185000,10,185.22305555555704,0 days 00:01:23.679000,11345.708053333334,209.0,4,94.88333653333333,False,0,interpolation,4447.891031276214,0.996007717593991,OnTrack,-1117.9056786575288,-408.70279618572283,2388.208121097339,8295.185,83.679
