Date,SessionTime,DriverAhead,DistanceToDriverAhead,Time,RPM,Speed,nGear,Throttle,Brake,DRS,Source,Distance,RelativeDistance,Status,X,Y,Z,SessionTime_seconds,Time_seconds
2026-07-26 14:25:30.777,0 days 02:16:20.435000,,40.33111111111111,0 days 00:00:00,8802.0,104.06666666666666,2,1.0,False,0,interpolation,0.4095662941785735,0.00010278403009510955,OnTrack,-1220.5642815714875,-323.7668012515327,2302.7181682491714,8180.435,0.0
2026-07-26 14:25:31.002,0 days 02:16:20.660000,,40.33111111111111,0 days 00:00:00.225000,8802.0,107.8166656,2,1.0,False,0,pos,7.221747592352512,0.0018123569552039598,OnTrack,-1305.0,-254.0,2303.0,8180.66,0.225
2026-07-26 14:25:31.073,0 days 02:16:20.731000,,40.33111111111111,0 days 00:00:00.296000,8802.0,109.0,2,1.0,False,0,car,9.371111111111109,0.0023517574081648,OnTrack,-1311.6323221802559,-248.51990327737198,2302.969440857858,8180.731,0.296
2026-07-26 14:25:31.233,0 days 02:16:20.891000,44,40.33111111111111,0 days 00:00:00.456000,8802.0,109.0,2,1.0,False,0,car,14.215555555555554,0.0035675105857316167,OnTrack,-1305.24359970206,-253.79872058265278,2302.9760436184256,8180.891,0.456
2026-07-26 14:25:31.242,0 days 02:16:20.900000,44,40.32361116444444,0 days 00:00:00.465000,8802.0,109.0,2,1.0,False,0,pos,14.488265425516875,0.0036359493705626672,OnTrack,-1305.0,-254.0,2303.0,8180.9,0.465
2026-07-26 14:25:31.442,0 days 02:16:21.100000,44,40.15694449777778,0 days 00:00:00.665000,8802.0,109.0,2,1.0,False,0,pos,20.55631468540454,0.005158776240380639,OnTrack,-1305.0,-254.0,2304.0,8181.1,0.665
2026-07-26 14:25:31.673,0 days 02:16:21.331000,44,39.96444444444444,0 days 00:00:00.896000,8802.0,109.0,2,1.0,False,0,car,27.537777777777777,0.006910831824040362,OnTrack,-1305.2929906700888,-253.75790933299842,2304.5619306029407,8181.331,0.896
2026-07-26 14:25:31.833,0 days 02:16:21.491000,44,39.831111111111106,0 days 00:00:01.056000,8802.0,109.0,2,1.0,False,0,car,32.382222222222225,0.00812658500160718,OnTrack,-1305.0248790560247,-253.97944279064936,2304.899818321054,8181.491,1.056
2026-07-26 14:25:31.862,0 days 02:16:21.520000,44,39.95194524444444,0 days 00:00:01.085000,8903.500672,109.93214902857143,2,5.660745142857143,False,0,pos,33.29401792926042,0.008355407633559271,OnTrack,-1305.0,-254.0,2305.0,8181.52,1.085
2026-07-26 14:25:32.102,0 days 02:16:21.760000,44,40.951945244444445,0 days 00:00:01.325000,9743.500672,117.64643474285714,2,44.232173714285715,False,0,pos,41.196820299628236,0.010338680886795858,OnTrack,-1305.0,-254.0,2306.0,8181.76,1.325
2026-07-26 14:25:32.113,0 days 02:16:21.771000,44,40.99777777777778,0 days 00:00:01.336000,9782.0,118.0,2,46.0,False,0,car,41.56,0.010429823819658075,OnTrack,-1305.0012292064628,-253.99898358721944,2306.0234659270845,8181.771,1.336
2026-07-26 14:25:32.313,0 days 02:16:21.971000,44,41.83111111111109,0 days 00:00:01.536000,10400.0,118.0,2,46.0,False,0,car,48.11555555555556,0.012074994403980143,OnTrack,-1304.9917149450257,-254.00681638623496,2305.918846959505,8181.971,1.536
2026-07-26 14:25:32.482,0 days 02:16:22.140000,44,42.5352775111111,0 days 00:00:01.705000,10400.0,118.0,2,46.0,False,0,pos,53.66069951247536,0.013466593887264917,OnTrack,-1305.0,-254.0,2306.0,8182.14,1.705
2026-07-26 14:25:32.553,0 days 02:16:22.211000,44,42.8311111111111,0 days 00:00:01.776000,10400.0,118.0,2,46.0,False,0,car,55.98222222222223,0.014049199105166625,OnTrack,-1305.021486308616,-253.98228950360598,2306.284342812349,8182.211,1.776
2026-07-26 14:25:32.702,0 days 02:16:22.360000,44,43.49333418666665,0 days 00:00:01.925000,10284.110961777778,118.0,2,46.0,False,0,pos,60.822406358745994,0.015263883123420878,OnTrack,-1305.0,-254.0,2307.0,8182.36,1.925
2026-07-26 14:25:32.913,0 days 02:16:22.571000,44,44.43111111111109,0 days 00:00:02.136000,10120.0,118.0,2,46.0,False,0,car,67.78222222222223,0.01701050615694635,OnTrack,-1304.472808577564,-254.43458358755566,2306.946492396358,8182.571,2.136
2026-07-26 14:25:33.062,0 days 02:16:22.720000,44,44.84500053333333,0 days 00:00:02.285000,9271.6301568,123.5875072,2,41.343744,False,0,pos,72.91319926032857,0.018298167045545006,OnTrack,-1305.0,-254.0,2307.0,8182.72,2.285
2026-07-26 14:25:33.073,0 days 02:16:22.731000,44,44.87555555555555,0 days 00:00:02.296000,9209.0,124.0,2,41.0,False,0,car,73.29333333333334,0.018393564817664562,OnTrack,-1305.0999501736362,-253.91760729008732,2307.02916314706,8182.731,2.296
2026-07-26 14:25:33.263,0 days 02:16:22.921000,44,45.40333382904575,0 days 00:00:02.486000,9209.0,124.0,2,41.0,False,0,pos,79.83895117548866,0.02003624145107386,OnTrack,-1305.0,-254.0,2308.0,8182.921,2.486
2026-07-26 14:25:33.314,0 days 02:16:22.972000,44,45.54499999999997,0 days 00:00:02.537000,9209.0,124.0,3,41.0,False,0,car,81.59444444444445,0.020476796925371372,OnTrack,-1302.2360104336285,-256.2784614520502,2308.3563458279673,8182.972,2.537
2026-07-26 14:25:33.514,0 days 02:16:23.172000,44,46.10055555555553,0 days 00:00:02.737000,9209.0,124.0,3,41.0,False,0,car,88.48333333333335,0.02220562025126914,OnTrack,-1294.2396068074997,-262.87020033483645,2309.814800123334,8183.172,2.737
2026-07-26 14:25:33.563,0 days 02:16:23.221000,44,46.23666719999998,0 days 00:00:02.786000,9209.0,124.0,3,41.0,False,0,pos,90.17131237449726,0.022629232474816182,OnTrack,-1305.0,-254.0,2310.0,8183.221,2.786
2026-07-26 14:25:33.714,0 days 02:16:23.372000,44,46.6561111111111,0 days 00:00:02.937000,9209.0,124.0,3,41.0,False,0,car,95.37222222222223,0.023934443577166904,OnTrack,-1375.055606390776,-196.25050588035282,2310.007356905612,8183.372,2.937
2026-07-26 14:25:33.823,0 days 02:16:23.481000,44,47.83694652444443,0 days 00:00:03.046000,9353.920709818181,124.0,3,46.94546501818182,False,0,pos,99.1249054978759,0.024876210309988014,OnTrack,-1305.0,-254.0,2310.0,8183.481,3.046
2026-07-26 14:25:34.063,0 days 02:16:23.721000,44,50.43694652444441,0 days 00:00:03.286000,9673.011618909091,124.0,3,60.03637410909091,False,0,pos,107.38808389590596,0.026949922891360927,OnTrack,-1305.0,-254.0,2311.0,8183.721,3.286
2026-07-26 14:25:34.154,0 days 02:16:23.812000,44,51.42277777777774,0 days 00:00:03.377000,9794.0,124.0,3,65.0,False,0,car,110.52777777777779,0.027737854894141992,OnTrack,-2521.7092084268306,748.9792676025687,2311.5685912432828,8183.812,3.377
2026-07-26 14:25:34.223,0 days 02:16:23.881000,44,52.17027985777774,0 days 00:00:03.446000,9794.0,124.0,3,65.0,False,0,pos,112.91141360538226,0.028336047909833517,OnTrack,-3434.0,1501.0,2312.0,8183.881,3.446
2026-07-26 14:25:34.543,0 days 02:16:24.201000,44,55.636946524444426,0 days 00:00:03.766000,9794.0,124.0,3,65.0,False,0,pos,123.93156468997593,0.031101645462247505,OnTrack,-3666.0,1692.0,2314.0,8184.201,3.766
2026-07-26 14:25:34.554,0 days 02:16:24.212000,44,55.756111111111096,0 days 00:00:03.777000,9794.0,124.0,3,65.0,False,0,car,124.30555555555557,0.031195501545937525,OnTrack,-3655.5381484895647,1683.3720964448462,2314.1042536370137,8184.212,3.777
2026-07-26 14:25:34.763,0 days 02:16:24.421000,44,58.02027985777776,0 days 00:00:03.986000,9794.0,124.0,3,65.0,False,0,pos,131.39901893417723,0.03297566452260309,OnTrack,-3666.0,1692.0,2316.0,8184.421,3.986
2026-07-26 14:25:34.834,0 days 02:16:24.492000,44,58.78944444444443,0 days 00:00:04.057000,9794.0,124.0,3,65.0,False,0,car,133.95000000000002,0.0336158542021944,OnTrack,-3666.2436351815104,1692.200926322135,2315.9956506346057,8184.492,4.057
2026-07-26 14:25:34.843,0 days 02:16:24.501000,44,58.83694545777776,0 days 00:00:04.066000,9794.0,124.4500096,3,65.0,False,0,pos,134.2816553794632,0.033699085847445666,OnTrack,-3666.0,1692.0,2316.0,8184.501,4.066
2026-07-26 14:25:35.143,0 days 02:16:24.801000,44,60.420278791111095,0 days 00:00:04.366000,9794.0,139.4500096,3,65.0,False,0,pos,146.24292726844067,0.03670086540618156,OnTrack,-3666.0,1692.0,2318.0,8184.801,4.366
2026-07-26 14:25:35.234,0 days 02:16:24.892000,44,60.90055555555554,0 days 00:00:04.457000,9794.0,144.0,3,65.0,False,0,car,149.95,0.03763118579782791,OnTrack,-3666.2199726971476,1692.1814227563673,2318.6873405734955,8184.892,4.457
2026-07-26 14:25:35.443,0 days 02:16:25.101000,44,62.00361212444444,0 days 00:00:04.666000,9794.0,144.0,3,65.0,False,0,pos,158.3423377299988,0.03973731197585864,OnTrack,-3666.0,1692.0,2320.0,8185.101,4.666
2026-07-26 14:25:35.554,0 days 02:16:25.212000,44,62.58944444444444,0 days 00:00:04.777000,9794.0,144.0,3,65.0,False,0,car,162.75,0.040843451074334736,OnTrack,-3666.047976744585,1692.0394828363333,2320.517896356848,8185.212,4.777
2026-07-26 14:25:35.743,0 days 02:16:25.401000,44,63.58694545777776,0 days 00:00:04.966000,9794.0,144.0,3,65.0,False,0,pos,170.22030509947288,0.042718185580268214,OnTrack,-3666.0,1692.0,2321.0,8185.401,4.966
2026-07-26 14:25:35.834,0 days 02:16:25.492000,44,64.0672222222222,0 days 00:00:05.057000,9794.0,144.0,3,65.0,False,0,car,173.95000000000002,0.04365418319127821,OnTrack,-3665.62641759473,1691.692265790817,2320.983942447561,8185.492,5.057
2026-07-26 14:25:35.903,0 days 02:16:25.561000,44,64.6997239822222,0 days 00:00:05.126000,9794.0,147.79501056,3,65.0,False,0,pos,176.87617246791913,0.044388530239072486,OnTrack,-3666.0,1692.0,2321.0,8185.561,5.126
2026-07-26 14:25:36.034,0 days 02:16:25.692000,44,65.90055555555551,0 days 00:00:05.257000,9794.0,155.0,3,65.0,False,0,car,182.5611111111111,0.04581521234865041,OnTrack,-3669.714362220987,1695.0596800052158,2321.3554606820408,8185.692,5.257
2026-07-26 14:25:36.143,0 days 02:16:25.801000,44,66.89972358004135,0 days 00:00:05.366000,9794.0,155.0,3,65.0,False,0,pos,187.2616706184237,0.046994856417829654,OnTrack,-3666.0,1692.0,2322.0,8185.801,5.366
2026-07-26 14:25:36.193,0 days 02:16:25.851000,44,67.35805555555552,0 days 00:00:05.416000,9794.0,155.0,3,65.0,False,0,car,189.40694444444446,0.04753323052876132,OnTrack,-3659.6883205795466,1686.8007972125245,2322.4079430844813,8185.851,5.416
2026-07-26 14:25:36.422,0 days 02:16:26.080000,44,69.45722398222222,0 days 00:00:05.645000,9794.0,155.0,3,65.0,False,0,pos,199.2139803896054,0.049994386859393725,OnTrack,-3666.0,1692.0,2324.0,8186.08,5.645
2026-07-26 14:25:36.473,0 days 02:16:26.131000,44,69.92472222222221,0 days 00:00:05.696000,9794.0,155.0,3,65.0,False,0,car,201.46249999999998,0.0505586713490824,OnTrack,-3705.523328811909,1724.5570727552233,2323.7993611975066,8186.131,5.696
2026-07-26 14:25:37.153,0 days 02:16:26.811000,44,74.64694444444447,0 days 00:00:06.376000,10644.0,172.0,3,94.0,False,0,car,233.95138888888889,0.058712025227993805,OnTrack,-5199.676008889552,2955.3551617607845,2306.8574112132605,8186.811,6.376
2026-07-26 14:25:37.262,0 days 02:16:26.920000,44,75.40389022222223,0 days 00:00:06.485000,10644.0,172.0,3,94.0,False,0,pos,239.1772733421596,0.06002350391301556,OnTrack,-5317.0,3052.0,2306.0,8186.92,6.485
2026-07-26 14:25:37.393,0 days 02:16:27.051000,44,76.3136111111111,0 days 00:00:06.616000,10644.0,172.0,4,94.0,False,0,car,245.41805555555553,0.06158967953819783,OnTrack,-5364.645056551284,3091.247290683815,2306.3765625156943,8187.051,6.616
2026-07-26 14:25:37.622,0 days 02:16:27.280000,44,77.90389022222229,0 days 00:00:06.845000,10644.0,172.0,4,94.0,False,0,pos,256.31496336516244,0.06432434817711159,OnTrack,-5317.0,3052.0,2309.0,8187.28,6.845
2026-07-26 14:25:37.673,0 days 02:16:27.331000,44,78.25805555555564,0 days 00:00:06.896000,10644.0,172.0,4,94.0,False,0,car,258.7958333333333,0.06494694290010251,OnTrack,-5312.292049524901,3048.121857875805,2309.491834639919,8187.331,6.896
2026-07-26 14:25:37.942,0 days 02:16:27.600000,44,79.22944513777783,0 days 00:00:07.165000,10748.611185777778,180.96667306666666,4,98.48333653333333,False,0,pos,272.3876378348494,0.06835791802864075,OnTrack,-5317.0,3052.0,2311.0,8187.6,7.165
2026-07-26 14:25:38.033,0 days 02:16:27.691000,44,79.5580555555556,0 days 00:00:07.256000,10784.0,184.0,4,100.0,False,0,car,277.1958333333333,0.06956457423508108,OnTrack,-5317.087729064467,3052.0722662190747,2310.911754940015,8187.691,7.256
2026-07-26 14:25:38.062,0 days 02:16:27.720000,44,79.46138824888894,0 days 00:00:07.285000,10852.6035792,185.2687584,4,100.0,False,0,pos,278.75154810504847,0.06995499365237244,OnTrack,-5317.0,3052.0,2311.0,8187.72,7.285
2026-07-26 14:25:38.282,0 days 02:16:27.940000,44,78.72805576888898,0 days 00:00:07.505000,11373.0404736,194.8937472,4,100.0,False,0,pos,290.862344870667,0.0729942977087027,OnTrack,-5317.0,3052.0,2314.0,8187.94,7.505
2026-07-26 14:25:38.353,0 days 02:16:28.011000,44,78.49138888888899,0 days 00:00:07.576000,11541.0,198.0,4,100.0,False,0,car,294.7958333333333,0.07398143899027794,OnTrack,-5317.032829214575,3052.027042841812,2314.833278136463,8188.011,7.576
2026-07-26 14:25:38.713,0 days 02:16:28.371000,44,77.29138888888895,0 days 00:00:07.936000,11541.0,198.0,4,100.0,False,0,car,314.5958333333333,0.07895041183987443,OnTrack,-5317.003448611178,3052.002840769969,2316.7048021867035,8188.371,7.936
2026-07-26 14:25:38.762,0 days 02:16:28.420000,44,77.16888904888894,0 days 00:00:07.985000,11505.35254656,197.63250048,4,87.750016,False,0,pos,317.26564305464683,0.0796204225478944,OnTrack,-5317.0,3052.0,2317.0,8188.42,7.985
2026-07-26 14:25:38.902,0 days 02:16:28.560000,44,76.81888840888895,0 days 00:00:08.125000,11403.50236032,196.58249856,4,52.749952,False,0,pos,324.8571181066296,0.08152556565000003,OnTrack,-5317.0,3052.0,2318.0,8188.56,8.125
2026-07-26 14:25:39.113,0 days 02:16:28.771000,44,76.29138888888895,0 days 00:00:08.336000,11250.0,195.0,4,0.0,True,0,car,336.2625,0.08438784004229483,OnTrack,-5317.000907097646,3052.000747216099,2319.390175544033,8188.771,8.336
2026-07-26 14:25:39.362,0 days 02:16:29.020000,44,75.66888904888896,0 days 00:00:08.585000,11250.0,195.0,4,0.0,True,0,pos,349.7496164586855,0.08777254284545413,OnTrack,-5317.0,3052.0,2321.0,8189.02,8.585
2026-07-26 14:25:39.393,0 days 02:16:29.051000,44,75.59138888888896,0 days 00:00:08.616000,11250.0,195.0,4,0.0,True,0,car,351.4291666666666,0.0881940397839891,OnTrack,-5316.999944598062,3051.999954362656,2321.221697051352,8189.051,8.616
2026-07-26 14:25:39.783,0 days 02:16:29.441000,44,74.61638841327792,0 days 00:00:09.006000,11250.0,195.0,4,0.0,True,0,pos,372.55419221856135,0.09349553869380711,OnTrack,-5317.0,3052.0,2324.0,8189.441,9.006
2026-07-26 14:25:39.794,0 days 02:16:29.452000,44,74.58888888888896,0 days 00:00:09.017000,11250.0,195.0,4,0.0,True,0,car,373.1499999999999,0.09364506155691553,OnTrack,-5317.000002265364,3052.000001866792,2324.0562846375083,8189.452,9.017
2026-07-26 14:25:39.983,0 days 02:16:29.641000,44,74.11638840888897,0 days 00:00:09.206000,11250.0,195.0,4,0.0,True,0,pos,383.38750731877656,0.09621424821926639,OnTrack,-5317.0,3052.0,2325.0,8189.641,9.206
2026-07-26 14:25:39.994,0 days 02:16:29.652000,44,74.08888888888896,0 days 00:00:09.217000,11250.0,195.0,4,0.0,True,0,car,383.9833333333333,0.09636377565812575,OnTrack,-5316.9999996127535,3051.9999996777933,2325.081238802488,8189.652,9.217
2026-07-26 14:25:40.183,0 days 02:16:29.841000,44,72.25138702222227,0 days 00:00:09.406000,11250.0,195.0,4,0.0,True,0,pos,394.2208526842479,0.09893296534004058,OnTrack,-5317.0,3052.0,2327.0,8189.841,9.406
2026-07-26 14:25:40.314,0 days 02:16:29.972000,44,70.97777777777782,0 days 00:00:09.537000,11250.0,195.0,3,0.0,True,0,car,401.31666666666666,0.10071371822006207,OnTrack,-5317.000000009305,3052.000000269991,2328.5559168063437,8189.972,9.537
2026-07-26 14:25:40.363,0 days 02:16:30.021000,44,70.50138702222226,0 days 00:00:09.586000,11250.0,195.0,3,0.0,True,0,pos,403.97084259839113,0.10137980550000103,OnTrack,-5317.0,3052.0,2329.0,8190.021,9.586
2026-07-26 14:25:40.514,0 days 02:16:30.172000,44,69.03333333333336,0 days 00:00:09.737000,11250.0,195.0,3,0.0,True,0,car,412.15,0.10343243232127226,OnTrack,-5317.000000720133,3051.999997729841,2329.568597413995,8190.172,9.737
2026-07-26 14:25:40.674,0 days 02:16:30.332000,44,67.47777777777782,0 days 00:00:09.897000,11250.0,195.0,3,0.0,True,0,car,420.81666666666666,0.10560740360224043,OnTrack,-5317.000000819507,3051.999997719201,2329.7202992652815,8190.332,9.897
2026-07-26 14:25:40.723,0 days 02:16:30.381000,44,67.00138702222227,0 days 00:00:09.946000,11245.780539022222,195.0,3,0.0,True,0,pos,423.4708434886377,0.10627349110559407,OnTrack,-5317.0,3052.0,2330.0,8190.381,9.946
2026-07-26 14:25:40.923,0 days 02:16:30.581000,44,65.05694257777786,0 days 00:00:10.146000,11228.5583168,195.0,3,0.0,True,0,pos,434.30417544627363,0.1089922048615617,OnTrack,-5317.0,3052.0,2332.0,8190.581,10.146
2026-07-26 14:25:41.034,0 days 02:16:30.692000,44,63.977777777777874,0 days 00:00:10.257000,11219.0,195.0,3,0.0,True,0,car,440.3166666666666,0.11050108898441877,OnTrack,-5317.000019104646,3051.9999477851197,2332.957608603331,8190.692,10.257
2026-07-26 14:25:41.203,0 days 02:16:30.861000,44,62.334720355555625,0 days 00:00:10.426000,11219.0,195.0,3,0.0,True,0,pos,449.4708490333102,0.11279840633997971,OnTrack,-5317.0,3052.0,2334.0,8190.861,10.426
2026-07-26 14:25:41.274,0 days 02:16:30.932000,44,61.6444444444445,0 days 00:00:10.497000,11219.0,195.0,3,0.0,True,0,car,453.3166666666666,0.113763545905871,OnTrack,-5316.999935233534,3052.0001769934775,2334.3134701050403,8190.932,10.497
2026-07-26 14:25:41.443,0 days 02:16:31.101000,44,60.00138702222231,0 days 00:00:10.666000,11219.0,195.0,3,0.0,True,0,pos,462.47080507112236,0.11606085222875932,OnTrack,-5317.0,3052.0,2335.0,8191.101,10.666
2026-07-26 14:25:41.554,0 days 02:16:31.212000,44,58.92222222222233,0 days 00:00:10.777000,11219.0,195.0,3,0.0,True,0,car,468.48333333333323,0.11756974564756527,OnTrack,-5317.000668715813,3051.9981725450384,2335.705884423984,8191.212,10.777
2026-07-26 14:25:41.723,0 days 02:16:31.381000,44,57.27916480000007,0 days 00:00:10.946000,11219.0,195.0,3,0.0,True,0,pos,477.63773737905336,0.11986711863531371,OnTrack,-5317.0,3052.0,2337.0,8191.381,10.946
2026-07-26 14:25:41.834,0 days 02:16:31.492000,44,56.200000000000045,0 days 00:00:11.057000,11219.0,195.0,3,0.0,True,0,car,483.65,0.12137594538925957,OnTrack,-5316.9960210554755,3052.010873589475,2337.8068147556546,8191.492,11.057
2026-07-26 14:25:42.003,0 days 02:16:31.661000,44,54.32222008888896,0 days 00:00:11.226000,10871.141271466666,195.0,3,0.0,True,0,pos,492.8027188290228,0.1236728954580174,OnTrack,-5317.0,3052.0,2339.0,8191.661,11.226
2026-07-26 14:25:42.194,0 days 02:16:31.852000,44,52.2000000000001,0 days 00:00:11.417000,10478.0,195.0,3,0.0,True,0,car,503.1499999999999,0.1262696307714379,OnTrack,-5317.042716303837,3051.8832656380005,2340.363293991051,8191.852,11.417
2026-07-26 14:25:42.303,0 days 02:16:31.961000,44,50.988886755555654,0 days 00:00:11.526000,10478.0,195.0,3,0.0,True,0,pos,509.0589074591481,0.1277525196974624,OnTrack,-5317.0,3052.0,2341.0,8191.961,11.526
2026-07-26 14:25:42.394,0 days 02:16:32.052000,44,49.977777777777874,0 days 00:00:11.617000,10478.0,195.0,3,0.0,True,0,car,513.9833333333333,0.12898834487264813,OnTrack,-5316.894889465443,3052.2872442156468,2341.3969573733325,8192.052,11.617
2026-07-26 14:25:42.503,0 days 02:16:32.161000,44,48.766664533333454,0 days 00:00:11.726000,10478.0,195.0,3,0.0,True,0,pos,519.8609269735888,0.1304633753382739,OnTrack,-5317.0,3052.0,2342.0,8192.161,11.726
2026-07-26 14:25:42.594,0 days 02:16:32.252000,44,47.7555555555557,0 days 00:00:11.817000,10478.0,195.0,3,0.0,True,0,car,524.8166666666666,0.13170705897385832,OnTrack,-5317.588019239293,3050.3930713901404,2342.892500750934,8192.252,11.817
2026-07-26 14:25:42.703,0 days 02:16:32.361000,44,46.54444231111128,0 days 00:00:11.926000,10478.0,195.0,3,0.0,True,0,pos,530.8756138993195,0.13322760161508002,OnTrack,-5317.0,3052.0,2344.0,8192.361,11.926
2026-07-26 14:25:42.794,0 days 02:16:32.452000,44,45.53333333333353,0 days 00:00:12.017000,10478.0,195.0,3,0.0,True,0,car,535.6499999999999,0.13442577307506848,OnTrack,-5313.576995098795,3061.35432744351,2344.53612310667,8192.452,12.017
2026-07-26 14:25:43.002,0 days 02:16:32.660000,44,46.631110915407206,0 days 00:00:12.225000,10478.0,167.1894199996577,3,0.0,True,0,pos,544.497276662557,0.13664606991997333,OnTrack,-5317.0,3052.0,2345.0,8192.66,12.225
2026-07-26 14:25:43.153,0 days 02:16:32.811000,44,47.428055555555716,0 days 00:00:12.376000,10478.0,147.0,3,0.0,False,0,car,550.3091666666666,0.13810461151771378,OnTrack,-5354.338338535703,2949.9624467564263,2345.510982990591,8192.811,12.376
2026-07-26 14:25:43.242,0 days 02:16:32.900000,44,47.897777440000155,0 days 00:00:12.465000,10478.0,147.0,3,0.0,False,0,pos,553.8581303779769,0.1389952531503251,OnTrack,-5317.0,3052.0,2346.0,8192.9,12.465
2026-07-26 14:25:43.482,0 days 02:16:33.140000,44,49.16444410666681,0 days 00:00:12.705000,10478.0,147.0,3,0.0,False,0,pos,563.7344956492758,0.14147380824556657,OnTrack,-4954.0,4044.0,2348.0,8193.14,12.705
2026-07-26 14:25:43.513,0 days 02:16:33.171000,44,49.32805555555569,0 days 00:00:12.736000,10478.0,147.0,3,0.0,False,0,car,565.0091666666666,0.14179369742120207,OnTrack,-4928.919428219353,4112.539744370255,2348.2441904609263,8193.171,12.736
2026-07-26 14:25:43.762,0 days 02:16:33.420000,44,50.642221884444645,0 days 00:00:12.985000,10478.0,147.0,3,0.0,False,0,pos,575.1843349305828,0.14434723958501397,OnTrack,-4954.0,4044.0,2350.0,8193.42,12.985
2026-07-26 14:25:43.873,0 days 02:16:33.531000,44,51.228055555555784,0 days 00:00:13.096000,10478.0,147.0,3,0.0,False,0,car,579.7091666666665,0.14548278332469036,OnTrack,-4966.328128267697,4010.3099084254522,2350.8785735952547,8193.531,13.096
2026-07-26 14:25:44.113,0 days 02:16:33.771000,44,52.561388888889155,0 days 00:00:13.336000,10473.0,147.0,3,48.0,False,0,car,589.5091666666665,0.1479421739270159,OnTrack,-4955.0974329754545,4041.000954513344,2352.8117594305722,8193.771,13.336
2026-07-26 14:25:44.142,0 days 02:16:33.800000,44,52.71444545777804,0 days 00:00:13.365000,10473.0,147.06590952727274,3,48.0,False,0,pos,590.6969492848173,0.14824025774422872,OnTrack,-4954.0,4044.0,2353.0,8193.8,13.365
2026-07-26 14:25:44.553,0 days 02:16:34.211000,44,54.88361111111135,0 days 00:00:13.776000,10473.0,148.0,3,48.0,False,0,car,607.5980555555553,0.1524817293698571,OnTrack,-4953.822198934689,4044.4858916165877,2354.8499815377368,8194.211,13.776
2026-07-26 14:25:44.582,0 days 02:16:34.240000,44,55.036667680000235,0 days 00:00:13.805000,10473.0,148.0,3,48.0,False,0,pos,608.7906263987411,0.15278101483152431,OnTrack,-4954.0,4044.0,2355.0,8194.24,13.805
2026-07-26 14:25:44.713,0 days 02:16:34.371000,44,55.728055555555784,0 days 00:00:13.936000,10473.0,148.0,3,48.0,False,0,car,614.1758333333331,0.15413247680361755,OnTrack,-4954.374696992765,4042.976034663763,2355.7736201142993,8194.371,13.936
2026-07-26 14:25:44.982,0 days 02:16:34.640000,44,56.99833424000019,0 days 00:00:14.205000,10657.937632,148.0,3,53.8843792,False,0,pos,625.2349396965554,0.15690785050359995,OnTrack,-4954.0,4044.0,2357.0,8194.64,14.205
2026-07-26 14:25:45.033,0 days 02:16:34.691000,44,57.23916666666685,0 days 00:00:14.256000,10693.0,148.0,3,55.0,False,0,car,627.3313888888887,0.15743397167113846,OnTrack,-4953.999340168183,4044.00180317722,2356.9950217327423,8194.691,14.256
2026-07-26 14:25:45.042,0 days 02:16:34.700000,44,57.26416648888907,0 days 00:00:14.265000,10693.0,148.0,3,55.0,False,0,pos,627.701332417667,0.1575268120423699,OnTrack,-4954.0,4044.0,2357.0,8194.7,14.265
2026-07-26 14:25:45.233,0 days 02:16:34.891000,44,57.79472222222239,0 days 00:00:14.456000,10693.0,148.0,3,55.0,False,0,car,635.5536111111109,0.159497405963339,OnTrack,-4954.000465905841,4043.998726760949,2357.82524656664,8194.891,14.456
2026-07-26 14:25:45.262,0 days 02:16:34.920000,44,57.87527831111127,0 days 00:00:14.485000,10693.0,148.0,3,55.0,False,0,pos,636.746873984062,0.15979686509556754,OnTrack,-4954.0,4044.0,2358.0,8194.92,14.485
2026-07-26 14:25:45.473,0 days 02:16:35.131000,44,58.46138888888902,0 days 00:00:14.696000,10693.0,148.0,3,55.0,False,0,car,645.4202777777775,0.16197352711397967,OnTrack,-4953.999525443836,4044.001297232382,2359.3484939361933,8195.131,14.696
2026-07-26 14:25:45.602,0 days 02:16:35.260000,44,58.819722044444575,0 days 00:00:14.825000,10693.0,148.0,3,55.0,False,0,pos,650.6807243064744,0.16329367943609324,OnTrack,-4954.0,4044.0,2360.0,8195.26,14.825
2026-07-26 14:25:45.833,0 days 02:16:35.491000,44,59.46138888888902,0 days 00:00:15.056000,10693.0,148.0,3,55.0,False,0,car,660.2202777777775,0.16568770883994066,OnTrack,-4954.000023946057,4043.999933303085,2360.7188533642498,8195.491,15.056
2026-07-26 14:25:45.882,0 days 02:16:35.540000,44,59.47499998222232,0 days 00:00:15.105000,10727.2999552,150.20499712,3,61.61499136,False,0,pos,662.3148672094457,0.16621336328524422,OnTrack,-4954.0,4044.0,2361.0,8195.54,15.105
2026-07-26 14:25:46.033,0 days 02:16:35.691000,44,59.51694444444445,0 days 00:00:15.256000,10833.0,157.0,3,82.0,False,0,car,668.9424999999998,0.16787662224450478,OnTrack,-4953.999982038803,4044.000058125005,2362.375750559903,8195.691,15.256
2026-07-26 14:25:46.193,0 days 02:16:35.851000,44,58.939166666666665,0 days 00:00:15.416000,10722.0,164.0,3,0.0,False,0,car,676.2313888888887,0.1697058288602934,OnTrack,-4953.999999853659,4044.0000022283343,2363.9356287453725,8195.851,15.416
2026-07-26 14:25:46.202,0 days 02:16:35.860000,44,58.90666689201604,0 days 00:00:15.425000,10722.0,164.0,3,0.0,False,0,pos,676.6428739767638,0.1698090944274482,OnTrack,-4954.0,4044.0,2364.0,8195.86,15.425
2026-07-26 14:25:46.554,0 days 02:16:36.212000,44,57.635555555555584,0 days 00:00:15.777000,10722.0,164.0,3,0.0,False,0,car,692.6769444444442,0.17383297628716643,OnTrack,-4953.999996725986,4043.9999975518017,2365.891868460314,8196.212,15.777
2026-07-26 14:25:46.563,0 days 02:16:36.221000,44,57.60305486222225,0 days 00:00:15.786000,10722.0,164.0,3,0.0,False,0,pos,693.0866870516264,0.17393580456445995,OnTrack,-4954.0,4044.0,2366.0,8196.221,15.786
2026-07-26 14:25:46.763,0 days 02:16:36.421000,44,56.88083263999999,0 days 00:00:15.986000,10722.0,164.0,3,0.0,False,0,pos,702.1964093427368,0.17622196429839382,OnTrack,-4954.0,4044.0,2369.0,8196.421,15.986
2026-07-26 14:25:46.914,0 days 02:16:36.572000,44,56.335555555555516,0 days 00:00:16.137000,10722.0,164.0,3,0.0,False,0,car,709.0769444444443,0.1779486911726908,OnTrack,-4953.999452033784,4043.999639592947,2369.8604753331924,8196.572,16.137
2026-07-26 14:25:47.083,0 days 02:16:36.741000,44,55.53749909333332,0 days 00:00:16.306000,10822.8719896,164.0,3,0.0,False,0,pos,716.7781483575263,0.17988137163497922,OnTrack,-4954.0,4044.0,2370.0,8196.741,16.306
2026-07-26 14:25:47.234,0 days 02:16:36.892000,44,54.82444444444445,0 days 00:00:16.457000,10913.0,164.0,3,0.0,True,0,car,723.6547222222221,0.18160710440426803,OnTrack,-4954.0029002416195,4044.001905867122,2370.4997173133524,8196.892,16.457
2026-07-26 14:25:47.323,0 days 02:16:36.981000,44,54.404165760000055,0 days 00:00:16.546000,10913.0,164.0,3,0.0,True,0,pos,727.7039838638764,0.1826232999173131,OnTrack,-4954.0,4044.0,2371.0,8196.981,16.546
2026-07-26 14:25:47.434,0 days 02:16:37.092000,44,53.88000000000011,0 days 00:00:16.657000,10913.0,164.0,3,0.0,True,0,car,732.7658333333331,0.18389361267400378,OnTrack,-4953.9875684925255,4043.9918308383994,2371.8651046507775,8197.092,16.657
2026-07-26 14:25:47.583,0 days 02:16:37.241000,44,53.176387982222245,0 days 00:00:16.806000,10913.0,164.0,3,0.0,True,0,pos,739.6140095744277,0.1856122188260871,OnTrack,-4954.0,4044.0,2373.0,8197.241,16.806
2026-07-26 14:25:47.754,0 days 02:16:37.412000,44,52.36888888888882,0 days 00:00:16.977000,10913.0,164.0,3,0.0,True,0,car,747.3436111111109,0.18755202590558098,OnTrack,-4954.1355364572,4044.0890654821383,2373.459842122883,8197.412,16.977
2026-07-26 14:25:47.943,0 days 02:16:37.601000,44,52.00138851555546,0 days 00:00:17.166000,10913.0,157.24999314285714,3,0.0,True,0,pos,755.4553983863442,0.18958774563953737,OnTrack,-4954.0,4044.0,2374.0,8197.601,17.166
2026-07-26 14:25:48.034,0 days 02:16:37.692000,44,51.82444444444434,0 days 00:00:17.257000,10913.0,154.0,3,0.0,True,0,car,759.3213888888888,0.19055794775286777,OnTrack,-4953.648305996438,4043.7688902601303,2374.7208537170686,8197.692,17.257
2026-07-26 14:25:48.123,0 days 02:16:37.781000,44,51.552499413333265,0 days 00:00:17.346000,10656.5681968,154.0,3,0.0,True,0,pos,763.125273222211,0.1915125638122255,OnTrack,-4954.0,4044.0,2374.0,8197.781,17.346
2026-07-26 14:25:48.194,0 days 02:16:37.852000,44,51.335555555555516,0 days 00:00:17.417000,10452.0,154.0,3,0.0,True,0,car,766.1658333333332,0.19227561737988877,OnTrack,-4955.381642947031,4044.9079231909404,2371.2230937587483,8197.852,17.417
2026-07-26 14:25:48.434,0 days 02:16:38.092000,44,50.60222222222228,0 days 00:00:17.657000,10452.0,154.0,3,0.0,True,0,car,776.4324999999999,0.19485212182042028,OnTrack,-4954.86163231984,4044.566207041329,2356.239938697138,8198.092,17.657
2026-07-26 14:25:48.443,0 days 02:16:38.101000,44,50.574721635555605,0 days 00:00:17.666000,10452.0,154.0,3,0.0,True,0,pos,776.8175468655597,0.19494875249823793,OnTrack,-4954.0,4044.0,2356.0,8198.101,17.666
2026-07-26 14:25:48.594,0 days 02:16:38.252000,44,50.11333333333323,0 days 00:00:17.817000,10452.0,154.0,3,0.0,True,0,car,783.2769444444443,0.19656979144744127,OnTrack,-4932.040296696435,4029.569554031734,2356.4729438886247,8198.252,17.817
2026-07-26 14:25:48.683,0 days 02:16:38.341000,44,49.84138830222216,0 days 00:00:17.906000,10452.0,154.0,3,0.0,True,0,pos,787.0780901212895,0.19752372021843143,OnTrack,-4954.0,4044.0,2358.0,8198.341,17.906
2026-07-26 14:25:48.754,0 days 02:16:38.412000,44,49.62444444444441,0 days 00:00:17.977000,10452.0,154.0,3,0.0,True,0,car,790.1213888888888,0.1982874610744623,OnTrack,-5005.675455773546,4077.9576478842714,2358.857574012197,8198.412,17.977
2026-07-26 14:25:48.954,0 days 02:16:38.612000,44,49.013333333333435,0 days 00:00:18.177000,10452.0,154.0,3,0.0,True,0,car,798.6769444444443,0.20043454810823855,OnTrack,-5167.286985716059,4184.157919283433,2359.796627618081,8198.612,18.177
2026-07-26 14:25:49.043,0 days 02:16:38.701000,44,49.03805560888897,0 days 00:00:18.266000,10452.0,149.5499904,3,38.56674986666667,True,0,pos,802.265135455603,0.20133503415438062,OnTrack,-4954.0,4044.0,2360.0,8198.701,18.266
2026-07-26 14:25:49.194,0 days 02:16:38.852000,44,49.08000000000004,0 days 00:00:18.417000,10452.0,142.0,3,104.0,True,0,car,808.143611111111,0.20281028596898837,OnTrack,-4058.1250943512237,3455.2910251301796,2360.2622871607437,8198.852,18.417
2026-07-26 14:25:49.474,0 days 02:16:39.132000,44,49.15777777777794,0 days 00:00:18.697000,10452.0,142.0,3,104.0,True,0,car,819.1880555555554,0.20558198013986317,OnTrack,-2074.0736183845506,2151.5053033285108,2360.956999438588,8199.132,18.697
2026-07-26 14:25:49.483,0 days 02:16:39.141000,44,49.16027783030723,0 days 00:00:18.706000,10452.0,142.0,3,104.0,True,0,pos,819.5432971242286,0.20567113093328673,OnTrack,-2052.0,2137.0,2361.0,8199.141,18.706
2026-07-26 14:25:49.662,0 days 02:16:39.320000,44,49.210000054316026,0 days 00:00:18.885000,10452.0,142.0,3,104.0,True,0,pos,826.6027927137785,0.20744276941390888,OnTrack,-2052.0,2137.0,2362.0,8199.32,18.885
2026-07-26 14:25:49.673,0 days 02:16:39.331000,44,49.21305555555557,0 days 00:00:18.896000,10452.0,142.0,3,104.0,True,0,car,827.0374999999999,0.20755186278273494,OnTrack,-2056.569112057071,2140.002514366931,2362.0506418724785,8199.331,18.896
2026-07-26 14:25:49.902,0 days 02:16:39.560000,44,49.27666672000013,0 days 00:00:19.125000,10211.5497984,142.0,3,50.18495488,True,0,pos,836.1228622152895,0.20983190915528663,OnTrack,-2052.0,2137.0,2363.0,8199.56,19.125
2026-07-26 14:25:50.022,0 days 02:16:39.680000,44,49.310000053333525,0 days 00:00:19.245000,10085.5497984,142.0,3,21.98495488,True,0,pos,840.8372034763659,0.21101501186892402,OnTrack,-2052.0,2137.0,2364.0,8199.68,19.245
2026-07-26 14:25:50.073,0 days 02:16:39.731000,44,49.32416666666688,0 days 00:00:19.296000,10032.0,142.0,3,10.0,True,0,car,842.8152777777776,0.21151142588398464,OnTrack,-2052.2893924168047,2137.190169310417,2364.344570295295,8199.731,19.296
2026-07-26 14:25:50.182,0 days 02:16:39.840000,44,49.68750064000015,0 days 00:00:19.405000,9945.9677056,140.053568,3,10.0,True,0,pos,846.9919292662665,0.2125595909268396,OnTrack,-2052.0,2137.0,2365.0,8199.84,19.405
2026-07-26 14:25:50.353,0 days 02:16:40.011000,44,50.25750000000005,0 days 00:00:19.576000,9811.0,137.0,3,10.0,True,0,car,853.4708333333332,0.2141855251896878,OnTrack,-2051.9058656858783,2136.938141234866,2366.642052704026,8200.011,19.576
2026-07-26 14:25:50.502,0 days 02:16:40.160000,44,50.75416730666669,0 days 00:00:19.725000,9811.0,137.0,3,10.0,True,0,pos,859.1359714526777,0.21560723819495234,OnTrack,-2052.0,2137.0,2368.0,8200.16,19.725
2026-07-26 14:25:50.673,0 days 02:16:40.331000,44,51.324166666666656,0 days 00:00:19.896000,9811.0,137.0,3,10.0,True,0,car,865.648611111111,0.21724163868191998,OnTrack,-2052.0034842597593,2137.002289621386,2368.8058319321785,8200.331,19.896
2026-07-26 14:25:50.722,0 days 02:16:40.380000,44,51.48749978666667,0 days 00:00:19.945000,9811.0,137.0,3,10.0,True,0,pos,867.5136657667582,0.21770968948732022,OnTrack,-2052.0,2137.0,2369.0,8200.38,19.945
2026-07-26 14:25:50.913,0 days 02:16:40.571000,44,52.124166666666724,0 days 00:00:20.136000,9811.0,137.0,3,10.0,True,0,car,874.7819444444443,0.21953372380109412,OnTrack,-2051.9999060807836,2136.9999382835854,2369.9380719065894,8200.571,20.136
2026-07-26 14:25:50.922,0 days 02:16:40.580000,44,52.19916613333339,0 days 00:00:20.145000,9803.593802666666,137.0,3,10.318747733333334,True,0,pos,875.1245898389707,0.21961971348101542,OnTrack,-2052.0,2137.0,2370.0,8200.58,20.145
2026-07-26 14:25:51.162,0 days 02:16:40.820000,44,54.19916613333339,0 days 00:00:20.385000,9606.093802666666,137.0,3,18.818747733333336,True,0,pos,884.2690511492124,0.22191459125751925,OnTrack,-2052.0,2137.0,2372.0,8200.82,20.385
2026-07-26 14:25:51.393,0 days 02:16:41.051000,44,56.124166666666724,0 days 00:00:20.616000,9416.0,137.0,3,27.0,False,0,car,893.048611111111,0.22411789403944238,OnTrack,-2051.9999502818373,2136.9999676437856,2372.709580975991,8201.051,20.616
2026-07-26 14:25:51.502,0 days 02:16:41.160000,44,57.03250160000002,0 days 00:00:20.725000,9416.0,137.0,3,27.0,False,0,pos,897.1731559963096,0.22515298250163904,OnTrack,-2052.0,2137.0,2373.0,8201.16,20.725
2026-07-26 14:25:51.722,0 days 02:16:41.380000,44,58.86583279999994,0 days 00:00:20.945000,9416.0,137.0,3,27.0,False,0,pos,905.5032195956818,0.22724348047440132,OnTrack,-2052.0,2137.0,2374.0,8201.38,20.945
2026-07-26 14:25:51.833,0 days 02:16:41.491000,44,59.79083333333324,0 days 00:00:21.056000,9416.0,137.0,3,27.0,False,0,car,909.7930555555555,0.22832005009126166,OnTrack,-2051.999997498514,2137.0000032530784,2374.50516520873,8201.491,21.056
2026-07-26 14:25:52.002,0 days 02:16:41.660000,44,60.91749957333323,0 days 00:00:21.225000,9808.9248512,139.8166656,3,42.96110506666667,False,0,pos,916.4639191217735,0.22999415816923638,OnTrack,-2052.0,2137.0,2375.0,8201.66,21.225
2026-07-26 14:25:52.122,0 days 02:16:41.780000,44,61.71749957333322,0 days 00:00:21.345000,10087.9248512,141.8166656,3,54.2944384,False,0,pos,921.2614893987264,0.231198147888944,OnTrack,-2052.0,2137.0,2375.0,8201.78,21.345
2026-07-26 14:25:52.193,0 days 02:16:41.851000,44,62.19083333333322,0 days 00:00:21.416000,10253.0,143.0,3,61.0,False,0,car,924.0930555555555,0.2319087527048591,OnTrack,-2051.999998266335,2137.000091246033,2375.0237497372755,8201.851,21.416
2026-07-26 14:25:52.322,0 days 02:16:41.980000,44,63.05083290666655,0 days 00:00:21.545000,10253.0,143.0,3,61.0,False,0,pos,929.2239352484074,0.23319638916386556,OnTrack,-2052.0,2137.0,2375.0,8201.98,21.545
2026-07-26 14:25:52.513,0 days 02:16:42.171000,44,64.32416666666654,0 days 00:00:21.736000,10253.0,143.0,3,61.0,False,0,car,936.8041666666666,0.2350987105836124,OnTrack,-2052.0000288014353,2136.9984473264217,2374.2459277132853,8202.171,21.736
2026-07-26 14:25:52.582,0 days 02:16:42.240000,44,64.78416794666651,0 days 00:00:21.805000,10253.0,143.0,3,61.0,False,0,pos,939.5439945464684,0.23578629292438533,OnTrack,-2052.0,2137.0,2374.0,8202.24,21.805
2026-07-26 14:25:52.673,0 days 02:16:42.331000,44,65.39083333333315,0 days 00:00:21.896000,10253.0,143.0,3,61.0,False,0,car,943.1597222222222,0.23669368952298908,OnTrack,-2051.9999084164638,2137.004937760918,2373.8097093049487,8202.331,21.896
2026-07-26 14:25:53.003,0 days 02:16:42.661000,44,67.49916782093652,0 days 00:00:22.226000,10419.234504975084,143.82294309393606,3,61.822943093936054,False,0,pos,956.3305313982235,0.23999901241201765,OnTrack,-2052.0,2137.0,2374.0,8202.661,22.226
2026-07-26 14:25:53.074,0 days 02:16:42.732000,44,67.95277777777756,0 days 00:00:22.297000,10455.0,144.0,3,62.0,False,0,car,959.1997222222221,0.24071905944761166,OnTrack,-2052.0004218572626,2136.977254684231,2374.0702465274085,8202.732,22.297
2026-07-26 14:25:53.123,0 days 02:16:42.781000,44,68.51083551999983,0 days 00:00:22.346000,10585.054676266667,144.6125024,3,64.04167466666667,False,0,pos,961.1897615349333,0.24121847618066675,OnTrack,-2052.0,2137.0,2374.0,8202.781,22.346
2026-07-26 14:25:53.314,0 days 02:16:42.972000,44,70.68611111111113,0 days 00:00:22.537000,11092.0,147.0,3,72.0,False,0,car,968.9997222222221,0.24317845004993718,OnTrack,-2051.9925783193967,2137.400155466746,2372.379278872683,8202.972,22.537
2026-07-26 14:25:53.383,0 days 02:16:43.041000,44,71.47194663111107,0 days 00:00:22.606000,11092.0,147.0,3,72.0,False,0,pos,971.8242787304756,0.2438872957368899,OnTrack,-2052.0,2137.0,2372.0,8203.041,22.606
2026-07-26 14:25:53.563,0 days 02:16:43.221000,44,73.52194663111091,0 days 00:00:22.786000,11092.0,147.0,3,72.0,False,0,pos,979.1753762001171,0.24573211410766693,OnTrack,-2052.0,2137.0,2372.0,8203.221,22.786
2026-07-26 14:25:53.594,0 days 02:16:43.252000,44,73.87499999999977,0 days 00:00:22.817000,11092.0,147.0,3,72.0,False,0,car,980.4330555555555,0.24604773908598365,OnTrack,-2051.966456304931,2138.808578635627,2371.8490355419653,8203.252,22.817
2026-07-26 14:25:53.883,0 days 02:16:43.541000,44,77.16639107555528,0 days 00:00:23.106000,11241.316765866666,147.0,3,72.0,False,0,pos,992.042283591622,0.2489611703443669,OnTrack,-2052.0,2137.0,2369.0,8203.541,23.106
2026-07-26 14:25:53.943,0 days 02:16:43.601000,44,77.8497244088886,0 days 00:00:23.166000,11272.316765866666,147.0,3,72.0,False,0,pos,994.4976132342315,0.24957735551259597,OnTrack,-2052.0,2137.0,2369.0,8203.601,23.166
2026-07-26 14:25:54.074,0 days 02:16:43.732000,44,79.34166666666636,0 days 00:00:23.297000,11340.0,147.0,3,72.0,False,0,car,1000.0330555555555,0.2509665202906347,OnTrack,-2039.2106807312114,2826.5629178503395,2368.360496917889,8203.732,23.297
2026-07-26 14:25:54.203,0 days 02:16:43.861000,44,81.24083615999992,0 days 00:00:23.426000,11819.23571328,154.74001152,3,82.32001536,False,0,pos,1005.711401791603,0.252391547981419,OnTrack,-2024.0,3646.0,2367.0,8203.861,23.426
2026-07-26 14:25:54.274,0 days 02:16:43.932000,44,82.28611111111115,0 days 00:00:23.497000,12083.0,159.0,3,88.0,False,0,car,1008.8663888888888,0.25318331794239074,OnTrack,-2021.224758044303,3794.689204176942,2366.079261944714,8203.932,23.497
2026-07-26 14:25:54.443,0 days 02:16:44.101000,44,84.77416949333326,0 days 00:00:23.666000,12083.0,159.0,3,88.0,False,0,pos,1016.3356822683824,0.2550577985488743,OnTrack,-2024.0,3646.0,2364.0,8204.101,23.666
2026-07-26 14:25:54.594,0 days 02:16:44.252000,44,86.99722222222204,0 days 00:00:23.817000,12083.0,159.0,3,88.0,False,0,car,1022.9997222222221,0.2567301941852003,OnTrack,-2024.412019204162,3634.614011866889,2363.3932420876913,8204.252,23.817
2026-07-26 14:25:54.663,0 days 02:16:44.321000,44,88.01305838222216,0 days 00:00:23.886000,12083.0,159.0,3,88.0,False,0,pos,1026.0527745936092,0.2574963827883225,OnTrack,-2024.0,3646.0,2363.0,8204.321,23.886
2026-07-26 14:25:54.794,0 days 02:16:44.452000,44,89.94166666666683,0 days 00:00:24.017000,12083.0,159.0,3,88.0,False,0,car,1031.8330555555553,0.2589469918369563,OnTrack,-2022.584332473755,3655.9577789905584,2361.495653626492,8204.452,24.017
2026-07-26 14:25:54.903,0 days 02:16:44.561000,44,91.54639171555576,0 days 00:00:24.126000,12083.0,159.0,3,88.0,False,0,pos,1036.5963575735534,0.26014238165523207,OnTrack,-2024.0,3646.0,2360.0,8204.561,24.126
2026-07-26 14:25:54.954,0 days 02:16:44.612000,44,92.29722222222244,0 days 00:00:24.177000,12083.0,159.0,3,88.0,False,0,car,1038.899722222222,0.2607204299583611,OnTrack,-2026.3290741720339,3633.8950970759156,2359.360410273644,8204.612,24.177
2026-07-26 14:25:55.263,0 days 02:16:44.921000,44,95.55889091555574,0 days 00:00:24.486000,10851.290901333334,177.0250112,3,94.00833706666667,False,0,pos,1054.3091713034341,0.26458755794380473,OnTrack,-2024.0,3646.0,2356.0,8204.921,24.486
2026-07-26 14:25:55.314,0 days 02:16:44.972000,44,96.0972222222224,0 days 00:00:24.537000,10648.0,180.0,3,95.0,True,0,car,1056.899722222222,0.26523767800344883,OnTrack,-2008.493863632159,3721.3352729409226,2355.4333756898195,8204.972,24.537
2026-07-26 14:25:55.594,0 days 02:16:45.252000,44,99.05277777777792,0 days 00:00:24.817000,10648.0,180.0,3,95.0,True,0,car,1070.899722222222,0.26875109314962814,OnTrack,-1851.8359232903797,4480.7428523304025,2352.227304425918,8205.252,24.817
2026-07-26 14:25:55.723,0 days 02:16:45.381000,44,100.41444647111123,0 days 00:00:24.946000,10648.0,180.0,3,95.0,True,0,pos,1077.2984431235761,0.2703569047875561,OnTrack,-1807.0,4698.0,2351.0,8205.381,24.946
2026-07-26 14:25:55.914,0 days 02:16:45.572000,44,102.43055555555566,0 days 00:00:25.137000,10648.0,180.0,3,95.0,True,0,car,1086.899722222222,0.2727664247452617,OnTrack,-1803.6234236883965,4714.3615541945655,2349.5736826357224,8205.572,25.137
2026-07-26 14:25:55.983,0 days 02:16:45.641000,44,102.98639043555563,0 days 00:00:25.206000,10856.479151542857,182.21786331428572,3,96.23214628571428,True,0,pos,1090.4695417205842,0.2736623003091668,OnTrack,-1807.0,4698.0,2349.0,8205.641,25.206
2026-07-26 14:25:56.194,0 days 02:16:45.852000,44,104.68611111111113,0 days 00:00:25.417000,11494.0,189.0,3,100.0,False,0,car,1101.599722222222,0.27645551064874996,OnTrack,-1807.5590264626385,4695.291171816862,2346.7735125918157,8205.852,25.417
2026-07-26 14:25:56.262,0 days 02:16:45.920000,44,105.23389082545556,0 days 00:00:25.485000,11494.0,189.0,3,100.0,False,0,pos,1105.1837706781716,0.2773549570865909,OnTrack,-1807.0,4698.0,2346.0,8205.92,25.485
2026-07-26 14:25:56.473,0 days 02:16:46.131000,44,106.93361111111108,0 days 00:00:25.696000,11494.0,189.0,4,100.0,False,0,car,1116.247222222222,0.2801314212454401,OnTrack,-1806.93733849355,4698.303665198554,2343.5810302368,8206.131,25.696
2026-07-26 14:25:56.522,0 days 02:16:46.180000,44,107.32833281777776,0 days 00:00:25.745000,11494.0,189.0,4,100.0,False,0,pos,1118.798039288083,0.28077156976789214,OnTrack,-1807.0,4698.0,2343.0,8206.18,25.745
2026-07-26 14:25:56.753,0 days 02:16:46.411000,44,109.18916666666678,0 days 00:00:25.976000,11494.0,189.0,5,100.0,False,0,car,1130.9472222222219,0.28382050714892837,OnTrack,-1807.0018914483799,4697.990791843758,2340.1175219034158,8206.411,25.976
2026-07-26 14:25:56.762,0 days 02:16:46.420000,44,109.259166168889,0 days 00:00:25.985000,11494.0,189.38249728,5,100.0,False,0,pos,1131.4381151328434,0.2839437007623091,OnTrack,-1807.0,4698.0,2340.0,8206.42,25.985
2026-07-26 14:25:57.142,0 days 02:16:46.800000,44,112.21472371555565,0 days 00:00:26.365000,11494.0,205.53250816,5,100.0,False,0,pos,1153.2015789064208,0.28940542099483846,OnTrack,-1807.0,4698.0,2336.0,8206.8,26.365
2026-07-26 14:25:57.153,0 days 02:16:46.811000,44,112.30027777777786,0 days 00:00:26.376000,11494.0,206.0,5,100.0,False,0,car,1153.8361111111108,0.28956466207045967,OnTrack,-1806.999938732085,4697.999865856676,2335.9936564301443,8206.811,26.376
2026-07-26 14:25:57.202,0 days 02:16:46.860000,44,112.6813883911112,0 days 00:00:26.425000,11494.0,206.0,5,100.0,False,0,pos,1156.657435108479,0.29027269653221915,OnTrack,-1807.0,4698.0,2336.0,8206.86,26.425
2026-07-26 14:25:57.513,0 days 02:16:47.171000,44,115.10027777777782,0 days 00:00:26.736000,11494.0,206.0,5,100.0,False,0,car,1174.4361111111107,0.2947344014998378,OnTrack,-1807.0329620550506,4697.938284373435,2332.6182004100124,8207.171,26.736
2026-07-26 14:25:57.562,0 days 02:16:47.220000,44,115.48138839111114,0 days 00:00:26.785000,11494.0,206.0,5,100.0,False,0,pos,1177.23913115012,0.29543784243270205,OnTrack,-1807.0,4698.0,2332.0,8207.22,26.785
2026-07-26 14:25:57.742,0 days 02:16:47.400000,44,116.88139038222222,0 days 00:00:26.965000,11494.0,206.0,5,100.0,False,0,pos,1187.5483293988113,0.29802502052355323,OnTrack,-1807.0,4698.0,2330.0,8207.4,26.965
2026-07-26 14:25:57.833,0 days 02:16:47.491000,44,117.58916666666664,0 days 00:00:27.056000,11494.0,206.0,5,100.0,False,0,car,1192.7472222222218,0.2993297254370628,OnTrack,-1807.5834852351277,4696.906330320339,2328.9325607328674,8207.491,27.056
2026-07-26 14:25:57.962,0 days 02:16:47.620000,44,118.59249950222227,0 days 00:00:27.185000,11494.0,206.0,5,100.0,False,0,pos,1200.0985383354723,0.3011745986782519,OnTrack,-1807.0,4698.0,2327.0,8207.62,27.185
2026-07-26 14:25:58.033,0 days 02:16:47.691000,44,119.1447222222223,0 days 00:00:27.256000,11494.0,206.0,5,100.0,False,0,car,1204.1916666666662,0.30220180289782844,OnTrack,-1805.2044683521997,4701.365519127096,2325.561991737262,8207.691,27.256
2026-07-26 14:25:58.062,0 days 02:16:47.720000,44,119.33000122666675,0 days 00:00:27.285000,11475.617620232259,206.49113228387097,5,99.92983824516129,False,0,pos,1205.8807779460817,0.302625699265877,OnTrack,-1807.0,4698.0,2325.0,8207.72,27.285
2026-07-26 14:25:59.142,0 days 02:16:48.800000,44,126.23000122666694,0 days 00:00:28.365000,10791.036975070967,224.78145486451612,5,97.31693501935484,False,0,pos,1274.064931026994,0.3197370732775833,OnTrack,-1807.0,4698.0,2312.0,8208.8,28.365
2026-07-26 14:25:59.273,0 days 02:16:48.931000,44,127.06694444444474,0 days 00:00:28.496000,10708.0,227.0,5,97.0,True,0,car,1282.380555555555,0.3218239476467681,OnTrack,-1281.3463712976338,5683.277784021144,2303.6992270225896,8208.931,28.496
2026-07-26 14:25:59.433,0 days 02:16:49.091000,44,128.08916666666687,0 days 00:00:28.656000,10708.0,227.0,5,97.0,True,0,car,1292.469444444444,0.32435583729179257,OnTrack,-575.9660152531118,7005.432823346798,2292.917935635119,8209.091,28.656
2026-07-26 14:25:59.503,0 days 02:16:49.161000,44,128.5363898085255,0 days 00:00:28.726000,10708.0,227.0,5,97.0,True,0,pos,1296.886428689123,0.32546431581648483,OnTrack,-382.0,7369.0,2290.0,8209.161,28.726
2026-07-26 14:25:59.714,0 days 02:16:49.372000,44,129.88444444444463,0 days 00:00:28.937000,10708.0,227.0,5,97.0,True,0,car,1310.1880555555551,0.3288024684808668,OnTrack,-268.2178263032175,7582.271709322234,2288.550483278162,8209.372,28.937
2026-07-26 14:25:59.903,0 days 02:16:49.561000,44,131.09194567111132,0 days 00:00:29.126000,10708.0,227.0,5,97.0,True,0,pos,1321.984175099173,0.3317628017002018,OnTrack,-382.0,7369.0,2291.0,8209.561,29.126
2026-07-26 14:26:00.034,0 days 02:16:49.692000,44,131.9288888888891,0 days 00:00:29.257000,10708.0,227.0,5,97.0,True,0,car,1330.3658333333328,0.3338662477709157,OnTrack,-388.44978562468407,7356.910612681883,2291.98509963565,8209.692,29.257
2026-07-26 14:26:00.123,0 days 02:16:49.781000,44,132.2502784711113,0 days 00:00:29.346000,10740.93007104,232.78501248,5,87.20997888,True,0,pos,1336.253216445239,0.335343734984968,OnTrack,-382.0,7369.0,2293.0,8209.781,29.346
2026-07-26 14:26:00.234,0 days 02:16:49.892000,44,132.65111111111128,0 days 00:00:29.457000,10782.0,240.0,5,75.0,False,0,car,1343.699166666666,0.3372123574339437,OnTrack,-380.84565775577255,7371.163681329522,2295.21527121589,8209.892,29.457
2026-07-26 14:26:00.323,0 days 02:16:49.981000,44,132.9725006933336,0 days 00:00:29.546000,10782.0,240.0,5,75.0,False,0,pos,1349.6403363869017,0.33870334283973635,OnTrack,-382.0,7369.0,2297.0,8209.981,29.546
2026-07-26 14:26:00.434,0 days 02:16:50.092000,44,133.37333333333368,0 days 00:00:29.657000,10782.0,240.0,6,75.0,False,0,car,1357.0324999999993,0.3405584670969716,OnTrack,-382.4773381706761,7368.105293405736,2298.4592187278186,8210.092,29.657
2026-07-26 14:26:00.594,0 days 02:16:50.252000,44,133.95111111111123,0 days 00:00:29.817000,10782.0,240.0,6,75.0,False,0,car,1367.699166666666,0.3432353548273939,OnTrack,-382.04567325729045,7368.914399246111,2299.725177109502,8210.252,29.817
2026-07-26 14:26:00.623,0 days 02:16:50.281000,44,134.05583402666682,0 days 00:00:29.846000,10782.0,240.0,6,75.0,False,0,pos,1369.6330255556657,0.34372067262105,OnTrack,-382.0,7369.0,2300.0,8210.281,29.846
2026-07-26 14:26:00.834,0 days 02:16:50.492000,44,134.81777777777802,0 days 00:00:30.057000,10782.0,240.0,6,75.0,False,0,car,1383.699166666666,0.3472506864230275,OnTrack,-381.99791586122166,7369.003891665569,2302.818080412542,8210.492,30.057
2026-07-26 14:26:00.843,0 days 02:16:50.501000,44,134.85027847111135,0 days 00:00:30.066000,10782.0,240.0,6,75.0,False,0,pos,1384.2985439517295,0.3474011050824287,OnTrack,-382.0,7369.0,2303.0,8210.501,30.066
2026-07-26 14:26:01.043,0 days 02:16:50.701000,44,135.5725006933333,0 days 00:00:30.266000,10782.0,240.0,6,75.0,False,0,pos,1397.6227249060416,0.3507449178806654,OnTrack,-382.0,7369.0,2308.0,8210.701,30.266
2026-07-26 14:26:01.074,0 days 02:16:50.732000,44,135.68444444444435,0 days 00:00:30.297000,10782.0,240.0,6,75.0,False,0,car,1399.6991666666663,0.35126601801866103,OnTrack,-381.9989549886139,7369.001592733256,2308.6859140751044,8210.732,30.297
2026-07-26 14:26:01.343,0 days 02:16:51.001000,44,136.1327780977777,0 days 00:00:30.566000,10782.0,242.8821449142857,6,75.0,False,0,pos,1417.855881213002,0.3558225948680862,OnTrack,-382.0,7369.0,2315.0,8211.001,30.566
2026-07-26 14:26:01.354,0 days 02:16:51.012000,44,136.15111111111105,0 days 00:00:30.577000,10782.0,243.0,6,75.0,False,0,car,1418.5991666666664,0.3560091284660032,OnTrack,-381.9997730886546,7369.001236319648,2315.4544892851686,8211.012,30.577
2026-07-26 14:26:01.563,0 days 02:16:51.221000,44,136.49944476444446,0 days 00:00:30.786000,10782.0,243.0,6,75.0,False,0,pos,1432.7066779621562,0.35954952445603683,OnTrack,-382.0,7369.0,2326.0,8211.221,30.786
2026-07-26 14:26:01.594,0 days 02:16:51.252000,44,136.55111111111114,0 days 00:00:30.817000,10782.0,243.0,6,75.0,False,0,car,1434.7991666666662,0.3600746517065821,OnTrack,-382.00476807434245,7368.977803255621,2327.2136848602527,8211.252,30.817
2026-07-26 14:26:01.754,0 days 02:16:51.412000,44,136.81777777777802,0 days 00:00:30.977000,10782.0,243.0,6,75.0,False,0,car,1445.5991666666662,0.36278500053363466,OnTrack,-382.05475389277717,7368.746117655105,2331.060688767195,8211.412,30.977
2026-07-26 14:26:02.023,0 days 02:16:51.681000,44,137.26611143111137,0 days 00:00:31.246000,10782.0,243.0,6,75.0,False,0,pos,1463.7505561486385,0.3673402410143606,OnTrack,-382.0,7369.0,2335.0,8211.681,31.246
2026-07-26 14:26:02.034,0 days 02:16:51.692000,44,137.28444444444472,0 days 00:00:31.257000,10782.0,243.0,6,75.0,False,0,car,1464.4991666666663,0.3675281109809768,OnTrack,-381.98693441755387,7369.060511631817,2335.2939430093384,8211.692,31.257
2026-07-26 14:26:02.243,0 days 02:16:51.901000,44,136.06527665777796,0 days 00:00:31.466000,10782.0,246.48333653333333,6,75.0,False,0,pos,1478.8351515240267,0.3711258442904946,OnTrack,-382.0,7369.0,2342.0,8211.901,31.466
2026-07-26 14:26:02.274,0 days 02:16:51.932000,44,135.88444444444463,0 days 00:00:31.497000,10782.0,247.0,6,75.0,False,0,car,1480.9658333333327,0.37166055641481627,OnTrack,-382.1863996356904,7368.136778785091,2342.850391257893,8211.932,31.497
2026-07-26 14:26:02.403,0 days 02:16:52.061000,44,135.13194332444465,0 days 00:00:31.626000,10782.0,247.0,6,75.0,False,0,pos,1489.8238538295413,0.37388354951314107,OnTrack,-382.0,7369.0,2346.0,8212.061,31.626
2026-07-26 14:26:02.583,0 days 02:16:52.241000,44,134.0819433244447,0 days 00:00:31.806000,10782.0,247.0,6,75.0,False,0,pos,1502.167686662094,0.3769813358871264,OnTrack,-382.0,7369.0,2351.0,8212.241,31.806
2026-07-26 14:26:02.674,0 days 02:16:52.332000,44,133.55111111111137,0 days 00:00:31.897000,10782.0,247.0,6,75.0,False,0,car,1508.410277777777,0.3785479654712154,OnTrack,-406.2524113056582,7256.686694055517,2353.473553806501,8212.332,31.897
2026-07-26 14:26:02.842,0 days 02:16:52.500000,44,132.57111111111152,0 days 00:00:32.065000,10782.0,247.0,6,75.0,False,0,pos,1519.9412886412435,0.3814417674868198,OnTrack,-382.0,7369.0,2358.0,8212.5,32.065
2026-07-26 14:26:03.034,0 days 02:16:52.692000,44,131.4511111111117,0 days 00:00:32.257000,10782.0,247.0,6,75.0,False,0,car,1533.1102777777771,0.38474663362197464,OnTrack,-37.030289379231945,8966.560264160003,2363.364797647401,8212.692,32.257
2026-07-26 14:26:03.062,0 days 02:16:52.720000,44,131.28777635018983,0 days 00:00:32.285000,10831.308607070749,247.0,6,75.0,False,0,pos,1535.0280202125537,0.3852279068588899,OnTrack,-8.0,9101.0,2364.0,8212.72,32.285
2026-07-26 14:26:03.193,0 days 02:16:52.851000,44,130.52361111111168,0 days 00:00:32.416000,11062.0,247.0,6,75.0,False,0,car,1544.0194444444437,0.3874843787218933,OnTrack,-2.2067552937270016,9127.828609174934,2366.4023599231064,8212.851,32.416
2026-07-26 14:26:03.222,0 days 02:16:52.880000,44,130.20138675555611,0 days 00:00:32.445000,11083.2063904,247.453128,6,76.4500096,False,0,pos,1546.0261689881384,0.3879879827508952,OnTrack,-8.0,9101.0,2367.0,8212.88,32.445
2026-07-26 14:26:03.462,0 days 02:16:53.120000,44,127.53472008888937,0 days 00:00:32.685000,11258.7063904,251.203128,6,88.4500096,False,0,pos,1562.8396107861179,0.3922074542560685,OnTrack,-8.0,9101.0,2373.0,8213.12,32.685
2026-07-26 14:26:03.513,0 days 02:16:53.171000,44,126.96805555555602,0 days 00:00:32.736000,11296.0,252.0,6,91.0,True,0,car,1566.4194444444438,0.39310584295578027,OnTrack,-6.875067751005504,9106.209579310242,2373.7535801758995,8213.171,32.736
2026-07-26 14:26:03.722,0 days 02:16:53.380000,44,124.64583404444484,0 days 00:00:32.945000,11296.0,252.0,6,91.0,True,0,pos,1581.0536657373061,0.3967784211517005,OnTrack,-8.0,9101.0,2375.0,8213.38,32.945
2026-07-26 14:26:03.833,0 days 02:16:53.491000,44,123.41250000000036,0 days 00:00:33.056000,11296.0,252.0,6,91.0,True,0,car,1588.819444444444,0.3987273071896672,OnTrack,-8.294972902208317,9099.633975460505,2375.807109184276,8213.491,33.056
2026-07-26 14:26:04.022,0 days 02:16:53.680000,44,121.31249786666662,0 days 00:00:33.245000,11296.0,252.0,6,91.0,True,0,pos,1602.0493302828363,0.4020474558530124,OnTrack,-8.0,9101.0,2378.0,8213.68,33.245
2026-07-26 14:26:04.073,0 days 02:16:53.731000,44,120.74583333333317,0 days 00:00:33.296000,11296.0,252.0,6,91.0,True,0,car,1605.619444444444,0.40294340536508244,OnTrack,-7.964821348398194,9101.162913562262,2378.8457926422057,8213.731,33.296
2026-07-26 14:26:04.233,0 days 02:16:53.891000,44,118.61249999999973,0 days 00:00:33.456000,11296.0,252.0,6,91.0,True,0,car,1616.8194444444443,0.405754137482026,OnTrack,-7.984777330792781,9101.070499085581,2381.9558060388626,8213.891,33.456
2026-07-26 14:26:04.302,0 days 02:16:53.960000,44,117.69249743999984,0 days 00:00:33.525000,11296.0,252.0,6,91.0,True,0,pos,1621.6510717947506,0.4069666741044018,OnTrack,-8.0,9101.0,2383.0,8213.96,33.525
2026-07-26 14:26:04.473,0 days 02:16:54.131000,44,115.41250000000014,0 days 00:00:33.696000,11296.0,252.0,5,91.0,True,0,car,1633.619444444444,0.4099702356574411,OnTrack,-8.006898307854371,9100.9680352356,2384.3685478268662,8214.131,33.696
2026-07-26 14:26:04.622,0 days 02:16:54.280000,44,113.42583077333308,0 days 00:00:33.845000,11296.0,252.0,5,91.0,True,0,pos,1644.0306720903752,0.4125830188646937,OnTrack,-8.0,9101.0,2385.0,8214.28,33.845
2026-07-26 14:26:04.673,0 days 02:16:54.331000,44,112.74583333333294,0 days 00:00:33.896000,11296.0,252.0,5,91.0,True,0,car,1647.6194444444443,0.41348365080362054,OnTrack,-7.999209088735167,9101.003685742815,2385.2578961454483,8214.331,33.896
2026-07-26 14:26:04.842,0 days 02:16:54.500000,44,110.49250085333286,0 days 00:00:34.065000,11296.0,252.0,5,91.0,True,0,pos,1659.6619830409,0.41650582491099464,OnTrack,-8.0,9101.0,2386.0,8214.5,34.065
2026-07-26 14:26:05.022,0 days 02:16:54.680000,44,108.09249743999943,0 days 00:00:34.245000,11296.0,252.0,5,91.0,True,0,pos,1672.0981909230102,0.4196267935634261,OnTrack,-8.0,9101.0,2386.0,8214.68,34.245
2026-07-26 14:26:05.033,0 days 02:16:54.691000,44,107.94583333333276,0 days 00:00:34.256000,11296.0,252.0,5,91.0,True,0,car,1672.8194444444443,0.41980779806674334,OnTrack,-8.00007689870433,9100.999759043832,2386.011342535486,8214.691,34.256
2026-07-26 14:26:05.313,0 days 02:16:54.971000,44,106.5458333333329,0 days 00:00:34.536000,10883.0,222.0,5,0.0,True,0,car,1690.086111111111,0.4241410100803645,OnTrack,-8.00143620352991,9100.995293677486,2386.9398365263532,8214.971,34.536
2026-07-26 14:26:05.342,0 days 02:16:55,44,106.40083237333289,0 days 00:00:34.565000,10883.0,222.0,5,0.0,True,0,pos,1691.8554735247785,0.42458504613059733,OnTrack,-8.0,9101.0,2387.0,8215.0,34.565
2026-07-26 14:26:05.682,0 days 02:16:55.340000,44,104.7008336533329,0 days 00:00:34.905000,10883.0,222.0,5,0.0,True,0,pos,1712.8388295917243,0.42985099191797466,OnTrack,-8.0,9101.0,2387.0,8215.34,34.905
2026-07-26 14:26:05.713,0 days 02:16:55.371000,44,104.5458333333329,0 days 00:00:34.936000,10883.0,222.0,5,0.0,True,0,car,1714.7527777777775,0.43033131295696614,OnTrack,-8.012107044281043,9100.9602745295,2387.0463161376097,8215.371,34.936
2026-07-26 14:26:05.962,0 days 02:16:55.620000,44,103.30083365333296,0 days 00:00:35.185000,10883.0,222.0,5,0.0,True,0,pos,1730.0934730076601,0.43418118659793686,OnTrack,-8.0,9101.0,2388.0,8215.62,35.185
2026-07-26 14:26:06.033,0 days 02:16:55.691000,44,102.94583333333298,0 days 00:00:35.256000,10883.0,222.0,5,0.0,True,0,car,1734.4861111111109,0.43528355525824747,OnTrack,-7.822287282890024,9101.583119750836,2388.4718789893855,8215.691,35.256
2026-07-26 14:26:06.123,0 days 02:16:55.781000,44,102.49583251445064,0 days 00:00:35.346000,10883.0,222.0,5,0.0,True,0,pos,1740.0752335617842,0.43668619150625093,OnTrack,-8.0,9101.0,2389.0,8215.781,35.346
2026-07-26 14:26:06.194,0 days 02:16:55.852000,44,102.14083333333292,0 days 00:00:35.417000,10883.0,222.0,5,0.0,True,0,car,1744.4144444444444,0.4377751521660797,OnTrack,-8.976070651942234,9097.79726820537,2389.169242889549,8215.852,35.417
2026-07-26 14:26:06.363,0 days 02:16:56.021000,44,101.81222184888846,0 days 00:00:35.586000,10883.0,213.5499904,5,0.0,True,0,pos,1754.2553781953422,0.44024481542986205,OnTrack,-8.0,9101.0,2389.0,8216.021,35.586
2026-07-26 14:26:06.474,0 days 02:16:56.132000,44,101.59638888888844,0 days 00:00:35.697000,10883.0,208.0,5,0.0,False,0,car,1760.5922222222223,0.4418350985572203,OnTrack,3.2317275103521976,9137.854105883254,2388.8524957021177,8216.132,35.697
2026-07-26 14:26:06.743,0 days 02:16:56.401000,44,101.07333295999952,0 days 00:00:35.966000,10883.0,208.0,5,0.0,False,0,pos,1776.1159561273748,0.4457309072591932,OnTrack,-8.0,9101.0,2389.0,8216.401,35.966
2026-07-26 14:26:06.834,0 days 02:16:56.492000,44,100.8963888888884,0 days 00:00:36.057000,10883.0,208.0,5,0.0,False,0,car,1781.3922222222222,0.44705502963154387,OnTrack,-64.0498311149232,8917.08649165388,2389.4821206086453,8216.492,36.057
2026-07-26 14:26:06.943,0 days 02:16:56.601000,44,100.68444407111068,0 days 00:00:36.166000,10835.312416,208.0,5,0.0,False,0,pos,1787.7177719800152,0.4486424783691824,OnTrack,-8.0,9101.0,2390.0,8216.601,36.166
2026-07-26 14:26:07.083,0 days 02:16:56.741000,44,100.41222184888854,0 days 00:00:36.306000,10774.062416,208.0,5,0.0,False,0,pos,1795.8206893001875,0.4506759721149633,OnTrack,440.0,10571.0,2390.0,8216.741,36.306
2026-07-26 14:26:07.154,0 days 02:16:56.812000,44,100.27416666666636,0 days 00:00:36.377000,10743.0,208.0,5,0.0,False,0,car,1799.881111111111,0.4516949683642759,OnTrack,568.9000843446066,10993.953401736186,2389.9650461442156,8216.812,36.377
2026-07-26 14:26:07.423,0 days 02:16:57.081000,44,100.7225003199997,0 days 00:00:36.646000,10323.604246109091,203.72045149090908,5,21.39774254545455,False,0,pos,1814.945965666041,0.4554756175191531,OnTrack,440.0,10571.0,2390.0,8217.081,36.646
2026-07-26 14:26:07.594,0 days 02:16:57.252000,44,101.00749999999971,0 days 00:00:36.817000,10057.0,201.0,5,35.0,True,0,car,1824.4477777777777,0.4578601754184049,OnTrack,419.02994263654256,10502.191999743394,2390.178745274554,8217.252,36.817
2026-07-26 14:26:07.763,0 days 02:16:57.421000,44,101.2891669866665,0 days 00:00:36.986000,10057.0,201.0,5,35.0,True,0,pos,1833.8819217929304,0.46022775145226735,OnTrack,440.0,10571.0,2390.0,8217.421,36.986
2026-07-26 14:26:07.794,0 days 02:16:57.452000,44,101.3408333333332,0 days 00:00:37.017000,10057.0,201.0,5,35.0,True,0,car,1835.6144444444444,0.4606625422611908,OnTrack,441.4458781128737,10575.74428723156,2389.8780020970235,8217.452,37.017
2026-07-26 14:26:07.983,0 days 02:16:57.641000,44,101.65583365333326,0 days 00:00:37.206000,10057.0,201.0,5,35.0,True,0,pos,1846.182176340214,0.4633146014971451,OnTrack,440.0,10571.0,2389.0,8217.641,37.206
2026-07-26 14:26:08.063,0 days 02:16:57.721000,44,101.78916698666663,0 days 00:00:37.286000,10057.0,201.0,5,35.0,True,0,pos,1850.6490550342912,0.464435601444282,OnTrack,440.0,10571.0,2389.0,8217.721,37.286
2026-07-26 14:26:08.154,0 days 02:16:57.812000,44,101.94083333333333,0 days 00:00:37.377000,10057.0,201.0,5,35.0,True,0,car,1855.7144444444443,0.4657068025782054,OnTrack,440.0652249703882,10571.213977220363,2389.0055767021327,8217.812,37.377
2026-07-26 14:26:08.323,0 days 02:16:57.981000,44,103.06750128000004,0 days 00:00:37.546000,10057.0,200.06111004444443,5,67.39170346666667,True,0,pos,1865.0773663834043,0.4680565048462652,OnTrack,440.0,10571.0,2389.0,8217.981,37.546
2026-07-26 14:26:08.503,0 days 02:16:58.161000,44,104.26750128000009,0 days 00:00:37.726000,10057.0,199.06111004444443,5,101.89170346666667,True,0,pos,1875.00810350077,0.47054870500347074,OnTrack,440.0,10571.0,2389.0,8218.161,37.726
2026-07-26 14:26:08.514,0 days 02:16:58.172000,44,104.34083333333342,0 days 00:00:37.737000,10057.0,199.0,5,104.0,True,0,car,1875.6144444444442,0.47070087125027454,OnTrack,440.0004030338014,10571.001193011796,2388.9670856334924,8218.172,37.737
2026-07-26 14:26:08.703,0 days 02:16:58.361000,44,105.60083461333349,0 days 00:00:37.926000,10057.0,199.0,5,104.0,True,0,pos,1886.0257906856968,0.4733136842199984,OnTrack,440.0,10571.0,2388.0,8218.361,37.926
2026-07-26 14:26:08.834,0 days 02:16:58.492000,44,106.47416666666686,0 days 00:00:38.057000,10057.0,199.0,5,104.0,True,0,car,1893.303333333333,0.4751400434032249,OnTrack,439.99609073394106,10571.00255435181,2387.922881684463,8218.492,38.057
2026-07-26 14:26:08.923,0 days 02:16:58.581000,44,106.94388990222241,0 days 00:00:38.146000,10088.1500672,200.1125024,5,100.43999232,True,0,pos,1898.3007914609627,0.47639419662308286,OnTrack,440.0,10571.0,2388.0,8218.581,38.146
2026-07-26 14:26:09.103,0 days 02:16:58.761000,44,107.8938899022224,0 days 00:00:38.326000,10151.1500672,202.3625024,5,93.23999232,True,0,pos,1908.523787499639,0.47895974156034116,OnTrack,440.0,10571.0,2388.0,8218.761,38.326
2026-07-26 14:26:09.234,0 days 02:16:58.892000,44,108.58527777777795,0 days 00:00:38.457000,10197.0,204.0,5,88.0,True,0,car,1915.9699999999996,0.4808284298303724,OnTrack,439.8603722206973,10571.113686976541,2387.8207008492955,8218.892,38.457
2026-07-26 14:26:09.402,0 days 02:16:59.060000,44,109.4719444444446,0 days 00:00:38.625000,10414.0,204.0,5,88.0,True,0,pos,1925.4920454171975,0.48321806544404317,OnTrack,440.0,10571.0,2388.0,8219.06,38.625
2026-07-26 14:26:09.474,0 days 02:16:59.132000,44,109.8519444444446,0 days 00:00:38.697000,10507.0,204.0,5,88.0,False,0,car,1929.5699999999997,0.48424146168666093,OnTrack,440.3914654170907,10570.681145924082,2388.4892456357147,8219.132,38.697
2026-07-26 14:26:09.562,0 days 02:16:59.220000,44,110.31638888888898,0 days 00:00:38.785000,10507.0,204.0,5,88.0,False,0,pos,1934.554940927799,0.4854924736122709,OnTrack,440.0,10571.0,2389.0,8219.22,38.785
2026-07-26 14:26:09.674,0 days 02:16:59.332000,44,110.90750000000003,0 days 00:00:38.897000,10507.0,204.0,5,88.0,False,0,car,1940.9033333333327,0.4870856549002346,OnTrack,435.9503628442754,10574.298515199345,2388.702159732767,8219.332,38.897
2026-07-26 14:26:09.842,0 days 02:16:59.500000,44,111.79416642923314,0 days 00:00:39.065000,10507.0,204.0,5,88.0,False,0,pos,1950.4360350909303,0.4894779648101741,OnTrack,440.0,10571.0,2388.0,8219.5,39.065
2026-07-26 14:26:09.913,0 days 02:16:59.571000,44,112.16888888888911,0 days 00:00:39.136000,10507.0,204.0,5,88.0,False,0,car,1954.4466666666663,0.49048446579045524,OnTrack,453.9607395084129,10559.62867836593,2388.463670536512,8219.571,39.136
2026-07-26 14:26:10.113,0 days 02:16:59.771000,44,113.22444444444477,0 days 00:00:39.336000,10507.0,204.0,5,88.0,False,0,car,1965.7799999999993,0.49332865900402895,OnTrack,447.2716707377662,10565.077068197985,2388.3066607450564,8219.771,39.336
2026-07-26 14:26:10.122,0 days 02:16:59.780000,44,113.29444394666699,0 days 00:00:39.345000,10531.43482624,204.53999616,5,88.0,False,0,pos,1966.3058797555716,0.49346063285390734,OnTrack,440.0,10571.0,2388.0,8219.78,39.345
2026-07-26 14:26:10.313,0 days 02:16:59.971000,44,114.7800000000002,0 days 00:00:39.536000,11050.0,216.0,5,88.0,False,0,car,1977.7799999999995,0.4963401577007541,OnTrack,148.89681503352512,10808.109788919044,2374.8645798074626,8219.971,39.536
2026-07-26 14:26:10.442,0 days 02:17:00.100000,44,115.78333283555573,0 days 00:00:39.665000,11050.0,216.0,5,92.8374976,False,0,pos,1985.5393282287944,0.49828742493812733,OnTrack,440.0,10571.0,2370.0,8220.1,39.665
2026-07-26 14:26:10.633,0 days 02:17:00.291000,44,117.26888888888902,0 days 00:00:39.856000,11050.0,216.0,5,100.0,False,0,car,1996.9799999999996,0.5011585556155144,OnTrack,1907.0938198198012,9376.020611447293,2377.6629237591837,8220.291,39.856
2026-07-26 14:26:10.642,0 days 02:17:00.300000,44,117.33888839111124,0 days 00:00:39.865000,11050.0,216.0,5,100.0,False,0,pos,1997.5195143254866,0.5012939511728535,OnTrack,1955.0,9337.0,2378.0,8220.3,39.865
2026-07-26 14:26:10.913,0 days 02:17:00.571000,44,119.44666666666672,0 days 00:00:40.136000,11050.0,216.0,5,100.0,False,0,car,2013.7799999999997,0.5053746537909296,OnTrack,1980.7222772374841,9316.048653391943,2380.8494230956208,8220.571,40.136
2026-07-26 14:26:10.942,0 days 02:17:00.600000,44,119.67222371555567,0 days 00:00:40.165000,11050.0,216.0,5,100.0,False,0,pos,2015.5202248267785,0.505811377524084,OnTrack,1955.0,9337.0,2381.0,8220.6,40.165
2026-07-26 14:26:11.153,0 days 02:17:00.811000,44,121.31333333333396,0 days 00:00:40.376000,11050.0,216.0,5,100.0,False,0,car,2028.1799999999994,0.5089884522269997,OnTrack,1953.5895152056821,9338.148870122901,2382.922118255607,8220.811,40.376
2026-07-26 14:26:11.162,0 days 02:17:00.820000,44,121.38833280000061,0 days 00:00:40.385000,11063.09490688,216.0,5,100.0,False,0,pos,2028.719984411649,0.5091239657563277,OnTrack,1955.0,9337.0,2383.0,8220.82,40.385
2026-07-26 14:26:11.353,0 days 02:17:01.011000,44,122.98000000000025,0 days 00:00:40.576000,11341.0,216.0,5,100.0,False,0,car,2040.1799999999996,0.5119999509237249,OnTrack,1959.9427763168762,9332.974002656812,2384.2476902485278,8221.011,40.576
2026-07-26 14:26:11.482,0 days 02:17:01.140000,44,124.05499946666687,0 days 00:00:40.705000,11341.0,216.0,5,100.0,False,0,pos,2047.920005096278,0.5139423688620657,OnTrack,1955.0,9337.0,2385.0,8221.14,40.705
2026-07-26 14:26:11.633,0 days 02:17:01.291000,44,125.3133333333335,0 days 00:00:40.856000,11341.0,216.0,6,100.0,False,0,car,2056.9799999999996,0.5162160490991401,OnTrack,1954.7585453336405,9337.196670005234,2385.9418083556193,8221.291,40.856
2026-07-26 14:26:11.682,0 days 02:17:01.340000,44,125.72166613333368,0 days 00:00:40.905000,11341.0,216.0,6,100.0,False,0,pos,2059.9200005579114,0.5169538664198504,OnTrack,1955.0,9337.0,2386.0,8221.34,40.905
2026-07-26 14:26:11.833,0 days 02:17:01.491000,44,126.98000000000093,0 days 00:00:41.056000,11341.0,216.0,6,100.0,False,0,car,2068.979999999999,0.5192275477958651,OnTrack,1955.1185734910734,9336.903419349985,2385.078790499564,8221.491,41.056
2026-07-26 14:26:11.942,0 days 02:17:01.600000,44,127.88833493333405,0 days 00:00:41.165000,11341.0,216.0,6,100.0,False,0,pos,2075.5199219684914,0.5208687950029317,OnTrack,1955.0,9337.0,2387.0,8221.6,41.165
2026-07-26 14:26:12.073,0 days 02:17:01.731000,44,128.98000000000047,0 days 00:00:41.296000,11341.0,216.0,6,100.0,False,0,car,2083.379999999999,0.5228413462319353,OnTrack,1954.9604263492897,9337.032233576574,2395.2923256893396,8221.731,41.296
2026-07-26 14:26:12.262,0 days 02:17:01.920000,44,130.55500160000076,0 days 00:00:41.485000,10880.78453248,216.0,6,100.0,False,0,pos,2094.720173537153,0.5256872560509167,OnTrack,1955.0,9337.0,2387.0,8221.92,41.485
2026-07-26 14:26:12.273,0 days 02:17:01.931000,44,130.64666666666744,0 days 00:00:41.496000,10854.0,216.0,6,100.0,False,0,car,2095.379999999999,0.5258528449286605,OnTrack,1955.0009908577317,9336.999192928746,2384.2669484530034,8221.931,41.496
2026-07-26 14:26:12.433,0 days 02:17:02.091000,44,132.78000000000065,0 days 00:00:41.656000,10922.0,216.0,6,100.0,False,0,car,2104.979999999999,0.5282620438860405,OnTrack,1955.0006361962976,9336.99948183921,2326.5592111666597,8222.091,41.656
2026-07-26 14:26:12.462,0 days 02:17:02.120000,44,133.16666930376033,0 days 00:00:41.685000,10922.0,216.0,6,100.0,False,0,pos,2106.723061600216,0.5286994795308209,OnTrack,1955.0,9337.0,2319.0,8222.12,41.685
2026-07-26 14:26:12.723,0 days 02:17:02.381000,44,136.64666914425928,0 days 00:00:41.946000,10922.0,216.0,6,100.0,False,0,pos,2122.3993286465825,0.532633567679125,OnTrack,1955.0,9337.0,2313.0,8222.381,41.946
2026-07-26 14:26:12.754,0 days 02:17:02.412000,44,137.0600000000013,0 days 00:00:41.977000,10922.0,216.0,6,100.0,False,0,car,2124.239999999999,0.5330954992942843,OnTrack,1955.0001091478316,9336.999911458284,2313.709337825238,8222.412,41.977
2026-07-26 14:26:13.074,0 days 02:17:02.732000,44,141.3266666666682,0 days 00:00:42.297000,10922.0,216.0,6,100.0,False,0,car,2143.4399999999987,0.5379138972090445,OnTrack,1955.0000392505924,9336.999972020154,2310.5918604771373,8222.732,42.297
2026-07-26 14:26:13.143,0 days 02:17:02.801000,44,141.825001386668,0 days 00:00:42.366000,10987.5501824,224.0500224,6,100.0,False,0,pos,2147.9630447095183,0.5390489924797067,OnTrack,1955.0,9337.0,2309.0,8222.801,42.366
2026-07-26 14:26:13.283,0 days 02:17:02.941000,44,142.83611249777871,0 days 00:00:42.506000,11120.5501824,240.38335573333333,6,100.0,False,0,pos,2157.559886568193,0.5414573988755466,OnTrack,1955.0,9337.0,2307.0,8222.941,42.506
2026-07-26 14:26:13.314,0 days 02:17:02.972000,44,143.06000000000085,0 days 00:00:42.537000,11150.0,244.0,6,100.0,False,0,car,2159.7066666666656,0.5419961509979386,OnTrack,1954.999998215038,9337.000013554842,2307.7654966833957,8222.972,42.537
2026-07-26 14:26:13.554,0 days 02:17:03.212000,44,144.32666666666728,0 days 00:00:42.777000,11150.0,251.0,6,100.0,True,0,car,2176.439999999999,0.5461955186250388,OnTrack,1954.999978927056,9337.000083538944,2324.1991813324858,8223.212,42.777
2026-07-26 14:26:13.583,0 days 02:17:03.241000,44,144.47972323555632,0 days 00:00:42.806000,11150.0,251.0,6,100.0,True,0,pos,2178.464169386693,0.5467035005808704,OnTrack,1955.0,9337.0,2325.0,8223.241,42.806
2026-07-26 14:26:13.714,0 days 02:17:03.372000,44,145.17111111111262,0 days 00:00:42.937000,11150.0,251.0,6,100.0,True,0,car,2187.5955555555543,0.5489950970431053,OnTrack,1955.0001693481383,9336.999337831861,2322.9865213860285,8223.372,42.937
2026-07-26 14:26:13.803,0 days 02:17:03.461000,44,145.64083434666813,0 days 00:00:43.026000,11150.0,251.0,6,100.0,True,0,pos,2193.7770193949164,0.5505463862344463,OnTrack,1955.0,9337.0,2320.0,8223.461,43.026
2026-07-26 14:26:14.114,0 days 02:17:03.772000,44,147.28222222222348,0 days 00:00:43.337000,11150.0,251.0,6,100.0,True,0,car,2215.4844444444434,0.5559940430882722,OnTrack,1954.9978407491233,9337.00843103448,2315.8147112340403,8223.772,43.337
2026-07-26 14:26:14.203,0 days 02:17:03.861000,44,147.5294449777792,0 days 00:00:43.426000,11016.499712,253.86072045714286,6,100.0,True,0,pos,2221.860912525317,0.5575942701978772,OnTrack,1955.0,9337.0,2315.0,8223.861,43.426
2026-07-26 14:26:14.394,0 days 02:17:04.052000,44,148.06000000000176,0 days 00:00:43.617000,10730.0,260.0,6,100.0,False,0,car,2235.706666666665,0.5610689760771977,OnTrack,1955.0059104979412,9336.976922179814,2312.6822306087115,8224.052,43.617
2026-07-26 14:26:14.443,0 days 02:17:04.101000,44,148.19611164444618,0 days 00:00:43.666000,10563.858724,260.0,6,100.0,False,0,pos,2239.2527929362477,0.5619589056304704,OnTrack,1955.0,9337.0,2312.0,8224.101,43.666
2026-07-26 14:26:14.714,0 days 02:17:04.372000,44,148.94888888889045,0 days 00:00:43.937000,9645.0,260.0,6,100.0,False,0,car,2258.8177777777764,0.5668688994931129,OnTrack,1954.9425710084065,9337.224234111058,2307.9025676341066,8224.372,43.937
2026-07-26 14:26:14.783,0 days 02:17:04.441000,44,149.1405560888902,0 days 00:00:44.006000,9645.0,260.0,6,100.0,False,0,pos,2263.8005087338815,0.5681193568081498,OnTrack,1955.0,9337.0,2307.0,8224.441,44.006
2026-07-26 14:26:14.874,0 days 02:17:04.532000,44,149.39333333333434,0 days 00:00:44.097000,9645.0,260.0,6,100.0,False,0,car,2270.373333333332,0.5697688612010705,OnTrack,1955.147409161367,9336.424434227547,2305.97516758623,8224.532,44.097
2026-07-26 14:26:15.043,0 days 02:17:04.701000,44,149.86277831111215,0 days 00:00:44.266000,9645.0,260.0,6,100.0,False,0,pos,2282.579175066257,0.5728320175736652,OnTrack,1955.0,9337.0,2304.0,8224.701,44.266
2026-07-26 14:26:15.154,0 days 02:17:04.812000,44,150.17111111111217,0 days 00:00:44.377000,9645.0,260.0,6,100.0,False,0,car,2290.5955555555543,0.5748437941899961,OnTrack,1953.921773705335,9341.209983578401,2302.0390236105236,8224.812,44.377
2026-07-26 14:26:15.263,0 days 02:17:04.921000,44,150.77666773333456,0 days 00:00:44.486000,9931.125504,260.0,6,100.0,False,0,pos,2298.467396234546,0.5768192973521304,OnTrack,1955.0,9337.0,2300.0,8224.921,44.486
2026-07-26 14:26:15.314,0 days 02:17:04.972000,44,151.0600000000013,0 days 00:00:44.537000,10065.0,260.0,6,100.0,False,0,car,2302.1511111111095,0.5777437558979536,OnTrack,1957.208729250312,9328.375916244446,2299.149352229935,8224.972,44.537
2026-07-26 14:26:15.463,0 days 02:17:05.121000,44,151.88777884444576,0 days 00:00:44.686000,10142.811211377777,260.0,6,100.0,False,0,pos,2312.9169094697645,0.5804455215418116,OnTrack,1955.0,9337.0,2297.0,8225.121,44.686
2026-07-26 14:26:15.623,0 days 02:17:05.281000,44,152.77666773333465,0 days 00:00:44.846000,10226.366766933334,260.0,6,100.0,False,0,pos,2324.4729149086043,0.5833455961516795,OnTrack,1955.0,9337.0,2295.0,8225.281,44.846
2026-07-26 14:26:15.674,0 days 02:17:05.332000,44,153.0600000000013,0 days 00:00:44.897000,10253.0,260.0,7,100.0,False,0,car,2328.1511111111095,0.5842686697408581,OnTrack,2025.444246251092,9061.947238472647,2294.2862912666637,8225.332,44.897
2026-07-26 14:26:15.843,0 days 02:17:05.501000,44,153.99888995555722,0 days 00:00:45.066000,10253.0,260.0,7,100.0,False,0,pos,2340.3208448036326,0.5873227645037353,OnTrack,2395.0,7619.0,2292.0,8225.501,45.066
2026-07-26 14:26:16.074,0 days 02:17:05.732000,44,155.2822222222244,0 days 00:00:45.297000,10253.0,260.0,7,100.0,False,0,car,2357.039999999998,0.5915185740107519,OnTrack,2431.8869368840697,7474.97327941894,2291.1998402668746,8225.732,45.297
2026-07-26 14:26:16.182,0 days 02:17:05.840000,44,154.71222090153864,0 days 00:00:45.405000,10273.176860761201,260.990827983809,7,100.0,False,0,pos,2364.957255357944,0.593505474360093,OnTrack,2395.0,7619.0,2291.0,8225.84,45.405
2026-07-26 14:26:16.422,0 days 02:17:06.080000,44,153.44555430248377,0 days 00:00:45.645000,10318.014222838274,263.1926627286652,7,100.0,False,0,pos,2382.7837107649834,0.5979791699622203,OnTrack,2395.0,7619.0,2290.0,8226.08,45.645
2026-07-26 14:26:17.182,0 days 02:17:06.840000,44,149.4344434054766,0 days 00:00:46.405000,10459.999202749,270.1651394207098,7,100.0,False,0,pos,2440.429131458018,0.612445762402991,OnTrack,2395.0,7619.0,2291.0,8226.84,46.405
2026-07-26 14:26:17.273,0 days 02:17:06.931000,44,148.95416666666824,0 days 00:00:46.496000,10477.0,271.0,7,100.0,False,0,car,2447.298055555554,0.6141695754002937,OnTrack,2394.6563544628634,7620.341653394321,2291.870351003455,8226.931,46.496
2026-07-26 14:26:17.513,0 days 02:17:07.171000,44,147.68750000000227,0 days 00:00:46.736000,10725.0,271.0,7,100.0,False,0,car,2465.3647222222203,0.6187035539936965,OnTrack,2394.975242276113,7619.096534364768,2295.385201886257,8227.171,46.736
2026-07-26 14:26:17.542,0 days 02:17:07.200000,44,147.53444343111337,0 days 00:00:46.765000,10725.0,271.0,7,100.0,False,0,pos,2467.547050063171,0.6192512271144339,OnTrack,2395.0,7619.0,2296.0,8227.2,46.765
2026-07-26 14:26:17.722,0 days 02:17:07.380000,44,146.58444478222438,0 days 00:00:46.945000,10725.0,271.0,7,100.0,False,0,pos,2481.0962223607703,0.622651503340761,OnTrack,2395.0,7619.0,2300.0,8227.38,46.945
2026-07-26 14:26:17.913,0 days 02:17:07.571000,44,145.57638888889096,0 days 00:00:47.136000,10725.0,271.0,7,100.0,False,0,car,2495.4758333333316,0.6262601849827013,OnTrack,2394.984287666953,7619.0506410106855,2299.9301178143073,8227.571,47.136
2026-07-26 14:26:18.162,0 days 02:17:07.820000,44,141.149723360002,0 days 00:00:47.385000,10705.63333831111,271.0,7,70.95000746666666,False,0,pos,2514.220109233894,0.6309642151865013,OnTrack,2395.0,7619.0,2311.0,8227.82,47.385
2026-07-26 14:26:18.273,0 days 02:17:07.931000,44,139.17638888889087,0 days 00:00:47.496000,10697.0,271.0,7,58.0,True,0,car,2522.5758333333315,0.6330611528728055,OnTrack,2395.0125510838193,7618.98461804757,2328.682810282858,8227.931,47.496
2026-07-26 14:26:18.502,0 days 02:17:08.160000,44,133.83305107555805,0 days 00:00:47.725000,10321.058018133333,271.0,7,2.6582869333333377,True,0,pos,2539.814459997506,0.6373873280171799,OnTrack,2395.0,7619.0,2369.0,8228.16,47.725
2026-07-26 14:26:18.513,0 days 02:17:08.171000,44,133.57638888889142,0 days 00:00:47.736000,10303.0,271.0,7,0.0,True,0,car,2540.6424999999977,0.6375951314662083,OnTrack,2394.995562601712,7619.003960647828,2369.9668502489367,8228.171,47.736
2026-07-26 14:26:18.702,0 days 02:17:08.360000,44,129.16638440889145,0 days 00:00:47.925000,10303.0,271.0,7,0.0,True,0,pos,2554.869943602964,0.6411656254552136,OnTrack,2395.0,7619.0,2375.0,8228.36,47.925
2026-07-26 14:26:18.793,0 days 02:17:08.451000,44,127.04305555555811,0 days 00:00:48.016000,10303.0,271.0,7,0.0,True,0,car,2561.7202777777757,0.6428847731585117,OnTrack,2395.264947101019,7618.769328323864,2375.692226957219,8228.451,48.016
2026-07-26 14:26:19.073,0 days 02:17:08.731000,44,120.50972222222435,0 days 00:00:48.296000,10303.0,271.0,7,0.0,True,0,car,2582.7980555555537,0.6481744148508151,OnTrack,2396.074108031685,7618.065418128149,2377.7287311415253,8228.731,48.296
2026-07-26 14:26:19.162,0 days 02:17:08.820000,44,118.43305663485197,0 days 00:00:48.385000,10303.0,271.0,7,0.0,True,0,pos,2589.49664237155,0.649855480306338,OnTrack,2395.0,7619.0,2379.0,8228.82,48.385
2026-07-26 14:26:19.323,0 days 02:17:08.981000,44,114.67638473919186,0 days 00:00:48.546000,10303.0,271.0,7,0.0,True,0,pos,2601.6148462532215,0.652896643239363,OnTrack,2395.0,7619.0,2382.0,8228.981,48.546
2026-07-26 14:26:19.394,0 days 02:17:09.052000,44,113.01972222222503,0 days 00:00:48.617000,10303.0,271.0,7,0.0,True,0,car,2606.96222222222,0.6542386112194912,OnTrack,2402.6714377223707,7612.32531302279,2383.0929739016756,8229.052,48.617
2026-07-26 14:26:19.623,0 days 02:17:09.281000,44,107.67638440889135,0 days 00:00:48.846000,10303.0,271.0,7,0.0,True,0,pos,2624.2259765779813,0.6585710923647378,OnTrack,2395.0,7619.0,2385.0,8229.281,48.846
2026-07-26 14:26:19.834,0 days 02:17:09.492000,44,102.7530555555577,0 days 00:00:49.057000,10303.0,271.0,5,0.0,True,0,car,2640.084444444443,0.6625509053073967,OnTrack,2371.308874146047,7639.612928539064,2384.962540294661,8229.492,49.057
2026-07-26 14:26:19.843,0 days 02:17:09.501000,44,102.5430510755577,0 days 00:00:49.066000,10303.0,271.0,5,0.0,True,0,pos,2640.75846206449,0.6627200555727585,OnTrack,2395.0,7619.0,2385.0,8229.501,49.066
2026-07-26 14:26:19.994,0 days 02:17:09.652000,44,99.01972222222457,0 days 00:00:49.217000,10303.0,271.0,5,0.0,True,0,car,2652.128888888887,0.6655735577029985,OnTrack,3205.8640400279464,6913.491844487247,2386.4567022007063,8229.652,49.217
2026-07-26 14:26:20.103,0 days 02:17:09.761000,44,96.47638440889125,0 days 00:00:49.326000,10303.0,271.0,5,0.0,True,0,pos,2660.6561250380155,0.6677135377488126,OnTrack,3688.0,6494.0,2387.0,8229.761,49.326
2026-07-26 14:26:20.263,0 days 02:17:09.921000,44,92.74305107555793,0 days 00:00:49.486000,10303.0,271.0,5,0.0,True,0,pos,2672.502303348904,0.6706864336275138,OnTrack,3688.0,6494.0,2386.0,8229.921,49.486
2026-07-26 14:26:20.274,0 days 02:17:09.932000,44,92.48638888889127,0 days 00:00:49.497000,10303.0,271.0,5,0.0,True,0,car,2673.206666666665,0.6708631993953019,OnTrack,3683.6362318263705,6497.79678205237,2385.984998253889,8229.932,49.497
2026-07-26 14:26:20.463,0 days 02:17:10.121000,44,90.28138664889113,0 days 00:00:49.686000,10303.0,212.94994102857143,5,0.0,True,0,pos,2683.175320884767,0.673364915160795,OnTrack,3688.0,6494.0,2387.0,8230.121,49.686
2026-07-26 14:26:20.554,0 days 02:17:10.212000,44,89.21972222222439,0 days 00:00:49.777000,10303.0,185.0,4,0.0,True,0,car,2687.5955555555543,0.6744742094066529,OnTrack,3690.9913826906877,6491.397288917738,2387.130644169836,8230.212,49.777
2026-07-26 14:26:20.683,0 days 02:17:10.341000,44,87.71471998222458,0 days 00:00:49.906000,10303.0,185.0,4,0.0,True,0,pos,2694.1977243825313,0.6761310779748197,OnTrack,3688.0,6494.0,2387.0,8230.341,49.906
2026-07-26 14:26:20.754,0 days 02:17:10.412000,44,86.88638888889136,0 days 00:00:49.977000,10303.0,185.0,4,0.0,True,0,car,2697.8733333333316,0.6770535022719035,OnTrack,3687.1648612239665,6494.726628546659,2387.051856071471,8230.412,49.977
2026-07-26 14:26:20.954,0 days 02:17:10.612000,44,84.55305555555788,0 days 00:00:50.177000,10303.0,185.0,4,0.0,True,0,car,2708.1511111111095,0.6796327951371542,OnTrack,3687.6873249308655,6494.272047722325,2387.6406387134325,8230.612,50.177
2026-07-26 14:26:21.043,0 days 02:17:10.701000,44,83.51471998222448,0 days 00:00:50.266000,10303.0,185.0,4,0.0,True,0,pos,2712.828618234969,0.6808066540211064,OnTrack,3688.0,6494.0,2388.0,8230.701,50.266
2026-07-26 14:26:21.234,0 days 02:17:10.892000,44,81.286388888891,0 days 00:00:50.457000,10303.0,185.0,4,0.0,True,0,car,2722.5399999999986,0.6832438051485052,OnTrack,3688.0385215251004,6493.966488765171,2388.8400023359104,8230.892,50.457
2026-07-26 14:26:21.303,0 days 02:17:10.961000,44,80.84555432889103,0 days 00:00:50.526000,10303.0,175.88211748571428,4,0.0,True,0,pos,2725.608242972472,0.6840138059579085,OnTrack,3688.0,6494.0,2389.0,8230.961,50.526
2026-07-26 14:26:21.514,0 days 02:17:11.172000,44,79.49750000000222,0 days 00:00:50.737000,10303.0,148.0,4,0.0,True,0,car,2734.0511111111095,0.686132613157586,OnTrack,3687.995779969025,6494.003646822512,2388.9098272481156,8231.172,50.737
2026-07-26 14:26:21.563,0 days 02:17:11.221000,44,79.1844432177801,0 days 00:00:50.786000,10303.0,148.0,4,0.0,True,0,pos,2736.03678298984,0.6866309338471627,OnTrack,3688.0,6494.0,2389.0,8231.221,50.786
2026-07-26 14:26:21.754,0 days 02:17:11.412000,44,77.96416666666937,0 days 00:00:50.977000,10303.0,148.0,3,0.0,True,0,car,2743.917777777776,0.6886087343082266,OnTrack,3688.000700448917,6493.999526130122,2389.946825431235,8231.412,50.977
2026-07-26 14:26:21.803,0 days 02:17:11.461000,44,77.65110988444718,0 days 00:00:51.026000,10303.0,148.0,3,0.0,True,0,pos,2745.938362162687,0.6891158165783752,OnTrack,3688.0,6494.0,2390.0,8231.461,51.026
2026-07-26 14:26:22.023,0 days 02:17:11.681000,44,76.24555432889176,0 days 00:00:51.246000,10303.0,148.0,3,0.0,True,0,pos,2754.9782355265324,0.6913844471495237,OnTrack,3688.0,6494.0,2389.0,8231.681,51.246
2026-07-26 14:26:22.074,0 days 02:17:11.732000,44,75.91972222222512,0 days 00:00:51.297000,10303.0,148.0,3,0.0,True,0,car,2757.0733333333314,0.6919102291757475,OnTrack,3687.9999894366606,6494.001478445371,2388.9229692810873,8231.732,51.297
2026-07-26 14:26:22.234,0 days 02:17:11.892000,44,74.89750000000276,0 days 00:00:51.457000,10303.0,148.0,3,0.0,True,0,car,2763.6511111111095,0.693560976609508,OnTrack,3687.999337555496,6494.0110078886,2389.41622172612,8231.892,51.457
2026-07-26 14:26:22.403,0 days 02:17:12.061000,44,73.06666458666939,0 days 00:00:51.626000,10639.592049066667,148.0,3,0.0,True,0,pos,2770.607932353994,0.6953068481183661,OnTrack,3688.0,6494.0,2390.0,8232.061,51.626
2026-07-26 14:26:22.594,0 days 02:17:12.252000,44,70.99750000000267,0 days 00:00:51.817000,11020.0,148.0,2,0.0,True,0,car,2778.4511111111096,0.697275158335469,OnTrack,3688.0004782626606,6493.993076895452,2390.002860145021,8232.252,51.817
2026-07-26 14:26:22.603,0 days 02:17:12.261000,44,70.89999792000268,0 days 00:00:51.826000,11020.0,148.0,2,0.0,True,0,pos,2778.8192948138167,0.6973675570638739,OnTrack,3688.0,6494.0,2390.0,8232.261,51.826
2026-07-26 14:26:22.882,0 days 02:17:12.540000,44,67.87750000000264,0 days 00:00:52.105000,11020.0,148.0,2,0.0,True,0,pos,2790.2612556977747,0.7002390112547089,OnTrack,3688.0,6494.0,2390.0,8232.54,52.105
2026-07-26 14:26:22.914,0 days 02:17:12.572000,44,67.53083333333598,0 days 00:00:52.137000,11020.0,148.0,2,0.0,True,0,car,2791.606666666665,0.70057665320299,OnTrack,3688.0145292345856,6493.789898281721,2389.9983526224783,8232.572,52.137
2026-07-26 14:26:23.274,0 days 02:17:12.932000,44,63.630833333335886,0 days 00:00:52.497000,11020.0,148.0,2,0.0,True,0,car,2806.4066666666654,0.7042908349289511,OnTrack,3688.0215058158205,6493.689018916596,2389.994980813756,8232.932,52.497
2026-07-26 14:26:23.282,0 days 02:17:12.940000,44,63.62194444802491,0 days 00:00:52.505000,10991.823910712388,146.23899441952426,2,0.0,True,0,pos,2806.6802334752083,0.7043594887695672,OnTrack,3688.0,6494.0,2390.0,8232.94,52.505
2026-07-26 14:26:23.433,0 days 02:17:13.091000,44,63.45416666666915,0 days 00:00:52.656000,10460.0,113.0,2,0.0,True,0,car,2811.3974999999987,0.7055433256021931,OnTrack,3687.50771103804,6501.118654992654,2390.1162543214177,8233.091,52.656
2026-07-26 14:26:23.502,0 days 02:17:13.160000,44,63.37749978666915,0 days 00:00:52.725000,10214.556459885715,113.0,2,0.0,True,0,pos,2813.534235096931,0.7060795568488313,OnTrack,3688.0,6494.0,2390.0,8233.16,52.725
2026-07-26 14:26:23.702,0 days 02:17:13.360000,44,63.15527756444691,0 days 00:00:52.925000,9503.127888457142,113.0,2,0.0,True,0,pos,2819.8400785948124,0.7076620601384667,OnTrack,3688.0,6494.0,2389.0,8233.36,52.925
2026-07-26 14:26:23.713,0 days 02:17:13.371000,44,63.14305555555802,0 days 00:00:52.936000,9464.0,113.0,2,0.0,True,0,car,2820.1863888888874,0.7077489695550724,OnTrack,3687.1708581955754,6505.989653721032,2388.963923340895,8233.371,52.936
2026-07-26 14:26:23.953,0 days 02:17:13.611000,44,62.8763888888916,0 days 00:00:53.176000,9464.0,113.0,2,0.0,True,0,car,2827.7197222222208,0.7096395215146831,OnTrack,3669.012481916737,6768.565539337591,2388.9695107066873,8233.611,53.176
2026-07-26 14:26:24.002,0 days 02:17:13.660000,44,62.82194451555826,0 days 00:00:53.225000,9464.0,113.0,2,0.0,True,0,pos,2829.263067925607,0.7100268368125454,OnTrack,3688.0,6494.0,2389.0,8233.66,53.225
2026-07-26 14:26:24.182,0 days 02:17:13.840000,44,62.6219442311138,0 days 00:00:53.405000,9464.0,113.0,2,0.0,True,0,pos,2834.930173963403,0.7114490436831307,OnTrack,3814.0,4672.0,2389.0,8233.84,53.405
2026-07-26 14:26:24.233,0 days 02:17:13.891000,44,62.565277777780466,0 days 00:00:53.456000,9464.0,113.0,2,0.0,True,0,car,2836.5086111111095,0.7118451654675624,OnTrack,3827.5623285614206,4475.884424077746,2388.9973393418277,8233.891,53.456
2026-07-26 14:26:24.382,0 days 02:17:14.040000,44,62.813611431113856,0 days 00:00:53.605000,9210.078839466667,110.51666346666667,2,1.8625024,True,0,pos,2841.032288483374,0.7129804195101439,OnTrack,3814.0,4672.0,2389.0,8234.04,53.605
2026-07-26 14:26:24.473,0 days 02:17:14.131000,44,62.96527777778056,0 days 00:00:53.696000,9055.0,109.0,2,3.0,False,0,car,2843.775277777776,0.7136687952339126,OnTrack,3810.7603616269307,4718.846191933104,2389.0006672947065,8234.131,53.696
2026-07-26 14:26:24.622,0 days 02:17:14.280000,44,63.21361143111366,0 days 00:00:53.845000,9055.0,109.0,2,3.0,False,0,pos,2848.2852365547215,0.7148006064821671,OnTrack,3814.0,4672.0,2389.0,8234.28,53.845
2026-07-26 14:26:24.713,0 days 02:17:14.371000,44,63.36527777778019,0 days 00:00:53.936000,9055.0,109.0,2,3.0,False,0,car,2851.041944444443,0.7154924250002628,OnTrack,3814.3943918278273,4666.297013283253,2388.999728943664,8234.371,53.936
2026-07-26 14:26:24.822,0 days 02:17:14.480000,44,63.54694476444694,0 days 00:00:54.045000,9055.0,109.0,2,3.0,False,0,pos,2854.3399493706584,0.716320086461687,OnTrack,3814.0,4672.0,2389.0,8234.48,54.045
2026-07-26 14:26:24.913,0 days 02:17:14.571000,44,63.69861111111368,0 days 00:00:54.136000,9055.0,109.0,2,3.0,False,0,car,2857.0974999999985,0.7170121164722214,OnTrack,3813.918394177632,4673.179792505038,2389.0011247156435,8234.571,54.136
2026-07-26 14:26:25.042,0 days 02:17:14.700000,44,63.91361100444706,0 days 00:00:54.265000,9055.0,109.0,2,3.0,False,0,pos,2861.022792506209,0.7179972009111144,OnTrack,3814.0,4672.0,2389.0,8234.7,54.265
2026-07-26 14:26:25.153,0 days 02:17:14.811000,44,64.09861111111377,0 days 00:00:54.376000,9055.0,109.0,2,3.0,False,0,car,2864.364166666665,0.7188357462385715,OnTrack,3814.009092805098,4671.870429744074,2388.9916275233813,8234.811,54.376
2026-07-26 14:26:25.242,0 days 02:17:14.900000,44,64.34583315555822,0 days 00:00:54.465000,9075.660699428572,107.72857234285715,2,6.1785691428571425,False,0,pos,2866.989041597813,0.7194944801914229,OnTrack,3814.0,4672.0,2389.0,8234.9,54.465
2026-07-26 14:26:25.433,0 days 02:17:15.091000,44,64.8763888888916,0 days 00:00:54.656000,9120.0,105.0,2,13.0,False,0,car,2872.5308333333314,0.7208852384071761,OnTrack,3813.998890464012,4672.0077313995025,2389.0363443866386,8235.091,54.656
2026-07-26 14:26:25.462,0 days 02:17:15.120000,44,64.9569449777805,0 days 00:00:54.685000,9120.0,105.0,2,13.0,False,0,pos,2873.3746834022195,0.7210970095224,OnTrack,3814.0,4672.0,2389.0,8235.12,54.685
2026-07-26 14:26:25.633,0 days 02:17:15.291000,44,65.43194444444725,0 days 00:00:54.856000,9120.0,105.0,2,13.0,False,0,car,2878.364166666665,0.7223491613847508,OnTrack,3814.010874718558,4671.967996146164,2388.448127451987,8235.291,54.856
2026-07-26 14:26:25.783,0 days 02:17:15.441000,44,65.84861157731955,0 days 00:00:55.006000,9120.0,105.0,2,13.0,False,0,pos,2882.739582732097,0.7234472080329742,OnTrack,3814.0,4672.0,2388.0,8235.441,55.006
2026-07-26 14:26:25.874,0 days 02:17:15.532000,44,66.1013888888915,0 days 00:00:55.097000,9120.0,105.0,2,13.0,False,0,car,2885.3933333333316,0.7241131885727284,OnTrack,3813.9733605668744,4672.063374327896,2387.95169011362,8235.532,55.097
2026-07-26 14:26:25.983,0 days 02:17:15.641000,44,66.40416720000255,0 days 00:00:55.206000,9120.0,105.0,2,13.0,False,0,pos,2888.5722894852515,0.7249109737650996,OnTrack,3814.0,4672.0,2388.0,8235.641,55.206
2026-07-26 14:26:26.194,0 days 02:17:15.852000,44,66.9902777777802,0 days 00:00:55.417000,9120.0,105.0,2,13.0,False,0,car,2894.726666666665,0.726455465336848,OnTrack,3814.3659448000694,4671.138840240206,2388.0062903517983,8235.852,55.417
2026-07-26 14:26:26.283,0 days 02:17:15.941000,44,68.02861335111359,0 days 00:00:55.506000,9379.583893333333,105.0,2,27.09169706666667,False,0,pos,2897.3227152500035,0.7271069650806279,OnTrack,3814.0,4672.0,2388.0,8235.941,55.506
2026-07-26 14:26:26.434,0 days 02:17:16.092000,44,69.79027777778037,0 days 00:00:55.657000,9820.0,105.0,2,51.0,True,0,car,2901.726666666665,0.7282121729099377,OnTrack,3812.253444830113,4676.109672558015,2387.9985571897196,8236.092,55.657
2026-07-26 14:26:26.543,0 days 02:17:16.201000,44,71.06194668444692,0 days 00:00:55.766000,9834.9875264,105.0,2,51.0,True,0,pos,2904.9044336829315,0.7290096596789363,OnTrack,3814.0,4672.0,2388.0,8236.201,55.766
2026-07-26 14:26:26.674,0 days 02:17:16.332000,44,72.5902777777801,0 days 00:00:55.897000,9853.0,105.0,2,51.0,True,0,car,2908.726666666665,0.7299688804830273,OnTrack,3822.7662286983764,4651.373019568884,2388.0004345886246,8236.332,55.897
2026-07-26 14:26:26.843,0 days 02:17:16.501000,44,74.5619466844469,0 days 00:00:56.066000,9853.0,105.0,2,51.0,True,0,pos,2913.6668176570324,0.7312086520054538,OnTrack,3814.0,4672.0,2388.0,8236.501,56.066
2026-07-26 14:26:26.914,0 days 02:17:16.572000,44,75.39027777778028,0 days 00:00:56.137000,9853.0,105.0,2,51.0,True,0,car,2915.726666666665,0.731725588056117,OnTrack,3790.792292275668,4726.607837967635,2387.9999389630825,8236.572,56.137
2026-07-26 14:26:27.103,0 days 02:17:16.761000,44,77.59528001778042,0 days 00:00:56.326000,9853.0,105.0,2,51.0,True,0,pos,2921.1838969708006,0.7330951248851697,OnTrack,3814.0,4672.0,2388.0,8236.761,56.326
2026-07-26 14:26:27.154,0 days 02:17:16.812000,44,78.19027777778047,0 days 00:00:56.377000,9853.0,105.0,2,51.0,True,0,car,2922.726666666665,0.7334822956292066,OnTrack,3900.967914723425,4467.36411870998,2388.0000098878554,8236.812,56.377
2026-07-26 14:26:27.403,0 days 02:17:17.061000,44,81.92528065778025,0 days 00:00:56.626000,9853.0,115.1156328,2,92.2406568,True,0,pos,2930.8559277004056,0.7355224005465774,OnTrack,4570.0,2893.0,2388.0,8237.061,56.626
2026-07-26 14:26:27.474,0 days 02:17:17.132000,44,82.9902777777802,0 days 00:00:56.697000,9853.0,118.0,2,104.0,True,0,car,2933.215555555554,0.736114568564122,OnTrack,4662.8610487993965,2674.34686010922,2387.999998291714,8237.132,56.697
2026-07-26 14:26:27.794,0 days 02:17:17.452000,44,87.79027777777992,0 days 00:00:57.017000,9853.0,118.0,2,104.0,True,0,car,2943.704444444443,0.7387468414990374,OnTrack,4577.094443854201,2876.046253375735,2388.00000176215,8237.452,57.017
2026-07-26 14:26:27.823,0 days 02:17:17.481000,44,88.22528065777992,0 days 00:00:57.046000,9853.0,118.0,2,104.0,True,0,pos,2944.6558854709274,0.7389856134499764,OnTrack,4570.0,2893.0,2388.0,8237.481,57.046
2026-07-26 14:26:27.994,0 days 02:17:17.652000,44,90.79027777777992,0 days 00:00:57.217000,9853.0,118.0,2,104.0,True,0,car,2950.2599999999984,0.7403920120833594,OnTrack,4567.648366573939,2900.043175423418,2387.999988595363,8237.652,57.217
2026-07-26 14:26:28.043,0 days 02:17:17.701000,44,91.52528065777992,0 days 00:00:57.266000,9853.0,118.0,2,104.0,True,0,pos,2951.8476278644357,0.7407904403537459,OnTrack,4570.0,2893.0,2388.0,8237.701,57.266
2026-07-26 14:26:28.194,0 days 02:17:17.852000,44,93.79027777777992,0 days 00:00:57.417000,9853.0,118.0,2,104.0,True,0,car,2956.815555555554,0.7420371826676814,OnTrack,4570.821414983862,2877.9132418155887,2388.000099967904,8237.852,57.417
2026-07-26 14:26:28.394,0 days 02:17:18.052000,44,96.1236111111134,0 days 00:00:57.617000,10693.0,130.0,2,68.0,True,0,car,2964.0377777777762,0.7438496587351549,OnTrack,4564.650910693285,2877.4131879169263,2388.0002143303186,8238.052,57.617
2026-07-26 14:26:28.503,0 days 02:17:18.161000,44,97.94028097777999,0 days 00:00:57.726000,10940.232253672728,130.0,2,68.0,True,0,pos,2967.9991345922313,0.744843793808821,OnTrack,4570.0,2893.0,2388.0,8238.161,57.726
2026-07-26 14:26:28.543,0 days 02:17:18.201000,44,98.60694764444663,0 days 00:00:57.766000,11030.9595264,130.0,2,68.0,True,0,pos,2969.444731842068,0.7452065783283105,OnTrack,4570.0,2893.0,2388.0,8238.201,57.766
2026-07-26 14:26:28.763,0 days 02:17:18.421000,44,102.27361431111315,0 days 00:00:57.986000,11529.9595264,130.0,2,68.0,True,0,pos,2977.361852296245,0.7471934448224414,OnTrack,4243.0,2138.0,2388.0,8238.421,57.986
2026-07-26 14:26:28.834,0 days 02:17:18.492000,44,103.45694444444644,0 days 00:00:58.057000,11691.0,130.0,2,68.0,True,0,car,2979.9266666666654,0.7478371060835965,OnTrack,4196.475531086074,2026.064418485041,2387.9818800426824,8238.492,58.057
2026-07-26 14:26:29.043,0 days 02:17:18.701000,44,106.94028097777965,0 days 00:00:58.266000,11691.0,130.0,2,68.0,True,0,pos,2987.497525016703,0.7497370752547822,OnTrack,4243.0,2138.0,2388.0,8238.701,58.266
2026-07-26 14:26:29.114,0 days 02:17:18.772000,44,108.12361111111295,0 days 00:00:58.337000,11691.0,130.0,2,68.0,True,0,car,2990.0377777777767,0.7503745725780595,OnTrack,4233.1513183907055,2143.4861156939655,2388.112846257069,8238.772,58.337
2026-07-26 14:26:29.314,0 days 02:17:18.972000,44,111.45694444444598,0 days 00:00:58.537000,11411.0,130.0,2,68.0,True,0,car,2997.259999999999,0.7521870486455329,OnTrack,4104.234421848628,2004.2645396533767,2388.736951296057,8238.972,58.537
2026-07-26 14:26:29.522,0 days 02:17:19.180000,44,113.59472222222372,0 days 00:00:58.745000,10758.771428571428,147.0857142857143,2,73.94285714285714,True,0,pos,3006.0323584649673,0.7543885441525711,OnTrack,3931.0,1801.0,2389.0,8239.18,58.745
2026-07-26 14:26:29.594,0 days 02:17:19.252000,44,114.33472222222372,0 days 00:00:58.817000,10533.0,153.0,3,76.0,False,0,car,3009.159999999999,0.7551734515197853,OnTrack,3877.2849365337147,1740.7087174012213,2388.8864708588294,8239.252,58.817
2026-07-26 14:26:29.882,0 days 02:17:19.540000,44,117.29472222222361,0 days 00:00:59.105000,10533.0,153.0,3,76.0,False,0,pos,3021.4162437737086,0.7582492566990581,OnTrack,3727.0,1580.0,2388.0,8239.54,59.105
2026-07-26 14:26:29.914,0 days 02:17:19.572000,44,117.6236111111125,0 days 00:00:59.137000,10533.0,153.0,3,76.0,False,0,car,3022.759999999999,0.7585864833760738,OnTrack,3722.4286011614686,1575.1725744600262,2387.968681173066,8239.572,59.137
2026-07-26 14:26:30.082,0 days 02:17:19.740000,44,119.35027750082017,0 days 00:00:59.305000,10591.947358965837,153.0,3,76.0,False,0,pos,3029.766919034218,0.760344927337708,OnTrack,3727.0,1580.0,2388.0,8239.74,59.305
2026-07-26 14:26:30.262,0 days 02:17:19.920000,44,121.2002798351891,0 days 00:00:59.485000,10655.105333396637,153.0,3,76.0,False,0,pos,3037.433003971962,0.7622687944042913,OnTrack,3727.0,1580.0,2388.0,8239.92,59.485
2026-07-26 14:26:30.313,0 days 02:17:19.971000,44,121.72444444444591,0 days 00:00:59.536000,10673.0,153.0,3,76.0,False,0,car,3039.717499999999,0.7628421074718835,OnTrack,3726.8602942375087,1579.8524320686304,2387.99905285675,8239.971,59.536
2026-07-26 14:26:30.422,0 days 02:17:20.080000,44,122.20888974222373,0 days 00:00:59.645000,11007.927862690909,158.2022818909091,3,78.7250048,False,0,pos,3044.771219521093,0.7641103799511659,OnTrack,3727.0,1580.0,2388.0,8240.08,59.645
2026-07-26 14:26:30.662,0 days 02:17:20.320000,44,123.27555640889051,0 days 00:00:59.885000,11745.382408145455,169.65682734545456,3,84.7250048,False,0,pos,3056.527096288145,0.7670606139147359,OnTrack,3727.0,1580.0,2388.0,8240.32,59.885
2026-07-26 14:26:30.753,0 days 02:17:20.411000,44,123.68000000000166,0 days 00:00:59.976000,12025.0,174.0,3,87.0,False,0,car,3060.9841666666653,0.768179152384413,OnTrack,3726.8779060812067,1579.8681095039344,2387.999945568879,8240.411,59.976
2026-07-26 14:26:30.902,0 days 02:17:20.560000,44,124.3422230755571,0 days 00:01:00.125000,12025.0,174.0,3,87.0,False,0,pos,3068.21711262878,0.7699943196626124,OnTrack,3727.0,1580.0,2388.0,8240.56,60.125
2026-07-26 14:26:31.073,0 days 02:17:20.731000,44,125.10222222222365,0 days 00:01:00.296000,12025.0,174.0,3,87.0,False,0,car,3076.450833333332,0.7720606395935254,OnTrack,3727.9020654356755,1580.9758101039458,2388.000041420085,8240.731,60.296
2026-07-26 14:26:31.122,0 days 02:17:20.780000,44,125.31999971555702,0 days 00:01:00.345000,12025.0,174.0,3,87.0,False,0,pos,3078.804141233865,0.7726512215664795,OnTrack,3727.0,1580.0,2388.0,8240.78,60.345
2026-07-26 14:26:31.233,0 days 02:17:20.891000,44,125.81333333333487,0 days 00:01:00.456000,12025.0,174.0,3,87.0,False,0,car,3084.1841666666655,0.7740013831980818,OnTrack,3721.9013827894137,1574.4845248250099,2387.9997768248095,8240.891,60.456
2026-07-26 14:26:31.473,0 days 02:17:21.131000,44,126.14666666666835,0 days 00:01:00.696000,11185.0,183.0,3,100.0,True,0,car,3096.3841666666654,0.7770630735397522,OnTrack,3721.545185922578,1574.0991955253603,2387.999763909762,8241.131,60.696
2026-07-26 14:26:31.502,0 days 02:17:21.160000,44,126.18694471111274,0 days 00:01:00.725000,11180.06996736,183.0,3,100.0,True,0,pos,3097.8658982227753,0.7774349262605958,OnTrack,3727.0,1580.0,2388.0,8241.16,60.725
2026-07-26 14:26:31.673,0 days 02:17:21.331000,44,126.42444444444573,0 days 00:01:00.896000,11151.0,183.0,3,100.0,True,0,car,3106.5508333333323,0.7796144821578112,OnTrack,3760.2974907380813,1616.019926827778,2388.001440105284,8241.331,60.896
2026-07-26 14:26:31.722,0 days 02:17:21.380000,44,126.39722225777908,0 days 00:01:00.945000,11151.0,183.0,3,100.0,True,0,pos,3109.0170437564825,0.7802333979474083,OnTrack,3727.0,1580.0,2388.0,8241.38,60.945
2026-07-26 14:26:32.182,0 days 02:17:21.840000,44,126.14166656000141,0 days 00:01:01.405000,11151.0,183.0,3,100.0,True,0,pos,3132.055209260056,0.7860150150631541,OnTrack,2614.0,376.0,2388.0,8241.84,61.405
2026-07-26 14:26:32.313,0 days 02:17:21.971000,44,126.06888888889034,0 days 00:01:01.536000,11151.0,183.0,3,100.0,True,0,car,3139.0841666666656,0.7877789897355992,OnTrack,2589.006594849228,348.9631088802837,2388.0646523038386,8241.971,61.536
2026-07-26 14:26:32.403,0 days 02:17:22.061000,44,125.51888796060987,0 days 00:01:01.626000,11151.0,190.4688922738967,3,100.0,True,0,pos,3144.094302911225,0.7890363246331747,OnTrack,2614.0,376.0,2388.0,8242.061,61.626
2026-07-26 14:26:32.554,0 days 02:17:22.212000,44,124.5961111111128,0 days 00:01:01.777000,11151.0,203.0,4,100.0,False,0,car,3152.6738888888876,0.7911894422990224,OnTrack,2623.7973064987204,386.5983441421625,2387.515111674165,8242.212,61.777
2026-07-26 14:26:32.714,0 days 02:17:22.372000,44,123.61833333333561,0 days 00:01:01.937000,11151.0,203.0,4,100.0,False,0,car,3161.6961111111095,0.7934536431710046,OnTrack,2614.279506071196,376.302358768988,2387.009409112238,8242.372,61.937
2026-07-26 14:26:32.723,0 days 02:17:22.381000,44,123.56333216000228,0 days 00:01:01.946000,11151.0,203.0,4,100.0,False,0,pos,3162.2023334732817,0.7935806838363325,OnTrack,2614.0,376.0,2387.0,8242.381,61.946
2026-07-26 14:26:32.963,0 days 02:17:22.621000,44,122.09666549333537,0 days 00:01:02.186000,11151.0,203.0,4,100.0,False,0,pos,3175.670349830301,0.7969605933118855,OnTrack,2614.0,376.0,2387.0,8242.621,62.186
2026-07-26 14:26:33.154,0 days 02:17:22.812000,44,120.92944444444629,0 days 00:01:02.377000,11151.0,203.0,4,100.0,False,0,car,3186.507222222221,0.7996801955689559,OnTrack,2614.385421027765,376.41693343903296,2385.5698407429254,8242.812,62.377
2026-07-26 14:26:33.383,0 days 02:17:23.041000,44,116.54027409777956,0 days 00:01:02.606000,11151.0,206.81666986666667,4,100.0,False,0,pos,3199.7763254758047,0.8030101861651958,OnTrack,2614.0,376.0,2384.0,8243.041,62.606
2026-07-26 14:26:33.403,0 days 02:17:23.061000,44,116.15694076444623,0 days 00:01:02.626000,11151.0,207.1500032,4,100.0,False,0,pos,3200.942476679941,0.8033028414011492,OnTrack,2614.0,376.0,2384.0,8243.061,62.626
2026-07-26 14:26:33.514,0 days 02:17:23.172000,44,114.0294444444462,0 days 00:01:02.737000,11151.0,209.0,4,100.0,False,0,car,3207.407222222221,0.8049252224657522,OnTrack,2614.001051987503,376.0011379984628,2383.2699654927123,8243.172,62.737
2026-07-26 14:26:33.623,0 days 02:17:23.281000,44,111.94027409777958,0 days 00:01:02.846000,11151.0,209.0,4,100.0,False,0,pos,3213.7433333526737,0.8065153216667241,OnTrack,2614.0,376.0,2382.0,8243.281,62.846
2026-07-26 14:26:33.754,0 days 02:17:23.412000,44,109.42944444444629,0 days 00:01:02.977000,11151.0,209.0,5,100.0,False,0,car,3221.340555555554,0.8084219070636163,OnTrack,2613.999684719534,375.9996589470044,2380.6844781010595,8243.412,62.977
2026-07-26 14:26:33.923,0 days 02:17:23.581000,44,106.19027409777969,0 days 00:01:03.146000,11151.0,209.0,5,100.0,False,0,pos,3231.1100427280758,0.8108736402209265,OnTrack,2614.0,376.0,2379.0,8243.581,63.146
2026-07-26 14:26:34.074,0 days 02:17:23.732000,44,103.29611111111308,0 days 00:01:03.297000,11151.0,209.0,5,100.0,False,0,car,3239.918333333332,0.813084153194102,OnTrack,2614.0000223005145,376.0000240908883,2377.1311078382396,8243.732,63.297
2026-07-26 14:26:34.163,0 days 02:17:23.821000,44,101.59027409777985,0 days 00:01:03.386000,11151.0,209.0,5,101.27143131428572,False,0,pos,3245.1886908830434,0.8144067927684545,OnTrack,2614.0,376.0,2376.0,8243.821,63.386
2026-07-26 14:26:34.354,0 days 02:17:24.012000,44,97.92944444444674,0 days 00:01:03.577000,11151.0,209.0,5,104.0,False,0,car,3256.1738888888876,0.8171636185582768,OnTrack,2613.999999201126,375.99999923756906,2373.509681213545,8244.012,63.577
2026-07-26 14:26:34.383,0 days 02:17:24.041000,44,97.43805230222442,0 days 00:01:03.606000,11091.5496064,204.2874688,5,85.1498752,False,0,pos,3257.7058114351426,0.8175480671209043,OnTrack,2614.0,376.0,2373.0,8244.041,63.606
2026-07-26 14:26:34.483,0 days 02:17:24.141000,44,95.74360785777962,0 days 00:01:03.706000,10886.5496064,188.0374688,5,20.149875199999997,False,0,pos,3262.753070263737,0.8188147182362666,OnTrack,2614.0,376.0,2371.0,8244.141,63.706
2026-07-26 14:26:34.514,0 days 02:17:24.172000,44,95.21833333333507,0 days 00:01:03.737000,10823.0,183.0,5,0.0,True,0,car,3264.3072222222213,0.8192047454527239,OnTrack,2613.99999915468,375.99999990307543,2370.4496988739734,8244.172,63.737
2026-07-26 14:26:34.723,0 days 02:17:24.381000,44,91.6769411911127,0 days 00:01:03.946000,10823.0,183.0,5,0.0,True,0,pos,3274.9040227277405,0.8218640996953762,OnTrack,2614.0,376.0,2368.0,8244.381,63.946
2026-07-26 14:26:34.834,0 days 02:17:24.492000,44,89.79611111111262,0 days 00:01:04.057000,10823.0,183.0,5,0.0,True,0,car,3280.573888888888,0.8232869992416181,OnTrack,2614.0000222646686,375.99999951036943,2367.3258709521183,8244.492,64.057
2026-07-26 14:26:34.883,0 days 02:17:24.541000,44,88.96583008000162,0 days 00:01:04.106000,10823.0,183.0,5,0.0,True,0,pos,3283.0798118450493,0.8239158812179992,OnTrack,2614.0,376.0,2367.0,8244.541,64.106
2026-07-26 14:26:34.994,0 days 02:17:24.652000,44,87.08500000000186,0 days 00:01:04.217000,10823.0,183.0,5,0.0,True,0,car,3288.7072222222214,0.8253281261360651,OnTrack,2613.999831511237,376.0000037625591,2365.990533075492,8244.652,64.217
2026-07-26 14:26:35.083,0 days 02:17:24.741000,44,85.87360849777946,0 days 00:01:04.306000,10947.6002688,180.32999424,5,0.0,True,0,pos,3293.077033627066,0.8264247662486172,OnTrack,2614.0,376.0,2365.0,8244.741,64.306
2026-07-26 14:26:35.394,0 days 02:17:25.052000,44,81.6405555555566,0 days 00:01:04.617000,11383.0,171.0,5,0.0,True,0,car,3307.707222222222,0.83009633240588,OnTrack,2614.000336775701,375.9999924731169,2361.1015683530613,8245.052,64.617
2026-07-26 14:26:35.403,0 days 02:17:25.061000,44,81.50305262222327,0 days 00:01:04.626000,11387.403665371428,171.0,5,0.0,True,0,pos,3308.131856385618,0.8302028978416842,OnTrack,2614.0,376.0,2361.0,8245.061,64.626
2026-07-26 14:26:35.603,0 days 02:17:25.261000,44,78.44749706666768,0 days 00:01:04.826000,11485.260808228571,171.0,5,0.0,True,0,pos,3317.628850722977,0.8325862466808313,OnTrack,2614.0,376.0,2359.0,8245.261,64.826
2026-07-26 14:26:35.674,0 days 02:17:25.332000,44,77.36277777777877,0 days 00:01:04.897000,11520.0,171.0,5,0.0,True,0,car,3321.007222222222,0.8334340767947505,OnTrack,2614.0198398201783,375.99955658130983,2358.3541301231626,8245.332,64.897
2026-07-26 14:26:35.823,0 days 02:17:25.481000,44,75.08638595555655,0 days 00:01:05.046000,11520.0,171.0,5,0.0,True,0,pos,3328.0889448907074,0.8352112933436431,OnTrack,2614.0,376.0,2357.0,8245.481,65.046
2026-07-26 14:26:36.034,0 days 02:17:25.692000,44,71.86277777777877,0 days 00:01:05.257000,11520.0,171.0,3,0.0,True,0,car,3338.107222222222,0.8377254624375837,OnTrack,2613.435342836288,376.01262005154365,2354.7888825496984,8245.692,65.257
2026-07-26 14:26:36.242,0 days 02:17:25.900000,44,68.28055555555666,0 days 00:01:05.465000,11520.0,171.0,3,0.0,True,0,pos,3347.9845724694696,0.8402042647206405,OnTrack,2614.0,376.0,2353.0,8245.9,65.465
2026-07-26 14:26:36.394,0 days 02:17:26.052000,44,65.66277777777896,0 days 00:01:05.617000,11520.0,171.0,3,0.0,True,0,car,3355.207222222222,0.842016848080417,OnTrack,2616.0706879054164,375.95372025754233,2352.388883147347,8246.052,65.617
2026-07-26 14:26:36.502,0 days 02:17:26.160000,44,63.65277301333447,0 days 00:01:05.725000,11520.0,171.0,3,40.1143808,True,0,pos,3360.3428557025472,0.8433056775414884,OnTrack,2614.0,376.0,2352.0,8246.16,65.725
2026-07-26 14:26:36.674,0 days 02:17:26.332000,44,60.451666666667734,0 days 00:01:05.897000,11520.0,171.0,3,104.0,True,0,car,3368.507222222222,0.8453545924692875,OnTrack,2598.910177944283,376.33725655935496,2351.052479693552,8246.332,65.897
2026-07-26 14:26:36.882,0 days 02:17:26.540000,44,56.58055624567138,0 days 00:01:06.105000,11520.0,171.0,3,104.0,True,0,pos,3378.312388818644,0.847815279671479,OnTrack,2614.0,376.0,2349.0,8246.54,66.105
2026-07-26 14:26:37.033,0 days 02:17:26.691000,44,53.770277777779484,0 days 00:01:06.256000,11520.0,171.0,3,104.0,True,0,car,3385.559722222222,0.8496340575964462,OnTrack,2661.0235739658206,374.9490261246465,2346.6835305364793,8246.691,66.256
2026-07-26 14:26:37.082,0 days 02:17:26.740000,44,52.85833452444612,0 days 00:01:06.305000,11520.0,171.0,3,104.0,True,0,pos,3387.9595462248412,0.8502363131678009,OnTrack,2614.0,376.0,2346.0,8246.74,66.305
2026-07-26 14:26:37.353,0 days 02:17:27.011000,44,47.814722222223736,0 days 00:01:06.576000,11520.0,171.0,3,104.0,True,0,car,3400.7597222222216,0.8534486226122979,OnTrack,1547.5903946468684,399.8341865819665,2343.780146756311,8247.011,66.576
2026-07-26 14:26:37.502,0 days 02:17:27.160000,44,46.573053955557185,0 days 00:01:06.725000,11520.0,141.1999616,3,26.51990016,True,0,pos,3406.2325839499185,0.8548220822756576,OnTrack,1048.0,411.0,2343.0,8247.16,66.725
2026-07-26 14:26:37.553,0 days 02:17:27.211000,44,46.14805555555722,0 days 00:01:06.776000,11520.0,131.0,3,0.0,True,0,car,3408.0374999999995,0.8552750408033674,OnTrack,965.2625238552173,412.8491773084721,2342.7287235517438,8247.211,66.776
2026-07-26 14:26:37.753,0 days 02:17:27.411000,44,44.481388888890706,0 days 00:01:06.976000,11520.0,131.0,2,0.0,True,0,car,3415.3152777777773,0.8571014589944368,OnTrack,1007.3840858092549,411.90776308855436,2341.6098029669915,8247.411,66.976
2026-07-26 14:26:37.842,0 days 02:17:27.500000,44,43.739722558600384,0 days 00:01:07.065000,11520.0,131.0,2,0.0,True,0,pos,3418.5613666015997,0.8579160916829697,OnTrack,1048.0,411.0,2341.0,8247.5,67.065
2026-07-26 14:26:37.994,0 days 02:17:27.652000,44,42.473055555557494,0 days 00:01:07.217000,11520.0,131.0,2,0.0,True,0,car,3424.0849999999996,0.8593022929146755,OnTrack,1056.7343873357618,410.80478700079715,2339.7607966486885,8247.652,67.217
2026-07-26 14:26:38.102,0 days 02:17:27.760000,44,41.57305378448884,0 days 00:01:07.325000,11520.0,131.0,2,0.0,True,0,pos,3428.0041389597955,0.8602858330704847,OnTrack,1048.0,411.0,2339.0,8247.76,67.325
2026-07-26 14:26:38.153,0 days 02:17:27.811000,44,41.14805555555722,0 days 00:01:07.376000,11520.0,131.0,2,0.0,True,0,car,3429.870833333333,0.8607542953765757,OnTrack,1046.5260040590201,411.032943715156,2338.735212749824,8247.811,67.376
2026-07-26 14:26:38.302,0 days 02:17:27.960000,44,39.90638728889047,0 days 00:01:07.525000,11520.0,131.0,2,0.0,True,0,pos,3435.4211250377284,0.8621471867294282,OnTrack,1048.0,411.0,2338.0,8247.96,67.525
2026-07-26 14:26:38.422,0 days 02:17:28.080000,44,38.90638728889041,0 days 00:01:07.645000,11520.0,131.0,2,0.0,True,0,pos,3439.6904473219365,0.863218608270661,OnTrack,1048.0,411.0,2337.0,8248.08,67.645
2026-07-26 14:26:38.433,0 days 02:17:28.091000,44,38.814722222223736,0 days 00:01:07.656000,11520.0,131.0,2,0.0,True,0,car,3440.059722222222,0.8633112808440728,OnTrack,1047.986597257085,411.0002995504483,2336.9278871749802,8248.091,67.656
2026-07-26 14:26:38.642,0 days 02:17:28.300000,44,38.234166844446484,0 days 00:01:07.865000,11520.0,113.58333866666666,2,0.0,True,0,pos,3446.517902798816,0.8649320143765421,OnTrack,1048.0,411.0,2336.0,8248.3,67.865
2026-07-26 14:26:38.673,0 days 02:17:28.331000,44,38.148055555557676,0 days 00:01:07.896000,11520.0,111.0,2,0.0,True,0,car,3447.4597222222214,0.8651683717070533,OnTrack,1048.004829600171,410.99989205874454,2335.724340347247,8248.331,67.896
2026-07-26 14:26:38.822,0 days 02:17:28.480000,44,37.73416613333512,0 days 00:01:08.045000,11520.0,111.0,2,0.0,True,0,pos,3452.0531483433247,0.8663211297718203,OnTrack,1048.0,411.0,2334.0,8248.48,68.045
2026-07-26 14:26:38.833,0 days 02:17:28.491000,44,37.70361111111288,0 days 00:01:08.056000,11520.0,111.0,2,0.0,True,0,car,3452.393055555555,0.8664064322823736,OnTrack,1047.9995354243388,411.00001038323643,2333.8909690680566,8248.491,68.056
2026-07-26 14:26:39.074,0 days 02:17:28.732000,44,37.034166666668625,0 days 00:01:08.297000,11520.0,111.0,2,0.0,True,0,car,3459.823888888888,0.8682712610239499,OnTrack,1047.9994119804787,411.00001314219867,2332.3707048842225,8248.732,68.297
2026-07-26 14:26:39.143,0 days 02:17:28.801000,44,36.84249946666861,0 days 00:01:08.366000,11520.0,111.0,2,0.0,True,0,pos,3461.958724388637,0.8688070155510513,OnTrack,1048.0,411.0,2332.0,8248.801,68.366
2026-07-26 14:26:39.323,0 days 02:17:28.981000,44,36.34249946666858,0 days 00:01:08.546000,11520.0,111.0,2,0.0,True,0,pos,3467.5147922962915,0.8702013564896194,OnTrack,1048.0,411.0,2331.0,8248.981,68.546
2026-07-26 14:26:39.354,0 days 02:17:29.012000,44,36.2563888888908,0 days 00:01:08.577000,11520.0,111.0,2,0.0,True,0,car,3468.4572222222214,0.8704378670307604,OnTrack,1047.9999762977025,411.00000052974485,2330.8721545307285,8249.012,68.577
2026-07-26 14:26:39.523,0 days 02:17:29.181000,44,35.92777740444609,0 days 00:01:08.746000,10558.811408,108.8874976,2,0.0,True,0,pos,3473.5063598769916,0.8717049896530044,OnTrack,1048.0,411.0,2330.0,8249.181,68.746
2026-07-26 14:26:39.603,0 days 02:17:29.261000,44,35.77222184889041,0 days 00:01:08.826000,10103.811408,107.8874976,2,0.0,True,0,pos,3475.867913290972,0.8722976409053751,OnTrack,1048.0,411.0,2329.0,8249.261,68.826
2026-07-26 14:26:39.674,0 days 02:17:29.332000,44,35.63416666666808,0 days 00:01:08.897000,9700.0,107.0,2,0.0,False,0,car,3477.968333333333,0.8728247585903871,OnTrack,1047.999998883516,411.00000002495335,2328.2514287757162,8249.332,68.897
2026-07-26 14:26:39.863,0 days 02:17:29.521000,44,35.26666629333508,0 days 00:01:09.086000,9031.4118208,107.0,2,0.0,False,0,pos,3483.5809989385443,0.8742333031866577,OnTrack,1048.0,411.0,2327.0,8249.521,69.086
2026-07-26 14:26:39.914,0 days 02:17:29.572000,44,35.16750000000184,0 days 00:01:09.137000,8851.0,107.0,2,0.0,False,0,car,3485.101666666666,0.874614927260107,OnTrack,1048.0000001120345,410.9999999974961,2326.724193146476,8249.572,69.137
2026-07-26 14:26:40.043,0 days 02:17:29.701000,44,34.916666293335005,0 days 00:01:09.266000,8851.0,107.0,2,0.0,False,0,pos,3488.95671444577,0.8755823832069892,OnTrack,1048.0,411.0,2326.0,8249.701,69.266
2026-07-26 14:26:40.114,0 days 02:17:29.772000,44,34.778611111112696,0 days 00:01:09.337000,8851.0,107.0,2,0.0,False,0,car,3491.0461111111103,0.8761067344848736,OnTrack,1047.9999999737709,411.00000000058617,2325.467752212553,8249.772,69.337
2026-07-26 14:26:40.263,0 days 02:17:29.921000,44,34.9855558222239,0 days 00:01:09.486000,8794.814510933333,104.82708053333333,2,0.0,False,0,pos,3495.29774844879,0.8771737178433213,OnTrack,1048.0,411.0,2324.0,8249.921,69.486
2026-07-26 14:26:40.423,0 days 02:17:30.081000,44,35.20777804444622,0 days 00:01:09.646000,8734.4811776,102.4937472,2,0.0,False,0,pos,3499.6857373795947,0.878274919755518,OnTrack,1048.0,411.0,2322.0,8250.081,69.646
2026-07-26 14:26:40.594,0 days 02:17:30.252000,44,35.445277777779665,0 days 00:01:09.817000,8670.0,100.0,2,0.0,True,0,car,3504.3794444444434,0.8794528441479015,OnTrack,1047.999999998685,411.0000000000294,2320.318925136997,8250.252,69.817
2026-07-26 14:26:40.783,0 days 02:17:30.441000,44,35.70777804444627,0 days 00:01:10.006000,8670.0,100.0,2,0.0,True,0,pos,3509.6233747031674,0.8807688515762234,OnTrack,1048.0,411.0,2319.0,8250.441,70.006
2026-07-26 14:26:40.914,0 days 02:17:30.572000,44,35.88972222222401,0 days 00:01:10.137000,8670.0,100.0,2,0.0,True,0,car,3513.2683333333325,0.8816835839232535,OnTrack,1048.0000000002042,410.9999999999954,2318.2878558826915,8250.572,70.137
2026-07-26 14:26:41.074,0 days 02:17:30.732000,44,36.11194444444618,0 days 00:01:10.297000,8670.0,100.0,2,0.0,True,0,car,3517.712777777777,0.8827989538109294,OnTrack,1048.0000000000168,410.99999999999966,2317.2724467349553,8250.732,70.297
2026-07-26 14:26:41.103,0 days 02:17:30.761000,44,36.15222248889063,0 days 00:01:10.326000,8670.0,100.0,2,0.0,True,0,pos,3518.5182452114204,0.8830010924881521,OnTrack,1048.0,411.0,2317.0,8250.761,70.326
2026-07-26 14:26:41.274,0 days 02:17:30.932000,44,36.38972222222401,0 days 00:01:10.497000,8670.0,100.0,2,0.0,True,0,car,3523.2683333333325,0.8841931661705245,OnTrack,1047.9999999999993,411.00000000000006,2315.08089851346,8250.932,70.497
2026-07-26 14:26:41.283,0 days 02:17:30.941000,44,36.42972307555734,0 days 00:01:10.506000,8670.0,100.0,2,0.0,True,0,pos,3523.5183428502237,0.8842559081150483,OnTrack,1048.0,411.0,2315.0,8250.941,70.506
2026-07-26 14:26:41.463,0 days 02:17:31.121000,44,37.229723075557295,0 days 00:01:10.686000,8670.0,100.0,2,0.0,True,0,pos,3528.5182149155994,0.8855106671324375,OnTrack,1048.0,411.0,2314.0,8251.121,70.686
2026-07-26 14:26:41.634,0 days 02:17:31.292000,44,37.98972222222392,0 days 00:01:10.857000,8670.0,100.0,2,0.0,False,0,car,3533.2683333333325,0.8867027484177954,OnTrack,1047.999999999999,410.9999999999975,2313.3168628711423,8251.292,70.857
2026-07-26 14:26:41.683,0 days 02:17:31.341000,44,38.20750085333487,0 days 00:01:10.906000,8670.0,100.0,2,0.0,False,0,pos,3534.629625446525,0.8870443758698571,OnTrack,1048.0,411.0,2313.0,8251.341,70.906
2026-07-26 14:26:41.834,0 days 02:17:31.492000,44,38.87861111111215,0 days 00:01:11.057000,8670.0,100.0,2,0.0,False,0,car,3538.823888888888,0.8880969607773904,OnTrack,1048.0000000000045,411.00000000002194,2311.47669923953,8251.492,71.057
2026-07-26 14:26:41.983,0 days 02:17:31.641000,44,39.540834186667894,0 days 00:01:11.206000,8670.0,100.0,2,0.0,False,0,pos,3542.9585151689803,0.8891345792485522,OnTrack,1048.0,411.0,2310.0,8251.641,71.206
2026-07-26 14:26:42.223,0 days 02:17:31.881000,44,40.60750085333486,0 days 00:01:11.446000,8670.0,100.0,2,0.0,False,0,pos,3549.6281766796205,0.8908083856607932,OnTrack,1048.0,411.0,2309.0,8251.881,71.446
2026-07-26 14:26:42.234,0 days 02:17:31.892000,44,40.65638888889043,0 days 00:01:11.457000,8670.0,100.0,2,0.0,False,0,car,3549.934999999999,0.8908853854965803,OnTrack,1048.0000000000064,411.00000000003126,2308.9484634747164,8251.892,71.457
2026-07-26 14:26:42.394,0 days 02:17:32.052000,44,41.3675000000012,0 days 00:01:11.617000,8670.0,100.0,2,0.0,False,0,car,3554.379444444444,0.8920007553842564,OnTrack,1048.000000000188,411.00000000090216,2307.9626722562707,8252.052,71.617
2026-07-26 14:26:42.542,0 days 02:17:32.200000,44,42.72416901333498,0 days 00:01:11.765000,8670.0,97.03999488,2,0.0,False,0,pos,3558.333584292797,0.8929930793009218,OnTrack,1048.0,411.0,2307.0,8252.2,71.765
2026-07-26 14:26:42.594,0 days 02:17:32.252000,44,43.20083333333514,0 days 00:01:11.817000,8670.0,96.0,2,0.0,False,0,car,3559.712777777777,0.8933391992494675,OnTrack,1047.9999999997594,410.9999999988459,2306.7140460848677,8252.252,71.817
2026-07-26 14:26:42.702,0 days 02:17:32.360000,44,44.19083568000189,0 days 00:01:11.925000,8670.0,96.0,2,0.0,False,0,pos,3562.5899574360296,0.8940612511487235,OnTrack,1048.0,411.0,2306.0,8252.36,71.925
2026-07-26 14:26:42.794,0 days 02:17:32.452000,44,45.034166666668625,0 days 00:01:12.017000,8670.0,96.0,2,0.0,False,0,car,3565.0461111111103,0.8946776431146787,OnTrack,1048.0000000027508,411.0000000131939,2304.9107056847433,8252.452,72.017
2026-07-26 14:26:43.022,0 days 02:17:32.680000,44,47.12416901333524,0 days 00:01:12.245000,8670.0,96.0,2,0.0,False,0,pos,3571.1263711551546,0.8962035343812111,OnTrack,1048.0,411.0,2302.0,8252.68,72.245
2026-07-26 14:26:43.074,0 days 02:17:32.732000,44,47.60083333333523,0 days 00:01:12.297000,8670.0,96.0,2,0.0,False,0,car,3572.512777777777,0.8965514645259743,OnTrack,1047.9999999908746,410.99999995622875,2301.8784837397548,8252.732,72.297
2026-07-26 14:26:43.182,0 days 02:17:32.840000,44,48.59083568000195,0 days 00:01:12.405000,8665.199988622222,96.0,2,9.300022044444445,False,0,pos,3575.392533328363,0.8972741628665972,OnTrack,1048.0,411.0,2302.0,8252.84,72.405
2026-07-26 14:26:43.434,0 days 02:17:33.092000,44,50.90083333333541,0 days 00:01:12.657000,8654.0,96.0,2,31.0,False,0,car,3582.112777777777,0.8989606634833543,OnTrack,1048.0000003971422,411.0000019049361,2301.2610754031434,8253.092,72.657
2026-07-26 14:26:43.562,0 days 02:17:33.220000,44,52.074166457494876,0 days 00:01:12.785000,8654.0,96.0,2,31.0,False,0,pos,3585.526153756327,0.8998172782592575,OnTrack,1048.0,411.0,2301.0,8253.22,72.785
2026-07-26 14:26:43.782,0 days 02:17:33.440000,44,54.090835111310206,0 days 00:01:13.005000,8654.0,96.0,2,31.0,False,0,pos,3591.39278404192,0.9012895573808601,OnTrack,1048.0,411.0,2301.0,8253.44,73.005
2026-07-26 14:26:43.793,0 days 02:17:33.451000,44,54.19166666666797,0 days 00:01:13.016000,8654.0,96.0,2,31.0,False,0,car,3591.6861111111107,0.9013631702214085,OnTrack,1048.000000333242,411.00000159843273,2300.9560562545494,8253.451,73.016
2026-07-26 14:26:44.033,0 days 02:17:33.691000,44,56.3916666666687,0 days 00:01:13.256000,8654.0,96.0,2,31.0,False,0,car,3598.0861111111103,0.9029693028596618,OnTrack,1048.0000015251496,411.0000073155484,2299.054693841775,8253.691,73.256
2026-07-26 14:26:44.042,0 days 02:17:33.700000,44,56.474166080002,0 days 00:01:13.265000,8654.0,96.0,2,31.0,False,0,pos,3598.3261095563,0.9030295324434039,OnTrack,1048.0,411.0,2299.0,8253.7,73.265
2026-07-26 14:26:44.233,0 days 02:17:33.891000,44,58.22500000000127,0 days 00:01:13.456000,8654.0,96.0,2,31.0,False,0,car,3603.419444444444,0.9043077467248731,OnTrack,1047.999955131144,410.99978478158954,2298.3755262208524,8253.891,73.456
2026-07-26 14:26:44.302,0 days 02:17:33.960000,44,59.27916960000129,0 days 00:01:13.525000,8769.082463085715,96.0,2,33.71072182857143,False,0,pos,3605.2594481021115,0.9047695107762929,OnTrack,1048.0,411.0,2298.0,8253.96,73.525
2026-07-26 14:26:44.422,0 days 02:17:34.080000,44,61.11250293333464,0 days 00:01:13.645000,8969.225320228572,96.0,2,38.425007542857145,False,0,pos,3608.4594451188714,0.9055725763467508,OnTrack,1048.0,411.0,2297.0,8254.08,73.645
2026-07-26 14:26:44.513,0 days 02:17:34.171000,44,62.5027777777791,0 days 00:01:13.736000,9121.0,96.0,2,42.0,False,0,car,3610.8861111111105,0.9061815681361687,OnTrack,1047.9991640635774,410.9959903388532,2296.5074650716397,8254.171,73.736
2026-07-26 14:26:44.642,0 days 02:17:34.300000,44,64.47361013333466,0 days 00:01:13.865000,9121.0,96.0,2,43.433332622222224,False,0,pos,3614.326128618655,0.9070448688228921,OnTrack,1048.0,411.0,2296.0,8254.3,73.865
2026-07-26 14:26:44.802,0 days 02:17:34.460000,44,66.9180545777791,0 days 00:01:14.025000,9121.0,96.0,2,45.2111104,False,0,pos,3618.5928066180436,0.9081156267591007,OnTrack,1048.0,411.0,2295.0,8254.46,74.025
2026-07-26 14:26:44.873,0 days 02:17:34.531000,44,68.0027777777791,0 days 00:01:14.096000,9121.0,96.0,2,46.0,True,0,car,3620.4861111111104,0.9085907670935488,OnTrack,1047.9787779325209,410.8982060153125,2294.6258208373356,8254.531,74.096
2026-07-26 14:26:44.982,0 days 02:17:34.640000,44,69.66805848889055,0 days 00:01:14.205000,9121.0,96.0,2,46.0,True,0,pos,3623.392689545948,0.9093201968575857,OnTrack,1048.0,411.0,2294.0,8254.64,74.205
2026-07-26 14:26:45.113,0 days 02:17:34.771000,44,71.66944444444653,0 days 00:01:14.336000,9121.0,96.0,2,46.0,True,0,car,3626.88611111111,0.9101968997318022,OnTrack,1048.2770896997247,412.32909127154437,2292.74511947939,8254.771,74.336
2026-07-26 14:26:45.202,0 days 02:17:34.860000,44,73.02916568889081,0 days 00:01:14.425000,9339.0498432,96.0,2,48.2249984,True,0,pos,3629.2598389054288,0.9107926062450499,OnTrack,1048.0,411.0,2292.0,8254.86,74.425
2026-07-26 14:26:45.442,0 days 02:17:35.100000,44,76.69583235555706,0 days 00:01:14.665000,9927.0498432,96.0,2,54.2249984,True,0,pos,3635.6606310524226,0.9123989376791066,OnTrack,1048.0,411.0,2291.0,8255.1,74.665
2026-07-26 14:26:45.513,0 days 02:17:35.171000,44,77.78055555555693,0 days 00:01:14.736000,10101.0,96.0,2,56.0,True,0,car,3637.552777777777,0.9128737874622246,OnTrack,1052.5125187166464,432.64479316601734,2290.314692898416,8255.171,74.736
2026-07-26 14:26:45.623,0 days 02:17:35.281000,44,79.46111351295733,0 days 00:01:14.846000,10489.423791647812,96.0,2,58.28216093800125,True,0,pos,3640.482669854066,0.9136090679763321,OnTrack,1048.0,411.0,2289.0,8255.281,74.846
2026-07-26 14:26:45.754,0 days 02:17:35.412000,44,81.46250000000146,0 days 00:01:14.977000,10952.0,96.0,2,61.0,True,0,car,3643.9794444444437,0.914486612319804,OnTrack,987.258473415724,119.64657587904459,2287.6647663716467,8255.412,74.977
2026-07-26 14:26:45.943,0 days 02:17:35.601000,44,84.35000293333482,0 days 00:01:15.166000,10952.0,96.0,2,61.0,True,0,pos,3649.051928827053,0.9157595939954195,OnTrack,871.0,-438.0,2286.0,8255.601,75.166
2026-07-26 14:26:46.034,0 days 02:17:35.692000,44,85.74027777777928,0 days 00:01:15.257000,10952.0,96.0,2,61.0,True,0,car,3651.4461111111104,0.9163604337310997,OnTrack,847.1852067235363,-552.2302796282278,2285.1914407362224,8255.692,75.257
2026-07-26 14:26:46.354,0 days 02:17:36.012000,44,90.62916666666843,0 days 00:01:15.577000,10952.0,96.0,2,61.0,True,0,car,3659.9794444444437,0.9185019439154376,OnTrack,870.6013991370571,-439.9119329592163,2283.016586000259,8256.012,75.577
2026-07-26 14:26:46.363,0 days 02:17:36.021000,44,90.7691696533351,0 days 00:01:15.586000,10964.334354036364,96.71592436363636,2,61.26591476363637,True,0,pos,3660.258189914534,0.9185718973837621,OnTrack,871.0,-438.0,2283.0,8256.021,75.586
2026-07-26 14:26:46.563,0 days 02:17:36.221000,44,93.8802807644462,0 days 00:01:15.786000,11238.425263127272,112.62501527272727,2,67.17500567272727,True,0,pos,3667.220119896989,0.9203190509728334,OnTrack,871.0,-438.0,2282.0,8256.221,75.786
2026-07-26 14:26:46.603,0 days 02:17:36.261000,44,94.50250298666842,0 days 00:01:15.826000,11293.243444945454,115.80683345454545,2,68.35682385454545,True,0,pos,3668.769724411477,0.9207079369708183,OnTrack,871.0,-438.0,2281.0,8256.261,75.826
2026-07-26 14:26:46.794,0 days 02:17:36.452000,44,97.47361111111286,0 days 00:01:16.017000,11555.0,131.0,2,74.0,False,0,car,3675.9905555555547,0.9225200639357902,OnTrack,871.0369438870807,-437.8227783828786,2278.046860086559,8256.452,76.017
2026-07-26 14:26:46.963,0 days 02:17:36.621000,44,100.10250298666858,0 days 00:01:16.186000,11555.0,131.0,2,74.0,False,0,pos,3682.14224963825,0.9240638821618478,OnTrack,871.0,-438.0,2277.0,8256.621,76.186
2026-07-26 14:26:46.994,0 days 02:17:36.652000,44,100.58472222222417,0 days 00:01:16.217000,11555.0,131.0,2,74.0,False,0,car,3683.2683333333325,0.9243464821268597,OnTrack,870.9962626170947,-438.0179377723564,2276.840986286257,8256.652,76.217
2026-07-26 14:26:47.154,0 days 02:17:36.812000,44,103.07361111111322,0 days 00:01:16.377000,11555.0,131.0,2,74.0,False,0,car,3689.0905555555546,0.9258076166797151,OnTrack,870.991953451784,-438.0387035476246,2276.182985628107,8256.812,76.377
2026-07-26 14:26:47.363,0 days 02:17:37.021000,44,106.32472520889041,0 days 00:01:16.586000,11555.0,131.0,2,74.0,False,0,pos,3696.629867031595,0.9276996689034069,OnTrack,871.0,-438.0,2275.0,8257.021,76.586
2026-07-26 14:26:47.394,0 days 02:17:37.052000,44,106.80694444444589,0 days 00:01:16.617000,11555.0,131.0,2,74.0,False,0,car,3697.823888888888,0.9279993185089985,OnTrack,871.0003597376407,-437.99820631008396,2274.727825877422,8257.052,76.617
2026-07-26 14:26:47.554,0 days 02:17:37.212000,44,108.8958333333353,0 days 00:01:16.777000,10715.0,147.0,2,77.0,False,0,car,3704.3572222222215,0.9296389122438822,OnTrack,871.0000039856529,-437.999906988739,2273.0874835402924,8257.212,76.777
2026-07-26 14:26:47.563,0 days 02:17:37.221000,44,109.01333584000197,0 days 00:01:16.786000,10705.0997888,147.0,2,77.0,False,0,pos,3704.729165657231,0.929732254508031,OnTrack,871.0,-438.0,2273.0,8257.221,76.786
2026-07-26 14:26:48.003,0 days 02:17:37.661000,44,114.75778028444631,0 days 00:01:17.226000,10221.0997888,147.0,2,77.0,False,0,pos,3722.718980149058,0.9342469464160696,OnTrack,871.0,-438.0,2270.0,8257.661,77.226
2026-07-26 14:26:48.074,0 days 02:17:37.732000,44,115.68472222222408,0 days 00:01:17.297000,10143.0,147.0,3,77.0,False,0,car,3725.5905555555546,0.9349675918822541,OnTrack,870.9971615804905,-438.006636016199,2269.7391189936575,8257.732,77.297
2026-07-26 14:26:48.323,0 days 02:17:37.981000,44,118.93555806222348,0 days 00:01:17.546000,10143.0,147.0,3,77.0,False,0,pos,3735.666927024511,0.9374963401777942,OnTrack,871.0,-438.0,2269.0,8257.981,77.546
2026-07-26 14:26:48.394,0 days 02:17:38.052000,44,119.86250000000109,0 days 00:01:17.617000,10143.0,147.0,3,77.0,False,0,car,3738.6572222222217,0.9382467793520216,OnTrack,871.0155336383497,-437.9633451212722,2268.6828125775974,8258.052,77.617
2026-07-26 14:26:48.663,0 days 02:17:38.321000,44,122.70194647111234,0 days 00:01:17.886000,10143.0,157.46111857777777,3,97.1750144,False,0,pos,3750.6428686507033,0.9412546759019199,OnTrack,871.0,-438.0,2267.0,8258.321,77.886
2026-07-26 14:26:48.754,0 days 02:17:38.412000,44,123.66250000000127,0 days 00:01:17.977000,10143.0,161.0,3,104.0,True,0,car,3754.7572222222216,0.9422872067701278,OnTrack,870.8946533190167,-438.2486641486029,2266.305140821519,8258.412,77.977
2026-07-26 14:26:48.803,0 days 02:17:38.461000,44,124.17972424889011,0 days 00:01:18.026000,10143.0,161.0,3,104.0,True,0,pos,3756.963949063752,0.9428410030207359,OnTrack,871.0,-438.0,2266.0,8258.461,78.026
2026-07-26 14:26:49.034,0 days 02:17:38.692000,44,126.61805555555657,0 days 00:01:18.257000,10143.0,161.0,3,104.0,True,0,car,3767.279444444444,0.9454297614286549,OnTrack,871.797080654974,-436.11853933873624,2265.232900333141,8258.692,78.257
2026-07-26 14:26:49.062,0 days 02:17:38.720000,44,126.91361381333445,0 days 00:01:18.285000,10143.0,161.0,3,104.0,True,0,pos,3768.5188627582547,0.9457408036483831,OnTrack,871.0,-438.0,2265.0,8258.72,78.285
2026-07-26 14:26:49.222,0 days 02:17:38.880000,44,128.60250270222392,0 days 00:01:18.445000,10143.0,161.0,3,104.0,True,0,pos,3775.6151651102423,0.9475216790887646,OnTrack,871.0,-438.0,2263.0,8258.88,78.445
2026-07-26 14:26:49.274,0 days 02:17:38.932000,44,129.15138888889078,0 days 00:01:18.497000,10143.0,161.0,3,104.0,True,0,car,3778.012777777777,0.9481233797073924,OnTrack,883.1705508964503,-409.272150589241,2262.473499975865,8258.932,78.497
2026-07-26 14:26:49.714,0 days 02:17:39.372000,44,128.29583333333494,0 days 00:01:18.937000,10143.0,181.0,3,77.0,False,0,car,3800.1349999999993,0.9536751333232996,OnTrack,885.7469217070335,-403.190783080446,2261.0313700629845,8259.372,78.937
2026-07-26 14:26:49.722,0 days 02:17:39.380000,44,128.2802777777794,0 days 00:01:18.945000,10143.0,181.0,3,77.0,False,0,pos,3800.541390935116,0.9537771204709216,OnTrack,871.0,-438.0,2261.0,8259.38,78.945
2026-07-26 14:26:49.922,0 days 02:17:39.580000,44,127.8913888888906,0 days 00:01:19.145000,10143.0,181.0,3,77.0,False,0,pos,3810.6111374253865,0.9563042061735716,OnTrack,416.0,-1512.0,2260.0,8259.58,79.145
2026-07-26 14:26:50.074,0 days 02:17:39.732000,44,127.59583333333512,0 days 00:01:19.297000,10143.0,181.0,4,77.0,False,0,car,3818.234999999999,0.9582174771908599,OnTrack,402.35945773506677,-1544.1977215945037,2259.2358801866767,8259.732,79.297
2026-07-26 14:26:50.122,0 days 02:17:39.780000,44,127.50250000000183,0 days 00:01:19.345000,10143.0,181.0,4,77.0,False,0,pos,3820.6489528508714,0.9588232785128897,OnTrack,416.0,-1512.0,2259.0,8259.78,79.345
2026-07-26 14:26:50.274,0 days 02:17:39.932000,44,127.20694444444644,0 days 00:01:19.497000,10143.0,181.0,4,77.0,False,0,car,3828.290555555555,0.9607410015617269,OnTrack,418.284400402908,-1506.607542961895,2258.253100791017,8259.932,79.497
2026-07-26 14:26:50.322,0 days 02:17:39.980000,44,127.11361114112984,0 days 00:01:19.545000,10210.537666721555,181.0,4,77.0,False,0,pos,3830.690079543596,0.9613431818419559,OnTrack,416.0,-1512.0,2258.0,8259.98,79.545
2026-07-26 14:26:50.473,0 days 02:17:40.131000,44,126.82000000000198,0 days 00:01:19.696000,10423.0,181.0,4,77.0,True,0,car,3838.2958333333327,0.9632519083107395,OnTrack,415.7768148817411,-1512.527865320688,2257.1489421098795,8260.131,79.696
2026-07-26 14:26:50.502,0 days 02:17:40.160000,44,126.56222051555753,0 days 00:01:19.725000,10506.168407771429,182.13929325714287,4,79.38215862857143,True,0,pos,3839.798511627382,0.96362901778775,OnTrack,416.0,-1512.0,2257.0,8260.16,79.725
2026-07-26 14:26:50.722,0 days 02:17:40.380000,44,124.6066672355574,0 days 00:01:19.945000,11137.096245028572,190.78214034285713,4,97.45356617142858,True,0,pos,3851.566176194861,0.9665822099967885,OnTrack,416.0,-1512.0,2256.0,8260.38,79.945
2026-07-26 14:26:50.753,0 days 02:17:40.411000,44,124.33111111111293,0 days 00:01:19.976000,11226.0,192.0,4,100.0,False,0,car,3853.229166666666,0.9669995511333308,OnTrack,415.98240671395496,-1512.0527697279695,2255.822677619571,8260.411,79.976
2026-07-26 14:26:50.882,0 days 02:17:40.540000,44,123.18444501333454,0 days 00:01:20.105000,11226.0,192.0,4,100.0,False,0,pos,3860.1137320436405,0.9687272894383541,OnTrack,416.0,-1512.0,2255.0,8260.54,80.105
2026-07-26 14:26:50.953,0 days 02:17:40.611000,44,122.5533333333342,0 days 00:01:20.176000,11226.0,192.0,4,100.0,False,0,car,3863.895833333333,0.9696764388637532,OnTrack,415.9478208743078,-1511.9468344762543,2254.5799124504983,8260.611,80.176
2026-07-26 14:26:51.062,0 days 02:17:40.720000,44,121.58444273777911,0 days 00:01:20.285000,11226.0,192.0,4,100.0,False,0,pos,3869.70842474083,0.9711351564844426,OnTrack,416.0,-1512.0,2254.0,8260.72,80.285
2026-07-26 14:26:51.113,0 days 02:17:40.771000,44,121.13111111111266,0 days 00:01:20.336000,11226.0,192.0,4,100.0,False,0,car,3872.4291666666663,0.971817949048091,OnTrack,416.21898075407637,-1512.1567970053497,2253.755824744707,8260.771,80.336
2026-07-26 14:26:51.362,0 days 02:17:41.020000,44,118.91777834666834,0 days 00:01:20.585000,11226.0,192.0,4,100.0,False,0,pos,3885.713166723417,0.9751516781196079,OnTrack,416.0,-1512.0,2253.0,8261.02,80.585
2026-07-26 14:26:51.402,0 days 02:17:41.060000,44,118.5622227911128,0 days 00:01:20.625000,11226.0,192.0,4,100.0,False,0,pos,3887.8457353209333,0.9756868637489492,OnTrack,416.0,-1512.0,2253.0,8261.06,80.625
2026-07-26 14:26:51.473,0 days 02:17:41.131000,44,117.93111111111284,0 days 00:01:20.696000,11226.0,192.0,4,100.0,False,0,car,3891.629166666666,0.9766363469628512,OnTrack,435.4524940614353,-1525.5546522163256,2253.0856752943478,8261.131,80.696
2026-07-26 14:26:52.303,0 days 02:17:41.961000,44,108.24777554754476,0 days 00:01:21.526000,11972.111943542408,192.0,4,1.3079439758720706,False,0,pos,3935.889484796401,0.9877438378265461,OnTrack,416.0,-1512.0,2247.0,8261.961,81.526
2026-07-26 14:26:52.314,0 days 02:17:41.972000,44,108.11944444444543,0 days 00:01:21.537000,11982.0,192.0,4,0.0,True,0,car,3936.4825,0.9878926598692773,OnTrack,358.31579677015304,-1471.805472364036,2246.47081534713,8261.972,81.537
2026-07-26 14:26:52.514,0 days 02:17:42.172000,44,105.78611111111286,0 days 00:01:21.737000,11562.0,192.0,4,0.0,True,0,car,3947.149166666666,0.9905695475996995,OnTrack,-803.5279603031291,-663.1516921516362,2244.7092766409487,8262.172,81.737
2026-07-26 14:26:52.523,0 days 02:17:42.181000,44,105.7161096177795,0 days 00:01:21.746000,11554.2373344,191.2124832,4,0.0,True,0,pos,3947.6084168165185,0.9906848002020121,OnTrack,-837.0,-640.0,2246.0,8262.181,81.746
2026-07-26 14:26:52.674,0 days 02:17:42.332000,44,104.54166666666788,0 days 00:01:21.897000,11424.0,178.0,4,0.0,True,0,car,3955.0602777777776,0.9925549059997629,OnTrack,-1019.8274206715766,-517.6711479902854,2291.1134846857462,8262.332,81.897
2026-07-26 14:26:52.883,0 days 02:17:42.541000,44,102.91610961777889,0 days 00:01:22.106000,11424.0,178.0,4,0.0,True,0,pos,3965.3776604608634,0.9951441380417404,OnTrack,-837.0,-640.0,2363.0,8262.541,82.106
2026-07-26 14:26:53.034,0 days 02:17:42.692000,44,101.7416666666677,0 days 00:01:22.257000,11424.0,178.0,4,0.0,True,0,car,3972.860277777778,0.9970219623999053,OnTrack,-1038.9701979768545,-473.3651744953518,2366.3897683147084,8262.692,82.257
2026-07-26 14:26:53.063,0 days 02:17:42.721000,44,101.7416666666677,0 days 00:01:22.286000,11424.0,178.0,4,0.0,True,0,pos,3974.2958878572654,0.9973822405568539,OnTrack,-1069.0,-449.0,2366.0,8262.721,82.286
2026-07-26 14:26:53.192,0 days 02:17:42.850000,44,101.7416666666677,0 days 00:01:22.415000,11424.0,178.0,4,0.0,True,0,interpolation,3980.67612453831,0.9989834134276674,OnTrack,-1090.9318387952776,-431.20438472643764,2367.0616288437595,8262.85,82.415
