Date,SessionTime,DriverAhead,DistanceToDriverAhead,Time,RPM,Speed,nGear,Throttle,Brake,DRS,Source,Distance,RelativeDistance,Status,X,Y,Z,SessionTime_seconds,Time_seconds
2026-07-26 14:01:12.378,0 days 01:52:02.036000,,135.37861111111107,0 days 00:00:00,10776.0,274.0,7,100.0,False,0,interpolation,-1.0581903068604034e-05,-2.457825564554697e-09,OnTrack,-1138.810296646194,-391.31776336437144,2048.4532454871955,6722.036,0.0
2026-07-26 14:01:12.508,0 days 01:52:02.166000,,135.37861111111107,0 days 00:00:00.130000,10776.0,274.0,7,100.0,False,0,car,9.894444444444439,0.002298151697625689,OnTrack,-1289.955736305557,-266.43064161193234,2050.412014085109,6722.166,0.13
2026-07-26 14:01:12.541,0 days 01:52:02.199000,,135.37861111111107,0 days 00:00:00.163000,10776.0,274.0,7,100.0,False,0,pos,12.406106565278641,0.002881527611176676,OnTrack,-1305.0,-254.0,2051.0,6722.199,0.163
2026-07-26 14:01:12.641,0 days 01:52:02.299000,,135.37861111111107,0 days 00:00:00.263000,10776.0,274.0,7,100.0,False,0,pos,20.01721893924597,0.004649336902669953,OnTrack,-1305.0,-254.0,2053.0,6722.299,0.263
2026-07-26 14:01:12.842,0 days 01:52:02.500000,,135.37861111111107,0 days 00:00:00.464000,10776.0,274.0,7,100.0,False,0,pos,35.31555024444653,0.008202632517930842,OnTrack,-1305.0,-254.0,2058.0,6722.5,0.464
2026-07-26 14:01:12.909,0 days 01:52:02.567000,16,135.37861111111107,0 days 00:00:00.531000,10776.0,274.0,7,100.0,True,0,car,40.41499999999999,0.009387065780301856,OnTrack,-1305.6312432232637,-253.47842191315635,2060.0646000714864,6722.567,0.531
2026-07-26 14:01:13.109,0 days 01:52:02.767000,16,126.65638888888884,0 days 00:00:00.731000,10776.0,274.0,7,100.0,True,0,car,55.63722222222221,0.012922683776649072,OnTrack,-1305.0369823440153,-253.96944255488336,2066.6370801708135,6722.767,0.731
2026-07-26 14:01:13.122,0 days 01:52:02.780000,16,126.08944723555551,0 days 00:00:00.744000,10776.0,274.0,7,100.0,True,0,pos,56.62666179765313,0.013152497815501079,OnTrack,-1305.0,-254.0,2067.0,6722.78,0.744
2026-07-26 14:01:13.389,0 days 01:52:03.047000,16,114.44527777777772,0 days 00:00:01.011000,10776.0,274.0,7,100.0,True,0,car,76.94833333333332,0.017872548971535174,OnTrack,-1304.9508635761222,-254.04060000639706,2072.6748424815078,6723.047,1.011
2026-07-26 14:01:13.482,0 days 01:52:03.140000,16,110.38944723555551,0 days 00:00:01.104000,10776.0,274.0,7,100.0,True,0,pos,84.02666092590916,0.01951661000644882,OnTrack,-1305.0,-254.0,2075.0,6723.14,1.104
2026-07-26 14:01:13.629,0 days 01:52:03.287000,16,103.97861111111106,0 days 00:00:01.251000,10776.0,274.0,7,100.0,True,0,car,95.21499999999999,0.02211529056715183,OnTrack,-1305.0009042803256,-253.99925282329318,2079.5895419409685,6723.287,1.251
2026-07-26 14:01:13.642,0 days 01:52:03.300000,16,103.3972250844444,0 days 00:00:01.264000,10776.0,274.0,7,100.0,True,0,pos,96.20444005986307,0.022345104718521386,OnTrack,-1305.0,-254.0,2080.0,6723.3,1.264
2026-07-26 14:01:13.869,0 days 01:52:03.527000,16,93.24527777777769,0 days 00:00:01.491000,10776.0,274.0,7,100.0,True,0,car,113.48166666666667,0.026358032162768497,OnTrack,-1304.9987843106874,-254.0010043264233,2086.84344312784,6723.527,1.491
2026-07-26 14:01:13.962,0 days 01:52:03.620000,16,89.08611397333324,0 days 00:00:01.584000,10776.0,274.0,7,100.0,True,0,pos,120.55996599501256,0.028002086632837764,OnTrack,-1305.0,-254.0,2090.0,6723.62,1.584
2026-07-26 14:01:14.042,0 days 01:52:03.700000,16,85.50833619555547,0 days 00:00:01.664000,10776.0,274.0,7,100.0,True,0,pos,126.64882166207711,0.029416326115047308,OnTrack,-1305.0,-254.0,2093.0,6723.7,1.664
2026-07-26 14:01:14.149,0 days 01:52:03.807000,16,80.72305555555548,0 days 00:00:01.771000,10776.0,274.0,6,100.0,True,0,car,134.79277777777776,0.031307897357654595,OnTrack,-1304.998186800003,-254.00149480863604,2097.102861669721,6723.807,1.771
2026-07-26 14:01:14.349,0 days 01:52:04.007000,16,71.77861111111102,0 days 00:00:01.971000,10776.0,274.0,6,100.0,True,0,car,150.015,0.03484351535400181,OnTrack,-1304.9990165711954,-254.00081067258873,2104.5525736665522,6724.007,1.971
2026-07-26 14:01:14.362,0 days 01:52:04.020000,16,71.19722517769924,0 days 00:00:01.984000,10776.0,274.0,6,100.0,True,0,pos,151.00434863047317,0.03507330826935263,OnTrack,-1305.0,-254.0,2105.0,6724.02,1.984
2026-07-26 14:01:14.582,0 days 01:52:04.240000,16,61.358326418090684,0 days 00:00:02.204000,10776.0,274.0,6,100.0,True,0,pos,167.74524539580653,0.038961664056991537,OnTrack,-1305.0,-254.0,2112.0,6724.24,2.204
2026-07-26 14:01:14.748,0 days 01:52:04.406000,16,53.93444444444435,0 days 00:00:02.370000,10776.0,274.0,6,100.0,True,0,car,180.38333333333333,0.041897073256714504,OnTrack,-1304.9423378598856,-254.04753250665397,2117.4807334611,6724.406,2.37
2026-07-26 14:01:14.782,0 days 01:52:04.440000,16,52.35721628444435,0 days 00:00:02.404000,10776.0,274.0,6,100.3777792,True,0,pos,182.9732213898843,0.04249861846395098,OnTrack,-1305.0,-254.0,2119.0,6724.44,2.404
2026-07-26 14:01:14.842,0 days 01:52:04.500000,16,49.57389482666657,0 days 00:00:02.464000,10776.0,274.0,6,101.04444302222223,True,0,pos,187.54469695806765,0.043560420811385836,OnTrack,-1305.0,-254.0,2122.0,6724.5,2.464
2026-07-26 14:01:15.042,0 days 01:52:04.700000,16,40.29611704888878,0 days 00:00:02.664000,10776.0,274.0,6,103.26666524444444,True,0,pos,202.77507235908368,0.047097932521098305,OnTrack,-1305.0,-254.0,2129.0,6724.7,2.664
2026-07-26 14:01:15.108,0 days 01:52:04.766000,16,37.234444444444335,0 days 00:00:02.730000,10776.0,274.0,6,104.0,True,0,car,207.7833333333333,0.04826118565013949,OnTrack,-1315.1766532787112,-245.61110156665924,2131.2159700463662,6724.766,2.73
2026-07-26 14:01:15.308,0 days 01:52:04.966000,16,27.956666666666564,0 days 00:00:02.930000,10776.0,274.0,6,104.0,True,0,car,223.00555555555553,0.05179680364648671,OnTrack,-1326.8670385203666,-235.97439176110882,2138.0390869944486,6724.966,2.93
2026-07-26 14:01:15.342,0 days 01:52:05,16,26.37943850666657,0 days 00:00:02.964000,10776.0,274.0,6,104.0,True,0,pos,225.6525268087443,0.05241160738945964,OnTrack,-1305.0,-254.0,2139.0,6725.0,2.964
2026-07-26 14:01:15.468,0 days 01:52:05.126000,16,20.534444444444375,0 days 00:00:03.090000,10776.0,274.0,6,104.0,True,0,car,235.18333333333328,0.054625298043564474,OnTrack,-1221.7082385358906,-322.6597163251319,2142.073183603292,6725.126,3.09
2026-07-26 14:01:15.502,0 days 01:52:05.160000,16,19.788330524444376,0 days 00:00:03.124000,10776.0,265.8777472,6,103.6222208,True,0,pos,237.44638219916385,0.055150929333125015,OnTrack,-1305.0,-254.0,2143.0,6725.16,3.124
2026-07-26 14:01:15.782,0 days 01:52:05.440000,16,13.64388607999995,0 days 00:00:03.404000,10776.0,198.9888583111111,6,100.5111096888889,True,0,pos,251.7454846113668,0.05847213717532771,OnTrack,-3434.0,1501.0,2152.0,6725.44,3.404
2026-07-26 14:01:15.828,0 days 01:52:05.486000,16,12.634444444444398,0 days 00:00:03.450000,10776.0,188.0,6,100.0,True,0,car,253.9833333333333,0.05899191530620644,OnTrack,-3508.7516122451566,1562.6244754149573,2152.7459661144317,6725.486,3.45
2026-07-26 14:01:15.922,0 days 01:52:05.580000,16,10.571669475555511,0 days 00:00:03.544000,10776.0,188.0,6,100.0,True,0,pos,258.68778345348153,0.060084603237370124,OnTrack,-3434.0,1501.0,2154.0,6725.58,3.544
2026-07-26 14:01:16.202,0 days 01:52:05.860000,16,4.427225031111071,0 days 00:00:03.824000,10776.0,188.0,6,100.0,True,0,pos,273.48011973876845,0.06352037297024986,OnTrack,-3666.0,1692.0,2162.0,6725.86,3.824
2026-07-26 14:01:16.228,0 days 01:52:05.886000,16,3.8566666666666265,0 days 00:00:03.850000,10776.0,188.0,3,100.0,True,0,car,274.87222222222215,0.0638437122646975,OnTrack,-3680.378503438401,1703.8404018508113,2162.450109420159,6725.886,3.85
2026-07-26 14:01:16.482,0 days 01:52:06.140000,16,53.39087503786666,0 days 00:00:04.104000,10776.0,188.0,3,100.0,True,0,pos,288.50221089089786,0.06700950714822163,OnTrack,-3666.0,1692.0,2164.0,6726.14,4.104
2026-07-26 14:01:16.628,0 days 01:52:06.286000,55,81.86333333333334,0 days 00:00:04.250000,10776.0,188.0,3,100.0,True,0,car,295.761111111111,0.06869550922318857,OnTrack,-3659.925768274357,1686.9980010672248,2166.096366299962,6726.286,4.25
2026-07-26 14:01:16.788,0 days 01:52:06.446000,55,83.64111111111112,0 days 00:00:04.410000,10750.0,163.0,3,0.0,True,0,car,303.0055555555555,0.07037815370028228,OnTrack,-3665.6966819745826,1691.7502256482246,2168.8285778011805,6726.446,4.41
2026-07-26 14:01:16.801,0 days 01:52:06.459000,55,83.78555484444445,0 days 00:00:04.423000,10782.871266742857,163.0,3,0.0,True,0,pos,303.58904958058986,0.07051368003445053,OnTrack,-3666.0,1692.0,2169.0,6726.459,4.423
2026-07-26 14:01:17.068,0 days 01:52:06.726000,55,86.75222222222214,0 days 00:00:04.690000,11458.0,163.0,3,0.0,True,0,car,315.6833333333333,0.07332278153519628,OnTrack,-3666.672126233692,1692.5534047359492,2170.8920070693134,6726.726,4.69
2026-07-26 14:01:17.228,0 days 01:52:06.886000,55,88.52999999999997,0 days 00:00:04.850000,11458.0,163.0,3,0.0,True,0,car,322.9277777777777,0.07500542601228999,OnTrack,-3665.9890322048486,1691.9909555464644,2171.8889099978187,6726.886,4.85
2026-07-26 14:01:17.241,0 days 01:52:06.899000,55,88.72138794666664,0 days 00:00:04.863000,11465.583296,163.0,3,0.0,True,0,pos,323.51617977552957,0.07514209230594723,OnTrack,-3666.0,1692.0,2172.0,6726.899,4.863
2026-07-26 14:01:17.461,0 days 01:52:07.119000,55,91.96027683555553,0 days 00:00:05.083000,11593.916629333333,163.0,3,0.0,True,0,pos,333.47478902183303,0.07745514736162887,OnTrack,-3666.0,1692.0,2174.0,6727.119,5.083
2026-07-26 14:01:17.661,0 days 01:52:07.319000,55,94.90472127999998,0 days 00:00:05.283000,11710.583296,163.0,3,0.0,True,0,pos,342.5318191828857,0.07955879546000766,OnTrack,-3666.0,1692.0,2174.0,6727.319,5.283
2026-07-26 14:01:17.708,0 days 01:52:07.366000,55,95.59666666666664,0 days 00:00:05.330000,11738.0,163.0,3,0.0,True,0,car,344.66111111111104,0.08005335944357113,OnTrack,-3671.9124435616213,1696.8703359572426,2174.0492511135512,6727.366,5.33
2026-07-26 14:01:17.961,0 days 01:52:07.619000,55,99.7430545066666,0 days 00:00:05.583000,11872.6321088,163.0,3,0.0,True,0,pos,356.1194809374509,0.08271475920343448,OnTrack,-3666.0,1692.0,2175.0,6727.619,5.583
2026-07-26 14:01:17.988,0 days 01:52:07.646000,55,100.18555555555548,0 days 00:00:05.610000,11887.0,163.0,3,0.0,True,0,car,357.33888888888885,0.08299798727848512,OnTrack,-3645.1713745931547,1674.8425616431402,2175.102538057058,6727.646,5.61
2026-07-26 14:01:18.268,0 days 01:52:07.926000,55,104.7744444444445,0 days 00:00:05.890000,11887.0,163.0,3,0.0,True,0,car,370.0166666666666,0.08594261511339911,OnTrack,-3481.747655683201,1540.2233868310916,2175.923653717124,6727.926,5.89
2026-07-26 14:01:18.321,0 days 01:52:07.979000,55,105.64305450666672,0 days 00:00:05.943000,11887.0,163.0,3,0.0,True,0,pos,372.46772038055013,0.0865119137016282,OnTrack,-3666.0,1692.0,2176.0,6727.979,5.943
2026-07-26 14:01:18.548,0 days 01:52:08.206000,55,109.36333333333334,0 days 00:00:06.170000,11887.0,163.0,3,0.0,True,0,car,382.6944444444444,0.08888724294831311,OnTrack,-5188.196203201697,2945.898750067036,2176.0231210147585,6728.206,6.17
2026-07-26 14:01:18.581,0 days 01:52:08.239000,55,110.35333141333335,0 days 00:00:06.203000,11794.9095536,159.4937568,3,0.0,True,0,pos,384.01718651372346,0.08919447211606506,OnTrack,-5317.0,3052.0,2176.0,6728.239,6.203
2026-07-26 14:01:18.781,0 days 01:52:08.439000,55,116.35333141333336,0 days 00:00:06.403000,11236.7845536,138.2437568,3,0.0,True,0,pos,391.132704527673,0.09084717125395614,OnTrack,-5317.0,3052.0,2176.0,6728.439,6.403
2026-07-26 14:01:18.868,0 days 01:52:08.526000,55,118.96333333333337,0 days 00:00:06.490000,10994.0,129.0,3,0.0,True,0,car,394.1611111111111,0.09155056978935716,OnTrack,-5277.25005249948,3019.2562516058506,2176.447428601078,6728.526,6.49
2026-07-26 14:01:19.028,0 days 01:52:08.686000,55,123.76333333333332,0 days 00:00:06.650000,10994.0,129.0,2,0.0,True,0,car,399.89444444444445,0.09288223320987918,OnTrack,-5297.631584876168,3036.045400019713,2177.5880479467073,6728.686,6.65
2026-07-26 14:01:19.141,0 days 01:52:08.799000,55,127.1533314133333,0 days 00:00:06.763000,10994.0,129.0,2,0.0,True,0,pos,403.95044697147813,0.09382430824455283,OnTrack,-5317.0,3052.0,2176.0,6728.799,6.763
2026-07-26 14:01:19.308,0 days 01:52:08.966000,55,132.1633333333333,0 days 00:00:06.930000,10994.0,129.0,2,0.0,True,0,car,409.92777777777775,0.0952126441957927,OnTrack,-5323.516660643777,3057.368054800251,2168.87316631824,6728.966,6.93
2026-07-26 14:01:19.469,0 days 01:52:09.127000,55,136.99333333333323,0 days 00:00:07.091000,10994.0,129.0,2,0.0,True,0,car,415.69694444444445,0.09655263051269299,OnTrack,-5317.536159652502,3052.4416578603127,2160.3203667199077,6729.127,7.091
2026-07-26 14:01:19.502,0 days 01:52:09.160000,55,137.98333909333323,0 days 00:00:07.124000,10994.0,129.0,2,0.0,True,0,pos,416.8856196054452,0.09682872037852808,OnTrack,-5317.0,3052.0,2159.0,6729.16,7.124
2026-07-26 14:01:19.662,0 days 01:52:09.320000,55,142.78333909333327,0 days 00:00:07.284000,10994.0,129.0,2,0.0,True,0,pos,422.647510890985,0.09816701686538472,OnTrack,-5317.0,3052.0,2154.0,6729.32,7.284
2026-07-26 14:01:19.709,0 days 01:52:09.367000,55,144.19333333333327,0 days 00:00:07.331000,10994.0,129.0,2,0.0,True,0,car,424.2969444444445,0.09855012564347602,OnTrack,-5317.060543392342,3052.0498722068946,2152.3202134547146,6729.367,7.331
2026-07-26 14:01:19.822,0 days 01:52:09.480000,55,147.83445063111108,0 days 00:00:07.444000,10994.0,125.77142308571429,2,0.0,True,0,pos,428.1522297423646,0.09944558071444987,OnTrack,-5317.0,3052.0,2148.0,6729.48,7.444
2026-07-26 14:01:19.989,0 days 01:52:09.647000,55,153.21555555555557,0 days 00:00:07.611000,10994.0,121.0,2,0.0,True,0,car,433.7080555555556,0.10073601501786003,OnTrack,-5316.983046737491,3051.98603486553,2143.120140799466,6729.647,7.611
2026-07-26 14:01:20.122,0 days 01:52:09.780000,55,157.50110904888888,0 days 00:00:07.744000,10994.0,121.0,2,0.0,True,0,pos,438.1758072798585,0.10177372575214402,OnTrack,-5317.0,3052.0,2140.0,6729.78,7.744
2026-07-26 14:01:20.189,0 days 01:52:09.847000,55,159.65999999999997,0 days 00:00:07.811000,10994.0,121.0,2,0.0,True,0,car,440.4302777777778,0.10229736457099146,OnTrack,-5317.002003819599,3052.00165063274,2138.5123286139,6729.847,7.811
2026-07-26 14:01:20.302,0 days 01:52:09.960000,55,163.30111729777772,0 days 00:00:07.924000,10994.0,121.0,2,0.0,True,0,pos,444.2275319891558,0.10317934094280228,OnTrack,-5317.0,3052.0,2136.0,6729.96,7.924
2026-07-26 14:01:20.349,0 days 01:52:10.007000,55,164.81555555555548,0 days 00:00:07.971000,10994.0,121.0,2,0.0,True,0,car,445.8080555555556,0.10354644421349661,OnTrack,-5316.999588537772,3051.9996610607927,2134.8842328746964,6730.007,7.971
2026-07-26 14:01:20.542,0 days 01:52:10.200000,55,171.0344506311111,0 days 00:00:08.164000,10994.0,121.0,2,0.0,True,0,pos,452.3049567507828,0.1050554591556646,OnTrack,-5317.0,3052.0,2130.0,6730.2,8.164
2026-07-26 14:01:20.589,0 days 01:52:10.247000,55,172.54888888888888,0 days 00:00:08.211000,10994.0,121.0,2,0.0,True,0,car,453.87472222222226,0.10542006367725433,OnTrack,-5317.000046373804,3052.0000382001067,2128.8069505294143,6730.247,8.211
2026-07-26 14:01:20.702,0 days 01:52:10.360000,55,176.62945137777774,0 days 00:00:08.324000,10677.5994624,119.86999808,2,0.0,True,0,pos,457.61720042027537,0.10628931739558838,OnTrack,-5317.0,3052.0,2126.0,6730.36,8.324
2026-07-26 14:01:20.789,0 days 01:52:10.447000,55,179.77111111111105,0 days 00:00:08.411000,10434.0,119.0,2,0.0,False,0,car,460.48583333333335,0.1069556057997555,OnTrack,-5316.999991241586,3051.9999927852996,2123.9708530988705,6730.447,8.411
2026-07-26 14:01:20.882,0 days 01:52:10.540000,55,183.1294421333333,0 days 00:00:08.504000,10253.11512448,119.0,2,0.0,False,0,pos,463.55383160023206,0.10766820017177654,OnTrack,-5317.0,3052.0,2122.0,6730.54,8.504
2026-07-26 14:01:21.189,0 days 01:52:10.847000,55,194.21555555555557,0 days 00:00:08.811000,9656.0,119.0,2,0.0,False,0,car,473.7080555555556,0.11002669004475782,OnTrack,-5317.000000127134,3052.0000001047915,2116.3338231370276,6730.847,8.811
2026-07-26 14:01:21.202,0 days 01:52:10.860000,55,194.6849975631806,0 days 00:00:08.824000,9656.0,119.0,2,0.0,False,0,pos,474.1398251325261,0.11012697581541117,OnTrack,-5317.0,3052.0,2116.0,6730.86,8.824
2026-07-26 14:01:21.402,0 days 01:52:11.060000,55,201.907217851419,0 days 00:00:09.024000,9656.0,119.0,2,0.0,False,0,pos,480.76392314454466,0.11166553436481078,OnTrack,-5317.0,3052.0,2110.0,6731.06,9.024
2026-07-26 14:01:21.428,0 days 01:52:11.086000,55,202.846111111111,0 days 00:00:09.050000,9656.0,119.0,2,0.0,False,0,car,481.6083333333334,0.11186166288114673,OnTrack,-5317.000000049081,3052.000000041214,2109.3170935839316,6731.086,9.05
2026-07-26 14:01:21.788,0 days 01:52:11.446000,55,216.44611111111112,0 days 00:00:09.410000,9656.0,113.0,2,0.0,False,0,car,492.9083333333334,0.11448627857624535,OnTrack,-5317.000000011778,3052.0000000200557,2102.996711055227,6731.446,9.41
2026-07-26 14:01:21.842,0 days 01:52:11.500000,55,218.48610627555558,0 days 00:00:09.464000,9656.0,113.0,2,0.0,False,0,pos,494.60035121584394,0.11487927828339799,OnTrack,-5317.0,3052.0,2102.0,6731.5,9.464
2026-07-26 14:01:21.948,0 days 01:52:11.606000,55,222.4905555555556,0 days 00:00:09.570000,9656.0,113.0,2,0.0,True,0,car,497.93055555555566,0.11565277444073363,OnTrack,-5317.000000004201,3051.9999999827514,2099.800991881224,6731.606,9.57
2026-07-26 14:01:21.982,0 days 01:52:11.640000,55,223.77500483555562,0 days 00:00:09.604000,9656.0,113.0,2,22.1000832,True,0,pos,498.9982342583574,0.1159007608372554,OnTrack,-5317.0,3052.0,2099.0,6731.64,9.604
2026-07-26 14:01:22.108,0 days 01:52:11.766000,55,228.53500000000008,0 days 00:00:09.730000,9656.0,113.0,2,104.0,True,0,car,502.9527777777779,0.11681927030522192,OnTrack,-5316.999999929772,3052.0000001994526,2095.5615202199233,6731.766,9.73
2026-07-26 14:01:22.282,0 days 01:52:11.940000,55,235.10832849777788,0 days 00:00:09.904000,9656.0,113.0,2,104.0,True,0,pos,508.4134916961328,0.11808761326597926,OnTrack,-5317.0,3052.0,2091.0,6731.94,9.904
2026-07-26 14:01:22.388,0 days 01:52:12.046000,55,239.11277777777786,0 days 00:00:10.010000,9656.0,113.0,2,104.0,True,0,car,511.7416666666668,0.11886063806807641,OnTrack,-5317.000000364756,3051.999999001556,2089.3593139048176,6732.046,10.01
2026-07-26 14:01:22.628,0 days 01:52:12.286000,55,248.17944444444458,0 days 00:00:10.250000,9656.0,113.0,2,104.0,True,0,car,519.2750000000001,0.12061038186480881,OnTrack,-5317.000000195063,3051.999999466886,2087.187664695006,6732.286,10.25
2026-07-26 14:01:22.642,0 days 01:52:12.300000,55,240.95191330311124,0 days 00:00:10.264000,9645.7334272,112.9708336,2,100.9666944,True,0,pos,519.7129985197815,0.12071211441254759,OnTrack,-5317.0,3052.0,2087.0,6732.3,10.264
2026-07-26 14:01:22.822,0 days 01:52:12.480000,55,148.02553114133335,0 days 00:00:10.444000,9513.733239466666,112.59583306666667,2,61.96663893333333,True,0,pos,525.3250036273032,0.12201559730512945,OnTrack,-5317.0,3052.0,2084.0,6732.48,10.444
2026-07-26 14:01:23.062,0 days 01:52:12.720000,55,24.123864474666526,0 days 00:00:10.684000,9337.733239466666,112.09583306666667,2,9.96663893333333,True,0,pos,532.7781277198297,0.12374671115209963,OnTrack,-5317.0,3052.0,2080.0,6732.72,10.684
2026-07-26 14:01:23.108,0 days 01:52:12.766000,16,0.3761111111109585,0 days 00:00:10.730000,9304.0,112.0,2,0.0,False,0,car,534.2083333333335,0.12407890054151734,OnTrack,-5316.999974407532,3052.0000699386455,2079.2715672586,6732.766,10.73
2026-07-26 14:01:23.262,0 days 01:52:12.920000,16,2.600557404444311,0 days 00:00:10.884000,9304.0,112.0,2,0.0,False,0,pos,538.9995046414608,0.12519173093206754,OnTrack,-5317.0,3052.0,2077.0,6732.92,10.884
2026-07-26 14:01:23.268,0 days 01:52:12.926000,16,2.68722222222209,0 days 00:00:10.890000,9304.0,112.0,2,0.0,False,0,car,539.1861111111112,0.1252350734337535,OnTrack,-5317.000014688742,3051.9999598588647,2076.9207572578593,6732.926,10.89
2026-07-26 14:01:23.421,0 days 01:52:13.079000,16,4.897221297777665,0 days 00:00:11.043000,9304.0,112.0,2,0.0,False,0,pos,543.9456252016413,0.12634055090127988,OnTrack,-5317.0,3052.0,2075.0,6733.079,11.043
2026-07-26 14:01:23.428,0 days 01:52:13.086000,16,4.998333333333221,0 days 00:00:11.050000,9304.0,112.0,2,0.0,False,0,car,544.163888888889,0.12639124632598966,OnTrack,-5316.999908559769,3052.0002498862495,2074.90232230363,6733.086,11.05
2026-07-26 14:01:23.708,0 days 01:52:13.366000,16,9.042777777777587,0 days 00:00:11.330000,9304.0,112.0,2,0.0,False,0,car,552.8750000000001,0.12841454888740297,OnTrack,-5316.998755414037,3052.0034011825787,2070.2163665312337,6733.366,11.33
2026-07-26 14:01:23.721,0 days 01:52:13.379000,16,9.378609457777584,0 days 00:00:11.343000,9304.0,111.7833344,2,5.6333056,False,0,pos,553.2712521964368,0.12850658514704766,OnTrack,-5317.0,3052.0,2070.0,6733.379,11.343
2026-07-26 14:01:23.948,0 days 01:52:13.606000,16,15.242777777777519,0 days 00:00:11.570000,9304.0,108.0,2,104.0,True,0,car,560.0750000000002,0.1300868703922446,OnTrack,-5317.047582226261,3051.869968130987,2066.5020691515597,6733.606,11.57
2026-07-26 14:01:24.141,0 days 01:52:13.799000,16,20.228609457777555,0 days 00:00:11.763000,9304.0,108.0,2,104.0,True,0,pos,565.8601525040599,0.1314305696896511,OnTrack,-5317.0,3052.0,2064.0,6733.799,11.763
2026-07-26 14:01:24.308,0 days 01:52:13.966000,16,24.542777777777587,0 days 00:00:11.930000,9304.0,108.0,2,104.0,True,0,car,570.8750000000001,0.13259535264950698,OnTrack,-5316.811980411523,3052.5138166164425,2062.2205200310996,6733.966,11.93
2026-07-26 14:01:24.521,0 days 01:52:14.179000,16,30.045276124444193,0 days 00:00:12.143000,9304.0,108.0,2,104.0,True,0,pos,577.2650643316009,0.13407955292715382,OnTrack,-5317.0,3052.0,2060.0,6734.179,12.143
2026-07-26 14:01:24.548,0 days 01:52:14.206000,16,30.74277777777752,0 days 00:00:12.170000,9304.0,108.0,2,104.0,True,0,car,578.0750000000002,0.1342676741543486,OnTrack,-5317.119127414999,3051.674450700611,2059.676600077955,6734.206,12.17
2026-07-26 14:01:24.708,0 days 01:52:14.366000,16,34.87611111111096,0 days 00:00:12.330000,9304.0,108.0,2,104.0,True,0,car,582.8750000000001,0.1353825551575763,OnTrack,-5317.212698843342,3051.4187403509777,2058.034909124678,6734.366,12.33
2026-07-26 14:01:24.721,0 days 01:52:14.379000,16,35.21194279111095,0 days 00:00:12.343000,9353.6705888,108.0,2,101.1291808,True,0,pos,583.2649992913789,0.13547313907449932,OnTrack,-5317.0,3052.0,2058.0,6734.379,12.343
2026-07-26 14:01:24.821,0 days 01:52:14.479000,16,37.79527612444421,0 days 00:00:12.443000,9735.753922133334,108.0,2,79.04584746666667,True,0,pos,586.2649554477447,0.1361699295180927,OnTrack,-5317.0,3052.0,2058.0,6734.479,12.443
2026-07-26 14:01:24.948,0 days 01:52:14.606000,16,41.07611111111078,0 days 00:00:12.570000,10221.0,108.0,2,51.0,True,0,car,590.0750000000002,0.13705487666241792,OnTrack,-5336.27646271626,2999.32162254951,2056.034747671422,6734.606,12.57
2026-07-26 14:01:25.001,0 days 01:52:14.659000,16,42.44527612444416,0 days 00:00:12.623000,10221.0,108.0,2,51.0,True,0,pos,591.6651256442243,0.1374242101777285,OnTrack,-5317.0,3052.0,2055.0,6734.659,12.623
2026-07-26 14:01:25.148,0 days 01:52:14.806000,16,46.24277777777763,0 days 00:00:12.770000,10221.0,108.0,2,51.0,True,0,car,596.0750000000002,0.1384484779164526,OnTrack,-5117.89997591601,3596.0970355132827,2052.540738632764,6734.806,12.77
2026-07-26 14:01:25.261,0 days 01:52:14.919000,16,49.16194279111091,0 days 00:00:12.883000,10221.0,108.0,2,51.0,True,0,pos,599.4629672726501,0.13923539048975148,OnTrack,-4954.0,4044.0,2051.0,6734.919,12.883
2026-07-26 14:01:25.588,0 days 01:52:15.246000,16,57.60944444444408,0 days 00:00:13.210000,10221.0,108.0,2,51.0,True,0,car,609.2750000000002,0.1415144006753289,OnTrack,-4921.354475136986,4133.213114777096,2047.93835792534,6735.246,13.21
2026-07-26 14:01:25.721,0 days 01:52:15.379000,16,61.451664817777406,0 days 00:00:13.343000,10452.272110933332,108.0,2,53.95555413333334,True,0,pos,613.2825946275251,0.14244523215842575,OnTrack,-4954.0,4044.0,2047.0,6735.379,13.343
2026-07-26 14:01:25.948,0 days 01:52:15.606000,16,68.00944444444406,0 days 00:00:13.570000,10847.0,108.0,2,59.0,False,0,car,620.0750000000002,0.14402288293259127,OnTrack,-4959.048195462113,4030.2043804453992,2045.582787146059,6735.606,13.57
2026-07-26 14:01:26.062,0 days 01:52:15.720000,16,71.30278172617774,0 days 00:00:13.684000,10865.977430599947,108.0,2,59.0,False,0,pos,623.4135959380054,0.14479832818024443,OnTrack,-4954.0,4044.0,2045.0,6735.72,13.684
2026-07-26 14:01:26.722,0 days 01:52:16.380000,16,90.36944244825946,0 days 00:00:14.344000,10975.846599674414,108.0,2,59.0,False,0,pos,643.0146845513294,0.14935101179224,OnTrack,-4954.0,4044.0,2043.0,6736.38,14.344
2026-07-26 14:01:26.789,0 days 01:52:16.447000,16,92.30499999999961,0 days 00:00:14.411000,10987.0,108.0,2,59.0,False,0,car,645.3050000000002,0.14988297620580707,OnTrack,-4954.18384562415,4043.497589922501,2042.7606757390975,6736.447,14.411
2026-07-26 14:01:27.029,0 days 01:52:16.687000,16,97.77166666666642,0 days 00:00:14.651000,11463.0,130.0,2,67.0,False,0,car,653.9716666666668,0.15189595579496823,OnTrack,-4954.005664983879,4043.9845188339173,2042.012718385865,6736.687,14.651
2026-07-26 14:01:27.042,0 days 01:52:16.700000,16,98.06777631999975,0 days 00:00:14.664000,11463.0,130.0,2,67.0,False,0,pos,654.4439640571333,0.15200565483424008,OnTrack,-4954.0,4044.0,2042.0,6736.7,14.664
2026-07-26 14:01:27.162,0 days 01:52:16.820000,16,100.801109653333,0 days 00:00:14.784000,11463.0,130.0,2,67.0,False,0,pos,658.7823116090566,0.15301330926570655,OnTrack,-4954.0,4044.0,2042.0,6736.82,14.784
2026-07-26 14:01:27.229,0 days 01:52:16.887000,16,102.32722222222185,0 days 00:00:14.851000,11463.0,130.0,2,67.0,False,0,car,661.1938888888891,0.1535734387859359,OnTrack,-4954.003255155408,4043.9911044460914,2041.9948264614004,6736.887,14.851
2026-07-26 14:01:27.382,0 days 01:52:17.040000,16,105.81222659555517,0 days 00:00:15.004000,11463.0,130.0,2,67.0,False,0,pos,666.6967761876872,0.15485157722600532,OnTrack,-4954.0,4044.0,2042.0,6737.04,15.004
2026-07-26 14:01:27.429,0 days 01:52:17.087000,16,106.88277777777739,0 days 00:00:15.051000,11463.0,130.0,2,67.0,False,0,car,668.4161111111113,0.15525092177690356,OnTrack,-4953.9992133373225,4044.0021494549915,2042.0510432099213,6737.087,15.051
2026-07-26 14:01:27.862,0 days 01:52:17.520000,16,117.4672269155552,0 days 00:00:15.484000,10774.136058181819,137.87273076363635,2,72.90454807272727,False,0,pos,685.0122890684561,0.15910566417915994,OnTrack,-4954.0,4044.0,2043.0,6737.52,15.484
2026-07-26 14:01:27.869,0 days 01:52:17.527000,16,117.63833333333298,0 days 00:00:15.491000,10763.0,138.0,2,73.0,False,0,car,685.2827777777779,0.1591684897465788,OnTrack,-4954.000017636657,4043.9999521512545,2043.002195976982,6737.527,15.491
2026-07-26 14:01:28.162,0 days 01:52:17.820000,16,125.12610814068721,0 days 00:00:15.784000,10708.317570439207,138.0,2,73.0,False,0,pos,696.5360510362843,0.16178225236742036,OnTrack,-4954.0,4044.0,2043.0,6737.82,15.784
2026-07-26 14:01:28.228,0 days 01:52:17.886000,16,126.81277777777734,0 days 00:00:15.850000,10696.0,138.0,2,73.0,False,0,car,699.0444444444446,0.16236486906729108,OnTrack,-4953.999972490835,4044.000054959495,2043.2607364874195,6737.886,15.85
2026-07-26 14:01:28.428,0 days 01:52:18.086000,16,131.9238888888883,0 days 00:00:16.050000,10696.0,138.0,2,73.0,False,0,car,706.7111111111113,0.16414558178077984,OnTrack,-4953.999977410421,4044.000004162606,2044.6420106378998,6738.086,16.05
2026-07-26 14:01:28.482,0 days 01:52:18.140000,16,132.98888636444389,0 days 00:00:16.104000,10729.187421333334,140.3624944,2,73.6749984,False,0,pos,708.911794955394,0.16465672774163423,OnTrack,-4954.0,4044.0,2045.0,6738.14,16.104
2026-07-26 14:01:28.882,0 days 01:52:18.540000,16,140.8777752533328,0 days 00:00:16.504000,10975.020754666666,157.8624944,2,78.67499839999999,False,0,pos,726.7475491663045,0.168799382647464,OnTrack,-4954.0,4044.0,2047.0,6738.54,16.504
2026-07-26 14:01:28.908,0 days 01:52:18.566000,16,141.390555555555,0 days 00:00:16.530000,10991.0,159.0,2,79.0,True,0,car,727.9111111111114,0.16906963954503568,OnTrack,-4953.999922908645,4043.999950376008,2047.1163663326654,6738.566,16.53
2026-07-26 14:01:29.188,0 days 01:52:18.846000,16,146.91277777777736,0 days 00:00:16.810000,10991.0,159.0,2,79.0,True,0,car,740.2777777777779,0.1719420065741849,OnTrack,-4953.999812519731,4043.9998769050917,2048.840743247014,6738.846,16.81
2026-07-26 14:01:29.202,0 days 01:52:18.860000,16,147.18888636444402,0 days 00:00:16.824000,10991.0,159.0,2,79.0,True,0,pos,740.8950490253169,0.17208537823829323,OnTrack,-4954.0,4044.0,2049.0,6738.86,16.824
2026-07-26 14:01:29.428,0 days 01:52:19.086000,16,151.64611111111049,0 days 00:00:17.050000,10991.0,159.0,2,79.0,True,0,car,750.8777777777781,0.17440403545631283,OnTrack,-4954.00209186392,4044.001374585916,2052.4895355476897,6739.086,17.05
2026-07-26 14:01:29.462,0 days 01:52:19.120000,16,152.3166691911105,0 days 00:00:17.084000,10991.0,159.0,2,79.0,True,0,pos,752.37985972239,0.17475291933659184,OnTrack,-4954.0,4044.0,2053.0,6739.12,17.084
2026-07-26 14:01:29.702,0 days 01:52:19.360000,16,157.05000252444395,0 days 00:00:17.324000,10991.0,159.0,2,79.0,True,0,pos,762.97945034675,0.1772148531343189,OnTrack,-4954.0,4044.0,2056.0,6739.36,17.324
2026-07-26 14:01:29.708,0 days 01:52:19.366000,16,157.16833333333284,0 days 00:00:17.330000,10991.0,159.0,2,79.0,True,0,car,763.2444444444446,0.17727640248546206,OnTrack,-4954.002619381719,4044.0017212807757,2056.0698491308667,6739.366,17.33
2026-07-26 14:01:29.908,0 days 01:52:19.566000,16,162.05722222222153,0 days 00:00:17.530000,10991.0,159.0,2,79.0,False,0,car,772.0777777777781,0.1793280932205687,OnTrack,-4954.191454626813,4044.1258111431575,2058.361353452963,6739.566,17.53
2026-07-26 14:01:30.068,0 days 01:52:19.726000,16,165.96833333333257,0 days 00:00:17.690000,10991.0,159.0,3,79.0,False,0,car,779.1444444444448,0.18096944580865398,OnTrack,-4954.094318152226,4044.0619795705256,2060.487664381332,6739.726,17.69
2026-07-26 14:01:30.101,0 days 01:52:19.759000,16,166.7749984355548,0 days 00:00:17.723000,10991.0,159.0,3,79.0,False,0,pos,780.6045004737302,0.18130856846088278,OnTrack,-4954.0,4044.0,2061.0,6739.759,17.723
2026-07-26 14:01:30.221,0 days 01:52:19.879000,16,169.70833176888814,0 days 00:00:17.843000,10991.0,159.0,3,79.0,False,0,pos,785.9141947685924,0.18254183456552625,OnTrack,-4954.0,4044.0,2063.0,6739.879,17.843
2026-07-26 14:01:30.268,0 days 01:52:19.926000,16,170.85722222222148,0 days 00:00:17.890000,10991.0,159.0,3,79.0,False,0,car,787.9777777777781,0.18302113654376057,OnTrack,-4954.904918051672,4044.5946515244764,2063.7387901137195,6739.926,17.89
2026-07-26 14:01:30.508,0 days 01:52:20.166000,16,176.72388888888838,0 days 00:00:18.130000,10991.0,159.0,3,79.0,False,0,car,798.577777777778,0.18548316542588844,OnTrack,-4955.50392436671,4044.9882783484786,2067.695884117401,6740.166,18.13
2026-07-26 14:01:30.521,0 days 01:52:20.179000,16,176.95499886222171,0 days 00:00:18.143000,10991.0,159.8666624,3,79.0,False,0,pos,799.1871308709566,0.18562469796502237,OnTrack,-4954.0,4044.0,2068.0,6740.179,18.143
2026-07-26 14:01:30.741,0 days 01:52:20.399000,16,180.8661099733328,0 days 00:00:18.363000,10991.0,174.53332906666665,3,79.0,False,0,pos,810.2249770903778,0.1881884240205602,OnTrack,-4954.0,4044.0,2074.0,6740.399,18.363
2026-07-26 14:01:30.868,0 days 01:52:20.526000,16,183.12388888888836,0 days 00:00:18.490000,10991.0,183.0,3,79.0,False,0,car,816.877777777778,0.18973364925069416,OnTrack,-5098.098515010548,4138.6918911526855,2076.118402130189,6740.526,18.49
2026-07-26 14:01:30.981,0 days 01:52:20.639000,16,184.9130545422216,0 days 00:00:18.603000,10991.0,186.95499776,3,79.0,False,0,pos,822.8368396723578,0.19111774193888692,OnTrack,-4954.0,4044.0,2078.0,6740.639,18.603
2026-07-26 14:01:31.068,0 days 01:52:20.726000,16,186.29055555555487,0 days 00:00:18.690000,10991.0,190.0,4,79.0,False,0,car,827.4333333333336,0.19218535516057,OnTrack,-4449.035920150903,3712.171433400348,2080.1145457559264,6740.726,18.69
2026-07-26 14:01:31.228,0 days 01:52:20.886000,16,188.8238888888883,0 days 00:00:18.850000,10991.0,190.0,4,79.0,False,0,car,835.8777777777781,0.19414671988847065,OnTrack,-2821.2183427828627,2642.4787662601766,2085.167866040124,6740.886,18.85
2026-07-26 14:01:31.341,0 days 01:52:20.999000,16,190.61305454222165,0 days 00:00:18.963000,10991.0,190.0,4,79.0,False,0,pos,841.8432268210713,0.19553229609973957,OnTrack,-2052.0,2137.0,2088.0,6740.999,18.963
2026-07-26 14:01:31.468,0 days 01:52:21.126000,16,192.62388888888836,0 days 00:00:19.090000,10991.0,190.0,4,79.0,False,0,car,848.5444444444447,0.19708876698032163,OnTrack,-1826.56978927776,1988.8623666961917,2089.9873439621383,6741.126,19.09
2026-07-26 14:01:31.628,0 days 01:52:21.286000,16,195.15722222222155,0 days 00:00:19.250000,10991.0,190.0,4,79.0,False,0,car,856.9888888888892,0.19905013170822225,OnTrack,-2041.8374722517285,2130.3218675340904,2094.3112536646295,6741.286,19.25
2026-07-26 14:01:31.641,0 days 01:52:21.299000,16,195.42805422222156,0 days 00:00:19.263000,10991.0,190.1218744,4,79.0,False,0,pos,857.679099284013,0.19921044472025431,OnTrack,-2052.0,2137.0,2095.0,6741.299,19.263
2026-07-26 14:01:31.921,0 days 01:52:21.579000,16,201.26138755555496,0 days 00:00:19.543000,10991.0,192.7468744,4,79.0,False,0,pos,872.6948181186312,0.20269809881994696,OnTrack,-2052.0,2137.0,2104.0,6741.579,19.543
2026-07-26 14:01:31.948,0 days 01:52:21.606000,16,201.8238888888883,0 days 00:00:19.570000,10991.0,193.0,4,79.0,False,0,car,874.1444444444447,0.2030347989975362,OnTrack,-2049.5314499980636,2135.3778343020876,2100.1197810102344,6741.606,19.57
2026-07-26 14:01:32.141,0 days 01:52:21.799000,16,205.8447208888886,0 days 00:00:19.763000,10991.0,193.0,4,79.0,False,0,pos,884.4911651552351,0.20543799949048683,OnTrack,-2052.0,2137.0,2058.0,6741.799,19.763
2026-07-26 14:01:32.148,0 days 01:52:21.806000,16,205.99055555555526,0 days 00:00:19.770000,10991.0,193.0,4,79.0,False,0,car,884.8666666666669,0.2055252160533574,OnTrack,-2052.114078422118,2137.074964697805,2057.1806995166335,6741.806,19.77
2026-07-26 14:01:32.321,0 days 01:52:21.979000,16,209.59472088888847,0 days 00:00:19.943000,10991.0,193.0,4,79.0,False,0,pos,894.1598011346254,0.20768370336143402,OnTrack,-2052.0,2137.0,2054.0,6741.979,19.943
2026-07-26 14:01:32.548,0 days 01:52:22.206000,16,214.3238888888883,0 days 00:00:20.170000,10991.0,193.0,4,79.0,False,0,car,906.3111111111115,0.21050605016499987,OnTrack,-2051.98920505027,2136.9929062377028,2048.3280988956894,6742.206,20.17
2026-07-26 14:01:32.562,0 days 01:52:22.220000,16,214.61555300482934,0 days 00:00:20.184000,10991.0,193.0,4,79.0,False,0,pos,907.055238003843,0.21067888619347847,OnTrack,-2052.0,2137.0,2048.0,6742.22,20.184
2026-07-26 14:01:32.709,0 days 01:52:22.367000,16,217.67805555555526,0 days 00:00:20.331000,10991.0,193.0,4,79.0,False,0,car,914.9425000000002,0.2125108358949359,OnTrack,-2052.0552179624597,2137.0362864979375,2045.8854418520793,6742.367,20.331
2026-07-26 14:01:32.869,0 days 01:52:22.527000,16,220.5224999999997,0 days 00:00:20.491000,10991.0,206.0,4,79.0,False,0,car,924.0980555555558,0.2146373681788703,OnTrack,-2052.018344236104,2137.01205673911,2045.7325467707803,6742.527,20.491
2026-07-26 14:01:33.002,0 days 01:52:22.660000,16,223.07166543999958,0 days 00:00:20.624000,10991.0,206.0,4,79.0,False,0,pos,931.7197601954819,0.2164076377028841,OnTrack,-2052.0,2137.0,2045.0,6742.66,20.624
2026-07-26 14:01:33.102,0 days 01:52:22.760000,16,224.98833701333282,0 days 00:00:20.724000,10991.0,206.0,4,79.0,False,0,pos,937.4313357633575,0.21773424751520165,OnTrack,-2052.0,2137.0,2044.0,6742.76,20.724
2026-07-26 14:01:33.109,0 days 01:52:22.767000,16,225.1224999999995,0 days 00:00:20.731000,10991.0,206.0,5,79.0,False,0,car,937.8313888888893,0.21782716660477192,OnTrack,-2052.0000782268226,2137.0000522018527,2043.9406816263815,6742.767,20.731
2026-07-26 14:01:33.342,0 days 01:52:23,16,229.58833701333293,0 days 00:00:20.964000,10991.0,206.0,5,79.0,False,0,pos,951.1634546735435,0.220923763870833,OnTrack,-2052.0,2137.0,2043.0,6743.0,20.964
2026-07-26 14:01:33.389,0 days 01:52:23.047000,16,230.48916666666628,0 days 00:00:21.011000,10991.0,206.0,5,79.0,False,0,car,953.8536111111114,0.22154859810165706,OnTrack,-2051.9999236699045,2136.9998900465794,2042.839484063751,6743.047,21.011
2026-07-26 14:01:33.622,0 days 01:52:23.280000,16,234.95500367999966,0 days 00:00:21.244000,10991.0,206.0,5,79.0,False,0,pos,967.1867856922947,0.22464545290442373,OnTrack,-2052.0,2137.0,2042.0,6743.28,21.244
2026-07-26 14:01:33.749,0 days 01:52:23.407000,16,237.38916666666637,0 days 00:00:21.371000,10991.0,206.0,5,79.0,False,0,car,974.4536111111113,0.2263332957405094,OnTrack,-2052.0000016371687,2137.0013216271177,2041.7778275137002,6743.407,21.371
2026-07-26 14:01:33.949,0 days 01:52:23.607000,16,241.22249999999963,0 days 00:00:21.571000,10767.0,206.0,5,80.0,False,0,car,985.8980555555559,0.2289914610954274,OnTrack,-2051.999980029183,2137.001194002764,2041.906180388821,6743.607,21.571
2026-07-26 14:01:33.982,0 days 01:52:23.640000,16,241.85500367999964,0 days 00:00:21.604000,10767.0,206.0,5,80.0,False,0,pos,987.7864067902347,0.22943006253687842,OnTrack,-2052.0,2137.0,2042.0,6743.64,21.604
2026-07-26 14:01:34.149,0 days 01:52:23.807000,16,245.055833333333,0 days 00:00:21.771000,10767.0,206.0,5,80.0,False,0,car,997.3425000000003,0.2316496264503454,OnTrack,-2052.0001280676993,2136.9930629706923,2042.7535944929023,6743.807,21.771
2026-07-26 14:01:34.202,0 days 01:52:23.860000,16,246.07166543999963,0 days 00:00:21.824000,10767.0,206.0,5,80.0,False,0,pos,1000.3752728990066,0.23235403913622169,OnTrack,-2052.0,2137.0,2043.0,6743.86,21.824
2026-07-26 14:01:34.309,0 days 01:52:23.967000,16,248.1224999999996,0 days 00:00:21.931000,10767.0,206.0,5,80.0,False,0,car,1006.4980555555559,0.2337761587342798,OnTrack,-2051.9993516307322,2137.034955335252,2043.4334025207202,6743.967,21.931
2026-07-26 14:01:34.402,0 days 01:52:24.060000,16,249.90499877333298,0 days 00:00:22.024000,10767.0,206.0,5,80.0,False,0,pos,1011.8197191264692,0.2350122049052757,OnTrack,-2052.0,2137.0,2044.0,6744.06,22.024
2026-07-26 14:01:34.582,0 days 01:52:24.240000,16,253.35500367999973,0 days 00:00:22.204000,10767.0,206.0,5,80.0,False,0,pos,1022.1197332566552,0.237404557006676,OnTrack,-2052.0,2137.0,2046.0,6744.24,22.204
2026-07-26 14:01:34.589,0 days 01:52:24.247000,16,253.4891666666664,0 days 00:00:22.211000,10767.0,206.0,5,80.0,False,0,car,1022.520277777778,0.23749759023116493,OnTrack,-2051.9991722980226,2137.0446076607295,2046.0823365741944,6744.247,22.211
2026-07-26 14:01:34.842,0 days 01:52:24.500000,16,259.0411088161293,0 days 00:00:22.464000,11085.94473031463,206.0,5,86.9749344601609,False,0,pos,1036.9974934755244,0.24086016788971656,OnTrack,-2052.0,2137.0,2049.0,6744.5,22.464
2026-07-26 14:01:34.988,0 days 01:52:24.646000,16,262.24499999999966,0 days 00:00:22.610000,11270.0,206.0,5,91.0,False,0,car,1045.3519444444448,0.24280063011422634,OnTrack,-2052.2086588129923,2125.7546972579894,2050.8553439170473,6744.646,22.61
2026-07-26 14:01:35.228,0 days 01:52:24.886000,16,267.5116666666661,0 days 00:00:22.850000,11270.0,206.0,5,91.0,False,0,car,1059.0852777777782,0.2459904285401279,OnTrack,-2052.0779963397085,2132.7965234068192,2054.716880950487,6744.886,22.85
2026-07-26 14:01:35.242,0 days 01:52:24.900000,16,267.8188860799994,0 days 00:00:22.864000,11270.0,206.0,5,91.0,False,0,pos,1059.8863812977684,0.2461764983518062,OnTrack,-2052.0,2137.0,2055.0,6744.9,22.864
2026-07-26 14:01:35.428,0 days 01:52:25.086000,16,271.900555555555,0 days 00:00:23.050000,11270.0,206.0,5,91.0,False,0,car,1070.5297222222225,0.24864859389504587,OnTrack,-2050.182414123922,2234.9556182043257,2059.389911912413,6745.086,23.05
2026-07-26 14:01:35.628,0 days 01:52:25.286000,16,276.2894444444439,0 days 00:00:23.250000,11270.0,206.0,5,91.0,False,0,car,1081.9741666666669,0.2513067592499638,OnTrack,-2050.9392875237063,2194.165247421899,2064.3095435331898,6745.286,23.25
2026-07-26 14:01:35.662,0 days 01:52:25.320000,16,277.03555836444394,0 days 00:00:23.284000,11270.0,206.0,5,91.0,False,0,pos,1083.9197058941959,0.25175864356784017,OnTrack,-2052.0,2137.0,2065.0,6745.32,23.284
2026-07-26 14:01:35.788,0 days 01:52:25.446000,16,279.8005555555551,0 days 00:00:23.410000,11270.0,206.0,5,91.0,False,0,car,1091.1297222222224,0.2534332915338982,OnTrack,-2058.327289531393,1796.001775090059,2067.1802289970437,6745.446,23.41
2026-07-26 14:01:35.988,0 days 01:52:25.646000,16,284.18944444444423,0 days 00:00:23.610000,11270.0,206.0,5,91.0,False,0,car,1102.5741666666668,0.2560914568888162,OnTrack,-2057.6394774121036,1833.070208676777,2070.306508740077,6745.646,23.61
2026-07-26 14:01:36.022,0 days 01:52:25.680000,16,284.93555836444426,0 days 00:00:23.644000,11270.0,206.0,5,91.0,False,0,pos,1104.5189179140243,0.256543158185,OnTrack,-2052.0,2137.0,2071.0,6745.68,23.644
2026-07-26 14:01:36.142,0 days 01:52:25.800000,16,287.56889169777764,0 days 00:00:23.764000,11270.0,206.0,5,91.0,False,0,pos,1111.385819703425,0.25813811200917364,OnTrack,-2024.0,3646.0,2074.0,6745.8,23.764
2026-07-26 14:01:36.148,0 days 01:52:25.806000,16,287.7005555555554,0 days 00:00:23.770000,11270.0,206.0,5,91.0,False,0,car,1111.7297222222223,0.2582179891727506,OnTrack,-2022.9511994538761,3702.5209384252807,2074.1878365026605,6745.806,23.77
2026-07-26 14:01:36.388,0 days 01:52:26.046000,16,292.96722222222184,0 days 00:00:24.010000,11270.0,206.0,6,91.0,False,0,car,1125.4630555555557,0.26140778759865213,OnTrack,-2021.8051021860263,3764.171432826427,2084.110541448551,6746.046,24.01
2026-07-26 14:01:36.442,0 days 01:52:26.100000,16,294.15221941333294,0 days 00:00:24.064000,11270.0,206.0,6,91.0,False,0,pos,1128.5008024452952,0.2621133555778156,OnTrack,-2024.0,3646.0,2086.0,6746.1,24.064
2026-07-26 14:01:36.708,0 days 01:52:26.366000,16,299.9894444444442,0 days 00:00:24.330000,11270.0,206.0,6,91.0,False,0,car,1143.7741666666666,0.26566085216652086,OnTrack,-2024.7196916202279,3608.335705946828,2091.462004613614,6746.366,24.33
2026-07-26 14:01:36.801,0 days 01:52:26.459000,16,301.100277013333,0 days 00:00:24.423000,11133.9875936,216.4624928,6,93.6156232,False,0,pos,1149.7520626648745,0.26704931939311943,OnTrack,-2024.0,3646.0,2094.0,6746.459,24.423
2026-07-26 14:01:37.028,0 days 01:52:26.686000,16,303.81166666666627,0 days 00:00:24.650000,10802.0,242.0,6,100.0,False,0,car,1165.2852777777778,0.27065717073654144,OnTrack,-2023.8294330910658,3650.2599533788843,2103.5440021371123,6746.686,24.65
2026-07-26 14:01:37.101,0 days 01:52:26.759000,16,304.6836103466663,0 days 00:00:24.723000,10802.0,242.0,6,100.0,False,0,pos,1170.229459361628,0.2718055403457796,OnTrack,-2024.0,3646.0,2106.0,6746.759,24.723
2026-07-26 14:01:37.221,0 days 01:52:26.879000,16,306.1169436799996,0 days 00:00:24.843000,10802.0,242.0,6,100.0,False,0,pos,1178.2761729921215,0.27367452538016523,OnTrack,-2024.0,3646.0,2109.0,6746.879,24.843
2026-07-26 14:01:37.308,0 days 01:52:26.966000,16,307.1561111111107,0 days 00:00:24.930000,10802.0,242.0,6,100.0,False,0,car,1184.1075,0.2750289494853095,OnTrack,-2022.4920302141686,3653.5265508313737,2112.3831761194438,6746.966,24.93
2026-07-26 14:01:37.441,0 days 01:52:27.099000,16,308.74472145777736,0 days 00:00:25.063000,10802.0,242.0,6,100.0,False,0,pos,1193.04297381226,0.277104364070336,OnTrack,-2024.0,3646.0,2119.0,6747.099,25.063
2026-07-26 14:01:37.508,0 days 01:52:27.166000,16,309.5449999999996,0 days 00:00:25.130000,10802.0,242.0,6,100.0,False,0,car,1197.5519444444444,0.2781516485915723,OnTrack,-2030.7083040358643,3613.4377332941117,2122.244420985293,6747.166,25.13
2026-07-26 14:01:37.681,0 days 01:52:27.339000,16,311.99583242666614,0 days 00:00:25.303000,10802.0,242.86499968,6,100.0,False,0,pos,1209.2142848008184,0.280860423949176,OnTrack,-2024.0,3646.0,2130.0,6747.339,25.303
2026-07-26 14:01:37.908,0 days 01:52:27.566000,16,315.2116666666659,0 days 00:00:25.530000,10802.0,244.0,6,100.0,False,0,car,1224.6630555555557,0.28444866166535865,OnTrack,-1835.7316953256889,4558.712846961348,2138.097693698083,6747.566,25.53
2026-07-26 14:01:37.961,0 days 01:52:27.619000,16,315.8888880711104,0 days 00:00:25.583000,10802.0,245.3249984,6,100.0,False,0,pos,1228.3148335897238,0.28529684874000416,OnTrack,-1807.0,4698.0,2140.0,6747.619,25.583
2026-07-26 14:01:38.108,0 days 01:52:27.766000,16,317.76722222222156,0 days 00:00:25.730000,10802.0,249.0,6,100.0,False,0,car,1238.496388888889,0.2876616867788275,OnTrack,-1799.7889978762953,4732.957906257343,2145.698747566629,6747.766,25.73
2026-07-26 14:01:38.181,0 days 01:52:27.839000,16,318.6999991822216,0 days 00:00:25.803000,10802.0,249.0,6,100.0,False,0,pos,1243.5467179676791,0.2888347109350757,OnTrack,-1807.0,4698.0,2149.0,6747.839,25.803
2026-07-26 14:01:38.268,0 days 01:52:27.926000,16,319.81166666666604,0 days 00:00:25.890000,10802.0,249.0,6,100.0,False,0,car,1249.5630555555556,0.2902321068696025,OnTrack,-1808.8249791299354,4689.152767609901,2153.4774573634245,6747.926,25.89
2026-07-26 14:01:38.361,0 days 01:52:28.019000,16,320.99999918222164,0 days 00:00:25.983000,10802.0,249.0,6,100.0,False,0,pos,1255.9996002774933,0.29172710300229293,OnTrack,-1807.0,4698.0,2158.0,6748.019,25.983
2026-07-26 14:01:38.508,0 days 01:52:28.166000,16,322.8783333333329,0 days 00:00:26.130000,10802.0,249.0,6,100.0,False,0,car,1266.1630555555555,0.29408773700576507,OnTrack,-1805.961483933402,4703.034507607879,2162.533399080324,6748.166,26.13
2026-07-26 14:01:38.748,0 days 01:52:28.406000,16,325.94499999999925,0 days 00:00:26.370000,10802.0,249.0,6,100.0,False,0,car,1282.7630555555556,0.2979433671419277,OnTrack,-1806.9680569281459,4698.154830090943,2165.817442734419,6748.406,26.37
2026-07-26 14:01:38.761,0 days 01:52:28.419000,16,326.08583263999924,0 days 00:00:26.383000,10803.764277028571,249.41785508571428,6,100.0,False,0,pos,1283.6783833957106,0.29815596747957646,OnTrack,-1807.0,4698.0,2166.0,6748.419,26.383
2026-07-26 14:01:39.028,0 days 01:52:28.686000,16,328.9783333333328,0 days 00:00:26.650000,10840.0,258.0,6,100.0,True,0,car,1302.8297222222222,0.30260418911375475,OnTrack,-1807.0362535988022,4697.8248166306485,2170.0043866812184,6748.686,26.65
2026-07-26 14:01:39.101,0 days 01:52:28.759000,16,329.7691661534512,0 days 00:00:26.723000,10603.594459466354,258.0,6,100.0,True,0,pos,1308.0709342738492,0.303821549061723,OnTrack,-1807.0,4698.0,2171.0,6748.759,26.723
2026-07-26 14:01:39.309,0 days 01:52:28.967000,16,332.0224999999991,0 days 00:00:26.931000,9930.0,258.0,6,100.0,True,0,car,1322.9680555555558,0.30728165687833836,OnTrack,-1806.9936212205962,4698.028165665234,2173.3522474094543,6748.967,26.931
2026-07-26 14:01:39.382,0 days 01:52:29.040000,16,332.8133354133325,0 days 00:00:27.004000,9930.0,258.0,6,100.0,True,0,pos,1328.204564539171,0.30849792445939334,OnTrack,-1807.0,4698.0,2174.0,6749.04,27.004
2026-07-26 14:01:39.509,0 days 01:52:29.167000,16,334.18916666666587,0 days 00:00:27.131000,9930.0,258.0,6,100.0,True,0,car,1337.301388888889,0.3106108154296434,OnTrack,-1807.002567596692,4697.993996906027,2174.870679306398,6749.167,27.131
2026-07-26 14:01:39.542,0 days 01:52:29.200000,16,334.54666874666594,0 days 00:00:27.164000,9930.0,258.0,6,100.0,True,0,pos,1339.6543147869106,0.31115732217666564,OnTrack,-1807.0,4698.0,2175.0,6749.2,27.164
2026-07-26 14:01:39.709,0 days 01:52:29.367000,16,336.35583333333284,0 days 00:00:27.331000,9930.0,258.0,6,100.0,True,0,car,1351.6347222222223,0.3139399739809484,OnTrack,-1806.9679939964685,4698.061815198393,2174.95352164903,6749.367,27.331
2026-07-26 14:01:39.802,0 days 01:52:29.460000,16,336.79499969777726,0 days 00:00:27.424000,10062.857051428571,262.98213942857143,6,100.0,True,0,pos,1358.5688781290191,0.31555054870884575,OnTrack,-1807.0,4698.0,2175.0,6749.46,27.424
2026-07-26 14:01:39.989,0 days 01:52:29.647000,16,337.6780555555549,0 days 00:00:27.611000,10330.0,273.0,6,100.0,True,0,car,1372.8680555555557,0.3188717739743933,OnTrack,-1807.099075572358,4697.810661203027,2175.890260859617,6749.647,27.611
2026-07-26 14:01:40.022,0 days 01:52:29.680000,16,337.83388979555497,0 days 00:00:27.644000,10330.0,273.0,6,100.0,True,0,pos,1375.3793140569942,0.3194550561405284,OnTrack,-1807.0,4698.0,2176.0,6749.68,27.644
2026-07-26 14:01:40.189,0 days 01:52:29.847000,16,338.6224999999995,0 days 00:00:27.811000,10330.0,273.0,6,100.0,True,0,car,1388.0347222222222,0.3223944882554254,OnTrack,-1805.8987817269795,4700.104150594421,2176.013851795635,6749.847,27.811
2026-07-26 14:01:40.282,0 days 01:52:29.940000,16,339.0616663644441,0 days 00:00:27.904000,10330.0,273.0,6,100.0,True,0,pos,1395.0864870757273,0.3240323796459258,OnTrack,-1807.0,4698.0,2176.0,6749.94,27.904
2026-07-26 14:01:40.429,0 days 01:52:30.087000,16,339.75583333333316,0 days 00:00:28.051000,10330.0,273.0,6,100.0,True,0,car,1406.234722222222,0.32662174539266386,OnTrack,-1813.383743887823,4685.802385049834,2176.3158566468032,6750.087,28.051
2026-07-26 14:01:40.602,0 days 01:52:30.260000,16,339.13111134222197,0 days 00:00:28.224000,10330.0,273.0,6,100.0,True,0,pos,1419.324708501342,0.3296621156083102,OnTrack,-1807.0,4698.0,2177.0,6750.26,28.224
2026-07-26 14:01:40.862,0 days 01:52:30.520000,16,338.19222152888847,0 days 00:00:28.484000,10330.0,273.0,6,100.0,True,0,pos,1439.0402411768684,0.3342413807850727,OnTrack,-1807.0,4698.0,2178.0,6750.52,28.484
2026-07-26 14:01:40.909,0 days 01:52:30.567000,16,338.0224999999996,0 days 00:00:28.531000,10330.0,273.0,6,100.0,True,0,car,1442.634722222222,0.33507625966714083,OnTrack,-1855.9969610928913,4604.3800666472025,2178.094412041454,6750.567,28.531
2026-07-26 14:01:41.302,0 days 01:52:30.960000,16,336.0574990399998,0 days 00:00:28.924000,10330.0,277.9125024,6,103.93000192,True,0,pos,1472.9824231312334,0.3421250253411187,OnTrack,-1807.0,4698.0,2179.0,6750.96,28.924
2026-07-26 14:01:41.309,0 days 01:52:30.967000,16,336.0224999999998,0 days 00:00:28.931000,10330.0,278.0,6,104.0,True,0,car,1473.5236111111112,0.3422507253823564,OnTrack,-1760.82674925184,4786.224586832377,2179.063330656861,6750.967,28.931
2026-07-26 14:01:41.462,0 days 01:52:31.120000,16,335.2574990399994,0 days 00:00:29.084000,10330.0,278.0,6,104.0,True,0,pos,1485.3394254589593,0.3449951476644567,OnTrack,-540.0,7115.0,2181.0,6751.12,29.084
2026-07-26 14:01:41.469,0 days 01:52:31.127000,16,335.2224999999994,0 days 00:00:29.091000,10330.0,278.0,6,104.0,True,0,car,1485.8791666666668,0.34512051166844265,OnTrack,-502.13090219104987,7186.64633170452,2181.113629929129,6751.127,29.091
2026-07-26 14:01:41.668,0 days 01:52:31.326000,16,334.2274999999993,0 days 00:00:29.290000,10330.0,278.0,6,104.0,True,0,car,1501.246388888889,0.34868980836176233,OnTrack,-340.6420873541449,7456.38314608001,2185.022386504987,6751.326,29.29
2026-07-26 14:01:41.722,0 days 01:52:31.380000,16,333.43250188444375,0 days 00:00:29.344000,10456.749699555556,279.0499975111111,6,103.40000142222222,True,0,pos,1505.468509750635,0.3496704671830315,OnTrack,-382.0,7369.0,2186.0,6751.38,29.344
2026-07-26 14:01:42.028,0 days 01:52:31.686000,16,328.9274999999993,0 days 00:00:29.650000,11175.0,285.0,6,100.0,False,0,car,1529.746388888889,0.35530941431842705,OnTrack,-390.0726379639349,7351.943721190305,2190.6961669151083,6751.686,29.65
2026-07-26 14:01:42.102,0 days 01:52:31.760000,16,327.8380536711104,0 days 00:00:29.724000,11175.0,285.0,6,100.0,False,0,pos,1535.6118038061204,0.35667175591577494,OnTrack,-382.0,7369.0,2193.0,6751.76,29.724
2026-07-26 14:01:42.262,0 days 01:52:31.920000,16,325.4824981155547,0 days 00:00:29.884000,11175.0,285.0,6,100.0,False,0,pos,1548.2715488853437,0.3596121953521357,OnTrack,-382.0,7369.0,2200.0,6751.92,29.884
2026-07-26 14:01:42.268,0 days 01:52:31.926000,16,325.3941666666658,0 days 00:00:29.890000,11175.0,285.0,7,100.0,False,0,car,1548.7463888888892,0.3597224849562035,OnTrack,-382.10035547313663,7368.787968806545,2200.2663654181415,6751.926,29.89
2026-07-26 14:01:42.428,0 days 01:52:32.086000,16,323.0386111111104,0 days 00:00:30.050000,11175.0,285.0,7,100.0,False,0,car,1561.413055555556,0.36266453204805454,OnTrack,-383.47590241681723,7365.881960841243,2206.9283374688775,6752.086,30.05
2026-07-26 14:01:42.668,0 days 01:52:32.326000,16,319.5052777777769,0 days 00:00:30.290000,11175.0,285.0,7,100.0,False,0,car,1580.4130555555557,0.3670776026858309,OnTrack,-382.29143103772526,7368.384886591767,2215.289779094275,6752.326,30.29
2026-07-26 14:01:42.762,0 days 01:52:32.420000,16,318.12139077333256,0 days 00:00:30.384000,11175.0,285.0,7,100.0,False,0,pos,1587.8548883006533,0.3688060939268116,OnTrack,-382.0,7369.0,2218.0,6752.42,30.384
2026-07-26 14:01:42.868,0 days 01:52:32.526000,16,316.56083333333277,0 days 00:00:30.490000,11175.0,285.0,7,100.0,False,0,car,1596.246388888889,0.3707551615506446,OnTrack,-381.89928167534396,7369.21150753875,2220.672113541688,6752.526,30.49
2026-07-26 14:01:43.042,0 days 01:52:32.700000,16,313.4191689777773,0 days 00:00:30.664000,11175.0,285.0,7,100.0,False,0,pos,1610.0185889343797,0.37395398742634667,OnTrack,-382.0,7369.0,2225.0,6752.7,30.664
2026-07-26 14:01:43.188,0 days 01:52:32.846000,16,310.78305555555517,0 days 00:00:30.810000,11175.0,285.0,7,100.0,False,0,car,1621.5797222222222,0.37663925573434653,OnTrack,-381.99994597117217,7369.002396662661,2229.5846258547426,6752.846,30.81
2026-07-26 14:01:43.201,0 days 01:52:32.859000,16,310.5483344888885,0 days 00:00:30.823000,11175.0,285.0,7,100.0,False,0,pos,1622.6096449661,0.37687847267225105,OnTrack,-382.0,7369.0,2230.0,6752.859,30.823
2026-07-26 14:01:43.561,0 days 01:52:33.219000,16,304.0483344888883,0 days 00:00:31.183000,11175.0,285.0,7,100.0,False,0,pos,1651.1177774295284,0.3834999675307877,OnTrack,-382.0,7369.0,2243.0,6753.219,31.183
2026-07-26 14:01:43.588,0 days 01:52:33.246000,16,303.56083333333277,0 days 00:00:31.210000,11175.0,285.0,7,100.0,False,0,car,1653.246388888889,0.38399437346397397,OnTrack,-381.9782906435028,7369.100998288022,2244.4412360865626,6753.246,31.21
2026-07-26 14:01:43.781,0 days 01:52:33.439000,16,300.0761122666662,0 days 00:00:31.403000,11271.499968,285.0,7,100.0,False,0,pos,1668.4360906276256,0.3875224380292267,OnTrack,-382.0,7369.0,2255.0,6753.439,31.403
2026-07-26 14:01:43.868,0 days 01:52:33.526000,16,298.50527777777734,0 days 00:00:31.490000,11315.0,285.0,7,100.0,False,0,car,1675.4130555555555,0.38914295587471315,OnTrack,-382.4707320047422,7366.819838145818,2257.2264391654876,6753.526,31.49
2026-07-26 14:01:44.061,0 days 01:52:33.719000,16,293.62666828444395,0 days 00:00:31.683000,11464.5749504,293.4437472,7,100.0,False,0,pos,1691.3708800823229,0.3928494299200746,OnTrack,-382.0,7369.0,2259.0,6753.719,31.683
2026-07-26 14:01:44.188,0 days 01:52:33.846000,16,290.4163888888884,0 days 00:00:31.810000,11563.0,299.0,7,100.0,True,0,car,1701.9908333333333,0.3953160932814741,OnTrack,-377.2246910611864,7391.114577219718,2262.381153949974,6753.846,31.81
2026-07-26 14:01:44.401,0 days 01:52:34.059000,16,285.0322238399994,0 days 00:00:32.023000,11563.0,299.0,7,100.0,True,0,pos,1719.6988697427314,0.39942908357257895,OnTrack,-382.0,7369.0,2270.0,6754.059,32.023
2026-07-26 14:01:44.588,0 days 01:52:34.246000,16,280.30527777777706,0 days 00:00:32.210000,11563.0,299.0,7,100.0,True,0,car,1735.2130555555557,0.4030325150399254,OnTrack,-431.1760474466125,7141.264926829523,2274.7631160964015,6754.246,32.21
2026-07-26 14:01:44.748,0 days 01:52:34.406000,16,276.26083333333327,0 days 00:00:32.370000,11563.0,299.0,7,100.0,True,0,car,1748.5019444444442,0.4061190837433058,OnTrack,-422.2857623119573,7182.435987129913,2277.3931181389653,6754.406,32.37
2026-07-26 14:01:44.801,0 days 01:52:34.459000,16,274.92111272888866,0 days 00:00:32.423000,11563.0,299.0,7,100.0,True,0,pos,1752.8940836811817,0.4071392322013411,OnTrack,-382.0,7369.0,2278.0,6754.459,32.423
2026-07-26 14:01:44.908,0 days 01:52:34.566000,16,272.21638888888833,0 days 00:00:32.530000,11563.0,299.0,7,100.0,True,0,car,1761.7908333333335,0.40920565244668633,OnTrack,-243.70504255017147,8009.44616753381,2278.824758624934,6754.566,32.53
2026-07-26 14:01:45.081,0 days 01:52:34.739000,16,267.45889064888826,0 days 00:00:32.703000,11720.8624416,303.3249984,7,100.0,True,0,pos,1776.4839354487096,0.41261837336896096,OnTrack,-8.0,9101.0,2280.0,6754.739,32.703
2026-07-26 14:01:45.228,0 days 01:52:34.886000,16,263.41638888888815,0 days 00:00:32.850000,11855.0,307.0,7,100.0,False,0,car,1789.0797222222225,0.4155439574094811,OnTrack,4.819064533649235,9160.365293452502,2282.1122660971737,6754.886,32.85
2026-07-26 14:01:45.301,0 days 01:52:34.959000,16,261.40889064888813,0 days 00:00:32.923000,11855.0,307.0,7,100.0,False,0,pos,1795.3141727110954,0.41699201374606615,OnTrack,-8.0,9101.0,2283.0,6754.959,32.923
2026-07-26 14:01:45.468,0 days 01:52:35.126000,16,256.816388888888,0 days 00:00:33.090000,11855.0,307.0,7,100.0,False,0,car,1809.5463888888894,0.4202976861315772,OnTrack,-11.875827629016928,9083.050980085847,2283.7841578695084,6755.126,33.09
2026-07-26 14:01:45.581,0 days 01:52:35.239000,16,253.70889002932444,0 days 00:00:33.203000,11855.0,307.0,7,100.0,False,0,pos,1819.1804059368349,0.4225353491714786,OnTrack,-8.0,9101.0,2284.0,6755.239,33.203
2026-07-26 14:01:45.789,0 days 01:52:35.447000,16,247.98888888888814,0 days 00:00:33.411000,11855.0,307.0,7,100.0,False,0,car,1836.920555555556,0.4266557982973806,OnTrack,-7.731015384370498,9102.245672078929,2284.7621733217816,6755.447,33.411
2026-07-26 14:01:45.842,0 days 01:52:35.500000,16,246.53139064888825,0 days 00:00:33.464000,11855.0,307.0,7,100.0,False,0,pos,1841.4404160034737,0.4277056121620939,OnTrack,-8.0,9101.0,2285.0,6755.5,33.464
2026-07-26 14:01:45.949,0 days 01:52:35.607000,16,243.5888888888885,0 days 00:00:33.571000,11855.0,307.0,7,100.0,False,0,car,1850.565,0.4298249507787779,OnTrack,-8.254505127126997,9099.821382630307,2285.513308922651,6755.607,33.571
2026-07-26 14:01:46.202,0 days 01:52:35.860000,16,237.05305720888816,0 days 00:00:33.824000,11613.0688112,307.0,7,28.843767999999997,False,0,pos,1872.140224421779,0.43483616074715636,OnTrack,-8.0,9101.0,2287.0,6755.86,33.824
2026-07-26 14:01:46.269,0 days 01:52:35.927000,16,235.3222222222214,0 days 00:00:33.891000,11549.0,307.0,7,10.0,False,0,car,1877.853888888889,0.43616325574157266,OnTrack,-7.990855632917932,9101.042347863311,2287.4949161557925,6755.927,33.891
2026-07-26 14:01:46.342,0 days 01:52:36,16,233.43638392888803,0 days 00:00:33.964000,11549.0,307.0,7,10.0,False,0,pos,1884.0792571120307,0.4376092025686723,OnTrack,-8.0,9101.0,2288.0,6756.0,33.964
2026-07-26 14:01:46.469,0 days 01:52:36.127000,16,230.15555555555466,0 days 00:00:34.091000,11549.0,307.0,7,10.0,False,0,car,1894.909444444445,0.4401246963433194,OnTrack,-8.002252748121311,9100.989565495274,2288.5728127249295,6756.127,34.091
2026-07-26 14:01:46.562,0 days 01:52:36.220000,16,227.75305720888832,0 days 00:00:34.184000,11549.0,307.0,7,10.0,False,0,pos,1902.8397795845308,0.4419666505093426,OnTrack,-8.0,9101.0,2289.0,6756.22,34.184
2026-07-26 14:01:46.629,0 days 01:52:36.287000,16,226.0222222222219,0 days 00:00:34.251000,11549.0,307.0,7,10.0,False,0,car,1908.553888888889,0.44329384882471673,OnTrack,-7.999255219706197,9101.003454310492,2289.415689611101,6756.287,34.251
2026-07-26 14:01:46.842,0 days 01:52:36.500000,16,220.51972387555503,0 days 00:00:34.464000,11668.812464,307.0,7,4.6750016,False,0,pos,1926.7288180601229,0.4475152828388872,OnTrack,-8.0,9101.0,2291.0,6756.5,34.464
2026-07-26 14:01:47.029,0 days 01:52:36.687000,16,215.6888888888882,0 days 00:00:34.651000,11774.0,307.0,7,0.0,True,0,car,1942.6650000000006,0.4512167300282102,OnTrack,-8.000437823192303,9100.997840852115,2291.9359526273324,6756.687,34.651
2026-07-26 14:01:47.702,0 days 01:52:37.360000,16,198.30305059555477,0 days 00:00:35.324000,11774.0,307.0,7,0.0,True,0,pos,1999.9464285583467,0.46452130847351164,OnTrack,-8.0,9101.0,2294.0,6757.36,35.324
2026-07-26 14:01:47.789,0 days 01:52:37.447000,16,196.05555555555475,0 days 00:00:35.411000,11774.0,307.0,7,0.0,True,0,car,2007.4761111111115,0.4662702043148476,OnTrack,-8.000306081750802,9100.99900553003,2294.6916410996005,6757.447,35.411
2026-07-26 14:01:47.882,0 days 01:52:37.540000,16,193.6530572088884,0 days 00:00:35.504000,11774.0,307.0,7,0.0,True,0,pos,2015.5650164946298,0.46814898909588737,OnTrack,-8.0,9101.0,2295.0,6757.54,35.504
2026-07-26 14:01:47.949,0 days 01:52:37.607000,16,191.922222222222,0 days 00:00:35.571000,11774.0,307.0,7,0.0,True,0,car,2021.1205555555557,0.4694393567962449,OnTrack,-7.998858318851954,9101.003742828418,2294.5584752374766,6757.607,35.571
2026-07-26 14:01:48.182,0 days 01:52:37.840000,16,189.3333311999994,0 days 00:00:35.804000,11774.0,262.8963922285714,7,86.54292845714286,True,0,pos,2037.6511030035917,0.47327885540515535,OnTrack,-8.0,9101.0,2292.0,6757.84,35.804
2026-07-26 14:01:48.229,0 days 01:52:37.887000,16,188.81111111111045,0 days 00:00:35.851000,11774.0,254.0,7,104.0,True,0,car,2040.8761111111114,0.47402791796230725,OnTrack,-8.00491715397747,9100.983865695638,2292.3988383557326,6757.887,35.851
2026-07-26 14:01:48.282,0 days 01:52:37.940000,16,188.2222230684181,0 days 00:00:35.904000,11774.0,254.0,7,104.0,True,0,pos,2044.5560942110685,0.47488265613946173,OnTrack,-8.0,9101.0,2293.0,6757.94,35.904
2026-07-26 14:01:48.508,0 days 01:52:38.166000,16,185.7111111111103,0 days 00:00:36.130000,11774.0,254.0,7,104.0,True,0,car,2060.5611111111116,0.4786000914099193,OnTrack,-7.95844435039357,9101.136354471879,2293.9364864616946,6758.166,36.13
2026-07-26 14:01:48.522,0 days 01:52:38.180000,16,185.55555697777697,0 days 00:00:36.144000,11774.0,254.0,7,104.0,True,0,pos,2061.549968093686,0.4788297701317488,OnTrack,-8.0,9101.0,2294.0,6758.18,36.144
2026-07-26 14:01:48.682,0 days 01:52:38.340000,16,183.77777919999926,0 days 00:00:36.304000,11774.0,254.0,7,104.0,True,0,pos,2072.826333689094,0.48144889633753446,OnTrack,-8.0,9101.0,2295.0,6758.34,36.304
2026-07-26 14:01:48.708,0 days 01:52:38.366000,16,183.48888888888814,0 days 00:00:36.330000,11774.0,254.0,7,104.0,True,0,car,2074.6722222222224,0.4818776350999638,OnTrack,-7.489922542953043,9102.673691654847,2295.152660200742,6758.366,36.33
2026-07-26 14:01:48.942,0 days 01:52:38.600000,16,180.88888746666606,0 days 00:00:36.564000,11734.999978666667,254.0,7,104.0,True,0,pos,2091.2041828207907,0.48571746193693327,OnTrack,-8.0,9101.0,2296.0,6758.6,36.564
2026-07-26 14:01:48.948,0 days 01:52:38.606000,16,180.82222222222163,0 days 00:00:36.570000,11734.0,254.0,7,104.0,True,0,car,2091.605555555556,0.4858106875280172,OnTrack,-8.74762127921287,9098.546867677738,2296.0037241916148,6758.606,36.57
2026-07-26 14:01:49.102,0 days 01:52:38.760000,16,180.39444408888826,0 days 00:00:36.724000,11700.999972571428,237.4999862857143,7,46.79995245714285,True,0,pos,2101.3568763311673,0.48807559633824826,OnTrack,-8.0,9101.0,2296.0,6758.76,36.724
2026-07-26 14:01:49.228,0 days 01:52:38.886000,16,180.0444444444438,0 days 00:00:36.850000,11674.0,224.0,6,0.0,True,0,car,2109.0277777777783,0.4898572926508438,OnTrack,143.9605433955444,9599.620532992041,2296.6768849056716,6758.886,36.85
2026-07-26 14:01:49.422,0 days 01:52:39.080000,16,179.50555519999938,0 days 00:00:37.044000,11674.0,224.0,6,0.0,True,0,pos,2121.0136557636783,0.4926412150828199,OnTrack,440.0,10571.0,2298.0,6759.08,37.044
2026-07-26 14:01:49.622,0 days 01:52:39.280000,16,178.94999964444384,0 days 00:00:37.244000,11674.0,224.0,6,0.0,True,0,pos,2133.5224442193457,0.49554659229586534,OnTrack,440.0,10571.0,2298.0,6759.28,37.244
2026-07-26 14:01:49.668,0 days 01:52:39.326000,16,178.82222222222163,0 days 00:00:37.290000,11674.0,224.0,5,0.0,True,0,car,2136.405555555556,0.49621624355814276,OnTrack,436.05916685609594,10558.069141014446,2298.1148462699634,6759.326,37.29
2026-07-26 14:01:49.828,0 days 01:52:39.486000,16,178.37777777777728,0 days 00:00:37.450000,11674.0,224.0,5,0.0,True,0,car,2146.3611111111118,0.4985285893426152,OnTrack,439.63078614777584,10569.788516771927,2298.93241557874,6759.486,37.45
2026-07-26 14:01:49.841,0 days 01:52:39.499000,16,178.40305543111063,0 days 00:00:37.463000,11694.4207328,223.2416704,5,0.0,True,0,pos,2147.1469847418207,0.4987111217554933,OnTrack,440.0,10571.0,2299.0,6759.499,37.463
2026-07-26 14:01:50.068,0 days 01:52:39.726000,16,178.84444444444443,0 days 00:00:37.690000,12051.0,210.0,5,0.0,True,0,car,2160.3611111111113,0.5017803256020292,OnTrack,441.5781199840447,10576.178219126154,2300.0394740809875,6759.726,37.69
2026-07-26 14:01:50.281,0 days 01:52:39.939000,16,179.25861098666616,0 days 00:00:37.903000,12051.0,210.0,5,0.0,True,0,pos,2172.7804872707516,0.5046649353004298,OnTrack,440.0,10571.0,2301.0,6759.939,37.903
2026-07-26 14:01:50.348,0 days 01:52:40.006000,16,179.38888888888823,0 days 00:00:37.970000,12051.0,210.0,4,0.0,True,0,car,2176.694444444445,0.5055740179046793,OnTrack,439.89366687757587,10570.651078001849,2301.3419873141215,6760.006,37.97
2026-07-26 14:01:50.481,0 days 01:52:40.139000,16,179.64749987555481,0 days 00:00:38.103000,12051.0,210.0,4,0.0,True,0,pos,2184.4514724104592,0.5073757185548491,OnTrack,440.0,10571.0,2302.0,6760.139,38.103
2026-07-26 14:01:50.628,0 days 01:52:40.286000,16,179.93333333333248,0 days 00:00:38.250000,12051.0,210.0,4,0.0,True,0,car,2193.0277777777783,0.5093677102073292,OnTrack,440.0316876124493,10571.104232189293,2302.505607074744,6760.286,38.25
2026-07-26 14:01:50.801,0 days 01:52:40.459000,16,180.26972209777676,0 days 00:00:38.423000,12051.0,210.0,4,0.0,True,0,pos,2203.132040561936,0.5117145957551789,OnTrack,440.0,10571.0,2303.0,6760.459,38.423
2026-07-26 14:01:50.828,0 days 01:52:40.486000,16,180.32222222222117,0 days 00:00:38.450000,12051.0,210.0,4,0.0,True,0,car,2204.6944444444453,0.5120774904235078,OnTrack,439.99783480488463,10570.992700442508,2303.0909426156722,6760.486,38.45
2026-07-26 14:01:51.061,0 days 01:52:40.719000,16,181.22833308444322,0 days 00:00:38.683000,12051.0,206.60208426666668,4,0.0,True,0,pos,2217.931406226186,0.5151519981799483,OnTrack,440.0,10571.0,2304.0,6760.719,38.683
2026-07-26 14:01:51.301,0 days 01:52:40.959000,16,182.1616664177764,0 days 00:00:38.923000,12051.0,203.10208426666668,4,0.0,True,0,pos,2231.36786996877,0.5182728436335242,OnTrack,440.0,10571.0,2305.0,6760.959,38.923
2026-07-26 14:01:51.308,0 days 01:52:40.966000,16,182.1888888888875,0 days 00:00:38.930000,12051.0,203.0,4,0.0,False,0,car,2231.761111111112,0.518364180525042,OnTrack,440.0003237346935,10570.999662031672,2305.027421930267,6760.966,38.93
2026-07-26 14:01:51.508,0 days 01:52:41.166000,16,182.96666666666533,0 days 00:00:39.130000,12051.0,203.0,4,0.0,False,0,car,2243.0388888888897,0.5209836347340145,OnTrack,440.00724305554684,10570.9940348709,2305.8238272249455,6761.166,39.13
2026-07-26 14:01:51.541,0 days 01:52:41.199000,16,183.09499975110975,0 days 00:00:39.163000,12051.0,203.0,4,0.0,False,0,pos,2244.9118420412074,0.5214186597109842,OnTrack,440.0,10571.0,2306.0,6761.199,39.163
2026-07-26 14:01:51.701,0 days 01:52:41.359000,16,183.71722197333182,0 days 00:00:39.323000,12051.0,203.0,4,0.0,False,0,pos,2254.04826101994,0.523540747202009,OnTrack,440.0,10571.0,2307.0,6761.359,39.323
2026-07-26 14:01:51.908,0 days 01:52:41.566000,16,184.52222222222053,0 days 00:00:39.530000,12051.0,203.0,4,0.0,False,0,car,2265.5944444444453,0.5262225431519597,OnTrack,440.37742908207747,10570.692571781146,2307.7802181225584,6761.566,39.53
2026-07-26 14:01:51.961,0 days 01:52:41.619000,16,184.22777813333187,0 days 00:00:39.583000,12051.0,199.0250048,4,0.0,False,0,pos,2268.434186403877,0.526882121144593,OnTrack,440.0,10571.0,2308.0,6761.619,39.583
2026-07-26 14:01:52.068,0 days 01:52:41.726000,16,183.6333333333323,0 days 00:00:39.690000,12051.0,191.0,4,0.0,False,0,car,2274.083333333334,0.5281942308521124,OnTrack,438.2881212342871,10572.3943659502,2308.5592376299887,6761.726,39.69
2026-07-26 14:01:52.322,0 days 01:52:41.980000,16,182.2222226119405,0 days 00:00:39.944000,12051.0,191.0,4,0.0,False,0,pos,2287.55839818086,0.531324042063731,OnTrack,440.0,10571.0,2310.0,6761.98,39.944
2026-07-26 14:01:52.349,0 days 01:52:42.007000,16,182.07222222222117,0 days 00:00:39.971000,12051.0,191.0,4,0.0,False,0,car,2288.991944444445,0.5316570073755057,OnTrack,442.0992661817236,10569.290102459785,2310.095537525209,6762.007,39.971
2026-07-26 14:01:52.562,0 days 01:52:42.220000,16,180.88888924444285,0 days 00:00:40.184000,12051.0,191.0,4,0.0,False,0,pos,2300.2929414250384,0.534281854636172,OnTrack,440.0,10571.0,2311.0,6762.22,40.184
2026-07-26 14:01:52.589,0 days 01:52:42.247000,16,180.73888888888723,0 days 00:00:40.211000,12051.0,191.0,4,0.0,False,0,car,2301.7252777777785,0.5346145389257349,OnTrack,429.2465436883142,10579.758920883445,2311.281782563589,6762.247,40.211
2026-07-26 14:01:52.782,0 days 01:52:42.440000,16,179.66666559999814,0 days 00:00:40.404000,12051.0,191.0,4,0.0,False,0,pos,2311.965004283452,0.5369928882089479,OnTrack,440.0,10571.0,2314.0,6762.44,40.404
2026-07-26 14:01:52.789,0 days 01:52:42.447000,16,179.62777777777592,0 days 00:00:40.411000,12051.0,191.0,4,0.0,False,0,car,2312.33638888889,0.5370791485509259,OnTrack,454.0022204235187,10559.59489108527,2314.078964825682,6762.447,40.411
2026-07-26 14:01:52.949,0 days 01:52:42.607000,16,178.7388888888877,0 days 00:00:40.571000,11631.0,191.0,4,0.0,False,0,car,2320.8252777777784,0.5390508362510785,OnTrack,1101.9445263258226,10031.831983159964,2315.237519319687,6762.607,40.571
2026-07-26 14:01:53.109,0 days 01:52:42.767000,16,177.84999999999854,0 days 00:00:40.731000,11372.0,191.0,4,68.0,True,0,car,2329.3141666666675,0.5410225239512313,OnTrack,1868.2594601475885,9407.652030478643,2315.8331588053684,6762.767,40.731
2026-07-26 14:01:53.142,0 days 01:52:42.800000,16,177.6666655999986,0 days 00:00:40.764000,11372.0,191.0,4,68.0,True,0,pos,2331.065010972573,0.5414291870879527,OnTrack,1955.0,9337.0,2316.0,6762.8,40.764
2026-07-26 14:01:53.349,0 days 01:52:43.007000,16,176.51666666666551,0 days 00:00:40.971000,11372.0,191.0,4,68.0,True,0,car,2342.0475000000006,0.5439800555014603,OnTrack,1995.199844378332,9304.256364381788,2317.389946630053,6763.007,40.971
2026-07-26 14:01:53.422,0 days 01:52:43.080000,16,176.11111004444328,0 days 00:00:41.044000,11372.0,191.0,4,68.0,True,0,pos,2345.920564825405,0.5448796401677338,OnTrack,1955.0,9337.0,2318.0,6763.08,41.044
2026-07-26 14:01:53.629,0 days 01:52:43.287000,16,174.96111111110986,0 days 00:00:41.251000,11372.0,191.0,4,68.0,True,0,car,2356.9030555555564,0.5474305089767277,OnTrack,1940.5606484841578,9348.76116156439,2320.0064971361476,6763.287,41.251
2026-07-26 14:01:53.762,0 days 01:52:43.420000,16,174.2222225777763,0 days 00:00:41.384000,11372.0,191.0,4,68.0,True,0,pos,2363.9594449946644,0.5490694745052774,OnTrack,1955.0,9337.0,2321.0,6763.42,41.384
2026-07-26 14:01:53.789,0 days 01:52:43.447000,16,174.07222222222072,0 days 00:00:41.411000,11372.0,191.0,4,68.0,True,0,car,2365.3919444444455,0.5494021966768806,OnTrack,1956.4560326807941,9335.814030146514,2321.1379721712065,6763.447,41.411
2026-07-26 14:01:54.022,0 days 01:52:43.680000,16,172.77777671110957,0 days 00:00:41.644000,11768.1003264,191.0,4,91.3000192,True,0,pos,2377.753812603944,0.5522734491717619,OnTrack,1955.0,9337.0,2322.0,6763.68,41.644
2026-07-26 14:01:54.109,0 days 01:52:43.767000,16,172.2944444444429,0 days 00:00:41.731000,11916.0,191.0,4,100.0,False,0,car,2382.369722222223,0.553345572077186,OnTrack,1954.3689853467122,9337.513974971373,2322.7094101824086,6763.767,41.731
2026-07-26 14:01:54.309,0 days 01:52:43.967000,16,171.18333333333203,0 days 00:00:41.931000,11916.0,191.0,4,100.0,False,0,car,2392.980833333334,0.555810181702377,OnTrack,1954.9331043156053,9337.054487969517,2324.7810661655526,6763.967,41.931
2026-07-26 14:01:54.342,0 days 01:52:44,16,170.99999893333197,0 days 00:00:41.964000,11916.0,191.0,4,100.0,False,0,pos,2394.7313581693297,0.5562167706368206,OnTrack,1955.0,9337.0,2325.0,6764.0,41.964
2026-07-26 14:01:54.562,0 days 01:52:44.220000,16,169.77777813333154,0 days 00:00:42.184000,11916.0,191.0,4,100.0,False,0,pos,2406.402622946491,0.558927618841758,OnTrack,1955.0,9337.0,2326.0,6764.22,42.184
2026-07-26 14:01:54.589,0 days 01:52:44.247000,16,169.62777777777592,0 days 00:00:42.211000,11916.0,191.0,4,100.0,False,0,car,2407.83638888889,0.5592606351776443,OnTrack,1954.992523634377,9337.00608965753,2326.2772572445847,6764.247,42.211
2026-07-26 14:01:54.749,0 days 01:52:44.407000,16,168.73888888888723,0 days 00:00:42.371000,11916.0,191.0,4,100.0,False,0,car,2416.325277777779,0.5612323228777971,OnTrack,1954.9924814938327,9337.006123957592,2328.829464360612,6764.407,42.371
2026-07-26 14:01:54.842,0 days 01:52:44.500000,16,168.22222257777625,0 days 00:00:42.464000,11916.0,191.0,4,100.0,False,0,pos,2421.2197234812647,0.5623691404894943,OnTrack,1955.0,9337.0,2330.0,6764.5,42.464
2026-07-26 14:01:54.909,0 days 01:52:44.567000,16,167.84999999999854,0 days 00:00:42.531000,11916.0,191.0,4,100.0,False,0,car,2424.8141666666675,0.5632040105779498,OnTrack,1955.0024373261324,9336.998014795001,2330.458822909308,6764.567,42.531
2026-07-26 14:01:55.122,0 days 01:52:44.780000,16,165.8975011095103,0 days 00:00:42.744000,11292.150982118565,202.58576747494092,4,100.0,False,0,pos,2436.8736970054683,0.5660050400118201,OnTrack,1955.0,9337.0,2331.0,6764.78,42.744
2026-07-26 14:01:55.148,0 days 01:52:44.806000,16,165.65916666666544,0 days 00:00:42.770000,11216.0,204.0,4,100.0,True,0,car,2438.357500000001,0.5663496782974736,OnTrack,1954.999789049512,9337.000171729063,2331.1899214874998,6764.806,42.77
2026-07-26 14:01:55.348,0 days 01:52:45.006000,16,163.8258333333324,0 days 00:00:42.970000,10376.0,204.0,4,100.0,True,0,car,2449.690833333334,0.5689820362217612,OnTrack,1954.9999060083246,9337.000075821772,2333.496924342225,6765.006,42.97
2026-07-26 14:01:55.402,0 days 01:52:45.060000,16,163.33083450666572,0 days 00:00:43.024000,10376.0,204.0,4,100.0,True,0,pos,2452.7479571579966,0.5696921048210595,OnTrack,1955.0,9337.0,2334.0,6765.06,43.024
2026-07-26 14:01:55.562,0 days 01:52:45.220000,16,161.86416783999903,0 days 00:00:43.184000,10376.0,204.0,4,100.0,True,0,pos,2461.8159728103706,0.5717983044851851,OnTrack,1955.0,9337.0,2335.0,6765.22,43.184
2026-07-26 14:01:55.668,0 days 01:52:45.326000,16,160.89249999999902,0 days 00:00:43.290000,10376.0,204.0,4,100.0,True,0,car,2467.824166666667,0.5731938089006215,OnTrack,1954.999997697894,9336.999984238402,2335.90880600074,6765.326,43.29
2026-07-26 14:01:55.782,0 days 01:52:45.440000,16,159.8474988266656,0 days 00:00:43.404000,10376.0,204.0,4,100.0,True,0,pos,2474.283711339089,0.5746941471599516,OnTrack,1955.0,9337.0,2337.0,6765.44,43.404
2026-07-26 14:01:55.868,0 days 01:52:45.526000,16,159.05916666666553,0 days 00:00:43.490000,10376.0,204.0,4,100.0,True,0,car,2479.1575000000007,0.5758261668249093,OnTrack,1954.999976362575,9337.000098428392,2337.727440728936,6765.526,43.49
2026-07-26 14:01:56.042,0 days 01:52:45.700000,16,155.72416911999883,0 days 00:00:43.664000,10376.0,204.0,4,100.0,True,0,pos,2489.025251579045,0.5781181186540856,OnTrack,1955.0,9337.0,2339.0,6765.7,43.664
2026-07-26 14:01:56.282,0 days 01:52:45.940000,16,151.1241691199988,0 days 00:00:43.904000,10376.0,204.0,4,100.0,True,0,pos,2502.6219560465765,0.5812761827202008,OnTrack,1955.0,9337.0,2341.0,6765.94,43.904
2026-07-26 14:01:56.308,0 days 01:52:45.966000,16,150.62583333333214,0 days 00:00:43.930000,10376.0,204.0,5,100.0,False,0,car,2504.090833333334,0.5816173542583423,OnTrack,1954.9997945439143,9337.000802280952,2341.3838935384756,6765.966,43.93
2026-07-26 14:01:56.461,0 days 01:52:46.119000,16,147.69333455999873,0 days 00:00:44.083000,10376.0,204.0,5,100.0,False,0,pos,2512.718477358053,0.5836212701803777,OnTrack,1955.0,9337.0,2344.0,6766.119,44.083
2026-07-26 14:01:56.588,0 days 01:52:46.246000,16,145.25916666666535,0 days 00:00:44.210000,10376.0,204.0,5,100.0,False,0,car,2519.957500000001,0.5853026553523452,OnTrack,1955.0088652350885,9336.965385233456,2345.226172360085,6766.246,44.21
2026-07-26 14:01:56.861,0 days 01:52:46.519000,16,139.4200013688877,0 days 00:00:44.483000,10376.0,210.06666524444444,5,100.0,False,0,pos,2535.983346197245,0.5890249285785861,OnTrack,1955.0,9337.0,2346.0,6766.519,44.483
2026-07-26 14:01:56.948,0 days 01:52:46.606000,16,137.55916666666553,0 days 00:00:44.570000,10376.0,212.0,5,100.0,False,0,car,2541.1575000000007,0.5902267131166009,OnTrack,1954.9629163360848,9337.14479485607,2346.4862142995344,6766.606,44.57
2026-07-26 14:01:57.121,0 days 01:52:46.779000,16,133.7147226235119,0 days 00:00:44.743000,10376.0,214.15352674616477,5,100.0,False,0,pos,2551.4864700611047,0.5926257907216077,OnTrack,1955.0,9337.0,2348.0,6766.779,44.743
2026-07-26 14:01:57.189,0 days 01:52:46.847000,16,132.2036111111097,0 days 00:00:44.811000,10376.0,215.0,5,100.0,False,0,car,2555.5505555555565,0.5935697431618697,OnTrack,1955.1469295261936,9336.426306985983,2348.8498892065104,6766.847,44.811
2026-07-26 14:01:57.281,0 days 01:52:46.939000,16,130.15916721413157,0 days 00:00:44.903000,10376.0,215.0,5,100.0,False,0,pos,2561.0471896781014,0.5948464291962278,OnTrack,1955.0,9337.0,2350.0,6766.939,44.903
2026-07-26 14:01:57.428,0 days 01:52:47.086000,16,126.89249999999902,0 days 00:00:45.050000,10376.0,215.0,5,100.0,False,0,car,2569.824166666667,0.5968850302192109,OnTrack,1952.6043082376218,9346.354087381398,2351.135760339354,6767.086,45.05
2026-07-26 14:01:57.541,0 days 01:52:47.199000,16,124.38139031111005,0 days 00:00:45.163000,10376.0,215.0,5,100.0,False,0,pos,2576.564776883247,0.5984506506943417,OnTrack,1955.0,9337.0,2352.0,6767.199,45.163
2026-07-26 14:01:57.721,0 days 01:52:47.379000,16,120.38139031110994,0 days 00:00:45.343000,10376.0,215.0,5,100.0,False,0,pos,2587.3161766164435,0.6009478447194768,OnTrack,1955.0,9337.0,2354.0,6767.379,45.343
2026-07-26 14:01:57.748,0 days 01:52:47.406000,16,119.7813888888877,0 days 00:00:45.370000,10376.0,215.0,5,100.0,False,0,car,2588.9352777777785,0.6013239082876177,OnTrack,1945.8401756236078,9372.764950633373,2354.2766895940895,6767.406,45.37
2026-07-26 14:01:57.961,0 days 01:52:47.619000,16,115.04805697777645,0 days 00:00:45.583000,10376.0,215.0,5,100.0,False,0,pos,2601.6884491652027,0.6042860475606899,OnTrack,1955.0,9337.0,2356.0,6767.619,45.583
2026-07-26 14:01:57.988,0 days 01:52:47.646000,16,114.44805555555422,0 days 00:00:45.610000,10376.0,215.0,5,100.0,False,0,car,2603.268611111112,0.6046530668389228,OnTrack,2014.1428574580139,9106.074024742884,2356.1691656098947,6767.646,45.61
2026-07-26 14:01:58.121,0 days 01:52:47.779000,16,111.9727789688875,0 days 00:00:45.743000,10376.0,209.77500251428572,5,100.0,False,0,pos,2610.875495329226,0.6064198940698662,OnTrack,2395.0,7619.0,2357.0,6767.779,45.743
2026-07-26 14:01:58.268,0 days 01:52:47.926000,16,109.236944444443,0 days 00:00:45.890000,10376.0,204.0,5,100.0,True,0,car,2619.135277777779,0.6083383679329256,OnTrack,2420.424635731195,7519.7283541424185,2358.4644055351628,6767.926,45.89
2026-07-26 14:01:58.321,0 days 01:52:47.979000,16,108.25055674666521,0 days 00:00:45.943000,10376.0,204.0,5,100.0,True,0,pos,2622.130067778118,0.6090339584495994,OnTrack,2395.0,7619.0,2359.0,6767.979,45.943
2026-07-26 14:01:58.508,0 days 01:52:48.166000,16,104.7702777777763,0 days 00:00:46.130000,10376.0,204.0,5,100.0,True,0,car,2632.7352777777787,0.6114971974420709,OnTrack,2362.897345370834,7744.346273945391,2360.5613253952033,6768.166,46.13
2026-07-26 14:01:58.668,0 days 01:52:48.326000,16,101.79249999999865,0 days 00:00:46.290000,10376.0,204.0,5,100.0,True,0,car,2641.8019444444453,0.613603083781501,OnTrack,2385.4153439022216,7656.423724976089,2361.511193141285,6768.326,46.29
2026-07-26 14:01:58.781,0 days 01:52:48.439000,16,99.84638964609287,0 days 00:00:46.403000,10376.0,204.0,5,100.0,True,0,pos,2648.2771468619503,0.6151070588163615,OnTrack,2395.0,7619.0,2362.0,6768.439,46.403
2026-07-26 14:01:59.029,0 days 01:52:48.687000,16,95.57527777777614,0 days 00:00:46.651000,10376.0,204.0,5,100.0,True,0,car,2662.2586111111123,0.6183544898348404,OnTrack,2395.3943220393066,7617.460352439766,2362.802316097834,6768.687,46.651
2026-07-26 14:01:59.062,0 days 01:52:48.720000,16,95.21777569777616,0 days 00:00:46.684000,10376.0,202.10248896,5,100.0,True,0,pos,2664.016534483195,0.6187627972041455,OnTrack,2395.0,7619.0,2363.0,6768.72,46.684
2026-07-26 14:01:59.429,0 days 01:52:49.087000,16,91.2419444444431,0 days 00:00:47.051000,10376.0,181.0,4,100.0,True,0,car,2682.369722222223,0.6230256347789195,OnTrack,2394.9764016890144,7619.092138352873,2366.8638164472372,6769.087,47.051
2026-07-26 14:01:59.442,0 days 01:52:49.100000,16,91.10111180444311,0 days 00:00:47.064000,10376.0,181.0,4,100.0,True,0,pos,2683.0166200927306,0.6231758877261813,OnTrack,2395.0,7619.0,2367.0,6769.1,47.064
2026-07-26 14:01:59.749,0 days 01:52:49.407000,16,87.77527777777641,0 days 00:00:47.371000,10376.0,181.0,4,100.0,True,0,car,2698.458611111112,0.6267625507341829,OnTrack,2395.0103108239095,7618.9597706546165,2369.73412768856,6769.407,47.371
2026-07-26 14:01:59.782,0 days 01:52:49.440000,16,87.4177756977765,0 days 00:00:47.404000,10376.0,181.0,4,100.0,True,0,pos,2700.1256192358214,0.6271497415030297,OnTrack,2395.0,7619.0,2370.0,6769.44,47.404
2026-07-26 14:01:59.949,0 days 01:52:49.607000,16,85.60861111111035,0 days 00:00:47.571000,10376.0,181.0,4,100.0,True,0,car,2708.5141666666673,0.6290981232062224,OnTrack,2394.991762193637,7619.031893317424,2371.2984253524755,6769.607,47.571
2026-07-26 14:02:00.062,0 days 01:52:49.720000,16,84.54138707555458,0 days 00:00:47.684000,10771.500672,177.468744,4,29.374879999999994,True,0,pos,2714.046448508794,0.6303830890250326,OnTrack,2395.0,7619.0,2372.0,6769.72,47.684
2026-07-26 14:02:00.109,0 days 01:52:49.767000,16,84.09749999999894,0 days 00:00:47.731000,10936.0,176.0,4,0.0,True,0,car,2716.33638888889,0.6309149663225936,OnTrack,2395.001752280009,7618.993480906204,2372.2261321195624,6769.767,47.731
2026-07-26 14:02:00.342,0 days 01:52:50,16,81.89694263110997,0 days 00:00:47.964000,11058.3251008,176.0,4,0.0,True,0,pos,2727.724661752548,0.6335600848799406,OnTrack,2395.0,7619.0,2373.0,6770.0,47.964
2026-07-26 14:02:00.429,0 days 01:52:50.087000,16,81.07527777777659,0 days 00:00:48.051000,11104.0,176.0,3,0.0,True,0,car,2731.9808333333344,0.6345486525553359,OnTrack,2394.9982763749204,7619.002686265757,2373.3252874472464,6770.087,48.051
2026-07-26 14:02:00.622,0 days 01:52:50.280000,16,79.2524981866654,0 days 00:00:48.244000,11104.0,176.0,3,0.0,True,0,pos,2741.4171881131924,0.6367404051977903,OnTrack,2395.0,7619.0,2374.0,6770.28,48.244
2026-07-26 14:02:00.749,0 days 01:52:50.407000,16,78.05305555555424,0 days 00:00:48.371000,11104.0,176.0,3,0.0,True,0,car,2747.625277777779,0.6381823387880782,OnTrack,2395.0130574350565,7618.9882487965315,2374.17725427328,6770.407,48.371
2026-07-26 14:02:01.029,0 days 01:52:50.687000,16,76.49749999999858,0 days 00:00:48.651000,10942.0,176.0,3,0.0,True,0,car,2761.314166666668,0.6413618142417276,OnTrack,2395.020995773294,7618.981685322426,2374.0251109215988,6770.687,48.651
2026-07-26 14:02:01.082,0 days 01:52:50.740000,16,76.29138913777643,0 days 00:00:48.704000,10820.1001472,176.0,3,0.0,True,0,pos,2763.905299468504,0.6419636485620624,OnTrack,2395.0,7619.0,2374.0,6770.74,48.704
2026-07-26 14:02:01.309,0 days 01:52:50.967000,16,75.40861111111008,0 days 00:00:48.931000,10298.0,176.0,3,0.0,True,0,car,2775.0030555555563,0.6445412896953769,OnTrack,2394.8692967560005,7619.1137363921225,2373.96740335647,6770.967,48.931
2026-07-26 14:02:01.402,0 days 01:52:51.060000,16,75.04694469333228,0 days 00:00:49.024000,10298.0,176.0,3,0.0,True,0,pos,2779.549718483558,0.6455973288883995,OnTrack,2395.0,7619.0,2374.0,6771.06,49.024
2026-07-26 14:02:01.509,0 days 01:52:51.167000,16,74.63083333333225,0 days 00:00:49.131000,10298.0,176.0,3,0.0,True,0,car,2784.780833333334,0.6468123435908408,OnTrack,2395.3721896848742,7618.676164126362,2374.0753152036355,6771.167,49.131
2026-07-26 14:02:01.662,0 days 01:52:51.320000,16,74.0358327231534,0 days 00:00:49.284000,10298.0,176.0,3,0.0,True,0,pos,2792.2608158440316,0.6485496957586849,OnTrack,2395.0,7619.0,2374.0,6771.32,49.284
2026-07-26 14:02:01.788,0 days 01:52:51.446000,16,73.54583333333267,0 days 00:00:49.410000,10298.0,176.0,3,0.0,True,0,car,2798.420833333334,0.649980463775013,OnTrack,2392.3529068056337,7621.3031560830395,2373.4797342248016,6771.446,49.41
2026-07-26 14:02:01.922,0 days 01:52:51.580000,16,73.02472271999905,0 days 00:00:49.544000,10219.833408,176.0,3,0.0,True,0,pos,2804.972063740032,0.651502097593387,OnTrack,2395.0,7619.0,2373.0,6771.58,49.544
2026-07-26 14:02:02.028,0 days 01:52:51.686000,16,72.61249999999882,0 days 00:00:49.650000,10158.0,176.0,3,0.0,True,0,car,2810.1541666666676,0.6527057284495698,OnTrack,2407.1347506375528,7608.441922153103,2373.0878874751625,6771.686,49.65
2026-07-26 14:02:02.182,0 days 01:52:51.840000,16,72.65527781333228,0 days 00:00:49.804000,9941.849820342857,176.0,3,0.0,True,0,pos,2817.682164380512,0.6544542329586336,OnTrack,2395.0,7619.0,2373.0,6771.84,49.804
2026-07-26 14:02:02.308,0 days 01:52:51.966000,16,72.69027777777683,0 days 00:00:49.930000,9765.0,176.0,3,0.0,True,0,car,2823.8430555555565,0.6558852039032191,OnTrack,2305.1302915756055,7697.192901783741,2371.6163751194017,6771.966,49.93
2026-07-26 14:02:02.442,0 days 01:52:52.100000,16,72.72749996444357,0 days 00:00:50.064000,9765.0,176.0,3,0.0,True,0,pos,2830.3976847145805,0.6574076271391772,OnTrack,2395.0,7619.0,2370.0,6772.1,50.064
2026-07-26 14:02:02.508,0 days 01:52:52.166000,16,72.74583333333248,0 days 00:00:50.130000,9765.0,176.0,3,0.0,True,0,car,2833.6208333333343,0.6581562577986831,OnTrack,2616.2414718690493,7426.504519830838,2369.621670112307,6772.166,50.13
2026-07-26 14:02:02.708,0 days 01:52:52.366000,16,72.80138888888814,0 days 00:00:50.330000,9765.0,176.0,3,0.0,True,0,car,2843.3986111111117,0.6604273116941469,OnTrack,3609.021066888627,6562.717169179711,2369.261126253483,6772.366,50.33
2026-07-26 14:02:02.742,0 days 01:52:52.400000,16,72.81083336888817,0 days 00:00:50.364000,9765.0,176.0,3,0.0,True,0,pos,2845.085130398037,0.6608190342596824,OnTrack,3688.0,6494.0,2369.0,6772.4,50.364
2026-07-26 14:02:02.902,0 days 01:52:52.560000,16,72.85527781333278,0 days 00:00:50.524000,9765.0,176.0,3,0.0,True,0,pos,2853.1436016950424,0.6626907502105339,OnTrack,3688.0,6494.0,2367.0,6772.56,50.524
2026-07-26 14:02:03.068,0 days 01:52:52.726000,16,72.9013888888885,0 days 00:00:50.690000,9765.0,176.0,3,0.0,True,0,car,2860.9986111111116,0.6645152087059819,OnTrack,3683.2432823560284,6498.138675437795,2365.3863506929633,6772.726,50.69
2026-07-26 14:02:03.121,0 days 01:52:52.779000,16,73.49027706666625,0 days 00:00:50.743000,9713.3250624,171.6937552,3,0.22083306666666666,True,0,pos,2863.2904695460234,0.6650475315041424,OnTrack,3688.0,6494.0,2365.0,6772.779,50.743
2026-07-26 14:02:03.461,0 days 01:52:53.119000,16,77.26805484444381,0 days 00:00:51.083000,9381.8250624,144.0687552,3,1.6374997333333334,True,0,pos,2876.04433248715,0.6680098314022322,OnTrack,3688.0,6494.0,2363.0,6773.119,51.083
2026-07-26 14:02:03.548,0 days 01:52:53.206000,16,78.23472222222154,0 days 00:00:51.170000,9297.0,137.0,3,2.0,True,0,car,2879.2652777777785,0.6687579503015986,OnTrack,3687.4907726557844,6494.443063070029,2362.060537965032,6773.206,51.17
2026-07-26 14:02:03.721,0 days 01:52:53.379000,16,80.15694373333287,0 days 00:00:51.343000,9297.0,137.0,3,2.0,True,0,pos,2885.8489968972976,0.6702871301717943,OnTrack,3688.0,6494.0,2360.0,6773.379,51.343
2026-07-26 14:02:03.788,0 days 01:52:53.446000,16,80.9013888888885,0 days 00:00:51.410000,9297.0,137.0,3,2.0,True,0,car,2888.3986111111117,0.670879321099407,OnTrack,3688.1073818780933,6493.906570946939,2359.4402310011747,6773.446,51.41
2026-07-26 14:02:04.081,0 days 01:52:53.739000,16,86.11027663999943,0 days 00:00:51.703000,9297.0,134.80250048,3,2.0,True,0,pos,2899.3235318865563,0.6734168183148884,OnTrack,3688.0,6494.0,2358.0,6773.739,51.703
2026-07-26 14:02:04.188,0 days 01:52:53.846000,16,88.01249999999936,0 days 00:00:51.810000,9297.0,134.0,3,2.0,True,0,car,2903.287500000001,0.6743375168038633,OnTrack,3687.9825109809676,6494.015209125838,2357.335466439624,6773.846,51.81
2026-07-26 14:02:04.381,0 days 01:52:54.039000,16,91.4436099733328,0 days 00:00:52.003000,9297.0,134.0,3,51.214983679999996,True,0,pos,2910.4552011200763,0.6760023363487772,OnTrack,3688.0,6494.0,2356.0,6774.039,52.003
2026-07-26 14:02:04.521,0 days 01:52:54.179000,16,93.93249886222175,0 days 00:00:52.143000,9297.0,134.0,3,86.91498367999999,True,0,pos,2915.6724720938105,0.677214135577383,OnTrack,3688.0,6494.0,2355.0,6774.179,52.143
2026-07-26 14:02:04.588,0 days 01:52:54.246000,16,95.12361111111068,0 days 00:00:52.210000,9297.0,134.0,3,104.0,True,0,car,2918.1763888888895,0.6777957125083197,OnTrack,3687.999704166237,6494.0001295762595,2354.2092253010537,6774.246,52.21
2026-07-26 14:02:04.741,0 days 01:52:54.399000,16,97.84360997333297,0 days 00:00:52.363000,9243.4500224,134.0,3,104.0,True,0,pos,2923.911469443954,0.6791277817505745,OnTrack,3688.0,6494.0,2352.0,6774.399,52.363
2026-07-26 14:02:04.988,0 days 01:52:54.646000,16,102.23472222222199,0 days 00:00:52.610000,9157.0,134.0,3,104.0,True,0,car,2933.065277777778,0.6812539082127761,OnTrack,3687.99971066343,6494.005600020196,2349.8743780994782,6774.646,52.61
2026-07-26 14:02:05.148,0 days 01:52:54.806000,16,105.61249999999973,0 days 00:00:52.770000,8931.0,129.0,3,8.0,False,0,car,2938.7986111111118,0.6825855716332981,OnTrack,3687.9997693553933,6494.00355015462,2349.1800384868843,6774.806,52.77
2026-07-26 14:02:05.201,0 days 01:52:54.859000,16,106.74610974222188,0 days 00:00:52.823000,8931.0,128.6687504,3,8.0,False,0,pos,2940.6850470792306,0.6830237282217694,OnTrack,3688.0,6494.0,2349.0,6774.859,52.823
2026-07-26 14:02:05.308,0 days 01:52:54.966000,16,109.03472222222172,0 days 00:00:52.930000,8931.0,128.0,3,8.0,False,0,car,2944.4875000000006,0.6839069120815681,OnTrack,3688.0007859360694,6493.988478545749,2348.712292809852,6774.966,52.93
2026-07-26 14:02:05.482,0 days 01:52:55.140000,16,112.75638713943644,0 days 00:00:53.104000,8931.0,128.0,3,8.0,False,0,pos,2950.6737830819043,0.6853437807250272,OnTrack,3688.0,6494.0,2348.0,6775.14,53.104
2026-07-26 14:02:05.549,0 days 01:52:55.207000,16,114.18944444444378,0 days 00:00:53.171000,8931.0,128.0,3,8.0,False,0,car,2953.0563888888896,0.6858971811317747,OnTrack,3687.9976281302634,6494.03431654142,2347.430334821359,6775.207,53.171
2026-07-26 14:02:05.702,0 days 01:52:55.360000,16,117.46194855111048,0 days 00:00:53.324000,8931.0,128.0,3,8.0,False,0,pos,2958.497093644863,0.6871608766269008,OnTrack,3688.0,6494.0,2346.0,6775.36,53.324
2026-07-26 14:02:05.749,0 days 01:52:55.407000,16,118.46722222222161,0 days 00:00:53.371000,8931.0,128.0,3,8.0,False,0,car,2960.167500000001,0.6875488566921121,OnTrack,3688.0084185021014,6493.878262669036,2345.753101599644,6775.407,53.371
2026-07-26 14:02:05.962,0 days 01:52:55.620000,16,123.02305418666634,0 days 00:00:53.584000,8931.0,128.0,3,8.0,False,0,pos,2967.7377354354444,0.6893071716248075,OnTrack,3688.0,6494.0,2345.0,6775.62,53.584
2026-07-26 14:02:05.989,0 days 01:52:55.647000,16,123.60055555555527,0 days 00:00:53.611000,8931.0,128.0,3,8.0,False,0,car,2968.7008333333342,0.689530867364517,OnTrack,3687.9730264144773,6494.390046879905,2344.7522400195544,6775.647,53.611
2026-07-26 14:02:06.142,0 days 01:52:55.800000,16,127.21306008888851,0 days 00:00:53.764000,9196.2003328,128.6375008,3,34.137532799999995,False,0,pos,2974.1796658417666,0.6908034186735831,OnTrack,3688.0,6494.0,2343.0,6775.8,53.764
2026-07-26 14:02:06.229,0 days 01:52:55.887000,16,129.2672222222218,0 days 00:00:53.851000,9347.0,129.0,3,49.0,False,0,car,2977.300833333334,0.6915283624952999,OnTrack,3688.630679067903,6484.880180363323,2342.507765468926,6775.887,53.851
2026-07-26 14:02:06.362,0 days 01:52:56.020000,16,132.40749848888856,0 days 00:00:53.984000,9347.0,129.0,3,49.0,False,0,pos,2982.0703278207825,0.6926361580784364,OnTrack,3688.0,6494.0,2342.0,6776.02,53.984
2026-07-26 14:02:06.509,0 days 01:52:56.167000,16,135.8783333333331,0 days 00:00:54.131000,9347.0,129.0,3,49.0,False,0,car,2987.3341666666674,0.6938587734812135,OnTrack,3680.094708037713,6608.313031492784,2340.5071309471346,6776.167,54.131
2026-07-26 14:02:06.642,0 days 01:52:56.300000,16,139.01860959999982,0 days 00:00:54.264000,9347.0,129.0,3,49.0,False,0,pos,2992.084775793508,0.6949621826206457,OnTrack,3688.0,6494.0,2339.0,6776.3,54.264
2026-07-26 14:02:06.829,0 days 01:52:56.487000,16,143.43388888888876,0 days 00:00:54.451000,9347.0,129.0,3,49.0,False,0,car,2998.800833333334,0.6965221003222575,OnTrack,3754.977967187796,5525.477330905909,2337.6762538166695,6776.487,54.451
2026-07-26 14:02:07.002,0 days 01:52:56.660000,16,147.37444298666674,0 days 00:00:54.624000,9443.2312144,130.6218744,3,49.5406248,False,0,pos,3005.1279858552048,0.6979916882704155,OnTrack,3814.0,4672.0,2337.0,6776.66,54.624
2026-07-26 14:02:07.149,0 days 01:52:56.807000,16,150.722777777778,0 days 00:00:54.771000,9525.0,132.0,3,50.0,False,0,car,3010.5341666666673,0.6992473649968142,OnTrack,3819.3850077965826,4594.131080635465,2336.6348557643078,6776.807,54.771
2026-07-26 14:02:07.262,0 days 01:52:56.920000,16,153.29667104000066,0 days 00:00:54.884000,9693.7940368,132.0,3,55.6500096,False,0,pos,3014.678213350888,0.7002098897727989,OnTrack,3814.0,4672.0,2336.0,6776.92,54.884
2026-07-26 14:02:07.309,0 days 01:52:56.967000,16,154.36722222222306,0 days 00:00:54.931000,9764.0,132.0,3,58.0,False,0,car,3016.4008333333336,0.7006099973340923,OnTrack,3813.104484527604,4684.949434155588,2335.5457978421796,6776.967,54.931
2026-07-26 14:02:07.482,0 days 01:52:57.140000,16,158.30777632000053,0 days 00:00:55.104000,9764.0,132.0,3,58.0,False,0,pos,3022.742516736544,0.7020829603246599,OnTrack,3814.0,4672.0,2334.0,6777.14,55.104
2026-07-26 14:02:07.589,0 days 01:52:57.247000,16,160.74500000000035,0 days 00:00:55.211000,9764.0,132.0,3,58.0,False,0,car,3026.6675000000005,0.7029946039243296,OnTrack,3814.030478549202,4671.559307897805,2334.6784470083107,6777.247,55.211
2026-07-26 14:02:07.622,0 days 01:52:57.280000,16,161.4966710400004,0 days 00:00:55.244000,9764.0,132.0,3,58.0,False,0,pos,3027.8786374323154,0.7032759110317433,OnTrack,3814.0,4672.0,2335.0,6777.28,55.244
2026-07-26 14:02:07.749,0 days 01:52:57.407000,16,164.38944444444496,0 days 00:00:55.371000,9764.0,132.0,3,58.0,False,0,car,3032.5341666666673,0.704357236261608,OnTrack,3813.9841903015736,4672.228200980605,2336.320601086105,6777.407,55.371
2026-07-26 14:02:07.822,0 days 01:52:57.480000,16,166.05222659555628,0 days 00:00:55.444000,9764.0,132.0,3,58.0,False,0,pos,3035.1950411781004,0.704975269270935,OnTrack,3814.0,4672.0,2337.0,6777.48,55.444
2026-07-26 14:02:07.949,0 days 01:52:57.607000,16,168.94500000000107,0 days 00:00:55.571000,9764.0,132.0,3,58.0,False,0,car,3039.8675000000003,0.7060605266832057,OnTrack,3814.013157880761,4671.812590756381,2337.8759287382663,6777.607,55.571
2026-07-26 14:02:08.262,0 days 01:52:57.920000,16,166.3836694357785,0 days 00:00:55.884000,9764.0,139.8250048,3,58.0,False,0,pos,3052.03832698485,0.7088874066413268,OnTrack,3814.0,4672.0,2339.0,6777.92,55.884
2026-07-26 14:02:08.269,0 days 01:52:57.927000,55,166.3263888888896,0 days 00:00:55.891000,9764.0,140.0,3,58.0,False,0,car,3052.3119444444446,0.7089509589137962,OnTrack,3813.999802151757,4672.002076378999,2339.0245610603365,6777.927,55.891
2026-07-26 14:02:08.482,0 days 01:52:58.140000,55,163.07222407140878,0 days 00:00:56.104000,9764.0,140.0,3,58.0,False,0,pos,3060.5952292984457,0.7108748916071398,OnTrack,3814.0,4672.0,2340.0,6778.14,56.104
2026-07-26 14:02:08.508,0 days 01:52:58.166000,55,162.67500000000064,0 days 00:00:56.130000,9764.0,140.0,3,58.0,False,0,car,3061.6063888888893,0.7111097504860184,OnTrack,3814.0012621421683,4671.996491593246,2340.2007855013044,6778.166,56.13
2026-07-26 14:02:08.602,0 days 01:52:58.260000,55,161.23889084444502,0 days 00:00:56.224000,9764.0,140.0,3,58.0,False,0,pos,3065.2676469538746,0.711960139457803,OnTrack,3814.0,4672.0,2341.0,6778.26,56.224
2026-07-26 14:02:08.708,0 days 01:52:58.366000,55,159.61944444444498,0 days 00:00:56.330000,9764.0,140.0,3,58.0,False,0,car,3069.384166666667,0.7129162706301375,OnTrack,3813.960300862654,4672.093551999363,2341.635999335062,6778.366,56.33
2026-07-26 14:02:08.782,0 days 01:52:58.440000,55,158.4888869333339,0 days 00:00:56.404000,9764.0,140.0,3,58.0,False,0,pos,3072.234505848857,0.7135783100065914,OnTrack,3814.0,4672.0,2342.0,6778.44,56.404
2026-07-26 14:02:08.868,0 days 01:52:58.526000,55,157.17500000000064,0 days 00:00:56.490000,9764.0,140.0,3,58.0,False,0,car,3075.6063888888893,0.7143614867454327,OnTrack,3814.188453173446,4671.556455396651,2342.4275912598464,6778.526,56.49
2026-07-26 14:02:09.142,0 days 01:52:58.800000,55,152.30388661333384,0 days 00:00:56.764000,9764.0,150.96000512,3,89.51001472,False,0,pos,3087.388115424763,0.7170979915579472,OnTrack,3814.0,4672.0,2344.0,6778.8,56.764
2026-07-26 14:02:09.268,0 days 01:52:58.926000,55,150.06388888888932,0 days 00:00:56.890000,9764.0,156.0,3,104.0,True,0,car,3092.939722222223,0.7183874459237551,OnTrack,3812.832946306573,4674.746306357213,2344.8965377829813,6778.926,56.89
2026-07-26 14:02:09.302,0 days 01:52:58.960000,55,149.45944216888935,0 days 00:00:56.924000,9764.0,156.0,3,104.0,True,0,pos,3094.4251796436824,0.7187324684779821,OnTrack,3814.0,4672.0,2345.0,6778.96,56.924
2026-07-26 14:02:09.382,0 days 01:52:59.040000,55,148.03721994666716,0 days 00:00:57.004000,9764.0,156.0,3,104.0,True,0,pos,3097.8992329747366,0.7195393759911055,OnTrack,3814.0,4672.0,2345.0,6779.04,57.004
2026-07-26 14:02:09.548,0 days 01:52:59.206000,55,145.08611111111168,0 days 00:00:57.170000,9764.0,156.0,3,104.0,True,0,car,3105.073055555556,0.7212056173485807,OnTrack,3676.9012868554755,4994.620067499065,2346.2106356599193,6779.206,57.17
2026-07-26 14:02:09.721,0 days 01:52:59.379000,55,142.01055669333408,0 days 00:00:57.343000,9764.0,156.0,3,104.0,True,0,pos,3112.5823732859744,0.7229497831162568,OnTrack,3814.0,4672.0,2348.0,6779.379,57.343
2026-07-26 14:02:09.788,0 days 01:52:59.446000,55,140.81944444444525,0 days 00:00:57.410000,9764.0,156.0,3,104.0,True,0,car,3115.4730555555557,0.7236211928555741,OnTrack,4085.528005506904,4033.0415342657875,2348.388998942784,6779.446,57.41
2026-07-26 14:02:09.901,0 days 01:52:59.559000,55,138.87333443555627,0 days 00:00:57.523000,9764.0,156.0,3,89.56111928888889,True,0,pos,3120.3064684230662,0.7247438345611459,OnTrack,4570.0,2893.0,2349.0,6779.559,57.523
2026-07-26 14:02:10.101,0 days 01:52:59.759000,55,135.42888999111167,0 days 00:00:57.723000,9764.0,156.0,3,64.00556373333333,True,0,pos,3128.9422441456586,0.7267496392072402,OnTrack,4570.0,2893.0,2351.0,6779.759,57.723
2026-07-26 14:02:10.148,0 days 01:52:59.806000,55,134.61944444444498,0 days 00:00:57.770000,9764.0,156.0,3,58.0,False,0,car,3131.073055555556,0.7272445561160643,OnTrack,4549.375071522869,2941.4201874755086,2351.289500536425,6779.806,57.77
2026-07-26 14:02:10.348,0 days 01:53:00.006000,55,130.3972222222228,0 days 00:00:57.970000,9764.0,170.0,3,58.0,False,0,car,3140.5175000000004,0.7294381877196374,OnTrack,4556.250845875956,2924.441272862272,2351.49657637808,6780.006,57.97
2026-07-26 14:02:10.461,0 days 01:53:00.119000,55,128.0116680177784,0 days 00:00:58.083000,9764.0,170.0,3,58.0,False,0,pos,3145.8808629755563,0.7306839192810669,OnTrack,4570.0,2893.0,2352.0,6780.119,58.083
2026-07-26 14:02:10.661,0 days 01:53:00.319000,55,123.78944579555622,0 days 00:00:58.283000,9764.0,170.0,3,58.0,False,0,pos,3155.3195875433194,0.732876222346754,OnTrack,4570.0,2893.0,2354.0,6780.319,58.283
2026-07-26 14:02:10.788,0 days 01:53:00.446000,55,121.10833333333403,0 days 00:00:58.410000,9764.0,170.0,3,58.0,False,0,car,3161.295277777778,0.7342641772474982,OnTrack,4567.345172659772,2887.6885906963153,2354.710966378078,6780.446,58.41
2026-07-26 14:02:10.841,0 days 01:53:00.499000,55,119.9894457955562,0 days 00:00:58.463000,9856.749888,170.0,3,63.9624928,False,0,pos,3163.786000640478,0.7348426896649833,OnTrack,4570.0,2893.0,2355.0,6780.499,58.463
2026-07-26 14:02:11.108,0 days 01:53:00.766000,55,114.3527777777781,0 days 00:00:58.730000,10324.0,170.0,3,94.0,False,0,car,3176.4063888888895,0.7377739878132151,OnTrack,4616.489690088807,2998.6871492671744,2357.231399757635,6780.766,58.73
2026-07-26 14:02:11.221,0 days 01:53:00.879000,55,112.31250115555586,0 days 00:00:58.843000,10533.4030064,172.1187488,3,96.1187488,False,0,pos,3181.882929231207,0.7390460067280195,OnTrack,4570.0,2893.0,2358.0,6780.879,58.843
2026-07-26 14:02:11.428,0 days 01:53:01.086000,55,108.57500000000027,0 days 00:00:59.050000,10917.0,176.0,3,100.0,False,0,car,3192.050833333334,0.7414076740459574,OnTrack,4323.2261391244265,2329.0428222091673,2358.6657059264508,6781.086,59.05
2026-07-26 14:02:11.521,0 days 01:53:01.179000,55,106.89583448888916,0 days 00:00:59.143000,10917.0,176.0,3,100.0,False,0,pos,3196.611666901483,0.7424670046092935,OnTrack,4243.0,2138.0,2359.0,6781.179,59.143
2026-07-26 14:02:11.788,0 days 01:53:01.446000,55,102.07500000000027,0 days 00:00:59.410000,10917.0,176.0,3,100.0,False,0,car,3209.650833333334,0.7454955710577925,OnTrack,4257.392601112267,2144.480182467752,2360.670540705439,6781.446,59.41
2026-07-26 14:02:11.841,0 days 01:53:01.499000,55,101.11805671111135,0 days 00:00:59.463000,10917.0,176.0,3,100.0,False,0,pos,3212.2246838864635,0.7460933912842158,OnTrack,4243.0,2138.0,2361.0,6781.499,59.463
2026-07-26 14:02:12.028,0 days 01:53:01.686000,55,97.74166666666679,0 days 00:00:59.650000,10917.0,176.0,3,100.0,False,0,car,3221.3841666666676,0.7482208357323492,OnTrack,4065.678975139843,1952.2733209332255,2361.9866695195847,6781.686,59.65
2026-07-26 14:02:12.182,0 days 01:53:01.840000,55,94.44777451429162,0 days 00:00:59.804000,10978.830485199878,180.608483368935,3,100.0,False,0,pos,3229.281374117268,0.7500550954334373,OnTrack,3931.0,1801.0,2363.0,6781.84,59.804
2026-07-26 14:02:12.402,0 days 01:53:02.060000,55,89.74222368328098,0 days 00:01:00.024000,11067.159573571602,187.19201790595798,3,100.0,False,0,pos,3240.905241129664,0.7527549347076384,OnTrack,3931.0,1801.0,2365.0,6782.06,60.024
2026-07-26 14:02:12.429,0 days 01:53:02.087000,55,89.16472222222228,0 days 00:01:00.051000,11078.0,188.0,4,100.0,False,0,car,3242.325277777779,0.7530847621832365,OnTrack,3933.736661255321,1804.0177621893977,2365.1854028897815,6782.087,60.051
2026-07-26 14:02:12.562,0 days 01:53:02.220000,55,86.32000136888885,0 days 00:01:00.184000,11078.0,188.0,4,100.0,False,0,pos,3249.2920840846455,0.7547029205175474,OnTrack,3931.0,1801.0,2366.0,6782.22,60.184
2026-07-26 14:02:12.789,0 days 01:53:02.447000,55,81.46472222222201,0 days 00:01:00.411000,11078.0,188.0,4,100.0,False,0,car,3261.125277777779,0.7574513794458786,OnTrack,3789.5016187749734,1647.6929504044572,2368.6471648415377,6782.447,60.411
2026-07-26 14:02:12.902,0 days 01:53:02.560000,55,79.36166309333305,0 days 00:01:00.524000,11226.312752,188.0,4,100.0,False,0,pos,3267.0232978100594,0.7588212941314297,OnTrack,3727.0,1580.0,2370.0,6782.56,60.524
2026-07-26 14:02:13.109,0 days 01:53:02.767000,55,75.50916666666626,0 days 00:01:00.731000,11498.0,188.0,4,100.0,True,0,car,3277.8363888888903,0.7613328170126714,OnTrack,3709.3650878110366,1560.900348128389,2371.8461462000487,6782.767,60.731
2026-07-26 14:02:13.282,0 days 01:53:02.940000,55,72.57777886222199,0 days 00:01:00.904000,11504.91999744,188.0,4,100.0,True,0,pos,3286.8714986445743,0.7634313737269818,OnTrack,3727.0,1580.0,2373.0,6782.94,60.904
2026-07-26 14:02:13.462,0 days 01:53:03.120000,55,69.5277745244444,0 days 00:01:01.084000,11512.12000768,188.0,4,100.0,True,0,pos,3296.2709179306808,0.765614547477701,OnTrack,3727.0,1580.0,2374.0,6783.12,61.084
2026-07-26 14:02:13.509,0 days 01:53:03.167000,55,68.73138888888889,0 days 00:01:01.131000,11514.0,188.0,4,100.0,True,0,car,3298.725277777779,0.7661846139711624,OnTrack,3726.631786243681,1579.601208510598,2374.20844239678,6783.167,61.131
2026-07-26 14:02:13.709,0 days 01:53:03.367000,55,65.34249999999975,0 days 00:01:01.331000,11514.0,188.0,4,100.0,True,0,car,3309.1697222222238,0.768610512450408,OnTrack,3726.7767907366137,1579.7582931702837,2374.8331073176246,6783.367,61.331
2026-07-26 14:02:13.802,0 days 01:53:03.460000,55,63.76666775111098,0 days 00:01:01.424000,11514.0,188.0,4,100.0,True,0,pos,3314.0263972070106,0.7697385571752811,OnTrack,3727.0,1580.0,2375.0,6783.46,61.424
2026-07-26 14:02:13.989,0 days 01:53:03.647000,55,60.598055555555675,0 days 00:01:01.611000,11514.0,188.0,4,100.0,True,0,car,3323.7919444444456,0.7720067703213517,OnTrack,3727.0350762336134,1580.0379483007955,2375.030192024917,6783.647,61.611
2026-07-26 14:02:14.002,0 days 01:53:03.660000,55,60.37777886222234,0 days 00:01:01.624000,11476.08352,188.0,4,100.0,True,0,pos,3324.4708295372757,0.7721644528408039,OnTrack,3727.0,1580.0,2375.0,6783.66,61.624
2026-07-26 14:02:14.229,0 days 01:53:03.887000,55,56.53138888888907,0 days 00:01:01.851000,10814.0,188.0,4,100.0,True,0,car,3336.325277777779,0.7749178484964464,OnTrack,3726.794454883329,1579.777648642775,2374.025272313957,6783.887,61.851
2026-07-26 14:02:14.242,0 days 01:53:03.900000,55,56.31111219555573,0 days 00:01:01.864000,10809.357165714286,188.0,4,100.0,True,0,pos,3337.0041634107556,0.7750755311413567,OnTrack,3727.0,1580.0,2374.0,6783.9,61.864
2026-07-26 14:02:14.442,0 days 01:53:04.100000,55,52.92222330666679,0 days 00:01:02.064000,10737.928594285715,188.0,4,100.0,True,0,pos,3347.448607910633,0.7775014296334775,OnTrack,3727.0,1580.0,2374.0,6784.1,62.064
2026-07-26 14:02:14.509,0 days 01:53:04.167000,55,51.78694444444454,0 days 00:01:02.131000,10714.0,188.0,4,100.0,True,0,car,3350.947500000001,0.7783141063673901,OnTrack,3717.956796485426,1570.2174148191398,2373.735112702817,6784.167,62.131
2026-07-26 14:02:14.622,0 days 01:53:04.280000,55,49.87221896888891,0 days 00:01:02.244000,10714.0,188.0,4,100.0,True,0,pos,3356.8486209406574,0.7796847412912414,OnTrack,3727.0,1580.0,2373.0,6784.28,62.244
2026-07-26 14:02:14.829,0 days 01:53:04.487000,55,46.3647222222221,0 days 00:01:02.451000,10714.0,188.0,4,100.0,True,0,car,3367.6586111111124,0.782195543934183,OnTrack,3898.445283501762,1765.4628224296744,2371.5365851959377,6784.487,62.451
2026-07-26 14:02:14.902,0 days 01:53:04.560000,55,45.12777452444423,0 days 00:01:02.524000,10714.0,188.0,4,100.0,True,0,pos,3371.4708437954905,0.7830809993091198,OnTrack,3727.0,1580.0,2371.0,6784.56,62.524
2026-07-26 14:02:15.029,0 days 01:53:04.687000,55,42.97583333333296,0 days 00:01:02.651000,10714.0,188.0,4,100.0,True,0,car,3378.103055555557,0.7846214424134286,OnTrack,2971.1475173481094,762.3482577558127,2370.011895094079,6784.687,62.651
2026-07-26 14:02:15.102,0 days 01:53:04.760000,55,42.12416476947648,0 days 00:01:02.724000,10842.553745487801,188.0,4,100.0,True,0,pos,3381.9152854652057,0.7855068971438879,OnTrack,2614.0,376.0,2369.0,6784.76,62.724
2026-07-26 14:02:15.188,0 days 01:53:04.846000,55,41.120833333333394,0 days 00:01:02.810000,10994.0,188.0,4,100.0,False,0,car,3386.4063888888904,0.7865500317044288,OnTrack,2482.938971024557,234.2232894118298,2367.1287782479044,6784.846,62.81
2026-07-26 14:02:15.322,0 days 01:53:04.980000,55,39.55750149333329,0 days 00:01:02.944000,11037.5499584,188.0,4,100.0,False,0,pos,3393.404171627293,0.7881753848377124,OnTrack,2614.0,376.0,2364.0,6784.98,62.944
2026-07-26 14:02:15.508,0 days 01:53:05.166000,55,37.38749999999982,0 days 00:01:03.130000,11098.0,188.0,5,100.0,False,0,car,3403.1175000000017,0.7904314692712217,OnTrack,2653.0714343521413,418.2659541414563,2362.771961739361,6785.166,63.13
2026-07-26 14:02:15.702,0 days 01:53:05.360000,55,35.124165173333445,0 days 00:01:03.324000,11098.0,188.0,5,100.0,False,0,pos,3413.248483177069,0.7927845610812493,OnTrack,2614.0,376.0,2362.0,6785.36,63.324
2026-07-26 14:02:15.882,0 days 01:53:05.540000,55,33.024168160000386,0 days 00:01:03.504000,11098.0,188.0,5,100.0,False,0,pos,3422.648546665492,0.7949678844588279,OnTrack,2614.0,376.0,2359.0,6785.54,63.504
2026-07-26 14:02:15.908,0 days 01:53:05.566000,55,32.72083333333376,0 days 00:01:03.530000,11098.0,188.0,5,100.0,False,0,car,3424.0063888888903,0.7952832662297127,OnTrack,2614.3768553948594,376.40766747116334,2358.618643628296,6785.566,63.53
2026-07-26 14:02:16.162,0 days 01:53:05.820000,55,30.81583429333365,0 days 00:01:03.784000,11207.681762909091,188.0,5,100.0,False,0,pos,3437.2719451561775,0.7983644155379724,OnTrack,2614.0,376.0,2356.0,6785.82,63.784
2026-07-26 14:02:16.348,0 days 01:53:06.006000,55,29.420833333333576,0 days 00:01:03.970000,11288.0,188.0,5,100.0,False,0,car,3446.984166666668,0.8006202428840529,OnTrack,2613.956761580784,375.95322636413164,2353.8444361420684,6786.006,63.97
2026-07-26 14:02:16.421,0 days 01:53:06.079000,55,28.87333381333341,0 days 00:01:04.043000,11288.0,188.0,5,100.0,False,0,pos,3450.795031035958,0.8015053804447193,OnTrack,2614.0,376.0,2353.0,6786.079,64.043
2026-07-26 14:02:16.548,0 days 01:53:06.206000,55,27.92083333333312,0 days 00:01:04.170000,11288.0,188.0,5,100.0,False,0,car,3457.428611111113,0.8030461413632984,OnTrack,2614.002325572899,376.00251571404743,2351.527459968714,6786.206,64.17
2026-07-26 14:02:16.581,0 days 01:53:06.239000,55,27.67333381333313,0 days 00:01:04.203000,11288.0,188.0,5,100.0,False,0,pos,3459.154552600895,0.8034470204007236,OnTrack,2614.0,376.0,2351.0,6786.239,64.203
2026-07-26 14:02:16.681,0 days 01:53:06.339000,55,26.923333813333166,0 days 00:01:04.303000,11288.0,188.0,5,100.0,False,0,pos,3464.3906158811433,0.8046631844596502,OnTrack,2614.0,376.0,2349.0,6786.339,64.303
2026-07-26 14:02:16.828,0 days 01:53:06.486000,55,25.820833333333212,0 days 00:01:04.450000,11288.0,188.0,5,100.0,False,0,car,3472.050833333335,0.8064423992342422,OnTrack,2614.000781996761,376.0008459307868,2346.55716446857,6786.486,64.45
2026-07-26 14:02:17.041,0 days 01:53:06.699000,55,25.34750014222221,0 days 00:01:04.663000,11156.47253952,188.0,5,57.4000128,False,0,pos,3482.9796905790668,0.8089808107613785,OnTrack,2614.0,376.0,2344.0,6786.699,64.663
2026-07-26 14:02:17.228,0 days 01:53:06.886000,55,24.931944444444525,0 days 00:01:04.850000,11041.0,188.0,5,20.0,True,0,car,3492.9397222222233,0.8112941961927331,OnTrack,2613.999977657794,375.99997584591995,2342.164901143401,6786.886,64.85
2026-07-26 14:02:17.281,0 days 01:53:06.939000,55,24.563889333333346,0 days 00:01:04.903000,11041.0,192.50499456,5,20.0,True,0,pos,3495.9050901187748,0.8119829529292845,OnTrack,2614.0,376.0,2342.0,6786.939,64.903
2026-07-26 14:02:17.428,0 days 01:53:07.086000,55,23.543055555555384,0 days 00:01:05.050000,11041.0,205.0,5,20.0,True,0,car,3504.3286111111124,0.813939457832336,OnTrack,2614.0000153757055,376.0000165221844,2342.708886446192,6787.086,65.05
2026-07-26 14:02:17.581,0 days 01:53:07.239000,55,22.48055599999985,0 days 00:01:05.203000,11041.0,205.0,5,20.0,True,0,pos,3513.0410755731846,0.8159630747323489,OnTrack,2614.0,376.0,2344.0,6787.239,65.203
2026-07-26 14:02:17.748,0 days 01:53:07.406000,55,21.320833333333212,0 days 00:01:05.370000,11041.0,205.0,5,20.0,True,0,car,3522.550833333335,0.8181718764557007,OnTrack,2613.999996736991,375.9999972544642,2344.5208303607064,6787.406,65.37
2026-07-26 14:02:17.901,0 days 01:53:07.559000,55,20.25833377777781,0 days 00:01:05.523000,11041.0,205.0,5,20.0,True,0,pos,3531.3203028134826,0.8202087337331596,OnTrack,2614.0,376.0,2345.0,6787.559,65.523
2026-07-26 14:02:17.948,0 days 01:53:07.606000,55,19.931944444444525,0 days 00:01:05.570000,11041.0,205.0,5,20.0,True,0,car,3533.9397222222233,0.8208171380953034,OnTrack,2614.00000111507,376.00000030349634,2345.291976502346,6787.606,65.57
2026-07-26 14:02:18.141,0 days 01:53:07.799000,55,19.288611119602002,0 days 00:01:05.763000,11041.0,192.51741310007182,5,20.0,True,0,pos,3544.2354142769955,0.8232084863217508,OnTrack,2614.0,376.0,2347.0,6787.799,65.763
2026-07-26 14:02:18.149,0 days 01:53:07.807000,55,19.261944444444453,0 days 00:01:05.771000,11041.0,192.0,5,20.0,True,0,car,3544.6597222222235,0.823307039002512,OnTrack,2613.999999371078,376.0000000020518,2347.0758793295495,6787.807,65.771
2026-07-26 14:02:18.308,0 days 01:53:07.966000,55,18.996944444444125,0 days 00:01:05.930000,11041.0,192.0,5,20.0,True,0,car,3553.139722222224,0.8252766621082145,OnTrack,2613.9999855949263,376.00000030399553,2348.577680269287,6787.966,65.93
2026-07-26 14:02:18.361,0 days 01:53:08.019000,55,18.908611217777437,0 days 00:01:05.983000,11041.0,192.0,5,20.0,True,0,pos,3555.968432422675,0.825933677788656,OnTrack,2614.0,376.0,2349.0,6788.019,65.983
2026-07-26 14:02:18.521,0 days 01:53:08.179000,55,18.64194455111071,0 days 00:01:06.143000,11041.0,192.0,5,20.0,True,0,pos,3564.49999551376,0.8279152772924246,OnTrack,2614.0,376.0,2350.0,6788.179,66.143
2026-07-26 14:02:18.548,0 days 01:53:08.206000,55,18.596944444444034,0 days 00:01:06.170000,11041.0,192.0,4,20.0,True,0,car,3565.9397222222237,0.8282496781168217,OnTrack,2613.9999306614054,376.00000154850886,2350.169041243143,6788.206,66.17
2026-07-26 14:02:18.789,0 days 01:53:08.447000,55,18.19527777777739,0 days 00:01:06.411000,11041.0,192.0,4,20.0,True,0,car,3578.793055555557,0.8312350816921316,OnTrack,2613.999522547036,376.0000106707794,2351.790703984171,6788.447,66.411
2026-07-26 14:02:18.822,0 days 01:53:08.480000,55,18.140277457777387,0 days 00:01:06.444000,11041.0,192.0,4,20.0,True,0,pos,3580.552834716562,0.8316438200997317,OnTrack,2614.0,376.0,2352.0,6788.48,66.444
2026-07-26 14:02:18.982,0 days 01:53:08.640000,55,17.873610791110703,0 days 00:01:06.604000,11041.0,192.0,4,20.0,True,0,pos,3589.0842611467206,0.8336253878616939,OnTrack,2614.0,376.0,2353.0,6788.64,66.604
2026-07-26 14:02:19.069,0 days 01:53:08.727000,55,17.728611111110695,0 days 00:01:06.691000,11041.0,192.0,4,20.0,True,0,car,3593.7263888888906,0.8347036003688401,OnTrack,2613.9881123265645,376.0002656886824,2353.6804080800484,6788.727,66.691
2026-07-26 14:02:19.242,0 days 01:53:08.900000,55,17.103889119999497,0 days 00:01:06.864000,11590.2747968,192.0,4,5.583338666666666,True,0,pos,3602.9629407701445,0.8368489454162854,OnTrack,2614.0,376.0,2355.0,6788.9,66.864
2026-07-26 14:02:19.309,0 days 01:53:08.967000,55,16.861944444443907,0 days 00:01:06.931000,11803.0,192.0,4,0.0,True,0,car,3606.5263888888903,0.8376766163774473,OnTrack,2614.0536734061707,375.998800402808,2355.279342389388,6788.967,66.931
2026-07-26 14:02:19.482,0 days 01:53:09.140000,55,16.23722245333284,0 days 00:01:07.104000,11863.11747776,192.0,4,0.0,True,0,pos,3615.668245428968,0.8397999668338569,OnTrack,2614.0,376.0,2356.0,6789.14,67.104
2026-07-26 14:02:19.582,0 days 01:53:09.240000,55,15.876110417777308,0 days 00:01:07.204000,11897.86756672,192.0,4,0.0,True,0,pos,3620.956990714759,0.8410283671776149,OnTrack,2614.0,376.0,2357.0,6789.24,67.204
2026-07-26 14:02:19.709,0 days 01:53:09.367000,55,15.417499999999563,0 days 00:01:07.331000,11942.0,192.0,2,0.0,True,0,car,3627.859722222224,0.8426316430584595,OnTrack,2618.8229231473683,375.8922079756337,2357.692634072395,6789.367,67.331
2026-07-26 14:02:19.842,0 days 01:53:09.500000,55,14.937222453332973,0 days 00:01:07.464000,11942.0,192.0,2,0.0,True,0,pos,3635.3207844205035,0.8443646006644517,OnTrack,2614.0,376.0,2358.0,6789.5,67.464
2026-07-26 14:02:19.989,0 days 01:53:09.647000,55,14.406388888888614,0 days 00:01:07.611000,11942.0,192.0,2,0.0,True,0,car,3642.793055555557,0.846100161735168,OnTrack,2576.6846965940986,376.83399464828005,2358.4455753665347,6789.647,67.611
2026-07-26 14:02:20.122,0 days 01:53:09.780000,55,16.401387928888745,0 days 00:01:07.744000,11476.500224,160.1750153142857,2,0.0,True,0,pos,3647.810042872641,0.8472654417045956,OnTrack,2614.0,376.0,2359.0,6789.78,67.744
2026-07-26 14:02:20.269,0 days 01:53:09.927000,55,18.606388888888887,0 days 00:01:07.891000,10962.0,125.0,2,0.0,True,0,car,3652.5152777777794,0.8483583119153169,OnTrack,2715.8389729638025,373.72390545738625,2359.8134208884244,6789.927,67.891
2026-07-26 14:02:20.302,0 days 01:53:09.960000,55,19.101391768888874,0 days 00:01:07.924000,10824.6367008,125.0,2,0.0,True,0,pos,3653.6227689573793,0.8486155454314374,OnTrack,2614.0,376.0,2360.0,6789.96,67.924
2026-07-26 14:02:20.502,0 days 01:53:10.160000,55,22.1013917688888,0 days 00:01:08.124000,9992.1367008,125.0,2,0.0,True,0,pos,3660.6043267877944,0.8502371300560342,OnTrack,1048.0,411.0,2361.0,6790.16,68.124
2026-07-26 14:02:20.509,0 days 01:53:10.167000,55,22.206388888888796,0 days 00:01:08.131000,9963.0,125.0,2,0.0,True,0,car,3660.8486111111124,0.8502938692125871,OnTrack,1007.0823309464419,411.914507290469,2361.0258588430415,6790.167,68.131
2026-07-26 14:02:20.669,0 days 01:53:10.327000,55,24.606388888888432,0 days 00:01:08.291000,9963.0,125.0,2,0.0,True,0,car,3666.404166666668,0.8515842407441007,OnTrack,683.3426399033659,419.15006871224915,2361.4068256559995,6790.327,68.291
2026-07-26 14:02:20.882,0 days 01:53:10.540000,55,27.80138792888864,0 days 00:01:08.504000,9963.0,125.0,2,0.0,True,0,pos,3673.868142252037,0.8533178750334097,OnTrack,1048.0,411.0,2362.0,6790.54,68.504
2026-07-26 14:02:20.949,0 days 01:53:10.607000,55,28.806388888888705,0 days 00:01:08.571000,9963.0,125.0,2,0.0,True,0,car,3676.1263888888902,0.8538423909242495,OnTrack,1065.3015186850284,410.613312162212,2362.405146280988,6790.607,68.571
2026-07-26 14:02:21.042,0 days 01:53:10.700000,55,29.813888195555396,0 days 00:01:08.664000,9854.500074666666,121.64166897777778,2,0.0,True,0,pos,3679.1408933520743,0.8545425604576138,OnTrack,1048.0,411.0,2363.0,6790.7,68.664
2026-07-26 14:02:21.282,0 days 01:53:10.940000,55,32.41388819555546,0 days 00:01:08.904000,9574.500074666666,112.97500231111111,2,0.0,True,0,pos,3686.4968585372267,0.8562511075087244,OnTrack,1048.0,411.0,2364.0,6790.94,68.904
2026-07-26 14:02:21.309,0 days 01:53:10.967000,55,32.706388888888796,0 days 00:01:08.931000,9543.0,112.0,2,0.0,True,0,car,3687.32638888889,0.8564437799317808,OnTrack,1048.3633444738593,410.9918792742114,2364.153210309425,6790.967,68.931
2026-07-26 14:02:21.442,0 days 01:53:11.100000,55,34.14722152888883,0 days 00:01:09.064000,9371.947304533332,112.0,2,0.0,True,0,pos,3691.442216846968,0.8573997504324089,OnTrack,1048.0,411.0,2365.0,6791.1,69.064
2026-07-26 14:02:21.662,0 days 01:53:11.320000,55,36.53055763555555,0 days 00:01:09.284000,9089.002530844444,112.0,2,0.0,True,0,pos,3698.3082667957897,0.8589945064022326,OnTrack,1048.0,411.0,2366.0,6791.32,69.284
2026-07-26 14:02:21.669,0 days 01:53:11.327000,55,36.60638888888889,0 days 00:01:09.291000,9080.0,112.0,2,0.0,True,0,car,3698.52638888889,0.8590451689393122,OnTrack,1048.0043919451978,410.99990184030526,2366.0421270750235,6791.327,69.291
2026-07-26 14:02:21.908,0 days 01:53:11.566000,55,39.19555555555553,0 days 00:01:09.530000,9080.0,112.0,2,0.0,True,0,car,3705.9619444444456,0.8607722021970899,OnTrack,1048.0020395617876,410.9999544159242,2367.9018945478624,6791.566,69.53
2026-07-26 14:02:21.922,0 days 01:53:11.580000,55,39.347220835555554,0 days 00:01:09.544000,9080.0,112.0,2,0.0,True,0,pos,3706.397404429995,0.8608733451274136,OnTrack,1048.0,411.0,2368.0,6791.58,69.544
2026-07-26 14:02:22.108,0 days 01:53:11.766000,55,41.3622222222225,0 days 00:01:09.730000,9080.0,112.0,2,0.0,True,0,car,3712.184166666668,0.8622174183123852,OnTrack,1047.9896220233832,411.00023194711457,2369.00692094679,6791.766,69.73
2026-07-26 14:02:22.308,0 days 01:53:11.966000,55,43.52888888888947,0 days 00:01:09.930000,8932.0,112.0,2,0.0,False,0,car,3718.40638888889,0.8636626344276804,OnTrack,1047.9985394728767,411.0000326426878,2369.7640035739014,6791.966,69.93
2026-07-26 14:02:22.362,0 days 01:53:12.020000,55,44.11388750222278,0 days 00:01:09.984000,8932.0,112.0,2,0.0,False,0,pos,3720.086920454093,0.8640529662437991,OnTrack,1048.0,411.0,2370.0,6792.02,69.984
2026-07-26 14:02:22.548,0 days 01:53:12.206000,55,46.12888888888938,0 days 00:01:10.170000,8932.0,112.0,2,0.0,False,0,car,3725.8730555555567,0.8653968937660347,OnTrack,1048.0014090617697,410.9999685075593,2370.926352941484,6792.206,70.17
2026-07-26 14:02:22.762,0 days 01:53:12.420000,55,48.447220835556024,0 days 00:01:10.384000,8932.0,112.0,2,0.0,False,0,pos,3732.5178916371424,0.86694026908206,OnTrack,1048.0,411.0,2372.0,6792.42,70.384
2026-07-26 14:02:22.828,0 days 01:53:12.486000,55,49.16222222222268,0 days 00:01:10.450000,8932.0,112.0,2,0.0,False,0,car,3734.584166666668,0.8674201963274479,OnTrack,1047.999868729284,411.000002933892,2372.2815144178776,6792.486,70.45
2026-07-26 14:02:23.021,0 days 01:53:12.679000,55,51.2530548622227,0 days 00:01:10.643000,8983.265608,112.0,2,0.0,False,0,pos,3740.6906829314967,0.8688385377815225,OnTrack,1048.0,411.0,2373.0,6792.679,70.643
2026-07-26 14:02:23.148,0 days 01:53:12.806000,55,52.62888888888938,0 days 00:01:10.770000,9017.0,112.0,2,0.0,False,0,car,3744.539722222223,0.8697325421119202,OnTrack,1048.0000386751822,410.99999913561214,2373.4316724313903,6792.806,70.77
2026-07-26 14:02:23.308,0 days 01:53:12.966000,55,54.8066666666673,0 days 00:01:10.930000,9230.0,102.0,2,25.0,False,0,car,3749.073055555557,0.8707854852816355,OnTrack,1048.0000091884374,410.9999997946389,2373.88193802485,6792.966,70.93
2026-07-26 14:02:23.381,0 days 01:53:13.039000,55,55.800276906667364,0 days 00:01:11.003000,9230.0,102.0,2,25.0,False,0,pos,3751.1331438332927,0.8712639755495146,OnTrack,1048.0,411.0,2374.0,6793.039,71.003
2026-07-26 14:02:23.548,0 days 01:53:13.206000,55,58.073333333334176,0 days 00:01:11.170000,9230.0,102.0,2,25.0,False,0,car,3755.8730555555567,0.872364900036208,OnTrack,1047.9999973550248,411.00000005911505,2374.053658614771,6793.206,71.17
2026-07-26 14:02:23.661,0 days 01:53:13.319000,55,59.61138801777863,0 days 00:01:11.283000,9230.0,102.0,2,25.0,False,0,pos,3759.0790963810605,0.873109557122026,OnTrack,1048.0,411.0,2374.0,6793.319,71.283
2026-07-26 14:02:23.828,0 days 01:53:13.486000,55,61.88444444444531,0 days 00:01:11.450000,9230.0,102.0,2,25.0,False,0,car,3763.80638888889,0.8742075505832094,OnTrack,1048.0000000341388,410.999999999237,2373.975606501858,6793.486,71.45
2026-07-26 14:02:23.841,0 days 01:53:13.499000,55,62.06138801777864,0 days 00:01:11.463000,9230.0,102.0,2,25.0,False,0,pos,3764.173411286256,0.8742927977287475,OnTrack,1048.0,411.0,2374.0,6793.499,71.463
2026-07-26 14:02:24.081,0 days 01:53:13.739000,55,65.32805468444532,0 days 00:01:11.703000,9230.0,102.0,2,25.0,False,0,pos,3770.962544007524,0.8758696883744418,OnTrack,1048.0,411.0,2375.0,6793.739,71.703
2026-07-26 14:02:24.108,0 days 01:53:13.766000,55,65.69555555555644,0 days 00:01:11.730000,9230.0,102.0,2,25.0,False,0,car,3771.7397222222235,0.8760502011302108,OnTrack,1048.0000000116622,410.9999999997392,2375.0685752916056,6793.766,71.73
2026-07-26 14:02:24.421,0 days 01:53:14.079000,55,68.39083278222303,0 days 00:01:12.043000,8753.6532224,105.9124992,2,35.7593728,False,0,pos,3780.9551954827766,0.8781906503122824,OnTrack,1048.0,411.0,2375.0,6794.079,72.043
2026-07-26 14:02:24.428,0 days 01:53:14.086000,55,68.45111111111191,0 days 00:01:12.050000,8743.0,106.0,2,36.0,True,0,car,3781.1619444444455,0.8782386712476578,OnTrack,1047.9999999995075,411.000000000011,2374.9988991003547,6794.086,72.05
2026-07-26 14:02:24.668,0 days 01:53:14.326000,55,70.51777777777852,0 days 00:01:12.290000,8743.0,106.0,2,36.0,True,0,car,3788.2286111111125,0.8798800238357432,OnTrack,1047.9999999997988,411.00000000000455,2375.0148393478694,6794.326,72.29
2026-07-26 14:02:24.681,0 days 01:53:14.339000,55,70.62972167111185,0 days 00:01:12.303000,8743.0,106.0,2,36.0,True,0,pos,3788.611189482256,0.8799688841187085,OnTrack,1048.0,411.0,2375.0,6794.339,72.303
2026-07-26 14:02:25.028,0 days 01:53:14.686000,55,73.61777777777843,0 days 00:01:12.650000,8743.0,106.0,2,36.0,True,0,car,3798.8286111111124,0.882342052717871,OnTrack,1048.000000000083,410.99999999999625,2374.045230346553,6794.686,72.65
2026-07-26 14:02:25.061,0 days 01:53:14.719000,55,73.90194396879723,0 days 00:01:12.683000,8877.190646756022,106.0,2,39.834018478743495,True,0,pos,3799.79990906359,0.8825676530586399,OnTrack,1048.0,411.0,2374.0,6794.719,72.683
2026-07-26 14:02:25.269,0 days 01:53:14.927000,55,75.69305555555638,0 days 00:01:12.891000,9723.0,106.0,2,64.0,True,0,car,3805.9247222222234,0.8839902442750733,OnTrack,1047.999999999966,411.0000000000166,2374.036843278838,6794.927,72.891
2026-07-26 14:02:25.342,0 days 01:53:15,55,76.32166832000081,0 days 00:01:12.964000,9820.8658824,106.0,2,64.0,True,0,pos,3808.0800769332614,0.8844908617797719,OnTrack,1048.0,411.0,2374.0,6795.0,72.964
2026-07-26 14:02:25.589,0 days 01:53:15.247000,55,78.44861111111186,0 days 00:01:13.211000,10152.0,106.0,2,64.0,True,0,car,3815.3469444444454,0.8861787143925203,OnTrack,1047.9999999999868,410.9999999999191,2373.2735713533825,6795.247,73.211
2026-07-26 14:02:25.642,0 days 01:53:15.300000,55,78.90499944888963,0 days 00:01:13.264000,10152.0,106.0,2,64.0,True,0,pos,3816.8824116219603,0.8865353525565391,OnTrack,1048.0,411.0,2373.0,6795.3,73.264
2026-07-26 14:02:25.802,0 days 01:53:15.460000,55,80.28277722666736,0 days 00:01:13.424000,10152.0,106.0,2,64.0,True,0,pos,3821.45963529576,0.8875984899985068,OnTrack,1048.0,411.0,2372.0,6795.46,73.424
2026-07-26 14:02:26.042,0 days 01:53:15.700000,55,82.34944389333397,0 days 00:01:13.664000,10152.0,106.0,2,64.0,True,0,pos,3828.525613638125,0.8892396827116571,OnTrack,1048.0,411.0,2371.0,6795.7,73.664
2026-07-26 14:02:26.109,0 days 01:53:15.767000,55,82.9263888888895,0 days 00:01:13.731000,10152.0,106.0,2,64.0,True,0,car,3830.6580555555565,0.8897349783333718,OnTrack,1048.0000000012865,411.000000006172,2371.0351292248465,6795.767,73.731
2026-07-26 14:02:26.222,0 days 01:53:15.880000,55,83.36583408000064,0 days 00:01:13.844000,10565.5100776,112.0031352,2,58.703116,True,0,pos,3834.41859827068,0.8906084278406463,OnTrack,1048.0,411.0,2371.0,6795.88,73.844
2026-07-26 14:02:26.429,0 days 01:53:16.087000,55,84.17083333333403,0 days 00:01:14.051000,11323.0,123.0,2,49.0,False,0,car,3841.59138888889,0.8922744295073904,OnTrack,1047.9999999762097,410.9999998858863,2368.7157509173744,6796.087,74.051
2026-07-26 14:02:26.502,0 days 01:53:16.160000,55,84.4547229688896,0 days 00:01:14.124000,11323.0,123.0,2,49.0,False,0,pos,3844.093640849154,0.8928556197523461,OnTrack,1048.0,411.0,2368.0,6796.16,74.124
2026-07-26 14:02:26.629,0 days 01:53:16.287000,55,84.94861111111186,0 days 00:01:14.251000,11323.0,123.0,2,49.0,False,0,car,3848.4247222222234,0.8938615864911522,OnTrack,1048.0000001089531,411.0000005226069,2367.4264666847703,6796.287,74.251
2026-07-26 14:02:26.762,0 days 01:53:16.420000,55,85.46583308444522,0 days 00:01:14.384000,11323.0,123.0,2,49.0,False,0,pos,3852.973205137085,0.8949180484068366,OnTrack,1048.0,411.0,2367.0,6796.42,74.384
2026-07-26 14:02:26.909,0 days 01:53:16.567000,55,86.03750000000082,0 days 00:01:14.531000,11323.0,123.0,2,49.0,False,0,car,3857.99138888889,0.8960836062684187,OnTrack,1047.9999992219723,410.99999626810444,2365.8145892791076,6796.567,74.531
2026-07-26 14:02:27.102,0 days 01:53:16.760000,55,87.48500144000072,0 days 00:01:14.724000,11323.0,123.0,2,49.0,False,0,pos,3864.5204131546498,0.8976000823358161,OnTrack,1048.0,411.0,2364.0,6796.76,74.724
2026-07-26 14:02:27.269,0 days 01:53:16.927000,55,88.73750000000064,0 days 00:01:14.891000,11323.0,123.0,2,49.0,False,0,car,3870.29138888889,0.8989404888391898,OnTrack,1048.0000055923686,411.0000268244117,2363.2047188897855,6796.927,74.891
2026-07-26 14:02:27.509,0 days 01:53:17.167000,55,89.80416666666724,0 days 00:01:15.131000,11323.0,130.0,2,49.0,False,0,car,3878.9580555555567,0.9009534684283509,OnTrack,1048.0000038832272,411.0000186263257,2362.2736181539103,6797.167,75.131
2026-07-26 14:02:27.542,0 days 01:53:17.200000,55,89.95083418666728,0 days 00:01:15.164000,11323.0,130.0,2,49.0,False,0,pos,3880.154199932149,0.9012312931455551,OnTrack,1048.0,411.0,2362.0,6797.2,75.164
2026-07-26 14:02:27.642,0 days 01:53:17.300000,55,90.39527749333408,0 days 00:01:15.264000,11323.0,130.0,2,49.0,False,0,pos,3883.7695428601915,0.902071017551936,OnTrack,1048.0,411.0,2361.0,6797.3,75.264
2026-07-26 14:02:27.709,0 days 01:53:17.367000,55,90.69305555555638,0 days 00:01:15.331000,11323.0,130.0,2,49.0,False,0,car,3886.180277777779,0.9026309514193185,OnTrack,1048.0000616080556,411.00029550982657,2360.3686136343304,6797.367,75.331
2026-07-26 14:02:27.882,0 days 01:53:17.540000,55,91.41388862222288,0 days 00:01:15.504000,11398.327055466667,130.0,2,56.5687472,False,0,pos,3892.356410409313,0.9040654624493837,OnTrack,1048.0,411.0,2359.0,6797.54,75.504
2026-07-26 14:02:28.042,0 days 01:53:17.700000,55,92.0805552888894,0 days 00:01:15.664000,11467.993722133333,130.0,2,63.5687472,False,0,pos,3898.0615993080496,0.9053905888500144,OnTrack,1048.0,411.0,2358.0,6797.7,75.664
2026-07-26 14:02:28.189,0 days 01:53:17.847000,55,92.69305555555593,0 days 00:01:15.811000,11532.0,130.0,2,70.0,False,0,car,3903.5136111111124,0.906656910597641,OnTrack,1048.0048493011163,411.0232602070499,2357.303349653477,6797.847,75.811
2026-07-26 14:02:28.242,0 days 01:53:17.900000,55,92.73722216888939,0 days 00:01:15.864000,11532.0,131.89285485714285,2,70.0,False,0,pos,3905.5349282300576,0.9071263956096015,OnTrack,1048.0,411.0,2357.0,6797.9,75.864
2026-07-26 14:02:28.469,0 days 01:53:18.127000,55,92.92638888888996,0 days 00:01:16.091000,11532.0,140.0,3,70.0,False,0,car,3914.4025000000006,0.9091860387994074,OnTrack,1047.9319984892359,410.6738232619281,2355.073314869242,6798.127,76.091
2026-07-26 14:02:28.582,0 days 01:53:18.240000,55,93.02055568527165,0 days 00:01:16.204000,11532.0,140.0,3,70.0,False,0,pos,3918.800538961808,0.9102075575681521,OnTrack,1048.0,411.0,2354.0,6798.24,76.204
2026-07-26 14:02:28.668,0 days 01:53:18.326000,55,93.09222222222297,0 days 00:01:16.290000,11532.0,140.0,3,70.0,False,0,car,3922.14138888889,0.910983526342806,OnTrack,1048.1349872886565,411.6474814015214,2353.209228304078,6798.326,76.29
2026-07-26 14:02:28.822,0 days 01:53:18.480000,55,93.22055566222315,0 days 00:01:16.444000,11532.0,140.0,3,70.0,False,0,pos,3928.129639096658,0.9123743985093091,OnTrack,1048.0,411.0,2352.0,6798.48,76.444
2026-07-26 14:02:28.908,0 days 01:53:18.566000,55,93.29222222222324,0 days 00:01:16.530000,11532.0,140.0,3,70.0,False,0,car,3931.474722222223,0.9131513505157487,OnTrack,1047.2523486220978,407.41380779752126,2351.5651108360325,6798.566,76.53
2026-07-26 14:02:29.002,0 days 01:53:18.660000,55,93.37055544888985,0 days 00:01:16.624000,11532.0,140.0,3,70.0,False,0,pos,3935.1305704267506,0.9140004829561469,OnTrack,1048.0,411.0,2351.0,6798.66,76.624
2026-07-26 14:02:29.182,0 days 01:53:18.840000,55,93.52055566222303,0 days 00:01:16.804000,11532.0,140.0,3,70.0,False,0,pos,3942.130333526318,0.9156262960617307,OnTrack,1048.0,411.0,2349.0,6798.84,76.804
2026-07-26 14:02:29.228,0 days 01:53:18.886000,55,93.55888888888967,0 days 00:01:16.850000,11532.0,140.0,3,70.0,True,0,car,3943.9191666666675,0.9160417827463391,OnTrack,1037.2687260793323,359.5262623805462,2348.516333312541,6798.886,76.85
2026-07-26 14:02:29.581,0 days 01:53:19.239000,55,93.85305550222314,0 days 00:01:17.203000,11532.0,140.0,3,100.00499456,True,0,pos,3957.646963899321,0.9192302953194322,OnTrack,871.0,-438.0,2346.0,6799.239,77.203
2026-07-26 14:02:29.628,0 days 01:53:19.286000,55,93.89222222222315,0 days 00:01:17.250000,11532.0,140.0,3,104.0,True,0,car,3959.474722222223,0.9196548230345771,OnTrack,865.1417250714903,-466.0998610979165,2345.7949750640396,6799.286,77.25
2026-07-26 14:02:29.781,0 days 01:53:19.439000,55,94.0197221688899,0 days 00:01:17.403000,11532.0,140.0,3,104.0,True,0,pos,3965.424540989643,0.9210367688505029,OnTrack,871.0,-438.0,2345.0,6799.439,77.403
2026-07-26 14:02:29.988,0 days 01:53:19.646000,55,94.19222222222334,0 days 00:01:17.610000,11532.0,140.0,3,104.0,True,0,car,3973.474722222223,0.9229065592939913,OnTrack,871.261994117286,-436.7433163506404,2342.402186214034,6799.646,77.61
2026-07-26 14:02:30.021,0 days 01:53:19.679000,55,94.21972216888997,0 days 00:01:17.643000,11532.0,140.0,3,104.0,True,0,pos,3974.758218029256,0.9232046728550294,OnTrack,871.0,-438.0,2342.0,6799.679,77.643
2026-07-26 14:02:30.188,0 days 01:53:19.846000,55,94.35888888888985,0 days 00:01:17.810000,11532.0,140.0,3,104.0,True,0,car,3981.252500000001,0.9247130794381104,OnTrack,870.6461764868006,-439.6971534871196,2340.390424386029,6799.846,77.81
2026-07-26 14:02:30.361,0 days 01:53:20.019000,55,93.92638904888992,0 days 00:01:17.983000,10623.750336,140.0,3,99.6750016,True,0,pos,3987.975080697924,0.926274512253273,OnTrack,871.0,-438.0,2339.0,6800.019,77.983
2026-07-26 14:02:30.428,0 days 01:53:20.086000,55,93.75888888888994,0 days 00:01:18.050000,10272.0,140.0,3,98.0,False,0,car,3990.585833333334,0.9268809036110531,OnTrack,871.053470777419,-437.7435214789374,2338.40348082165,6800.086,78.05
2026-07-26 14:02:30.668,0 days 01:53:20.326000,55,93.15888888889003,0 days 00:01:18.290000,10234.0,140.0,4,98.0,False,0,car,3999.9191666666675,0.929048727783996,OnTrack,871.001641966679,-437.99212408831573,2336.1199798573884,6800.326,78.29
2026-07-26 14:02:30.681,0 days 01:53:20.339000,55,93.12638904889005,0 days 00:01:18.303000,10234.0,140.0,4,98.0,False,0,pos,4000.4142111709793,0.9291637102243314,OnTrack,871.0,-438.0,2336.0,6800.339,78.303
2026-07-26 14:02:30.801,0 days 01:53:20.459000,55,92.82638904889018,0 days 00:01:18.423000,10234.0,140.0,4,98.0,False,0,pos,4004.9132531159826,0.9302086886404166,OnTrack,871.0,-438.0,2335.0,6800.459,78.423
2026-07-26 14:02:30.981,0 days 01:53:20.639000,55,92.37638904889039,0 days 00:01:18.603000,10234.0,140.0,4,98.0,False,0,pos,4011.744750718893,0.9317954192448084,OnTrack,871.0,-438.0,2334.0,6800.639,78.603
2026-07-26 14:02:31.068,0 days 01:53:20.726000,55,92.15888888889049,0 days 00:01:18.690000,10234.0,140.0,4,98.0,False,0,car,4015.4747222222227,0.932661768072234,OnTrack,870.999867002946,-438.0006510059248,2332.526367535496,6800.726,78.69
2026-07-26 14:02:31.181,0 days 01:53:20.839000,55,90.62083420444615,0 days 00:01:18.803000,10457.1748736,152.55554844444444,4,98.62777742222222,False,0,pos,4020.7890905100317,0.9338961197906159,OnTrack,871.0,-438.0,2332.0,6800.839,78.803
2026-07-26 14:02:31.428,0 days 01:53:21.086000,55,87.25888888889085,0 days 00:01:19.050000,10945.0,180.0,4,100.0,False,0,car,4033.4747222222227,0.936842571834338,OnTrack,870.9999613878668,-438.0000801728025,2344.9140999894134,6801.086,79.05
2026-07-26 14:02:31.461,0 days 01:53:21.119000,55,86.80972302815019,0 days 00:01:19.083000,10945.0,180.0,4,100.0,False,0,pos,4035.153915891345,0.9372325929015141,OnTrack,871.0,-438.0,2346.0,6801.119,79.083
2026-07-26 14:02:31.641,0 days 01:53:21.299000,55,84.35972267259437,0 days 00:01:19.263000,10945.0,180.0,4,100.0,False,0,pos,4044.188443067566,0.9393310143019127,OnTrack,871.0,-438.0,2347.0,6801.299,79.263
2026-07-26 14:02:31.741,0 days 01:53:21.399000,55,82.99861136395225,0 days 00:01:19.363000,10945.0,180.0,4,100.0,False,0,pos,4049.1508811979015,0.9404836243021637,OnTrack,871.0,-438.0,2348.0,6801.399,79.363
2026-07-26 14:02:31.869,0 days 01:53:21.527000,55,81.25638888889034,0 days 00:01:19.491000,10945.0,180.0,4,100.0,False,0,car,4055.524722222223,0.9419640564429155,OnTrack,871.0123031673486,-437.9709597324669,2348.995168987608,6801.527,79.491
2026-07-26 14:02:32.069,0 days 01:53:21.727000,55,78.53416666666863,0 days 00:01:19.691000,10945.0,180.0,4,100.0,False,0,car,4065.524722222223,0.9442867251996399,OnTrack,871.0261960152641,-437.9381659995238,2350.106335617205,6801.727,79.691
2026-07-26 14:02:32.142,0 days 01:53:21.800000,55,77.54055294222411,0 days 00:01:19.764000,10945.0,180.0,4,100.0,False,0,pos,4069.1751675668943,0.9451346027346595,OnTrack,871.0,-438.0,2351.0,6801.8,79.764
2026-07-26 14:02:32.229,0 days 01:53:21.887000,55,76.3563888888907,0 days 00:01:19.851000,10945.0,180.0,4,100.0,True,0,car,4073.524722222223,0.9461448602050194,OnTrack,870.9439017973319,-438.13241639044,2352.469820672207,6801.887,79.851
2026-07-26 14:02:32.322,0 days 01:53:21.980000,55,75.09055642666875,0 days 00:01:19.944000,10945.0,180.0,4,100.0,True,0,pos,4078.1745762734968,0.9472248672778416,OnTrack,871.0,-438.0,2354.0,6801.98,79.944
2026-07-26 14:02:32.469,0 days 01:53:22.127000,55,73.08972222222474,0 days 00:01:20.091000,10945.0,180.0,4,100.0,False,0,car,4085.5247222222224,0.9489320627130887,OnTrack,871.6612036014076,-436.4392688576455,2355.1466860467544,6802.127,80.091
2026-07-26 14:02:32.682,0 days 01:53:22.340000,55,70.19055642666916,0 days 00:01:20.304000,10945.0,180.0,4,100.0,False,0,pos,4096.174728702697,0.9514057064441996,OnTrack,871.0,-438.0,2356.0,6802.34,80.304
2026-07-26 14:02:32.749,0 days 01:53:22.407000,55,69.2786111111136,0 days 00:01:20.371000,10945.0,180.0,4,100.0,False,0,car,4099.524722222222,0.9521837989725029,OnTrack,869.760235068039,-440.92639022278087,2356.689497664025,6802.407,80.371
2026-07-26 14:02:32.782,0 days 01:53:22.440000,55,68.82944183111364,0 days 00:01:20.404000,10945.0,180.0,4,100.0,False,0,pos,4101.17472879624,0.9525670408442889,OnTrack,871.0,-438.0,2357.0,6802.44,80.404
2026-07-26 14:02:32.982,0 days 01:53:22.640000,55,66.10721960889161,0 days 00:01:20.604000,10945.0,180.0,4,100.0,False,0,pos,4111.174732530826,0.9548897104684341,OnTrack,871.0,-438.0,2358.0,6802.64,80.604
2026-07-26 14:02:33.109,0 days 01:53:22.767000,55,64.37861111111397,0 days 00:01:20.731000,10945.0,180.0,4,100.0,False,0,car,4117.524722222222,0.9563646027346069,OnTrack,729.8200597007957,-771.246719854096,2359.0301150859004,6802.767,80.731
2026-07-26 14:02:33.322,0 days 01:53:22.980000,55,61.77527856000321,0 days 00:01:20.944000,10709.3688208,180.0,4,33.43751999999999,False,0,pos,4128.174696970488,0.9588382390953771,OnTrack,416.0,-1512.0,2361.0,6802.98,80.944
2026-07-26 14:02:33.429,0 days 01:53:23.087000,55,60.46750000000338,0 days 00:01:21.051000,10591.0,180.0,4,0.0,True,0,car,4133.524722222222,0.960080872745366,OnTrack,375.47304921176607,-1607.6613995779526,2361.4618582173334,6803.087,81.051
2026-07-26 14:02:33.622,0 days 01:53:23.280000,55,58.10860876444767,0 days 00:01:21.244000,10591.0,180.0,4,0.0,True,0,pos,4143.174838444356,0.9623222750901569,OnTrack,416.0,-1512.0,2362.0,6803.28,81.244
2026-07-26 14:02:33.709,0 days 01:53:23.367000,55,57.04527777778094,0 days 00:01:21.331000,10591.0,180.0,4,0.0,True,0,car,4147.524722222222,0.9633326090047802,OnTrack,421.6478220053122,-1498.6687375293589,2362.523911609474,6803.367,81.331
2026-07-26 14:02:33.882,0 days 01:53:23.540000,55,54.930834115558675,0 days 00:01:21.504000,10591.0,180.0,4,0.0,True,0,pos,4156.174238808397,0.9653416051983278,OnTrack,416.0,-1512.0,2364.0,6803.54,81.504
2026-07-26 14:02:33.949,0 days 01:53:23.607000,55,54.111944444447545,0 days 00:01:21.571000,10591.0,180.0,4,0.0,True,0,car,4159.524722222222,0.9661198115128495,OnTrack,414.9715093786063,-1514.4273654335543,2364.6554518930475,6803.607,81.571
2026-07-26 14:02:34.182,0 days 01:53:23.840000,55,51.26416432000304,0 days 00:01:21.804000,10591.0,180.0,4,0.0,True,0,pos,4171.1751926367915,0.9688258298761558,OnTrack,416.0,-1512.0,2367.0,6803.84,81.804
2026-07-26 14:02:34.189,0 days 01:53:23.847000,55,51.17861111111415,0 days 00:01:21.811000,10591.0,180.0,4,0.0,True,0,car,4171.524722222222,0.9689070140209189,OnTrack,416.02415692783075,-1511.9431396520947,2367.060597647917,6803.847,81.811
2026-07-26 14:02:34.442,0 days 01:53:24.100000,55,48.508056231114665,0 days 00:01:22.064000,10362.59728,180.0,4,0.0,True,0,pos,4184.144141075614,0.971838087010798,OnTrack,416.0,-1512.0,2369.0,6804.1,82.064
2026-07-26 14:02:34.549,0 days 01:53:24.207000,55,47.37861111111488,0 days 00:01:22.171000,10266.0,180.0,4,0.0,True,0,car,4189.524722222222,0.9730878177830229,OnTrack,415.9737816134015,-1512.0413849564782,2369.9803971161027,6804.207,82.171
2026-07-26 14:02:34.662,0 days 01:53:24.320000,55,46.18583130667051,0 days 00:01:22.284000,10266.0,180.0,4,0.0,True,0,pos,4195.256162736575,0.9744190415643941,OnTrack,416.0,-1512.0,2371.0,6804.32,82.284
2026-07-26 14:02:34.989,0 days 01:53:24.647000,55,42.73416666667072,0 days 00:01:22.611000,10266.0,180.0,4,0.0,True,0,car,4211.524722222222,0.9781976890478167,OnTrack,416.0195840648464,-1512.0127462685841,2372.938333514198,6804.647,82.611
2026-07-26 14:02:35.002,0 days 01:53:24.660000,55,42.68000027456742,0 days 00:01:22.624000,10292.147931240394,179.318910058291,4,0.0,True,0,pos,4212.13094732252,0.9783384950578169,OnTrack,416.0,-1512.0,2373.0,6804.66,82.624
2026-07-26 14:02:35.282,0 days 01:53:24.940000,55,41.51333377798441,0 days 00:01:22.904000,10855.336915194619,164.649208324489,4,0.0,True,0,pos,4224.40120667118,0.9811884698604211,OnTrack,416.0,-1512.0,2374.0,6804.94,82.904
2026-07-26 14:02:35.428,0 days 01:53:25.086000,55,40.90500000000429,0 days 00:01:23.050000,11149.0,157.0,4,0.0,True,0,car,4230.67,0.9826445029011422,OnTrack,418.0570678074741,-1513.419446089653,2373.946160084072,6805.086,83.05
2026-07-26 14:02:35.542,0 days 01:53:25.200000,55,40.42999946667139,0 days 00:01:23.164000,11149.0,157.0,4,0.0,True,0,pos,4235.637946496967,0.9837983923125007,OnTrack,416.0,-1512.0,2374.0,6805.2,83.164
2026-07-26 14:02:35.588,0 days 01:53:25.246000,55,40.23833333333823,0 days 00:01:23.210000,11149.0,157.0,4,0.0,True,0,car,4237.647777777777,0.9842652095447232,OnTrack,413.2803342464719,-1510.1230082364666,2374.1285871180753,6805.246,83.21
2026-07-26 14:02:35.842,0 days 01:53:25.500000,55,39.18000053333823,0 days 00:01:23.464000,11149.0,157.0,4,0.0,True,0,pos,4248.725194219637,0.9868381264521966,OnTrack,416.0,-1512.0,2375.0,6805.5,83.464
2026-07-26 14:02:35.948,0 days 01:53:25.606000,55,38.73833333333823,0 days 00:01:23.570000,11149.0,157.0,4,0.0,True,0,car,4253.347777777777,0.9879117994927805,OnTrack,462.7020834438148,-1544.232721167247,2374.506217666507,6805.606,83.57
2026-07-26 14:02:36.042,0 days 01:53:25.700000,55,38.346667200004724,0 days 00:01:23.664000,11149.0,157.0,4,0.0,True,0,pos,4257.44972732873,0.9888645464991461,OnTrack,416.0,-1512.0,2374.0,6805.7,83.664
2026-07-26 14:02:36.108,0 days 01:53:25.766000,55,38.07166666667126,0 days 00:01:23.730000,11149.0,157.0,4,0.0,True,0,car,4260.325555555555,0.9895325061363616,OnTrack,276.3107960235935,-1415.589655218741,2373.8310112575177,6805.766,83.73
2026-07-26 14:02:36.401,0 days 01:53:26.059000,55,38.15305553778202,0 days 00:01:24.023000,10551.0970056,156.0843752,4,0.0,True,0,pos,4273.023229144597,0.9924817551091969,OnTrack,-837.0,-640.0,2374.0,6806.059,84.023
2026-07-26 14:02:36.428,0 days 01:53:26.086000,55,38.16055555555977,0 days 00:01:24.050000,10496.0,156.0,4,0.0,True,0,car,4274.192222222222,0.9927532734790195,OnTrack,-894.8312929308673,-597.754765030734,2373.951162122499,6806.086,84.05
2026-07-26 14:02:36.661,0 days 01:53:26.319000,55,38.225277760003856,0 days 00:01:24.283000,10496.0,156.0,4,0.0,True,0,pos,4284.287723265295,0.9950981239646423,OnTrack,-1069.0,-449.0,2373.0,6806.319,84.283
2026-07-26 14:02:36.788,0 days 01:53:26.446000,55,38.26055555555922,0 days 00:01:24.410000,10496.0,156.0,3,0.0,True,0,car,4289.792222222222,0.9963766367395098,OnTrack,-1138.476916070693,-387.36739000532225,2372.345887847908,6806.446,84.41
2026-07-26 14:02:37.002,0 days 01:53:26.660000,55,38.26055555555922,0 days 00:01:24.624000,10496.0,156.0,3,0.0,True,0,interpolation,4299.066140082583,0.9985306606661788,OnTrack,-1289.5447544716403,-265.84797786965174,2371.1168400152264,6806.66,84.624
