Date,SessionTime,DriverAhead,DistanceToDriverAhead,Time,RPM,Speed,nGear,Throttle,Brake,DRS,Source,Distance,RelativeDistance,Status,X,Y,Z,SessionTime_seconds,Time_seconds
2026-07-26 14:07:18.485,0 days 01:58:08.143000,,543.4733333333332,0 days 00:00:00,11630.0,213.0,5,0.0,False,0,interpolation,0.00020626472467826003,4.631999176793061e-08,OnTrack,-1103.6550009949474,-420.36557121208625,2305.478426672194,7088.143,0.0
2026-07-26 14:07:18.669,0 days 01:58:08.327000,,543.4733333333332,0 days 00:00:00.184000,11630.0,213.0,5,0.0,False,0,car,10.886666666666661,0.002444772421330254,OnTrack,-1296.9977956767373,-260.6119908604934,2302.1747590408127,7088.327,0.184
2026-07-26 14:07:18.682,0 days 01:58:08.340000,,543.4733333333332,0 days 00:00:00.197000,11630.0,213.0,5,4.828547657142858,False,0,pos,11.655798655235838,0.0026174931201070595,OnTrack,-1305.0,-254.0,2302.0,7088.34,0.197
2026-07-26 14:07:18.949,0 days 01:58:08.607000,63,543.4733333333332,0 days 00:00:00.464000,11630.0,213.0,5,104.0,True,0,car,27.453333333333326,0.006165078279876295,OnTrack,-1319.9947090604978,-241.6103039483829,2299.9069327242505,7088.607,0.464
2026-07-26 14:07:19.062,0 days 01:58:08.720000,63,542.9711102577777,0 days 00:00:00.577000,11630.0,213.0,5,104.0,True,0,pos,34.141021053673654,0.007666903861733954,OnTrack,-1305.0,-254.0,2299.0,7088.72,0.577
2026-07-26 14:07:19.189,0 days 01:58:08.847000,63,542.4066666666665,0 days 00:00:00.704000,11630.0,213.0,5,104.0,True,0,car,41.65333333333332,0.009353911872915757,OnTrack,-1301.8134123084626,-256.632985609444,2297.5720614910456,7088.847,0.704
2026-07-26 14:07:19.322,0 days 01:58:08.980000,63,541.8155564046425,0 days 00:00:00.837000,11630.0,213.0,5,104.0,True,0,pos,49.51175686046981,0.011118644614582271,OnTrack,-1305.0,-254.0,2296.0,7088.98,0.837
2026-07-26 14:07:19.390,0 days 01:58:09.048000,63,541.5133333333332,0 days 00:00:00.905000,11630.0,213.0,5,104.0,True,0,car,53.54583333333333,0.012024560007086309,OnTrack,-1305.496853134522,-253.58946452971114,2295.32583685467,7089.048,0.905
2026-07-26 14:07:19.542,0 days 01:58:09.200000,63,540.837777312879,0 days 00:00:01.057000,11630.0,213.0,5,104.0,True,0,pos,62.631628525236906,0.014064918382256635,OnTrack,-1305.0,-254.0,2294.0,7089.2,1.057
2026-07-26 14:07:19.669,0 days 01:58:09.327000,63,540.2733333333333,0 days 00:00:01.184000,11630.0,213.0,5,104.0,True,0,car,70.05333333333331,0.015731579058994683,OnTrack,-1304.9230025268084,-254.06362133839195,2292.846932067209,7089.327,1.184
2026-07-26 14:07:19.782,0 days 01:58:09.440000,63,539.6455544888888,0 days 00:00:01.297000,11148.05418112,205.65498752,5,78.00995584,True,0,pos,76.37042244255571,0.017150180887284268,OnTrack,-1305.0,-254.0,2292.0,7089.44,1.297
2026-07-26 14:07:19.869,0 days 01:58:09.527000,63,539.1622222222221,0 days 00:00:01.384000,10777.0,200.0,5,58.0,False,0,car,81.16444444444443,0.018226754014424622,OnTrack,-1305.0245860609446,-253.97968333647663,2291.5932257952954,7089.527,1.384
2026-07-26 14:07:20.122,0 days 01:58:09.780000,63,537.7566670222221,0 days 00:00:01.637000,10777.0,200.0,5,58.0,False,0,pos,95.21301548553124,0.021381581850341454,OnTrack,-1305.0,-254.0,2291.0,7089.78,1.637
2026-07-26 14:07:20.309,0 days 01:58:09.967000,63,536.7177777777778,0 days 00:00:01.824000,10777.0,200.0,5,58.0,False,0,car,105.60888888888888,0.023716138916370495,OnTrack,-1305.0091028603665,-253.99249725607925,2290.1525258805477,7089.967,1.824
2026-07-26 14:07:20.362,0 days 01:58:10.020000,63,536.4233336888889,0 days 00:00:01.877000,10777.0,200.0,5,58.0,False,0,pos,108.54617639421424,0.02437575307618715,OnTrack,-1305.0,-254.0,2290.0,7090.02,1.877
2026-07-26 14:07:20.581,0 days 01:58:10.239000,63,535.2066666666666,0 days 00:00:02.096000,10777.0,200.0,5,58.0,False,0,pos,120.66043426800354,0.027096200432714067,OnTrack,-1305.0,-254.0,2290.0,7090.239,2.096
2026-07-26 14:07:20.709,0 days 01:58:10.367000,63,534.4955555555555,0 days 00:00:02.224000,10777.0,200.0,5,58.0,False,0,car,127.83111111111111,0.028706488827230377,OnTrack,-1305.349794374675,-253.71163710868117,2290.0327756784354,7090.367,2.224
2026-07-26 14:07:20.881,0 days 01:58:10.539000,63,532.5844444444444,0 days 00:00:02.396000,10961.9,203.58333333333334,5,67.31666666666666,False,0,pos,137.6176805602381,0.030904217096243754,OnTrack,-1305.0,-254.0,2290.0,7090.539,2.396
2026-07-26 14:07:20.949,0 days 01:58:10.607000,63,531.828888888889,0 days 00:00:02.464000,11035.0,205.0,5,71.0,False,0,car,141.49777777777777,0.031775554022409204,OnTrack,-1304.074403053802,-254.76304254943764,2289.9668033588027,7090.607,2.464
2026-07-26 14:07:21.101,0 days 01:58:10.759000,63,530.14,0 days 00:00:02.616000,11035.0,205.0,5,71.0,False,0,pos,150.15344094039315,0.03371931947754879,OnTrack,-1305.0,-254.0,2290.0,7090.759,2.616
2026-07-26 14:07:21.109,0 days 01:58:10.767000,63,530.0511111111111,0 days 00:00:02.624000,11035.0,205.0,5,71.0,False,0,car,150.60888888888888,0.033821597485861755,OnTrack,-1305.440421341818,-253.63692594912223,2290.0147553278352,7090.767,2.624
2026-07-26 14:07:21.270,0 days 01:58:10.928000,63,528.2622222222222,0 days 00:00:02.785000,11035.0,205.0,5,71.0,False,0,car,159.77694444444444,0.03588042872096088,OnTrack,-1323.385729952608,-238.84319256765394,2290.6124743900964,7090.928,2.785
2026-07-26 14:07:21.462,0 days 01:58:11.120000,63,526.1288888888889,0 days 00:00:02.977000,11035.0,205.0,5,71.0,False,0,pos,170.71033966555098,0.0383356947749779,OnTrack,-1305.0,-254.0,2291.0,7091.12,2.977
2026-07-26 14:07:21.550,0 days 01:58:11.208000,63,525.1511111111112,0 days 00:00:03.065000,11035.0,205.0,5,71.0,False,0,car,175.72138888888887,0.039461004782002845,OnTrack,-1257.714881276128,-292.98085314417017,2290.6393735848665,7091.208,3.065
2026-07-26 14:07:21.742,0 days 01:58:11.400000,63,523.0177777777778,0 days 00:00:03.257000,11245.72,205.0,5,80.12,False,0,pos,186.65468920095913,0.04191624952270133,OnTrack,-1305.0,-254.0,2294.0,7091.4,3.257
2026-07-26 14:07:21.950,0 days 01:58:11.608000,63,520.7066666666667,0 days 00:00:03.465000,11474.0,205.0,5,90.0,False,0,car,198.49916666666664,0.04457611344063422,OnTrack,-2189.0501532691605,474.7922739229149,2317.629451366222,7091.608,3.465
2026-07-26 14:07:22.202,0 days 01:58:11.860000,63,517.9066695111112,0 days 00:00:03.717000,11474.0,205.0,5,90.0,False,0,pos,212.84915518994532,0.047798629318293505,OnTrack,-3434.0,1501.0,2347.0,7091.86,3.717
2026-07-26 14:07:22.350,0 days 01:58:12.008000,63,516.2622222222224,0 days 00:00:03.865000,11474.0,205.0,5,90.0,False,0,car,221.27694444444444,0.0496912220992656,OnTrack,-3635.8983548189362,1667.269972370113,2347.900345589286,7092.008,3.865
2026-07-26 14:07:22.442,0 days 01:58:12.100000,63,515.2400028444446,0 days 00:00:03.957000,11474.0,205.0,5,90.0,False,0,pos,226.5158185688853,0.05086769377516154,OnTrack,-3666.0,1692.0,2347.0,7092.1,3.957
2026-07-26 14:07:22.630,0 days 01:58:12.288000,63,513.1511111111113,0 days 00:00:04.145000,11474.0,205.0,5,90.0,False,0,car,237.22138888888884,0.053271798160307554,OnTrack,-3674.059765804766,1698.6215061306127,2349.401116821323,7092.288,4.145
2026-07-26 14:07:22.762,0 days 01:58:12.420000,63,510.84111559111136,0 days 00:00:04.277000,11683.87959296,205.0,5,96.5999872,False,0,pos,244.7380377740707,0.05495978002454351,OnTrack,-3666.0,1692.0,2352.0,7092.42,4.277
2026-07-26 14:07:22.830,0 days 01:58:12.488000,63,509.6511111111114,0 days 00:00:04.345000,11792.0,205.0,5,100.0,False,0,car,248.61027777777772,0.055829352489623243,OnTrack,-3664.5738261815018,1690.828326066393,2353.023104557841,7092.488,4.345
2026-07-26 14:07:23.002,0 days 01:58:12.660000,63,506.6411155911114,0 days 00:00:04.517000,11792.0,205.0,5,100.0,False,0,pos,258.4047415511505,0.05802885355344994,OnTrack,-3666.0,1692.0,2355.0,7092.66,4.517
2026-07-26 14:07:23.150,0 days 01:58:12.808000,63,504.05111111111137,0 days 00:00:04.665000,11792.0,205.0,6,100.0,False,0,car,266.8325,0.05992143941652835,OnTrack,-3666.586457214761,1692.4818017098569,2356.687906964454,7092.808,4.665
2026-07-26 14:07:23.430,0 days 01:58:13.088000,63,499.1511111111113,0 days 00:00:04.945000,11792.0,205.0,6,100.0,False,0,car,282.77694444444444,0.06350201547757033,OnTrack,-3666.013794804109,1692.011330837138,2358.9699213486565,7093.088,4.945
2026-07-26 14:07:23.462,0 days 01:58:13.120000,63,498.5911111111113,0 days 00:00:04.977000,11792.0,205.0,6,100.0,False,0,pos,284.59930578566394,0.06391125541162224,OnTrack,-3666.0,1692.0,2359.0,7093.12,4.977
2026-07-26 14:07:23.502,0 days 01:58:13.160000,63,497.8911111111113,0 days 00:00:05.017000,11792.0,205.0,6,100.0,False,0,pos,286.8773117372639,0.06442281751750997,OnTrack,-3666.0,1692.0,2359.0,7093.16,5.017
2026-07-26 14:07:23.742,0 days 01:58:13.400000,63,493.69111111111135,0 days 00:00:05.257000,11792.0,205.0,6,100.0,False,0,pos,300.54379085216067,0.06749184059498567,OnTrack,-3666.0,1692.0,2361.0,7093.4,5.257
2026-07-26 14:07:23.750,0 days 01:58:13.408000,63,493.55111111111137,0 days 00:00:05.265000,11792.0,205.0,6,100.0,False,0,car,300.9991666666666,0.06759410240447541,OnTrack,-3666.018896622179,1692.015566161759,2360.986685563735,7093.408,5.265
2026-07-26 14:07:23.950,0 days 01:58:13.608000,63,490.05111111111137,0 days 00:00:05.465000,10431.0,205.0,6,100.0,False,0,car,312.3880555555555,0.0701516567337911,OnTrack,-3666.6650208293686,1692.5478067792378,2359.041669656454,7093.608,5.465
2026-07-26 14:07:24.022,0 days 01:58:13.680000,63,488.7911111111114,0 days 00:00:05.537000,10431.0,205.0,6,100.0,False,0,pos,316.5000857087264,0.07107507785266592,OnTrack,-3666.0,1692.0,2361.0,7093.68,5.537
2026-07-26 14:07:24.222,0 days 01:58:13.880000,63,485.2911111111114,0 days 00:00:05.737000,10431.0,205.0,6,100.0,False,0,pos,327.90822988359736,0.07363695625964241,OnTrack,-3666.0,1692.0,2374.0,7093.88,5.737
2026-07-26 14:07:24.270,0 days 01:58:13.928000,63,484.4511111111114,0 days 00:00:05.785000,10431.0,205.0,6,100.0,False,0,car,330.61027777777775,0.07424374366069621,OnTrack,-3670.701006971288,1695.8724224775679,2374.9902469077365,7093.928,5.785
2026-07-26 14:07:24.402,0 days 01:58:14.060000,63,482.14111559111143,0 days 00:00:05.917000,10431.0,205.0,6,100.0,False,0,pos,337.95255606757587,0.07589256786210132,OnTrack,-3666.0,1692.0,2374.0,7094.06,5.917
2026-07-26 14:07:24.542,0 days 01:58:14.200000,63,479.6911111111114,0 days 00:00:06.057000,10431.0,205.0,6,100.0,False,0,pos,346.06405719241445,0.07771413316328882,OnTrack,-3666.0,1692.0,2375.0,7094.2,6.057
2026-07-26 14:07:24.550,0 days 01:58:14.208000,63,479.5511111111114,0 days 00:00:06.065000,10431.0,205.0,6,100.0,False,0,car,346.5547222222222,0.07782431972173817,OnTrack,-3684.159159844439,1706.958484184558,2375.043636277679,7094.208,6.065
2026-07-26 14:07:24.842,0 days 01:58:14.500000,63,471.60222440682855,0 days 00:00:06.357000,10431.0,237.0376087499087,6,100.0,False,0,pos,365.9974644120359,0.08219049362565957,OnTrack,-5317.0,3052.0,2374.0,7094.5,6.357
2026-07-26 14:07:24.869,0 days 01:58:14.527000,63,470.86722222222255,0 days 00:00:06.384000,10431.0,240.0,6,100.0,False,0,car,367.82138888888886,0.08260008458643107,OnTrack,-5386.82342639139,3109.5165717093696,2373.8638353868664,7094.527,6.384
2026-07-26 14:07:25.082,0 days 01:58:14.740000,63,465.0688906311115,0 days 00:00:06.597000,10431.0,240.0,6,100.0,False,0,pos,382.02587100017206,0.08578992470813444,OnTrack,-5317.0,3052.0,2373.0,7094.74,6.597
2026-07-26 14:07:25.109,0 days 01:58:14.767000,63,464.3338888888893,0 days 00:00:06.624000,10431.0,240.0,6,100.0,False,0,car,383.8213888888888,0.08619313652225018,OnTrack,-5301.553283176087,3039.2758722710505,2372.8949686999604,7094.767,6.624
2026-07-26 14:07:25.429,0 days 01:58:15.087000,63,455.6227777777782,0 days 00:00:06.944000,10431.0,240.0,6,100.0,False,0,car,405.1547222222222,0.09098387243667568,OnTrack,-5313.780067787656,3049.347602780871,2371.2867727650587,7095.087,6.944
2026-07-26 14:07:25.462,0 days 01:58:15.120000,63,454.7244392177782,0 days 00:00:06.977000,10431.0,240.0,6,100.0,False,0,pos,407.35511654217794,0.09147800562860584,OnTrack,-5317.0,3052.0,2371.0,7095.12,6.977
2026-07-26 14:07:25.589,0 days 01:58:15.247000,63,451.26722222222264,0 days 00:00:07.104000,10431.0,240.0,6,100.0,False,0,car,415.82138888888886,0.09337924039388842,OnTrack,-5318.983532876439,3053.6339216910683,2369.614746670723,7095.247,7.104
2026-07-26 14:07:25.682,0 days 01:58:15.340000,63,448.7355572977782,0 days 00:00:07.197000,10431.0,240.0,6,100.0,False,0,pos,422.02170154527033,0.09477161823093186,OnTrack,-5317.0,3052.0,2368.0,7095.34,7.197
2026-07-26 14:07:25.789,0 days 01:58:15.447000,63,445.8227777777782,0 days 00:00:07.304000,10431.0,240.0,6,100.0,False,0,car,429.15472222222223,0.09637345034040436,OnTrack,-5316.815995296823,3051.8484273795757,2365.3066670994267,7095.447,7.304
2026-07-26 14:07:25.842,0 days 01:58:15.500000,63,444.1002798577782,0 days 00:00:07.357000,10598.7779224,240.0,6,100.0,False,0,pos,432.68688700530055,0.09716665355987132,OnTrack,-5317.0,3052.0,2364.0,7095.5,7.357
2026-07-26 14:07:26.109,0 days 01:58:15.767000,63,435.42277777777826,0 days 00:00:07.624000,11444.0,240.0,6,100.0,True,0,car,450.48805555555555,0.10116418625482984,OnTrack,-5317.168636681034,3052.1389133169027,2359.95092359928,7095.767,7.624
2026-07-26 14:07:26.322,0 days 01:58:15.980000,63,428.50027985777825,0 days 00:00:07.837000,11444.0,240.0,6,100.0,True,0,pos,464.7355099582589,0.10436367648121284,OnTrack,-5317.0,3052.0,2358.0,7095.98,7.837
2026-07-26 14:07:26.469,0 days 01:58:16.127000,63,423.7227777777782,0 days 00:00:07.984000,11444.0,240.0,6,100.0,True,0,car,474.48805555555555,0.10655376415855851,OnTrack,-5316.9859285956145,3051.9884087765217,2356.563070556487,7096.127,7.984
2026-07-26 14:07:26.602,0 days 01:58:16.260000,63,419.40027985777823,0 days 00:00:08.117000,11444.0,240.0,6,100.0,True,0,pos,483.19895412323467,0.10850993359364122,OnTrack,-5317.0,3052.0,2355.0,7096.26,8.117
2026-07-26 14:07:26.802,0 days 01:58:16.460000,63,412.90027985777823,0 days 00:00:08.317000,11444.0,240.0,6,100.0,True,0,pos,496.5797775193105,0.11151480818152394,OnTrack,-5317.0,3052.0,2352.0,7096.46,8.317
2026-07-26 14:07:26.829,0 days 01:58:16.487000,63,412.02277777777823,0 days 00:00:08.344000,11444.0,240.0,6,100.0,False,0,car,498.4880555555555,0.11194334206228716,OnTrack,-5316.999794564233,3051.999830773687,2351.591336513665,7096.487,8.344
2026-07-26 14:07:27.002,0 days 01:58:16.660000,63,405.1988914133338,0 days 00:00:08.517000,10971.133508266666,259.4624928,6,100.0,False,0,pos,511.26802579451254,0.11481328561271185,OnTrack,-5317.0,3052.0,2349.0,7096.66,8.517
2026-07-26 14:07:27.069,0 days 01:58:16.727000,63,402.5561111111116,0 days 00:00:08.584000,10788.0,267.0,7,100.0,False,0,car,516.2880555555555,0.11594061234088593,OnTrack,-5317.000075918095,3052.0000625370067,2347.949988544395,7096.727,8.584
2026-07-26 14:07:27.261,0 days 01:58:16.919000,63,394.98277777777815,0 days 00:00:08.776000,10788.0,267.0,7,100.0,False,0,pos,530.5458451676787,0.11914242350128224,OnTrack,-5317.0,3052.0,2345.0,7096.919,8.776
2026-07-26 14:07:27.389,0 days 01:58:17.047000,63,389.9338888888892,0 days 00:00:08.904000,10788.0,267.0,7,100.0,False,0,car,540.0213888888889,0.12127030604568428,OnTrack,-5316.9999980148295,3051.999998364779,2343.4006205714977,7097.047,8.904
2026-07-26 14:07:27.421,0 days 01:58:17.079000,63,388.67166706460887,0 days 00:00:08.936000,10788.0,267.0,7,100.0,False,0,pos,542.3935789318903,0.12180301867231785,OnTrack,-5317.0,3052.0,2343.0,7097.079,8.936
2026-07-26 14:07:27.592,0 days 01:58:17.250000,63,381.9266666666671,0 days 00:00:09.107000,10788.0,267.0,7,100.0,False,0,car,555.0772222222222,0.12465133048966574,OnTrack,-5317.000002230372,3052.0000018363403,2340.679439943067,7097.25,9.107
2026-07-26 14:07:27.741,0 days 01:58:17.399000,63,376.049445059538,0 days 00:00:09.256000,10788.0,267.0,7,100.0,False,0,pos,566.1091074726392,0.1271287140305873,OnTrack,-5317.0,3052.0,2338.0,7097.399,9.256
2026-07-26 14:07:27.789,0 days 01:58:17.447000,63,374.1561111111114,0 days 00:00:09.304000,10788.0,267.0,7,100.0,False,0,car,569.6880555555556,0.12793242317668224,OnTrack,-5316.999999740779,3051.9999997875566,2336.934390286806,7097.447,9.304
2026-07-26 14:07:27.950,0 days 01:58:17.608000,63,367.98444444444465,0 days 00:00:09.465000,11039.0,271.0,7,100.0,False,0,car,581.8077777777778,0.13065409763869135,OnTrack,-5316.999999978444,3051.9999999832753,2333.215670317648,7097.608,9.465
2026-07-26 14:07:27.962,0 days 01:58:17.620000,63,367.52445425777796,0 days 00:00:09.477000,11039.0,271.0,7,100.0,False,0,pos,582.7123959715414,0.1308572438982088,OnTrack,-5317.0,3052.0,2333.0,7097.62,9.477
2026-07-26 14:07:28.270,0 days 01:58:17.928000,63,355.7177777777779,0 days 00:00:09.785000,11039.0,271.0,7,100.0,False,0,car,605.8966666666668,0.13606363694206347,OnTrack,-5317.000000048312,3051.999999986341,2330.4777752202986,7097.928,9.785
2026-07-26 14:07:28.382,0 days 01:58:18.040000,63,351.42444444444465,0 days 00:00:09.897000,11039.0,271.0,7,100.0,False,0,pos,614.3263555000414,0.13795665630338277,OnTrack,-5317.0,3052.0,2329.0,7098.04,9.897
2026-07-26 14:07:28.470,0 days 01:58:18.128000,63,348.05111111111137,0 days 00:00:09.985000,11039.0,271.0,7,100.0,False,0,car,620.9522222222223,0.13944459900667103,OnTrack,-5316.999999991558,3052.0000000217024,2327.2438679616102,7098.128,9.985
2026-07-26 14:07:28.482,0 days 01:58:18.140000,63,347.5911209244447,0 days 00:00:09.997000,11039.0,271.0,7,100.0,False,0,pos,621.8559675137861,0.13964754924225484,OnTrack,-5317.0,3052.0,2327.0,7098.14,9.997
2026-07-26 14:07:28.710,0 days 01:58:18.368000,63,338.8511111111112,0 days 00:00:10.225000,11039.0,271.0,7,100.0,False,0,car,639.018888888889,0.14350175348420013,OnTrack,-5317.0000005741085,3051.9999984338224,2322.8737312536887,7098.368,10.225
2026-07-26 14:07:28.822,0 days 01:58:18.480000,63,334.55777777777786,0 days 00:00:10.337000,11176.2,271.0,7,100.0,False,0,pos,647.4233621016043,0.14538911028085555,OnTrack,-5317.0,3052.0,2321.0,7098.48,10.337
2026-07-26 14:07:28.870,0 days 01:58:18.528000,63,332.7177777777779,0 days 00:00:10.385000,11235.0,271.0,7,100.0,True,0,car,651.0633333333335,0.1462065231358862,OnTrack,-5316.999999429238,3052.000001559376,2320.2013098469497,7098.528,10.385
2026-07-26 14:07:29.002,0 days 01:58:18.660000,63,327.4744546133335,0 days 00:00:10.517000,11247.099976533333,275.0333255111111,7,100.0,True,0,pos,661.2715843424533,0.14849894663898902,OnTrack,-5317.0,3052.0,2318.0,7098.66,10.517
2026-07-26 14:07:29.182,0 days 01:58:18.840000,63,320.32444444444457,0 days 00:00:10.697000,11263.6,280.53333333333336,7,100.0,True,0,pos,675.4855136446179,0.1516909082761602,OnTrack,-5317.0,3052.0,2315.0,7098.84,10.697
2026-07-26 14:07:29.230,0 days 01:58:18.888000,63,318.4177777777779,0 days 00:00:10.745000,11268.0,282.0,7,100.0,True,0,car,679.2633333333334,0.15253927717276736,OnTrack,-5316.999982883999,3052.000046774291,2314.280915968829,7098.888,10.745
2026-07-26 14:07:29.402,0 days 01:58:19.060000,63,311.5855657244446,0 days 00:00:10.917000,11268.0,282.0,7,100.0,True,0,pos,692.7412059947429,0.1555659457013174,OnTrack,-5317.0,3052.0,2312.0,7099.06,10.917
2026-07-26 14:07:29.470,0 days 01:58:19.128000,63,308.8844444444446,0 days 00:00:10.985000,11268.0,282.0,7,100.0,True,0,car,698.0633333333335,0.15676111319735483,OnTrack,-5317.000163659086,3051.999552755335,2311.1715094062897,7099.128,10.985
2026-07-26 14:07:29.622,0 days 01:58:19.280000,63,302.84666666666675,0 days 00:00:11.137000,11268.0,282.0,7,100.0,True,0,pos,709.9694696362607,0.1594348235780647,OnTrack,-5317.0,3052.0,2309.0,7099.28,11.137
2026-07-26 14:07:29.670,0 days 01:58:19.328000,63,300.94000000000005,0 days 00:00:11.185000,11268.0,282.0,7,100.0,True,0,car,713.7300000000002,0.16027930988451106,OnTrack,-5316.99938623682,3052.0016772811964,2308.0144306895895,7099.328,11.185
2026-07-26 14:07:29.882,0 days 01:58:19.540000,63,293.2255648711111,0 days 00:00:11.397000,11419.428388571429,282.0,7,100.0,True,0,pos,730.3366965874974,0.16400860509209025,OnTrack,-5317.0,3052.0,2303.0,7099.54,11.397
2026-07-26 14:07:29.950,0 days 01:58:19.608000,63,290.7511111111111,0 days 00:00:11.465000,11468.0,282.0,7,100.0,False,0,car,735.6633333333335,0.16520478524652976,OnTrack,-5317.00578135877,3051.9842008046835,2301.9339957993357,7099.608,11.465
2026-07-26 14:07:30.190,0 days 01:58:19.848000,63,282.01777777777784,0 days 00:00:11.705000,11468.0,282.0,7,100.0,False,0,car,754.4633333333336,0.16942662127111724,OnTrack,-5317.0115349389325,3051.9684775222577,2299.520423020049,7099.848,11.705
2026-07-26 14:07:30.222,0 days 01:58:19.880000,63,280.8533333333334,0 days 00:00:11.737000,11468.0,282.0,7,100.0,False,0,pos,756.9696025589373,0.16998944348941342,OnTrack,-5317.0,3052.0,2299.0,7099.88,11.737
2026-07-26 14:07:30.422,0 days 01:58:20.080000,63,273.57555555555575,0 days 00:00:11.937000,11468.0,282.0,7,100.0,False,0,pos,772.6342399487143,0.17350718447049107,OnTrack,-5317.0,3052.0,2295.0,7100.08,11.937
2026-07-26 14:07:30.470,0 days 01:58:20.128000,63,271.8288888888891,0 days 00:00:11.985000,11468.0,282.0,7,100.0,False,0,car,776.3966666666669,0.17435209663313592,OnTrack,-5317.124715684401,3051.6591791765113,2294.425766116143,7100.128,11.985
2026-07-26 14:07:30.630,0 days 01:58:20.288000,63,266.006666666667,0 days 00:00:12.145000,11468.0,282.0,7,100.0,False,0,car,788.9300000000002,0.17716665398286088,OnTrack,-5317.4794837880445,3050.689675157742,2293.5723232653595,7100.288,12.145
2026-07-26 14:07:30.682,0 days 01:58:20.340000,63,264.1577868800003,0 days 00:00:12.197000,11402.628893257142,281.4428598857143,7,83.1000832,False,0,pos,792.9799568325762,0.1780761355601903,OnTrack,-5317.0,3052.0,2293.0,7100.34,12.197
2026-07-26 14:07:30.882,0 days 01:58:20.540000,63,257.04667576888903,0 days 00:00:12.397000,11151.200321828572,279.30000274285715,7,18.100083199999997,False,0,pos,808.4622746170735,0.18155293380310003,OnTrack,-5317.0,3052.0,2291.0,7100.54,12.397
2026-07-26 14:07:30.910,0 days 01:58:20.568000,63,256.05111111111125,0 days 00:00:12.425000,11116.0,279.0,7,9.0,True,0,car,810.6300000000002,0.18203973067081558,OnTrack,-5319.242753437977,3045.8710429463604,2291.6733737605946,7100.568,12.425
2026-07-26 14:07:31.070,0 days 01:58:20.728000,63,250.71777777777788,0 days 00:00:12.585000,11116.0,279.0,7,0.0,True,0,car,823.0300000000002,0.18482434592107538,OnTrack,-5346.190890150466,2972.2276500571347,2301.6597816088483,7100.728,12.585
2026-07-26 14:07:31.282,0 days 01:58:20.940000,63,243.65111964444475,0 days 00:00:12.797000,11116.0,279.0,7,0.0,True,0,pos,839.4594009309634,0.18851382659728444,OnTrack,-5317.0,3052.0,2316.0,7100.94,12.797
2026-07-26 14:07:31.310,0 days 01:58:20.968000,63,242.7177777777781,0 days 00:00:12.825000,11116.0,279.0,7,0.0,True,0,car,841.6300000000001,0.1890012687964651,OnTrack,-5299.222604120548,3100.5817540286994,2316.754876931618,7100.968,12.825
2026-07-26 14:07:31.470,0 days 01:58:21.128000,63,237.38444444444474,0 days 00:00:12.985000,11116.0,279.0,7,0.0,True,0,car,854.0300000000001,0.1917858840467249,OnTrack,-5135.104603170773,3549.080533483725,2315.937586576674,7101.128,12.985
2026-07-26 14:07:31.629,0 days 01:58:21.287000,63,232.08444444444467,0 days 00:00:13.144000,11116.0,279.0,7,0.0,True,0,car,866.3525000000002,0.1945530954516706,OnTrack,-4973.3153604385725,3991.215323539769,2311.643354422926,7101.287,13.144
2026-07-26 14:07:31.662,0 days 01:58:21.320000,63,230.98443804444466,0 days 00:00:13.177000,11077.499776,279.0,7,0.0,True,0,pos,868.9434657635409,0.19513493761119127,OnTrack,-4954.0,4044.0,2311.0,7101.32,13.177
2026-07-26 14:07:31.869,0 days 01:58:21.527000,63,224.08444444444456,0 days 00:00:13.384000,10836.0,279.0,7,0.0,True,0,car,884.9525000000002,0.19873001832706033,OnTrack,-4938.922555122727,4085.2033755323837,2308.8074221750658,7101.527,13.384
2026-07-26 14:07:31.982,0 days 01:58:21.640000,63,222.26388579555567,0 days 00:00:13.497000,10755.251946133334,264.4041418666667,7,0.0,True,0,pos,892.6327351219079,0.20045473605658007,OnTrack,-4954.0,4044.0,2308.0,7101.64,13.497
2026-07-26 14:07:32.342,0 days 01:58:22,63,216.46388579555565,0 days 00:00:13.857000,10498.001946133334,217.90414186666666,7,0.0,True,0,pos,913.4780090920318,0.20513587055601964,OnTrack,-4954.0,4044.0,2304.0,7102.0,13.857
2026-07-26 14:07:32.349,0 days 01:58:22.007000,63,216.3511111111112,0 days 00:00:13.864000,10493.0,217.0,7,0.0,True,0,car,913.8858333333336,0.2052274539109999,OnTrack,-4953.9287660843,4044.19466678891,2303.8909538969137,7102.007,13.864
2026-07-26 14:07:32.522,0 days 01:58:22.180000,63,213.56388992000018,0 days 00:00:14.037000,10493.0,217.0,7,0.0,True,0,pos,924.1469236885836,0.207531743321284,OnTrack,-4954.0,4044.0,2301.0,7102.18,14.037
2026-07-26 14:07:32.749,0 days 01:58:22.407000,63,209.90666666666698,0 days 00:00:14.264000,10493.0,217.0,7,0.0,True,0,car,937.9969444444446,0.21064198356428285,OnTrack,-4954.096964701861,4043.735016572242,2298.303366759148,7102.407,14.264
2026-07-26 14:07:32.902,0 days 01:58:22.560000,63,208.0791643733336,0 days 00:00:14.417000,10493.0,217.0,7,0.0,True,0,pos,947.2489668228505,0.2127196708715937,OnTrack,-4954.0,4044.0,2297.0,7102.56,14.417
2026-07-26 14:07:32.909,0 days 01:58:22.567000,63,207.99555555555582,0 days 00:00:14.424000,10493.0,217.0,7,0.0,True,0,car,947.6413888888891,0.21280779542559605,OnTrack,-4953.997679365966,4044.0063417877814,2296.9452151429473,7102.567,14.424
2026-07-26 14:07:33.162,0 days 01:58:22.820000,63,208.83888867555558,0 days 00:00:14.677000,10493.0,178.1464384,7,0.0,True,0,pos,959.9036443553861,0.21556147797193387,OnTrack,-4954.0,4044.0,2295.0,7102.82,14.677
2026-07-26 14:07:33.189,0 days 01:58:22.847000,63,208.92888888888888,0 days 00:00:14.704000,10493.0,174.0,5,0.0,True,0,car,961.1747222222225,0.21584691852130972,OnTrack,-4954.001139811818,4043.9968851421645,2294.7372920241146,7102.847,14.704
2026-07-26 14:07:33.362,0 days 01:58:23.020000,63,209.50555534222218,0 days 00:00:14.877000,10493.0,174.0,5,0.0,True,0,pos,969.5331464330326,0.2177239342895002,OnTrack,-4954.0,4044.0,2293.0,7103.02,14.877
2026-07-26 14:07:33.389,0 days 01:58:23.047000,63,209.5955555555555,0 days 00:00:14.904000,10493.0,174.0,4,0.0,True,0,car,970.8413888888891,0.21801772073253375,OnTrack,-4953.999741569723,4044.0007062347568,2292.8128761291146,7103.047,14.904
2026-07-26 14:07:33.589,0 days 01:58:23.247000,63,210.26222222222236,0 days 00:00:15.104000,10493.0,174.0,4,0.0,True,0,car,980.5080555555558,0.22018852294375782,OnTrack,-4953.999765159513,4044.000641781145,2292.226377851693,7103.247,15.104
2026-07-26 14:07:33.681,0 days 01:58:23.339000,63,210.568888888889,0 days 00:00:15.196000,10493.0,174.0,4,0.0,True,0,pos,985.0560015844261,0.2212098358364474,OnTrack,-4954.0,4044.0,2292.0,7103.339,15.196
2026-07-26 14:07:33.749,0 days 01:58:23.407000,63,210.79555555555567,0 days 00:00:15.264000,10493.0,174.0,4,0.0,True,0,car,988.2413888888891,0.22192516471273704,OnTrack,-4954.0000767553165,4043.9997902227046,2291.7629161561113,7103.407,15.264
2026-07-26 14:07:33.949,0 days 01:58:23.607000,63,213.12888888888892,0 days 00:00:15.464000,10858.0,144.0,4,0.0,True,0,car,996.2413888888891,0.2237216906806466,OnTrack,-4954.000002895675,4043.999992071536,2291.020220453569,7103.607,15.464
2026-07-26 14:07:33.961,0 days 01:58:23.619000,63,213.26888888888894,0 days 00:00:15.476000,10858.0,144.0,4,0.0,True,0,pos,996.7126258873001,0.22382751436873224,OnTrack,-4954.0,4044.0,2291.0,7103.619,15.476
2026-07-26 14:07:34.121,0 days 01:58:23.779000,63,215.13555555555573,0 days 00:00:15.636000,10858.0,144.0,4,0.0,True,0,pos,1003.1162681134543,0.22526555306229332,OnTrack,-4954.0,4044.0,2291.0,7103.779,15.636
2026-07-26 14:07:34.149,0 days 01:58:23.807000,63,215.4622222222224,0 days 00:00:15.664000,10858.0,144.0,3,0.0,True,0,car,1004.2413888888891,0.22551821664855617,OnTrack,-4954.000000799982,4043.999997597178,2291.026493298742,7103.807,15.664
2026-07-26 14:07:34.301,0 days 01:58:23.959000,63,217.2355543438839,0 days 00:00:15.816000,10858.0,144.0,3,0.0,True,0,pos,1010.3277835283618,0.22688501240115094,OnTrack,-4954.0,4044.0,2291.0,7103.959,15.816
2026-07-26 14:07:34.430,0 days 01:58:24.088000,63,218.7405555555556,0 days 00:00:15.945000,10858.0,144.0,3,0.0,True,0,car,1015.4813888888891,0.2280423356334691,OnTrack,-4954.000001384126,4044.000001083132,2290.1671130764685,7104.088,15.945
2026-07-26 14:07:34.462,0 days 01:58:24.120000,63,219.11388888888888,0 days 00:00:15.977000,10858.0,144.0,3,0.0,True,0,pos,1016.7601564474373,0.2283295030242006,OnTrack,-4954.0,4044.0,2290.0,7104.12,15.977
2026-07-26 14:07:34.590,0 days 01:58:24.248000,63,220.60722222222205,0 days 00:00:16.105000,10858.0,144.0,3,0.0,True,0,car,1021.8813888888891,0.22947955640779674,OnTrack,-4953.99998313802,4043.999988738063,2289.825832917734,7104.248,16.105
2026-07-26 14:07:34.722,0 days 01:58:24.380000,63,222.14721923555558,0 days 00:00:16.237000,10858.0,144.0,3,0.0,True,0,pos,1027.173182255495,0.2306679119327866,OnTrack,-4954.0,4044.0,2290.0,7104.38,16.237
2026-07-26 14:07:34.750,0 days 01:58:24.408000,63,222.47388888888895,0 days 00:00:16.265000,10858.0,144.0,3,0.0,True,0,car,1028.281388888889,0.23091677718212436,OnTrack,-4954.000015207465,4044.0000100138313,2290.0192993669584,7104.408,16.265
2026-07-26 14:07:34.990,0 days 01:58:24.648000,63,227.20722222222207,0 days 00:00:16.505000,11138.0,139.0,3,0.0,True,0,car,1037.5480555555557,0.23299775309495294,OnTrack,-4954.000080616344,4044.000052980443,2290.002242547211,7104.648,16.505
2026-07-26 14:07:35.022,0 days 01:58:24.680000,63,227.88277777777765,0 days 00:00:16.537000,11165.84,139.0,3,0.0,True,0,pos,1038.7808168809506,0.23327458906161624,OnTrack,-4954.0,4044.0,2290.0,7104.68,16.537
2026-07-26 14:07:35.190,0 days 01:58:24.848000,63,231.42944444444447,0 days 00:00:16.705000,11312.0,139.0,2,0.0,True,0,car,1045.270277777778,0.23473189968897673,OnTrack,-4953.999475106722,4043.9996550736405,2290.013783146905,7104.848,16.705
2026-07-26 14:07:35.242,0 days 01:58:24.900000,63,232.5272168177778,0 days 00:00:16.757000,11312.0,139.0,2,0.0,True,0,pos,1047.2745392514942,0.23518198816197824,OnTrack,-4954.0,4044.0,2290.0,7104.9,16.757
2026-07-26 14:07:35.350,0 days 01:58:25.008000,63,234.8072222222222,0 days 00:00:16.865000,11312.0,139.0,2,0.0,True,0,car,1051.4480555555556,0.23611921696419577,OnTrack,-4954.002752047026,4044.001808462652,2289.9210032226747,7105.008,16.865
2026-07-26 14:07:35.622,0 days 01:58:25.280000,63,240.5494444444446,0 days 00:00:17.137000,11312.0,139.0,2,0.0,True,0,pos,1061.9685734764598,0.23848176491929107,OnTrack,-4954.0,4044.0,2290.0,7105.28,17.137
2026-07-26 14:07:35.630,0 days 01:58:25.288000,63,240.71833333333348,0 days 00:00:17.145000,11312.0,139.0,2,0.0,True,0,car,1062.2591666666667,0.2385470221958291,OnTrack,-4953.999024349076,4043.9993588675447,2290.028562399514,7105.288,17.145
2026-07-26 14:07:35.842,0 days 01:58:25.500000,63,247.1961032888892,0 days 00:00:17.357000,11017.6094464,128.4000128,2,0.0,True,0,pos,1069.3887234697436,0.24014807643788086,OnTrack,-4954.0,4044.0,2291.0,7105.5,17.357
2026-07-26 14:07:36.022,0 days 01:58:25.680000,63,252.69611111111158,0 days 00:00:17.537000,10767.654545454545,119.4,2,0.0,True,0,pos,1075.0250624071239,0.24141380509599877,OnTrack,-4954.0,4044.0,2291.0,7105.68,17.537
2026-07-26 14:07:36.070,0 days 01:58:25.728000,63,254.16277777777827,0 days 00:00:17.585000,10701.0,117.0,2,0.0,True,0,car,1076.5591666666667,0.24175831236346743,OnTrack,-4953.807710416038,4043.8736401665665,2291.0857258102865,7105.728,17.585
2026-07-26 14:07:36.262,0 days 01:58:25.920000,63,260.0294444444447,0 days 00:00:17.777000,10701.0,117.0,2,0.0,True,0,pos,1082.7986464713301,0.24315948580038305,OnTrack,-4954.0,4044.0,2292.0,7105.92,17.777
2026-07-26 14:07:36.270,0 days 01:58:25.928000,63,260.27388888888913,0 days 00:00:17.785000,10701.0,117.0,2,0.0,True,0,car,1083.0591666666667,0.24321798971239394,OnTrack,-4954.164773619427,4044.1082781847863,2292.0516636666325,7105.928,17.785
2026-07-26 14:07:36.502,0 days 01:58:26.160000,63,267.36277777777815,0 days 00:00:18.017000,10701.0,117.0,2,0.0,True,0,pos,1090.5985489271095,0.2449110767140042,OnTrack,-4954.0,4044.0,2294.0,7106.16,18.017
2026-07-26 14:07:36.510,0 days 01:58:26.168000,63,267.6072222222226,0 days 00:00:18.025000,10701.0,117.0,2,0.0,True,0,car,1090.8591666666666,0.24496960253110575,OnTrack,-4953.036126487973,4043.366606896129,2294.0848519801903,7106.168,18.025
2026-07-26 14:07:36.682,0 days 01:58:26.340000,63,272.86276995555596,0 days 00:00:18.197000,10634.111210666666,117.0,2,0.0,True,0,pos,1096.48228348747,0.24623236195475104,OnTrack,-4954.0,4044.0,2296.0,7106.34,18.197
2026-07-26 14:07:36.870,0 days 01:58:26.528000,63,278.6072222222226,0 days 00:00:18.385000,10561.0,117.0,2,0.0,True,0,car,1102.5591666666667,0.24759702175917347,OnTrack,-5227.067512382828,4223.441676813938,2297.1911342014237,7106.528,18.385
2026-07-26 14:07:37.070,0 days 01:58:26.728000,63,285.60722222222284,0 days 00:00:18.585000,10271.0,113.0,2,0.0,True,0,car,1108.8369444444445,0.24900679560899142,OnTrack,-5016.458733927161,4085.0436959335266,2297.9430767913614,7106.728,18.585
2026-07-26 14:07:37.082,0 days 01:58:26.740000,63,286.0272132622228,0 days 00:00:18.597000,10271.0,113.0,2,0.0,True,0,pos,1109.2127976668926,0.24909119936827273,OnTrack,-4954.0,4044.0,2298.0,7106.74,18.597
2026-07-26 14:07:37.310,0 days 01:58:26.968000,63,294.0072222222225,0 days 00:00:18.825000,10271.0,113.0,2,0.0,True,0,car,1116.3702777777778,0.2506985242287729,OnTrack,-2833.25162875528,2650.3862357120374,2299.318837828865,7106.968,18.825
2026-07-26 14:07:37.422,0 days 01:58:27.080000,63,297.92722222222244,0 days 00:00:18.937000,10271.0,113.0,2,0.0,True,0,pos,1119.8832544429658,0.2514874184542317,OnTrack,-2052.0,2137.0,2300.0,7107.08,18.937
2026-07-26 14:07:37.590,0 days 01:58:27.248000,63,303.80722222222244,0 days 00:00:19.105000,10271.0,113.0,2,0.0,True,0,car,1125.1591666666668,0.252672207618518,OnTrack,-1922.0481160392978,2051.6043271147055,2300.9736534942695,7107.248,19.105
2026-07-26 14:07:37.702,0 days 01:58:27.360000,63,307.7272222222227,0 days 00:00:19.217000,10271.0,113.0,2,0.0,True,0,pos,1128.6888853311132,0.2534648615235296,OnTrack,-2052.0,2137.0,2302.0,7107.36,19.217
2026-07-26 14:07:37.750,0 days 01:58:27.408000,63,309.4072222222228,0 days 00:00:19.265000,10271.0,113.0,2,0.0,True,0,car,1130.181388888889,0.2538000266983723,OnTrack,-2074.6553159586592,2151.88755600732,2302.6059533219336,7107.408,19.265
2026-07-26 14:07:37.922,0 days 01:58:27.580000,63,316.09610115555586,0 days 00:00:19.437000,10001.3289728,109.928576,2,0.0,True,0,pos,1135.3676064935607,0.2549646735236251,OnTrack,-2052.0,2137.0,2305.0,7107.58,19.437
2026-07-26 14:07:38.030,0 days 01:58:27.688000,63,320.29611111111126,0 days 00:00:19.545000,9832.0,108.0,2,0.0,False,0,car,1138.581388888889,0.2556863789646774,OnTrack,-2043.2431744113185,2131.245600827398,2305.7874696817544,7107.688,19.545
2026-07-26 14:07:38.282,0 days 01:58:27.940000,63,330.0961058713427,0 days 00:00:19.797000,9832.0,108.0,2,0.0,False,0,pos,1146.1367546225465,0.2573830553068735,OnTrack,-2052.0,2137.0,2307.0,7107.94,19.797
2026-07-26 14:07:38.429,0 days 01:58:28.087000,63,335.8127777777779,0 days 00:00:19.944000,9832.0,108.0,2,0.0,False,0,car,1150.551388888889,0.25837443094416207,OnTrack,-2052.224903147572,2137.147791285521,2309.2104050200796,7108.087,19.944
2026-07-26 14:07:38.482,0 days 01:58:28.140000,63,337.87388640000023,0 days 00:00:19.997000,9832.0,108.0,2,0.0,False,0,pos,1152.14073656271,0.25873134399016906,OnTrack,-2052.0,2137.0,2310.0,7108.14,19.997
2026-07-26 14:07:38.629,0 days 01:58:28.287000,63,343.59055555555597,0 days 00:00:20.144000,9832.0,108.0,2,0.0,False,0,car,1156.551388888889,0.25972182542009425,OnTrack,-2051.9436709225465,2136.962984283989,2311.6675934490477,7108.287,20.144
2026-07-26 14:07:38.702,0 days 01:58:28.360000,63,346.42945191111164,0 days 00:00:20.217000,9832.0,108.0,2,0.0,False,0,pos,1158.7515049156323,0.2602158961169015,OnTrack,-2052.0,2137.0,2312.0,7108.36,20.217
2026-07-26 14:07:38.829,0 days 01:58:28.487000,63,351.368333333334,0 days 00:00:20.344000,9832.0,108.0,2,0.0,False,0,car,1162.551388888889,0.2610692198960264,OnTrack,-2052.0067745393776,2137.004451857631,2311.743573575841,7108.487,20.344
2026-07-26 14:07:38.882,0 days 01:58:28.540000,63,353.66499722666725,0 days 00:00:20.397000,9797.02004224,106.94000128,2,3.44499584,False,0,pos,1164.1022577338185,0.2614174919151186,OnTrack,-2052.0,2137.0,2312.0,7108.54,20.397
2026-07-26 14:07:39.029,0 days 01:58:28.687000,63,360.0350000000003,0 days 00:00:20.544000,9700.0,104.0,2,13.0,False,0,car,1168.3291666666669,0.26236671087284996,OnTrack,-2051.9969396224383,2136.997988105617,2315.0493490028107,7108.687,20.544
2026-07-26 14:07:39.142,0 days 01:58:28.800000,63,365.02584181333367,0 days 00:00:20.657000,9700.0,104.0,2,13.0,False,0,pos,1171.5697382434935,0.26309443224642975,OnTrack,-2052.0,2137.0,2318.0,7108.8,20.657
2026-07-26 14:07:39.309,0 days 01:58:28.967000,63,372.4016666666671,0 days 00:00:20.824000,9700.0,104.0,2,13.0,False,0,car,1176.4180555555558,0.264183198240403,OnTrack,-2052.0002464885106,2137.000165607812,2321.1644794217286,7108.967,20.824
2026-07-26 14:07:39.362,0 days 01:58:29.020000,63,374.6247195377782,0 days 00:00:20.877000,9735.085957632,104.52999936,2,14.218998528,False,0,pos,1177.992502068597,0.2645367649961234,OnTrack,-2052.0,2137.0,2322.0,7109.02,20.877
2026-07-26 14:07:40.261,0 days 01:58:29.919000,63,412.3327777777781,0 days 00:00:21.776000,10330.224,113.52,2,34.896,False,0,pos,1206.557063429167,0.27095138702689964,OnTrack,-2052.0,2137.0,2332.0,7109.919,21.776
2026-07-26 14:07:40.309,0 days 01:58:29.967000,63,414.34611111111144,0 days 00:00:21.824000,10362.0,114.0,2,36.0,False,0,car,1208.0847222222226,0.27129444686337834,OnTrack,-2052.0000080765417,2137.0000831546167,2332.6687042672534,7109.967,21.824
2026-07-26 14:07:40.469,0 days 01:58:30.127000,63,421.05722222222244,0 days 00:00:21.984000,10362.0,114.0,2,36.0,False,0,car,1213.1513888888892,0.2724322466430544,OnTrack,-2051.9999993074052,2137.000061642342,2334.8673022860526,7110.127,21.984
2026-07-26 14:07:40.481,0 days 01:58:30.139000,63,421.5605555555558,0 days 00:00:21.996000,10362.0,114.0,2,36.0,False,0,pos,1213.5305491990596,0.2725173930609571,OnTrack,-2052.0,2137.0,2335.0,7110.139,21.996
2026-07-26 14:07:40.581,0 days 01:58:30.239000,63,425.75500000000045,0 days 00:00:22.096000,10362.0,114.0,2,36.0,False,0,pos,1216.6900743871643,0.27322691419179385,OnTrack,-2052.0,2137.0,2336.0,7110.239,22.096
2026-07-26 14:07:40.629,0 days 01:58:30.287000,63,427.7683333333339,0 days 00:00:22.144000,10362.0,114.0,2,36.0,False,0,car,1218.2180555555558,0.2735700464227304,OnTrack,-2051.999965552956,2137.0018708053453,2336.6013009395488,7110.287,22.144
2026-07-26 14:07:40.841,0 days 01:58:30.499000,63,437.0138888888894,0 days 00:00:22.356000,10362.0,115.9875,2,36.0,False,0,pos,1225.093945355235,0.27511413574493154,OnTrack,-2052.0,2137.0,2340.0,7110.499,22.356
2026-07-26 14:07:40.949,0 days 01:58:30.607000,63,441.7238888888894,0 days 00:00:22.464000,10362.0,117.0,2,36.0,False,0,car,1228.6180555555559,0.2759055301810129,OnTrack,-2052.000766782981,2136.9586891098347,2341.4626309361006,7110.607,22.464
2026-07-26 14:07:41.082,0 days 01:58:30.740000,63,447.5241583350002,0 days 00:00:22.597000,11195.730145690608,117.0,2,49.89550242817678,False,0,pos,1232.9424610717601,0.2768766435317169,OnTrack,-2052.0,2137.0,2343.0,7110.74,22.597
2026-07-26 14:07:41.150,0 days 01:58:30.808000,63,450.4897222222228,0 days 00:00:22.665000,11622.0,117.0,2,57.0,False,0,car,1235.150555555556,0.277372505916684,OnTrack,-2051.9976029485924,2137.1291343744238,2343.7239947293265,7110.808,22.665
2026-07-26 14:07:41.262,0 days 01:58:30.920000,63,455.37416666666724,0 days 00:00:22.777000,11671.7,117.0,2,57.0,False,0,pos,1238.7866480189432,0.27818904773320846,OnTrack,-2052.0,2137.0,2345.0,7110.92,22.777
2026-07-26 14:07:41.462,0 days 01:58:31.120000,63,464.0963888888894,0 days 00:00:22.977000,11760.45,117.0,2,57.0,False,0,pos,1245.289658852762,0.27964940121227755,OnTrack,-2052.0,2137.0,2348.0,7111.12,22.977
2026-07-26 14:07:41.470,0 days 01:58:31.128000,63,464.4452777777783,0 days 00:00:22.985000,11764.0,117.0,2,57.0,False,0,car,1245.550555555556,0.27970798967496646,OnTrack,-2051.9933410650488,2137.3587304035264,2348.107663191786,7111.128,22.985
2026-07-26 14:07:41.622,0 days 01:58:31.280000,63,471.074166666667,0 days 00:00:23.137000,11764.0,117.0,2,57.0,False,0,pos,1250.5080153392087,0.2808212653294913,OnTrack,-2052.0,2137.0,2350.0,7111.28,23.137
2026-07-26 14:07:41.670,0 days 01:58:31.328000,63,473.16750000000025,0 days 00:00:23.185000,11764.0,117.0,2,57.0,False,0,car,1252.050555555556,0.28116766702389295,OnTrack,-2052.283199823399,2121.74344815099,2350.7197462861322,7111.328,23.185
2026-07-26 14:07:41.910,0 days 01:58:31.568000,63,483.63416666666717,0 days 00:00:23.425000,11669.0,117.0,2,57.0,False,0,car,1259.850555555556,0.2829192798426048,OnTrack,-2053.508590992716,2055.7291276548963,2355.1458188424394,7111.568,23.425
2026-07-26 14:07:41.962,0 days 01:58:31.620000,63,485.69971205333394,0 days 00:00:23.477000,11487.000896,123.8249664,2,62.1999744,False,0,pos,1261.776428275574,0.283351764886655,OnTrack,-2052.0,2137.0,2356.0,7111.62,23.477
2026-07-26 14:07:42.070,0 days 01:58:31.728000,63,489.989722222223,0 days 00:00:23.585000,11109.0,138.0,2,73.0,False,0,car,1265.9838888888894,0.28429661641800213,OnTrack,-2046.1334681286842,2453.0420320159706,2357.536662528475,7111.728,23.585
2026-07-26 14:07:42.350,0 days 01:58:32.008000,63,501.1119444444448,0 days 00:00:23.865000,10986.0,138.0,3,73.0,False,0,car,1276.7172222222227,0.28670695542494745,OnTrack,-2024.9057535222857,3597.0410958770603,2360.620320214486,7112.008,23.865
2026-07-26 14:07:42.382,0 days 01:58:32.040000,63,502.3830555555559,0 days 00:00:23.897000,10986.0,138.0,3,73.0,False,0,pos,1277.9381913423852,0.2869811432662459,OnTrack,-2024.0,3646.0,2361.0,7112.04,23.897
2026-07-26 14:07:42.542,0 days 01:58:32.200000,63,508.73861111111154,0 days 00:00:24.057000,10986.0,138.0,3,73.0,False,0,pos,1284.0495621068685,0.2883535478009856,OnTrack,-2024.0,3646.0,2363.0,7112.2,24.057
2026-07-26 14:07:42.630,0 days 01:58:32.288000,63,512.2341666666671,0 days 00:00:24.145000,10986.0,138.0,3,73.0,False,0,car,1287.450555555556,0.28911729443189277,OnTrack,-2024.125522588541,3636.018137188376,2364.0632299477334,7112.288,24.145
2026-07-26 14:07:42.782,0 days 01:58:32.440000,63,518.103055555556,0 days 00:00:24.297000,11075.3,139.9,3,73.0,False,0,pos,1293.4193345698002,0.29045767774386816,OnTrack,-2024.0,3646.0,2366.0,7112.44,24.297
2026-07-26 14:07:42.950,0 days 01:58:32.608000,63,524.5897222222227,0 days 00:00:24.465000,11174.0,142.0,3,73.0,True,0,car,1300.0727777777784,0.2919518131812612,OnTrack,-2024.3979302259193,3644.3565701611833,2368.586116258182,7112.608,24.465
2026-07-26 14:07:42.982,0 days 01:58:32.640000,63,525.8252777777783,0 days 00:00:24.497000,11294.6,142.0,3,76.2,True,0,pos,1301.3360274155318,0.2922354957785332,OnTrack,-2024.0,3646.0,2369.0,7112.64,24.497
2026-07-26 14:07:43.110,0 days 01:58:32.768000,63,530.7675000000008,0 days 00:00:24.625000,11777.0,142.0,3,89.0,True,0,car,1306.3838888888895,0.2933690725559454,OnTrack,-2020.0505248983677,3664.567923611943,2370.1970896104776,7112.768,24.625
2026-07-26 14:07:43.310,0 days 01:58:32.968000,63,538.4897222222228,0 days 00:00:24.825000,11777.0,142.0,3,89.0,True,0,car,1314.2727777777784,0.2951406467743007,OnTrack,-2014.8768687977986,3690.084850681416,2371.1728901485935,7112.968,24.825
2026-07-26 14:07:43.402,0 days 01:58:33.060000,63,542.0419345600005,0 days 00:00:24.917000,11777.0,142.0,3,89.0,True,0,pos,1317.842464038449,0.2959422760323738,OnTrack,-2024.0,3646.0,2372.0,7113.06,24.917
2026-07-26 14:07:43.630,0 days 01:58:33.288000,63,550.8452777777784,0 days 00:00:25.145000,11777.0,142.0,3,89.0,True,0,car,1326.8950000000007,0.2979751655236691,OnTrack,-2031.5320496990958,3609.487243830663,2374.890567105102,7113.288,25.145
2026-07-26 14:07:43.642,0 days 01:58:33.300000,63,551.2319361955562,0 days 00:00:25.157000,11771.750112,142.8624816,3,89.4124912,True,0,pos,1327.405549233643,0.29808981739318596,OnTrack,-2024.0,3646.0,2375.0,7113.3,25.157
2026-07-26 14:07:43.842,0 days 01:58:33.500000,63,557.6763806400006,0 days 00:00:25.357000,11684.250112,157.2374816,3,96.2874912,True,0,pos,1336.4480616459807,0.3001204559386746,OnTrack,-1807.0,4698.0,2376.0,7113.5,25.357
2026-07-26 14:07:43.950,0 days 01:58:33.608000,63,561.1563888888895,0 days 00:00:25.465000,11637.0,165.0,3,100.0,False,0,car,1341.5616666666674,0.3012687964648366,OnTrack,-1767.2169919720934,4890.866815058739,2376.522768468071,7113.608,25.465
2026-07-26 14:07:44.142,0 days 01:58:33.800000,63,566.8630555555565,0 days 00:00:25.657000,11131.4,172.2,3,100.0,False,0,pos,1350.833402021313,0.3033509106313624,OnTrack,-1807.0,4698.0,2378.0,7113.8,25.657
2026-07-26 14:07:44.190,0 days 01:58:33.848000,63,568.2897222222232,0 days 00:00:25.705000,11005.0,174.0,4,100.0,False,0,car,1353.1616666666673,0.3038737591183055,OnTrack,-1811.801232887611,4674.723764854277,2378.561873477978,7113.848,25.705
2026-07-26 14:07:44.442,0 days 01:58:34.100000,63,575.7797146133341,0 days 00:00:25.957000,11005.0,174.0,4,100.0,False,0,pos,1365.3637706054208,0.3066139336919432,OnTrack,-1807.0,4698.0,2382.0,7114.1,25.957
2026-07-26 14:07:44.630,0 days 01:58:34.288000,63,581.3675000000007,0 days 00:00:26.145000,11005.0,174.0,4,100.0,False,0,car,1374.428333333334,0.3086495239829984,OnTrack,-1805.789034655444,4703.870866831963,2383.284128558559,7114.288,26.145
2026-07-26 14:07:44.802,0 days 01:58:34.460000,63,586.4797146133342,0 days 00:00:26.317000,11005.0,174.0,4,100.0,False,0,pos,1382.689325248571,0.31050465979505015,OnTrack,-1807.0,4698.0,2384.0,7114.46,26.317
2026-07-26 14:07:44.910,0 days 01:58:34.568000,63,589.689722222223,0 days 00:00:26.425000,11005.0,174.0,4,100.0,False,0,car,1387.9616666666673,0.311688647078712,OnTrack,-1807.311802829974,4696.487988082287,2384.5440214086507,7114.568,26.425
2026-07-26 14:07:45.229,0 days 01:58:34.887000,63,600.7661111111122,0 days 00:00:26.744000,11855.0,182.0,4,100.0,False,0,car,1404.0888888888894,0.3153102687677708,OnTrack,-1807.0060007765765,4697.970698377223,2385.9808585350484,7114.887,26.744
2026-07-26 14:07:45.242,0 days 01:58:34.900000,63,601.2174977777788,0 days 00:00:26.757000,11855.0,182.0,4,100.0,False,0,pos,1404.7490796086702,0.31545852498925325,OnTrack,-1807.0,4698.0,2386.0,7114.9,26.757
2026-07-26 14:07:45.402,0 days 01:58:35.060000,63,606.773053333334,0 days 00:00:26.917000,11855.0,182.0,4,100.0,False,0,pos,1412.8514115578048,0.3172780312076587,OnTrack,-1807.0,4698.0,2386.0,7115.06,26.917
2026-07-26 14:07:45.469,0 days 01:58:35.127000,63,609.099444444445,0 days 00:00:26.984000,11855.0,182.0,4,100.0,False,0,car,1416.2222222222229,0.31803499981910033,OnTrack,-1807.0007056865982,4697.989392222171,2385.9589403207706,7115.127,26.984
2026-07-26 14:07:45.622,0 days 01:58:35.280000,63,614.4119479335398,0 days 00:00:27.137000,11855.0,182.0,4,100.0,False,0,pos,1423.8597964527992,0.3197501373737337,OnTrack,-1807.0,4698.0,2386.0,7115.28,27.137
2026-07-26 14:07:45.790,0 days 01:58:35.448000,63,620.2452777777789,0 days 00:00:27.305000,11855.0,182.0,4,100.0,False,0,car,1432.450555555556,0.32167932760025353,OnTrack,-1807.0398103797895,4697.923724896939,2386.67306191712,7115.448,27.305
2026-07-26 14:07:45.862,0 days 01:58:35.520000,63,622.5252793468121,0 days 00:00:27.377000,11855.0,185.8709704058291,4,100.0,False,0,pos,1436.3028018310395,0.3225444101588396,OnTrack,-1807.0,4698.0,2387.0,7115.52,27.377
2026-07-26 14:07:46.069,0 days 01:58:35.727000,63,629.0802777777785,0 days 00:00:27.584000,11855.0,197.0,4,100.0,True,0,car,1447.718055555556,0.3251078851271359,OnTrack,-1806.5636695818846,4698.8446396215595,2387.7262338196288,7115.727,27.584
2026-07-26 14:07:46.242,0 days 01:58:35.900000,63,634.5586090844453,0 days 00:00:27.757000,11855.0,197.0,4,103.45999872,True,0,pos,1457.1863854160954,0.3272341476855349,OnTrack,-1807.0,4698.0,2388.0,7115.9,27.757
2026-07-26 14:07:46.269,0 days 01:58:35.927000,63,635.413611111112,0 days 00:00:27.784000,11855.0,197.0,4,104.0,True,0,car,1458.6625000000004,0.32756563245823433,OnTrack,-1807.2159888567708,4697.581711538315,2388.0090350363007,7115.927,27.784
2026-07-26 14:07:46.429,0 days 01:58:36.087000,63,640.4802777777786,0 days 00:00:27.944000,11855.0,197.0,4,104.0,True,0,car,1467.4180555555558,0.3295318303231131,OnTrack,-1807.8831928305867,4696.289493965915,2387.969634998919,7116.087,27.944
2026-07-26 14:07:46.462,0 days 01:58:36.120000,63,641.5252838577786,0 days 00:00:27.977000,11855.0,197.0,4,104.0,True,0,pos,1469.223782738239,0.3299373347949444,OnTrack,-1807.0,4698.0,2388.0,7116.12,27.977
2026-07-26 14:07:46.629,0 days 01:58:36.287000,63,646.8136111111121,0 days 00:00:28.144000,11855.0,197.0,4,104.0,True,0,car,1478.3625000000002,0.3319895776542116,OnTrack,-1795.3774937085668,4720.509762235718,2388.4733172821584,7116.287,28.144
2026-07-26 14:07:46.802,0 days 01:58:36.460000,63,652.2919424177787,0 days 00:00:28.317000,11855.0,197.0,4,104.0,True,0,pos,1487.835707157959,0.334116935486544,OnTrack,-1807.0,4698.0,2389.0,7116.46,28.317
2026-07-26 14:07:46.829,0 days 01:58:36.487000,63,653.1469444444454,0 days 00:00:28.344000,11855.0,197.0,4,104.0,True,0,car,1489.3069444444448,0.3344473249853101,OnTrack,-1814.4308644228834,4683.608347604646,2389.0355140496567,7116.487,28.344
2026-07-26 14:07:47.029,0 days 01:58:36.687000,63,659.5913888888897,0 days 00:00:28.544000,11855.0,197.0,4,100.0,False,0,car,1500.251388888889,0.3369050723164086,OnTrack,-1883.631154001172,4549.5853696097665,2388.9750227449904,7116.687,28.544
2026-07-26 14:07:47.121,0 days 01:58:36.779000,63,662.3002777777788,0 days 00:00:28.636000,11855.0,202.52,4,100.0,False,0,pos,1505.540047919893,0.33809272397698586,OnTrack,-1807.0,4698.0,2389.0,7116.779,28.636
2026-07-26 14:07:47.229,0 days 01:58:36.887000,63,665.4802777777791,0 days 00:00:28.744000,11855.0,209.0,5,100.0,True,0,car,1511.8625000000002,0.33951253014483285,OnTrack,-1582.6850252638274,5132.4398132709375,2389.1703393484427,7116.887,28.744
2026-07-26 14:07:47.389,0 days 01:58:37.047000,63,670.1913888888896,0 days 00:00:28.904000,11855.0,209.0,5,100.0,True,0,car,1521.1513888888892,0.34159849640757234,OnTrack,-1009.7426686602194,6240.370232922228,2389.6722780377454,7117.047,28.904
2026-07-26 14:07:47.562,0 days 01:58:37.220000,63,675.2852728465251,0 days 00:00:29.077000,11855.0,209.0,5,100.0,True,0,pos,1531.2252860275707,0.3438607486335337,OnTrack,-540.0,7115.0,2390.0,7117.22,29.077
2026-07-26 14:07:47.702,0 days 01:58:37.360000,63,679.4075001408941,0 days 00:00:29.217000,11855.0,209.0,5,100.0,True,0,pos,1539.3277865618622,0.34568029271039064,OnTrack,-382.0,7369.0,2390.0,7117.36,29.217
2026-07-26 14:07:47.710,0 days 01:58:37.368000,63,679.6430555555567,0 days 00:00:29.225000,11855.0,209.0,5,100.0,True,0,car,1539.7872222222227,0.34578346622219336,OnTrack,-377.05640286745506,7376.484526842509,2389.9988823411522,7117.368,29.225
2026-07-26 14:07:47.950,0 days 01:58:37.608000,63,687.1097222222229,0 days 00:00:29.465000,11715.0,203.0,5,100.0,True,0,car,1553.320555555556,0.348822589317907,OnTrack,-372.49119834794703,7383.396173654552,2390.0055478013646,7117.608,29.465
2026-07-26 14:07:48.022,0 days 01:58:37.680000,63,689.589722222223,0 days 00:00:29.537000,11274.0,198.95,5,54.99999999999999,True,0,pos,1557.2239921920514,0.3496991674781012,OnTrack,-382.0,7369.0,2390.0,7117.68,29.537
2026-07-26 14:07:48.110,0 days 01:58:37.768000,63,692.6208333333343,0 days 00:00:29.625000,10735.0,194.0,5,0.0,True,0,car,1561.9427777777782,0.3507588450833206,OnTrack,-385.49764500448657,7363.704620666619,2389.9806621354,7117.768,29.625
2026-07-26 14:07:48.242,0 days 01:58:37.900000,63,697.1674911822231,0 days 00:00:29.757000,10421.500608,194.0,5,0.0,True,0,pos,1569.0551701907198,0.3523560447912972,OnTrack,-382.0,7369.0,2390.0,7117.9,29.757
2026-07-26 14:07:48.270,0 days 01:58:37.928000,63,698.1319444444453,0 days 00:00:29.785000,10355.0,194.0,5,0.0,True,0,car,1570.5650000000005,0.3526951008487343,OnTrack,-381.5715635534853,7369.648647047917,2390.026965477602,7117.928,29.785
2026-07-26 14:07:48.430,0 days 01:58:38.088000,63,703.6430555555567,0 days 00:00:29.945000,10355.0,194.0,5,0.0,True,0,car,1579.1872222222228,0.3546313566141479,OnTrack,-381.5333802122948,7369.706467145541,2390.2927882443196,7118.088,29.945
2026-07-26 14:07:48.542,0 days 01:58:38.200000,63,707.5008333333344,0 days 00:00:30.057000,10355.0,194.0,5,0.0,True,0,pos,1585.222362483471,0.3559866423890615,OnTrack,-382.0,7369.0,2390.0,7118.2,30.057
2026-07-26 14:07:48.682,0 days 01:58:38.340000,63,712.3230467377788,0 days 00:00:30.197000,10355.0,194.0,5,0.0,True,0,pos,1592.7669850676273,0.3576809061878757,OnTrack,-382.0,7369.0,2389.0,7118.34,30.197
2026-07-26 14:07:48.790,0 days 01:58:38.448000,63,716.0430555555565,0 days 00:00:30.305000,10355.0,194.0,5,0.0,True,0,car,1598.5872222222226,0.35898793208632856,OnTrack,-381.9892964543593,7369.016427804243,2388.943816115463,7118.448,30.305
2026-07-26 14:07:48.882,0 days 01:58:38.540000,63,719.2119356266674,0 days 00:00:30.397000,10441.24976,194.0,5,0.0,True,0,pos,1603.5451691595933,0.3601013171388916,OnTrack,-382.0,7369.0,2389.0,7118.54,30.397
2026-07-26 14:07:49.030,0 days 01:58:38.688000,63,724.3097222222225,0 days 00:00:30.545000,10580.0,194.0,5,0.0,True,0,car,1611.520555555556,0.361892315734449,OnTrack,-382.00361991370386,7368.9923899454625,2388.376689292013,7118.688,30.545
2026-07-26 14:07:49.162,0 days 01:58:38.820000,63,728.9663798577782,0 days 00:00:30.677000,10580.0,194.0,5,0.0,True,0,pos,1618.6325309471895,0.3634894217937244,OnTrack,-382.0,7369.0,2388.0,7118.82,30.677
2026-07-26 14:07:49.310,0 days 01:58:38.968000,63,734.1875000000005,0 days 00:00:30.825000,10580.0,194.0,4,0.0,True,0,car,1626.6094444444448,0.36528076332392284,OnTrack,-381.9960292379521,7369.017409130554,2388.6683658435227,7118.968,30.825
2026-07-26 14:07:49.402,0 days 01:58:39.060000,63,737.433046524445,0 days 00:00:30.917000,10580.0,194.0,4,0.0,True,0,pos,1631.572048547939,0.36639519421647054,OnTrack,-382.0,7369.0,2389.0,7119.06,30.917
2026-07-26 14:07:49.510,0 days 01:58:39.168000,63,741.2430555555561,0 days 00:00:31.025000,10580.0,194.0,4,0.0,True,0,car,1637.3872222222226,0.36770108303068993,OnTrack,-382.0153641734026,7368.929238555507,2388.849178490266,7119.168,31.025
2026-07-26 14:07:49.702,0 days 01:58:39.360000,63,748.0163888888895,0 days 00:00:31.217000,10580.0,194.0,4,0.0,True,0,pos,1647.7259917091278,0.3700228165131219,OnTrack,-382.0,7369.0,2388.0,7119.36,31.217
2026-07-26 14:07:49.710,0 days 01:58:39.368000,63,748.2986111111118,0 days 00:00:31.225000,10580.0,194.0,4,0.0,True,0,car,1648.1650000000004,0.370121402737457,OnTrack,-381.9953208187257,7369.0216607081475,2387.9829065064623,7119.368,31.225
2026-07-26 14:07:49.942,0 days 01:58:39.600000,63,756.483055555556,0 days 00:00:31.457000,10928.0,194.0,4,0.0,True,0,pos,1660.9311461464442,0.3729882418702339,OnTrack,-382.0,7369.0,2388.0,7119.6,31.457
2026-07-26 14:07:49.990,0 days 01:58:39.648000,63,758.1763888888893,0 days 00:00:31.505000,11000.0,194.0,4,0.0,True,0,car,1663.2538888888892,0.3735098503269308,OnTrack,-382.18275495312304,7368.15366599683,2388.0140545930185,7119.648,31.505
2026-07-26 14:07:50.190,0 days 01:58:39.848000,63,767.7319444444449,0 days 00:00:31.705000,11230.0,149.0,3,0.0,True,0,car,1671.531666666667,0.37536875566872613,OnTrack,-382.20147656126545,7368.066959188768,2388.0007430072187,7119.848,31.705
2026-07-26 14:07:50.202,0 days 01:58:39.860000,63,768.3052655466671,0 days 00:00:31.717000,11230.0,149.0,3,0.0,True,0,pos,1672.0197074912853,0.3754783529205794,OnTrack,-382.0,7369.0,2388.0,7119.86,31.717
2026-07-26 14:07:50.350,0 days 01:58:40.008000,63,775.3763888888891,0 days 00:00:31.865000,11230.0,149.0,3,0.0,True,0,car,1678.1538888888892,0.37685587994216235,OnTrack,-379.85683446088416,7378.925033765672,2387.9995492368585,7120.008,31.865
2026-07-26 14:07:50.382,0 days 01:58:40.040000,63,776.905277777778,0 days 00:00:31.897000,11230.0,149.0,3,0.0,True,0,pos,1679.4823086642025,0.3771541975199917,OnTrack,-382.0,7369.0,2388.0,7120.04,31.897
2026-07-26 14:07:50.550,0 days 01:58:40.208000,63,784.9319444444448,0 days 00:00:32.065000,11230.0,149.0,3,0.0,True,0,car,1686.431666666667,0.3787147852839577,OnTrack,-416.2882223454579,7210.210692512793,2388.000537288038,7120.208,32.065
2026-07-26 14:07:50.702,0 days 01:58:40.360000,63,792.1941666666671,0 days 00:00:32.217000,11230.0,149.0,3,0.0,True,0,pos,1692.7213502633494,0.38012723277287946,OnTrack,-382.0,7369.0,2388.0,7120.36,32.217
2026-07-26 14:07:50.710,0 days 01:58:40.368000,63,792.5763888888894,0 days 00:00:32.225000,11230.0,149.0,3,0.0,True,0,car,1693.0538888888893,0.3802019095573939,OnTrack,-376.1077685640786,7396.287018299156,2387.999983797963,7120.368,32.225
2026-07-26 14:07:50.950,0 days 01:58:40.608000,63,804.0430555555556,0 days 00:00:32.465000,11230.0,149.0,3,0.0,True,0,car,1702.9872222222227,0.3824325959675483,OnTrack,-63.87561918039605,8842.239111154411,2387.999970388719,7120.608,32.465
2026-07-26 14:07:51.022,0 days 01:58:40.680000,63,807.7430555555557,0 days 00:00:32.537000,11230.0,145.76,3,0.0,True,0,pos,1705.8286819862094,0.38307069049914483,OnTrack,-8.0,9101.0,2388.0,7120.68,32.537
2026-07-26 14:07:51.150,0 days 01:58:40.808000,63,814.3208333333337,0 days 00:00:32.665000,11230.0,140.0,3,0.0,True,0,car,1710.7650000000003,0.3841792184363492,OnTrack,-1.1387325218442288,9132.774639784082,2388.0000036361284,7120.808,32.665
2026-07-26 14:07:51.202,0 days 01:58:40.860000,63,816.9930424000004,0 days 00:00:32.717000,11230.0,140.0,3,0.0,True,0,pos,1712.7767931073502,0.38463099825627617,OnTrack,-8.0,9101.0,2388.0,7120.86,32.717
2026-07-26 14:07:51.502,0 days 01:58:41.160000,63,832.4097222222225,0 days 00:00:33.017000,11230.0,140.0,3,0.0,True,0,pos,1724.453548827464,0.38725319761529126,OnTrack,-8.0,9101.0,2388.0,7121.16,33.017
2026-07-26 14:07:51.510,0 days 01:58:41.168000,63,832.8208333333337,0 days 00:00:33.025000,11230.0,140.0,2,0.0,True,0,car,1724.7650000000003,0.38732313888019093,OnTrack,-7.875680859270202,9101.575723970032,2388.0000000658833,7121.168,33.025
2026-07-26 14:07:51.742,0 days 01:58:41.400000,63,844.7430627313179,0 days 00:00:33.257000,11230.0,140.0,2,0.0,True,0,pos,1733.788180134579,0.38934943605830297,OnTrack,-8.0,9101.0,2388.0,7121.4,33.257
2026-07-26 14:07:51.829,0 days 01:58:41.487000,63,849.2138888888894,0 days 00:00:33.344000,11230.0,140.0,2,0.0,True,0,car,1737.170555555556,0.3901090017179285,OnTrack,-8.191821394836317,9100.111669124968,2387.9999998983435,7121.487,33.344
2026-07-26 14:07:52.069,0 days 01:58:41.727000,63,861.6805555555557,0 days 00:00:33.584000,11063.0,140.0,2,0.0,True,0,car,1746.5038888888894,0.39220494868048966,OnTrack,-8.022575341859692,9100.895448631854,2387.9999999880342,7121.727,33.584
2026-07-26 14:07:52.102,0 days 01:58:41.760000,63,863.3947321955558,0 days 00:00:33.617000,11063.0,140.0,2,0.0,True,0,pos,1747.7878715375718,0.3924932872018276,OnTrack,-8.0,9101.0,2388.0,7121.76,33.617
2026-07-26 14:07:52.229,0 days 01:58:41.887000,63,869.9916666666672,0 days 00:00:33.744000,11063.0,140.0,2,0.0,True,0,car,1752.7261111111115,0.3936022466555304,OnTrack,-7.955317749706147,9101.206954862275,2388.000000023692,7121.887,33.744
2026-07-26 14:07:52.469,0 days 01:58:42.127000,63,882.4583333333335,0 days 00:00:33.984000,11063.0,140.0,2,0.0,True,0,car,1762.059444444445,0.3956981936180916,OnTrack,-7.993546177875419,9101.029931962597,2388.000000003438,7122.127,33.984
2026-07-26 14:07:52.522,0 days 01:58:42.180000,63,885.2113855644446,0 days 00:00:34.037000,11063.0,140.0,2,0.0,True,0,pos,1764.1591788649057,0.3961697220446005,OnTrack,-8.0,9101.0,2388.0,7122.18,34.037
2026-07-26 14:07:52.749,0 days 01:58:42.407000,63,897.002777777778,0 days 00:00:34.264000,11063.0,140.0,2,0.0,True,0,car,1772.948333333334,0.39814346507441295,OnTrack,-8.004610545621679,9100.978257990304,2387.9999999974034,7122.407,34.264
2026-07-26 14:07:52.922,0 days 01:58:42.580000,63,907.3827739377779,0 days 00:00:34.437000,10607.914057244445,126.06389404444444,2,0.0,True,0,pos,1778.5357141274465,0.3993981994105658,OnTrack,-8.0,9101.0,2388.0,7122.58,34.437
2026-07-26 14:07:53.109,0 days 01:58:42.767000,63,918.6027777777779,0 days 00:00:34.624000,10116.0,111.0,2,0.0,True,0,car,1784.0483333333339,0.40063614485488747,OnTrack,-8.000368913154748,9101.000092461512,2388.0000000005116,7122.767,34.624
2026-07-26 14:07:53.302,0 days 01:58:42.960000,63,930.1827892977782,0 days 00:00:34.817000,10116.0,111.0,2,0.0,True,0,pos,1789.9521782565569,0.40196194619427256,OnTrack,-8.0,9101.0,2388.0,7122.96,34.817
2026-07-26 14:07:53.509,0 days 01:58:43.167000,63,942.6027777777786,0 days 00:00:35.024000,10116.0,111.0,2,0.0,True,0,car,1796.3816666666671,0.40340578905541463,OnTrack,-7.992638102392404,9101.024058048302,2387.9999999999613,7123.167,35.024
2026-07-26 14:07:53.621,0 days 01:58:43.279000,63,949.3227777777784,0 days 00:00:35.136000,10116.0,111.0,2,0.0,True,0,pos,1799.8360567709765,0.40418152674612484,OnTrack,-8.0,9101.0,2388.0,7123.279,35.136
2026-07-26 14:07:53.669,0 days 01:58:43.327000,63,952.2027777777782,0 days 00:00:35.184000,10116.0,111.0,2,0.0,True,0,car,1801.3150000000003,0.4045136467356255,OnTrack,-8.00761694909909,9100.975023720912,2388.0000000000064,7123.327,35.184
2026-07-26 14:07:53.841,0 days 01:58:43.499000,63,962.5227777777783,0 days 00:00:35.356000,10116.0,111.0,2,0.0,True,0,pos,1806.617709774222,0.40570445371183517,OnTrack,-8.0,9101.0,2388.0,7123.499,35.356
2026-07-26 14:07:53.909,0 days 01:58:43.567000,63,966.6027777777783,0 days 00:00:35.424000,10116.0,111.0,2,0.0,True,0,car,1808.7150000000004,0.40617543325594185,OnTrack,-7.936878414134502,9101.207115149085,2387.999999999999,7123.567,35.424
2026-07-26 14:07:54.021,0 days 01:58:43.679000,63,973.3227748520652,0 days 00:00:35.536000,10116.0,111.0,2,0.0,True,0,pos,1812.170067840549,0.4069513231429963,OnTrack,-8.0,9101.0,2388.0,7123.679,35.536
2026-07-26 14:07:54.322,0 days 01:58:43.980000,63,991.3827631492127,0 days 00:00:35.837000,10116.0,111.0,2,0.0,True,0,pos,1821.4508328585307,0.4090354650626052,OnTrack,-8.0,9101.0,2388.0,7123.98,35.837
2026-07-26 14:07:54.350,0 days 01:58:44.008000,63,993.0627777777777,0 days 00:00:35.865000,10116.0,111.0,2,0.0,False,0,car,1822.3125000000005,0.4092289659870232,OnTrack,-7.16227837143604,9103.748774045947,2387.9999999999995,7124.008,35.865
2026-07-26 14:07:54.502,0 days 01:58:44.160000,63,1002.1827777777779,0 days 00:00:36.017000,10116.0,111.0,2,0.0,False,0,pos,1826.9843272577566,0.41027809836029155,OnTrack,-8.0,9101.0,2388.0,7124.16,36.017
2026-07-26 14:07:54.750,0 days 01:58:44.408000,63,1017.0627777777784,0 days 00:00:36.265000,10116.0,111.0,2,0.0,False,0,car,1834.6458333333337,0.4119986101875504,OnTrack,-45.1902353622292,8978.96954020526,2388.0000000000005,7124.408,36.265
2026-07-26 14:07:54.802,0 days 01:58:44.460000,63,1020.1827624177782,0 days 00:00:36.317000,10116.0,111.0,2,0.0,False,0,pos,1836.2716300958027,0.4123637084503402,OnTrack,-8.0,9101.0,2388.0,7124.46,36.317
2026-07-26 14:07:54.910,0 days 01:58:44.568000,63,1026.662777777778,0 days 00:00:36.425000,10116.0,111.0,2,0.0,False,0,car,1839.5791666666669,0.41310646786776123,OnTrack,147.90152405115253,9612.551875862453,2388.000000000001,7124.568,36.425
2026-07-26 14:07:55.082,0 days 01:58:44.740000,63,1037.5560948977784,0 days 00:00:36.597000,10116.0,100.68001536,2,0.0,False,0,pos,1844.3189416580221,0.41417085897451345,OnTrack,440.0,10571.0,2388.0,7124.74,36.597
2026-07-26 14:07:55.110,0 days 01:58:44.768000,63,1039.329444444445,0 days 00:00:36.625000,10116.0,99.0,2,0.0,False,0,car,1845.0791666666669,0.41434157947069905,OnTrack,464.4160723420481,10651.11523729134,2387.999999999999,7124.768,36.625
2026-07-26 14:07:55.270,0 days 01:58:44.928000,63,1049.462777777778,0 days 00:00:36.785000,10116.0,99.0,2,104.0,True,0,car,1849.4791666666667,0.4153296687530493,OnTrack,475.69169840472887,10688.113384523811,2387.99999999999,7124.928,36.785
2026-07-26 14:07:55.402,0 days 01:58:45.060000,63,1057.8227615644446,0 days 00:00:36.917000,10116.0,99.0,2,104.0,True,0,pos,1853.1097735242665,0.41614497869041783,OnTrack,440.0,10571.0,2388.0,7125.06,36.917
2026-07-26 14:07:55.630,0 days 01:58:45.288000,63,1072.2627777777777,0 days 00:00:37.145000,10116.0,99.0,2,104.0,True,0,car,1859.3791666666668,0.4175528696383374,OnTrack,436.1637347146616,10558.412259586536,2388.0000000000578,7125.288,37.145
2026-07-26 14:07:55.722,0 days 01:58:45.380000,63,1078.089428231111,0 days 00:00:37.237000,10116.0,99.0,2,104.0,True,0,pos,1861.92336342124,0.4181242090804701,OnTrack,440.0,10571.0,2388.0,7125.38,37.237
2026-07-26 14:07:56.030,0 days 01:58:45.688000,63,1097.5961111111108,0 days 00:00:37.545000,10116.0,99.0,2,104.0,False,0,car,1870.3791666666668,0.420023092844213,OnTrack,440.17892184731664,10571.587071891498,2387.999999999824,7125.688,37.545
2026-07-26 14:07:56.062,0 days 01:58:45.720000,63,1099.089444444444,0 days 00:00:37.577000,10116.0,98.36,2,87.36,False,0,pos,1871.232955810966,0.42021482464031956,OnTrack,440.0,10571.0,2388.0,7125.72,37.577
2026-07-26 14:07:56.230,0 days 01:58:45.888000,63,1106.9294444444445,0 days 00:00:37.745000,10116.0,95.0,2,0.0,False,0,car,1875.6569444444444,0.4212083009480422,OnTrack,439.8203245243431,10570.410593242048,2388.000000001743,7125.888,37.745
2026-07-26 14:07:56.362,0 days 01:58:46.020000,63,1113.0894324977778,0 days 00:00:37.877000,10116.0,95.0,2,0.0,False,0,pos,1879.1360198832576,0.4219895821193102,OnTrack,440.0,10571.0,2388.0,7126.02,37.877
2026-07-26 14:07:56.550,0 days 01:58:46.208000,63,1121.8627777777779,0 days 00:00:38.065000,10116.0,95.0,2,0.0,False,0,car,1884.1013888888888,0.4231046339141689,OnTrack,440.0305558915035,10571.099253916776,2387.999999988551,7126.208,38.065
2026-07-26 14:07:56.682,0 days 01:58:46.340000,63,1128.0227658311112,0 days 00:00:38.197000,10116.0,95.0,2,0.0,False,0,pos,1887.5849913815016,0.42388693170665065,OnTrack,440.0,10571.0,2388.0,7126.34,38.197
2026-07-26 14:07:56.750,0 days 01:58:46.408000,63,1131.1961111111113,0 days 00:00:38.265000,10116.0,95.0,2,0.0,False,0,car,1889.3791666666666,0.4242898420179982,OnTrack,439.9934323580416,10570.980074940566,2388.0000000184655,7126.408,38.265
2026-07-26 14:07:56.962,0 days 01:58:46.620000,63,1139.028323875556,0 days 00:00:38.477000,9837.750336,95.0,2,10.5999872,False,0,pos,1894.9726010521854,0.42554593578342104,OnTrack,440.0,10571.0,2388.0,7126.62,38.477
2026-07-26 14:07:57.070,0 days 01:58:46.728000,63,1143.0183333333339,0 days 00:00:38.585000,9696.0,95.0,2,16.0,False,0,car,1897.823611111111,0.4261861749841249,OnTrack,440.00549300985745,10571.001248572087,2387.999999809382,7126.728,38.585
2026-07-26 14:07:57.230,0 days 01:58:46.888000,63,1148.929444444445,0 days 00:00:38.745000,8966.0,95.0,2,16.0,False,0,car,1902.0458333333331,0.42713434146718826,OnTrack,440.0063524251553,10570.995801813138,2387.999999715447,7126.888,38.745
2026-07-26 14:07:57.282,0 days 01:58:46.940000,63,1150.8505460977783,0 days 00:00:38.797000,8966.0,95.0,2,16.0,False,0,pos,1903.4123505090201,0.42744121441615285,OnTrack,440.0,10571.0,2388.0,7126.94,38.797
2026-07-26 14:07:57.482,0 days 01:58:47.140000,63,1158.2394349866668,0 days 00:00:38.997000,8966.0,95.0,2,16.0,False,0,pos,1908.6386168051113,0.4286148548056701,OnTrack,440.0,10571.0,2388.0,7127.14,38.997
2026-07-26 14:07:57.670,0 days 01:58:47.328000,63,1165.185,0 days 00:00:39.185000,8966.0,95.0,2,16.0,False,0,car,1913.6569444444444,0.4297417992956126,OnTrack,440.31716810063676,10570.741857049119,2387.9999852411934,7127.328,39.185
2026-07-26 14:07:57.902,0 days 01:58:47.560000,63,1171.3072222222224,0 days 00:00:39.417000,8966.0,98.48,2,16.0,False,0,pos,1920.1059664203958,0.43119002872653966,OnTrack,440.0,10571.0,2388.0,7127.56,39.417
2026-07-26 14:07:57.942,0 days 01:58:47.600000,63,1172.362777777778,0 days 00:00:39.457000,8966.0,99.08,2,16.0,False,0,pos,1921.2388989383296,0.4314444465625843,OnTrack,440.0,10571.0,2388.0,7127.6,39.457
2026-07-26 14:07:58.070,0 days 01:58:47.728000,63,1175.740555555556,0 days 00:00:39.585000,8966.0,101.0,2,16.0,False,0,car,1924.8791666666666,0.4322619260005968,OnTrack,454.39563422016363,10559.274448392427,2387.9993300251444,7127.728,39.585
2026-07-26 14:07:58.222,0 days 01:58:47.880000,63,1179.6672222222223,0 days 00:00:39.737000,9745.95,102.9,2,31.2,False,0,pos,1929.2278369842554,0.4332384883945251,OnTrack,440.0,10571.0,2388.0,7127.88,39.737
2026-07-26 14:07:58.230,0 days 01:58:47.888000,63,1179.873888888889,0 days 00:00:39.745000,9787.0,103.0,2,32.0,True,0,car,1929.4569444444444,0.433289938082234,OnTrack,436.1403138703779,10574.143797123512,2388.000179630343,7127.888,39.745
2026-07-26 14:07:58.382,0 days 01:58:48.040000,63,1183.8005555555558,0 days 00:00:39.897000,9787.0,103.0,2,32.0,True,0,pos,1933.8084661656058,0.43426714080373263,OnTrack,440.0,10571.0,2388.0,7128.04,39.897
2026-07-26 14:07:58.430,0 days 01:58:48.088000,63,1185.0405555555558,0 days 00:00:39.945000,9787.0,103.0,2,32.0,True,0,car,1935.1791666666668,0.4345749531842804,OnTrack,587.7166882156903,10450.68158863875,2387.9931252442584,7128.088,39.945
2026-07-26 14:07:58.682,0 days 01:58:48.340000,63,1191.550551789419,0 days 00:00:40.197000,9787.0,103.0,2,32.0,True,0,pos,1942.3378443865429,0.43618254698673703,OnTrack,1955.0,9337.0,2388.0,7128.34,40.197
2026-07-26 14:07:58.862,0 days 01:58:48.520000,63,1196.2005604364692,0 days 00:00:40.377000,9787.0,103.0,2,32.0,True,0,pos,1947.5342991940036,0.437349492737071,OnTrack,1955.0,9337.0,2388.0,7128.52,40.377
2026-07-26 14:07:58.869,0 days 01:58:48.527000,63,1196.3813888888892,0 days 00:00:40.384000,9787.0,103.0,2,32.0,True,0,car,1947.7394444444446,0.43739556133327234,OnTrack,1951.9119127918239,9339.515313277296,2387.971020927247,7128.527,40.384
2026-07-26 14:07:59.102,0 days 01:58:48.760000,63,1199.2291690133334,0 days 00:00:40.617000,10452.992215466667,106.88333653333333,2,39.76667306666667,True,0,pos,1954.6642114119825,0.43895062679313535,OnTrack,1955.0,9337.0,2386.0,7128.76,40.617
2026-07-26 14:07:59.109,0 days 01:58:48.767000,63,1199.3147222222224,0 days 00:00:40.624000,10473.0,107.0,2,40.0,True,0,car,1954.872777777778,0.43899746365465836,OnTrack,1955.5914659576629,9336.518238289238,2385.952213037803,7128.767,40.624
2026-07-26 14:07:59.402,0 days 01:58:49.060000,63,1202.8958325511112,0 days 00:00:40.917000,10473.0,107.0,2,43.25555484444445,True,0,pos,1963.5787068590846,0.44095251711332667,OnTrack,1955.0,9337.0,2385.0,7129.06,40.917
2026-07-26 14:07:59.469,0 days 01:58:49.127000,63,1203.7147222222222,0 days 00:00:40.984000,10473.0,107.0,2,44.0,True,0,car,1965.5727777777781,0.44140031713673744,OnTrack,1954.3288832073983,9337.546639024795,2384.764396250941,7129.127,40.984
2026-07-26 14:07:59.702,0 days 01:58:49.360000,63,1206.5625023466666,0 days 00:00:41.217000,10473.0,107.0,2,44.0,True,0,pos,1972.5005494876489,0.4429560573588039,OnTrack,1955.0,9337.0,2384.0,7129.36,41.217
2026-07-26 14:07:59.709,0 days 01:58:49.367000,63,1206.6480555555556,0 days 00:00:41.224000,10473.0,107.0,2,44.0,True,0,car,1972.7061111111113,0.4430022194581234,OnTrack,1955.009591010945,9336.992187915694,2383.9957016997396,7129.367,41.224
2026-07-26 14:07:59.822,0 days 01:58:49.480000,63,1208.0291690133333,0 days 00:00:41.337000,10473.0,107.0,2,44.0,True,0,pos,1975.994965774274,0.4437407835590049,OnTrack,1955.0,9337.0,2384.0,7129.48,41.337
2026-07-26 14:08:00.062,0 days 01:58:49.720000,63,1210.9625023466665,0 days 00:00:41.577000,10473.0,107.0,2,44.0,True,0,pos,1983.1797992375232,0.44535425104548404,OnTrack,1955.0,9337.0,2383.0,7129.72,41.577
2026-07-26 14:08:00.069,0 days 01:58:49.727000,63,1211.0480555555553,0 days 00:00:41.584000,10473.0,107.0,2,44.0,False,0,car,1983.4061111111116,0.4454050729402025,OnTrack,1955.000307096044,9336.999749858645,2382.9620414837254,7129.727,41.584
2026-07-26 14:08:00.221,0 days 01:58:49.879000,63,1211.0480555555553,0 days 00:00:41.736000,10473.0,120.3,2,44.0,False,0,pos,1988.5132602816395,0.4465519637035576,OnTrack,1955.0,9337.0,2382.0,7129.879,41.736
2026-07-26 14:08:00.229,0 days 01:58:49.887000,63,1211.0480555555553,0 days 00:00:41.744000,10473.0,121.0,2,44.0,False,0,car,1988.7838888888894,0.4466127376186306,OnTrack,1954.999921926237,9337.000063621788,2381.931039610569,7129.887,41.744
2026-07-26 14:08:00.389,0 days 01:58:50.047000,63,1211.048055555555,0 days 00:00:41.904000,10473.0,121.0,2,44.0,False,0,car,1994.1616666666673,0.4478204022970587,OnTrack,1954.999686289207,9337.000256803902,2380.1021610811536,7130.047,41.904
2026-07-26 14:08:00.501,0 days 01:58:50.159000,63,1211.048055555555,0 days 00:00:42.016000,10473.0,121.0,2,44.0,False,0,pos,1997.9317911181488,0.44866704310697586,OnTrack,1955.0,9337.0,2379.0,7130.159,42.016
2026-07-26 14:08:00.750,0 days 01:58:50.408000,63,1211.0480555555553,0 days 00:00:42.265000,10473.0,121.0,2,44.0,False,0,car,2006.2952777777784,0.4505451957277621,OnTrack,1955.0000448163137,9336.999953597307,2378.2883223361873,7130.408,42.265
2026-07-26 14:08:00.842,0 days 01:58:50.500000,63,1211.0480555555553,0 days 00:00:42.357000,10483.222193777778,121.0,2,44.0,False,0,pos,2009.3414811252342,0.4512292686549167,OnTrack,1955.0,9337.0,2378.0,7130.5,42.357
2026-07-26 14:08:01.110,0 days 01:58:50.768000,63,1211.0480555555553,0 days 00:00:42.625000,10513.0,121.0,2,44.0,False,0,car,2018.3952777777783,0.45326244125422527,OnTrack,1954.9999781785757,9337.00006919701,2375.9204013409794,7130.768,42.625
2026-07-26 14:08:01.182,0 days 01:58:50.840000,63,1210.5280555555553,0 days 00:00:42.697000,10513.0,124.6,2,49.91428571428571,False,0,pos,2021.0159944975908,0.453850964459435,OnTrack,1955.0,9337.0,2375.0,7130.84,42.697
2026-07-26 14:08:01.390,0 days 01:58:51.048000,63,1209.025833333333,0 days 00:00:42.905000,10513.0,135.0,3,67.0,False,0,car,2028.8952777777783,0.4556203815871066,OnTrack,1955.0001075057728,9336.999585316633,2371.5163352093964,7131.048,42.905
2026-07-26 14:08:01.502,0 days 01:58:51.160000,63,1208.2169444444442,0 days 00:00:43.017000,10513.0,135.0,3,67.0,False,0,pos,2033.1217755802854,0.45656950821904624,OnTrack,1955.0,9337.0,2370.0,7131.16,43.017
2026-07-26 14:08:01.750,0 days 01:58:51.408000,63,1206.425833333333,0 days 00:00:43.265000,10513.0,135.0,3,67.0,False,0,car,2042.3952777777783,0.45865201915795395,OnTrack,1954.9990683490823,9337.003636013225,2368.9415690532946,7131.408,43.265
2026-07-26 14:08:01.910,0 days 01:58:51.568000,63,1205.2702777777777,0 days 00:00:43.425000,10513.0,135.0,3,67.0,False,0,car,2048.395277777778,0.4599994136338861,OnTrack,1954.9996312010753,9337.00143983751,2368.2771100928926,7131.568,43.425
2026-07-26 14:08:01.942,0 days 01:58:51.600000,63,1204.8613888888888,0 days 00:00:43.457000,10625.0,136.1,3,68.1,False,0,pos,2049.6378381460286,0.4602784501299182,OnTrack,1955.0,9337.0,2368.0,7131.6,43.457
2026-07-26 14:08:02.182,0 days 01:58:51.840000,63,1201.7947222222222,0 days 00:00:43.697000,11465.0,144.35,3,76.35,False,0,pos,2059.4071442907284,0.4624723016520947,OnTrack,1955.0,9337.0,2365.0,7131.84,43.697
2026-07-26 14:08:02.230,0 days 01:58:51.888000,63,1201.1813888888887,0 days 00:00:43.745000,11633.0,146.0,3,78.0,False,0,car,2061.3730555555558,0.4629137779818282,OnTrack,1954.9964053149608,9337.01403558255,2364.539599131711,7131.888,43.745
2026-07-26 14:08:02.482,0 days 01:58:52.140000,63,1197.96139216,0 days 00:00:43.997000,12019.099607771428,146.0,3,86.09999177142858,False,0,pos,2071.594819049294,0.4652092359261195,OnTrack,1955.0,9337.0,2363.0,7132.14,43.997
2026-07-26 14:08:02.510,0 days 01:58:52.168000,63,1197.6036111111111,0 days 00:00:44.025000,12062.0,146.0,3,87.0,False,0,car,2072.728611111111,0.46546384678627756,OnTrack,1955.0120356229604,9336.953006365815,2362.812843486631,7132.168,44.025
2026-07-26 14:08:02.722,0 days 01:58:52.380000,63,1194.8947254933335,0 days 00:00:44.237000,12062.0,146.0,3,87.0,False,0,pos,2081.325462224319,0.4673944050696688,OnTrack,1955.0,9337.0,2361.0,7132.38,44.237
2026-07-26 14:08:02.790,0 days 01:58:52.448000,63,1194.0258333333336,0 days 00:00:44.305000,12062.0,146.0,3,87.0,False,0,car,2084.0841666666665,0.4680139155907269,OnTrack,1954.8096454234362,9337.743248096214,2360.1893262771496,7132.448,44.305
2026-07-26 14:08:02.882,0 days 01:58:52.540000,63,1192.6969481422225,0 days 00:00:44.397000,11954.666965333334,146.0,3,88.27777422222222,False,0,pos,2087.815881673744,0.46885193095510846,OnTrack,1955.0,9337.0,2359.0,7132.54,44.397
2026-07-26 14:08:03.150,0 days 01:58:52.808000,63,1188.8258333333338,0 days 00:00:44.665000,11642.0,146.0,3,92.0,False,0,car,2098.6841666666664,0.47129257548216186,OnTrack,1959.3597039338347,9319.977337822063,2355.785202186809,7132.808,44.665
2026-07-26 14:08:03.222,0 days 01:58:52.880000,63,1187.7858333333336,0 days 00:00:44.737000,11138.0,146.0,3,92.0,False,0,pos,2101.604133640758,0.4719483000439611,OnTrack,1955.0,9337.0,2355.0,7132.88,44.737
2026-07-26 14:08:03.310,0 days 01:58:52.968000,63,1186.5147222222222,0 days 00:00:44.825000,10522.0,146.0,3,92.0,False,0,car,2105.1730555555555,0.472749757656133,OnTrack,1944.4553087125673,9378.17222643585,2354.0896445632025,7132.968,44.825
2026-07-26 14:08:03.630,0 days 01:58:53.288000,63,1181.8925,0 days 00:00:45.145000,10497.0,146.0,4,92.0,False,0,car,2118.150833333333,0.4756641220040751,OnTrack,1948.405401547495,9362.748909412257,2351.1089774925726,7133.288,45.145
2026-07-26 14:08:03.642,0 days 01:58:53.300000,63,1181.71250384,0 days 00:00:45.157000,10500.818100363636,146.0,4,92.0,False,0,pos,2118.6374790388386,0.47577340595996415,OnTrack,1955.0,9337.0,2351.0,7133.3,45.157
2026-07-26 14:08:04.070,0 days 01:58:53.728000,63,1175.2925,0 days 00:00:45.585000,10637.0,146.0,4,92.0,False,0,car,2135.9952777777776,0.4796713729824956,OnTrack,2387.8522334789163,7646.908779280181,2347.1119933939626,7133.728,45.585
2026-07-26 14:08:04.082,0 days 01:58:53.740000,63,1175.11250384,0 days 00:00:45.597000,10708.623472,146.0,4,92.5999872,False,0,pos,2136.4820027030614,0.4797806747284334,OnTrack,2395.0,7619.0,2347.0,7133.74,45.597
2026-07-26 14:08:04.230,0 days 01:58:53.888000,63,1172.8925000000004,0 days 00:00:45.745000,11592.0,146.0,4,100.0,False,0,car,2142.484166666666,0.48112855515646663,OnTrack,2437.140197622109,7454.461682918471,2345.598683085209,7133.888,45.745
2026-07-26 14:08:04.430,0 days 01:58:54.088000,63,1169.8925000000004,0 days 00:00:45.945000,11592.0,146.0,4,100.0,False,0,car,2150.5952777777775,0.4829500328739305,OnTrack,2403.05930107414,7587.532092620622,2343.6778097667857,7134.088,45.945
2026-07-26 14:08:04.502,0 days 01:58:54.160000,63,1168.8125000000002,0 days 00:00:46.017000,11592.0,146.0,4,100.0,False,0,pos,2153.5308572522713,0.48360926346852934,OnTrack,2395.0,7619.0,2343.0,7134.16,46.017
2026-07-26 14:08:04.630,0 days 01:58:54.288000,63,1166.8925,0 days 00:00:46.145000,11592.0,146.0,4,100.0,False,0,car,2158.706388888889,0.48477151059139445,OnTrack,2390.3764073325638,7637.05302774514,2341.815928230611,7134.288,46.145
2026-07-26 14:08:04.822,0 days 01:58:54.480000,63,1164.0125000000003,0 days 00:00:46.337000,11592.0,146.0,4,100.0,False,0,pos,2166.4562591536037,0.48651186598870577,OnTrack,2395.0,7619.0,2340.0,7134.48,46.337
2026-07-26 14:08:04.830,0 days 01:58:54.488000,63,1163.8925000000004,0 days 00:00:46.345000,11592.0,146.0,4,100.0,False,0,car,2166.8174999999997,0.4865929883088582,OnTrack,2395.085532596485,7618.66603408642,2339.9201668037936,7134.488,46.345
2026-07-26 14:08:05.022,0 days 01:58:54.680000,63,1158.559166666667,0 days 00:00:46.537000,11758.4,177.2,4,100.0,False,0,pos,2176.611000329993,0.4887922730163038,OnTrack,2395.0,7619.0,2338.0,7134.68,46.537
2026-07-26 14:08:05.070,0 days 01:58:54.728000,63,1157.2258333333334,0 days 00:00:46.585000,11800.0,185.0,4,100.0,False,0,car,2179.150833333333,0.4893626325093855,OnTrack,2394.914587276538,7619.333497962579,2337.5824269747,7134.728,46.585
2026-07-26 14:08:05.322,0 days 01:58:54.980000,63,1150.0158375044311,0 days 00:00:46.837000,10924.027841615822,185.0,4,100.0,False,0,pos,2192.177948479987,0.4922880763403745,OnTrack,2395.0,7619.0,2335.0,7134.98,46.837
2026-07-26 14:08:05.509,0 days 01:58:55.167000,63,1144.6655555555558,0 days 00:00:47.024000,10274.0,185.0,5,100.0,False,0,car,2201.7105555555554,0.49442877335951657,OnTrack,2395.000863547794,7618.996627578776,2331.1977750740148,7135.167,47.024
2026-07-26 14:08:05.522,0 days 01:58:55.180000,63,1144.2936129422224,0 days 00:00:47.037000,10274.0,185.0,5,100.0,False,0,pos,2202.373977835454,0.49457775527870756,OnTrack,2395.0,7619.0,2331.0,7135.18,47.037
2026-07-26 14:08:05.669,0 days 01:58:55.327000,63,1140.0877777777778,0 days 00:00:47.184000,10274.0,185.0,5,100.0,False,0,car,2209.9327777777776,0.4962752028265347,OnTrack,2394.9979961884155,7619.007839909393,2329.8568434430395,7135.327,47.184
2026-07-26 14:08:05.782,0 days 01:58:55.440000,63,1136.44666048,0 days 00:00:47.297000,10274.0,188.33864203636364,5,100.0,False,0,pos,2215.95562746036,0.4976277285584816,OnTrack,2395.0,7619.0,2329.0,7135.44,47.297
2026-07-26 14:08:06.109,0 days 01:58:55.767000,63,1125.9099999999999,0 days 00:00:47.624000,10274.0,198.0,5,100.0,False,0,car,2234.132777777778,0.5017096938794612,OnTrack,2395.0000542003227,7618.999714609335,2322.5713664309146,7135.767,47.624
2026-07-26 14:08:06.142,0 days 01:58:55.800000,63,1124.83749376,0 days 00:00:47.657000,10274.0,198.2062512,5,100.0,False,0,pos,2235.9699341984206,0.5021222562815608,OnTrack,2395.0,7619.0,2322.0,7135.8,47.657
2026-07-26 14:08:06.429,0 days 01:58:56.087000,63,1115.5099999999998,0 days 00:00:47.944000,10274.0,200.0,5,100.0,False,0,car,2251.9105555555557,0.5057019738081491,OnTrack,2395.000226983014,7618.999897810355,2318.773341176583,7136.087,47.944
2026-07-26 14:08:06.502,0 days 01:58:56.160000,63,1113.1374937599999,0 days 00:00:48.017000,10274.0,200.0,5,100.0,False,0,pos,2255.966238838549,0.5066127413500884,OnTrack,2395.0,7619.0,2318.0,7136.16,48.017
2026-07-26 14:08:06.629,0 days 01:58:56.287000,63,1109.0099999999998,0 days 00:00:48.144000,10274.0,200.0,5,100.0,False,0,car,2263.0216666666665,0.508197148763579,OnTrack,2394.9990684939694,7619.000769807136,2316.4569401293766,7136.287,48.144
2026-07-26 14:08:06.781,0 days 01:58:56.439000,63,1104.0699999999997,0 days 00:00:48.296000,10274.0,200.0,5,100.0,False,0,pos,2271.4592371144654,0.5100919380655211,OnTrack,2395.0,7619.0,2314.0,7136.439,48.296
2026-07-26 14:08:06.829,0 days 01:58:56.487000,63,1102.5099999999998,0 days 00:00:48.344000,10274.0,200.0,5,100.0,False,0,car,2274.132777777778,0.510692323719009,OnTrack,2395.00153537473,7618.9986655674,2313.011946933635,7136.487,48.344
2026-07-26 14:08:06.881,0 days 01:58:56.539000,63,1100.82,0 days 00:00:48.396000,10274.0,200.0,5,100.0,False,0,pos,2277.0371397043646,0.511344543921674,OnTrack,2395.0,7619.0,2312.0,7136.539,48.396
2026-07-26 14:08:07.029,0 days 01:58:56.687000,63,1096.0100000000002,0 days 00:00:48.544000,10274.0,200.0,5,100.0,False,0,car,2285.2438888888887,0.5131874986744388,OnTrack,2394.953616834817,7619.040355611632,2310.5199534445137,7136.687,48.544
2026-07-26 14:08:07.181,0 days 01:58:56.839000,63,1091.6611145757836,0 days 00:00:48.696000,10274.0,193.69295108279417,5,100.0,False,0,pos,2293.298793512431,0.5149963543400924,OnTrack,2395.0,7619.0,2309.0,7136.839,48.696
2026-07-26 14:08:07.270,0 days 01:58:56.928000,63,1089.1147222222226,0 days 00:00:48.785000,10274.0,190.0,5,100.0,True,0,car,2297.963333333333,0.5160438502046673,OnTrack,2395.1480398275094,7618.871195129845,2307.068130204326,7136.928,48.785
2026-07-26 14:08:07.362,0 days 01:58:57.020000,63,1086.4825073244447,0 days 00:00:48.877000,10274.0,190.0,5,100.0,True,0,pos,2302.8162041782634,0.5171336387661459,OnTrack,2395.0,7619.0,2305.0,7137.02,48.877
2026-07-26 14:08:07.430,0 days 01:58:57.088000,63,1084.5369444444445,0 days 00:00:48.945000,10274.0,190.0,5,100.0,True,0,car,2306.407777777778,0.5179401831707942,OnTrack,2394.4273577014224,7619.498238623077,2303.9228373528854,7137.088,48.945
2026-07-26 14:08:07.750,0 days 01:58:57.408000,63,1075.3813888888894,0 days 00:00:49.265000,10274.0,190.0,5,100.0,True,0,car,2323.2966666666666,0.5217328491030476,OnTrack,2393.5096261965473,7620.2967289456055,2302.223209049652,7137.408,49.265
2026-07-26 14:08:07.782,0 days 01:58:57.440000,63,1074.4658333333339,0 days 00:00:49.297000,10274.0,190.0,5,100.0,True,0,pos,2325.0029325448113,0.5221160179728283,OnTrack,2395.0,7619.0,2302.0,7137.44,49.297
2026-07-26 14:08:07.842,0 days 01:58:57.500000,63,1072.7491739911118,0 days 00:00:49.357000,10274.0,190.0,5,100.0,True,0,pos,2328.214323378626,0.5228371863510851,OnTrack,2395.0,7619.0,2302.0,7137.5,49.357
2026-07-26 14:08:08.030,0 days 01:58:57.688000,63,1067.3702777777785,0 days 00:00:49.545000,10274.0,190.0,5,100.0,True,0,car,2338.0744444444445,0.5250514317937695,OnTrack,2336.8013004292043,7669.636919580737,2308.8169367537685,7137.688,49.545
2026-07-26 14:08:08.062,0 days 01:58:57.720000,63,1066.7213888888896,0 days 00:00:49.577000,10274.0,188.16,5,100.0,True,0,pos,2339.6648263594866,0.5254085770949278,OnTrack,2395.0,7619.0,2300.0,7137.72,49.577
2026-07-26 14:08:08.342,0 days 01:58:58,63,1061.0436111111117,0 days 00:00:49.857000,10274.0,172.06,5,100.0,True,0,pos,2352.6150931605503,0.5283167634198613,OnTrack,3688.0,6494.0,2109.0,7138.0,49.857
2026-07-26 14:08:08.430,0 days 01:58:58.088000,63,1059.2591666666672,0 days 00:00:49.945000,10274.0,167.0,4,100.0,True,0,car,2356.63,0.5292183739693375,OnTrack,3846.663144747571,6355.952020252895,2084.8267184534643,7138.088,49.945
2026-07-26 14:08:08.662,0 days 01:58:58.320000,63,1054.5547222222226,0 days 00:00:50.177000,10274.0,167.0,4,100.0,True,0,pos,2367.387329793818,0.5316341017593326,OnTrack,3688.0,6494.0,2104.0,7138.32,50.177
2026-07-26 14:08:08.710,0 days 01:58:58.368000,63,1053.5813888888893,0 days 00:00:50.225000,10274.0,167.0,4,100.0,True,0,car,2369.618888888889,0.532135233492235,OnTrack,3669.087125224006,6510.4555174345205,2105.6242232629934,7138.368,50.225
2026-07-26 14:08:08.910,0 days 01:58:58.568000,63,1049.525833333334,0 days 00:00:50.425000,10274.0,167.0,4,100.0,True,0,car,2378.8966666666665,0.534218704580019,OnTrack,3680.9400219952026,6500.142671972714,2098.1708791831493,7138.568,50.425
2026-07-26 14:08:08.982,0 days 01:58:58.640000,63,1048.225833333334,0 days 00:00:50.497000,10346.0,167.0,4,100.0,True,0,pos,2382.2359744721766,0.5349685987284493,OnTrack,3688.0,6494.0,2095.0,7138.64,50.497
2026-07-26 14:08:09.162,0 days 01:58:58.820000,63,1044.9758379555562,0 days 00:00:50.677000,10525.999744,167.0,4,100.0,True,0,pos,2390.5865776809846,0.5368438581674908,OnTrack,3688.0,6494.0,2090.0,7138.82,50.677
2026-07-26 14:08:09.190,0 days 01:58:58.848000,63,1044.4702777777784,0 days 00:00:50.705000,10554.0,167.0,4,100.0,True,0,car,2391.8855555555556,0.5371355641029166,OnTrack,3687.744258230517,6494.222512168108,2089.4203632407944,7138.848,50.705
2026-07-26 14:08:09.362,0 days 01:58:59.020000,63,1041.364726844445,0 days 00:00:50.877000,11173.1990784,167.0,4,28.33344,True,0,pos,2399.8644586855276,0.5389273524364704,OnTrack,3688.0,6494.0,2086.0,7139.02,50.877
2026-07-26 14:08:09.430,0 days 01:58:59.088000,63,1040.136944444445,0 days 00:00:50.945000,11418.0,167.0,3,0.0,True,0,car,2403.018888888889,0.5396357294082574,OnTrack,3688.102232491332,6493.91106814341,2084.0904101781043,7139.088,50.945
2026-07-26 14:08:09.642,0 days 01:58:59.300000,63,1036.3091712888893,0 days 00:00:51.157000,11418.0,167.0,3,0.0,True,0,pos,2412.8534805281274,0.5418442418162174,OnTrack,3688.0,6494.0,2077.0,7139.3,51.157
2026-07-26 14:08:09.790,0 days 01:58:59.448000,63,1033.636944444445,0 days 00:00:51.305000,11418.0,167.0,3,0.0,True,0,car,2419.7188888888886,0.5433859773662686,OnTrack,3687.9634573216385,6494.031479837109,2073.2847463935796,7139.448,51.305
2026-07-26 14:08:09.990,0 days 01:58:59.648000,63,1030.025833333334,0 days 00:00:51.505000,11418.0,167.0,3,0.0,True,0,car,2428.9966666666664,0.5454694484540525,OnTrack,3687.9907374146424,6494.007474222582,2069.6862275213284,7139.648,51.505
2026-07-26 14:08:10.082,0 days 01:58:59.740000,63,1028.8502810488897,0 days 00:00:51.597000,11336.541893333333,167.0,3,0.0,True,0,pos,2433.2664491070345,0.5464282953329832,OnTrack,3688.0,6494.0,2068.0,7139.74,51.597
2026-07-26 14:08:10.462,0 days 01:59:00.120000,63,1023.9947222222235,0 days 00:00:51.977000,11000.083333333334,167.0,3,0.0,True,0,pos,2450.8932324837438,0.550386667091355,OnTrack,3688.0,6494.0,2061.0,7140.12,51.977
2026-07-26 14:08:10.470,0 days 01:59:00.128000,63,1023.8925000000013,0 days 00:00:51.985000,10993.0,167.0,3,0.0,True,0,car,2451.263333333333,0.550469779064734,OnTrack,3687.999933791797,6493.999648168403,2060.8843955757284,7140.128,51.985
2026-07-26 14:08:10.822,0 days 01:59:00.480000,63,1019.3947222222235,0 days 00:00:52.337000,10993.0,167.0,3,0.0,True,0,pos,2467.5870342899225,0.554135523147347,OnTrack,3688.0,6494.0,2057.0,7140.48,52.337
2026-07-26 14:08:10.830,0 days 01:59:00.488000,63,1019.2925000000014,0 days 00:00:52.345000,10993.0,167.0,3,0.0,True,0,car,2467.9633333333327,0.5542200270227453,OnTrack,3687.9998389176067,6494.0024651589865,2056.908218977438,7140.488,52.345
2026-07-26 14:08:10.982,0 days 01:59:00.640000,63,1017.3502777777792,0 days 00:00:52.497000,10993.0,167.0,3,0.0,True,0,pos,2475.1543616596127,0.555834885663262,OnTrack,3688.0,6494.0,2055.0,7140.64,52.497
2026-07-26 14:08:11.070,0 days 01:59:00.728000,63,1016.2258333333348,0 days 00:00:52.585000,10993.0,167.0,3,0.0,True,0,car,2479.096666666666,0.556720192328086,OnTrack,3688.013652798516,6493.80238447306,2053.721313186658,7140.728,52.585
2026-07-26 14:08:11.262,0 days 01:59:00.920000,63,1015.9058333333346,0 days 00:00:52.777000,10993.0,151.53333333333333,3,0.0,True,0,pos,2486.6807435447795,0.5584233162098552,OnTrack,3688.0,6494.0,2051.0,7140.92,52.777
2026-07-26 14:08:11.430,0 days 01:59:01.088000,63,1015.6258333333344,0 days 00:00:52.945000,10993.0,138.0,3,0.0,True,0,car,2492.896666666666,0.5598191996227301,OnTrack,3687.873731908976,6495.8258838183965,2049.540471975498,7141.088,52.945
2026-07-26 14:08:11.482,0 days 01:59:01.140000,63,1015.5391670933344,0 days 00:00:52.997000,10993.0,138.0,3,0.0,True,0,pos,2494.862665839958,0.5602606956936935,OnTrack,3688.0,6494.0,2049.0,7141.14,52.997
2026-07-26 14:08:11.702,0 days 01:59:01.360000,63,1015.172500000001,0 days 00:00:53.217000,10993.0,138.0,3,0.0,True,0,pos,2503.3225466955682,0.562160495149009,OnTrack,3688.0,6494.0,2046.0,7141.36,53.217
2026-07-26 14:08:11.710,0 days 01:59:01.368000,63,1015.1591666666677,0 days 00:00:53.225000,10993.0,138.0,3,0.0,True,0,car,2503.6299999999997,0.5622295386296754,OnTrack,3687.8223427651687,6496.568980180743,2045.9123181325283,7141.368,53.225
2026-07-26 14:08:11.949,0 days 01:59:01.607000,63,1014.7608333333346,0 days 00:00:53.464000,10993.0,138.0,3,0.0,True,0,car,2512.791666666666,0.5642869351391752,OnTrack,3675.520100759074,6674.463305012767,2044.5537310379982,7141.607,53.464
2026-07-26 14:08:12.109,0 days 01:59:01.767000,63,1014.4941666666673,0 days 00:00:53.624000,10853.0,138.0,3,0.0,True,0,car,2518.9249999999997,0.5656642717145726,OnTrack,3685.7967612473203,6525.8595316874125,2044.052565647498,7141.767,53.624
2026-07-26 14:08:12.122,0 days 01:59:01.780000,63,1014.4941666666673,0 days 00:00:53.637000,10808.515844,137.7562512,3,0.0,True,0,pos,2519.4151868323283,0.5657743508862484,OnTrack,3688.0,6494.0,2044.0,7141.78,53.637
2026-07-26 14:08:12.429,0 days 01:59:02.087000,63,1014.4941666666678,0 days 00:00:53.944000,9758.0,132.0,3,0.0,True,0,car,2530.658333333333,0.5682991764675065,OnTrack,3787.8885761715155,5049.57948345983,2042.3811773477232,7142.087,53.944
2026-07-26 14:08:12.542,0 days 01:59:02.200000,63,1014.4941666666678,0 days 00:00:54.057000,9758.0,132.0,3,0.0,True,0,pos,2534.798999393932,0.569229028230295,OnTrack,3814.0,4672.0,2042.0,7142.2,54.057
2026-07-26 14:08:12.629,0 days 01:59:02.287000,63,1014.4941666666678,0 days 00:00:54.144000,9758.0,132.0,3,0.0,True,0,car,2537.991666666666,0.5699459919380901,OnTrack,3822.663642074605,4546.720976173438,2041.8737855895438,7142.287,54.144
2026-07-26 14:08:12.829,0 days 01:59:02.487000,63,1014.4941666666678,0 days 00:00:54.344000,9758.0,132.0,3,0.0,True,0,car,2545.3249999999994,0.571592807408674,OnTrack,3815.592635824718,4648.969962671496,2041.9773718690778,7142.487,54.344
2026-07-26 14:08:12.882,0 days 01:59:02.540000,63,1014.4941666666678,0 days 00:00:54.397000,9758.0,132.0,3,0.0,True,0,pos,2547.278888220486,0.572031583774486,OnTrack,3814.0,4672.0,2042.0,7142.54,54.397
2026-07-26 14:08:12.990,0 days 01:59:02.648000,63,1014.4941666666678,0 days 00:00:54.505000,9758.0,132.0,3,0.0,True,0,car,2551.2283333333326,0.5729184938624939,OnTrack,3812.9784159666347,4686.772496278585,2042.0125292862933,7142.648,54.505
2026-07-26 14:08:13.142,0 days 01:59:02.800000,63,1014.8741668698992,0 days 00:00:54.657000,9431.55971399294,128.18941300380862,3,0.0,True,0,pos,2556.5284032141676,0.5741087080090759,OnTrack,3814.0,4672.0,2042.0,7142.8,54.657
2026-07-26 14:08:13.321,0 days 01:59:02.979000,63,1015.3216666292309,0 days 00:00:54.836000,9047.133736896038,123.70195023614052,3,0.0,True,0,pos,2562.5477525967626,0.5754604476935449,OnTrack,3814.0,4672.0,2042.0,7142.979,54.836
2026-07-26 14:08:13.349,0 days 01:59:03.007000,63,1015.3916666666682,0 days 00:00:54.864000,8987.0,123.0,3,0.0,False,0,car,2563.494166666666,0.5756729798751669,OnTrack,3813.9814252428187,4672.268967743669,2041.9870018880765,7143.007,54.864
2026-07-26 14:08:13.681,0 days 01:59:03.339000,63,1016.2216666666682,0 days 00:00:55.196000,8987.0,123.0,3,0.0,False,0,pos,2574.823368936719,0.5782171306343983,OnTrack,3814.0,4672.0,2042.0,7143.339,55.196
2026-07-26 14:08:13.789,0 days 01:59:03.447000,63,1016.4916666666682,0 days 00:00:55.304000,8987.0,123.0,3,0.0,False,0,car,2578.5274999999992,0.5790489515898636,OnTrack,3814.002055948499,4671.955766848879,2042.5189087918257,7143.447,55.304
2026-07-26 14:08:13.902,0 days 01:59:03.560000,63,1016.774166977696,0 days 00:00:55.417000,8987.0,123.0,3,0.0,False,0,pos,2582.4055580843838,0.5799198305965709,OnTrack,3814.0,4672.0,2043.0,7143.56,55.417
2026-07-26 14:08:14.102,0 days 01:59:03.760000,63,1017.274166678631,0 days 00:00:55.617000,8987.0,123.0,3,0.0,False,0,pos,2589.2254289578245,0.5814513399868118,OnTrack,3814.0,4672.0,2043.0,7143.76,55.617
2026-07-26 14:08:14.110,0 days 01:59:03.768000,63,1017.2941666666684,0 days 00:00:55.625000,8987.0,123.0,3,0.0,False,0,car,2589.494999999999,0.5815118764089946,OnTrack,3813.9982981723283,4672.003728285629,2043.0117866529058,7143.768,55.625
2026-07-26 14:08:14.342,0 days 01:59:04,63,1021.483055555557,0 days 00:00:55.857000,9094.3,120.1,3,18.366666666666667,False,0,pos,2597.2287891322703,0.5832486205348023,OnTrack,3814.0,4672.0,2044.0,7144.0,55.857
2026-07-26 14:08:14.350,0 days 01:59:04.008000,63,1021.6275000000014,0 days 00:00:55.865000,9098.0,120.0,3,19.0,False,0,car,2597.494999999999,0.5833084023769041,OnTrack,3814.010910758924,4671.974370087557,2044.0419381822292,7144.008,55.865
2026-07-26 14:08:14.522,0 days 01:59:04.180000,63,1024.7330509333349,0 days 00:00:56.037000,9098.0,120.0,3,19.0,False,0,pos,2603.2280518542984,0.5845958494433567,OnTrack,3814.0,4672.0,2045.0,7144.18,56.037
2026-07-26 14:08:14.550,0 days 01:59:04.208000,63,1025.2386111111127,0 days 00:00:56.065000,9098.0,120.0,3,19.0,False,0,car,2604.1616666666655,0.584805507350162,OnTrack,3813.7719720706586,4672.5364659439265,2045.1778676313959,7144.208,56.065
2026-07-26 14:08:14.682,0 days 01:59:04.340000,63,1027.6219398222236,0 days 00:00:56.197000,9098.0,120.0,3,19.0,False,0,pos,2608.5616298083273,0.5857935883553922,OnTrack,3814.0,4672.0,2046.0,7144.34,56.197
2026-07-26 14:08:14.710,0 days 01:59:04.368000,63,1028.1275000000014,0 days 00:00:56.225000,9098.0,120.0,3,19.0,False,0,car,2609.494999999999,0.5860031913287684,OnTrack,3815.281871852809,4668.9841274275195,2046.1251716992417,7144.368,56.225
2026-07-26 14:08:14.950,0 days 01:59:04.608000,63,1032.4608333333354,0 days 00:00:56.465000,9098.0,120.0,3,19.0,False,0,car,2617.494999999999,0.587799717296678,OnTrack,3826.6273055146626,4642.291568013108,2046.7130089787001,7144.608,56.465
2026-07-26 14:08:15.002,0 days 01:59:04.660000,63,1033.3997176000018,0 days 00:00:56.517000,9096.44000768,120.0,3,19.77999616,False,0,pos,2619.2263833173965,0.5881885266829417,OnTrack,3814.0,4672.0,2047.0,7144.66,56.517
2026-07-26 14:08:15.150,0 days 01:59:04.808000,63,1036.0719444444462,0 days 00:00:56.665000,9092.0,120.0,3,22.0,False,0,car,2624.1616666666655,0.589296822269936,OnTrack,3752.335968065118,4817.077808455312,2048.3235658359913,7144.808,56.665
2026-07-26 14:08:15.222,0 days 01:59:04.880000,63,1037.6919444444466,0 days 00:00:56.737000,9092.0,120.45,3,22.0,False,0,pos,2626.578386884781,0.589839534848563,OnTrack,3814.0,4672.0,2049.0,7144.88,56.737
2026-07-26 14:08:15.310,0 days 01:59:04.968000,63,1039.671944444447,0 days 00:00:56.825000,9092.0,121.0,3,22.0,False,0,car,2629.5394444444432,0.590504486948364,OnTrack,4030.93230277608,4161.620412749453,2049.7196695885345,7144.968,56.825
2026-07-26 14:08:15.482,0 days 01:59:05.140000,63,1043.5419386844467,0 days 00:00:56.997000,9092.0,121.0,3,22.0,False,0,pos,2635.32051030208,0.5918027163152939,OnTrack,4570.0,2893.0,2051.0,7145.14,56.997
2026-07-26 14:08:15.550,0 days 01:59:05.208000,63,1045.0719444444467,0 days 00:00:57.065000,9092.0,121.0,3,22.0,True,0,car,2637.60611111111,0.5923159839660062,OnTrack,4637.929992070977,2732.720255619397,2051.579715704457,7145.208,57.065
2026-07-26 14:08:15.710,0 days 01:59:05.368000,63,1048.6719444444466,0 days 00:00:57.225000,9092.0,121.0,3,22.0,True,0,car,2642.9838888888876,0.5935236486444342,OnTrack,4573.917109247286,2883.49416022458,2052.9218058630377,7145.368,57.225
2026-07-26 14:08:15.722,0 days 01:59:05.380000,63,1048.9419386844465,0 days 00:00:57.237000,9092.0,121.0,3,22.0,True,0,pos,2643.386550250009,0.5936140725933752,OnTrack,4570.0,2893.0,2053.0,7145.38,57.237
2026-07-26 14:08:15.990,0 days 01:59:05.648000,63,1054.9719444444468,0 days 00:00:57.505000,9092.0,121.0,3,22.0,True,0,car,2652.3949999999986,0.5956370618316834,OnTrack,4569.416361892771,2898.951519459124,2054.558317000088,7145.648,57.505
2026-07-26 14:08:16.022,0 days 01:59:05.680000,63,1055.6563888888911,0 days 00:00:57.537000,9092.0,121.26666666666667,3,22.0,True,0,pos,2653.4854561579773,0.5958819409322678,OnTrack,4570.0,2893.0,2055.0,7145.68,57.537
2026-07-26 14:08:16.182,0 days 01:59:05.840000,63,1059.0786111111136,0 days 00:00:57.697000,9092.0,122.6,3,22.0,True,0,pos,2659.000816458341,0.5971205019325154,OnTrack,4570.0,2893.0,2058.0,7145.84,57.697
2026-07-26 14:08:16.470,0 days 01:59:06.128000,63,1065.2386111111136,0 days 00:00:57.985000,9092.0,125.0,3,22.0,False,0,car,2669.061666666665,0.5993798242648283,OnTrack,4663.5765466077355,3109.9224408052696,2060.2422245009047,7146.128,57.985
2026-07-26 14:08:16.562,0 days 01:59:06.220000,63,1067.2063834133357,0 days 00:00:58.077000,9092.0,125.0,3,22.0,False,0,pos,2672.2690553222383,0.6001000938909427,OnTrack,4570.0,2893.0,2061.0,7146.22,58.077
2026-07-26 14:08:16.722,0 days 01:59:06.380000,63,1070.628605635558,0 days 00:00:58.237000,9092.0,125.0,3,22.0,False,0,pos,2677.833214386559,0.6013496134220216,OnTrack,4243.0,2138.0,2063.0,7146.38,58.237
2026-07-26 14:08:16.830,0 days 01:59:06.488000,63,1072.9386111111135,0 days 00:00:58.345000,9092.0,125.0,3,22.0,False,0,car,2681.561666666665,0.6021868960896869,OnTrack,4145.6102541138835,1915.2015994175115,2064.549152272801,7146.488,58.345
2026-07-26 14:08:17.082,0 days 01:59:06.740000,63,1078.328605635558,0 days 00:00:58.597000,9092.0,125.0,3,22.0,False,0,pos,2690.273768963664,0.6041433358411422,OnTrack,4243.0,2138.0,2068.0,7146.74,58.597
2026-07-26 14:08:17.110,0 days 01:59:06.768000,63,1078.9275000000025,0 days 00:00:58.625000,9092.0,125.0,3,22.0,False,0,car,2691.2838888888873,0.6043701741756881,OnTrack,4250.871920266177,2153.423755787731,2068.287759069336,7146.768,58.625
2026-07-26 14:08:17.362,0 days 01:59:07.020000,63,1085.7174931022244,0 days 00:00:58.877000,9092.0,134.4499904,3,22.0,False,0,pos,2700.849550051025,0.6065182940104386,OnTrack,4243.0,2138.0,2071.0,7147.02,58.877
2026-07-26 14:08:17.430,0 days 01:59:07.088000,63,1087.5497222222243,0 days 00:00:58.945000,9092.0,137.0,3,22.0,False,0,car,2703.461666666665,0.6071048859268393,OnTrack,4206.426193406834,2095.784144957266,2072.447912561824,7147.088,58.945
2026-07-26 14:08:17.630,0 days 01:59:07.288000,63,1092.938611111113,0 days 00:00:59.145000,9092.0,137.0,3,22.0,False,0,car,2711.0727777777765,0.6088140807713089,OnTrack,4021.828569798068,1898.1108810791175,2078.2060953319406,7147.288,59.145
2026-07-26 14:08:17.722,0 days 01:59:07.380000,63,1095.4174931022244,0 days 00:00:59.237000,9092.0,137.0,3,22.0,False,0,pos,2714.560227270898,0.6095972424683296,OnTrack,3931.0,1801.0,2080.0,7147.38,59.237
2026-07-26 14:08:17.870,0 days 01:59:07.528000,63,1099.4052777777806,0 days 00:00:59.385000,9092.0,137.0,3,22.0,False,0,car,2720.2061111111097,0.6108651145846723,OnTrack,3792.2357590560064,1650.9518046394087,2081.0756434493546,7147.528,59.385
2026-07-26 14:08:17.982,0 days 01:59:07.640000,63,1102.329722222225,0 days 00:00:59.497000,9234.545454545454,138.27272727272728,3,32.18181818181818,False,0,pos,2724.5610836924407,0.6118430922511591,OnTrack,3727.0,1580.0,2082.0,7147.64,59.497
2026-07-26 14:08:18.182,0 days 01:59:07.840000,63,1107.5519444444471,0 days 00:00:59.697000,9489.09090909091,140.54545454545453,3,50.36363636363637,False,0,pos,2732.488558723857,0.6136233315953958,OnTrack,3727.0,1580.0,2086.0,7147.84,59.697
2026-07-26 14:08:18.310,0 days 01:59:07.968000,63,1110.8941666666692,0 days 00:00:59.825000,9652.0,142.0,3,62.0,False,0,car,2737.5616666666656,0.614762577865054,OnTrack,3729.4625924092074,1582.6783713836635,2088.3891791347573,7147.968,59.825
2026-07-26 14:08:18.442,0 days 01:59:08.100000,63,1114.6708260088915,0 days 00:00:59.957000,10575.998208,142.0,3,64.74999466666667,False,0,pos,2742.7714490895246,0.615932516541282,OnTrack,3727.0,1580.0,2091.0,7148.1,59.957
2026-07-26 14:08:18.550,0 days 01:59:08.208000,63,1117.760833333336,0 days 00:01:00.065000,11332.0,142.0,3,67.0,False,0,car,2747.028333333332,0.6168884669270801,OnTrack,3726.4597654781332,1579.412413892888,2093.7173750124703,7148.208,60.065
2026-07-26 14:08:18.709,0 days 01:59:08.367000,63,1122.3100000000031,0 days 00:01:00.224000,11580.0,142.0,3,67.0,False,0,car,2753.2999999999984,0.6182968684306726,OnTrack,3726.97766649861,1579.9757029598136,2097.7441731854756,7148.367,60.224
2026-07-26 14:08:18.722,0 days 01:59:08.380000,63,1122.6819426133363,0 days 00:01:00.237000,11580.0,142.0,3,67.0,False,0,pos,2753.812807470909,0.6184120274229261,OnTrack,3727.0,1580.0,2098.0,7148.38,60.237
2026-07-26 14:08:18.942,0 days 01:59:08.600000,63,1128.976394382225,0 days 00:01:00.457000,11580.0,142.0,3,67.0,False,0,pos,2762.4905509730147,0.6203607513659751,OnTrack,3727.0,1580.0,2102.0,7148.6,60.457
2026-07-26 14:08:18.949,0 days 01:59:08.607000,63,1129.1766666666695,0 days 00:01:00.464000,11580.0,142.0,3,67.0,False,0,car,2762.766666666665,0.6204227574926988,OnTrack,3727.0028186939926,1580.0030447477916,2102.21732250891,7148.607,60.464
2026-07-26 14:08:19.002,0 days 01:59:08.660000,63,1130.6930537244473,0 days 00:01:00.517000,11580.0,142.0,3,67.0,False,0,pos,2764.8573668989034,0.6208922571499903,OnTrack,3727.0,1580.0,2104.0,7148.66,60.517
2026-07-26 14:08:19.149,0 days 01:59:08.807000,63,1134.8988888888916,0 days 00:01:00.664000,11580.0,142.0,3,67.0,False,0,car,2770.655555555554,0.6221943317110542,OnTrack,3725.969671607528,1578.8854361299345,2107.3030302358966,7148.807,60.664
2026-07-26 14:08:19.242,0 days 01:59:08.900000,63,1137.5597203911138,0 days 00:01:00.757000,11640.872685381819,142.0,3,67.63409047272727,False,0,pos,2774.32195120126,0.6230176785843218,OnTrack,3727.0,1580.0,2109.0,7148.9,60.757
2026-07-26 14:08:19.582,0 days 01:59:09.240000,63,1147.287505493336,0 days 00:01:01.097000,11863.418307490909,142.0,3,69.95227403636363,False,0,pos,2787.7342140445076,0.626029613395112,OnTrack,3727.0,1580.0,2118.0,7149.24,61.097
2026-07-26 14:08:19.589,0 days 01:59:09.247000,63,1147.4877777777806,0 days 00:01:01.104000,11868.0,142.0,3,70.0,False,0,car,2788.0111111111096,0.6260917949914356,OnTrack,3725.679853558697,1578.571917086708,2118.2564896322365,7149.247,61.104
2026-07-26 14:08:19.742,0 days 01:59:09.400000,63,1151.865283271114,0 days 00:01:01.257000,11868.0,142.0,3,70.0,False,0,pos,2794.07279893148,0.6274530424387678,OnTrack,3727.0,1580.0,2124.0,7149.4,61.257
2026-07-26 14:08:19.949,0 days 01:59:09.607000,63,1157.7877777777808,0 days 00:01:01.464000,11868.0,142.0,3,70.0,False,0,car,2802.2111111111094,0.6292806285844751,OnTrack,3874.0344786516816,1739.0561655805152,2128.136571731707,7149.607,61.464
2026-07-26 14:08:19.981,0 days 01:59:09.639000,63,1158.7033333333363,0 days 00:01:01.496000,11868.0,142.0,3,70.0,False,0,pos,2803.450916057661,0.6295590463071778,OnTrack,3727.0,1580.0,2129.0,7149.639,61.496
2026-07-26 14:08:20.121,0 days 01:59:09.779000,63,1162.7088888888918,0 days 00:01:01.636000,11868.0,142.0,3,70.0,False,0,pos,2808.931484504911,0.6307897942489767,OnTrack,2614.0,376.0,2134.0,7149.779,61.636
2026-07-26 14:08:20.149,0 days 01:59:09.807000,63,1163.510000000003,0 days 00:01:01.664000,11868.0,142.0,3,70.0,False,0,car,2810.0999999999985,0.6310522028028305,OnTrack,2496.710487533104,249.12077896610302,2134.960262417341,7149.807,61.664
2026-07-26 14:08:20.321,0 days 01:59:09.979000,63,1166.997776107823,0 days 00:01:01.836000,11412.479021097326,154.8678242627874,3,73.43141980340997,False,0,pos,2817.957541507266,0.6328167374730471,OnTrack,2614.0,376.0,2140.0,7149.979,61.836
2026-07-26 14:08:20.482,0 days 01:59:10.140000,63,1170.2624954691103,0 days 00:01:01.997000,10986.090367318327,166.91270148818282,3,76.64338706351542,False,0,pos,2825.9461969759673,0.6346107158478226,OnTrack,2614.0,376.0,2144.0,7150.14,61.997
2026-07-26 14:08:20.550,0 days 01:59:10.208000,63,1171.641388888892,0 days 00:01:02.065000,10806.0,172.0,3,78.0,True,0,car,2829.258888888887,0.6353546329784783,OnTrack,2610.184313795268,371.8723394516292,2145.694425788302,7150.208,62.065
2026-07-26 14:08:20.642,0 days 01:59:10.300000,63,1173.5069392533364,0 days 00:01:02.157000,10806.0,172.0,3,78.0,True,0,pos,2833.6748268534934,0.6363463013817398,OnTrack,2614.0,376.0,2148.0,7150.3,62.157
2026-07-26 14:08:20.750,0 days 01:59:10.408000,63,1175.6969444444476,0 days 00:01:02.265000,10806.0,172.0,3,78.0,True,0,car,2838.814444444443,0.637500483440148,OnTrack,2615.120949014503,377.2125989321055,2150.65645483427,7150.408,62.265
2026-07-26 14:08:20.882,0 days 01:59:10.540000,63,1178.3736059200032,0 days 00:01:02.397000,10806.0,172.0,3,78.0,True,0,pos,2845.1189864249873,0.6389162676131261,OnTrack,2614.0,376.0,2154.0,7150.54,62.397
2026-07-26 14:08:20.950,0 days 01:59:10.608000,63,1179.7525000000032,0 days 00:01:02.465000,10806.0,172.0,3,78.0,True,0,car,2848.3699999999985,0.6396463339018178,OnTrack,2613.768430469277,375.74949711740743,2155.851553600591,7150.608,62.465
2026-07-26 14:08:21.162,0 days 01:59:10.820000,63,1184.0513836977814,0 days 00:01:02.677000,10806.0,172.0,3,78.0,True,0,pos,2858.500313195867,0.641921255241747,OnTrack,2614.0,376.0,2161.0,7150.82,62.677
2026-07-26 14:08:21.230,0 days 01:59:10.888000,63,1185.4302777777816,0 days 00:01:02.745000,10806.0,172.0,3,78.0,False,0,car,2861.747777777776,0.6426505245481553,OnTrack,2614.030103689758,376.03256496138897,2161.777094641529,7150.888,62.745
2026-07-26 14:08:21.382,0 days 01:59:11.040000,63,1189.272500000004,0 days 00:01:02.897000,10806.0,172.0,3,78.0,False,0,pos,2869.0032121166064,0.6442798465729267,OnTrack,2614.0,376.0,2163.0,7151.04,62.897
2026-07-26 14:08:21.582,0 days 01:59:11.240000,63,1194.3280555555598,0 days 00:01:03.097000,10806.0,172.0,3,78.0,False,0,pos,2878.5642986124167,0.6464269390943208,OnTrack,2614.0,376.0,2167.0,7151.24,63.097
2026-07-26 14:08:21.590,0 days 01:59:11.248000,63,1194.530277777782,0 days 00:01:03.105000,10806.0,172.0,4,78.0,False,0,car,2878.9477777777756,0.6465130553791608,OnTrack,2614.0002241526076,376.000242381977,2167.145055154582,7151.248,63.105
2026-07-26 14:08:21.962,0 days 01:59:11.620000,63,1203.933604640003,0 days 00:01:03.477000,10806.0,172.0,4,78.0,False,0,pos,2896.7462120801997,0.6505099740557155,OnTrack,2614.0,376.0,2171.0,7151.62,63.477
2026-07-26 14:08:21.990,0 days 01:59:11.648000,63,1204.641388888892,0 days 00:01:03.505000,10806.0,172.0,4,78.0,False,0,car,2898.058888888887,0.6508047563025003,OnTrack,2613.999901530484,375.99989646814413,2171.210512514408,7151.648,63.505
2026-07-26 14:08:22.150,0 days 01:59:11.808000,63,1208.6858333333366,0 days 00:01:03.665000,10806.0,172.0,4,78.0,False,0,car,2905.703333333331,0.652521436671836,OnTrack,2613.999913534518,375.9999276169109,2172.396679282968,7151.808,63.665
2026-07-26 14:08:22.222,0 days 01:59:11.880000,63,1209.905833333337,0 days 00:01:03.737000,10806.0,185.5,4,78.0,False,0,pos,2909.623754978251,0.6534018290831178,OnTrack,2614.0,376.0,2173.0,7151.88,63.737
2026-07-26 14:08:22.310,0 days 01:59:11.968000,63,1211.3969444444483,0 days 00:01:03.825000,10806.0,202.0,4,78.0,False,0,car,2914.681111111109,0.6545375380358236,OnTrack,2614.000081485969,376.0000259459032,2173.826656563879,7151.968,63.825
2026-07-26 14:08:22.442,0 days 01:59:12.100000,63,1213.743606560004,0 days 00:01:03.957000,10806.0,204.19999573333334,4,78.0,False,0,pos,2922.2398682540884,0.6562349759723841,OnTrack,2614.0,376.0,2175.0,7152.1,63.957
2026-07-26 14:08:22.550,0 days 01:59:12.208000,63,1215.6636111111152,0 days 00:01:04.065000,10806.0,206.0,5,78.0,False,0,car,2928.4144444444423,0.6576215742807349,OnTrack,2613.9995643288403,375.99999886083174,2175.5954078854884,7152.208,64.065
2026-07-26 14:08:22.750,0 days 01:59:12.408000,63,1219.2191666666704,0 days 00:01:04.265000,10806.0,206.0,5,78.0,False,0,car,2939.858888888887,0.6601916044848278,OnTrack,2613.9986494075033,376.00002601643854,2175.9359921249356,7152.408,64.265
2026-07-26 14:08:22.862,0 days 01:59:12.520000,63,1221.2102777777816,0 days 00:01:04.377000,10806.0,206.0,5,78.0,False,0,pos,2946.26929570026,0.6616311622725148,OnTrack,2614.0,376.0,2176.0,7152.52,64.377
2026-07-26 14:08:22.910,0 days 01:59:12.568000,63,1222.0636111111148,0 days 00:01:04.425000,10806.0,206.0,5,78.0,False,0,car,2949.0144444444427,0.662247628648102,OnTrack,2614.0010923650843,375.99997666174244,2176.01611148382,7152.568,64.425
2026-07-26 14:08:23.150,0 days 01:59:12.808000,63,1226.3302777777808,0 days 00:01:04.665000,10806.0,206.0,5,78.0,False,0,car,2962.7477777777767,0.6653316648930137,OnTrack,2614.0084160933357,375.9998126560126,2176.007107993976,7152.808,64.665
2026-07-26 14:08:23.282,0 days 01:59:12.940000,63,1228.6402732977813,0 days 00:01:04.797000,11267.999104,207.41428297142858,5,88.37140845714286,False,0,pos,2970.390768090328,0.6670480187141362,OnTrack,2614.0,376.0,2176.0,7152.94,64.797
2026-07-26 14:08:23.430,0 days 01:59:13.088000,63,1231.2302777777818,0 days 00:01:04.945000,11786.0,209.0,5,100.0,True,0,car,2979.0033333333317,0.6689821058528076,OnTrack,2613.9883231683534,376.00026095307163,2176.00604689262,7153.088,64.945
2026-07-26 14:08:23.462,0 days 01:59:13.120000,63,1231.7902777777817,0 days 00:01:04.977000,11845.0,209.0,5,100.0,True,0,pos,2980.8636748436907,0.6693998748318751,OnTrack,2614.0,376.0,2176.0,7153.12,64.977
2026-07-26 14:08:23.590,0 days 01:59:13.248000,63,1234.0302777777815,0 days 00:01:05.105000,12081.0,209.0,5,100.0,True,0,car,2988.2922222222214,0.6710680721155472,OnTrack,2614.1227229383185,375.9972571934437,2175.933305050123,7153.248,65.105
2026-07-26 14:08:23.842,0 days 01:59:13.500000,63,1238.440273297782,0 days 00:01:05.357000,12081.0,209.0,5,100.0,True,0,pos,3002.8928074797764,0.6743468634357814,OnTrack,2614.0,376.0,2176.0,7153.5,65.357
2026-07-26 14:08:23.870,0 days 01:59:13.528000,63,1238.930277777782,0 days 00:01:05.385000,12081.0,209.0,5,100.0,True,0,car,3004.547777777777,0.6747185130753411,OnTrack,2613.8676635079664,376.0029577099374,2176.0726100001066,7153.528,65.385
2026-07-26 14:08:24.102,0 days 01:59:13.760000,63,1241.4436111111154,0 days 00:01:05.617000,11695.3,213.74545454545455,5,100.0,True,0,pos,3018.6381804297494,0.6778827348581624,OnTrack,2614.0,376.0,2177.0,7153.76,65.617
2026-07-26 14:08:24.742,0 days 01:59:14.400000,63,1248.3769444444488,0 days 00:01:06.257000,10631.3,226.83636363636364,5,100.0,True,0,pos,3059.5297412400964,0.68706557871618,OnTrack,2614.0,376.0,2179.0,7154.4,66.257
2026-07-26 14:08:24.750,0 days 01:59:14.408000,63,1248.4636111111154,0 days 00:01:06.265000,10618.0,227.0,6,100.0,False,0,car,3060.0366666666655,0.6871794168027582,OnTrack,2612.2879835710023,376.038263457847,2179.048376578038,7154.408,66.265
2026-07-26 14:08:24.910,0 days 01:59:14.568000,63,1250.196944444449,0 days 00:01:06.425000,10618.0,227.0,6,100.0,False,0,car,3070.125555555554,0.6894450356622885,OnTrack,2572.6709530936646,376.923701559159,2180.2052055585723,7154.568,66.425
2026-07-26 14:08:25.002,0 days 01:59:14.660000,63,1251.1936083377823,0 days 00:01:06.517000,10657.6748896,227.0,6,100.0,False,0,pos,3075.871661210183,0.6907354141651502,OnTrack,2614.0,376.0,2181.0,7154.66,66.517
2026-07-26 14:08:25.202,0 days 01:59:14.860000,63,1253.360275004449,0 days 00:01:06.717000,10743.9248896,227.0,6,100.0,False,0,pos,3088.4714670909643,0.6935648989720805,OnTrack,2614.0,376.0,2183.0,7154.86,66.717
2026-07-26 14:08:25.230,0 days 01:59:14.888000,63,1253.6636111111156,0 days 00:01:06.745000,10756.0,227.0,6,100.0,False,0,car,3090.3033333333324,0.6939762733813494,OnTrack,2463.289754267578,379.36836436822017,2183.3097120235475,7154.888,66.745
2026-07-26 14:08:25.402,0 days 01:59:15.060000,63,1254.7624994246833,0 days 00:01:06.917000,10756.0,240.82913848841503,6,100.0,False,0,pos,3101.901736547984,0.6965808774515252,OnTrack,1048.0,411.0,2186.0,7155.06,66.917
2026-07-26 14:08:25.429,0 days 01:59:15.087000,63,1254.935000000005,0 days 00:01:06.944000,10756.0,243.0,6,100.0,True,0,car,3103.7358333333323,0.6969927527643425,OnTrack,927.9369770505467,413.68340089606085,2186.733530223901,7155.087,66.944
2026-07-26 14:08:25.662,0 days 01:59:15.320000,63,1256.4236123377825,0 days 00:01:07.177000,10756.0,243.0,6,100.0,True,0,pos,3119.4793510540644,0.7005282075657849,OnTrack,1048.0,411.0,2195.0,7155.32,67.177
2026-07-26 14:08:25.829,0 days 01:59:15.487000,63,1257.4905555555601,0 days 00:01:07.344000,10756.0,243.0,6,100.0,True,0,car,3130.735833333332,0.7030560279060372,OnTrack,1108.8920741686659,409.6390660307131,2197.9034625892077,7155.487,67.344
2026-07-26 14:08:25.989,0 days 01:59:15.647000,63,1258.5127777777825,0 days 00:01:07.504000,10756.0,243.0,6,100.0,True,0,car,3141.5358333333324,0.7054813379627152,OnTrack,1053.9853262625813,410.8662283402361,2199.7585715065843,7155.647,67.504
2026-07-26 14:08:26.042,0 days 01:59:15.700000,63,1258.8513884800047,0 days 00:01:07.557000,10850.0748864,243.0,6,100.0,True,0,pos,3145.1132524318004,0.7062847037512768,OnTrack,1048.0,411.0,2201.0,7155.7,67.557
2026-07-26 14:08:26.102,0 days 01:59:15.760000,63,1259.2347234488936,0 days 00:01:07.617000,10956.5753408,243.0,6,100.0,True,0,pos,3149.162583592985,0.7071940448242435,OnTrack,1048.0,411.0,2202.0,7155.76,67.617
2026-07-26 14:08:26.429,0 days 01:59:16.087000,63,1261.3238888888936,0 days 00:01:07.944000,11537.0,243.0,6,100.0,True,0,car,3171.2358333333323,0.7121509406185794,OnTrack,1048.0669895745962,410.99850278728553,2143.370313222627,7156.087,67.944
2026-07-26 14:08:26.462,0 days 01:59:16.120000,63,1261.5347234488936,0 days 00:01:07.977000,11537.0,243.0,6,100.0,True,0,pos,3173.4658496450998,0.7126517258951984,OnTrack,1048.0,411.0,2142.0,7156.12,67.977
2026-07-26 14:08:26.621,0 days 01:59:16.279000,63,1262.5505555555603,0 days 00:01:08.136000,11537.0,243.0,6,100.0,True,0,pos,3184.212415883893,0.71506503655943,OnTrack,1048.0,411.0,2154.0,7156.279,68.136
2026-07-26 14:08:26.709,0 days 01:59:16.367000,63,1263.1127777777824,0 days 00:01:08.224000,11537.0,243.0,6,100.0,True,0,car,3190.1358333333324,0.7163952332177658,OnTrack,1048.0058272686435,410.9998697609179,2158.5113213993595,7156.367,68.224
2026-07-26 14:08:26.781,0 days 01:59:16.439000,63,1263.5727775026423,0 days 00:01:08.296000,11537.0,243.0,6,100.0,True,0,pos,3194.962913908063,0.7174792301679779,OnTrack,1048.0,411.0,2161.0,7156.439,68.296
2026-07-26 14:08:27.030,0 days 01:59:16.688000,63,1265.1636111111156,0 days 00:01:08.545000,11537.0,243.0,6,100.0,True,0,car,3211.8033333333324,0.7212610115189758,OnTrack,1047.9993597461946,411.0000143096315,2168.6096538429642,7156.688,68.545
2026-07-26 14:08:27.082,0 days 01:59:16.740000,63,1265.2791660977823,0 days 00:01:08.597000,11423.25056,245.437488,6,100.0,True,0,pos,3215.446800131252,0.7220792093584357,OnTrack,1048.0,411.0,2166.0,7156.74,68.597
2026-07-26 14:08:27.342,0 days 01:59:17,63,1265.856944444449,0 days 00:01:08.857000,10854.5,257.625,6,100.0,True,0,pos,3234.160569017792,0.7262816808287015,OnTrack,1048.0,411.0,2170.0,7157.0,68.857
2026-07-26 14:08:27.350,0 days 01:59:17.008000,63,1265.8747222222269,0 days 00:01:08.865000,10837.0,258.0,6,100.0,True,0,car,3234.7366666666653,0.7264110526269831,OnTrack,1047.9999897324985,411.00000022947813,2174.035208780319,7157.008,68.865
2026-07-26 14:08:27.522,0 days 01:59:17.180000,63,1266.2569438755602,0 days 00:01:09.037000,10757.7572608,258.0,6,100.0,True,0,pos,3247.072407620323,0.7291812374965644,OnTrack,1048.0,411.0,2302.0,7157.18,69.037
2026-07-26 14:08:27.630,0 days 01:59:17.288000,63,1266.4969444444491,0 days 00:01:09.145000,10708.0,258.0,6,100.0,True,0,car,3254.803333333332,0.7309173385964896,OnTrack,1048.0000200340987,410.9999995522392,2339.0833681088156,7157.288,69.145
2026-07-26 14:08:27.830,0 days 01:59:17.488000,63,1266.941388888894,0 days 00:01:09.345000,10708.0,258.0,6,100.0,True,0,car,3269.1366666666654,0.7341361142889942,OnTrack,1048.0000041723897,410.99999990674735,2315.4235060278747,7157.488,69.345
2026-07-26 14:08:27.902,0 days 01:59:17.560000,63,1267.1013888888938,0 days 00:01:09.417000,10708.0,258.0,6,100.0,True,0,pos,3274.297035737657,0.7352949564189983,OnTrack,1048.0,411.0,2310.0,7157.56,69.417
2026-07-26 14:08:28.070,0 days 01:59:17.728000,63,1267.4747222222268,0 days 00:01:09.585000,10708.0,258.0,6,100.0,True,0,car,3286.336666666665,0.7379986451199997,OnTrack,1047.9999995777562,411.0000000094371,2314.5196299093836,7157.728,69.585
2026-07-26 14:08:28.122,0 days 01:59:17.780000,63,1267.5902772088934,0 days 00:01:09.637000,10708.0,258.0,6,100.0,True,0,pos,3290.063264403911,0.7388355113208642,OnTrack,1048.0,411.0,2317.0,7157.78,69.637
2026-07-26 14:08:28.230,0 days 01:59:17.888000,63,1267.8302777777822,0 days 00:01:09.745000,10708.0,258.0,6,100.0,True,0,car,3297.803333333333,0.7405736656740036,OnTrack,1048.0000000444925,410.9999999990055,2320.5236570310453,7157.888,69.745
2026-07-26 14:08:28.262,0 days 01:59:17.920000,63,1267.9013888888933,0 days 00:01:09.777000,10740.1,258.0,6,100.0,True,0,pos,3300.096718992263,0.7410886815353411,OnTrack,1048.0,411.0,2321.0,7157.92,69.777
2026-07-26 14:08:28.522,0 days 01:59:18.180000,63,1268.4791660977824,0 days 00:01:10.037000,11000.9122432,258.0,6,100.0,True,0,pos,3318.73021214945,0.7452731258265599,OnTrack,1048.0,411.0,2319.0,7158.18,70.037
2026-07-26 14:08:28.550,0 days 01:59:18.208000,63,1268.5413888888934,0 days 00:01:10.065000,11029.0,258.0,7,100.0,False,0,car,3320.7366666666658,0.7457237067820109,OnTrack,1048.000000004867,410.9999999998912,2319.5038108316944,7158.208,70.065
2026-07-26 14:08:28.710,0 days 01:59:18.368000,63,1268.8969444444492,0 days 00:01:10.225000,11029.0,258.0,7,100.0,False,0,car,3332.203333333332,0.7482987273360145,OnTrack,1048.0000000038476,410.9999999999139,2326.484004677797,7158.368,70.225
2026-07-26 14:08:28.782,0 days 01:59:18.440000,63,1269.056944444449,0 days 00:01:10.297000,11029.0,258.0,7,100.0,False,0,pos,3337.368203273148,0.7494585802069841,OnTrack,1048.0,411.0,2330.0,7158.44,70.297
2026-07-26 14:08:28.950,0 days 01:59:18.608000,63,1269.430277777782,0 days 00:01:10.465000,11029.0,258.0,7,100.0,False,0,car,3349.4033333333327,0.7521612581670203,OnTrack,1047.9999999968852,411.0000000000696,2336.991447216663,7158.608,70.465
2026-07-26 14:08:29.150,0 days 01:59:18.808000,63,1269.874722222226,0 days 00:01:10.665000,11029.0,258.0,7,100.0,False,0,car,3363.736666666666,0.7553800338595249,OnTrack,1047.9999999995757,411.00000000000955,2343.4999233915,7158.808,70.665
2026-07-26 14:08:29.202,0 days 01:59:18.860000,63,1269.7447228622261,0 days 00:01:10.717000,11029.0,260.20998912,7,100.0,False,0,pos,3367.577345804677,0.7562425188352554,OnTrack,1048.0,411.0,2345.0,7158.86,70.717
2026-07-26 14:08:29.550,0 days 01:59:19.208000,63,1268.8747222222269,0 days 00:01:11.065000,11029.0,275.0,7,100.0,False,0,car,3394.292222222221,0.7622417649869571,OnTrack,1048.00000000001,410.9999999999998,2353.691393080632,7159.208,71.065
2026-07-26 14:08:29.562,0 days 01:59:19.220000,63,1268.844722862227,0 days 00:01:11.077000,11029.0,275.0,7,100.0,False,0,pos,3395.2122378926515,0.7624483689923086,OnTrack,1048.0,411.0,2354.0,7159.22,71.077
2026-07-26 14:08:29.710,0 days 01:59:19.368000,63,1268.4747222222268,0 days 00:01:11.225000,11029.0,275.0,7,100.0,False,0,car,3406.514444444443,0.76498645743793,OnTrack,1047.9999999999948,411.0000000000001,2358.032064075477,7159.368,71.225
2026-07-26 14:08:29.742,0 days 01:59:19.400000,63,1268.3947222222268,0 days 00:01:11.257000,11029.0,275.0,7,100.0,False,0,pos,3408.9570019042512,0.7655349721760119,OnTrack,1048.0,411.0,2359.0,7159.4,71.257
2026-07-26 14:08:29.902,0 days 01:59:19.560000,63,1267.994722222227,0 days 00:01:11.417000,11029.0,275.0,7,100.0,False,0,pos,3421.1794119696697,0.7682797068101325,OnTrack,1048.0,411.0,2364.0,7159.56,71.417
2026-07-26 14:08:30.030,0 days 01:59:19.688000,63,1267.674722222227,0 days 00:01:11.545000,11029.0,275.0,7,100.0,False,0,car,3430.958888888888,0.770475842339876,OnTrack,1047.9999999999982,410.999999999999,2366.4136243118787,7159.688,71.545
2026-07-26 14:08:30.222,0 days 01:59:19.880000,63,1259.5680555555605,0 days 00:01:11.737000,11253.0,275.0,7,100.0,False,0,pos,3445.6210594112954,0.7737684636010538,OnTrack,1048.0,411.0,2370.0,7159.88,71.737
2026-07-26 14:08:30.282,0 days 01:59:19.940000,63,1257.034733031116,0 days 00:01:11.797000,11322.999701333334,275.0,7,100.0,False,0,pos,3450.2036166940566,0.774797548995793,OnTrack,1048.0,411.0,2372.0,7159.94,71.797
2026-07-26 14:08:30.390,0 days 01:59:20.048000,63,1252.4747222222272,0 days 00:01:11.905000,11449.0,275.0,7,100.0,True,0,car,3458.458888888888,0.776651400354565,OnTrack,1047.9999999999934,410.999999999968,2373.588140489748,7160.048,71.905
2026-07-26 14:08:30.442,0 days 01:59:20.100000,63,1250.2791774755606,0 days 00:01:11.957000,11499.916416,275.0,7,100.0,True,0,pos,3462.4366535939143,0.7775446700529167,OnTrack,1048.0,411.0,2374.0,7160.1,71.957
2026-07-26 14:08:30.630,0 days 01:59:20.288000,63,1242.341388888894,0 days 00:01:12.145000,11684.0,275.0,7,100.0,False,0,car,3476.792222222221,0.7807684390310243,OnTrack,1048.000000000064,411.00000000030775,2376.1280458407887,7160.288,72.145
2026-07-26 14:08:30.682,0 days 01:59:20.340000,63,1240.1458441422274,0 days 00:01:12.197000,11684.0,275.0,7,100.0,False,0,pos,3480.734673628413,0.7816537785720801,OnTrack,1048.0,411.0,2377.0,7160.34,72.197
2026-07-26 14:08:31.002,0 days 01:59:20.660000,63,1226.634733031116,0 days 00:01:12.517000,11684.0,275.0,7,100.0,False,0,pos,3505.1241031185505,0.7871308089997714,OnTrack,1048.0,411.0,2384.0,7160.66,72.517
2026-07-26 14:08:31.030,0 days 01:59:20.688000,63,1225.4525000000049,0 days 00:01:12.545000,11684.0,275.0,7,100.0,False,0,car,3507.347777777777,0.7876301701584568,OnTrack,1048.0000000003843,411.0000000018432,2384.401949336344,7160.688,72.545
2026-07-26 14:08:31.390,0 days 01:59:21.048000,63,1207.4525000000053,0 days 00:01:12.905000,11684.0,298.0,7,100.0,False,0,car,3537.147777777777,0.7943222293889198,OnTrack,1048.0000000009202,411.0000000044144,2385.9661095070323,7161.048,72.905
2026-07-26 14:08:31.402,0 days 01:59:21.060000,63,1206.8525128000053,0 days 00:01:12.917000,11684.0,298.0,7,100.0,False,0,pos,3538.1452650192323,0.7945462308554113,OnTrack,1048.0,411.0,2386.0,7161.06,72.917
2026-07-26 14:08:31.590,0 days 01:59:21.248000,63,1197.4525000000053,0 days 00:01:13.105000,11684.0,298.0,8,100.0,False,0,car,3553.7033333333325,0.7980400400725105,OnTrack,1047.9999999765373,410.9999998874594,2386.7066684814313,7161.248,73.105
2026-07-26 14:08:31.722,0 days 01:59:21.380000,63,1190.8525128000053,0 days 00:01:13.237000,11684.0,298.0,8,100.0,False,0,pos,3564.622710540739,0.8004921581608236,OnTrack,1048.0,411.0,2387.0,7161.38,73.237
2026-07-26 14:08:31.942,0 days 01:59:21.600000,63,1179.8525000000054,0 days 00:01:13.457000,11684.0,298.0,8,100.0,False,0,pos,3582.838533010341,0.8045828079225076,OnTrack,1048.0,411.0,2387.0,7161.6,73.457
2026-07-26 14:08:32.070,0 days 01:59:21.728000,63,1173.4525000000053,0 days 00:01:13.585000,11684.0,298.0,8,100.0,False,0,car,3593.436666666665,0.8069627857131279,OnTrack,1047.9999995157773,410.9999976773714,2387.847077029363,7161.728,73.585
2026-07-26 14:08:32.222,0 days 01:59:21.880000,63,1165.852495425708,0 days 00:01:13.737000,11271.836742522428,298.0,8,100.0,False,0,pos,3606.019722352677,0.8097885090000744,OnTrack,1048.0,411.0,2389.0,7161.88,73.737
2026-07-26 14:08:32.389,0 days 01:59:22.047000,63,1157.5025000000055,0 days 00:01:13.904000,10819.0,298.0,8,100.0,False,0,car,3619.8427777777765,0.8128926937534549,OnTrack,1048.0000042254003,411.00002026759677,2389.1225731234995,7162.047,73.904
2026-07-26 14:08:32.562,0 days 01:59:22.220000,63,1148.8525032000055,0 days 00:01:14.077000,10819.0,298.0,8,100.0,False,0,pos,3634.1619918843376,0.8161082987512667,OnTrack,1048.0,411.0,2389.0,7162.22,74.077
2026-07-26 14:08:32.669,0 days 01:59:22.327000,63,1143.5025000000055,0 days 00:01:14.184000,10819.0,298.0,8,100.0,False,0,car,3643.0205555555544,0.8180976287104818,OnTrack,1047.999986312824,410.99993434795067,2389.33571985228,7162.327,74.184
2026-07-26 14:08:32.829,0 days 01:59:22.487000,63,1135.502500000006,0 days 00:01:14.344000,10819.0,298.0,8,100.0,False,0,car,3656.2649999999985,0.8210718772573542,OnTrack,1047.9999942633513,410.9999724835319,2389.976979182191,7162.487,74.344
2026-07-26 14:08:32.842,0 days 01:59:22.500000,63,1134.852503200006,0 days 00:01:14.357000,10819.0,298.0,8,100.0,False,0,pos,3657.3393709439583,0.821313144169853,OnTrack,1048.0,411.0,2390.0,7162.5,74.357
2026-07-26 14:08:33.002,0 days 01:59:22.660000,63,1126.8525032000057,0 days 00:01:14.517000,10819.0,298.0,8,100.0,False,0,pos,3670.5345759725333,0.8242763352305688,OnTrack,1048.0,411.0,2390.0,7162.66,74.517
2026-07-26 14:08:33.102,0 days 01:59:22.760000,63,1121.8524904000055,0 days 00:01:14.617000,10819.0,298.0,8,100.0,False,0,pos,3678.825313653644,0.826138150922724,OnTrack,1048.0,411.0,2390.0,7162.76,74.617
2026-07-26 14:08:33.149,0 days 01:59:22.807000,63,1119.5025000000055,0 days 00:01:14.664000,10819.0,298.0,8,100.0,False,0,car,3682.753888888888,0.8270203743510993,OnTrack,1048.000802074336,411.0038472379177,2390.0260478937016,7162.807,74.664
2026-07-26 14:08:33.401,0 days 01:59:23.059000,63,1106.4125000000056,0 days 00:01:14.916000,10983.7,304.3,8,100.0,False,0,pos,3704.098716078897,0.8318136913920234,OnTrack,1048.0,411.0,2390.0,7163.059,74.916
2026-07-26 14:08:33.429,0 days 01:59:23.087000,63,1104.9580555555613,0 days 00:01:14.944000,11002.0,305.0,8,100.0,False,0,car,3706.47611111111,0.8323475728809422,OnTrack,1047.996280738502,410.98216015247453,2389.8881348605887,7163.087,74.944
2026-07-26 14:08:33.602,0 days 01:59:23.260000,63,1095.9716771503893,0 days 00:01:15.117000,11002.0,305.0,8,100.0,False,0,pos,3721.1393959236616,0.8356404443735176,OnTrack,1048.0,411.0,2389.0,7163.26,75.117
2026-07-26 14:08:33.670,0 days 01:59:23.328000,63,1092.4394444444501,0 days 00:01:15.185000,11002.0,305.0,8,100.0,False,0,car,3726.8941666666656,0.8369327687584142,OnTrack,1048.0580580640233,411.2784819003362,2388.9325987203088,7163.328,75.185
2026-07-26 14:08:33.802,0 days 01:59:23.460000,63,1085.5827910755613,0 days 00:01:15.317000,11002.0,305.0,8,100.0,False,0,pos,3738.0540128669386,0.8394388879454976,OnTrack,1048.0,411.0,2389.0,7163.46,75.317
2026-07-26 14:08:34.070,0 days 01:59:23.728000,63,1071.6616666666723,0 days 00:01:15.585000,11002.0,305.0,8,100.0,False,0,car,3760.783055555554,0.8445430523724753,OnTrack,1047.7372584043162,409.73973099009794,2388.014281305403,7163.728,75.585
2026-07-26 14:08:34.082,0 days 01:59:23.740000,63,1070.9916809600056,0 days 00:01:15.597000,11007.999872,305.1499968,8,100.0,False,0,pos,3761.808499107597,0.8447733318687093,OnTrack,1048.0,411.0,2388.0,7163.74,75.597
2026-07-26 14:08:34.142,0 days 01:59:23.800000,63,1067.6416666666723,0 days 00:01:15.657000,11038.0,305.9,8,100.0,False,0,pos,3766.9465835888695,0.8459271696431991,OnTrack,1048.0,411.0,2388.0,7163.8,75.657
2026-07-26 14:08:34.470,0 days 01:59:24.128000,63,1049.3283333333388,0 days 00:01:15.985000,11202.0,310.0,8,100.0,False,0,car,3795.2274999999986,0.8522780947343082,OnTrack,883.0366112883398,-380.26506790475685,2388.9726581296122,7164.128,75.985
2026-07-26 14:08:34.502,0 days 01:59:24.160000,63,1047.5416666666722,0 days 00:01:16.017000,11202.0,310.0,8,100.0,False,0,pos,3797.984629459868,0.852897251568251,OnTrack,871.0,-438.0,2389.0,7164.16,76.017
2026-07-26 14:08:34.630,0 days 01:59:24.288000,63,1040.3950000000054,0 days 00:01:16.145000,11202.0,310.0,8,100.0,False,0,car,3809.005277777776,0.8553721116790413,OnTrack,847.5998908801689,-550.2412012547575,2388.854628006962,7164.288,76.145
2026-07-26 14:08:34.830,0 days 01:59:24.488000,63,1029.2283333333385,0 days 00:01:16.345000,11202.0,310.0,8,100.0,False,0,car,3826.2274999999986,0.8592396328599577,OnTrack,866.4069404522547,-460.03111593471255,2388.1423111360896,7164.488,76.345
2026-07-26 14:08:34.902,0 days 01:59:24.560000,63,1025.2083333333383,0 days 00:01:16.417000,11202.0,310.0,8,100.0,False,0,pos,3832.427634668417,0.8606319707270015,OnTrack,871.0,-438.0,2388.0,7164.56,76.417
2026-07-26 14:08:35.150,0 days 01:59:24.808000,63,1011.3616666666712,0 days 00:01:16.665000,11202.0,310.0,8,100.0,False,0,car,3853.7830555555547,0.8654276667494241,OnTrack,871.0936633878365,-437.55073344553205,2387.9970979715013,7164.808,76.665
2026-07-26 14:08:35.162,0 days 01:59:24.820000,63,1010.7050140088935,0 days 00:01:16.677000,11202.0,310.0,8,100.0,False,0,pos,3854.816361432717,0.8656597118545635,OnTrack,871.0,-438.0,2388.0,7164.82,76.677
2026-07-26 14:08:35.382,0 days 01:59:25.040000,63,998.6661111111165,0 days 00:01:16.897000,11202.0,310.0,8,100.0,False,0,pos,3873.760821816143,0.8699139887329209,OnTrack,871.0,-438.0,2388.0,7165.04,76.897
2026-07-26 14:08:35.470,0 days 01:59:25.128000,63,993.8505555555612,0 days 00:01:16.985000,11202.0,310.0,8,100.0,False,0,car,3881.3386111111095,0.8716157006388902,OnTrack,871.0726366899777,-437.6516035273759,2387.997751667639,7165.128,76.985
2026-07-26 14:08:35.682,0 days 01:59:25.340000,63,982.2494584533391,0 days 00:01:17.197000,11202.0,310.0,8,100.0,False,0,pos,3899.5941546504064,0.8757152703922213,OnTrack,871.0,-438.0,2388.0,7165.34,77.197
2026-07-26 14:08:35.750,0 days 01:59:25.408000,63,978.5283333333391,0 days 00:01:17.265000,11202.0,310.0,8,100.0,False,0,car,3905.4497222222208,0.8770302302921732,OnTrack,870.9929733974722,-438.0336438629309,2388.0002076908268,7165.408,77.265
2026-07-26 14:08:35.882,0 days 01:59:25.540000,63,971.3050140088948,0 days 00:01:17.397000,11202.0,310.0,8,100.0,False,0,pos,3916.8163471322887,0.8795827848944763,OnTrack,871.0,-438.0,2388.0,7165.54,77.397
2026-07-26 14:08:35.910,0 days 01:59:25.568000,63,969.7727777777836,0 days 00:01:17.425000,11202.0,310.0,8,100.0,False,0,car,3919.227499999998,0.8801242472369062,OnTrack,871.0009292838763,-437.9956520397839,2387.999989484604,7165.568,77.425
2026-07-26 14:08:36.142,0 days 01:59:25.800000,63,957.0772222222279,0 days 00:01:17.657000,11202.0,310.0,8,100.0,False,0,pos,3939.20569977386,0.8846106665726347,OnTrack,871.0,-438.0,2388.0,7165.8,77.657
2026-07-26 14:08:36.202,0 days 01:59:25.860000,63,953.7939028977834,0 days 00:01:17.717000,11202.0,310.0,8,100.0,False,0,pos,3944.372116798457,0.8857708668658519,OnTrack,871.0,-438.0,2388.0,7165.86,77.717
2026-07-26 14:08:36.230,0 days 01:59:25.888000,63,952.2616666666722,0 days 00:01:17.745000,11202.0,310.0,8,100.0,False,0,car,3946.7830555555543,0.8863122811263726,OnTrack,871.0015073729384,-437.99640427200865,2388.0005602316014,7165.888,77.745
2026-07-26 14:08:36.422,0 days 01:59:26.080000,63,942.1816666666717,0 days 00:01:17.937000,11202.0,310.0,8,102.74285714285715,False,0,pos,3963.3142381467414,0.890024618477038,OnTrack,871.0,-438.0,2388.0,7166.08,77.937
2026-07-26 14:08:36.510,0 days 01:59:26.168000,63,937.5616666666715,0 days 00:01:18.025000,11202.0,310.0,8,104.0,True,0,car,3970.8941666666656,0.8917268107796557,OnTrack,870.940970959024,-438.1393534081343,2387.9778180652324,7166.168,78.025
2026-07-26 14:08:36.710,0 days 01:59:26.368000,63,927.0616666666729,0 days 00:01:18.225000,11202.0,310.0,8,104.0,True,0,car,3988.116388888887,0.8955943319605718,OnTrack,870.8708190620143,-438.30492753644535,2387.951450091892,7166.368,78.225
2026-07-26 14:08:36.762,0 days 01:59:26.420000,63,924.3316801066728,0 days 00:01:18.277000,11202.0,310.0,8,104.0,True,0,pos,3992.57854154231,0.8965963785999033,OnTrack,871.0,-438.0,2388.0,7166.42,78.277
2026-07-26 14:08:37.122,0 days 01:59:26.780000,63,905.4316801066726,0 days 00:01:18.637000,11202.0,310.0,8,104.0,True,0,pos,4023.4785712845974,0.9035354668300527,OnTrack,871.0,-438.0,2388.0,7166.78,78.637
2026-07-26 14:08:37.190,0 days 01:59:26.848000,63,901.8616666666726,0 days 00:01:18.705000,11202.0,310.0,8,104.0,True,0,car,4029.4497222222203,0.9048763827947712,OnTrack,869.3445414959616,-441.9076102263787,2387.3778232068485,7166.848,78.705
2026-07-26 14:08:37.390,0 days 01:59:27.048000,63,890.8616666666721,0 days 00:01:18.905000,11202.0,321.0,8,100.0,False,0,car,4047.283055555554,0.9088811385982363,OnTrack,869.872815822088,-440.6606502010089,2384.2326795188324,7167.048,78.905
2026-07-26 14:08:37.402,0 days 01:59:27.060000,63,890.2016807466722,0 days 00:01:18.917000,11202.0,321.0,8,100.0,False,0,pos,4048.3549255056673,0.9091218438731864,OnTrack,871.0,-438.0,2384.0,7167.06,78.917
2026-07-26 14:08:37.630,0 days 01:59:27.288000,63,877.6616666666723,0 days 00:01:19.145000,11202.0,321.0,8,100.0,False,0,car,4068.6830555555534,0.9136868455623943,OnTrack,917.484197086874,-328.276859993544,2378.7443483952566,7167.288,79.145
2026-07-26 14:08:37.802,0 days 01:59:27.460000,63,868.201680746672,0 days 00:01:19.317000,11202.0,321.0,8,100.0,False,0,pos,4084.020218064045,0.9171310469024634,OnTrack,871.0,-438.0,2375.0,7167.46,79.317
2026-07-26 14:08:37.830,0 days 01:59:27.488000,63,866.6616666666719,0 days 00:01:19.345000,11202.0,321.0,8,100.0,False,0,car,4086.516388888887,0.9176916013658594,OnTrack,849.4163764317076,-488.94683994891517,2374.4912549033706,7167.488,79.345
2026-07-26 14:08:38.030,0 days 01:59:27.688000,63,855.6616666666714,0 days 00:01:19.545000,11202.0,321.0,8,100.0,False,0,car,4104.34972222222,0.9216963571693245,OnTrack,585.5419227728054,-1111.8065513258048,2371.650588015632,7167.688,79.545
2026-07-26 14:08:38.202,0 days 01:59:27.860000,63,846.727235520005,0 days 00:01:19.717000,11345.854331345454,321.7818170181818,8,100.0,False,0,pos,4119.752664173521,0.9251553303190393,OnTrack,416.0,-1512.0,2369.0,7167.86,79.717
2026-07-26 14:08:38.402,0 days 01:59:28.060000,63,836.3383466311163,0 days 00:01:19.917000,11513.127058618182,322.69090792727275,8,100.0,False,0,pos,4137.721177680706,0.929190442959088,OnTrack,416.0,-1512.0,2365.0,7168.06,79.917
2026-07-26 14:08:38.470,0 days 01:59:28.128000,63,832.8061111111165,0 days 00:01:19.985000,11570.0,323.0,8,100.0,True,0,car,4143.827499999998,0.930561713785967,OnTrack,419.0406196193983,-1504.8228862542665,2363.8692313349948,7168.128,79.985
2026-07-26 14:08:38.622,0 days 01:59:28.280000,63,824.9105517561942,0 days 00:01:20.137000,11570.0,323.0,8,100.0,True,0,pos,4157.46927735796,0.9336251896949694,OnTrack,416.0,-1512.0,2361.0,7168.28,80.137
2026-07-26 14:08:38.802,0 days 01:59:28.460000,63,815.5605605547282,0 days 00:01:20.317000,11570.0,323.0,8,100.0,True,0,pos,4173.615666670215,0.9372511156558998,OnTrack,416.0,-1512.0,2355.0,7168.46,80.317
2026-07-26 14:08:38.869,0 days 01:59:28.527000,63,812.0802777777835,0 days 00:01:20.384000,11570.0,323.0,8,100.0,True,0,car,4179.626666666664,0.9386009803542406,OnTrack,416.1613417051846,-1511.6219562593383,2353.3385208530754,7168.527,80.384
2026-07-26 14:08:39.029,0 days 01:59:28.687000,63,803.7691666666733,0 days 00:01:20.544000,11570.0,323.0,8,100.0,True,0,car,4193.982222222219,0.9418247463966559,OnTrack,416.2036959930705,-1511.5364179778635,2351.411096104119,7168.687,80.544
2026-07-26 14:08:39.262,0 days 01:59:28.920000,63,791.6661011377839,0 days 00:01:20.777000,11570.0,323.0,8,100.0,True,0,pos,4214.886507517504,0.9465191328183519,OnTrack,416.0,-1512.0,2349.0,7168.92,80.777
2026-07-26 14:08:39.269,0 days 01:59:28.927000,63,791.3025000000061,0 days 00:01:20.784000,11570.0,323.0,8,100.0,True,0,car,4215.515555555553,0.9466603954602791,OnTrack,415.9970450893838,-1512.004980197592,2348.871172694189,7168.927,80.784
2026-07-26 14:08:39.469,0 days 01:59:29.127000,63,781.7469444444514,0 days 00:01:20.984000,11570.0,324.0,8,100.0,False,0,car,4233.515555555552,0.9507025788880755,OnTrack,415.9941886982109,-1511.9991161545418,2344.2841427393546,7169.127,80.984
2026-07-26 14:08:39.482,0 days 01:59:29.140000,63,781.125836391118,0 days 00:01:20.997000,11570.0,324.0,8,100.0,False,0,pos,4234.685808320091,0.9509653775731396,OnTrack,416.0,-1512.0,2344.0,7169.14,80.997
2026-07-26 14:08:39.669,0 days 01:59:29.327000,63,772.1913888888957,0 days 00:01:21.184000,11570.0,324.0,8,100.0,False,0,car,4251.515555555552,0.954744762315872,OnTrack,416.1680690281105,-1512.1015740322991,2340.5812448217243,7169.327,81.184
2026-07-26 14:08:39.901,0 days 01:59:29.559000,63,761.1069444444508,0 days 00:01:21.416000,11570.0,324.0,8,100.0,False,0,pos,4272.395549339035,0.9594336936960993,OnTrack,416.0,-1512.0,2337.0,7169.559,81.416
2026-07-26 14:08:39.909,0 days 01:59:29.567000,63,760.7247222222286,0 days 00:01:21.424000,11570.0,324.0,8,100.0,False,0,car,4273.115555555552,0.9595953824292279,OnTrack,415.97269962096215,-1511.9811820695709,2336.864124829975,7169.567,81.424
2026-07-26 14:08:40.121,0 days 01:59:29.779000,63,750.5958402541423,0 days 00:01:21.636000,11570.0,324.0,8,100.0,False,0,pos,4292.195560348048,0.9638800979389227,OnTrack,416.0,-1512.0,2333.0,7169.779,81.636
2026-07-26 14:08:40.190,0 days 01:59:29.848000,63,747.299166666674,0 days 00:01:21.705000,11570.0,324.0,8,100.0,False,0,car,4298.4055555555515,0.9652746501452818,OnTrack,417.4807433882092,-1513.0319247627376,2331.6761702408307,7169.848,81.705
2026-07-26 14:08:40.302,0 days 01:59:29.960000,63,741.9480555555624,0 days 00:01:21.817000,11570.0,324.0,8,100.0,False,0,pos,4308.485521582052,0.9675382652355636,OnTrack,416.0,-1512.0,2329.0,7169.96,81.817
2026-07-26 14:08:40.510,0 days 01:59:30.168000,63,732.0102777777838,0 days 00:01:22.025000,11570.0,324.0,8,100.0,False,0,car,4327.205555555553,0.9717421436297564,OnTrack,410.3886325229873,-1508.0889362948983,2321.342150595606,7170.168,82.025
2026-07-26 14:08:40.522,0 days 01:59:30.180000,63,731.4369566755616,0 days 00:01:22.037000,11570.0,324.0,8,100.0,False,0,pos,4328.285543626615,0.9719846719565934,OnTrack,416.0,-1512.0,2321.0,7170.18,82.037
2026-07-26 14:08:40.782,0 days 01:59:30.440000,63,719.0147222222291,0 days 00:01:22.297000,11570.0,324.0,8,100.0,False,0,pos,4351.685858827804,0.9772395811961189,OnTrack,416.0,-1512.0,2317.0,7170.44,82.297
2026-07-26 14:08:40.870,0 days 01:59:30.528000,63,714.8102777777849,0 days 00:01:22.385000,11570.0,324.0,8,100.0,False,0,car,4359.605555555552,0.97901807379979,OnTrack,-4.309701087869203,-1219.048446594913,2315.303229088119,7170.528,82.385
2026-07-26 14:08:41.022,0 days 01:59:30.680000,63,707.548055555563,0 days 00:01:22.537000,11570.0,324.0,8,100.0,False,0,pos,4373.284450097628,0.9820898849569321,OnTrack,-837.0,-640.0,2312.0,7170.68,82.537
2026-07-26 14:08:41.110,0 days 01:59:30.768000,63,703.3436111111187,0 days 00:01:22.625000,11570.0,324.0,8,100.0,False,0,car,4381.205555555552,0.9838686939131457,OnTrack,-926.7388639867476,-580.1151534642908,2310.499816774471,7170.768,82.625
2026-07-26 14:08:41.242,0 days 01:59:30.900000,63,697.036956675563,0 days 00:01:22.757000,11570.0,324.0,8,100.0,False,0,pos,4393.090406286259,0.9865376242834515,OnTrack,-837.0,-640.0,2308.0,7170.9,82.757
2026-07-26 14:08:41.310,0 days 01:59:30.968000,63,693.788055555563,0 days 00:01:22.825000,11570.0,324.0,8,100.0,False,0,car,4399.205555555552,0.9879108773409422,OnTrack,-905.1070475337607,-582.1141786835552,2306.0502683595932,7170.968,82.825
2026-07-26 14:08:41.422,0 days 01:59:31.080000,63,689.3702777777848,0 days 00:01:22.937000,11570.0,323.44,8,102.24,False,0,pos,4409.25821401868,0.9901683600878843,OnTrack,-1069.0,-449.0,2303.0,7171.08,82.937
2026-07-26 14:08:41.510,0 days 01:59:31.168000,63,685.8991666666734,0 days 00:01:23.025000,11570.0,323.0,8,104.0,False,0,car,4417.149999999996,0.9919405848939615,OnTrack,-1082.151142276114,-438.48080941249657,2302.20791462578,7171.168,83.025
2026-07-26 14:08:41.602,0 days 01:59:31.260000,63,685.8991666666734,0 days 00:01:23.117000,11570.0,323.0,8,104.0,False,0,pos,4425.401934179371,0.9937936866488025,OnTrack,-1069.0,-449.0,2302.0,7171.26,83.117
2026-07-26 14:08:41.703,0 days 01:59:31.361000,63,685.8991666666734,0 days 00:01:23.218000,11570.0,323.0,8,104.0,False,0,interpolation,4434.462913327541,0.9958284721905993,OnTrack,-1127.6140180499308,-400.39775702160256,2301.376320241556,7171.361,83.218
