Date,SessionTime,DriverAhead,DistanceToDriverAhead,Time,RPM,Speed,nGear,Throttle,Brake,DRS,Source,Distance,RelativeDistance,Status,X,Y,Z,SessionTime_seconds,Time_seconds
2026-07-26 14:33:33.469,0 days 02:24:23.127000,,,0 days 00:00:00,11403.63559150367,281.38940558542663,7,100.0,False,0,interpolation,0.8377062754606832,0.00017718719819324473,OnTrack,-1245.8754837600388,-302.85288418110156,2388.000001957488,8663.127,0.0
2026-07-26 14:33:33.516,0 days 02:24:23.174000,,,0 days 00:00:00.047000,11354.0,283.0,7,100.0,False,0,car,4.5319444444444414,0.0009585729055652039,OnTrack,-1276.308464922566,-277.70698872906854,2388.00000147262,8663.174,0.047
2026-07-26 14:33:33.583,0 days 02:24:23.241000,,,0 days 00:00:00.114000,11354.0,283.0,7,100.0,False,0,pos,9.79787412900002,0.0020723944848244995,OnTrack,-1305.0,-254.0,2388.0,8663.241,0.114
2026-07-26 14:33:33.803,0 days 02:24:23.461000,,,0 days 00:00:00.334000,11354.0,283.0,7,100.0,False,0,pos,27.086675665050116,0.0057292302923480165,OnTrack,-1305.0,-254.0,2388.0,8663.461,0.334
2026-07-26 14:33:34.023,0 days 02:24:23.681000,,,0 days 00:00:00.554000,11354.0,283.0,7,100.0,False,0,pos,44.386797172283956,0.009388460440270346,OnTrack,-1305.0,-254.0,2388.0,8663.681,0.554
2026-07-26 14:33:34.036,0 days 02:24:23.694000,,,0 days 00:00:00.567000,11354.0,283.0,7,100.0,False,0,car,45.409722222222214,0.009604824133452148,OnTrack,-1305.1367096195274,-253.88704078169349,2387.9999892697356,8663.694,0.567
2026-07-26 14:33:34.236,0 days 02:24:23.894000,,,0 days 00:00:00.767000,11354.0,283.0,7,100.0,False,0,car,61.13194444444444,0.012930305374947127,OnTrack,-1305.4720567879358,-253.6099531197346,2387.9996302818467,8663.894,0.767
2026-07-26 14:33:34.396,0 days 02:24:24.054000,,,0 days 00:00:00.927000,10794.0,283.0,7,100.0,True,0,car,73.70972222222223,0.015590690368143112,OnTrack,-1305.0086126514004,-253.99288361895427,2387.9999590759935,8664.054,0.927
2026-07-26 14:33:34.403,0 days 02:24:24.061000,,,0 days 00:00:00.934000,10789.2749568,283.437504,7,100.0,True,0,pos,74.2724445715144,0.015709714421504737,OnTrack,-1305.0,-254.0,2388.0,8664.061,0.934
2026-07-26 14:33:34.563,0 days 02:24:24.221000,,,0 days 00:00:01.094000,10681.2749568,293.437504,7,100.0,True,0,pos,87.48904208773209,0.018505219185102898,OnTrack,-1305.0,-254.0,2388.0,8664.221,1.094
2026-07-26 14:33:34.636,0 days 02:24:24.294000,,,0 days 00:00:01.167000,10632.0,298.0,7,100.0,False,0,car,93.57638888888889,0.019792782565876695,OnTrack,-1305.0162022323998,-253.98661290372183,2387.9969915759993,8664.294,1.167
2026-07-26 14:33:34.876,0 days 02:24:24.534000,,,0 days 00:00:01.407000,10632.0,298.0,8,100.0,False,0,car,113.44305555555555,0.02399487476361028,OnTrack,-1305.009558795547,-253.99210408523004,2387.9802447881766,8664.534,1.407
2026-07-26 14:33:35.003,0 days 02:24:24.661000,,,0 days 00:00:01.534000,10632.0,298.0,8,100.0,False,0,pos,123.95534111990771,0.026218377774532002,OnTrack,-1305.0,-254.0,2388.0,8664.661,1.534
2026-07-26 14:33:35.075,0 days 02:24:24.733000,,,0 days 00:00:01.606000,10632.0,298.0,8,100.0,False,0,car,129.91583333333332,0.02747910954423104,OnTrack,-1304.9963940431312,-254.00297678821778,2388.023873287831,8664.733,1.606
2026-07-26 14:33:35.275,0 days 02:24:24.933000,,,0 days 00:00:01.806000,10632.0,298.0,8,100.0,False,0,car,146.47138888888887,0.030980853042342358,OnTrack,-1304.9952406825846,-254.00392468745196,2388.0687063815108,8664.933,1.806
2026-07-26 14:33:35.343,0 days 02:24:25.001000,,,0 days 00:00:01.874000,10632.0,298.85,8,100.0,False,0,pos,152.11264448827143,0.03217406157285845,OnTrack,-1305.0,-254.0,2388.0,8665.001,1.874
2026-07-26 14:33:35.435,0 days 02:24:25.093000,,,0 days 00:00:01.966000,10632.0,300.0,8,100.0,False,0,car,159.80472222222218,0.033801049148203824,OnTrack,-1305.0111017183012,-253.99084722256325,2387.82159167643,8665.093,1.966
2026-07-26 14:33:35.595,0 days 02:24:25.253000,,,0 days 00:00:02.126000,10632.0,307.0,8,104.0,True,0,car,173.44916666666663,0.03668704982986872,OnTrack,-1305.0173016100343,-253.9857366713836,2387.251361192124,8665.253,2.126
2026-07-26 14:33:35.643,0 days 02:24:25.301000,,,0 days 00:00:02.174000,10632.0,307.0,8,104.0,True,0,pos,177.54685059098557,0.037553770248349876,OnTrack,-1305.0,-254.0,2387.0,8665.301,2.174
2026-07-26 14:33:35.755,0 days 02:24:25.413000,,,0 days 00:00:02.286000,10632.0,307.0,8,104.0,True,0,car,187.09361111111107,0.03957305051153362,OnTrack,-1304.9207313115014,-254.0653480761644,2386.2648691541785,8665.413,2.286
2026-07-26 14:33:36.023,0 days 02:24:25.681000,,,0 days 00:00:02.554000,10632.0,307.0,8,104.0,True,0,pos,209.94896467103416,0.04440729394461729,OnTrack,-1305.0,-254.0,2384.0,8665.681,2.554
2026-07-26 14:33:36.035,0 days 02:24:25.693000,,,0 days 00:00:02.566000,10632.0,307.0,8,104.0,True,0,car,210.97138888888884,0.04462355170444719,OnTrack,-1305.03816553128,-253.96853690625514,2383.899699744936,8665.693,2.566
2026-07-26 14:33:36.223,0 days 02:24:25.881000,,,0 days 00:00:02.754000,10632.0,307.0,8,104.0,True,0,pos,226.97845575403178,0.048009281777397717,OnTrack,-1305.0,-254.0,2382.0,8665.881,2.754
2026-07-26 14:33:36.315,0 days 02:24:25.973000,,,0 days 00:00:02.846000,10632.0,307.0,8,104.0,True,0,car,234.84916666666663,0.04967405289736077,OnTrack,-1302.9355629277104,-255.70189090201856,2380.2869390815317,8665.973,2.846
2026-07-26 14:33:36.423,0 days 02:24:26.081000,,,0 days 00:00:02.954000,10896.6,308.35,8,102.65,True,0,pos,244.14488546768075,0.05164023414464602,OnTrack,-1305.0,-254.0,2378.0,8666.081,2.954
2026-07-26 14:33:36.583,0 days 02:24:26.241000,,,0 days 00:00:03.114000,11288.6,310.35,8,100.65,True,0,pos,257.99373923634033,0.054569470404822414,OnTrack,-1305.0,-254.0,2375.0,8666.241,3.114
2026-07-26 14:33:36.635,0 days 02:24:26.293000,,,0 days 00:00:03.166000,11416.0,311.0,8,100.0,True,0,car,262.4936111111111,0.05552125949018021,OnTrack,-1273.4728262103745,-279.9905283180014,2373.8899714998665,8666.293,3.166
2026-07-26 14:33:36.763,0 days 02:24:26.421000,,,0 days 00:00:03.294000,11416.0,311.0,8,100.0,True,0,pos,273.562743398847,0.057862543773165576,OnTrack,-1305.0,-254.0,2371.0,8666.421,3.294
2026-07-26 14:33:36.915,0 days 02:24:26.573000,,,0 days 00:00:03.446000,11416.0,311.0,8,100.0,True,0,car,286.6825,0.060637565258897234,OnTrack,-2161.836769626888,452.36335732011804,2368.1244151688074,8666.573,3.446
2026-07-26 14:33:37.103,0 days 02:24:26.761000,,,0 days 00:00:03.634000,11416.0,311.0,8,100.0,True,0,pos,302.8854770485147,0.06406473321706603,OnTrack,-3434.0,1501.0,2365.0,8666.761,3.634
2026-07-26 14:33:37.155,0 days 02:24:26.813000,,,0 days 00:00:03.686000,11416.0,311.0,8,100.0,True,0,car,307.4158333333333,0.0650229702035118,OnTrack,-3575.240288039959,1617.3548294710524,2364.1063608680283,8666.813,3.686
2026-07-26 14:33:37.263,0 days 02:24:26.921000,,,0 days 00:00:03.794000,11531.56,313.7,8,100.0,True,0,pos,316.93122282269474,0.06703561503228572,OnTrack,-3666.0,1692.0,2362.0,8666.921,3.794
2026-07-26 14:33:37.523,0 days 02:24:27.181000,,,0 days 00:00:04.054000,11809.76,320.2,8,100.0,True,0,pos,340.2196783330474,0.07196146589792254,OnTrack,-3666.0,1692.0,2355.0,8667.181,4.054
2026-07-26 14:33:37.555,0 days 02:24:27.213000,,,0 days 00:00:04.086000,11844.0,321.0,8,100.0,True,0,car,343.0825,0.07256699478669122,OnTrack,-3663.5967677811364,1690.024377018206,2354.392138927807,8667.213,4.086
2026-07-26 14:33:37.843,0 days 02:24:27.501000,,,0 days 00:00:04.374000,11844.0,321.0,8,100.0,True,0,pos,368.7633545413822,0.07799887323465131,OnTrack,-3666.0,1692.0,2351.0,8667.501,4.374
2026-07-26 14:33:37.875,0 days 02:24:27.533000,,,0 days 00:00:04.406000,11844.0,321.0,8,100.0,True,0,car,371.6158333333333,0.07860221445323476,OnTrack,-3666.4109123168405,1692.3377700361943,2350.4052492432843,8667.533,4.406
2026-07-26 14:33:38.075,0 days 02:24:27.733000,,,0 days 00:00:04.606000,11844.0,321.0,8,100.0,True,0,car,389.44916666666666,0.08237422674482447,OnTrack,-3666.238776988474,1692.1960070829773,2345.308997328875,8667.733,4.606
2026-07-26 14:33:38.183,0 days 02:24:27.841000,,,0 days 00:00:04.714000,11870.614285714286,321.0,8,100.0,True,0,pos,399.06255326661693,0.08440759940382353,OnTrack,-3666.0,1692.0,2343.0,8667.841,4.714
2026-07-26 14:33:38.355,0 days 02:24:28.013000,,,0 days 00:00:04.886000,11913.0,321.0,8,100.0,True,0,car,414.41583333333335,0.08765504395305009,OnTrack,-3666.733450252478,1692.6043429922497,2341.006861324118,8668.013,4.886
2026-07-26 14:33:38.503,0 days 02:24:28.161000,,,0 days 00:00:05.034000,11934.891666666666,322.85,8,100.0,True,0,pos,427.77303865447755,0.0904802893354413,OnTrack,-3666.0,1692.0,2339.0,8668.161,5.034
2026-07-26 14:33:38.663,0 days 02:24:28.321000,,,0 days 00:00:05.194000,11958.558333333332,324.85,8,100.0,True,0,pos,442.35094556948025,0.09356373105893893,OnTrack,-3666.0,1692.0,2335.0,8668.321,5.194
2026-07-26 14:33:38.835,0 days 02:24:28.493000,,,0 days 00:00:05.366000,11984.0,327.0,8,100.0,False,0,car,458.0158333333333,0.09687708521921706,OnTrack,-3694.9473404301766,1715.845178383674,2330.2101922299385,8668.493,5.366
2026-07-26 14:33:38.962,0 days 02:24:28.620000,,,0 days 00:00:05.493000,11984.0,327.0,8,100.0,False,0,pos,469.55466824608015,0.09931771851575008,OnTrack,-3666.0,1692.0,2326.0,8668.62,5.493
2026-07-26 14:33:38.996,0 days 02:24:28.654000,,,0 days 00:00:05.527000,11984.0,327.0,8,100.0,False,0,car,472.64000000000004,0.09997031156057726,OnTrack,-3642.8065549045054,1672.8945570187957,2324.7168319053626,8668.654,5.527
2026-07-26 14:33:39.235,0 days 02:24:28.893000,,,0 days 00:00:05.766000,11984.0,327.0,8,100.0,False,0,car,494.3491666666667,0.10456211960768957,OnTrack,-3415.9452813001844,1486.0191288483209,2316.1441464893965,8668.893,5.766
2026-07-26 14:33:39.342,0 days 02:24:29,,,0 days 00:00:05.873000,11984.0,328.7833344,8,100.0,False,0,pos,504.1840206702776,0.10664233587989203,OnTrack,-3666.0,1692.0,2320.0,8669.0,5.873
2026-07-26 14:33:39.595,0 days 02:24:29.253000,,,0 days 00:00:06.126000,11984.0,333.0,8,100.0,False,0,car,527.6491666666667,0.11160555938207858,OnTrack,-5206.350316282004,2960.8530770273887,2349.015605566614,8669.253,6.126
2026-07-26 14:33:39.622,0 days 02:24:29.280000,,,0 days 00:00:06.153000,11984.0,333.0,8,100.0,False,0,pos,530.1514440223598,0.1121348278461519,OnTrack,-5317.0,3052.0,2351.0,8669.28,6.153
2026-07-26 14:33:39.963,0 days 02:24:29.621000,,,0 days 00:00:06.494000,11984.0,333.0,8,100.0,False,0,pos,561.6923106770904,0.11880618504478943,OnTrack,-5317.0,3052.0,2345.0,8669.621,6.494
2026-07-26 14:33:40.076,0 days 02:24:29.734000,,,0 days 00:00:06.607000,11984.0,333.0,8,100.0,False,0,car,572.1416666666667,0.12101637752508167,OnTrack,-5297.0709428093905,3035.58357494,2339.7034343704067,8669.734,6.607
2026-07-26 14:33:40.203,0 days 02:24:29.861000,,,0 days 00:00:06.734000,11984.0,333.0,8,100.0,False,0,pos,583.8898832771381,0.12350129813025681,OnTrack,-5317.0,3052.0,2341.0,8669.861,6.734
2026-07-26 14:33:40.236,0 days 02:24:29.894000,,,0 days 00:00:06.767000,11984.0,333.0,8,100.0,False,0,car,586.9416666666667,0.12414679520258791,OnTrack,-5319.538907466498,3054.0914077248817,2344.019593968513,8669.894,6.767
2026-07-26 14:33:40.463,0 days 02:24:30.121000,,,0 days 00:00:06.994000,12177.895888,333.0,8,100.0,False,0,pos,607.9361195544443,0.1285874307734981,OnTrack,-5317.0,3052.0,2378.0,8670.121,6.994
2026-07-26 14:33:40.476,0 days 02:24:30.134000,,,0 days 00:00:07.007000,12189.0,333.0,8,100.0,False,0,car,609.1416666666667,0.12884242171884724,OnTrack,-5316.7970961316505,3051.8328593210763,2378.9613864406074,8670.134,7.007
2026-07-26 14:33:40.743,0 days 02:24:30.401000,,,0 days 00:00:07.274000,12189.0,334.9071433142857,8,100.0,False,0,pos,633.9868211845535,0.13409753732041255,OnTrack,-5317.0,3052.0,2373.0,8670.401,7.274
2026-07-26 14:33:40.756,0 days 02:24:30.414000,,,0 days 00:00:07.287000,12189.0,335.0,8,100.0,False,0,car,635.1972222222222,0.13435355494238485,OnTrack,-5317.038294256641,3052.031544632963,2372.5014267828547,8670.414,7.287
2026-07-26 14:33:40.956,0 days 02:24:30.614000,,,0 days 00:00:07.487000,12189.0,335.0,8,100.0,False,0,car,653.8083333333333,0.13829007867348314,OnTrack,-5317.097620710599,3052.080414395148,2367.325748643989,8670.614,7.487
2026-07-26 14:33:41.083,0 days 02:24:30.741000,,,0 days 00:00:07.614000,12189.0,335.0,8,100.0,False,0,pos,665.6225292627252,0.14078895487502982,OnTrack,-5317.0,3052.0,2365.0,8670.741,7.614
2026-07-26 14:33:41.116,0 days 02:24:30.774000,,,0 days 00:00:07.647000,12189.0,335.0,8,100.0,False,0,car,668.6972222222222,0.14143929765836177,OnTrack,-5316.988943684451,3051.9908924354067,2364.396220423743,8670.774,7.647
2026-07-26 14:33:41.303,0 days 02:24:30.961000,,,0 days 00:00:07.834000,12233.88001536,335.93500032,8,100.0,False,0,pos,686.1789320538711,0.145136936407688,OnTrack,-5317.0,3052.0,2361.0,8670.961,7.834
2026-07-26 14:33:41.516,0 days 02:24:31.174000,,,0 days 00:00:08.047000,12285.0,337.0,8,100.0,False,0,car,706.1416666666667,0.1493593483889894,OnTrack,-5317.001152910002,3052.000949701765,2357.238315481119,8671.174,8.047
2026-07-26 14:33:41.583,0 days 02:24:31.241000,,,0 days 00:00:08.114000,12285.0,337.0,8,100.0,False,0,pos,712.4146779743868,0.1506861825436437,OnTrack,-5317.0,3052.0,2356.0,8671.241,8.114
2026-07-26 14:33:41.676,0 days 02:24:31.334000,,,0 days 00:00:08.207000,12285.0,337.0,8,100.0,False,0,car,721.1194444444444,0.15252736868124045,OnTrack,-5316.9996155185845,3051.9996832860293,2354.202734783726,8671.334,8.207
2026-07-26 14:33:41.783,0 days 02:24:31.441000,,,0 days 00:00:08.314000,12285.0,337.0,8,100.0,False,0,pos,731.1357599262235,0.15464596672499992,OnTrack,-5317.0,3052.0,2352.0,8671.441,8.314
2026-07-26 14:33:41.835,0 days 02:24:31.493000,,,0 days 00:00:08.366000,12285.0,337.0,8,100.0,False,0,car,736.003611111111,0.1556755888466649,OnTrack,-5317.000102531441,3052.0000844596398,2350.8676902885204,8671.493,8.366
2026-07-26 14:33:41.995,0 days 02:24:31.653000,,,0 days 00:00:08.526000,12285.0,337.0,8,100.0,False,0,car,750.9813888888888,0.15884360913891596,OnTrack,-5317.000084703428,3052.000069774282,2347.1381373246713,8671.653,8.526
2026-07-26 14:33:42.123,0 days 02:24:31.781000,,,0 days 00:00:08.654000,12285.0,337.0,8,100.0,False,0,pos,762.9641767971351,0.161378145023631,OnTrack,-5317.0,3052.0,2344.0,8671.781,8.654
2026-07-26 14:33:42.195,0 days 02:24:31.853000,,,0 days 00:00:08.726000,12285.0,337.0,8,100.0,False,0,car,769.7036111111111,0.16280363450422977,OnTrack,-5316.999978168891,3051.9999820161192,2342.194979674405,8671.853,8.726
2026-07-26 14:33:42.463,0 days 02:24:32.121000,,,0 days 00:00:08.994000,12285.0,337.0,8,100.0,False,0,pos,794.7901113371536,0.1681097982727681,OnTrack,-5317.0,3052.0,2336.0,8672.121,8.994
2026-07-26 14:33:42.475,0 days 02:24:32.133000,,,0 days 00:00:09.006000,12285.0,337.0,8,100.0,False,0,car,795.914722222222,0.16834767001566908,OnTrack,-5317.000000891815,3052.0000007351405,2335.79196154545,8672.133,9.006
2026-07-26 14:33:42.843,0 days 02:24:32.501000,,,0 days 00:00:09.374000,12285.0,337.92,8,100.0,False,0,pos,830.4647719243177,0.17565551368770685,OnTrack,-5317.0,3052.0,2331.0,8672.501,9.374
2026-07-26 14:33:42.875,0 days 02:24:32.533000,,,0 days 00:00:09.406000,12285.0,338.0,8,100.0,False,0,car,833.4702777777776,0.1762912223805122,OnTrack,-5316.999999698117,3051.999999742308,2330.39653484703,8672.533,9.406
2026-07-26 14:33:43.123,0 days 02:24:32.781000,,,0 days 00:00:09.654000,12285.0,338.0,8,100.0,False,0,pos,856.7565576012709,0.18121661305637846,OnTrack,-5317.0,3052.0,2324.0,8672.781,9.654
2026-07-26 14:33:43.355,0 days 02:24:33.013000,,,0 days 00:00:09.886000,12285.0,338.0,8,100.0,False,0,car,878.5369444444441,0.18582348521832392,OnTrack,-5316.999999988347,3052.000000043198,2316.217017944193,8673.013,9.886
2026-07-26 14:33:43.363,0 days 02:24:33.021000,,,0 days 00:00:09.894000,12281.3,338.0,8,96.75,False,0,pos,879.2880394469144,0.1859823528584063,OnTrack,-5317.0,3052.0,2316.0,8673.021,9.894
2026-07-26 14:33:43.515,0 days 02:24:33.173000,,,0 days 00:00:10.046000,12211.0,338.0,8,35.0,False,0,car,893.5591666666663,0.18900090616426118,OnTrack,-5317.000000532162,3051.999998447622,2312.9549481582817,8673.173,10.046
2026-07-26 14:33:43.715,0 days 02:24:33.373000,,,0 days 00:00:10.246000,12211.0,338.0,8,35.0,True,0,car,912.3369444444442,0.19297268234668274,OnTrack,-5317.00000080196,3051.9999977967177,2310.4342892668346,8673.373,10.246
2026-07-26 14:33:43.783,0 days 02:24:33.441000,,,0 days 00:00:10.314000,12211.0,338.0,8,35.0,True,0,pos,918.722512813686,0.19432332397533136,OnTrack,-5317.0,3052.0,2309.0,8673.441,10.314
2026-07-26 14:33:43.863,0 days 02:24:33.521000,,,0 days 00:00:10.394000,12211.0,338.0,8,35.0,True,0,pos,926.2358633889702,0.1959125081279105,OnTrack,-5317.0,3052.0,2307.0,8673.521,10.394
2026-07-26 14:33:43.995,0 days 02:24:33.653000,,,0 days 00:00:10.526000,12211.0,338.0,8,35.0,True,0,car,938.6258333333329,0.19853316900207293,OnTrack,-5317.000023430043,3051.999935969502,2304.614891392567,8673.653,10.526
2026-07-26 14:33:44.203,0 days 02:24:33.861000,,,0 days 00:00:10.734000,12211.0,338.0,8,35.0,True,0,pos,958.1271610713889,0.20265798664302245,OnTrack,-5317.0,3052.0,2302.0,8673.861,10.734
2026-07-26 14:33:44.315,0 days 02:24:33.973000,,,0 days 00:00:10.846000,12211.0,338.0,8,35.0,True,0,car,968.6702777777774,0.20488801089394743,OnTrack,-5316.9998677014955,3052.0003615432042,2299.984433792738,8673.973,10.846
2026-07-26 14:33:44.503,0 days 02:24:34.161000,,,0 days 00:00:11.034000,12103.84,338.0,8,10.56,True,0,pos,986.3470799485328,0.208626914542401,OnTrack,-5317.0,3052.0,2296.0,8674.161,11.034
2026-07-26 14:33:44.515,0 days 02:24:34.173000,,,0 days 00:00:11.046000,12097.0,338.0,8,9.0,True,0,car,987.4480555555551,0.20885978707636899,OnTrack,-5317.000056416457,3051.9998458260984,2295.745663439671,8674.173,11.046
2026-07-26 14:33:44.743,0 days 02:24:34.401000,,,0 days 00:00:11.274000,12097.0,324.5272727272727,8,9.0,True,0,pos,1007.4759465219294,0.21309598058476797,OnTrack,-5317.0,3052.0,2291.0,8674.401,11.274
2026-07-26 14:33:44.943,0 days 02:24:34.601000,,,0 days 00:00:11.474000,12097.0,312.7090909090909,8,9.0,True,0,pos,1024.5457841817565,0.2167065023119629,OnTrack,-5317.0,3052.0,2287.0,8674.601,11.474
2026-07-26 14:33:44.955,0 days 02:24:34.613000,,,0 days 00:00:11.486000,12097.0,312.0,8,9.0,True,0,car,1025.5813888888886,0.2169255479391328,OnTrack,-5317.001626051794,3051.99555635433,2286.7417968296204,8674.613,11.486
2026-07-26 14:33:45.123,0 days 02:24:34.781000,,,0 days 00:00:11.654000,12097.0,312.0,8,9.0,True,0,pos,1040.2049645638278,0.22001864927705042,OnTrack,-5317.0,3052.0,2283.0,8674.781,11.654
2026-07-26 14:33:45.235,0 days 02:24:34.893000,,,0 days 00:00:11.766000,12097.0,312.0,8,9.0,True,0,car,1049.8480555555552,0.22205830485180067,OnTrack,-5316.854683288768,3052.3971189463973,2280.8254974270453,8674.893,11.766
2026-07-26 14:33:45.382,0 days 02:24:35.040000,,,0 days 00:00:11.913000,11876.499904,305.69999725714285,8,4.2749979428571425,True,0,pos,1062.1626036385658,0.22466301289298696,OnTrack,-5317.0,3052.0,2278.0,8675.04,11.913
2026-07-26 14:33:45.515,0 days 02:24:35.173000,,,0 days 00:00:12.046000,11677.0,300.0,8,0.0,True,0,car,1073.1813888888885,0.2269936480370582,OnTrack,-5317.725327222207,3050.017838555291,2275.1925049510633,8675.173,12.046
2026-07-26 14:33:45.562,0 days 02:24:35.220000,,,0 days 00:00:12.093000,11426.1385248,300.0,8,0.0,True,0,pos,1077.0911089252156,0.2278206113286676,OnTrack,-5317.0,3052.0,2275.0,8675.22,12.093
2026-07-26 14:33:45.755,0 days 02:24:35.413000,,,0 days 00:00:12.286000,10396.0,300.0,8,0.0,True,0,car,1093.1813888888885,0.2312239421958504,OnTrack,-5309.748677075958,3071.8162874398126,2280.021821853207,8675.413,12.286
2026-07-26 14:33:45.822,0 days 02:24:35.480000,,,0 days 00:00:12.353000,10396.0,300.0,8,0.0,True,0,pos,1098.7440965560165,0.23240053668341645,OnTrack,-5317.0,3052.0,2281.0,8675.48,12.353
2026-07-26 14:33:46.042,0 days 02:24:35.700000,,,0 days 00:00:12.573000,10396.0,300.0,8,0.0,True,0,pos,1117.0047960012132,0.2362629431933402,OnTrack,-5317.0,3052.0,2277.0,8675.7,12.573
2026-07-26 14:33:46.115,0 days 02:24:35.773000,,,0 days 00:00:12.646000,10396.0,300.0,8,0.0,True,0,car,1123.1813888888885,0.23756938343403872,OnTrack,-5217.586447327053,3323.675603998907,2275.2033224543384,8675.773,12.646
2026-07-26 14:33:46.262,0 days 02:24:35.920000,,,0 days 00:00:12.793000,10359.249984,300.0,8,0.0,True,0,pos,1135.8539991411305,0.24024982689037422,OnTrack,-4954.0,4044.0,2272.0,8675.92,12.793
2026-07-26 14:33:46.475,0 days 02:24:36.133000,,,0 days 00:00:13.006000,10306.0,300.0,8,0.0,True,0,car,1153.1813888888885,0.243914824672227,OnTrack,-4905.268716536214,4177.171992272854,2269.1678455848387,8676.133,13.006
2026-07-26 14:33:46.623,0 days 02:24:36.281000,,,0 days 00:00:13.154000,10172.220610100068,264.1850452236402,8,0.0,True,0,pos,1163.0242035709803,0.24599672474501336,OnTrack,-4954.0,4044.0,2268.0,8676.281,13.154
2026-07-26 14:33:46.756,0 days 02:24:36.414000,,,0 days 00:00:13.287000,10052.0,232.0,7,0.0,True,0,car,1171.2902777777774,0.2477451210166712,OnTrack,-4969.012613571372,4002.973794326817,2267.2540644967553,8676.414,13.287
2026-07-26 14:33:46.956,0 days 02:24:36.614000,,,0 days 00:00:13.487000,10052.0,232.0,7,0.0,True,0,car,1184.1791666666663,0.2504713105856706,OnTrack,-4956.704731183532,4036.608558323053,2266.3973291887287,8676.614,13.487
2026-07-26 14:33:47.023,0 days 02:24:36.681000,,,0 days 00:00:13.554000,10052.0,232.0,7,0.0,True,0,pos,1188.5062595959776,0.25138655438284147,OnTrack,-4954.0,4044.0,2266.0,8676.681,13.554
2026-07-26 14:33:47.156,0 days 02:24:36.814000,,,0 days 00:00:13.687000,10052.0,232.0,7,0.0,True,0,car,1197.0680555555552,0.2531975001546701,OnTrack,-4952.812039140336,4047.2464384363097,2265.012439645605,8676.814,13.687
2026-07-26 14:33:47.283,0 days 02:24:36.941000,,,0 days 00:00:13.814000,10052.0,232.0,7,0.0,True,0,pos,1205.221293972443,0.2549220299971801,OnTrack,-4954.0,4044.0,2264.0,8676.941,13.814
2026-07-26 14:33:48.163,0 days 02:24:37.821000,,,0 days 00:00:14.694000,10052.0,232.0,7,0.0,True,0,pos,1261.8382598258145,0.26689735099408285,OnTrack,-4954.0,4044.0,2259.0,8677.821,14.694
2026-07-26 14:33:48.236,0 days 02:24:37.894000,,,0 days 00:00:14.767000,10052.0,232.0,5,0.0,True,0,car,1266.6680555555552,0.2679189238272669,OnTrack,-4953.960009534737,4044.1092838182667,2258.6098623585935,8677.894,14.767
2026-07-26 14:33:48.396,0 days 02:24:38.054000,,,0 days 00:00:14.927000,10052.0,232.0,5,0.0,True,0,car,1276.9791666666663,0.27009987548246644,OnTrack,-4953.97663982387,4044.0638335365634,2257.7354051501375,8678.054,14.927
2026-07-26 14:33:48.523,0 days 02:24:38.181000,,,0 days 00:00:15.054000,10045.63009211183,204.92789147528197,5,0.0,True,0,pos,1283.4409533675246,0.27146663840926655,OnTrack,-4954.0,4044.0,2257.0,8678.181,15.054
2026-07-26 14:33:48.715,0 days 02:24:38.373000,,,0 days 00:00:15.246000,10036.0,164.0,4,0.0,True,0,car,1291.5113888888886,0.2731736542215133,OnTrack,-4954.000572147623,4043.9984443041385,2256.01483028793,8678.373,15.246
2026-07-26 14:33:48.743,0 days 02:24:38.401000,,,0 days 00:00:15.274000,10036.0,164.0,4,0.0,True,0,pos,1292.7465596179827,0.27343491099753314,OnTrack,-4954.0,4044.0,2256.0,8678.401,15.274
2026-07-26 14:33:48.963,0 days 02:24:38.621000,,,0 days 00:00:15.494000,10036.0,164.0,4,0.0,True,0,pos,1302.9958656037593,0.27560278995969834,OnTrack,-4954.0,4044.0,2256.0,8678.621,15.494
2026-07-26 14:33:49.063,0 days 02:24:38.721000,,,0 days 00:00:15.594000,10036.0,164.0,4,0.0,True,0,pos,1307.5108009579271,0.27655776519250136,OnTrack,-4954.0,4044.0,2254.0,8678.721,15.594
2026-07-26 14:33:49.115,0 days 02:24:38.773000,,,0 days 00:00:15.646000,10036.0,164.0,4,0.0,True,0,car,1309.7336111111108,0.27702792223285727,OnTrack,-4953.999752895128,4043.9999189004657,2253.151394831938,8678.773,15.646
2026-07-26 14:33:49.583,0 days 02:24:39.241000,,,0 days 00:00:16.114000,9918.025,132.8,4,0.0,True,0,pos,1326.9012828091804,0.2806591372980776,OnTrack,-4954.0,4044.0,2253.0,8679.241,16.114
2026-07-26 14:33:49.595,0 days 02:24:39.253000,,,0 days 00:00:16.126000,9915.0,132.0,4,0.0,True,0,car,1327.3336111111107,0.2807505810925944,OnTrack,-4954.00053910949,4044.000351779991,2252.987150445407,8679.253,16.126
2026-07-26 14:33:49.835,0 days 02:24:39.493000,,,0 days 00:00:16.366000,9915.0,132.0,3,0.0,True,0,car,1336.1336111111107,0.28261191052246293,OnTrack,-4954.004795486439,4044.0031501261833,2252.1162914248107,8679.493,16.366
2026-07-26 14:33:49.863,0 days 02:24:39.521000,,,0 days 00:00:16.394000,9915.0,132.0,3,0.0,True,0,pos,1337.1610451497547,0.28282922793307397,OnTrack,-4954.0,4044.0,2252.0,8679.521,16.394
2026-07-26 14:33:50.035,0 days 02:24:39.693000,,,0 days 00:00:16.566000,9915.0,132.0,3,0.0,True,0,car,1343.466944444444,0.28416301838068675,OnTrack,-4953.9562034934925,4043.971220478024,2251.3279355812642,8679.693,16.566
2026-07-26 14:33:50.103,0 days 02:24:39.761000,,,0 days 00:00:16.634000,9915.0,132.0,3,0.0,True,0,pos,1345.9820013480326,0.28469498990710085,OnTrack,-4954.0,4044.0,2251.0,8679.761,16.634
2026-07-26 14:33:50.395,0 days 02:24:40.053000,,,0 days 00:00:16.926000,9915.0,132.0,3,0.0,True,0,car,1356.666944444444,0.2869550125254896,OnTrack,-4954.177241934637,4044.116471486108,2249.138969516362,8680.053,16.926
2026-07-26 14:33:50.423,0 days 02:24:40.081000,,,0 days 00:00:16.954000,9915.0,131.02,3,0.0,True,0,pos,1357.6368560819737,0.2871601631022289,OnTrack,-4954.0,4044.0,2249.0,8680.081,16.954
2026-07-26 14:33:50.795,0 days 02:24:40.453000,,,0 days 00:00:17.326000,9915.0,118.0,2,0.0,True,0,car,1369.778055555555,0.28972820536292004,OnTrack,-4952.803055986885,4043.21344858221,2248.0746701800567,8680.453,17.326
2026-07-26 14:33:50.823,0 days 02:24:40.481000,,,0 days 00:00:17.354000,9915.0,118.0,2,0.0,True,0,pos,1370.6869197027547,0.28992044349757173,OnTrack,-4954.0,4044.0,2248.0,8680.481,17.354
2026-07-26 14:33:51.163,0 days 02:24:40.821000,,,0 days 00:00:17.694000,9915.0,118.0,2,0.0,True,0,pos,1381.8382830755008,0.2922791208644866,OnTrack,-4954.0,4044.0,2247.0,8680.821,17.694
2026-07-26 14:33:51.195,0 days 02:24:40.853000,,,0 days 00:00:17.726000,9915.0,118.0,2,0.0,True,0,car,1382.8891666666661,0.2925013982003505,OnTrack,-4944.673036593429,4037.870944447071,2246.982095976763,8680.853,17.726
2026-07-26 14:33:51.343,0 days 02:24:41.001000,,,0 days 00:00:17.874000,9873.375,118.0,2,0.0,True,0,pos,1387.7432010006635,0.29352809785483475,OnTrack,-4954.0,4044.0,2247.0,8681.001,17.874
2026-07-26 14:33:51.515,0 days 02:24:41.173000,,,0 days 00:00:18.046000,9825.0,118.0,2,0.0,True,0,car,1393.378055555555,0.2947199524702948,OnTrack,-5409.3455612795615,4343.222600054959,2246.5915594946473,8681.173,18.046
2026-07-26 14:33:51.663,0 days 02:24:41.321000,,,0 days 00:00:18.194000,9825.0,118.0,2,0.0,True,0,pos,1398.2278106643168,0.2957457470057032,OnTrack,-4954.0,4044.0,2246.0,8681.321,18.194
2026-07-26 14:33:51.835,0 days 02:24:41.493000,,,0 days 00:00:18.366000,9825.0,118.0,2,0.0,True,0,car,1403.8669444444438,0.29693850674023914,OnTrack,-2510.0722569953323,2438.0144018229225,2245.229228548903,8681.493,18.366
2026-07-26 14:33:51.883,0 days 02:24:41.541000,,,0 days 00:00:18.414000,9825.0,118.0,2,0.0,True,0,pos,1405.4415575865244,0.2972715605791042,OnTrack,-2052.0,2137.0,2245.0,8681.541,18.414
2026-07-26 14:33:51.995,0 days 02:24:41.653000,,,0 days 00:00:18.526000,9825.0,118.0,2,0.0,True,0,car,1409.1113888888883,0.29804778387521136,OnTrack,-1879.6511376421554,2023.7438730129509,2244.4429830628073,8681.653,18.526
2026-07-26 14:33:52.082,0 days 02:24:41.740000,,,0 days 00:00:18.613000,9825.0,118.0,2,0.0,True,0,pos,1411.948845753111,0.29864794773513864,OnTrack,-2052.0,2137.0,2244.0,8681.74,18.613
2026-07-26 14:33:52.155,0 days 02:24:41.813000,,,0 days 00:00:18.686000,9825.0,118.0,2,0.0,True,0,car,1414.3558333333328,0.2991570610101835,OnTrack,-2096.522162453333,2166.2569827010702,2243.627429603468,8681.813,18.686
2026-07-26 14:33:52.282,0 days 02:24:41.940000,,,0 days 00:00:18.813000,9825.0,118.0,2,0.0,True,0,pos,1418.6662043274964,0.3000687678721254,OnTrack,-2052.0,2137.0,2243.0,8681.94,18.813
2026-07-26 14:33:52.475,0 days 02:24:42.133000,,,0 days 00:00:19.006000,9825.0,118.0,2,0.0,True,0,car,1424.8447222222217,0.3013756152801279,OnTrack,-2035.4573335585544,2126.1292677795436,2242.179159697719,8682.133,19.006
2026-07-26 14:33:52.635,0 days 02:24:42.293000,,,0 days 00:00:19.166000,9825.0,92.0,2,0.0,True,0,car,1428.9336111111106,0.30224047541925875,OnTrack,-2049.825731001051,2135.5712160644584,2241.3413774443184,8682.293,19.166
2026-07-26 14:33:52.682,0 days 02:24:42.340000,,,0 days 00:00:19.213000,9825.0,92.0,2,0.0,True,0,pos,1430.1104227745022,0.3024893883945409,OnTrack,-2052.0,2137.0,2241.0,8682.34,19.213
2026-07-26 14:33:52.922,0 days 02:24:42.580000,,,0 days 00:00:19.453000,9825.0,92.0,2,0.0,True,0,pos,1436.2476007131525,0.30378749179380793,OnTrack,-2052.0,2137.0,2239.0,8682.58,19.453
2026-07-26 14:33:53.075,0 days 02:24:42.733000,,,0 days 00:00:19.606000,9825.0,92.0,2,0.0,True,0,car,1440.1780555555551,0.30461884080186863,OnTrack,-2051.6606566358905,2136.777006273795,2238.617557204738,8682.733,19.606
2026-07-26 14:33:53.236,0 days 02:24:42.894000,,,0 days 00:00:19.767000,9825.0,92.0,2,0.0,True,0,car,1444.2924999999996,0.30548910631686904,OnTrack,-2051.993518010496,2136.9957404708193,2238.0580325003702,8682.894,19.767
2026-07-26 14:33:53.243,0 days 02:24:42.901000,,,0 days 00:00:19.774000,9825.0,92.0,2,0.0,True,0,pos,1444.4713272843126,0.3055269309176822,OnTrack,-2052.0,2137.0,2238.0,8682.901,19.774
2026-07-26 14:33:53.396,0 days 02:24:43.054000,,,0 days 00:00:19.927000,9825.0,92.0,2,0.0,True,0,car,1448.3813888888885,0.3063539664559999,OnTrack,-2052.00510089174,2137.003351962846,2236.2530916949177,8683.054,19.927
2026-07-26 14:33:53.423,0 days 02:24:43.081000,,,0 days 00:00:19.954000,9692.6996864,92.0,2,0.0,True,0,pos,1449.071404846688,0.3064999149797875,OnTrack,-2052.0,2137.0,2236.0,8683.081,19.954
2026-07-26 14:33:53.596,0 days 02:24:43.254000,,,0 days 00:00:20.127000,8845.0,92.0,2,0.0,False,0,car,1453.4924999999996,0.3074350416299134,OnTrack,-2051.9990557107026,2136.9993794857032,2235.136605840351,8683.254,20.127
2026-07-26 14:33:53.623,0 days 02:24:43.281000,,,0 days 00:00:20.154000,8802.624899555556,92.0,2,0.0,False,0,pos,1454.18265989939,0.3075810205994646,OnTrack,-2052.0,2137.0,2235.0,8683.281,20.154
2026-07-26 14:33:53.883,0 days 02:24:43.541000,,,0 days 00:00:20.414000,8394.569344,92.0,2,0.0,False,0,pos,1460.8291339771542,0.3089868476228511,OnTrack,-2052.0,2137.0,2233.0,8683.541,20.414
2026-07-26 14:33:53.956,0 days 02:24:43.614000,,,0 days 00:00:20.487000,8280.0,92.0,2,0.0,False,0,car,1462.6924999999997,0.30938097694295785,OnTrack,-2051.9999532569786,2136.999969550242,2232.384864432742,8683.614,20.487
2026-07-26 14:33:54.003,0 days 02:24:43.661000,,,0 days 00:00:20.534000,8280.0,92.0,2,0.0,False,0,pos,1463.8912460917704,0.3096345293724525,OnTrack,-2052.0,2137.0,2232.0,8683.661,20.534
2026-07-26 14:33:54.156,0 days 02:24:43.814000,,,0 days 00:00:20.687000,8280.0,92.0,2,0.0,False,0,car,1467.8036111111107,0.3104620521168714,OnTrack,-2052.0000289938525,2137.000013938445,2230.8475634260376,8683.814,20.687
2026-07-26 14:33:54.283,0 days 02:24:43.941000,,,0 days 00:00:20.814000,8280.0,92.0,2,0.0,False,0,pos,1471.0890265085907,0.3111569657951297,OnTrack,-2052.0,2137.0,2230.0,8683.941,20.814
2026-07-26 14:33:54.356,0 days 02:24:44.014000,,,0 days 00:00:20.887000,8280.0,92.0,2,0.0,False,0,car,1472.9147222222218,0.311543127290785,OnTrack,-2051.999993059234,2137.0000072221387,2229.5549058996216,8684.014,20.887
2026-07-26 14:33:54.583,0 days 02:24:44.241000,,,0 days 00:00:21.114000,8135.2874592,83.4874976,2,0.0,False,0,pos,1478.1522754075788,0.3126509468231039,OnTrack,-2052.0,2137.0,2228.0,8684.241,21.114
2026-07-26 14:33:54.596,0 days 02:24:44.254000,,,0 days 00:00:21.127000,8127.0,83.0,2,0.0,False,0,car,1478.4480555555551,0.3127135086747175,OnTrack,-2052.000000395021,2136.999990393263,2227.8745756417993,8684.254,21.127
2026-07-26 14:33:54.763,0 days 02:24:44.421000,,,0 days 00:00:21.294000,8127.0,83.0,2,0.0,False,0,pos,1482.2792493973784,0.31352386252123077,OnTrack,-2052.0,2137.0,2226.0,8684.421,21.294
2026-07-26 14:33:54.943,0 days 02:24:44.601000,,,0 days 00:00:21.474000,8127.0,83.0,2,0.0,False,0,pos,1486.44607976115,0.3144052084286578,OnTrack,-2052.0,2137.0,2224.0,8684.601,21.474
2026-07-26 14:33:54.996,0 days 02:24:44.654000,,,0 days 00:00:21.527000,8127.0,83.0,2,0.0,False,0,car,1487.6702777777773,0.314664144314605,OnTrack,-2052.0000267819837,2136.99855727029,2223.320393433431,8684.654,21.527
2026-07-26 14:33:55.083,0 days 02:24:44.741000,,,0 days 00:00:21.614000,8127.0,83.0,2,0.0,False,0,pos,1489.6767527881482,0.31508854329041164,OnTrack,-2052.0,2137.0,2222.0,8684.741,21.614
2026-07-26 14:33:55.156,0 days 02:24:44.814000,,,0 days 00:00:21.687000,8127.0,83.0,2,0.0,False,0,car,1491.3591666666662,0.31544439857056,OnTrack,-2051.9997655588268,2137.012634681084,2220.582213173782,8684.814,21.687
2026-07-26 14:33:55.283,0 days 02:24:44.941000,,,0 days 00:00:21.814000,8210.027364588266,83.0,2,4.050115345769061,False,0,pos,1494.286828378823,0.3160636420825528,OnTrack,-2052.0,2137.0,2218.0,8684.941,21.814
2026-07-26 14:33:55.595,0 days 02:24:45.253000,,,0 days 00:00:22.126000,8414.0,83.0,2,14.0,False,0,car,1501.4805555555552,0.31758522118533655,OnTrack,-2052.0055301388215,2136.701961135427,2214.85833931559,8685.253,22.126
2026-07-26 14:33:55.663,0 days 02:24:45.321000,,,0 days 00:00:22.194000,8414.0,83.0,2,14.0,False,0,pos,1503.0479014511784,0.3179167378946896,OnTrack,-2052.0,2137.0,2214.0,8685.321,22.194
2026-07-26 14:33:55.843,0 days 02:24:45.501000,,,0 days 00:00:22.374000,8414.0,83.0,2,14.0,False,0,pos,1507.1960244048119,0.31879412690972503,OnTrack,-2052.0,2137.0,2211.0,8685.501,22.374
2026-07-26 14:33:55.995,0 days 02:24:45.653000,,,0 days 00:00:22.526000,8414.0,83.0,2,14.0,True,0,car,1510.7027777777773,0.31953585682522406,OnTrack,-2052.1577496733244,2128.498308238227,2208.86194963102,8685.653,22.526
2026-07-26 14:33:56.183,0 days 02:24:45.841000,,,0 days 00:00:22.714000,8414.0,83.0,2,14.0,True,0,pos,1515.0469682352627,0.32045471700107314,OnTrack,-2052.0,2137.0,2206.0,8685.841,22.714
2026-07-26 14:33:56.315,0 days 02:24:45.973000,,,0 days 00:00:22.846000,8414.0,83.0,2,14.0,True,0,car,1518.080555555555,0.32109636533713404,OnTrack,-2051.20875810964,2179.6428436923657,2203.0443870625586,8685.973,22.846
2026-07-26 14:33:56.423,0 days 02:24:46.081000,,,0 days 00:00:22.954000,8489.6,83.0,2,14.0,True,0,pos,1520.54300460221,0.3216172095280535,OnTrack,-2052.0,2137.0,2201.0,8686.081,22.954
2026-07-26 14:33:56.515,0 days 02:24:46.173000,,,0 days 00:00:23.046000,8554.0,83.0,2,14.0,True,0,car,1522.6916666666662,0.3220716831570778,OnTrack,-2054.6639660496503,1993.4293811522189,2200.07425996649,8686.173,23.046
2026-07-26 14:33:56.583,0 days 02:24:46.241000,,,0 days 00:00:23.114000,8590.04,85.04,2,18.42,True,0,pos,1524.3432209327739,0.32242101117532,OnTrack,-2052.0,2137.0,2199.0,8686.241,23.114
2026-07-26 14:33:56.715,0 days 02:24:46.373000,,,0 days 00:00:23.246000,8660.0,89.0,2,27.0,False,0,car,1527.6361111111105,0.3231175058796681,OnTrack,-2028.3920774010116,3409.3066991010714,2194.7890573406735,8686.373,23.246
2026-07-26 14:33:56.743,0 days 02:24:46.401000,,,0 days 00:00:23.274000,8660.0,89.0,2,27.0,False,0,pos,1528.3321801648115,0.32326473472226747,OnTrack,-2024.0,3646.0,2194.0,8686.401,23.274
2026-07-26 14:33:56.995,0 days 02:24:46.653000,,,0 days 00:00:23.526000,8660.0,89.0,2,27.0,False,0,car,1534.5583333333327,0.3245816576912945,OnTrack,-2020.6691530396645,3825.2834782236037,2191.712588207301,8686.653,23.526
2026-07-26 14:33:57.103,0 days 02:24:46.761000,,,0 days 00:00:23.634000,8660.0,89.0,2,27.0,False,0,pos,1537.230760370681,0.32514691531558915,OnTrack,-2024.0,3646.0,2191.0,8686.761,23.634
2026-07-26 14:33:57.155,0 days 02:24:46.813000,,,0 days 00:00:23.686000,8660.0,89.0,2,27.0,False,0,car,1538.5138888888882,0.3254183158693667,OnTrack,-2024.5834722754444,3614.7867901270874,2190.3940776942695,8686.813,23.686
2026-07-26 14:33:57.303,0 days 02:24:46.961000,,,0 days 00:00:23.834000,8660.0,89.0,2,27.0,False,0,pos,1542.1444253321226,0.3261862277248216,OnTrack,-2024.0,3646.0,2188.0,8686.961,23.834
2026-07-26 14:33:57.395,0 days 02:24:47.053000,,,0 days 00:00:23.926000,8660.0,89.0,2,27.0,False,0,car,1544.4472222222216,0.3266733031364751,OnTrack,-2023.790783484008,3654.7122001880102,2186.3625308350997,8687.053,23.926
2026-07-26 14:33:57.563,0 days 02:24:47.221000,,,0 days 00:00:24.094000,9346.0,92.5,2,35.4,False,0,pos,1548.8201895840173,0.3275982500508348,OnTrack,-2024.0,3646.0,2183.0,8687.221,24.094
2026-07-26 14:33:57.635,0 days 02:24:47.293000,,,0 days 00:00:24.166000,9640.0,94.0,2,39.0,False,0,car,1550.7138888888883,0.32799879530622994,OnTrack,-2024.261612312976,3643.1875722527943,2181.3216920536843,8687.293,24.166
2026-07-26 14:33:57.883,0 days 02:24:47.541000,,,0 days 00:00:24.414000,10187.854545454546,94.0,2,42.38181818181818,False,0,pos,1557.1968270459568,0.3293700320771128,OnTrack,-2024.0,3646.0,2175.0,8687.541,24.414
2026-07-26 14:33:58.075,0 days 02:24:47.733000,,,0 days 00:00:24.606000,10612.0,94.0,2,45.0,False,0,car,1562.202777777777,0.3304288642841139,OnTrack,-2018.9007528734473,3670.9322534401904,2170.6830937588434,8687.733,24.606
2026-07-26 14:33:58.223,0 days 02:24:47.881000,,,0 days 00:00:24.754000,10612.0,94.0,2,45.0,False,0,pos,1566.0671911455418,0.33124624454895457,OnTrack,-2024.0,3646.0,2168.0,8687.881,24.754
2026-07-26 14:33:58.235,0 days 02:24:47.893000,,,0 days 00:00:24.766000,10612.0,94.0,2,45.0,False,0,car,1566.3805555555548,0.33131252573061715,OnTrack,-2025.1321339761791,3640.504267967276,2167.813798531888,8687.893,24.766
2026-07-26 14:33:58.403,0 days 02:24:48.061000,,,0 days 00:00:24.934000,10612.0,94.0,2,45.0,False,0,pos,1570.7670901244876,0.332240342308832,OnTrack,-2024.0,3646.0,2165.0,8688.061,24.934
2026-07-26 14:33:58.475,0 days 02:24:48.133000,,,0 days 00:00:25.006000,10612.0,94.0,2,45.0,False,0,car,1572.6472222222214,0.33263801790037206,OnTrack,-1978.7173683580195,3865.5327286731385,2162.806962836973,8688.133,25.006
2026-07-26 14:33:58.662,0 days 02:24:48.320000,,,0 days 00:00:25.193000,10977.985839542856,94.0,2,49.00714422857143,False,0,pos,1577.5313925885953,0.3336710917689429,OnTrack,-1807.0,4698.0,2156.0,8688.32,25.193
2026-07-26 14:33:58.755,0 days 02:24:48.413000,,,0 days 00:00:25.286000,11160.0,94.0,2,51.0,False,0,car,1579.9583333333326,0.33418442543175275,OnTrack,-1781.4503010519636,4821.86180499251,2154.115315544156,8688.413,25.286
2026-07-26 14:33:58.942,0 days 02:24:48.600000,,,0 days 00:00:25.473000,11160.0,94.0,2,51.0,False,0,pos,1584.8328800471652,0.335215463756267,OnTrack,-1807.0,4698.0,2152.0,8688.6,25.473
2026-07-26 14:33:59.035,0 days 02:24:48.693000,,,0 days 00:00:25.566000,11160.0,94.0,2,51.0,False,0,car,1587.2694444444437,0.33573083296313344,OnTrack,-1809.4821074553545,4685.967575514264,2150.389958091617,8688.693,25.566
2026-07-26 14:33:59.142,0 days 02:24:48.800000,,,0 days 00:00:25.673000,11160.0,94.0,2,51.0,False,0,pos,1590.0908622636384,0.336327604329136,OnTrack,-1807.0,4698.0,2148.0,8688.8,25.673
2026-07-26 14:33:59.275,0 days 02:24:48.933000,,,0 days 00:00:25.806000,11160.0,94.0,2,51.0,False,0,car,1593.5361111111104,0.33705632513288836,OnTrack,-1806.0264405831158,4702.7146358229675,2144.233791242742,8688.933,25.806
2026-07-26 14:33:59.482,0 days 02:24:49.140000,,,0 days 00:00:26.013000,11160.0,94.0,2,51.0,False,0,pos,1598.8010443964636,0.33816993595906136,OnTrack,-1807.0,4698.0,2138.0,8689.14,26.013
2026-07-26 14:33:59.515,0 days 02:24:49.173000,,,0 days 00:00:26.046000,11160.0,94.0,2,51.0,False,0,car,1599.802777777777,0.3383818173026432,OnTrack,-1807.0893097237229,4697.572790557095,2137.177087961917,8689.173,26.046
2026-07-26 14:33:59.716,0 days 02:24:49.374000,,,0 days 00:00:26.247000,11160.0,129.0,2,104.0,True,0,car,1607.005277777777,0.3399052519865783,OnTrack,-1807.153983334671,4697.320080077828,2133.2031490680793,8689.374,26.247
2026-07-26 14:33:59.883,0 days 02:24:49.541000,,,0 days 00:00:26.414000,11160.0,129.0,2,104.0,True,0,pos,1613.0152631489384,0.3411764522870808,OnTrack,-1807.0,4698.0,2130.0,8689.541,26.414
2026-07-26 14:33:59.996,0 days 02:24:49.654000,,,0 days 00:00:26.527000,11160.0,129.0,2,104.0,True,0,car,1617.0386111111104,0.34202744955623904,OnTrack,-1806.9258131424624,4698.204977372506,2127.4717146499593,8689.654,26.527
2026-07-26 14:34:00.163,0 days 02:24:49.821000,,,0 days 00:00:26.694000,11160.0,129.0,2,104.0,True,0,pos,1623.0217376515009,0.3432929688189954,OnTrack,-1807.0,4698.0,2123.0,8689.821,26.694
2026-07-26 14:34:00.196,0 days 02:24:49.854000,,,0 days 00:00:26.727000,11160.0,129.0,2,104.0,True,0,car,1624.2052777777772,0.34354330496313956,OnTrack,-1807.066861741971,4697.863162075038,2121.974596703984,8689.854,26.727
2026-07-26 14:34:00.516,0 days 02:24:50.174000,,,0 days 00:00:27.047000,11160.0,129.0,2,104.0,True,0,car,1635.6719444444439,0.34596867361418043,OnTrack,-1807.4590693537014,4697.108174621474,2111.1100847918274,8690.174,27.047
2026-07-26 14:34:00.563,0 days 02:24:50.221000,,,0 days 00:00:27.094000,11081.8623936,129.0,2,101.6499968,True,0,pos,1637.3554453926956,0.34632475882556596,OnTrack,-1807.0,4698.0,2110.0,8690.221,27.094
2026-07-26 14:34:00.676,0 days 02:24:50.334000,,,0 days 00:00:27.207000,10894.0,129.0,2,96.0,True,0,car,1641.4052777777772,0.3471813579397009,OnTrack,-1805.1406459973773,4701.605518609091,2108.1208641095354,8690.334,27.207
2026-07-26 14:34:00.823,0 days 02:24:50.481000,,,0 days 00:00:27.354000,10894.0,129.0,2,96.0,True,0,pos,1646.6758032590528,0.34829615159756117,OnTrack,-1807.0,4698.0,2106.0,8690.481,27.354
2026-07-26 14:34:00.836,0 days 02:24:50.494000,,,0 days 00:00:27.367000,10894.0,129.0,2,96.0,True,0,car,1647.1386111111105,0.3483940422652213,OnTrack,-1807.7917550830189,4696.465245642993,2105.739690339546,8690.494,27.367
2026-07-26 14:34:01.036,0 days 02:24:50.694000,,,0 days 00:00:27.567000,10894.0,129.0,2,96.0,True,0,car,1654.3052777777773,0.3499098976721219,OnTrack,-1832.0385637265022,4649.467111583792,2100.2416533164387,8690.694,27.567
2026-07-26 14:34:01.203,0 days 02:24:50.861000,,,0 days 00:00:27.734000,10875.475390053023,134.71059404380483,2,96.55713112622486,True,0,pos,1660.9165328427655,0.3513082753563072,OnTrack,-1807.0,4698.0,2096.0,8690.861,27.734
2026-07-26 14:34:02.203,0 days 02:24:51.861000,,,0 days 00:00:28.734000,10764.549624497768,168.90575485407146,2,99.89324437600698,True,0,pos,1709.4175609889105,0.3615669561594098,OnTrack,-540.0,7115.0,2072.0,8691.861,28.734
2026-07-26 14:34:02.235,0 days 02:24:51.893000,,,0 days 00:00:28.766000,10761.0,170.0,2,100.0,True,0,car,1710.9247222222216,0.3618857429274915,OnTrack,-514.7366874491856,7158.837468658057,2068.29571564185,8691.893,28.766
2026-07-26 14:34:02.435,0 days 02:24:52.093000,,,0 days 00:00:28.966000,10761.0,170.0,2,100.0,True,0,car,1720.3691666666662,0.36388338183581004,OnTrack,-406.39270661738897,7332.273996561761,2047.4448430213504,8692.093,28.966
2026-07-26 14:34:02.523,0 days 02:24:52.181000,,,0 days 00:00:29.054000,10737.075,176.6,2,100.0,True,0,pos,1724.8898417668245,0.3648395711093099,OnTrack,-382.0,7369.0,2064.0,8692.181,29.054
2026-07-26 14:34:02.755,0 days 02:24:52.413000,,,0 days 00:00:29.286000,10674.0,194.0,2,100.0,False,0,car,1737.6136111111107,0.3675308354660576,OnTrack,-376.7760452461198,7376.865257949086,2205.0942820997366,8692.413,29.286
2026-07-26 14:34:02.863,0 days 02:24:52.521000,,,0 days 00:00:29.394000,10674.0,194.0,2,100.0,False,0,pos,1743.4645664362067,0.3687683985728129,OnTrack,-382.0,7369.0,2254.0,8692.521,29.394
2026-07-26 14:34:03.035,0 days 02:24:52.693000,,,0 days 00:00:29.566000,10674.0,194.0,4,100.0,False,0,car,1752.7024999999994,0.37072235739252407,OnTrack,-382.75664397244515,7367.860795661318,2258.307218338494,8692.693,29.566
2026-07-26 14:34:03.143,0 days 02:24:52.801000,,,0 days 00:00:29.674000,10674.0,194.0,4,100.0,False,0,pos,1758.5260949742158,0.3719541333826541,OnTrack,-382.0,7369.0,2250.0,8692.801,29.674
2026-07-26 14:34:03.223,0 days 02:24:52.881000,,,0 days 00:00:29.754000,10674.0,194.0,4,100.0,False,0,pos,1762.841450266031,0.37286689449685795,OnTrack,-382.0,7369.0,2250.0,8692.881,29.754
2026-07-26 14:34:03.275,0 days 02:24:52.933000,,,0 days 00:00:29.806000,10674.0,194.0,5,100.0,False,0,car,1765.6358333333328,0.37345794761520973,OnTrack,-382.02652090033683,7368.960141735224,2250.174424626937,8692.933,29.806
2026-07-26 14:34:03.435,0 days 02:24:53.093000,,,0 days 00:00:29.966000,10674.0,194.0,5,100.0,False,0,car,1774.258055555555,0.3752816744303335,OnTrack,-382.01739601912834,7368.974366522483,2249.070444913638,8693.093,29.966
2026-07-26 14:34:03.543,0 days 02:24:53.201000,,,0 days 00:00:30.074000,10674.0,198.62857142857143,5,100.0,False,0,pos,1780.331034647517,0.37656619882929315,OnTrack,-382.0,7369.0,2248.0,8693.201,30.074
2026-07-26 14:34:03.715,0 days 02:24:53.373000,,,0 days 00:00:30.246000,10674.0,206.0,5,100.0,False,0,car,1790.2802777777772,0.3786706100842103,OnTrack,-381.9984714031007,7368.999768099828,2246.521224647265,8693.373,30.246
2026-07-26 14:34:03.803,0 days 02:24:53.461000,,,0 days 00:00:30.334000,10674.0,206.0,5,100.0,False,0,pos,1795.3489041603573,0.3797426991131767,OnTrack,-382.0,7369.0,2246.0,8693.461,30.334
2026-07-26 14:34:04.103,0 days 02:24:53.761000,,,0 days 00:00:30.634000,10674.0,206.0,5,100.0,False,0,pos,1812.5001395519396,0.38337043765783074,OnTrack,-382.0,7369.0,2245.0,8693.761,30.634
2026-07-26 14:34:04.155,0 days 02:24:53.813000,,,0 days 00:00:30.686000,10674.0,206.0,6,100.0,False,0,car,1815.4580555555551,0.3839960803974454,OnTrack,-382.00704396250836,7368.967145164829,2244.5428178294674,8693.813,30.686
2026-07-26 14:34:04.283,0 days 02:24:53.941000,,,0 days 00:00:30.814000,10674.0,206.0,6,100.0,False,0,pos,1822.7220621229212,0.3855325246250132,OnTrack,-382.0,7369.0,2243.0,8693.941,30.814
2026-07-26 14:34:04.435,0 days 02:24:54.093000,,,0 days 00:00:30.966000,10674.0,206.0,6,100.0,False,0,car,1831.4802777777775,0.3873850160513223,OnTrack,-381.90023332577925,7369.4620374420365,2240.7869700911338,8694.093,30.966
2026-07-26 14:34:04.483,0 days 02:24:54.141000,,,0 days 00:00:31.014000,10674.0,207.88571428571427,6,100.0,False,0,pos,1834.3187114248344,0.3879853865151855,OnTrack,-382.0,7369.0,2240.0,8694.141,31.014
2026-07-26 14:34:04.715,0 days 02:24:54.373000,,,0 days 00:00:31.246000,10674.0,217.0,6,100.0,False,0,car,1848.3580555555552,0.3909549142886586,OnTrack,-382.79609657521235,7365.31326093748,2235.775782018836,8694.373,31.246
2026-07-26 14:34:04.763,0 days 02:24:54.421000,,,0 days 00:00:31.294000,10674.0,217.0,6,100.0,False,0,pos,1851.2611863987688,0.3915689691610715,OnTrack,-382.0,7369.0,2235.0,8694.421,31.294
2026-07-26 14:34:05.035,0 days 02:24:54.693000,,,0 days 00:00:31.566000,10674.0,217.0,6,100.0,False,0,car,1867.6469444444442,0.3950347979884716,OnTrack,-372.36526681643295,7413.61860524044,2231.452116504142,8694.693,31.566
2026-07-26 14:34:05.142,0 days 02:24:54.800000,,,0 days 00:00:31.673000,10674.0,217.0,6,100.0,False,0,pos,1874.10453654117,0.39640067369480375,OnTrack,-382.0,7369.0,2229.0,8694.8,31.673
2026-07-26 14:34:05.275,0 days 02:24:54.933000,,,0 days 00:00:31.806000,10674.0,217.0,6,100.0,False,0,car,1882.113611111111,0.39809471076333125,OnTrack,-412.10305305276455,7229.592278032038,2224.426427447535,8694.933,31.806
2026-07-26 14:34:05.422,0 days 02:24:55.080000,,,0 days 00:00:31.953000,10674.0,217.0,6,100.0,False,0,pos,1890.9200020747007,0.39995739197599695,OnTrack,-382.0,7369.0,2219.0,8695.08,31.953
2026-07-26 14:34:05.475,0 days 02:24:55.133000,,,0 days 00:00:32.006000,10674.0,217.0,6,100.0,False,0,car,1894.1691666666663,0.4006446380757143,OnTrack,-330.32895504911914,7608.289438166812,2217.3985174533063,8695.133,32.006
2026-07-26 14:34:05.702,0 days 02:24:55.360000,,,0 days 00:00:32.233000,11280.414456685714,228.3500032,6,100.0,False,0,pos,1908.7127829926003,0.40372082683528,OnTrack,-8.0,9101.0,2211.0,8695.36,32.233
2026-07-26 14:34:05.755,0 days 02:24:55.413000,,,0 days 00:00:32.286000,11422.0,231.0,6,100.0,True,0,car,1912.135833333333,0.40444485232836264,OnTrack,28.333068720920576,9269.259024123723,2208.8868715560534,8695.413,32.286
2026-07-26 14:34:05.915,0 days 02:24:55.573000,,,0 days 00:00:32.446000,11422.0,231.0,6,100.0,True,0,car,1922.4024999999995,0.4066164033298759,OnTrack,23.47325559316532,9246.753151588295,2200.8423470929197,8695.573,32.446
2026-07-26 14:34:06.062,0 days 02:24:55.720000,,,0 days 00:00:32.593000,11422.0,231.0,6,100.0,True,0,pos,1931.829096626397,0.4086102671621729,OnTrack,-8.0,9101.0,2194.0,8695.72,32.593
2026-07-26 14:34:06.195,0 days 02:24:55.853000,,,0 days 00:00:32.726000,11422.0,231.0,6,100.0,True,0,car,1940.3691666666662,0.41041661758252423,OnTrack,-8.578830056044017,9098.319428684455,2189.1468508589505,8695.853,32.726
2026-07-26 14:34:06.223,0 days 02:24:55.881000,,,0 days 00:00:32.754000,11422.0,231.0,6,100.0,True,0,pos,1942.1687759020122,0.41079726140434386,OnTrack,-8.0,9101.0,2188.0,8695.881,32.754
2026-07-26 14:34:06.403,0 days 02:24:56.061000,,,0 days 00:00:32.934000,11422.0,231.0,6,100.0,True,0,pos,1953.7282492719,0.41324226003811143,OnTrack,-8.0,9101.0,2179.0,8696.061,32.934
2026-07-26 14:34:06.436,0 days 02:24:56.094000,,,0 days 00:00:32.967000,11422.0,231.0,6,100.0,True,0,car,1955.8333333333328,0.41368751627855366,OnTrack,-8.077367603812126,9100.641708907497,2177.3272445023695,8696.094,32.967
2026-07-26 14:34:06.603,0 days 02:24:56.261000,,,0 days 00:00:33.134000,11422.0,231.0,6,100.0,True,0,pos,1966.4864349319919,0.41594080395184513,OnTrack,-8.0,9101.0,2168.0,8696.261,33.134
2026-07-26 14:34:06.636,0 days 02:24:56.294000,,,0 days 00:00:33.167000,11422.0,231.0,6,100.0,True,0,car,1968.6666666666663,0.41640195503044536,OnTrack,-7.986604771508546,9101.06203639831,2165.5194878761786,8696.294,33.167
2026-07-26 14:34:06.796,0 days 02:24:56.454000,,,0 days 00:00:33.327000,11422.0,247.0,6,104.0,True,0,car,1979.644444444444,0.41872391649093793,OnTrack,-7.999220006969823,9101.003614907175,2152.430874415864,8696.454,33.327
2026-07-26 14:34:06.803,0 days 02:24:56.461000,,,0 days 00:00:33.334000,11422.0,247.0,6,104.0,True,0,pos,1980.1269503901153,0.4188259735951158,OnTrack,-8.0,9101.0,2152.0,8696.461,33.334
2026-07-26 14:34:06.956,0 days 02:24:56.614000,,,0 days 00:00:33.487000,11422.0,247.0,6,104.0,True,0,car,1990.622222222222,0.4210458779514306,OnTrack,-8.004566963695817,9100.978718961329,2146.7083434948136,8696.614,33.487
2026-07-26 14:34:07.103,0 days 02:24:56.761000,,,0 days 00:00:33.634000,11422.0,247.0,6,104.0,True,0,pos,2000.7076356227735,0.42317909122129843,OnTrack,-8.0,9101.0,2143.0,8696.761,33.634
2026-07-26 14:34:07.116,0 days 02:24:56.774000,,,0 days 00:00:33.647000,11422.0,247.0,6,104.0,True,0,car,2001.5999999999997,0.4233678394119232,OnTrack,-7.999787801094302,9101.001023980876,2142.462054961503,8696.774,33.647
2026-07-26 14:34:07.436,0 days 02:24:57.094000,,,0 days 00:00:33.967000,11422.0,247.0,6,104.0,True,0,car,2023.5555555555552,0.42801176233290844,OnTrack,-8.000067266090738,9100.999815360616,2122.4097446133314,8697.094,33.967
2026-07-26 14:34:07.443,0 days 02:24:57.101000,,,0 days 00:00:33.974000,11412.1999104,247.0,6,104.0,True,0,pos,2024.034507289787,0.4281130676690917,OnTrack,-8.0,9101.0,2122.0,8697.101,33.974
2026-07-26 14:34:07.636,0 days 02:24:57.294000,,,0 days 00:00:34.167000,11142.0,247.0,6,104.0,True,0,car,2037.2777777777776,0.4309142141585242,OnTrack,-7.9954305623996795,9101.014653504286,2112.541338638405,8697.294,34.167
2026-07-26 14:34:07.863,0 days 02:24:57.521000,,,0 days 00:00:34.394000,10774.0707296,253.6208352,6,100.2166656,True,0,pos,2053.2903709296015,0.4343011131223881,OnTrack,-8.0,9101.0,2104.0,8697.521,34.394
2026-07-26 14:34:07.876,0 days 02:24:57.534000,,,0 days 00:00:34.407000,10753.0,254.0,7,100.0,False,0,car,2054.2111111111108,0.43449586321296824,OnTrack,-8.001213909029579,9100.996027510164,2103.5217104946405,8697.534,34.407
2026-07-26 14:34:08.283,0 days 02:24:57.941000,,,0 days 00:00:34.814000,10753.0,254.0,7,100.0,False,0,pos,2082.9358506731483,0.440571568112074,OnTrack,-8.0,9101.0,2088.0,8697.941,34.814
2026-07-26 14:34:08.316,0 days 02:24:57.974000,,,0 days 00:00:34.847000,10753.0,254.0,7,100.0,False,0,car,2085.2555555555555,0.44106221981278243,OnTrack,-7.980704613718097,9101.063310091187,2086.5043442061665,8697.974,34.847
2026-07-26 14:34:08.516,0 days 02:24:58.174000,,,0 days 00:00:35.047000,10753.0,254.0,7,100.0,False,0,car,2099.3666666666663,0.44404692735815243,OnTrack,-7.983682996725222,9101.053540007784,2077.275743797453,8698.174,35.047
2026-07-26 14:34:08.523,0 days 02:24:58.181000,,,0 days 00:00:35.054000,10761.33007616,254.28000256,7,100.0,False,0,pos,2099.8687517864164,0.4441531257456171,OnTrack,-8.0,9101.0,2077.0,8698.181,35.054
2026-07-26 14:34:08.716,0 days 02:24:58.374000,,,0 days 00:00:35.247000,10991.0,262.0,7,100.0,False,0,car,2113.922222222222,0.4471256414403845,OnTrack,-8.979618241096768,9097.785628658465,2071.1168112877094,8698.374,35.247
2026-07-26 14:34:08.883,0 days 02:24:58.541000,,,0 days 00:00:35.414000,10991.0,262.0,7,100.0,False,0,pos,2126.093302116358,0.44970000384950226,OnTrack,-8.0,9101.0,2067.0,8698.541,35.414
2026-07-26 14:34:09.035,0 days 02:24:58.693000,,,0 days 00:00:35.566000,10991.0,262.0,7,100.0,False,0,car,2137.1383333333333,0.4520361904015448,OnTrack,-4.331218678663057,9113.038188641705,2062.8113774116296,8698.693,35.566
2026-07-26 14:34:09.123,0 days 02:24:58.781000,,,0 days 00:00:35.654000,10991.0,262.0,7,100.0,False,0,pos,2143.5225346261645,0.45338654287342567,OnTrack,-8.0,9101.0,2060.0,8698.781,35.654
2026-07-26 14:34:09.343,0 days 02:24:59.001000,,,0 days 00:00:35.874000,10991.0,262.0,7,100.0,False,0,pos,2159.47829128455,0.45676142008297954,OnTrack,-8.0,9101.0,2052.0,8699.001,35.874
2026-07-26 14:34:09.475,0 days 02:24:59.133000,,,0 days 00:00:36.006000,10991.0,262.0,7,100.0,False,0,car,2169.160555555555,0.4588093613824553,OnTrack,107.96711012307918,9481.517080093992,2048.2931498556677,8699.133,36.006
2026-07-26 14:34:09.743,0 days 02:24:59.401000,,,0 days 00:00:36.274000,11205.4,267.74285714285713,7,100.0,False,0,pos,2189.108596953881,0.4630286655327894,OnTrack,440.0,10571.0,2044.0,8699.401,36.274
2026-07-26 14:34:09.755,0 days 02:24:59.413000,,,0 days 00:00:36.286000,11215.0,268.0,7,100.0,True,0,car,2190.0049999999997,0.4632182679612854,OnTrack,446.95440188099013,10593.819131167853,2043.897575877273,8699.413,36.286
2026-07-26 14:34:09.915,0 days 02:24:59.573000,,,0 days 00:00:36.446000,11215.0,269.0,7,100.0,True,0,car,2201.960555555555,0.46574704380287446,OnTrack,465.561640731118,10654.874133554536,2043.2523180760052,8699.573,36.446
2026-07-26 14:34:10.063,0 days 02:24:59.721000,,,0 days 00:00:36.594000,11215.0,269.0,7,100.0,True,0,pos,2213.01954527124,0.4680861827826948,OnTrack,440.0,10571.0,2043.0,8699.721,36.594
2026-07-26 14:34:10.155,0 days 02:24:59.813000,,,0 days 00:00:36.686000,11215.0,269.0,7,100.0,True,0,car,2219.8938888888883,0.46954020756525816,OnTrack,434.68972860652616,10553.575672227395,2042.6779873058588,8699.813,36.686
2026-07-26 14:34:10.363,0 days 02:25:00.021000,,,0 days 00:00:36.894000,11215.0,269.0,7,100.0,True,0,pos,2235.4361016228468,0.4728276141524167,OnTrack,440.0,10571.0,2042.0,8700.021,36.894
2026-07-26 14:34:10.435,0 days 02:25:00.093000,,,0 days 00:00:36.966000,11215.0,269.0,7,100.0,True,0,car,2240.816111111111,0.4739655652880392,OnTrack,440.8751363288683,10573.871540080943,2042.0508284171078,8700.093,36.966
2026-07-26 14:34:10.595,0 days 02:25:00.253000,,,0 days 00:00:37.126000,11215.0,269.0,7,100.0,True,0,car,2252.771666666666,0.47649434112962824,OnTrack,440.3468151156086,10572.137983754623,2042.646577833961,8700.253,37.126
2026-07-26 14:34:10.683,0 days 02:25:00.341000,,,0 days 00:00:37.214000,11215.0,269.0,7,100.0,True,0,pos,2259.3472465839877,0.4778851729953741,OnTrack,440.0,10571.0,2043.0,8700.341,37.214
2026-07-26 14:34:10.903,0 days 02:25:00.561000,,,0 days 00:00:37.434000,11215.0,269.0,7,100.0,True,0,pos,2275.786211892309,0.4813622559413931,OnTrack,440.0,10571.0,2044.0,8700.561,37.434
2026-07-26 14:34:10.995,0 days 02:25:00.653000,,,0 days 00:00:37.526000,11215.0,269.0,7,100.0,False,0,car,2282.660555555555,0.48281628073360106,OnTrack,440.01279947209275,10571.041953354037,2044.8831300784168,8700.653,37.526
2026-07-26 14:34:11.103,0 days 02:25:00.761000,,,0 days 00:00:37.634000,11215.0,269.0,7,100.0,False,0,pos,2290.7303587653314,0.4845231628026469,OnTrack,440.0,10571.0,2046.0,8700.761,37.634
2026-07-26 14:34:11.155,0 days 02:25:00.813000,,,0 days 00:00:37.686000,11215.0,269.0,7,100.0,False,0,car,2294.6161111111105,0.4853450565751901,OnTrack,439.99884209473606,10570.996321955097,2046.4110184057015,8700.813,37.686
2026-07-26 14:34:11.223,0 days 02:25:00.881000,,,0 days 00:00:37.754000,11215.0,269.0,7,100.0,False,0,pos,2299.6979624910678,0.4864199428856143,OnTrack,440.0,10571.0,2047.0,8700.881,37.754
2026-07-26 14:34:11.355,0 days 02:25:01.013000,,,0 days 00:00:37.886000,11215.0,269.0,7,100.0,False,0,car,2309.5605555555553,0.4885060263771766,OnTrack,440.001369596131,10571.001815729413,2049.028622164786,8701.013,37.886
2026-07-26 14:34:11.543,0 days 02:25:01.201000,,,0 days 00:00:38.074000,11215.0,269.0,7,100.0,False,0,pos,2323.605492505138,0.4914767371140979,OnTrack,440.0,10571.0,2053.0,8701.201,38.074
2026-07-26 14:34:11.555,0 days 02:25:01.213000,,,0 days 00:00:38.086000,11215.0,269.0,7,100.0,False,0,car,2324.5049999999997,0.491666996179163,OnTrack,439.99972121840045,10571.000142655756,2053.247397058092,8701.213,38.086
2026-07-26 14:34:11.762,0 days 02:25:01.420000,,,0 days 00:00:38.293000,11081.391033018182,270.41136232727274,7,52.954589090909096,False,0,pos,2340.104427762461,0.49496650458636504,OnTrack,440.0,10571.0,2058.0,8701.42,38.293
2026-07-26 14:34:11.995,0 days 02:25:01.653000,,,0 days 00:00:38.526000,10931.0,272.0,7,0.0,True,0,car,2357.7494444444446,0.49869868513644433,OnTrack,440.02394951454477,10570.980508707798,2067.2036191173584,8701.653,38.526
2026-07-26 14:34:12.042,0 days 02:25:01.700000,,,0 days 00:00:38.573000,10931.0,272.0,7,0.0,True,0,pos,2361.305312033974,0.4994508034311156,OnTrack,440.0,10571.0,2069.0,8701.7,38.573
2026-07-26 14:34:12.315,0 days 02:25:01.973000,,,0 days 00:00:38.846000,10931.0,272.0,7,0.0,True,0,car,2381.927222222222,0.5038126407417397,OnTrack,439.6717097979973,10571.267390955984,2077.0928646114417,8701.973,38.846
2026-07-26 14:34:12.442,0 days 02:25:02.100000,,,0 days 00:00:38.973000,10931.0,272.0,7,0.0,True,0,pos,2391.4950360189096,0.5058363740825665,OnTrack,440.0,10571.0,2080.0,8702.1,38.973
2026-07-26 14:34:12.515,0 days 02:25:02.173000,,,0 days 00:00:39.046000,10931.0,272.0,7,0.0,True,0,car,2397.0383333333334,0.5070088629950494,OnTrack,440.4355900679408,10570.6452041511,2081.517170759585,8702.173,39.046
2026-07-26 14:34:12.682,0 days 02:25:02.340000,,,0 days 00:00:39.213000,11110.5247936,272.0,7,0.0,True,0,pos,2409.768607201811,0.5097015031543316,OnTrack,440.0,10571.0,2085.0,8702.34,39.213
2026-07-26 14:34:12.715,0 days 02:25:02.373000,,,0 days 00:00:39.246000,11146.0,272.0,7,0.0,True,0,car,2412.1494444444447,0.5102050852483592,OnTrack,439.1224775569316,10571.714760630728,2085.8046261066743,8702.373,39.246
2026-07-26 14:34:13.043,0 days 02:25:02.701000,,,0 days 00:00:39.574000,11146.0,231.11356615863775,7,0.0,True,0,pos,2432.885770889794,0.5145911232801876,OnTrack,440.0,10571.0,2096.0,8702.701,39.574
2026-07-26 14:34:13.076,0 days 02:25:02.734000,,,0 days 00:00:39.607000,11146.0,227.0,6,0.0,True,0,car,2434.9125,0.5150198062960055,OnTrack,445.9897720924919,10566.121202165747,2097.2218406679413,8702.734,39.607
2026-07-26 14:34:13.283,0 days 02:25:02.941000,,,0 days 00:00:39.814000,11146.0,227.0,6,0.0,True,0,pos,2447.8729315326377,0.5177611281864027,OnTrack,440.0,10571.0,2105.0,8702.941,39.814
2026-07-26 14:34:13.436,0 days 02:25:03.094000,,,0 days 00:00:39.967000,11146.0,227.0,6,0.0,True,0,car,2457.6124999999997,0.5198211901662346,OnTrack,272.66679349503687,10707.29648635169,2109.509067508993,8703.094,39.967
2026-07-26 14:34:13.503,0 days 02:25:03.161000,,,0 days 00:00:40.034000,11146.0,227.0,6,0.0,True,0,pos,2461.8962965381547,0.5207272761398751,OnTrack,440.0,10571.0,2112.0,8703.161,40.034
2026-07-26 14:34:13.596,0 days 02:25:03.254000,,,0 days 00:00:40.127000,11146.0,227.0,6,0.0,True,0,car,2467.7013888888887,0.5219551385530031,OnTrack,1089.757904619538,10041.75824798738,2116.5275143273307,8703.254,40.127
2026-07-26 14:34:13.703,0 days 02:25:03.361000,,,0 days 00:00:40.234000,10941.3623776,217.3031192,6,0.0,True,0,pos,2473.877484406793,0.5232614735926798,OnTrack,1955.0,9337.0,2122.0,8703.361,40.234
2026-07-26 14:34:13.916,0 days 02:25:03.574000,,,0 days 00:00:40.447000,10534.0,198.0,6,0.0,True,0,car,2485.3013888888886,0.5256777974127402,OnTrack,2304.255294273944,9052.524070539115,2129.114932352526,8703.574,40.447
2026-07-26 14:34:14.076,0 days 02:25:03.734000,,,0 days 00:00:40.607000,10534.0,198.0,5,0.0,True,0,car,2494.1013888888883,0.5275391268426087,OnTrack,2003.9633836536916,9297.118273645008,2132.8302989767462,8703.734,40.607
2026-07-26 14:34:14.123,0 days 02:25:03.781000,,,0 days 00:00:40.654000,10534.0,198.0,5,0.0,True,0,pos,2496.684827152814,0.5280855620324828,OnTrack,1955.0,9337.0,2134.0,8703.781,40.654
2026-07-26 14:34:14.423,0 days 02:25:04.081000,,,0 days 00:00:40.954000,10534.0,198.0,5,0.0,True,0,pos,2513.140238451349,0.5315661235473188,OnTrack,1955.0,9337.0,2142.0,8704.081,40.954
2026-07-26 14:34:14.476,0 days 02:25:04.134000,,,0 days 00:00:41.007000,10534.0,198.0,5,0.0,True,0,car,2516.1013888888883,0.5321924504172801,OnTrack,1960.1336547335277,9332.818528096823,2143.3647948506764,8704.134,41.007
2026-07-26 14:34:14.636,0 days 02:25:04.294000,,,0 days 00:00:41.167000,10534.0,198.0,5,0.0,True,0,car,2524.9013888888885,0.5340537798471487,OnTrack,1956.3823889853309,9335.874014531179,2147.542809749141,8704.294,41.167
2026-07-26 14:34:14.683,0 days 02:25:04.341000,,,0 days 00:00:41.214000,10534.0,189.9708224,5,0.0,True,0,pos,2527.182953492217,0.5345363643178672,OnTrack,1955.0,9337.0,2149.0,8704.341,41.214
2026-07-26 14:34:14.876,0 days 02:25:04.534000,,,0 days 00:00:41.407000,10534.0,157.0,5,0.0,True,0,car,2535.3680555555547,0.5362676337902499,OnTrack,1954.5998570608945,9337.325924902212,2156.030803427363,8704.534,41.407
2026-07-26 14:34:14.943,0 days 02:25:04.601000,,,0 days 00:00:41.474000,10534.0,157.0,5,0.0,True,0,pos,2538.2245678505146,0.5368718281540443,OnTrack,1955.0,9337.0,2158.0,8704.601,41.474
2026-07-26 14:34:15.316,0 days 02:25:04.974000,,,0 days 00:00:41.847000,10534.0,157.0,4,0.0,True,0,car,2554.556944444444,0.540326366019269,OnTrack,1955.0081881950964,9336.99333066001,2161.9459541754045,8704.974,41.847
2026-07-26 14:34:15.323,0 days 02:25:04.981000,,,0 days 00:00:41.854000,10536.20132574006,156.89336138283446,4,0.0,True,0,pos,2554.8555192322647,0.5403895189783131,OnTrack,1955.0,9337.0,2162.0,8704.981,41.854
2026-07-26 14:34:16.235,0 days 02:25:05.893000,,,0 days 00:00:42.766000,10823.0,143.0,3,0.0,True,0,car,2591.061666666666,0.5480476516785189,OnTrack,1954.9949106546103,9337.004134157309,2171.9396724516455,8705.893,42.766
2026-07-26 14:34:16.303,0 days 02:25:05.961000,,,0 days 00:00:42.834000,10823.0,143.0,3,0.0,True,0,pos,2593.750550964571,0.5486163902554736,OnTrack,1955.0,9337.0,2172.0,8705.961,42.834
2026-07-26 14:34:16.403,0 days 02:25:06.061000,,,0 days 00:00:42.934000,10823.0,143.0,3,0.0,True,0,pos,2597.7268737198387,0.5494574410017277,OnTrack,1955.0,9337.0,2172.0,8706.061,42.934
2026-07-26 14:34:16.435,0 days 02:25:06.093000,,,0 days 00:00:42.966000,10823.0,143.0,3,0.0,True,0,car,2599.0061111111104,0.5497280185249279,OnTrack,1954.9997298146131,9337.00019235819,2172.2033903897864,8706.093,42.966
2026-07-26 14:34:16.715,0 days 02:25:06.373000,,,0 days 00:00:43.246000,10823.0,143.0,3,0.0,True,0,car,2610.1283333333326,0.5520805321099007,OnTrack,1955.0000151011216,9336.999806327472,2174.777626446802,8706.373,43.246
2026-07-26 14:34:16.743,0 days 02:25:06.401000,,,0 days 00:00:43.274000,10823.0,141.88,3,0.0,True,0,pos,2611.1816213993,0.5523033180275501,OnTrack,1955.0,9337.0,2174.0,8706.401,43.274
2026-07-26 14:34:16.943,0 days 02:25:06.601000,,,0 days 00:00:43.474000,10823.0,133.88,3,0.0,True,0,pos,2618.2885845060196,0.5538065452534053,OnTrack,1955.0,9337.0,2174.0,8706.601,43.474
2026-07-26 14:34:17.115,0 days 02:25:06.773000,,,0 days 00:00:43.646000,10823.0,127.0,2,0.0,True,0,car,2624.2394444444435,0.5550652396552708,OnTrack,1955.0041729739446,9336.983670965803,2236.890471190456,8706.773,43.646
2026-07-26 14:34:17.263,0 days 02:25:06.921000,,,0 days 00:00:43.794000,10823.0,127.0,2,0.0,True,0,pos,2629.4518397633883,0.5561677379288231,OnTrack,1955.0,9337.0,2292.0,8706.921,43.794
2026-07-26 14:34:17.355,0 days 02:25:07.013000,,,0 days 00:00:43.886000,10823.0,127.0,2,0.0,True,0,car,2632.70611111111,0.5568560641824928,OnTrack,1954.9891120671903,9337.042520363013,2304.7019342802814,8707.013,43.886
2026-07-26 14:34:17.583,0 days 02:25:07.241000,,,0 days 00:00:44.114000,10823.0,127.0,2,0.0,True,0,pos,2640.7519401756877,0.558557875367219,OnTrack,1955.0,9337.0,2294.0,8707.241,44.114
2026-07-26 14:34:17.715,0 days 02:25:07.373000,,,0 days 00:00:44.246000,10823.0,127.0,2,0.0,True,0,car,2645.40611111111,0.5595423009733258,OnTrack,1955.1027979673881,9336.598619041912,2292.2920070759405,8707.373,44.246
2026-07-26 14:34:17.943,0 days 02:25:07.601000,,,0 days 00:00:44.474000,10823.0,127.0,2,0.0,True,0,pos,2653.4484319838584,0.5612433701238818,OnTrack,1955.0,9337.0,2296.0,8707.601,44.474
2026-07-26 14:34:18.123,0 days 02:25:07.781000,,,0 days 00:00:44.654000,10823.0,127.0,2,0.0,True,0,pos,2659.79925505215,0.5625866626103476,OnTrack,1955.0,9337.0,2297.0,8707.781,44.654
2026-07-26 14:34:18.200,0 days 02:25:07.858000,,,0 days 00:00:44.731000,10823.0,127.0,2,0.0,True,0,car,2662.515833333332,0.5631612588720869,OnTrack,1956.6485395206432,9330.563202485826,2297.611102632398,8707.858,44.731
2026-07-26 14:34:18.342,0 days 02:25:08,,,0 days 00:00:44.873000,10823.0,127.0,2,0.0,True,0,pos,2667.5253767413333,0.5642208509829411,OnTrack,1955.0,9337.0,2299.0,8708.0,44.873
2026-07-26 14:34:18.515,0 days 02:25:08.173000,,,0 days 00:00:45.046000,10823.0,127.0,2,0.0,True,0,car,2673.6283333333317,0.5655117160640658,OnTrack,1927.293870680013,9445.179841302494,2300.267829187076,8708.173,45.046
2026-07-26 14:34:18.622,0 days 02:25:08.280000,,,0 days 00:00:45.153000,10816.312496,127.0,2,0.0,True,0,pos,2677.4030393969924,0.5663101219146788,OnTrack,1955.0,9337.0,2301.0,8708.28,45.153
2026-07-26 14:34:18.835,0 days 02:25:08.493000,,,0 days 00:00:45.366000,10803.0,127.0,2,0.0,True,0,car,2684.9172222222205,0.5678994821003618,OnTrack,2206.2038529700762,8356.163137721662,2302.6593121262295,8708.493,45.366
2026-07-26 14:34:18.996,0 days 02:25:08.654000,,,0 days 00:00:45.527000,10803.0,127.0,2,0.0,True,0,car,2690.5969444444427,0.5691008268873732,OnTrack,2382.8114062965565,7666.590918142527,2303.836885296592,8708.654,45.527
2026-07-26 14:34:19.022,0 days 02:25:08.680000,,,0 days 00:00:45.553000,10803.0,127.0,2,0.0,True,0,pos,2691.514169526418,0.569294833482702,OnTrack,2395.0,7619.0,2304.0,8708.68,45.553
2026-07-26 14:34:19.182,0 days 02:25:08.840000,,,0 days 00:00:45.713000,10803.0,127.0,2,0.0,True,0,pos,2697.158611321312,0.5704887159404312,OnTrack,2395.0,7619.0,2305.0,8708.84,45.713
2026-07-26 14:34:19.196,0 days 02:25:08.854000,,,0 days 00:00:45.727000,10803.0,127.0,2,0.0,True,0,car,2697.652499999998,0.5705931806600582,OnTrack,2394.133795796639,7622.382133686355,2305.1213760145347,8708.854,45.727
2026-07-26 14:34:19.362,0 days 02:25:09.020000,,,0 days 00:00:45.893000,10803.0,127.0,2,0.0,True,0,pos,2703.5086977059195,0.5718318526074628,OnTrack,2395.0,7619.0,2307.0,8709.02,45.893
2026-07-26 14:34:19.436,0 days 02:25:09.094000,,,0 days 00:00:45.967000,10803.0,127.0,2,0.0,True,0,car,2706.1191666666646,0.5723840051872803,OnTrack,2395.568770638258,7616.779209125175,2307.9069012979157,8709.094,45.967
2026-07-26 14:34:19.603,0 days 02:25:09.261000,,,0 days 00:00:46.134000,10803.0,127.0,2,0.0,True,0,pos,2712.0102594412347,0.5736300579549384,OnTrack,2395.0,7619.0,2310.0,8709.261,46.134
2026-07-26 14:34:19.636,0 days 02:25:09.294000,,,0 days 00:00:46.167000,10803.0,127.0,2,0.0,True,0,car,2713.17472222222,0.5738763589599652,OnTrack,2394.9378040035417,7619.242847242985,2310.420431169707,8709.294,46.167
2026-07-26 14:34:19.843,0 days 02:25:09.501000,,,0 days 00:00:46.374000,10296.712343466666,127.0,2,0.0,True,0,pos,2720.479217919817,0.5754213672340885,OnTrack,2395.0,7619.0,2313.0,8709.501,46.374
2026-07-26 14:34:19.876,0 days 02:25:09.534000,,,0 days 00:00:46.407000,10216.0,127.0,2,0.0,False,0,car,2721.641388888887,0.5756671834871873,OnTrack,2395.0127723524515,7618.950128907055,2313.3687839987274,8709.534,46.407
2026-07-26 14:34:20.156,0 days 02:25:09.814000,,,0 days 00:00:46.687000,10216.0,127.0,2,0.0,False,0,car,2731.5191666666647,0.5777564787689463,OnTrack,2395.000469122978,7618.998167283457,2316.861675026954,8709.814,46.687
2026-07-26 14:34:20.163,0 days 02:25:09.821000,,,0 days 00:00:46.694000,10216.0,127.0,2,0.0,False,0,pos,2731.7695514909346,0.5778094388419243,OnTrack,2395.0,7619.0,2317.0,8709.821,46.694
2026-07-26 14:34:20.383,0 days 02:25:10.041000,,,0 days 00:00:46.914000,10216.0,127.0,2,0.0,False,0,pos,2739.689083058166,0.5794845362483858,OnTrack,2395.0,7619.0,2322.0,8710.041,46.914
2026-07-26 14:34:20.476,0 days 02:25:10.134000,,,0 days 00:00:47.007000,10216.0,127.0,2,0.0,False,0,car,2742.8080555555534,0.5801442448052424,OnTrack,2395.0006690398654,7618.997278939231,2323.0728769447082,8710.134,47.007
2026-07-26 14:34:20.703,0 days 02:25:10.361000,,,0 days 00:00:47.234000,9988.189221485714,110.78570971428572,2,0.0,False,0,pos,2749.5836812681478,0.5815773892989496,OnTrack,2395.0,7619.0,2324.0,8710.361,47.234
2026-07-26 14:34:20.756,0 days 02:25:10.414000,,,0 days 00:00:47.287000,9935.0,107.0,2,0.0,False,0,car,2751.1302777777755,0.5819045172079842,OnTrack,2395.000042136559,7619.000176037273,2324.531859180422,8710.414,47.287
2026-07-26 14:34:20.943,0 days 02:25:10.601000,,,0 days 00:00:47.474000,9935.0,107.0,2,1.5583338666666666,False,0,pos,2756.6831025482484,0.5830790213175505,OnTrack,2395.0,7619.0,2327.0,8710.601,47.474
2026-07-26 14:34:20.996,0 days 02:25:10.654000,,,0 days 00:00:47.527000,9935.0,107.0,2,2.0,False,0,car,2758.2636111111087,0.58341332212462,OnTrack,2394.999402884901,7619.000476152186,2327.556696559437,8710.654,47.527
2026-07-26 14:34:21.243,0 days 02:25:10.901000,,,0 days 00:00:47.774000,9935.0,107.0,2,2.0,False,0,pos,2765.606091081417,0.5849663646310922,OnTrack,2395.0,7619.0,2330.0,8710.901,47.774
2026-07-26 14:34:21.276,0 days 02:25:10.934000,,,0 days 00:00:47.807000,9935.0,107.0,2,2.0,False,0,car,2766.585833333331,0.5851735945273618,OnTrack,2395.002186300565,7618.998100908683,2330.536155132083,8710.934,47.807
2026-07-26 14:34:21.403,0 days 02:25:11.061000,,,0 days 00:00:47.934000,9935.0,107.0,2,2.0,False,0,pos,2770.3577780674373,0.5859714163161608,OnTrack,2395.0,7619.0,2333.0,8711.061,47.934
2026-07-26 14:34:21.436,0 days 02:25:11.094000,,,0 days 00:00:47.967000,9935.0,107.0,2,2.0,False,0,car,2771.3413888888863,0.5861794644717858,OnTrack,2394.9890069550693,7619.009563916316,2333.657348488586,8711.094,47.967
2026-07-26 14:34:21.636,0 days 02:25:11.294000,,,0 days 00:00:48.167000,9935.0,107.0,2,2.0,False,0,car,2777.2858333333306,0.5874368019023156,OnTrack,2394.927383675362,7619.0631809521665,2337.3887092683167,8711.294,48.167
2026-07-26 14:34:21.683,0 days 02:25:11.341000,,,0 days 00:00:48.214000,9954.2406512,105.9718736,2,4.6437536,False,0,pos,2778.6360353771015,0.5877223894932633,OnTrack,2395.0,7619.0,2338.0,8711.341,48.214
2026-07-26 14:34:21.956,0 days 02:25:11.614000,,,0 days 00:00:48.487000,10066.0,100.0,2,20.0,True,0,car,2786.1747222222193,0.5893169326395566,OnTrack,2395.6368871751056,7618.445863899122,2339.496799716013,8711.614,48.487
2026-07-26 14:34:22.023,0 days 02:25:11.681000,,,0 days 00:00:48.554000,10066.0,100.0,2,20.0,True,0,pos,2788.0261636422683,0.5897085397307856,OnTrack,2395.0,7619.0,2340.0,8711.681,48.554
2026-07-26 14:34:22.263,0 days 02:25:11.921000,,,0 days 00:00:48.794000,10066.0,100.0,2,20.0,True,0,pos,2794.7020567525474,0.5911205893122423,OnTrack,2395.0,7619.0,2343.0,8711.921,48.794
2026-07-26 14:34:22.275,0 days 02:25:11.933000,,,0 days 00:00:48.806000,10066.0,100.0,2,20.0,True,0,car,2795.03583333333,0.5911911879682437,OnTrack,2395.8495820702483,7618.260804464909,2343.1475195527455,8711.933,48.806
2026-07-26 14:34:22.563,0 days 02:25:12.221000,,,0 days 00:00:49.094000,10066.0,100.0,2,20.0,True,0,pos,2803.036016135025,0.5928833442970077,OnTrack,2395.0,7619.0,2346.0,8712.221,49.094
2026-07-26 14:34:22.595,0 days 02:25:12.253000,,,0 days 00:00:49.126000,10066.0,100.0,2,20.0,True,0,car,2803.924722222219,0.5930713187054846,OnTrack,2379.1472135814056,7632.793027625733,2346.2361038258214,8712.253,49.126
2026-07-26 14:34:22.795,0 days 02:25:12.453000,,,0 days 00:00:49.326000,10066.0,100.0,2,20.0,True,0,car,2809.4802777777745,0.5942464004162602,OnTrack,2339.150708477334,7667.592771046152,2347.6840834281,8712.453,49.326
2026-07-26 14:34:22.823,0 days 02:25:12.481000,,,0 days 00:00:49.354000,10066.0,100.0,2,31.76,True,0,pos,2810.2580736356485,0.594410915679975,OnTrack,2395.0,7619.0,2348.0,8712.481,49.354
2026-07-26 14:34:22.995,0 days 02:25:12.653000,,,0 days 00:00:49.526000,10066.0,100.0,2,104.0,True,0,car,2815.03583333333,0.5954214821270358,OnTrack,3164.239386071782,6949.708190774489,2350.7683148372585,8712.653,49.526
2026-07-26 14:34:23.123,0 days 02:25:12.781000,,,0 days 00:00:49.654000,10322.0,100.0,2,56.457142857142856,True,0,pos,2818.591381578948,0.5961735328757728,OnTrack,3688.0,6494.0,2353.0,8712.781,49.654
2026-07-26 14:34:23.275,0 days 02:25:12.933000,,,0 days 00:00:49.806000,10626.0,100.0,2,0.0,False,0,car,2822.813611111108,0.5970665965221217,OnTrack,3795.148762008011,6400.773118894617,2355.1790275007083,8712.933,49.806
2026-07-26 14:34:23.423,0 days 02:25:13.081000,,,0 days 00:00:49.954000,10937.2625,100.0,2,0.0,False,0,pos,2826.924723777372,0.5979361573170332,OnTrack,3688.0,6494.0,2357.0,8713.081,49.954
2026-07-26 14:34:23.595,0 days 02:25:13.253000,,,0 days 00:00:50.126000,11299.0,100.0,3,0.0,False,0,car,2831.7024999999967,0.5989467272593626,OnTrack,3683.88838283378,6497.57739315591,2359.133532152978,8713.253,50.126
2026-07-26 14:34:23.643,0 days 02:25:13.301000,,,0 days 00:00:50.174000,11299.0,100.0,3,0.0,False,0,pos,2833.035833063726,0.5992287468129235,OnTrack,3688.0,6494.0,2360.0,8713.301,50.174
2026-07-26 14:34:23.883,0 days 02:25:13.541000,,,0 days 00:00:50.414000,11299.0,100.0,3,0.0,False,0,pos,2839.7024994919966,0.60063884481543,OnTrack,3688.0,6494.0,2366.0,8713.541,50.414
2026-07-26 14:34:23.995,0 days 02:25:13.653000,,,0 days 00:00:50.526000,11299.0,100.0,3,0.0,False,0,car,2842.813611111108,0.601296890680914,OnTrack,3686.825390122443,6495.021993362594,2368.0084560677537,8713.653,50.526
2026-07-26 14:34:24.275,0 days 02:25:13.933000,,,0 days 00:00:50.806000,11299.0,100.0,3,0.0,False,0,car,2850.591388888886,0.6029420050759998,OnTrack,3687.6980862469836,6494.262690070736,2369.8832573708405,8713.933,50.806
2026-07-26 14:34:24.403,0 days 02:25:14.061000,,,0 days 00:00:50.934000,11299.0,100.0,3,0.0,False,0,pos,2854.146941528111,0.6036940567540494,OnTrack,3688.0,6494.0,2370.0,8714.061,50.934
2026-07-26 14:34:24.435,0 days 02:25:14.093000,,,0 days 00:00:50.966000,11299.0,100.0,3,0.0,False,0,car,2855.03583333333,0.6038820704446203,OnTrack,3688.0107033780537,6493.99068558744,2369.978506710774,8714.093,50.966
2026-07-26 14:34:24.483,0 days 02:25:14.141000,,,0 days 00:00:51.014000,11299.0,100.0,3,0.0,False,0,pos,2856.369175255953,0.6041640918719675,OnTrack,3688.0,6494.0,2370.0,8714.141,51.014
2026-07-26 14:34:24.755,0 days 02:25:14.413000,,,0 days 00:00:51.286000,11299.0,100.0,3,0.0,False,0,car,2863.924722222219,0.6057622011818612,OnTrack,3687.9997631885676,6494.000222397024,2372.931506992934,8714.413,51.286
2026-07-26 14:34:24.763,0 days 02:25:14.421000,,,0 days 00:00:51.294000,11299.0,100.0,3,0.0,False,0,pos,2864.1469354827627,0.6058092025547654,OnTrack,3688.0,6494.0,2373.0,8714.421,51.294
2026-07-26 14:34:24.962,0 days 02:25:14.620000,,,0 days 00:00:51.493000,11299.0,100.0,3,0.0,False,0,pos,2869.67456822627,0.6069783781801058,OnTrack,3688.0,6494.0,2374.0,8714.62,51.493
2026-07-26 14:34:24.995,0 days 02:25:14.653000,,,0 days 00:00:51.526000,11299.0,100.0,3,0.0,False,0,car,2870.5913888888854,0.6071722992347919,OnTrack,3687.999822181621,6494.000595044304,2374.208921796211,8714.653,51.526
2026-07-26 14:34:25.195,0 days 02:25:14.853000,,,0 days 00:00:51.726000,11299.0,100.0,3,0.0,False,0,car,2876.146944444441,0.6083473809455675,OnTrack,3687.999852055183,6494.001788078378,2375.83636905897,8714.853,51.726
2026-07-26 14:34:25.222,0 days 02:25:14.880000,,,0 days 00:00:51.753000,11337.6679488,100.0,3,5.0142976,False,0,pos,2876.8959888935906,0.6085058148634631,OnTrack,3688.0,6494.0,2376.0,8714.88,51.753
2026-07-26 14:34:25.422,0 days 02:25:15.080000,,,0 days 00:00:51.953000,11624.096520228572,100.0,3,42.157154742857145,False,0,pos,2882.444506225685,0.609679407886459,OnTrack,3688.0,6494.0,2377.0,8715.08,51.953
2026-07-26 14:34:25.475,0 days 02:25:15.133000,,,0 days 00:00:52.006000,11700.0,100.0,3,52.0,False,0,car,2883.924722222219,0.6099924953406534,OnTrack,3687.997992595467,6494.028979857021,2377.580698017123,8715.133,52.006
2026-07-26 14:34:25.582,0 days 02:25:15.240000,,,0 days 00:00:52.113000,11700.0,100.0,3,52.0,False,0,pos,2886.931138075312,0.6106283965117654,OnTrack,3688.0,6494.0,2379.0,8715.24,52.113
2026-07-26 14:34:25.822,0 days 02:25:15.480000,,,0 days 00:00:52.353000,11700.0,100.0,3,52.0,False,0,pos,2893.5806212301477,0.6120348599992099,OnTrack,3688.0,6494.0,2381.0,8715.48,52.353
2026-07-26 14:34:25.835,0 days 02:25:15.493000,,,0 days 00:00:52.366000,11700.0,100.0,3,52.0,False,0,car,2893.924722222219,0.6121076424200494,OnTrack,3687.985391365437,6494.211244627747,2381.0774691635484,8715.493,52.366
2026-07-26 14:34:26.116,0 days 02:25:15.774000,,,0 days 00:00:52.647000,11700.0,100.0,3,52.0,False,0,car,2901.7302777777745,0.6137586322236892,OnTrack,3687.6252280246754,6499.419320914989,2382.4600011354237,8715.774,52.647
2026-07-26 14:34:26.183,0 days 02:25:15.841000,,,0 days 00:00:52.714000,11700.0,113.67917973333333,3,52.0,False,0,pos,2904.235898292122,0.614288607814989,OnTrack,3688.0,6494.0,2383.0,8715.841,52.714
2026-07-26 14:34:26.356,0 days 02:25:16.014000,,,0 days 00:00:52.887000,11700.0,149.0,3,52.0,False,0,car,2911.663611111108,0.6158596783225561,OnTrack,3688.766128522616,6482.921538327117,2384.8034438855416,8716.014,52.887
2026-07-26 14:34:26.383,0 days 02:25:16.041000,,,0 days 00:00:52.914000,11700.0,149.5785728,3,52.0,False,0,pos,2912.8321873247587,0.6161068493790917,OnTrack,3688.0,6494.0,2385.0,8716.041,52.914
2026-07-26 14:34:26.636,0 days 02:25:16.294000,,,0 days 00:00:53.167000,11700.0,155.0,4,52.0,False,0,car,2923.7191666666636,0.6184096056349392,OnTrack,3666.0212606405835,6811.819550720401,2384.9246031654534,8716.294,53.167
2026-07-26 14:34:26.803,0 days 02:25:16.461000,,,0 days 00:00:53.334000,11700.0,155.0,4,52.0,False,0,pos,2930.9062798777068,0.6199297857867019,OnTrack,3688.0,6494.0,2385.0,8716.461,53.334
2026-07-26 14:34:26.876,0 days 02:25:16.534000,,,0 days 00:00:53.407000,11700.0,155.0,4,52.0,False,0,car,2934.0524999999966,0.6205952576169818,OnTrack,3716.207176536129,6086.115269700523,2385.4395436645536,8716.534,53.407
2026-07-26 14:34:27.036,0 days 02:25:16.694000,,,0 days 00:00:53.567000,11700.0,155.0,4,52.0,False,0,car,2940.9413888888857,0.6220523589383435,OnTrack,3798.3143703768133,4898.81917821498,2386.8131296345477,8716.694,53.567
2026-07-26 14:34:27.083,0 days 02:25:16.741000,,,0 days 00:00:53.614000,11667.0999552,155.0,4,52.0,False,0,pos,2942.9456736671873,0.6224762946478539,OnTrack,3814.0,4672.0,2387.0,8716.741,53.614
2026-07-26 14:34:27.236,0 days 02:25:16.894000,,,0 days 00:00:53.767000,11560.0,155.0,4,52.0,False,0,car,2949.552499999997,0.6238737355900458,OnTrack,3829.2844862227553,4450.9815198056785,2386.7088345374586,8716.894,53.767
2026-07-26 14:34:27.423,0 days 02:25:17.081000,,,0 days 00:00:53.954000,11200.804043733333,166.687504,4,71.47917333333334,False,0,pos,2958.3564434179934,0.6257358991108201,OnTrack,3814.0,4672.0,2386.0,8717.081,53.954
2026-07-26 14:34:27.476,0 days 02:25:17.134000,,,0 days 00:00:54.007000,11099.0,170.0,4,77.0,False,0,car,2960.88583333333,0.6262709022800279,OnTrack,3812.4506050741666,4694.4046768189355,2386.088136799746,8717.134,54.007
2026-07-26 14:34:27.676,0 days 02:25:17.334000,,,0 days 00:00:54.207000,11099.0,170.0,4,77.0,False,0,car,2970.330277777775,0.6282685411883465,OnTrack,3813.9592723212363,4672.5888998081755,2386.984681501406,8717.334,54.207
2026-07-26 14:34:27.683,0 days 02:25:17.341000,,,0 days 00:00:54.214000,11099.0,170.0,4,77.0,False,0,pos,2970.6596610516654,0.6283382105953237,OnTrack,3814.0,4672.0,2387.0,8717.341,54.214
2026-07-26 14:34:27.843,0 days 02:25:17.501000,,,0 days 00:00:54.374000,11099.0,170.0,4,77.0,False,0,pos,2978.1801880019557,0.6299289126567662,OnTrack,3814.0,4672.0,2387.0,8717.501,54.374
2026-07-26 14:34:28.103,0 days 02:25:17.761000,,,0 days 00:00:54.634000,11099.0,170.0,4,77.0,False,0,pos,2990.484618992871,0.632531480784173,OnTrack,3814.0,4672.0,2387.0,8717.761,54.634
2026-07-26 14:34:28.116,0 days 02:25:17.774000,,,0 days 00:00:54.647000,11099.0,170.0,4,77.0,False,0,car,2991.1080555555527,0.6326633467866474,OnTrack,3814.0023388638515,4671.968782866002,2387.0450544661303,8717.774,54.647
2026-07-26 14:34:28.316,0 days 02:25:17.974000,,,0 days 00:00:54.847000,11799.0,174.0,4,99.0,False,0,car,3000.7747222222197,0.634707988963397,OnTrack,3814.000671666955,4671.997067833984,2387.992149932768,8717.974,54.847
2026-07-26 14:34:28.323,0 days 02:25:17.981000,,,0 days 00:00:54.854000,11802.4125312,174.0,4,99.0,False,0,pos,3001.113497870626,0.6347796449957267,OnTrack,3814.0,4672.0,2388.0,8717.981,54.854
2026-07-26 14:34:28.383,0 days 02:25:18.041000,,,0 days 00:00:54.914000,11831.6625312,174.0,4,99.0,False,0,pos,3004.0157663548503,0.6353935174665297,OnTrack,3814.0,4672.0,2388.0,8718.041,54.914
2026-07-26 14:34:28.556,0 days 02:25:18.214000,,,0 days 00:00:55.087000,11916.0,174.0,4,99.0,False,0,car,3012.3747222222196,0.6371615595754965,OnTrack,3814.2077511054276,4671.510089829329,2388.659250822761,8718.214,55.087
2026-07-26 14:34:28.643,0 days 02:25:18.301000,,,0 days 00:00:55.174000,11916.0,174.0,4,99.0,False,0,pos,3016.578435206428,0.6380507066996132,OnTrack,3814.0,4672.0,2389.0,8718.301,55.174
2026-07-26 14:34:28.716,0 days 02:25:18.374000,,,0 days 00:00:55.247000,11916.0,174.0,5,99.0,False,0,car,3020.1080555555527,0.6387972733168961,OnTrack,3813.517018834228,4673.1369593964455,2389.14593251352,8718.374,55.247
2026-07-26 14:34:28.963,0 days 02:25:18.621000,,,0 days 00:00:55.494000,11916.0,174.0,5,99.0,False,0,pos,3032.0636630529493,0.6413260601449483,OnTrack,3814.0,4672.0,2389.0,8718.621,55.494
2026-07-26 14:34:29.035,0 days 02:25:18.693000,,,0 days 00:00:55.566000,11916.0,174.0,5,99.0,False,0,car,3035.5263888888862,0.6420584775888116,OnTrack,3816.9448436991765,4665.070231124354,2388.9316396104955,8718.693,55.566
2026-07-26 14:34:29.223,0 days 02:25:18.881000,,,0 days 00:00:55.754000,11784.4,174.0,5,99.0,False,0,pos,3044.5942876264335,0.6439764715419098,OnTrack,3814.0,4672.0,2389.0,8718.881,55.754
2026-07-26 14:34:29.235,0 days 02:25:18.893000,,,0 days 00:00:55.766000,11776.0,174.0,5,99.0,False,0,car,3045.1930555555527,0.6441031197655611,OnTrack,3811.896454785051,4676.949997002811,2389.0361662933356,8718.893,55.766
2026-07-26 14:34:29.443,0 days 02:25:19.101000,,,0 days 00:00:55.974000,11313.777777777777,183.82222222222222,5,99.57777777777778,False,0,pos,3056.105785900923,0.6464113227373859,OnTrack,3814.0,4672.0,2390.0,8719.101,55.974
2026-07-26 14:34:29.595,0 days 02:25:19.253000,,,0 days 00:00:56.126000,10976.0,191.0,5,100.0,False,0,car,3064.2930555555527,0.6481430506872077,OnTrack,4079.442953637026,4047.368210345581,2390.204026521127,8719.253,56.126
2026-07-26 14:34:29.823,0 days 02:25:19.481000,,,0 days 00:00:56.354000,10976.0,191.0,5,100.0,False,0,pos,3076.3943544964513,0.6507026533983818,OnTrack,4570.0,2893.0,2390.0,8719.481,56.354
2026-07-26 14:34:29.915,0 days 02:25:19.573000,,,0 days 00:00:56.446000,10976.0,191.0,5,100.0,False,0,car,3081.2708333333303,0.651734100395338,OnTrack,4616.298116487208,2784.0464969965346,2390.012803204862,8719.573,56.446
2026-07-26 14:34:30.083,0 days 02:25:19.741000,,,0 days 00:00:56.614000,10976.0,191.0,5,100.0,False,0,pos,3090.2106495724433,0.6536250030161876,OnTrack,4570.0,2893.0,2390.0,8719.741,56.614
2026-07-26 14:34:30.195,0 days 02:25:19.853000,,,0 days 00:00:56.726000,10976.0,191.0,5,100.0,False,0,car,3096.126388888886,0.654876268889952,OnTrack,4557.256713113546,2923.0299629765673,2389.758731983793,8719.853,56.726
2026-07-26 14:34:30.355,0 days 02:25:20.013000,,,0 days 00:00:56.886000,11676.0,191.0,5,100.0,False,0,car,3104.615277777775,0.6566717937440172,OnTrack,4565.9168054152,2902.7168282984667,2389.1895395086203,8720.013,56.886
2026-07-26 14:34:30.463,0 days 02:25:20.121000,,,0 days 00:00:56.994000,11721.0,201.8,5,100.0,False,0,pos,3110.911080275977,0.6580034485706697,OnTrack,4570.0,2893.0,2389.0,8720.121,56.994
2026-07-26 14:34:30.583,0 days 02:25:20.241000,,,0 days 00:00:57.114000,11771.0,213.8,5,100.0,False,0,pos,3118.22392009517,0.6595502217492355,OnTrack,4570.0,2893.0,2389.0,8720.241,57.114
2026-07-26 14:34:30.595,0 days 02:25:20.253000,,,0 days 00:00:57.126000,11776.0,215.0,6,100.0,False,0,car,3118.948611111108,0.6597035045578181,OnTrack,4569.982968042898,2893.130079932329,2389.001195466512,8720.253,57.126
2026-07-26 14:34:30.743,0 days 02:25:20.401000,,,0 days 00:00:57.274000,11776.0,215.0,6,100.0,False,0,pos,3127.7942209334183,0.6615744811359319,OnTrack,4570.0,2893.0,2389.0,8720.401,57.274
2026-07-26 14:34:30.795,0 days 02:25:20.453000,,,0 days 00:00:57.326000,11776.0,215.0,6,100.0,False,0,car,3130.893055555553,0.6622299302359858,OnTrack,4569.341566369278,2891.2084137135553,2389.015380354518,8720.453,57.326
2026-07-26 14:34:30.995,0 days 02:25:20.653000,,,0 days 00:00:57.526000,11776.0,215.0,6,100.0,False,0,car,3142.837499999998,0.6647563559141534,OnTrack,4566.29915905628,2883.693775640983,2389.0899006689297,8720.653,57.526
2026-07-26 14:34:31.063,0 days 02:25:20.721000,,,0 days 00:00:57.594000,11776.0,215.0,6,100.0,False,0,pos,3146.8841560955457,0.6656122831963354,OnTrack,4570.0,2893.0,2389.0,8720.721,57.594
2026-07-26 14:34:31.155,0 days 02:25:20.813000,,,0 days 00:00:57.686000,11776.0,215.0,6,100.0,False,0,car,3152.393055555553,0.6667774964566874,OnTrack,4580.239136668769,2918.628942980829,2388.750734964895,8720.813,57.686
2026-07-26 14:34:31.343,0 days 02:25:21.001000,,,0 days 00:00:57.874000,11266.31111111111,219.7,6,100.0,False,0,pos,3164.0086120655405,0.6692343574994535,OnTrack,4570.0,2893.0,2388.0,8721.001,57.874
2026-07-26 14:34:31.515,0 days 02:25:21.173000,,,0 days 00:00:58.046000,10800.0,224.0,6,100.0,False,0,car,3174.793055555553,0.6715154259145347,OnTrack,4430.462373617738,2544.1347264978167,2387.43299371444,8721.173,58.046
2026-07-26 14:34:31.682,0 days 02:25:21.340000,,,0 days 00:00:58.213000,10800.0,224.0,6,100.0,False,0,pos,3185.187425802167,0.6737139881014635,OnTrack,4243.0,2138.0,2389.0,8721.34,58.213
2026-07-26 14:34:31.755,0 days 02:25:21.413000,,,0 days 00:00:58.286000,10800.0,224.0,6,100.0,False,0,car,3189.7263888888865,0.6746740455530995,OnTrack,4166.596854737524,2012.477096556311,2390.9376574021285,8721.413,58.286
2026-07-26 14:34:32.035,0 days 02:25:21.693000,,,0 days 00:00:58.566000,10800.0,224.0,6,100.0,False,0,car,3207.148611111109,0.6783591017980919,OnTrack,3942.5904698009795,1802.4301606924143,2394.9718476620355,8721.693,58.566
2026-07-26 14:34:32.102,0 days 02:25:21.760000,,,0 days 00:00:58.633000,10800.0,224.0,6,100.0,False,0,pos,3211.302727328086,0.6792377584764729,OnTrack,3931.0,1801.0,2388.0,8721.76,58.633
2026-07-26 14:34:32.235,0 days 02:25:21.893000,,,0 days 00:00:58.766000,10800.0,224.0,6,100.0,False,0,car,3219.5930555555533,0.6809912848302293,OnTrack,3965.5522855601444,1848.5007680134622,2362.449546476844,8721.893,58.766
2026-07-26 14:34:32.435,0 days 02:25:22.093000,,,0 days 00:00:58.966000,11030.0,230.0,6,100.0,False,0,car,3232.370833333331,0.6836939727650132,OnTrack,4055.2946114608417,1938.0575678475668,2308.117536555029,8722.093,58.966
2026-07-26 14:34:32.543,0 days 02:25:22.201000,,,0 days 00:00:59.074000,11030.0,230.0,6,100.0,False,0,pos,3239.2723560342647,0.6851537463234398,OnTrack,3931.0,1801.0,2295.0,8722.201,59.074
2026-07-26 14:34:32.596,0 days 02:25:22.254000,,,0 days 00:00:59.127000,11030.0,230.0,6,100.0,False,0,car,3242.656944444442,0.6858696365525142,OnTrack,3816.924411677465,1677.2915455425739,2293.8414984262076,8722.254,59.127
2026-07-26 14:34:32.643,0 days 02:25:22.301000,,,0 days 00:00:59.174000,11030.0,230.0,6,100.0,False,0,pos,3245.6595294060035,0.6865047274337227,OnTrack,3727.0,1580.0,2294.0,8722.301,59.174
2026-07-26 14:34:32.843,0 days 02:25:22.501000,,,0 days 00:00:59.374000,11030.0,230.0,6,100.0,False,0,pos,3258.444944082013,0.6892090306848055,OnTrack,3727.0,1580.0,2292.0,8722.501,59.374
2026-07-26 14:34:32.956,0 days 02:25:22.614000,,,0 days 00:00:59.487000,11030.0,230.0,6,100.0,False,0,car,3265.656944444442,0.6907344748351252,OnTrack,3739.207415099325,1593.2075175688149,2291.326642249039,8722.614,59.487
2026-07-26 14:34:33.103,0 days 02:25:22.761000,,,0 days 00:00:59.634000,11030.0,230.0,6,100.0,False,0,pos,3275.0420823761024,0.6927195695437133,OnTrack,3727.0,1580.0,2291.0,8722.761,59.634
2026-07-26 14:34:33.116,0 days 02:25:22.774000,,,0 days 00:00:59.647000,11030.0,230.0,6,100.0,False,0,car,3275.8791666666643,0.6928966251829524,OnTrack,3726.376884832327,1579.3258357711352,2290.9616659084695,8722.774,59.647
2026-07-26 14:34:33.403,0 days 02:25:23.061000,,,0 days 00:00:59.934000,11410.2750848,235.3812512,6,100.0,False,0,pos,3294.6872395652013,0.6968748092289934,OnTrack,3727.0,1580.0,2290.0,8723.061,59.934
2026-07-26 14:34:33.436,0 days 02:25:23.094000,,,0 days 00:00:59.967000,11454.0,236.0,6,100.0,True,0,car,3296.856944444442,0.697333733722841,OnTrack,3727.2390146848784,1580.2585930877847,2289.953615118884,8723.094,59.967
2026-07-26 14:34:33.663,0 days 02:25:23.321000,,,0 days 00:01:00.194000,11454.0,236.0,6,100.0,True,0,pos,3311.738382759647,0.7004813768018029,OnTrack,3727.0,1580.0,2290.0,8723.321,60.194
2026-07-26 14:34:33.676,0 days 02:25:23.334000,,,0 days 00:01:00.207000,11454.0,236.0,6,100.0,True,0,car,3312.5902777777756,0.7006615651277576,OnTrack,3726.946066068425,1579.9416536174176,2290.005920117402,8723.334,60.207
2026-07-26 14:34:33.836,0 days 02:25:23.494000,,,0 days 00:01:00.367000,11454.0,236.0,6,100.0,True,0,car,3323.079166666664,0.7028801193977019,OnTrack,3726.2591923211203,1579.1986185144974,2290.0535016086924,8723.494,60.367
2026-07-26 14:34:33.923,0 days 02:25:23.581000,,,0 days 00:01:00.454000,11454.0,236.0,6,100.0,True,0,pos,3328.782579321595,0.7040864750596687,OnTrack,3727.0,1580.0,2290.0,8723.581,60.454
2026-07-26 14:34:33.996,0 days 02:25:23.654000,,,0 days 00:01:00.527000,11454.0,236.0,6,100.0,True,0,car,3333.568055555553,0.7050986736676462,OnTrack,3728.590498038752,1581.7205395240583,2289.8927969141573,8723.654,60.527
2026-07-26 14:34:34.083,0 days 02:25:23.741000,,,0 days 00:01:00.614000,11454.0,236.0,6,100.0,True,0,pos,3339.271401752554,0.7063050152727833,OnTrack,3727.0,1580.0,2290.0,8723.741,60.614
2026-07-26 14:34:34.203,0 days 02:25:23.861000,,,0 days 00:01:00.734000,11454.0,236.0,6,100.0,True,0,pos,3347.138106882917,0.7079689391108791,OnTrack,3727.0,1580.0,2291.0,8723.861,60.734
2026-07-26 14:34:34.236,0 days 02:25:23.894000,,,0 days 00:01:00.767000,11454.0,236.0,6,100.0,True,0,car,3349.301388888887,0.7084265050725629,OnTrack,3744.1610371158663,1598.5641408132572,2291.252679768858,8723.894,60.767
2026-07-26 14:34:34.556,0 days 02:25:24.214000,,,0 days 00:01:01.087000,11454.0,236.0,6,100.0,False,0,car,3370.2791666666644,0.7128636136124515,OnTrack,3907.434395094127,1775.1868928143688,2293.2338625610723,8724.214,61.087
2026-07-26 14:34:34.603,0 days 02:25:24.261000,,,0 days 00:01:01.134000,11454.0,236.0,6,100.0,False,0,pos,3373.3610552160167,0.7135154783688702,OnTrack,3727.0,1580.0,2294.0,8724.261,61.134
2026-07-26 14:34:34.783,0 days 02:25:24.441000,,,0 days 00:01:01.314000,11454.0,236.0,6,100.0,False,0,pos,3385.1664842972245,0.7160125002530838,OnTrack,2614.0,376.0,2298.0,8724.441,61.314
2026-07-26 14:34:34.996,0 days 02:25:24.654000,,,0 days 00:01:01.527000,11454.0,236.0,6,100.0,False,0,car,3399.123611111109,0.7189646378547985,OnTrack,2341.744430810908,81.48454150786476,2300.55928132457,8724.654,61.527
2026-07-26 14:34:35.196,0 days 02:25:24.854000,,,0 days 00:01:01.727000,11454.0,236.0,6,100.0,False,0,car,3412.2347222222197,0.7217378306922289,OnTrack,2609.907983239869,371.5734158318338,2301.9373512069365,8724.854,61.727
2026-07-26 14:34:35.203,0 days 02:25:24.861000,,,0 days 00:01:01.734000,11455.711126755556,236.0777784888889,6,100.0,False,0,pos,3412.69659033013,0.7218355225901801,OnTrack,2614.0,376.0,2302.0,8724.861,61.734
2026-07-26 14:34:35.423,0 days 02:25:25.081000,,,0 days 00:01:01.954000,11509.488904533333,238.52222293333332,6,100.0,False,0,pos,3427.3449097816847,0.7249338576007817,OnTrack,2614.0,376.0,2306.0,8725.081,61.954
2026-07-26 14:34:35.543,0 days 02:25:25.201000,,,0 days 00:01:02.074000,11538.822237866667,239.85555626666667,6,100.0,False,0,pos,3435.366689116259,0.7266305819138902,OnTrack,2614.0,376.0,2312.0,8725.201,62.074
2026-07-26 14:34:35.556,0 days 02:25:25.214000,,,0 days 00:01:02.087000,11542.0,240.0,6,100.0,False,0,car,3436.23472222222,0.7268141836827796,OnTrack,2614.2127684768147,376.23016464158155,2312.542714586753,8725.214,62.087
2026-07-26 14:34:35.795,0 days 02:25:25.453000,,,0 days 00:01:02.326000,11542.0,240.0,6,100.0,False,0,car,3452.168055555553,0.730184318029284,OnTrack,2614.3175633227193,376.3435276194402,2316.4923644951805,8725.453,62.326
2026-07-26 14:34:35.883,0 days 02:25:25.541000,,,0 days 00:01:02.414000,11542.0,240.0,6,100.0,False,0,pos,3458.0334770319805,0.7314249409398133,OnTrack,2614.0,376.0,2318.0,8725.541,62.414
2026-07-26 14:34:36.035,0 days 02:25:25.693000,,,0 days 00:01:02.566000,11542.0,240.0,6,100.0,False,0,car,3468.168055555553,0.7335685533563178,OnTrack,2613.9728414380506,375.97062092697917,2322.5118317807887,8725.693,62.566
2026-07-26 14:34:36.083,0 days 02:25:25.741000,,,0 days 00:01:02.614000,11542.0,240.0,6,100.0,False,0,pos,3471.3695943614325,0.7342457259018006,OnTrack,2614.0,376.0,2324.0,8725.741,62.614
2026-07-26 14:34:36.235,0 days 02:25:25.893000,,,0 days 00:01:02.766000,11542.0,240.0,6,100.0,False,0,car,3481.501388888886,0.7363887494621791,OnTrack,2614.02210221874,376.0239093156112,2328.147761071456,8725.893,62.766
2026-07-26 14:34:36.403,0 days 02:25:26.061000,,,0 days 00:01:02.934000,11584.0,239.3,6,99.3,False,0,pos,3492.6573728710564,0.7387484041559469,OnTrack,2614.0,376.0,2333.0,8726.061,62.934
2026-07-26 14:34:36.475,0 days 02:25:26.133000,,,0 days 00:01:03.006000,11602.0,239.0,6,99.0,False,0,car,3497.4347222222195,0.7397588838086836,OnTrack,2613.998999975263,375.99891821851804,2335.6118132153915,8726.133,63.006
2026-07-26 14:34:36.543,0 days 02:25:26.201000,,,0 days 00:01:03.074000,11602.0,239.0,6,99.0,False,0,pos,3501.9481134106773,0.7407135324277274,OnTrack,2614.0,376.0,2338.0,8726.201,63.074
2026-07-26 14:34:36.715,0 days 02:25:26.373000,,,0 days 00:01:03.246000,11602.0,239.0,6,99.0,False,0,car,3513.368055555553,0.7431290181551881,OnTrack,2614.000055444445,376.00005993384843,2342.380425641954,8726.373,63.246
2026-07-26 14:34:36.743,0 days 02:25:26.401000,,,0 days 00:01:03.274000,11602.0,239.0,6,99.0,False,0,pos,3515.227047825011,0.7435222223621245,OnTrack,2614.0,376.0,2343.0,8726.401,63.274
2026-07-26 14:34:36.915,0 days 02:25:26.573000,,,0 days 00:01:03.446000,11602.0,239.0,6,99.0,False,0,car,3526.6458333333303,0.7459374634439417,OnTrack,2613.9999971305006,375.9999969775388,2346.8035315581947,8726.573,63.446
2026-07-26 14:34:36.923,0 days 02:25:26.581000,,,0 days 00:01:03.454000,11602.0,239.0,6,99.0,False,0,pos,3527.17692140239,0.7460497963817591,OnTrack,2614.0,376.0,2347.0,8726.581,63.454
2026-07-26 14:34:37.203,0 days 02:25:26.861000,,,0 days 00:01:03.734000,11602.0,239.0,6,99.0,False,0,pos,3545.765427246909,0.7499815387664962,OnTrack,2614.0,376.0,2355.0,8726.861,63.734
2026-07-26 14:34:37.235,0 days 02:25:26.893000,,,0 days 00:01:03.766000,11602.0,239.0,6,99.0,False,0,car,3547.890277777775,0.7504309759059477,OnTrack,2613.9999962115794,375.9999988973128,2355.917115037289,8726.893,63.766
2026-07-26 14:34:37.383,0 days 02:25:27.041000,,,0 days 00:01:03.914000,11461.77,239.0,6,66.81,False,0,pos,3557.719438669786,0.7525099880013129,OnTrack,2614.0,376.0,2360.0,8727.041,63.914
2026-07-26 14:34:37.503,0 days 02:25:27.161000,,,0 days 00:01:04.034000,11348.07,239.0,6,40.71,False,0,pos,3565.6892317496654,0.7541957164569426,OnTrack,2614.0,376.0,2363.0,8727.161,64.034
2026-07-26 14:34:37.635,0 days 02:25:27.293000,,,0 days 00:01:04.166000,11223.0,239.0,6,12.0,True,0,car,3574.4458333333305,0.7560478664834551,OnTrack,2613.9994412387905,376.000012441904,2365.36200361735,8727.293,64.166
2026-07-26 14:34:37.743,0 days 02:25:27.401000,,,0 days 00:01:04.274000,11223.0,239.0,6,12.0,True,0,pos,3581.6014569581034,0.7575613861245747,OnTrack,2614.0,376.0,2367.0,8727.401,64.274
2026-07-26 14:34:37.875,0 days 02:25:27.533000,,,0 days 00:01:04.406000,11223.0,239.0,6,12.0,True,0,car,3590.3791666666643,0.7594180008299597,OnTrack,2614.0022844855603,375.99994894489413,2369.166652029263,8727.533,64.406
2026-07-26 14:34:37.923,0 days 02:25:27.581000,,,0 days 00:01:04.454000,11223.0,239.0,6,12.0,True,0,pos,3593.593621449821,0.7600979052946041,OnTrack,2614.0,376.0,2370.0,8727.581,64.454
2026-07-26 14:34:38.235,0 days 02:25:27.893000,,,0 days 00:01:04.766000,11223.0,239.0,6,12.0,True,0,car,3614.2791666666644,0.7644732023497164,OnTrack,2613.984938493724,376.0003366234133,2375.601531143837,8727.893,64.766
2026-07-26 14:34:38.262,0 days 02:25:27.920000,,,0 days 00:01:04.793000,11155.1623392,236.1312432,6,9.9749952,True,0,pos,3615.9744725400105,0.7648317844763854,OnTrack,2614.0,376.0,2376.0,8727.92,64.793
2026-07-26 14:34:38.395,0 days 02:25:28.053000,,,0 days 00:01:04.926000,10821.0,222.0,6,0.0,True,0,car,3624.1458333333308,0.7665601474680538,OnTrack,2614.1311324564117,375.99706919869334,2377.6453551604045,8728.053,64.926
2026-07-26 14:34:38.595,0 days 02:25:28.253000,,,0 days 00:01:05.126000,11953.0,222.0,6,0.0,True,0,car,3636.4791666666642,0.7691688288659757,OnTrack,2614.2538180249257,375.99432718353296,2379.3326666337584,8728.253,65.126
2026-07-26 14:34:38.682,0 days 02:25:28.340000,,,0 days 00:01:05.213000,11953.0,222.0,6,0.0,True,0,pos,3641.845780770879,0.7703039466808532,OnTrack,2614.0,376.0,2380.0,8728.34,65.213
2026-07-26 14:34:38.795,0 days 02:25:28.453000,,,0 days 00:01:05.326000,11953.0,222.0,5,0.0,True,0,car,3648.812499999997,0.7717775102638974,OnTrack,2613.353290823603,376.01445390869844,2380.8383363272055,8728.453,65.326
2026-07-26 14:34:39.035,0 days 02:25:28.693000,,,0 days 00:01:05.566000,11953.0,222.0,5,0.0,True,0,car,3663.6124999999975,0.7749079279414037,OnTrack,2613.846721432676,376.0034257661901,2382.9197156263062,8728.693,65.566
2026-07-26 14:34:39.042,0 days 02:25:28.700000,,,0 days 00:01:05.573000,11950.857709519194,222.0,5,0.0,True,0,pos,3664.044169619303,0.7749992324148575,OnTrack,2614.0,376.0,2383.0,8728.7,65.573
2026-07-26 14:34:39.303,0 days 02:25:28.961000,,,0 days 00:01:05.834000,11870.97862900581,222.0,5,0.0,True,0,pos,3680.139211570643,0.7784035705124708,OnTrack,2614.0,376.0,2385.0,8728.961,65.834
2026-07-26 14:34:39.316,0 days 02:25:28.974000,,,0 days 00:01:05.847000,11867.0,222.0,5,0.0,True,0,car,3680.9408333333304,0.7785731253054838,OnTrack,2612.421422714342,376.0352811015307,2384.8475945527075,8728.974,65.847
2026-07-26 14:34:39.676,0 days 02:25:29.334000,,,0 days 00:01:06.207000,11867.0,222.0,5,0.0,False,0,car,3703.14083333333,0.7832687518217432,OnTrack,2593.8062840565417,376.45132826182675,2372.623788746979,8729.334,66.207
2026-07-26 14:34:39.703,0 days 02:25:29.361000,,,0 days 00:01:06.234000,11867.0,222.0,5,0.0,False,0,pos,3704.8064384929894,0.7836210518106311,OnTrack,2614.0,376.0,2372.0,8729.361,66.234
2026-07-26 14:34:39.916,0 days 02:25:29.574000,,,0 days 00:01:06.447000,11867.0,222.0,5,0.0,False,0,car,3717.940833333331,0.7863991694992495,OnTrack,2833.912855523755,371.08496172201075,2370.3109242808237,8729.574,66.447
2026-07-26 14:34:40.003,0 days 02:25:29.661000,,,0 days 00:01:06.534000,11867.0,222.0,5,0.0,False,0,pos,3723.2929367275124,0.7875312180855324,OnTrack,2614.0,376.0,2370.0,8729.661,66.534
2026-07-26 14:34:40.196,0 days 02:25:29.854000,,,0 days 00:01:06.727000,11867.0,222.0,5,0.0,False,0,car,3735.2074999999977,0.7900513234563401,OnTrack,1273.0064355944994,405.9711205326901,2368.498778409535,8729.854,66.727
2026-07-26 14:34:40.243,0 days 02:25:29.901000,,,0 days 00:01:06.774000,11839.583296,222.0,5,0.0,False,0,pos,3738.141703989776,0.7906719507562734,OnTrack,1048.0,411.0,2368.0,8729.901,66.774
2026-07-26 14:34:40.436,0 days 02:25:30.094000,,,0 days 00:01:06.967000,11727.0,222.0,5,0.0,False,0,car,3750.0074999999974,0.7931817411338463,OnTrack,1008.6258327527719,411.8800101236609,2365.5733901433537,8730.094,66.967
2026-07-26 14:34:40.483,0 days 02:25:30.141000,,,0 days 00:01:07.014000,11637.93487872,216.82999296,5,10.81001472,False,0,pos,3752.7050394063263,0.7937523103935316,OnTrack,1048.0,411.0,2365.0,8730.141,67.014
2026-07-26 14:34:40.636,0 days 02:25:30.294000,,,0 days 00:01:07.167000,11348.0,200.0,5,46.0,False,0,car,3761.1186111111087,0.7955319045553976,OnTrack,1066.7698394484523,410.58049528691197,2363.3305366145805,8730.294,67.167
2026-07-26 14:34:40.743,0 days 02:25:30.401000,,,0 days 00:01:07.274000,11348.0,200.0,5,46.0,False,0,pos,3767.0566041208485,0.7967878774126003,OnTrack,1048.0,411.0,2362.0,8730.401,67.274
2026-07-26 14:34:40.796,0 days 02:25:30.454000,,,0 days 00:01:07.327000,11348.0,200.0,5,46.0,False,0,car,3770.0074999999974,0.7974120352926385,OnTrack,1044.6649127631683,411.07453898677477,2361.2118317879554,8730.454,67.327
2026-07-26 14:34:40.943,0 days 02:25:30.601000,,,0 days 00:01:07.474000,11348.0,200.0,5,46.0,False,0,pos,3778.1796099509065,0.7991405567421555,OnTrack,1048.0,411.0,2359.0,8730.601,67.474
2026-07-26 14:34:40.996,0 days 02:25:30.654000,,,0 days 00:01:07.527000,11348.0,200.0,5,46.0,False,0,car,3781.1186111111087,0.7997621987141897,OnTrack,1048.7286239617704,410.9837153009821,2358.4547275529094,8730.654,67.527
2026-07-26 14:34:41.203,0 days 02:25:30.861000,,,0 days 00:01:07.734000,11348.0,200.0,5,46.0,False,0,pos,3792.554905589399,0.8021811432006767,OnTrack,1048.0,411.0,2357.0,8730.861,67.734
2026-07-26 14:34:41.356,0 days 02:25:31.014000,,,0 days 00:01:07.887000,11348.0,200.0,5,46.0,True,0,car,3801.1186111111087,0.803992492872982,OnTrack,1047.9312246008574,411.001537125779,2355.11216309774,8731.014,67.887
2026-07-26 14:34:41.443,0 days 02:25:31.101000,,,0 days 00:01:07.974000,11545.49014528,202.61000192,5,66.88001536,True,0,pos,3806.076262844799,0.8050411091314998,OnTrack,1048.0,411.0,2354.0,8731.101,67.974
2026-07-26 14:34:41.556,0 days 02:25:31.214000,,,0 days 00:01:08.087000,11802.0,206.0,5,94.0,True,0,car,3812.5630555555535,0.8064131611971799,OnTrack,1048.0085948367193,410.99980790594816,2352.753908531902,8731.214,68.087
2026-07-26 14:34:41.623,0 days 02:25:31.281000,,,0 days 00:01:08.154000,11802.0,206.0,5,94.0,True,0,pos,3816.402933041028,0.8072253517620439,OnTrack,1048.0,411.0,2352.0,8731.281,68.154
2026-07-26 14:34:41.863,0 days 02:25:31.521000,,,0 days 00:01:08.394000,11802.0,206.0,5,94.0,True,0,pos,3830.1305829897524,0.8101289516316454,OnTrack,1048.0,411.0,2349.0,8731.521,68.394
2026-07-26 14:34:41.876,0 days 02:25:31.534000,,,0 days 00:01:08.407000,11802.0,206.0,5,94.0,True,0,car,3830.874166666664,0.8102862305158961,OnTrack,1048.0001810762158,410.99999595295816,2348.8632120551006,8731.534,68.407
2026-07-26 14:34:42.083,0 days 02:25:31.741000,,,0 days 00:01:08.614000,11802.0,206.0,5,94.0,True,0,pos,3842.7184735874366,0.8127914756349904,OnTrack,1048.0,411.0,2347.0,8731.741,68.614
2026-07-26 14:34:42.196,0 days 02:25:31.854000,,,0 days 00:01:08.727000,11802.0,206.0,5,94.0,True,0,car,3849.185277777776,0.8141592998346127,OnTrack,1047.999828829824,411.0000038256425,2345.7598663073663,8731.854,68.727
2026-07-26 14:34:42.403,0 days 02:25:32.061000,,,0 days 00:01:08.934000,11789.432138971428,206.0,5,98.43571565714285,True,0,pos,3861.030690701885,0.8166647788896797,OnTrack,1048.0,411.0,2343.0,8732.061,68.934
2026-07-26 14:34:42.476,0 days 02:25:32.134000,,,0 days 00:01:09.007000,11785.0,206.0,5,100.0,True,0,car,3865.207499999998,0.8175482354884895,OnTrack,1048.0000169636703,410.9999996208631,2341.9350197307126,8732.134,69.007
2026-07-26 14:34:42.623,0 days 02:25:32.281000,,,0 days 00:01:09.154000,11785.0,206.0,5,100.0,True,0,pos,3873.6187847216884,0.8193273459197946,OnTrack,1048.0,411.0,2340.0,8732.281,69.154
2026-07-26 14:34:42.635,0 days 02:25:32.293000,,,0 days 00:01:09.166000,11785.0,206.0,5,100.0,True,0,car,3874.305833333331,0.8194726668062267,OnTrack,1047.9999989774315,411.00000002285435,2339.8855695383327,8732.293,69.166
2026-07-26 14:34:42.835,0 days 02:25:32.493000,,,0 days 00:01:09.366000,11785.0,206.0,5,100.0,True,0,car,3885.750277777776,0.8218933351304245,OnTrack,1047.9999969672815,411.0000000677812,2338.7431746494353,8732.493,69.366
2026-07-26 14:34:42.963,0 days 02:25:32.621000,,,0 days 00:01:09.494000,11785.0,206.0,5,100.0,True,0,pos,3893.018316321914,0.8234306321803818,OnTrack,1048.0,411.0,2335.0,8732.621,69.494
2026-07-26 14:34:43.155,0 days 02:25:32.813000,,,0 days 00:01:09.686000,11785.0,206.0,5,100.0,True,0,car,3904.0613888888874,0.8257664044491411,OnTrack,1048.0000006981347,410.99999998439677,2321.4803368867097,8732.813,69.686
2026-07-26 14:34:43.323,0 days 02:25:32.981000,,,0 days 00:01:09.854000,11392.49090909091,211.72727272727272,5,100.0,True,0,pos,3914.187698828919,0.8279082679386127,OnTrack,1048.0,411.0,2332.0,8732.981,69.854
2026-07-26 14:34:43.483,0 days 02:25:33.141000,,,0 days 00:01:10.014000,11018.672727272728,217.1818181818182,5,100.0,True,0,pos,3924.134357612948,0.8300121325662918,OnTrack,1048.0,411.0,2373.0,8733.141,70.014
2026-07-26 14:34:43.595,0 days 02:25:33.253000,,,0 days 00:01:10.126000,10757.0,221.0,6,100.0,False,0,car,3931.0724999999984,0.8314796517269321,OnTrack,1048.0000000108198,410.9999999997581,2379.3841873100514,8733.253,70.126
2026-07-26 14:34:43.703,0 days 02:25:33.361000,,,0 days 00:01:10.234000,10757.0,221.0,6,100.0,False,0,pos,3937.7301750253005,0.8328878479154658,OnTrack,1048.0,411.0,2375.0,8733.361,70.234
2026-07-26 14:34:43.915,0 days 02:25:33.573000,,,0 days 00:01:10.446000,10757.0,221.0,6,100.0,False,0,car,3950.7169444444426,0.8356347406562346,OnTrack,1047.9999999978463,411.0000000000495,2372.4460237583157,8733.573,70.446
2026-07-26 14:34:44.043,0 days 02:25:33.701000,,,0 days 00:01:10.574000,10757.0,221.0,6,100.0,False,0,pos,3958.5166479218396,0.8372844926592717,OnTrack,1048.0,411.0,2372.0,8733.701,70.574
2026-07-26 14:34:44.235,0 days 02:25:33.893000,,,0 days 00:01:10.766000,10757.0,221.0,6,100.0,False,0,car,3970.3613888888876,0.8397898295855372,OnTrack,1048.0000000000157,410.99999999999875,2370.111998178917,8733.893,70.766
2026-07-26 14:34:44.243,0 days 02:25:33.901000,,,0 days 00:01:10.774000,10768.266666666666,221.26666666666668,6,100.0,False,0,pos,3970.865748247834,0.8398965090080412,OnTrack,1048.0,411.0,2370.0,8733.901,70.774
2026-07-26 14:34:44.595,0 days 02:25:34.253000,,,0 days 00:01:11.126000,11264.0,233.0,6,100.0,True,0,car,3993.661388888888,0.8447181222805301,OnTrack,1047.9999999999989,411.0000000000069,2364.0730971268013,8734.253,71.126
2026-07-26 14:34:44.603,0 days 02:25:34.261000,,,0 days 00:01:11.134000,11264.0,233.0,6,100.0,True,0,pos,3994.180456430432,0.8448279126999807,OnTrack,1048.0,411.0,2364.0,8734.261,71.134
2026-07-26 14:34:44.755,0 days 02:25:34.413000,,,0 days 00:01:11.286000,11264.0,233.0,6,100.0,True,0,car,4004.016944444443,0.8469084745894159,OnTrack,1047.9999999999732,410.9999999997861,2363.487701197184,8734.413,71.286
2026-07-26 14:34:44.915,0 days 02:25:34.573000,,,0 days 00:01:11.446000,11264.0,233.0,6,100.0,True,0,car,4014.3724999999986,0.8490988268983015,OnTrack,1047.9999999999766,410.9999999998804,2362.526747467612,8734.573,71.446
2026-07-26 14:34:44.942,0 days 02:25:34.600000,,,0 days 00:01:11.473000,11264.0,233.0,6,100.0,True,0,pos,4016.1113969431317,0.8494666291773654,OnTrack,1048.0,411.0,2362.0,8734.6,71.473
2026-07-26 14:34:45.202,0 days 02:25:34.860000,,,0 days 00:01:11.733000,11264.0,233.0,6,100.0,True,0,pos,4032.8209737708594,0.8530009504398766,OnTrack,1048.0,411.0,2358.0,8734.86,71.733
2026-07-26 14:34:45.275,0 days 02:25:34.933000,,,0 days 00:01:11.806000,11264.0,233.0,6,100.0,True,0,car,4037.6724999999988,0.8540271195932945,OnTrack,1047.9999999994532,410.99999999737616,2362.670129875785,8734.933,71.806
2026-07-26 14:34:45.422,0 days 02:25:35.080000,,,0 days 00:01:11.953000,11136.599944533333,242.187504,6,100.0,True,0,pos,4047.7537680665923,0.856159456064061,OnTrack,1048.0,411.0,2374.0,8735.08,71.953
2026-07-26 14:34:45.515,0 days 02:25:35.173000,,,0 days 00:01:12.046000,11056.0,248.0,6,100.0,False,0,car,4054.2058333333325,0.8575241627645628,OnTrack,1048.0000000034572,411.00000001658316,2373.8079879808815,8735.173,72.046
2026-07-26 14:34:45.562,0 days 02:25:35.220000,,,0 days 00:01:12.093000,10981.399183494592,248.0,6,100.0,False,0,pos,4057.458583527546,0.8582121672718924,OnTrack,1048.0,411.0,2373.0,8735.22,72.093
2026-07-26 14:34:45.863,0 days 02:25:35.521000,,,0 days 00:01:12.394000,10503.634251104133,248.0,6,100.0,False,0,pos,4078.182378197387,0.8625955546488843,OnTrack,1048.0,411.0,2371.0,8735.521,72.394
2026-07-26 14:34:45.876,0 days 02:25:35.534000,,,0 days 00:01:12.407000,10483.0,248.0,7,100.0,False,0,car,4079.0747222222208,0.8627842985346786,OnTrack,1048.0000000172063,411.0000000825317,2370.8600483972227,8735.534,72.407
2026-07-26 14:34:46.063,0 days 02:25:35.721000,,,0 days 00:01:12.594000,10483.0,248.0,7,100.0,False,0,pos,4091.8908583390116,0.865495099822336,OnTrack,1048.0,411.0,2368.0,8735.721,72.594
2026-07-26 14:34:46.263,0 days 02:25:35.921000,,,0 days 00:01:12.794000,10483.0,248.0,7,100.0,False,0,pos,4105.680484116736,0.8684118084913077,OnTrack,1048.0,411.0,2366.0,8735.921,72.794
2026-07-26 14:34:46.316,0 days 02:25:35.974000,,,0 days 00:01:12.847000,10483.0,248.0,7,100.0,False,0,car,4109.385833333332,0.8691955443486703,OnTrack,1048.000002588424,411.0000124156598,2366.6647949623894,8735.974,72.847
2026-07-26 14:34:46.523,0 days 02:25:36.181000,,,0 days 00:01:13.054000,10630.200045511112,252.60000142222222,7,100.0,False,0,pos,4124.064588002352,0.8723003168554053,OnTrack,1048.0,411.0,2371.0,8736.181,73.054
2026-07-26 14:34:46.663,0 days 02:25:36.321000,,,0 days 00:01:13.194000,10729.755601066667,255.71111253333333,7,100.0,False,0,pos,4134.059163976363,0.8744143166735288,OnTrack,1048.0,411.0,2369.0,8736.321,73.194
2026-07-26 14:34:46.676,0 days 02:25:36.334000,,,0 days 00:01:13.207000,10739.0,256.0,7,100.0,False,0,car,4134.985833333332,0.8746103208719245,OnTrack,1048.0000157859795,411.00007571918957,2368.7798912557464,8736.334,73.207
2026-07-26 14:34:46.923,0 days 02:25:36.581000,,,0 days 00:01:13.454000,10739.0,256.0,7,100.0,False,0,pos,4152.553171479467,0.8783260712691804,OnTrack,1048.0,411.0,2365.0,8736.581,73.454
2026-07-26 14:34:46.956,0 days 02:25:36.614000,,,0 days 00:01:13.487000,10739.0,256.0,7,100.0,False,0,car,4154.896944444444,0.8788218137233443,OnTrack,1047.9996574197169,410.9983567759293,2364.322601830716,8736.614,73.487
2026-07-26 14:34:47.143,0 days 02:25:36.801000,,,0 days 00:01:13.674000,10739.0,256.0,7,100.0,False,0,pos,4168.170904778836,0.8816294515666753,OnTrack,1048.0,411.0,2360.0,8736.801,73.674
2026-07-26 14:34:47.276,0 days 02:25:36.934000,,,0 days 00:01:13.807000,10739.0,256.0,7,100.0,False,0,car,4177.6525,0.8836349484106814,OnTrack,1048.0117461223963,411.05634157013867,2357.8338079735795,8736.934,73.807
2026-07-26 14:34:47.563,0 days 02:25:37.221000,,,0 days 00:01:14.094000,10968.6000512,258.6906256,7,100.0,False,0,pos,4198.29834295131,0.8880018478526945,OnTrack,1048.0,411.0,2355.0,8737.221,74.094
2026-07-26 14:34:47.596,0 days 02:25:37.254000,,,0 days 00:01:14.127000,10995.0,259.0,7,100.0,True,0,car,4200.674722222222,0.8885044870201354,OnTrack,1047.985320905883,410.92959010787945,2354.6467691484922,8737.254,74.127
2026-07-26 14:34:47.796,0 days 02:25:37.454000,,,0 days 00:01:14.327000,10995.0,259.0,7,100.0,True,0,car,4215.063611111111,0.8915479486510443,OnTrack,1047.9558711383697,410.78833105353584,2352.3256633117767,8737.454,74.327
2026-07-26 14:34:47.823,0 days 02:25:37.481000,,,0 days 00:01:14.354000,10995.0,259.0,7,100.0,True,0,pos,4217.00591142896,0.891958773735505,OnTrack,1048.0,411.0,2352.0,8737.481,74.354
2026-07-26 14:34:47.996,0 days 02:25:37.654000,,,0 days 00:01:14.527000,10995.0,259.0,7,100.0,True,0,car,4229.452499999999,0.894591410281953,OnTrack,1048.5632814922901,413.70184173420483,2349.8391778395526,8737.654,74.527
2026-07-26 14:34:48.103,0 days 02:25:37.761000,,,0 days 00:01:14.634000,10995.0,259.0,7,100.0,True,0,pos,4237.150606189019,0.8962196729642117,OnTrack,1048.0,411.0,2348.0,8737.761,74.634
2026-07-26 14:34:48.196,0 days 02:25:37.854000,,,0 days 00:01:14.727000,10995.0,259.0,7,100.0,True,0,car,4243.841388888888,0.8976348719128618,OnTrack,1046.4300984167783,403.46979410082037,2345.8940310343496,8737.854,74.727
2026-07-26 14:34:48.323,0 days 02:25:37.981000,,,0 days 00:01:14.854000,11015.32001024,259.0,7,100.0,True,0,pos,4252.978309347761,0.8995674649751878,OnTrack,1048.0,411.0,2343.0,8737.981,74.854
2026-07-26 14:34:48.396,0 days 02:25:38.054000,,,0 days 00:01:14.927000,11027.0,259.0,7,100.0,True,0,car,4258.230277777777,0.9006783335437706,OnTrack,1054.4202817108953,441.7955885454704,2341.8258305651,8738.054,74.927
2026-07-26 14:34:48.636,0 days 02:25:38.294000,,,0 days 00:01:15.167000,11094.0,259.0,7,100.0,False,0,car,4275.496944444443,0.9043304875008612,OnTrack,1077.075367556964,550.4632037053885,2339.884082057856,8738.294,75.167
2026-07-26 14:34:48.723,0 days 02:25:38.381000,,,0 days 00:01:15.254000,11094.0,259.0,7,100.0,False,0,pos,4281.755561263233,0.9056542770093936,OnTrack,1048.0,411.0,2339.0,8738.381,75.254
2026-07-26 14:34:48.916,0 days 02:25:38.574000,,,0 days 00:01:15.447000,11094.0,259.0,7,100.0,False,0,car,4295.641388888887,0.9085913337841335,OnTrack,904.8863468943703,-275.46040387937626,2336.167176948275,8738.574,75.447
2026-07-26 14:34:48.983,0 days 02:25:38.641000,,,0 days 00:01:15.514000,11094.0,259.0,7,100.0,False,0,pos,4300.4640546377095,0.909611398521486,OnTrack,871.0,-438.0,2335.0,8738.641,75.514
2026-07-26 14:34:49.156,0 days 02:25:38.814000,,,0 days 00:01:15.687000,11094.0,259.0,7,100.0,False,0,car,4312.908055555554,0.912243487741224,OnTrack,866.9307006028336,-457.51884287185374,2331.778105140264,8738.814,75.687
2026-07-26 14:34:49.203,0 days 02:25:38.861000,,,0 days 00:01:15.734000,11094.0,259.0,7,100.0,False,0,pos,4316.280796932432,0.9129568721485103,OnTrack,871.0,-438.0,2331.0,8738.861,75.734
2026-07-26 14:34:49.315,0 days 02:25:38.973000,,,0 days 00:01:15.846000,11094.0,259.0,7,100.0,False,0,car,4324.347222222221,0.9146630397377966,OnTrack,875.0437229000722,-418.60383761081044,2329.452356843095,8738.973,75.846
2026-07-26 14:34:49.523,0 days 02:25:39.181000,,,0 days 00:01:16.054000,11094.0,264.2,7,100.0,False,0,pos,4339.692549802624,0.9179088022192032,OnTrack,871.0,-438.0,2327.0,8739.181,76.054
2026-07-26 14:34:49.595,0 days 02:25:39.253000,,,0 days 00:01:16.126000,11094.0,266.0,7,100.0,False,0,car,4345.03611111111,0.9190390440287249,OnTrack,870.4434930794447,-440.6693467689098,2325.9505767605774,8739.253,76.126
2026-07-26 14:34:49.823,0 days 02:25:39.481000,,,0 days 00:01:16.354000,11094.0,266.0,7,100.0,False,0,pos,4361.905579976924,0.9226071848089741,OnTrack,871.0,-438.0,2322.0,8739.481,76.354
2026-07-26 14:34:49.983,0 days 02:25:39.641000,,,0 days 00:01:16.514000,11094.0,266.0,7,100.0,False,0,pos,4373.712298076321,0.9251044793394935,OnTrack,871.0,-438.0,2319.0,8739.641,76.514
2026-07-26 14:34:50.035,0 days 02:25:39.693000,,,0 days 00:01:16.566000,11094.0,266.0,7,100.0,False,0,car,4377.547222222221,0.9259156222001839,OnTrack,870.9857373730484,-438.0684125534495,2318.143354399045,8739.693,76.566
2026-07-26 14:34:50.315,0 days 02:25:39.973000,,,0 days 00:01:16.846000,11094.0,266.0,7,100.0,False,0,car,4398.2361111111095,0.9302916264911122,OnTrack,870.9975759346249,-438.0116287528803,2314.572185149557,8739.973,76.846
2026-07-26 14:34:50.363,0 days 02:25:40.021000,,,0 days 00:01:16.894000,11124.514285714286,266.6857142857143,7,95.54285714285714,False,0,pos,4401.8164178773995,0.9310489140311183,OnTrack,871.0,-438.0,2314.0,8740.021,76.894
2026-07-26 14:34:50.523,0 days 02:25:40.181000,,,0 days 00:01:17.054000,11226.228571428572,268.9714285714286,7,80.68571428571428,False,0,pos,4413.827646305613,0.9335894655041077,OnTrack,871.0,-438.0,2312.0,8740.181,77.054
2026-07-26 14:34:50.595,0 days 02:25:40.253000,,,0 days 00:01:17.126000,11272.0,270.0,7,74.0,False,0,car,4419.2361111111095,0.934733435357844,OnTrack,870.9996159552078,-438.0018604047276,2310.9316481261126,8740.253,77.126
2026-07-26 14:34:50.755,0 days 02:25:40.413000,,,0 days 00:01:17.286000,11272.0,270.0,7,74.0,False,0,car,4431.2361111111095,0.9372716118531194,OnTrack,870.9998799103386,-438.0006469730957,2308.2527389886104,8740.413,77.286
2026-07-26 14:34:50.843,0 days 02:25:40.501000,,,0 days 00:01:17.374000,11272.0,270.0,7,74.0,False,0,pos,4437.82905031798,0.9386661154639242,OnTrack,871.0,-438.0,2307.0,8740.501,77.374
2026-07-26 14:34:51.023,0 days 02:25:40.681000,,,0 days 00:01:17.554000,11272.0,270.0,7,74.0,False,0,pos,4451.322282005031,0.9415201324233723,OnTrack,871.0,-438.0,2305.0,8740.681,77.554
2026-07-26 14:34:51.075,0 days 02:25:40.733000,,,0 days 00:01:17.606000,11272.0,270.0,7,74.0,False,0,car,4455.236111111109,0.9423479648436698,OnTrack,871.0001781934665,-437.99959532655896,2304.387381772804,8740.733,77.606
2026-07-26 14:34:51.243,0 days 02:25:40.901000,,,0 days 00:01:17.774000,11272.0,270.0,7,74.0,False,0,pos,4467.9100582081355,0.9450286910623393,OnTrack,871.0,-438.0,2301.0,8740.901,77.774
2026-07-26 14:34:51.315,0 days 02:25:40.973000,,,0 days 00:01:17.846000,11272.0,270.0,7,74.0,False,0,car,4473.2361111111095,0.9461552295865829,OnTrack,870.9982897074825,-438.00403404381063,2297.932381470317,8740.973,77.846
2026-07-26 14:34:51.462,0 days 02:25:41.120000,,,0 days 00:01:17.993000,10759.541443555556,263.46666382222224,7,43.783320177777775,False,0,pos,4483.776571047996,0.9483846918916827,OnTrack,871.0,-438.0,2298.0,8741.12,77.993
2026-07-26 14:34:51.622,0 days 02:25:41.280000,,,0 days 00:01:18.153000,10201.763665777778,256.3555527111111,7,10.894431288888887,False,0,pos,4494.929962731992,0.9507437982762593,OnTrack,871.0,-438.0,2322.0,8741.28,78.153
2026-07-26 14:34:51.675,0 days 02:25:41.333000,,,0 days 00:01:18.206000,10017.0,254.0,7,0.0,True,0,car,4498.636111111109,0.951527703168249,OnTrack,870.9628103951011,-438.0877837940993,2324.69743693185,8741.333,78.206
2026-07-26 14:34:51.782,0 days 02:25:41.440000,,,0 days 00:01:18.313000,10017.0,254.0,7,0.0,True,0,pos,4506.142363726427,0.953115385997899,OnTrack,871.0,-438.0,2322.0,8741.44,78.313
2026-07-26 14:34:51.996,0 days 02:25:41.654000,,,0 days 00:01:18.527000,10017.0,254.0,7,0.0,True,0,car,4521.284444444443,0.956318158778568,OnTrack,871.1104506231549,-437.73928787494833,2314.1446196284987,8741.654,78.527
2026-07-26 14:34:52.002,0 days 02:25:41.660000,,,0 days 00:01:18.533000,10017.0,254.0,7,0.0,True,0,pos,4521.712430910401,0.9564086842109174,OnTrack,871.0,-438.0,2314.0,8741.66,78.533
2026-07-26 14:34:52.162,0 days 02:25:41.820000,,,0 days 00:01:18.693000,10017.0,254.0,7,0.0,True,0,pos,4533.083960564047,0.9588139299844347,OnTrack,871.0,-438.0,2312.0,8741.82,78.693
2026-07-26 14:34:52.196,0 days 02:25:41.854000,,,0 days 00:01:18.727000,10017.0,254.0,7,0.0,True,0,car,4535.395555555554,0.959302866323938,OnTrack,875.2904950122413,-427.872541759254,2311.7060806413574,8741.854,78.727
2026-07-26 14:34:52.363,0 days 02:25:42.021000,,,0 days 00:01:18.894000,9883.3999488,237.8218688,7,0.0,True,0,pos,4545.968890139945,0.9615392821005032,OnTrack,871.0,-438.0,2310.0,8742.021,78.894
2026-07-26 14:34:52.516,0 days 02:25:42.174000,,,0 days 00:01:19.047000,9761.0,223.0,7,0.0,True,0,car,4555.217777777776,0.9634955578679854,OnTrack,668.878099175958,-915.0967229542852,2307.1483550741423,8742.174,79.047
2026-07-26 14:34:52.683,0 days 02:25:42.341000,,,0 days 00:01:19.214000,9761.0,223.0,7,0.0,True,0,pos,4565.536368711704,0.9656780916157233,OnTrack,416.0,-1512.0,2304.0,8742.341,79.214
2026-07-26 14:34:52.796,0 days 02:25:42.454000,,,0 days 00:01:19.327000,9761.0,223.0,7,0.0,True,0,car,4572.562222222221,0.967164162969027,OnTrack,359.2454662112853,-1645.964873738385,2302.8145947832854,8742.454,79.327
2026-07-26 14:34:52.996,0 days 02:25:42.654000,,,0 days 00:01:19.527000,9761.0,223.0,7,0.0,True,0,car,4584.95111111111,0.9697845951840565,OnTrack,408.4221423546831,-1529.8859923188177,2301.561043138386,8742.654,79.527
2026-07-26 14:34:53.043,0 days 02:25:42.701000,,,0 days 00:01:19.574000,9761.0,223.0,7,0.0,True,0,pos,4587.851230754024,0.9703980131433173,OnTrack,416.0,-1512.0,2301.0,8742.701,79.574
2026-07-26 14:34:53.236,0 days 02:25:42.894000,,,0 days 00:01:19.767000,9761.0,223.0,7,0.0,True,0,car,4599.817777777776,0.972929113842092,OnTrack,417.402711661102,-1508.6937064593908,2297.6878902302947,8742.894,79.767
2026-07-26 14:34:53.283,0 days 02:25:42.941000,,,0 days 00:01:19.814000,9761.0,223.0,7,0.0,True,0,pos,4602.7935827043,0.9735585403520111,OnTrack,416.0,-1512.0,2297.0,8742.941,79.814
2026-07-26 14:34:53.476,0 days 02:25:43.134000,,,0 days 00:01:20.007000,9761.0,223.0,7,0.0,True,0,car,4614.684444444443,0.9760736325001276,OnTrack,415.1515310400738,-1513.9514361587867,2295.446809822864,8743.134,80.007
2026-07-26 14:34:53.603,0 days 02:25:43.261000,,,0 days 00:01:20.134000,9761.0,203.24443448888888,7,0.0,True,0,pos,4621.163304282718,0.9774440066466018,OnTrack,416.0,-1512.0,2295.0,8743.261,80.134
2026-07-26 14:34:53.836,0 days 02:25:43.494000,,,0 days 00:01:20.367000,9761.0,167.0,5,0.0,True,0,car,4631.384444444443,0.9796059281227191,OnTrack,416.13633289975087,-1511.9204241735704,2294.3913710457555,8743.494,80.367
2026-07-26 14:34:53.903,0 days 02:25:43.561000,,,0 days 00:01:20.434000,9761.0,167.0,5,0.0,True,0,pos,4634.431397072403,0.980250403417928,OnTrack,416.0,-1512.0,2294.0,8743.561,80.434
2026-07-26 14:34:54.116,0 days 02:25:43.774000,,,0 days 00:01:20.647000,9761.0,167.0,5,0.0,True,0,car,4644.373333333332,0.9823532691625124,OnTrack,415.94065593807625,-1511.961006798786,2292.052206647516,8743.774,80.647
2026-07-26 14:34:54.123,0 days 02:25:43.781000,,,0 days 00:01:20.654000,9761.0,167.0,5,0.0,True,0,pos,4644.699215068205,0.9824221979424869,OnTrack,416.0,-1512.0,2292.0,8743.781,80.654
2026-07-26 14:34:54.276,0 days 02:25:43.934000,,,0 days 00:01:20.807000,9761.0,167.0,5,0.0,True,0,car,4651.7955555555545,0.9839231783281087,OnTrack,417.94135517652455,-1513.3451729503727,2291.2361656919666,8743.934,80.807
2026-07-26 14:34:54.343,0 days 02:25:44.001000,,,0 days 00:01:20.874000,9943.5751744,167.0,5,0.0,True,0,pos,4654.902210829649,0.9845802816110781,OnTrack,416.0,-1512.0,2291.0,8744.001,80.874
2026-07-26 14:34:54.516,0 days 02:25:44.174000,,,0 days 00:01:21.047000,10415.0,167.0,5,0.0,True,0,car,4662.928888888888,0.986278042076503,OnTrack,397.42594031841867,-1499.0798003527323,2290.4362846570607,8744.174,81.047
2026-07-26 14:34:54.743,0 days 02:25:44.401000,,,0 days 00:01:21.274000,10415.0,167.0,5,0.0,True,0,pos,4673.458906551965,0.9885052956871077,OnTrack,416.0,-1512.0,2290.0,8744.401,81.274
2026-07-26 14:34:54.756,0 days 02:25:44.414000,,,0 days 00:01:21.287000,10415.0,167.0,4,0.0,True,0,car,4674.062222222222,0.9886329058248975,OnTrack,421.6318858140729,-1515.9188260934693,2289.994069373562,8744.414,81.287
2026-07-26 14:34:54.863,0 days 02:25:44.521000,,,0 days 00:01:21.394000,10415.0,167.0,4,0.0,True,0,pos,4679.029834402572,0.9896836288643814,OnTrack,416.0,-1512.0,2290.0,8744.521,81.394
2026-07-26 14:34:55.076,0 days 02:25:44.734000,,,0 days 00:01:21.607000,10415.0,167.0,3,0.0,True,0,car,4688.906666666666,0.9917727241560899,OnTrack,-582.7482484062849,-817.0008598320642,2290.0019838539424,8744.734,81.607
2026-07-26 14:34:55.143,0 days 02:25:44.801000,,,0 days 00:01:21.674000,10415.0,167.0,3,0.0,True,0,pos,4692.001002187849,0.9924272216301199,OnTrack,-837.0,-640.0,2290.0,8744.801,81.674
2026-07-26 14:34:55.236,0 days 02:25:44.894000,,,0 days 00:01:21.767000,10415.0,167.0,3,0.0,True,0,car,4696.328888888888,0.9933426333216862,OnTrack,-986.124222544798,-536.0330525685629,2289.9988458026696,8744.894,81.767
2026-07-26 14:34:55.443,0 days 02:25:45.101000,,,0 days 00:01:21.974000,10358.937482666666,167.0,3,0.0,True,0,pos,4706.063962116427,0.9954017444921798,OnTrack,-837.0,-640.0,2290.0,8745.101,81.974
2026-07-26 14:34:55.476,0 days 02:25:45.134000,,,0 days 00:01:22.007000,10350.0,167.0,3,0.0,True,0,car,4707.462222222222,0.9956974970700806,OnTrack,-826.3006172861857,-647.7619822070445,2290.0000641560714,8745.134,82.007
2026-07-26 14:34:55.603,0 days 02:25:45.261000,,,0 days 00:01:22.134000,10967.008644266667,147.9499904,3,0.0,True,0,pos,4712.239651663865,0.9967079936631317,OnTrack,-837.0,-640.0,2290.0,8745.261,82.134
2026-07-26 14:34:55.716,0 days 02:25:45.374000,,,0 days 00:01:22.247000,11516.0,131.0,3,0.0,True,0,car,4716.195555555556,0.99754472551942,OnTrack,-906.7001132615931,-583.1263371923386,2289.9999710772213,8745.374,82.247
2026-07-26 14:34:55.876,0 days 02:25:45.534000,,,0 days 00:01:22.407000,11516.0,131.0,3,0.0,True,0,car,4722.017777777778,0.9987762111523127,OnTrack,-1062.1250368837573,-454.68192350120717,2289.9999992005582,8745.534,82.407
2026-07-26 14:34:55.883,0 days 02:25:45.541000,,,0 days 00:01:22.414000,11516.0,131.0,3,0.0,True,0,pos,4722.273429158706,0.9988302851794841,OnTrack,-1069.0,-449.0,2290.0,8745.541,82.414
2026-07-26 14:34:55.960,0 days 02:25:45.618000,,,0 days 00:01:22.491000,11516.0,131.0,3,0.0,True,0,interpolation,4725.0799051370495,0.9994238961263839,OnTrack,-1144.641171854881,-386.4903897532736,2290.00000578288,8745.618,82.491
