Date,SessionTime,DriverAhead,DistanceToDriverAhead,Time,RPM,Speed,nGear,Throttle,Brake,DRS,Source,Distance,RelativeDistance,Status,X,Y,Z,SessionTime_seconds,Time_seconds
2026-07-26 14:25:45.055,0 days 02:16:34.713000,,294.8011111111111,0 days 00:00:00,9199.0,131.0,3,12.33006592,False,0,interpolation,0.0003623600314213866,8.812922567165117e-08,OnTrack,-1064.215019038386,-452.9536918966498,2257.0763571867005,8194.713,0.0
2026-07-26 14:25:45.233,0 days 02:16:34.891000,,294.8011111111111,0 days 00:00:00.178000,9199.0,131.0,3,104.0,True,0,car,6.47722222222222,0.0015753188250599583,OnTrack,-1059.0563468459275,-457.21615409001913,2258.6493076089228,8194.891,0.178
2026-07-26 14:25:45.262,0 days 02:16:34.920000,,294.8011111111111,0 days 00:00:00.207000,9199.0,131.0,3,104.0,True,0,pos,7.531900466718781,0.001831826080166393,OnTrack,-1069.0,-449.0,2259.0,8194.92,0.207
2026-07-26 14:25:45.473,0 days 02:16:35.131000,16,294.8011111111111,0 days 00:00:00.418000,9199.0,131.0,3,104.0,True,0,car,15.210555555555553,0.0036993442071632733,OnTrack,-1226.1024424079897,-319.1907785065816,2262.2844426235542,8195.131,0.418
2026-07-26 14:25:45.602,0 days 02:16:35.260000,16,297.8111096177778,0 days 00:00:00.547000,9199.0,131.0,3,104.0,True,0,pos,19.927069253905128,0.004846442849567757,OnTrack,-1305.0,-254.0,2264.0,8195.26,0.547
2026-07-26 14:25:45.833,0 days 02:16:35.491000,16,303.2011111111111,0 days 00:00:00.778000,9199.0,131.0,3,104.0,True,0,car,28.310555555555553,0.006885382280318246,OnTrack,-1309.041920317919,-250.6602777438924,2265.5867613006144,8195.491,0.778
2026-07-26 14:25:45.882,0 days 02:16:35.540000,16,304.4805538844444,0 days 00:00:00.827000,9100.75512832,130.02000128,3,86.11502336,True,0,pos,30.051905224958105,0.007308894215081021,OnTrack,-1305.0,-254.0,2266.0,8195.54,0.827
2026-07-26 14:25:46.033,0 days 02:16:35.691000,16,308.4233333333333,0 days 00:00:00.978000,8798.0,127.0,3,31.0,True,0,car,35.36611111111111,0.008601356984689244,OnTrack,-1301.5710924719829,-256.8332072004294,2267.8013763537633,8195.691,0.978
2026-07-26 14:25:46.193,0 days 02:16:35.851000,16,312.8233333333334,0 days 00:00:01.138000,9019.0,127.0,3,41.0,False,0,car,41.010555555555555,0.009974136748186044,OnTrack,-1304.885992908353,-254.0942007160403,2269.900523599734,8195.851,1.138
2026-07-26 14:25:46.202,0 days 02:16:35.860000,16,313.0708316172112,0 days 00:00:01.147000,9019.0,127.0,3,41.0,False,0,pos,41.32828401983556,0.010051411174454834,OnTrack,-1305.0,-254.0,2270.0,8195.86,1.147
2026-07-26 14:25:46.554,0 days 02:16:36.212000,16,322.75083333333333,0 days 00:00:01.499000,9019.0,127.0,3,41.0,False,0,car,53.74583333333334,0.013071471089575699,OnTrack,-1305.0147398317931,-253.98782126839038,2272.916856152635,8196.212,1.499
2026-07-26 14:25:46.563,0 days 02:16:36.221000,16,322.9983386133333,0 days 00:00:01.508000,9019.0,127.0,3,41.0,False,0,pos,54.06237918795543,0.013148457894516564,OnTrack,-1305.0,-254.0,2273.0,8196.221,1.508
2026-07-26 14:25:46.763,0 days 02:16:36.421000,16,328.4983386133334,0 days 00:00:01.708000,9019.0,127.0,3,41.0,False,0,pos,61.082406160397895,0.014855791727247597,OnTrack,-1305.0,-254.0,2275.0,8196.421,1.708
2026-07-26 14:25:46.914,0 days 02:16:36.572000,16,332.65083333333337,0 days 00:00:01.859000,9019.0,127.0,3,41.0,False,0,car,66.44583333333333,0.016160225557443494,OnTrack,-1305.046690225006,-253.9614809975241,2276.1353314295843,8196.572,1.859
2026-07-26 14:25:47.083,0 days 02:16:36.741000,16,337.11056062222224,0 days 00:00:02.028000,9019.0,129.1125024,3,41.0,False,0,pos,72.5743243720552,0.017650729815486012,OnTrack,-1305.0,-254.0,2277.0,8196.741,2.028
2026-07-26 14:25:47.234,0 days 02:16:36.892000,16,341.09527777777777,0 days 00:00:02.179000,9019.0,131.0,3,41.0,False,0,car,78.09027777777776,0.018992259400247912,OnTrack,-1304.8349399464146,-254.1360679930889,2277.537841609349,8196.892,2.179
2026-07-26 14:25:47.323,0 days 02:16:36.981000,16,343.44389395555555,0 days 00:00:02.268000,9019.0,131.0,3,41.0,False,0,pos,81.33046080315063,0.01978030111649436,OnTrack,-1305.0,-254.0,2278.0,8196.981,2.268
2026-07-26 14:25:47.434,0 days 02:16:37.092000,16,346.37305555555554,0 days 00:00:02.379000,9019.0,131.0,3,41.0,False,0,car,85.36805555555554,0.020762280552000675,OnTrack,-1305.70312979537,-253.42038019944025,2278.903553994278,8197.092,2.379
2026-07-26 14:25:47.583,0 days 02:16:37.241000,16,350.30500506666664,0 days 00:00:02.528000,9019.0,131.0,3,41.0,False,0,pos,90.79839020091529,0.022082986882541795,OnTrack,-1305.0,-254.0,2280.0,8197.241,2.528
2026-07-26 14:25:47.754,0 days 02:16:37.412000,16,354.81749999999994,0 days 00:00:02.699000,9019.0,131.0,3,41.0,False,0,car,97.01249999999997,0.023594314394805093,OnTrack,-1297.3380210297535,-260.31608747671226,2279.856059677311,8197.412,2.699
2026-07-26 14:25:47.943,0 days 02:16:37.601000,16,359.80500506666664,0 days 00:00:02.888000,9019.0,131.0,3,41.0,False,0,pos,103.82921146375577,0.025252200063296534,OnTrack,-1305.0,-254.0,2281.0,8197.601,2.888
2026-07-26 14:25:48.034,0 days 02:16:37.692000,16,362.2063888888889,0 days 00:00:02.979000,9019.0,131.0,3,41.0,False,0,car,107.20138888888887,0.02607234400725896,OnTrack,-1324.8813028628083,-237.61101679189392,2283.298133825711,8197.692,2.979
2026-07-26 14:25:48.123,0 days 02:16:37.781000,16,363.68972542222224,0 days 00:00:03.068000,9448.9821776,134.8937584,3,51.5687728,False,0,pos,110.59839668904212,0.026898526922227866,OnTrack,-1305.0,-254.0,2282.0,8197.781,3.068
2026-07-26 14:25:48.194,0 days 02:16:37.852000,16,364.8730555555556,0 days 00:00:03.139000,9792.0,138.0,3,60.0,False,0,car,113.3347222222222,0.02756402595499564,OnTrack,-1226.8955822339692,-318.3847135859644,2275.226435228859,8197.852,3.139
2026-07-26 14:25:48.434,0 days 02:16:38.092000,16,368.87305555555554,0 days 00:00:03.379000,9792.0,138.0,3,60.0,False,0,car,122.5347222222222,0.029801548876600657,OnTrack,-1256.2918376354476,-294.15216005261084,2237.586163943137,8198.092,3.379
2026-07-26 14:25:48.443,0 days 02:16:38.101000,16,369.02305875555555,0 days 00:00:03.388000,9792.0,138.0,3,60.0,False,0,pos,122.87949342760677,0.0298854003412482,OnTrack,-1305.0,-254.0,2237.0,8198.101,3.388
2026-07-26 14:25:48.594,0 days 02:16:38.252000,16,371.53972222222217,0 days 00:00:03.539000,9792.0,138.0,3,60.0,False,0,car,128.66805555555553,0.03129323082433734,OnTrack,-2688.463672538264,886.4449914079937,2238.730574636603,8198.252,3.539
2026-07-26 14:25:48.683,0 days 02:16:38.341000,16,373.0230587555555,0 days 00:00:03.628000,9792.0,138.0,3,60.0,False,0,pos,132.08539009882708,0.03212435738644198,OnTrack,-3434.0,1501.0,2243.0,8198.341,3.628
2026-07-26 14:25:48.754,0 days 02:16:38.412000,16,374.2063888888888,0 days 00:00:03.699000,9792.0,138.0,3,60.0,False,0,car,134.80138888888885,0.032784912772074015,OnTrack,-3777.3849216294634,1784.0310656014224,2245.5153089560868,8198.412,3.699
2026-07-26 14:25:48.954,0 days 02:16:38.612000,16,377.53972222222217,0 days 00:00:03.899000,9792.0,138.0,3,60.0,False,0,car,142.46805555555554,0.03464951520674487,OnTrack,-3748.0520050445416,1759.6894903138366,2248.9656096286185,8198.612,3.899
2026-07-26 14:25:49.043,0 days 02:16:38.701000,16,378.1330568355555,0 days 00:00:03.988000,9792.0,142.07917546666667,3,60.0,False,0,pos,146.08045935839408,0.03552808437097795,OnTrack,-3666.0,1692.0,2250.0,8198.701,3.988
2026-07-26 14:25:49.194,0 days 02:16:38.852000,16,379.1397222222222,0 days 00:00:04.139000,9792.0,149.0,3,60.0,False,0,car,152.40138888888887,0.037065391404709706,OnTrack,-3611.8996470840752,1647.3694590548223,2251.6015788403947,8198.852,4.139
2026-07-26 14:25:49.474,0 days 02:16:39.132000,16,379.7619444444444,0 days 00:00:04.419000,9792.0,149.0,3,60.0,False,0,car,163.99027777777775,0.039883913635668684,OnTrack,-3665.3061178356866,1691.4275758951082,2254.8621307945123,8199.132,4.419
2026-07-26 14:25:49.483,0 days 02:16:39.141000,16,379.78194486467874,0 days 00:00:04.428000,9792.0,149.0,3,60.0,False,0,pos,164.36240676283222,0.03997441875891357,OnTrack,-3666.0,1692.0,2255.0,8199.141,4.428
2026-07-26 14:25:49.662,0 days 02:16:39.320000,16,380.17972265675013,0 days 00:00:04.607000,9792.0,149.0,3,60.0,False,0,pos,171.77126462070143,0.0417763197675979,OnTrack,-3666.0,1692.0,2258.0,8199.32,4.607
2026-07-26 14:25:49.673,0 days 02:16:39.331000,16,380.20416666666654,0 days 00:00:04.618000,9792.0,149.0,3,60.0,False,0,car,172.22666666666666,0.04188707764981454,OnTrack,-3665.8572282684027,1691.8822181799624,2258.1721610243003,8199.331,4.618
2026-07-26 14:25:49.902,0 days 02:16:39.560000,16,380.7130559822221,0 days 00:00:04.847000,9792.0,149.0,3,60.0,False,0,pos,181.70614391595348,0.04419257195743546,OnTrack,-3666.0,1692.0,2261.0,8199.56,4.847
2026-07-26 14:25:50.022,0 days 02:16:39.680000,16,380.9797226488888,0 days 00:00:04.967000,9792.0,149.0,3,60.0,False,0,pos,186.67209669582314,0.04540033643271443,OnTrack,-3666.0,1692.0,2262.0,8199.68,4.967
2026-07-26 14:25:50.073,0 days 02:16:39.731000,16,381.09305555555545,0 days 00:00:05.018000,9792.0,149.0,3,60.0,False,0,car,188.7822222222222,0.04591353797975593,OnTrack,-3666.1702373028984,1692.1402207610017,2262.8023744374814,8199.731,5.018
2026-07-26 14:25:50.182,0 days 02:16:39.840000,16,381.33527820444436,0 days 00:00:05.127000,10391.501056,149.0,3,75.571456,False,0,pos,193.291330436331,0.047010193739002226,OnTrack,-3666.0,1692.0,2265.0,8199.84,5.127
2026-07-26 14:25:50.353,0 days 02:16:40.011000,16,381.7152777777777,0 days 00:00:05.298000,11332.0,149.0,3,100.0,False,0,car,200.3711111111111,0.04873206021071491,OnTrack,-3659.694730917748,1686.806081154659,2267.495069710804,8200.011,5.298
2026-07-26 14:25:50.502,0 days 02:16:40.160000,16,382.0463893155554,0 days 00:00:05.447000,11430.2470016,149.0,3,100.0,False,0,pos,206.55714263432628,0.050236558833211126,OnTrack,-3666.0,1692.0,2269.0,8200.16,5.447
2026-07-26 14:25:50.673,0 days 02:16:40.331000,16,382.4263888888887,0 days 00:00:05.618000,11543.0,149.0,3,100.0,False,0,car,213.61555555555557,0.05195322847466804,OnTrack,-3687.672218771061,1709.852342403906,2270.4522641803073,8200.331,5.618
2026-07-26 14:25:50.722,0 days 02:16:40.380000,16,382.5352776355554,0 days 00:00:05.667000,11543.0,149.0,3,100.0,False,0,pos,215.61648718657185,0.05243987308216406,OnTrack,-3666.0,1692.0,2271.0,8200.38,5.667
2026-07-26 14:25:50.913,0 days 02:16:40.571000,16,382.9597222222221,0 days 00:00:05.858000,11543.0,149.0,3,100.0,False,0,car,223.54888888888888,0.054369104672632874,OnTrack,-3635.9652068196483,1667.2590437799188,2273.865937062707,8200.571,5.858
2026-07-26 14:25:50.922,0 days 02:16:40.580000,16,382.81972321777766,0 days 00:00:05.867000,11555.018664533334,149.46874666666668,3,100.0,False,0,pos,223.9434774466291,0.054465072166387955,OnTrack,-3666.0,1692.0,2274.0,8200.58,5.867
2026-07-26 14:25:51.162,0 days 02:16:40.820000,16,379.0863898844443,0 days 00:00:06.107000,11875.518664533334,161.96874666666668,3,100.0,False,0,pos,235.27898591313573,0.0572219699948506,OnTrack,-5317.0,3052.0,2277.0,8200.82,6.107
2026-07-26 14:25:51.393,0 days 02:16:41.051000,16,375.49305555555543,0 days 00:00:06.338000,12184.0,174.0,3,100.0,False,0,car,246.7488888888889,0.06001155377928901,OnTrack,-5437.100575941871,3150.9320310624353,2278.50636409349,8201.051,6.338
2026-07-26 14:25:51.502,0 days 02:16:41.160000,16,373.7974970133332,0 days 00:00:06.447000,12184.0,174.0,3,100.0,False,0,pos,252.07049832569066,0.06130581715914482,OnTrack,-5317.0,3052.0,2279.0,8201.16,6.447
2026-07-26 14:25:51.722,0 days 02:16:41.380000,16,370.37527877333326,0 days 00:00:06.667000,12184.0,174.0,3,100.0,False,0,pos,262.66899770765195,0.06388346773542254,OnTrack,-5317.0,3052.0,2280.0,8201.38,6.667
2026-07-26 14:25:51.833,0 days 02:16:41.491000,16,368.64861111111105,0 days 00:00:06.778000,12184.0,174.0,3,100.0,False,0,car,268.0155555555555,0.0651837987937238,OnTrack,-5322.826583970914,3056.799608843486,2280.692341713648,8201.491,6.778
2026-07-26 14:25:52.002,0 days 02:16:41.660000,16,366.0197232177777,0 days 00:00:06.947000,11723.944618666666,174.0,3,100.0,False,0,pos,276.1780046475617,0.06716897998283226,OnTrack,-5317.0,3052.0,2282.0,8201.66,6.947
2026-07-26 14:25:52.122,0 days 02:16:41.780000,16,364.153056551111,0 days 00:00:07.067000,11397.277952,174.0,3,100.0,False,0,pos,281.9828639396953,0.06858077408314102,OnTrack,-5317.0,3052.0,2283.0,8201.78,7.067
2026-07-26 14:25:52.193,0 days 02:16:41.851000,16,363.048611111111,0 days 00:00:07.138000,11204.0,174.0,3,100.0,False,0,car,285.41555555555556,0.0694156356237159,OnTrack,-5317.0986360686,3052.0812507894,2283.4351495759015,8201.851,7.138
2026-07-26 14:25:52.322,0 days 02:16:41.980000,16,361.0419454399999,0 days 00:00:07.267000,10894.8032784,174.0,3,100.0,False,0,pos,291.6488003258614,0.07093161693344784,OnTrack,-5317.0,3052.0,2284.0,8201.98,7.267
2026-07-26 14:25:52.513,0 days 02:16:42.171000,16,358.0708333333332,0 days 00:00:07.458000,10437.0,174.0,4,100.0,False,0,car,300.88222222222225,0.07317726836148666,OnTrack,-5316.990429586752,3051.9921164373004,2284.801312529942,8202.171,7.458
2026-07-26 14:25:52.582,0 days 02:16:42.240000,16,356.9974970133332,0 days 00:00:07.527000,10437.0,174.0,4,100.0,False,0,pos,304.2242171941997,0.0739900716608006,OnTrack,-5317.0,3052.0,2285.0,8202.24,7.527
2026-07-26 14:25:52.673,0 days 02:16:42.331000,16,355.5819444444443,0 days 00:00:07.618000,10437.0,174.0,4,100.0,False,0,car,308.6155555555556,0.07505808473037205,OnTrack,-5317.006968516346,3052.0057402678563,2285.148745461458,8202.331,7.618
2026-07-26 14:25:53.003,0 days 02:16:42.661000,16,350.4486083007143,0 days 00:00:07.948000,10667.424066302096,174.0,4,100.0,False,0,pos,324.3842063969686,0.07889316274129028,OnTrack,-5317.0,3052.0,2285.0,8202.661,7.948
2026-07-26 14:25:53.074,0 days 02:16:42.732000,16,349.3441666666665,0 days 00:00:08.019000,10717.0,174.0,4,100.0,False,0,car,327.99722222222226,0.07977188075489103,OnTrack,-5316.999873230686,3051.999895574641,2284.9730455335757,8202.732,8.019
2026-07-26 14:25:53.123,0 days 02:16:42.781000,16,348.30971816888876,0 days 00:00:08.068000,10782.741924266667,178.08334933333333,4,100.0,False,0,pos,330.563786334475,0.08039609227999259,OnTrack,-5317.0,3052.0,2285.0,8202.781,8.068
2026-07-26 14:25:53.314,0 days 02:16:42.972000,16,344.27749999999986,0 days 00:00:08.259000,11039.0,194.0,4,100.0,False,0,car,340.9305555555556,0.08291738399250967,OnTrack,-5317.000030715829,3052.000025301955,2285.649100738041,8202.972,8.259
2026-07-26 14:25:53.383,0 days 02:16:43.041000,16,342.8208292799999,0 days 00:00:08.328000,11039.0,194.0,4,100.0,False,0,pos,344.6667188235647,0.08382605257414327,OnTrack,-5317.0,3052.0,2286.0,8203.041,8.328
2026-07-26 14:25:53.563,0 days 02:16:43.221000,16,339.02082927999993,0 days 00:00:08.508000,11039.0,194.0,4,100.0,False,0,pos,354.35174646123016,0.08618153858888836,OnTrack,-5317.0,3052.0,2287.0,8203.221,8.508
2026-07-26 14:25:53.594,0 days 02:16:43.252000,16,338.3663888888888,0 days 00:00:08.539000,11039.0,194.0,4,100.0,False,0,car,356.01944444444445,0.08658713776973143,OnTrack,-5317.000001657071,3052.000001365001,2287.153067330494,8203.252,8.539
2026-07-26 14:25:53.883,0 days 02:16:43.541000,16,332.2652737244444,0 days 00:00:08.828000,11039.0,194.0,4,100.0,False,0,pos,371.5893743278403,0.0903738850525446,OnTrack,-5317.0,3052.0,2288.0,8203.541,8.828
2026-07-26 14:25:53.943,0 days 02:16:43.601000,16,330.9986070577777,0 days 00:00:08.888000,11039.0,194.0,4,100.0,False,0,pos,374.82439501467496,0.09116067124152925,OnTrack,-5317.0,3052.0,2288.0,8203.601,8.888
2026-07-26 14:25:54.074,0 days 02:16:43.732000,16,328.2330555555555,0 days 00:00:09.019000,11039.0,194.0,4,100.0,False,0,car,381.8861111111111,0.09287814424496872,OnTrack,-5317.000000036406,3052.0000000299992,2288.3792449939137,8203.732,9.019
2026-07-26 14:25:54.203,0 days 02:16:43.861000,16,324.93638398222225,0 days 00:00:09.148000,11039.0,194.0,4,102.58000384,False,0,pos,388.8381748385822,0.09456894880395518,OnTrack,-5317.0,3052.0,2289.0,8203.861,9.148
2026-07-26 14:25:54.274,0 days 02:16:43.932000,16,323.1219444444445,0 days 00:00:09.219000,11039.0,194.0,4,104.0,True,0,car,392.66388888888883,0.09549939694298425,OnTrack,-5316.999999993403,3051.99999999454,2289.3068104809076,8203.932,9.219
2026-07-26 14:25:54.443,0 days 02:16:44.101000,16,318.8030506488889,0 days 00:00:09.388000,11039.0,194.0,4,104.0,True,0,pos,401.76886177977747,0.09771380841515334,OnTrack,-5317.0,3052.0,2290.0,8204.101,9.388
2026-07-26 14:25:54.594,0 days 02:16:44.252000,16,314.94416666666666,0 days 00:00:09.539000,11039.0,194.0,4,104.0,True,0,car,409.9083333333333,0.09969340125980912,OnTrack,-5317.000000000366,3052.0000000006294,2290.6940205351284,8204.252,9.539
2026-07-26 14:25:54.663,0 days 02:16:44.321000,16,313.18082842666666,0 days 00:00:09.608000,11039.0,194.0,4,104.0,True,0,pos,413.630718840812,0.10059871896589977,OnTrack,-5317.0,3052.0,2291.0,8204.321,9.608
2026-07-26 14:25:54.794,0 days 02:16:44.452000,16,309.8330555555556,0 days 00:00:09.739000,11039.0,194.0,4,104.0,True,0,car,420.68611111111113,0.10231465395782467,OnTrack,-5317.000000000415,3051.999999998332,2291.523247067568,8204.452,9.739
2026-07-26 14:25:54.903,0 days 02:16:44.561000,16,307.0474950933334,0 days 00:00:09.848000,11039.0,194.0,4,104.0,True,0,pos,426.5284713222159,0.10373556861963122,OnTrack,-5317.0,3052.0,2292.0,8204.561,9.848
2026-07-26 14:25:54.954,0 days 02:16:44.612000,16,305.74416666666673,0 days 00:00:09.899000,11039.0,194.0,4,104.0,True,0,car,429.3083333333333,0.1044116561162371,OnTrack,-5316.999999999074,3052.000000002674,2292.2622829551738,8204.612,9.899
2026-07-26 14:25:55.263,0 days 02:16:44.921000,16,296.9891612266667,0 days 00:00:10.208000,10357.482909866667,205.15834026666667,4,100.56666453333334,True,0,pos,447.05084319699733,0.10872679443218833,OnTrack,-5317.0,3052.0,2294.0,8204.921,10.208
2026-07-26 14:25:55.314,0 days 02:16:44.972000,16,295.5441666666667,0 days 00:00:10.259000,10245.0,207.0,4,100.0,False,0,car,450.0083333333333,0.1094460826898484,OnTrack,-5317.000000006468,3051.999999982291,2294.1890181313506,8204.972,10.259
2026-07-26 14:25:55.594,0 days 02:16:45.252000,16,287.61083333333335,0 days 00:00:10.539000,10245.0,207.0,4,100.0,False,0,car,466.1083333333333,0.11336174780265718,OnTrack,-5317.000000054445,3051.9999998511917,2294.6899226246674,8205.252,10.539
2026-07-26 14:25:55.723,0 days 02:16:45.381000,16,283.9558278933333,0 days 00:00:10.668000,10245.0,207.0,4,100.0,False,0,pos,473.4968909967352,0.11515871162107699,OnTrack,-5317.0,3052.0,2295.0,8205.381,10.668
2026-07-26 14:25:55.914,0 days 02:16:45.572000,16,278.5441666666667,0 days 00:00:10.859000,10245.0,207.0,4,100.0,False,0,car,484.5083333333333,0.11783679364586722,OnTrack,-5316.9999998589365,3052.000000385498,2295.7300494399333,8205.572,10.859
2026-07-26 14:25:55.983,0 days 02:16:45.641000,16,276.7041615466667,0 days 00:00:10.928000,10245.0,208.2321462857143,4,100.0,False,0,pos,488.5426477278124,0.11881797526875938,OnTrack,-5317.0,3052.0,2296.0,8205.641,10.928
2026-07-26 14:25:56.194,0 days 02:16:45.852000,16,271.0775000000001,0 days 00:00:11.139000,10245.0,212.0,4,100.0,False,0,car,500.99722222222215,0.12184704004159407,OnTrack,-5317.000000863994,3051.999997638892,2296.735105941129,8205.852,11.139
2026-07-26 14:25:56.262,0 days 02:16:45.920000,16,269.30193816729746,0 days 00:00:11.207000,10245.0,212.0,4,100.0,False,0,pos,505.00840557038464,0.12282259598553687,OnTrack,-5317.0,3052.0,2297.0,8205.92,11.207
2026-07-26 14:25:56.473,0 days 02:16:46.131000,16,263.79250000000013,0 days 00:00:11.418000,10245.0,212.0,5,100.0,False,0,car,517.4272222222221,0.12584296412876475,OnTrack,-5316.999996063616,3052.00001075728,2297.8988729789153,8206.131,11.418
2026-07-26 14:25:56.522,0 days 02:16:46.180000,16,262.5130572266668,0 days 00:00:11.467000,10245.0,212.0,5,100.0,False,0,pos,520.3048740416467,0.1265428349881518,OnTrack,-5317.0,3052.0,2298.0,8206.18,11.467
2026-07-26 14:25:56.753,0 days 02:16:46.411000,16,256.481388888889,0 days 00:00:11.698000,10245.0,212.0,5,100.0,False,0,car,533.916111111111,0.12985321052449164,OnTrack,-5317.000005229372,3051.9999857092644,2297.9802725000945,8206.411,11.698
2026-07-26 14:25:56.762,0 days 02:16:46.420000,16,256.23139066666675,0 days 00:00:11.707000,10255.2374272,212.13499904,5,100.0,False,0,pos,534.4526068036088,0.1299836911124597,OnTrack,-5317.0,3052.0,2298.0,8206.42,11.707
2026-07-26 14:25:57.142,0 days 02:16:46.800000,16,245.67582800000002,0 days 00:00:12.087000,10687.4877184,217.83500288,5,100.0,False,0,pos,557.470394548544,0.1355818245563653,OnTrack,-5317.0,3052.0,2300.0,8206.8,12.087
2026-07-26 14:25:57.153,0 days 02:16:46.811000,16,245.3702777777778,0 days 00:00:12.098000,10700.0,218.0,5,100.0,False,0,car,558.1383333333333,0.1357442732891039,OnTrack,-5317.000052484523,3051.9998565712226,2300.004214851004,8206.811,12.098
2026-07-26 14:25:57.202,0 days 02:16:46.860000,16,244.1452793777778,0 days 00:00:12.147000,10700.0,218.0,5,100.0,False,0,pos,561.1119282298528,0.13646747836959627,OnTrack,-5317.0,3052.0,2300.0,8206.86,12.147
2026-07-26 14:25:57.513,0 days 02:16:47.171000,16,236.3702777777778,0 days 00:00:12.458000,10700.0,218.0,5,100.0,False,0,car,579.9383333333333,0.14104622977725492,OnTrack,-5316.988066148328,3052.0326126194477,2301.8441632705926,8207.171,12.458
2026-07-26 14:25:57.562,0 days 02:16:47.220000,16,235.1452793777778,0 days 00:00:12.507000,10700.0,218.0,5,100.0,False,0,pos,582.903944586695,0.14176749316377305,OnTrack,-5317.0,3052.0,2302.0,8207.22,12.507
2026-07-26 14:25:57.742,0 days 02:16:47.400000,16,230.6452729777778,0 days 00:00:12.687000,10700.0,218.0,5,100.0,False,0,pos,593.8018033237735,0.1444179506334064,OnTrack,-5317.0,3052.0,2302.0,8207.4,12.687
2026-07-26 14:25:57.833,0 days 02:16:47.491000,16,228.3702777777778,0 days 00:00:12.778000,10700.0,218.0,5,100.0,False,0,car,599.316111111111,0.14575907998894472,OnTrack,-5316.788895949104,3052.5769014283446,2302.2085794171544,8207.491,12.778
2026-07-26 14:25:57.962,0 days 02:16:47.620000,16,225.1452793777778,0 days 00:00:12.907000,10700.0,218.0,5,100.0,False,0,pos,607.1380311052931,0.14766144143219936,OnTrack,-5317.0,3052.0,2303.0,8207.62,12.907
2026-07-26 14:25:58.033,0 days 02:16:47.691000,16,223.3702777777778,0 days 00:00:12.978000,10700.0,218.0,5,100.0,False,0,car,611.4272222222221,0.14870461137125082,OnTrack,-5317.64961801316,3050.224735346954,2303.723728633534,8207.691,12.978
2026-07-26 14:25:58.062,0 days 02:16:47.720000,16,222.92721928888892,0 days 00:00:13.007000,10696.258039741935,217.83628923870967,5,97.66127483870967,False,0,pos,613.1734130713974,0.14912930072456893,OnTrack,-5317.0,3052.0,2304.0,8207.72,13.007
2026-07-26 14:25:59.142,0 days 02:16:48.800000,16,206.427219288889,0 days 00:00:14.087000,10556.903201032259,211.73951504516128,5,10.564500645161297,False,0,pos,676.445885896085,0.16451773640411993,OnTrack,-4954.0,4044.0,2298.0,8208.8,14.087
2026-07-26 14:25:59.273,0 days 02:16:48.931000,16,204.42583333333346,0 days 00:00:14.218000,10540.0,211.0,4,0.0,True,0,car,684.1049999999999,0.16638050198745666,OnTrack,-4946.695038819649,4063.9628691209,2298.0762808173336,8208.931,14.218
2026-07-26 14:25:59.433,0 days 02:16:49.091000,16,201.98138888888911,0 days 00:00:14.378000,11187.0,211.0,4,0.0,True,0,car,693.4827777777776,0.16866126206696708,OnTrack,-4952.211364893771,4048.887950483057,2298.6641687741267,8209.091,14.378
2026-07-26 14:25:59.503,0 days 02:16:49.161000,16,200.91194224531407,0 days 00:00:14.448000,11187.0,211.0,4,0.0,True,0,pos,697.586234136085,0.16965925963865386,OnTrack,-4954.0,4044.0,2299.0,8209.161,14.448
2026-07-26 14:25:59.714,0 days 02:16:49.372000,16,197.6883333333335,0 days 00:00:14.659000,11187.0,211.0,4,0.0,True,0,car,709.9524999999999,0.17266684695660728,OnTrack,-4955.049229114554,4041.1326851751305,2300.2658746472703,8209.372,14.659
2026-07-26 14:25:59.903,0 days 02:16:49.561000,16,194.80083040000022,0 days 00:00:14.848000,11187.0,211.0,4,0.0,True,0,pos,721.0298227494405,0.17536095169159538,OnTrack,-4954.0,4044.0,2301.0,8209.561,14.848
2026-07-26 14:26:00.034,0 days 02:16:49.692000,16,192.7994444444447,0 days 00:00:14.979000,11187.0,211.0,4,0.0,True,0,car,728.7080555555553,0.17722836711562812,OnTrack,-4953.940524048552,4044.1625348298676,2300.939103018631,8209.692,14.979
2026-07-26 14:26:00.123,0 days 02:16:49.781000,16,191.4397192888891,0 days 00:00:15.068000,11187.0,211.0,4,0.0,True,0,pos,733.9246929469232,0.1784971003478985,OnTrack,-4954.0,4044.0,2301.0,8209.781,15.068
2026-07-26 14:26:00.234,0 days 02:16:49.892000,16,189.74388888888905,0 days 00:00:15.179000,11187.0,211.0,4,0.0,True,0,car,740.4302777777776,0.18007931721501616,OnTrack,-4954.010644640616,4043.970910521518,2301.4968450657802,8209.892,15.179
2026-07-26 14:26:00.323,0 days 02:16:49.981000,16,188.3841637333335,0 days 00:00:15.268000,11187.0,211.0,4,0.0,True,0,pos,745.645423977682,0.18134768777608218,OnTrack,-4954.0,4044.0,2302.0,8209.981,15.268
2026-07-26 14:26:00.434,0 days 02:16:50.092000,16,186.6883333333335,0 days 00:00:15.379000,11187.0,211.0,3,0.0,True,0,car,752.1524999999998,0.1829302673144042,OnTrack,-4953.995598236505,4044.0120290156433,2302.5179480669494,8210.092,15.379
2026-07-26 14:26:00.594,0 days 02:16:50.252000,16,184.24388888888916,0 days 00:00:15.539000,11187.0,211.0,3,0.0,True,0,car,761.5302777777775,0.18521102739391462,OnTrack,-4953.999578788331,4044.001151037801,2302.9724371406774,8210.252,15.539
2026-07-26 14:26:00.623,0 days 02:16:50.281000,16,183.80083040000028,0 days 00:00:15.568000,11187.0,211.0,3,0.0,True,0,pos,763.2203899341409,0.18562207790369142,OnTrack,-4954.0,4044.0,2303.0,8210.281,15.568
2026-07-26 14:26:00.834,0 days 02:16:50.492000,16,180.57722222222253,0 days 00:00:15.779000,11187.0,211.0,3,0.0,True,0,car,775.5969444444443,0.18863216751318027,OnTrack,-4954.000019289661,4043.999947358298,2302.978490273204,8210.492,15.779
2026-07-26 14:26:00.843,0 days 02:16:50.501000,16,180.4397192888892,0 days 00:00:15.788000,11187.0,211.0,3,0.0,True,0,pos,776.1425478020088,0.18876486316738195,OnTrack,-4954.0,4044.0,2303.0,8210.501,15.788
2026-07-26 14:26:01.043,0 days 02:16:50.701000,16,177.38416373333368,0 days 00:00:15.988000,11187.0,211.0,3,0.0,True,0,pos,788.1299902439588,0.19168031721469542,OnTrack,-4954.0,4044.0,2304.0,8210.701,15.988
2026-07-26 14:26:01.074,0 days 02:16:50.732000,16,176.9105555555559,0 days 00:00:16.019000,11187.0,211.0,3,0.0,True,0,car,789.6636111111109,0.1920533076324459,OnTrack,-4954.000011391038,4043.9999706680524,2304.1393054559794,8210.732,16.019
2026-07-26 14:26:01.343,0 days 02:16:51.001000,16,181.61805891555588,0 days 00:00:16.288000,10104.2742272,127.41779748571429,3,0.0,True,0,pos,798.9530874730979,0.19431259201175613,OnTrack,-4954.0,4044.0,2305.0,8211.001,16.288
2026-07-26 14:26:01.354,0 days 02:16:51.012000,16,181.81055555555588,0 days 00:00:16.299000,10060.0,124.0,3,0.0,True,0,car,799.3080555555554,0.19439892344881446,OnTrack,-4953.999998204766,4044.0000009237124,2305.0437914116974,8211.012,16.299
2026-07-26 14:26:01.563,0 days 02:16:51.221000,16,185.46805891555573,0 days 00:00:16.508000,10060.0,124.0,3,0.0,True,0,pos,806.4970724194148,0.19614735714628084,OnTrack,-4954.0,4044.0,2306.0,8211.221,16.508
2026-07-26 14:26:01.594,0 days 02:16:51.252000,16,186.0105555555557,0 days 00:00:16.539000,10060.0,124.0,2,0.0,True,0,car,807.5747222222221,0.1964094512914161,OnTrack,-4954.000019593634,4044.000011563429,2306.122176465011,8211.252,16.539
2026-07-26 14:26:01.754,0 days 02:16:51.412000,16,188.81055555555577,0 days 00:00:16.699000,10060.0,124.0,2,0.0,True,0,car,813.0858333333332,0.19774980318648383,OnTrack,-4954.00022014811,4044.000141081062,2306.613134513318,8211.412,16.699
2026-07-26 14:26:02.023,0 days 02:16:51.681000,16,193.51805891555586,0 days 00:00:16.968000,10060.0,124.0,2,0.0,True,0,pos,822.3727147788117,0.2000084564587106,OnTrack,-4954.0,4044.0,2307.0,8211.681,16.968
2026-07-26 14:26:02.034,0 days 02:16:51.692000,16,193.71055555555586,0 days 00:00:16.979000,10060.0,124.0,2,0.0,True,0,car,822.7302777777776,0.20009541900285235,OnTrack,-4953.999947806526,4043.9999657553544,2307.006808396629,8211.692,16.979
2026-07-26 14:26:02.243,0 days 02:16:51.901000,16,198.1808374400002,0 days 00:00:17.188000,9546.207861333334,111.80832213333333,2,0.0,True,0,pos,829.1297349685553,0.20165182467135184,OnTrack,-4954.0,4044.0,2307.0,8211.901,17.188
2026-07-26 14:26:02.274,0 days 02:16:51.932000,16,198.84388888888907,0 days 00:00:17.219000,9470.0,110.0,2,0.0,True,0,car,830.063611111111,0.20187895176645057,OnTrack,-4954.000744301364,4044.000489087855,2306.9758904790424,8211.932,17.219
2026-07-26 14:26:02.403,0 days 02:16:52.061000,16,201.60305966222242,0 days 00:00:17.348000,9470.0,110.0,2,0.0,True,0,pos,833.9787069286772,0.2028311383568945,OnTrack,-4954.0,4044.0,2307.0,8212.061,17.348
2026-07-26 14:26:02.583,0 days 02:16:52.241000,16,205.45305966222247,0 days 00:00:17.528000,9470.0,110.0,2,0.0,True,0,pos,839.4989375946698,0.204173708209906,OnTrack,-4954.0,4044.0,2308.0,8212.241,17.528
2026-07-26 14:26:02.674,0 days 02:16:52.332000,16,207.39944444444473,0 days 00:00:17.619000,9470.0,110.0,2,0.0,True,0,car,842.2858333333331,0.20485150637244756,OnTrack,-4954.096839927244,4044.063636711776,2308.1262182314877,8212.332,17.619
2026-07-26 14:26:02.842,0 days 02:16:52.500000,16,210.9927777777781,0 days 00:00:17.787000,9470.0,110.0,2,0.0,True,0,pos,847.4162138242071,0.2060992611490656,OnTrack,-4954.0,4044.0,2308.0,8212.5,17.787
2026-07-26 14:26:03.034,0 days 02:16:52.692000,16,215.09944444444477,0 days 00:00:17.979000,9470.0,110.0,2,0.0,True,0,car,853.2858333333331,0.2075268055178449,OnTrack,-4953.452407229833,4043.640158713769,2308.8341373313438,8212.692,17.979
2026-07-26 14:26:03.062,0 days 02:16:52.720000,16,215.6983385678249,0 days 00:00:18.007000,9470.0,110.0,2,0.0,True,0,pos,854.1453647107747,0.20773585129598232,OnTrack,-4954.0,4044.0,2309.0,8212.72,18.007
2026-07-26 14:26:03.193,0 days 02:16:52.851000,16,218.50027777777802,0 days 00:00:18.138000,9470.0,110.0,2,0.0,False,0,car,858.1441666666666,0.20870839597372873,OnTrack,-4956.602204918358,4045.709994755099,2309.8271401699526,8212.851,18.138
2026-07-26 14:26:03.222,0 days 02:16:52.880000,16,219.2494494044447,0 days 00:00:18.167000,9414.8996352,109.4562464,2,0.0,False,0,pos,859.0099219081393,0.20891895545169553,OnTrack,-4954.0,4044.0,2310.0,8212.88,18.167
2026-07-26 14:26:03.462,0 days 02:16:53.120000,16,225.44944940444486,0 days 00:00:18.407000,8958.8996352,104.9562464,2,0.0,False,0,pos,865.9271150671761,0.21060127917414276,OnTrack,-4954.0,4044.0,2311.0,8213.12,18.407
2026-07-26 14:26:03.513,0 days 02:16:53.171000,16,226.7669444444449,0 days 00:00:18.458000,8862.0,104.0,2,0.0,False,0,car,867.3886111111109,0.21095672818481004,OnTrack,-5011.6111529477375,4081.8581904449807,2311.039067278194,8213.171,18.458
2026-07-26 14:26:03.722,0 days 02:16:53.380000,16,232.1661094577783,0 days 00:00:18.667000,8862.0,104.0,2,0.0,False,0,pos,873.4212712523131,0.21242392550483105,OnTrack,-4954.0,4044.0,2311.0,8213.38,18.667
2026-07-26 14:26:03.833,0 days 02:16:53.491000,16,235.03361111111167,0 days 00:00:18.778000,8862.0,104.0,2,0.0,False,0,car,876.6330555555553,0.2132050603958914,OnTrack,-4012.4015637902216,3425.2445837863384,2311.518043849767,8213.491,18.778
2026-07-26 14:26:04.022,0 days 02:16:53.680000,16,239.91611607111153,0 days 00:00:18.967000,8862.0,104.0,2,0.0,False,0,pos,882.093345367894,0.21453305209303428,OnTrack,-2052.0,2137.0,2313.0,8213.68,18.967
2026-07-26 14:26:04.073,0 days 02:16:53.731000,16,241.2336111111115,0 days 00:00:19.018000,8862.0,104.0,2,0.0,False,0,car,883.5663888888887,0.21489130955420246,OnTrack,-1841.5945266654692,1998.735617626137,2313.3969204202826,8213.731,19.018
2026-07-26 14:26:04.233,0 days 02:16:53.891000,16,245.3669444444447,0 days 00:00:19.178000,8862.0,104.0,2,0.0,True,0,car,888.188611111111,0.21601547565974316,OnTrack,-1960.9418501851374,2077.1626837708677,2314.5808896571584,8213.891,19.178
2026-07-26 14:26:04.302,0 days 02:16:53.960000,16,246.70861484444475,0 days 00:00:19.247000,8843.312448,104.0,2,8.3375232,True,0,pos,890.1819821410957,0.216500281460923,OnTrack,-2052.0,2137.0,2315.0,8213.96,19.247
2026-07-26 14:26:04.473,0 days 02:16:54.131000,16,250.03361111111155,0 days 00:00:19.418000,8797.0,104.0,2,29.0,False,0,car,895.1219444444442,0.21770172481805417,OnTrack,-2093.340962475957,2164.1665111790635,2315.745235648,8214.131,19.418
2026-07-26 14:26:04.622,0 days 02:16:54.280000,16,252.9308370666672,0 days 00:00:19.567000,8797.0,104.0,2,29.0,False,0,pos,899.4263927343972,0.21874860543910124,OnTrack,-2052.0,2137.0,2316.0,8214.28,19.567
2026-07-26 14:26:04.673,0 days 02:16:54.331000,16,253.92250000000058,0 days 00:00:19.618000,8797.0,104.0,2,29.0,False,0,car,900.899722222222,0.21910693244998,OnTrack,-2047.1675770954853,2133.824455382874,2315.992632710741,8214.331,19.618
2026-07-26 14:26:04.842,0 days 02:16:54.500000,16,257.20860986666713,0 days 00:00:19.787000,8797.0,104.0,2,29.0,False,0,pos,905.7819445542304,0.22029433292565834,OnTrack,-2052.0,2137.0,2316.0,8214.5,19.787
2026-07-26 14:26:05.022,0 days 02:16:54.680000,16,260.7086148444448,0 days 00:00:19.967000,8797.0,104.0,2,29.0,False,0,pos,910.9819501396123,0.22155902115280682,OnTrack,-2052.0,2137.0,2317.0,8214.68,19.967
2026-07-26 14:26:05.033,0 days 02:16:54.691000,16,260.92250000000035,0 days 00:00:19.978000,8797.0,104.0,2,29.0,False,0,car,911.299722222222,0.22163630618744656,OnTrack,-2051.949628364881,2136.9668991357266,2317.054520270026,8214.691,19.978
2026-07-26 14:26:05.313,0 days 02:16:54.971000,16,265.82250000000056,0 days 00:00:20.258000,8797.0,104.0,2,29.0,False,0,car,919.3886111111109,0.22360359687214276,OnTrack,-2051.9724370427916,2136.981887471212,2317.8848010057277,8214.971,20.258
2026-07-26 14:26:05.342,0 days 02:16:55,16,266.33000336000055,0 days 00:00:20.287000,8797.0,104.0,2,29.0,False,0,pos,920.2263961245693,0.22380735373855476,OnTrack,-2052.0,2137.0,2318.0,8215.0,20.287
2026-07-26 14:26:05.682,0 days 02:16:55.340000,16,272.27999888000033,0 days 00:00:20.627000,8797.0,104.0,2,29.0,False,0,pos,930.0486189719289,0.2261962068648678,OnTrack,-2052.0,2137.0,2320.0,8215.34,20.627
2026-07-26 14:26:05.713,0 days 02:16:55.371000,16,272.82250000000033,0 days 00:00:20.658000,8797.0,104.0,2,29.0,False,0,car,930.9441666666665,0.22641401213599452,OnTrack,-2051.996594477227,2136.9977621210337,2320.162320906011,8215.371,20.658
2026-07-26 14:26:05.962,0 days 02:16:55.620000,16,277.17999888000037,0 days 00:00:20.907000,8797.0,104.0,2,29.0,False,0,pos,938.1374072233118,0.22816347307361545,OnTrack,-2052.0,2137.0,2321.0,8215.62,20.907
2026-07-26 14:26:06.033,0 days 02:16:55.691000,16,278.42250000000035,0 days 00:00:20.978000,8797.0,104.0,2,29.0,False,0,car,940.188611111111,0.22866234434707586,OnTrack,-2052.0004527974,2137.00029751187,2320.9943305701377,8215.691,20.978
2026-07-26 14:26:06.123,0 days 02:16:55.781000,16,279.9975028660885,0 days 00:00:21.068000,8797.0,104.0,2,29.0,False,0,pos,942.7888413979036,0.22929474378926615,OnTrack,-2052.0,2137.0,2321.0,8215.781,21.068
2026-07-26 14:26:06.194,0 days 02:16:55.852000,16,281.24000000000046,0 days 00:00:21.139000,8797.0,104.0,2,29.0,False,0,car,944.839722222222,0.22979353649077616,OnTrack,-2051.9998578888303,2136.999906813158,2321.1922655086373,8215.852,21.139
2026-07-26 14:26:06.363,0 days 02:16:56.021000,16,283.39944689777826,0 days 00:00:21.308000,9543.015133257142,104.0,2,50.728596114285715,False,0,pos,949.718892047741,0.2309801945693634,OnTrack,-2052.0,2137.0,2322.0,8216.021,21.308
2026-07-26 14:26:06.474,0 days 02:16:56.132000,16,284.81777777777825,0 days 00:00:21.419000,10033.0,104.0,2,65.0,False,0,car,952.928611111111,0.2317608271754724,OnTrack,-2052.000045527242,2137.0000276264095,2322.383962316307,8216.132,21.419
2026-07-26 14:26:06.743,0 days 02:16:56.401000,16,288.2550024533338,0 days 00:00:21.688000,10033.0,104.0,2,65.0,False,0,pos,960.72465132946,0.23365689442398443,OnTrack,-2052.0,2137.0,2323.0,8216.401,21.688
2026-07-26 14:26:06.834,0 days 02:16:56.492000,16,289.41777777777827,0 days 00:00:21.779000,10033.0,104.0,2,65.0,False,0,car,963.328611111111,0.23429020091293892,OnTrack,-2051.9999971140714,2137.000009536588,2323.257742295148,8216.492,21.779
2026-07-26 14:26:06.943,0 days 02:16:56.601000,16,290.81055800888936,0 days 00:00:21.888000,10033.0,104.0,2,65.0,False,0,pos,966.4106997201146,0.23503979264218494,OnTrack,-2052.0,2137.0,2324.0,8216.601,21.888
2026-07-26 14:26:07.083,0 days 02:16:56.741000,16,292.59944689777825,0 days 00:00:22.028000,10033.0,104.0,2,65.0,False,0,pos,970.4063462982518,0.23601156990362132,OnTrack,-2052.0,2137.0,2326.0,8216.741,22.028
2026-07-26 14:26:07.154,0 days 02:16:56.812000,16,293.5066666666671,0 days 00:00:22.099000,10033.0,104.0,2,65.0,False,0,car,972.5730555555554,0.2365385331240203,OnTrack,-2051.9999952151024,2137.0002499515886,2326.6647501119724,8216.812,22.099
2026-07-26 14:26:07.423,0 days 02:16:57.081000,16,295.22527900444476,0 days 00:00:22.368000,9354.997243345455,116.22728145454546,2,55.21817483636364,False,0,pos,981.7060329827366,0.23875975555182674,OnTrack,-2052.0,2137.0,2327.0,8217.081,22.368
2026-07-26 14:26:07.594,0 days 02:16:57.252000,16,296.317777777778,0 days 00:00:22.539000,8924.0,124.0,2,49.0,True,0,car,987.7286111111109,0.24022450083545657,OnTrack,-2052.0001106973277,2136.99403541586,2327.170506796697,8217.252,22.539
2026-07-26 14:26:07.763,0 days 02:16:57.421000,16,297.397501226667,0 days 00:00:22.708000,8924.0,124.0,2,49.0,True,0,pos,993.5550525882684,0.2416415439176881,OnTrack,-2052.0,2137.0,2328.0,8217.421,22.708
2026-07-26 14:26:07.794,0 days 02:16:57.452000,16,297.59555555555585,0 days 00:00:22.739000,8924.0,124.0,2,49.0,True,0,car,994.6174999999998,0.24189994070429127,OnTrack,-2051.9999227079747,2137.00416545359,2328.2777665191866,8217.452,22.739
2026-07-26 14:26:07.983,0 days 02:16:57.641000,16,298.80305678222254,0 days 00:00:22.928000,8924.0,124.0,2,49.0,True,0,pos,1001.0763100787283,0.24347078153010088,OnTrack,-2052.0,2137.0,2330.0,8217.641,22.928
2026-07-26 14:26:08.063,0 days 02:16:57.721000,16,299.31416789333366,0 days 00:00:23.008000,8924.0,124.0,2,49.0,True,0,pos,1003.8307683805251,0.24414069061563087,OnTrack,-2052.0,2137.0,2330.0,8217.721,23.008
2026-07-26 14:26:08.154,0 days 02:16:57.812000,16,299.8955555555559,0 days 00:00:23.099000,8924.0,124.0,2,49.0,True,0,car,1007.0174999999998,0.24491573246819368,OnTrack,-2051.9900010351103,2137.5388798190525,2330.166331850899,8217.812,23.099
2026-07-26 14:26:08.323,0 days 02:16:57.981000,16,300.97527900444476,0 days 00:00:23.268000,9173.2752832,126.81666986666667,2,55.10278471111111,True,0,pos,1013.08692342341,0.24639187094980308,OnTrack,-2052.0,2137.0,2331.0,8217.981,23.268
2026-07-26 14:26:08.503,0 days 02:16:58.161000,16,302.12527900444474,0 days 00:00:23.448000,9438.7752832,129.81666986666667,2,61.60278471111111,True,0,pos,1019.6216302849317,0.24798117055726226,OnTrack,-2052.0,2137.0,2332.0,8218.161,23.448
2026-07-26 14:26:08.514,0 days 02:16:58.172000,16,302.19555555555587,0 days 00:00:23.459000,9455.0,130.0,3,62.0,False,0,car,1020.0174999999998,0.24807744964002684,OnTrack,-2051.9693394813544,2138.6524045283386,2332.0601239505004,8218.172,23.459
2026-07-26 14:26:08.703,0 days 02:16:58.361000,16,303.4030567822225,0 days 00:00:23.648000,9455.0,130.0,3,62.0,False,0,pos,1026.7634286438497,0.24971812028873616,OnTrack,-2052.0,2137.0,2333.0,8218.361,23.648
2026-07-26 14:26:08.834,0 days 02:16:58.492000,16,304.24000000000024,0 days 00:00:23.779000,9455.0,130.0,3,62.0,False,0,car,1031.5730555555554,0.25088786490387854,OnTrack,-2055.6433740777857,1940.645597316435,2333.436770900683,8218.492,23.779
2026-07-26 14:26:08.923,0 days 02:16:58.581000,16,304.48722275555576,0 days 00:00:23.868000,9455.0,132.89250624,3,62.0,False,0,pos,1034.973081825111,0.25171478193781227,OnTrack,-2052.0,2137.0,2334.0,8218.581,23.868
2026-07-26 14:26:09.103,0 days 02:16:58.761000,16,304.98722275555576,0 days 00:00:24.048000,9455.0,138.74250624,3,62.0,False,0,pos,1042.1491823950596,0.2534600742761821,OnTrack,-2024.0,3646.0,2336.0,8218.761,24.048
2026-07-26 14:26:09.234,0 days 02:16:58.892000,16,305.3511111111113,0 days 00:00:24.179000,9455.0,143.0,3,62.0,False,0,car,1047.4619444444443,0.2547521858916747,OnTrack,-2018.6161025007239,3936.0582976677442,2336.4845100143502,8218.892,24.179
2026-07-26 14:26:09.402,0 days 02:16:59.060000,16,305.63111111111124,0 days 00:00:24.347000,9455.0,145.8,3,62.0,False,0,pos,1054.3193769128857,0.2564199752755329,OnTrack,-2024.0,3646.0,2337.0,8219.06,24.347
2026-07-26 14:26:09.474,0 days 02:16:59.132000,16,305.7511111111112,0 days 00:00:24.419000,9455.0,147.0,3,62.0,False,0,car,1057.2619444444445,0.2571356342212105,OnTrack,-2024.3702432978375,3626.31379610436,2337.8314788757434,8219.132,24.419
2026-07-26 14:26:09.562,0 days 02:16:59.220000,16,305.89777777777783,0 days 00:00:24.507000,9455.0,147.0,3,62.0,False,0,pos,1060.8557959416426,0.25800969129749585,OnTrack,-2024.0,3646.0,2339.0,8219.22,24.507
2026-07-26 14:26:09.674,0 days 02:16:59.332000,16,306.08444444444444,0 days 00:00:24.619000,9455.0,147.0,3,62.0,False,0,car,1065.4286111111112,0.2591218411624903,OnTrack,-2023.8007537254161,3653.973136605615,2340.05926732531,8219.332,24.619
2026-07-26 14:26:09.842,0 days 02:16:59.500000,16,306.3644443694652,0 days 00:00:24.787000,9455.0,147.0,3,62.0,False,0,pos,1072.291719110765,0.2607910108866943,OnTrack,-2024.0,3646.0,2341.0,8219.5,24.787
2026-07-26 14:26:09.913,0 days 02:16:59.571000,16,306.4827777777775,0 days 00:00:24.858000,9455.0,147.0,3,62.0,False,0,car,1075.187777777778,0.26149535845731975,OnTrack,-2024.2173714023181,3643.8166697893894,2341.290644566782,8219.571,24.858
2026-07-26 14:26:10.113,0 days 02:16:59.771000,16,306.816111111111,0 days 00:00:25.058000,9455.0,147.0,3,62.0,False,0,car,1083.3544444444447,0.26348156539859957,OnTrack,-2024.1020834876717,3645.463027396379,2341.9634529301948,8219.771,25.058
2026-07-26 14:26:10.122,0 days 02:16:59.780000,16,306.85361084444435,0 days 00:00:25.067000,9480.1998208,147.13499904,3,63.88998656,False,0,pos,1083.725939187033,0.2635719162683602,OnTrack,-2024.0,3646.0,2342.0,8219.78,25.067
2026-07-26 14:26:10.313,0 days 02:16:59.971000,16,307.6494444444445,0 days 00:00:25.258000,10015.0,150.0,3,104.0,False,0,car,1091.687777777778,0.2655083071754157,OnTrack,-2019.9446813412517,3665.807413238763,2342.9573666245196,8219.971,25.258
2026-07-26 14:26:10.442,0 days 02:17:00.100000,16,308.1869441777779,0 days 00:00:25.387000,10622.1059488,150.0,3,102.3875008,False,0,pos,1097.063457362379,0.26681572090256234,OnTrack,-2024.0,3646.0,2344.0,8220.1,25.387
2026-07-26 14:26:10.633,0 days 02:17:00.291000,16,308.982777777778,0 days 00:00:25.578000,11521.0,150.0,3,100.0,False,0,car,1105.0211111111112,0.2687510940183215,OnTrack,-2026.9584222631988,3631.6566356982403,2345.949107379658,8220.291,25.578
2026-07-26 14:26:10.642,0 days 02:17:00.300000,16,309.0202775111113,0 days 00:00:25.587000,11521.0,150.0,3,100.0,False,0,pos,1105.3971740324037,0.26884255591031686,OnTrack,-2024.0,3646.0,2346.0,8220.3,25.587
2026-07-26 14:26:10.913,0 days 02:17:00.571000,16,310.1494444444445,0 days 00:00:25.858000,11521.0,150.0,3,100.0,False,0,car,1116.687777777778,0.2715885325058641,OnTrack,-1819.8125291819222,4635.886421500397,2346.526744153047,8220.571,25.858
2026-07-26 14:26:10.942,0 days 02:17:00.600000,16,310.27027857777784,0 days 00:00:25.887000,11521.0,150.0,3,100.0,False,0,pos,1117.8729808440291,0.27187678457407,OnTrack,-1807.0,4698.0,2347.0,8220.6,25.887
2026-07-26 14:26:11.153,0 days 02:17:00.811000,16,311.1494444444445,0 days 00:00:26.098000,11521.0,150.0,3,100.0,False,0,car,1126.687777777778,0.2740206226380435,OnTrack,-1806.297423048304,4701.406007179304,2348.615514469933,8220.811,26.098
2026-07-26 14:26:11.162,0 days 02:17:00.820000,16,311.12444462222226,0 days 00:00:26.107000,11483.2002688,151.124992,3,100.0,False,0,pos,1127.0985823814465,0.2741205340203271,OnTrack,-1807.0,4698.0,2348.0,8220.82,26.107
2026-07-26 14:26:11.353,0 days 02:17:01.011000,16,310.59388888888907,0 days 00:00:26.298000,10681.0,175.0,3,100.0,True,0,car,1136.41,0.2763851547109956,OnTrack,-1809.4620502214125,4686.0642891648495,2316.943072550026,8221.011,26.298
2026-07-26 14:26:11.482,0 days 02:17:01.140000,16,310.23555573333357,0 days 00:00:26.427000,10379.232292571429,175.0,3,100.0,True,0,pos,1142.7085489516076,0.277917018586221,OnTrack,-1807.0,4698.0,2299.0,8221.14,26.427
2026-07-26 14:26:11.633,0 days 02:17:01.291000,16,309.81611111111147,0 days 00:00:26.578000,10026.0,175.0,3,100.0,True,0,car,1150.0211111111112,0.2796954996131287,OnTrack,-1806.8797209782865,4698.58307454019,2297.1439939267093,8221.291,26.578
2026-07-26 14:26:11.682,0 days 02:17:01.340000,16,309.68000017777814,0 days 00:00:26.627000,10026.0,175.0,3,100.0,True,0,pos,1152.4001462326778,0.28027410239745576,OnTrack,-1807.0,4698.0,2298.0,8221.34,26.627
2026-07-26 14:26:11.833,0 days 02:17:01.491000,16,309.26055555555604,0 days 00:00:26.778000,10026.0,175.0,3,100.0,True,0,car,1159.7433333333333,0.2820600316860808,OnTrack,-1807.059134727582,4697.713533996862,2300.120840398102,8221.491,26.778
2026-07-26 14:26:11.942,0 days 02:17:01.600000,16,308.9577772444448,0 days 00:00:26.887000,10026.0,175.0,3,100.0,True,0,pos,1165.0426043796588,0.28334886216803207,OnTrack,-1807.0,4698.0,2301.0,8221.6,26.887
2026-07-26 14:26:12.073,0 days 02:17:01.731000,16,308.59388888888907,0 days 00:00:27.018000,10026.0,175.0,3,100.0,True,0,car,1171.41,0.28489747017362343,OnTrack,-1806.9799186124042,4698.0962657912705,2301.1901915723133,8221.731,27.018
2026-07-26 14:26:12.262,0 days 02:17:01.920000,16,307.438887715556,0 days 00:00:27.207000,10026.0,175.0,3,100.0,True,0,pos,1180.5975044451438,0.2871319540636622,OnTrack,-1807.0,4698.0,2301.0,8221.92,27.207
2026-07-26 14:26:12.273,0 days 02:17:01.931000,16,307.3716666666671,0 days 00:00:27.218000,10026.0,175.0,3,100.0,True,0,car,1181.1322222222223,0.28726200224657555,OnTrack,-1807.0006167775234,4697.997372356077,2301.029310002654,8221.931,27.218
2026-07-26 14:26:12.433,0 days 02:17:02.091000,16,306.3050000000003,0 days 00:00:27.378000,10026.0,175.0,3,104.0,True,0,car,1188.91,0.2891536279049373,OnTrack,-1807.0014975250779,4697.996212649585,2301.852211224401,8222.091,27.378
2026-07-26 14:26:12.462,0 days 02:17:02.120000,16,306.1116653481205,0 days 00:00:27.407000,10026.0,175.0,3,104.0,True,0,pos,1190.3197293634914,0.2894964867923364,OnTrack,-1807.0,4698.0,2302.0,8222.12,27.407
2026-07-26 14:26:12.723,0 days 02:17:02.381000,16,304.3716654278714,0 days 00:00:27.668000,10026.0,175.0,3,104.0,True,0,pos,1203.0072307909354,0.2925822014947062,OnTrack,-1807.0,4698.0,2303.0,8222.381,27.668
2026-07-26 14:26:12.754,0 days 02:17:02.412000,16,304.1650000000004,0 days 00:00:27.699000,10026.0,175.0,3,104.0,True,0,car,1204.5141666666668,0.29294870188202554,OnTrack,-1807.0123411819131,4697.976309453198,2303.1427725525905,8222.412,27.699
2026-07-26 14:26:13.074,0 days 02:17:02.732000,16,302.0316666666672,0 days 00:00:28.019000,10026.0,175.0,3,104.0,True,0,car,1220.0697222222223,0.296731953198749,OnTrack,-1807.1356412917398,4697.741318443289,2304.858526230206,8222.732,28.019
2026-07-26 14:26:13.143,0 days 02:17:02.801000,16,301.53333194666715,0 days 00:00:28.088000,10066.250112,175.0,3,102.8499968,True,0,pos,1223.4238981006572,0.29754771900430255,OnTrack,-1807.0,4698.0,2305.0,8222.801,28.088
2026-07-26 14:26:13.283,0 days 02:17:02.941000,16,300.52222083555586,0 days 00:00:28.228000,10147.916778666666,175.0,3,100.51666346666667,True,0,pos,1230.2294537714417,0.29920289148339374,OnTrack,-1807.0,4698.0,2305.0,8222.941,28.228
2026-07-26 14:26:13.314,0 days 02:17:02.972000,16,300.29833333333363,0 days 00:00:28.259000,10166.0,175.0,3,100.0,True,0,car,1231.736388888889,0.2995693916862916,OnTrack,-1807.4112532943032,4697.215875654991,2305.0186845833005,8222.972,28.259
2026-07-26 14:26:13.554,0 days 02:17:03.212000,16,298.5650000000005,0 days 00:00:28.499000,10131.0,175.0,3,0.0,True,0,car,1243.4030555555555,0.3024068301738342,OnTrack,-1809.2557485071452,4693.699048378369,2305.7950053330924,8223.212,28.499
2026-07-26 14:26:13.583,0 days 02:17:03.241000,16,298.35555416888934,0 days 00:00:28.528000,10131.0,175.0,3,0.0,True,0,pos,1244.8127872160617,0.3027496896198881,OnTrack,-1807.0,4698.0,2306.0,8223.241,28.528
2026-07-26 14:26:13.714,0 days 02:17:03.372000,16,297.4094444444447,0 days 00:00:28.659000,10131.0,175.0,3,0.0,True,0,car,1251.1808333333333,0.3042984558321959,OnTrack,-1789.1839630651316,4731.969169469606,2307.246504312639,8223.372,28.659
2026-07-26 14:26:13.803,0 days 02:17:03.461000,16,296.7666652800003,0 days 00:00:28.748000,10131.0,175.0,3,0.0,True,0,pos,1255.5072291301458,0.30535067428472884,OnTrack,-1807.0,4698.0,2308.0,8223.461,28.748
2026-07-26 14:26:14.114,0 days 02:17:03.772000,16,294.52055555555603,0 days 00:00:29.059000,10131.0,175.0,3,0.0,True,0,car,1270.625277777778,0.30902751997810024,OnTrack,-2033.7582058409364,4265.648638636155,2308.6256770538153,8223.772,29.059
2026-07-26 14:26:14.203,0 days 02:17:03.861000,16,293.8283318400005,0 days 00:00:29.148000,10490.497204114286,175.0,3,0.0,True,0,pos,1274.9516940346919,0.31007974340671435,OnTrack,-1807.0,4698.0,2309.0,8223.861,29.148
2026-07-26 14:26:14.394,0 days 02:17:04.052000,16,292.34277777777834,0 days 00:00:29.339000,11262.0,175.0,3,0.0,True,0,car,1284.236388888889,0.3123378648802333,OnTrack,-742.7739464641173,6727.560489827237,2310.601847400364,8224.052,29.339
2026-07-26 14:26:14.443,0 days 02:17:04.101000,16,291.9616651733338,0 days 00:00:29.388000,11386.4911128,175.0,3,0.0,True,0,pos,1286.6182956499044,0.31291716607315695,OnTrack,-540.0,7115.0,2311.0,8224.101,29.388
2026-07-26 14:26:14.714,0 days 02:17:04.372000,16,289.85388888888906,0 days 00:00:29.659000,12075.0,175.0,3,0.0,True,0,car,1299.7919444444447,0.31612111619695676,OnTrack,-510.9096524713102,7176.48551395206,2312.5487066539395,8224.372,29.659
2026-07-26 14:26:14.783,0 days 02:17:04.441000,16,289.31722072888914,0 days 00:00:29.728000,12075.0,175.0,3,0.0,True,0,pos,1303.1465511169404,0.3169369867755088,OnTrack,-540.0,7115.0,2313.0,8224.441,29.728
2026-07-26 14:26:14.874,0 days 02:17:04.532000,16,288.60944444444476,0 days 00:00:29.819000,12075.0,175.0,3,0.0,True,0,car,1307.5697222222225,0.3180127418553185,OnTrack,-512.3587814816918,7152.351826987604,2313.7105345717964,8224.532,29.819
2026-07-26 14:26:15.043,0 days 02:17:04.701000,16,287.294998506667,0 days 00:00:29.988000,12075.0,175.0,3,0.0,True,0,pos,1315.7770810332217,0.3200088454928672,OnTrack,-382.0,7369.0,2315.0,8224.701,29.988
2026-07-26 14:26:15.154,0 days 02:17:04.812000,16,286.43166666666707,0 days 00:00:30.099000,12075.0,175.0,3,0.0,True,0,car,1321.1808333333336,0.3213230867574515,OnTrack,-369.38023891893135,7390.057208392558,2315.419987682367,8224.812,30.099
2026-07-26 14:26:15.263,0 days 02:17:04.921000,16,285.73527655111144,0 days 00:00:30.208000,12075.0,175.0,3,0.0,True,0,pos,1326.5012941248833,0.3226170707764291,OnTrack,-382.0,7369.0,2316.0,8224.921,30.208
2026-07-26 14:26:15.314,0 days 02:17:04.972000,16,285.4094444444447,0 days 00:00:30.259000,12075.0,175.0,3,0.0,True,0,car,1328.9586111111114,0.3232147124158133,OnTrack,-384.1186713473248,7365.464838464251,2316.500283626581,8224.972,30.259
2026-07-26 14:26:15.463,0 days 02:17:05.121000,16,284.82999925333365,0 days 00:00:30.408000,11666.491140266668,171.2749952,3,0.0,True,0,pos,1335.9382163733999,0.3249122153243052,OnTrack,-382.0,7369.0,2318.0,8225.121,30.408
2026-07-26 14:26:15.623,0 days 02:17:05.281000,16,284.2077770311115,0 days 00:00:30.568000,11227.8244736,167.2749952,3,0.0,True,0,pos,1343.227920130779,0.3266851369817884,OnTrack,-382.0,7369.0,2318.0,8225.281,30.568
2026-07-26 14:26:15.674,0 days 02:17:05.332000,16,284.00944444444485,0 days 00:00:30.619000,11088.0,166.0,3,0.0,True,0,car,1345.5586111111113,0.32725198203523104,OnTrack,-382.068348705402,7368.887082924673,2318.45378739849,8225.332,30.619
2026-07-26 14:26:15.843,0 days 02:17:05.501000,16,283.3522214755561,0 days 00:00:30.788000,11088.0,166.0,3,0.0,True,0,pos,1353.3144909376604,0.32913828191448286,OnTrack,-382.0,7369.0,2321.0,8225.501,30.788
2026-07-26 14:26:16.074,0 days 02:17:05.732000,16,282.45388888888965,0 days 00:00:31.019000,11088.0,166.0,3,0.0,True,0,car,1364.0030555555556,0.3317378371679174,OnTrack,-382.00495370880657,7368.946148706953,2320.971765599128,8225.732,31.019
2026-07-26 14:26:16.182,0 days 02:17:05.840000,16,282.12388812428213,0 days 00:00:31.127000,11075.389462024248,166.0,3,0.0,True,0,pos,1369.0381879768045,0.33296242675551097,OnTrack,-382.0,7369.0,2321.0,8225.84,31.127
2026-07-26 14:26:16.422,0 days 02:17:06.080000,16,281.39055483009247,0 days 00:00:31.367000,11047.36611072608,166.0,3,0.0,True,0,pos,1380.313887942619,0.3357047786175382,OnTrack,-382.0,7369.0,2323.0,8226.08,31.367
2026-07-26 14:26:17.182,0 days 02:17:06.840000,16,279.06833273182525,0 days 00:00:32.127000,10958.625498281875,166.0,3,0.0,True,0,pos,1415.3923234798244,0.34423617030977094,OnTrack,-382.0,7369.0,2328.0,8226.84,32.127
2026-07-26 14:26:17.273,0 days 02:17:06.931000,16,278.79027777777833,0 days 00:00:32.218000,10948.0,166.0,3,0.0,False,0,car,1419.290277777778,0.34518418792814487,OnTrack,-380.32816038072485,7376.742604031744,2328.412581232995,8226.931,32.218
2026-07-26 14:26:17.513,0 days 02:17:07.171000,16,280.5236111111119,0 days 00:00:32.458000,10555.0,150.0,3,0.0,True,0,car,1429.2902777777779,0.3476162780603242,OnTrack,-380.2344525669286,7377.176299196575,2329.7381518887214,8227.171,32.458
2026-07-26 14:26:17.542,0 days 02:17:07.200000,16,280.733056942223,0 days 00:00:32.487000,10555.0,150.0,3,0.0,True,0,pos,1430.4943913806464,0.34790912934148016,OnTrack,-382.0,7369.0,2330.0,8227.2,32.487
2026-07-26 14:26:17.722,0 days 02:17:07.380000,16,282.03305509333416,0 days 00:00:32.667000,10555.0,150.0,3,0.0,True,0,pos,1437.989773323217,0.3497320737874243,OnTrack,-382.0,7369.0,2332.0,8227.38,32.667
2026-07-26 14:26:17.913,0 days 02:17:07.571000,16,283.4125000000008,0 days 00:00:32.858000,10555.0,150.0,3,0.0,True,0,car,1445.9569444444444,0.35166976161395647,OnTrack,-240.1592241235168,8025.86691881527,2333.701593380967,8227.571,32.858
2026-07-26 14:26:18.162,0 days 02:17:07.820000,16,285.21083287111173,0 days 00:00:33.107000,10576.441661155555,150.0,3,33.19999146666667,True,0,pos,1456.3326065305894,0.3541932161514105,OnTrack,-8.0,9101.0,2335.0,8227.82,33.107
2026-07-26 14:26:18.273,0 days 02:17:07.931000,16,286.0125000000005,0 days 00:00:33.218000,10586.0,150.0,3,48.0,True,0,car,1460.9569444444446,0.35531789681222553,OnTrack,19.233172935074325,9227.117259521812,2335.2654520199853,8227.931,33.218
2026-07-26 14:26:18.502,0 days 02:17:08.160000,16,287.6663902755563,0 days 00:00:33.447000,10810.229354666666,150.0,3,58.49584213333333,True,0,pos,1470.498613286909,0.3576385166758536,OnTrack,-8.0,9101.0,2336.0,8228.16,33.447
2026-07-26 14:26:18.513,0 days 02:17:08.171000,16,287.7458333333341,0 days 00:00:33.458000,10821.0,150.0,3,59.0,False,0,car,1470.9569444444444,0.35774998694440485,OnTrack,-8.60917956605378,9098.178879685916,2336.0827758933424,8228.171,33.458
2026-07-26 14:26:18.702,0 days 02:17:08.360000,16,289.1108347200005,0 days 00:00:33.647000,10821.0,150.0,3,59.0,False,0,pos,1478.831909085544,0.3596652493238929,OnTrack,-8.0,9101.0,2338.0,8228.36,33.647
2026-07-26 14:26:18.793,0 days 02:17:08.451000,16,289.768055555556,0 days 00:00:33.738000,10821.0,150.0,3,59.0,False,0,car,1482.6236111111111,0.3605874254319475,OnTrack,-7.0889603487168875,9105.219039098105,2338.8820175347782,8228.451,33.738
2026-07-26 14:26:19.073,0 days 02:17:08.731000,16,291.7902777777781,0 days 00:00:34.018000,10821.0,150.0,3,59.0,False,0,car,1494.2902777777779,0.3634248639194901,OnTrack,-7.797837703947598,9101.936216416056,2340.832474437995,8228.731,34.018
2026-07-26 14:26:19.162,0 days 02:17:08.820000,16,292.43305522148876,0 days 00:00:34.107000,10924.417391734309,150.0,3,69.2585616465668,False,0,pos,1497.9977074929889,0.3643265442421015,OnTrack,-8.0,9101.0,2341.0,8228.82,34.107
2026-07-26 14:26:19.323,0 days 02:17:08.981000,16,293.59583461776475,0 days 00:00:34.268000,11111.498649021538,150.0,3,87.81621987613106,False,0,pos,1504.7048249737468,0.36595777566613336,OnTrack,-8.0,9101.0,2341.0,8228.981,34.268
2026-07-26 14:26:19.394,0 days 02:17:09.052000,16,294.1086111111117,0 days 00:00:34.339000,11194.0,150.0,3,96.0,True,0,car,1507.6652777777779,0.36667778447128,OnTrack,-7.986667277788227,9101.061741113957,2341.433013307131,8229.052,34.339
2026-07-26 14:26:19.623,0 days 02:17:09.281000,16,297.6708363200005,0 days 00:00:34.568000,11194.0,150.0,3,96.0,True,0,pos,1517.2269933564396,0.3690032798818369,OnTrack,-8.0,9101.0,2344.0,8229.281,34.568
2026-07-26 14:26:19.834,0 days 02:17:09.492000,16,300.9530555555559,0 days 00:00:34.779000,11194.0,150.0,3,96.0,True,0,car,1525.9986111111114,0.37113661638027556,OnTrack,-8.00007887188945,9100.999643809726,2344.97572289745,8229.492,34.779
2026-07-26 14:26:19.843,0 days 02:17:09.501000,16,301.0930585422226,0 days 00:00:34.788000,11194.0,150.0,3,96.0,True,0,pos,1526.3708302465416,0.3712271434289044,OnTrack,-8.0,9101.0,2345.0,8229.501,34.788
2026-07-26 14:26:19.994,0 days 02:17:09.652000,16,303.44194444444474,0 days 00:00:34.939000,11194.0,150.0,3,96.0,True,0,car,1532.6652777777779,0.3727580098017284,OnTrack,-7.999564305222638,9101.001720300166,2345.308500113009,8229.652,34.939
2026-07-26 14:26:20.103,0 days 02:17:09.761000,16,304.7741690133336,0 days 00:00:35.048000,11228.6464896,154.6714368,3,96.0,True,0,pos,1537.4637160376035,0.3739250332358878,OnTrack,-8.0,9101.0,2346.0,8229.761,35.048
2026-07-26 14:26:20.263,0 days 02:17:09.921000,16,306.7297245688892,0 days 00:00:35.208000,11279.503632457143,161.52857965714287,3,96.0,True,0,pos,1544.7646881930154,0.37570069546933726,OnTrack,-8.0,9101.0,2348.0,8229.921,35.208
2026-07-26 14:26:20.274,0 days 02:17:09.932000,16,306.86416666666696,0 days 00:00:35.219000,11283.0,162.0,3,96.0,True,0,car,1545.265277777778,0.3758224433682745,OnTrack,-7.9997118733775325,9101.000948046369,2348.104260150432,8229.932,35.219
2026-07-26 14:26:20.463,0 days 02:17:10.121000,16,309.6466694933335,0 days 00:00:35.408000,10909.049620114285,162.67500068571428,3,31.19993417142857,True,0,pos,1553.8273644117312,0.3779048200096048,OnTrack,-8.0,9101.0,2349.0,8230.121,35.408
2026-07-26 14:26:20.554,0 days 02:17:10.212000,16,310.986388888889,0 days 00:00:35.499000,10729.0,163.0,3,0.0,False,0,car,1557.943055555556,0.3789057931914041,OnTrack,-8.02308797820541,9100.924240768029,2349.354546641654,8230.212,35.499
2026-07-26 14:26:20.683,0 days 02:17:10.341000,16,312.88555838222254,0 days 00:00:35.628000,10729.0,163.0,3,0.0,False,0,pos,1563.7838111666283,0.38032631760002017,OnTrack,-8.0,9101.0,2350.0,8230.341,35.628
2026-07-26 14:26:20.754,0 days 02:17:10.412000,16,313.9308333333338,0 days 00:00:35.699000,10729.0,163.0,3,0.0,False,0,car,1566.9986111111114,0.38110818592221096,OnTrack,-7.90228691266807,9101.320621571309,2350.478168530172,8230.412,35.699
2026-07-26 14:26:20.954,0 days 02:17:10.612000,16,316.8752777777779,0 days 00:00:35.899000,10729.0,163.0,3,0.0,False,0,car,1576.054166666667,0.3833105786530179,OnTrack,-7.585616668273554,9102.359695495734,2352.2137031704538,8230.612,35.899
2026-07-26 14:26:21.043,0 days 02:17:10.701000,16,318.1855583822224,0 days 00:00:35.988000,10729.0,163.0,3,0.0,False,0,pos,1580.0954133169582,0.38429344626300543,OnTrack,-8.0,9101.0,2353.0,8230.701,35.988
2026-07-26 14:26:21.234,0 days 02:17:10.892000,16,320.9975000000002,0 days 00:00:36.179000,10729.0,163.0,3,0.0,False,0,car,1588.731944444445,0.3863939284761475,OnTrack,-9.585926280979256,9095.79617936732,2354.5691435122963,8230.892,36.179
2026-07-26 14:26:21.303,0 days 02:17:10.961000,16,322.18583664000016,0 days 00:00:36.248000,10723.8249856,162.01428297142857,3,0.0,False,0,pos,1591.804335508879,0.38714116167514817,OnTrack,-8.0,9101.0,2355.0,8230.961,36.248
2026-07-26 14:26:21.514,0 days 02:17:11.172000,16,325.81972222222225,0 days 00:00:36.459000,10708.0,159.0,3,0.0,False,0,car,1601.0986111111117,0.3894016132729427,OnTrack,-0.3672477455091212,9126.044968337541,2355.7992313272994,8231.172,36.459
2026-07-26 14:26:21.563,0 days 02:17:11.221000,16,326.66361441777786,0 days 00:00:36.508000,10708.0,159.0,3,0.0,False,0,pos,1603.2601062353635,0.3899273083691874,OnTrack,-8.0,9101.0,2356.0,8231.221,36.508
2026-07-26 14:26:21.754,0 days 02:17:11.412000,16,329.9530555555559,0 days 00:00:36.699000,10708.0,159.0,3,0.0,False,0,car,1611.6986111111114,0.39197962881305276,OnTrack,-49.55999460733485,8964.631267694544,2357.27805418988,8231.412,36.699
2026-07-26 14:26:21.803,0 days 02:17:11.461000,16,330.7969477511115,0 days 00:00:36.748000,10708.0,159.0,3,0.0,False,0,pos,1613.8610614031948,0.3925055562147232,OnTrack,-8.0,9101.0,2358.0,8231.461,36.748
2026-07-26 14:26:22.023,0 days 02:17:11.681000,16,334.58583664000025,0 days 00:00:36.968000,10708.0,159.0,3,0.0,False,0,pos,1623.5695509136522,0.3948667483683982,OnTrack,440.0,10571.0,2359.0,8231.681,36.968
2026-07-26 14:26:22.074,0 days 02:17:11.732000,16,335.46416666666687,0 days 00:00:37.019000,10708.0,159.0,3,0.0,False,0,car,1625.8319444444448,0.39541698286653293,OnTrack,501.3038636075896,10772.153302465493,2355.352981623583,8231.732,37.019
2026-07-26 14:26:22.234,0 days 02:17:11.892000,16,338.2197222222221,0 days 00:00:37.179000,10568.0,159.0,3,0.0,False,0,car,1632.8986111111117,0.3971356598932731,OnTrack,506.06847113217566,10787.78717092474,2331.955190675772,8231.892,37.179
2026-07-26 14:26:22.403,0 days 02:17:12.061000,16,341.7405595555555,0 days 00:00:37.348000,10547.344420977777,152.8972152888889,3,1.4083349333333333,False,0,pos,1639.892596870443,0.39883666026826037,OnTrack,440.0,10571.0,2313.0,8232.061,37.348
2026-07-26 14:26:22.594,0 days 02:17:12.252000,16,345.7197222222221,0 days 00:00:37.539000,10524.0,146.0,3,3.0,False,0,car,1647.4986111111116,0.40068651148625495,OnTrack,439.66360003377895,10569.896187596896,2313.845669701135,8232.252,37.539
2026-07-26 14:26:22.603,0 days 02:17:12.261000,16,345.9072262222221,0 days 00:00:37.548000,10524.0,146.0,3,3.0,False,0,pos,1647.8601422309507,0.4007744391131586,OnTrack,440.0,10571.0,2314.0,8232.261,37.548
2026-07-26 14:26:22.882,0 days 02:17:12.540000,16,351.719722222222,0 days 00:00:37.827000,10524.0,146.0,3,3.0,False,0,pos,1659.1759991699087,0.4035265575129978,OnTrack,440.0,10571.0,2316.0,8232.54,37.827
2026-07-26 14:26:22.914,0 days 02:17:12.572000,16,352.38638888888863,0 days 00:00:37.859000,10524.0,146.0,3,3.0,False,0,car,1660.4763888888895,0.40384282401335,OnTrack,439.7977497302933,10570.336365879411,2316.1483680246606,8232.572,37.859
2026-07-26 14:26:23.274,0 days 02:17:12.932000,16,359.88638888888863,0 days 00:00:38.219000,10524.0,146.0,3,3.0,False,0,car,1675.0763888888894,0.40739367560633183,OnTrack,439.9926325919018,10570.97582506591,2317.96789790104,8232.932,38.219
2026-07-26 14:26:23.282,0 days 02:17:12.940000,16,360.0530554884694,0 days 00:00:38.227000,10481.735866068582,146.0,3,3.452830006408048,False,0,pos,1675.4007669092348,0.40747256726456965,OnTrack,440.0,10571.0,2318.0,8232.94,38.227
2026-07-26 14:26:23.433,0 days 02:17:13.091000,16,363.19888888888863,0 days 00:00:38.378000,9684.0,146.0,3,12.0,True,0,car,1681.5247222222226,0.4089619683932321,OnTrack,440.0147396237643,10571.048378726315,2318.547079214367,8233.091,38.378
2026-07-26 14:26:23.502,0 days 02:17:13.160000,16,364.6363928888887,0 days 00:00:38.447000,9670.692820114285,146.0,3,12.0,True,0,pos,1684.3236261777422,0.4096426870623458,OnTrack,440.0,10571.0,2319.0,8233.16,38.447
2026-07-26 14:26:23.702,0 days 02:17:13.360000,16,368.8030595555554,0 days 00:00:38.647000,9632.121391542858,146.0,3,12.0,True,0,pos,1692.434538519728,0.4116153340493373,OnTrack,440.0,10571.0,2321.0,8233.36,38.647
2026-07-26 14:26:23.713,0 days 02:17:13.371000,16,369.0322222222221,0 days 00:00:38.658000,9630.0,146.0,3,12.0,True,0,car,1692.8802777777782,0.4117237418544403,OnTrack,440.000299810391,10571.0010078981,2321.0619541283013,8233.371,38.658
2026-07-26 14:26:23.953,0 days 02:17:13.611000,16,374.03222222222234,0 days 00:00:38.898000,9630.0,146.0,3,12.0,True,0,car,1702.6136111111116,0.41409097624976154,OnTrack,440.0001233566463,10571.000957695265,2320.9266670442935,8233.611,38.898
2026-07-26 14:26:24.002,0 days 02:17:13.660000,16,375.0530542222224,0 days 00:00:38.947000,9630.0,146.0,3,12.0,True,0,pos,1704.6128177980524,0.4145772013353111,OnTrack,440.0,10571.0,2321.0,8233.66,38.947
2026-07-26 14:26:24.182,0 days 02:17:13.840000,16,378.8030595555558,0 days 00:00:39.127000,9630.0,146.0,3,12.0,True,0,pos,1711.9459892289458,0.41636069472277665,OnTrack,440.0,10571.0,2322.0,8233.84,39.127
2026-07-26 14:26:24.233,0 days 02:17:13.891000,16,379.86555555555583,0 days 00:00:39.178000,9630.0,146.0,3,12.0,True,0,car,1713.969166666667,0.4168527497109696,OnTrack,439.9988159888486,10571.001056657573,2322.293037011636,8233.891,39.178
2026-07-26 14:26:24.382,0 days 02:17:14.040000,16,384.58389496888896,0 days 00:00:39.327000,9630.0,141.03332693333334,3,12.0,True,0,pos,1719.7054799390553,0.4182478728014561,OnTrack,440.0,10571.0,2323.0,8234.04,39.327
2026-07-26 14:26:24.473,0 days 02:17:14.131000,16,387.4655555555555,0 days 00:00:39.418000,9630.0,138.0,3,12.0,False,0,car,1723.169166666667,0.41909027263257465,OnTrack,440.0154769470456,10570.987371657615,2323.3060987310105,8234.131,39.418
2026-07-26 14:26:24.622,0 days 02:17:14.280000,16,392.1838949688889,0 days 00:00:39.567000,9630.0,138.0,3,12.0,False,0,pos,1728.8767209343732,0.4204784012739113,OnTrack,440.0,10571.0,2324.0,8234.28,39.567
2026-07-26 14:26:24.713,0 days 02:17:14.371000,16,395.06555555555565,0 days 00:00:39.658000,9630.0,138.0,3,12.0,False,0,car,1732.369166666667,0.42132779555417965,OnTrack,439.90725443266746,10571.075545936932,2324.8908738760692,8234.371,39.658
2026-07-26 14:26:24.822,0 days 02:17:14.480000,16,398.5172283022224,0 days 00:00:39.767000,9630.0,138.0,3,12.0,False,0,pos,1736.5482348431995,0.42234418260156464,OnTrack,440.0,10571.0,2326.0,8234.48,39.767
2026-07-26 14:26:24.913,0 days 02:17:14.571000,16,401.39888888888913,0 days 00:00:39.858000,9630.0,138.0,3,12.0,False,0,car,1740.0358333333336,0.4231923979888505,OnTrack,440.5307124537404,10570.56772276654,2326.5320444107733,8234.571,39.858
2026-07-26 14:26:25.042,0 days 02:17:14.700000,16,405.4838868622223,0 days 00:00:39.987000,9630.0,138.0,3,12.0,False,0,pos,1744.980613605146,0.4243950131193375,OnTrack,440.0,10571.0,2327.0,8234.7,39.987
2026-07-26 14:26:25.153,0 days 02:17:14.811000,16,408.9988888888888,0 days 00:00:40.098000,9630.0,138.0,3,12.0,False,0,car,1749.2358333333336,0.4254299209104555,OnTrack,435.9931926823056,10574.26363057565,2327.544476770994,8234.811,40.098
2026-07-26 14:26:25.242,0 days 02:17:14.900000,16,411.86666460444434,0 days 00:00:40.187000,9786.385601828571,138.0,3,25.667847314285716,False,0,pos,1752.6477316487037,0.4262597253329366,OnTrack,440.0,10571.0,2328.0,8234.9,40.187
2026-07-26 14:26:25.433,0 days 02:17:15.091000,16,418.02111111111094,0 days 00:00:40.378000,10122.0,138.0,3,55.0,False,0,car,1759.969166666667,0.4280403643189947,OnTrack,457.3968938732397,10556.829856736675,2328.8640665949238,8235.091,40.378
2026-07-26 14:26:25.462,0 days 02:17:15.120000,16,418.9555617422221,0 days 00:00:40.407000,10122.0,138.0,3,55.0,False,0,pos,1761.0805467669136,0.42831066197648565,OnTrack,440.0,10571.0,2329.0,8235.12,40.407
2026-07-26 14:26:25.633,0 days 02:17:15.291000,16,424.4655555555555,0 days 00:00:40.578000,10122.0,138.0,3,55.0,False,0,car,1767.6358333333337,0.4299049667536656,OnTrack,177.8843034939765,10784.498857751745,2329.8759075498742,8235.291,40.578
2026-07-26 14:26:25.783,0 days 02:17:15.441000,16,429.29889429687563,0 days 00:00:40.728000,10122.0,138.0,3,55.0,False,0,pos,1773.3976536662221,0.43130629339116644,OnTrack,440.0,10571.0,2331.0,8235.441,40.728
2026-07-26 14:26:25.874,0 days 02:17:15.532000,16,432.2311111111112,0 days 00:00:40.819000,10122.0,138.0,3,55.0,False,0,car,1776.874166666667,0.4321518126874439,OnTrack,1113.5387662922155,10022.38822600318,2331.9457108778283,8235.532,40.819
2026-07-26 14:26:25.983,0 days 02:17:15.641000,16,435.7433395200002,0 days 00:00:40.928000,10122.0,138.0,3,55.0,False,0,pos,1781.002320712847,0.43315581695942706,OnTrack,1955.0,9337.0,2333.0,8235.641,40.928
2026-07-26 14:26:26.194,0 days 02:17:15.852000,16,442.54222222222256,0 days 00:00:41.139000,10122.0,138.0,3,55.0,False,0,car,1789.1408333333336,0.4351351765829173,OnTrack,2062.9673876172124,9249.058246653754,2333.6895019419526,8235.852,41.139
2026-07-26 14:26:26.283,0 days 02:17:15.941000,16,445.138061155556,0 days 00:00:41.228000,10122.0,142.4500096,3,73.17087253333334,False,0,pos,1792.7885209268065,0.43602232708305316,OnTrack,1955.0,9337.0,2334.0,8235.941,41.228
2026-07-26 14:26:26.434,0 days 02:17:16.092000,16,449.5422222222228,0 days 00:00:41.379000,10122.0,150.0,3,104.0,True,0,car,1799.1408333333334,0.4375672667150966,OnTrack,1930.2356157058764,9357.171122256717,2335.0057362594844,8236.092,41.379
2026-07-26 14:26:26.543,0 days 02:17:16.201000,16,452.72139448888925,0 days 00:00:41.488000,10122.0,150.0,3,104.0,True,0,pos,1803.6913551490684,0.4386739946355282,OnTrack,1955.0,9337.0,2336.0,8236.201,41.488
2026-07-26 14:26:26.674,0 days 02:17:16.332000,16,456.54222222222234,0 days 00:00:41.619000,10122.0,150.0,3,104.0,True,0,car,1809.1408333333334,0.439999356847276,OnTrack,1962.459458941658,9330.92411067064,2337.401496610742,8236.332,41.619
2026-07-26 14:26:26.843,0 days 02:17:16.501000,16,461.471394488889,0 days 00:00:41.788000,10122.0,150.0,3,104.0,True,0,pos,1816.187694831523,0.4417132170785341,OnTrack,1955.0,9337.0,2339.0,8236.501,41.788
2026-07-26 14:26:26.914,0 days 02:17:16.572000,16,463.54222222222234,0 days 00:00:41.859000,10122.0,150.0,3,104.0,True,0,car,1819.1408333333334,0.4424314469794553,OnTrack,1953.9518484928878,9337.85374188761,2339.376211223557,8236.572,41.859
2026-07-26 14:26:27.103,0 days 02:17:16.761000,16,469.0547278222225,0 days 00:00:42.048000,10122.0,150.0,3,104.0,True,0,pos,1826.9861328236827,0.4443394945269023,OnTrack,1955.0,9337.0,2340.0,8236.761,42.048
2026-07-26 14:26:27.154,0 days 02:17:16.812000,16,470.54222222222256,0 days 00:00:42.099000,10122.0,150.0,3,104.0,True,0,car,1829.1408333333331,0.4448635371116346,OnTrack,1955.1716483767468,9336.860188715033,2340.277583203025,8236.812,42.099
2026-07-26 14:26:27.403,0 days 02:17:17.061000,16,476.1447265422226,0 days 00:00:42.348000,10122.0,155.4468792,3,65.8718456,True,0,pos,1839.9828439275805,0.4475004118095599,OnTrack,1955.0,9337.0,2342.0,8237.061,42.348
2026-07-26 14:26:27.474,0 days 02:17:17.132000,16,477.7422222222226,0 days 00:00:42.419000,10122.0,157.0,3,55.0,False,0,car,1843.0963888888887,0.4482576540072094,OnTrack,1954.9530659987831,9337.038228749763,2342.3329961458435,8237.132,42.419
2026-07-26 14:26:27.794,0 days 02:17:17.452000,16,484.94222222222265,0 days 00:00:42.739000,10122.0,157.0,3,55.0,False,0,car,1857.0519444444442,0.45165177090278413,OnTrack,1954.9963872787869,9337.002942636882,2343.7021075279235,8237.452,42.739
2026-07-26 14:26:27.823,0 days 02:17:17.481000,16,485.59472654222253,0 days 00:00:42.768000,10122.0,157.0,3,55.0,False,0,pos,1858.3183738969326,0.45195977796023395,OnTrack,1955.0,9337.0,2344.0,8237.481,42.768
2026-07-26 14:26:27.994,0 days 02:17:17.652000,16,489.442222222222,0 days 00:00:42.939000,10122.0,157.0,3,55.0,False,0,car,1865.7741666666666,0.4537730939625184,OnTrack,1955.001352086513,9336.998898708442,2346.3789902781355,8237.652,42.939
2026-07-26 14:26:28.043,0 days 02:17:17.701000,16,490.544726542222,0 days 00:00:42.988000,10122.0,157.0,3,55.0,False,0,pos,1867.8894142834079,0.4542875412480976,OnTrack,1955.0,9337.0,2347.0,8237.701,42.988
2026-07-26 14:26:28.194,0 days 02:17:17.852000,16,493.9422222222222,0 days 00:00:43.139000,10122.0,157.0,3,55.0,False,0,car,1874.496388888889,0.4558944170222527,OnTrack,1954.9981567001466,9337.001501303474,2348.337266418112,8237.852,43.139
2026-07-26 14:26:28.394,0 days 02:17:18.052000,16,496.4422222222224,0 days 00:00:43.339000,10122.0,171.0,3,104.0,True,0,car,1883.9963888888888,0.45820490264782304,OnTrack,1954.9996434976779,9337.000290156462,2348.9454724855914,8238.052,43.339
2026-07-26 14:26:28.503,0 days 02:17:18.161000,16,497.77444679111125,0 days 00:00:43.448000,10122.0,171.0,3,104.0,True,0,pos,1889.2060168315386,0.4594719311189876,OnTrack,1955.0,9337.0,2349.0,8238.161,43.448
2026-07-26 14:26:28.543,0 days 02:17:18.201000,16,498.2633356800001,0 days 00:00:43.488000,10122.0,171.0,3,104.0,True,0,pos,1891.1089337205483,0.45993473765779935,OnTrack,1955.0,9337.0,2349.0,8238.201,43.488
2026-07-26 14:26:28.763,0 days 02:17:18.421000,16,500.9522245688889,0 days 00:00:43.708000,10122.0,171.0,3,104.0,True,0,pos,1901.5297988162108,0.4624691859745927,OnTrack,1955.0,9337.0,2351.0,8238.421,43.708
2026-07-26 14:26:28.834,0 days 02:17:18.492000,16,501.81999999999994,0 days 00:00:43.779000,10122.0,171.0,3,104.0,True,0,car,1904.896388888889,0.463287971024078,OnTrack,1954.9999956728122,9337.000022318805,2351.8108717326236,8238.492,43.779
2026-07-26 14:26:29.043,0 days 02:17:18.701000,16,504.3744467911112,0 days 00:00:43.988000,10122.0,171.0,3,104.0,True,0,pos,1914.8229619092162,0.4657022030529876,OnTrack,1955.0,9337.0,2354.0,8238.701,43.988
2026-07-26 14:26:29.114,0 days 02:17:18.772000,16,505.2422222222224,0 days 00:00:44.059000,10122.0,171.0,3,104.0,True,0,car,1918.1963888888888,0.4665226508998765,OnTrack,1955.0000374201234,9336.999852475139,2354.5992718336283,8238.772,44.059
2026-07-26 14:26:29.314,0 days 02:17:18.972000,16,507.6866666666665,0 days 00:00:44.259000,10402.0,171.0,3,104.0,True,0,car,1927.696388888889,0.46883313652544695,OnTrack,1955.0002411051544,9336.999057182797,2355.87268496987,8238.972,44.259
2026-07-26 14:26:29.522,0 days 02:17:19.180000,16,510.2288888888887,0 days 00:00:44.467000,10656.8,171.0,3,101.02857142857142,True,0,pos,1937.5763967789073,0.4712360434949637,OnTrack,1955.0,9337.0,2357.0,8239.18,44.467
2026-07-26 14:26:29.594,0 days 02:17:19.252000,16,511.1088888888887,0 days 00:00:44.539000,10745.0,171.0,3,100.0,True,0,car,1940.996388888889,0.4720678164012455,OnTrack,1954.9997297984403,9337.001055204308,2357.4024030431688,8239.252,44.539
2026-07-26 14:26:29.882,0 days 02:17:19.540000,16,514.6288888888888,0 days 00:00:44.827000,10745.0,171.0,3,100.0,True,0,pos,1954.676246039146,0.4753948809597218,OnTrack,1955.0,9337.0,2359.0,8239.54,44.827
2026-07-26 14:26:29.914,0 days 02:17:19.572000,16,515.02,0 days 00:00:44.859000,10745.0,171.0,3,100.0,True,0,car,1956.196388888889,0.47576459340215815,OnTrack,1955.0005732286172,9336.997761791503,2359.163090181032,8239.572,44.859
2026-07-26 14:26:30.082,0 days 02:17:19.740000,16,517.0733330039767,0 days 00:00:45.027000,10745.0,171.0,3,100.0,True,0,pos,1964.17793382773,0.47770577707068823,OnTrack,1955.0,9337.0,2360.0,8239.74,45.027
2026-07-26 14:26:30.262,0 days 02:17:19.920000,16,519.273335779983,0 days 00:00:45.207000,10745.0,171.0,3,100.0,True,0,pos,1972.7278403546088,0.47978519140019604,OnTrack,1955.0,9337.0,2361.0,8239.92,45.207
2026-07-26 14:26:30.313,0 days 02:17:19.971000,16,519.8966666666668,0 days 00:00:45.258000,10745.0,171.0,3,100.0,True,0,car,1975.1488888888891,0.4803740122251711,OnTrack,1955.0285126007607,9336.888671253964,2361.2981519751493,8239.971,45.258
2026-07-26 14:26:30.422,0 days 02:17:20.080000,16,521.2288912355557,0 days 00:00:45.367000,10745.0,171.0,3,100.0,True,0,pos,1980.3211632465782,0.4816319559677971,OnTrack,1955.0,9337.0,2362.0,8240.08,45.367
2026-07-26 14:26:30.662,0 days 02:17:20.320000,16,524.1622245688891,0 days 00:00:45.607000,10745.0,171.0,3,100.0,True,0,pos,1991.712745775085,0.4844024915135459,OnTrack,1955.0,9337.0,2364.0,8240.32,45.607
2026-07-26 14:26:30.753,0 days 02:17:20.411000,16,525.2744444444447,0 days 00:00:45.698000,10745.0,171.0,4,100.0,False,0,car,1996.048888888889,0.48545708060142595,OnTrack,1957.2315143443689,9328.286950809923,2364.6226627585143,8240.411,45.698
2026-07-26 14:26:30.902,0 days 02:17:20.560000,16,527.0955579022226,0 days 00:00:45.847000,10745.0,171.0,4,100.0,False,0,pos,2003.1732299634577,0.48718978456399975,OnTrack,1955.0,9337.0,2366.0,8240.56,45.847
2026-07-26 14:26:31.073,0 days 02:17:20.731000,16,529.185555555556,0 days 00:00:46.018000,10745.0,171.0,4,100.0,False,0,car,2011.248888888889,0.4891538576023386,OnTrack,1937.4835933648606,9405.393605907208,2369.2232642939634,8240.731,46.018
2026-07-26 14:26:31.122,0 days 02:17:20.780000,16,529.7844436622228,0 days 00:00:46.067000,10745.0,171.0,4,100.0,False,0,pos,2013.512406582849,0.4897043655070879,OnTrack,1955.0,9337.0,2370.0,8240.78,46.067
2026-07-26 14:26:31.233,0 days 02:17:20.891000,16,531.1411111111117,0 days 00:00:46.178000,10745.0,171.0,4,100.0,False,0,car,2018.848888888889,0.4910022461027949,OnTrack,2054.0367243168134,8950.306608235684,2371.101983255755,8240.891,46.178
2026-07-26 14:26:31.473,0 days 02:17:21.131000,16,531.2744444444447,0 days 00:00:46.418000,10587.0,213.0,4,100.0,False,0,car,2033.048888888889,0.4944558140904896,OnTrack,2376.8971607796725,7689.683358592061,2371.810445885479,8241.131,46.418
2026-07-26 14:26:31.502,0 days 02:17:21.160000,16,531.2905556622226,0 days 00:00:46.447000,10587.0,213.0,4,100.0,False,0,pos,2034.7911660266836,0.4948795515939248,OnTrack,2395.0,7619.0,2372.0,8241.16,46.447
2026-07-26 14:26:31.673,0 days 02:17:21.331000,16,531.385555555556,0 days 00:00:46.618000,10587.0,213.0,5,100.0,False,0,car,2044.8822222222225,0.4973337874135686,OnTrack,2401.8116322758324,7592.403672159568,2373.6152834570617,8241.331,46.618
2026-07-26 14:26:31.722,0 days 02:17:21.380000,16,531.4127777422227,0 days 00:00:46.667000,10587.0,213.0,5,100.0,False,0,pos,2047.7603094682497,0.49803376417263,OnTrack,2395.0,7619.0,2374.0,8241.38,46.667
2026-07-26 14:26:32.182,0 days 02:17:21.840000,16,531.6683334400003,0 days 00:00:47.127000,10587.0,213.0,5,100.0,False,0,pos,2074.8445181821367,0.5046208878477231,OnTrack,2395.0,7619.0,2375.0,8241.84,47.127
2026-07-26 14:26:32.313,0 days 02:17:21.971000,16,531.7411111111114,0 days 00:00:47.258000,10587.0,213.0,5,100.0,False,0,car,2082.7488888888893,0.5065433020474212,OnTrack,2395.3464136917432,7617.647412003565,2376.0146891769687,8241.971,47.258
2026-07-26 14:26:32.403,0 days 02:17:22.061000,16,531.7661111533059,0 days 00:00:47.348000,10587.0,215.9875569095587,5,100.0,False,0,pos,2088.2489240673867,0.5078809601758474,OnTrack,2395.0,7619.0,2375.0,8242.061,47.348
2026-07-26 14:26:32.554,0 days 02:17:22.212000,16,531.8080555555557,0 days 00:00:47.499000,10587.0,221.0,5,100.0,False,0,car,2097.5436111111117,0.5101415118399213,OnTrack,2394.864207312977,7619.53020865099,2367.413110509326,8242.212,47.499
2026-07-26 14:26:32.714,0 days 02:17:22.372000,16,531.8525,0 days 00:00:47.659000,10587.0,221.0,5,100.0,False,0,car,2107.3658333333337,0.5125303648141952,OnTrack,2394.996125984283,7619.0151262564705,2359.1860807029093,8242.372,47.659
2026-07-26 14:26:32.723,0 days 02:17:22.381000,16,531.8550000533334,0 days 00:00:47.668000,10587.0,221.0,5,100.0,False,0,pos,2107.9177557272137,0.5126645973149837,OnTrack,2395.0,7619.0,2359.0,8242.381,47.668
2026-07-26 14:26:32.963,0 days 02:17:22.621000,16,531.9216667200002,0 days 00:00:47.908000,10587.0,221.0,5,100.0,False,0,pos,2122.618766461186,0.5162400156288994,OnTrack,2395.0,7619.0,2362.0,8242.621,47.908
2026-07-26 14:26:33.154,0 days 02:17:22.812000,16,531.9747222222227,0 days 00:00:48.099000,10587.0,221.0,5,100.0,False,0,car,2134.3769444444447,0.5190997104934486,OnTrack,2394.9946568764367,7619.020859101849,2364.828301114696,8242.812,48.099
2026-07-26 14:26:33.383,0 days 02:17:23.041000,16,531.8474998933333,0 days 00:00:48.328000,10587.0,222.90833493333332,5,100.0,False,0,pos,2148.6126503496157,0.5225619624791059,OnTrack,2395.0,7619.0,2366.0,8243.041,48.328
2026-07-26 14:26:33.403,0 days 02:17:23.061000,16,531.8363887822222,0 days 00:00:48.348000,10587.0,223.0750016,5,100.0,False,0,pos,2149.859627123459,0.5228652384697781,OnTrack,2395.0,7619.0,2366.0,8243.061,48.348
2026-07-26 14:26:33.514,0 days 02:17:23.172000,16,531.774722222222,0 days 00:00:48.459000,10587.0,224.0,5,100.0,False,0,car,2156.7769444444452,0.5245475923895305,OnTrack,2394.9999216336046,7619.000112429162,2367.191238444448,8243.172,48.459
2026-07-26 14:26:33.623,0 days 02:17:23.281000,16,531.71416656,0 days 00:00:48.568000,10587.0,224.0,5,100.0,False,0,pos,2163.5640555801915,0.5261982789914558,OnTrack,2395.0,7619.0,2369.0,8243.281,48.568
2026-07-26 14:26:33.754,0 days 02:17:23.412000,16,531.6413888888892,0 days 00:00:48.699000,10587.0,224.0,5,100.0,False,0,car,2171.710277777778,0.528179513653585,OnTrack,2395.000550531907,7618.999507738908,2370.176240619006,8243.412,48.699
2026-07-26 14:26:33.923,0 days 02:17:23.581000,16,531.5474998933338,0 days 00:00:48.868000,10587.0,224.0,5,100.0,False,0,pos,2182.1960291458704,0.5307297428966673,OnTrack,2395.0,7619.0,2371.0,8243.581,48.868
2026-07-26 14:26:34.074,0 days 02:17:23.732000,16,531.4636111111117,0 days 00:00:49.019000,10587.0,224.0,5,100.0,False,0,car,2191.621388888889,0.5330220753389909,OnTrack,2394.9964855041762,7619.003058792667,2372.1530195213936,8243.732,49.019
2026-07-26 14:26:34.163,0 days 02:17:23.821000,16,531.3152774577783,0 days 00:00:49.108000,10720.500288,225.2714313142857,5,100.0,False,0,pos,2197.233160417793,0.5343869087549401,OnTrack,2395.0,7619.0,2373.0,8243.821,49.108
2026-07-26 14:26:34.354,0 days 02:17:24.012000,16,530.9969444444446,0 days 00:00:49.299000,11007.0,228.0,5,100.0,False,0,car,2209.354722222223,0.5373349818400558,OnTrack,2395.010856811109,7618.990553788916,2374.885052045551,8244.012,49.299
2026-07-26 14:26:34.383,0 days 02:17:24.041000,16,530.9486107911113,0 days 00:00:49.328000,11066.2691424,228.0,5,100.0,False,0,pos,2211.192832850041,0.5377820269120328,OnTrack,2395.0,7619.0,2375.0,8244.041,49.328
2026-07-26 14:26:34.483,0 days 02:17:24.141000,16,530.7819441244444,0 days 00:00:49.428000,11270.6441424,228.0,5,100.0,False,0,pos,2217.525284594767,0.539322136252118,OnTrack,2395.0,7619.0,2375.0,8244.141,49.428
2026-07-26 14:26:34.514,0 days 02:17:24.172000,16,530.7302777777777,0 days 00:00:49.459000,11334.0,228.0,5,100.0,False,0,car,2219.4880555555565,0.5397994998406643,OnTrack,2395.087220063294,7618.92411246952,2375.002223292757,8244.172,49.459
2026-07-26 14:26:34.723,0 days 02:17:24.381000,16,530.3819441244444,0 days 00:00:49.668000,11334.0,228.0,5,100.0,False,0,pos,2232.723750941728,0.5430185402547882,OnTrack,2395.0,7619.0,2375.0,8244.381,49.668
2026-07-26 14:26:34.834,0 days 02:17:24.492000,16,530.1969444444444,0 days 00:00:49.779000,11334.0,228.0,5,100.0,False,0,car,2239.7547222222233,0.5447285358418812,OnTrack,2392.378127780982,7621.281211327756,2374.260420228296,8244.492,49.779
2026-07-26 14:26:34.883,0 days 02:17:24.541000,16,530.1152774577777,0 days 00:00:49.828000,11334.0,228.0,5,100.0,False,0,pos,2242.8587711819373,0.5454834685263533,OnTrack,2395.0,7619.0,2374.0,8244.541,49.828
2026-07-26 14:26:34.994,0 days 02:17:24.652000,16,529.9302777777775,0 days 00:00:49.939000,11334.0,228.0,5,100.0,False,0,car,2249.8880555555565,0.5471930538424896,OnTrack,2414.8472310562556,7601.73152750314,2373.9064663920476,8244.652,49.939
2026-07-26 14:26:35.083,0 days 02:17:24.741000,16,529.7819441244443,0 days 00:00:50.028000,11327.76998656,228.0,5,100.0,False,0,pos,2255.5170463329086,0.5485620751348623,OnTrack,2395.0,7619.0,2374.0,8244.741,50.028
2026-07-26 14:26:35.394,0 days 02:17:25.052000,16,529.2636111111115,0 days 00:00:50.339000,11306.0,228.0,5,100.0,False,0,car,2275.2213888888896,0.5533543488440106,OnTrack,2355.328642910437,7653.5168420152795,2373.0906742478865,8245.052,50.339
2026-07-26 14:26:35.403,0 days 02:17:25.061000,16,529.3286124977781,0 days 00:00:50.348000,11306.0,228.09643062857143,5,100.0,False,0,pos,2275.7958894021067,0.5534940725469233,OnTrack,2395.0,7619.0,2373.0,8245.061,50.348
2026-07-26 14:26:35.603,0 days 02:17:25.261000,16,530.7730569422223,0 days 00:00:50.548000,11306.0,230.23928777142856,5,100.0,False,0,pos,2288.625944538206,0.5566144575961057,OnTrack,3688.0,6494.0,2370.0,8245.261,50.548
2026-07-26 14:26:35.674,0 days 02:17:25.332000,16,531.2858333333334,0 days 00:00:50.619000,11306.0,231.0,5,100.0,False,0,car,2293.1880555555563,0.5577240041148261,OnTrack,3838.7701269968284,6362.8194950722545,2368.6894765919315,8245.332,50.619
2026-07-26 14:26:35.823,0 days 02:17:25.481000,16,532.3619458311111,0 days 00:00:50.768000,11306.0,231.0,5,100.0,False,0,pos,2302.7541084853624,0.5600505544082748,OnTrack,3688.0,6494.0,2366.0,8245.481,50.768
2026-07-26 14:26:36.034,0 days 02:17:25.692000,16,533.8858333333333,0 days 00:00:50.979000,11306.0,231.0,5,100.0,False,0,car,2316.288055555556,0.5633421323201605,OnTrack,3637.8521436164638,6537.632125626855,2363.7153520996335,8245.692,50.979
2026-07-26 14:26:36.242,0 days 02:17:25.900000,16,535.7347222222226,0 days 00:00:51.187000,11295.6,231.0,5,100.0,False,0,pos,2329.624666589559,0.5665857163294118,OnTrack,3688.0,6494.0,2362.0,8245.9,51.187
2026-07-26 14:26:36.394,0 days 02:17:26.052000,16,537.085833333334,0 days 00:00:51.339000,11288.0,231.0,5,100.0,False,0,car,2339.388055555556,0.5689602605254949,OnTrack,3691.483241872188,6490.969337106686,2360.2919624292376,8246.052,51.339
2026-07-26 14:26:36.502,0 days 02:17:26.160000,16,538.1958359644449,0 days 00:00:51.447000,11288.0,231.3857152,5,100.0,False,0,pos,2346.3422551243734,0.5706515845403475,OnTrack,3688.0,6494.0,2359.0,8246.16,51.447
2026-07-26 14:26:36.674,0 days 02:17:26.332000,16,539.9636111111113,0 days 00:00:51.619000,11288.0,232.0,5,100.0,False,0,car,2357.432500000001,0.5733488320528941,OnTrack,3686.628278369392,6495.19349338174,2357.0096347285676,8246.332,51.619
2026-07-26 14:26:36.882,0 days 02:17:26.540000,16,542.1013885077812,0 days 00:00:51.827000,11288.0,232.0,5,100.0,False,0,pos,2370.8360107979693,0.576608686687724,OnTrack,3688.0,6494.0,2354.0,8246.54,51.827
2026-07-26 14:26:37.033,0 days 02:17:26.691000,16,543.6533333333336,0 days 00:00:51.978000,11288.0,232.0,5,100.0,False,0,car,2380.5680555555564,0.5789756076898095,OnTrack,3688.0363331706803,6493.968387351852,2350.925047520563,8246.691,51.978
2026-07-26 14:26:37.082,0 days 02:17:26.740000,16,544.156943786667,0 days 00:00:52.027000,11288.0,232.0,5,100.0,False,0,pos,2383.727495278206,0.5797440119070766,OnTrack,3688.0,6494.0,2350.0,8246.74,52.027
2026-07-26 14:26:37.353,0 days 02:17:27.011000,16,546.9422222222224,0 days 00:00:52.298000,11288.0,232.0,5,100.0,False,0,car,2401.1902777777786,0.5839911180068372,OnTrack,3687.9763964011313,6494.020541952953,2346.546347512253,8247.011,52.298
2026-07-26 14:26:37.502,0 days 02:17:27.160000,16,548.5977799111116,0 days 00:00:52.447000,11217.96990976,231.25499904,5,25.499904000000004,False,0,pos,2410.7524004935185,0.5863167124368012,OnTrack,3688.0,6494.0,2345.0,8247.16,52.447
2026-07-26 14:26:37.553,0 days 02:17:27.211000,16,549.164444444445,0 days 00:00:52.498000,11194.0,231.0,5,0.0,True,0,car,2414.0236111111117,0.587112300343134,OnTrack,3688.0039092577617,6493.996594403903,2344.434258182237,8247.211,52.498
2026-07-26 14:26:37.753,0 days 02:17:27.411000,16,551.3866666666668,0 days 00:00:52.698000,11194.0,231.0,5,0.0,True,0,car,2426.856944444445,0.5902334826794309,OnTrack,3688.0019204777145,6493.998307670654,2342.06411089927,8247.411,52.698
2026-07-26 14:26:37.842,0 days 02:17:27.500000,16,552.375555107054,0 days 00:00:52.787000,11194.0,231.0,5,0.0,True,0,pos,2432.567920835541,0.5916224436120201,OnTrack,3688.0,6494.0,2341.0,8247.5,52.787
2026-07-26 14:26:37.994,0 days 02:17:27.652000,16,554.0644444444447,0 days 00:00:52.939000,11194.0,231.0,5,0.0,True,0,car,2442.321111111112,0.5939945073946686,OnTrack,3687.9995808495505,6494.000452932946,2339.208759420874,8247.652,52.939
2026-07-26 14:26:38.102,0 days 02:17:27.760000,16,555.2644468058695,0 days 00:00:53.047000,11194.0,231.0,5,0.0,True,0,pos,2449.2511090327866,0.5956799453508014,OnTrack,3688.0,6494.0,2338.0,8247.76,53.047
2026-07-26 14:26:38.153,0 days 02:17:27.811000,16,555.8311111111116,0 days 00:00:53.098000,11194.0,231.0,5,0.0,True,0,car,2452.5236111111117,0.5964758473520245,OnTrack,3688.0000790100153,6493.999803903315,2337.4573785283665,8247.811,53.098
2026-07-26 14:26:38.302,0 days 02:17:27.960000,16,557.7763913955561,0 days 00:00:53.247000,10833.206677942857,231.0,5,0.0,True,0,pos,2462.084569781072,0.598801158675563,OnTrack,3688.0,6494.0,2336.0,8247.96,53.247
2026-07-26 14:26:38.422,0 days 02:17:28.080000,16,559.3430580622227,0 days 00:00:53.367000,10542.63524937143,231.0,5,0.0,True,0,pos,2469.784483503015,0.60067384709374,OnTrack,3688.0,6494.0,2335.0,8248.08,53.367
2026-07-26 14:26:38.433,0 days 02:17:28.091000,16,559.4866666666671,0 days 00:00:53.378000,10516.0,231.0,5,0.0,True,0,car,2470.4902777777784,0.6008455026228402,OnTrack,3688.0000438167986,6493.99937500072,2334.9130177814395,8248.091,53.378
2026-07-26 14:26:38.642,0 days 02:17:28.300000,16,562.4474990933339,0 days 00:00:53.587000,10516.0,231.0,5,0.0,True,0,pos,2483.900752034977,0.6041070508337179,OnTrack,3688.0,6494.0,2333.0,8248.3,53.587
2026-07-26 14:26:38.673,0 days 02:17:28.331000,16,562.8866666666672,0 days 00:00:53.618000,10516.0,231.0,5,0.0,True,0,car,2485.8902777777785,0.6045909214263964,OnTrack,3687.9989473487835,6494.015218569805,2332.5498203570046,8248.331,53.618
2026-07-26 14:26:38.822,0 days 02:17:28.480000,16,564.9975027200012,0 days 00:00:53.767000,10516.0,231.0,5,0.0,True,0,pos,2495.4518021798476,0.6069163703410828,OnTrack,3688.0,6494.0,2330.0,8248.48,53.767
2026-07-26 14:26:38.833,0 days 02:17:28.491000,16,565.1533333333346,0 days 00:00:53.778000,10516.0,231.0,5,0.0,True,0,car,2496.156944444445,0.6070878672954338,OnTrack,3688.001805229488,6493.973896106805,2329.83147573213,8248.491,53.778
2026-07-26 14:26:39.074,0 days 02:17:28.732000,16,568.567500000001,0 days 00:00:54.019000,10516.0,231.0,5,0.0,True,0,car,2511.6211111111115,0.6108488920106715,OnTrack,3688.057762765355,6493.164732452856,2326.9477737507386,8248.732,54.019
2026-07-26 14:26:39.143,0 days 02:17:28.801000,16,569.5450027200009,0 days 00:00:54.088000,10481.499904,231.0,5,0.0,True,0,pos,2516.0965002873004,0.6119373469959787,OnTrack,3688.0,6494.0,2326.0,8248.801,54.088
2026-07-26 14:26:39.323,0 days 02:17:28.981000,16,572.0950027200006,0 days 00:00:54.268000,10391.499904,231.0,5,0.0,True,0,pos,2527.6799460051993,0.6147545453986922,OnTrack,3688.0,6494.0,2323.0,8248.981,54.268
2026-07-26 14:26:39.354,0 days 02:17:29.012000,16,572.5341666666673,0 days 00:00:54.299000,10376.0,231.0,5,0.0,True,0,car,2529.5877777777782,0.6152185472814872,OnTrack,3688.21474021765,6490.89478829554,2322.495158119698,8249.012,54.299
2026-07-26 14:26:39.523,0 days 02:17:29.181000,16,576.2427819911118,0 days 00:00:54.468000,10357.515604,218.3249856,5,0.0,True,0,pos,2539.4561580586546,0.6176186263116584,OnTrack,3688.0,6494.0,2320.0,8249.181,54.468
2026-07-26 14:26:39.603,0 days 02:17:29.261000,16,577.9983375466674,0 days 00:00:54.548000,10348.765604,212.3249856,5,0.0,True,0,pos,2543.959333216028,0.6187138390980307,OnTrack,3688.0,6494.0,2319.0,8249.261,54.548
2026-07-26 14:26:39.674,0 days 02:17:29.332000,16,579.5563888888896,0 days 00:00:54.619000,10341.0,207.0,4,0.0,False,0,car,2547.9877777777783,0.6196935931246972,OnTrack,3710.2240648289862,6172.632967214417,2318.1564645485814,8249.332,54.619
2026-07-26 14:26:39.863,0 days 02:17:29.521000,16,583.7038931022228,0 days 00:00:54.808000,10341.0,207.0,4,0.0,False,0,pos,2558.844582166426,0.6223340658067602,OnTrack,3814.0,4672.0,2316.0,8249.521,54.808
2026-07-26 14:26:39.914,0 days 02:17:29.572000,16,584.823055555556,0 days 00:00:54.859000,10341.0,207.0,4,0.0,False,0,car,2561.7877777777785,0.6230498775071048,OnTrack,3821.809179394986,4559.076787343229,2315.4117432539833,8249.572,54.859
2026-07-26 14:26:40.043,0 days 02:17:29.701000,16,587.6538931022232,0 days 00:00:54.988000,10341.0,207.0,4,0.0,False,0,pos,2569.233474984658,0.6248607381775094,OnTrack,3814.0,4672.0,2314.0,8249.701,54.988
2026-07-26 14:26:40.114,0 days 02:17:29.772000,16,589.2119444444456,0 days 00:00:55.059000,10341.0,207.0,4,0.0,False,0,car,2573.287777777778,0.625846781159111,OnTrack,3812.171742354447,4698.437181742141,2313.368681384918,8249.772,55.059
2026-07-26 14:26:40.263,0 days 02:17:29.921000,16,592.8541713600011,0 days 00:00:55.208000,10566.052373333334,204.2062464,4,0.0,False,0,pos,2581.6263497380405,0.6278747970172132,OnTrack,3814.0,4672.0,2312.0,8249.921,55.208
2026-07-26 14:26:40.423,0 days 02:17:30.081000,16,596.7652824711122,0 days 00:00:55.368000,10807.71904,201.2062464,4,0.0,False,0,pos,2590.354223803061,0.6299974946560571,OnTrack,3814.0,4672.0,2311.0,8250.081,55.368
2026-07-26 14:26:40.594,0 days 02:17:30.252000,16,600.9452777777788,0 days 00:00:55.539000,11066.0,198.0,4,0.0,False,0,car,2599.687777777778,0.6322674991080645,OnTrack,3813.9083186686357,4673.325209798947,2320.4840254730357,8250.252,55.539
2026-07-26 14:26:40.783,0 days 02:17:30.441000,16,605.5652824711123,0 days 00:00:55.728000,11066.0,198.0,4,0.0,False,0,pos,2610.0760271532663,0.6347940149877388,OnTrack,3814.0,4672.0,2333.0,8250.441,55.728
2026-07-26 14:26:40.914,0 days 02:17:30.572000,16,608.7675000000013,0 days 00:00:55.859000,11066.0,198.0,4,0.0,False,0,car,2617.287777777778,0.6365479777407002,OnTrack,3814.014419393812,4671.793805847081,2334.407485087837,8250.572,55.859
2026-07-26 14:26:41.074,0 days 02:17:30.732000,16,612.6786111111128,0 days 00:00:56.019000,11066.0,198.0,4,0.0,False,0,car,2626.087777777778,0.638688217057018,OnTrack,3814.0013056845096,4671.982750855759,2331.434776698316,8250.732,56.019
2026-07-26 14:26:41.103,0 days 02:17:30.761000,16,613.387504693335,0 days 00:00:56.048000,11066.0,198.0,4,0.0,False,0,pos,2627.6854641400564,0.6390767887806196,OnTrack,3814.0,4672.0,2331.0,8250.761,56.048
2026-07-26 14:26:41.274,0 days 02:17:30.932000,16,617.5675000000015,0 days 00:00:56.219000,11066.0,198.0,4,0.0,False,0,car,2637.087777777778,0.6413635162024153,OnTrack,3813.999740864427,4672.001269804956,2329.093519948418,8250.932,56.219
2026-07-26 14:26:41.283,0 days 02:17:30.941000,16,617.5950005866681,0 days 00:00:56.228000,11067.9500416,197.87499733333334,4,1.500032,False,0,pos,2637.5780245495025,0.6414827486359997,OnTrack,3814.0,4672.0,2329.0,8250.941,56.228
2026-07-26 14:26:41.463,0 days 02:17:31.121000,16,618.1450005866681,0 days 00:00:56.408000,11106.9500416,195.37499733333334,4,31.500032,False,0,pos,2647.262311065033,0.6438380544031617,OnTrack,3814.0,4672.0,2327.0,8251.121,56.408
2026-07-26 14:26:41.634,0 days 02:17:31.292000,16,618.6675000000014,0 days 00:00:56.579000,11144.0,193.0,4,60.0,True,0,car,2656.387777777778,0.6460574501575215,OnTrack,3813.9694574862115,4672.072030294539,2324.736720030418,8251.292,56.579
2026-07-26 14:26:41.683,0 days 02:17:31.341000,16,618.8172228088903,0 days 00:00:56.628000,11144.0,193.0,4,60.0,True,0,pos,2659.010726267743,0.6466953748714873,OnTrack,3814.0,4672.0,2324.0,8251.341,56.628
2026-07-26 14:26:41.834,0 days 02:17:31.492000,16,619.2786111111127,0 days 00:00:56.779000,11144.0,193.0,4,60.0,True,0,car,2667.11,0.6486651912436916,OnTrack,3814.2721505765826,4671.359430513234,2321.455796183872,8251.492,56.779
2026-07-26 14:26:41.983,0 days 02:17:31.641000,16,619.7338894755571,0 days 00:00:56.928000,11144.0,193.0,4,60.0,True,0,pos,2675.1093877269873,0.6506107144391198,OnTrack,3814.0,4672.0,2319.0,8251.641,56.928
2026-07-26 14:26:42.223,0 days 02:17:31.881000,16,620.4672228088904,0 days 00:00:57.168000,11144.0,193.0,4,60.0,True,0,pos,2687.9676271751455,0.6537379541670264,OnTrack,3814.0,4672.0,2316.0,8251.881,57.168
2026-07-26 14:26:42.234,0 days 02:17:31.892000,16,620.5008333333349,0 days 00:00:57.179000,11144.0,193.0,4,60.0,True,0,car,2688.5544444444445,0.6538806734160317,OnTrack,3814.3881553946026,4671.086540928429,2315.87830332809,8251.892,57.179
2026-07-26 14:26:42.394,0 days 02:17:32.052000,16,620.9897222222244,0 days 00:00:57.339000,11119.0,193.0,4,60.0,True,0,car,2697.132222222222,0.6559668662849678,OnTrack,3825.1878455617766,4645.671288663866,2314.21680696821,8252.052,57.339
2026-07-26 14:26:42.542,0 days 02:17:32.200000,16,620.2086097600021,0 days 00:00:57.487000,11498.62065664,199.66001152,4,89.6000512,True,0,pos,2705.419887547024,0.6579825011904934,OnTrack,3814.0,4672.0,2313.0,8252.2,57.487
2026-07-26 14:26:42.594,0 days 02:17:32.252000,16,619.9341666666687,0 days 00:00:57.539000,11632.0,202.0,4,100.0,False,0,car,2708.354444444444,0.6586962118777469,OnTrack,3799.689111449095,4705.678263746618,2312.6714187310777,8252.252,57.539
2026-07-26 14:26:42.702,0 days 02:17:32.360000,16,619.3641653155578,0 days 00:00:57.647000,11632.0,202.0,4,100.0,False,0,pos,2714.420817743963,0.6601716085417344,OnTrack,3814.0,4672.0,2312.0,8252.36,57.647
2026-07-26 14:26:42.794,0 days 02:17:32.452000,16,618.8786111111135,0 days 00:00:57.739000,11632.0,202.0,4,100.0,False,0,car,2719.5766666666664,0.6614255574705259,OnTrack,3977.612629583914,4286.965260057962,2311.1781625699564,8252.452,57.739
2026-07-26 14:26:43.022,0 days 02:17:32.680000,16,617.6752764266691,0 days 00:00:57.967000,11632.0,202.0,4,100.0,False,0,pos,2732.3694447525318,0.6645368764051053,OnTrack,4570.0,2893.0,2308.0,8252.68,57.967
2026-07-26 14:26:43.074,0 days 02:17:32.732000,16,617.4008333333359,0 days 00:00:58.019000,11632.0,202.0,4,100.0,False,0,car,2735.2877777777776,0.6652466413004167,OnTrack,4598.459571639199,2826.114770488347,2307.0188130919687,8252.732,58.019
2026-07-26 14:26:43.182,0 days 02:17:32.840000,16,616.8308319822248,0 days 00:00:58.127000,11637.70001351111,202.0,4,100.0,False,0,pos,2741.3483576248027,0.6667206289445402,OnTrack,4570.0,2893.0,2305.0,8252.84,58.127
2026-07-26 14:26:43.434,0 days 02:17:33.092000,16,615.5008333333362,0 days 00:00:58.379000,11651.0,202.0,4,100.0,False,0,car,2755.4877777777774,0.6701594633674189,OnTrack,4562.223790299641,2907.5946934483154,2303.013096224616,8253.092,58.379
2026-07-26 14:26:43.562,0 days 02:17:33.220000,16,613.5452781264032,0 days 00:00:58.507000,11276.6268076877,202.0,4,100.0,False,0,pos,2762.6699017217807,0.6719062206446488,OnTrack,4570.0,2893.0,2302.0,8253.22,58.507
2026-07-26 14:26:43.782,0 days 02:17:33.440000,16,610.1841637033767,0 days 00:00:58.727000,10633.17213465455,202.0,4,100.0,False,0,pos,2775.0144527748253,0.6749085267248782,OnTrack,4570.0,2893.0,2299.0,8253.44,58.727
2026-07-26 14:26:43.793,0 days 02:17:33.451000,16,610.0161111111138,0 days 00:00:58.738000,10601.0,202.0,4,100.0,True,0,car,2775.631666666666,0.6750586387064573,OnTrack,4569.275773502058,2891.596131388917,2298.8456277195146,8253.451,58.738
2026-07-26 14:26:44.033,0 days 02:17:33.691000,16,606.3494444444473,0 days 00:00:58.978000,10601.0,202.0,4,100.0,True,0,car,2789.098333333333,0.6783338534177922,OnTrack,4566.939607076356,2885.976795077576,2296.056529054109,8253.691,58.978
2026-07-26 14:26:44.042,0 days 02:17:33.700000,16,606.211945422225,0 days 00:00:58.987000,10601.0,202.0,4,100.0,True,0,pos,2789.603329488138,0.6784566730342811,OnTrack,4570.0,2893.0,2296.0,8253.7,58.987
2026-07-26 14:26:44.233,0 days 02:17:33.891000,16,603.2938888888912,0 days 00:00:59.178000,10601.0,202.0,4,100.0,True,0,car,2800.320555555555,0.6810631990105712,OnTrack,4659.785226212027,3100.2048236584724,2295.331488282259,8253.891,59.178
2026-07-26 14:26:44.302,0 days 02:17:33.960000,16,601.9905519288911,0 days 00:00:59.247000,10601.0,202.0,4,100.0,True,0,pos,2804.1922319678397,0.6820048256103022,OnTrack,4570.0,2893.0,2294.0,8253.96,59.247
2026-07-26 14:26:44.422,0 days 02:17:34.080000,16,599.7238852622246,0 days 00:00:59.367000,10601.0,202.0,4,100.0,True,0,pos,2810.9255621138127,0.6836424321907748,OnTrack,4243.0,2138.0,2293.0,8254.08,59.367
2026-07-26 14:26:44.513,0 days 02:17:34.171000,16,598.0050000000024,0 days 00:00:59.458000,10601.0,202.0,4,100.0,True,0,car,2816.0316666666663,0.684884282840462,OnTrack,4171.4314166528375,1972.0658281396609,2307.220401352358,8254.171,59.458
2026-07-26 14:26:44.642,0 days 02:17:34.300000,16,595.5683345422246,0 days 00:00:59.587000,10708.14161351111,202.0,4,100.0,True,0,pos,2823.2700154964855,0.6866447145166896,OnTrack,4243.0,2138.0,2332.0,8254.3,59.587
2026-07-26 14:26:44.802,0 days 02:17:34.460000,16,592.5461123200026,0 days 00:00:59.747000,10841.0305024,202.0,4,100.0,True,0,pos,2832.24780469055,0.6888281937674566,OnTrack,4243.0,2138.0,2330.0,8254.46,59.747
2026-07-26 14:26:44.873,0 days 02:17:34.531000,16,591.2050000000027,0 days 00:00:59.818000,10900.0,202.0,4,100.0,True,0,car,2836.231666666666,0.6897971049074643,OnTrack,4255.591482494967,2149.612326936982,2328.6388060653044,8254.531,59.818
2026-07-26 14:26:44.982,0 days 02:17:34.640000,16,589.1461074844473,0 days 00:00:59.927000,10900.0,202.0,4,100.0,True,0,pos,2842.3476952625747,0.6912845781870879,OnTrack,4243.0,2138.0,2328.0,8254.64,59.927
2026-07-26 14:26:45.113,0 days 02:17:34.771000,16,586.6716666666698,0 days 00:01:00.058000,10900.0,202.0,4,100.0,True,0,car,2849.698333333333,0.6930723196187991,OnTrack,4046.3233518566117,1925.836911153996,2326.408313909546,8254.771,60.058
2026-07-26 14:26:45.202,0 days 02:17:34.860000,16,584.5950014933364,0 days 00:01:00.147000,10962.2999552,202.0,4,100.0,True,0,pos,2854.6926145703437,0.6942869738301853,OnTrack,3931.0,1801.0,2325.0,8254.86,60.147
2026-07-26 14:26:45.442,0 days 02:17:35.100000,16,578.9950014933363,0 days 00:01:00.387000,11130.2999552,202.0,4,100.0,True,0,pos,2868.1600729364222,0.697562381089953,OnTrack,3931.0,1801.0,2321.0,8255.1,60.387
2026-07-26 14:26:45.513,0 days 02:17:35.171000,16,577.3383333333363,0 days 00:01:00.458000,11180.0,202.0,4,100.0,False,0,car,2872.142777777777,0.6985310108043572,OnTrack,3863.036614454702,1727.3695701980303,2320.1602309924347,8255.171,60.458
2026-07-26 14:26:45.623,0 days 02:17:35.281000,16,574.6799962007211,0 days 00:01:00.568000,11218.796735946022,202.0,4,100.0,False,0,pos,2878.3115644696436,0.7000313153284381,OnTrack,3727.0,1580.0,2319.0,8255.281,60.568
2026-07-26 14:26:45.754,0 days 02:17:35.412000,16,571.5141666666696,0 days 00:01:00.699000,11265.0,202.0,5,100.0,False,0,car,2885.665555555555,0.701819872243656,OnTrack,3679.360076385844,1528.3913727680456,2317.220862674992,8255.412,60.699
2026-07-26 14:26:45.943,0 days 02:17:35.601000,16,566.9466620266694,0 days 00:01:00.888000,11265.0,202.0,5,100.0,False,0,pos,2896.303035366573,0.7044070032116194,OnTrack,3727.0,1580.0,2313.0,8255.601,60.888
2026-07-26 14:26:46.034,0 days 02:17:35.692000,16,564.7475000000027,0 days 00:01:00.979000,11265.0,202.0,5,100.0,False,0,car,2901.376666666666,0.7056409560735467,OnTrack,3737.271063131938,1591.1267091877999,2309.789191522773,8255.692,60.979
2026-07-26 14:26:46.354,0 days 02:17:36.012000,16,557.0141666666696,0 days 00:01:01.299000,11265.0,202.0,5,100.0,False,0,car,2919.332222222222,0.7100079090219933,OnTrack,3727.171226293958,1580.1854916129184,2308.179370897041,8256.012,61.299
2026-07-26 14:26:46.363,0 days 02:17:36.021000,16,556.7016600000029,0 days 00:01:01.308000,11272.32288349091,202.71592436363636,5,100.0,False,0,pos,2919.875961019418,0.7101401511983075,OnTrack,3727.0,1580.0,2309.0,8256.021,61.308
2026-07-26 14:26:46.563,0 days 02:17:36.221000,16,549.7572155555584,0 days 00:01:01.508000,11435.050156218182,218.62501527272727,5,100.0,False,0,pos,2932.7262616585513,0.7132654601363049,OnTrack,3727.0,1580.0,2330.0,8256.221,61.508
2026-07-26 14:26:46.603,0 days 02:17:36.261000,16,548.3683266666695,0 days 00:01:01.548000,11467.595610763636,221.80683345454545,5,100.0,False,0,pos,2935.4535139238947,0.7139287524685555,OnTrack,3727.0,1580.0,2329.0,8256.261,61.548
2026-07-26 14:26:46.794,0 days 02:17:36.452000,16,541.7363888888917,0 days 00:01:01.739000,11623.0,237.0,5,100.0,True,0,car,2948.2988888888885,0.7170528634382062,OnTrack,3728.7695313954355,1581.9141854338443,2324.9723575170997,8256.452,61.739
2026-07-26 14:26:46.963,0 days 02:17:36.621000,16,535.8683266666692,0 days 00:01:01.908000,11623.0,237.0,5,100.0,True,0,pos,2959.427651541032,0.7197594788211708,OnTrack,3727.0,1580.0,2322.0,8256.621,61.908
2026-07-26 14:26:46.994,0 days 02:17:36.652000,16,534.7919444444469,0 days 00:01:01.939000,11623.0,237.0,5,100.0,True,0,car,2961.4655555555555,0.7202551154455757,OnTrack,3725.7883210894306,1578.6892554965423,2321.264289149123,8256.652,61.939
2026-07-26 14:26:47.154,0 days 02:17:36.812000,16,529.2363888888913,0 days 00:01:02.099000,11623.0,237.0,5,100.0,True,0,car,2971.998888888889,0.7228169170514713,OnTrack,3715.161924547054,1567.1940369782508,2316.5281145553045,8256.812,62.099
2026-07-26 14:26:47.363,0 days 02:17:37.021000,16,521.97943777778,0 days 00:01:02.308000,11623.0,237.0,5,100.0,True,0,pos,2985.7292384853745,0.72615626182797,OnTrack,3727.0,1580.0,2318.0,8257.021,62.308
2026-07-26 14:26:47.394,0 days 02:17:37.052000,16,520.9030555555578,0 days 00:01:02.339000,11623.0,237.0,5,100.0,True,0,car,2987.798888888889,0.7266596194603149,OnTrack,3734.5164013538683,1588.130949633803,2319.851915482184,8257.052,62.339
2026-07-26 14:26:47.554,0 days 02:17:37.212000,16,514.8141666666684,0 days 00:01:02.499000,11063.0,244.0,5,100.0,False,0,car,2998.643333333334,0.729297086092545,OnTrack,3735.1478105647157,1588.8139837326685,2332.5030672927487,8257.212,62.499
2026-07-26 14:26:47.563,0 days 02:17:37.221000,16,514.4716593600017,0 days 00:01:02.508000,11055.280604553845,244.0,5,100.0,False,0,pos,2999.255242960099,0.729445908029049,OnTrack,3727.0,1580.0,2333.0,8257.221,62.508
2026-07-26 14:26:48.003,0 days 02:17:37.661000,16,497.72721491555774,0 days 00:01:02.948000,10677.89598916923,244.0,5,100.0,False,0,pos,3029.0842893300683,0.7367006009619214,OnTrack,2614.0,376.0,2327.0,8257.661,62.948
2026-07-26 14:26:48.074,0 days 02:17:37.732000,16,495.02527777778005,0 days 00:01:03.019000,10617.0,244.0,6,100.0,False,0,car,3033.887777777778,0.7378688526472926,OnTrack,2549.198850629415,305.9006434306885,2325.6636646761613,8257.732,63.019
2026-07-26 14:26:48.323,0 days 02:17:37.981000,16,485.54943713777993,0 days 00:01:03.268000,10617.0,244.0,6,100.0,False,0,pos,3050.7384387836246,0.7419670852825945,OnTrack,2614.0,376.0,2323.0,8257.981,63.268
2026-07-26 14:26:48.394,0 days 02:17:38.052000,16,482.8475000000021,0 days 00:01:03.339000,10617.0,244.0,6,100.0,False,0,car,3055.576666666667,0.7431437859117528,OnTrack,2625.494854167072,388.43468501402157,2321.9335302796026,8258.052,63.339
2026-07-26 14:26:48.663,0 days 02:17:38.321000,16,472.6852705244463,0 days 00:01:03.608000,10650.625024,246.98889102222222,6,100.0,False,0,pos,3074.093784679009,0.7476473159111745,OnTrack,2614.0,376.0,2317.0,8258.321,63.608
2026-07-26 14:26:48.754,0 days 02:17:38.412000,16,469.24750000000176,0 days 00:01:03.699000,10662.0,248.0,6,100.0,False,0,car,3080.376666666667,0.7491753694395576,OnTrack,2613.674097593863,375.64745148509803,2315.6412128022675,8258.412,63.699
2026-07-26 14:26:48.803,0 days 02:17:38.461000,16,467.39638163555736,0 days 00:01:03.748000,10662.0,248.0,6,100.0,False,0,pos,3083.7578941023,0.7499977144276433,OnTrack,2614.0,376.0,2315.0,8258.461,63.748
2026-07-26 14:26:49.034,0 days 02:17:38.692000,16,458.6697222222242,0 days 00:01:03.979000,10662.0,248.0,6,100.0,False,0,car,3099.665555555556,0.7538666010722948,OnTrack,2614.024409789623,376.02640555858494,2312.426733366265,8258.692,63.979
2026-07-26 14:26:49.062,0 days 02:17:38.720000,16,457.6119347733354,0 days 00:01:04.007000,10662.0,248.0,6,100.0,False,0,pos,3101.5871377400617,0.7543339471792057,OnTrack,2614.0,376.0,2312.0,8258.72,64.007
2026-07-26 14:26:49.222,0 days 02:17:38.880000,16,451.5674903288916,0 days 00:01:04.167000,10662.0,248.0,6,100.0,False,0,pos,3112.5736725358333,0.7570059714655697,OnTrack,2614.0,376.0,2309.0,8258.88,64.167
2026-07-26 14:26:49.274,0 days 02:17:38.932000,16,449.6030555555585,0 days 00:01:04.219000,10662.0,248.0,6,100.0,False,0,car,3116.1988888888886,0.7578876567574978,OnTrack,2614.007901270628,376.0085472863542,2308.0846668865065,8258.932,64.219
2026-07-26 14:26:49.714,0 days 02:17:39.372000,16,431.51416666666864,0 days 00:01:04.659000,11186.0,260.0,6,100.0,False,0,car,3147.9766666666674,0.7656162987330902,OnTrack,2614.000150181388,376.0001624602319,2302.113025902196,8259.372,64.659
2026-07-26 14:26:49.722,0 days 02:17:39.380000,16,431.18527777777973,0 days 00:01:04.667000,11186.0,260.0,6,100.0,False,0,pos,3148.556994312641,0.7657574396472105,OnTrack,2614.0,376.0,2302.0,8259.38,64.667
2026-07-26 14:26:49.922,0 days 02:17:39.580000,16,422.96305555555745,0 days 00:01:04.867000,11186.0,260.0,6,100.0,False,0,pos,3163.0117214173933,0.769272959562692,OnTrack,2614.0,376.0,2299.0,8259.58,64.867
2026-07-26 14:26:50.074,0 days 02:17:39.732000,16,416.71416666666846,0 days 00:01:05.019000,11186.0,260.0,6,100.0,False,0,car,3173.9766666666674,0.7719397330767567,OnTrack,2614.0000336142734,376.0000363491961,2296.633582566057,8259.732,65.019
2026-07-26 14:26:50.122,0 days 02:17:39.780000,16,414.74083333333533,0 days 00:01:05.067000,11186.0,260.0,6,100.0,False,0,pos,3177.442043981342,0.7727825440738866,OnTrack,2614.0,376.0,2296.0,8259.78,65.067
2026-07-26 14:26:50.274,0 days 02:17:39.932000,16,408.4919444444472,0 days 00:01:05.219000,11186.0,260.0,6,100.0,False,0,car,3188.421111111111,0.7754527521565711,OnTrack,2613.999994301638,375.99999391385927,2294.485998591554,8259.932,65.219
2026-07-26 14:26:50.322,0 days 02:17:39.980000,16,406.51861174575333,0 days 00:01:05.267000,11186.0,260.0,6,100.0,False,0,pos,3191.887994161864,0.7762959293622868,OnTrack,2614.0,376.0,2294.0,8259.98,65.267
2026-07-26 14:26:50.473,0 days 02:17:40.131000,16,400.31083333333527,0 days 00:01:05.418000,11186.0,260.0,6,100.0,False,0,car,3202.793333333334,0.7789482061409868,OnTrack,2614.000000828002,376.000000589462,2292.272714054988,8260.131,65.418
2026-07-26 14:26:50.502,0 days 02:17:40.160000,16,399.2958266133354,0 days 00:01:05.447000,11224.114538057143,260.0,6,100.0,False,0,pos,3204.88777324438,0.7794575928049964,OnTrack,2614.0,376.0,2292.0,8260.16,65.447
2026-07-26 14:26:50.722,0 days 02:17:40.380000,16,391.59583557333633,0 days 00:01:05.667000,11513.257058742856,260.0,6,100.0,False,0,pos,3220.776739638155,0.7833219326426797,OnTrack,2614.0,376.0,2291.0,8260.38,65.667
2026-07-26 14:26:50.753,0 days 02:17:40.411000,16,390.51083333333645,0 days 00:01:05.698000,11554.0,260.0,6,100.0,True,0,car,3223.0155555555552,0.7838664328527271,OnTrack,2614.000003021024,375.99999999033287,2290.990675544059,8260.411,65.698
2026-07-26 14:26:50.882,0 days 02:17:40.540000,16,385.99583557333585,0 days 00:01:05.827000,11554.0,260.0,6,100.0,True,0,pos,3232.3316337189635,0.7861321870299108,OnTrack,2614.0,376.0,2291.0,8260.54,65.827
2026-07-26 14:26:50.953,0 days 02:17:40.611000,16,383.51083333333554,0 days 00:01:05.898000,11554.0,260.0,6,100.0,True,0,car,3237.46,0.7873794519325418,OnTrack,2613.999953422764,376.000001026046,2290.667555871348,8260.611,65.898
2026-07-26 14:26:51.062,0 days 02:17:40.720000,16,379.69582661333527,0 days 00:01:06.007000,11554.0,260.0,6,100.0,True,0,pos,3245.3346654057764,0.7892946415353023,OnTrack,2614.0,376.0,2290.0,8260.72,66.007
2026-07-26 14:26:51.113,0 days 02:17:40.771000,16,377.9108333333352,0 days 00:01:06.058000,11554.0,260.0,6,100.0,True,0,car,3249.015555555556,0.7901898671963937,OnTrack,2614.000177903814,375.9999960276071,2289.8443265643605,8260.771,66.058
2026-07-26 14:26:51.362,0 days 02:17:41.020000,16,369.1958355733352,0 days 00:01:06.307000,11554.0,260.0,6,100.0,True,0,pos,3266.94943669389,0.7945515487312158,OnTrack,2614.0,376.0,2290.0,8261.02,66.307
2026-07-26 14:26:51.402,0 days 02:17:41.060000,16,367.79583557333524,0 days 00:01:06.347000,11554.0,260.0,6,100.0,True,0,pos,3269.8469701839467,0.7952562549920982,OnTrack,2614.0,376.0,2290.0,8261.06,66.347
2026-07-26 14:26:51.473,0 days 02:17:41.131000,16,365.31083333333527,0 days 00:01:06.418000,11554.0,260.0,6,100.0,True,0,car,3275.015555555556,0.7965133015400601,OnTrack,2614.015704501577,375.99964900547775,2290.0342749069173,8261.131,66.418
2026-07-26 14:26:52.303,0 days 02:17:41.961000,16,333.7247149474134,0 days 00:01:07.248000,11554.0,270.85612616265405,6,100.0,True,0,pos,3337.4817177099135,0.8117056351971329,OnTrack,2614.0,376.0,2297.0,8261.961,67.248
2026-07-26 14:26:52.314,0 days 02:17:41.972000,16,333.3061111111133,0 days 00:01:07.259000,11554.0,271.0,6,100.0,False,0,car,3338.3241666666668,0.8119105263765913,OnTrack,2613.953430125713,376.00104083371554,2297.23388337305,8261.972,67.259
2026-07-26 14:26:52.514,0 days 02:17:42.172000,16,325.695000000002,0 days 00:01:07.459000,11691.0,271.0,6,0.0,True,0,car,3353.3797222222224,0.8155721731867058,OnTrack,2613.868260206638,376.0029443759689,2301.819500703996,8262.172,67.459
2026-07-26 14:26:52.523,0 days 02:17:42.181000,16,325.42249418666864,0 days 00:01:07.468000,11651.62416,269.4249664,6,0.0,True,0,pos,3354.0155176476533,0.8157268043647332,OnTrack,2614.0,376.0,2302.0,8262.181,67.468
2026-07-26 14:26:52.674,0 days 02:17:42.332000,16,320.85055555555755,0 days 00:01:07.619000,10991.0,243.0,6,0.0,True,0,car,3364.179722222222,0.8181988305294595,OnTrack,2618.5358356495244,375.89862436287893,2304.4621490082186,8262.332,67.619
2026-07-26 14:26:52.883,0 days 02:17:42.541000,16,314.5224941866686,0 days 00:01:07.828000,10603.769088711111,243.0,6,0.0,True,0,pos,3378.259270823308,0.8216231036512834,OnTrack,2614.0,376.0,2308.0,8262.541,67.828
2026-07-26 14:26:53.034,0 days 02:17:42.692000,16,309.95055555555746,0 days 00:01:07.979000,10324.0,243.0,6,0.0,True,0,car,3388.4797222222223,0.8241088095506555,OnTrack,2602.438305768439,376.2584031277808,2312.2138882347076,8262.692,67.979
2026-07-26 14:26:53.063,0 days 02:17:42.721000,16,309.0724941866687,0 days 00:01:08.008000,10324.0,243.0,6,0.0,True,0,pos,3390.4379898416646,0.8245850778859966,OnTrack,2614.0,376.0,2313.0,8262.721,68.008
2026-07-26 14:26:53.223,0 days 02:17:42.881000,16,304.2280497422247,0 days 00:01:08.168000,10324.0,243.0,6,0.0,True,0,pos,3401.2281532048196,0.8272093428700099,OnTrack,2614.0,376.0,2317.0,8262.881,68.168
2026-07-26 14:26:53.274,0 days 02:17:42.932000,16,302.6838888888915,0 days 00:01:08.219000,10324.0,243.0,6,0.0,True,0,car,3404.679722222222,0.8280487955647859,OnTrack,2406.610715931247,380.6351372556873,2318.460548078904,8262.932,68.219
2026-07-26 14:26:53.474,0 days 02:17:43.132000,16,296.6283333333354,0 days 00:01:08.419000,10324.0,243.0,6,0.0,True,0,car,3418.179722222222,0.8313321172432281,OnTrack,1075.4274498059988,410.3869982482695,2324.7501289892616,8263.132,68.419
2026-07-26 14:26:53.483,0 days 02:17:43.141000,16,296.51333088000206,0 days 00:01:08.428000,10324.0,242.50498944,6,0.0,True,0,pos,3418.7726372842994,0.831476319530398,OnTrack,1048.0,411.0,2325.0,8263.141,68.428
2026-07-26 14:26:53.643,0 days 02:17:43.301000,16,294.4688864355575,0 days 00:01:08.588000,10324.0,233.70498944,6,0.0,True,0,pos,3429.081319892605,0.8339834840551409,OnTrack,1048.0,411.0,2329.0,8263.301,68.588
2026-07-26 14:26:53.674,0 days 02:17:43.332000,16,294.0727777777797,0 days 00:01:08.619000,10324.0,232.0,6,0.0,True,0,car,3431.0686111111113,0.8344668111913705,OnTrack,1063.3187816615814,410.6576262080745,2329.802656237946,8263.332,68.619
2026-07-26 14:26:53.903,0 days 02:17:43.561000,16,291.1466642133351,0 days 00:01:08.848000,10324.0,232.0,6,0.0,True,0,pos,3445.8282512600604,0.8380564887074481,OnTrack,1048.0,411.0,2336.0,8263.561,68.848
2026-07-26 14:26:53.954,0 days 02:17:43.612000,16,290.4950000000017,0 days 00:01:08.899000,10324.0,232.0,5,0.0,True,0,car,3449.113055555556,0.8388553827187698,OnTrack,1044.7934670273414,411.07166580717944,2337.21440277093,8263.612,68.899
2026-07-26 14:26:54.123,0 days 02:17:43.781000,16,288.33555310222386,0 days 00:01:09.068000,10324.0,232.0,5,0.0,True,0,pos,3459.9620092816144,0.8414939460489315,OnTrack,1048.0,411.0,2341.0,8263.781,69.068
2026-07-26 14:26:54.323,0 days 02:17:43.981000,16,285.7799975466682,0 days 00:01:09.268000,10324.0,232.0,5,0.0,True,0,pos,3472.8646761715418,0.8446319909311105,OnTrack,1048.0,411.0,2346.0,8263.981,69.268
2026-07-26 14:26:54.354,0 days 02:17:44.012000,16,285.3838888888904,0 days 00:01:09.299000,10324.0,232.0,5,0.0,True,0,car,3474.8908333333343,0.8451247706150545,OnTrack,1047.9365074671484,411.0014190540548,2346.67561465314,8264.012,69.299
2026-07-26 14:26:54.514,0 days 02:17:44.172000,16,283.33944444444614,0 days 00:01:09.459000,10209.0,232.0,5,0.0,True,0,car,3485.201944444445,0.8476325257735682,OnTrack,1047.9958867020518,411.0000919319465,2349.8104908226765,8264.172,69.459
2026-07-26 14:26:54.523,0 days 02:17:44.181000,16,283.35444476444616,0 days 00:01:09.468000,10194.7121952,230.5749696,5,0.0,True,0,pos,3485.740226819197,0.8477634408987643,OnTrack,1048.0,411.0,2350.0,8264.181,69.468
2026-07-26 14:26:54.703,0 days 02:17:44.361000,16,283.6544447644462,0 days 00:01:09.648000,9908.9621952,202.0749696,5,0.0,True,0,pos,3495.4537141341743,0.8501258485635449,OnTrack,1048.0,411.0,2354.0,8264.361,69.648
2026-07-26 14:26:54.754,0 days 02:17:44.412000,16,283.73944444444624,0 days 00:01:09.699000,9828.0,194.0,5,0.0,True,0,car,3498.135277777778,0.8507780290111867,OnTrack,1047.9980296598521,411.00004403697653,2354.9558766648793,8264.412,69.699
2026-07-26 14:26:54.863,0 days 02:17:44.521000,16,283.921111431113,0 days 00:01:09.808000,9828.0,194.0,5,0.0,True,0,pos,3503.989773351852,0.8522018951026461,OnTrack,1048.0,411.0,2357.0,8264.521,69.808
2026-07-26 14:26:54.954,0 days 02:17:44.612000,16,284.0727777777797,0 days 00:01:09.899000,9828.0,194.0,5,0.0,True,0,car,3508.9130555555557,0.8533992817092023,OnTrack,1048.0006808603696,410.9999847828142,2359.3688282756057,8264.612,69.899
2026-07-26 14:26:55.123,0 days 02:17:44.781000,16,284.35444476444644,0 days 00:01:10.068000,9828.0,194.0,5,0.0,True,0,pos,3517.973697129713,0.8556029114055747,OnTrack,1048.0,411.0,2364.0,8264.781,70.068
2026-07-26 14:26:55.194,0 days 02:17:44.852000,16,284.4727777777798,0 days 00:01:10.139000,9828.0,194.0,5,0.0,True,0,car,3521.8463888888887,0.8565447849468208,OnTrack,1047.9998592504264,411.00000314574396,2365.178696561743,8264.852,70.139
2026-07-26 14:26:55.463,0 days 02:17:45.121000,16,285.1452782577796,0 days 00:01:10.408000,9828.0,194.0,5,0.0,True,0,pos,3536.6669714072727,0.8601492841964321,OnTrack,1048.0,411.0,2367.0,8265.121,70.408
2026-07-26 14:26:55.514,0 days 02:17:45.172000,16,285.27277777777954,0 days 00:01:10.459000,9828.0,194.0,5,0.0,True,0,car,3539.0908333333336,0.8607387892636459,OnTrack,1048.0000119903953,410.9999997320154,2367.443446234631,8265.172,70.459
2026-07-26 14:26:55.662,0 days 02:17:45.320000,16,287.57500398222373,0 days 00:01:10.607000,10864.001792,152.374928,5,0.0,True,0,pos,3545.2291890331944,0.8622316926961897,OnTrack,1048.0,411.0,2369.0,8265.32,70.607
2026-07-26 14:26:55.674,0 days 02:17:45.332000,16,287.76166666666813,0 days 00:01:10.619000,10948.0,149.0,5,0.0,True,0,car,3545.713055555556,0.8623493733956225,OnTrack,1047.9999990839406,411.00000002047375,2369.1314284014634,8265.332,70.619
2026-07-26 14:26:56.022,0 days 02:17:45.680000,16,293.1750039822236,0 days 00:01:10.967000,11773.533940622223,149.0,5,0.0,True,0,pos,3560.112068467937,0.8658513431173549,OnTrack,1048.0,411.0,2373.0,8265.68,70.967
2026-07-26 14:26:56.034,0 days 02:17:45.692000,16,293.36166666666804,0 days 00:01:10.979000,11802.0,149.0,2,0.0,True,0,car,3560.613055555556,0.8659731876925697,OnTrack,1048.0000001643018,410.99999999632786,2373.1255959486557,8265.692,70.979
2026-07-26 14:26:56.314,0 days 02:17:45.972000,16,297.7172222222234,0 days 00:01:11.259000,11802.0,149.0,2,0.0,True,0,car,3572.201944444445,0.8687917099235287,OnTrack,1048.0000003136022,410.99999999299104,2375.6685266936393,8265.972,71.259
2026-07-26 14:26:56.422,0 days 02:17:46.080000,16,299.6672268444456,0 days 00:01:11.367000,11502.899291022222,146.2999936,2,0.0,True,0,pos,3576.485691633329,0.8698335558502122,OnTrack,1048.0,411.0,2376.0,8266.08,71.367
2026-07-26 14:26:56.622,0 days 02:17:46.280000,16,303.27833795555676,0 days 00:01:11.567000,10949.010402133334,141.2999936,2,0.0,True,0,pos,3584.191794851309,0.8717077496096128,OnTrack,1048.0,411.0,2376.0,8266.28,71.567
2026-07-26 14:26:56.674,0 days 02:17:46.332000,16,304.2172222222234,0 days 00:01:11.619000,10805.0,140.0,2,0.0,True,0,car,3586.201944444445,0.8721966361085798,OnTrack,1048.0000000029038,410.9999999999352,2376.4707309439796,8266.332,71.619
2026-07-26 14:26:56.722,0 days 02:17:46.380000,16,305.08388888889016,0 days 00:01:11.667000,10805.0,140.0,2,0.0,True,0,pos,3588.0631554348233,0.87264929939694,OnTrack,1048.0,411.0,2377.0,8266.38,71.667
2026-07-26 14:26:56.874,0 days 02:17:46.532000,16,307.82833333333474,0 days 00:01:11.819000,10805.0,140.0,2,0.0,True,0,car,3593.979722222223,0.8740882617669415,OnTrack,1047.9999999969225,411.0000000000682,2378.4189524471817,8266.532,71.819
2026-07-26 14:26:57.034,0 days 02:17:46.692000,16,310.7172222222234,0 days 00:01:11.979000,10805.0,140.0,2,0.0,True,0,car,3600.201944444445,0.875601562293631,OnTrack,1047.9999999995448,411.00000000000966,2379.6370108447873,8266.692,71.979
2026-07-26 14:26:57.082,0 days 02:17:46.740000,16,311.5838886101632,0 days 00:01:12.027000,10805.0,140.0,2,0.0,True,0,pos,3602.064060073741,0.8760544455983297,OnTrack,1048.0,411.0,2380.0,8266.74,72.027
2026-07-26 14:26:57.233,0 days 02:17:46.891000,16,314.310277777779,0 days 00:01:12.178000,10805.0,140.0,2,0.0,True,0,car,3607.9408333333336,0.8774837298237008,OnTrack,1048.0000000002708,410.99999999999744,2381.1398497948144,8266.891,72.178
2026-07-26 14:26:57.362,0 days 02:17:47.020000,16,316.63944328889016,0 days 00:01:12.307000,10805.0,140.0,2,0.0,True,0,pos,3613.059737718154,0.87872869350789,OnTrack,1048.0,411.0,2382.0,8267.02,72.307
2026-07-26 14:26:57.473,0 days 02:17:47.131000,16,318.6436111111125,0 days 00:01:12.418000,10805.0,140.0,2,0.0,True,0,car,3617.274166666667,0.8797536806137349,OnTrack,1047.999999999969,410.9999999999877,2382.585540221881,8267.131,72.418
2026-07-26 14:26:57.562,0 days 02:17:47.220000,16,319.80555472000145,0 days 00:01:12.507000,10519.458538666666,134.06667093333334,2,0.0,True,0,pos,3620.369467251534,0.8805064856145932,OnTrack,1048.0,411.0,2383.0,8267.22,72.507
2026-07-26 14:26:57.833,0 days 02:17:47.491000,16,323.34361111111275,0 days 00:01:12.778000,9650.0,116.0,2,0.0,True,0,car,3628.874166666667,0.8825749051670629,OnTrack,1048.000000000005,411.0000000000228,2383.9898730210343,8267.491,72.778
2026-07-26 14:26:57.842,0 days 02:17:47.500000,16,323.4611102755572,0 days 00:01:12.787000,9650.0,116.0,2,0.0,True,0,pos,3629.160447211546,0.8826445311758865,OnTrack,1048.0,411.0,2384.0,8267.5,72.787
2026-07-26 14:26:57.993,0 days 02:17:47.651000,16,325.43250000000126,0 days 00:01:12.938000,9650.0,116.0,2,0.0,True,0,car,3634.0297222222225,0.8838287827463199,OnTrack,1047.9999999999786,410.99999999989785,2383.994121852552,8267.651,72.938
2026-07-26 14:26:58.002,0 days 02:17:47.660000,16,325.5499991644457,0 days 00:01:12.947000,9650.0,116.0,2,0.0,True,0,pos,3634.32122529596,0.8838996789212336,OnTrack,1048.0,411.0,2384.0,8267.66,72.947
2026-07-26 14:26:58.273,0 days 02:17:47.931000,16,329.0880555555568,0 days 00:01:13.218000,9650.0,116.0,2,0.0,True,0,car,3643.051944444445,0.8860230685100196,OnTrack,1048.0000000005273,411.00000000252857,2384.858336099207,8267.931,73.218
2026-07-26 14:26:58.302,0 days 02:17:47.960000,16,329.3941687421906,0 days 00:01:13.247000,9623.097074449408,115.6384015382985,2,0.0,True,0,pos,3643.966967179167,0.8862456102864033,OnTrack,1048.0,411.0,2385.0,8267.96,73.247
2026-07-26 14:26:58.502,0 days 02:17:48.160000,16,331.50528019023716,0 days 00:01:13.447000,9437.56088523665,113.14463555425606,2,0.0,True,0,pos,3650.149660190687,0.8877492969527644,OnTrack,1048.0,411.0,2386.0,8268.16,73.447
2026-07-26 14:26:58.674,0 days 02:17:48.332000,16,333.3208333333346,0 days 00:01:13.619000,9278.0,111.0,2,0.0,True,0,car,3655.4161111111116,0.8890301452842816,OnTrack,1048.0000000393475,411.00000018873345,2386.223560765931,8268.332,73.619
2026-07-26 14:26:58.903,0 days 02:17:48.561000,16,335.29277943111316,0 days 00:01:13.848000,9278.0,111.0,2,0.0,True,0,pos,3662.4759840305064,0.8907471700104517,OnTrack,1048.0,411.0,2386.0,8268.561,73.848
2026-07-26 14:26:58.914,0 days 02:17:48.572000,16,335.3875000000021,0 days 00:01:13.859000,9278.0,111.0,2,0.0,True,0,car,3662.8161111111112,0.8908298919820943,OnTrack,1047.9999999897775,410.99999995096664,2385.9955411153755,8268.572,73.859
2026-07-26 14:26:59.223,0 days 02:17:48.881000,16,338.0483349866687,0 days 00:01:14.168000,9278.0,111.0,2,0.0,True,0,pos,3672.364304692105,0.8931520987209417,OnTrack,1048.0,411.0,2386.0,8268.881,74.168
2026-07-26 14:26:59.274,0 days 02:17:48.932000,16,338.487500000002,0 days 00:01:14.219000,9278.0,111.0,2,0.0,True,0,car,3673.916111111111,0.8935295120288134,OnTrack,1048.0000002958488,411.00000141907026,2385.975501521263,8268.932,74.219
2026-07-26 14:26:59.443,0 days 02:17:49.101000,16,339.61416794666854,0 days 00:01:14.388000,9278.0,109.46363461818181,2,0.0,True,0,pos,3678.984592771919,0.8947622124520517,OnTrack,1048.0,411.0,2386.0,8269.101,74.388
2026-07-26 14:26:59.703,0 days 02:17:49.361000,16,341.3475012800016,0 days 00:01:14.648000,9278.0,107.09999825454545,2,0.0,True,0,pos,3686.6677304901127,0.8966308207949111,OnTrack,1048.0,411.0,2387.0,8269.361,74.648
2026-07-26 14:26:59.714,0 days 02:17:49.372000,16,341.42083333333494,0 days 00:01:14.659000,9278.0,107.0,2,0.0,False,0,car,3686.993888888889,0.8967101454572303,OnTrack,1048.0000017190357,411.0000082455438,2387.019553762908,8269.372,74.659
2026-07-26 14:26:59.914,0 days 02:17:49.572000,16,342.7541666666689,0 days 00:01:14.859000,9278.0,107.0,2,0.0,False,0,car,3692.938333333333,0.8981558879246923,OnTrack,1048.000006757488,411.0000324130365,2386.996090867431,8269.572,74.859
2026-07-26 14:26:59.923,0 days 02:17:49.581000,16,342.8141679466689,0 days 00:01:14.868000,9278.0,107.0,2,0.0,False,0,pos,3693.2059480032103,0.8982209742244758,OnTrack,1048.0,411.0,2387.0,8269.581,74.868
2026-07-26 14:27:00.154,0 days 02:17:49.812000,16,344.35416666666833,0 days 00:01:15.099000,9278.0,107.0,2,0.0,False,0,car,3700.0716666666667,0.899890778885647,OnTrack,1047.9995563244956,410.9978718615636,2387.529099954866,8269.812,75.099
2026-07-26 14:27:00.314,0 days 02:17:49.972000,16,345.42083333333494,0 days 00:01:15.259000,9278.0,107.0,2,0.0,False,0,car,3704.827222222222,0.9010473728596167,OnTrack,1047.9998257661343,410.9991642680682,2387.9539928455724,8269.972,75.259
2026-07-26 14:27:00.343,0 days 02:17:50.001000,16,345.61416794666826,0 days 00:01:15.288000,9278.0,107.0,2,0.0,False,0,pos,3705.6897654496106,0.9012571511468077,OnTrack,1048.0,411.0,2388.0,8270.001,75.288
2026-07-26 14:27:00.474,0 days 02:17:50.132000,16,346.48750000000155,0 days 00:01:15.419000,9278.0,107.0,2,0.0,False,0,car,3709.5827777777777,0.9022039668335864,OnTrack,1048.0012665797726,411.00607528941816,2388.089257255748,8270.132,75.419
2026-07-26 14:27:00.643,0 days 02:17:50.301000,16,347.28555646222367,0 days 00:01:15.588000,9241.5593336,106.4718744,2,21.6531496,False,0,pos,3714.5664968071355,0.903416052220872,OnTrack,1048.0,411.0,2388.0,8270.301,75.588
2026-07-26 14:27:00.794,0 days 02:17:50.452000,16,347.9986111111125,0 days 00:01:15.739000,9209.0,106.0,2,41.0,True,0,car,3719.005,0.9044955362025733,OnTrack,1047.9914464513101,410.9589719613683,2387.8251526619497,8270.452,75.739
2026-07-26 14:27:00.923,0 days 02:17:50.581000,16,348.60777868444603,0 days 00:01:15.868000,9209.0,106.0,2,41.0,True,0,pos,3722.8030423483624,0.9054192543342783,OnTrack,1048.0,411.0,2388.0,8270.581,75.868
2026-07-26 14:27:00.994,0 days 02:17:50.652000,16,348.9430555555573,0 days 00:01:15.939000,9209.0,106.0,2,41.0,True,0,car,3724.893888888889,0.9059277670581899,OnTrack,1048.0182657085923,411.08761348358615,2388.358327145837,8270.652,75.939
2026-07-26 14:27:01.103,0 days 02:17:50.761000,16,349.4577786844459,0 days 00:01:16.048000,9209.0,106.0,2,41.0,True,0,pos,3728.1026521000845,0.9067081671924349,OnTrack,1048.0,411.0,2389.0,8270.761,76.048
2026-07-26 14:27:01.194,0 days 02:17:50.852000,16,349.8875000000012,0 days 00:01:16.139000,9209.0,106.0,2,41.0,True,0,car,3730.782777777778,0.9073599979138067,OnTrack,1047.8584073522065,410.32083526567067,2389.2737463178437,8270.852,76.139
2026-07-26 14:27:01.434,0 days 02:17:51.092000,16,351.0208333333344,0 days 00:01:16.379000,9209.0,106.0,2,41.0,True,0,car,3737.849444444445,0.909078674940547,OnTrack,1047.4644665825208,408.4312549636219,2389.074576591219,8271.092,76.379
2026-07-26 14:27:01.523,0 days 02:17:51.181000,16,351.2433338133346,0 days 00:01:16.468000,9582.8008064,106.0,2,46.78501248,True,0,pos,3740.448685682192,0.9097108338370946,OnTrack,1048.0,411.0,2389.0,8271.181,76.468
2026-07-26 14:27:01.634,0 days 02:17:51.292000,16,351.52083333333485,0 days 00:01:16.579000,10049.0,106.0,2,54.0,True,0,car,3743.7383333333337,0.9105109057961636,OnTrack,1049.2964722718664,417.2186720836874,2388.978604216189,8271.292,76.579
2026-07-26 14:27:01.723,0 days 02:17:51.381000,16,350.9274987200015,0 days 00:01:16.668000,10167.38560022069,107.53448606896552,2,55.611210372413794,True,0,pos,3746.480804912774,0.9111778996027774,OnTrack,1048.0,411.0,2389.0,8271.381,76.668
2026-07-26 14:27:02.762,0 days 02:17:52.420000,16,344.00083333333464,0 days 00:01:17.707000,11549.434482758621,125.44827586206897,2,74.42068965517241,True,0,pos,3783.2042437547007,0.9201093709254917,OnTrack,871.0,-438.0,2390.0,8272.42,77.707
2026-07-26 14:27:02.794,0 days 02:17:52.452000,16,343.7875000000013,0 days 00:01:17.739000,11592.0,126.0,2,75.0,False,0,car,3784.338333333334,0.920385191732812,OnTrack,870.6397935988421,-439.7277696871013,2390.001893876343,8272.452,77.739
2026-07-26 14:27:02.862,0 days 02:17:52.520000,16,343.33416496000126,0 days 00:01:17.807000,11600.8778112,126.0,2,75.0,False,0,pos,3786.737910596424,0.9209687905511083,OnTrack,871.0,-438.0,2390.0,8272.52,77.807
2026-07-26 14:27:03.062,0 days 02:17:52.720000,16,342.0008316266679,0 days 00:01:18.007000,11626.988922311111,126.0,2,75.0,False,0,pos,3793.727270138157,0.9226686657882784,OnTrack,871.0,-438.0,2390.0,8272.72,78.007
2026-07-26 14:27:03.154,0 days 02:17:52.812000,16,341.3875000000012,0 days 00:01:18.099000,11639.0,126.0,2,75.0,False,0,car,3796.938333333334,0.9234496252993579,OnTrack,870.9449038324012,-438.2642748619275,2389.9924029532376,8272.812,78.099
2026-07-26 14:27:03.402,0 days 02:17:53.060000,16,339.25194444444594,0 days 00:01:18.347000,11422.0,126.0,2,87.91666666666667,False,0,pos,3805.613309632237,0.9255594577247032,OnTrack,871.0,-438.0,2390.0,8273.06,78.347
2026-07-26 14:27:03.582,0 days 02:17:53.240000,16,337.7019422400017,0 days 00:01:18.527000,11264.499776,126.0,2,97.29168,False,0,pos,3811.917616382681,0.9270927219485018,OnTrack,871.0,-438.0,2390.0,8273.24,78.527
2026-07-26 14:27:03.634,0 days 02:17:53.292000,16,337.2541666666684,0 days 00:01:18.579000,11219.0,126.0,2,100.0,False,0,car,3813.7383333333337,0.9275355367214192,OnTrack,870.9990834388963,-438.00439679667517,2389.8656823608612,8273.292,78.579
2026-07-26 14:27:03.862,0 days 02:17:53.520000,16,335.22749826715176,0 days 00:01:18.807000,10225.911284776894,126.0,2,100.0,False,0,pos,3821.7184947688415,0.929476383909469,OnTrack,871.0,-438.0,2389.0,8273.52,78.807
2026-07-26 14:27:03.873,0 days 02:17:53.531000,16,335.12972222222334,0 days 00:01:18.818000,10178.0,126.0,2,100.0,False,0,car,3822.103333333334,0.9295699801169873,OnTrack,871.0000124498243,-437.9999398039456,2388.9935083913147,8273.531,78.818
2026-07-26 14:27:03.922,0 days 02:17:53.580000,16,334.69416723555673,0 days 00:01:18.867000,10178.0,126.0,2,100.0,False,0,pos,3823.817440911428,0.929986866529605,OnTrack,871.0,-438.0,2389.0,8273.58,78.867
2026-07-26 14:27:04.033,0 days 02:17:53.691000,16,333.70750000000135,0 days 00:01:18.978000,10178.0,126.0,3,100.0,False,0,car,3827.703333333334,0.9309319505910078,OnTrack,871.000013149461,-437.9999931350535,2389.005079517158,8273.691,78.978
2026-07-26 14:27:04.122,0 days 02:17:53.780000,16,332.9163894577789,0 days 00:01:19.067000,10178.0,126.0,3,100.0,False,0,pos,3830.828792922016,0.9316920905334235,OnTrack,871.0,-438.0,2389.0,8273.78,79.067
2026-07-26 14:27:04.233,0 days 02:17:53.891000,16,331.92972222222306,0 days 00:01:19.178000,10178.0,126.0,3,100.0,False,0,car,3834.703333333334,0.9326344136835333,OnTrack,870.9998577003257,-438.0003317847422,2388.999222814769,8273.891,79.178
2026-07-26 14:27:04.322,0 days 02:17:53.980000,16,331.1386116800008,0 days 00:01:19.267000,10178.0,126.0,3,100.0,False,0,pos,3837.755949570979,0.9333768374664241,OnTrack,871.0,-438.0,2389.0,8273.98,79.267
2026-07-26 14:27:04.502,0 days 02:17:54.160000,16,329.5386094044451,0 days 00:01:19.447000,10178.0,126.0,3,100.0,False,0,pos,3843.916470352309,0.9348751316465599,OnTrack,871.0,-438.0,2389.0,8274.16,79.447
2026-07-26 14:27:04.593,0 days 02:17:54.251000,16,328.7297222222228,0 days 00:01:19.538000,10178.0,126.0,3,100.0,False,0,car,3847.3033333333337,0.9356988472500792,OnTrack,870.9962202811209,-438.0089215228036,2389.00224645749,8274.251,79.538
2026-07-26 14:27:04.782,0 days 02:17:54.440000,16,325.73721918222265,0 days 00:01:19.727000,10688.825518933334,139.12501333333333,3,100.0,False,0,pos,3855.073285043859,0.9375885695383471,OnTrack,871.0,-438.0,2389.0,8274.44,79.727
2026-07-26 14:27:04.953,0 days 02:17:54.611000,16,323.0297222222225,0 days 00:01:19.898000,11151.0,151.0,3,100.0,False,0,car,3862.4033333333336,0.9393713033496701,OnTrack,871.0208884111443,-437.95069417324623,2388.987266140929,8274.611,79.898
2026-07-26 14:27:04.982,0 days 02:17:54.640000,16,322.57055243415175,0 days 00:01:19.927000,11151.0,151.0,3,100.0,False,0,pos,3863.626991420505,0.9396689080255671,OnTrack,871.0,-438.0,2389.0,8274.64,79.927
2026-07-26 14:27:05.303,0 days 02:17:54.961000,16,317.4880525464322,0 days 00:01:20.248000,11151.0,151.0,3,100.0,False,0,pos,3877.069476550814,0.9429382415693064,OnTrack,871.0,-438.0,2389.0,8274.961,80.248
2026-07-26 14:27:05.314,0 days 02:17:54.972000,16,317.31388888888887,0 days 00:01:20.259000,11151.0,151.0,3,100.0,False,0,car,3877.545277777778,0.9430539607162043,OnTrack,871.0782008444561,-437.8154116320998,2388.9523233472655,8274.972,80.259
2026-07-26 14:27:05.483,0 days 02:17:55.141000,16,314.2624965333338,0 days 00:01:20.428000,11151.0,156.281256,3,100.0,False,0,pos,3885.04384419369,0.9448776796547674,OnTrack,871.0,-438.0,2388.0,8275.141,80.428
2026-07-26 14:27:05.634,0 days 02:17:55.292000,16,311.53611111111195,0 days 00:01:20.579000,11151.0,161.0,3,100.0,False,0,car,3891.856388888889,0.9465345519275897,OnTrack,869.5837321322068,-441.34301472501676,2387.9828847979534,8275.292,80.579
2026-07-26 14:27:05.643,0 days 02:17:55.301000,16,311.37360764444526,0 days 00:01:20.588000,11151.0,161.0,3,100.0,False,0,pos,3892.260777380881,0.9466329028536838,OnTrack,871.0,-438.0,2388.0,8275.301,80.588
2026-07-26 14:27:05.914,0 days 02:17:55.572000,16,306.48055555555584,0 days 00:01:20.859000,11151.0,161.0,3,100.0,False,0,car,3904.3786111111112,0.9495800692375521,OnTrack,988.8616594963598,-159.79467445939676,2389.020415006182,8275.572,80.859
2026-07-26 14:27:06.043,0 days 02:17:55.701000,16,304.15138542222223,0 days 00:01:20.988000,11151.0,161.0,3,100.0,False,0,pos,3910.152156804158,0.9509842475883267,OnTrack,871.0,-438.0,2389.0,8275.701,80.988
2026-07-26 14:27:06.243,0 days 02:17:55.901000,16,300.5402743111107,0 days 00:01:21.188000,11151.0,161.0,3,100.0,False,0,pos,3919.1047551721745,0.9531616002031487,OnTrack,416.0,-1512.0,2388.0,8275.901,81.188
2026-07-26 14:27:06.314,0 days 02:17:55.972000,16,299.25833333333276,0 days 00:01:21.259000,11151.0,161.0,3,100.0,False,0,car,3922.2675000000004,0.9539308082517842,OnTrack,350.0195132554144,-1667.7429387227576,2387.8536404634174,8275.972,81.259
2026-07-26 14:27:06.474,0 days 02:17:56.132000,16,296.3694444444436,0 days 00:01:21.419000,11151.0,161.0,3,100.0,False,0,car,3929.423055555556,0.955671103857477,OnTrack,402.99574799968315,-1542.695721244646,2387.9873138880253,8276.132,81.419
2026-07-26 14:27:06.523,0 days 02:17:56.181000,16,295.5119410844435,0 days 00:01:21.468000,10975.620146133333,162.8375072,3,100.0,False,0,pos,3931.68548354961,0.9562213467373877,OnTrack,416.0,-1512.0,2388.0,8276.181,81.468
2026-07-26 14:27:06.683,0 days 02:17:56.341000,16,292.71194108444297,0 days 00:01:21.628000,10402.953479466667,168.8375072,3,100.0,False,0,pos,3939.2839813392384,0.9580693698867419,OnTrack,416.0,-1512.0,2388.0,8276.341,81.628
2026-07-26 14:27:06.714,0 days 02:17:56.372000,16,292.1694444444429,0 days 00:01:21.659000,10292.0,170.0,3,100.0,True,0,car,3940.75638888889,0.9584274726739471,OnTrack,414.8093864478826,-1514.810224393222,2388.084570734483,8276.372,81.659
2026-07-26 14:27:06.914,0 days 02:17:56.572000,16,288.66944444444334,0 days 00:01:21.859000,10292.0,170.0,3,100.0,True,0,car,3950.200833333334,0.9607244466876719,OnTrack,414.56549010064316,-1515.383924273717,2389.4350453392453,8276.572,81.859
2026-07-26 14:27:07.043,0 days 02:17:56.701000,16,286.4119410844431,0 days 00:01:21.988000,10292.0,170.0,3,100.0,True,0,pos,3956.3021219262873,0.962208335065722,OnTrack,416.0,-1512.0,2390.0,8276.701,81.988
2026-07-26 14:27:07.114,0 days 02:17:56.772000,16,285.1694444444429,0 days 00:01:22.059000,10292.0,170.0,3,100.0,True,0,car,3959.6452777777786,0.963021420701397,OnTrack,416.3463725237646,-1511.1855643081005,2390.0138681826325,8276.772,82.059
2026-07-26 14:27:07.363,0 days 02:17:57.021000,16,280.8119410844426,0 days 00:01:22.308000,10292.0,170.0,3,100.0,True,0,pos,3971.202194892337,0.9658321671086703,OnTrack,416.0,-1512.0,2389.0,8277.021,82.308
2026-07-26 14:27:07.594,0 days 02:17:57.252000,16,276.76944444444234,0 days 00:01:22.539000,10292.0,170.0,3,100.0,True,0,car,3982.3119444444455,0.968534158334337,OnTrack,415.94519023953444,-1512.0606364699997,2388.1972939939574,8277.252,82.539
2026-07-26 14:27:07.703,0 days 02:17:57.361000,16,274.43805144888694,0 days 00:01:22.648000,10571.312992,179.5375168,3,100.0,True,0,pos,3987.86935172263,0.9698857698745145,OnTrack,416.0,-1512.0,2388.0,8277.361,82.648
2026-07-26 14:27:07.754,0 days 02:17:57.412000,16,273.34722222222035,0 days 00:01:22.699000,10702.0,184.0,3,100.0,True,0,car,3990.489722222223,0.9705230675979858,OnTrack,416.0302473131822,-1512.0000445727985,2387.9581237783123,8277.412,82.699
2026-07-26 14:27:07.954,0 days 02:17:57.612000,16,269.0694444444425,0 days 00:01:22.899000,10702.0,184.0,3,100.0,True,0,car,4000.711944444445,0.9730092041775469,OnTrack,416.0170363897788,-1512.0108999286633,2387.998159410947,8277.612,82.899
2026-07-26 14:27:07.963,0 days 02:17:57.621000,16,268.87694033777586,0 days 00:01:22.908000,10702.0,184.0,3,100.0,True,0,pos,4001.17042261055,0.973120710199907,OnTrack,416.0,-1512.0,2388.0,8277.621,82.908
2026-07-26 14:27:08.223,0 days 02:17:57.881000,16,263.3158292266644,0 days 00:01:23.168000,10702.0,184.0,3,100.0,True,0,pos,4014.386996260889,0.9763351000355284,OnTrack,416.0,-1512.0,2388.0,8277.881,83.168
2026-07-26 14:27:08.354,0 days 02:17:58.012000,16,260.5138888888864,0 days 00:01:23.299000,10702.0,184.0,3,100.0,True,0,car,4021.15638888889,0.9779814773366693,OnTrack,418.54533679388726,-1513.7654069896737,2387.998741682947,8278.012,83.299
2026-07-26 14:27:08.483,0 days 02:17:58.141000,16,258.43555246221973,0 days 00:01:23.428000,10773.243287854546,186.34545803636362,3,100.0,True,0,pos,4027.9483145605172,0.9796333348771152,OnTrack,416.0,-1512.0,2388.0,8278.141,83.428
2026-07-26 14:27:08.743,0 days 02:17:58.401000,16,254.2466635733308,0 days 00:01:23.688000,10916.834196945454,191.07273076363637,3,100.0,True,0,pos,4041.8912560102417,0.9830243839084581,OnTrack,416.0,-1512.0,2388.0,8278.401,83.688
2026-07-26 14:27:08.794,0 days 02:17:58.452000,16,253.42499999999745,0 days 00:01:23.739000,10945.0,192.0,3,100.0,False,0,car,4044.6230555555567,0.9836887821801835,OnTrack,441.11076838645624,-1529.4226454287505,2387.999978675201,8278.452,83.739
2026-07-26 14:27:08.902,0 days 02:17:58.560000,16,251.68499587555303,0 days 00:01:23.847000,10945.0,192.0,3,100.0,False,0,pos,4050.3969243596343,0.985093039114473,OnTrack,416.0,-1512.0,2388.0,8278.56,83.847
2026-07-26 14:27:09.182,0 days 02:17:58.840000,16,247.173884764442,0 days 00:01:24.127000,10945.0,192.0,3,100.0,False,0,pos,4065.3173055700145,0.988721810305485,OnTrack,-837.0,-640.0,2388.0,8278.84,84.127
2026-07-26 14:27:09.194,0 days 02:17:58.852000,16,246.9805555555531,0 days 00:01:24.139000,10945.0,192.0,4,100.0,False,0,car,4065.9563888888897,0.9888772411288328,OnTrack,-877.2903428776827,-611.5753794722978,2387.999999618015,8278.852,84.139
2026-07-26 14:27:09.394,0 days 02:17:59.052000,16,243.75833333333048,0 days 00:01:24.339000,10945.0,192.0,4,100.0,False,0,car,4076.6230555555567,0.9914714706031574,OnTrack,-1123.2977312493165,-427.393131396375,2387.9999981434344,8279.052,84.339
2026-07-26 14:27:09.582,0 days 02:17:59.240000,16,241.19944095999676,0 days 00:01:24.527000,10945.0,192.0,4,100.0,False,0,pos,4086.6648095533037,0.9939137156839268,OnTrack,-1069.0,-449.0,2388.0,8279.24,84.527
2026-07-26 14:27:09.594,0 days 02:17:59.252000,16,241.03611111110786,0 days 00:01:24.539000,10945.0,192.0,4,100.0,True,0,car,4087.2897222222236,0.9940657000774822,OnTrack,-1068.5040585553245,-448.3834572674625,2388.000000081927,8279.252,84.539
2026-07-26 14:27:09.754,0 days 02:17:59.412000,16,239.6138888888854,0 days 00:01:24.699000,10945.0,183.0,4,104.0,True,0,car,4095.423055555557,0.9960438000516547,OnTrack,-1095.9456617253725,-417.2785379606225,2388.0000007549133,8279.412,84.699
2026-07-26 14:27:09.773,0 days 02:17:59.431000,16,239.6138888888854,0 days 00:01:24.718000,10945.0,183.0,4,104.0,True,0,interpolation,4096.383849978109,0.9962774739150687,OnTrack,-1103.3973444560104,-410.76728974527737,2388.0000007831813,8279.431,84.718
