Date,SessionTime,DriverAhead,DistanceToDriverAhead,Time,RPM,Speed,nGear,Throttle,Brake,DRS,Source,Distance,RelativeDistance,Status,X,Y,Z,SessionTime_seconds,Time_seconds
2026-07-25 14:58:42.117,0 days 01:11:53.702000,,750.0511111111111,0 days 00:00:00,10934.394791679999,283.1749952,7,100.0,False,0,interpolation,0.08456441960053565,1.949150374518561e-05,OnTrack,-1484.696631071175,-112.69170777283743,2388.0000000082705,4313.702,0.0
2026-07-25 14:58:42.196,0 days 01:11:53.781000,,750.0511111111111,0 days 00:00:00.079000,11020.10986112,285.1499968,7,100.0,False,0,pos,6.376103398193411,0.0014696469727179748,OnTrack,-1525.0,-80.0,2388.0,4313.781,0.079
2026-07-25 14:58:42.230,0 days 01:11:53.815000,,750.0511111111111,0 days 00:00:00.113000,11057.0,286.0,7,100.0,False,0,car,9.098055555555558,0.0020970377940594037,OnTrack,-1544.2242734955994,-64.45554847292401,2387.9999999950355,4313.815,0.113
2026-07-25 14:58:42.416,0 days 01:11:54.001000,,750.0511111111111,0 days 00:00:00.299000,11201.537400533334,289.0999978666667,7,100.0,False,0,pos,24.13969569415195,0.005564030017031321,OnTrack,-1661.0,30.0,2388.0,4314.001,0.299
2026-07-25 14:58:42.596,0 days 01:11:54.181000,,750.0511111111111,0 days 00:00:00.479000,11341.412400533334,292.0999978666667,7,100.0,False,0,pos,38.90124267398285,0.00896646273756867,OnTrack,-1774.0,123.0,2388.0,4314.181,0.479
2026-07-25 14:58:42.710,0 days 01:11:54.295000,16,750.0511111111111,0 days 00:00:00.593000,11430.0,294.0,7,100.0,False,0,car,48.298055555555564,0.01113236199329804,OnTrack,-1873.0056542442373,204.51457112689627,2387.9999993615893,4314.295,0.593
2026-07-25 14:58:42.870,0 days 01:11:54.455000,16,747.2511111111111,0 days 00:00:00.753000,11557.0,298.0,7,100.0,False,0,car,61.54250000000001,0.014185113253358259,OnTrack,-2023.9494453635718,328.55627587607074,2387.999999135335,4314.455,0.753
2026-07-25 14:58:42.916,0 days 01:11:54.501000,16,746.5100020622222,0 days 00:00:00.799000,11557.0,298.45999872,7,100.0,False,0,pos,65.36156383235493,0.015065380596799925,OnTrack,-2055.0,354.0,2388.0,4314.501,0.799
2026-07-25 14:58:43.070,0 days 01:11:54.655000,16,744.0288888888888,0 days 00:00:00.953000,11557.0,300.0,7,100.0,False,0,car,78.20916666666668,0.018026662657796455,OnTrack,-2113.9497716934393,401.95443701688447,2388.000006172807,4314.655,0.953
2026-07-25 14:58:43.236,0 days 01:11:54.821000,16,741.4466686577776,0 days 00:00:01.119000,11108.207488914286,303.5571401142857,7,100.0,False,0,pos,92.24987843250592,0.02126294793311334,OnTrack,-2185.0,460.0,2388.0,4314.821,1.119
2026-07-25 14:58:43.350,0 days 01:11:54.935000,16,739.6733333333332,0 days 00:00:01.233000,10800.0,306.0,7,100.0,False,0,car,102.00916666666669,0.0235123952073342,OnTrack,-2293.208581429892,549.1920784352817,2387.9999761334525,4314.935,1.233
2026-07-25 14:58:43.496,0 days 01:11:55.081000,16,737.3616686933332,0 days 00:00:01.379000,10773.407166171428,309.6499968,7,100.0,False,0,pos,114.64374677853908,0.0264245770295796,OnTrack,-2448.0,677.0,2388.0,4315.081,1.379
2026-07-25 14:58:43.630,0 days 01:11:55.215000,16,735.2399999999999,0 days 00:00:01.513000,10749.0,313.0,8,100.0,False,0,car,126.35361111111112,0.029123618370750254,OnTrack,-2539.6627096774323,752.7234200336335,2388.0001704460706,4315.215,1.513
2026-07-25 14:58:43.950,0 days 01:11:55.535000,16,730.2622222222219,0 days 00:00:01.833000,10998.0,318.0,8,100.0,False,0,car,154.6202777777778,0.03563888616067744,OnTrack,-2662.320516679258,853.2741077563699,2388.000144826686,4315.535,1.833
2026-07-25 14:58:43.976,0 days 01:11:55.561000,16,729.8794463288885,0 days 00:00:01.859000,11000.9249856,318.1624992,8,100.0,False,0,pos,156.92235833848733,0.03616949953309519,OnTrack,-2678.0,866.0,2388.0,4315.561,1.859
2026-07-25 14:58:44.075,0 days 01:11:55.660000,16,728.4219453866663,0 days 00:00:01.958000,11012.0624928,318.7812496,8,100.0,False,0,pos,165.69166052035692,0.03819076198754116,OnTrack,-2747.0,922.0,2388.0,4315.66,1.958
2026-07-25 14:58:44.110,0 days 01:11:55.695000,16,727.9066666666663,0 days 00:00:01.993000,11016.0,319.0,8,100.0,False,0,car,168.7980555555556,0.0389067641873862,OnTrack,-2773.314842417019,943.4702487080735,2388.0011253934476,4315.695,1.993
2026-07-25 14:58:44.310,0 days 01:11:55.895000,16,725.0177777777776,0 days 00:00:02.193000,11081.0,321.0,8,100.0,False,0,car,186.63138888888892,0.043017222050135064,OnTrack,-2933.5984920472147,1075.4212155793205,2388.0133410175067,4315.895,2.193
2026-07-25 14:58:44.395,0 days 01:11:55.980000,16,723.7900009244443,0 days 00:00:02.278000,11116.5178304,321.9107136,8,100.0,False,0,pos,194.25915564339348,0.04477536862011269,OnTrack,-2995.0,1126.0,2388.0,4315.98,2.278
2026-07-25 14:58:44.590,0 days 01:11:56.175000,16,720.9733333333331,0 days 00:00:02.473000,11198.0,324.0,8,100.0,False,0,car,211.8313888888889,0.04882564474964561,OnTrack,-3111.0779838960793,1221.2005970373766,2387.9308805032865,4316.175,2.473
2026-07-25 14:58:44.675,0 days 01:11:56.260000,16,719.7691675733331,0 days 00:00:02.558000,11223.07498112,324.42499968,8,100.0,False,0,pos,219.49436563474265,0.05059190697490111,OnTrack,-3162.0,1263.0,2388.0,4316.26,2.558
2026-07-25 14:58:44.790,0 days 01:11:56.375000,16,718.1399999999999,0 days 00:00:02.673000,11257.0,325.0,8,100.0,False,0,car,229.88694444444448,0.05298732327112033,OnTrack,-3237.799288479366,1325.402004255643,2388.2581643530893,4316.375,2.673
2026-07-25 14:58:45.015,0 days 01:11:56.600000,16,715.0150008888886,0 days 00:00:02.898000,11271.999995733333,327.8124992,8,100.0,False,0,pos,250.38399963546706,0.05771175028082891,OnTrack,-3400.0,1459.0,2388.0,4316.6,2.898
2026-07-25 14:58:45.030,0 days 01:11:56.615000,16,714.8066666666664,0 days 00:00:02.913000,11273.0,328.0,8,100.0,False,0,car,251.75361111111113,0.058027436089743235,OnTrack,-3410.827893117369,1467.8873922163004,2387.8544107353478,4316.615,2.913
2026-07-25 14:58:45.215,0 days 01:11:56.800000,16,712.0830556305582,0 days 00:00:03.098000,11277.601989923021,328.92039798460434,8,100.0,False,0,pos,268.658869453718,0.06192397919681817,OnTrack,-3550.0,1582.0,2385.0,4316.8,3.098
2026-07-25 14:58:45.231,0 days 01:11:56.816000,16,711.8474999999999,0 days 00:00:03.114000,11278.0,329.0,8,100.0,False,0,car,270.1227777777778,0.06226139976584479,OnTrack,-3563.5813724280465,1593.1678389752217,2384.7221670722074,4316.816,3.114
2026-07-25 14:58:45.395,0 days 01:11:56.980000,16,709.1597222222221,0 days 00:00:03.278000,11314.444444444445,329.4555555555556,8,100.0,False,0,pos,285.1477287836208,0.06572454526113736,OnTrack,-3709.0,1713.0,2382.0,4316.98,3.278
2026-07-25 14:58:45.555,0 days 01:11:57.140000,16,706.5374999999998,0 days 00:00:03.438000,11350.0,329.9,8,100.0,False,0,pos,299.82249580427504,0.06910697581164518,OnTrack,-3822.0,1806.0,2380.0,4317.14,3.438
2026-07-25 14:58:45.591,0 days 01:11:57.176000,16,705.9474999999998,0 days 00:00:03.474000,11358.0,330.0,8,100.0,False,0,car,303.12277777777786,0.06986766758663243,OnTrack,-3846.9063526497184,1826.4046064808758,2379.3706055227563,4317.176,3.474
2026-07-25 14:58:45.791,0 days 01:11:57.376000,16,702.1141666666665,0 days 00:00:03.674000,11392.0,330.0,8,100.0,False,0,car,321.45611111111117,0.07409337193151444,OnTrack,-3989.676381417207,1942.1997171201788,2374.58671901492,4317.376,3.674
2026-07-25 14:58:45.815,0 days 01:11:57.400000,16,701.4208333333332,0 days 00:00:03.698000,11392.685714285713,330.0857142857143,8,100.0,False,0,pos,323.6586920297263,0.07460105133648241,OnTrack,-4007.0,1956.0,2374.0,4317.4,3.698
2026-07-25 14:58:45.996,0 days 01:11:57.581000,16,696.1919462933333,0 days 00:00:03.879000,11397.857141028571,330.7321426285714,8,100.0,False,0,pos,340.29487935532063,0.07843557546724797,OnTrack,-4137.0,2058.0,2370.0,4317.581,3.879
2026-07-25 14:58:46.071,0 days 01:11:57.656000,16,694.0252777777778,0 days 00:00:03.954000,11400.0,331.0,8,100.0,False,0,car,347.20055555555564,0.08002728524490331,OnTrack,-4189.108808804692,2098.6931143282254,2368.8117523141887,4317.656,3.954
2026-07-25 14:58:46.116,0 days 01:11:57.701000,16,692.2752802666666,0 days 00:00:03.999000,11400.249999644444,331.1249998222222,8,100.0,False,0,pos,351.34728614545713,0.0809830774705834,OnTrack,-4224.0,2126.0,2368.0,4317.701,3.999
2026-07-25 14:58:46.431,0 days 01:11:58.016000,16,680.0252777777778,0 days 00:00:04.314000,11402.0,332.0,8,100.0,False,0,car,380.4005555555556,0.08767965165854419,OnTrack,-4551.576752093,2383.87948825145,2358.593773503808,4318.016,4.314
2026-07-25 14:58:46.456,0 days 01:11:58.041000,16,678.9627804977778,0 days 00:00:04.339000,11397.50001152,331.87500032,8,100.0,False,0,pos,382.70205284237016,0.08821013059043288,OnTrack,-4572.0,2400.0,2358.0,4318.041,4.339
2026-07-25 14:58:46.631,0 days 01:11:58.216000,16,671.5252777777778,0 days 00:00:04.514000,11366.0,331.0,8,100.0,False,0,car,398.78944444444454,0.09191816116810768,OnTrack,-4667.895943684016,2475.881653034395,2355.3534430032955,4318.216,4.514
2026-07-25 14:58:46.856,0 days 01:11:58.441000,16,661.0877807466667,0 days 00:00:04.739000,11275.2969008,330.2968752,8,100.0,False,0,pos,419.42798444585543,0.09667519943116133,OnTrack,-4760.0,2548.0,2353.0,4318.441,4.739
2026-07-25 14:58:46.951,0 days 01:11:58.536000,16,656.6808333333333,0 days 00:00:04.834000,11237.0,330.0,8,100.0,False,0,car,428.1227777777778,0.09867928811991888,OnTrack,-4825.6923527612325,2598.784028174639,2351.183174286816,4318.536,4.834
2026-07-25 14:58:47.056,0 days 01:11:58.641000,16,651.4308365333334,0 days 00:00:04.939000,11237.0,328.359376,8,100.0,False,0,pos,437.7175836591989,0.10089082336908728,OnTrack,-4905.0,2660.0,2349.0,4318.641,4.939
2026-07-25 14:58:47.216,0 days 01:11:58.801000,16,643.4308365333334,0 days 00:00:05.099000,11237.0,325.859376,8,100.0,False,0,pos,452.1772118527473,0.10422366593360669,OnTrack,-5020.0,2749.0,2346.0,4318.801,5.099
2026-07-25 14:58:47.271,0 days 01:11:58.856000,16,640.6808333333333,0 days 00:00:05.154000,11237.0,325.0,8,100.0,False,0,car,457.0116666666667,0.10533797375427842,OnTrack,-5067.351325153287,2785.7622202037887,2344.789804979977,4318.856,5.154
2026-07-25 14:58:47.476,0 days 01:11:59.061000,16,631.2850046083556,0 days 00:00:05.359000,10782.459832965378,311.2952713456898,8,42.896963940374114,False,0,pos,474.3689094253073,0.10933869608920713,OnTrack,-5259.0,2935.0,2340.0,4319.061,5.359
2026-07-25 14:58:47.630,0 days 01:11:59.215000,16,624.2266666666666,0 days 00:00:05.513000,10441.0,301.0,8,0.0,True,0,car,487.0280555555556,0.11225654020584822,OnTrack,-5355.0816245989245,3010.3517275151253,2337.8376951497185,4319.215,5.513
2026-07-25 14:58:47.790,0 days 01:11:59.375000,16,617.2933333333332,0 days 00:00:05.673000,9934.0,289.0,8,0.0,True,0,car,499.87250000000006,0.11521709428020191,OnTrack,-5414.0197068190255,3057.360782108132,2336.726687178981,4319.375,5.673
2026-07-25 14:58:47.936,0 days 01:11:59.521000,16,612.3861154133332,0 days 00:00:05.819000,9761.928722285715,267.6214473142857,8,0.0,True,0,pos,510.3642777993614,0.11763537524559997,OnTrack,-5478.0,3109.0,2335.0,4319.521,5.819
2026-07-25 14:58:48.070,0 days 01:11:59.655000,16,607.882222222222,0 days 00:00:05.953000,9604.0,248.0,8,0.0,True,0,car,519.161388888889,0.11966304745760505,OnTrack,-5551.120187989775,3168.334076858321,2332.6044890914964,4319.655,5.953
2026-07-25 14:58:48.156,0 days 01:11:59.741000,16,605.5411145955554,0 days 00:00:06.039000,9894.7870672,233.4875216,8,0.0,True,0,pos,524.5460051884676,0.12090416362993152,OnTrack,-5598.0,3207.0,2331.0,4319.741,6.039
2026-07-25 14:58:48.230,0 days 01:11:59.815000,16,603.5266666666665,0 days 00:00:06.113000,10145.0,221.0,8,0.0,True,0,car,528.9836111111111,0.12192700057328729,OnTrack,-5635.065074620221,3238.2259093532934,2329.7306851354965,4319.815,6.113
2026-07-25 14:58:48.276,0 days 01:11:59.861000,16,602.5427805155554,0 days 00:00:06.159000,10226.6497728,216.59167893333333,8,0.0,True,0,pos,531.637788506809,0.12253876978891028,OnTrack,-5657.0,3257.0,2329.0,4319.861,6.159
2026-07-25 14:58:48.470,0 days 01:12:00.055000,16,598.3933333333332,0 days 00:00:06.353000,10571.0,198.0,8,0.0,True,0,car,542.1836111111111,0.12496950770160233,OnTrack,-5742.655918803904,3332.619872523451,2326.3606492044323,4320.055,6.353
2026-07-25 14:58:48.556,0 days 01:12:00.141000,16,596.7450024533332,0 days 00:00:06.439000,10352.416992,193.7000064,8,0.0,True,0,pos,546.752335411817,0.12602256650858748,OnTrack,-5777.0,3364.0,2325.0,4320.141,6.439
2026-07-25 14:58:48.710,0 days 01:12:00.295000,16,593.7933333333332,0 days 00:00:06.593000,9961.0,186.0,7,0.0,True,0,car,554.583611111111,0.12782762045850432,OnTrack,-5832.953666255202,3416.981212619736,2322.1008111116166,4320.295,6.593
2026-07-25 14:58:48.716,0 days 01:12:00.301000,16,593.7266680888887,0 days 00:00:06.599000,9991.38935168,185.19001728,7,0.0,True,0,pos,554.8703532648678,0.12789371250750384,OnTrack,-5835.0,3419.0,2322.0,4320.301,6.599
2026-07-25 14:58:48.910,0 days 01:12:00.495000,16,591.5711111111109,0 days 00:00:06.793000,10974.0,159.0,5,0.0,True,0,car,563.4169444444444,0.12986364164285658,OnTrack,-5895.981290146192,3483.120362624975,2319.5202749296323,4320.495,6.793
2026-07-25 14:58:48.956,0 days 01:12:00.541000,16,591.4816669155554,0 days 00:00:06.839000,10970.166677333333,155.67778702222222,5,0.0,True,0,pos,565.2668039264712,0.13029002123834504,OnTrack,-5909.0,3498.0,2319.0,4320.541,6.839
2026-07-25 14:58:49.136,0 days 01:12:00.721000,16,591.1316669155553,0 days 00:00:07.019000,10955.166677333333,142.67778702222222,5,0.0,True,0,pos,571.9264405595942,0.13182502062684998,OnTrack,-5955.0,3555.0,2317.0,4320.721,7.019
2026-07-25 14:58:49.270,0 days 01:12:00.855000,16,590.8711111111108,0 days 00:00:07.153000,10944.0,133.0,3,0.0,True,0,car,576.7169444444444,0.13292919806759826,OnTrack,-5985.128122494625,3596.0348136799407,2315.906284862596,4320.855,7.153
2026-07-25 14:58:49.376,0 days 01:12:00.961000,16,591.077221973333,0 days 00:00:07.259000,10618.933725866667,130.79166933333335,3,0.0,True,0,pos,580.5368611655631,0.13380966199589928,OnTrack,-6006.0,3628.0,2315.0,4320.961,7.259
2026-07-25 14:58:49.510,0 days 01:12:01.095000,16,591.3377777777775,0 days 00:00:07.393000,10208.0,128.0,2,0.0,True,0,car,585.2502777777777,0.1348960713626706,OnTrack,-6028.148796142522,3668.1906030876553,2313.5028145592482,4321.095,7.393
2026-07-25 14:58:49.556,0 days 01:12:01.141000,16,591.6316658488887,0 days 00:00:07.439000,10077.82036224,125.47000704,2,0.0,True,0,pos,586.7903797831494,0.1352510540391612,OnTrack,-6035.0,3682.0,2313.0,4321.141,7.439
2026-07-25 14:58:49.710,0 days 01:12:01.295000,16,592.6155555555554,0 days 00:00:07.593000,9642.0,117.0,2,0.0,True,0,car,591.7502777777777,0.1363942756304015,OnTrack,-6055.753462233124,3728.3030807871787,2311.5733465694857,4321.295,7.593
2026-07-25 14:58:49.796,0 days 01:12:01.381000,16,593.4277765688887,0 days 00:00:07.679000,9430.01031552,115.71000192,2,0.0,True,0,pos,594.507395058928,0.13702977176536366,OnTrack,-6065.0,3753.0,2311.0,4321.381,7.679
2026-07-25 14:58:49.910,0 days 01:12:01.495000,16,594.5044444444442,0 days 00:00:07.793000,9149.0,114.0,2,0.0,True,0,car,598.083611111111,0.137854064404088,OnTrack,-6074.020423650345,3783.666665779332,2310.517786074923,4321.495,7.793
2026-07-25 14:58:49.996,0 days 01:12:01.581000,16,595.5794428444442,0 days 00:00:07.879000,8905.5128624,109.7000064,2,0.0,True,0,pos,600.6445305564906,0.13844433831830077,OnTrack,-6079.0,3811.0,2310.0,4321.581,7.879
2026-07-25 14:58:50.070,0 days 01:12:01.655000,16,596.5044444444443,0 days 00:00:07.953000,8696.0,106.0,2,0.0,True,0,car,602.7947222222222,0.1389399423690759,OnTrack,-6082.364927816383,3840.5564638216574,2309.249871205395,4321.655,7.953
2026-07-25 14:58:50.176,0 days 01:12:01.761000,16,598.4183310222221,0 days 00:00:08.059000,8505.2002304,104.48571611428571,2,0.0,True,0,pos,605.8473168654791,0.1396435439571036,OnTrack,-6085.0,3885.0,2308.0,4321.761,8.059
2026-07-25 14:58:50.350,0 days 01:12:01.935000,16,601.56,0 days 00:00:08.233000,8192.0,102.0,2,0.0,True,0,car,610.7280555555556,0.14076851988558847,OnTrack,-6081.350666435479,3937.3434111284023,2306.576145662849,4321.935,8.233
2026-07-25 14:58:50.616,0 days 01:12:02.201000,16,607.98833024,0 days 00:00:08.499000,7985.8500992,96.01500288,2,3.3249983999999997,True,0,pos,617.6826714837288,0.1423715099262067,OnTrack,-6062.0,3987.0,2305.0,4322.201,8.499
2026-07-25 14:58:50.750,0 days 01:12:02.335000,16,611.2266666666667,0 days 00:00:08.633000,7882.0,93.0,2,5.0,False,0,car,621.0613888888888,0.14315028051634016,OnTrack,-6049.379389632133,4010.7228965218196,2303.8868390439657,4322.335,8.633
2026-07-25 14:58:51.015,0 days 01:12:02.600000,16,619.2502758400001,0 days 00:00:08.898000,7940.6785572571425,90.16071497142858,2,7.839285028571429,False,0,pos,627.6818193943114,0.144676243168254,OnTrack,-6008.0,4060.0,2302.0,4322.6,8.898
2026-07-25 14:58:51.030,0 days 01:12:02.615000,16,619.7044444444446,0 days 00:00:08.913000,7944.0,90.0,2,8.0,False,0,car,628.0613888888888,0.14476373126620418,OnTrack,-6004.3492274231185,4063.12421187001,2301.9645183201037,4322.615,8.913
2026-07-25 14:58:51.235,0 days 01:12:02.820000,16,626.3669423644446,0 days 00:00:09.118000,8143.8749376,91.9218744,2,22.093745600000002,False,0,pos,633.3327298189894,0.14597873826284127,OnTrack,-5947.0,4105.0,2302.0,4322.82,9.118
2026-07-25 14:58:51.350,0 days 01:12:02.935000,16,630.1044444444447,0 days 00:00:09.233000,8256.0,93.0,2,30.0,False,0,car,636.3280555555555,0.14666913977080553,OnTrack,-5921.964090909269,4119.359648820731,2301.884359128248,4322.935,9.233
2026-07-25 14:58:51.550,0 days 01:12:03.135000,16,636.6600000000002,0 days 00:00:09.433000,8409.0,95.0,2,39.0,False,0,car,641.6058333333332,0.14788563041554428,OnTrack,-5888.013033338086,4130.9292399347205,2301.2758681185105,4323.135,9.433
2026-07-25 14:58:51.615,0 days 01:12:03.200000,16,638.8447205686989,0 days 00:00:09.498000,8514.71166376351,96.38789930542902,2,41.08184895814353,False,0,pos,643.3835028943594,0.14829537074215118,OnTrack,-5874.0,4135.0,2301.0,4323.2,9.498
2026-07-25 14:58:51.815,0 days 01:12:03.400000,16,645.5669443219613,0 days 00:00:09.698000,8839.97864176026,100.65836291151327,2,47.48754436726989,False,0,pos,649.0324659617958,0.14959741698459533,OnTrack,-5821.0,4149.0,2300.0,4323.4,9.698
2026-07-25 14:58:51.831,0 days 01:12:03.416000,16,646.1047222222222,0 days 00:00:09.714000,8866.0,101.0,2,48.0,False,0,car,649.4894444444443,0.14970274730966696,OnTrack,-5816.539392347792,4149.9173043657665,2299.9246380755108,4323.416,9.714
2026-07-25 14:58:51.991,0 days 01:12:03.576000,16,651.4825,0 days 00:00:09.874000,9412.0,104.0,2,54.0,False,0,car,654.1116666666666,0.15076813701116448,OnTrack,-5771.168327512668,4156.859949166221,2299.035703780039,4323.576,9.874
2026-07-25 14:58:51.995,0 days 01:12:03.580000,16,651.6169444444444,0 days 00:00:09.878000,9421.616666666667,104.11666666666666,2,54.13333333333333,False,0,pos,654.2297213346375,0.15079534778153056,OnTrack,-5770.0,4157.0,2299.0,4323.58,9.878
2026-07-25 14:58:52.175,0 days 01:12:03.760000,16,657.6669444444444,0 days 00:00:10.058000,9854.366666666667,109.36666666666666,2,60.13333333333333,False,0,pos,659.7123465837542,0.15205905432716074,OnTrack,-5717.0,4162.0,2297.0,4323.76,10.058
2026-07-25 14:58:52.231,0 days 01:12:03.816000,16,659.5491666666667,0 days 00:00:10.114000,9989.0,111.0,2,62.0,False,0,car,661.5116666666665,0.15247378494673505,OnTrack,-5701.831749606565,4163.056414969635,2296.6752037685546,4323.816,10.114
2026-07-25 14:58:52.415,0 days 01:12:04,16,665.4269444444443,0 days 00:00:10.298000,10740.333333333334,120.96666666666667,2,72.73333333333333,False,0,pos,667.7777193577637,0.1539180660057548,OnTrack,-5641.0,4164.0,2296.0,4324.0,10.298
2026-07-25 14:58:52.471,0 days 01:12:04.056000,16,667.2158333333332,0 days 00:00:10.354000,10969.0,124.0,2,76.0,False,0,car,669.7783333333332,0.15437919345133638,OnTrack,-5609.871798392231,4163.039092622934,2295.3093099709954,4324.056,10.354
2026-07-25 14:58:52.616,0 days 01:12:04.201000,16,671.5658314133333,0 days 00:00:10.499000,11663.1871936,132.1562464,2,78.7187488,False,0,pos,675.1275834482108,0.15561215796691627,OnTrack,-5520.0,4159.0,2293.0,4324.201,10.499
2026-07-25 14:58:52.631,0 days 01:12:04.216000,16,672.0158333333333,0 days 00:00:10.514000,11735.0,133.0,2,79.0,False,0,car,675.6894444444443,0.1557416629734438,OnTrack,-5512.813271019364,4158.632786535249,2292.818161850951,4324.216,10.514
2026-07-25 14:58:52.831,0 days 01:12:04.416000,16,678.0158333333331,0 days 00:00:10.714000,12326.0,139.0,2,85.0,False,0,car,683.4116666666666,0.15752158086416684,OnTrack,-5461.519293756357,4155.051550987394,2291.6580154121757,4324.416,10.714
2026-07-25 14:58:52.996,0 days 01:12:04.581000,16,682.1408317333331,0 days 00:00:10.879000,11758.81272,150.3437456,2,92.734372,False,0,pos,690.5803732643059,0.15917391729781202,OnTrack,-5426.0,4150.0,2291.0,4324.581,10.879
2026-07-25 14:58:53.151,0 days 01:12:04.736000,16,686.0158333333331,0 days 00:00:11.034000,11226.0,161.0,3,100.0,False,0,car,697.7227777777778,0.1608201912861111,OnTrack,-5364.308158492009,4141.12296074925,2289.729715534519,4324.736,11.034
2026-07-25 14:58:53.316,0 days 01:12:04.901000,16,689.957498471111,0 days 00:00:11.199000,11082.1406808,166.6718728,3,100.0,False,0,pos,705.4258635816983,0.1625956983670544,OnTrack,-5289.0,4130.0,2288.0,4324.901,11.199
2026-07-25 14:58:53.471,0 days 01:12:05.056000,16,693.6602777777778,0 days 00:00:11.354000,10947.0,172.0,3,100.0,False,0,car,713.0116666666665,0.16434417260644907,OnTrack,-5217.416939146163,4117.6951260561445,2286.088443010172,4325.056,11.354
2026-07-25 14:58:53.476,0 days 01:12:05.061000,16,693.7561098844444,0 days 00:00:11.359000,10952.8749248,172.31944035555554,3,100.0,False,0,pos,713.2658904312698,0.1644027693955394,OnTrack,-5214.0,4117.0,2286.0,4325.061,11.359
2026-07-25 14:58:53.656,0 days 01:12:05.241000,16,697.2061098844443,0 days 00:00:11.539000,11164.3749248,183.81944035555554,3,100.0,False,0,pos,722.8142395499676,0.16660359668775754,OnTrack,-5055.0,4082.0,2282.0,4325.241,11.539
2026-07-25 14:58:53.831,0 days 01:12:05.416000,16,700.5602777777775,0 days 00:00:11.714000,11370.0,195.0,4,100.0,False,0,car,732.5116666666667,0.16883878540964178,OnTrack,-4972.597372284708,4063.2977218706756,2279.862435882041,4325.416,11.714
2026-07-25 14:58:54.036,0 days 01:12:05.621000,16,704.4324987911109,0 days 00:00:11.919000,10684.714499657142,201.58928365714286,4,100.0,False,0,pos,744.0404308774777,0.17149608444691872,OnTrack,-4891.0,4038.0,2278.0,4325.621,11.919
2026-07-25 14:58:54.111,0 days 01:12:05.696000,16,705.8491666666664,0 days 00:00:11.994000,10434.0,204.0,4,100.0,False,0,car,748.3783333333333,0.17249594044266695,OnTrack,-4830.861837928181,4018.173185909006,2276.753972093619,4325.696,11.994
2026-07-25 14:58:54.256,0 days 01:12:05.841000,16,708.3463874226069,0 days 00:00:12.139000,10717.06361511601,209.28473493798853,4,100.0,False,0,pos,757.0112678950179,0.17448577112010652,OnTrack,-4694.0,3971.0,2274.0,4325.841,12.139
2026-07-25 14:58:54.550,0 days 01:12:06.135000,16,713.409722222222,0 days 00:00:12.433000,11291.0,220.0,5,100.0,False,0,car,775.2061111111111,0.1786795544673443,OnTrack,-4498.02394586937,3887.314884245824,2270.3220243108376,4326.135,12.433
2026-07-25 14:58:54.716,0 days 01:12:06.301000,16,716.1302756799997,0 days 00:00:12.599000,11577.3497792,224.84166293333334,5,100.0,False,0,pos,785.6152952708329,0.18107879817991232,OnTrack,-4432.0,3856.0,2269.0,4326.301,12.599
2026-07-25 14:58:54.790,0 days 01:12:06.375000,16,717.3430555555552,0 days 00:00:12.673000,11705.0,227.0,5,100.0,False,0,car,790.3394444444444,0.18216768132657418,OnTrack,-4411.885738768937,3847.002927208701,2268.5174121885566,4326.375,12.673
2026-07-25 14:58:55.016,0 days 01:12:06.601000,16,720.4819426666664,0 days 00:00:12.899000,11018.92896,235.8785664,5,100.0,False,0,pos,805.208441870368,0.18559488061894314,OnTrack,-4338.0,3808.0,2267.0,4326.601,12.899
2026-07-25 14:58:55.070,0 days 01:12:06.655000,16,721.2319444444443,0 days 00:00:12.953000,10855.0,238.0,6,100.0,False,0,car,808.8505555555555,0.18643436219843684,OnTrack,-4298.949654316917,3784.2984193737043,2266.4528492442464,4326.655,12.953
2026-07-25 14:58:55.296,0 days 01:12:06.881000,16,723.9941651022219,0 days 00:00:13.179000,11116.783185066666,247.41666133333334,6,100.0,False,0,pos,824.4095233703183,0.19002059481098532,OnTrack,-4096.0,3657.0,2264.0,4326.881,13.179
2026-07-25 14:58:55.310,0 days 01:12:06.895000,16,724.1652777777774,0 days 00:00:13.193000,11133.0,248.0,6,100.0,False,0,car,825.3838888888888,0.19024517920763953,OnTrack,-4087.2508839078305,3651.411787371633,2263.908280446244,4326.895,13.193
2026-07-25 14:58:55.550,0 days 01:12:07.135000,16,726.8986111111109,0 days 00:00:13.433000,11385.0,253.0,6,100.0,False,0,car,842.2505555555555,0.194132827204931,OnTrack,-4014.0983498121955,3601.320664591188,2263.414332196027,4327.135,13.433
2026-07-25 14:58:55.636,0 days 01:12:07.221000,16,727.7586098311108,0 days 00:00:13.519000,11205.768448581819,254.7590882909091,6,100.0,False,0,pos,848.3995577774971,0.19555012895434634,OnTrack,-3980.0,3575.0,2263.0,4327.221,13.519
2026-07-25 14:58:55.976,0 days 01:12:07.561000,16,731.1586098311107,0 days 00:00:13.859000,10497.17753949091,261.71363374545456,6,100.0,False,0,pos,873.2363234168236,0.20127482868934188,OnTrack,-3729.0,3379.0,2259.0,4327.561,13.859
2026-07-25 14:58:55.990,0 days 01:12:07.575000,16,731.2986111111106,0 days 00:00:13.873000,10468.0,262.0,6,100.0,False,0,car,874.2727777777777,0.2015137241273249,OnTrack,-3719.081137851633,3371.022040331982,2258.842866136343,4327.575,13.873
2026-07-25 14:58:56.316,0 days 01:12:07.901000,16,734.0152767111108,0 days 00:00:14.199000,10494.89498944,268.51999744,6,100.0,False,0,pos,898.6756560523321,0.20713841587745643,OnTrack,-3534.0,3216.0,2256.0,4327.901,14.199
2026-07-25 14:58:56.390,0 days 01:12:07.975000,16,734.6319444444441,0 days 00:00:14.273000,10501.0,270.0,7,100.0,False,0,car,904.2727777777777,0.20842851305531365,OnTrack,-3501.114592468927,3187.685527552103,2255.4591899141983,4327.975,14.273
2026-07-25 14:58:56.670,0 days 01:12:08.255000,16,736.6541666666664,0 days 00:00:14.553000,10730.0,275.0,7,100.0,False,0,car,925.6616666666667,0.21335850145767604,OnTrack,-3385.952282273366,3087.281467860967,2254.019804303745,4328.255,14.553
2026-07-25 14:58:56.696,0 days 01:12:08.281000,16,736.7841660266664,0 days 00:00:14.579000,10741.988829866666,275.50555306666666,7,100.0,False,0,pos,927.6746894867358,0.21382248905460943,OnTrack,-3373.0,3076.0,2254.0,4328.281,14.579
2026-07-25 14:58:56.856,0 days 01:12:08.441000,16,737.5841660266664,0 days 00:00:14.739000,10815.766607644444,278.61666417777775,7,100.0,False,0,pos,940.1780732285166,0.2167044310366114,OnTrack,-3280.0,2995.0,2254.0,4328.441,14.739
2026-07-25 14:58:57.030,0 days 01:12:08.615000,16,738.4541666666664,0 days 00:00:14.913000,10896.0,282.0,7,100.0,False,0,car,953.8616666666667,0.21985840304998544,OnTrack,-3142.2812393122317,2874.146849169517,2251.997372718229,4328.615,14.913
2026-07-25 14:58:57.190,0 days 01:12:08.775000,16,739.1652777777776,0 days 00:00:15.073000,10957.0,283.0,7,100.0,False,0,car,966.4394444444445,0.22275749233386813,OnTrack,-3013.0617313650455,2760.562332530953,2249.4428116637496,4328.775,15.073
2026-07-25 14:58:57.235,0 days 01:12:08.820000,16,739.3152775644444,0 days 00:00:15.118000,10961.7812432,283.5624992,7,100.0,False,0,pos,969.9943086334438,0.2235768635183547,OnTrack,-2985.0,2736.0,2249.0,4328.82,15.118
2026-07-25 14:58:57.350,0 days 01:12:08.935000,16,739.6986111111111,0 days 00:00:15.233000,10974.0,285.0,7,100.0,False,0,car,979.1061111111111,0.22567706988124117,OnTrack,-2930.015905105278,2688.145498878293,2248.427867968411,4328.935,15.233
2026-07-25 14:58:57.510,0 days 01:12:09.095000,16,740.1875,0 days 00:00:15.393000,11147.0,285.0,7,100.0,False,0,car,991.7727777777777,0.22859664742861419,OnTrack,-2879.296412279793,2644.784529421835,2248.44307549051,4329.095,15.393
2026-07-25 14:58:57.595,0 days 01:12:09.180000,16,740.1875,0 days 00:00:15.478000,10818.90024704,282.02500224,7,57.500032000000004,False,0,pos,998.4942063353594,0.2301458894209553,OnTrack,-2842.0,2613.0,2248.0,4329.18,15.478
2026-07-25 14:58:57.710,0 days 01:12:09.295000,16,740.1875,0 days 00:00:15.593000,10375.0,278.0,7,0.0,False,0,car,1007.2172222222221,0.23215648321006022,OnTrack,-2776.724259214411,2557.4118658080997,2246.7785576176925,4329.295,15.593
2026-07-25 14:58:57.775,0 days 01:12:09.360000,16,741.1805546612935,0 days 00:00:15.658000,10419.756858513061,270.2273394567014,7,0.0,False,0,pos,1011.7242351252287,0.23319531797406062,OnTrack,-2738.0,2525.0,2246.0,4329.36,15.658
2026-07-25 14:58:58.375,0 days 01:12:09.960000,16,750.3472220988757,0 days 00:00:16.258000,10832.897497725939,198.47963302851053,7,0.0,False,0,pos,1042.1634237830356,0.2402113367976595,OnTrack,-2437.0,2306.0,2240.0,4329.96,16.258
2026-07-25 14:58:58.471,0 days 01:12:10.056000,16,751.8138888888889,0 days 00:00:16.354000,10899.0,187.0,5,0.0,True,0,car,1046.7469444444444,0.24126780606168333,OnTrack,-2393.2601294382157,2280.195598621978,2238.8057804265068,4330.056,16.354
2026-07-25 14:58:58.615,0 days 01:12:10.200000,16,754.0938888888887,0 days 00:00:16.498000,11181.0,179.8,5,0.0,True,0,pos,1053.812697086707,0.24289641233297082,OnTrack,-2329.0,2246.0,2237.0,4330.2,16.498
2026-07-25 14:58:58.711,0 days 01:12:10.296000,16,755.6138888888886,0 days 00:00:16.594000,11369.0,175.0,4,0.0,True,0,car,1058.413611111111,0.2439568906447901,OnTrack,-2287.1202976175077,2226.7263535346437,2235.9608079298746,4330.296,16.594
2026-07-25 14:58:58.795,0 days 01:12:10.380000,16,757.3872222222219,0 days 00:00:16.678000,11207.93,170.8,4,0.0,True,0,pos,1062.2533407686549,0.24484192131553853,OnTrack,-2251.0,2212.0,2235.0,4330.38,16.678
2026-07-25 14:58:59.111,0 days 01:12:10.696000,16,764.0583333333332,0 days 00:00:16.994000,10602.0,155.0,3,0.0,True,0,car,1075.6358333333333,0.2479264916960429,OnTrack,-2119.9655874044224,2173.387665760939,2230.0821115021545,4330.696,16.994
2026-07-25 14:58:59.116,0 days 01:12:10.701000,16,764.1763873777776,0 days 00:00:16.999000,10587.666850133333,154.8750016,3,0.0,True,0,pos,1075.8449954700382,0.2479747020969443,OnTrack,-2118.0,2173.0,2230.0,4330.701,16.999
2026-07-25 14:58:59.176,0 days 01:12:10.761000,16,765.5930540444442,0 days 00:00:17.059000,10415.666850133333,153.3750016,3,0.0,True,0,pos,1078.3550759128987,0.24855325797876604,OnTrack,-2094.0,2169.0,2229.0,4330.761,17.059
2026-07-25 14:58:59.351,0 days 01:12:10.936000,16,769.7249999999997,0 days 00:00:17.234000,9914.0,149.0,3,0.0,True,0,car,1085.5691666666667,0.2502160551410881,OnTrack,-2003.1959733944861,2166.588336998839,2225.5012830302053,4330.936,17.234
2026-07-25 14:58:59.376,0 days 01:12:10.961000,16,770.4124982399996,0 days 00:00:17.259000,9866.6563712,148.0625024,3,0.0,True,0,pos,1086.565600994809,0.25044572624307837,OnTrack,-1991.0,2167.0,2225.0,4330.961,17.259
2026-07-25 14:58:59.671,0 days 01:12:11.256000,16,778.5249999999999,0 days 00:00:17.554000,9308.0,137.0,3,0.0,True,0,car,1097.7469444444444,0.2530229472392642,OnTrack,-1884.4004666761566,2186.5208244673654,2219.3093990675093,4331.256,17.554
2026-07-25 14:58:59.756,0 days 01:12:11.341000,16,781.1694424533332,0 days 00:00:17.639000,9212.375072,135.5833344,3,0.0,True,0,pos,1100.8637730690857,0.25374135430806777,OnTrack,-1849.0,2204.0,2217.0,4331.341,17.639
2026-07-25 14:58:59.936,0 days 01:12:11.521000,16,786.7694424533332,0 days 00:00:17.819000,9009.875072,132.5833344,3,0.0,True,0,pos,1107.3490043240686,0.25523615448398124,OnTrack,-1763.0,2257.0,2211.0,4331.521,17.819
2026-07-25 14:59:00.151,0 days 01:12:11.736000,16,793.4583333333333,0 days 00:00:18.034000,8768.0,129.0,3,0.0,False,0,car,1114.9469444444444,0.25698742622464443,OnTrack,-1718.6338723706115,2295.325137101593,2205.6438676792595,4331.736,18.034
2026-07-25 14:59:00.276,0 days 01:12:11.861000,16,797.5902756622222,0 days 00:00:18.159000,8684.071471542857,127.21428662857143,3,0.0,False,0,pos,1119.3048860817785,0.25799190111073306,OnTrack,-1702.0,2319.0,2203.0,4331.861,18.159
2026-07-25 14:59:00.431,0 days 01:12:12.016000,16,802.713888888889,0 days 00:00:18.314000,8580.0,125.0,3,0.0,False,0,car,1124.6691666666666,0.25922833004390006,OnTrack,-1672.4501587806278,2362.3971482925863,2199.6860627711067,4332.016,18.314
2026-07-25 14:59:00.556,0 days 01:12:12.141000,16,806.8805534222223,0 days 00:00:18.439000,8451.428637257142,124.10714331428571,3,2.6785700571428572,False,0,pos,1128.9837971519692,0.26022282201417113,OnTrack,-1649.0,2402.0,2197.0,4332.141,18.439
2026-07-25 14:59:00.711,0 days 01:12:12.296000,16,812.0472222222222,0 days 00:00:18.594000,8292.0,123.0,3,6.0,False,0,car,1134.2358333333332,0.2614333794020475,OnTrack,-1627.834628566261,2450.1580084197003,2193.5999866240586,4332.296,18.594
2026-07-25 14:59:00.736,0 days 01:12:12.321000,16,812.8111089098835,0 days 00:00:18.619000,8315.49239461551,122.37186110653712,3,9.643205582084637,False,0,pos,1135.0623129857256,0.26162387714703317,OnTrack,-1625.0,2458.0,2193.0,4332.321,18.619
2026-07-25 14:59:00.896,0 days 01:12:12.481000,16,817.6999962264671,0 days 00:00:18.779000,8465.844105055163,118.35176189692079,3,32.959780997859376,False,0,pos,1140.291814246625,0.2628292403942923,OnTrack,-1610.0,2509.0,2189.0,4332.481,18.779
2026-07-25 14:59:00.910,0 days 01:12:12.495000,16,818.127777777778,0 days 00:00:18.793000,8479.0,118.0,3,35.0,False,0,car,1140.758611111111,0.2629368337872978,OnTrack,-1608.9639393043074,2513.4830723647806,2188.703834769572,4332.495,18.793
2026-07-25 14:59:01.116,0 days 01:12:12.701000,16,822.4194417777779,0 days 00:00:18.999000,8762.249824,122.21363374545454,3,42.95908596363636,False,0,pos,1147.893268345573,0.26458132208229296,OnTrack,-1599.0,2582.0,2185.0,4332.701,18.999
2026-07-25 14:59:01.350,0 days 01:12:12.935000,16,827.2944444444445,0 days 00:00:19.233000,9084.0,127.0,3,52.0,False,0,car,1156.2808333333332,0.26651459679929795,OnTrack,-1599.308186984696,2675.8283008447756,2178.0073469374324,4332.935,19.233
2026-07-25 14:59:01.416,0 days 01:12:13.001000,16,828.3944423111111,0 days 00:00:19.299000,9196.85978112,127.65999872,3,53.6499968,False,0,pos,1158.631673265463,0.2670564488637701,OnTrack,-1601.0,2700.0,2176.0,4333.001,19.299
2026-07-25 14:59:01.550,0 days 01:12:13.135000,16,830.6277777777777,0 days 00:00:19.433000,9426.0,129.0,3,57.0,False,0,car,1163.4475,0.2681664630432064,OnTrack,-1606.1600453334568,2741.86890795788,2172.3342859078894,4333.135,19.433
2026-07-25 14:59:01.676,0 days 01:12:13.261000,16,832.1677762133334,0 days 00:00:19.559000,9659.0997632,133.40999552,3,64.55999232,False,0,pos,1168.1521911761374,0.26925086125835185,OnTrack,-1614.0,2780.0,2169.0,4333.261,19.559
2026-07-25 14:59:01.750,0 days 01:12:13.335000,16,833.0722222222223,0 days 00:00:19.633000,9796.0,136.0,3,69.0,False,0,car,1171.0030555555554,0.26990796543988504,OnTrack,-1620.3289164441396,2805.061302021514,2166.9271395221895,4333.335,19.633
2026-07-25 14:59:01.950,0 days 01:12:13.535000,16,834.5166666666669,0 days 00:00:19.833000,10228.0,144.0,3,74.0,False,0,car,1179.0030555555554,0.27175190915401537,OnTrack,-1643.4381849837805,2880.060667673947,2160.85159500864,4333.535,19.833
2026-07-25 14:59:01.976,0 days 01:12:13.561000,16,834.6249994666668,0 days 00:00:19.859000,10328.4245056,144.6499968,3,74.6499968,False,0,pos,1180.0597460563606,0.2719954688798579,OnTrack,-1647.0,2890.0,2160.0,4333.561,19.859
2026-07-25 14:59:02.096,0 days 01:12:13.681000,16,835.1249994666667,0 days 00:00:19.979000,10791.9245056,147.6499968,3,77.6499968,False,0,pos,1184.993431055971,0.27313264856017433,OnTrack,-1665.0,2936.0,2156.0,4333.681,19.979
2026-07-25 14:59:02.110,0 days 01:12:13.695000,16,835.1833333333334,0 days 00:00:19.993000,10846.0,148.0,3,78.0,False,0,car,1185.5808333333332,0.2732680406523003,OnTrack,-1667.2533570637563,2941.3625879488695,2155.5620917420215,4333.695,19.993
2026-07-25 14:59:02.296,0 days 01:12:13.881000,16,835.2866665955556,0 days 00:00:20.179000,11419.942462171428,155.30713782857143,3,82.6499968,False,0,pos,1193.6572479433855,0.27512959739641485,OnTrack,-1700.0,3013.0,2150.0,4333.881,20.179
2026-07-25 14:59:02.390,0 days 01:12:13.975000,16,835.338888888889,0 days 00:00:20.273000,11710.0,159.0,3,85.0,False,0,car,1197.9475,0.2761184703103935,OnTrack,-1718.3473963007418,3050.420275406152,2146.458811686326,4333.975,20.273
2026-07-25 14:59:02.456,0 days 01:12:14.041000,16,834.8072232533334,0 days 00:00:20.339000,11584.300243781818,161.84999447272727,3,87.24999563636364,False,0,pos,1201.0477195361098,0.2768330491011477,OnTrack,-1732.0,3077.0,2144.0,4334.041,20.339
2026-07-25 14:59:02.796,0 days 01:12:14.381000,16,832.0683343644442,0 days 00:00:20.679000,10936.754789236364,176.53181265454546,3,98.84090472727273,False,0,pos,1217.9658021571388,0.2807325481141707,OnTrack,-1812.0,3217.0,2134.0,4334.381,20.679
2026-07-25 14:59:02.830,0 days 01:12:14.415000,16,831.7944444444443,0 days 00:00:20.713000,10872.0,178.0,3,100.0,False,0,car,1219.7030555555557,0.2811329727996535,OnTrack,-1820.626363543943,3231.7191311105357,2132.820511703211,4334.415,20.713
2026-07-25 14:59:03.036,0 days 01:12:14.621000,16,829.448334791111,0 days 00:00:20.919000,11386.99968,186.583328,3,100.0,False,0,pos,1230.4065151985396,0.2836000449406695,OnTrack,-1874.0,3323.0,2125.0,4334.621,20.919
2026-07-25 14:59:03.070,0 days 01:12:14.655000,16,829.0611111111111,0 days 00:00:20.953000,11472.0,188.0,4,100.0,False,0,car,1232.236388888889,0.28402181795179104,OnTrack,-1882.7031063508196,3337.975659650759,2123.816705959998,4334.655,20.953
2026-07-25 14:59:03.176,0 days 01:12:14.761000,16,827.4122242133334,0 days 00:00:21.059000,11194.928112355556,193.2999936,4,100.0,False,0,pos,1238.0884786264073,0.28537068346254396,OnTrack,-1911.0,3389.0,2120.0,4334.761,21.059
2026-07-25 14:59:03.430,0 days 01:12:15.015000,16,823.4611111111112,0 days 00:00:21.313000,10531.0,206.0,4,100.0,False,0,car,1252.836388888889,0.2887699730156766,OnTrack,-1994.396541820751,3570.858580575048,2106.7399903386445,4335.015,21.313
2026-07-25 14:59:03.476,0 days 01:12:15.061000,16,822.6561133511112,0 days 00:00:21.359000,10638.716366933333,208.10832746666668,4,100.0,False,0,pos,1255.5721500188977,0.28940054670805676,OnTrack,-2005.0,3596.0,2105.0,4335.061,21.359
2026-07-25 14:59:03.670,0 days 01:12:15.255000,16,819.2611111111114,0 days 00:00:21.553000,11093.0,217.0,5,100.0,False,0,car,1267.3030555555556,0.292104437898729,OnTrack,-2024.2174598675338,3650.320192902574,2101.8284138446907,4335.255,21.553
2026-07-25 14:59:03.776,0 days 01:12:15.361000,16,817.3766689422225,0 days 00:00:21.659000,11250.106953142857,219.6499968,5,98.48571611428571,False,0,pos,1273.8353347598502,0.2936100822959419,OnTrack,-2032.0,3681.0,2100.0,4335.361,21.659
2026-07-25 14:59:03.950,0 days 01:12:15.535000,16,814.2833333333338,0 days 00:00:21.833000,11508.0,224.0,5,96.0,False,0,car,1284.7252777777776,0.29612013754283495,OnTrack,-2055.355790945673,3769.5898747973715,2093.919028213479,4335.535,21.833
2026-07-25 14:59:04.055,0 days 01:12:15.640000,16,812.4750011022226,0 days 00:00:21.938000,11288.250133942856,226.6249984,5,95.62500022857142,False,0,pos,1291.3814046444559,0.2976543279548681,OnTrack,-2069.0,3833.0,2090.0,4335.64,21.938
2026-07-25 14:59:04.115,0 days 01:12:15.700000,16,811.4416677688891,0 days 00:00:21.998000,11162.678705371429,228.1249984,5,95.41071451428571,False,0,pos,1295.21572251486,0.2985381112467569,OnTrack,-2075.0,3870.0,2088.0,4335.7,21.998
2026-07-25 14:59:04.230,0 days 01:12:15.815000,16,809.4611111111112,0 days 00:00:22.113000,10922.0,231.0,5,95.0,False,0,car,1302.6919444444443,0.3002613278008194,OnTrack,-2082.128992469766,3951.2293039986534,2083.660592398631,4335.815,22.113
2026-07-25 14:59:04.470,0 days 01:12:16.055000,16,805.127777777778,0 days 00:00:22.353000,10760.0,241.0,6,100.0,False,0,car,1318.7586111111111,0.3039645814266978,OnTrack,-2080.2132482447832,4137.671294370045,2073.825566031812,4336.055,22.353
2026-07-25 14:59:04.495,0 days 01:12:16.080000,16,804.7458343111114,0 days 00:00:22.378000,10797.6561536,241.0781248,6,100.0,False,0,pos,1320.4369284757045,0.30435142177104246,OnTrack,-2079.0,4154.0,2073.0,4336.08,22.378
2026-07-25 14:59:04.790,0 days 01:12:16.375000,16,800.2388888888893,0 days 00:00:22.673000,11242.0,242.0,6,100.0,False,0,car,1340.269722222222,0.3089227411913593,OnTrack,-2048.508220326751,4309.960943462874,2065.6529792770634,4336.375,22.673
2026-07-25 14:59:04.815,0 days 01:12:16.400000,16,799.919445222982,0 days 00:00:22.698000,11250.157369754455,242.4798452796739,6,100.0,False,0,pos,1341.9744704277227,0.30931567365857277,OnTrack,-2044.0,4324.0,2065.0,4336.4,22.698
2026-07-25 14:59:05.095,0 days 01:12:16.680000,16,796.3416670057073,0 days 00:00:22.978000,11341.52014489307,247.85412617018056,6,100.0,False,0,pos,1361.4045677128936,0.3137941743778143,OnTrack,-1972.0,4503.0,2057.0,4336.68,22.978
2026-07-25 14:59:05.235,0 days 01:12:16.820000,16,794.5527778970701,0 days 00:00:23.118000,11387.201532462377,250.5412666154339,6,100.0,False,0,pos,1371.3148813562482,0.31607843194627977,OnTrack,-1926.0,4592.0,2054.0,4336.82,23.118
2026-07-25 14:59:05.311,0 days 01:12:16.896000,16,793.5816666666669,0 days 00:00:23.194000,11412.0,252.0,6,100.0,False,0,car,1376.739722222222,0.317328819598151,OnTrack,-1901.4112438720788,4637.7464360468075,2052.3868400226065,4336.896,23.194
2026-07-25 14:59:05.415,0 days 01:12:17,16,792.1372222222225,0 days 00:00:23.298000,11375.166666666666,255.46666666666667,6,100.0,False,0,pos,1384.2144546456095,0.31905169283151497,OnTrack,-1863.0,4707.0,2050.0,4337.0,23.298
2026-07-25 14:59:05.551,0 days 01:12:17.136000,16,790.2483333333334,0 days 00:00:23.434000,11327.0,260.0,6,100.0,False,0,car,1394.0730555555556,0.3213240309787668,OnTrack,-1791.145285536667,4831.466430917239,2046.3368576848752,4337.136,23.434
2026-07-25 14:59:05.696,0 days 01:12:17.281000,16,788.2747230933334,0 days 00:00:23.579000,10888.3751936,262.265624,6,100.0,False,0,pos,1404.6803638570098,0.32376894091205544,OnTrack,-1713.0,4964.0,2043.0,4337.281,23.579
2026-07-25 14:59:05.871,0 days 01:12:17.456000,16,785.8927777777776,0 days 00:00:23.754000,10359.0,265.0,7,100.0,False,0,car,1417.6286111111112,0.3267534208037061,OnTrack,-1654.1177744214492,5061.060141853342,2041.5796530993568,4337.456,23.754
2026-07-25 14:59:06.071,0 days 01:12:17.656000,16,783.1149999999998,0 days 00:00:23.954000,10571.0,270.0,7,100.0,False,0,car,1432.6286111111112,0.33021081526770046,OnTrack,-1609.7201021343665,5133.193248343123,2041.9779825811177,4337.656,23.954
2026-07-25 14:59:06.116,0 days 01:12:17.701000,16,782.5150008533332,0 days 00:00:23.999000,10591.5312208,270.8437488,7,100.0,False,0,pos,1436.021474361992,0.3309928463757461,OnTrack,-1597.0,5155.0,2042.0,4337.701,23.999
2026-07-25 14:59:06.231,0 days 01:12:17.816000,16,780.9816666666668,0 days 00:00:24.114000,10644.0,273.0,7,100.0,False,0,car,1444.7619444444447,0.3330074632341315,OnTrack,-1559.1209091074054,5221.545094590965,2041.9351578730839,4337.816,24.114
2026-07-25 14:59:06.296,0 days 01:12:17.881000,16,780.0247231644445,0 days 00:00:24.179000,10685.59995904,275.59999744,7,100.0,False,0,pos,1449.7965330158752,0.3341679004778217,OnTrack,-1530.0,5274.0,2042.0,4337.881,24.179
2026-07-25 14:59:06.431,0 days 01:12:18.016000,16,778.0372222222222,0 days 00:00:24.314000,10772.0,281.0,7,100.0,False,0,car,1460.3730555555558,0.33660571450962196,OnTrack,-1447.2754736163918,5425.398956800456,2042.6236460312837,4338.016,24.314
2026-07-25 14:59:06.496,0 days 01:12:18.081000,16,777.0983342577779,0 days 00:00:24.379000,10854.4686688,281.0,7,100.0,False,0,pos,1465.440360084111,0.33777369255124867,OnTrack,-1411.0,5492.0,2043.0,4338.081,24.379
2026-07-25 14:59:06.591,0 days 01:12:18.176000,16,775.7261111111113,0 days 00:00:24.474000,10975.0,281.0,7,100.0,False,0,car,1472.8619444444446,0.3394843155300143,OnTrack,-1372.7107895742465,5562.164129982474,2043.520902492346,4338.176,24.474
2026-07-25 14:59:06.831,0 days 01:12:18.416000,16,772.0594444444448,0 days 00:00:24.714000,11132.0,287.0,7,100.0,False,0,car,1491.9952777777778,0.3438944142463093,OnTrack,-1324.3096592302245,5650.404616178536,2044.754941276952,4338.416,24.714
2026-07-25 14:59:06.876,0 days 01:12:18.461000,16,771.346945457778,0 days 00:00:24.759000,11165.428523885714,287.48214217142856,7,100.0,False,0,pos,1495.6044371525638,0.3447263000891132,OnTrack,-1312.0,5673.0,2045.0,4338.461,24.759
2026-07-25 14:59:07.096,0 days 01:12:18.681000,16,767.8636121244443,0 days 00:00:24.979000,11328.857095314286,289.83928502857145,7,100.0,False,0,pos,1513.3313219079096,0.3488122223035797,OnTrack,-1227.0,5829.0,2047.0,4338.681,24.979
2026-07-25 14:59:07.111,0 days 01:12:18.696000,16,767.626111111111,0 days 00:00:24.994000,11340.0,290.0,7,100.0,False,0,car,1514.5508333333335,0.34909331110698233,OnTrack,-1219.8186664073291,5842.065094673545,2047.3008922028398,4338.696,24.994
2026-07-25 14:59:07.316,0 days 01:12:18.901000,16,763.9247233777776,0 days 00:00:25.199000,11452.7499648,294.3928557714286,7,100.0,False,0,pos,1531.371390381882,0.3529703311617126,OnTrack,-1116.0,6030.0,2053.0,4338.901,25.199
2026-07-25 14:59:07.391,0 days 01:12:18.976000,16,762.5705555555553,0 days 00:00:25.274000,11494.0,296.0,7,100.0,False,0,car,1537.5730555555558,0.35439977135097966,OnTrack,-1086.7825571193785,6083.229246612577,2054.687024871485,4338.976,25.274
2026-07-25 14:59:07.636,0 days 01:12:19.221000,16,754.948336853667,0 days 00:00:25.519000,11588.467041009748,299.0720988946259,7,100.0,False,0,pos,1557.9580306659461,0.35909836469066814,OnTrack,-1013.0,6219.0,2059.0,4339.221,25.519
2026-07-25 14:59:07.710,0 days 01:12:19.295000,16,752.6461111111112,0 days 00:00:25.593000,11617.0,300.0,7,100.0,False,0,car,1564.156388888889,0.36052704265105856,OnTrack,-985.065370687773,6270.063779841626,2060.718683418207,4339.295,25.593
2026-07-25 14:59:07.856,0 days 01:12:19.441000,16,747.130560391111,0 days 00:00:25.739000,11710.0749184,302.7374976,7,100.0,False,0,pos,1576.4417878580507,0.36335874067665475,OnTrack,-924.0,6381.0,2065.0,4339.441,25.739
2026-07-25 14:59:07.870,0 days 01:12:19.455000,16,746.6016666666665,0 days 00:00:25.753000,11719.0,303.0,7,100.0,False,0,car,1577.6230555555558,0.36363101456984465,OnTrack,-918.1887258098236,6391.491270685981,2065.4890615033996,4339.455,25.753
2026-07-25 14:59:08.036,0 days 01:12:19.621000,16,739.2700056533333,0 days 00:00:25.919000,11757.733303466666,304.3833322666667,7,100.0,False,0,pos,1591.6684178837395,0.36686837176706183,OnTrack,-850.0,6514.0,2072.0,4339.621,25.919
2026-07-25 14:59:08.110,0 days 01:12:19.695000,16,736.0016666666668,0 days 00:00:25.993000,11775.0,305.0,7,100.0,False,0,car,1597.956388888889,0.3683177048432592,OnTrack,-819.4199278567603,6569.008999522813,2074.8690837861122,4339.695,25.993
2026-07-25 14:59:08.270,0 days 01:12:19.855000,16,728.8461111111114,0 days 00:00:26.153000,11832.0,307.0,7,100.0,False,0,car,1611.6008333333334,0.37146265328902595,OnTrack,-752.9097796838238,6688.913980341201,2080.8431899081233,4339.855,26.153
2026-07-25 14:59:08.376,0 days 01:12:19.961000,16,723.5755619200002,0 days 00:00:26.259000,11850.5499776,307.0,7,100.0,False,0,pos,1620.64009604954,0.3735461397472662,OnTrack,-710.0,6766.0,2085.0,4339.961,26.259
2026-07-25 14:59:08.550,0 days 01:12:20.135000,16,714.9238888888888,0 days 00:00:26.433000,11881.0,307.0,7,100.0,False,0,car,1635.4786111111114,0.37696631306911776,OnTrack,-640.6153671427487,6889.460048708535,2092.505335420613,4340.135,26.433
2026-07-25 14:59:08.616,0 days 01:12:20.201000,16,711.4772289066665,0 days 00:00:26.499000,11888.307128685714,307.2357138285714,7,100.0,False,0,pos,1641.1140079830525,0.37826523239894844,OnTrack,-609.0,6944.0,2096.0,4340.201,26.499
2026-07-25 14:59:08.796,0 days 01:12:20.381000,16,702.0772289066665,0 days 00:00:26.679000,11908.235700114286,307.8785709714286,7,100.0,False,0,pos,1656.5152871247392,0.38181511888180847,OnTrack,-508.0,7112.0,2107.0,4340.381,26.679
2026-07-25 14:59:08.830,0 days 01:12:20.415000,16,700.3016666666665,0 days 00:00:26.713000,11912.0,308.0,7,100.0,False,0,car,1659.4341666666671,0.38248790007976363,OnTrack,-491.4885751912995,7137.955670584526,2108.7567467730237,4340.415,26.713
2026-07-25 14:59:09.096,0 days 01:12:20.681000,16,685.5977848533332,0 days 00:00:26.979000,11559.5501696,308.8312496,7,100.0,False,0,pos,1682.3124190539475,0.3877611762897402,OnTrack,-392.0,7278.0,2119.0,4340.681,26.979
2026-07-25 14:59:09.150,0 days 01:12:20.735000,16,682.6127777777776,0 days 00:00:27.033000,11488.0,309.0,7,100.0,False,0,car,1686.9008333333338,0.3888187734982778,OnTrack,-370.7312350922482,7307.548545392524,2121.2494791645386,4340.735,27.033
2026-07-25 14:59:09.396,0 days 01:12:20.981000,16,669.7661177955556,0 days 00:00:27.279000,11335.616745955556,300.1166712888889,7,100.0,False,0,pos,1707.3868183137793,0.3935406489023355,OnTrack,-248.0,7476.0,2134.0,4340.981,27.279
2026-07-25 14:59:09.510,0 days 01:12:21.095000,16,663.8127777777779,0 days 00:00:27.393000,11265.0,296.0,7,100.0,True,0,car,1716.5008333333337,0.39564136524056004,OnTrack,-163.60823620702345,7584.993408631474,2142.0076285694076,4341.095,27.393
2026-07-25 14:59:09.616,0 days 01:12:21.201000,16,659.013339128889,0 days 00:00:27.499000,11195.72151222857,286.9142966857143,7,62.14290285714286,True,0,pos,1724.7061928278165,0.39753264287331397,OnTrack,-89.0,7681.0,2149.0,4341.201,27.499
2026-07-25 14:59:09.790,0 days 01:12:21.375000,16,651.1350000000002,0 days 00:00:27.673000,11082.0,272.0,7,0.0,True,0,car,1737.656388888889,0.4005175719512602,OnTrack,-15.1640122642978,7780.417889938502,2156.184826999149,4341.375,27.673
2026-07-25 14:59:09.950,0 days 01:12:21.535000,16,644.7350000000004,0 days 00:00:27.833000,11195.0,257.0,6,0.0,True,0,car,1749.0786111111113,0.4031503138097685,OnTrack,17.139817687997763,7832.82193685285,2159.195410223182,4341.535,27.833
2026-07-25 14:59:10.056,0 days 01:12:21.641000,16,641.2016709333337,0 days 00:00:27.939000,11046.6001792,253.0250048,6,1.3249984,True,0,pos,1756.4400969559417,0.40484708450354784,OnTrack,47.0,7885.0,2161.0,4341.641,27.939
2026-07-25 14:59:10.116,0 days 01:12:21.701000,16,639.2016709333337,0 days 00:00:27.999000,10962.6001792,250.7750048,6,2.0749983999999997,True,0,pos,1760.537950122634,0.4057916108270667,OnTrack,67.0,7921.0,2162.0,4341.701,27.999
2026-07-25 14:59:10.270,0 days 01:12:21.855000,16,634.0683333333338,0 days 00:00:28.153000,10747.0,245.0,6,4.0,False,0,car,1770.8563888888891,0.40816993836490106,OnTrack,111.47043069543705,8015.03204367467,2164.575408635812,4341.855,28.153
2026-07-25 14:59:10.296,0 days 01:12:21.881000,16,633.3677812266671,0 days 00:00:28.179000,10719.96013312,244.15500416,6,6.14498944,False,0,pos,1772.5713543266045,0.40856522583225435,OnTrack,118.0,8031.0,2165.0,4341.881,28.179
2026-07-25 14:59:10.615,0 days 01:12:22.200000,16,624.7725017244449,0 days 00:00:28.498000,10388.20006656,233.78750208,6,32.46249472,False,0,pos,1793.1120701930836,0.4132997163204707,OnTrack,176.0,8232.0,2170.0,4342.2,28.498
2026-07-25 14:59:10.670,0 days 01:12:22.255000,16,623.290555555556,0 days 00:00:28.553000,10331.0,232.0,6,37.0,False,0,car,1796.634166666667,0.41411153477709883,OnTrack,181.19635119850508,8268.400466101268,2170.903558858616,4342.255,28.553
2026-07-25 14:59:10.815,0 days 01:12:22.400000,16,619.5044461155559,0 days 00:00:28.698000,10338.2499968,231.27500032,6,55.124992,False,0,pos,1805.9380450914143,0.4162560132943921,OnTrack,189.0,8363.0,2173.0,4342.4,28.698
2026-07-25 14:59:10.870,0 days 01:12:22.455000,16,618.0683333333336,0 days 00:00:28.753000,10341.0,231.0,6,62.0,False,0,car,1809.4675000000002,0.41706952781851625,OnTrack,190.5216262346052,8395.62459023802,2173.4371598567172,4342.455,28.753
2026-07-25 14:59:11.075,0 days 01:12:22.660000,16,613.2280570666669,0 days 00:00:28.958000,10373.6718648,231.0,6,86.3437424,False,0,pos,1822.6087268530455,0.4200984881499705,OnTrack,183.0,8526.0,2174.0,4342.66,28.958
2026-07-25 14:59:11.190,0 days 01:12:22.775000,16,610.512777777778,0 days 00:00:29.073000,10392.0,231.0,6,100.0,False,0,car,1830.0008333333335,0.4218023166847841,OnTrack,161.48236202019518,8637.307124424684,2174.6248267195056,4342.775,29.073
2026-07-25 14:59:11.255,0 days 01:12:22.840000,16,609.1947232198028,0 days 00:00:29.138000,10430.167230899298,231.46263310180967,6,100.0,False,0,pos,1834.19187231309,0.42276832168258377,OnTrack,149.0,8693.0,2175.0,4342.84,29.138
2026-07-25 14:59:11.471,0 days 01:12:23.056000,16,604.8147222222226,0 days 00:00:29.354000,10557.0,233.0,6,100.0,False,0,car,1848.187777777778,0.4259942794207304,OnTrack,120.44190077670551,8788.684711969912,2175.9053380921573,4343.056,29.354
2026-07-25 14:59:11.515,0 days 01:12:23.100000,16,604.0447222222227,0 days 00:00:29.398000,10566.625,233.55,6,100.0,False,0,pos,1851.052362445629,0.42665454603221514,OnTrack,113.0,8809.0,2176.0,4343.1,29.398
2026-07-25 14:59:11.631,0 days 01:12:23.216000,16,602.0147222222229,0 days 00:00:29.514000,10592.0,235.0,6,100.0,False,0,car,1858.6322222222223,0.428401650380845,OnTrack,87.31090840265503,8878.84199543506,2176.082446177906,4343.216,29.514
2026-07-25 14:59:11.791,0 days 01:12:23.376000,16,599.1258333333337,0 days 00:00:29.674000,10661.0,237.0,6,100.0,False,0,car,1869.1655555555556,0.43082950960444993,OnTrack,41.525854467281086,9002.485618401188,2175.9282719208713,4343.376,29.674
2026-07-25 14:59:11.895,0 days 01:12:23.480000,16,597.508055555556,0 days 00:00:29.778000,10666.2,237.37142857142857,6,100.0,False,0,pos,1876.0274287816744,0.4324111231047576,OnTrack,16.0,9070.0,2176.0,4343.48,29.778
2026-07-25 14:59:12.071,0 days 01:12:23.656000,16,594.7702777777781,0 days 00:00:29.954000,10675.0,238.0,6,100.0,False,0,car,1887.6766666666667,0.43509619047631265,OnTrack,-16.081082854808145,9151.3596320357,2176.5415068292464,4343.656,29.954
2026-07-25 14:59:12.236,0 days 01:12:23.821000,16,592.7536118933338,0 days 00:00:30.119000,10689.999994181819,238.7499997090909,6,100.0,False,0,pos,1898.6780054242056,0.4376319216574354,OnTrack,-49.0,9240.0,2177.0,4343.821,30.119
2026-07-25 14:59:12.511,0 days 01:12:24.096000,16,589.3925000000006,0 days 00:00:30.394000,10715.0,240.0,6,100.0,False,0,car,1917.01,0.44185731742812384,OnTrack,-128.81216239645767,9476.943655188154,2176.950903205713,4344.096,30.394
2026-07-25 14:59:12.536,0 days 01:12:24.121000,16,589.198056053334,0 days 00:00:30.419000,10722.06248192,239.3750016,6,93.750016,False,0,pos,1918.660687089132,0.44223778918837386,OnTrack,-134.0,9493.0,2177.0,4344.121,30.419
2026-07-25 14:59:12.796,0 days 01:12:24.381000,16,587.1758338311116,0 days 00:00:30.679000,10795.51248192,232.8750016,6,28.750016000000002,False,0,pos,1935.5676142830835,0.4461347169539423,OnTrack,-162.0,9594.0,2178.0,4344.381,30.679
2026-07-25 14:59:12.911,0 days 01:12:24.496000,16,586.2813888888893,0 days 00:00:30.794000,10828.0,230.0,6,0.0,True,0,car,1942.5655555555556,0.4477476931815958,OnTrack,-175.71155329715418,9658.022605880187,2177.950941959523,4344.496,30.794
2026-07-25 14:59:13.036,0 days 01:12:24.621000,16,586.2466666844449,0 days 00:00:30.919000,10953.62493568,219.68750528,6,0.0,True,0,pos,1949.7159539861254,0.4493958097115429,OnTrack,-190.0,9737.0,2178.0,4344.621,30.919
2026-07-25 14:59:13.196,0 days 01:12:24.781000,16,586.2022222400004,0 days 00:00:31.079000,11114.42493568,206.48750528,6,0.0,True,0,pos,1958.2980576103164,0.45137392421552314,OnTrack,-200.0,9827.0,2179.0,4344.781,31.079
2026-07-25 14:59:13.311,0 days 01:12:24.896000,16,586.1702777777782,0 days 00:00:31.194000,11230.0,197.0,5,0.0,True,0,car,1964.4544444444446,0.4527929280660913,OnTrack,-203.61609275921955,9885.622062361206,2179.6426889260415,4344.896,31.194
2026-07-25 14:59:13.471,0 days 01:12:25.056000,16,586.1702777777782,0 days 00:00:31.354000,10874.0,192.0,4,0.0,True,0,car,1972.9877777777779,0.4547598013611636,OnTrack,-200.89967357117482,9968.904527618166,2180.574549533109,4345.056,31.354
2026-07-25 14:59:13.516,0 days 01:12:25.101000,16,586.270277635556,0 days 00:00:31.399000,11029.410493257143,188.9464329142857,4,0.0,True,0,pos,1975.2755790261253,0.45528712345254735,OnTrack,-197.0,9997.0,2181.0,4345.101,31.399
2026-07-25 14:59:13.751,0 days 01:12:25.336000,16,586.7925000000007,0 days 00:00:31.634000,11841.0,173.0,4,0.0,True,0,car,1986.4433333333334,0.45786121224701337,OnTrack,-160.6946550129901,10156.531158999298,2183.950745584554,4345.336,31.634
2026-07-25 14:59:13.756,0 days 01:12:25.341000,16,586.8036109688896,0 days 00:00:31.639000,11832.86260416,172.8750016,4,0.0624992,True,0,pos,1986.6747951132015,0.45791456255876956,OnTrack,-160.0,10159.0,2184.0,4345.341,31.639
2026-07-25 14:59:14.036,0 days 01:12:25.621000,16,587.4258331911121,0 days 00:00:31.919000,11377.16260416,165.8750016,4,3.5624992,True,0,pos,1999.4026708451242,0.46084824836503324,OnTrack,-127.0,10235.0,2186.0,4345.621,31.919
2026-07-25 14:59:14.151,0 days 01:12:25.736000,16,587.6813888888901,0 days 00:00:32.034000,11190.0,163.0,3,5.0,False,0,car,2004.5544444444445,0.46203569593316957,OnTrack,-102.4450132520874,10278.048669823876,2187.689337659002,4345.736,32.034
2026-07-25 14:59:14.236,0 days 01:12:25.821000,16,587.8702776355566,0 days 00:00:32.119000,11122.42505088,161.72500096,3,5.0,False,0,pos,2008.3470110199366,0.46290985584533195,OnTrack,-81.0,10312.0,2189.0,4345.821,32.119
2026-07-25 14:59:14.351,0 days 01:12:25.936000,16,588.1258333333342,0 days 00:00:32.234000,11031.0,160.0,3,5.0,False,0,car,2013.4433333333334,0.46408452228220326,OnTrack,-50.12932959252463,10352.683634371087,2190.423298429472,4345.936,32.234
2026-07-25 14:59:14.476,0 days 01:12:26.061000,16,588.5772218702383,0 days 00:00:32.359000,10861.021053048755,157.90795142213852,3,6.0460242889307345,False,0,pos,2018.913669382094,0.4653453962536149,OnTrack,-14.0,10392.0,2192.0,4346.061,32.359
2026-07-25 14:59:14.590,0 days 01:12:26.175000,16,588.9888888888902,0 days 00:00:32.473000,10706.0,156.0,3,7.0,False,0,car,2023.8,0.4664716610821211,OnTrack,21.4348998390005,10425.276461549542,2193.921948160566,4346.175,32.473
2026-07-25 14:59:14.656,0 days 01:12:26.241000,16,589.3372215466679,0 days 00:00:32.539000,10651.000106666666,154.07500373333335,3,7.0,False,0,pos,2026.568364009919,0.4671097495089354,OnTrack,43.0,10443.0,2195.0,4346.241,32.539
2026-07-25 14:59:14.830,0 days 01:12:26.415000,16,590.2555555555566,0 days 00:00:32.713000,10506.0,149.0,3,7.0,False,0,car,2033.7333333333333,0.46876122452716634,OnTrack,103.4641759786366,10483.313580835758,2197.1425214540463,4346.415,32.713
2026-07-25 14:59:14.976,0 days 01:12:26.561000,16,591.107221475557,0 days 00:00:32.859000,10441.2125568,148.0875008,3,14.2999936,False,0,pos,2039.738911552652,0.47014546805307006,OnTrack,158.0,10510.0,2199.0,4346.561,32.859
2026-07-25 14:59:14.990,0 days 01:12:26.575000,16,591.1888888888905,0 days 00:00:32.873000,10435.0,148.0,3,15.0,False,0,car,2040.311111111111,0.47027735602545123,OnTrack,163.40199604747056,10512.218069826557,2199.2156574866444,4346.575,32.873
2026-07-25 14:59:15.096,0 days 01:12:26.681000,16,591.9249991111125,0 days 00:00:32.979000,10428.375008,146.6750016,3,31.56248,False,0,pos,2044.6144158481359,0.47126923749042937,OnTrack,205.0,10527.0,2201.0,4346.681,32.979
2026-07-25 14:59:15.150,0 days 01:12:26.735000,16,592.3000000000013,0 days 00:00:33.033000,10425.0,146.0,3,40.0,False,0,car,2046.8,0.47177299926024585,OnTrack,226.26477477387223,10533.056030220841,2201.9242990128078,4346.735,33.033
2026-07-25 14:59:15.276,0 days 01:12:26.861000,16,593.4899987911124,0 days 00:00:33.159000,10447.0499776,146.0,3,45.84999405714286,False,0,pos,2051.904838756716,0.4729496286773829,OnTrack,276.0,10544.0,2204.0,4346.861,33.159
2026-07-25 14:59:15.430,0 days 01:12:27.015000,16,594.9444444444457,0 days 00:00:33.313000,10474.0,146.0,3,53.0,False,0,car,2058.1555555555556,0.4743903749211364,OnTrack,337.5438120855415,10553.676102591064,2206.1699924555955,4347.015,33.313
2026-07-25 14:59:15.536,0 days 01:12:27.121000,16,595.9161099377791,0 days 00:00:33.419000,10635.6498048,146.6624992,3,55.6499968,False,0,pos,2062.4690411530964,0.47538460300283353,OnTrack,382.0,10557.0,2208.0,4347.121,33.419
2026-07-25 14:59:15.590,0 days 01:12:27.175000,16,596.4111111111124,0 days 00:00:33.473000,10718.0,147.0,3,57.0,False,0,car,2064.688888888889,0.4758962622876762,OnTrack,405.67776631368156,10557.397926356192,2209.1736686355034,4347.175,33.473
2026-07-25 14:59:15.716,0 days 01:12:27.301000,16,597.1461103644455,0 days 00:00:33.599000,10874.599840914285,149.69999725714285,3,62.84999405714286,False,0,pos,2069.9586853399146,0.47711091329275307,OnTrack,457.0,10556.0,2212.0,4347.301,33.599
2026-07-25 14:59:15.870,0 days 01:12:27.455000,16,598.0444444444452,0 days 00:00:33.753000,11066.0,153.0,3,70.0,False,0,car,2076.588888888889,0.47863912856244506,OnTrack,496.24962153621635,10552.348710468386,2214.1362100259494,4347.455,33.753
2026-07-25 14:59:15.916,0 days 01:12:27.501000,16,598.0955554133341,0 days 00:00:33.799000,11177.1184408,154.2937464,3,72.2999936,False,0,pos,2078.614255394032,0.4791059612919413,OnTrack,513.0,10549.0,2215.0,4347.501,33.799
2026-07-25 14:59:16.190,0 days 01:12:27.775000,16,598.4000000000005,0 days 00:00:34.073000,11839.0,162.0,3,86.0,False,0,car,2090.988888888889,0.4819582272478797,OnTrack,680.9894203678413,10506.596095580408,2223.3717908639965,4347.775,34.073
2026-07-25 14:59:16.216,0 days 01:12:27.801000,16,598.3638890666672,0 days 00:00:34.099000,11907.249664,162.51999744,3,86.12999936,False,0,pos,2092.1709316597485,0.48223067979002465,OnTrack,694.0,10503.0,2224.0,4347.801,34.099
2026-07-25 14:59:16.390,0 days 01:12:27.975000,16,598.1222222222227,0 days 00:00:34.273000,12364.0,166.0,3,87.0,False,0,car,2100.211111111111,0.4840838845850022,OnTrack,748.0523043213435,10486.217945964883,2226.458042679166,4347.975,34.273
2026-07-25 14:59:16.596,0 days 01:12:28.181000,16,596.748889742223,0 days 00:00:34.479000,11490.707685485715,178.50713508571428,3,96.56427977142857,False,0,pos,2110.5777768998546,0.4864733281122076,OnTrack,809.0,10454.0,2229.0,4348.181,34.479
2026-07-25 14:59:16.670,0 days 01:12:28.255000,16,596.2555555555564,0 days 00:00:34.553000,11177.0,183.0,4,100.0,False,0,car,2114.4444444444443,0.4873645677763923,OnTrack,851.9353420602494,10430.34401260428,2230.9075339010496,4348.255,34.553
2026-07-25 14:59:16.836,0 days 01:12:28.421000,16,594.5033346844452,0 days 00:00:34.719000,11399.968009890908,187.52726923636362,4,100.0,False,0,pos,2123.282124015137,0.48940159073787687,OnTrack,962.0,10368.0,2236.0,4348.421,34.719
2026-07-25 14:59:17.110,0 days 01:12:28.695000,16,591.6111111111118,0 days 00:00:34.993000,11768.0,195.0,4,100.0,False,0,car,2138.277777777778,0.49285798342473897,OnTrack,1054.528742965152,10304.688518699475,2241.439043782125,4348.695,34.993
2026-07-25 14:59:17.235,0 days 01:12:28.820000,16,590.0833341155562,0 days 00:00:35.118000,11114.25033472,199.37499776,4,100.0,False,0,pos,2145.239470740528,0.49446260467203496,OnTrack,1096.0,10271.0,2244.0,4348.82,35.118
2026-07-25 14:59:17.310,0 days 01:12:28.895000,16,589.1666666666674,0 days 00:00:35.193000,10722.0,202.0,5,100.0,False,0,car,2149.5,0.495444626690394,OnTrack,1127.8711692447132,10245.147036758071,2245.8238786696193,4348.895,35.193
2026-07-25 14:59:17.395,0 days 01:12:28.980000,16,588.009723093334,0 days 00:00:35.278000,10762.79996928,206.2499968,5,100.0,False,0,pos,2154.4339108602276,0.49658185842999353,OnTrack,1167.0,10213.0,2248.0,4348.98,35.278
2026-07-25 14:59:17.510,0 days 01:12:29.095000,16,586.4444444444448,0 days 00:00:35.393000,10818.0,212.0,5,100.0,False,0,car,2161.277777777778,0.4981593216028637,OnTrack,1218.712559932418,10168.991973088152,2250.8413140616635,4349.095,35.393
2026-07-25 14:59:17.695,0 days 01:12:29.280000,16,583.7722231466671,0 days 00:00:35.578000,11120.727168,217.4659072,5,100.0,False,0,pos,2172.664626474158,0.5007839101125442,OnTrack,1300.0,10095.0,2255.0,4349.28,35.578
2026-07-25 14:59:17.895,0 days 01:12:29.480000,16,580.8833342577783,0 days 00:00:35.778000,11447.999895272727,223.3749981090909,5,100.0,False,0,pos,2185.3040135171173,0.5036971998985849,OnTrack,1388.0,10008.0,2259.0,4349.48,35.778
2026-07-25 14:59:17.950,0 days 01:12:29.535000,16,580.0888888888894,0 days 00:00:35.833000,11538.0,225.0,5,100.0,False,0,car,2188.777777777778,0.5044978781201868,OnTrack,1412.7663539506643,9984.018501073071,2260.372962109878,4349.535,35.833
2026-07-25 14:59:17.975,0 days 01:12:29.560000,16,579.7555562763845,0 days 00:00:35.858000,11451.043666303072,225.46583750194782,5,100.0,False,0,pos,2190.3561188369013,0.5048616746295272,OnTrack,1424.0,9973.0,2261.0,4349.56,35.858
2026-07-25 14:59:18.111,0 days 01:12:29.696000,16,577.9422222222224,0 days 00:00:35.994000,10978.0,228.0,5,100.0,False,0,car,2198.9744444444445,0.506848138045822,OnTrack,1484.0326426164688,9910.725812527724,2264.113137225343,4349.696,35.994
2026-07-25 14:59:18.255,0 days 01:12:29.840000,16,576.1022222222225,0 days 00:00:36.138000,10889.44,231.6,5,100.0,False,0,pos,2208.3104939993204,0.5090000317822623,OnTrack,1547.0,9842.0,2267.0,4349.84,36.138
2026-07-25 14:59:18.511,0 days 01:12:30.096000,16,572.8311111111116,0 days 00:00:36.394000,10732.0,238.0,6,100.0,False,0,car,2225.418888888889,0.5129433964341973,OnTrack,1661.1533890793316,9716.890324236603,2271.5752041974165,4350.096,36.394
2026-07-25 14:59:18.535,0 days 01:12:30.120000,16,572.5444444444449,0 days 00:00:36.418000,10760.2,238.9,6,100.0,False,0,pos,2227.049275376918,0.5133191890487229,OnTrack,1672.0,9705.0,2272.0,4350.12,36.418
2026-07-25 14:59:18.715,0 days 01:12:30.300000,16,570.3944444444448,0 days 00:00:36.598000,10971.7,245.65,6,100.0,False,0,pos,2239.400617967883,0.516166086615183,OnTrack,1754.0,9615.0,2275.0,4350.3,36.598
2026-07-25 14:59:18.751,0 days 01:12:30.336000,16,569.9644444444448,0 days 00:00:36.634000,11014.0,247.0,6,100.0,False,0,car,2241.8855555555556,0.5167388472457822,OnTrack,1770.4614702578676,9596.815538350707,2275.4264279950025,4350.336,36.634
2026-07-25 14:59:18.916,0 days 01:12:30.501000,16,568.0394451911113,0 days 00:00:36.799000,11126.19995648,249.47499904,6,100.0,False,0,pos,2253.327046747503,0.5193760304662409,OnTrack,1846.0,9513.0,2277.0,4350.501,36.799
2026-07-25 14:59:18.951,0 days 01:12:30.536000,16,567.6311111111113,0 days 00:00:36.834000,11150.0,250.0,6,100.0,False,0,car,2255.7744444444447,0.5199401384161474,OnTrack,1862.0213327451304,9495.252927606993,2277.4776131726617,4350.536,36.834
2026-07-25 14:59:19.111,0 days 01:12:30.696000,16,566.0755555555556,0 days 00:00:36.994000,11150.0,250.0,6,100.0,False,0,car,2266.8855555555556,0.5225011713524395,OnTrack,1936.5685736578696,9412.70248904837,2279.944545944459,4350.696,36.994
2026-07-25 14:59:19.116,0 days 01:12:30.701000,16,566.09361088,0 days 00:00:36.999000,11144.2813232,249.4375072,6,98.43752,False,0,pos,2267.217192551636,0.5225776113467263,OnTrack,1939.0,9410.0,2280.0,4350.701,36.999
2026-07-25 14:59:19.256,0 days 01:12:30.841000,16,566.5991664355556,0 days 00:00:37.139000,10984.1563232,233.6875072,6,54.68752,False,0,pos,2275.973500130044,0.524595878636501,OnTrack,2009.0,9332.0,2281.0,4350.841,37.139
2026-07-25 14:59:19.431,0 days 01:12:31.016000,16,567.2311111111112,0 days 00:00:37.314000,10784.0,214.0,6,0.0,True,0,car,2285.907777777778,0.5268856597393716,OnTrack,2093.923535114233,9237.667424475154,2282.1182826800396,4351.016,37.314
2026-07-25 14:59:19.596,0 days 01:12:31.181000,16,569.1561103644447,0 days 00:00:37.479000,10868.5624672,196.12500693333334,6,0.0,True,0,pos,2294.7222641152525,0.5289173368237807,OnTrack,2163.0,9160.0,2283.0,4351.181,37.479
2026-07-25 14:59:19.671,0 days 01:12:31.256000,16,570.0311111111114,0 days 00:00:37.554000,10907.0,188.0,6,0.0,True,0,car,2298.4411111111112,0.5297745048915091,OnTrack,2188.7437876594263,9130.253520259985,2283.26113419731,4351.256,37.554
2026-07-25 14:59:19.976,0 days 01:12:31.561000,16,577.1477762844448,0 days 00:00:37.859000,10907.847222044444,159.1944504888889,6,0.0,True,0,pos,2311.585343310127,0.5328041579340645,OnTrack,2269.0,9031.0,2284.0,4351.561,37.859
2026-07-25 14:59:20.031,0 days 01:12:31.616000,16,578.4311111111115,0 days 00:00:37.914000,10908.0,154.0,5,0.0,True,0,car,2313.8411111111113,0.53332409654121,OnTrack,2283.029019169349,9012.429221819775,2284.2575414230478,4351.616,37.914
2026-07-25 14:59:20.191,0 days 01:12:31.776000,16,582.5200000000004,0 days 00:00:38.074000,10633.0,147.0,3,0.0,True,0,car,2320.3744444444446,0.5348299839077498,OnTrack,2321.9359055075774,8956.733582192746,2284.990132267008,4351.776,38.074
2026-07-25 14:59:20.196,0 days 01:12:31.781000,16,582.6588871111115,0 days 00:00:38.079000,10644.92484736,146.82500224,3,0.0,True,0,pos,2320.5756305413797,0.5348763558876015,OnTrack,2323.0,8955.0,2285.0,4351.781,38.079
2026-07-25 14:59:20.336,0 days 01:12:31.921000,16,586.5477760000002,0 days 00:00:38.219000,10978.82484736,141.92500224,3,0.0,True,0,pos,2326.0949448684014,0.5361485190075543,OnTrack,2349.0,8907.0,2285.0,4351.921,38.219
2026-07-25 14:59:20.391,0 days 01:12:31.976000,16,588.0755555555556,0 days 00:00:38.274000,11110.0,140.0,3,0.0,True,0,car,2328.1522222222225,0.5366227069631544,OnTrack,2357.8022492485707,8888.602386012873,2284.989945196537,4351.976,38.274
2026-07-25 14:59:20.551,0 days 01:12:32.136000,16,593.3644444444449,0 days 00:00:38.434000,10647.0,126.0,2,0.0,True,0,car,2333.7522222222224,0.5379134675630456,OnTrack,2379.3574571001686,8836.509529684148,2285.032587526277,4352.136,38.434
2026-07-25 14:59:20.636,0 days 01:12:32.221000,16,596.363053297778,0 days 00:00:38.519000,10404.7501824,123.8750016,2,0.0,True,0,pos,2336.6337979642617,0.538577650497586,OnTrack,2388.0,8809.0,2285.0,4352.221,38.519
2026-07-25 14:59:20.791,0 days 01:12:32.376000,16,601.8311111111111,0 days 00:00:38.674000,9963.0,120.0,2,0.0,True,0,car,2341.7522222222224,0.5397574112771759,OnTrack,2398.5313529343307,8758.764301327432,2284.8419699943565,4352.376,38.674
2026-07-25 14:59:20.856,0 days 01:12:32.441000,16,604.3047197866666,0 days 00:00:38.739000,9862.482241828571,118.14285897142857,2,0.0,True,0,pos,2343.8280272096276,0.5402358697219616,OnTrack,2401.0,8738.0,2285.0,4352.441,38.739
2026-07-25 14:59:21.016,0 days 01:12:32.601000,16,610.3936086755556,0 days 00:00:38.899000,9615.0536704,113.5714304,2,0.0,True,0,pos,2348.783317388759,0.5413780292441492,OnTrack,2402.0,8688.0,2286.0,4352.601,38.899
2026-07-25 14:59:21.071,0 days 01:12:32.656000,16,612.4866666666667,0 days 00:00:38.954000,9530.0,112.0,2,0.0,False,0,car,2350.4633333333336,0.541765261099229,OnTrack,2400.361924358904,8671.0047783881,2286.132836051271,4352.656,38.954
2026-07-25 14:59:21.276,0 days 01:12:32.861000,16,620.6297174994344,0 days 00:00:39.159000,9675.815815011665,109.42677973508827,2,10.292881059646913,False,0,pos,2356.6684819923526,0.5431955042073591,OnTrack,2387.0,8610.0,2286.0,4352.861,39.159
2026-07-25 14:59:21.310,0 days 01:12:32.895000,16,621.9802777777782,0 days 00:00:39.193000,9700.0,109.0,2,12.0,False,0,car,2357.6997222222226,0.5434331978248126,OnTrack,2384.248698765347,8600.703995019605,2286.118603117283,4352.895,39.193
2026-07-25 14:59:21.456,0 days 01:12:33.041000,16,627.7391616177783,0 days 00:00:39.339000,9829.835600457143,110.04285622857142,2,30.771412114285717,False,0,pos,2362.1525465427844,0.5444595425018158,OnTrack,2368.0,8558.0,2287.0,4353.041,39.339
2026-07-25 14:59:21.590,0 days 01:12:33.175000,16,633.0247222222229,0 days 00:00:39.473000,9949.0,111.0,2,48.0,False,0,car,2366.333055555556,0.5454231204163116,OnTrack,2338.1493398097796,8498.708139095943,2287.6639499063976,4353.175,39.473
2026-07-25 14:59:21.696,0 days 01:12:33.281000,16,637.0291618311114,0 days 00:00:39.579000,10232.8809072,113.6499968,2,56.6124896,False,0,pos,2369.7402006705292,0.5462084433935472,OnTrack,2315.0,8455.0,2288.0,4353.281,39.579
2026-07-25 14:59:21.910,0 days 01:12:33.495000,16,645.1136111111109,0 days 00:00:39.793000,10806.0,119.0,2,74.0,False,0,car,2376.910833333334,0.5478612237716618,OnTrack,2293.4257183973123,8413.149983259713,2288.109341539963,4353.495,39.793
2026-07-25 14:59:22.036,0 days 01:12:33.621000,16,649.27860688,0 days 00:00:39.919000,10562.19024768,122.77999616,2,67.07000704,False,0,pos,2381.337426192475,0.5488815222813653,OnTrack,2283.0,8388.0,2288.0,4353.621,39.919
2026-07-25 14:59:22.216,0 days 01:12:33.801000,16,655.2286068800001,0 days 00:00:40.099000,10213.89024768,128.17999616,2,57.17000704,False,0,pos,2387.9192870379056,0.5503985948980168,OnTrack,2262.0,8329.0,2288.0,4353.801,40.099
2026-07-25 14:59:22.310,0 days 01:12:33.895000,16,658.3358333333335,0 days 00:00:40.193000,10032.0,131.0,3,52.0,False,0,car,2391.4663888888895,0.5512161769182045,OnTrack,2254.6009392175524,8295.792487687497,2288.548501310837,4353.895,40.193
2026-07-25 14:59:22.396,0 days 01:12:33.981000,16,660.9158294933334,0 days 00:00:40.279000,10257.749664,135.2999936,3,52.5374992,False,0,pos,2394.77643012901,0.5519791181354836,OnTrack,2250.0,8265.0,2289.0,4353.981,40.279
2026-07-25 14:59:22.470,0 days 01:12:34.055000,16,663.1358333333333,0 days 00:00:40.353000,10452.0,139.0,3,53.0,False,0,car,2397.6441666666674,0.5526401112307829,OnTrack,2247.0689923505383,8238.067286668562,2289.034774857815,4354.055,40.353
2026-07-25 14:59:22.556,0 days 01:12:34.141000,16,665.47694096,0 days 00:00:40.439000,10441.9666816,139.3583328,3,56.583328,False,0,pos,2400.9691703480676,0.5534065011855053,OnTrack,2245.0,8204.0,2289.0,4354.141,40.439
2026-07-25 14:59:22.710,0 days 01:12:34.295000,16,669.6691666666666,0 days 00:00:40.593000,10424.0,140.0,3,63.0,False,0,car,2406.977500000001,0.5547913788972684,OnTrack,2245.3263472204253,8128.605700191161,2289.7699511859137,4354.295,40.593
2026-07-25 14:59:22.896,0 days 01:12:34.481000,16,674.1641635733333,0 days 00:00:40.779000,10701.449809066668,144.6499968,3,80.04998826666667,False,0,pos,2414.5027644311344,0.5565258994028881,OnTrack,2251.0,8036.0,2291.0,4354.481,40.779
2026-07-25 14:59:22.950,0 days 01:12:34.535000,16,675.4691666666668,0 days 00:00:40.833000,10782.0,146.0,3,85.0,False,0,car,2416.710833333334,0.5570348437494602,OnTrack,2253.3386641647753,8014.367141960204,2291.1464400144014,4354.535,40.833
2026-07-25 14:59:23.110,0 days 01:12:34.695000,16,678.9802777777772,0 days 00:00:40.993000,11460.0,150.0,3,85.0,False,0,car,2423.377500000001,0.5585714635112355,OnTrack,2262.115336503323,7963.881038370126,2291.0322019715754,4354.695,40.993
2026-07-25 14:59:23.276,0 days 01:12:34.861000,16,681.6547201599994,0 days 00:00:41.159000,11350.5438344,161.4124912,3,92.781244,False,0,pos,2431.127140794628,0.5603577011899881,OnTrack,2276.0,7908.0,2291.0,4354.861,41.159
2026-07-25 14:59:23.430,0 days 01:12:35.015000,16,684.1358333333328,0 days 00:00:41.313000,11249.0,172.0,3,100.0,False,0,car,2438.6663888888897,0.5620954448315735,OnTrack,2294.142361228243,7840.481126623764,2291.531979835232,4355.015,41.313
2026-07-25 14:59:23.516,0 days 01:12:35.101000,16,685.4497202666663,0 days 00:00:41.399000,10864.688072,173.6124976,3,100.0,False,0,pos,2442.8238481388544,0.563053709937914,OnTrack,2306.0,7800.0,2292.0,4355.101,41.399
2026-07-25 14:59:23.590,0 days 01:12:35.175000,16,686.5802777777776,0 days 00:00:41.473000,10534.0,175.0,4,100.0,False,0,car,2446.4441666666676,0.563888167886978,OnTrack,2317.0115570288103,7765.01822656874,2292.476260575704,4355.175,41.473
2026-07-25 14:59:23.695,0 days 01:12:35.280000,16,688.009443573333,0 days 00:00:41.578000,10797.624839314285,179.49999725714287,4,100.0,False,0,pos,2451.750692238035,0.5651112846958772,OnTrack,2333.0,7715.0,2293.0,4355.28,41.578
2026-07-25 14:59:23.855,0 days 01:12:35.440000,16,690.1872213511106,0 days 00:00:41.738000,11199.339125028571,186.35714011428573,4,100.0,False,0,pos,2460.180803560228,0.5670543660436244,OnTrack,2356.0,7637.0,2293.0,4355.44,41.738
2026-07-25 14:59:23.870,0 days 01:12:35.455000,16,690.3913888888883,0 days 00:00:41.753000,11237.0,187.0,4,100.0,False,0,car,2460.9886111111123,0.5672405600005844,OnTrack,2358.2132635650355,7629.453365134881,2293.0386418833655,4355.455,41.753
2026-07-25 14:59:24.035,0 days 01:12:35.620000,16,692.178888195555,0 days 00:00:41.918000,11467.083244088888,193.4166641777778,4,100.0,False,0,pos,2470.0690271266612,0.5693335320047794,OnTrack,2383.0,7544.0,2294.0,4355.62,41.918
2026-07-25 14:59:24.230,0 days 01:12:35.815000,16,694.2913888888884,0 days 00:00:42.113000,11739.0,201.0,4,100.0,False,0,car,2481.088611111112,0.5718734685823369,OnTrack,2409.3471546475607,7441.608996795142,2294.976409525939,4355.815,42.113
2026-07-25 14:59:24.235,0 days 01:12:35.820000,16,694.3469437444091,0 days 00:00:42.118000,11720.80708282758,201.07788063858055,4,100.0,False,0,pos,2481.3724424878956,0.5719388897177236,OnTrack,2410.0,7439.0,2295.0,4355.82,42.118
2026-07-25 14:59:24.455,0 days 01:12:36.040000,16,696.7913886762199,0 days 00:00:42.338000,10920.308480859012,204.50467259906245,4,100.0,False,0,pos,2493.926216430067,0.5748324462863834,OnTrack,2440.0,7319.0,2296.0,4356.04,42.338
2026-07-25 14:59:24.551,0 days 01:12:36.136000,16,697.8580555555554,0 days 00:00:42.434000,10571.0,206.0,5,100.0,False,0,car,2499.4569444444455,0.5761072401809683,OnTrack,2456.5069025149683,7253.841923543179,2296.3416735986843,4356.136,42.434
2026-07-25 14:59:24.775,0 days 01:12:36.360000,16,700.4713888888886,0 days 00:00:42.658000,10206.066666666668,207.86666666666667,5,6.666666666666667,False,0,pos,2512.414097110523,0.5790937727074233,OnTrack,2499.0,7097.0,2297.0,4356.36,42.658
2026-07-25 14:59:24.791,0 days 01:12:36.376000,16,700.6580555555552,0 days 00:00:42.674000,10180.0,208.0,5,0.0,True,0,car,2513.3236111111123,0.5793034092854609,OnTrack,2501.741837913512,7088.278119384181,2297.0510845013064,4356.376,42.674
2026-07-25 14:59:25.111,0 days 01:12:36.696000,16,706.346944444444,0 days 00:00:42.994000,11137.0,197.0,5,0.0,True,0,car,2530.8347222222233,0.5833395971930572,OnTrack,2553.9430291409035,6968.347922320741,2297.9817363406632,4356.696,42.994
2026-07-25 14:59:25.135,0 days 01:12:36.720000,16,706.8736111111107,0 days 00:00:43.018000,11083.84,195.68,5,0.0,True,0,pos,2532.0978143836783,0.5836307310494925,OnTrack,2559.0,6959.0,2298.0,4356.72,43.018
2026-07-25 14:59:25.275,0 days 01:12:36.860000,16,709.9458333333331,0 days 00:00:43.158000,10773.74,187.98,5,0.0,True,0,pos,2539.335916539273,0.5852990626709978,OnTrack,2596.0,6897.0,2298.0,4356.86,43.158
2026-07-25 14:59:25.311,0 days 01:12:36.896000,16,710.7358333333332,0 days 00:00:43.194000,10694.0,186.0,4,0.0,True,0,car,2541.1680555555567,0.585721357823809,OnTrack,2609.5600260688493,6878.492292496888,2298.0420083364006,4356.896,43.194
2026-07-25 14:59:25.591,0 days 01:12:37.176000,16,717.7358333333336,0 days 00:00:43.474000,10163.0,178.0,4,3.0,True,0,car,2555.0125000000007,0.5889124048624288,OnTrack,2744.271610907854,6728.75044543443,2298.983023515181,4357.176,43.474
2026-07-25 14:59:25.596,0 days 01:12:37.181000,16,717.8886091555559,0 days 00:00:43.479000,10159.17504896,177.85000192,4,3.312496,True,0,pos,2555.2517518057025,0.5889675507203311,OnTrack,2746.0,6727.0,2299.0,4357.181,43.479
2026-07-25 14:59:25.916,0 days 01:12:37.501000,16,727.6663869333332,0 days 00:00:43.799000,9914.37504896,168.25000192,4,23.312496,True,0,pos,2570.036167847126,0.5923752545986648,OnTrack,2812.0,6679.0,2300.0,4357.501,43.799
2026-07-25 14:59:25.991,0 days 01:12:37.576000,16,729.9580555555553,0 days 00:00:43.874000,9857.0,166.0,4,28.0,False,0,car,2573.4569444444455,0.5931637195366738,OnTrack,2837.324194513553,6666.56948979479,2300.3115946183493,4357.576,43.874
2026-07-25 14:59:26.191,0 days 01:12:37.776000,16,736.2913888888888,0 days 00:00:44.074000,9947.0,165.0,4,42.0,False,0,car,2582.623611111112,0.5952765717091147,OnTrack,2926.732752995921,6627.764467161338,2300.9969772176573,4357.776,44.074
2026-07-25 14:59:26.196,0 days 01:12:37.781000,16,736.4511090666666,0 days 00:00:44.079000,9951.833271466667,165.06944355555555,4,42.34721777777778,False,0,pos,2582.8547240173916,0.5953298416079633,OnTrack,2929.0,6627.0,2301.0,4357.781,44.079
2026-07-25 14:59:26.336,0 days 01:12:37.921000,16,740.9233312888888,0 days 00:00:44.219000,10087.1666048,167.013888,4,52.06944,False,0,pos,2589.3739753116843,0.5968324831635817,OnTrack,2992.0,6610.0,2301.0,4357.921,44.219
2026-07-25 14:59:26.496,0 days 01:12:38.081000,16,746.0344424,0 days 00:00:44.379000,10241.833271466667,169.2361102222222,4,63.18055111111111,False,0,pos,2596.9657562833745,0.5985823352638071,OnTrack,3067.0,6596.0,2302.0,4358.081,44.379
2026-07-25 14:59:26.551,0 days 01:12:38.136000,16,747.7913888888888,0 days 00:00:44.434000,10295.0,170.0,4,67.0,False,0,car,2599.623611111112,0.5991949521016418,OnTrack,3096.92546217983,6592.276918272945,2302.2996428967,4358.136,44.434
2026-07-25 14:59:26.816,0 days 01:12:38.401000,16,755.8149980622218,0 days 00:00:44.699000,10544.340848872727,175.42045323636364,4,83.26135970909091,False,0,pos,2612.7684907833245,0.6022247543822139,OnTrack,3252.0,6581.0,2303.0,4358.401,44.699
2026-07-25 14:59:26.991,0 days 01:12:38.576000,16,761.1136111111105,0 days 00:00:44.874000,10709.0,179.0,4,94.0,False,0,car,2621.5013888888902,0.6042376259532011,OnTrack,3318.2296707854293,6577.603112976628,2303.282273446108,4358.576,44.874
2026-07-25 14:59:27.176,0 days 01:12:38.761000,16,766.1497204799992,0 days 00:00:45.059000,10578.2386816,177.7386368,4,54.4772864,False,0,pos,2630.6151132532295,0.6063382752974438,OnTrack,3402.0,6567.0,2304.0,4358.761,45.059
2026-07-25 14:59:27.416,0 days 01:12:39.001000,16,772.6830538133325,0 days 00:00:45.299000,10408.602317963636,176.10227316363637,4,3.2045591272727263,False,0,pos,2642.2871252212713,0.6090285919349092,OnTrack,3578.0,6533.0,2306.0,4359.001,45.299
2026-07-25 14:59:27.431,0 days 01:12:39.016000,16,773.0913888888881,0 days 00:00:45.314000,10398.0,176.0,4,0.0,True,0,car,2643.012500000001,0.6091957857178626,OnTrack,3585.463530860869,6531.28237806123,2306.099795112748,4359.016,45.314
2026-07-25 14:59:27.591,0 days 01:12:39.176000,16,777.5802777777772,0 days 00:00:45.474000,10760.0,173.0,4,0.0,True,0,car,2650.70138888889,0.6109680205097767,OnTrack,3625.1043405347705,6518.455407407462,2306.8058697074152,4359.176,45.474
2026-07-25 14:59:27.696,0 days 01:12:39.281000,16,779.7677764444436,0 days 00:00:45.579000,11181.9684928,170.3750016,4,0.0,True,0,pos,2655.6496552213302,0.6121085610847199,OnTrack,3647.0,6506.0,2307.0,4359.281,45.579
2026-07-25 14:59:27.751,0 days 01:12:39.336000,16,780.9136111111102,0 days 00:00:45.634000,11403.0,169.0,4,0.0,True,0,car,2658.2125000000015,0.6126992787747103,OnTrack,3664.226320914779,6496.31538245481,2307.033777968813,4359.336,45.634
2026-07-25 14:59:27.956,0 days 01:12:39.541000,16,784.1024981505161,0 days 00:00:45.839000,11195.426898630454,164.71129955848045,4,0.0,True,0,pos,2667.5871951411536,0.6148600800468873,OnTrack,3749.0,6446.0,2307.0,4359.541,45.839
2026-07-25 14:59:27.990,0 days 01:12:39.575000,16,784.6313888888885,0 days 00:00:45.873000,11161.0,164.0,3,0.0,True,0,car,2669.100277777779,0.6152088349489828,OnTrack,3762.288406886687,6436.83219921056,2307.0387929802296,4359.575,45.873
2026-07-25 14:59:28.256,0 days 01:12:39.841000,16,785.9613882488884,0 days 00:00:46.139000,10948.804647563637,157.3500032,3,5.4409064727272725,True,0,pos,2680.4711624802276,0.6178297438703806,OnTrack,3853.0,6359.0,2308.0,4359.841,46.139
2026-07-25 14:59:28.396,0 days 01:12:39.981000,16,786.6613882488883,0 days 00:00:46.279000,10837.122829381819,153.8500032,3,8.304542836363636,True,0,pos,2686.359368648719,0.6191869339643672,OnTrack,3894.0,6314.0,2309.0,4359.981,46.279
2026-07-25 14:59:28.430,0 days 01:12:40.015000,16,786.8313888888883,0 days 00:00:46.313000,10810.0,153.0,3,9.0,False,0,car,2687.8002777777792,0.6195190533807626,OnTrack,3902.956962179011,6303.798578923352,2309.209071140539,4360.015,46.313
2026-07-25 14:59:28.590,0 days 01:12:40.175000,16,787.3202777777778,0 days 00:00:46.473000,10630.0,153.0,3,13.0,False,0,car,2694.600277777779,0.6210864055377733,OnTrack,3943.297876057511,6249.918700850346,2309.972965989673,4360.175,46.473
2026-07-25 14:59:28.596,0 days 01:12:40.181000,16,787.3136112533334,0 days 00:00:46.479000,10631.157118171428,152.91428754285715,3,13.557130971428572,False,0,pos,2694.8526241129607,0.6211445695925909,OnTrack,3945.0,6247.0,2310.0,4360.181,46.479
2026-07-25 14:59:28.816,0 days 01:12:40.401000,16,787.0691668088886,0 days 00:00:46.699000,10673.5856896,149.7714304,3,33.9857024,False,0,pos,2703.949840563809,0.6232414139789193,OnTrack,4010.0,6113.0,2311.0,4360.401,46.699
2026-07-25 14:59:28.870,0 days 01:12:40.455000,16,787.0091666666663,0 days 00:00:46.753000,10684.0,149.0,3,39.0,False,0,car,2706.189166666668,0.623757562890326,OnTrack,4019.559500864779,6091.387973918616,2311.2536914282314,4360.455,46.753
2026-07-25 14:59:29.030,0 days 01:12:40.615000,16,786.3425000000002,0 days 00:00:46.913000,10817.0,151.0,3,49.0,False,0,car,2712.9002777777787,0.6253044267838463,OnTrack,4028.4939261036234,6065.241278205376,2312.0515925705877,4360.615,46.913
2026-07-25 14:59:29.156,0 days 01:12:40.741000,16,785.3625009955559,0 days 00:00:47.039000,11042.449770971429,152.34999862857143,3,57.09999177142857,False,0,pos,2718.2490800684973,0.6265372880791084,OnTrack,4032.0,6032.0,2313.0,4360.741,47.039
2026-07-25 14:59:29.310,0 days 01:12:40.895000,16,784.1647222222227,0 days 00:00:47.193000,11318.0,154.0,3,67.0,False,0,car,2724.8780555555563,0.6280652202891692,OnTrack,4041.138344208022,5948.0118148441525,2314.6841541487083,4360.895,47.193
2026-07-25 14:59:29.436,0 days 01:12:41.021000,16,782.6947237155562,0 days 00:00:47.319000,11443.099872914287,156.69999725714285,3,69.24999771428571,False,0,pos,2730.395372236959,0.6293369229658616,OnTrack,4046.0,5867.0,2316.0,4361.021,47.319
2026-07-25 14:59:29.590,0 days 01:12:41.175000,16,780.8980555555563,0 days 00:00:47.473000,11596.0,160.0,3,72.0,False,0,car,2737.3225000000007,0.6309335771778164,OnTrack,4041.981495637809,5776.768521782974,2317.0274212863233,4361.175,47.473
2026-07-25 14:59:29.830,0 days 01:12:41.415000,16,777.2313888888893,0 days 00:00:47.713000,11555.0,170.0,3,80.0,False,0,car,2748.655833333334,0.6335458307728344,OnTrack,4024.3835733028645,5664.182234069044,2317.972877273718,4361.415,47.713
2026-07-25 14:59:29.836,0 days 01:12:41.421000,16,777.1313910222227,0 days 00:00:47.719000,11539.225336533333,170.17499626666665,3,80.49998933333333,False,0,pos,2748.944732518386,0.6336124200023711,OnTrack,4024.0,5662.0,2318.0,4361.421,47.719
2026-07-25 14:59:30.070,0 days 01:12:41.655000,16,773.2313888888893,0 days 00:00:47.953000,10924.0,177.0,4,100.0,False,0,car,2760.4558333333343,0.6362656477511767,OnTrack,4011.0867646480624,5598.215999510806,2319.2220749663225,4361.655,47.953
2026-07-25 14:59:30.196,0 days 01:12:41.781000,16,770.7813913777783,0 days 00:00:48.079000,11211.174708266666,183.82499306666668,4,100.0,False,0,pos,2766.991003850658,0.6377719585757005,OnTrack,4000.0,5553.0,2320.0,4361.781,48.079
2026-07-25 14:59:30.310,0 days 01:12:41.895000,16,768.5647222222228,0 days 00:00:48.193000,11471.0,190.0,4,100.0,False,0,car,2773.122500000001,0.6391852252985497,OnTrack,3985.294171840512,5494.921944802085,2320.7534243695172,4361.895,48.193
2026-07-25 14:59:30.355,0 days 01:12:41.940000,16,767.5897236088895,0 days 00:00:48.238000,11534.187410133334,192.43749653333333,4,100.0,False,0,pos,2775.5984442286963,0.6397559130231797,OnTrack,3979.0,5471.0,2321.0,4361.94,48.238
2026-07-25 14:59:30.550,0 days 01:12:42.135000,16,763.3647222222226,0 days 00:00:48.433000,11808.0,203.0,4,100.0,False,0,car,2786.655833333334,0.6423045634149536,OnTrack,3950.583095417342,5370.39385898917,2321.700052573274,4362.135,48.433
2026-07-25 14:59:30.595,0 days 01:12:42.180000,16,762.4147235733337,0 days 00:00:48.478000,11560.95035136,204.79999744,4,100.0,False,0,pos,2789.2680386845277,0.6429066583696224,OnTrack,3943.0,5344.0,2322.0,4362.18,48.478
2026-07-25 14:59:30.750,0 days 01:12:42.335000,16,759.1425000000004,0 days 00:00:48.633000,10710.0,211.0,5,100.0,False,0,car,2798.3780555555563,0.6450064531627417,OnTrack,3912.761225866188,5237.974989170194,2323.7753100150385,4362.335,48.633
2026-07-25 14:59:30.915,0 days 01:12:42.500000,16,755.8425012800005,0 days 00:00:48.798000,10858.4999424,213.0624992,5,100.0,False,0,pos,2808.1156563785908,0.6472509016412847,OnTrack,3881.0,5120.0,2326.0,4362.5,48.798
2026-07-25 14:59:30.990,0 days 01:12:42.575000,16,754.3425000000007,0 days 00:00:48.873000,10926.0,214.0,5,100.0,False,0,car,2812.6447222222228,0.6482948194529408,OnTrack,3869.402248318803,5072.096523202534,2326.789212626993,4362.575,48.873
2026-07-25 14:59:31.255,0 days 01:12:42.840000,16,749.3369446553411,0 days 00:00:49.138000,11422.15262707093,225.557631911802,5,100.0,False,0,pos,2829.3714738177355,0.6521502180107364,OnTrack,3841.0,4916.0,2329.0,4362.84,49.138
2026-07-25 14:59:31.311,0 days 01:12:42.896000,16,748.2791666666667,0 days 00:00:49.194000,11527.0,228.0,5,100.0,False,0,car,2832.974722222223,0.6529807414164746,OnTrack,3836.9182838981246,4880.10547090492,2329.542856174468,4362.896,49.194
2026-07-25 14:59:31.591,0 days 01:12:43.176000,16,743.7680555555557,0 days 00:00:49.474000,11329.0,234.0,5,100.0,False,0,car,2851.174722222223,0.657175713366121,OnTrack,3825.661153252773,4692.301139486349,2332.5018363160593,4363.176,49.474
2026-07-25 14:59:31.655,0 days 01:12:43.240000,16,742.9325000000001,0 days 00:00:49.538000,11249.2,235.4,5,100.0,False,0,pos,2855.4001697214276,0.6581496492855643,OnTrack,3825.0,4656.0,2333.0,4363.24,49.538
2026-07-25 14:59:31.911,0 days 01:12:43.496000,16,739.5902777777778,0 days 00:00:49.794000,10930.0,241.0,6,100.0,False,0,car,2872.5969444444454,0.6621133848672923,OnTrack,3829.1709273159204,4539.87750261876,2334.261478852169,4363.496,49.794
2026-07-25 14:59:31.996,0 days 01:12:43.581000,16,738.4097231111112,0 days 00:00:49.879000,11006.145776,243.4791648,6,100.0,False,0,pos,2878.426045696112,0.6634569516937973,OnTrack,3833.0,4495.0,2335.0,4363.581,49.879
2026-07-25 14:59:32.151,0 days 01:12:43.736000,16,736.2569444444448,0 days 00:00:50.034000,11145.0,248.0,6,100.0,False,0,car,2889.1302777777787,0.6659242018764949,OnTrack,3843.3757845998566,4393.927125868691,2337.1140075700187,4363.736,50.034
2026-07-25 14:59:32.216,0 days 01:12:43.801000,16,735.4444452444446,0 days 00:00:50.099000,11177.9062176,248.0,6,100.0,False,0,pos,2893.6009744751454,0.6669546660106065,OnTrack,3850.0,4349.0,2338.0,4363.801,50.099
2026-07-25 14:59:32.311,0 days 01:12:43.896000,16,734.2569444444443,0 days 00:00:50.194000,11226.0,248.0,6,100.0,False,0,car,2900.152500000001,0.6684647465492968,OnTrack,3862.7161861577256,4283.734107928793,2339.1056964204718,4363.896,50.194
2026-07-25 14:59:32.516,0 days 01:12:44.101000,16,732.2069450844447,0 days 00:00:50.399000,11313.1249728,252.270832,6,100.0,False,0,pos,2914.5475166333376,0.6717826966037772,OnTrack,3901.0,4145.0,2341.0,4364.101,50.399
2026-07-25 14:59:32.551,0 days 01:12:44.136000,16,731.8569444444447,0 days 00:00:50.434000,11328.0,253.0,6,100.0,False,0,car,2917.0191666666674,0.6723523945465881,OnTrack,3908.710654144897,4121.70701356909,2341.314824572959,4364.136,50.434
2026-07-25 14:59:32.736,0 days 01:12:44.321000,16,730.3666671822224,0 days 00:00:50.619000,11410.222193777778,254.02777742222221,6,100.0,False,0,pos,2930.0992261997917,0.6753672562411576,OnTrack,3955.0,4001.0,2343.0,4364.321,50.619
2026-07-25 14:59:32.911,0 days 01:12:44.496000,16,728.9569444444446,0 days 00:00:50.794000,11488.0,255.0,6,100.0,False,0,car,2942.5191666666674,0.6782299651353786,OnTrack,4008.19231599029,3891.5205395417083,2344.7363650347797,4364.496,50.794
2026-07-25 14:59:32.936,0 days 01:12:44.521000,16,728.6652785244446,0 days 00:00:50.819000,11492.9999872,255.24999936,6,100.0,False,0,pos,2944.298867962189,0.678640173762492,OnTrack,4017.0,3876.0,2345.0,4364.521,50.819
2026-07-25 14:59:33.111,0 days 01:12:44.696000,16,726.6236111111111,0 days 00:00:50.994000,11528.0,257.0,6,100.0,False,0,car,2956.796944444445,0.681520892458514,OnTrack,4086.0116816416894,3769.8055661880235,2346.943379622577,4364.696,50.994
2026-07-25 14:59:33.116,0 days 01:12:44.701000,16,726.5430565866667,0 days 00:00:50.999000,11528.44999424,257.04999936,6,100.0,False,0,pos,2957.1551620662813,0.6816034591000235,OnTrack,4088.0,3767.0,2347.0,4364.701,50.999
2026-07-25 14:59:33.311,0 days 01:12:44.896000,16,723.401388888889,0 days 00:00:51.194000,11546.0,259.0,6,100.0,False,0,car,2971.1858333333344,0.6848374301110124,OnTrack,4168.491718947515,3660.9829967950373,2349.325832014372,4364.896,51.194
2026-07-25 14:59:33.356,0 days 01:12:44.941000,16,722.438890257778,0 days 00:00:51.239000,11562.553547885715,259.48214217142856,6,100.0,False,0,pos,2974.4458584207114,0.6855888429569844,OnTrack,4194.0,3627.0,2350.0,4364.941,51.239
2026-07-25 14:59:33.591,0 days 01:12:45.176000,16,717.4125000000008,0 days 00:00:51.474000,11649.0,262.0,6,100.0,False,0,car,2991.5636111111116,0.689534364516172,OnTrack,4354.8281680525815,3405.098136470071,2353.946283080762,4365.176,51.474
2026-07-25 14:59:33.596,0 days 01:12:45.181000,16,717.2736128888897,0 days 00:00:51.479000,11637.553717942857,261.9464292571429,6,98.21430857142857,False,0,pos,2991.927724132918,0.689618290005896,OnTrack,4357.0,3402.0,2354.0,4365.181,51.479
2026-07-25 14:59:33.836,0 days 01:12:45.421000,16,710.606946222223,0 days 00:00:51.719000,11088.125146514285,259.37500068571427,6,12.500022857142854,False,0,pos,3009.258944658364,0.6936130143991588,OnTrack,4393.0,3341.0,2355.0,4365.421,51.719
2026-07-25 14:59:33.871,0 days 01:12:45.456000,16,709.634722222223,0 days 00:00:51.754000,11008.0,259.0,6,0.0,True,0,car,3011.7080555555563,0.6941775172296697,OnTrack,4399.048531970388,3329.301215050542,2355.166730084386,4365.456,51.754
2026-07-25 14:59:34.151,0 days 01:12:45.736000,16,701.7791666666676,0 days 00:00:52.034000,11554.0,242.0,6,0.0,False,0,car,3030.5302777777783,0.6985159070237486,OnTrack,4482.764393629043,3153.3817122524038,2357.6828916603763,4365.736,52.034
2026-07-25 14:59:34.176,0 days 01:12:45.761000,16,701.0500018666676,0 days 00:00:52.059000,11567.1249664,241.479168,6,3.1249919999999998,False,0,pos,3032.187736320625,0.6988979395564378,OnTrack,4490.0,3132.0,2358.0,4365.761,52.059
2026-07-25 14:59:34.391,0 days 01:12:45.976000,16,694.7791666666672,0 days 00:00:52.274000,11680.0,237.0,5,30.0,False,0,car,3046.3302777777785,0.702157695859156,OnTrack,4539.56737554954,2932.2631612753644,2360.8358975516203,4365.976,52.274
2026-07-25 14:59:34.416,0 days 01:12:46.001000,16,694.0083354190434,0 days 00:00:52.299000,11665.022819568427,236.37357800476312,5,31.765371077485764,False,0,pos,3047.9438729737526,0.702529618199002,OnTrack,4543.0,2914.0,2361.0,4366.001,52.299
2026-07-25 14:59:34.676,0 days 01:12:46.261000,16,685.9916699210934,0 days 00:00:52.559000,11509.259744326597,229.85877257639763,5,50.12527728469762,False,0,pos,3064.3028243375925,0.7063002413911414,OnTrack,4551.0,2793.0,2361.0,4366.261,52.559
2026-07-25 14:59:34.830,0 days 01:12:46.415000,16,681.2433333333338,0 days 00:00:52.713000,11417.0,226.0,5,61.0,False,0,car,3073.889722222223,0.7085099539026882,OnTrack,4546.832822275571,2699.7162023497713,2362.8559021611254,4366.415,52.713
2026-07-25 14:59:34.916,0 days 01:12:46.501000,16,678.4483374933338,0 days 00:00:52.799000,11435.155528533332,226.0,5,64.583328,False,0,pos,3079.2604529626133,0.7097478695513169,OnTrack,4541.0,2644.0,2364.0,4366.501,52.799
2026-07-25 14:59:35.136,0 days 01:12:46.721000,16,671.298337493334,0 days 00:00:53.019000,11481.599972977778,226.0,5,73.74999466666667,False,0,pos,3093.0729498520077,0.7129315529032724,OnTrack,4512.0,2512.0,2366.0,4366.721,53.019
2026-07-25 14:59:35.190,0 days 01:12:46.775000,16,669.543333333334,0 days 00:00:53.073000,11493.0,226.0,5,76.0,False,0,car,3096.489722222223,0.7137190948951063,OnTrack,4502.825468557167,2482.3558102243665,2366.5770813037066,4366.775,53.073
2026-07-25 14:59:35.430,0 days 01:12:47.015000,16,661.2100000000005,0 days 00:00:53.313000,11679.0,230.0,5,100.0,False,0,car,3111.8230555555565,0.7172533203471896,OnTrack,4440.003362425529,2345.484855341891,2369.681019216426,4367.015,53.313
2026-07-25 14:59:35.456,0 days 01:12:47.041000,16,660.2638935466672,0 days 00:00:53.339000,11596.06040832,230.51999744,5,99.74000128,False,0,pos,3113.5013902434293,0.7176401646844283,OnTrack,4428.0,2326.0,2370.0,4367.041,53.339
2026-07-25 14:59:35.630,0 days 01:12:47.215000,16,653.9322222222231,0 days 00:00:53.513000,11041.0,234.0,5,98.0,False,0,car,3124.823055555556,0.7202497288826513,OnTrack,4328.117369324381,2180.2961634217854,2371.9391682798796,4367.215,53.513
2026-07-25 14:59:35.636,0 days 01:12:47.221000,16,653.7038937600009,0 days 00:00:53.519000,11031.82019584,234.08999808,5,97.94000128,False,0,pos,3125.2160857738904,0.7203403195827213,OnTrack,4325.0,2176.0,2372.0,4367.221,53.519
2026-07-25 14:59:35.830,0 days 01:12:47.415000,16,646.3211111111118,0 days 00:00:53.713000,10735.0,237.0,5,96.0,False,0,car,3137.989722222223,0.7232845529121574,OnTrack,4252.047194165056,2083.9934170851093,2373.7507217536695,4367.415,53.713
2026-07-25 14:59:36.030,0 days 01:12:47.615000,16,638.5988888888896,0 days 00:00:53.913000,10882.0,238.0,6,100.0,False,0,car,3151.2119444444447,0.726332182106345,OnTrack,4195.094339779617,2029.8704625298262,2374.8865651045567,4367.615,53.913
2026-07-25 14:59:36.076,0 days 01:12:47.661000,16,636.7461162666674,0 days 00:00:53.959000,10939.081659345455,238.94090647272728,6,100.0,False,0,pos,3154.3004943049355,0.7270440711189736,OnTrack,4176.0,2011.0,2375.0,4367.661,53.959
2026-07-25 14:59:36.470,0 days 01:12:48.055000,16,620.8766666666675,0 days 00:00:54.353000,11428.0,247.0,6,100.0,False,0,car,3181.400833333334,0.7332905085942508,OnTrack,3950.170309509139,1781.405683812371,2374.1045687393994,4368.055,54.353
2026-07-25 14:59:36.496,0 days 01:12:48.081000,16,619.8294496000008,0 days 00:00:54.379000,11396.6376544,247.3249984,6,100.0,False,0,pos,3183.1956077540704,0.7337041914706757,OnTrack,3937.0,1768.0,2374.0,4368.081,54.379
2026-07-25 14:59:36.630,0 days 01:12:48.215000,16,614.4322222222231,0 days 00:00:54.513000,11235.0,249.0,6,100.0,False,0,car,3192.4675000000007,0.7358412973987978,OnTrack,3878.020480871684,1708.1936679974147,2373.441889648086,4368.215,54.513
2026-07-25 14:59:36.830,0 days 01:12:48.415000,16,606.4877777777788,0 days 00:00:54.713000,11383.0,254.0,6,100.0,False,0,car,3206.578611111112,0.7390938092278888,OnTrack,3806.8293181817176,1636.196064733682,2372.933826997292,4368.415,54.713
2026-07-25 14:59:36.875,0 days 01:12:48.460000,16,604.7377802666676,0 days 00:00:54.758000,11319.250090666666,254.74999893333333,6,100.0,False,0,pos,3209.7959475459384,0.7398353826397939,OnTrack,3790.0,1619.0,2373.0,4368.46,54.758
2026-07-25 14:59:37.055,0 days 01:12:48.640000,16,597.7377802666678,0 days 00:00:54.938000,11064.250090666666,257.74999893333336,6,100.0,False,0,pos,3222.8136197158924,0.7428358644860933,OnTrack,3716.0,1543.0,2373.0,4368.64,54.938
2026-07-25 14:59:37.155,0 days 01:12:48.740000,16,593.8488913777788,0 days 00:00:55.038000,10922.583424,259.4166656,6,100.0,False,0,pos,3230.129431221558,0.7445221075660478,OnTrack,3666.0,1492.0,2371.0,4368.74,55.038
2026-07-25 14:59:37.310,0 days 01:12:48.895000,16,587.8211111111123,0 days 00:00:55.193000,10703.0,262.0,6,100.0,False,0,car,3241.511944444445,0.7471456967795912,OnTrack,3586.670345274747,1410.7505519460428,2368.6385122365973,4368.895,55.193
2026-07-25 14:59:37.455,0 days 01:12:49.040000,16,582.1822247111123,0 days 00:00:55.338000,10384.9063904,265.6249984,6,100.0,False,0,pos,3252.2188711032,0.7496135680433492,OnTrack,3512.0,1334.0,2367.0,4369.04,55.338
2026-07-25 14:59:37.470,0 days 01:12:49.055000,16,581.5988888888901,0 days 00:00:55.353000,10352.0,266.0,7,100.0,False,0,car,3253.3341666666674,0.7498706358238061,OnTrack,3504.2441519786876,1326.0245570872712,2366.819688070308,4369.055,55.353
2026-07-25 14:59:38.375,0 days 01:12:49.960000,16,552.1863889250244,0 days 00:00:56.258000,10810.887078697908,277.79153093013895,7,100.0,False,0,pos,3323.203705768216,0.7659750730032415,OnTrack,3028.0,832.0,2353.0,4369.96,56.258
2026-07-25 14:59:38.391,0 days 01:12:49.976000,16,551.6663888888897,0 days 00:00:56.274000,10819.0,278.0,7,100.0,False,0,car,3324.455833333334,0.7662636795973651,OnTrack,3019.523258315673,823.0223341556002,2352.7322661007015,4369.976,56.274
2026-07-25 14:59:38.556,0 days 01:12:50.141000,16,546.7163908088895,0 days 00:00:56.439000,10858.1874848,280.74999893333336,7,100.0,False,0,pos,3337.3744617901016,0.7692413325646206,OnTrack,2932.0,730.0,2350.0,4370.141,56.439
2026-07-25 14:59:38.631,0 days 01:12:50.216000,16,544.4663888888895,0 days 00:00:56.514000,10876.0,282.0,7,100.0,False,0,car,3343.255833333334,0.7705969473255715,OnTrack,2892.0533334119455,687.540247332625,2348.8385013904594,4370.216,56.514
2026-07-25 14:59:38.756,0 days 01:12:50.341000,16,540.8552796266679,0 days 00:00:56.639000,10901.7812368,282.7812496,7,100.0,False,0,pos,3353.0772207866557,0.7728607080328953,OnTrack,2825.0,616.0,2347.0,4370.341,56.639
2026-07-25 14:59:38.791,0 days 01:12:50.376000,16,539.8441666666681,0 days 00:00:56.674000,10909.0,283.0,7,100.0,False,0,car,3355.8336111111116,0.7734960366094541,OnTrack,2806.049699617217,595.6175895635993,2346.495750999493,4370.376,56.674
2026-07-25 14:59:39.036,0 days 01:12:50.621000,16,533.9233348800012,0 days 00:00:56.919000,10940.3906168,283.7656248,7,100.0,False,0,pos,3375.1895938104576,0.7779574544381134,OnTrack,2676.0,454.0,2343.0,4370.621,56.919
2026-07-25 14:59:39.111,0 days 01:12:50.696000,16,532.1108333333345,0 days 00:00:56.994000,10950.0,284.0,7,100.0,False,0,car,3381.078055555556,0.7793147034407099,OnTrack,2640.4681878966803,414.86714166609926,2341.880328727012,4370.696,56.994
2026-07-25 14:59:39.276,0 days 01:12:50.861000,16,528.9941678755567,0 days 00:00:57.159000,10557.437652266666,276.43750293333335,7,31.250026666666667,False,0,pos,3393.8573156130874,0.7822602329725,OnTrack,2557.0,321.0,2339.0,4370.861,57.159
2026-07-25 14:59:39.351,0 days 01:12:50.936000,16,527.5775000000012,0 days 00:00:57.234000,10379.0,273.0,7,0.0,True,0,car,3399.2780555555564,0.7835096753903564,OnTrack,2506.6134914824897,262.87937764010496,2337.274073034827,4370.936,57.234
2026-07-25 14:59:39.496,0 days 01:12:51.081000,16,527.4163889600012,0 days 00:00:57.379000,10678.2637568,252.0555648,7,0.0,True,0,pos,3408.730959547399,0.7856885032523608,OnTrack,2409.0,149.0,2334.0,4371.081,57.379
2026-07-25 14:59:39.711,0 days 01:12:51.296000,16,527.1775000000011,0 days 00:00:57.594000,11122.0,221.0,7,0.0,True,0,car,3421.3780555555563,0.7886035699006414,OnTrack,2348.1239302801196,76.4607580486717,2332.3431823693118,4371.296,57.594
2026-07-25 14:59:39.816,0 days 01:12:51.401000,16,527.498333137779,0 days 00:00:57.699000,11045.2187968,213.7812544,7,0.0,True,0,pos,3427.5974754371136,0.7900371024251582,OnTrack,2323.0,46.0,2332.0,4371.401,57.699
2026-07-25 14:59:39.871,0 days 01:12:51.456000,16,527.6663888888902,0 days 00:00:57.754000,11005.0,210.0,7,0.0,True,0,car,3430.7113888888894,0.7907548375671267,OnTrack,2305.5308900210744,24.947573778473473,2331.780618311658,4371.456,57.754
2026-07-25 14:59:39.996,0 days 01:12:51.581000,16,528.7774994311125,0 days 00:00:57.879000,11042.053552457142,194.82143634285714,7,0.0,True,0,pos,3437.1601141365486,0.7922412233651985,OnTrack,2260.0,-29.0,2331.0,4371.581,57.879
2026-07-25 14:59:40.151,0 days 01:12:51.736000,16,530.1552777777792,0 days 00:00:58.034000,11088.0,176.0,5,0.0,True,0,car,3444.4002777777782,0.7939100301446387,OnTrack,2208.9236373352105,-85.42164422625036,2328.9698478316022,4371.736,58.034
2026-07-25 14:59:40.236,0 days 01:12:51.821000,16,530.9344438577791,0 days 00:00:58.119000,11069.30001408,169.20000512,5,0.0,True,0,pos,3448.2724577185445,0.7948025403773583,OnTrack,2182.0,-113.0,2328.0,4371.821,58.119
2026-07-25 14:59:40.351,0 days 01:12:51.936000,16,531.9886111111123,0 days 00:00:58.234000,11044.0,160.0,3,0.0,True,0,car,3453.2891666666674,0.7959588564936724,OnTrack,2145.3813203775335,-148.10083960119337,2327.286125729053,4371.936,58.234
2026-07-25 14:59:40.396,0 days 01:12:51.981000,16,532.4011105244455,0 days 00:00:58.279000,11174.981956571428,156.46429074285714,3,0.0,True,0,pos,3455.1370517177184,0.7963847809967125,OnTrack,2131.0,-161.0,2327.0,4371.981,58.279
2026-07-25 14:59:40.596,0 days 01:12:52.181000,16,534.234443857778,0 days 00:00:58.479000,11757.124813714287,140.75000502857142,3,0.0,True,0,pos,3462.7263468567644,0.7981340601300029,OnTrack,2067.0,-212.0,2325.0,4372.181,58.479
2026-07-25 14:59:40.631,0 days 01:12:52.216000,16,534.555277777778,0 days 00:00:58.514000,11859.0,138.0,3,0.0,True,0,car,3464.022500000001,0.7984328143101307,OnTrack,2055.9018915326865,-219.82771952159516,2324.5684587353758,4372.216,58.514
2026-07-25 14:59:40.836,0 days 01:12:52.421000,16,535.5233330311117,0 days 00:00:58.719000,11142.069668266668,134.01389013333332,3,0.0,True,0,pos,3471.5643912157707,0.8001711671726273,OnTrack,1992.0,-259.0,2322.0,4372.421,58.719
2026-07-25 14:59:40.991,0 days 01:12:52.576000,16,536.2552777777787,0 days 00:00:58.874000,10600.0,131.0,2,0.0,True,0,car,3477.122500000001,0.8014522721420191,OnTrack,1945.425600708004,-280.95204090647667,2320.851143402338,4372.576,58.874
2026-07-25 14:59:41.116,0 days 01:12:52.701000,16,536.984444071112,0 days 00:00:58.999000,10374.37511552,126.62500224,2,0.0,True,0,pos,3481.46963424956,0.8024542560012635,OnTrack,1903.0,-293.0,2320.0,4372.701,58.999
2026-07-25 14:59:41.191,0 days 01:12:52.776000,16,537.4219444444452,0 days 00:00:59.074000,10239.0,124.0,2,0.0,True,0,car,3484.0113888888895,0.8030401125625202,OnTrack,1873.3206922102022,-297.50703449666236,2319.3412212316316,4372.776,59.074
2026-07-25 14:59:41.416,0 days 01:12:53.001000,16,538.5469439604362,0 days 00:00:59.299000,9959.67210195213,119.38724572031042,2,2.5626412664942118,True,0,pos,3491.3108696850195,0.8047225915288251,OnTrack,1781.0,-300.0,2317.0,4373.001,59.299
2026-07-25 14:59:41.630,0 days 01:12:53.215000,16,539.6169444444454,0 days 00:00:59.513000,9694.0,115.0,2,5.0,False,0,car,3498.0350000000008,0.8062724562572379,OnTrack,1727.946464205168,-290.1023099596424,2315.037421337319,4373.215,59.513
2026-07-25 14:59:41.776,0 days 01:12:53.361000,16,540.3469438044451,0 days 00:00:59.659000,9775.2124288,113.1750016,2,15.0374912,False,0,pos,3502.6196520175804,0.8073291862908993,OnTrack,1695.0,-276.0,2314.0,4373.361,59.659
2026-07-25 14:59:41.790,0 days 01:12:53.375000,16,540.4169444444451,0 days 00:00:59.673000,9783.0,113.0,2,16.0,False,0,car,3503.057222222223,0.807430043144442,OnTrack,1691.401253503012,-274.31400070939554,2313.9169618008996,4373.375,59.673
2026-07-25 14:59:41.950,0 days 01:12:53.535000,16,541.0836111111116,0 days 00:00:59.833000,9899.0,112.0,2,37.0,False,0,car,3508.0350000000008,0.8085773858999008,OnTrack,1646.2943367020725,-251.24167664475365,2313.1247764736563,4373.535,59.833
2026-07-25 14:59:41.976,0 days 01:12:53.561000,16,541.1919439111117,0 days 00:00:59.859000,9931.0665088,112.1083328,2,38.1916608,False,0,pos,3508.8452879586275,0.8087641515733938,OnTrack,1639.0,-247.0,2313.0,4373.561,59.859
2026-07-25 14:59:42.190,0 days 01:12:53.775000,16,542.0836111111121,0 days 00:01:00.073000,10195.0,113.0,2,48.0,False,0,car,3515.568333333334,0.8103137662307068,OnTrack,1582.5421563072655,-208.00476221227933,2312.0492237850212,4373.775,60.073
2026-07-25 14:59:42.236,0 days 01:12:53.821000,16,542.2369440177786,0 days 00:01:00.119000,10277.10977152,113.91999744,2,49.60999552,False,0,pos,3517.0337173645735,0.8106515269398555,OnTrack,1571.0,-199.0,2312.0,4373.821,60.119
2026-07-25 14:59:42.256,0 days 01:12:53.841000,16,542.3036106844452,0 days 00:01:00.139000,10312.80977152,114.31999744,2,50.30999552,False,0,pos,3517.6733192892225,0.8107989506834183,OnTrack,1566.0,-195.0,2312.0,4373.841,60.139
2026-07-25 14:59:42.390,0 days 01:12:53.975000,16,542.7502777777781,0 days 00:01:00.273000,10552.0,117.0,2,55.0,False,0,car,3522.068333333334,0.8118119704984378,OnTrack,1526.7567934563644,-160.27806678127646,2311.6052680180364,4373.975,60.273
2026-07-25 14:59:42.616,0 days 01:12:54.201000,16,542.938611004445,0 days 00:01:00.499000,11295.3781504,126.6857088,2,72.7571328,False,0,pos,3530.1315967546616,0.8136704959860797,OnTrack,1457.0,-91.0,2310.0,4374.201,60.499
2026-07-25 14:59:42.670,0 days 01:12:54.255000,16,542.9836111111117,0 days 00:01:00.553000,11473.0,129.0,2,77.0,False,0,car,3532.1016666666674,0.8141245832399095,OnTrack,1444.9568565768282,-78.14737791705411,2309.6331776843003,4374.255,60.553
2026-07-25 14:59:42.870,0 days 01:12:54.455000,16,542.9836111111117,0 days 00:01:00.753000,11901.0,134.0,2,80.0,False,0,car,3539.5461111111117,0.8158404753072253,OnTrack,1411.558891717965,-39.155271319608936,2308.3211702244257,4374.455,60.753
2026-07-25 14:59:42.916,0 days 01:12:54.501000,16,542.7919449777784,0 days 00:01:00.799000,11800.31139128889,136.93888071111112,2,82.55554844444444,False,0,pos,3541.386970110904,0.8162647803548836,OnTrack,1403.0,-29.0,2308.0,4374.501,60.799
2026-07-25 14:59:43.230,0 days 01:12:54.815000,16,541.4836111111117,0 days 00:01:01.113000,11113.0,157.0,3,100.0,False,0,car,3555.2461111111115,0.819459214846206,OnTrack,1323.6052267008338,65.40005198048401,2305.310515197026,4374.815,61.113
2026-07-25 14:59:43.256,0 days 01:12:54.841000,16,541.3175008177784,0 days 00:01:01.139000,11235.97939456,158.55999232,3,100.0,False,0,pos,3556.447851310268,0.8197362075069876,OnTrack,1315.0,76.0,2305.0,4374.841,61.139
2026-07-25 14:59:43.430,0 days 01:12:55.015000,16,540.2058333333339,0 days 00:01:01.313000,12059.0,169.0,3,100.0,False,0,car,3564.6350000000007,0.8216232876773729,OnTrack,1251.0759571027884,156.15152287980595,2302.5833109219866,4375.015,61.313
2026-07-25 14:59:43.475,0 days 01:12:55.060000,16,539.9433337066672,0 days 00:01:01.358000,11750.7504384,170.1249984,3,100.0,False,0,pos,3566.786861354029,0.8221192765795531,OnTrack,1236.0,175.0,2302.0,4375.06,61.358
2026-07-25 14:59:43.630,0 days 01:12:55.215000,16,539.0391666666674,0 days 00:01:01.513000,10689.0,174.0,3,100.0,False,0,car,3574.301666666667,0.823851386331947,OnTrack,1194.3374134001724,226.15442219593962,2300.3626519155446,4375.215,61.513
2026-07-25 14:59:43.790,0 days 01:12:55.375000,16,538.016944444445,0 days 00:01:01.673000,11111.0,179.0,4,100.0,False,0,car,3582.257222222223,0.8256850859143322,OnTrack,1155.332778453031,273.1082340914529,2299.158533914796,4375.375,61.673
2026-07-25 14:59:43.815,0 days 01:12:55.400000,16,537.8572226311118,0 days 00:01:01.698000,11152.2498944,180.12499712,4,100.0,False,0,pos,3583.5340692332397,0.8259793901668162,OnTrack,1148.0,282.0,2299.0,4375.4,61.698
2026-07-25 14:59:43.975,0 days 01:12:55.560000,16,536.8350004088899,0 days 00:01:01.858000,11416.2498944,187.32499712,4,100.0,False,0,pos,3591.908130204518,0.8279095523030325,OnTrack,1095.0,346.0,2298.0,4375.56,61.858
2026-07-25 14:59:43.990,0 days 01:12:55.575000,16,536.7391666666676,0 days 00:01:01.873000,11441.0,188.0,4,100.0,False,0,car,3592.7016666666673,0.8280924568744468,OnTrack,1089.9463051704656,351.93718050558095,2297.868010644379,4375.575,61.873
2026-07-25 14:59:44.155,0 days 01:12:55.740000,16,535.6391670933338,0 days 00:01:02.038000,11441.0,191.29999872,4,100.0,False,0,pos,3601.4890896731968,0.8301178960514836,OnTrack,1032.0,418.0,2296.0,4375.74,62.038
2026-07-25 14:59:44.190,0 days 01:12:55.775000,16,535.4058333333337,0 days 00:01:02.073000,11441.0,192.0,4,100.0,False,0,car,3603.3683333333342,0.8305510484932873,OnTrack,1017.4655378274267,434.44679945691144,2295.602233521813,4375.775,62.073
2026-07-25 14:59:44.391,0 days 01:12:55.976000,16,534.2333333333336,0 days 00:01:02.274000,11678.0,196.0,4,100.0,False,0,car,3614.3116666666674,0.8330734098322414,OnTrack,922.0904811778464,542.3736708782528,2293.5755445200775,4375.976,62.274
2026-07-25 14:59:44.495,0 days 01:12:56.080000,16,533.7133333333337,0 days 00:01:02.378000,11644.2,199.34285714285716,4,100.0,False,0,pos,3620.158061470796,0.834420962700916,OnTrack,895.0,573.0,2293.0,4376.08,62.378
2026-07-25 14:59:44.671,0 days 01:12:56.256000,16,532.8333333333339,0 days 00:01:02.554000,11587.0,205.0,4,100.0,False,0,car,3630.2561111111117,0.8367484920958206,OnTrack,906.5813359169575,559.7755326467172,2292.9884282392377,4376.256,62.554
2026-07-25 14:59:44.855,0 days 01:12:56.440000,16,532.8844444444452,0 days 00:01:02.738000,11242.766666666666,205.38333333333333,4,61.666666666666664,False,0,pos,3640.8591669325497,0.8391924218623847,OnTrack,921.0,543.0,2293.0,4376.44,62.738
2026-07-25 14:59:45.136,0 days 01:12:56.721000,16,532.9624999822231,0 days 00:01:03.019000,10717.062619733333,205.96874986666666,4,3.1250133333333334,False,0,pos,3656.885143027466,0.8428862965977627,OnTrack,807.0,668.0,2291.0,4376.721,63.019
2026-07-25 14:59:45.151,0 days 01:12:56.736000,16,532.9666666666676,0 days 00:01:03.034000,10689.0,206.0,5,0.0,True,0,car,3657.7227777777784,0.8430793655143347,OnTrack,798.1666511158346,677.3752303751227,2290.9004661537356,4376.736,63.034
2026-07-25 14:59:45.336,0 days 01:12:56.921000,16,533.8402774755568,0 days 00:01:03.219000,11306.89978624,196.7500032,5,0.0,True,0,pos,3667.826685376412,0.8454082451274165,OnTrack,686.0,794.0,2290.0,4376.921,63.219
2026-07-25 14:59:45.351,0 days 01:12:56.936000,16,533.9111111111124,0 days 00:01:03.234000,11357.0,196.0,4,0.0,True,0,car,3668.6116666666676,0.845589177791901,OnTrack,678.8263111983697,801.3393682045951,2289.956989123444,4376.936,63.234
2026-07-25 14:59:45.671,0 days 01:12:57.256000,16,538.1777777777784,0 days 00:01:03.554000,11331.0,174.0,4,0.0,True,0,car,3684.0783333333343,0.8491541356392197,OnTrack,602.2773199243865,874.5024822836862,2289.955320230641,4377.256,63.554
2026-07-25 14:59:45.756,0 days 01:12:57.341000,16,539.8305543111118,0 days 00:01:03.639000,11166.1608384,170.0535744,4,0.0,True,0,pos,3687.9510662829266,0.8500467733365831,OnTrack,581.0,893.0,2290.0,4377.341,63.639
2026-07-25 14:59:45.936,0 days 01:12:57.521000,16,543.330554311112,0 days 00:01:03.819000,10817.089409828572,161.69643154285714,4,0.0,True,0,pos,3695.9436797810417,0.8518890145139983,OnTrack,520.0,945.0,2290.0,4377.521,63.819
2026-07-25 14:59:45.951,0 days 01:12:57.536000,16,543.6222222222232,0 days 00:01:03.834000,10788.0,161.0,3,0.0,True,0,car,3696.6005555555566,0.8520404197584209,OnTrack,514.7735880424646,949.1219331210748,2289.9992530849136,4377.536,63.834
2026-07-25 14:59:46.136,0 days 01:12:57.721000,16,547.8874985244456,0 days 00:01:04.019000,10600.22506496,155.45000192,3,0.0,True,0,pos,3704.5780975289663,0.8538791870554309,OnTrack,451.0,994.0,2290.0,4377.721,64.019
2026-07-25 14:59:46.151,0 days 01:12:57.736000,16,548.2333333333345,0 days 00:01:04.034000,10585.0,155.0,3,0.0,True,0,car,3705.211666666668,0.8540252202840474,OnTrack,445.6330818975787,997.4083339004308,2290.0000325581054,4377.736,64.034
2026-07-25 14:59:46.236,0 days 01:12:57.821000,16,550.4291650133346,0 days 00:01:04.119000,10882.499776,152.8750016,3,0.0,True,0,pos,3708.7596909430918,0.8548430149168091,OnTrack,415.0,1016.0,2290.0,4377.821,64.119
2026-07-25 14:59:46.351,0 days 01:12:57.936000,16,553.4000000000015,0 days 00:01:04.234000,11285.0,150.0,3,0.0,True,0,car,3713.545000000001,0.8559459949862664,OnTrack,376.4291723037505,1037.2704984359452,2290.0036088003794,4377.936,64.234
2026-07-25 14:59:46.511,0 days 01:12:58.096000,16,557.8888888888896,0 days 00:01:04.394000,11124.0,150.0,3,0.0,True,0,car,3720.211666666668,0.8574826147480418,OnTrack,322.214122902347,1060.4499739699193,2290.0072230855885,4378.096,64.394
2026-07-25 14:59:46.576,0 days 01:12:58.161000,16,560.1638866488897,0 days 00:01:04.459000,10801.8440672,140.6562592,3,0.0,True,0,pos,3722.6052878378164,0.8580343275871103,OnTrack,294.0,1069.0,2290.0,4378.161,64.459
2026-07-25 14:59:46.671,0 days 01:12:58.256000,16,563.48888888889,0 days 00:01:04.554000,10331.0,127.0,2,0.0,True,0,car,3725.856111111112,0.8587836194796782,OnTrack,245.54300414555115,1080.761587862065,2289.979330699337,4378.256,64.554
2026-07-25 14:59:46.776,0 days 01:12:58.361000,16,567.513886435557,0 days 00:01:04.659000,10128.5469984,124.7031264,2,0.3281248,True,0,pos,3729.417003127554,0.8596043800359799,OnTrack,194.0,1091.0,2290.0,4378.361,64.659
2026-07-25 14:59:46.991,0 days 01:12:58.576000,16,575.7555555555577,0 days 00:01:04.874000,9714.0,120.0,2,1.0,True,0,car,3736.5227777777786,0.8612422110985185,OnTrack,137.5570633027624,1096.7380334543795,2290.3915637499254,4378.576,64.874
2026-07-25 14:59:47.151,0 days 01:12:58.736000,16,582.0222222222237,0 days 00:01:05.034000,9434.0,113.0,2,2.0,True,0,car,3741.545000000001,0.8623997979857226,OnTrack,104.30547496416277,1093.1581839405674,2290.9777427772647,4378.736,65.034
2026-07-25 14:59:47.156,0 days 01:12:58.741000,16,582.2166641777793,0 days 00:01:05.039000,9430.2187984,112.9687504,2,2.0312496,True,0,pos,3741.701233942061,0.862435808810147,OnTrack,103.0,1093.0,2291.0,4378.741,65.039
2026-07-25 14:59:47.311,0 days 01:12:58.896000,16,588.2444444444459,0 days 00:01:05.194000,9313.0,112.0,2,3.0,False,0,car,3746.5227777777786,0.8635471407411814,OnTrack,55.870729692017456,1086.5917837316802,2291.78236584282,4378.896,65.194
2026-07-25 14:59:47.356,0 days 01:12:58.941000,16,589.9819419733349,0 days 00:01:05.239000,9275.8750528,110.8750016,2,3.44999936,False,0,pos,3747.8872217746393,0.8638616354825931,OnTrack,42.0,1084.0,2292.0,4378.941,65.239
2026-07-25 14:59:47.511,0 days 01:12:59.096000,16,595.9666666666685,0 days 00:01:05.394000,9148.0,107.0,2,5.0,False,0,car,3752.467222222223,0.8649172933620978,OnTrack,-2.0885102801053743,1072.1998077628775,2292.6394464995237,4379.096,65.394
2026-07-25 14:59:47.596,0 days 01:12:59.181000,16,599.2722197333354,0 days 00:01:05.479000,9112.72502656,105.72500096,2,5.42499968,False,0,pos,3754.93971421253,0.8654871853700682,OnTrack,-25.0,1064.0,2293.0,4379.181,65.479
2026-07-25 14:59:47.711,0 days 01:12:59.296000,16,603.7444444444468,0 days 00:01:05.594000,9065.0,104.0,2,6.0,False,0,car,3758.2450000000003,0.8662490304889695,OnTrack,-55.441746541911066,1051.0761462842875,2293.5609682694057,4379.296,65.594
2026-07-25 14:59:47.796,0 days 01:12:59.381000,16,607.0027753244467,0 days 00:01:05.679000,9039.263908266666,103.2916672,2,7.888887466666667,False,0,pos,3760.656824260862,0.8668049390121446,OnTrack,-77.0,1040.0,2294.0,4379.381,65.679
2026-07-25 14:59:47.976,0 days 01:12:59.561000,16,613.9027753244466,0 days 00:01:05.859000,8984.763908266666,101.7916672,2,11.888887466666667,False,0,pos,3765.691534309976,0.8679654042555865,OnTrack,-119.0,1012.0,2295.0,4379.561,65.859
2026-07-25 14:59:48.071,0 days 01:12:59.656000,16,617.5444444444465,0 days 00:01:05.954000,8956.0,101.0,2,14.0,False,0,car,3768.3450000000003,0.868577009428059,OnTrack,-139.50378721522662,994.9626553848109,2295.7102710343743,4379.656,65.954
2026-07-25 14:59:48.236,0 days 01:12:59.821000,16,623.6402734528672,0 days 00:01:06.119000,8974.241193088259,101.0,2,22.291451403754323,False,0,pos,3772.968483757638,0.8696426899045939,OnTrack,-172.0,962.0,2297.0,4379.821,66.119
2026-07-25 14:59:48.270,0 days 01:12:59.855000,16,624.8963888888902,0 days 00:01:06.153000,8978.0,101.0,2,24.0,False,0,car,3773.928055555556,0.8698638644527225,OnTrack,-178.08618255482222,954.7320301988448,2297.205931521365,4379.855,66.153
2026-07-25 14:59:48.436,0 days 01:13:00.021000,16,630.7524954844457,0 days 00:01:06.319000,9131.031132,102.0374992,2,29.7062456,False,0,pos,3778.6577231618176,0.870954019559284,OnTrack,-205.0,917.0,2298.0,4380.021,66.319
2026-07-25 14:59:48.590,0 days 01:13:00.175000,16,636.185277777779,0 days 00:01:06.473000,9273.0,103.0,2,35.0,False,0,car,3783.0836111111116,0.8719741555922272,OnTrack,-226.42148373263498,878.8971642916273,2298.7489267947203,4380.175,66.473
2026-07-25 14:59:48.636,0 days 01:13:00.221000,16,637.7441623288903,0 days 00:01:06.519000,9316.316546133334,103.19166613333333,2,35.5749984,False,0,pos,3784.4078221311765,0.8722793769155562,OnTrack,-232.0,867.0,2299.0,4380.221,66.519
2026-07-25 14:59:48.796,0 days 01:13:00.381000,16,643.166384551113,0 days 00:01:06.679000,9466.9832128,103.8583328,2,37.5749984,False,0,pos,3789.028472359065,0.8733444042834198,OnTrack,-248.0,824.0,2300.0,4380.381,66.679
2026-07-25 14:59:48.830,0 days 01:13:00.415000,16,644.3186111111131,0 days 00:01:06.713000,9499.0,104.0,2,38.0,False,0,car,3790.016944444445,0.8735722401444735,OnTrack,-250.63574082504323,814.6134814606045,2300.235484005179,4380.415,66.713
2026-07-25 14:59:49.030,0 days 01:13:00.615000,16,650.7075000000013,0 days 00:01:06.913000,9950.0,106.0,2,50.0,False,0,car,3795.905833333334,0.8749295876007084,OnTrack,-260.77311616231157,757.6489205740137,2301.700979733757,4380.615,66.913
2026-07-25 14:59:49.076,0 days 01:13:00.661000,16,652.1002739022236,0 days 00:01:06.959000,10070.749664,106.95833066666667,2,52.683325866666664,False,0,pos,3797.291501364338,0.8752489743326636,OnTrack,-262.0,744.0,2302.0,4380.661,66.959
2026-07-25 14:59:49.236,0 days 01:13:00.821000,16,656.9447183466682,0 days 00:01:07.119000,10490.749664,110.291664,2,62.0166592,False,0,pos,3802.2274077476263,0.8763866660262886,OnTrack,-263.0,695.0,2303.0,4380.821,67.119
2026-07-25 14:59:49.270,0 days 01:13:00.855000,16,657.9741666666682,0 days 00:01:07.153000,10580.0,111.0,2,64.0,False,0,car,3803.3058333333342,0.876635235536279,OnTrack,-262.3917437823149,684.4117968938082,2303.288723306965,4380.855,67.153
2026-07-25 14:59:49.430,0 days 01:13:01.015000,16,662.3297222222232,0 days 00:01:07.313000,11046.0,118.0,2,68.0,False,0,car,3808.550277777779,0.8778440430822089,OnTrack,-255.3951369187144,633.9180026103122,2304.941121953428,4381.015,67.313
2026-07-25 14:59:49.436,0 days 01:13:01.021000,16,662.4680526044453,0 days 00:01:07.319000,11066.378136685715,118.23570925714286,2,68.06428434285715,False,0,pos,3808.754253786031,0.8778910581169901,OnTrack,-255.0,632.0,2305.0,4381.021,67.319
2026-07-25 14:59:49.710,0 days 01:13:01.295000,16,668.7852777777789,0 days 00:01:07.593000,11997.0,129.0,2,71.0,False,0,car,3818.583611111112,0.8801566558236806,OnTrack,-225.91712915064866,542.9572980428859,2307.8970182673756,4381.295,67.593
2026-07-25 14:59:49.716,0 days 01:13:01.301000,16,668.9052752177789,0 days 00:01:07.599000,11977.8004096,129.23999488,2,71.1499968,False,0,pos,3818.8052065113307,0.8802077320043449,OnTrack,-225.0,541.0,2308.0,4381.301,67.599
2026-07-25 14:59:49.910,0 days 01:13:01.495000,16,672.7852777777789,0 days 00:01:07.793000,11357.0,137.0,2,76.0,False,0,car,3826.1947222222234,0.8819109633850408,OnTrack,-189.29819743351968,478.18833858507446,2311.793425536982,4381.495,67.793
2026-07-25 14:59:49.936,0 days 01:13:01.521000,16,673.088609617779,0 days 00:01:07.819000,11376.913538327273,138.53635607272727,2,77.41817483636363,False,0,pos,3827.2577952278516,0.8821559942333396,OnTrack,-184.0,470.0,2312.0,4381.521,67.819
2026-07-25 14:59:50.115,0 days 01:13:01.700000,16,675.176943697779,0 days 00:01:07.998000,11514.011314618181,149.1136325818182,2,87.18181469090909,False,0,pos,3835.1416420538158,0.8839731654580774,OnTrack,-141.0,412.0,2312.0,4381.7,67.998
2026-07-25 14:59:50.350,0 days 01:13:01.935000,16,677.9186111111126,0 days 00:01:08.233000,11694.0,163.0,3,100.0,False,0,car,3846.1169444444454,0.8865028954398125,OnTrack,-43.67234266984383,313.2150284106044,2320.289388136229,4381.935,68.233
2026-07-25 14:59:50.375,0 days 01:13:01.960000,16,678.161666044446,0 days 00:01:08.258000,11696.4999936,163.49999872,3,100.0,False,0,pos,3847.2678065616824,0.8867681610606761,OnTrack,-35.0,305.0,2321.0,4381.96,68.258
2026-07-25 14:59:50.550,0 days 01:13:02.135000,16,679.8630555555574,0 days 00:01:08.433000,11714.0,167.0,3,100.0,False,0,car,3855.394722222223,0.8886413579416165,OnTrack,7.168954359570554,267.87773863372945,2323.155697316374,4382.135,68.433
2026-07-25 14:59:50.635,0 days 01:13:02.220000,16,680.2880552355577,0 days 00:01:08.518000,11398.22523776,173.3749952,3,100.0,False,0,pos,3859.5998684302494,0.8896106145562777,OnTrack,30.0,250.0,2324.0,4382.22,68.518
2026-07-25 14:59:50.750,0 days 01:13:02.335000,16,680.8630555555583,0 days 00:01:08.633000,10971.0,182.0,4,100.0,False,0,car,3865.5058333333336,0.8909718979136422,OnTrack,72.85289055735373,217.35802240570501,2325.9994103385698,4382.335,68.633
2026-07-25 14:59:50.875,0 days 01:13:02.460000,16,681.1755554950605,0 days 00:01:08.758000,11232.815869712516,186.97512341496466,4,100.0,False,0,pos,3872.0461767345573,0.8924794010515096,OnTrack,127.0,177.0,2329.0,4382.46,68.758
2026-07-25 14:59:50.951,0 days 01:13:02.536000,16,681.3655555555579,0 days 00:01:08.834000,11392.0,190.0,4,100.0,False,0,car,3876.114166666667,0.8934170441095671,OnTrack,159.35006309774232,153.36457217963445,2331.0856013177004,4382.536,68.834
2026-07-25 14:59:51.095,0 days 01:13:02.680000,16,681.3655555555579,0 days 00:01:08.978000,11436.64,197.2,4,100.0,False,0,pos,3884.05598398279,0.8952475771244217,OnTrack,221.0,109.0,2335.0,4382.68,68.978
2026-07-25 14:59:51.151,0 days 01:13:02.736000,16,681.3655555555579,0 days 00:01:09.034000,11454.0,200.0,4,100.0,False,0,car,3887.2252777777785,0.8959780770458593,OnTrack,245.93374654371053,91.11066039152203,2336.19968511421,4382.736,69.034
2026-07-25 14:59:51.295,0 days 01:13:02.880000,16,680.845555555558,0 days 00:01:09.178000,11041.2,204.4,4,72.8,False,0,pos,3895.579766311395,0.8979037278729014,OnTrack,312.0,44.0,2339.0,4382.88,69.178
2026-07-25 14:59:51.455,0 days 01:13:03.040000,16,680.2677777777803,0 days 00:01:09.338000,10582.533333333333,209.2888888888889,4,42.57777777777778,False,0,pos,3905.047482160133,0.9000859697637077,OnTrack,386.0,-8.0,2343.0,4383.04,69.338
2026-07-25 14:59:51.511,0 days 01:13:03.096000,16,680.0655555555581,0 days 00:01:09.394000,10422.0,211.0,5,32.0,False,0,car,3908.3252777777784,0.900841478591878,OnTrack,411.0585090420847,-25.7631458271884,2344.1271140423346,4383.096,69.394
2026-07-25 14:59:51.716,0 days 01:13:03.301000,16,679.6100001422244,0 days 00:01:09.599000,10305.589322057143,207.33928685714287,5,8.571435885714285,False,0,pos,3920.1336152085337,0.9035632172893494,OnTrack,509.0,-97.0,2348.0,4383.301,69.599
2026-07-25 14:59:51.791,0 days 01:13:03.376000,16,679.4433333333354,0 days 00:01:09.674000,10263.0,206.0,5,0.0,True,0,car,3924.3475000000008,0.9045344880860113,OnTrack,555.2586345365028,-131.6473079448238,2350.460577688629,4383.376,69.674
2026-07-25 14:59:51.956,0 days 01:13:03.541000,16,679.5349999644465,0 days 00:01:09.839000,10186.000029866667,199.8125024,5,0.0,True,0,pos,3933.3965977135963,0.9066202414419533,OnTrack,669.0,-221.0,2357.0,4383.541,69.839
2026-07-25 14:59:52.031,0 days 01:13:03.616000,16,679.5766666666686,0 days 00:01:09.914000,10151.0,197.0,5,0.0,True,0,car,3937.480833333334,0.9075616290167087,OnTrack,718.6966877085115,-263.9422945661859,2359.6078656577483,4383.616,69.914
2026-07-25 14:59:52.311,0 days 01:13:03.896000,16,679.9655555555578,0 days 00:01:10.194000,10922.0,194.0,5,0.0,True,0,car,3952.569722222223,0.9110395117441934,OnTrack,883.6393357849513,-429.0270863775316,2367.074374425721,4383.896,70.194
2026-07-25 14:59:52.356,0 days 01:13:03.941000,16,680.5780546844467,0 days 00:01:10.239000,10895.349175834483,192.33189892413793,5,0.0,True,0,pos,3954.8640933720253,0.9115683481516383,OnTrack,905.0,-454.0,2368.0,4383.941,70.239
2026-07-25 14:59:53.376,0 days 01:13:04.961000,16,694.4613880177799,0 days 00:01:11.259000,10291.262968937932,154.5215540965517,5,0.0,True,0,pos,3997.4222986806803,0.9213777150470837,OnTrack,1045.0,-897.0,2377.0,4384.961,71.259
2026-07-25 14:59:53.471,0 days 01:13:05.056000,16,695.7544444444466,0 days 00:01:11.354000,10235.0,151.0,3,0.0,True,0,car,4001.2252777777785,0.9222542749722166,OnTrack,1042.6771030155458,-935.4072825995225,2378.203410086627,4385.056,71.354
2026-07-25 14:59:53.536,0 days 01:13:05.121000,16,696.7836100977798,0 days 00:01:11.419000,10183.696479085715,149.60714422857143,3,0.0,True,0,pos,4003.8468608630615,0.9228585314286137,OnTrack,1039.0,-964.0,2379.0,4385.121,71.419
2026-07-25 14:59:53.751,0 days 01:13:05.336000,16,700.1877777777795,0 days 00:01:11.634000,10014.0,145.0,3,0.0,False,0,car,4012.5030555555563,0.9248537234025531,OnTrack,1009.561895595597,-1080.0619662851504,2380.9540034114293,4385.336,71.634
2026-07-25 14:59:53.896,0 days 01:13:05.481000,16,702.7655544177792,0 days 00:01:11.779000,9842.071504457143,141.3750016,3,0.5178569142857143,False,0,pos,4018.1221203748523,0.926148878309157,OnTrack,987.0,-1147.0,2382.0,4385.481,71.779
2026-07-25 14:59:54.031,0 days 01:13:05.616000,16,705.1655555555567,0 days 00:01:11.914000,9682.0,138.0,3,1.0,False,0,car,4023.23638888889,0.9273276812190113,OnTrack,970.662956814109,-1184.921842654687,2382.949147384724,4385.616,71.914
2026-07-25 14:59:54.256,0 days 01:13:05.841000,16,709.4155543466678,0 days 00:01:12.139000,9651.829554036363,135.95454603636364,3,17.8749952,False,0,pos,4031.6273744405457,0.9292617443519281,OnTrack,941.0,-1227.0,2384.0,4385.841,72.139
2026-07-25 14:59:54.456,0 days 01:13:06.041000,16,713.1933321244456,0 days 00:01:12.339000,9625.011372218181,134.13636421818182,3,32.8749952,False,0,pos,4039.0541797245205,0.93097357071686,OnTrack,895.0,-1285.0,2384.0,4386.041,72.339
2026-07-25 14:59:54.471,0 days 01:13:06.056000,16,713.4766666666678,0 days 00:01:12.354000,9623.0,134.0,3,34.0,False,0,car,4039.6141666666676,0.9311026437671059,OnTrack,891.1584178329648,-1289.2431742723177,2384.0367299960585,4386.056,72.354
2026-07-25 14:59:54.656,0 days 01:13:06.241000,16,716.8683321600016,0 days 00:01:12.539000,9710.104136533333,134.77083306666665,3,40.16666453333333,False,0,pos,4046.55001155441,0.9327013072149729,OnTrack,841.0,-1337.0,2385.0,4386.241,72.539
2026-07-25 14:59:54.711,0 days 01:13:06.296000,16,717.8766666666684,0 days 00:01:12.594000,9736.0,135.0,3,42.0,False,0,car,4048.6141666666676,0.9331770804455026,OnTrack,825.2123974811225,-1349.9905112183008,2385.31004688095,4386.296,72.594
2026-07-25 14:59:54.876,0 days 01:13:06.461000,16,720.8558314943863,0 days 00:01:12.759000,9869.064433992387,135.5913974844106,3,50.8709622661592,False,0,pos,4054.802219149637,0.9346033830053376,OnTrack,775.0,-1386.0,2386.0,4386.461,72.759
2026-07-25 14:59:54.990,0 days 01:13:06.575000,16,722.9141666666674,0 days 00:01:12.873000,9961.0,136.0,3,57.0,False,0,car,4059.154166666668,0.9356064762888694,OnTrack,736.968662036921,-1408.320855350132,2385.981454866612,4386.575,72.873
2026-07-25 14:59:55.116,0 days 01:13:06.701000,16,724.9791645688896,0 days 00:01:12.999000,10231.374725333333,139.1499968,3,59.62499733333333,False,0,pos,4064.094619816501,0.936745215980193,OnTrack,694.0,-1430.0,2386.0,4386.701,72.999
2026-07-25 14:59:55.230,0 days 01:13:06.815000,16,726.8475000000008,0 days 00:01:13.113000,10476.0,142.0,3,62.0,False,0,car,4068.6208333333343,0.9377884763505901,OnTrack,656.4079514062006,-1446.3764004510278,2386.580154929982,4386.815,73.113
2026-07-25 14:59:55.316,0 days 01:13:06.901000,16,728.209164640001,0 days 00:01:13.199000,10611.4497984,143.0749984,3,63.6124976,False,0,pos,4072.0356204606837,0.9385755607579113,OnTrack,620.0,-1458.0,2387.0,4386.901,73.199
2026-07-25 14:59:55.390,0 days 01:13:06.975000,16,729.3808333333345,0 days 00:01:13.273000,10728.0,144.0,3,65.0,False,0,car,4075.020833333334,0.9392636313218944,OnTrack,578.3049650856052,-1468.2102873839967,2387.1459474300445,4386.975,73.273
2026-07-25 14:59:55.576,0 days 01:13:07.161000,16,731.7574983644457,0 days 00:01:13.459000,11126.96972544,151.43999488,3,73.36999424,False,0,pos,4082.860486974846,0.9410706163285475,OnTrack,465.0,-1490.0,2387.0,4387.161,73.459
2026-07-25 14:59:55.590,0 days 01:13:07.175000,16,731.9363888888902,0 days 00:01:13.473000,11157.0,152.0,3,74.0,False,0,car,4083.4652777777783,0.9412100163534763,OnTrack,459.1539075866044,-1490.972455361689,2386.9937226676116,4387.175,73.473
2026-07-25 14:59:55.896,0 days 01:13:07.481000,16,734.4863878222235,0 days 00:01:13.779000,11775.799741155555,160.49999644444443,3,90.14999324444445,False,0,pos,4097.144323349491,0.9443629401156343,OnTrack,396.0,-1493.0,2387.0,4387.481,73.779
2026-07-25 14:59:55.950,0 days 01:13:07.535000,16,734.9363888888902,0 days 00:01:13.833000,11885.0,162.0,3,93.0,False,0,car,4099.665277777778,0.9449440023745903,OnTrack,378.76559110118484,-1492.2017202713005,2386.946703998686,4387.535,73.833
2026-07-25 14:59:56.176,0 days 01:13:07.761000,16,735.7524995377801,0 days 00:01:14.059000,11021.492155733333,174.24165973333334,3,99.59166293333334,False,0,pos,4110.625589626569,0.947470277141901,OnTrack,277.0,-1484.0,2387.0,4387.761,74.059
2026-07-25 14:59:56.190,0 days 01:13:07.775000,16,735.8030555555579,0 days 00:01:14.073000,10968.0,175.0,3,100.0,False,0,car,4111.331944444444,0.9476330869576969,OnTrack,270.266345562736,-1482.8375967556842,2387.0701277857734,4387.775,74.073
2026-07-25 14:59:56.336,0 days 01:13:07.921000,16,735.5191669155575,0 days 00:01:14.219000,11186.3914752,182.9083264,3,100.0,False,0,pos,4118.9015658259195,0.9493778314282866,OnTrack,201.0,-1467.0,2388.0,4387.921,74.219
2026-07-25 14:59:56.430,0 days 01:13:08.015000,16,735.3363888888907,0 days 00:01:14.313000,11327.0,188.0,4,100.0,False,0,car,4123.865277777778,0.9505219321098345,OnTrack,161.5334147446595,-1456.4212779093955,2388.036813485445,4388.015,74.313
2026-07-25 14:59:56.536,0 days 01:13:08.121000,16,734.7475007111129,0 days 00:01:14.419000,11122.066914133333,189.76666453333334,4,100.0,False,0,pos,4129.473991741304,0.9518147012170094,OnTrack,104.0,-1433.0,2388.0,4388.121,74.419
2026-07-25 14:59:56.715,0 days 01:13:08.300000,16,733.7530559111129,0 days 00:01:14.598000,10776.000123733333,192.74999893333333,4,100.0,False,0,pos,4139.075592859554,0.9540278027204571,OnTrack,-49.0,-1350.0,2389.0,4388.3,74.598
2026-07-25 14:59:56.790,0 days 01:13:08.375000,16,733.3363888888907,0 days 00:01:14.673000,10631.0,194.0,4,100.0,False,0,car,4143.265277777778,0.9549934956166004,OnTrack,-93.24575615955965,-1324.0548639076699,2389.258802691278,4388.375,74.673
2026-07-25 14:59:57.030,0 days 01:13:08.615000,16,730.2697222222241,0 days 00:01:14.913000,10704.0,210.0,5,100.0,False,0,car,4157.265277777778,0.9582203971163286,OnTrack,-144.70332159142868,-1284.4855656742634,2389.103796049331,4388.615,74.913
2026-07-25 14:59:57.115,0 days 01:13:08.700000,16,728.9002788088908,0 days 00:01:14.998000,10860.0355968,210.9107136,5,100.0,False,0,pos,4162.256378250275,0.9593708106591855,OnTrack,-171.0,-1263.0,2389.0,4388.7,74.998
2026-07-25 14:59:57.295,0 days 01:13:08.880000,16,726.0002788088909,0 days 00:01:15.178000,11190.464168228571,212.83928502857142,5,100.0,False,0,pos,4172.922471375862,0.9618292700808424,OnTrack,-256.0,-1196.0,2389.0,4388.88,75.178
2026-07-25 14:59:57.310,0 days 01:13:08.895000,16,725.7586111111132,0 days 00:01:15.193000,11218.0,213.0,5,100.0,False,0,car,4173.831944444444,0.9620388972243401,OnTrack,-263.2945603779331,-1190.034966452824,2389.042138036534,4388.895,75.193
2026-07-25 14:59:57.471,0 days 01:13:09.056000,16,722.5833333333358,0 days 00:01:15.354000,11345.0,223.0,5,100.0,False,0,car,4183.804999999999,0.9643376163621324,OnTrack,-338.5013582825711,-1125.7388575803016,2389.851886521812,4389.056,75.354
2026-07-25 14:59:57.515,0 days 01:13:09.100000,16,721.4466666666691,0 days 00:01:15.398000,11239.242857142857,224.57142857142858,5,100.0,False,0,pos,4186.590379372515,0.9649796267103098,OnTrack,-359.0,-1108.0,2390.0,4389.1,75.398
2026-07-25 14:59:57.715,0 days 01:13:09.300000,16,716.2800000000022,0 days 00:01:15.598000,10758.528571428571,231.71428571428572,5,100.0,False,0,pos,4199.548632483173,0.967966412881498,OnTrack,-454.0,-1026.0,2390.0,4389.3,75.598
2026-07-25 14:59:57.751,0 days 01:13:09.336000,16,715.3500000000022,0 days 00:01:15.634000,10672.0,233.0,5,100.0,False,0,car,4201.927222222222,0.9685146610812249,OnTrack,-471.28071638937047,-1010.8751060479021,2389.9846543414683,4389.336,75.634
2026-07-25 14:59:57.935,0 days 01:13:09.520000,16,709.523333333336,0 days 00:01:15.818000,10843.514285714286,239.57142857142858,5,100.0,False,0,pos,4214.289091527199,0.9713639849812018,OnTrack,-561.0,-931.0,2390.0,4389.52,75.818
2026-07-25 14:59:58.031,0 days 01:13:09.616000,16,706.4833333333363,0 days 00:01:15.914000,10933.0,243.0,6,100.0,False,0,car,4220.827222222221,0.9728709781058578,OnTrack,-609.7401825666578,-886.8250886518039,2390.057236671191,4389.616,75.914
2026-07-25 14:59:58.115,0 days 01:13:09.700000,16,703.4266666666697,0 days 00:01:15.998000,11031.175,244.575,6,100.0,False,0,pos,4226.580095399355,0.9741969748975033,OnTrack,-650.0,-850.0,2390.0,4389.7,75.998
2026-07-25 14:59:58.351,0 days 01:13:09.936000,16,694.8388888888921,0 days 00:01:16.234000,11307.0,249.0,6,100.0,False,0,car,4242.9605555555545,0.9779725557149516,OnTrack,-760.8512179440627,-747.4886244019749,2389.0530877538845,4389.936,76.234
2026-07-25 14:59:58.376,0 days 01:13:09.961000,16,693.7763916088921,0 days 00:01:16.259000,11322.852232145455,249.6249984,6,100.0,False,0,pos,4244.722922095817,0.9783787688029404,OnTrack,-781.0,-729.0,2389.0,4389.961,76.259
2026-07-25 14:59:58.556,0 days 01:13:10.141000,16,686.1263916088918,0 days 00:01:16.439000,11436.988595781819,254.1249984,6,100.0,False,0,pos,4257.573353400973,0.9813407028065663,OnTrack,-966.0,-560.0,2389.0,4390.141,76.439
2026-07-25 14:59:58.791,0 days 01:13:10.376000,16,676.1388888888914,0 days 00:01:16.674000,11586.0,260.0,6,100.0,False,0,car,4274.738333333333,0.9852971099127472,OnTrack,-1064.3727439102624,-471.0385846718724,2388.4240778639623,4390.376,76.674
2026-07-25 14:59:58.976,0 days 01:13:10.561000,16,667.6083362844482,0 days 00:01:16.859000,10550.0003584,267.39999744,6,100.0,False,0,pos,4288.506916264837,0.9884706714063759,OnTrack,-1116.0,-426.0,2388.0,4390.561,76.859
2026-07-25 14:59:58.991,0 days 01:13:10.576000,16,666.9166666666706,0 days 00:01:16.874000,10466.0,268.0,6,100.0,False,0,car,4289.627222222221,0.9887288940473784,OnTrack,-1122.9890905688549,-419.8666888738411,2387.988622778102,4390.576,76.874
2026-07-25 14:59:59.136,0 days 01:13:10.721000,16,659.9486141866705,0 days 00:01:17.019000,10564.59995648,269.44999936,6,100.0,False,0,pos,4300.476285187227,0.9912295267296946,OnTrack,-1206.0,-347.0,2388.0,4390.721,77.019
2026-07-25 14:59:59.191,0 days 01:13:10.776000,16,657.3055555555593,0 days 00:01:17.074000,10602.0,270.0,7,100.0,False,0,car,4304.627222222221,0.9921862885113728,OnTrack,-1238.621445485142,-318.50238995718627,2388.005614588395,4390.776,77.074
2026-07-25 14:59:59.336,0 days 01:13:10.921000,16,649.8138921955596,0 days 00:01:17.219000,10679.3332992,273.6249984,7,100.0,False,0,pos,4315.705307122171,0.9947397091383561,OnTrack,-1335.0,-236.0,2388.0,4390.921,77.219
2026-07-25 14:59:59.431,0 days 01:13:11.016000,16,644.9055555555597,0 days 00:01:17.314000,10730.0,276.0,7,100.0,False,0,car,4323.02722222222,0.9964273590538725,OnTrack,-1421.9510817517003,-164.1534567919869,2387.998648053996,4391.016,77.314
2026-07-25 14:59:59.576,0 days 01:13:11.161000,16,644.9055555555597,0 days 00:01:17.459000,10789.44997376,278.17499904,7,100.0,False,0,pos,4334.253166715258,0.9990148602767617,OnTrack,-1562.0,-50.0,2388.0,4391.161,77.459
2026-07-25 14:59:59.596,0 days 01:13:11.181000,16,644.9055555555597,0 days 00:01:17.479000,10797.64997376,278.47499904,7,100.0,False,0,interpolation,4335.806338262858,0.9993728553907821,OnTrack,-1578.1107935249804,-36.87355416266089,2388.0001515392123,4391.181,77.479
