Date,SessionTime,DriverAhead,DistanceToDriverAhead,Time,RPM,Speed,nGear,Throttle,Brake,DRS,Source,Distance,RelativeDistance,Status,X,Y,Z,SessionTime_seconds,Time_seconds
2026-07-25 14:38:26.065,0 days 00:51:37.650000,,568.6333333333332,0 days 00:00:00,11027.444444444443,284.0,7,100.0,False,0,interpolation,0.35431699810907163,8.10755342910252e-05,OnTrack,-1503.2974600277248,-97.75479933916839,2387.999999998146,3097.65,0.0
2026-07-25 14:38:26.255,0 days 00:51:37.840000,,568.6333333333332,0 days 00:00:00.190000,11170.472318577778,288.7500032,7,100.0,False,0,pos,15.647791537162352,0.003580559403360829,OnTrack,-1620.0,-2.0,2388.0,3097.84,0.19
2026-07-25 14:38:26.265,0 days 00:51:37.850000,,568.6333333333332,0 days 00:00:00.200000,11178.0,289.0,7,100.0,False,0,car,16.45555555555555,0.003765393604716683,OnTrack,-1625.9847837427592,2.832146682691801,2388.0000000020673,3097.85,0.2
2026-07-25 14:38:26.425,0 days 00:51:38.010000,10,568.6333333333332,0 days 00:00:00.360000,11287.0,292.0,7,100.0,False,0,car,29.433333333333323,0.006734995043142805,OnTrack,-1722.5687148225293,80.1478860551807,2388.000000034857,3098.01,0.36
2026-07-25 14:38:26.475,0 days 00:51:38.060000,10,565.9249930666665,0 days 00:00:00.410000,11342.0001408,293.04166933333335,7,100.0,False,0,pos,33.52322333601133,0.007670851970493961,OnTrack,-1758.0,109.0,2388.0,3098.06,0.41
2026-07-25 14:38:26.665,0 days 00:51:38.250000,10,555.6333333333331,0 days 00:00:00.600000,11551.0,297.0,7,100.0,False,0,car,49.23333333333332,0.011265671210330605,OnTrack,-1914.4809387501211,238.7850467546511,2387.9999999471625,3098.25,0.6
2026-07-25 14:38:26.675,0 days 00:51:38.260000,10,555.0472147199997,0 days 00:00:00.610000,11522.3329664,297.1944469333333,7,100.0,False,0,pos,50.06756756328332,0.01145656237919357,OnTrack,-1922.0,245.0,2388.0,3098.26,0.61
2026-07-25 14:38:27.025,0 days 00:51:38.610000,10,534.5333333333331,0 days 00:00:00.960000,10519.0,304.0,7,100.0,False,0,car,79.63333333333333,0.018221860881164398,OnTrack,-2114.3939454769775,401.17764235292987,2388.000002695724,3098.61,0.96
2026-07-25 14:38:27.095,0 days 00:51:38.680000,10,530.3333256533331,0 days 00:00:01.030000,10571.500096,305.05000192,7,100.0,False,0,pos,85.58456881036992,0.019583634655969052,OnTrack,-2156.0,436.0,2388.0,3098.68,1.03
2026-07-25 14:38:27.155,0 days 00:51:38.740000,10,526.733325653333,0 days 00:00:01.090000,10616.500096,305.95000192,7,100.0,False,0,pos,90.69417964532283,0.020752826172813793,OnTrack,-2195.0,469.0,2388.0,3098.74,1.09
2026-07-25 14:38:27.225,0 days 00:51:38.810000,10,522.5333333333331,0 days 00:00:01.160000,10669.0,307.0,8,100.0,False,0,car,96.68888888888887,0.02212454770306859,OnTrack,-2241.5697567299526,507.94147145367094,2388.000031245145,3098.81,1.16
2026-07-25 14:38:27.475,0 days 00:51:39.060000,10,506.9083253333331,0 days 00:00:01.410000,10787.055616,311.8611136,8,100.0,False,0,pos,118.41512778586437,0.027095989762318872,OnTrack,-2407.0,643.0,2388.0,3099.06,1.41
2026-07-25 14:38:27.585,0 days 00:51:39.170000,10,500.0333333333331,0 days 00:00:01.520000,10839.0,314.0,8,100.0,False,0,car,128.08888888888887,0.029309559402548233,OnTrack,-2473.3505914116913,697.1211292564728,2387.999500138531,3099.17,1.52
2026-07-25 14:38:27.695,0 days 00:51:39.280000,10,493.127769742222,0 days 00:00:01.630000,10892.777840355555,315.83333546666665,8,100.0,False,0,pos,137.81634776966106,0.03153541627721561,OnTrack,-2556.0,765.0,2388.0,3099.28,1.63
2026-07-25 14:38:27.875,0 days 00:51:39.460000,10,481.82776974222196,0 days 00:00:01.810000,10980.777840355555,318.83333546666665,8,100.0,False,0,pos,153.8367338513507,0.03520123352011754,OnTrack,-2746.0,922.0,2388.0,3099.46,1.81
2026-07-25 14:38:27.945,0 days 00:51:39.530000,10,477.43333333333305,0 days 00:00:01.880000,11015.0,320.0,8,100.0,False,0,car,160.08888888888887,0.03663186431921538,OnTrack,-2801.9767152899108,968.1675372225997,2387.9913157873743,3099.53,1.88
2026-07-25 14:38:28.186,0 days 00:51:39.771000,10,462.504722222222,0 days 00:00:02.121000,11159.0,323.0,8,100.0,False,0,car,181.71194444444444,0.041579695756959495,OnTrack,-2907.0718926841687,1054.1047432274902,2387.9635155771084,3099.771,2.121
2026-07-25 14:38:28.255,0 days 00:51:39.840000,10,458.26887710222195,0 days 00:00:02.190000,11190.74008832,324.03500288,8,100.0,False,0,pos,187.94172776580513,0.04300520741457732,OnTrack,-2940.0,1081.0,2388.0,3099.84,2.19
2026-07-25 14:38:28.386,0 days 00:51:39.971000,10,450.2269444444442,0 days 00:00:02.321000,11251.0,326.0,8,100.0,False,0,car,199.82305555555558,0.045723916942434314,OnTrack,-3016.735548917439,1143.7905622082387,2388.14062114283,3099.971,2.321
2026-07-25 14:38:28.534,0 days 00:51:40.119000,10,441.5524849955553,0 days 00:00:02.469000,11278.54449208889,327.6444472888889,8,100.0,False,0,pos,213.3355948724399,0.04881588360108058,OnTrack,-3135.0,1241.0,2388.0,3100.119,2.469
2026-07-25 14:38:28.714,0 days 00:51:40.299000,10,431.0024999999997,0 days 00:00:02.649000,11312.044444444444,329.64444444444445,8,100.0,False,0,pos,229.87489789712117,0.05260044047157656,OnTrack,-3318.0,1392.0,2387.0,3100.299,2.649
2026-07-25 14:38:28.746,0 days 00:51:40.331000,10,429.1269444444442,0 days 00:00:02.681000,11318.0,330.0,8,100.0,False,0,car,232.82305555555558,0.053275043887747314,OnTrack,-3343.800853132239,1413.220114666683,2386.8674181996284,3100.331,2.681
2026-07-25 14:38:29.015,0 days 00:51:40.600000,10,414.1077670577775,0 days 00:00:02.950000,11478.439400228572,332.88214491428573,8,100.0,False,0,pos,257.7016594882568,0.05896781650950458,OnTrack,-3487.0,1530.0,2386.0,3100.6,2.95
2026-07-25 14:38:29.026,0 days 00:51:40.611000,10,413.49361111111085,0 days 00:00:02.961000,11485.0,333.0,8,100.0,False,0,car,258.72305555555556,0.05920153442967478,OnTrack,-3493.7131268523162,1535.4888389005944,2385.912945548758,3100.611,2.961
2026-07-25 14:38:29.255,0 days 00:51:40.840000,10,401.4711010311109,0 days 00:00:03.190000,11537.161154844445,334.9083349333333,8,100.0,False,0,pos,280.0625047664702,0.06408447048830132,OnTrack,-3660.0,1672.0,2383.0,3100.84,3.19
2026-07-25 14:38:29.386,0 days 00:51:40.971000,10,394.5936111111109,0 days 00:00:03.321000,11567.0,336.0,8,100.0,False,0,car,292.3230555555556,0.0668899545921753,OnTrack,-3755.3561365874116,1750.6188498700162,2380.7781493611797,3100.971,3.321
2026-07-25 14:38:29.535,0 days 00:51:41.120000,10,387.14360151111083,0 days 00:00:03.470000,11638.52009216,337.49000192,8,100.0,False,0,pos,306.3073629417287,0.07008987217748654,OnTrack,-3863.0,1839.0,2378.0,3101.12,3.47
2026-07-25 14:38:29.586,0 days 00:51:41.171000,10,384.5936111111108,0 days 00:00:03.521000,11663.0,338.0,8,100.0,False,0,car,311.10083333333336,0.07118672379674734,OnTrack,-3900.6930490343993,1869.6765930353545,2377.0308075996004,3101.171,3.521
2026-07-25 14:38:29.786,0 days 00:51:41.371000,10,375.14916666666636,0 days 00:00:03.721000,11683.0,339.0,8,100.0,False,0,car,329.9341666666667,0.07549620533624417,OnTrack,-4046.8985861844158,1987.171006328838,2373.173392725448,3101.371,3.721
2026-07-25 14:38:29.795,0 days 00:51:41.380000,10,374.75665829333303,0 days 00:00:03.730000,11683.707157942858,339.0642870857143,8,100.0,False,0,pos,330.78390081434304,0.0756906432277251,OnTrack,-4053.0,1992.0,2373.0,3101.38,3.73
2026-07-25 14:38:29.975,0 days 00:51:41.560000,10,366.906658293333,0 days 00:00:03.910000,11697.850015085714,340.35000137142856,8,100.0,False,0,pos,347.82295373563056,0.0795895538833781,OnTrack,-4187.0,2097.0,2369.0,3101.56,3.91
2026-07-25 14:38:30.066,0 days 00:51:41.651000,10,362.93805555555525,0 days 00:00:04.001000,11705.0,341.0,8,100.0,False,0,car,356.45638888888897,0.08156507402932905,OnTrack,-4303.997950598255,2189.210298193235,2365.6133747547733,3101.651,4.001
2026-07-25 14:38:30.135,0 days 00:51:41.720000,10,360.17804787555525,0 days 00:00:04.070000,11722.0344224,341.2156256,8,100.0,False,0,pos,363.0076881717824,0.08306415562150683,OnTrack,-4395.0,2261.0,2363.0,3101.72,4.07
2026-07-25 14:38:30.386,0 days 00:51:41.971000,10,350.13805555555535,0 days 00:00:04.321000,11784.0,342.0,8,100.0,False,0,car,386.8563888888889,0.08852126370016283,OnTrack,-4604.776458420804,2425.934792796606,2356.992197334768,3101.971,4.321
2026-07-25 14:38:30.515,0 days 00:51:42.100000,10,345.121381422222,0 days 00:00:04.450000,11765.29497216,342.0,8,100.0,False,0,pos,399.10338653261715,0.09132364654582167,OnTrack,-4679.0,2484.0,2355.0,3102.1,4.45
2026-07-25 14:38:30.586,0 days 00:51:42.171000,10,342.3602777777775,0 days 00:00:04.521000,11755.0,342.0,8,100.0,False,0,car,405.8563888888889,0.09286888224443396,OnTrack,-4717.825031805192,2514.3261315671643,2354.0226478938034,3102.171,4.521
2026-07-25 14:38:30.946,0 days 00:51:42.531000,10,330.3602777777775,0 days 00:00:04.881000,11784.0,342.0,8,100.0,False,0,car,440.05638888888893,0.10069459562412199,OnTrack,-4913.297502296836,2666.5627930744,2349.168097152642,3102.531,4.881
2026-07-25 14:38:30.955,0 days 00:51:42.540000,10,330.13777303111084,0 days 00:00:04.890000,11770.8090936,341.437488,8,97.18744,False,0,pos,440.89414874053443,0.10088629353289355,OnTrack,-4919.0,2671.0,2349.0,3102.54,4.89
2026-07-25 14:38:31.135,0 days 00:51:42.720000,10,325.68777303111085,0 days 00:00:05.070000,11506.9965936,330.187488,8,40.937439999999995,False,0,pos,457.3833192018236,0.10465937896853295,OnTrack,-5054.0,2776.0,2345.0,3102.72,5.07
2026-07-25 14:38:31.266,0 days 00:51:42.851000,10,322.4491666666664,0 days 00:00:05.201000,11315.0,322.0,8,0.0,True,0,car,468.6786111111111,0.10724399057736314,OnTrack,-5206.859757118114,2894.7714907655813,2341.326968228981,3102.851,5.201
2026-07-25 14:38:31.355,0 days 00:51:42.940000,10,321.5344424711108,0 days 00:00:05.290000,10874.766907428571,308.6499712,8,0.0,True,0,pos,475.88027427951164,0.10889188975318063,OnTrack,-5306.0,2972.0,2339.0,3102.94,5.29
2026-07-25 14:38:31.546,0 days 00:51:43.131000,10,319.5713888888887,0 days 00:00:05.481000,9930.0,280.0,8,0.0,True,0,car,490.45638888888885,0.11222722586787273,OnTrack,-5436.530207799436,3074.866256078609,2335.5474965988424,3103.131,5.481
2026-07-25 14:38:31.706,0 days 00:51:43.291000,10,318.7269444444442,0 days 00:00:05.641000,10210.0,266.0,8,0.0,True,0,car,502.2786111111111,0.11493241073986366,OnTrack,-5479.900418877514,3110.5379625344117,2333.9912174737456,3103.291,5.641
2026-07-25 14:38:31.835,0 days 00:51:43.420000,10,319.6944458844441,0 days 00:00:05.770000,10630.632768914285,248.0321161142857,8,0.0,True,0,pos,510.86405286302846,0.11689694893835814,OnTrack,-5516.0,3140.0,2333.0,3103.42,5.77
2026-07-25 14:38:31.986,0 days 00:51:43.571000,10,320.82694444444405,0 days 00:00:05.921000,11123.0,227.0,8,0.0,True,0,car,519.9341666666667,0.11897239077895537,OnTrack,-5563.235762037224,3178.1289461293486,2332.0726740261475,3103.571,5.921
2026-07-25 14:38:32.095,0 days 00:51:43.680000,10,323.1583371001155,0 days 00:00:06.030000,11002.578393136635,216.5717371376055,8,0.0,True,0,pos,526.0135444039054,0.12036348632569473,OnTrack,-5603.0,3211.0,2331.0,3103.68,6.03
2026-07-25 14:38:32.335,0 days 00:51:43.920000,10,328.2916696850814,0 days 00:00:06.270000,10737.430368010151,193.61046485861104,8,0.0,True,0,pos,538.1801101426156,0.12314746457967946,OnTrack,-5706.0,3300.0,2327.0,3103.92,6.27
2026-07-25 14:38:32.425,0 days 00:51:44.010000,10,330.21666666666624,0 days 00:00:06.360000,10638.0,185.0,7,0.0,True,0,car,542.4938888888889,0.12413455218353109,OnTrack,-5741.301967779696,3331.54721461914,2326.0210617906832,3104.01,6.36
2026-07-25 14:38:32.535,0 days 00:51:44.120000,10,333.3027813688885,0 days 00:00:06.470000,10883.0940352,176.7499904,7,0.0,True,0,pos,547.6145747649867,0.12530627791375792,OnTrack,-5781.0,3368.0,2325.0,3104.12,6.47
2026-07-25 14:38:32.745,0 days 00:51:44.330000,10,339.194444444444,0 days 00:00:06.680000,11351.0,161.0,4,0.0,True,0,car,556.8050000000001,0.12740924966015169,OnTrack,-5849.35206606794,3434.336905295814,2322.0144401031666,3104.33,6.68
2026-07-25 14:38:32.875,0 days 00:51:44.460000,10,343.6000043377773,0 days 00:00:06.810000,11432.25008,149.6249888,4,0.0,True,0,pos,561.9868110645492,0.12859496218000133,OnTrack,-5887.0,3474.0,2320.0,3104.46,6.81
2026-07-25 14:38:32.985,0 days 00:51:44.570000,10,347.3277777777773,0 days 00:00:06.920000,11501.0,140.0,3,0.0,True,0,car,566.1383333333334,0.12954492192751293,OnTrack,-5916.13880334809,3506.9915125940042,2318.442897398513,3104.57,6.92
2026-07-25 14:38:33.055,0 days 00:51:44.640000,10,350.2055608177773,0 days 00:00:06.990000,11261.59956224,136.14999296,3,0.0,True,0,pos,568.6995637197349,0.1301309878603587,OnTrack,-5933.0,3527.0,2318.0,3104.64,6.99
2026-07-25 14:38:33.095,0 days 00:51:44.680000,10,351.85000526222177,0 days 00:00:07.030000,11124.79956224,133.94999296,3,0.0,True,0,pos,570.1351090360131,0.1304594722518425,OnTrack,-5942.0,3538.0,2318.0,3104.68,7.03
2026-07-25 14:38:33.185,0 days 00:51:44.770000,10,355.5499999999995,0 days 00:00:07.120000,10817.0,129.0,2,0.0,True,0,car,573.3050000000001,0.1311848131328082,OnTrack,-5961.7258799921165,3563.745063478423,2317.290713224275,3104.77,7.12
2026-07-25 14:38:33.335,0 days 00:51:44.920000,10,362.21667235555503,0 days 00:00:07.270000,10313.874570666667,123.99999573333334,2,0.0,True,0,pos,578.4127946825922,0.1323535890739854,OnTrack,-5992.0,3607.0,2315.0,3104.92,7.27
2026-07-25 14:38:33.425,0 days 00:51:45.010000,10,366.21666666666613,0 days 00:00:07.360000,10012.0,121.0,2,0.0,True,0,car,581.3716666666668,0.13303064416388471,OnTrack,-6007.463637008179,3630.291843725017,2314.2257294845363,3105.01,7.36
2026-07-25 14:38:33.655,0 days 00:51:45.240000,10,377.269450595555,0 days 00:00:07.590000,9504.84971776,115.2499968,2,0.0,True,0,pos,588.5746739603825,0.13467885090518358,OnTrack,-6042.0,3696.0,2313.0,3105.24,7.59
2026-07-25 14:38:33.825,0 days 00:51:45.410000,10,385.4388888888883,0 days 00:00:07.760000,9130.0,111.0,2,0.0,True,0,car,593.7050000000002,0.13585278251718352,OnTrack,-6068.835957036681,3771.6983125043594,2310.6205654493056,3105.41,7.76
2026-07-25 14:38:33.875,0 days 00:51:45.460000,10,387.85556174222165,0 days 00:00:07.810000,9025.9372336,109.7499968,2,0.0,True,0,pos,595.2001101627909,0.1361948966576823,OnTrack,-6075.0,3792.0,2310.0,3105.46,7.81
2026-07-25 14:38:33.985,0 days 00:51:45.570000,10,393.17222222222165,0 days 00:00:07.920000,8797.0,107.0,2,0.0,True,0,car,598.4605555555557,0.13694095838674378,OnTrack,-6084.100063687919,3827.9525880697724,2309.0533915601227,3105.57,7.92
2026-07-25 14:38:34.145,0 days 00:51:45.730000,10,399.9722222222216,0 days 00:00:08.080000,8583.0,104.0,2,0.0,True,0,car,603.082777777778,0.1379986246524846,OnTrack,-6086.924588916522,3860.314979390574,2308.6179343666176,3105.73,8.08
2026-07-25 14:38:34.315,0 days 00:51:45.900000,10,405.92222670222156,0 days 00:00:08.250000,8325.343556,99.7499968,2,0.0,True,0,pos,607.6939076342044,0.1390537527405815,OnTrack,-6085.0,3892.0,2308.0,3105.9,8.25
2026-07-25 14:38:34.465,0 days 00:51:46.050000,10,411.17222222222154,0 days 00:00:08.400000,8098.0,96.0,2,0.0,False,0,car,611.6161111111113,0.13995123929692915,OnTrack,-6081.409964952807,3924.0012695406117,2306.946240625086,3106.05,8.4
2026-07-25 14:38:34.575,0 days 00:51:46.160000,10,414.5333372444438,0 days 00:00:08.510000,7991.666542933333,94.6249984,2,0.0,False,0,pos,614.4744854004805,0.14060529830045176,OnTrack,-6076.0,3949.0,2306.0,3106.16,8.51
2026-07-25 14:38:34.705,0 days 00:51:46.290000,10,418.505555555555,0 days 00:00:08.640000,7866.0,93.0,2,0.0,False,0,car,617.8161111111114,0.14136993587453345,OnTrack,-6065.183629679338,3979.4322839779175,2304.804690089327,3106.29,8.64
2026-07-25 14:38:34.795,0 days 00:51:46.380000,10,420.7805593952609,0 days 00:00:08.730000,7878.32367225193,92.25311077261033,2,4.4813353643380225,False,0,pos,620.0939871928864,0.14189116410056907,OnTrack,-6055.0,4000.0,2304.0,3106.38,8.73
2026-07-25 14:38:34.946,0 days 00:51:46.531000,10,424.5974999999994,0 days 00:00:08.881000,7899.0,91.0,2,12.0,False,0,car,623.9080555555557,0.142763906960709,OnTrack,-6033.11390964926,4032.1199229270223,2302.790738743376,3106.531,8.881
2026-07-25 14:38:35.114,0 days 00:51:46.699000,10,428.14416666666614,0 days 00:00:09.049000,8129.16,92.68,2,33.84,False,0,pos,628.2489162294673,0.14375719150618244,OnTrack,-6005.0,4063.0,2302.0,3106.699,9.049
2026-07-25 14:38:35.146,0 days 00:51:46.731000,10,428.8197222222217,0 days 00:00:09.081000,8173.0,93.0,2,38.0,False,0,car,629.0747222222224,0.14394615410871256,OnTrack,-5999.630518410546,4068.1257513621144,2301.9613262585362,3106.731,9.081
2026-07-25 14:38:35.306,0 days 00:51:46.891000,10,431.9308333333329,0 days 00:00:09.241000,8286.0,93.0,2,38.0,False,0,car,633.2080555555557,0.1448919518271154,OnTrack,-5966.48075497646,4092.60792695115,2302.0125051430045,3106.891,9.241
2026-07-25 14:38:35.314,0 days 00:51:46.899000,10,432.04194444444397,0 days 00:00:09.249000,8304.828571428572,93.17142857142858,2,38.17142857142857,False,0,pos,633.4195263065852,0.14494034099336528,OnTrack,-5964.0,4094.0,2302.0,3106.899,9.249
2026-07-25 14:38:35.535,0 days 00:51:47.120000,10,435.11139155555514,0 days 00:00:09.470000,8824.96830902857,97.90714697142857,2,42.907146971428574,False,0,pos,639.4822293068537,0.14632762099296395,OnTrack,-5875.0,4135.0,2301.0,3107.12,9.47
2026-07-25 14:38:35.586,0 days 00:51:47.171000,10,435.8197222222218,0 days 00:00:09.521000,8945.0,99.0,2,44.0,False,0,car,640.9080555555557,0.14665388144768843,OnTrack,-5859.551191986363,4141.157845784067,2300.725393770385,3107.171,9.521
2026-07-25 14:38:35.826,0 days 00:51:47.411000,10,438.4197222222217,0 days 00:00:09.761000,9298.0,102.0,2,48.0,False,0,car,647.7080555555557,0.1482098712424802,OnTrack,-5823.5948372887515,4149.590181110299,2299.4818598326397,3107.411,9.761
2026-07-25 14:38:35.935,0 days 00:51:47.520000,10,439.2069458311106,0 days 00:00:09.870000,9482.5217536,104.7250048,2,53.4500096,False,0,pos,650.9187677560014,0.14894455292158418,OnTrack,-5803.0,4152.0,2299.0,3107.52,9.87
2026-07-25 14:38:36.106,0 days 00:51:47.691000,10,440.44194444444395,0 days 00:00:10.041000,9772.0,109.0,2,62.0,False,0,car,656.1858333333334,0.150149773552,OnTrack,-5753.216352458806,4158.842868507113,2298.347321181945,3107.691,10.041
2026-07-25 14:38:36.175,0 days 00:51:47.760000,10,440.63361164444393,0 days 00:00:10.110000,9988.4881024,112.1625088,2,64.3000064,False,0,pos,658.4149719024335,0.15065984956151418,OnTrack,-5731.0,4161.0,2298.0,3107.76,10.11
2026-07-25 14:38:36.315,0 days 00:51:47.900000,10,441.02250053333273,0 days 00:00:10.250000,10427.7381024,118.57917546666667,2,68.96667306666667,False,0,pos,663.1157559528912,0.15173549250416596,OnTrack,-5686.0,4163.0,2297.0,3107.9,10.25
2026-07-25 14:38:36.346,0 days 00:51:47.931000,10,441.10861111111046,0 days 00:00:10.281000,10525.0,120.0,2,70.0,False,0,car,664.1858333333334,0.15198034978116678,OnTrack,-5675.883494153077,4163.300303789956,2296.709991213641,3107.931,10.281
2026-07-25 14:38:36.515,0 days 00:51:48.100000,10,440.59222163555495,0 days 00:00:10.450000,11154.877798933334,124.92917226666667,2,73.87292106666666,False,0,pos,670.2022955361829,0.15335704886769388,OnTrack,-5619.0,4164.0,2295.0,3108.1,10.45
2026-07-25 14:38:36.695,0 days 00:51:48.280000,10,440.042221635555,0 days 00:00:10.630000,11825.752798933334,130.17917226666665,2,77.99792106666666,False,0,pos,676.9441276582306,0.15489972857065062,OnTrack,-5554.0,4161.0,2294.0,3108.28,10.63
2026-07-25 14:38:36.826,0 days 00:51:48.411000,10,439.6419444444439,0 days 00:00:10.761000,12314.0,134.0,2,81.0,False,0,car,682.0525,0.15606863669297258,OnTrack,-5505.2494783722605,4157.824998525942,2292.9344285540687,3108.411,10.761
2026-07-25 14:38:36.915,0 days 00:51:48.500000,10,438.9991652799994,0 days 00:00:10.850000,11846.748992,140.6750144,2,83.2250048,False,0,pos,685.6194704732885,0.1568848381127903,OnTrack,-5471.0,4155.0,2292.0,3108.5,10.85
2026-07-25 14:38:36.986,0 days 00:51:48.571000,10,438.4863888888882,0 days 00:00:10.921000,11474.0,146.0,2,85.0,False,0,car,688.541388888889,0.15755343741218564,OnTrack,-5442.772193293055,4152.209090268659,2291.1521452705115,3108.571,10.921
2026-07-25 14:38:37.215,0 days 00:51:48.800000,10,435.9419423111103,0 days 00:00:11.150000,11221.145621333333,156.49584213333333,2,86.90833493333334,False,0,pos,698.5105926642682,0.15983461084405176,OnTrack,-5347.0,4140.0,2289.0,3108.8,11.15
2026-07-25 14:38:37.226,0 days 00:51:48.811000,10,435.81972222222146,0 days 00:00:11.161000,11209.0,157.0,3,87.0,False,0,car,699.0080555555556,0.15994844131201222,OnTrack,-5342.267054147668,4139.293036594823,2288.997825493765,3108.811,11.161
2026-07-25 14:38:37.275,0 days 00:51:48.860000,10,435.13916399999925,0 days 00:00:11.210000,11439.6071536,160.062512,3,90.9812656,False,0,pos,701.2435817364011,0.16045997894780414,OnTrack,-5321.0,4136.0,2289.0,3108.86,11.21
2026-07-25 14:38:37.386,0 days 00:51:48.971000,10,433.5974999999993,0 days 00:00:11.321000,11962.0,167.0,3,100.0,False,0,car,706.4302777777779,0.16164680925796138,OnTrack,-5271.123842641038,4127.54471932594,2287.573361958734,3108.971,11.321
2026-07-25 14:38:37.475,0 days 00:51:49.060000,10,432.2130525688882,0 days 00:00:11.410000,11527.753229866667,171.07917546666667,3,100.0,False,0,pos,710.7196937230099,0.16262832211625522,OnTrack,-5230.0,4120.0,2286.0,3109.06,11.41
2026-07-25 14:38:37.626,0 days 00:51:49.211000,10,429.86416666666605,0 days 00:00:11.561000,10791.0,178.0,3,100.0,False,0,car,718.2969444444445,0.16436216399789214,OnTrack,-5158.940252317098,4106.044085750617,2284.3318994405877,3109.211,11.561
2026-07-25 14:38:37.755,0 days 00:51:49.340000,10,427.4633297599994,0 days 00:00:11.690000,11117.186199771428,184.91072457142857,3,100.0,False,0,pos,725.1162162634839,0.1659225636094122,OnTrack,-5094.0,4092.0,2283.0,3109.34,11.69
2026-07-25 14:38:37.906,0 days 00:51:49.491000,10,424.65305555555494,0 days 00:00:11.841000,11499.0,193.0,4,100.0,False,0,car,733.3080555555556,0.1677970368945648,OnTrack,-5009.125290800719,4071.7164620004855,2280.640916293856,3109.491,11.841
2026-07-25 14:38:37.995,0 days 00:51:49.580000,10,423.0461076444438,0 days 00:00:11.930000,11617.37025536,194.78000384,4,100.0,False,0,pos,738.1275163546561,0.1688998356915941,OnTrack,-4943.0,4053.0,2279.0,3109.58,11.93
2026-07-25 14:38:38.106,0 days 00:51:49.691000,10,421.04194444444374,0 days 00:00:12.041000,11765.0,197.0,4,100.0,False,0,car,744.2525,0.17030136687474437,OnTrack,-4835.522255746624,4019.199345188521,2276.802681553266,3109.691,12.041
2026-07-25 14:38:38.215,0 days 00:51:49.800000,10,418.8619406044437,0 days 00:00:12.150000,11450.8458752,203.2285824,4,100.0,False,0,pos,750.5526836102727,0.17174298766928825,OnTrack,-4740.0,3988.0,2275.0,3109.8,12.15
2026-07-25 14:38:38.386,0 days 00:51:49.971000,10,415.4419444444436,0 days 00:00:12.321000,10958.0,213.0,5,100.0,False,0,car,760.8191666666667,0.17409218514931057,OnTrack,-4682.372769008646,3968.9402234053355,2273.8888172000015,3109.971,12.321
2026-07-25 14:38:38.535,0 days 00:51:50.120000,10,412.58610743111035,0 days 00:00:12.470000,11197.641975466666,217.96667306666666,5,100.0,False,0,pos,769.885794749742,0.1761668293802573,OnTrack,-4640.0,3950.0,2273.0,3110.12,12.47
2026-07-25 14:38:38.626,0 days 00:51:50.211000,10,410.8419444444437,0 days 00:00:12.561000,11344.0,221.0,5,100.0,False,0,car,775.5525,0.1774634963713594,OnTrack,-4583.724825212855,3924.3788428168846,2271.8339152344606,3110.211,12.561
2026-07-25 14:38:38.866,0 days 00:51:50.451000,10,405.9752777777769,0 days 00:00:12.801000,10696.0,233.0,5,100.0,False,0,car,791.0858333333333,0.18101786521632493,OnTrack,-4392.987797270973,3836.3671677032753,2268.08155688097,3110.451,12.801
2026-07-25 14:38:38.875,0 days 00:51:50.460000,10,405.7927739431383,0 days 00:00:12.810000,10700.703616416928,233.27136248559196,5,100.0,False,0,pos,791.6778492801061,0.18115333150625615,OnTrack,-4388.0,3834.0,2268.0,3110.46,12.81
2026-07-25 14:38:39.065,0 days 00:51:50.650000,10,401.93999999999915,0 days 00:00:13,10800.0,239.0,6,100.0,False,0,car,804.2972222222222,0.1840409220231097,OnTrack,-4323.345320025698,3800.9964994330107,2267.376106066899,3110.65,13.0
2026-07-25 14:38:39.155,0 days 00:51:50.740000,10,400.13999743999915,0 days 00:00:13.090000,10915.65016448,241.70000384,6,100.0,False,0,pos,810.3722974760572,0.18543103306686842,OnTrack,-4284.0,3777.0,2267.0,3110.74,13.09
2026-07-25 14:38:39.265,0 days 00:51:50.850000,10,397.93999999999915,0 days 00:00:13.200000,11057.0,245.0,6,100.0,False,0,car,817.9083333333333,0.18715544407967818,OnTrack,-4207.932479074937,3729.1797400248133,2266.0079482338806,3110.85,13.2
2026-07-25 14:38:39.435,0 days 00:51:51.020000,10,394.91777550222133,0 days 00:00:13.370000,11229.55012992,249.67500352,6,100.0,False,0,pos,829.852045580879,0.18988842854572385,OnTrack,-4065.0,3636.0,2264.0,3111.02,13.37
2026-07-25 14:38:39.665,0 days 00:51:51.250000,10,390.82888888888795,0 days 00:00:13.600000,11463.0,256.0,6,100.0,False,0,car,846.3527777777778,0.1936641595611601,OnTrack,-3917.057559843184,3528.4547050403694,2262.1805302235407,3111.25,13.6
2026-07-25 14:38:39.835,0 days 00:51:51.420000,10,388.08999793777684,0 days 00:00:13.770000,11560.7500736,258.83333546666665,6,100.0,False,0,pos,858.5921116935159,0.19646478877703322,OnTrack,-3825.0,3456.0,2261.0,3111.42,13.77
2026-07-25 14:38:39.905,0 days 00:51:51.490000,10,386.96222222222127,0 days 00:00:13.840000,11601.0,260.0,6,100.0,False,0,car,863.6861111111111,0.19763040805768814,OnTrack,-3787.902964289421,3426.4329481381633,2260.452010217215,3111.49,13.84
2026-07-25 14:38:40.265,0 days 00:51:51.850000,10,381.86222222222136,0 days 00:00:14.200000,10901.0,268.0,6,100.0,False,0,car,890.4861111111111,0.20376283842539689,OnTrack,-3593.337355492775,3266.585899143869,2257.2615931562104,3111.85,14.2
2026-07-25 14:38:40.295,0 days 00:51:51.880000,10,381.4622205155547,0 days 00:00:14.230000,10850.624785066666,268.3750016,6,100.0,False,0,pos,892.7375572697331,0.20427801890279967,OnTrack,-3575.0,3251.0,2257.0,3111.88,14.23
2026-07-25 14:38:40.505,0 days 00:51:52.090000,10,378.6622222222212,0 days 00:00:14.440000,10498.0,271.0,7,100.0,False,0,car,908.5527777777778,0.20789688974293188,OnTrack,-3434.9921961491714,3129.8619151658568,2255.233462592606,3112.09,14.44
2026-07-25 14:38:40.695,0 days 00:51:52.280000,10,376.18166499555457,0 days 00:00:14.630000,10625.30008576,273.3750016,7,100.0,False,0,pos,923.0293418338131,0.21120944649805543,OnTrack,-3323.0,3032.0,2254.0,3112.28,14.63
2026-07-25 14:38:40.905,0 days 00:51:52.490000,10,373.43999999999903,0 days 00:00:14.840000,10766.0,276.0,7,100.0,False,0,car,939.2194444444445,0.2149140986214046,OnTrack,-3247.8379824276535,2966.8423012146377,2253.30641945803,3112.49,14.84
2026-07-25 14:38:41.095,0 days 00:51:52.680000,10,370.95944277333234,0 days 00:00:15.030000,10834.40004608,278.3750016,7,100.0,False,0,pos,954.0293548732327,0.2183029323697832,OnTrack,-3172.0,2900.0,2252.0,3112.68,15.03
2026-07-25 14:38:41.175,0 days 00:51:52.760000,10,369.91499832888786,0 days 00:00:15.110000,10863.20004608,279.3750016,7,100.0,False,0,pos,960.2944899058512,0.21973653327768716,OnTrack,-3126.0,2859.0,2251.0,3112.76,15.11
2026-07-25 14:38:41.305,0 days 00:51:52.890000,10,368.21777777777675,0 days 00:00:15.240000,10910.0,281.0,7,100.0,False,0,car,970.4416666666668,0.222058430849125,OnTrack,-3055.840745753456,2797.4702217466875,2249.879874285956,3112.89,15.24
2026-07-25 14:38:41.435,0 days 00:51:53.020000,10,366.7372201758988,0 days 00:00:15.370000,10817.142728802079,277.7701818713766,7,32.98127383106537,False,0,pos,980.5010870140947,0.22436024782002473,OnTrack,-2973.0,2726.0,2249.0,3113.02,15.37
2026-07-25 14:38:41.466,0 days 00:51:53.051000,10,366.3841666666657,0 days 00:00:15.401000,10795.0,277.0,7,17.0,False,0,car,982.8297222222224,0.22489309085232467,OnTrack,-2948.192545624606,2704.6427612645093,2248.7463358727887,3113.051,15.401
2026-07-25 14:38:41.654,0 days 00:51:53.239000,10,365.7052768533323,0 days 00:00:15.589000,10083.41903104,255.37997056,7,1.0199782400000013,False,0,pos,996.1385122846895,0.2279384351932401,OnTrack,-2783.0,2563.0,2247.0,3113.239,15.589
2026-07-25 14:38:41.666,0 days 00:51:53.251000,10,365.6619444444434,0 days 00:00:15.601000,10038.0,254.0,7,0.0,True,0,car,996.9408333333336,0.22812202392321612,OnTrack,-2774.5346228931526,2555.812493564966,2246.89318032757,3113.251,15.601
2026-07-25 14:38:42.095,0 days 00:51:53.680000,10,370.07111308444354,0 days 00:00:16.030000,10086.750021818181,214.99998254545454,7,0.0,True,0,pos,1022.4890238282984,0.23396801270050452,OnTrack,-2624.0,2436.0,2244.0,3113.68,16.03
2026-07-25 14:38:42.106,0 days 00:51:53.691000,10,370.18416666666576,0 days 00:00:16.041000,10088.0,214.0,7,0.0,True,0,car,1023.0963888888891,0.23410699120579753,OnTrack,-2619.8764804353523,2432.8819344098674,2243.9577595488704,3113.691,16.041
2026-07-25 14:38:42.295,0 days 00:51:53.880000,10,373.80667034666584,0 days 00:00:16.230000,10545.73484,199.8249856,7,0.0,True,0,pos,1033.28358388952,0.23643804583205272,OnTrack,-2533.0,2369.0,2243.0,3113.88,16.23
2026-07-25 14:38:42.426,0 days 00:51:54.011000,10,376.3174999999992,0 days 00:00:16.361000,10863.0,190.0,7,0.0,True,0,car,1039.985277777778,0.23797154102292742,OnTrack,-2456.560452979811,2319.684269425673,2240.7854764499207,3114.011,16.361
2026-07-25 14:38:42.575,0 days 00:51:54.160000,10,380.2494495111102,0 days 00:00:16.510000,11213.1504512,179.35712914285713,7,0.0,True,0,pos,1047.1870836615162,0.23961947285515794,OnTrack,-2377.0,2272.0,2238.0,3114.16,16.51
2026-07-25 14:38:42.706,0 days 00:51:54.291000,10,383.7063888888879,0 days 00:00:16.641000,11521.0,170.0,4,0.0,True,0,car,1053.2075000000002,0.24099707673502252,OnTrack,-2336.4709769192436,2249.3738116260097,2236.8543260145366,3114.291,16.641
2026-07-25 14:38:42.835,0 days 00:51:54.420000,10,387.89889512888783,0 days 00:00:16.770000,11157.956602514285,163.5499904,4,0.0,True,0,pos,1058.8989433671063,0.2422994043522067,OnTrack,-2303.0,2234.0,2236.0,3114.42,16.77
2026-07-25 14:38:42.986,0 days 00:51:54.571000,10,392.8063888888878,0 days 00:00:16.921000,10733.0,156.0,3,0.0,True,0,car,1065.3408333333336,0.24377345068259218,OnTrack,-2246.4379604048386,2211.329109736631,2234.1992053735394,3114.571,16.921
2026-07-25 14:38:43.155,0 days 00:51:54.740000,10,398.8622291022211,0 days 00:00:17.090000,10789.333397333334,151.07082773333335,3,0.0,True,0,pos,1072.3819310736005,0.24538460895141376,OnTrack,-2175.0,2187.0,2232.0,3114.74,17.09
2026-07-25 14:38:43.226,0 days 00:51:54.811000,10,401.4063888888877,0 days 00:00:17.161000,10813.0,149.0,3,0.0,True,0,car,1075.274166666667,0.24604641616714096,OnTrack,-2147.26805102678,2179.561396469747,2231.2992006667264,3114.811,17.161
2026-07-25 14:38:43.255,0 days 00:51:54.840000,10,402.55028535110995,0 days 00:00:17.190000,10960.32097536,147.98499328,3,0.0,True,0,pos,1076.4430132103055,0.246313874004432,OnTrack,-2136.0,2177.0,2231.0,3114.84,17.19
2026-07-25 14:38:43.426,0 days 00:51:55.011000,10,409.29527777777685,0 days 00:00:17.361000,11829.0,142.0,3,0.0,True,0,car,1083.163055555556,0.2478515677264582,OnTrack,-2068.0544318215443,2167.532549779149,2228.7412955144096,3115.011,17.361
2026-07-25 14:38:43.575,0 days 00:51:55.160000,10,415.75195276444356,0 days 00:00:17.510000,11460.2245248,136.4124928,3,0.0,True,0,pos,1088.711323964546,0.24912113375927497,OnTrack,-2010.0,2167.0,2226.0,3115.16,17.51
2026-07-25 14:38:43.666,0 days 00:51:55.251000,10,419.69527777777694,0 days 00:00:17.601000,11235.0,133.0,2,0.0,True,0,car,1092.0297222222225,0.24988045638045137,OnTrack,-1976.3864844352688,2170.1524963175375,2223.9377020644024,3115.251,17.601
2026-07-25 14:38:43.755,0 days 00:51:55.340000,10,423.70028641777697,0 days 00:00:17.690000,11082.36467072,131.66499712,2,0.0,True,0,pos,1095.2622594098484,0.25062013209739703,OnTrack,-1945.0,2175.0,2222.0,3115.34,17.69
2026-07-25 14:38:43.866,0 days 00:51:55.451000,10,428.69527777777694,0 days 00:00:17.801000,10892.0,130.0,2,0.0,True,0,car,1099.2519444444447,0.2515330599206714,OnTrack,-1907.5614627728935,2182.8462452686067,2220.0966488044523,3115.451,17.801
2026-07-25 14:38:43.915,0 days 00:51:55.500000,10,431.0363980622214,0 days 00:00:17.850000,10815.699701028572,129.12499657142857,2,0.0,True,0,pos,1100.9881799876184,0.2519303488598674,OnTrack,-1889.0,2189.0,2219.0,3115.5,17.85
2026-07-25 14:38:44.146,0 days 00:51:55.731000,10,442.0730555555549,0 days 00:00:18.081000,10456.0,125.0,2,0.0,False,0,car,1108.9741666666669,0.253757718532506,OnTrack,-1786.9749048266713,2240.244045208158,2211.2265423384592,3115.731,18.081
2026-07-25 14:38:44.155,0 days 00:51:55.740000,10,442.52056510222155,0 days 00:00:18.090000,10450.6748864,124.812496,2,0.0,False,0,pos,1109.2791567199597,0.2538275069752173,OnTrack,-1784.0,2242.0,2211.0,3115.74,18.09
2026-07-25 14:38:44.386,0 days 00:51:55.971000,10,454.00638888888807,0 days 00:00:18.321000,10314.0,120.0,2,0.0,False,0,car,1116.9741666666669,0.2555882947616728,OnTrack,-1744.3637728284639,2273.266514762968,2208.2394561915303,3115.971,18.321
2026-07-25 14:38:44.455,0 days 00:51:56.040000,10,457.5905655288881,0 days 00:00:18.390000,10252.213464436363,119.52954414545455,2,0.1568186181818182,False,0,pos,1119.2406594091458,0.2561069182289179,OnTrack,-1734.0,2285.0,2207.0,3116.04,18.39
2026-07-25 14:38:44.715,0 days 00:51:56.300000,10,471.09612108444367,0 days 00:00:18.650000,10019.395282618181,117.75681687272727,2,0.7477277090909091,False,0,pos,1127.6853677708293,0.25803925352756085,OnTrack,-1679.0,2352.0,2199.0,3116.3,18.65
2026-07-25 14:38:44.826,0 days 00:51:56.411000,10,476.8619444444437,0 days 00:00:18.761000,9920.0,117.0,2,1.0,False,0,car,1131.2741666666668,0.2588604497713084,OnTrack,-1659.1874375229904,2383.493571013395,2197.238421737657,3116.411,18.761
2026-07-25 14:38:44.935,0 days 00:51:56.520000,10,482.61473235555485,0 days 00:00:18.870000,9874.76492032,116.45499904,2,5.36000768,False,0,pos,1134.7951580065164,0.25966613015253726,OnTrack,-1643.0,2415.0,2196.0,3116.52,18.87
2026-07-25 14:38:45.026,0 days 00:51:56.611000,10,487.41749999999934,0 days 00:00:18.961000,9837.0,116.0,2,9.0,False,0,car,1137.7186111111112,0.26033508062258165,OnTrack,-1631.434503261493,2441.9016486113637,2194.5926200951512,3116.611,18.961
2026-07-25 14:38:45.155,0 days 00:51:56.740000,10,494.2975102399994,0 days 00:00:19.090000,9982.125216,115.53928502857143,2,26.967883885714286,False,0,pos,1141.8195943286737,0.2612734759218669,OnTrack,-1618.0,2481.0,2192.0,3116.74,19.09
2026-07-25 14:38:45.306,0 days 00:51:56.891000,10,502.35083333333273,0 days 00:00:19.241000,10152.0,115.0,2,48.0,False,0,car,1146.6630555555557,0.2623817665454695,OnTrack,-1606.5370896348845,2528.1593281329274,2188.219957581412,3116.891,19.241
2026-07-25 14:38:45.315,0 days 00:51:56.900000,10,502.8158431787447,0 days 00:00:19.250000,10166.098042851441,115.18045494849845,2,48.157898079936146,False,0,pos,1146.957412553195,0.2624491219108154,OnTrack,-1606.0,2531.0,2188.0,3116.9,19.25
2026-07-25 14:38:45.535,0 days 00:51:57.120000,10,514.1825080221871,0 days 00:00:19.470000,10510.709516397472,119.59148180988763,2,52.01754658365168,False,0,pos,1154.351573671273,0.2641410688579883,OnTrack,-1598.0,2602.0,2183.0,3117.12,19.47
2026-07-25 14:38:45.705,0 days 00:51:57.290000,10,522.965833333333,0 days 00:00:19.640000,10777.0,123.0,2,55.0,False,0,car,1160.2955555555557,0.26550118285098406,OnTrack,-1598.5589515783565,2661.5613750119546,2178.7078216992954,3117.29,19.64
2026-07-25 14:38:45.855,0 days 00:51:57.440000,10,527.1593554303208,0 days 00:00:19.790000,11085.333596444445,126.7500032,2,60.000004266666664,False,0,pos,1165.689786946307,0.26673550182080097,OnTrack,-1602.0,2711.0,2175.0,3117.44,19.79
2026-07-25 14:38:46.065,0 days 00:51:57.650000,3,533.0302777777779,0 days 00:00:20,11517.0,132.0,2,67.0,False,0,car,1173.4955555555557,0.26852163362910925,OnTrack,-1613.3064092414231,2779.0768841731333,2169.4777815228863,3117.65,20.0
2026-07-25 14:38:46.095,0 days 00:51:57.680000,3,532.8469436622223,0 days 00:00:20.030000,11409.082872888888,132.83333688888888,2,67.7500032,False,0,pos,1174.6371039477478,0.26878284504800803,OnTrack,-1618.0,2796.0,2168.0,3117.68,20.03
2026-07-25 14:38:46.235,0 days 00:51:57.820000,3,531.9913881066667,0 days 00:00:20.170000,10905.471761777777,136.72222577777777,2,71.2500032,False,0,pos,1180.0519235871295,0.27002187506264275,OnTrack,-1650.0,2898.0,2159.0,3117.82,20.17
2026-07-25 14:38:46.425,0 days 00:51:58.010000,3,530.8302777777778,0 days 00:00:20.360000,10222.0,142.0,2,76.0,False,0,car,1187.6955555555558,0.2717709064358803,OnTrack,-1685.6352053090275,2990.2757365902917,2151.773265855955,3118.01,20.36
2026-07-25 14:38:46.655,0 days 00:51:58.240000,3,528.9774989688891,0 days 00:00:20.590000,10940.7504,153.5000064,2,86.54167253333334,False,0,pos,1197.518171163445,0.2740185372658859,OnTrack,-1718.0,3050.0,2148.0,3118.24,20.59
2026-07-25 14:38:46.665,0 days 00:51:58.250000,3,528.8969444444447,0 days 00:00:20.600000,10972.0,154.0,3,87.0,False,0,car,1197.9622222222224,0.2741201459299777,OnTrack,-1719.4138848801304,3052.6037780048187,2147.807506858706,3118.25,20.6
2026-07-25 14:38:46.945,0 days 00:51:58.530000,3,526.0191666666669,0 days 00:00:20.880000,11843.0,167.0,3,92.0,False,0,car,1210.9511111111112,0.27709228983538875,OnTrack,-1760.162957951312,3127.5077136359355,2141.3731014790023,3118.53,20.88
2026-07-25 14:38:47.095,0 days 00:51:58.680000,3,524.2691651733335,0 days 00:00:21.030000,12070.500194133334,173.25000533333332,3,97.00000426666666,False,0,pos,1218.2360743993447,0.2787592499136129,OnTrack,-1789.0,3178.0,2137.0,3118.68,21.03
2026-07-25 14:38:47.185,0 days 00:51:58.770000,3,523.2191666666668,0 days 00:00:21.120000,12207.0,177.0,3,100.0,False,0,car,1222.7511111111114,0.2797923897734098,OnTrack,-1809.9507039098544,3213.6444101939283,2134.0453913249085,3118.77,21.12
2026-07-25 14:38:47.295,0 days 00:51:58.880000,3,521.5691647466667,0 days 00:00:21.230000,11954.6872064,182.156256,3,100.0,False,0,pos,1228.447841530798,0.28109592718469106,OnTrack,-1839.0,3263.0,2130.0,3118.88,21.23
2026-07-25 14:38:47.505,0 days 00:51:59.090000,3,518.4191666666668,0 days 00:00:21.440000,11473.0,192.0,4,100.0,False,0,car,1239.817777777778,0.28369761906229896,OnTrack,-1902.3744822297333,3373.8069342992194,2120.85331065827,3119.09,21.44
2026-07-25 14:38:47.575,0 days 00:51:59.160000,3,517.2330533866668,0 days 00:00:21.510000,11305.499693714286,195.25000594285714,4,100.0,False,0,pos,1243.7297303203993,0.28459275997906786,OnTrack,-1922.0,3410.0,2118.0,3119.16,21.51
2026-07-25 14:38:47.785,0 days 00:51:59.370000,3,513.6747222222223,0 days 00:00:21.720000,10803.0,205.0,4,100.0,False,0,car,1255.7622222222224,0.2873460591857077,OnTrack,-1970.0131056723815,3507.0877018733554,2111.0431285795244,3119.37,21.72
2026-07-25 14:38:47.955,0 days 00:51:59.540000,3,510.55805221651644,0 days 00:00:21.890000,10943.398160365583,210.92040435276556,4,100.0,False,0,pos,1265.7331533210584,0.2896276278672314,OnTrack,-2001.0,3585.0,2106.0,3119.54,21.89
2026-07-25 14:38:47.986,0 days 00:51:59.571000,3,509.9897222222223,0 days 00:00:21.921000,10969.0,212.0,5,100.0,False,0,car,1267.598888888889,0.2900545492647791,OnTrack,-2006.2174461017041,3600.1051140243917,2105.0425506278134,3119.571,21.921
2026-07-25 14:38:48.935,0 days 00:52:00.520000,3,488.373606737778,0 days 00:00:22.870000,10906.7218624,240.66771413333333,5,96.04583253333334,False,0,pos,1331.1190721099817,0.30458936644938556,OnTrack,-2078.0,4159.0,2073.0,3120.52,22.87
2026-07-25 14:38:48.946,0 days 00:52:00.531000,3,488.12305555555577,0 days 00:00:22.881000,10906.0,241.0,6,96.0,False,0,car,1331.8655555555556,0.30476017830575225,OnTrack,-2077.310281540817,4165.731398795986,2072.663008238331,3120.531,22.881
2026-07-25 14:38:49.095,0 days 00:52:00.680000,3,484.85332912000024,0 days 00:00:23.030000,10932.0750336,242.8625024,6,98.48333653333333,False,0,pos,1341.9361140273113,0.307064543924856,OnTrack,-2060.0,4264.0,2068.0,3120.68,23.03
2026-07-25 14:38:49.186,0 days 00:52:00.771000,3,482.8563888888891,0 days 00:00:23.121000,10948.0,244.0,6,100.0,False,0,car,1348.1322222222223,0.30848234997172475,OnTrack,-2033.9667702628526,4345.571669163843,2064.566322464212,3120.771,23.121
2026-07-25 14:38:49.355,0 days 00:52:00.940000,3,479.05388456888903,0 days 00:00:23.290000,11160.457384228572,248.2250048,6,100.0,False,0,pos,1359.849358878219,0.3111634889512706,OnTrack,-1970.0,4508.0,2058.0,3120.94,23.29
2026-07-25 14:38:49.466,0 days 00:52:01.051000,3,476.55638888888893,0 days 00:00:23.401000,11300.0,251.0,6,100.0,False,0,car,1367.6544444444446,0.31294946446428873,OnTrack,-1937.4693478172926,4580.402870714598,2054.852208904022,3121.051,23.401
2026-07-25 14:38:49.795,0 days 00:52:01.380000,3,469.4280513955557,0 days 00:00:23.730000,11387.18505088,255.93500288,6,100.0,False,0,pos,1391.1216640562382,0.31831928126253695,OnTrack,-1857.0,4718.0,2049.0,3121.38,23.73
2026-07-25 14:38:49.866,0 days 00:52:01.451000,3,467.8897222222224,0 days 00:00:23.801000,11406.0,257.0,6,100.0,False,0,car,1396.21,0.31948360461562014,OnTrack,-1831.4576951594065,4764.137161982731,2047.6489785856597,3121.451,23.801
2026-07-25 14:38:49.955,0 days 00:52:01.540000,3,465.9119401777778,0 days 00:00:23.890000,10782.998656,258.1125024,6,100.0,False,0,pos,1402.5900746315638,0.32094350623572643,OnTrack,-1797.0,4826.0,2046.0,3121.54,23.89
2026-07-25 14:38:50.026,0 days 00:52:01.611000,3,464.33416666666653,0 days 00:00:23.961000,10286.0,259.0,6,100.0,False,0,car,1407.7211111111112,0.32211760041203236,OnTrack,-1770.0310083629909,4872.086605964726,2044.8645149414442,3121.611,23.961
2026-07-25 14:38:50.215,0 days 00:52:01.800000,3,460.0816623466666,0 days 00:00:24.150000,10354.775069866666,263.7250048,6,100.0,False,0,pos,1421.7007173686743,0.3253164422755581,OnTrack,-1699.0,4987.0,2043.0,3121.8,24.15
2026-07-25 14:38:50.375,0 days 00:52:01.960000,3,456.4816623466666,0 days 00:00:24.310000,10412.997292088889,267.7250048,6,100.0,False,0,pos,1433.697488446144,0.32806156777070467,OnTrack,-1637.0,5088.0,2043.0,3121.96,24.31
2026-07-25 14:38:50.386,0 days 00:52:01.971000,3,456.2341666666666,0 days 00:00:24.321000,10417.0,268.0,7,100.0,False,0,car,1434.5211111111114,0.32825003077974113,OnTrack,-1632.752571045033,5094.973851172823,2042.963221424518,3121.971,24.321
2026-07-25 14:38:50.535,0 days 00:52:02.120000,3,452.8816623466665,0 days 00:00:24.470000,10525.0251392,269.8625024,7,100.0,False,0,pos,1445.690296574991,0.33080578645590786,OnTrack,-1576.0,5190.0,2042.0,3122.12,24.47
2026-07-25 14:38:50.546,0 days 00:52:02.131000,3,452.6341666666665,0 days 00:00:24.481000,10533.0,270.0,7,100.0,False,0,car,1446.5211111111114,0.3309958951234913,OnTrack,-1571.8964494153613,5197.171771217259,2041.9560494713385,3122.131,24.481
2026-07-25 14:38:50.715,0 days 00:52:02.300000,3,448.6908288533333,0 days 00:00:24.650000,10712.864490057143,274.2250048,7,100.0,False,0,pos,1459.4395610209172,0.3339519210388129,OnTrack,-1510.0,5310.0,2042.0,3122.3,24.65
2026-07-25 14:38:50.826,0 days 00:52:02.411000,3,446.1008333333334,0 days 00:00:24.761000,10831.0,277.0,7,100.0,False,0,car,1468.0655555555556,0.33592573860731684,OnTrack,-1469.312273279293,5384.930433607344,2042.418891101438,3122.411,24.761
2026-07-25 14:38:50.935,0 days 00:52:02.520000,3,443.13360588444453,0 days 00:00:24.870000,10921.833493333334,280.1791722666667,7,100.0,False,0,pos,1476.6358211910651,0.337886804176068,OnTrack,-1429.0,5459.0,2043.0,3122.52,24.87
2026-07-25 14:38:51.066,0 days 00:52:02.651000,3,439.5675000000001,0 days 00:00:25.001000,11031.0,284.0,7,100.0,False,0,car,1486.998888888889,0.34025810234967824,OnTrack,-1379.919331304934,5548.878774033682,2043.8271343952927,3122.651,25.001
2026-07-25 14:38:51.226,0 days 00:52:02.811000,3,435.0341666666666,0 days 00:00:25.161000,11099.0,285.0,7,100.0,False,0,car,1499.6655555555558,0.3431565147125257,OnTrack,-1319.114693385212,5659.841551638374,2045.0882817603429,3122.811,25.161
2026-07-25 14:38:51.315,0 days 00:52:02.900000,3,432.21582725333326,0 days 00:00:25.250000,11141.910806857142,286.9071469714286,7,100.0,False,0,pos,1506.797911676173,0.34478855490906996,OnTrack,-1285.0,5722.0,2046.0,3122.9,25.25
2026-07-25 14:38:51.506,0 days 00:52:03.091000,3,426.1675,0 days 00:00:25.441000,11234.0,291.0,7,100.0,False,0,car,1522.298888888889,0.3483355199608767,OnTrack,-1211.2155840175667,5856.442101014513,2048.527493025744,3123.091,25.441
2026-07-25 14:38:51.535,0 days 00:52:03.120000,3,425.12027084444446,0 days 00:00:25.470000,11247.643272145455,291.32954763636366,7,100.0,False,0,pos,1524.6645494515528,0.3488768352099129,OnTrack,-1200.0,5877.0,2049.0,3123.12,25.47
2026-07-25 14:38:51.695,0 days 00:52:03.280000,3,419.3424930666666,0 days 00:00:25.630000,11322.915999418181,293.14772945454547,7,100.0,False,0,pos,1537.7679885186028,0.35187519071947254,OnTrack,-1138.0,5991.0,2052.0,3123.28,25.63
2026-07-25 14:38:51.895,0 days 00:52:03.480000,3,412.12027084444424,0 days 00:00:25.830000,11417.00690850909,295.4204567272727,7,100.0,False,0,pos,1554.25636468411,0.3556480944027397,OnTrack,-1059.0,6134.0,2056.0,3123.48,25.83
2026-07-25 14:38:51.946,0 days 00:52:03.531000,3,410.2786111111109,0 days 00:00:25.881000,11441.0,296.0,7,100.0,False,0,car,1558.476666666667,0.3566137924638865,OnTrack,-1038.7484557999508,6170.787922143382,2056.953092085417,3123.531,25.881
2026-07-25 14:38:52.135,0 days 00:52:03.720000,3,402.8236035377777,0 days 00:00:26.070000,11531.562592,298.3625024,7,100.0,False,0,pos,1574.1680734571112,0.36020433199798324,OnTrack,-964.0,6307.0,2062.0,3123.72,26.07
2026-07-25 14:38:52.175,0 days 00:52:03.760000,3,401.24582575999995,0 days 00:00:26.110000,11550.729258666666,298.8625024,7,100.0,False,0,pos,1577.4949290331394,0.36096558983990173,OnTrack,-948.0,6336.0,2064.0,3123.76,26.11
2026-07-25 14:38:52.186,0 days 00:52:03.771000,3,400.8119444444444,0 days 00:00:26.121000,11556.0,299.0,7,100.0,False,0,car,1578.41,0.36117497823489375,OnTrack,-943.153798934822,6344.790746926941,2064.5629457110317,3123.771,26.121
2026-07-25 14:38:52.386,0 days 00:52:03.971000,3,392.75638888888875,0 days 00:00:26.321000,11590.0,300.0,7,100.0,False,0,car,1595.076666666667,0.3649886787123246,OnTrack,-820.5521322886945,6567.754688641585,2074.6945384713813,3123.971,26.321
2026-07-25 14:38:52.455,0 days 00:52:04.040000,3,389.88138165876524,0 days 00:00:26.390000,11594.907962133433,300.5774073098156,7,100.0,False,0,pos,1600.8538348522063,0.3663106220563679,OnTrack,-779.0,6643.0,2078.0,3124.04,26.39
2026-07-25 14:38:52.625,0 days 00:52:04.210000,3,382.7980555555557,0 days 00:00:26.560000,11607.0,302.0,7,100.0,False,0,car,1615.1261111111112,0.36957643326332457,OnTrack,-697.1208773793807,6789.814321990839,2085.5571226754123,3124.21,26.56
2026-07-25 14:38:52.825,0 days 00:52:04.410000,3,374.131388888889,0 days 00:00:26.760000,11676.0,302.0,7,100.0,False,0,car,1631.9038888888892,0.373415558410605,OnTrack,-631.1787468641278,6905.764755399006,2093.185721280163,3124.41,26.76
2026-07-25 14:38:52.915,0 days 00:52:04.500000,3,370.15638323555555,0 days 00:00:26.850000,11681.85000832,302.45000064,7,100.0,False,0,pos,1639.47195580588,0.37514729883547837,OnTrack,-606.0,6950.0,2096.0,3124.5,26.85
2026-07-25 14:38:53.025,0 days 00:52:04.610000,3,365.2980555555555,0 days 00:00:26.960000,11689.0,303.0,7,100.0,False,0,car,1648.7372222222225,0.37726739589281005,OnTrack,-578.5314892091425,6998.3094375740275,2098.9047637373246,3124.61,26.96
2026-07-25 14:38:53.255,0 days 00:52:04.840000,3,354.88416087111136,0 days 00:00:27.190000,11853.833425066667,303.0,7,100.0,False,0,pos,1668.1006191037832,0.3816981676487234,OnTrack,-508.0,7112.0,2106.0,3124.84,27.19
2026-07-25 14:38:53.265,0 days 00:52:04.850000,3,354.43138888888916,0 days 00:00:27.200000,11861.0,303.0,7,100.0,False,0,car,1668.9372222222223,0.3818896008714562,OnTrack,-503.36525170831214,7118.887610476031,2106.4770362674208,3124.85,27.2
2026-07-25 14:38:53.505,0 days 00:52:05.090000,3,343.6980555555558,0 days 00:00:27.440000,11267.0,298.0,7,100.0,False,0,car,1688.803888888889,0.38643553184055374,OnTrack,-362.3469158840895,7320.12631362047,2121.2044657024394,3125.09,27.44
2026-07-25 14:38:53.555,0 days 00:52:05.140000,3,341.54527226666687,0 days 00:00:27.490000,11239.1874288,296.1249952,7,97.1874928,False,0,pos,1692.877787900181,0.38736772967681576,OnTrack,-336.0,7357.0,2124.0,3125.14,27.49
2026-07-25 14:38:53.665,0 days 00:52:05.250000,3,336.80916666666667,0 days 00:00:27.600000,11178.0,292.0,7,91.0,False,0,car,1701.781666666667,0.38940513327897985,OnTrack,-288.0547953973553,7423.481268754095,2129.159373427553,3125.25,27.6
2026-07-25 14:38:53.825,0 days 00:52:05.410000,3,330.0536111111112,0 days 00:00:27.760000,10722.0,288.0,7,5.0,True,0,car,1714.581666666667,0.3923340552456467,OnTrack,-236.22149173034185,7492.744754828618,2134.7354857571245,3125.41,27.76
2026-07-25 14:38:53.895,0 days 00:52:05.480000,3,327.5452731911113,0 days 00:00:27.830000,10535.499658971428,281.9999890285714,7,3.749997714285714,True,0,pos,1719.9305372130952,0.3935579946550445,OnTrack,-213.0,7522.0,2137.0,3125.48,27.83
2026-07-25 14:38:54.105,0 days 00:52:05.690000,3,320.0202777777781,0 days 00:00:28.040000,9976.0,264.0,7,0.0,True,0,car,1735.115,0.3970325342338414,OnTrack,-133.26787646634986,7618.606709224426,2143.9166667477693,3125.69,28.04
2026-07-25 14:38:54.195,0 days 00:52:05.780000,3,317.1702737244448,0 days 00:00:28.130000,10394.95059584,257.2499904,7,0.90000128,True,0,pos,1741.421071475262,0.39847550230159656,OnTrack,-76.0,7698.0,2149.0,3125.78,28.13
2026-07-25 14:38:54.305,0 days 00:52:05.890000,3,313.68694444444486,0 days 00:00:28.240000,10907.0,249.0,7,2.0,True,0,car,1748.9483333333333,0.40019790563010893,OnTrack,15.458226595125417,7833.411242112266,2157.3204098974556,3125.89,28.24
2026-07-25 14:38:54.315,0 days 00:52:05.900000,3,313.4174964897426,0 days 00:00:28.250000,10931.021665257604,248.4661852164977,7,1.9288246955330268,True,0,pos,1749.6204377106108,0.40035169791717934,OnTrack,23.0,7845.0,2158.0,3125.9,28.25
2026-07-25 14:38:54.586,0 days 00:52:06.171000,3,306.1155555555556,0 days 00:00:28.521000,11582.0,234.0,7,0.0,True,0,car,1767.2133333333334,0.4043773399833254,OnTrack,124.8985116383285,8035.485205808815,2166.2726724481763,3126.171,28.521
2026-07-25 14:38:54.746,0 days 00:52:06.331000,3,302.0711111111111,0 days 00:00:28.681000,11444.0,228.0,5,22.0,False,0,car,1777.3466666666668,0.40669606987360335,OnTrack,139.46333974599753,8091.448227667037,2166.787514253763,3126.331,28.681
2026-07-25 14:38:54.794,0 days 00:52:06.379000,3,300.96444444444444,0 days 00:00:28.729000,11371.76,226.8,5,28.0,False,0,pos,1780.3450890923111,0.40738217497577645,OnTrack,144.0,8108.0,2167.0,3126.379,28.729
2026-07-25 14:38:54.946,0 days 00:52:06.531000,3,297.46000000000004,0 days 00:00:28.881000,11143.0,223.0,5,47.0,False,0,car,1789.7355555555557,0.40953092056182694,OnTrack,158.87522936400998,8159.691902409267,2167.8495751974833,3126.531,28.881
2026-07-25 14:38:55.106,0 days 00:52:06.691000,3,293.99333333333357,0 days 00:00:29.041000,11119.0,221.0,5,47.0,False,0,car,1799.557777777778,0.4117784613765262,OnTrack,174.0331033065113,8223.324930488912,2169.3312064620977,3126.691,29.041
2026-07-25 14:38:55.154,0 days 00:52:06.739000,3,293.0466666666669,0 days 00:00:29.089000,11144.8,220.7,5,52.4,False,0,pos,1802.4945667109257,0.4124504633779137,OnTrack,178.0,8248.0,2170.0,3126.739,29.089
2026-07-25 14:38:55.266,0 days 00:52:06.851000,3,290.837777777778,0 days 00:00:29.201000,11205.0,220.0,5,65.0,False,0,car,1809.3355555555559,0.4140158323232856,OnTrack,185.62097004039518,8315.903400842673,2171.8590511856805,3126.851,29.201
2026-07-25 14:38:55.275,0 days 00:52:06.860000,3,290.665274097778,0 days 00:00:29.210000,11205.375008,220.0,5,65.8250176,False,0,pos,1809.8851596417144,0.4141415938452325,OnTrack,186.0,8322.0,2172.0,3126.86,29.21
2026-07-25 14:38:55.506,0 days 00:52:07.091000,3,286.2377777777781,0 days 00:00:29.441000,11215.0,220.0,5,87.0,False,0,car,1824.0022222222224,0.4173718887434247,OnTrack,181.68469078010403,8504.220676247229,2174.559192973568,3127.091,29.441
2026-07-25 14:38:55.595,0 days 00:52:07.180000,3,284.75444124444476,0 days 00:00:29.530000,11240.031304,220.5562512,5,90.6156328,False,0,pos,1829.4623160123901,0.41862127848108743,OnTrack,176.0,8565.0,2175.0,3127.18,29.53
2026-07-25 14:38:55.826,0 days 00:52:07.411000,3,280.90444444444483,0 days 00:00:29.761000,11305.0,222.0,5,100.0,False,0,car,1843.7355555555557,0.42188731010870273,OnTrack,155.29353903513035,8668.965297138373,2174.9087584591184,3127.411,29.761
2026-07-25 14:38:55.915,0 days 00:52:07.500000,3,279.4952747377782,0 days 00:00:29.850000,11312.5093912,223.1125024,5,100.0,False,0,pos,1849.296930136215,0.4231598751223086,OnTrack,143.0,8711.0,2175.0,3127.5,29.85
2026-07-25 14:38:56.135,0 days 00:52:07.720000,3,276.0119414044449,0 days 00:00:30.070000,11331.0718912,225.8625024,5,100.0,False,0,pos,1863.1335711564025,0.4263260033901923,OnTrack,101.0,8844.0,2176.0,3127.72,30.07
2026-07-25 14:38:56.146,0 days 00:52:07.731000,3,275.83777777777823,0 days 00:00:30.081000,11332.0,226.0,5,100.0,False,0,car,1863.8244444444447,0.42648409041749935,OnTrack,98.65551590043572,8850.795442824809,2176.032633240258,3127.731,30.081
2026-07-25 14:38:56.435,0 days 00:52:08.020000,3,272.38583104000065,0 days 00:00:30.370000,11427.530619022222,226.0,5,100.0,False,0,pos,1881.9468834747265,0.43063090368041923,OnTrack,34.0,9022.0,2176.0,3128.02,30.37
2026-07-25 14:38:56.506,0 days 00:52:08.091000,3,271.5377777777785,0 days 00:00:30.441000,11451.0,226.0,5,100.0,False,0,car,1886.4244444444446,0.43165546826489554,OnTrack,18.88329096115188,9062.405851316664,2175.9482234871143,3128.091,30.441
2026-07-25 14:38:56.595,0 days 00:52:08.180000,3,270.69722040888956,0 days 00:00:30.530000,11482.785782857143,226.9535734857143,5,100.0,False,0,pos,1892.0619775793234,0.43294546003337664,OnTrack,0.0,9113.0,2176.0,3128.18,30.53
2026-07-25 14:38:56.786,0 days 00:52:08.371000,3,268.8933333333339,0 days 00:00:30.721000,11551.0,229.0,5,100.0,False,0,car,1904.2355555555557,0.4357310428417766,OnTrack,-42.61837708936773,9223.72871654598,2176.8454120985343,3128.371,30.721
2026-07-25 14:38:56.835,0 days 00:52:08.420000,3,268.44416490666714,0 days 00:00:30.770000,11566.43506048,229.49000192,5,100.0,False,0,pos,1907.3689162694343,0.4364480247968054,OnTrack,-53.0,9251.0,2177.0,3128.42,30.77
2026-07-25 14:38:56.986,0 days 00:52:08.571000,3,267.0600000000002,0 days 00:00:30.921000,11614.0,231.0,5,100.0,False,0,car,1917.068888888889,0.43866759220939827,OnTrack,-83.00607298578909,9332.782985296264,2177.0408717440096,3128.571,30.921
2026-07-25 14:38:57.055,0 days 00:52:08.640000,3,266.50416512000027,0 days 00:00:30.990000,11647.81009408,231.69000192,5,100.0,False,0,pos,1921.5408681481417,0.43969087957556263,OnTrack,-100.0,9384.0,2177.0,3128.64,30.99
2026-07-25 14:38:57.186,0 days 00:52:08.771000,3,265.4488888888893,0 days 00:00:31.121000,11712.0,233.0,5,100.0,False,0,car,1930.0133333333333,0.4416295662468695,OnTrack,-139.5395036370167,9511.696876985443,2176.9960001828404,3128.771,31.121
2026-07-25 14:38:57.195,0 days 00:52:08.780000,3,265.40638798222267,0 days 00:00:31.130000,11680.0868192,232.6624928,5,96.24992,False,0,pos,1930.5881546219734,0.441761098020245,OnTrack,-142.0,9520.0,2177.0,3128.78,31.13
2026-07-25 14:38:57.426,0 days 00:52:09.011000,3,264.3155555555561,0 days 00:00:31.361000,10861.0,224.0,5,0.0,True,0,car,1944.9466666666667,0.44504664187464754,OnTrack,-181.8300971897468,9673.920824039496,2177.305366421957,3129.011,31.361
2026-07-25 14:38:57.626,0 days 00:52:09.211000,3,264.4266666666672,0 days 00:00:31.561000,10260.0,209.0,5,0.0,True,0,car,1956.5577777777778,0.4477035198739243,OnTrack,-193.6797157219809,9756.176773855435,2177.83962323204,3129.211,31.561
2026-07-25 14:38:57.675,0 days 00:52:09.260000,3,264.64444529777836,0 days 00:00:31.610000,10447.4257344,205.3249856,5,0.0,True,0,pos,1959.2595853138155,0.44832175295533105,OnTrack,-196.0,9777.0,2178.0,3129.26,31.61
2026-07-25 14:38:57.866,0 days 00:52:09.451000,3,265.493333333334,0 days 00:00:31.801000,11178.0,191.0,5,0.0,True,0,car,1969.2911111111111,0.4506171870386815,OnTrack,-202.88225559144357,9860.770395343776,2178.735816721444,3129.451,31.801
2026-07-25 14:38:58.075,0 days 00:52:09.660000,3,267.11889038222284,0 days 00:00:32.010000,11933.38640822857,179.80356114285715,5,0.0,True,0,pos,1979.5925110796366,0.45297437427737175,OnTrack,-200.0,9965.0,2180.0,3129.66,32.01
2026-07-25 14:38:58.146,0 days 00:52:09.731000,3,267.6711111111117,0 days 00:00:32.081000,12190.0,176.0,5,0.0,True,0,car,1982.9800000000002,0.4537495063641447,OnTrack,-194.87205279126403,10005.416810184053,2180.6050948659117,3129.731,32.081
2026-07-25 14:38:58.295,0 days 00:52:09.880000,3,268.7058346666676,0 days 00:00:32.230000,11648.632635733333,170.4124928,5,0.0,True,0,pos,1989.944219774552,0.4553430732608932,OnTrack,-180.0,10089.0,2182.0,3129.88,32.23
2026-07-25 14:38:58.386,0 days 00:52:09.971000,3,269.3377777777789,0 days 00:00:32.321000,11318.0,167.0,3,0.0,True,0,car,1994.1133333333332,0.4562970582830684,OnTrack,-171.0857173406333,10129.132236199323,2182.7601824783583,3129.971,32.321
2026-07-25 14:38:58.586,0 days 00:52:10.171000,3,270.56000000000085,0 days 00:00:32.521000,10873.0,161.0,3,0.0,True,0,car,2003.0577777777778,0.4583437442059563,OnTrack,-148.57810483970746,10194.687581946135,2184.411368843368,3130.171,32.521
2026-07-25 14:38:58.695,0 days 00:52:10.280000,3,271.01416746666746,0 days 00:00:32.630000,10684.9746688,157.8857088,3,0.0,True,0,pos,2007.767624015148,0.4594214607766014,OnTrack,-124.0,10240.0,2186.0,3130.28,32.63
2026-07-25 14:38:58.866,0 days 00:52:10.451000,3,271.72666666666737,0 days 00:00:32.801000,10390.0,153.0,3,0.0,True,0,car,2014.957777777778,0.4610667263468419,OnTrack,-68.27467343584925,10327.599847852634,2189.4817130669417,3130.451,32.801
2026-07-25 14:38:58.895,0 days 00:52:10.480000,3,271.7991671466674,0 days 00:00:32.830000,10351.42974464,152.2749952,3,0.0,True,0,pos,2016.161261743902,0.4613421099894132,OnTrack,-60.0,10340.0,2190.0,3130.48,32.83
2026-07-25 14:38:59.066,0 days 00:52:10.651000,3,272.2266666666676,0 days 00:00:33.001000,10124.0,148.0,3,0.0,False,0,car,2023.1799999999998,0.4629481519157077,OnTrack,-27.460730989078236,10385.878676137485,2192.0807270617574,3130.651,33.001
2026-07-25 14:38:59.255,0 days 00:52:10.840000,3,272.59416694159046,0 days 00:00:33.190000,9920.765538338936,145.62761328800315,3,8.698751277321833,False,0,pos,2030.8259808844712,0.46469772077267985,OnTrack,19.0,10423.0,2194.0,3130.84,33.19
2026-07-25 14:38:59.305,0 days 00:52:10.890000,3,272.6913888888894,0 days 00:00:33.240000,9867.0,145.0,3,11.0,False,0,car,2032.806388888889,0.4651508817497972,OnTrack,41.38082264729438,10438.251858576155,2194.7412629987693,3130.89,33.24
2026-07-25 14:38:59.465,0 days 00:52:11.050000,3,272.8247222222226,0 days 00:00:33.400000,9911.0,140.0,3,39.0,False,0,car,2039.028611111111,0.4665746632613713,OnTrack,129.61499865735104,10494.509070539134,2197.5179369339035,3131.05,33.4
2026-07-25 14:38:59.495,0 days 00:52:11.080000,3,272.7747220088892,0 days 00:00:33.430000,9939.80012288,140.15000064,3,41.40001024,False,0,pos,2040.196483219584,0.466841898126431,OnTrack,144.0,10503.0,2198.0,3131.08,33.43
2026-07-25 14:38:59.665,0 days 00:52:11.250000,3,272.4913888888891,0 days 00:00:33.600000,10103.0,141.0,3,55.0,False,0,car,2046.8619444444446,0.46836710248576385,OnTrack,204.63018630051178,10533.5009203727,2200.3291989911268,3131.25,33.6
2026-07-25 14:38:59.865,0 days 00:52:11.450000,3,271.6025000000004,0 days 00:00:33.800000,10215.0,143.0,3,60.0,False,0,car,2054.8063888888887,0.4701849663800058,OnTrack,254.7010802164302,10542.484745491749,2202.8339526290656,3131.45,33.8
2026-07-25 14:38:59.935,0 days 00:52:11.520000,3,270.96083216000045,0 days 00:00:33.870000,10303.9319808,143.9545472,3,61.590912,False,0,pos,2057.6300015981324,0.4708310711682451,OnTrack,280.0,10545.0,2204.0,3131.52,33.87
2026-07-25 14:39:00.305,0 days 00:52:11.890000,3,267.5691666666671,0 days 00:00:34.240000,10774.0,149.0,3,70.0,False,0,car,2073.0175,0.4743520697683452,OnTrack,456.09553808478165,10554.872487803947,2211.5777657309486,3131.89,34.24
2026-07-25 14:39:00.335,0 days 00:52:11.920000,3,267.1358314844449,0 days 00:00:34.270000,10826.27522304,149.7500032,3,70.52500224,False,0,pos,2074.306259968737,0.4746469664388292,OnTrack,466.0,10555.0,2212.0,3131.92,34.27
2026-07-25 14:39:00.635,0 days 00:52:12.220000,3,262.80249815111154,0 days 00:00:34.570000,11349.02522304,157.2500032,3,75.77500224,False,0,pos,2087.528838748292,0.4776725837390965,OnTrack,531.0,10547.0,2215.0,3132.22,34.57
2026-07-25 14:39:00.705,0 days 00:52:12.290000,3,261.7913888888893,0 days 00:00:34.640000,11471.0,159.0,3,77.0,False,0,car,2090.6841666666664,0.4783945922744218,OnTrack,558.4602323494778,10541.378425732333,2216.403913614935,3132.29,34.64
2026-07-25 14:39:00.815,0 days 00:52:12.400000,3,259.92749783111174,0 days 00:00:34.750000,11736.3753088,163.1250048,3,83.1875072,False,0,pos,2095.6946094311943,0.47954109195221495,OnTrack,609.0,10530.0,2219.0,3132.4,34.75
2026-07-25 14:39:00.865,0 days 00:52:12.450000,3,259.0802777777785,0 days 00:00:34.800000,11857.0,165.0,3,86.0,False,0,car,2098.0174999999995,0.4800726204844913,OnTrack,630.5951700294096,10524.185561609007,2220.0982467289487,3132.45,34.8
2026-07-25 14:39:00.995,0 days 00:52:12.580000,3,256.37194116093303,0 days 00:00:34.930000,11681.199075120074,170.08897414126102,3,92.47687617978674,False,0,pos,2104.2338124962325,0.48149504972057594,OnTrack,688.0,10505.0,2223.0,3132.58,34.93
2026-07-25 14:39:01.146,0 days 00:52:12.731000,3,253.22611111111155,0 days 00:00:35.081000,11477.0,176.0,3,100.0,False,0,car,2111.7552777777773,0.4832161266646883,OnTrack,775.4806831829926,10468.20004875713,2227.456398336088,3132.731,35.081
2026-07-25 14:39:01.375,0 days 00:52:12.960000,3,247.50110631111156,0 days 00:00:35.310000,11387.5468,185.30313280000001,3,100.0,False,0,pos,2123.7093924978576,0.48595149144560223,OnTrack,922.0,10394.0,2235.0,3132.96,35.31
2026-07-25 14:39:01.466,0 days 00:52:13.051000,3,245.22611111111155,0 days 00:00:35.401000,11352.0,189.0,4,100.0,False,0,car,2128.5552777777775,0.48706033674593857,OnTrack,970.4982804360393,10364.018917007086,2237.5368339176575,3133.051,35.401
2026-07-25 14:39:01.626,0 days 00:52:13.211000,3,241.00388888888938,0 days 00:00:35.561000,11809.0,194.0,4,100.0,False,0,car,2137.1775,0.4890332911262628,OnTrack,1041.845070358035,10312.415257137533,2241.3149963532883,3133.211,35.561
2026-07-25 14:39:01.714,0 days 00:52:13.299000,3,238.58388888888948,0 days 00:00:35.649000,11555.266666666666,197.17777777777778,4,100.0,False,0,pos,2142.069945077025,0.4901527903338261,OnTrack,1074.0,10288.0,2243.0,3133.299,35.649
2026-07-25 14:39:01.986,0 days 00:52:13.571000,3,231.10388888888974,0 days 00:00:35.921000,10771.0,207.0,5,100.0,False,0,car,2157.8774999999996,0.49376990711923185,OnTrack,1146.1780578985151,10230.438834270804,2246.6635402212078,3133.571,35.921
2026-07-25 14:39:02.115,0 days 00:52:13.700000,3,227.19804974222316,0 days 00:00:36.050000,10957.40527744,211.51500672,5,100.0,False,0,pos,2165.651999161864,0.49554888378915507,OnTrack,1190.0,10193.0,2249.0,3133.7,36.05
2026-07-25 14:39:02.275,0 days 00:52:13.860000,3,222.3536052977788,0 days 00:00:36.210000,11188.60527744,217.11500672,5,100.0,False,0,pos,2175.5112086127297,0.4978048880965465,OnTrack,1262.0,10130.0,2253.0,3133.86,36.21
2026-07-25 14:39:02.386,0 days 00:52:13.971000,3,218.99277777777888,0 days 00:00:36.321000,11349.0,221.0,5,100.0,False,0,car,2182.4330555555553,0.4993887591559799,OnTrack,1308.2604173411348,10087.6311547233,2255.696246206851,3133.971,36.321
2026-07-25 14:39:02.475,0 days 00:52:14.060000,3,216.24860519111218,0 days 00:00:36.410000,11362.90628,224.3375072,5,100.0,False,0,pos,2188.0259822164076,0.5006685439805836,OnTrack,1351.0,10046.0,2258.0,3134.06,36.41
2026-07-25 14:39:02.546,0 days 00:52:14.131000,3,214.0594444444455,0 days 00:00:36.481000,11374.0,227.0,5,100.0,False,0,car,2192.521944444444,0.5016973191783181,OnTrack,1393.812248145684,10002.65816795659,2260.0792231468317,3134.131,36.481
2026-07-25 14:39:02.786,0 days 00:52:14.371000,3,206.65944444444585,0 days 00:00:36.721000,10500.0,232.0,5,100.0,False,0,car,2207.9886111111105,0.5052364332213737,OnTrack,1551.183150939704,9838.040708169128,2266.855044897407,3134.371,36.721
2026-07-25 14:39:02.795,0 days 00:52:14.380000,3,206.3769384177792,0 days 00:00:36.730000,10507.682306742858,232.2250048,5,100.0,False,0,pos,2208.5773582628735,0.5053711515389996,OnTrack,1555.0,9834.0,2267.0,3134.38,36.73
2026-07-25 14:39:03.066,0 days 00:52:14.651000,3,197.87055555555708,0 days 00:00:37.001000,10739.0,239.0,6,100.0,False,0,car,2226.5774999999994,0.5094899804872016,OnTrack,1614.8311216781265,9768.408092074495,2268.597956513201,3134.651,37.001
2026-07-25 14:39:03.095,0 days 00:52:14.680000,3,196.99249418666818,0 days 00:00:37.030000,10754.5876032,239.5437536,6,100.0,False,0,pos,2228.5273330395257,0.5099361452388268,OnTrack,1626.0,9756.0,2269.0,3134.68,37.03
2026-07-25 14:39:03.375,0 days 00:52:14.960000,3,188.51471640889042,0 days 00:00:37.310000,10905.0876032,244.7937536,6,100.0,False,0,pos,2247.5944670416616,0.5142991255216577,OnTrack,1798.0,9566.0,2276.0,3134.96,37.31
2026-07-25 14:39:03.386,0 days 00:52:14.971000,3,188.1816666666682,0 days 00:00:37.321000,10911.0,245.0,6,100.0,False,0,car,2248.3552777777772,0.5144732157777112,OnTrack,1803.5836024637495,9559.831740522814,2276.2141269369536,3134.971,37.321
2026-07-25 14:39:03.715,0 days 00:52:15.300000,3,179.8652729244458,0 days 00:00:37.650000,10663.42735552,245.0,6,58.05247552,False,0,pos,2271.1009422711154,0.5196779248699748,OnTrack,1909.0,9443.0,2279.0,3135.3,37.65
2026-07-25 14:39:03.786,0 days 00:52:15.371000,3,178.0705555555569,0 days 00:00:37.721000,10610.0,245.0,6,49.0,True,0,car,2275.5774999999994,0.5207022598908482,OnTrack,1935.2160714083775,9413.884110743427,2279.3782739657263,3135.371,37.721
2026-07-25 14:39:04.015,0 days 00:52:15.600000,3,175.90777596444545,0 days 00:00:37.950000,9517.160194844444,213.8305294222222,6,17.830529422222224,True,0,pos,2288.4356867349843,0.5236444962642546,OnTrack,2033.0,9305.0,2281.0,3135.6,37.95
2026-07-25 14:39:04.146,0 days 00:52:15.731000,3,174.67055555555635,0 days 00:00:38.081000,8892.0,196.0,6,0.0,True,0,car,2295.1775,0.5251871716523069,OnTrack,2083.9007442307616,9247.834387677494,2282.573629120917,3135.731,38.081
2026-07-25 14:39:04.215,0 days 00:52:15.800000,3,174.6130553955564,0 days 00:00:38.150000,9336.188736,189.9624832,6,0.0,True,0,pos,2298.6436710482826,0.5259803079432085,OnTrack,2109.0,9220.0,2283.0,3135.8,38.15
2026-07-25 14:39:04.275,0 days 00:52:15.860000,3,174.56305539555643,0 days 00:00:38.210000,9722.438736,184.7124832,6,0.0,True,0,pos,2301.6093490251824,0.5266589203941929,OnTrack,2130.0,9197.0,2283.0,3135.86,38.21
2026-07-25 14:39:04.386,0 days 00:52:15.971000,3,174.47055555555653,0 days 00:00:38.321000,10437.0,175.0,6,0.0,True,0,car,2306.8441666666663,0.5278567619865084,OnTrack,2167.3510319518755,9154.940992076556,2283.3098309639654,3135.971,38.321
2026-07-25 14:39:04.515,0 days 00:52:16.100000,3,175.8322242488898,0 days 00:00:38.450000,10510.881928145454,165.9113501090909,6,0.0,True,0,pos,2312.4426350924728,0.5291378148890111,OnTrack,2207.0,9109.0,2284.0,3136.1,38.45
2026-07-25 14:39:04.815,0 days 00:52:16.400000,3,178.99889091555625,0 days 00:00:38.750000,10682.700109963636,144.77498647272728,6,0.0,True,0,pos,2324.0310664169015,0.53178950325349,OnTrack,2286.0,9009.0,2285.0,3136.4,38.75
2026-07-25 14:39:04.826,0 days 00:52:16.411000,3,179.1150000000007,0 days 00:00:38.761000,10689.0,144.0,4,0.0,True,0,car,2324.4441666666667,0.5318840296906754,OnTrack,2289.356267990844,9003.946461295685,2285.0118366893425,3136.411,38.761
2026-07-25 14:39:05.015,0 days 00:52:16.600000,3,181.58250250666754,0 days 00:00:38.950000,10727.74503936,132.65998848,4,0.0,True,0,pos,2331.3914653751353,0.5334737246747558,OnTrack,2347.0,8911.0,2285.0,3136.6,38.95
2026-07-25 14:39:05.026,0 days 00:52:16.611000,3,181.726111111112,0 days 00:00:38.961000,10730.0,132.0,2,0.0,True,0,car,2331.7774999999997,0.533562057900745,OnTrack,2349.334840819403,8907.12862563765,2284.9981725245134,3136.611,38.961
2026-07-25 14:39:05.266,0 days 00:52:16.851000,3,185.0594444444455,0 days 00:00:39.201000,9961.0,119.0,2,0.0,True,0,car,2339.710833333333,0.535377379328002,OnTrack,2369.1745395810544,8867.863840591328,2285.013234541249,3136.851,39.201
2026-07-25 14:39:05.315,0 days 00:52:16.900000,3,185.68555800889,0 days 00:00:39.250000,9870.3496448,118.18333013333333,2,0.20416746666666666,True,0,pos,2341.293295981601,0.535739481641435,OnTrack,2372.0,8857.0,2285.0,3136.9,39.25
2026-07-25 14:39:05.506,0 days 00:52:17.091000,3,188.12611111111255,0 days 00:00:39.441000,9517.0,115.0,2,1.0,False,0,car,2347.3774999999996,0.5371316815476201,OnTrack,2388.9880017609285,8783.432224087648,2284.847900435768,3137.091,39.441
2026-07-25 14:39:05.695,0 days 00:52:17.280000,3,190.69861372444606,0 days 00:00:39.630000,9462.6624448,110.2749952,2,4.937504000000001,False,0,pos,2353.1116150539387,0.5384437733867513,OnTrack,2402.0,8700.0,2285.0,3137.28,39.63
2026-07-25 14:39:05.746,0 days 00:52:17.331000,3,191.39277777777943,0 days 00:00:39.681000,9448.0,109.0,2,6.0,False,0,car,2354.644166666666,0.5387944549557799,OnTrack,2402.644532566852,8682.130664530168,2285.1702109943244,3137.331,39.681
2026-07-25 14:39:05.985,0 days 00:52:17.570000,3,194.11472222222346,0 days 00:00:39.920000,9218.0,108.0,2,12.0,False,0,car,2361.814166666666,0.5404351089011706,OnTrack,2391.503785848836,8621.28254462053,2286.536534537695,3137.57,39.92
2026-07-25 14:39:06.075,0 days 00:52:17.660000,3,195.08972360889027,0 days 00:00:40.010000,9165.1249248,107.24999893333333,2,21.0000128,False,0,pos,2364.4609677390276,0.5410407552919705,OnTrack,2385.0,8602.0,2287.0,3137.66,40.01
2026-07-25 14:39:06.225,0 days 00:52:17.810000,3,196.71472222222383,0 days 00:00:40.160000,9077.0,106.0,2,36.0,False,0,car,2368.8808333333327,0.5420521179036013,OnTrack,2373.185962973678,8571.26560100974,2287.5663937525487,3137.81,40.16
2026-07-25 14:39:06.385,0 days 00:52:17.970000,3,198.22583333333432,0 days 00:00:40.320000,9659.0,110.0,2,47.0,False,0,car,2373.769722222222,0.5431708033769811,OnTrack,2358.3980632124044,8538.618821333637,2287.9054060984013,3137.97,40.32
2026-07-25 14:39:06.475,0 days 00:52:18.060000,3,198.9758344000009,0 days 00:00:40.410000,9889.40032768,111.35000192,2,53.30000896,False,0,pos,2376.555252617855,0.5438081940929645,OnTrack,2348.0,8518.0,2288.0,3138.06,40.41
2026-07-25 14:39:06.585,0 days 00:52:18.170000,3,199.89250000000084,0 days 00:00:40.520000,10171.0,113.0,2,61.0,False,0,car,2380.0474999999997,0.54460729722348,OnTrack,2333.148988874006,8490.341971298694,2288.0240987129873,3138.17,40.52
2026-07-25 14:39:06.675,0 days 00:52:18.260000,3,200.39250071111195,0 days 00:00:40.610000,10369.281532,116.0937544,2,62.1250016,False,0,pos,2383.0380774949153,0.5452916072326892,OnTrack,2318.0,8461.0,2288.0,3138.26,40.61
2026-07-25 14:39:06.895,0 days 00:52:18.480000,3,201.6147229333342,0 days 00:00:40.830000,10853.969032,123.6562544,2,64.8750016,False,0,pos,2390.7164348065644,0.5470485845294086,OnTrack,2273.0,8364.0,2288.0,3138.48,40.83
2026-07-25 14:39:06.905,0 days 00:52:18.490000,3,201.67027777777867,0 days 00:00:40.840000,10876.0,124.0,2,65.0,False,0,car,2391.069722222222,0.5471294244725543,OnTrack,2271.50155450705,8360.416445767263,2288.0159630696844,3138.49,40.84
2026-07-25 14:39:07.185,0 days 00:52:18.770000,3,202.99250000000075,0 days 00:00:41.120000,10596.0,129.0,2,52.0,False,0,car,2401.1030555555553,0.5494252721599676,OnTrack,2254.6572372824767,8297.565549544048,2288.929320954673,3138.77,41.12
2026-07-25 14:39:07.235,0 days 00:52:18.820000,3,203.24250064000074,0 days 00:00:41.170000,10471.780932,130.0937528,2,54.5000064,False,0,pos,2402.941232283847,0.5498458874879448,OnTrack,2253.0,8284.0,2289.0,3138.82,41.17
2026-07-25 14:39:07.475,0 days 00:52:19.060000,3,204.44250064000067,0 days 00:00:41.410000,9875.530932,135.3437528,2,66.5000064,False,0,pos,2412.0194110806765,0.5519231747766451,OnTrack,2245.0,8195.0,2289.0,3139.06,41.41
2026-07-25 14:39:07.505,0 days 00:52:19.090000,3,204.59250000000065,0 days 00:00:41.440000,9801.0,136.0,3,68.0,False,0,car,2413.1919444444443,0.5521914762395974,OnTrack,2244.7315742449023,8183.4486168439735,2289.105518763912,3139.09,41.44
2026-07-25 14:39:07.655,0 days 00:52:19.240000,3,205.13416723688536,0 days 00:00:41.590000,10239.318218431046,140.67290211546958,3,73.6074825385635,False,0,pos,2419.1893604367724,0.553563817133595,OnTrack,2246.0,8126.0,2290.0,3139.24,41.59
2026-07-25 14:39:07.826,0 days 00:52:19.411000,3,205.751666666667,0 days 00:00:41.761000,10739.0,146.0,3,80.0,False,0,car,2426.2102777777777,0.5551703576825187,OnTrack,2249.844042808403,8056.042596444897,2290.931874503379,3139.411,41.761
2026-07-25 14:39:07.855,0 days 00:52:19.440000,3,205.83222275555596,0 days 00:00:41.790000,10809.739754057144,146.7250048,3,81.76072594285715,False,0,pos,2427.4097085929197,0.5554448138748599,OnTrack,2251.0,8044.0,2291.0,3139.44,41.79
2026-07-25 14:39:08.106,0 days 00:52:19.691000,3,206.5294444444453,0 days 00:00:42.041000,11422.0,153.0,3,97.0,False,0,car,2438.1102777777774,0.5578933398234042,OnTrack,2268.4318065736734,7939.360795639075,2290.7306545175647,3139.691,42.041
2026-07-25 14:39:08.154,0 days 00:52:19.739000,3,206.2361111111119,0 days 00:00:42.089000,11363.309090909092,155.83636363636364,3,97.32727272727273,False,0,pos,2440.3091992537416,0.5583965014963672,OnTrack,2273.0,7919.0,2291.0,3139.739,42.089
2026-07-25 14:39:08.254,0 days 00:52:19.839000,3,205.62499843555625,0 days 00:00:42.189000,11241.036050618182,161.74546967272727,3,98.00909265454546,False,0,pos,2445.0742182369313,0.5594868428066367,OnTrack,2284.0,7875.0,2292.0,3139.839,42.189
2026-07-25 14:39:08.546,0 days 00:52:20.131000,3,203.84055555555597,0 days 00:00:42.481000,10884.0,179.0,3,100.0,False,0,car,2459.9880555555555,0.5628994573167785,OnTrack,2333.5618551298617,7712.646973145149,2292.9871972916762,3140.131,42.481
2026-07-25 14:39:08.555,0 days 00:52:20.140000,3,203.7305532088893,0 days 00:00:42.490000,10894.82273088,179.3375072,3,100.0,False,0,pos,2460.4591552809093,0.5630072553116285,OnTrack,2335.0,7708.0,2293.0,3140.14,42.49
2026-07-25 14:39:08.935,0 days 00:52:20.520000,3,199.08610876444462,0 days 00:00:42.870000,11351.77273088,193.5875072,3,100.0,False,0,pos,2480.9318631279107,0.5676918618530531,OnTrack,2384.0,7540.0,2294.0,3140.52,42.87
2026-07-25 14:39:08.946,0 days 00:52:20.531000,3,198.95166666666682,0 days 00:00:42.881000,11365.0,194.0,4,100.0,False,0,car,2481.543611111111,0.567831843267589,OnTrack,2385.4584425899284,7534.622685223045,2294.069161940025,3140.531,42.881
2026-07-25 14:39:09.095,0 days 00:52:20.680000,3,196.34416330666681,0 days 00:00:43.030000,10980.57950464,198.47000576,4,100.0,False,0,pos,2489.941995739975,0.5697535786757137,OnTrack,2406.0,7457.0,2295.0,3140.68,43.03
2026-07-25 14:39:09.235,0 days 00:52:20.820000,3,193.89416330666683,0 days 00:00:43.170000,10619.37950464,202.67000576,4,100.0,False,0,pos,2497.997517021089,0.5715968593970582,OnTrack,2425.0,7382.0,2295.0,3140.82,43.17
2026-07-25 14:39:09.346,0 days 00:52:20.931000,3,191.95166666666682,0 days 00:00:43.281000,10333.0,206.0,4,100.0,False,0,car,2504.4325,0.5730693252565939,OnTrack,2439.984120613972,7321.356638221364,2295.5550984300176,3140.931,43.281
2026-07-25 14:39:09.435,0 days 00:52:21.020000,3,190.27055192888898,0 days 00:00:43.370000,10479.8503168,207.6687536,4,100.0,False,0,pos,2509.617974902966,0.5742558761433828,OnTrack,2452.0,7272.0,2296.0,3141.02,43.37
2026-07-25 14:39:09.506,0 days 00:52:21.091000,3,188.92944444444447,0 days 00:00:43.441000,10597.0,209.0,5,100.0,True,0,car,2513.721388888889,0.5751948276560155,OnTrack,2461.593031952331,7232.20200874243,2296.0846278261465,3141.091,43.441
2026-07-25 14:39:09.655,0 days 00:52:21.240000,3,186.48749685333357,0 days 00:00:43.590000,10147.338706285715,203.67856457142858,5,46.785645714285714,True,0,pos,2522.1181887533007,0.5771162004351233,OnTrack,2483.0,7149.0,2296.0,3141.24,43.59
2026-07-25 14:39:09.786,0 days 00:52:21.371000,3,184.34055555555597,0 days 00:00:43.721000,9752.0,199.0,5,0.0,True,0,car,2529.1991666666668,0.5787364841660562,OnTrack,2505.476113732299,7079.048426206984,2296.5533593371956,3141.371,43.721
2026-07-25 14:39:09.875,0 days 00:52:21.460000,3,183.37638680888915,0 days 00:00:43.810000,9979.197712355555,194.30276764444446,5,0.0,True,0,pos,2533.8199094718984,0.5797938119086,OnTrack,2522.0,7035.0,2297.0,3141.46,43.81
2026-07-25 14:39:10.146,0 days 00:52:21.731000,3,180.44055555555542,0 days 00:00:44.081000,10671.0,180.0,4,0.0,True,0,car,2547.199166666667,0.5828552806816816,OnTrack,2582.4676973224923,6916.120272028274,2297.8083561381277,3141.731,44.081
2026-07-25 14:39:10.195,0 days 00:52:21.780000,3,180.05944295111104,0 days 00:00:44.130000,10548.091185066667,178.57082773333335,4,0.0,True,0,pos,2549.578273321252,0.5833996726927485,OnTrack,2600.0,6891.0,2298.0,3141.78,44.13
2026-07-25 14:39:10.386,0 days 00:52:21.971000,3,178.5738888888891,0 days 00:00:44.321000,10069.0,173.0,4,0.0,True,0,car,2558.7325000000005,0.5854943614120637,OnTrack,2687.945950267853,6782.440252011705,2298.9607914207745,3141.971,44.321
2026-07-25 14:39:10.395,0 days 00:52:21.980000,3,178.5438882488891,0 days 00:00:44.330000,10059.7748032,172.79999573333333,4,0.2500053333333333,True,0,pos,2559.15661308993,0.5855914078296766,OnTrack,2692.0,6778.0,2299.0,3141.98,44.33
2026-07-25 14:39:10.746,0 days 00:52:22.331000,3,177.37388888888927,0 days 00:00:44.681000,9700.0,165.0,4,10.0,False,0,car,2575.2325000000005,0.5892699248847202,OnTrack,2818.587530547156,6675.9669265682405,2299.914079818193,3142.331,44.681
2026-07-25 14:39:10.775,0 days 00:52:22.360000,3,177.4141669333337,0 days 00:00:44.710000,9694.614250057142,164.58571154285715,4,14.3500288,False,0,pos,2576.535825543442,0.5895681544795566,OnTrack,2827.0,6671.0,2300.0,3142.36,44.71
2026-07-25 14:39:11.026,0 days 00:52:22.611000,3,177.76277777777796,0 days 00:00:44.961000,9648.0,161.0,4,52.0,False,0,car,2587.754722222223,0.5921352851767632,OnTrack,2893.6778485095897,6639.148711955372,2300.8951354651663,3142.611,44.961
2026-07-25 14:39:11.095,0 days 00:52:22.680000,3,177.97361169777793,0 days 00:00:45.030000,9670.917920914286,161.4928585142857,4,53.7250048,False,0,pos,2590.855072129232,0.592844713531997,OnTrack,2917.0,6631.0,2301.0,3142.68,45.03
2026-07-25 14:39:11.275,0 days 00:52:22.860000,3,178.5236116977778,0 days 00:00:45.210000,9730.7036352,162.7785728,4,58.2250048,False,0,pos,2599.012081489876,0.5947112169615828,OnTrack,2996.0,6609.0,2301.0,3142.86,45.21
2026-07-25 14:39:11.306,0 days 00:52:22.891000,3,178.61833333333334,0 days 00:00:45.241000,9741.0,163.0,4,59.0,False,0,car,2600.432500000001,0.5950362400065956,OnTrack,3012.2953325450117,6605.761229513854,2301.072568800296,3142.891,45.241
2026-07-25 14:39:11.626,0 days 00:52:23.211000,3,179.95166666666682,0 days 00:00:45.561000,10183.0,168.0,4,71.0,False,0,car,2615.365833333334,0.5984533156343737,OnTrack,3206.903314028218,6583.456941774407,2302.959169833003,3143.211,45.561
2026-07-25 14:39:11.635,0 days 00:52:23.220000,3,179.99666762666686,0 days 00:00:45.570000,10193.406472,168.2250048,4,71.3375072,False,0,pos,2615.791878561035,0.5985508041676711,OnTrack,3212.0,6583.0,2303.0,3143.22,45.57
2026-07-25 14:39:11.786,0 days 00:52:23.371000,3,180.75166666666746,0 days 00:00:45.721000,10368.0,172.0,4,77.0,False,0,car,2623.0102777777784,0.6002025329200218,OnTrack,3290.944584137106,6576.323664459935,2303.447849378515,3143.371,45.721
2026-07-25 14:39:11.946,0 days 00:52:23.531000,3,181.46277777777823,0 days 00:00:45.881000,10478.0,178.0,4,83.0,False,0,car,2630.92138888889,0.6020127694133091,OnTrack,3362.59508665896,6570.550459636754,2303.677676979601,3143.531,45.881
2026-07-25 14:39:12.035,0 days 00:52:23.620000,3,181.90777873777859,0 days 00:00:45.970000,10418.4811216,180.2250048,4,67.9812176,False,0,pos,2635.4314502823636,0.6030447708106811,OnTrack,3399.0,6567.0,2304.0,3143.62,45.97
2026-07-25 14:39:12.106,0 days 00:52:23.691000,3,182.26277777777887,0 days 00:00:46.041000,10371.0,182.0,4,56.0,True,0,car,2639.0102777777784,0.6038636853783553,OnTrack,3426.3575952110573,6563.952795277699,2304.3703710261925,3143.691,46.041
2026-07-25 14:39:12.306,0 days 00:52:23.891000,3,184.04055555555624,0 days 00:00:46.241000,10015.0,175.0,4,0.0,True,0,car,2648.7325000000005,0.60608834399019,OnTrack,3498.122714378347,6553.173067583647,2305.7200784220013,3143.891,46.241
2026-07-25 14:39:12.395,0 days 00:52:23.980000,3,185.0788911288895,0 days 00:00:46.330000,10271.193409828571,172.45713737142856,4,1.9071469714285714,True,0,pos,2652.9209223112207,0.6070467472802689,OnTrack,3533.0,6545.0,2306.0,3143.98,46.33
2026-07-25 14:39:12.586,0 days 00:52:24.171000,3,187.30722222222266,0 days 00:00:46.521000,10821.0,167.0,4,6.0,False,0,car,2661.7213888888896,0.6090604878956011,OnTrack,3615.6432874957422,6518.941195756253,2305.9218472023076,3144.171,46.521
2026-07-25 14:39:12.615,0 days 00:52:24.200000,3,187.7019468988953,0 days 00:00:46.550000,10899.42816063269,166.45282678628357,4,6.0,False,0,pos,2663.050148255177,0.6093645373093771,OnTrack,3628.0,6514.0,2306.0,3144.2,46.55
2026-07-25 14:39:12.745,0 days 00:52:24.330000,3,189.47138888888912,0 days 00:00:46.680000,11251.0,164.0,4,6.0,False,0,car,2668.964722222223,0.6107179221230925,OnTrack,3681.1255643165096,6488.653617168682,2306.8135036397425,3144.33,46.68
2026-07-25 14:39:12.775,0 days 00:52:24.360000,3,189.96305765333358,0 days 00:00:46.710000,11213.749841066667,163.4166641777778,4,6.9166705777777775,False,0,pos,2670.3099091609647,0.6110257305273233,OnTrack,3693.0,6482.0,2307.0,3144.36,46.71
2026-07-25 14:39:13.095,0 days 00:52:24.680000,3,195.2075020977781,0 days 00:00:47.030000,10816.416507733333,157.19444195555556,4,16.694448355555554,False,0,pos,2684.236615952588,0.6142124678277385,OnTrack,3808.0,6399.0,2308.0,3144.68,47.03
2026-07-25 14:39:13.105,0 days 00:52:24.690000,3,195.37138888888921,0 days 00:00:47.040000,10804.0,157.0,3,17.0,False,0,car,2684.6647222222227,0.6143104279728323,OnTrack,3810.947498146245,6396.564840364711,2308.0298287384558,3144.69,47.04
2026-07-25 14:39:13.305,0 days 00:52:24.890000,3,199.03805555555618,0 days 00:00:47.240000,10608.0,153.0,3,17.0,False,0,car,2693.1647222222227,0.616255415216322,OnTrack,3862.4928398944894,6349.296596180514,2308.7708613026257,3144.89,47.24
2026-07-25 14:39:13.355,0 days 00:52:24.940000,3,199.99639134222286,0 days 00:00:47.290000,10628.0000512,152.64285622857142,3,22.892872228571427,False,0,pos,2695.27173768066,0.6167375467679098,OnTrack,3876.0,6334.0,2309.0,3144.94,47.29
2026-07-25 14:39:13.585,0 days 00:52:25.170000,3,204.40472222222297,0 days 00:00:47.520000,10720.0,151.0,3,50.0,False,0,car,2704.9091666666673,0.6189428028194183,OnTrack,3947.8999992567838,6236.72601254231,2310.2682322995997,3145.17,47.52
2026-07-25 14:39:13.735,0 days 00:52:25.320000,3,207.32139137777872,0 days 00:00:47.670000,10844.821535085714,151.53571474285715,3,56.96429165714286,False,0,pos,2711.2108586478985,0.620384768762465,OnTrack,3985.0,6177.0,2311.0,3145.32,47.67
2026-07-25 14:39:13.865,0 days 00:52:25.450000,3,209.84916666666777,0 days 00:00:47.800000,10953.0,152.0,3,63.0,False,0,car,2716.7313888888893,0.6216479876914092,OnTrack,4002.249433233859,6140.527991186861,2311.439612958529,3145.45,47.8
2026-07-25 14:39:14.015,0 days 00:52:25.600000,3,212.59916901333398,0 days 00:00:47.950000,11137.50015744,155.00000256,3,69.00000512,False,0,pos,2723.211994198782,0.6231308929452718,OnTrack,4015.0,6098.0,2312.0,3145.6,47.95
2026-07-25 14:39:14.065,0 days 00:52:25.650000,3,213.51583333333383,0 days 00:00:48,11199.0,156.0,3,71.0,False,0,car,2725.3980555555563,0.6236311119396732,OnTrack,4020.263169455209,6078.827095229074,2312.2745292440322,3145.65,48.0
2026-07-25 14:39:14.175,0 days 00:52:25.760000,3,215.37972472155232,0 days 00:00:48.110000,11341.908778886875,158.43767639892323,3,73.43767639892324,False,0,pos,2730.252449165874,0.6247419041334316,OnTrack,4032.0,6031.0,2313.0,3145.76,48.11
2026-07-25 14:39:14.426,0 days 00:52:26.011000,3,219.63277777777876,0 days 00:00:48.361000,11668.0,164.0,3,79.0,False,0,car,2741.843611111112,0.6273942173241035,OnTrack,4045.799778429701,5920.051417585244,2314.9294231025424,3146.011,48.361
2026-07-25 14:39:14.435,0 days 00:52:26.020000,3,219.60027708444542,0 days 00:00:48.370000,11664.518346778947,164.33158602105263,3,79.12434475789473,False,0,pos,2742.2839701503995,0.6274949811728058,OnTrack,4046.0,5916.0,2315.0,3146.02,48.37
2026-07-25 14:39:15.946,0 days 00:52:27.531000,3,214.14388888888925,0 days 00:00:49.881000,11080.0,220.0,5,100.0,False,0,car,2834.732500000001,0.6486492413183179,OnTrack,3884.603947715414,5137.737444198421,2325.7016063956066,3147.531,49.881
2026-07-25 14:39:15.995,0 days 00:52:27.580000,3,213.72194279111156,0 days 00:00:49.930000,11132.062704,221.531256,5,100.0,False,0,pos,2837.856888530894,0.6493641702402347,OnTrack,3878.0,5109.0,2326.0,3147.58,49.93
2026-07-25 14:39:16.235,0 days 00:52:27.820000,3,211.6552761244453,0 days 00:00:50.170000,11387.062704,229.031256,5,100.0,False,0,pos,2853.16854364276,0.6528678142248573,OnTrack,3848.0,4964.0,2328.0,3147.82,50.17
2026-07-25 14:39:16.266,0 days 00:52:27.851000,3,211.38833333333423,0 days 00:00:50.201000,11420.0,230.0,5,100.0,False,0,car,2855.1769444444453,0.653327380570633,OnTrack,3844.8201662724923,4944.436059715555,2328.519154688711,3147.851,50.201
2026-07-25 14:39:16.295,0 days 00:52:27.880000,3,211.05805336888977,0 days 00:00:50.230000,11361.1839856,230.7250048,5,100.0,False,0,pos,2857.064181358742,0.6537592219498976,OnTrack,3842.0,4926.0,2329.0,3147.88,50.23
2026-07-25 14:39:16.555,0 days 00:52:28.140000,3,208.09694225777852,0 days 00:00:50.490000,10833.8714856,237.2250048,5,100.0,False,0,pos,2874.26970171168,0.6576962240209645,OnTrack,3824.0,4759.0,2331.0,3148.14,50.49
2026-07-25 14:39:16.586,0 days 00:52:28.171000,3,207.74388888888961,0 days 00:00:50.521000,10771.0,238.0,6,100.0,False,0,car,2876.332500000001,0.6581682377099852,OnTrack,3823.1754990531845,4739.313396692946,2331.2308971217903,3148.171,50.521
2026-07-25 14:39:16.755,0 days 00:52:28.340000,3,205.7252754844451,0 days 00:00:50.690000,10862.541770666667,240.1125024,6,100.0,False,0,pos,2887.599262399547,0.66074632113852,OnTrack,3825.0,4622.0,2333.0,3148.34,50.69
2026-07-25 14:39:16.826,0 days 00:52:28.411000,3,204.87722222222283,0 days 00:00:50.761000,10901.0,241.0,6,100.0,False,0,car,2892.3991666666675,0.6618446449702284,OnTrack,3829.641371290756,4556.196702922947,2334.1297595272863,3148.411,50.761
2026-07-25 14:39:17.055,0 days 00:52:28.640000,3,201.69666400000122,0 days 00:00:50.990000,11130.000192,246.7250048,6,100.0,False,0,pos,2908.287877598676,0.6654803320382581,OnTrack,3852.0,4337.0,2338.0,3148.64,50.99
2026-07-25 14:39:17.266,0 days 00:52:28.851000,3,198.76611111111288,0 days 00:00:51.201000,11341.0,252.0,6,100.0,False,0,car,2923.199166666667,0.6688923634525206,OnTrack,3866.4676033737633,4268.934985861071,2338.8214135827966,3148.851,51.201
2026-07-25 14:39:17.295,0 days 00:52:28.880000,3,198.3794418844461,0 days 00:00:51.230000,11348.54004992,252.43500288,6,100.0,False,0,pos,2925.249584506768,0.6693615442222639,OnTrack,3871.0,4255.0,2339.0,3148.88,51.23
2026-07-25 14:39:17.466,0 days 00:52:29.051000,3,196.09944444444545,0 days 00:00:51.401000,11393.0,255.0,6,100.0,False,0,car,2937.365833333334,0.6721340088583369,OnTrack,3917.301124375977,4114.776495240899,2341.0426642102834,3149.051,51.401
2026-07-25 14:39:17.655,0 days 00:52:29.240000,3,193.78944209777936,0 days 00:00:51.590000,11501.0844848,256.7718768,6,100.0,False,0,pos,2950.896576297748,0.6752301409125396,OnTrack,3991.0,3924.0,2344.0,3149.24,51.59
2026-07-25 14:39:17.786,0 days 00:52:29.371000,3,192.18833333333532,0 days 00:00:51.721000,11576.0,258.0,6,100.0,False,0,car,2960.299166666667,0.6773816607152815,OnTrack,4044.8583312627084,3823.598872527935,2345.6228899685543,3149.371,51.721
2026-07-25 14:39:17.946,0 days 00:52:29.531000,3,190.4550000000013,0 days 00:00:51.881000,11545.0,258.0,6,100.0,False,0,car,2971.7658333333343,0.680005486643754,OnTrack,4110.178325931374,3733.1105003107355,2347.2021831661204,3149.531,51.881
2026-07-25 14:39:18.035,0 days 00:52:29.620000,3,189.5897203555566,0 days 00:00:51.970000,11579.116740266667,258.7416682666667,6,100.0,False,0,pos,2978.167528606017,0.6814703355428219,OnTrack,4141.0,3693.0,2348.0,3149.62,51.97
2026-07-25 14:39:18.186,0 days 00:52:29.771000,3,188.12166666666735,0 days 00:00:52.121000,11637.0,260.0,6,100.0,False,0,car,2989.0991666666678,0.6839717351402821,OnTrack,4183.187433364261,3640.6212389125667,2349.2445663496815,3149.771,52.121
2026-07-25 14:39:18.386,0 days 00:52:29.971000,3,186.28833333333432,0 days 00:00:52.321000,11716.0,263.0,6,100.0,False,0,car,3003.7102777777786,0.6873150792254964,OnTrack,4239.706737534298,3569.4195049822606,2350.915711633771,3149.971,52.321
2026-07-25 14:39:18.395,0 days 00:52:29.980000,3,186.22333194666766,0 days 00:00:52.330000,11698.8996352,262.7749952,6,96.24992,False,0,pos,3004.3641459307205,0.6874646986627195,OnTrack,4243.0,3565.0,2351.0,3149.98,52.33
2026-07-25 14:39:18.595,0 days 00:52:30.180000,3,184.7788875022234,0 days 00:00:52.530000,11318.8996352,257.7749952,6,12.916586666666667,False,0,pos,3018.6889598475163,0.6907425316431348,OnTrack,4327.0,3447.0,2353.0,3150.18,52.53
2026-07-25 14:39:18.626,0 days 00:52:30.211000,3,184.5550000000012,0 days 00:00:52.561000,11260.0,257.0,6,0.0,True,0,car,3020.8436111111123,0.6912355633162953,OnTrack,4339.368354248276,3428.493355318928,2353.2999226228326,3150.211,52.561
2026-07-25 14:39:18.786,0 days 00:52:30.371000,3,184.19944444444582,0 days 00:00:52.721000,10566.0,243.0,6,0.0,True,0,car,3031.643611111112,0.6937068412256704,OnTrack,4396.602918496303,3335.9545300952464,2354.752805990373,3150.371,52.721
2026-07-25 14:39:18.815,0 days 00:52:30.400000,3,184.255833706668,0 days 00:00:52.750000,10641.219248,241.8218672,6,0.0,True,0,pos,3033.5551361233947,0.6941442402567881,OnTrack,4406.0,3319.0,2355.0,3150.4,52.75
2026-07-25 14:39:19.055,0 days 00:52:30.640000,3,184.72250037333436,0 days 00:00:52.990000,11263.719248,232.07186719999999,6,0.0,True,0,pos,3048.911139184078,0.6976580320290257,OnTrack,4473.0,3177.0,2357.0,3150.64,52.99
2026-07-25 14:39:19.106,0 days 00:52:30.691000,3,184.82166666666762,0 days 00:00:53.041000,11396.0,230.0,6,0.0,True,0,car,3052.0880555555564,0.6983849804779856,OnTrack,4484.682908476005,3148.472932466169,2357.4971731285855,3150.691,53.041
2026-07-25 14:39:19.255,0 days 00:52:30.840000,3,185.60805642869803,0 days 00:00:53.190000,11132.033133097157,224.60445083374694,6,2.0752112177896436,True,0,pos,3061.214120023235,0.7004732250630327,OnTrack,4514.0,3057.0,2359.0,3150.84,53.19
2026-07-25 14:39:19.465,0 days 00:52:31.050000,3,186.71638888889038,0 days 00:00:53.400000,10760.0,217.0,5,5.0,True,0,car,3073.7277777777786,0.703336625616207,OnTrack,4544.25159799994,2860.1714209086053,2360.557516959867,3151.05,53.4
2026-07-25 14:39:19.535,0 days 00:52:31.120000,3,187.0275005688904,0 days 00:00:53.470000,10722.49993142857,214.99999634285714,5,7.000003657142857,True,0,pos,3077.823628330221,0.7042738464486471,OnTrack,4550.0,2807.0,2361.0,3151.12,53.47
2026-07-25 14:39:19.745,0 days 00:52:31.330000,3,187.9608333333349,0 days 00:00:53.680000,10610.0,209.0,5,13.0,False,0,car,3089.983333333334,0.7070562548151945,OnTrack,4552.026146234539,2732.92585659247,2362.2386439801235,3151.33,53.68
2026-07-25 14:39:19.875,0 days 00:52:31.460000,3,188.03305562666793,0 days 00:00:53.810000,10757.875145599999,209.8125008,5,65.0000512,False,0,pos,3097.553592750678,0.7087884969324466,OnTrack,4546.0,2692.0,2363.0,3151.46,53.81
2026-07-25 14:39:19.905,0 days 00:52:31.490000,3,188.0497222222234,0 days 00:00:53.840000,10792.0,210.0,5,77.0,False,0,car,3099.3166666666675,0.7091919270825559,OnTrack,4544.140620958173,2678.5024846755427,2363.1798532396333,3151.49,53.84
2026-07-25 14:39:20.135,0 days 00:52:31.720000,3,186.06916556444568,0 days 00:00:54.070000,10903.166728533333,214.47222471111112,5,84.66667093333334,False,0,pos,3113.0882633272017,0.7123431717681118,OnTrack,4521.0,2543.0,2365.0,3151.72,54.07
2026-07-25 14:39:20.265,0 days 00:52:31.850000,3,184.9497222222235,0 days 00:00:54.200000,10966.0,217.0,5,89.0,False,0,car,3121.0166666666673,0.7141573651041707,OnTrack,4496.215733311015,2470.5877986645773,2366.8660493567722,3151.85,54.2
2026-07-25 14:39:20.275,0 days 00:52:31.860000,3,184.81083155555686,0 days 00:00:54.210000,10980.393041371428,217.21428845714286,5,89.17857371428572,False,0,pos,3121.6297423227493,0.714297650319509,OnTrack,4494.0,2465.0,2367.0,3151.86,54.21
2026-07-25 14:39:20.455,0 days 00:52:32.040000,3,182.3108315555573,0 days 00:00:54.390000,11239.464469942857,221.07143131428572,5,92.39285942857143,False,0,pos,3132.7436923486466,0.7168407669107034,OnTrack,4449.0,2364.0,2369.0,3152.04,54.39
2026-07-25 14:39:20.545,0 days 00:52:32.130000,3,181.06083333333527,0 days 00:00:54.480000,11369.0,223.0,5,94.0,False,0,car,3138.3611111111113,0.7181261560676836,OnTrack,4425.939052001549,2319.106763137206,2370.0853373617724,3152.13,54.48
2026-07-25 14:39:20.695,0 days 00:52:32.280000,3,177.81082969693034,0 days 00:00:54.630000,11573.149606014833,226.11203667705539,5,97.73444401246645,False,0,pos,3147.817894642075,0.7202900764597032,OnTrack,4371.0,2236.0,2372.0,3152.28,54.63
2026-07-25 14:39:20.786,0 days 00:52:32.371000,3,175.83916666666846,0 days 00:00:54.721000,11697.0,228.0,5,100.0,False,0,car,3153.6244444444446,0.7216187429649147,OnTrack,4312.773850129937,2163.8625529327664,2373.0710489082117,3152.371,54.721
2026-07-25 14:39:20.895,0 days 00:52:32.480000,3,172.8113835555572,0 days 00:00:54.830000,11387.257787733333,230.11944817777777,5,100.0,False,0,pos,3160.656912982102,0.7232279266820895,OnTrack,4243.0,2082.0,2374.0,3152.48,54.83
2026-07-25 14:39:21.146,0 days 00:52:32.731000,3,165.839166666668,0 days 00:00:55.081000,10674.0,235.0,6,100.0,False,0,car,3177.124444444445,0.7269960606380923,OnTrack,4184.154171108384,2018.2199333186734,2373.934519442897,3152.731,55.081
2026-07-25 14:39:21.195,0 days 00:52:32.780000,3,164.20582693333478,0 days 00:00:55.130000,10791.396293333333,236.2250048,6,100.0,False,0,pos,3180.371474607403,0.7277390526670546,OnTrack,4171.0,2005.0,2374.0,3152.78,55.13
2026-07-25 14:39:21.386,0 days 00:52:32.971000,3,157.83916666666846,0 days 00:00:55.321000,11249.0,241.0,6,100.0,False,0,car,3193.1911111111112,0.7306724678983355,OnTrack,4087.118280068483,1919.463610886182,2374.972144595453,3152.971,55.321
2026-07-25 14:39:21.454,0 days 00:52:33.039000,3,155.02471162666853,0 days 00:00:55.389000,11286.23014016,243.21000832,6,100.0,False,0,pos,3197.8655166727945,0.7317420748616732,OnTrack,4049.0,1881.0,2375.0,3153.039,55.389
2026-07-25 14:39:21.615,0 days 00:52:33.200000,3,148.36110316444643,0 days 00:00:55.550000,11374.37760512,248.44250624,6,100.0,False,0,pos,3209.1776532296867,0.7343305408969403,OnTrack,3945.0,1777.0,2374.0,3153.2,55.55
2026-07-25 14:39:21.786,0 days 00:52:33.371000,3,141.28361111111326,0 days 00:00:55.721000,11468.0,254.0,6,100.0,False,0,car,3221.4133333333334,0.7371303340401183,OnTrack,3805.889306768758,1635.297419623381,2373.2939560116292,3153.371,55.721
2026-07-25 14:39:21.875,0 days 00:52:33.460000,3,137.13026881777975,0 days 00:00:55.810000,11196.32691392,256.00250432,6,100.0,False,0,pos,3227.839840792863,0.7386008605141156,OnTrack,3746.0,1574.0,2373.0,3153.46,55.81
2026-07-25 14:39:22.186,0 days 00:52:33.771000,3,122.61694444444583,0 days 00:00:56.121000,10247.0,263.0,6,100.0,False,0,car,3250.635555555556,0.743817022210547,OnTrack,3659.4244696837886,1485.7429947654784,2371.435656223106,3153.771,56.121
2026-07-25 14:39:22.235,0 days 00:52:33.820000,3,120.08526785777919,0 days 00:00:56.170000,10276.264003555556,264.0888931555556,6,100.0,False,0,pos,3254.281827136863,0.7446513694707754,OnTrack,3645.0,1471.0,2371.0,3153.82,56.17
2026-07-25 14:39:22.546,0 days 00:52:34.131000,3,104.01694444444593,0 days 00:00:56.481000,10462.0,271.0,7,100.0,False,0,car,3277.735555555556,0.7500180991868496,OnTrack,3489.3695070034364,1311.0567481348357,2366.58198372605,3154.131,56.481
2026-07-25 14:39:22.575,0 days 00:52:34.160000,3,102.45415632000152,0 days 00:00:56.510000,10480.205676088888,271.40278044444443,7,100.0,False,0,pos,3279.9426812350907,0.7505231381623169,OnTrack,3469.0,1290.0,2366.0,3154.16,56.51
2026-07-25 14:39:22.755,0 days 00:52:34.340000,3,92.7541563200017,0 days 00:00:56.690000,10593.205676088888,273.90278044444443,7,100.0,False,0,pos,3293.710060608429,0.7536734178396614,OnTrack,3332.0,1148.0,2362.0,3154.34,56.69
2026-07-25 14:39:22.906,0 days 00:52:34.491000,3,84.61694444444629,0 days 00:00:56.841000,10688.0,276.0,7,100.0,False,0,car,3305.335555555556,0.7563335871774749,OnTrack,3251.8044326355916,1064.6819376051083,2359.359720365288,3154.491,56.841
2026-07-25 14:39:23.106,0 days 00:52:34.691000,3,73.39472222222412,0 days 00:00:57.041000,10813.0,279.0,7,100.0,False,0,car,3320.8355555555554,0.7598803286214855,OnTrack,3181.424642903188,991.5046869906951,2356.8435966665124,3154.691,57.041
2026-07-25 14:39:23.175,0 days 00:52:34.760000,3,69.446377902224,0 days 00:00:57.110000,10861.64513536,280.03500288,7,100.0,False,0,pos,3326.2197447569815,0.7611123497171689,OnTrack,3150.0,959.0,2356.0,3154.76,57.11
2026-07-25 14:39:23.306,0 days 00:52:34.891000,3,61.95027777777932,0 days 00:00:57.241000,10954.0,282.0,7,100.0,False,0,car,3336.5022222222224,0.7634652070702705,OnTrack,3079.2385236353953,885.8882577269588,2354.3812868630966,3154.891,57.241
2026-07-25 14:39:23.335,0 days 00:52:34.920000,3,60.258599911112626,0 days 00:00:57.270000,10965.2375744,282.5437536,7,100.0,False,0,pos,3338.7904806873858,0.7639888110143352,OnTrack,3063.0,869.0,2354.0,3154.92,57.27
2026-07-25 14:39:23.466,0 days 00:52:35.051000,3,52.616944444445835,0 days 00:00:57.401000,11016.0,285.0,7,100.0,False,0,car,3349.1688888888893,0.766363619433118,OnTrack,2990.281527625565,792.5849733383719,2352.1278772179553,3155.051,57.401
2026-07-25 14:39:23.595,0 days 00:52:35.180000,3,44.94859969777948,0 days 00:00:57.530000,11053.4906808,285.8062512,7,100.0,False,0,pos,3359.41493020403,0.7687081393924375,OnTrack,2922.0,720.0,2350.0,3155.18,57.53
2026-07-25 14:39:23.786,0 days 00:52:35.371000,3,33.59472222222439,0 days 00:00:57.721000,11109.0,287.0,7,100.0,False,0,car,3374.68,0.7722011236305719,OnTrack,2820.2393213757778,610.7448559712452,2346.2040460815974,3155.371,57.721
2026-07-25 14:39:23.795,0 days 00:52:35.380000,3,33.057210755557726,0 days 00:00:57.730000,11107.746401828572,287.03214354285717,7,96.78564571428572,False,0,pos,3375.404302181615,0.7723668599251218,OnTrack,2814.0,604.0,2346.0,3155.38,57.73
2026-07-25 14:39:24.015,0 days 00:52:35.600000,3,19.918321866668876,0 days 00:00:57.950000,11077.103544685715,287.81785782857145,7,18.21421714285714,False,0,pos,3393.1109306957624,0.7764185265822073,OnTrack,2640.0,415.0,2341.0,3155.6,57.95
2026-07-25 14:39:24.066,0 days 00:52:35.651000,3,16.87250000000222,0 days 00:00:58.001000,11070.0,288.0,7,0.0,True,0,car,3397.08,0.777326737072239,OnTrack,2616.829040558017,389.58123181457023,2340.3255787829107,3155.651,58.001
2026-07-25 14:39:24.275,0 days 00:52:35.860000,3,5.841934311113066,0 days 00:00:58.210000,10122.532462933334,267.0999808,7,0.0,True,0,pos,3412.5148594127268,0.7808585729149226,OnTrack,2573.0,339.0,2339.0,3155.86,58.21
2026-07-25 14:39:24.306,0 days 00:52:35.891000,3,4.205833333335249,0 days 00:00:58.241000,9982.0,264.0,7,0.0,True,0,car,3414.6800000000003,0.7813540047764059,OnTrack,2561.21992495384,325.26894833835524,2338.7103367228715,3155.891,58.241
2026-07-25 14:39:24.506,0 days 00:52:36.091000,10,315.91444444444187,0 days 00:00:58.441000,9908.0,236.0,7,0.0,True,0,car,3427.7911111111116,0.7843541158186516,OnTrack,2439.1130670736,183.42621388200467,2335.9297016365063,3156.091,58.441
2026-07-25 14:39:24.655,0 days 00:52:36.240000,10,311.9824949333306,0 days 00:00:58.590000,10242.186144914285,217.374976,7,0.0,True,0,pos,3436.417449023498,0.7863280119595486,OnTrack,2361.0,92.0,2334.0,3156.24,58.59
2026-07-25 14:39:24.786,0 days 00:52:36.371000,10,308.5255555555527,0 days 00:00:58.721000,10536.0,201.0,7,0.0,True,0,car,3443.424444444445,0.7879313668664817,OnTrack,2328.898302735182,53.182605354729525,2332.8997344129184,3156.371,58.721
2026-07-25 14:39:24.935,0 days 00:52:36.520000,10,305.13166229333075,0 days 00:00:58.870000,10733.4252544,183.3062272,7,0.0,True,0,pos,3450.9775953295652,0.7896596941746831,OnTrack,2306.0,25.0,2332.0,3156.52,58.87
2026-07-25 14:39:24.946,0 days 00:52:36.531000,10,304.88111111110857,0 days 00:00:58.881000,10748.0,182.0,7,0.0,True,0,car,3451.513333333334,0.7897822828315281,OnTrack,2303.5600322948007,22.112163040721686,2331.9329686992037,3156.531,58.881
2026-07-25 14:39:25.266,0 days 00:52:36.851000,10,299.10333333333074,0 days 00:00:59.201000,11268.0,161.0,4,0.0,True,0,car,3465.824444444445,0.7930569803081486,OnTrack,2200.3062402443566,-94.29236951499004,2329.408527466013,3156.851,59.201
2026-07-25 14:39:25.295,0 days 00:52:36.880000,10,298.7247197155529,0 days 00:00:59.230000,11139.88129462857,159.23927405714286,4,0.0,True,0,pos,3467.031846645566,0.7933332605292006,OnTrack,2191.0,-104.0,2329.0,3156.88,59.23
2026-07-25 14:39:25.415,0 days 00:52:37,10,297.1580530488861,0 days 00:00:59.350000,10609.738437485714,151.95355977142856,4,0.0,True,0,pos,3471.8946907159093,0.7944459863743651,OnTrack,2153.0,-141.0,2327.0,3157.0,59.35
2026-07-25 14:39:25.546,0 days 00:52:37.131000,10,295.4477777777747,0 days 00:00:59.481000,10031.0,144.0,3,0.0,True,0,car,3477.024444444445,0.7956197870289823,OnTrack,2098.4359312497545,-185.98381623022703,2324.958472701096,3157.131,59.481
2026-07-25 14:39:25.695,0 days 00:52:37.280000,10,293.87499797333044,0 days 00:00:59.630000,11074.001344,138.03999232,3,0.0,True,0,pos,3482.6885873507445,0.7969158676993416,OnTrack,2035.0,-233.0,2323.0,3157.28,59.63
2026-07-25 14:39:25.746,0 days 00:52:37.331000,10,293.33666666666386,0 days 00:00:59.681000,11431.0,136.0,3,0.0,True,0,car,3484.5800000000004,0.7973486645787509,OnTrack,2017.9890213526046,-244.70133160854715,2322.425370433638,3157.331,59.681
2026-07-25 14:39:25.986,0 days 00:52:37.571000,10,291.46999999999707,0 days 00:00:59.921000,10921.0,129.0,2,0.0,True,0,car,3493.1800000000003,0.799316534025105,OnTrack,1966.2914579584778,-272.18613040384486,2320.41338368925,3157.571,59.921
2026-07-25 14:39:26.135,0 days 00:52:37.720000,10,290.6836103083563,0 days 00:01:00.070000,10559.409672727117,126.5062736050146,2,0.0,True,0,pos,3498.3834650310455,0.8005072014494965,OnTrack,1929.0,-285.0,2320.0,3157.72,60.07
2026-07-25 14:39:26.195,0 days 00:52:37.780000,10,290.3669437264875,0 days 00:01:00.130000,10413.803017157352,125.50208977349897,2,0.0,True,0,pos,3500.4513510857173,0.8009803793315351,OnTrack,1910.0,-291.0,2320.0,3157.78,60.13
2026-07-25 14:39:26.225,0 days 00:52:37.810000,10,290.20861111110844,0 days 00:01:00.160000,10341.0,125.0,2,0.0,True,0,car,3501.478611111111,0.8012154390544924,OnTrack,1900.0952715961314,-293.66835830151643,2319.939525423538,3157.81,60.16
2026-07-25 14:39:26.425,0 days 00:52:38.010000,10,289.65305555555324,0 days 00:01:00.360000,9980.0,121.0,2,0.0,False,0,car,3508.2008333333333,0.8027536315803895,OnTrack,1829.1282752149546,-303.53319942823543,2318.255174290017,3158.01,60.36
2026-07-25 14:39:26.535,0 days 00:52:38.120000,10,289.65305555555324,0 days 00:01:00.470000,9997.60002048,118.2499968,2,0.0,False,0,pos,3511.778251438591,0.8035722236485491,OnTrack,1788.0,-301.0,2317.0,3158.12,60.47
2026-07-25 14:39:26.625,0 days 00:52:38.210000,10,289.65305555555324,0 days 00:01:00.560000,10012.0,116.0,2,0.0,False,0,car,3514.6452777777777,0.8042282624316628,OnTrack,1753.6735164283875,-294.1518556999716,2315.970596987493,3158.21,60.56
2026-07-25 14:39:26.905,0 days 00:52:38.490000,10,290.4308333333306,0 days 00:01:00.840000,9893.0,112.0,2,40.0,False,0,car,3523.356388888889,0.8062215565478666,OnTrack,1653.262375520242,-254.99471493506167,2313.1816338625126,3158.49,60.84
2026-07-25 14:39:26.935,0 days 00:52:38.520000,10,290.5975007111084,0 days 00:01:00.870000,9937.9064416,112.3750016,2,41.3125056,False,0,pos,3524.299647422283,0.8064373948790156,OnTrack,1645.0,-251.0,2313.0,3158.52,60.87
2026-07-25 14:39:27.225,0 days 00:52:38.810000,10,292.2086111111089,0 days 00:01:01.160000,10372.0,116.0,2,54.0,False,0,car,3533.6674999999996,0.8085809659099037,OnTrack,1591.0922578043317,-216.82252163450167,2312.426696104449,3158.81,61.16
2026-07-25 14:39:27.355,0 days 00:52:38.940000,10,293.039167650036,0 days 00:01:01.290000,10689.10317918568,119.23987922539648,2,63.314652773014885,False,0,pos,3538.0642800814094,0.8095870460476415,OnTrack,1565.0,-195.0,2312.0,3158.94,61.29
2026-07-25 14:39:27.515,0 days 00:52:39.100000,10,294.0613900760658,0 days 00:01:01.450000,11079.383630830382,123.22741896122994,2,74.7788295135361,False,0,pos,3543.6307770714757,0.8108607831813596,OnTrack,1524.0,-159.0,2311.0,3159.1,61.45
2026-07-25 14:39:27.546,0 days 00:52:39.131000,10,294.2594444444421,0 days 00:01:01.481000,11155.0,124.0,2,77.0,False,0,car,3544.7241666666664,0.8111109748066313,OnTrack,1516.162067567814,-151.650486580002,2310.828614533103,3159.131,61.481
2026-07-25 14:39:27.715,0 days 00:52:39.300000,10,295.5269458844422,0 days 00:01:01.650000,11988.030113066667,128.92917226666665,2,79.81666986666667,False,0,pos,3550.786454941943,0.8124981599080161,OnTrack,1475.0,-110.0,2310.0,3159.3,61.65
2026-07-25 14:39:27.786,0 days 00:52:39.371000,10,296.0594444444423,0 days 00:01:01.721000,12338.0,131.0,2,81.0,False,0,car,3553.4574999999995,0.813109353856805,OnTrack,1457.1905264262232,-90.80774667873645,2309.5313112948247,3159.371,61.721
2026-07-25 14:39:27.994,0 days 00:52:39.579000,10,297.67722222221994,0 days 00:01:01.929000,11546.444444444445,141.4,2,83.31111111111112,False,0,pos,3561.8547644438195,0.8150308329419157,OnTrack,1405.0,-32.0,2308.0,3159.579,61.929
2026-07-25 14:39:28.146,0 days 00:52:39.731000,10,298.85944444444203,0 days 00:01:02.081000,10968.0,149.0,2,85.0,False,0,car,3568.3574999999996,0.8165188020836283,OnTrack,1367.013348985283,12.37260141435289,2307.0944490981706,3159.731,62.081
2026-07-25 14:39:28.155,0 days 00:52:39.740000,10,298.9244458311087,0 days 00:01:02.090000,10995.36058368,149.4500096,2,85.4500096,False,0,pos,3568.7486526753914,0.8166083064323216,OnTrack,1364.0,16.0,2307.0,3159.74,62.09
2026-07-25 14:39:28.346,0 days 00:52:39.931000,10,300.30388888888683,0 days 00:01:02.281000,11576.0,159.0,3,95.0,False,0,car,3577.1908333333326,0.8185400633366665,OnTrack,1278.8219273355123,120.67783265790825,2303.7528971280262,3159.931,62.281
2026-07-25 14:39:28.395,0 days 00:52:39.980000,10,300.6577791644424,0 days 00:01:02.330000,11506.7872288,160.531256,3,96.531256,False,0,pos,3579.387041981958,0.8190426042549745,OnTrack,1260.0,144.0,2303.0,3159.98,62.33
2026-07-25 14:39:28.506,0 days 00:52:40.091000,10,301.4594444444424,0 days 00:01:02.441000,11350.0,164.0,3,100.0,False,0,car,3584.479722222222,0.8202079216787963,OnTrack,1230.1318568671693,181.16804381890762,2301.811790959587,3160.091,62.441
2026-07-25 14:39:28.746,0 days 00:52:40.331000,10,302.9261111111091,0 days 00:01:02.681000,10540.0,180.0,3,100.0,False,0,car,3596.4797222222214,0.8229537860225463,OnTrack,1196.6830651688483,222.77073013635817,2300.666647348322,3160.331,62.681
2026-07-25 14:39:28.815,0 days 00:52:40.400000,10,303.32861223110893,0 days 00:01:02.750000,10854.3821248,182.156256,3,100.0,False,0,pos,3599.997099466936,0.8237586394191946,OnTrack,1175.0,249.0,2300.0,3160.4,62.75
2026-07-25 14:39:28.906,0 days 00:52:40.491000,10,303.85944444444203,0 days 00:01:02.841000,11269.0,185.0,4,100.0,False,0,car,3604.701944444444,0.8248352115914124,OnTrack,1135.3144642259413,296.77528215825953,2298.7907063106063,3160.491,62.841
2026-07-25 14:39:29.035,0 days 00:52:40.620000,10,304.3252784711089,0 days 00:01:02.970000,11562.8785624,190.6437584,4,100.0,False,0,pos,3611.646512753172,0.8264242817998851,OnTrack,1075.0,369.0,2297.0,3160.62,62.97
2026-07-25 14:39:29.226,0 days 00:52:40.811000,10,305.01499999999805,0 days 00:01:03.161000,11998.0,199.0,4,100.0,False,0,car,3622.390833333333,0.8288828190314589,OnTrack,1026.9176268561973,425.311230494075,2295.7974054610054,3160.811,63.161
2026-07-25 14:39:29.386,0 days 00:52:40.971000,10,304.92611111110955,0 days 00:01:03.321000,11298.0,208.0,4,100.0,False,0,car,3631.635277777777,0.8309981515629404,OnTrack,990.7949703639925,465.86188373904423,2295.061567095362,3160.971,63.321
2026-07-25 14:39:29.395,0 days 00:52:40.980000,10,304.88361020444285,0 days 00:01:03.330000,11270.8306704,208.2250048,4,100.0,False,0,pos,3632.159561996099,0.8311181193413639,OnTrack,988.0,469.0,2295.0,3160.98,63.33
2026-07-25 14:39:29.546,0 days 00:52:41.131000,10,304.1705555555536,0 days 00:01:03.481000,10815.0,212.0,4,100.0,False,0,car,3641.0574999999994,0.8331541635661813,OnTrack,929.6891690260813,534.4388572007331,2293.6755929721307,3161.131,63.481
2026-07-25 14:39:29.635,0 days 00:52:41.220000,10,303.2311090844425,0 days 00:01:03.570000,10985.2128672,215.70834133333332,4,100.0,False,0,pos,3646.48509137127,0.8343961160344163,OnTrack,894.0,574.0,2293.0,3161.22,63.57
2026-07-25 14:39:29.786,0 days 00:52:41.371000,10,301.6372222222203,0 days 00:01:03.721000,11274.0,222.0,5,100.0,False,0,car,3655.857499999999,0.8365407295901398,OnTrack,837.5596248109629,634.8998818202742,2292.347024544989,3161.371,63.721
2026-07-25 14:39:29.835,0 days 00:52:41.420000,10,300.9838863288869,0 days 00:01:03.770000,11137.207797333333,220.91110684444445,5,86.38883555555556,False,0,pos,3658.8718450573538,0.8372304781412023,OnTrack,811.0,663.0,2292.0,3161.42,63.77
2026-07-25 14:39:30.015,0 days 00:52:41.600000,10,298.5838863288866,0 days 00:01:03.950000,10634.707797333333,216.91110684444445,5,36.38883555555556,False,0,pos,3669.785382998369,0.8397277360325688,OnTrack,676.0,804.0,2290.0,3161.6,63.95
2026-07-25 14:39:30.146,0 days 00:52:41.731000,10,296.8372222222197,0 days 00:01:04.081000,10269.0,214.0,5,0.0,True,0,car,3677.2574999999997,0.8414375210031612,OnTrack,603.9272652872996,875.47423395343,2289.3833002677593,3161.731,64.081
2026-07-25 14:39:30.435,0 days 00:52:42.020000,10,294.5894429511092,0 days 00:01:04.370000,10647.4096264,187.8093576,5,0.0,True,0,pos,3692.1459895334983,0.8448443353816886,OnTrack,524.0,942.0,2290.0,3162.02,64.37
2026-07-25 14:39:30.466,0 days 00:52:42.051000,10,294.34833333333154,0 days 00:01:04.401000,10688.0,185.0,5,0.0,True,0,car,3693.7019444444436,0.8452003721408927,OnTrack,516.7346068791044,947.631942096958,2290.0305719727226,3162.051,64.401
2026-07-25 14:39:30.626,0 days 00:52:42.211000,10,293.1927777777755,0 days 00:01:04.561000,11808.0,178.0,5,0.0,True,0,car,3701.613055555555,0.84701060863418,OnTrack,480.15182167612767,974.8684745987817,2290.0250839578575,3162.211,64.561
2026-07-25 14:39:30.715,0 days 00:52:42.300000,10,293.0691663999977,0 days 00:01:04.650000,11712.729339927273,171.52725876363635,5,0.0,True,0,pos,3705.658185893867,0.8479362235643295,OnTrack,454.0,992.0,2290.0,3162.3,64.65
2026-07-25 14:39:30.915,0 days 00:52:42.500000,10,292.7913886222198,0 days 00:01:04.850000,11498.638430836363,156.98180421818182,5,0.0,True,0,pos,3713.7213714018867,0.8497812580296226,OnTrack,377.0,1036.0,2290.0,3162.5,64.85
2026-07-25 14:39:31.066,0 days 00:52:42.651000,10,292.5816666666642,0 days 00:01:05.001000,11337.0,146.0,3,0.0,True,0,car,3719.4574999999995,0.8510938106120159,OnTrack,320.1958698614067,1060.5820128164974,2290.0146484923116,3162.651,65.001
2026-07-25 14:39:31.115,0 days 00:52:42.700000,10,292.5952778311087,0 days 00:01:05.050000,11282.640412,143.8562416,3,0.0,True,0,pos,3721.2935218245807,0.8515139328505549,OnTrack,302.0,1067.0,2290.0,3162.7,65.05
2026-07-25 14:39:31.335,0 days 00:52:42.920000,10,292.6563889422202,0 days 00:01:05.270000,11038.577912,134.2312416,3,0.0,True,0,pos,3729.3685603368485,0.8533616795443252,OnTrack,220.0,1088.0,2290.0,3162.92,65.27
2026-07-25 14:39:31.386,0 days 00:52:42.971000,10,292.6705555555536,0 days 00:01:05.321000,10982.0,132.0,2,0.0,True,0,car,3731.1908333333326,0.8537786557481272,OnTrack,201.3048196737515,1090.871553960828,2290.185107874553,3162.971,65.321
2026-07-25 14:39:31.555,0 days 00:52:43.140000,10,292.9052780444423,0 days 00:01:05.490000,10425.707701333333,126.36666026666667,2,0.0,True,0,pos,3737.079467102401,0.8551261048731177,OnTrack,141.0,1095.0,2291.0,3163.14,65.49
2026-07-25 14:39:31.626,0 days 00:52:43.211000,10,293.00388888888665,0 days 00:01:05.561000,10192.0,124.0,2,0.0,True,0,car,3739.4574999999995,0.8556702511849329,OnTrack,116.79019071285131,1094.383109855147,2291.059229858765,3163.211,65.561
2026-07-25 14:39:31.775,0 days 00:52:43.360000,10,293.58333407999794,0 days 00:01:05.710000,9841.10454784,119.15749376,2,0.0,True,0,pos,3744.2316127845684,0.856762673357282,OnTrack,68.0,1089.0,2291.0,3163.36,65.71
2026-07-25 14:39:32.026,0 days 00:52:43.611000,10,294.55944444444276,0 days 00:01:05.961000,9250.0,111.0,2,0.0,True,0,car,3751.7908333333326,0.8584923895382316,OnTrack,-8.809050178995866,1069.83002396715,2292.500905883109,3163.611,65.961
2026-07-25 14:39:32.095,0 days 00:52:43.680000,10,294.94277884444284,0 days 00:01:06.030000,9065.4244864,108.4124928,2,0.0,True,0,pos,3753.819138634685,0.8589565104720003,OnTrack,-28.0,1063.0,2293.0,3163.68,66.03
2026-07-25 14:39:32.186,0 days 00:52:43.771000,10,295.4483333333319,0 days 00:01:06.121000,8822.0,105.0,2,0.0,True,0,car,3756.457499999999,0.8595602256719121,OnTrack,-51.80257290769422,1053.167545702507,2293.613543313004,3163.771,66.121
2026-07-25 14:39:32.255,0 days 00:52:43.840000,10,295.96583477333195,0 days 00:01:06.190000,8694.5652704,103.921872,2,0.0,True,0,pos,3758.424568875304,0.8600103343624457,OnTrack,-70.0,1044.0,2294.0,3163.84,66.19
2026-07-25 14:39:32.506,0 days 00:52:44.091000,10,297.848333333332,0 days 00:01:06.441000,8231.0,100.0,2,0.0,False,0,car,3765.346388888888,0.8615941992598753,OnTrack,-140.69715204824914,994.0784188729723,2294.9461296998293,3164.091,66.441
2026-07-25 14:39:32.515,0 days 00:52:44.100000,10,297.9358351999986,0 days 00:01:06.450000,8229.82997504,99.7749952,2,0.0,False,0,pos,3765.5883000505173,0.8616495538626314,OnTrack,-143.0,992.0,2295.0,3164.1,66.45
2026-07-25 14:39:32.706,0 days 00:52:44.291000,10,299.7927777777759,0 days 00:01:06.641000,8205.0,95.0,2,0.0,False,0,car,3770.624166666666,0.8628018710777284,OnTrack,-185.33184238528432,944.6563707130642,2296.721025853149,3164.291,66.641
2026-07-25 14:39:32.906,0 days 00:52:44.491000,10,302.181666666665,0 days 00:01:06.841000,7823.0,92.0,2,1.0,False,0,car,3775.735277777777,0.8639714058908071,OnTrack,-215.81037623525575,898.3035698728501,2298.7853672328147,3164.491,66.841
2026-07-25 14:39:32.935,0 days 00:52:44.520000,10,302.5683357689757,0 days 00:01:06.870000,7873.276698604479,92.0,2,5.954805079861683,False,0,pos,3776.4736001869646,0.8641403503222722,OnTrack,-219.0,893.0,2299.0,3164.52,66.87
2026-07-25 14:39:33.105,0 days 00:52:44.690000,10,304.83499999999776,0 days 00:01:07.040000,8168.0,92.0,2,35.0,False,0,car,3780.8208333333328,0.8651350930298206,OnTrack,-231.4546179655173,869.1628439614075,2299.8195433847172,3164.69,67.04
2026-07-25 14:39:33.255,0 days 00:52:44.840000,10,307.0016685155542,0 days 00:01:07.190000,8372.3751744,93.8750016,2,37.8125024,False,0,pos,3784.7339088772933,0.8660304909140341,OnTrack,-240.0,846.0,2300.0,3164.84,67.19
2026-07-25 14:39:33.265,0 days 00:52:44.850000,10,307.1461111111098,0 days 00:01:07.200000,8386.0,94.0,2,38.0,False,0,car,3784.99861111111,0.8660910606161633,OnTrack,-240.67932775935415,844.0147602878425,2299.996316117166,3164.85,67.2
2026-07-25 14:39:33.435,0 days 00:52:45.020000,10,309.6961130311094,0 days 00:01:07.370000,8526.2501056,96.42857325714286,2,39.821429942857144,False,0,pos,3789.5800143167125,0.8671393865917139,OnTrack,-253.0,801.0,2300.0,3165.02,67.37
2026-07-25 14:39:33.545,0 days 00:52:45.130000,10,311.34611111110917,0 days 00:01:07.480000,8617.0,98.0,2,41.0,False,0,car,3792.6208333333325,0.8678351929678416,OnTrack,-258.72195620765086,761.9457861360623,2300.907253099832,3165.13,67.48
2026-07-25 14:39:33.715,0 days 00:52:45.300000,10,313.9905575466649,0 days 00:01:07.650000,8739.40009216,101.40000256,2,45.2500032,False,0,pos,3797.4282818334336,0.868935243086245,OnTrack,-263.0,698.0,2303.0,3165.3,67.65
2026-07-25 14:39:33.745,0 days 00:52:45.330000,10,314.4572222222205,0 days 00:01:07.680000,8761.0,102.0,2,46.0,False,0,car,3798.2874999999995,0.8691318511301681,OnTrack,-263.17257353498155,688.7408467373982,2303.284792957508,3165.33,67.68
2026-07-25 14:39:33.946,0 days 00:52:45.531000,10,317.8072222222213,0 days 00:01:07.881000,9278.0,105.0,2,53.0,False,0,car,3804.149999999999,0.8704733202731043,OnTrack,-259.8195610964683,643.2803248139245,2304.4763746964754,3165.531,67.881
2026-07-25 14:39:34.146,0 days 00:52:45.731000,10,321.25166666666473,0 days 00:01:08.081000,9697.0,111.0,2,57.0,False,0,car,3810.316666666666,0.8718843894497538,OnTrack,-247.5974946589788,602.5128890694285,2305.7117281146748,3165.731,68.081
2026-07-25 14:39:34.175,0 days 00:52:45.760000,10,321.7913924622203,0 days 00:01:08.110000,9773.954080914285,111.62143268571428,2,57.7250048,False,0,pos,3811.233571755538,0.8720941975322651,OnTrack,-245.0,595.0,2306.0,3165.76,68.11
2026-07-25 14:39:34.335,0 days 00:52:45.920000,10,324.7691702399981,0 days 00:01:08.270000,10198.525509485715,115.05000411428571,2,61.7250048,False,0,pos,3816.3885053363733,0.8732737598917666,OnTrack,-227.0,548.0,2308.0,3165.92,68.27
2026-07-25 14:39:34.426,0 days 00:52:46.011000,10,326.46277777777595,0 days 00:01:08.361000,10440.0,117.0,2,64.0,False,0,car,3819.416666666666,0.873966669910431,OnTrack,-214.19060870251263,520.9894107383323,2309.2505378554374,3166.011,68.361
2026-07-25 14:39:34.554,0 days 00:52:46.139000,10,328.8094444444426,0 days 00:01:08.489000,10849.142857142857,121.11428571428571,2,69.02857142857142,False,0,pos,3823.808760958001,0.874971677836178,OnTrack,-193.0,484.0,2311.0,3166.139,68.489
2026-07-25 14:39:34.706,0 days 00:52:46.291000,10,331.59611111110917,0 days 00:01:08.641000,11335.0,126.0,2,75.0,False,0,car,3829.2166666666662,0.8762091257911604,OnTrack,-162.93453470056787,441.52390330860356,2312.8934379004722,3166.291,68.641
2026-07-25 14:39:34.715,0 days 00:52:46.300000,10,331.75861457777586,0 days 00:01:08.650000,11375.81587072,126.36000768,2,75.2250048,False,0,pos,3829.543063674425,0.8762838126166195,OnTrack,-161.0,439.0,2313.0,3166.3,68.65
2026-07-25 14:39:34.875,0 days 00:52:46.460000,10,334.6475034666653,0 days 00:01:08.810000,12101.41587072,132.76000768,2,79.2250048,False,0,pos,3835.4744117715195,0.8776410357208015,OnTrack,-124.0,394.0,2315.0,3166.46,68.81
2026-07-25 14:39:34.906,0 days 00:52:46.491000,10,335.20722222222093,0 days 00:01:08.841000,12242.0,134.0,2,80.0,False,0,car,3836.66111111111,0.8779125786710793,OnTrack,-116.34641813044995,385.50938436387105,2315.5144675151078,3166.491,68.841
2026-07-25 14:39:35.075,0 days 00:52:46.660000,10,338.305559075554,0 days 00:01:09.010000,12013.145573333333,141.04167466666667,2,79.29583253333334,False,0,pos,3843.3624489308104,0.8794459923856244,OnTrack,-70.0,339.0,2319.0,3166.66,69.01
2026-07-25 14:39:35.146,0 days 00:52:46.731000,10,339.60722222222057,0 days 00:01:09.081000,11917.0,144.0,2,79.0,False,0,car,3846.2611111111105,0.8801092701460795,OnTrack,-46.15908716478279,317.27133650490083,2320.5394913480686,3166.731,69.081
2026-07-25 14:39:35.415,0 days 00:52:47,10,344.6136146844429,0 days 00:01:09.350000,10823.706362514286,152.64643474285714,2,82.84285988571429,False,0,pos,3857.670711206276,0.8827200379858932,OnTrack,55.0,232.0,2326.0,3167.0,69.35
2026-07-25 14:39:35.426,0 days 00:52:47.011000,10,344.8183333333318,0 days 00:01:09.361000,10779.0,153.0,3,83.0,False,0,car,3858.1611111111106,0.8828322522869652,OnTrack,58.62684419111917,229.0652639556028,2326.181958292784,3167.011,69.361
2026-07-25 14:39:35.746,0 days 00:52:47.331000,10,350.1516666666662,0 days 00:01:09.681000,11962.0,170.0,3,94.0,False,0,car,3873.2722222222214,0.8862900073865024,OnTrack,151.65944547726195,158.5422726679152,2330.5992106620147,3167.331,69.681
2026-07-25 14:39:35.815,0 days 00:52:47.400000,10,351.22500298666586,0 days 00:01:09.750000,11696.06176,172.875008,3,95.7250048,False,0,pos,3876.671007835141,0.8870677244053831,OnTrack,179.0,139.0,2332.0,3167.4,69.75
2026-07-25 14:39:35.986,0 days 00:52:47.571000,10,353.8849999999984,0 days 00:01:09.921000,11037.0,180.0,3,100.0,False,0,car,3885.272222222222,0.8890358717302527,OnTrack,264.8811102062906,78.28104510671989,2336.581542504681,3167.571,69.921
2026-07-25 14:39:36.035,0 days 00:52:47.620000,10,354.633614044443,0 days 00:01:09.970000,11100.904417066668,181.8375072,3,100.0,False,0,pos,3887.7860173397935,0.8896110834286555,OnTrack,292.0,59.0,2338.0,3167.62,69.97
2026-07-25 14:39:36.226,0 days 00:52:47.811000,10,357.5516666666658,0 days 00:01:10.161000,11350.0,189.0,4,100.0,False,0,car,3897.872222222222,0.8919190292911904,OnTrack,403.1393395049267,-21.026337678988515,2343.545342249101,3167.811,70.161
2026-07-25 14:39:36.415,0 days 00:52:48,10,359.9666691199992,0 days 00:01:10.350000,11755.7597872,199.0406352,4,100.0,False,0,pos,3908.5363074273296,0.8943592069014753,OnTrack,493.0,-86.0,2348.0,3168.0,70.35
2026-07-25 14:39:36.546,0 days 00:52:48.131000,10,361.6405555555548,0 days 00:01:10.481000,12037.0,206.0,4,100.0,False,0,car,3916.1833333333325,0.8961090148823943,OnTrack,527.0088898502711,-110.11943593154214,2349.8736818102216,3168.131,70.481
2026-07-25 14:39:36.746,0 days 00:52:48.331000,10,364.0294444444439,0 days 00:01:10.681000,10884.0,213.0,4,100.0,False,0,car,3928.016666666666,0.8988167422213701,OnTrack,580.6161191565212,-151.4533904988908,2352.785769554382,3168.331,70.681
2026-07-25 14:39:36.755,0 days 00:52:48.340000,10,364.1569471644439,0 days 00:01:10.690000,10857.8619424,212.8499968,4,96.999936,False,0,pos,3928.5471587471766,0.8989381304954132,OnTrack,585.0,-155.0,2353.0,3168.34,70.69
2026-07-25 14:39:36.986,0 days 00:52:48.571000,10,367.4294444444431,0 days 00:01:10.921000,10187.0,209.0,5,20.0,True,0,car,3941.95,0.9020049958205024,OnTrack,738.4076347521084,-281.8465853100862,2360.2130651235843,3168.571,70.921
2026-07-25 14:39:37.015,0 days 00:52:48.600000,10,367.98528145777647,0 days 00:01:10.950000,10218.296040533334,207.42915626666667,5,17.583317333333333,True,0,pos,3943.5818538482026,0.9023783999285016,OnTrack,755.0,-296.0,2361.0,3168.6,70.95
2026-07-25 14:39:37.226,0 days 00:52:48.811000,10,372.02944444444347,0 days 00:01:11.161000,10446.0,196.0,5,0.0,True,0,car,3955.0166666666664,0.9049949369948082,OnTrack,828.7271610651497,-363.6006838041131,2364.685404822354,3168.811,71.161
2026-07-25 14:39:37.455,0 days 00:52:49.040000,10,378.1997273955547,0 days 00:01:11.390000,11015.898205090909,184.5499904,5,0.0,True,0,pos,3966.375567121733,0.9075941036401229,OnTrack,874.0,-419.0,2367.0,3169.04,71.39
2026-07-25 14:39:37.666,0 days 00:52:49.251000,10,383.8849999999993,0 days 00:01:11.601000,11541.0,174.0,3,0.0,True,0,car,3976.283333333333,0.9098612188040098,OnTrack,939.0996584513141,-508.09000859475424,2369.8705684539964,3169.251,71.601
2026-07-25 14:39:37.675,0 days 00:52:49.260000,10,384.152505706666,0 days 00:01:11.610000,11532.56232,173.6624928,3,0.0,True,0,pos,3976.702614121239,0.9099571594844708,OnTrack,942.0,-513.0,2370.0,3169.26,71.61
2026-07-25 14:39:37.895,0 days 00:52:49.480000,10,390.6913945955552,0 days 00:01:11.830000,11326.312319999999,165.4124928,3,0.0,True,0,pos,3986.794676425977,0.9122664456542611,OnTrack,1006.0,-646.0,2373.0,3169.48,71.83
2026-07-25 14:39:37.906,0 days 00:52:49.491000,10,391.018333333333,0 days 00:01:11.841000,11316.0,165.0,3,0.0,True,0,car,3987.2833333333324,0.912378261119114,OnTrack,1008.1877278524122,-651.2902796323744,2373.1145001109403,3169.491,71.841
2026-07-25 14:39:38.235,0 days 00:52:49.820000,10,402.53334005333295,0 days 00:01:12.170000,10447.43949312,152.6624928,3,0.0,True,0,pos,4001.1035646168416,0.9155406344777615,OnTrack,1033.0,-747.0,2375.0,3169.82,72.17
2026-07-25 14:39:38.306,0 days 00:52:49.891000,10,405.018333333333,0 days 00:01:12.241000,10260.0,150.0,3,0.0,True,0,car,4003.9499999999994,0.9161919615965449,OnTrack,1037.3767456344353,-772.1945866626754,2375.324316015537,3169.891,72.241
2026-07-25 14:39:38.415,0 days 00:52:50,10,409.19667402666636,0 days 00:01:12.350000,10055.321861688888,146.97221688888888,3,0.0,True,0,pos,4008.2511977953654,0.9171761704016876,OnTrack,1043.0,-821.0,2376.0,3170.0,72.35
2026-07-25 14:39:38.666,0 days 00:52:50.251000,10,418.81833333333316,0 days 00:01:12.601000,9584.0,140.0,3,0.0,True,0,car,4017.9499999999994,0.9193954699975868,OnTrack,1037.3494311332258,-974.2105264479046,2378.906828285069,3170.251,72.601
2026-07-25 14:39:38.675,0 days 00:52:50.260000,10,419.1708408533331,0 days 00:01:12.610000,9574.6060496,139.8874976,3,0.0,True,0,pos,4018.2969530467117,0.9194748604975804,OnTrack,1037.0,-979.0,2379.0,3170.26,72.61
2026-07-25 14:39:38.826,0 days 00:52:50.411000,10,425.0849999999996,0 days 00:01:12.761000,9417.0,138.0,3,0.0,False,0,car,4024.0833333333326,0.9207989117732813,OnTrack,1031.2007310112615,-1043.9245632189898,2380.234409281236,3170.411,72.761
2026-07-25 14:39:39.335,0 days 00:52:50.920000,10,447.0002860444434,0 days 00:01:13.270000,9204.068253013333,129.51666346666667,3,21.208341333333333,False,0,pos,4042.214807442074,0.9249477924611831,OnTrack,980.0,-1160.0,2382.0,3170.92,73.27
2026-07-25 14:39:39.426,0 days 00:52:51.011000,10,450.91833333333216,0 days 00:01:13.361000,9166.0,128.0,3,25.0,False,0,car,4045.416666666666,0.9256804483843928,OnTrack,956.3897118303503,-1196.0444765482387,2382.549212565816,3171.011,73.361
2026-07-25 14:39:39.635,0 days 00:52:51.220000,10,459.9169527111097,0 days 00:01:13.570000,9097.328508342856,128.0,3,35.4500096,False,0,pos,4052.837786208699,0.9273785640128239,OnTrack,896.0,-1283.0,2384.0,3171.22,73.57
2026-07-25 14:39:39.706,0 days 00:52:51.291000,10,462.97388888888736,0 days 00:01:13.641000,9074.0,128.0,3,39.0,False,0,car,4055.372222222222,0.9279584988029115,OnTrack,879.9047400601148,-1303.511231096552,2384.4448499399364,3171.291,73.641
2026-07-25 14:39:39.985,0 days 00:52:51.570000,10,475.06388888888796,0 days 00:01:13.920000,9161.0,129.0,3,42.0,False,0,car,4065.3697222222218,0.9302461470342983,OnTrack,833.3016994335976,-1345.1543030223957,2385.8074318920244,3171.57,73.92
2026-07-25 14:39:40.095,0 days 00:52:51.680000,10,479.8611166933324,0 days 00:01:14.030000,9261.833450666667,129.45833386666666,3,46.58333866666667,False,0,pos,4069.320841712305,0.9311502502114413,OnTrack,807.0,-1364.0,2386.0,3171.68,74.03
2026-07-25 14:39:40.195,0 days 00:52:51.780000,10,484.22222780444355,0 days 00:01:14.130000,9353.500117333333,129.87500053333332,3,50.750005333333334,False,0,pos,4072.939261028405,0.9319782242598426,OnTrack,777.0,-1385.0,2386.0,3171.78,74.13
2026-07-25 14:39:40.225,0 days 00:52:51.810000,10,485.53055555555466,0 days 00:01:14.160000,9381.0,130.0,3,52.0,False,0,car,4074.0363888888883,0.9322292712825623,OnTrack,767.524154407919,-1391.0285913593934,2385.9959621157273,3171.81,74.16
2026-07-25 14:39:40.415,0 days 00:52:52,10,493.6055609955544,0 days 00:01:14.350000,9693.821639314287,133.39285942857143,3,58.10714697142857,False,0,pos,4081.110194381251,0.933847913805571,OnTrack,706.0,-1424.0,2386.0,3172.0,74.35
2026-07-25 14:39:40.505,0 days 00:52:52.090000,10,497.4305555555543,0 days 00:01:14.440000,9842.0,135.0,3,61.0,False,0,car,4084.5363888888883,0.9346319025833437,OnTrack,677.9501497587115,-1437.289477691815,2386.004604568933,3172.09,74.44
2026-07-25 14:39:40.595,0 days 00:52:52.180000,10,501.1305622885868,0 days 00:01:14.530000,9981.192799877883,137.79503614212618,3,63.236028913700935,False,0,pos,4088.011217544708,0.9354270199255653,OnTrack,644.0,-1450.0,2386.0,3172.18,74.53
2026-07-25 14:39:40.666,0 days 00:52:52.251000,10,504.04944444444345,0 days 00:01:14.601000,10091.0,140.0,3,65.0,False,0,car,4090.797499999999,0.9360645827293652,OnTrack,608.2095874575331,-1460.191193085679,2385.983551869641,3172.251,74.601
2026-07-25 14:39:40.866,0 days 00:52:52.451000,10,512.049444444443,0 days 00:01:14.801000,10506.0,145.0,3,69.0,False,0,car,4098.853055555555,0.9379078712934569,OnTrack,487.04208052193474,-1486.3922827579356,2385.971796330274,3172.451,74.801
2026-07-25 14:39:40.895,0 days 00:52:52.480000,10,513.2013965155542,0 days 00:01:14.830000,10570.7066784,145.3625024,3,69.5437536,False,0,pos,4100.027314897568,0.9381765676982525,OnTrack,473.0,-1489.0,2386.0,3172.48,74.83
2026-07-25 14:39:41.026,0 days 00:52:52.611000,10,518.4049999999988,0 days 00:01:14.961000,10863.0,147.0,3,72.0,False,0,car,4105.386388888888,0.9394028418806096,OnTrack,425.06377325943816,-1496.3784656478676,2386.2403951523534,3172.611,74.961
2026-07-25 14:39:41.346,0 days 00:52:52.931000,10,530.1383333333315,0 days 00:01:15.281000,11584.0,159.0,3,82.0,False,0,car,4119.519722222221,0.942636859885471,OnTrack,354.98967504493476,-1491.9356720902226,2386.9997160665876,3172.931,75.281
2026-07-25 14:39:41.375,0 days 00:52:52.960000,10,531.1613956622206,0 days 00:01:15.310000,11647.36541952,159.87000576,3,81.70999808,False,0,pos,4120.836806989305,0.9429382378937736,OnTrack,344.0,-1491.0,2387.0,3172.96,75.31
2026-07-25 14:39:41.475,0 days 00:52:53.060000,10,534.6891734399989,0 days 00:01:15.410000,11865.86541952,162.87000576,3,80.70999808,False,0,pos,4125.405727564225,0.9439837075684487,OnTrack,300.0,-1487.0,2387.0,3173.06,75.41
2026-07-25 14:39:41.546,0 days 00:52:53.131000,10,537.1938888888881,0 days 00:01:15.481000,12021.0,165.0,3,80.0,False,0,car,4128.686388888887,0.9447343951480578,OnTrack,268.2946295522703,-1482.3557890812099,2387.335769013429,3173.131,75.481
2026-07-25 14:39:41.655,0 days 00:52:53.240000,10,540.8877842844437,0 days 00:01:15.590000,11565.1456256,167.3357184,3,83.5035776,False,0,pos,4133.7905210170065,0.9459023330160904,OnTrack,220.0,-1472.0,2388.0,3173.24,75.59
2026-07-25 14:39:41.815,0 days 00:52:53.400000,10,546.310006506666,0 days 00:01:15.750000,10896.002768457143,170.76428982857144,3,88.64643474285714,False,0,pos,4141.451076183917,0.9476552367899365,OnTrack,148.0,-1450.0,2388.0,3173.4,75.75
2026-07-25 14:39:41.826,0 days 00:52:53.411000,10,546.6827777777771,0 days 00:01:15.761000,10850.0,171.0,3,89.0,False,0,car,4141.986388888888,0.9477777281290476,OnTrack,143.0670336355183,-1448.19945335119,2388.0048820349625,3173.411,75.761
2026-07-25 14:39:42.106,0 days 00:52:53.691000,10,555.3938888888888,0 days 00:01:16.041000,11030.0,181.0,4,90.0,False,0,car,4156.064166666665,0.9509990337989841,OnTrack,18.81046892562854,-1390.0124320145903,2388.868541386753,3173.691,76.041
2026-07-25 14:39:42.175,0 days 00:52:53.760000,10,557.2913941688887,0 days 00:01:16.110000,11240.204156342857,184.4500096,4,92.46429257142857,False,0,pos,4159.716797853735,0.9518348362771046,OnTrack,-12.0,-1372.0,2389.0,3173.76,76.11
2026-07-25 14:39:42.335,0 days 00:52:53.920000,10,561.6913941688887,0 days 00:01:16.270000,11727.632727771428,192.4500096,4,98.17857828571428,False,0,pos,4168.432599438271,0.9538292036769527,OnTrack,-83.0,-1326.0,2389.0,3173.92,76.27
2026-07-25 14:39:42.386,0 days 00:52:53.971000,10,563.0938888888886,0 days 00:01:16.321000,11883.0,195.0,4,100.0,False,0,car,4171.230833333332,0.9544695012334462,OnTrack,-104.22305703636002,-1311.5642628015412,2388.9731390003617,3173.971,76.321
2026-07-25 14:39:42.535,0 days 00:52:54.120000,10,566.5705600355544,0 days 00:01:16.470000,12059.937728,198.10417066666668,4,100.0,False,0,pos,4179.434416762005,0.9563466618357606,OnTrack,-172.0,-1262.0,2389.0,3174.12,76.47
2026-07-25 14:39:42.626,0 days 00:52:54.211000,10,568.6938888888872,0 days 00:01:16.561000,12168.0,200.0,4,100.0,False,0,car,4184.564166666666,0.957520461615391,OnTrack,-231.6164013944214,-1214.2731062145713,2389.2605464987278,3174.211,76.561
2026-07-25 14:39:42.795,0 days 00:52:54.380000,10,571.6983367466654,0 days 00:01:16.730000,11289.903169066667,208.4500096,4,100.0,False,0,pos,4194.45784747149,0.9597843537279254,OnTrack,-350.0,-1116.0,2390.0,3174.38,76.73
2026-07-25 14:39:42.866,0 days 00:52:54.451000,10,572.9605555555545,0 days 00:01:16.801000,10921.0,212.0,4,100.0,False,0,car,4198.697499999999,0.9607544796202523,OnTrack,-383.9697720628892,-1087.4115141557647,2390.250488119755,3174.451,76.801
2026-07-25 14:39:43.106,0 days 00:52:54.691000,10,576.0272222222211,0 days 00:01:17.041000,11376.0,219.0,5,100.0,False,0,car,4213.297499999999,0.9640952812384815,OnTrack,-441.33015389419853,-1036.8889485539717,2390.5859164079443,3174.691,77.041
2026-07-25 14:39:43.215,0 days 00:52:54.800000,10,576.5419453511099,0 days 00:01:17.150000,11471.7644544,223.2821504,5,100.0,False,0,pos,4220.166592099246,0.9656670808275867,OnTrack,-478.0,-1004.0,2390.0,3174.8,77.15
2026-07-25 14:39:43.335,0 days 00:52:54.920000,10,577.1086120177765,0 days 00:01:17.270000,11577.193025828572,227.9964361142857,5,100.0,False,0,pos,4227.88408392778,0.9674330129638494,OnTrack,-534.0,-954.0,2389.0,3174.92,77.27
2026-07-25 14:39:43.386,0 days 00:52:54.971000,10,577.3494444444432,0 days 00:01:17.321000,11622.0,230.0,5,100.0,False,0,car,4231.186388888887,0.9681886530842573,OnTrack,-558.47229534671,-932.0692208667477,2388.97337548763,3174.971,77.321
2026-07-25 14:39:43.575,0 days 00:52:55.160000,10,577.2444443377764,0 days 00:01:17.510000,10780.004144640001,235.67000576,5,100.0,False,0,pos,4243.564957851931,0.9710211423461134,OnTrack,-648.0,-851.0,2390.0,3175.16,77.51
2026-07-25 14:39:43.586,0 days 00:52:55.171000,10,577.2383333333319,0 days 00:01:17.521000,10731.0,236.0,6,100.0,False,0,car,4244.297499999999,0.9711887641265028,OnTrack,-653.2373743851938,-846.1966393759859,2389.976649667623,3175.171,77.521
2026-07-25 14:39:43.735,0 days 00:52:55.320000,10,575.8724982399985,0 days 00:01:17.670000,10936.939551085714,241.32143542857142,6,100.0,False,0,pos,4254.378358945023,0.9734954867207957,OnTrack,-726.0,-779.0,2389.0,3175.32,77.67
2026-07-25 14:39:43.866,0 days 00:52:55.451000,10,574.6716666666653,0 days 00:01:17.801000,11118.0,246.0,6,100.0,False,0,car,4263.430833333332,0.9755668922745934,OnTrack,-797.3201806590243,-713.3151634605861,2389.013251311302,3175.451,77.801
2026-07-25 14:39:43.895,0 days 00:52:55.480000,10,574.115829653332,0 days 00:01:17.830000,11146.355743288888,246.7250048,6,100.0,False,0,pos,4265.452738950627,0.9760295488196732,OnTrack,-814.0,-698.0,2389.0,3175.48,77.83
2026-07-25 14:39:44.195,0 days 00:52:55.780000,10,568.3658296533323,0 days 00:01:18.130000,11439.689076622222,254.2250048,6,100.0,False,0,pos,4286.709193356621,0.9808934938386706,OnTrack,-993.0,-535.0,2388.0,3175.78,78.13
2026-07-25 14:39:44.226,0 days 00:52:55.811000,10,567.7716666666656,0 days 00:01:18.161000,11470.0,255.0,6,100.0,False,0,car,4288.930833333332,0.9814018540050625,OnTrack,-1009.4388020779704,-520.2729692244877,2388.129386976412,3175.811,78.161
2026-07-25 14:39:44.375,0 days 00:52:55.960000,10,563.591383502221,0 days 00:01:18.310000,11270.33974272,257.60750336,6,100.0,False,0,pos,4299.663610435242,0.9838577498345252,OnTrack,-1083.0,-455.0,2389.0,3175.96,78.31
2026-07-25 14:39:44.555,0 days 00:52:56.140000,10,558.5413835022208,0 days 00:01:18.490000,11029.13974272,260.75750336,6,100.0,False,0,pos,4312.788931746595,0.9868611124836176,OnTrack,-1175.0,-374.0,2388.0,3176.14,78.49
2026-07-25 14:39:44.626,0 days 00:52:56.211000,10,556.549444444443,0 days 00:01:18.561000,10934.0,262.0,6,100.0,False,0,car,4318.041944444443,0.9880631175056417,OnTrack,-1215.5832567251896,-338.953266867802,2387.858505938845,3176.211,78.561
2026-07-25 14:39:44.755,0 days 00:52:56.340000,10,552.1777712711097,0 days 00:01:18.690000,10725.9871904,266.8375072,6,100.0,False,0,pos,4327.699356340255,0.9902729460871098,OnTrack,-1294.0,-272.0,2388.0,3176.34,78.69
2026-07-25 14:39:44.866,0 days 00:52:56.451000,10,548.4161111111098,0 days 00:01:18.801000,10547.0,271.0,7,100.0,False,0,car,4336.10861111111,0.9921971688231767,OnTrack,-1362.1275949120507,-214.15760050513117,2388.0088329937294,3176.451,78.801
2026-07-25 14:39:44.915,0 days 00:52:56.500000,10,548.4161111111098,0 days 00:01:18.850000,10583.527415854545,271.89091258181816,7,100.0,False,0,pos,4339.845595250258,0.9930522731149141,OnTrack,-1392.0,-189.0,2388.0,3176.5,78.85
2026-07-25 14:39:45.092,0 days 00:52:56.677000,10,548.4161111111098,0 days 00:01:19.027000,10715.472822690908,275.10909323636366,7,100.0,False,0,interpolation,4353.470773410058,0.996170014022101,OnTrack,-1497.8532789865978,-101.26433582648056,2387.987401677091,3176.677,79.027
