Date,SessionTime,DriverAhead,DistanceToDriverAhead,Time,RPM,Speed,nGear,Throttle,Brake,DRS,Source,Distance,RelativeDistance,Status,X,Y,Z,SessionTime_seconds,Time_seconds
2026-07-25 14:38:18.579,0 days 00:51:30.164000,,454.1463888888889,0 days 00:00:00,11029.56523136,282.8250048,7,100.0,False,0,interpolation,0.2631923286750123,6.0364709190439535e-05,OnTrack,-1478.9218533675507,-118.54426729115593,2388.0000000019318,3090.164,0.0
2026-07-25 14:38:18.586,0 days 00:51:30.171000,,454.1463888888889,0 days 00:00:00.007000,11038.0,283.0,7,100.0,False,0,car,0.8183333333333405,0.00018768956502720487,OnTrack,-1485.0272885570698,-113.53653596980044,2388.0000000011114,3090.171,0.007
2026-07-25 14:38:18.595,0 days 00:51:30.180000,,454.1463888888889,0 days 00:00:00.016000,11044.557926735139,283.22613540465994,7,100.0,False,0,pos,1.5326403442160565,0.00035152008091534183,OnTrack,-1493.0,-107.0,2388.0,3090.18,0.016
2026-07-25 14:38:18.785,0 days 00:51:30.370000,3,454.1463888888889,0 days 00:00:00.206000,11183.0,288.0,7,100.0,False,0,car,16.738333333333337,0.0038390352374097813,OnTrack,-1680.7158999313067,46.411770463063085,2387.999999995069,3090.37,0.206
2026-07-25 14:38:18.795,0 days 00:51:30.380000,3,453.8880522488889,0 days 00:00:00.216000,11190.35009408,288.20000256,7,100.0,False,0,pos,17.544231209947373,0.004023872657268887,OnTrack,-1690.0,54.0,2388.0,3090.38,0.216
2026-07-25 14:38:18.985,0 days 00:51:30.570000,3,448.9797222222222,0 days 00:00:00.406000,11330.0,292.0,7,100.0,False,0,car,32.96055555555556,0.007559697354717544,OnTrack,-1839.5536038731361,176.48138363193075,2388.0000002325983,3090.57,0.406
2026-07-25 14:38:19.145,0 days 00:51:30.730000,3,444.6686111111111,0 days 00:00:00.566000,11490.0,296.0,7,100.0,False,0,car,46.11611111111111,0.01057700142793151,OnTrack,-1929.5563879876736,250.50227733804053,2388.000000304692,3090.73,0.566
2026-07-25 14:38:19.235,0 days 00:51:30.820000,3,442.04360737777773,0 days 00:00:00.656000,11174.999552,297.6875024,7,100.0,False,0,pos,53.57703006906529,0.01228820709056487,OnTrack,-1969.0,283.0,2388.0,3090.82,0.656
2026-07-25 14:38:19.305,0 days 00:51:30.890000,3,440.0019444444444,0 days 00:00:00.726000,10930.0,299.0,7,100.0,False,0,car,59.405,0.013624886285671295,OnTrack,-1994.1655936931409,303.76916303998564,2387.999999586265,3090.89,0.726
2026-07-25 14:38:19.495,0 days 00:51:31.080000,3,434.1436071644444,0 days 00:00:00.916000,10445.4996736,301.85000192,7,100.0,False,0,pos,75.33718903950513,0.017279027585984,OnTrack,-2060.0,358.0,2388.0,3091.08,0.916
2026-07-25 14:38:19.505,0 days 00:51:31.090000,3,433.8352777777777,0 days 00:00:00.926000,10420.0,302.0,8,100.0,False,0,car,76.18277777777779,0.017472968338503297,OnTrack,-2064.820525278629,361.9494416972256,2388.0000002383626,3091.09,0.926
2026-07-25 14:38:19.815,0 days 00:51:31.400000,3,422.46860641777766,0 days 00:00:01.236000,10686.0834432,308.02778026666664,8,100.0,False,0,pos,102.75735192712987,0.02356800328295346,OnTrack,-2270.0,530.0,2388.0,3091.4,1.236
2026-07-25 14:38:19.865,0 days 00:51:31.450000,3,420.6352777777777,0 days 00:00:01.286000,10729.0,309.0,8,100.0,False,0,car,107.08277777777778,0.02456006515236144,OnTrack,-2304.2249701970577,558.326909392916,2387.999991108885,3091.45,1.286
2026-07-25 14:38:20.035,0 days 00:51:31.620000,3,413.64638362666665,0 days 00:00:01.456000,10799.55005312,312.40000256,8,100.0,False,0,pos,121.84993948271149,0.027947000578535025,OnTrack,-2416.0,651.0,2388.0,3091.62,1.456
2026-07-25 14:38:20.065,0 days 00:51:31.650000,3,412.41305555555556,0 days 00:00:01.486000,10812.0,313.0,8,100.0,False,0,car,124.47166666666666,0.028548309134270103,OnTrack,-2434.994941367162,666.5698804726442,2388.0000257564234,3091.65,1.486
2026-07-25 14:38:20.235,0 days 00:51:31.820000,3,404.29082721777775,0 days 00:00:01.656000,10906.5625712,315.656252,8,100.0,False,0,pos,139.43487082835838,0.03198020805140389,OnTrack,-2551.0,761.0,2388.0,3091.82,1.656
2026-07-25 14:38:20.385,0 days 00:51:31.970000,3,397.1241666666666,0 days 00:00:01.806000,10990.0,318.0,8,100.0,False,0,car,152.73833333333334,0.035031435453743355,OnTrack,-2699.462022733709,882.9490713077217,2387.9990630920097,3091.97,1.806
2026-07-25 14:38:20.455,0 days 00:51:32.040000,3,393.56582682666664,0 days 00:00:01.876000,11015.90004736,319.05000192,8,100.0,False,0,pos,158.96460365094168,0.0364594671861104,OnTrack,-2770.0,941.0,2388.0,3092.04,1.876
2026-07-25 14:38:20.585,0 days 00:51:32.170000,3,386.9575,0 days 00:00:02.006000,11064.0,321.0,8,100.0,False,0,car,170.57166666666666,0.039121615384071405,OnTrack,-2887.3638700285046,1037.572544401366,2388.0058271705702,3092.17,2.006
2026-07-25 14:38:20.745,0 days 00:51:32.330000,3,378.51305555555547,0 days 00:00:02.166000,11218.0,324.0,8,100.0,False,0,car,184.97166666666666,0.04242434011285967,OnTrack,-3007.583596523947,1136.4857445362784,2388.0132244391275,3092.33,2.166
2026-07-25 14:38:20.855,0 days 00:51:32.440000,3,372.1880481955555,0 days 00:00:02.276000,11239.388913777777,325.22222364444445,8,100.0,False,0,pos,194.94008233872063,0.04471065490084114,OnTrack,-3075.0,1192.0,2388.0,3092.44,2.276
2026-07-25 14:38:21.105,0 days 00:51:32.690000,3,357.8130555555555,0 days 00:00:02.526000,11288.0,328.0,8,100.0,False,0,car,217.77166666666665,0.049947213106210704,OnTrack,-3184.124224418773,1282.029728760795,2387.913161228007,3092.69,2.526
2026-07-25 14:38:21.275,0 days 00:51:32.860000,3,347.4241588444444,0 days 00:00:02.696000,11380.083402666667,329.8888903111111,8,100.0,False,0,pos,233.40090843626473,0.05353187166764556,OnTrack,-3272.0,1354.0,2388.0,3092.86,2.696
2026-07-25 14:38:21.435,0 days 00:51:33.020000,3,337.64638106666666,0 days 00:00:02.856000,11466.750069333333,331.6666680888889,8,100.0,False,0,pos,248.1896566738699,0.05692375809210129,OnTrack,-3386.0,1447.0,2388.0,3093.02,2.856
2026-07-25 14:38:21.465,0 days 00:51:33.050000,3,335.81305555555554,0 days 00:00:02.886000,11483.0,332.0,8,100.0,False,0,car,250.97166666666666,0.057561828453139195,OnTrack,-3407.3644818278567,1464.5084340101791,2387.8155463770304,3093.05,2.886
2026-07-25 14:38:21.666,0 days 00:51:33.251000,3,322.97138888888884,0 days 00:00:03.087000,11521.0,335.0,8,100.0,False,0,car,269.67583333333334,0.0618517391324015,OnTrack,-3553.9090842276782,1585.2913229493429,2384.9079793814553,3093.251,3.087
2026-07-25 14:38:21.715,0 days 00:51:33.300000,3,319.81359873777774,0 days 00:00:03.136000,11526.5125216,335.3062512,8,100.0,False,0,pos,274.24572362293424,0.06289987035929832,OnTrack,-3601.0,1624.0,2384.0,3093.3,3.136
2026-07-25 14:38:21.826,0 days 00:51:33.411000,3,312.6602777777778,0 days 00:00:03.247000,11539.0,336.0,8,100.0,False,0,car,284.6091666666666,0.06527678699929301,OnTrack,-3726.9584911649404,1727.3147621340847,2381.833272681695,3093.411,3.247
2026-07-25 14:38:21.874,0 days 00:51:33.459000,3,309.5269444444445,0 days 00:00:03.295000,11561.8,336.24,8,100.0,False,0,pos,289.09555210876664,0.0663057658980777,OnTrack,-3774.0,1766.0,2381.0,3093.459,3.295
2026-07-25 14:38:22.026,0 days 00:51:33.611000,3,299.60472222222234,0 days 00:00:03.447000,11634.0,337.0,8,100.0,False,0,car,303.33138888888885,0.06957083882645985,OnTrack,-3855.679056294968,1834.1392074786982,2379.130676095234,3093.611,3.447
2026-07-25 14:38:22.154,0 days 00:51:33.739000,3,291.0002777777779,0 days 00:00:03.575000,11643.6,337.9142857142857,8,100.0,False,0,pos,315.37419898546136,0.0723329281813245,OnTrack,-3918.0,1885.0,2377.0,3093.739,3.575
2026-07-25 14:38:22.306,0 days 00:51:33.891000,3,280.78250000000014,0 days 00:00:03.727000,11655.0,339.0,8,100.0,False,0,car,329.6980555555555,0.07561818896644021,OnTrack,-4058.852073165653,1996.5347926190689,2372.3121876261607,3093.891,3.727
2026-07-25 14:38:22.495,0 days 00:51:34.080000,3,267.9724869866668,0 days 00:00:03.916000,11655.0,339.0,8,100.0,False,0,pos,347.4805589403365,0.0796967107489872,OnTrack,-4258.0,2153.0,2366.0,3094.08,3.916
2026-07-25 14:38:22.546,0 days 00:51:34.131000,3,264.5158333333335,0 days 00:00:03.967000,11655.0,339.0,8,100.0,False,0,car,352.29805555555555,0.08080163194356624,OnTrack,-4298.696121660293,2184.9981280421766,2364.839580105571,3094.131,3.967
2026-07-25 14:38:22.746,0 days 00:51:34.331000,3,250.73805555555566,0 days 00:00:04.167000,11762.0,342.0,8,100.0,False,0,car,371.29805555555555,0.0851593937384952,OnTrack,-4404.554103772128,2268.37410912885,2362.5181579922073,3094.331,4.167
2026-07-25 14:38:22.955,0 days 00:51:34.540000,3,235.933875288889,0 days 00:00:04.376000,11771.40500864,342.52250048,8,100.0,False,0,pos,391.2044736335312,0.08972504785292075,OnTrack,-4512.0,2353.0,2360.0,3094.54,4.376
2026-07-25 14:38:23.146,0 days 00:51:34.731000,3,222.40472222222235,0 days 00:00:04.567000,11780.0,343.0,8,100.0,False,0,car,409.4091666666667,0.09390040131545796,OnTrack,-4653.882829145166,2464.5863662285856,2355.647975028786,3094.731,4.567
2026-07-25 14:38:23.175,0 days 00:51:34.760000,3,220.39082000000013,0 days 00:00:04.596000,11779.604542836363,343.0,8,100.0,False,0,pos,412.17339937087405,0.09453439435075732,OnTrack,-4676.0,2482.0,2355.0,3094.76,4.596
2026-07-25 14:38:23.275,0 days 00:51:34.860000,3,213.4463755555557,0 days 00:00:04.696000,11778.240906472727,343.0,8,100.0,False,0,pos,421.70547299846544,0.0967206315234293,OnTrack,-4751.0,2541.0,2353.0,3094.86,4.696
2026-07-25 14:38:23.475,0 days 00:51:35.060000,3,199.55748666666685,0 days 00:00:04.896000,11775.513633745455,343.0,8,100.0,False,0,pos,440.7656669322576,0.10109219915125119,OnTrack,-4902.0,2658.0,2350.0,3095.06,4.896
2026-07-25 14:38:23.586,0 days 00:51:35.171000,3,191.84916666666686,0 days 00:00:05.007000,11774.0,343.0,8,100.0,False,0,car,451.33138888888885,0.10351550965011698,OnTrack,-4985.506315006635,2722.6379392875942,2347.249249979812,3095.171,5.007
2026-07-25 14:38:23.675,0 days 00:51:35.260000,3,185.891098257778,0 days 00:00:05.096000,11580.86958336,340.32999424,8,57.7249088,False,0,pos,459.7954383487072,0.10545678919571622,OnTrack,-5052.0,2774.0,2345.0,3095.26,5.096
2026-07-25 14:38:23.786,0 days 00:51:35.371000,3,178.460277777778,0 days 00:00:05.207000,11340.0,337.0,8,5.0,True,0,car,470.0536111111111,0.10780956147728382,OnTrack,-5134.21013095508,2837.1539615348074,2342.8885835976184,3095.371,5.207
2026-07-25 14:38:24.015,0 days 00:51:35.600000,3,166.05610071111127,0 days 00:00:05.436000,10901.628203885713,301.8321133714286,8,0.9107108571428575,True,0,pos,489.0197049533121,0.11215954669541967,OnTrack,-5296.0,2963.0,2339.0,3095.6,5.436
2026-07-25 14:38:24.055,0 days 00:51:35.640000,3,163.88943404444458,0 days 00:00:05.476000,10825.056775314286,295.6892562285714,8,0.19642514285714321,True,0,pos,492.0876632149412,0.11286320097441777,OnTrack,-5322.0,2984.0,2338.0,3095.64,5.476
2026-07-25 14:38:24.066,0 days 00:51:35.651000,3,163.29361111111126,0 days 00:00:05.487000,10804.0,294.0,8,0.0,True,0,car,492.92027777777776,0.11305416602346147,OnTrack,-5328.969392370062,2989.619004697118,2337.7421957666547,3095.651,5.487
2026-07-25 14:38:24.355,0 days 00:51:35.940000,3,151.89415909333349,0 days 00:00:05.776000,10450.8778904,253.359348,8,0.0,True,0,pos,513.0862033443033,0.11767933970731337,OnTrack,-5488.0,3116.0,2334.0,3095.94,5.776
2026-07-25 14:38:24.386,0 days 00:51:35.971000,3,150.67138888888906,0 days 00:00:05.807000,10413.0,249.0,7,0.0,True,0,car,515.0536111111111,0.11813057625474713,OnTrack,-5503.7243811311155,3128.748847037493,2333.6990154896407,3095.971,5.807
2026-07-25 14:38:24.615,0 days 00:51:36.200000,3,144.24666128000027,0 days 00:00:06.036000,10698.296072533334,212.74163626666666,7,0.0,True,0,pos,528.5099749972952,0.12121687248853005,OnTrack,-5618.0,3224.0,2331.0,3096.2,6.036
2026-07-25 14:38:24.626,0 days 00:51:36.211000,3,143.93805555555582,0 days 00:00:06.047000,10712.0,211.0,7,0.0,True,0,car,529.1202777777777,0.12135684902222084,OnTrack,-5623.638647259318,3228.7984853178323,2330.8075025264825,3096.211,6.047
2026-07-25 14:38:24.826,0 days 00:51:36.411000,3,139.93805555555582,0 days 00:00:06.247000,10870.0,190.0,7,0.0,True,0,car,539.6758333333332,0.12377782779718137,OnTrack,-5725.33056134835,3316.774215968315,2326.539639076262,3096.411,6.247
2026-07-25 14:38:24.855,0 days 00:51:36.440000,3,139.6561092444447,0 days 00:00:06.276000,10897.872406755556,187.66387342222222,7,0.0,True,0,pos,541.1011335734843,0.12410472879364629,OnTrack,-5738.0,3328.0,2326.0,3096.44,6.276
2026-07-25 14:38:25.186,0 days 00:51:36.771000,3,136.43805555555582,0 days 00:00:06.607000,11216.0,161.0,6,0.0,True,0,car,555.7758333333333,0.1274704575286738,OnTrack,-5840.0173563000535,3424.7681240377337,2322.281668855186,3096.771,6.607
2026-07-25 14:38:25.215,0 days 00:51:36.800000,3,136.30111024848742,0 days 00:00:06.636000,11044.767765622428,159.10551570475877,6,0.0,True,0,pos,556.998085852827,0.12775078833568462,OnTrack,-5848.0,3433.0,2322.0,3096.8,6.636
2026-07-25 14:38:25.385,0 days 00:51:36.970000,3,135.49833333333356,0 days 00:00:06.806000,10041.0,148.0,4,0.0,True,0,car,563.9569444444444,0.12934684349920375,OnTrack,-5896.119638638748,3484.743017967278,2320.133487991927,3096.97,6.806
2026-07-25 14:38:25.395,0 days 00:51:36.980000,3,135.5094445866669,0 days 00:00:06.816000,10095.0423584,147.3333248,4,0.0,True,0,pos,564.3465797206171,0.12943620864238597,OnTrack,-5899.0,3488.0,2320.0,3096.98,6.816
2026-07-25 14:38:25.625,0 days 00:51:37.210000,3,135.76500000000033,0 days 00:00:07.046000,11338.0,132.0,2,0.0,True,0,car,572.7569444444443,0.13136517527790767,OnTrack,-5963.839581695305,3566.5939772195243,2316.3917753668893,3097.21,7.046
2026-07-25 14:38:25.655,0 days 00:51:37.240000,3,135.94000074666698,0 days 00:00:07.076000,11207.285156571428,131.03571017142858,2,0.0,True,0,pos,573.8148833225672,0.13160781978445785,OnTrack,-5971.0,3576.0,2316.0,3097.24,7.076
2026-07-25 14:38:25.905,0 days 00:51:37.490000,3,137.39833333333365,0 days 00:00:07.326000,10118.0,123.0,2,0.0,True,0,car,582.323611111111,0.13355934656763505,OnTrack,-6014.392728651703,3641.091702488946,2314.093359657535,3097.49,7.326
2026-07-25 14:38:26.055,0 days 00:51:37.640000,3,139.23166823111143,0 days 00:00:07.476000,10292.58348231111,117.1666616888889,2,0.0,True,0,pos,587.0039568531703,0.13463281140246686,OnTrack,-6034.0,3679.0,2313.0,3097.64,7.476
2026-07-25 14:38:26.255,0 days 00:51:37.840000,3,141.67611267555586,0 days 00:00:07.676000,10525.361260088888,109.38888391111111,2,0.0,True,0,pos,592.9279738768321,0.13599151956342592,OnTrack,-6058.0,3735.0,2311.0,3097.84,7.676
2026-07-25 14:38:26.265,0 days 00:51:37.850000,3,141.79833333333363,0 days 00:00:07.686000,10537.0,109.0,2,0.0,True,0,car,593.2236111111109,0.13605932570262058,OnTrack,-6059.023229394052,3737.7452529881234,2310.9252849211584,3097.85,7.686
2026-07-25 14:38:26.425,0 days 00:51:38.010000,3,144.06500000000028,0 days 00:00:07.846000,11657.0,106.0,1,0.0,True,0,car,597.934722222222,0.13713984675586613,OnTrack,-6072.643280529226,3781.2583075319053,2310.1857373966873,3098.01,7.846
2026-07-25 14:38:26.475,0 days 00:51:38.060000,3,144.89833546666694,0 days 00:00:07.896000,11506.999616,105.16666453333333,1,0.0,True,0,pos,599.3842231799578,0.13747229832930474,OnTrack,-6076.0,3797.0,2310.0,3098.06,7.896
2026-07-25 14:38:26.665,0 days 00:51:38.250000,3,148.06500000000028,0 days 00:00:08.086000,10937.0,102.0,1,0.0,True,0,car,604.734722222222,0.1386994667666828,OnTrack,-6084.774097205097,3865.7605300281793,2309.0749001024155,3098.25,8.086
2026-07-25 14:38:26.675,0 days 00:51:38.260000,3,148.2761138133336,0 days 00:00:08.096000,10924.083168,101.7499968,1,0.0,True,0,pos,605.0065809539972,0.1387618191664169,OnTrack,-6085.0,3869.0,2309.0,3098.26,8.096
2026-07-25 14:38:27.025,0 days 00:51:38.610000,3,155.6650000000003,0 days 00:00:08.446000,10472.0,93.0,1,0.0,False,0,car,614.034722222222,0.14083247648735855,OnTrack,-6076.858455338557,3945.8157948313838,2305.221007620097,3098.61,8.446
2026-07-25 14:38:27.095,0 days 00:51:38.680000,3,157.27889184000034,0 days 00:00:08.516000,10360.34979584,92.29999872,1,0.0,False,0,pos,615.8105387164456,0.14123977044911293,OnTrack,-6072.0,3961.0,2305.0,3098.68,8.516
2026-07-25 14:38:27.155,0 days 00:51:38.740000,3,158.6622251733337,0 days 00:00:08.576000,10264.64979584,91.69999872,1,0.0,False,0,pos,617.3310884196818,0.14158851747037887,OnTrack,-6067.0,3975.0,2305.0,3098.74,8.576
2026-07-25 14:38:27.225,0 days 00:51:38.810000,3,160.2761111111115,0 days 00:00:08.646000,10153.0,91.0,1,0.0,False,0,car,619.0902777777775,0.1419919979006291,OnTrack,-6059.773018961215,3991.0156150823377,2304.675673087128,3098.81,8.646
2026-07-25 14:38:27.475,0 days 00:51:39.060000,3,166.52611431111157,0 days 00:00:08.896000,10323.8334208,89.6111104,1,31.250016,False,0,pos,625.2468416475415,0.1434040420490342,OnTrack,-6025.0,4042.0,2302.0,3099.06,8.896
2026-07-25 14:38:27.585,0 days 00:51:39.170000,3,169.27611111111162,0 days 00:00:09.006000,10399.0,89.0,1,45.0,False,0,car,627.9902777777775,0.14403326526772742,OnTrack,-6008.7698978482,4059.999698535433,2301.9452995619454,3099.17,9.006
2026-07-25 14:38:27.695,0 days 00:51:39.280000,3,172.02611431111163,0 days 00:00:09.116000,10637.944722488888,90.52777955555555,1,47.7500032,False,0,pos,630.791729761456,0.14467579476376966,OnTrack,-5985.0,4079.0,2302.0,3099.28,9.116
2026-07-25 14:38:27.875,0 days 00:51:39.460000,3,176.52611431111163,0 days 00:00:09.296000,11028.944722488888,93.02777955555555,1,52.2500032,False,0,pos,635.5069787388937,0.14575726486100418,OnTrack,-5923.0,4116.0,2301.0,3099.46,9.296
2026-07-25 14:38:27.945,0 days 00:51:39.530000,3,178.27611111111162,0 days 00:00:09.366000,11181.0,94.0,1,54.0,False,0,car,637.3902777777774,0.1461892105767975,OnTrack,-5903.929962144533,4125.870583846565,2300.6696793029623,3099.53,9.366
2026-07-25 14:38:28.186,0 days 00:51:39.771000,3,184.3011111111116,0 days 00:00:09.607000,11500.0,100.0,1,60.0,False,0,car,644.0847222222219,0.1477246207998646,OnTrack,-5864.263177547968,4138.918040973987,2300.123252294072,3099.771,9.607
2026-07-25 14:38:28.255,0 days 00:51:39.840000,3,186.00694919111157,0 days 00:00:09.676000,11789.45580544,101.7250048,1,62.76000768,False,0,pos,646.0561466707816,0.14817677859689207,OnTrack,-5851.0,4142.0,2300.0,3099.84,9.676
2026-07-25 14:38:28.386,0 days 00:51:39.971000,3,189.24555555555594,0 days 00:00:09.807000,12339.0,105.0,1,68.0,False,0,car,649.9180555555553,0.1490625301228691,OnTrack,-5819.887350908103,4149.103605548696,2299.754411500922,3099.971,9.807
2026-07-25 14:38:28.534,0 days 00:51:40.119000,3,192.5344501333337,0 days 00:00:09.955000,11675.876630755556,110.75556551111112,1,68.82222364444445,False,0,pos,654.6010201459758,0.15013659560598172,OnTrack,-5769.0,4157.0,2299.0,3100.119,9.955
2026-07-25 14:38:28.714,0 days 00:51:40.299000,3,196.53444444444483,0 days 00:00:10.135000,10869.377777777778,117.75555555555556,1,69.82222222222222,False,0,pos,660.6993497617915,0.15153528338559674,OnTrack,-5685.0,4163.0,2297.0,3100.299,10.135
2026-07-25 14:38:28.746,0 days 00:51:40.331000,3,197.24555555555594,0 days 00:00:10.167000,10726.0,119.0,2,70.0,False,0,car,661.8180555555552,0.1517918651417983,OnTrack,-5673.303034299064,4163.621250384838,2296.7013494813896,3100.331,10.167
2026-07-25 14:38:29.015,0 days 00:51:40.600000,3,202.62555939555608,0 days 00:00:10.436000,11603.132768914285,131.48929462857143,2,82.48929462857143,False,0,pos,671.6621150816486,0.1540496581159991,OnTrack,-5609.0,4164.0,2295.0,3100.6,10.436
2026-07-25 14:38:29.026,0 days 00:51:40.611000,3,202.84555555555607,0 days 00:00:10.447000,11639.0,132.0,2,83.0,False,0,car,672.0847222222219,0.1541465855502862,OnTrack,-5605.696695537786,4163.874094909689,2294.919331032205,3100.611,10.447
2026-07-25 14:38:29.255,0 days 00:51:40.840000,3,206.91667008000044,0 days 00:00:10.676000,12317.095012977778,141.54167466666667,2,93.81389795555556,False,0,pos,681.2645897342488,0.1562520421779926,OnTrack,-5519.0,4159.0,2293.0,3100.84,10.676
2026-07-25 14:38:29.386,0 days 00:51:40.971000,3,209.24555555555594,0 days 00:00:10.807000,12705.0,147.0,2,100.0,False,0,car,686.784722222222,0.15751811704425758,OnTrack,-5466.39902942983,4154.284590597706,2292.1223374965116,3100.971,10.807
2026-07-25 14:38:29.535,0 days 00:51:41.120000,3,211.52194737777816,0 days 00:00:10.956000,12287.7994624,155.19501056000001,2,100.0,False,0,pos,693.2721287840209,0.15900604191074066,OnTrack,-5404.0,4147.0,2291.0,3101.12,10.956
2026-07-25 14:38:29.586,0 days 00:51:41.171000,3,212.30111111111148,0 days 00:00:11.007000,12145.0,158.0,3,100.0,False,0,car,695.5624999999997,0.15953135202554053,OnTrack,-5381.308731299402,4143.977162837171,2290.472840519773,3101.171,11.007
2026-07-25 14:38:29.786,0 days 00:51:41.371000,3,214.85666666666702,0 days 00:00:11.207000,12359.0,169.0,3,100.0,False,0,car,704.9513888888886,0.16168474893590015,OnTrack,-5290.771273783145,4130.583675324984,2288.0908325587593,3101.371,11.207
2026-07-25 14:38:29.795,0 days 00:51:41.380000,3,214.94416853333368,0 days 00:00:11.216000,12319.109863314286,169.48215314285713,3,100.0,False,0,pos,705.3904126706581,0.16178544162344013,OnTrack,-5287.0,4130.0,2288.0,3101.38,11.216
2026-07-25 14:38:29.975,0 days 00:51:41.560000,3,216.69416853333374,0 days 00:00:11.396000,11521.32414902857,179.1250102857143,3,100.0,False,0,pos,714.4748291953995,0.16386900600558432,OnTrack,-5202.0,4115.0,2286.0,3101.56,11.396
2026-07-25 14:38:30.066,0 days 00:51:41.651000,3,217.5788888888893,0 days 00:00:11.487000,11118.0,184.0,3,100.0,False,0,car,719.2624999999997,0.16496708647500455,OnTrack,-5122.003277748514,4097.762592169414,2283.7525205223133,3101.651,11.487
2026-07-25 14:38:30.135,0 days 00:51:41.720000,3,217.9047231288893,0 days 00:00:11.556000,11256.6472608,187.0187584,3,100.0,False,0,pos,722.9730861555339,0.16581813124265607,OnTrack,-5061.0,4084.0,2282.0,3101.72,11.556
2026-07-25 14:38:30.386,0 days 00:51:41.971000,3,219.09000000000037,0 days 00:00:11.807000,11761.0,198.0,4,100.0,False,0,car,736.8624999999997,0.16900375003241241,OnTrack,-4946.0445271864055,4053.9164103212693,2278.82964624055,3101.971,11.807
2026-07-25 14:38:30.515,0 days 00:51:42.100000,3,219.41250048000038,0 days 00:00:11.936000,11580.3997312,200.58000384,4,100.0,False,0,pos,744.0309142126439,0.17064786801062748,OnTrack,-4908.0,4042.0,2278.0,3102.1,11.936
2026-07-25 14:38:30.586,0 days 00:51:42.171000,3,219.59000000000037,0 days 00:00:12.007000,11481.0,202.0,4,100.0,False,0,car,748.0847222222219,0.17157763273000204,OnTrack,-4884.722002962025,4034.8196035163587,2277.55466478487,3102.171,12.007
2026-07-25 14:38:30.946,0 days 00:51:42.531000,3,218.09000000000026,0 days 00:00:12.367000,11311.0,222.0,5,100.0,False,0,car,770.284722222222,0.17666933335355062,OnTrack,-4738.377131637579,3987.5775172938793,2275.0803221628003,3102.531,12.367
2026-07-25 14:38:30.955,0 days 00:51:42.540000,3,217.9949979733336,0 days 00:00:12.376000,11290.9745728,222.3093816,5,100.0,False,0,pos,770.8572860163143,0.1768006542286588,OnTrack,-4734.0,3986.0,2275.0,3102.54,12.376
2026-07-25 14:38:31.135,0 days 00:51:42.720000,3,216.09499797333368,0 days 00:00:12.556000,10890.4745728,228.4968816,5,100.0,False,0,pos,782.4095529546664,0.17945023462385734,OnTrack,-4629.0,3945.0,2273.0,3102.72,12.556
2026-07-25 14:38:31.266,0 days 00:51:42.851000,3,214.71222222222264,0 days 00:00:12.687000,10599.0,233.0,5,100.0,False,0,car,790.9958333333329,0.1814195485498942,OnTrack,-4502.481395029796,3889.186518327906,2270.5948361185415,3102.851,12.687
2026-07-25 14:38:31.355,0 days 00:51:42.940000,3,213.35249706666707,0 days 00:00:12.776000,10717.878827885714,236.17857828571428,5,100.0,False,0,pos,796.9350601710236,0.18278174517119447,OnTrack,-4416.0,3849.0,2269.0,3102.94,12.776
2026-07-25 14:38:31.546,0 days 00:51:43.131000,3,210.4344444444448,0 days 00:00:12.967000,10973.0,243.0,6,100.0,False,0,car,809.895833333333,0.1857543747564288,OnTrack,-4283.278816237302,3780.5753990253747,2266.7962200778425,3103.131,12.967
2026-07-25 14:38:31.706,0 days 00:51:43.291000,3,207.45666666666705,0 days 00:00:13.127000,11106.0,247.0,6,100.0,False,0,car,820.8736111111108,0.18827219268238776,OnTrack,-4216.1548662079,3738.0612816646135,2265.882822480843,3103.291,13.127
2026-07-25 14:38:31.835,0 days 00:51:43.420000,3,204.37499541333372,0 days 00:00:13.256000,11234.078762057143,250.2250048,6,100.0,False,0,pos,829.8914522170228,0.19034048760049743,OnTrack,-4166.0,3705.0,2265.0,3103.42,13.256
2026-07-25 14:38:31.986,0 days 00:51:43.571000,3,200.76777777777818,0 days 00:00:13.407000,11384.0,254.0,6,100.0,False,0,car,840.6291666666663,0.19280324558962966,OnTrack,-4109.488835126752,3666.800656506783,2263.747197089606,3103.571,13.407
2026-07-25 14:38:32.095,0 days 00:51:43.680000,3,197.5583281478928,0 days 00:00:13.516000,11129.252435790078,255.98633578331322,6,100.0,False,0,pos,848.4815552592548,0.1946042371163517,OnTrack,-4061.0,3633.0,2263.0,3103.68,13.516
2026-07-25 14:38:32.335,0 days 00:51:43.920000,3,190.49166251144618,0 days 00:00:13.756000,10568.341355831784,260.35991145550264,6,100.0,False,0,pos,866.002912999166,0.1986228636086815,OnTrack,-3920.0,3531.0,2262.0,3103.92,13.756
2026-07-25 14:38:32.425,0 days 00:51:44.010000,3,187.84166666666704,0 days 00:00:13.846000,10358.0,262.0,6,100.0,False,0,car,872.5786111111107,0.20013103866169307,OnTrack,-3867.4789860968667,3490.6439731293162,2261.171961435629,3104.01,13.846
2026-07-25 14:38:32.535,0 days 00:51:44.120000,3,184.20555132444485,0 days 00:00:13.956000,10358.0,262.0,6,100.0,False,0,pos,880.6058323362648,0.20197212908139936,OnTrack,-3805.0,3441.0,2260.0,3104.12,13.956
2026-07-25 14:38:32.745,0 days 00:51:44.330000,3,177.26388888888937,0 days 00:00:14.166000,10358.0,262.0,7,100.0,False,0,car,895.8674999999996,0.20547248235886917,OnTrack,-3686.7425540726094,3343.9767977133506,2258.4379692874672,3104.33,14.166
2026-07-25 14:38:32.875,0 days 00:51:44.460000,3,172.74999555555596,0 days 00:00:14.296000,10358.0,262.0,7,100.0,False,0,pos,905.2417737009312,0.20762252718987584,OnTrack,-3614.0,3283.0,2258.0,3104.46,14.296
2026-07-25 14:38:32.985,0 days 00:51:44.570000,3,168.93055555555588,0 days 00:00:14.406000,10358.0,262.0,7,100.0,False,0,car,913.3341666666663,0.20947856513175123,OnTrack,-3552.660016873613,3231.102353050577,2257.92358312168,3104.57,14.406
2026-07-25 14:38:33.055,0 days 00:51:44.640000,3,166.0722169955559,0 days 00:00:14.476000,10489.60024064,267.2500096,7,100.0,False,0,pos,918.6447889756427,0.21069658760571724,OnTrack,-3514.0,3198.0,2257.0,3104.64,14.476
2026-07-25 14:38:33.095,0 days 00:51:44.680000,3,164.43888366222257,0 days 00:00:14.516000,10564.80024064,270.2500096,7,100.0,False,0,pos,921.7344496823624,0.21140521946819285,OnTrack,-3492.0,3179.0,2256.0,3104.68,14.516
2026-07-25 14:38:33.185,0 days 00:51:44.770000,3,160.76388888888926,0 days 00:00:14.606000,10734.0,277.0,7,100.0,False,0,car,928.7230555555551,0.2130080973457726,OnTrack,-3440.1298206550423,3134.212583419651,2254.5688908754078,3104.77,14.606
2026-07-25 14:38:33.335,0 days 00:51:44.920000,3,154.30555004444486,0 days 00:00:14.756000,10767.125028266666,279.50000213333334,7,100.0,False,0,pos,940.4121897027441,0.21568906904063684,OnTrack,-3352.0,3058.0,2254.0,3104.92,14.756
2026-07-25 14:38:33.425,0 days 00:51:45.010000,3,150.430555555556,0 days 00:00:14.846000,10787.0,281.0,7,100.0,False,0,car,947.4563888888885,0.21730469757164994,OnTrack,-3303.5975862461332,3015.833158099265,2253.632857570628,3105.01,14.846
2026-07-25 14:38:33.655,0 days 00:51:45.240000,3,140.0166608711115,0 days 00:00:15.076000,10923.85007616,282.72500096,7,100.0,False,0,pos,965.5753903976994,0.22146039717887922,OnTrack,-3165.0,2894.0,2252.0,3105.24,15.076
2026-07-25 14:38:33.825,0 days 00:51:45.410000,3,132.3194444444448,0 days 00:00:15.246000,11025.0,284.0,7,100.0,False,0,car,979.011944444444,0.22454214990942667,OnTrack,-3006.98090053888,2754.8375239225084,2249.6064307281476,3105.41,15.246
2026-07-25 14:38:33.875,0 days 00:51:45.460000,3,130.05554976000036,0 days 00:00:15.296000,10984.374896,283.0624976,7,92.18748,False,0,pos,982.9629129001862,0.2254483277720268,OnTrack,-2965.0,2718.0,2249.0,3105.46,15.296
2026-07-25 14:38:33.985,0 days 00:51:45.570000,3,125.07500000000039,0 days 00:00:15.406000,10895.0,281.0,7,75.0,True,0,car,991.5008333333329,0.22740655006001156,OnTrack,-2891.619273906608,2654.009976590134,2248.070703898113,3105.57,15.406
2026-07-25 14:38:34.145,0 days 00:51:45.730000,3,118.76388888888926,0 days 00:00:15.566000,10055.0,257.0,7,9.0,True,0,car,1002.9230555555552,0.23002630393438991,OnTrack,-2828.4138802107195,2600.1174565800284,2247.6288919024328,3105.73,15.566
2026-07-25 14:38:34.315,0 days 00:51:45.900000,3,113.47499601777822,0 days 00:00:15.736000,10271.2189128,238.406236,7,4.218746400000001,True,0,pos,1013.765927966609,0.23251318052071518,OnTrack,-2769.0,2551.0,2247.0,3105.9,15.736
2026-07-25 14:38:34.465,0 days 00:51:46.050000,3,108.80833333333385,0 days 00:00:15.886000,10462.0,222.0,7,0.0,True,0,car,1022.6563888888884,0.23455226004421084,OnTrack,-2709.7990969381312,2502.904088093659,2245.94311818891,3106.05,15.886
2026-07-25 14:38:34.575,0 days 00:51:46.160000,3,105.90555217777822,0 days 00:00:15.996000,10743.416994133333,213.29165653333334,7,0.0,True,0,pos,1028.9982126014384,0.23600679462761742,OnTrack,-2663.0,2466.0,2245.0,3106.16,15.996
2026-07-25 14:38:34.705,0 days 00:51:46.290000,3,102.47500000000036,0 days 00:00:16.126000,11076.0,203.0,7,0.0,True,0,car,1036.189722222222,0.23765620967358134,OnTrack,-2604.6151465508137,2421.6731548981816,2243.814805508509,3106.29,16.126
2026-07-25 14:38:34.795,0 days 00:51:46.380000,3,100.62499687760217,0 days 00:00:16.216000,11419.195599985553,195.15766311240847,7,0.0,True,0,pos,1040.8955375347784,0.23873551610426821,OnTrack,-2564.0,2392.0,2243.0,3106.38,16.216
2026-07-25 14:38:34.946,0 days 00:51:46.531000,3,97.52111111111162,0 days 00:00:16.367000,11995.0,182.0,5,0.0,True,0,car,1048.3736111111107,0.24045065627956339,OnTrack,-2497.9222295514287,2346.1026789228595,2241.713087375781,3106.531,16.367
2026-07-25 14:38:35.114,0 days 00:51:46.699000,3,94.76777777777825,0 days 00:00:16.535000,11623.72,171.08,5,0.0,True,0,pos,1056.2847363646704,0.24226511940508225,OnTrack,-2430.0,2302.0,2240.0,3106.699,16.535
2026-07-25 14:38:35.146,0 days 00:51:46.731000,3,94.2433333333338,0 days 00:00:16.567000,11553.0,169.0,4,0.0,True,0,car,1057.7624999999996,0.242604053189923,OnTrack,-2418.0666291237703,2294.5936834539716,2239.587552173321,3106.731,16.567
2026-07-25 14:38:35.306,0 days 00:51:46.891000,3,91.93222222222266,0 days 00:00:16.727000,10873.0,163.0,3,0.0,True,0,car,1065.0069444444441,0.2442656091491591,OnTrack,-2354.173694682457,2259.0080843828036,2237.1371828071415,3106.891,16.727
2026-07-25 14:38:35.314,0 days 00:51:46.899000,3,91.8566666666671,0 days 00:00:16.735000,10884.771428571428,162.6,3,0.0,True,0,pos,1065.3571975863758,0.24434594176813088,OnTrack,-2350.0,2257.0,2237.0,3106.899,16.735
2026-07-25 14:38:35.535,0 days 00:51:47.120000,3,89.76944263111142,0 days 00:00:16.956000,11209.957425371429,151.5499904,3,0.0,True,0,pos,1074.5497187986891,0.24645430059645154,OnTrack,-2212.0,2198.0,2233.0,3107.12,16.956
2026-07-25 14:38:35.586,0 days 00:51:47.171000,3,89.28777777777805,0 days 00:00:17.007000,11285.0,149.0,3,0.0,True,0,car,1076.595833333333,0.24692358900419473,OnTrack,-2188.7504490740725,2188.7920384486783,2232.2179311785176,3107.171,17.007
2026-07-25 14:38:35.826,0 days 00:51:47.411000,3,87.88777777777818,0 days 00:00:17.247000,11960.0,141.0,2,0.0,True,0,car,1085.995833333333,0.24907953431326482,OnTrack,-2135.4705502315783,2173.627236193873,2229.402807976362,3107.411,17.247
2026-07-25 14:38:35.935,0 days 00:51:47.520000,3,87.67583296000039,0 days 00:00:17.356000,11686.3316608,138.6642816,2,0.0,True,0,pos,1090.1388670065367,0.2500297634635907,OnTrack,-2101.0,2171.0,2228.0,3107.52,17.356
2026-07-25 14:38:36.106,0 days 00:51:47.691000,3,87.3433333333337,0 days 00:00:17.527000,11257.0,135.0,2,0.0,True,0,car,1096.495833333333,0.2514877710946729,OnTrack,-2015.3518140488115,2166.946213616011,2225.3072042593567,3107.691,17.527
2026-07-25 14:38:36.175,0 days 00:51:47.760000,3,87.34333333333377,0 days 00:00:17.596000,11130.2121472,133.562496,2,0.0,True,0,pos,1099.0195833094538,0.2520666080012988,OnTrack,-1983.0,2168.0,2224.0,3107.76,17.596
2026-07-25 14:38:36.315,0 days 00:51:47.900000,3,87.3433333333339,0 days 00:00:17.736000,10872.9621472,130.64582933333332,2,0.0,True,0,pos,1104.062289626764,0.2532231823661736,OnTrack,-1932.0,2177.0,2221.0,3107.9,17.736
2026-07-25 14:38:36.346,0 days 00:51:47.931000,3,87.34333333333393,0 days 00:00:17.767000,10816.0,130.0,2,0.0,False,0,car,1105.1624999999995,0.253475522088851,OnTrack,-1921.36061793212,2179.7814914980604,2220.337053944604,3107.931,17.767
2026-07-25 14:38:36.515,0 days 00:51:48.100000,3,88.6577792711117,0 days 00:00:17.936000,10638.901882133334,127.53541386666667,2,0.0,False,0,pos,1111.0534839109462,0.2548266539110438,OnTrack,-1864.0,2199.0,2217.0,3108.1,17.936
2026-07-25 14:38:36.695,0 days 00:51:48.280000,3,90.05777927111171,0 days 00:00:18.116000,10450.276882133334,124.91041386666667,2,0.0,False,0,pos,1117.1580905058543,0.2562267813527471,OnTrack,-1807.0,2227.0,2214.0,3108.28,18.116
2026-07-25 14:38:36.826,0 days 00:51:48.411000,3,91.07666666666728,0 days 00:00:18.247000,10313.0,123.0,2,0.0,False,0,car,1121.5624999999995,0.25723695858552653,OnTrack,-1769.9531027553037,2252.624120507538,2210.4642050495772,3108.411,18.247
2026-07-25 14:38:36.915,0 days 00:51:48.500000,3,92.04083541333395,0 days 00:00:18.336000,10286.2999424,121.3312464,2,0.0,False,0,pos,1124.540523173956,0.2579199857229939,OnTrack,-1747.0,2272.0,2208.0,3108.5,18.336
2026-07-25 14:38:36.986,0 days 00:51:48.571000,3,92.81000000000063,0 days 00:00:18.407000,10265.0,120.0,2,0.0,False,0,car,1126.8958333333328,0.25846018996655923,OnTrack,-1729.9464403847028,2288.344963771009,2206.3229408865545,3108.571,18.407
2026-07-25 14:38:37.215,0 days 00:51:48.800000,3,95.99055822222277,0 days 00:00:18.636000,10059.853994666666,117.1374976,2,17.1750144,False,0,pos,1134.3401826705574,0.2601675952891836,OnTrack,-1682.0,2347.0,2201.0,3108.8,18.636
2026-07-25 14:38:37.226,0 days 00:51:48.811000,3,96.14333333333389,0 days 00:00:18.647000,10050.0,117.0,2,18.0,False,0,car,1134.6958333333328,0.2602491658613195,OnTrack,-1679.9323426404817,2350.082756615617,2200.6387599322916,3108.811,18.647
2026-07-25 14:38:37.275,0 days 00:51:48.860000,3,96.94639203555612,0 days 00:00:18.696000,10105.4314672,117.0,2,25.9625312,False,0,pos,1136.280004386426,0.2606125048135196,OnTrack,-1671.0,2364.0,2199.0,3108.86,18.696
2026-07-25 14:38:37.386,0 days 00:51:48.971000,3,98.76555555555615,0 days 00:00:18.807000,10231.0,117.0,2,44.0,False,0,car,1139.8958333333328,0.2614418164578264,OnTrack,-1652.755367620316,2395.1356488803976,2196.5374013155792,3108.971,18.807
2026-07-25 14:38:37.475,0 days 00:51:49.060000,3,100.19944753777833,0 days 00:00:18.896000,10380.446155733332,118.85417066666666,2,49.191677866666666,False,0,pos,1142.868693898998,0.2621236595207056,OnTrack,-1640.0,2421.0,2195.0,3109.06,18.896
2026-07-25 14:38:37.626,0 days 00:51:49.211000,3,102.63222222222271,0 days 00:00:19.047000,10634.0,122.0,2,58.0,False,0,car,1148.0291666666662,0.2633072443139013,OnTrack,-1621.9307378308997,2469.05270052791,2191.7349242783685,3109.211,19.047
2026-07-25 14:38:37.755,0 days 00:51:49.340000,3,105.03305912888942,0 days 00:00:19.176000,10904.439688228571,123.84285988571429,2,61.2250048,False,0,pos,1152.4955821902283,0.26433164299436746,OnTrack,-1610.0,2510.0,2189.0,3109.34,19.176
2026-07-25 14:38:37.906,0 days 00:51:49.491000,3,107.84333333333393,0 days 00:00:19.327000,11221.0,126.0,2,65.0,False,0,car,1157.8291666666662,0.26555493197654884,OnTrack,-1600.1979889476593,2554.5490155472535,2186.480168691728,3109.491,19.327
2026-07-25 14:38:37.995,0 days 00:51:49.580000,3,109.42555896888953,0 days 00:00:19.416000,11433.26545792,128.67000576,2,68.11500672,False,0,pos,1161.049630858721,0.26629356438802637,OnTrack,-1598.0,2593.0,2184.0,3109.58,19.416
2026-07-25 14:38:38.106,0 days 00:51:49.691000,3,111.39888888888959,0 days 00:00:19.527000,11698.0,132.0,2,72.0,False,0,car,1165.1624999999995,0.26723687512546873,OnTrack,-1600.0296650781804,2663.526075487971,2178.9191359016477,3109.691,19.527
2026-07-25 14:38:38.215,0 days 00:51:49.800000,3,113.15500309333414,0 days 00:00:19.636000,11779.750144,135.5035776,2,74.7250048,False,0,pos,1169.3267184589224,0.26819196313104937,OnTrack,-1604.0,2729.0,2174.0,3109.8,19.636
2026-07-25 14:38:38.386,0 days 00:51:49.971000,3,115.91000000000099,0 days 00:00:19.807000,11908.0,141.0,2,79.0,False,0,car,1176.129166666666,0.2697521446527172,OnTrack,-1607.9939923274967,2769.2122437337657,2170.750413803255,3109.971,19.807
2026-07-25 14:38:38.535,0 days 00:51:50.120000,3,118.02083605333424,0 days 00:00:19.956000,11217.632443733333,147.82917546666667,2,78.37916586666667,False,0,pos,1182.349703610155,0.27117886140199515,OnTrack,-1619.0,2800.0,2168.0,3110.12,19.956
2026-07-25 14:38:38.626,0 days 00:51:50.211000,3,119.31000000000085,0 days 00:00:20.047000,10796.0,152.0,3,78.0,False,0,car,1186.2624999999994,0.2720762842766793,OnTrack,-1633.1143905654885,2840.3196321297874,2164.5901317256616,3110.211,20.047
2026-07-25 14:38:38.866,0 days 00:51:50.451000,3,122.57666666666773,0 days 00:00:20.287000,11531.0,160.0,3,80.0,False,0,car,1196.9291666666659,0.2745227470387447,OnTrack,-1681.629859450486,2976.441139995308,2153.292395677715,3110.451,20.287
2026-07-25 14:38:38.875,0 days 00:51:50.460000,3,122.68666897795676,0 days 00:00:20.296000,11551.352186419397,160.27136248559196,3,80.13568124279598,False,0,pos,1197.3377743795559,0.27461646362192077,OnTrack,-1683.0,2980.0,2153.0,3110.46,20.296
2026-07-25 14:38:39.065,0 days 00:51:50.650000,3,125.00888888888971,0 days 00:00:20.486000,11981.0,166.0,3,83.0,False,0,car,1206.105277777777,0.2766273421137985,OnTrack,-1703.9691786842004,3026.2441395697324,2149.2742688231065,3110.65,20.486
2026-07-25 14:38:39.155,0 days 00:51:50.740000,3,126.03389034666762,0 days 00:00:20.576000,12252.35038592,169.15000448,3,85.2500032,False,0,pos,1210.3598667522308,0.27760315712885114,OnTrack,-1720.0,3055.0,2147.0,3110.74,20.576
2026-07-25 14:38:39.265,0 days 00:51:50.850000,3,127.28666666666777,0 days 00:00:20.686000,12584.0,173.0,3,88.0,False,0,car,1215.716388888888,0.27883170699836785,OnTrack,-1751.4013617597686,3110.9741394654498,2142.558173831816,3110.85,20.686
2026-07-25 14:38:39.435,0 days 00:51:51.020000,3,128.89222343111223,0 days 00:00:20.856000,12126.274655359999,181.07500608,3,93.10000384,False,0,pos,1224.5040010716975,0.2808471975583099,OnTrack,-1812.0,3218.0,2134.0,3111.02,20.856
2026-07-25 14:38:39.665,0 days 00:51:51.250000,3,131.0644444444456,0 days 00:00:21.086000,11507.0,192.0,4,100.0,False,0,car,1237.0497222222214,0.2837246325224986,OnTrack,-1881.0084895495675,3336.5119496476295,2124.2710576341306,3111.25,21.086
2026-07-25 14:38:39.835,0 days 00:51:51.420000,3,132.24500088888993,0 days 00:00:21.256000,11886.666952533333,199.08333866666666,4,100.0,False,0,pos,1246.5119159142948,0.28589484232078993,OnTrack,-1925.0,3416.0,2118.0,3111.42,21.256
2026-07-25 14:38:39.905,0 days 00:51:51.490000,3,132.7311111111121,0 days 00:00:21.326000,12043.0,202.0,4,100.0,False,0,car,1250.516388888888,0.2868132917596061,OnTrack,-1941.9991968961003,3449.13474598735,2115.5416760235157,3111.49,21.326
2026-07-25 14:38:40.265,0 days 00:51:51.850000,3,134.43111111111216,0 days 00:00:21.686000,11018.0,217.0,5,100.0,False,0,car,1272.216388888888,0.29179031444118286,OnTrack,-2018.5430940118724,3633.0520509052044,2103.1570230567045,3111.85,21.686
2026-07-25 14:38:40.295,0 days 00:51:51.880000,3,134.54777827555662,0 days 00:00:21.716000,11072.375232,217.7500032,5,99.49999786666666,False,0,pos,1274.062321444862,0.29221368993425856,OnTrack,-2024.0,3651.0,2102.0,3111.88,21.716
2026-07-25 14:38:40.505,0 days 00:51:52.090000,3,135.36444444444555,0 days 00:00:21.926000,11453.0,223.0,5,96.0,False,0,car,1287.0830555555547,0.2952000719158115,OnTrack,-2058.078512592292,3790.0936231100654,2093.164556859668,3112.09,21.926
2026-07-25 14:38:40.695,0 days 00:51:52.280000,3,135.94500039111207,0 days 00:00:22.116000,11525.20004864,225.85000192,5,83.64999168,False,0,pos,1299.0752033106914,0.2979505415645735,OnTrack,-2079.0,3904.0,2086.0,3112.28,22.116
2026-07-25 14:38:40.905,0 days 00:51:52.490000,3,136.5866666666675,0 days 00:00:22.326000,11605.0,229.0,5,70.0,False,0,car,1312.5274999999992,0.3010359049628216,OnTrack,-2087.4458082474093,3984.3206381959226,2080.949493951641,3112.49,22.326
2026-07-25 14:38:41.095,0 days 00:51:52.680000,3,136.95611136000085,0 days 00:00:22.516000,11820.17514496,231.3750016,5,81.875008,False,0,pos,1324.8314119244433,0.303857879558217,OnTrack,-2085.0,4069.0,2077.0,3112.68,22.516
2026-07-25 14:38:41.175,0 days 00:51:52.760000,3,137.1116669155564,0 days 00:00:22.596000,11910.77514496,232.3750016,5,86.875008,False,0,pos,1330.0436336444488,0.3050533332781191,OnTrack,-2082.0,4120.0,2075.0,3112.76,22.596
2026-07-25 14:38:41.305,0 days 00:51:52.890000,3,137.36444444444533,0 days 00:00:22.726000,12058.0,234.0,5,95.0,False,0,car,1338.5274999999992,0.306999157945356,OnTrack,-2075.625838934902,4195.973230023589,2071.2982842190836,3112.89,22.726
2026-07-25 14:38:41.435,0 days 00:51:53.020000,3,137.5811114105739,0 days 00:00:22.856000,12142.782725876363,235.6149090643117,5,99.0372726607792,False,0,pos,1347.0374805298054,0.3089509720521128,OnTrack,-2055.0,4286.0,2067.0,3113.02,22.856
2026-07-25 14:38:41.466,0 days 00:51:53.051000,3,137.63277777777876,0 days 00:00:22.887000,12163.0,236.0,5,100.0,False,0,car,1349.0819444444437,0.3094198818804455,OnTrack,-2046.1260290391663,4313.431001733126,2065.8819756895464,3113.051,22.887
2026-07-25 14:38:41.654,0 days 00:51:53.239000,3,137.7372223644454,0 days 00:00:23.075000,12366.04027648,240.7000064,5,100.0,False,0,pos,1361.6571449047494,0.3123040780977872,OnTrack,-1974.0,4499.0,2059.0,3113.239,23.075
2026-07-25 14:38:41.666,0 days 00:51:53.251000,3,137.74388888888984,0 days 00:00:23.087000,12379.0,241.0,5,100.0,False,0,car,1362.4708333333326,0.3124907023265796,OnTrack,-1969.8909786992472,4508.694640739846,2058.6274465234715,3113.251,23.087
2026-07-25 14:38:42.095,0 days 00:51:53.680000,3,136.55222168888946,0 days 00:00:23.516000,11283.099509527272,250.75000436363635,5,100.0,False,0,pos,1392.366717111745,0.31934749917685334,OnTrack,-1869.0,4697.0,2050.0,3113.68,23.516
2026-07-25 14:38:42.106,0 days 00:51:53.691000,3,136.52166666666722,0 days 00:00:23.527000,11255.0,251.0,6,100.0,False,0,car,1393.1486111111105,0.3195268311662281,OnTrack,-1866.0580575660472,4702.307067387903,2049.781959382779,3113.691,23.527
2026-07-25 14:38:42.295,0 days 00:51:53.880000,3,134.8941650133338,0 days 00:00:23.716000,11455.812704,255.7250048,6,100.0,False,0,pos,1406.682416051315,0.3226308889614093,OnTrack,-1804.0,4815.0,2046.0,3113.88,23.716
2026-07-25 14:38:42.426,0 days 00:51:54.011000,3,133.7661111111115,0 days 00:00:23.847000,11595.0,259.0,6,100.0,False,0,car,1416.170833333333,0.3248071132943526,OnTrack,-1739.7050571617453,4921.725637327083,2044.2251355371716,3114.011,23.847
2026-07-25 14:38:42.575,0 days 00:51:54.160000,3,131.73805294222285,0 days 00:00:23.996000,11762.625216,262.19286125714285,6,100.0,False,0,pos,1427.0689186711331,0.32730665329029685,OnTrack,-1668.0,5037.0,2043.0,3114.16,23.996
2026-07-25 14:38:42.706,0 days 00:51:54.291000,3,129.95500000000084,0 days 00:00:24.127000,11910.0,265.0,6,100.0,False,0,car,1436.7819444444438,0.32953439290230174,OnTrack,-1630.3711849445876,5097.755615215403,2042.3834546694704,3114.291,24.127
2026-07-25 14:38:42.835,0 days 00:51:54.420000,3,127.58999648000089,0 days 00:00:24.256000,11281.584778971428,268.6857197714286,6,100.0,False,0,pos,1446.498206995992,0.3317628748884405,OnTrack,-1599.0,5151.0,2042.0,3114.42,24.256
2026-07-25 14:38:42.986,0 days 00:51:54.571000,3,124.82166666666762,0 days 00:00:24.407000,10546.0,273.0,7,100.0,False,0,car,1458.015277777777,0.3344043828380382,OnTrack,-1547.5468372262508,5243.0815686981505,2041.5889291621975,3114.571,24.407
2026-07-25 14:38:43.155,0 days 00:51:54.740000,3,121.11305134222319,0 days 00:00:24.576000,10701.621010133333,276.52083733333336,7,100.0,False,0,pos,1471.024644585929,0.33738815766186886,OnTrack,-1482.0,5363.0,2042.0,3114.74,24.576
2026-07-25 14:38:43.226,0 days 00:51:54.811000,3,119.55500000000097,0 days 00:00:24.647000,10767.0,278.0,7,100.0,False,0,car,1476.5486111111104,0.33865511188712677,OnTrack,-1455.7096912664779,5411.349818401507,2042.711528219654,3114.811,24.647
2026-07-25 14:38:43.255,0 days 00:51:54.840000,3,118.75749472000093,0 days 00:00:24.676000,10794.84018432,278.87000576,7,100.0,False,0,pos,1478.816971856164,0.3391753737709116,OnTrack,-1445.0,5431.0,2043.0,3114.84,24.676
2026-07-25 14:38:43.426,0 days 00:51:55.011000,3,114.05500000000075,0 days 00:00:24.847000,10959.0,284.0,7,100.0,False,0,car,1492.3263888888885,0.3422738380560152,OnTrack,-1380.9476874802494,5547.3932183335155,2044.0522100443254,3115.011,24.847
2026-07-25 14:38:43.575,0 days 00:51:55.160000,3,109.41943847111169,0 days 00:00:24.996000,11107.379357866666,287.1041706666667,7,100.0,False,0,pos,1504.258479195335,0.3450105331755454,OnTrack,-1324.0,5651.0,2045.0,3115.16,24.996
2026-07-25 14:38:43.666,0 days 00:51:55.251000,3,106.58833333333382,0 days 00:00:25.087000,11198.0,289.0,7,100.0,False,0,car,1511.593055555555,0.3466927614199958,OnTrack,-1288.7494455885774,5715.868028270327,2045.9722037285703,3115.251,25.087
2026-07-25 14:38:43.755,0 days 00:51:55.340000,3,103.54749344000052,0 days 00:00:25.176000,11257.18512768,290.33500288,7,100.0,False,0,pos,1518.788505777344,0.34834308026598654,OnTrack,-1255.0,5778.0,2047.0,3115.34,25.176
2026-07-25 14:38:43.866,0 days 00:51:55.451000,3,99.75500000000056,0 days 00:00:25.287000,11331.0,292.0,7,100.0,False,0,car,1527.8152777777773,0.35041342353730354,OnTrack,-1214.5058051944284,5851.904433073009,2048.173072770996,3115.451,25.287
2026-07-25 14:38:43.915,0 days 00:51:55.500000,3,97.9583262933339,0 days 00:00:25.336000,11358.825109028572,292.8750034285714,7,100.0,False,0,pos,1531.8281341894892,0.3513337957667506,OnTrack,-1193.0,5891.0,2049.0,3115.5,25.336
2026-07-25 14:38:44.146,0 days 00:51:55.731000,3,89.48833333333391,0 days 00:00:25.567000,11490.0,297.0,7,100.0,False,0,car,1550.9152777777774,0.3557115444564014,OnTrack,-1062.0393394770074,6128.676459555145,2055.775378852667,3115.731,25.567
2026-07-25 14:38:44.155,0 days 00:51:55.740000,3,89.10082506666726,0 days 00:00:25.576000,11494.2375904,297.0750016,7,100.0,False,0,pos,1551.6608165263347,0.3558825381550909,OnTrack,-1058.0,6136.0,2056.0,3115.74,25.576
2026-07-25 14:38:44.386,0 days 00:51:55.971000,3,79.15500000000088,0 days 00:00:25.807000,11603.0,299.0,7,100.0,False,0,car,1570.8486111111106,0.360283371743011,OnTrack,-996.9851462516531,6246.4837230136645,2059.680625827787,3115.971,25.807
2026-07-25 14:38:44.455,0 days 00:51:56.040000,3,75.85832416000086,0 days 00:00:25.876000,11427.206329018181,299.7840930909091,7,100.0,False,0,pos,1576.6250846208186,0.361608239930907,OnTrack,-978.0,6281.0,2061.0,3116.04,25.876
2026-07-25 14:38:44.715,0 days 00:51:56.300000,3,63.43610193777856,0 days 00:00:26.136000,10764.797238109091,302.73863854545453,7,100.0,False,0,pos,1598.5865586183306,0.36664523321231146,OnTrack,-873.0,6472.0,2069.0,3116.3,26.136
2026-07-25 14:38:44.826,0 days 00:51:56.411000,3,58.13277777777853,0 days 00:00:26.247000,10482.0,304.0,8,100.0,False,0,car,1608.0041666666662,0.3688052170308721,OnTrack,-827.158690693013,6554.365612489572,2073.4374428198107,3116.411,26.247
2026-07-25 14:38:44.935,0 days 00:51:56.520000,3,52.59193468444516,0 days 00:00:26.356000,10520.1500672,305.09000192,8,100.0,False,0,pos,1617.2649302833909,0.370929227656179,OnTrack,-783.0,6634.0,2078.0,3116.52,26.356
2026-07-25 14:38:45.026,0 days 00:51:56.611000,3,47.966111111111786,0 days 00:00:26.447000,10552.0,306.0,8,100.0,False,0,car,1625.0041666666662,0.3727042670579138,OnTrack,-746.0327916733411,6701.70674487099,2081.7267688755346,3116.611,26.447
2026-07-25 14:38:45.155,0 days 00:51:56.740000,3,41.19360103111176,0 days 00:00:26.576000,10578.260753371429,306.46071497142856,8,100.0,False,0,pos,1635.9848272995414,0.3752227461836519,OnTrack,-693.0,6798.0,2087.0,3116.74,26.576
2026-07-25 14:38:45.306,0 days 00:51:56.891000,3,33.26611111111174,0 days 00:00:26.727000,10609.0,307.0,8,100.0,False,0,car,1648.8819444444441,0.3781807758867456,OnTrack,-628.91417418746,6909.217046999161,2093.564735957132,3116.891,26.727
2026-07-25 14:38:45.315,0 days 00:51:56.900000,3,32.7811008422412,0 days 00:00:26.736000,10609.924831611055,307.0451137371246,8,100.0,False,0,pos,1649.6533083161014,0.37835769272937175,OnTrack,-625.0,6916.0,2094.0,3116.9,26.736
2026-07-25 14:38:45.535,0 days 00:51:57.120000,3,20.925547188328277,0 days 00:00:26.956000,10632.531344275674,308.1478704524719,8,100.0,False,0,pos,1668.5961975758,0.3827023558399762,OnTrack,-524.0,7088.0,2106.0,3117.12,26.956
2026-07-25 14:38:45.705,0 days 00:51:57.290000,3,11.764444444444962,0 days 00:00:27.126000,10650.0,309.0,8,100.0,False,0,car,1683.1294444444443,0.38603564152210507,OnTrack,-433.4688523089743,7221.198403297481,2114.9031548542353,3117.29,27.126
2026-07-25 14:38:45.855,0 days 00:51:57.440000,3,207.9883387405437,0 days 00:00:27.276000,10473.333182577779,303.5833287111111,8,100.0,False,0,pos,1695.7570269999014,0.3889318518811831,OnTrack,-361.0,7322.0,2122.0,3117.44,27.276
2026-07-25 14:38:46.065,0 days 00:51:57.650000,31,482.70138888888937,0 days 00:00:27.486000,10226.0,296.0,8,100.0,True,0,car,1712.7294444444442,0.3928245756868365,OnTrack,-274.96145789482426,7440.42122621625,2131.878007791599,3117.65,27.486
2026-07-25 14:38:46.095,0 days 00:51:57.680000,31,482.4263877155561,0 days 00:00:27.516000,10252.500113066666,293.08332088888886,8,91.83329848888889,True,0,pos,1715.0379157613497,0.39335403716628387,OnTrack,-253.0,7469.0,2134.0,3117.68,27.516
2026-07-25 14:38:46.235,0 days 00:51:57.820000,31,481.14305438222283,0 days 00:00:27.656000,10376.166779733334,279.4722097777778,8,53.72218737777778,True,0,pos,1725.4215097412568,0.3957355755420572,OnTrack,-119.0,7641.0,2146.0,3117.82,27.656
2026-07-25 14:38:46.425,0 days 00:51:58.010000,31,479.40138888888964,0 days 00:00:27.846000,10544.0,261.0,8,2.0,True,0,car,1738.829444444444,0.3988107642577652,OnTrack,-10.646766508965616,7787.640685756593,2155.7793535104715,3118.01,27.846
2026-07-25 14:38:46.655,0 days 00:51:58.240000,31,478.570832871112,0 days 00:00:28.076000,11711.2506496,245.66665813333333,8,2.9583338666666665,True,0,pos,1754.4957475962506,0.40240392306527656,OnTrack,38.0,7870.0,2160.0,3118.24,28.076
2026-07-25 14:38:46.665,0 days 00:51:58.250000,31,478.5347222222231,0 days 00:00:28.086000,11762.0,245.0,8,3.0,True,0,car,1755.1627777777774,0.4025569103621778,OnTrack,40.046432113117625,7873.648822042695,2160.147868337746,3118.25,28.086
2026-07-25 14:38:46.945,0 days 00:51:58.530000,31,478.76805555555666,0 days 00:00:28.366000,11675.0,235.0,6,2.0,False,0,car,1773.4405555555552,0.40674902624092524,OnTrack,96.05866913430017,7980.7996249039315,2163.2681350686057,3118.53,28.366
2026-07-25 14:38:47.095,0 days 00:51:58.680000,31,479.10138917333416,0 days 00:00:28.516000,11497.499848533333,231.87499733333334,6,2.6250005333333335,False,0,pos,1783.0687819362101,0.40895731661326973,OnTrack,126.0,8054.0,2165.0,3118.68,28.516
2026-07-25 14:38:47.185,0 days 00:51:58.770000,31,479.3013888888895,0 days 00:00:28.606000,11391.0,230.0,5,3.0,False,0,car,1788.7738888888887,0.41026581646139426,OnTrack,144.14791880941928,8105.743613474059,2166.2455511217604,3118.77,28.606
2026-07-25 14:38:47.295,0 days 00:51:58.880000,31,478.7819438400007,0 days 00:00:28.716000,11278.5936192,227.2499968,5,7.1250048,False,0,pos,1795.6518759713758,0.41184332326845097,OnTrack,164.0,8176.0,2168.0,3118.88,28.716
2026-07-25 14:38:47.505,0 days 00:51:59.090000,31,477.79027777777856,0 days 00:00:28.926000,11064.0,222.0,5,15.0,False,0,car,1808.5072222222218,0.4147917725712152,OnTrack,185.8504734954684,8324.823025818838,2171.951151854519,3119.09,28.926
2026-07-25 14:38:47.575,0 days 00:51:59.160000,31,477.1680544177786,0 days 00:00:28.996000,11026.24993097143,220.2499968,5,26.25002057142857,False,0,pos,1812.7185148762849,0.4157576573204331,OnTrack,189.0,8371.0,2173.0,3119.16,28.996
2026-07-25 14:38:47.785,0 days 00:51:59.370000,31,475.30138888888973,0 days 00:00:29.206000,10913.0,215.0,5,60.0,False,0,car,1825.2294444444442,0.4186271126304948,OnTrack,187.0160317919346,8486.44887632694,2174.603490516875,3119.37,29.206
2026-07-25 14:38:47.955,0 days 00:51:59.540000,31,472.4208302472526,0 days 00:00:29.376000,10984.890624283582,215.84577205039508,5,93.83088201580323,False,0,pos,1835.4200406804478,0.42096438583811596,OnTrack,175.0,8572.0,2175.0,3119.54,29.376
2026-07-25 14:38:47.986,0 days 00:51:59.571000,31,471.8955555555565,0 days 00:00:29.407000,10998.0,216.0,5,100.0,False,0,car,1837.2894444444441,0.4213931445908549,OnTrack,171.97825935959932,8588.245643378219,2175.0493824386613,3119.571,29.407
2026-07-25 14:38:48.935,0 days 00:52:00.520000,31,443.68916096000095,0 days 00:00:30.356000,11255.020885333333,222.91979306666667,5,100.0,False,0,pos,1896.0655278065337,0.4348737851451115,OnTrack,-10.0,9138.0,2176.0,3120.52,30.356
2026-07-25 14:38:48.946,0 days 00:52:00.531000,31,443.3622222222232,0 days 00:00:30.367000,11258.0,223.0,5,100.0,False,0,car,1896.7561111111108,0.4350321744893694,OnTrack,-12.350495881796139,9143.98196958091,2176.0688734534974,3120.531,30.367
2026-07-25 14:38:49.095,0 days 00:52:00.680000,31,438.6024938666677,0 days 00:00:30.516000,11323.187584,225.48333653333333,5,100.0,False,0,pos,1906.1244414392347,0.43718085617285224,OnTrack,-46.0,9231.0,2177.0,3120.68,30.516
2026-07-25 14:38:49.186,0 days 00:52:00.771000,31,435.69555555555667,0 days 00:00:30.607000,11363.0,227.0,5,100.0,False,0,car,1911.889444444444,0.43850309353304967,OnTrack,-72.41204318142331,9305.715154255136,2177.1624793742794,3120.771,30.607
2026-07-25 14:38:49.355,0 days 00:52:00.940000,31,430.01527132444545,0 days 00:00:30.776000,11285.742769371429,227.60357211428573,5,100.0,False,0,pos,1922.7139593014056,0.440985759706329,OnTrack,-123.0,9457.0,2177.0,3120.94,30.776
2026-07-25 14:38:49.466,0 days 00:52:01.051000,31,426.2844444444454,0 days 00:00:30.887000,11235.0,228.0,5,100.0,False,0,car,1929.6227777777774,0.44257033787498334,OnTrack,-144.29589782734348,9524.392083599807,2177.1377772145534,3121.051,30.887
2026-07-25 14:38:49.795,0 days 00:52:01.380000,31,417.5111059911124,0 days 00:00:31.216000,11186.47247168,207.437488,5,17.749952000000004,False,0,pos,1948.3413013408383,0.44686354139290885,OnTrack,-173.0,9645.0,2178.0,3121.38,31.216
2026-07-25 14:38:49.866,0 days 00:52:01.451000,31,415.6177777777791,0 days 00:00:31.287000,11176.0,203.0,5,0.0,True,0,car,1952.1783333333328,0.44774358725726743,OnTrack,-180.71167499965364,9682.597532901842,2177.9942295443416,3121.451,31.287
2026-07-25 14:38:49.955,0 days 00:52:01.540000,31,413.61527345777915,0 days 00:00:31.376000,11132.0561552,195.7687344,5,0.0,True,0,pos,1956.9235544423686,0.4488319316392382,OnTrack,-190.0,9733.0,2178.0,3121.54,31.376
2026-07-25 14:38:50.026,0 days 00:52:01.611000,31,412.0177777777792,0 days 00:00:31.447000,11097.0,190.0,4,0.0,True,0,car,1960.6227777777772,0.4496803702772358,OnTrack,-195.37682817894228,9771.31250088873,2178.141958508011,3121.611,31.447
2026-07-25 14:38:50.215,0 days 00:52:01.800000,31,409.39277511111266,0 days 00:00:31.636000,11484.4503936,181.59999146666667,4,0.0,True,0,pos,1969.9734522793033,0.4518250024930024,OnTrack,-202.0,9867.0,2179.0,3121.8,31.636
2026-07-25 14:38:50.375,0 days 00:52:01.960000,31,407.17055288889054,0 days 00:00:31.796000,11812.4503936,174.48888035555555,4,0.0,True,0,pos,1977.5112282827822,0.4535538357712494,OnTrack,-201.0,9945.0,2180.0,3121.96,31.796
2026-07-25 14:38:50.386,0 days 00:52:01.971000,31,407.01777777777943,0 days 00:00:31.807000,11835.0,174.0,3,0.0,True,0,car,1978.022777777777,0.4536711626578549,OnTrack,-200.67252410688042,9950.26516930465,2180.0708865582355,3121.971,31.807
2026-07-25 14:38:50.535,0 days 00:52:02.120000,31,405.4449979733352,0 days 00:00:31.956000,11351.6806272,165.6187392,3,0.0,True,0,pos,1984.8597435081804,0.45523926097644385,OnTrack,-193.0,10020.0,2181.0,3122.12,31.956
2026-07-25 14:38:50.546,0 days 00:52:02.131000,31,405.3288888888908,0 days 00:00:31.967000,11316.0,165.0,3,0.0,True,0,car,1985.3561111111103,0.45535310580677485,OnTrack,-192.22956551657876,10024.984972965016,2181.0620284763263,3122.131,31.967
2026-07-25 14:38:50.715,0 days 00:52:02.300000,31,404.01444295111304,0 days 00:00:32.136000,11077.589014857143,160.7749952,3,0.0,True,0,pos,1992.827478864903,0.45706670796221394,OnTrack,-177.0,10099.0,2182.0,3122.3,32.136
2026-07-25 14:38:50.826,0 days 00:52:02.411000,31,403.1511111111131,0 days 00:00:32.247000,10921.0,158.0,3,0.0,True,0,car,1997.6449999999993,0.45817163478057105,OnTrack,-163.3160883202149,10146.242584195925,2182.8918888469134,3122.411,32.247
2026-07-25 14:38:50.935,0 days 00:52:02.520000,31,402.45472099555747,0 days 00:00:32.356000,10738.4246784,156.18333013333333,3,0.0,True,0,pos,2002.345722337013,0.4592497731073504,OnTrack,-147.0,10191.0,2184.0,3122.52,32.356
2026-07-25 14:38:51.066,0 days 00:52:02.651000,31,401.61777777777957,0 days 00:00:32.487000,10519.0,154.0,3,0.0,False,0,car,2007.911666666666,0.46052635518905893,OnTrack,-123.61379607081074,10241.63183041249,2185.5979884290628,3122.651,32.487
2026-07-25 14:38:51.226,0 days 00:52:02.811000,31,401.1288888888912,0 days 00:00:32.647000,10514.0,149.0,3,10.0,False,0,car,2014.533888888888,0.4620452008205078,OnTrack,-89.51494275570168,10298.97381024959,2187.8206157501113,3122.811,32.647
2026-07-25 14:38:51.315,0 days 00:52:02.900000,31,401.1783334400023,0 days 00:00:32.736000,10411.96763702857,148.36428434285713,3,6.821421714285714,False,0,pos,2018.193801544654,0.4628846233228275,OnTrack,-68.0,10329.0,2189.0,3122.9,32.736
2026-07-25 14:38:51.506,0 days 00:52:03.091000,31,401.28444444444676,0 days 00:00:32.927000,10193.0,147.0,3,0.0,False,0,car,2025.9672222222214,0.46466750309359667,OnTrack,-16.229066329024203,10388.687292186081,2191.516668470908,3123.091,32.927
2026-07-25 14:38:51.535,0 days 00:52:03.120000,31,401.48583466666895,0 days 00:00:32.956000,10182.322656581819,146.60454283636363,3,3.163657309090909,False,0,pos,2027.127217794506,0.4649335549034487,OnTrack,-8.0,10397.0,2192.0,3123.12,32.956
2026-07-25 14:38:51.695,0 days 00:52:03.280000,31,402.59694577778004,0 days 00:00:33.116000,10123.413565672727,144.42272465454545,3,20.618202763636365,False,0,pos,2033.4256244587323,0.4663781315313587,OnTrack,39.0,10439.0,2195.0,3123.28,33.116
2026-07-25 14:38:51.895,0 days 00:52:03.480000,31,403.9858346666689,0 days 00:00:33.316000,10049.777202036363,141.69545192727273,3,42.43638458181818,False,0,pos,2041.1989183221901,0.4681609822165657,OnTrack,105.0,10483.0,2197.0,3123.48,33.316
2026-07-25 14:38:51.946,0 days 00:52:03.531000,31,404.3400000000022,0 days 00:00:33.367000,10031.0,141.0,3,48.0,False,0,car,2043.2005555555547,0.46862006949355856,OnTrack,122.63783876398561,10492.582201507461,2197.441883012882,3123.531,33.367
2026-07-25 14:38:52.135,0 days 00:52:03.720000,31,406.07250176000224,0 days 00:00:33.556000,10240.4752128,142.5750016,3,56.6625088,False,0,pos,2050.6920219595254,0.4703382813926752,OnTrack,190.0,10522.0,2200.0,3123.72,33.556
2026-07-25 14:38:52.175,0 days 00:52:03.760000,31,406.4391684266689,0 days 00:00:33.596000,10284.808546133334,142.90833493333332,3,58.49584213333333,False,0,pos,2052.292749935611,0.4707054177725837,OnTrack,205.0,10527.0,2201.0,3123.76,33.596
2026-07-25 14:38:52.186,0 days 00:52:03.771000,31,406.54000000000224,0 days 00:00:33.607000,10297.0,143.0,3,59.0,False,0,car,2052.733888888888,0.4708065955871545,OnTrack,209.61837439469497,10528.35348218481,2201.2821825159745,3123.771,33.607
2026-07-25 14:38:52.386,0 days 00:52:03.971000,31,408.6511111111131,0 days 00:00:33.807000,10463.0,146.0,3,64.0,False,0,car,2060.8449999999993,0.4726669266458084,OnTrack,331.6107956184332,10551.253751836448,2206.4024427062996,3123.971,33.807
2026-07-25 14:38:52.455,0 days 00:52:04.040000,31,409.37944627607783,0 days 00:00:33.876000,10529.113136973889,147.44351827453903,3,65.15481461963122,False,0,pos,2063.703468189883,0.47332253314422396,OnTrack,374.0,10556.0,2208.0,3124.04,33.876
2026-07-25 14:38:52.625,0 days 00:52:04.210000,31,411.17388888889127,0 days 00:00:34.046000,10692.0,151.0,3,68.0,False,0,car,2070.8697222222213,0.4749661556723755,OnTrack,459.633278830851,10557.94079004888,2211.3713854868215,3124.21,34.046
2026-07-25 14:38:52.825,0 days 00:52:04.410000,31,413.2850000000021,0 days 00:00:34.246000,11034.0,155.0,3,73.0,False,0,car,2079.4808333333326,0.47694116467300124,OnTrack,532.068187707914,10547.192448871503,2214.580307537458,3124.41,34.246
2026-07-25 14:38:52.915,0 days 00:52:04.500000,31,414.21000131555775,0 days 00:00:34.336000,11200.95023744,157.70000384,3,75.70000384,False,0,pos,2083.4635644587115,0.47785462749077223,OnTrack,560.0,10542.0,2216.0,3124.5,34.336
2026-07-25 14:38:53.025,0 days 00:52:04.610000,31,415.3405555555578,0 days 00:00:34.446000,11405.0,161.0,3,79.0,False,0,car,2088.425277777777,0.47899262563494144,OnTrack,590.6211379678422,10535.683508861583,2217.73354668363,3124.61,34.446
2026-07-25 14:38:53.255,0 days 00:52:04.840000,31,417.44889006222473,0 days 00:00:34.676000,12002.041998933333,166.7500032,3,83.79166933333333,False,0,pos,2099.088245693477,0.4814382400667094,OnTrack,665.0,10513.0,2222.0,3124.84,34.676
2026-07-25 14:38:53.265,0 days 00:52:04.850000,31,417.54055555555806,0 days 00:00:34.686000,12028.0,167.0,3,84.0,False,0,car,2099.55861111111,0.4815461211428471,OnTrack,669.6243810340264,10511.273173305746,2222.235585686636,3124.85,34.686
2026-07-25 14:38:53.505,0 days 00:52:05.090000,31,418.6072222222242,0 days 00:00:34.926000,12359.0,172.0,3,88.0,False,0,car,2111.025277777777,0.4841760686120674,OnTrack,806.6350381659477,10454.697828784341,2228.7805142561065,3125.09,34.926
2026-07-25 14:38:53.555,0 days 00:52:05.140000,31,418.6905557688911,0 days 00:00:34.976000,12052.749216,174.1875056,3,91.7500096,False,0,pos,2113.4748982849587,0.48473790348881857,OnTrack,832.0,10443.0,2230.0,3125.14,34.976
2026-07-25 14:38:53.665,0 days 00:52:05.250000,31,418.87388888889154,0 days 00:00:35.086000,11379.0,179.0,3,100.0,False,0,car,2118.980833333332,0.4860007220887745,OnTrack,878.0781666360214,10419.692995759791,2232.2854049066727,3125.25,35.086
2026-07-25 14:38:53.825,0 days 00:52:05.410000,31,418.42944444444674,0 days 00:00:35.246000,11169.0,189.0,4,100.0,False,0,car,2127.3808333333322,0.48792731151390095,OnTrack,927.0394133280631,10390.108660591266,2234.8769622814507,3125.41,35.246
2026-07-25 14:38:53.895,0 days 00:52:05.480000,31,417.94333244444675,0 days 00:00:35.316000,11405.250432,190.7500032,4,100.0,False,0,pos,2131.138618266009,0.4887891815988051,OnTrack,948.0,10377.0,2236.0,3125.48,35.316
2026-07-25 14:38:54.105,0 days 00:52:05.690000,31,416.4850000000024,0 days 00:00:35.526000,12114.0,196.0,4,100.0,False,0,car,2142.625277777777,0.4914237145446861,OnTrack,1018.7877586708901,10330.541393386737,2239.7890850836775,3125.69,35.526
2026-07-25 14:38:54.195,0 days 00:52:05.780000,31,415.609998755558,0 days 00:00:35.616000,12160.35006592,198.70000384,4,100.0,False,0,pos,2147.6238801276636,0.49257017340512704,OnTrack,1080.0,10283.0,2243.0,3125.78,35.616
2026-07-25 14:38:54.305,0 days 00:52:05.890000,31,414.54055555555806,0 days 00:00:35.726000,12217.0,202.0,4,100.0,False,0,car,2153.847499999999,0.4939975972422757,OnTrack,1185.9318399166661,10196.538411718551,2248.525222670664,3125.89,35.726
2026-07-25 14:38:54.315,0 days 00:52:05.900000,31,414.3849979734619,0 days 00:00:35.736000,12170.166649660732,202.42705182680183,4,100.0,False,0,pos,2154.423066828911,0.4941296068810895,OnTrack,1195.0,10189.0,2249.0,3125.9,35.736
2026-07-25 14:38:54.586,0 days 00:52:06.171000,31,410.169444444447,0 days 00:00:36.007000,10901.0,214.0,5,100.0,False,0,car,2170.5513888888877,0.4978287324436829,OnTrack,1342.6326826250195,10056.903717460327,2256.9430125188337,3126.171,36.007
2026-07-25 14:38:54.746,0 days 00:52:06.331000,31,407.36944444444634,0 days 00:00:36.167000,11163.0,221.0,5,100.0,False,0,car,2180.37361111111,0.5000815169037516,OnTrack,1385.2891516917248,10012.195449253615,2259.3162581580527,3126.331,36.167
2026-07-25 14:38:54.794,0 days 00:52:06.379000,31,406.44944444444644,0 days 00:00:36.215000,11187.24,222.44,5,100.0,False,0,pos,2183.3706010555056,0.5007688941816186,OnTrack,1398.0,9999.0,2260.0,3126.379,36.215
2026-07-25 14:38:54.946,0 days 00:52:06.531000,31,403.5361111111133,0 days 00:00:36.367000,11264.0,227.0,5,100.0,False,0,car,2192.984722222221,0.5029739494401517,OnTrack,1437.9888792866223,9957.875242901948,2262.079220136268,3126.531,36.367
2026-07-25 14:38:55.106,0 days 00:52:06.691000,31,400.46944444444625,0 days 00:00:36.527000,10329.0,230.0,5,100.0,False,0,car,2203.2069444444437,0.5053184762537978,OnTrack,1486.0704540661875,9908.020219960747,2264.2812011542446,3126.691,36.527
2026-07-25 14:38:55.154,0 days 00:52:06.739000,31,399.50944444444633,0 days 00:00:36.575000,10386.6,231.5,5,100.0,False,0,pos,2206.3173537410094,0.5060318669274381,OnTrack,1504.0,9889.0,2265.0,3126.739,36.575
2026-07-25 14:38:55.266,0 days 00:52:06.851000,31,397.26944444444644,0 days 00:00:36.687000,10521.0,235.0,6,100.0,False,0,car,2213.651388888888,0.5077139710416535,OnTrack,1552.6054795242633,9836.76466577661,2266.8321761477773,3126.851,36.687
2026-07-25 14:38:55.275,0 days 00:52:06.860000,31,397.0919406577798,0 days 00:00:36.696000,10529.5501824,235.187504,6,100.0,False,0,pos,2214.2439270373256,0.5078498731524587,OnTrack,1557.0,9832.0,2267.0,3126.86,36.696
2026-07-25 14:38:55.506,0 days 00:52:07.091000,31,392.5361111111133,0 days 00:00:36.927000,10749.0,240.0,6,100.0,False,0,car,2229.651388888888,0.5113836651847515,OnTrack,1690.986795142598,9684.874370010575,2272.3324106992004,3127.091,36.927
2026-07-25 14:38:55.595,0 days 00:52:07.180000,31,390.73138499555785,0 days 00:00:37.016000,10811.0220088,242.2250048,6,100.0,False,0,pos,2235.7435042547627,0.5127809276895782,OnTrack,1736.0,9635.0,2274.0,3127.18,37.016
2026-07-25 14:38:55.826,0 days 00:52:07.411000,31,386.0472222222247,0 days 00:00:37.247000,10972.0,248.0,6,100.0,False,0,car,2251.6958333333323,0.5164396882263532,OnTrack,1813.0464958681832,9548.711835190328,2276.133869966887,3127.411,37.247
2026-07-25 14:38:55.915,0 days 00:52:07.500000,31,384.3908297600026,0 days 00:00:37.336000,10818.7527944,244.3843672,6,72.4655656,False,0,pos,2257.6975562581383,0.5178162186929569,OnTrack,1845.0,9513.0,2277.0,3127.5,37.336
2026-07-25 14:38:56.135,0 days 00:52:07.720000,31,380.2963853155583,0 days 00:00:37.556000,10439.9402944,235.44686719999999,6,4.403065599999999,False,0,pos,2271.911807940511,0.5210763409521648,OnTrack,1946.0,9401.0,2280.0,3127.72,37.556
2026-07-25 14:38:56.146,0 days 00:52:07.731000,31,380.0916666666694,0 days 00:00:37.567000,10421.0,235.0,6,1.0,True,0,car,2272.584722222221,0.5212306778020646,OnTrack,1950.8614761401277,9395.632208224572,2280.1205781788904,3127.731,37.567
2026-07-25 14:38:56.435,0 days 00:52:08.020000,31,376.8002755911139,0 days 00:00:37.856000,10702.7751872,206.90275911111112,6,0.19722168888888883,True,0,pos,2288.924175777597,0.5249782276154138,OnTrack,2063.0,9272.0,2282.0,3128.02,37.856
2026-07-25 14:38:56.506,0 days 00:52:08.091000,31,375.9916666666695,0 days 00:00:37.927000,10772.0,200.0,6,0.0,True,0,car,2292.584722222221,0.5258177954809371,OnTrack,2089.04944430921,9242.917596516845,2282.4418958346732,3128.091,37.927
2026-07-25 14:38:56.595,0 days 00:52:08.180000,31,375.54666570666933,0 days 00:00:38.016000,11064.111344457142,190.78212297142858,6,0.0,True,0,pos,2296.989342701741,0.5268280211044537,OnTrack,2121.0,9207.0,2283.0,3128.18,38.016
2026-07-25 14:38:56.786,0 days 00:52:08.371000,31,374.59166666666897,0 days 00:00:38.207000,11691.0,171.0,6,0.0,True,0,car,2305.884722222221,0.5288682287373875,OnTrack,2184.454254245177,9134.825221856372,2283.913894630765,3128.371,38.207
2026-07-25 14:38:56.835,0 days 00:52:08.420000,31,374.48277735111355,0 days 00:00:38.256000,11515.08931072,167.81498752,6,0.0,True,0,pos,2308.09054650099,0.5293741475146688,OnTrack,2199.0,9118.0,2284.0,3128.42,38.256
2026-07-25 14:38:56.986,0 days 00:52:08.571000,31,374.1472222222251,0 days 00:00:38.407000,10973.0,158.0,4,0.0,True,0,car,2314.6624999999985,0.5308814637186703,OnTrack,2239.5243917227026,9069.851709683062,2283.8494100911757,3128.571,38.407
2026-07-25 14:38:57.055,0 days 00:52:08.640000,31,374.28138926222516,0 days 00:00:38.476000,10586.5989248,153.16998656,4,0.0,True,0,pos,2317.5150675415425,0.53153571686867,OnTrack,2261.0,9042.0,2284.0,3128.64,38.476
2026-07-25 14:38:57.186,0 days 00:52:08.771000,31,374.5361111111142,0 days 00:00:38.607000,9853.0,144.0,3,0.0,True,0,car,2322.6624999999985,0.5327163107902194,OnTrack,2309.0302440465666,8975.315931361652,2284.9413334904343,3128.771,38.607
2026-07-25 14:38:57.195,0 days 00:52:08.780000,31,374.5961123911142,0 days 00:00:38.616000,9896.500928,143.437488,3,0.0,True,0,pos,2323.003246161172,0.5327944629272157,OnTrack,2312.0,8971.0,2285.0,3128.78,38.616
2026-07-25 14:38:57.426,0 days 00:52:09.011000,31,376.13611111111413,0 days 00:00:38.847000,11013.0,129.0,3,0.0,True,0,car,2331.2624999999985,0.5346887713921346,OnTrack,2360.184044588724,8890.404548164206,2285.4947286794045,3129.011,38.847
2026-07-25 14:38:57.626,0 days 00:52:09.211000,31,378.0250000000033,0 days 00:00:39.047000,10253.0,121.0,2,0.0,True,0,car,2337.9847222222206,0.5362305526119778,OnTrack,2376.24569326993,8845.640349623607,2285.080461204512,3129.211,39.047
2026-07-25 14:38:57.675,0 days 00:52:09.260000,31,378.6102800711144,0 days 00:00:39.096000,10160.5121376,120.18333013333333,2,0.0,True,0,pos,2339.602430005387,0.5366015834105484,OnTrack,2380.0,8834.0,2285.0,3129.26,39.096
2026-07-25 14:38:57.866,0 days 00:52:09.451000,31,380.89166666667006,0 days 00:00:39.287000,9800.0,117.0,2,0.0,True,0,car,2345.784722222221,0.5380195285067382,OnTrack,2393.9914041501715,8786.053056995801,2284.7668862127825,3129.451,39.287
2026-07-25 14:38:58.075,0 days 00:52:09.660000,31,384.2588919822255,0 days 00:00:39.496000,9670.867738514286,111.7749952,2,8.957151085714285,True,0,pos,2352.2021243981735,0.5394913974554256,OnTrack,2402.0,8723.0,2285.0,3129.66,39.496
2026-07-25 14:38:58.146,0 days 00:52:09.731000,31,385.402777777781,0 days 00:00:39.567000,9627.0,110.0,2,12.0,False,0,car,2354.3402777777765,0.5399817955138115,OnTrack,2401.3998379967998,8697.538801148325,2285.2835273329983,3129.731,39.567
2026-07-25 14:38:58.295,0 days 00:52:09.880000,31,388.1344479644475,0 days 00:00:39.716000,9726.954295466667,108.75833173333334,2,20.070843733333334,False,0,pos,2358.8007311063056,0.5410048267297656,OnTrack,2396.0,8644.0,2286.0,3129.88,39.716
2026-07-25 14:38:58.386,0 days 00:52:09.971000,31,389.80277777778065,0 days 00:00:39.807000,9788.0,108.0,2,25.0,False,0,car,2361.5402777777767,0.5416331578782057,OnTrack,2391.3689473296527,8618.202344592957,2286.2892804396656,3129.971,39.807
2026-07-25 14:38:58.586,0 days 00:52:10.171000,31,393.74722222222545,0 days 00:00:40.007000,9877.0,110.0,2,40.0,False,0,car,2367.6513888888876,0.5430347771689722,OnTrack,2376.1153178175737,8574.712769282207,2286.6226608587845,3130.171,40.007
2026-07-25 14:38:58.695,0 days 00:52:10.280000,31,396.10889304889207,0 days 00:00:40.116000,9958.750144,110.7785728,2,44.6714368,False,0,pos,2371.0046332638804,0.5438038634966778,OnTrack,2360.0,8541.0,2287.0,3130.28,40.116
2026-07-25 14:38:58.866,0 days 00:52:10.451000,31,399.81388888889205,0 days 00:00:40.287000,10087.0,112.0,2,52.0,False,0,car,2376.362499999999,0.5450327217579923,OnTrack,2324.3834443836677,8471.965569199238,2287.8973888447276,3130.451,40.287
2026-07-25 14:38:58.895,0 days 00:52:10.480000,31,400.4502819911142,0 days 00:00:40.316000,10156.45545984,113.01500672,2,54.75501824,False,0,pos,2377.295457075896,0.5452467009528164,OnTrack,2319.0,8462.0,2288.0,3130.48,40.316
2026-07-25 14:38:59.066,0 days 00:52:10.651000,31,404.2027777777803,0 days 00:00:40.487000,10566.0,119.0,2,71.0,False,0,car,2382.97361111111,0.5465490189907308,OnTrack,2296.5933382447115,8424.09571236842,2288.064882681704,3130.651,40.487
2026-07-25 14:38:59.255,0 days 00:52:10.840000,31,408.50778099830984,0 days 00:00:40.676000,11126.674059601926,126.11716013599059,2,63.88283986400941,False,0,pos,2389.684436359533,0.5480881862475739,OnTrack,2278.0,8376.0,2288.0,3130.84,40.676
2026-07-25 14:38:59.305,0 days 00:52:10.890000,31,409.6466666666697,0 days 00:00:40.726000,11275.0,128.0,2,62.0,False,0,car,2391.4713888888878,0.5484980343245095,OnTrack,2271.7770504557175,8353.003792719666,2288.139451035103,3130.89,40.726
2026-07-25 14:38:59.465,0 days 00:52:11.050000,31,413.4244444444471,0 days 00:00:40.886000,10985.0,128.0,2,52.0,False,0,car,2397.1602777777766,0.5498028144642777,OnTrack,2250.917526810679,8262.650635176591,2288.876281695974,3131.05,40.886
2026-07-25 14:38:59.495,0 days 00:52:11.080000,31,414.14944753778053,0 days 00:00:40.916000,11026.10017536,128.60000256,2,53.5000064,False,0,pos,2398.2412777624304,0.550050748171301,OnTrack,2248.0,8248.0,2289.0,3131.08,40.916
2026-07-25 14:38:59.665,0 days 00:52:11.250000,31,418.25777777778103,0 days 00:00:41.086000,11259.0,132.0,2,62.0,False,0,car,2404.4936111111097,0.5514847576131976,OnTrack,2239.2508210085857,8186.902656715637,2289.512431967308,3131.25,41.086
2026-07-25 14:38:59.865,0 days 00:52:11.450000,31,423.14666666666926,0 days 00:00:41.286000,10095.0,138.0,2,71.0,False,0,car,2412.1602777777766,0.5532431527234322,OnTrack,2242.852514399318,8136.4876760678835,2289.8594538515467,3131.45,41.286
2026-07-25 14:38:59.935,0 days 00:52:11.520000,31,424.7994474666694,0 days 00:00:41.356000,10294.8185472,140.386368,2,74.8181888,False,0,pos,2414.9639659181817,0.553886195095177,OnTrack,2246.0,8110.0,2290.0,3131.52,41.356
2026-07-25 14:39:00.305,0 days 00:52:11.890000,31,433.53555555555886,0 days 00:00:41.726000,11351.0,153.0,3,95.0,False,0,car,2430.8602777777764,0.557532107753178,OnTrack,2273.118127195421,7920.775448612048,2290.9209559337282,3131.89,41.726
2026-07-25 14:39:00.335,0 days 00:52:11.920000,31,434.15222485333663,0 days 00:00:41.756000,11402.67522048,154.27500544,3,95.3750016,False,0,pos,2432.220957378576,0.5578441876257834,OnTrack,2275.0,7910.0,2291.0,3131.92,41.756
2026-07-25 14:39:00.635,0 days 00:52:12.220000,31,440.31889152000326,0 days 00:00:42.056000,11919.42522048,167.02500544,3,99.1250016,False,0,pos,2446.3549136891284,0.5610858936690107,OnTrack,2294.0,7839.0,2292.0,3132.22,42.056
2026-07-25 14:39:00.705,0 days 00:52:12.290000,31,441.75777777778103,0 days 00:00:42.126000,12040.0,170.0,3,100.0,False,0,car,2449.749166666665,0.561864385561002,OnTrack,2303.2018367143037,7809.729488170841,2292.425193215976,3132.29,42.126
2026-07-25 14:39:00.815,0 days 00:52:12.400000,31,443.8050023822251,0 days 00:00:42.236000,11366.249216,175.5000064,3,100.0,False,0,pos,2455.148147269869,0.5631026735296443,OnTrack,2320.0,7756.0,2293.0,3132.4,42.236
2026-07-25 14:39:00.865,0 days 00:52:12.450000,31,444.7355555555582,0 days 00:00:42.286000,11060.0,178.0,3,100.0,False,0,car,2457.6602777777766,0.5636788454428673,OnTrack,2327.1263149007664,7732.968732564852,2293.067952877903,3132.45,42.286
2026-07-25 14:39:00.995,0 days 00:52:12.580000,31,446.8661136941434,0 days 00:00:42.416000,11205.729714045201,184.01424216694483,3,100.0,False,0,pos,2464.418789616489,0.5652289498997786,OnTrack,2346.0,7670.0,2293.0,3132.58,42.416
2026-07-25 14:39:01.146,0 days 00:52:12.731000,31,449.3408333333364,0 days 00:00:42.567000,11375.0,191.0,4,100.0,False,0,car,2472.5688888888876,0.5670982231226279,OnTrack,2374.9546603129,7566.704135031971,2293.560948608651,3132.731,42.567
2026-07-25 14:39:01.375,0 days 00:52:12.960000,31,452.4577803911137,0 days 00:00:42.796000,11818.687872,198.156256,4,100.0,False,0,pos,2485.2787323952834,0.5700133005148226,OnTrack,2423.0,7387.0,2295.0,3132.96,42.796
2026-07-25 14:39:01.466,0 days 00:52:13.051000,31,453.6963888888913,0 days 00:00:42.887000,11995.0,201.0,4,100.0,False,0,car,2490.4355555555544,0.5711960482490875,OnTrack,2438.3621915638632,7327.18442704435,2295.36649809658,3133.051,42.887
2026-07-25 14:39:01.626,0 days 00:52:13.211000,31,455.740833333336,0 days 00:00:43.047000,12210.0,206.0,4,100.0,False,0,car,2499.59111111111,0.5732959287865269,OnTrack,2460.219674014196,7238.8232630794755,2295.7697712563477,3133.211,43.047
2026-07-25 14:39:01.714,0 days 00:52:13.299000,31,457.1097222222249,0 days 00:00:43.135000,12037.666666666666,204.2888888888889,4,76.04444444444445,False,0,pos,2504.560442749346,0.5744356742370235,OnTrack,2470.0,7199.0,2296.0,3133.299,43.135
2026-07-25 14:39:01.986,0 days 00:52:13.571000,31,461.3408333333359,0 days 00:00:43.407000,11505.0,199.0,4,2.0,True,0,car,2519.49111111111,0.5778601108770052,OnTrack,2492.708540951943,7110.6366510837715,2296.8401782131405,3133.571,43.407
2026-07-25 14:39:02.115,0 days 00:52:13.700000,31,463.5983366933358,0 days 00:00:43.536000,11251.51462272,195.12999424,4,1.35499904,True,0,pos,2526.335978572217,0.5794300215040243,OnTrack,2511.0,7062.0,2297.0,3133.7,43.536
2026-07-25 14:39:02.275,0 days 00:52:13.860000,31,466.3983366933356,0 days 00:00:43.696000,10937.11462272,190.32999424,4,0.55499904,True,0,pos,2534.6235520738364,0.5813308252502363,OnTrack,2545.0,6986.0,2297.0,3133.86,43.696
2026-07-25 14:39:02.386,0 days 00:52:13.971000,31,468.34083333333547,0 days 00:00:43.807000,10719.0,187.0,4,0.0,True,0,car,2540.2688888888883,0.5826256164656118,OnTrack,2569.495925500282,6938.429303140902,2297.503338156366,3133.971,43.807
2026-07-25 14:39:02.475,0 days 00:52:14.060000,31,469.94778124444673,0 days 00:00:43.896000,10581.0497024,183.1062416,4,0.0,True,0,pos,2544.73643535623,0.5836502745346884,OnTrack,2596.0,6898.0,2298.0,3134.06,43.896
2026-07-25 14:39:02.546,0 days 00:52:14.131000,31,471.2297222222246,0 days 00:00:43.967000,10471.0,180.0,4,0.0,True,0,car,2548.2688888888883,0.5844604635371609,OnTrack,2625.278609327117,6860.480275702424,2298.3067259598615,3134.131,43.967
2026-07-25 14:39:02.786,0 days 00:52:14.371000,31,474.9630555555573,0 days 00:00:44.207000,10199.0,176.0,4,0.0,False,0,car,2560.002222222222,0.5871515725754328,OnTrack,2741.1643246749336,6732.042240223121,2298.9740075237187,3134.371,44.207
2026-07-25 14:39:02.795,0 days 00:52:14.380000,31,475.1080586488906,0 days 00:00:44.216000,10183.442525257144,175.74285165714286,4,0.0,False,0,pos,2560.4330908551397,0.5872503948315992,OnTrack,2744.0,6729.0,2299.0,3134.38,44.216
2026-07-25 14:39:03.066,0 days 00:52:14.651000,31,479.4741666666687,0 days 00:00:44.487000,9715.0,168.0,4,0.0,False,0,car,2573.0688888888885,0.5901484894589629,OnTrack,2791.8301221585716,6690.705176468905,2299.8960639666284,3134.651,44.487
2026-07-25 14:39:03.095,0 days 00:52:14.680000,31,479.9011139377798,0 days 00:00:44.516000,9705.2124352,167.3656208,4,3.9875264,False,0,pos,2574.385546645851,0.5904504726626623,OnTrack,2802.0,6686.0,2300.0,3134.68,44.516
2026-07-25 14:39:03.375,0 days 00:52:14.960000,31,484.02333616000215,0 days 00:00:44.796000,9610.7124352,161.2406208,4,42.4875264,False,0,pos,2586.8867720665876,0.5933177022694138,OnTrack,2961.0,6618.0,2301.0,3134.96,44.796
2026-07-25 14:39:03.386,0 days 00:52:14.971000,31,484.1852777777799,0 days 00:00:44.807000,9607.0,161.0,4,44.0,False,0,car,2587.3799999999997,0.5934308269980673,OnTrack,2966.1896239498046,6616.089747427528,2301.0341241287547,3134.971,44.807
2026-07-25 14:39:03.715,0 days 00:52:15.300000,31,488.5719470044463,0 days 00:00:45.136000,9929.42018816,164.29000192,4,66.20751296,False,0,pos,2602.3796804225176,0.5968710919602458,OnTrack,3069.0,6596.0,2302.0,3135.3,45.136
2026-07-25 14:39:03.786,0 days 00:52:15.371000,31,489.51861111111293,0 days 00:00:45.207000,9999.0,165.0,4,71.0,False,0,car,2605.713333333333,0.5976356848703672,OnTrack,3097.685641066225,6593.114418063118,2302.3052133384176,3135.371,45.207
2026-07-25 14:39:04.015,0 days 00:52:15.600000,31,492.25389118222415,0 days 00:00:45.436000,10278.889123555555,171.36111644444443,4,81.1777863111111,False,0,pos,2616.742328793143,0.600165249873062,OnTrack,3211.0,6583.0,2303.0,3135.6,45.436
2026-07-25 14:39:04.146,0 days 00:52:15.731000,31,493.8186111111131,0 days 00:00:45.567000,10439.0,175.0,4,87.0,False,0,car,2623.213333333333,0.6016494128393807,OnTrack,3275.5081345276485,6579.5085720637435,2302.5406531740327,3135.731,45.567
2026-07-25 14:39:04.215,0 days 00:52:15.800000,31,494.70028023111297,0 days 00:00:45.636000,10363.6747904,176.1500032,4,68.8874496,False,0,pos,2626.6634478646274,0.6024407169074124,OnTrack,3309.0,6577.0,2303.0,3135.8,45.636
2026-07-25 14:39:04.275,0 days 00:52:15.860000,31,495.4669468977795,0 days 00:00:45.696000,10298.1747904,177.1500032,4,53.137449600000004,False,0,pos,2629.685857217002,0.6031339242760659,OnTrack,3338.0,6574.0,2304.0,3135.86,45.696
2026-07-25 14:39:04.386,0 days 00:52:15.971000,31,496.88527777777927,0 days 00:00:45.807000,10177.0,179.0,4,24.0,True,0,car,2635.1466666666665,0.6043863930544414,OnTrack,3392.9631635578867,6567.736883056395,2304.9076696578686,3135.971,45.807
2026-07-25 14:39:04.515,0 days 00:52:16.100000,31,499.5727817777795,0 days 00:00:45.936000,10462.852698181818,173.7227194181818,4,18.136354909090908,True,0,pos,2641.1758077064787,0.6057692120270484,OnTrack,3455.0,6560.0,2305.0,3136.1,45.936
2026-07-25 14:39:04.815,0 days 00:52:16.400000,31,505.82278177778,0 days 00:00:46.236000,11127.625425454546,161.44999214545456,4,4.4999912727272715,True,0,pos,2654.3434943167517,0.6087892984290401,OnTrack,3590.0,6529.0,2306.0,3136.4,46.236
2026-07-25 14:39:04.826,0 days 00:52:16.411000,31,506.0519444444467,0 days 00:00:46.247000,11152.0,161.0,3,4.0,True,0,car,2654.824444444444,0.6088996071707098,OnTrack,3596.366129185013,6526.331905685769,2306.055930337957,3136.411,46.247
2026-07-25 14:39:05.015,0 days 00:52:16.600000,31,510.30444876444625,0 days 00:00:46.436000,10874.16971776,157.21999616,3,3.0549990399999998,True,0,pos,2663.0721495730268,0.6107912668709823,OnTrack,3709.0,6471.0,2307.0,3136.6,46.436
2026-07-25 14:39:05.026,0 days 00:52:16.611000,31,510.55194444444624,0 days 00:00:46.447000,10858.0,157.0,3,3.0,True,0,car,2663.546666666666,0.6109001001584403,OnTrack,3713.4315242953435,6468.713495308049,2307.0284073784624,3136.611,46.447
2026-07-25 14:39:05.266,0 days 00:52:16.851000,31,516.6852777777799,0 days 00:00:46.687000,10329.0,152.0,3,0.0,False,0,car,2673.6799999999994,0.6132242397824025,OnTrack,3748.5643391721087,6446.655550096127,2306.9475835788053,3136.851,46.687
2026-07-25 14:39:05.315,0 days 00:52:16.900000,31,518.0736165511132,0 days 00:00:46.736000,10303.479066666667,150.7749952,3,2.4500096,False,0,pos,2675.6936654392607,0.613686085799191,OnTrack,3758.0,6438.0,2307.0,3136.9,46.736
2026-07-25 14:39:05.506,0 days 00:52:17.091000,31,523.4852777777796,0 days 00:00:46.927000,10204.0,146.0,3,12.0,False,0,car,2683.413333333333,0.6154566370527872,OnTrack,3829.4324712811763,6373.355276381748,2307.808952920057,3137.091,46.927
2026-07-25 14:39:05.695,0 days 00:52:17.280000,31,529.2602836444457,0 days 00:00:47.116000,10307.1626048,145.2124992,3,38.775027200000004,False,0,pos,2691.0201174360204,0.6172012977446275,OnTrack,3910.0,6294.0,2309.0,3137.28,47.116
2026-07-25 14:39:05.746,0 days 00:52:17.331000,31,530.8186111111122,0 days 00:00:47.167000,10335.0,145.0,3,46.0,False,0,car,2693.08,0.617673743930909,OnTrack,3925.9346253650233,6275.535927121918,2309.294053085574,3137.331,47.167
2026-07-25 14:39:05.985,0 days 00:52:17.570000,31,538.3869444444458,0 days 00:00:47.406000,10575.0,147.0,3,62.0,False,0,car,2702.8391666666666,0.6199120662282955,OnTrack,3971.769804008328,6203.340171685576,2310.541708361446,3137.57,47.406
2026-07-25 14:39:06.075,0 days 00:52:17.660000,31,541.2119484622236,0 days 00:00:47.496000,10703.625182933334,148.87500266666666,3,64.62500373333333,False,0,pos,2706.606265640752,0.6207760725434001,OnTrack,3984.0,6178.0,2311.0,3137.66,47.496
2026-07-25 14:39:06.225,0 days 00:52:17.810000,31,545.9202777777791,0 days 00:00:47.646000,10918.0,152.0,3,69.0,False,0,car,2712.9725,0.6222362058522576,OnTrack,4001.838681553486,6135.917179697421,2311.771415598416,3137.81,47.646
2026-07-25 14:39:06.385,0 days 00:52:17.970000,31,550.9869444444462,0 days 00:00:47.806000,11220.0,154.0,3,70.0,False,0,car,2719.8169444444443,0.6238060194579162,OnTrack,4017.8138420589216,6088.756645671031,2312.581067768291,3137.97,47.806
2026-07-25 14:39:06.475,0 days 00:52:18.060000,31,553.811948462224,0 days 00:00:47.896000,11359.05019776,155.80000256,3,73.15000448,False,0,pos,2723.7278433927895,0.6247030071432282,OnTrack,4026.0,6058.0,2313.0,3138.06,47.896
2026-07-25 14:39:06.585,0 days 00:52:18.170000,31,557.264722222224,0 days 00:00:48.006000,11529.0,158.0,3,77.0,False,0,car,2728.594722222222,0.6258192544391992,OnTrack,4035.262061832179,6015.92194436789,2313.475353782159,3138.17,48.006
2026-07-25 14:39:06.675,0 days 00:52:18.260000,31,559.9647260622238,0 days 00:00:48.096000,11707.594004,160.5312536,3,79.5312536,False,0,pos,2732.6663847675554,0.6267531142014043,OnTrack,4041.0,5971.0,2314.0,3138.26,48.096
2026-07-25 14:39:06.895,0 days 00:52:18.480000,31,566.5647260622235,0 days 00:00:48.316000,12144.156504,166.7187536,3,85.7187536,False,0,pos,2742.959798114745,0.6291139691184462,OnTrack,4045.0,5823.0,2316.0,3138.48,48.316
2026-07-25 14:39:06.905,0 days 00:52:18.490000,31,566.8647222222235,0 days 00:00:48.326000,12164.0,167.0,3,86.0,False,0,car,2743.4391666666666,0.6292239151164069,OnTrack,4044.9400454195584,5817.568473643421,2316.0791348322023,3138.49,48.326
2026-07-25 14:39:07.185,0 days 00:52:18.770000,31,574.7202777777793,0 days 00:00:48.606000,11791.0,178.0,3,100.0,False,0,car,2757.283611111111,0.6323992199096709,OnTrack,4035.574890570713,5725.0983469563835,2317.6592117818186,3138.77,48.606
2026-07-25 14:39:07.235,0 days 00:52:18.820000,31,575.9563920533349,0 days 00:00:48.656000,11742.0936248,180.0312552,3,100.0,False,0,pos,2759.849019394077,0.6329876113940868,OnTrack,4032.0,5706.0,2318.0,3138.82,48.656
2026-07-25 14:39:07.475,0 days 00:52:19.060000,31,581.8897253866681,0 days 00:00:48.896000,11507.3436248,189.7812552,3,100.0,False,0,pos,2772.6052533379516,0.6359133287060759,OnTrack,4007.0,5582.0,2320.0,3139.06,48.896
2026-07-25 14:39:07.505,0 days 00:52:19.090000,31,582.6313888888903,0 days 00:00:48.926000,11478.0,191.0,4,100.0,False,0,car,2774.2613888888886,0.6362931731392916,OnTrack,4003.2561371692577,5565.9699269341145,2320.2007442735107,3139.09,48.926
2026-07-25 14:39:07.655,0 days 00:52:19.240000,31,585.7147254680813,0 days 00:00:49.076000,11449.962587307182,198.47664338475133,4,100.0,False,0,pos,2782.758549069388,0.6382420468235007,OnTrack,3983.0,5487.0,2321.0,3139.24,49.076
2026-07-25 14:39:07.826,0 days 00:52:19.411000,31,589.2297222222242,0 days 00:00:49.247000,11418.0,207.0,4,100.0,False,0,car,2792.7188888888886,0.6405265093671811,OnTrack,3957.499959517032,5394.111512968143,2321.8464345361867,3139.411,49.247
2026-07-25 14:39:07.855,0 days 00:52:19.440000,31,589.5519465777796,0 days 00:00:49.276000,11371.185404342858,207.7250048,4,100.0,False,0,pos,2794.417226565241,0.6409160331061757,OnTrack,3953.0,5378.0,2322.0,3139.44,49.276
2026-07-25 14:39:08.106,0 days 00:52:19.691000,31,592.3408333333346,0 days 00:00:49.527000,10966.0,214.0,5,100.0,False,0,car,2809.3633333333332,0.6443440106354873,OnTrack,3912.701224276339,5235.234872836664,2323.590465275055,3139.691,49.527
2026-07-25 14:39:08.154,0 days 00:52:19.739000,31,591.9675000000012,0 days 00:00:49.575000,10929.345454545455,215.96363636363637,5,100.0,False,0,pos,2812.328020404818,0.6450239790593839,OnTrack,3905.0,5208.0,2324.0,3139.739,49.575
2026-07-25 14:39:08.254,0 days 00:52:19.839000,31,591.1897202311125,0 days 00:00:49.675000,10852.98162269091,220.05455592727273,5,100.0,False,0,pos,2818.631298857137,0.6464696730605585,OnTrack,3889.0,5150.0,2325.0,3139.839,49.675
2026-07-25 14:39:08.546,0 days 00:52:20.131000,31,588.9186111111126,0 days 00:00:49.967000,10630.0,232.0,5,100.0,False,0,car,2837.7188888888886,0.6508475241446444,OnTrack,3843.0576373430245,4934.016481992654,2328.893961157135,3140.131,49.967
2026-07-25 14:39:08.555,0 days 00:52:20.140000,31,588.7211068977792,0 days 00:00:49.976000,10637.74016512,232.2250048,5,100.0,False,0,pos,2838.3146938442574,0.650984175516841,OnTrack,3842.0,4928.0,2329.0,3140.14,49.976
2026-07-25 14:39:08.935,0 days 00:52:20.520000,31,580.3822180088903,0 days 00:00:50.356000,10964.54016512,241.7250048,5,100.0,False,0,pos,2863.855347064679,0.6568420746127084,OnTrack,3823.0,4720.0,2332.0,3140.52,50.356
2026-07-25 14:39:08.946,0 days 00:52:20.531000,31,580.1408333333347,0 days 00:00:50.367000,10974.0,242.0,6,100.0,False,0,car,2864.6077777777773,0.6570146490240175,OnTrack,3823.0418981718485,4713.17093030087,2332.057293410372,3140.531,50.367
2026-07-25 14:39:09.095,0 days 00:52:20.680000,31,575.5466607466678,0 days 00:00:50.516000,11097.29765888,244.98000384,6,100.0,False,0,pos,2874.877710387282,0.6593701184957119,OnTrack,3826.0,4613.0,2333.0,3140.68,50.516
2026-07-25 14:39:09.235,0 days 00:52:20.820000,31,571.229994080001,0 days 00:00:50.656000,11213.14765888,247.78000384,6,100.0,False,0,pos,2884.635485433887,0.661608121616849,OnTrack,3831.0,4516.0,2335.0,3140.82,50.656
2026-07-25 14:39:09.346,0 days 00:52:20.931000,31,567.8075000000008,0 days 00:00:50.767000,11305.0,250.0,6,100.0,False,0,car,2892.3855555555556,0.6633856458002295,OnTrack,3836.5577141344306,4440.40134220658,2336.1247857908006,3140.931,50.767
2026-07-25 14:39:09.435,0 days 00:52:21.020000,31,564.7913823822231,0 days 00:00:50.856000,11321.1312848,251.1125024,6,100.0,False,0,pos,2898.604536040927,0.6648120055666801,OnTrack,3844.0,4380.0,2337.0,3141.02,50.856
2026-07-25 14:39:09.506,0 days 00:52:21.091000,31,562.3852777777788,0 days 00:00:50.927000,11334.0,252.0,6,100.0,False,0,car,2903.5855555555554,0.6659544317003981,OnTrack,3852.863147627957,4331.488786278665,2337.909812444257,3141.091,50.927
2026-07-25 14:39:09.655,0 days 00:52:21.240000,31,556.8391595200009,0 days 00:00:51.076000,11451.071579428572,254.12857417142857,6,100.0,False,0,pos,2914.135490692277,0.6683741213992289,OnTrack,3878.0,4229.0,2340.0,3141.24,51.076
2026-07-25 14:39:09.786,0 days 00:52:21.371000,31,551.9630555555564,0 days 00:00:51.207000,11554.0,256.0,6,100.0,False,0,car,2923.4966666666664,0.6705211621895868,OnTrack,3903.9573071937843,4138.701230725876,2341.2731308679704,3141.371,51.207
2026-07-25 14:39:09.875,0 days 00:52:21.460000,31,548.4030478755565,0 days 00:00:51.296000,11577.238939022222,256.9888910222222,6,100.0,False,0,pos,2929.89164516054,0.6719878881348497,OnTrack,3923.0,4080.0,2342.0,3141.46,51.296
2026-07-25 14:39:10.146,0 days 00:52:21.731000,31,537.5630555555567,0 days 00:00:51.567000,11648.0,260.0,6,100.0,False,0,car,2949.4966666666664,0.6764844151721212,OnTrack,3996.0163402899198,3911.4531207156456,2344.4016219513887,3141.731,51.567
2026-07-25 14:39:10.195,0 days 00:52:21.780000,31,535.4805473955566,0 days 00:00:51.616000,11663.9250624,260.4083349333333,6,100.0,False,0,pos,2953.051192710982,0.6772996666350158,OnTrack,4019.0,3873.0,2345.0,3141.78,51.616
2026-07-25 14:39:10.386,0 days 00:52:21.971000,31,527.3630555555565,0 days 00:00:51.807000,11726.0,262.0,6,100.0,False,0,car,2966.963333333333,0.6804904979450033,OnTrack,4137.561491951231,3698.5884375437445,2347.8624312191896,3141.971,51.807
2026-07-25 14:39:10.395,0 days 00:52:21.980000,31,526.9855475022231,0 days 00:00:51.816000,11723.1499392,262.02500053333335,6,99.57499093333334,False,0,pos,2967.623489953661,0.6806419087501998,OnTrack,4143.0,3691.0,2348.0,3141.98,51.816
2026-07-25 14:39:10.746,0 days 00:52:22.331000,31,512.2630555555561,0 days 00:00:52.167000,11612.0,263.0,6,83.0,True,0,car,2993.2633333333333,0.6865225576927207,OnTrack,4304.557385969616,3479.7513262497364,2352.7192448834867,3142.331,52.167
2026-07-25 14:39:10.775,0 days 00:52:22.360000,31,511.2399932266672,0 days 00:00:52.196000,11636.44301897143,261.03212982857144,6,75.23209142857142,True,0,pos,2995.2890733802274,0.686987173091816,OnTrack,4314.0,3467.0,2353.0,3142.36,52.196
2026-07-25 14:39:11.026,0 days 00:52:22.611000,31,502.38527777777836,0 days 00:00:52.447000,11848.0,244.0,6,8.0,True,0,car,3012.241111111111,0.6908752226902287,OnTrack,4376.923487658775,3371.0243379222525,2354.6519502265273,3142.611,52.447
2026-07-25 14:39:11.095,0 days 00:52:22.680000,31,500.2002716977784,0 days 00:00:52.516000,11791.0748416,242.7678537142857,6,8.492858514285714,True,0,pos,3016.8674347489427,0.6919362972375929,OnTrack,4395.0,3339.0,2355.0,3142.68,52.516
2026-07-25 14:39:11.275,0 days 00:52:22.860000,31,494.50027169777866,0 days 00:00:52.696000,11642.5748416,239.553568,6,9.7785728,True,0,pos,3028.8268012538374,0.694679248313729,OnTrack,4449.0,3233.0,2356.0,3142.86,52.696
2026-07-25 14:39:11.306,0 days 00:52:22.891000,31,493.518611111112,0 days 00:00:52.727000,11617.0,239.0,5,10.0,True,0,car,3030.8299999999995,0.6951386937328696,OnTrack,4458.117282859452,3211.7892042670665,2356.258322333084,3142.891,52.727
2026-07-25 14:39:11.626,0 days 00:52:23.211000,31,485.607500000001,0 days 00:00:53.047000,11150.0,223.0,5,19.0,False,0,car,3050.6522222222216,0.6996850370323744,OnTrack,4534.69707152181,2966.4010469190257,2359.920162035814,3143.211,53.047
2026-07-25 14:39:11.635,0 days 00:52:23.220000,31,485.4149958933343,0 days 00:00:53.056000,11145.1061456,222.8312464,5,20.125024,False,0,pos,3051.203482061898,0.699811471720186,OnTrack,4536.0,2960.0,2360.0,3143.22,53.056
2026-07-25 14:39:11.786,0 days 00:52:23.371000,31,482.18527777777854,0 days 00:00:53.207000,11063.0,220.0,5,39.0,False,0,car,3060.4299999999994,0.701927627897601,OnTrack,4549.652240257448,2860.58867115905,2360.9898475093396,3143.371,53.207
2026-07-25 14:39:11.946,0 days 00:52:23.531000,31,479.16305555555664,0 days 00:00:53.367000,10877.0,216.0,5,42.0,False,0,car,3070.0299999999993,0.7041294443834598,OnTrack,4550.50083273111,2770.285520522178,2361.570944119058,3143.531,53.367
2026-07-25 14:39:12.035,0 days 00:52:23.620000,31,477.75388584888975,0 days 00:00:53.456000,10845.2936816,215.4437488,5,49.7875168,False,0,pos,3075.346575881044,0.7053488323442102,OnTrack,4549.0,2725.0,2362.0,3143.62,53.456
2026-07-25 14:39:12.106,0 days 00:52:23.691000,31,476.6297222222229,0 days 00:00:53.527000,10820.0,215.0,5,56.0,False,0,car,3079.585555555555,0.7063210672744767,OnTrack,4546.974040681767,2691.330651151574,2362.410544854916,3143.691,53.527
2026-07-25 14:39:12.306,0 days 00:52:23.891000,31,473.96305555555637,0 days 00:00:53.727000,10947.0,215.0,5,76.0,False,0,car,3091.5299999999993,0.7090605958882479,OnTrack,4535.744576663238,2603.9203777802063,2363.9676424288778,3143.891,53.727
2026-07-25 14:39:12.395,0 days 00:52:23.980000,31,473.07305363555645,0 days 00:00:53.816000,11050.303794285714,215.63571565714287,5,82.03929874285714,False,0,pos,3096.85880256552,0.7102827881110241,OnTrack,4525.0,2560.0,2365.0,3143.98,53.816
2026-07-25 14:39:12.586,0 days 00:52:24.171000,31,471.16305555555664,0 days 00:00:54.007000,11272.0,217.0,5,95.0,False,0,car,3108.407777777777,0.7129316135294742,OnTrack,4488.666214833651,2452.3608630265844,2367.7087163409838,3144.171,54.007
2026-07-25 14:39:12.615,0 days 00:52:24.200000,31,470.86499814664063,0 days 00:00:54.036000,11310.666907102628,218.0943464274329,5,95.91195535619407,False,0,pos,3110.1893627877753,0.7133402305342632,OnTrack,4482.0,2436.0,2368.0,3144.2,54.036
2026-07-25 14:39:12.745,0 days 00:52:24.330000,31,469.5288888888904,0 days 00:00:54.166000,11484.0,223.0,5,100.0,False,0,car,3118.2569444444434,0.7151905778564156,OnTrack,4448.385691278786,2364.199970310278,2368.780718524913,3144.33,54.166
2026-07-25 14:39:12.775,0 days 00:52:24.360000,31,469.32888803555704,0 days 00:00:54.196000,11484.833336888889,223.33333475555557,5,98.24999253333333,False,0,pos,3120.131140031909,0.7156204356420621,OnTrack,4439.0,2347.0,2369.0,3144.36,54.196
2026-07-25 14:39:13.095,0 days 00:52:24.680000,31,467.1955547022236,0 days 00:00:54.516000,11493.722225777778,226.8888903111111,5,79.58332586666667,False,0,pos,3140.3234642538155,0.7202516640128537,OnTrack,4311.0,2159.0,2373.0,3144.68,54.516
2026-07-25 14:39:13.105,0 days 00:52:24.690000,31,467.1288888888903,0 days 00:00:54.526000,11494.0,227.0,5,79.0,False,0,car,3140.9569444444437,0.7203969564219361,OnTrack,4307.520846373471,2154.532745569288,2373.0869815336605,3144.69,54.526
2026-07-25 14:39:13.305,0 days 00:52:24.890000,31,465.90666666666766,0 days 00:00:54.726000,12005.0,229.0,5,100.0,False,0,car,3153.679166666666,0.7233148729454412,OnTrack,4245.988787907962,2083.954055040353,2373.9386799600393,3144.89,54.726
2026-07-25 14:39:13.355,0 days 00:52:24.940000,31,465.6288881777788,0 days 00:00:54.776000,12080.714479542858,230.07143131428572,5,100.0,False,0,pos,3156.902435672559,0.7240541486574761,OnTrack,4226.0,2063.0,2374.0,3144.94,54.776
2026-07-25 14:39:13.585,0 days 00:52:25.170000,31,464.351111111112,0 days 00:00:55.006000,12429.0,235.0,5,100.0,False,0,car,3171.9569444444437,0.7275069888241886,OnTrack,4093.8952104266045,1928.076598070072,2373.833318185083,3145.17,55.006
2026-07-25 14:39:13.735,0 days 00:52:25.320000,31,463.5594437688899,0 days 00:00:55.156000,12490.60719542857,237.6785737142857,5,100.0,False,0,pos,3181.9026630291382,0.7297880979016357,OnTrack,4015.0,1848.0,2374.0,3145.32,55.156
2026-07-25 14:39:13.865,0 days 00:52:25.450000,31,462.87333333333436,0 days 00:00:55.286000,12544.0,240.0,5,100.0,False,0,car,3190.62361111111,0.7317882986578029,OnTrack,3971.345468414567,1803.3757825575667,2374.635920529898,3145.45,55.286
2026-07-25 14:39:14.015,0 days 00:52:25.600000,31,461.7483323733347,0 days 00:00:55.436000,12529.74998784,244.50000384,5,100.0,False,0,pos,3200.8364069161835,0.7341306634672113,OnTrack,3924.0,1755.0,2375.0,3145.6,55.436
2026-07-25 14:39:14.065,0 days 00:52:25.650000,31,461.3733333333348,0 days 00:00:55.486000,12525.0,246.0,5,100.0,False,0,car,3204.2902777777767,0.7349228290716993,OnTrack,3902.043326859632,1732.7280158467152,2374.780037096413,3145.65,55.486
2026-07-25 14:39:14.175,0 days 00:52:25.760000,31,458.65388524232765,0 days 00:00:55.596000,12183.42059460088,249.35180504851945,5,100.0,False,0,pos,3211.9895494494353,0.7366887023316747,OnTrack,3847.0,1677.0,2374.0,3145.76,55.596
2026-07-25 14:39:14.426,0 days 00:52:26.011000,31,452.4486111111123,0 days 00:00:55.847000,11404.0,257.0,6,100.0,False,0,car,3230.061666666666,0.7408336487507654,OnTrack,3722.474578813953,1550.5573323394285,2373.0408261502716,3146.011,55.847
2026-07-25 14:39:14.435,0 days 00:52:26.020000,31,452.00860172444567,0 days 00:00:55.856000,11401.690740210526,257.16579301052633,6,100.0,False,0,pos,3230.722097821999,0.7409851225221809,OnTrack,3718.0,1546.0,2373.0,3146.02,55.856
2026-07-25 14:39:15.946,0 days 00:52:27.531000,31,378.1375000000012,0 days 00:00:57.367000,11014.0,285.0,7,100.0,False,0,car,3350.394999999999,0.7684328067853154,OnTrack,2927.7898518013963,725.3831561015552,2350.0309968778024,3147.531,57.367
2026-07-25 14:39:15.995,0 days 00:52:27.580000,31,375.6602680711123,0 days 00:00:57.416000,11042.9407384,285.4593768,7,100.0,False,0,pos,3354.3457413434503,0.7693389325583753,OnTrack,2901.0,697.0,2349.0,3147.58,57.416
2026-07-25 14:39:16.235,0 days 00:52:27.820000,31,363.52693473777884,0 days 00:00:57.656000,11184.6907384,287.7093768,7,100.0,False,0,pos,3373.559876317403,0.7737458074695385,OnTrack,2770.0,557.0,2345.0,3147.82,57.656
2026-07-25 14:39:16.266,0 days 00:52:27.851000,31,361.95972222222326,0 days 00:00:57.687000,11203.0,288.0,7,100.0,False,0,car,3375.994999999999,0.7743043174142723,OnTrack,2753.5081360190393,538.994734238678,2345.0081527878374,3147.851,57.687
2026-07-25 14:39:16.295,0 days 00:52:27.880000,31,360.5902687111122,0 days 00:00:57.716000,11127.327624,286.3687392,7,90.93744,False,0,pos,3378.2613038254194,0.7748241075314364,OnTrack,2738.0,522.0,2345.0,3147.88,57.716
2026-07-25 14:39:16.555,0 days 00:52:28.140000,31,348.31249093333463,0 days 00:00:57.976000,10448.890124,271.7437392,7,9.687439999999993,False,0,pos,3397.826353564264,0.7793114668086902,OnTrack,2595.0,364.0,2340.0,3148.14,57.976
2026-07-25 14:39:16.586,0 days 00:52:28.171000,31,346.8486111111124,0 days 00:00:58.007000,10368.0,270.0,7,0.0,True,0,car,3399.994999999999,0.7798088586289194,OnTrack,2579.7257984036955,346.92527066510655,2339.4275673022858,3148.171,58.007
2026-07-25 14:39:16.755,0 days 00:52:28.340000,31,340.60499290666786,0 days 00:00:58.176000,10368.0,242.5374688,7,0.0,True,0,pos,3411.0913908447164,0.7823538811596935,OnTrack,2499.0,255.0,2337.0,3148.34,58.176
2026-07-25 14:39:16.826,0 days 00:52:28.411000,31,337.9819444444456,0 days 00:00:58.247000,10368.0,231.0,7,0.0,True,0,car,3415.394999999999,0.7833409392416513,OnTrack,2458.8447897313054,207.81789166964768,2336.000656133274,3148.411,58.247
2026-07-25 14:39:17.055,0 days 00:52:28.640000,31,332.3841619733345,0 days 00:00:58.476000,11447.42363229091,208.0999808,7,0.0,True,0,pos,3427.853022649191,0.7861982600385463,OnTrack,2334.0,58.0,2333.0,3148.64,58.476
2026-07-25 14:39:17.266,0 days 00:52:28.851000,31,327.22638888889014,0 days 00:00:58.687000,12442.0,187.0,6,0.0,True,0,car,3438.2505555555545,0.7885829953891185,OnTrack,2299.533016952884,16.315085141810307,2331.289204439359,3148.851,58.687
2026-07-25 14:39:17.295,0 days 00:52:28.880000,31,326.662496266668,0 days 00:00:58.716000,12359.20445184,184.67998464,6,0.0,True,0,pos,3439.6569892317266,0.7889055692281249,OnTrack,2293.0,9.0,2331.0,3148.88,58.716
2026-07-25 14:39:17.466,0 days 00:52:29.051000,31,323.33750000000146,0 days 00:00:58.887000,11871.0,171.0,4,0.0,True,0,car,3447.7505555555545,0.7907618762865829,OnTrack,2226.6423784603885,-63.4670340782456,2328.714857216156,3149.051,58.887
2026-07-25 14:39:17.655,0 days 00:52:29.240000,31,321.07999770666845,0 days 00:00:59.076000,11528.437152,159.7781136,4,0.0,True,0,pos,3455.9291497935847,0.7926376849974628,OnTrack,2135.0,-157.0,2326.0,3149.24,59.076
2026-07-25 14:39:17.786,0 days 00:52:29.371000,31,319.51527777777983,0 days 00:00:59.207000,11291.0,152.0,3,0.0,True,0,car,3461.2616666666654,0.7938607291185323,OnTrack,2085.2710931862575,-199.74271943832636,2324.6536684857597,3149.371,59.207
2026-07-25 14:39:17.946,0 days 00:52:29.531000,31,318.1375000000021,0 days 00:00:59.367000,11660.0,141.0,3,0.0,True,0,car,3467.528333333332,0.7952980259912458,OnTrack,2038.7855320588214,-231.01509765152872,2323.5190942538034,3149.531,59.367
2026-07-25 14:39:18.035,0 days 00:52:29.620000,31,317.7666658666686,0 days 00:00:59.456000,11370.378541866667,137.6624928,3,0.0,True,0,pos,3470.868526172425,0.796064118872398,OnTrack,2018.0,-244.0,2323.0,3149.62,59.456
2026-07-25 14:39:18.186,0 days 00:52:29.771000,31,317.13750000000164,0 days 00:00:59.607000,10879.0,132.0,2,0.0,True,0,car,3476.328333333332,0.7973163577699497,OnTrack,1990.6766057939421,-259.9621970463344,2322.2755546925973,3149.771,59.607
2026-07-25 14:39:18.386,0 days 00:52:29.971000,31,317.0263888888908,0 days 00:00:59.807000,10220.0,125.0,2,0.0,True,0,car,3483.2727777777764,0.7989091069640026,OnTrack,1953.3128948189308,-276.15707069426355,2321.0796824792606,3149.971,59.807
2026-07-25 14:39:18.395,0 days 00:52:29.980000,31,317.0563895288908,0 days 00:00:59.816000,10212.312336,124.7749952,2,0.0,True,0,pos,3483.577214388635,0.798978931291991,OnTrack,1951.0,-277.0,2321.0,3149.98,59.816
2026-07-25 14:39:18.595,0 days 00:52:30.180000,31,317.7230561955576,0 days 00:01:00.016000,10041.479002666667,119.7749952,2,0.0,True,0,pos,3490.1910704665293,0.8004958580990122,OnTrack,1889.0,-296.0,2319.0,3150.18,60.016
2026-07-25 14:39:18.626,0 days 00:52:30.211000,31,317.82638888889096,0 days 00:01:00.047000,10015.0,119.0,2,0.0,False,0,car,3491.2061111111093,0.8007286636432887,OnTrack,1879.095886871871,-298.0307178572872,2318.791427571323,3150.211,60.047
2026-07-25 14:39:18.786,0 days 00:52:30.371000,31,318.75972222222435,0 days 00:01:00.207000,9732.0,117.0,2,0.0,False,0,car,3496.4061111111096,0.8019213142397956,OnTrack,1829.0240628038778,-303.0425630168992,2318.1514261654283,3150.371,60.207
2026-07-25 14:39:18.815,0 days 00:52:30.400000,31,319.0819465777799,0 days 00:01:00.236000,9740.7906832,116.4562464,2,2.1750144,False,0,pos,3497.3272834922354,0.8021325905455332,OnTrack,1820.0,-303.0,2318.0,3150.4,60.236
2026-07-25 14:39:19.055,0 days 00:52:30.640000,31,321.7486132444463,0 days 00:01:00.476000,9813.5406832,111.9562464,2,20.1750144,False,0,pos,3504.708963447439,0.803825622276648,OnTrack,1747.0,-293.0,2316.0,3150.64,60.476
2026-07-25 14:39:19.106,0 days 00:52:30.691000,31,322.31527777777956,0 days 00:01:00.527000,9829.0,111.0,2,24.0,False,0,car,3506.2727777777764,0.8041842922947061,OnTrack,1732.8425783223583,-289.49696621796016,2315.4903424381314,3150.691,60.527
2026-07-25 14:39:19.255,0 days 00:52:30.840000,31,324.5088913244954,0 days 00:01:00.676000,9956.417968772284,111.83008448711585,2,35.20614057606408,False,0,pos,3510.875924463789,0.8052400510717987,OnTrack,1689.0,-273.0,2314.0,3150.84,60.676
2026-07-25 14:39:19.465,0 days 00:52:31.050000,31,327.60055555555755,0 days 00:01:00.886000,10136.0,113.0,2,51.0,False,0,car,3517.5413888888875,0.8067688145569121,OnTrack,1599.0686514092486,-219.0222189326555,2312.391909874424,3151.05,60.886
2026-07-25 14:39:19.535,0 days 00:52:31.120000,31,328.7477798755577,0 days 00:01:00.956000,10288.2502784,114.7500032,2,53.000003657142855,False,0,pos,3519.840255896577,0.8072960732315295,OnTrack,1575.0,-203.0,2312.0,3151.12,60.956
2026-07-25 14:39:19.745,0 days 00:52:31.330000,31,332.18944444444696,0 days 00:01:01.166000,10745.0,120.0,2,59.0,False,0,car,3526.8747222222205,0.8089094694737191,OnTrack,1541.6864905702398,-176.84228776822707,2311.2597656644666,3151.33,61.166
2026-07-25 14:39:19.875,0 days 00:52:31.460000,31,334.64500241778,0 days 00:01:01.296000,10879.062632,120.8125008,2,61.4375024,False,0,pos,3531.2249049685984,0.8099072094828311,OnTrack,1524.0,-159.0,2311.0,3151.46,61.296
2026-07-25 14:39:19.905,0 days 00:52:31.490000,31,335.21166666666886,0 days 00:01:01.326000,10910.0,121.0,2,62.0,False,0,car,3532.2524999999982,0.8101428944495938,OnTrack,1518.20226877073,-153.3014005461341,2310.95163462733,3151.49,61.326
2026-07-25 14:39:20.135,0 days 00:52:31.720000,31,339.2366689066687,0 days 00:01:01.556000,11543.778130488889,128.66667093333334,2,70.94444942222222,False,0,pos,3540.574855005089,0.8120516755382791,OnTrack,1460.0,-95.0,2310.0,3151.72,61.556
2026-07-25 14:39:20.265,0 days 00:52:31.850000,31,341.5116666666686,0 days 00:01:01.686000,11902.0,133.0,2,76.0,False,0,car,3545.5524999999984,0.8131933277060441,OnTrack,1428.4397765829326,-58.8630795505187,2308.1149182956683,3151.85,61.686
2026-07-25 14:39:20.275,0 days 00:52:31.860000,31,341.6977801600019,0 days 00:01:01.696000,11887.928391314286,133.4285769142857,2,76.21428845714286,False,0,pos,3545.942064513555,0.8132826766194038,OnTrack,1426.0,-56.0,2308.0,3151.86,61.696
2026-07-25 14:39:20.455,0 days 00:52:32.040000,31,345.047780160002,0 days 00:01:01.876000,11634.64267702857,141.14286262857144,2,80.07143131428572,False,0,pos,3553.1182253273505,0.8149285713261737,OnTrack,1382.0,-4.0,2307.0,3152.04,61.876
2026-07-25 14:39:20.545,0 days 00:52:32.130000,31,346.7227777777798,0 days 00:01:01.966000,11508.0,145.0,2,82.0,False,0,car,3556.8302777777762,0.8157799523971861,OnTrack,1362.6248647708028,18.82200700997998,2306.4582866333444,3152.13,61.966
2026-07-25 14:39:20.695,0 days 00:52:32.280000,31,348.7227800155676,0 days 00:01:02.116000,11614.431654355294,151.84648068952185,2,93.20333203739938,False,0,pos,3563.212185548648,0.8172436804952211,OnTrack,1321.0,69.0,2305.0,3152.28,62.116
2026-07-25 14:39:20.786,0 days 00:52:32.371000,31,349.9361111111134,0 days 00:01:02.207000,11679.0,156.0,3,100.0,False,0,car,3567.2736111111094,0.8181751923451708,OnTrack,1277.508263022704,122.86750032775377,2303.6349697800683,3152.371,62.207
2026-07-25 14:39:20.895,0 days 00:52:32.480000,31,350.2994450844468,0 days 00:01:02.316000,11712.305614222223,162.0555662222222,3,100.0,False,0,pos,3572.3763099509656,0.8193455263480842,OnTrack,1226.0,187.0,2302.0,3152.48,62.316
2026-07-25 14:39:21.146,0 days 00:52:32.731000,31,351.1361111111137,0 days 00:01:02.567000,11789.0,176.0,3,100.0,False,0,car,3584.8736111111093,0.8222118559025786,OnTrack,1186.418908141287,235.6365758583499,2300.273691644506,3152.731,62.567
2026-07-25 14:39:21.195,0 days 00:52:32.780000,31,350.95916597333587,0 days 00:01:02.616000,11681.1995776,178.24584213333333,3,100.0,False,0,pos,3587.372581177852,0.822785009391185,OnTrack,1177.0,247.0,2300.0,3152.78,62.616
2026-07-25 14:39:21.386,0 days 00:52:32.971000,31,350.2694444444469,0 days 00:01:02.807000,11261.0,187.0,4,100.0,False,0,car,3597.340277777776,0.8250711592557425,OnTrack,1115.0831667335117,321.6652364600054,2298.6687175762936,3152.971,62.807
2026-07-25 14:39:21.454,0 days 00:52:33.039000,31,349.41944124444694,0 days 00:01:02.875000,11408.39055488,189.89001088,4,100.0,False,0,pos,3601.022407750481,0.8259156774304276,OnTrack,1092.0,349.0,2298.0,3153.039,62.875
2026-07-25 14:39:21.615,0 days 00:52:33.200000,31,347.40694204444713,0 days 00:01:03.036000,11757.35791616,196.73250816,4,100.0,False,0,pos,3610.0352629446443,0.8279828288003408,OnTrack,1038.0,411.0,2296.0,3153.2,63.036
2026-07-25 14:39:21.786,0 days 00:52:33.371000,31,345.26944444444734,0 days 00:01:03.207000,12128.0,204.0,4,100.0,False,0,car,3620.0069444444425,0.8302698926251314,OnTrack,936.9428347116171,525.1174191046473,2293.8993527872362,3153.371,63.207
2026-07-25 14:39:21.875,0 days 00:52:33.460000,31,343.51416288000286,0 days 00:01:03.296000,11903.05201472,207.3375072,4,100.0,False,0,pos,3625.348306459419,0.8314949654315392,OnTrack,889.0,579.0,2293.0,3153.46,63.296
2026-07-25 14:39:22.186,0 days 00:52:33.771000,31,337.3805555555582,0 days 00:01:03.607000,11117.0,219.0,5,100.0,False,0,car,3644.3402777777756,0.835850885801093,OnTrack,812.7302190230879,662.5477642591355,2291.1997517690725,3153.771,63.607
2026-07-25 14:39:22.235,0 days 00:52:33.820000,31,336.46860753778043,0 days 00:01:03.656000,11055.341425066666,217.36666026666666,5,86.66105884444444,False,0,pos,3647.2570048259154,0.8365198543114413,OnTrack,800.0,676.0,2291.0,3153.82,63.656
2026-07-25 14:39:22.546,0 days 00:52:34.131000,31,330.6805555555584,0 days 00:01:03.967000,10664.0,207.0,5,2.0,True,0,car,3665.0402777777754,0.8405985525987261,OnTrack,671.8541450711319,807.7340104025194,2290.0335261782907,3154.131,63.967
2026-07-25 14:39:22.575,0 days 00:52:34.160000,31,330.2455526755584,0 days 00:01:03.996000,10728.60598328889,205.30832213333332,5,1.8388878222222222,True,0,pos,3666.6177798571225,0.8409603619825576,OnTrack,656.0,823.0,2290.0,3154.16,63.996
2026-07-25 14:39:22.755,0 days 00:52:34.340000,31,327.5455526755583,0 days 00:01:04.176000,11129.60598328889,194.80832213333332,5,0.8388878222222221,True,0,pos,3676.0836471615407,0.8431314143454557,OnTrack,552.0,919.0,2290.0,3154.34,64.176
2026-07-25 14:39:22.906,0 days 00:52:34.491000,31,325.2805555555583,0 days 00:01:04.327000,11466.0,186.0,4,0.0,True,0,car,3683.6402777777753,0.8448645720400776,OnTrack,492.54472158872517,968.9969678806657,2290.0165702147233,3154.491,64.327
2026-07-25 14:39:23.106,0 days 00:52:34.691000,31,322.8916666666696,0 days 00:01:04.527000,11418.0,171.0,3,0.0,True,0,car,3693.1402777777753,0.847043452937542,OnTrack,442.398429101792,1000.5305876699047,2290.0031321385536,3154.691,64.527
2026-07-25 14:39:23.175,0 days 00:52:34.760000,31,322.23999818666954,0 days 00:01:04.596000,11100.5991168,166.85998848,3,0.0,True,0,pos,3696.267321106765,0.8477606587243924,OnTrack,420.0,1013.0,2290.0,3154.76,64.596
2026-07-25 14:39:23.306,0 days 00:52:34.891000,31,321.00277777778047,0 days 00:01:04.727000,10498.0,159.0,3,0.0,True,0,car,3701.9736111111088,0.8490694299123774,OnTrack,369.51489443346117,1039.5472669574738,2289.9985781415016,3154.891,64.727
2026-07-25 14:39:23.335,0 days 00:52:34.920000,31,320.82555438222494,0 days 00:01:04.756000,10672.907408,156.8249856,3,0.0,True,0,pos,3703.192852051331,0.8493490699959624,OnTrack,358.0,1045.0,2290.0,3154.92,64.756
2026-07-25 14:39:23.466,0 days 00:52:35.051000,31,320.0250000000028,0 days 00:01:04.887000,11463.0,147.0,3,0.0,True,0,car,3708.506944444442,0.8505678883541424,OnTrack,306.93635246478283,1065.553321371475,2290.0164314271574,3155.051,64.887
2026-07-25 14:39:23.595,0 days 00:52:35.180000,31,319.63083274666974,0 days 00:01:05.016000,11249.343432,141.3562416,3,0.0,True,0,pos,3713.4510888809036,0.8517018569717121,OnTrack,259.0,1080.0,2290.0,3155.18,65.016
2026-07-25 14:39:23.786,0 days 00:52:35.371000,31,319.0472222222256,0 days 00:01:05.207000,10933.0,133.0,2,0.0,True,0,car,3720.329166666664,0.8532793845820983,OnTrack,188.08628565574878,1091.776813880266,2289.980850125837,3155.371,65.207
2026-07-25 14:39:23.795,0 days 00:52:35.380000,31,319.05722243555897,0 days 00:01:05.216000,10904.167242057143,132.6142774857143,2,0.0,True,0,pos,3720.643348184527,0.8533514439618465,OnTrack,184.0,1092.0,2290.0,3155.38,65.216
2026-07-25 14:39:24.015,0 days 00:52:35.600000,31,319.30166688000344,0 days 00:01:05.436000,10199.38152777143,123.18570605714285,2,0.0,True,0,pos,3728.069240862555,0.8550546161410862,OnTrack,74.0,1090.0,2291.0,3155.6,65.436
2026-07-25 14:39:24.066,0 days 00:52:35.651000,31,319.35833333333676,0 days 00:01:05.487000,10036.0,121.0,2,0.0,True,0,car,3729.740277777775,0.8554378782898788,OnTrack,58.321625011512246,1089.0309615272095,2291.2052156046107,3155.651,65.487
2026-07-25 14:39:24.275,0 days 00:52:35.860000,31,320.1711118577809,0 days 00:01:05.696000,9673.733000533333,115.7749952,2,0.0,True,0,pos,3736.4333061084853,0.8569729637189287,OnTrack,23.0,1080.0,2292.0,3155.86,65.696
2026-07-25 14:39:24.306,0 days 00:52:35.891000,31,320.2916666666697,0 days 00:01:05.727000,9620.0,115.0,2,0.0,True,0,car,3737.406944444442,0.8571962734001134,OnTrack,14.828228631891315,1076.6556127851266,2292.1875140070974,3155.891,65.727
2026-07-25 14:39:24.506,0 days 00:52:36.091000,31,321.40277777778056,0 days 00:01:05.927000,9211.0,111.0,2,0.0,True,0,car,3743.573611111109,0.8586106346844325,OnTrack,-63.511546948891905,1041.7129666629958,2293.894577634587,3156.091,65.927
2026-07-25 14:39:24.655,0 days 00:52:36.240000,31,322.68583498666965,0 days 00:01:06.076000,8893.842448457142,108.33928228571429,2,0.0,True,0,pos,3748.0284742729723,0.8596323837627695,OnTrack,-113.0,1017.0,2295.0,3156.24,66.076
2026-07-25 14:39:24.786,0 days 00:52:36.371000,31,323.81388888889205,0 days 00:01:06.207000,8615.0,106.0,2,0.0,False,0,car,3751.818055555553,0.8605015465276121,OnTrack,-134.23106830827862,1003.154217682666,2295.546117496788,3156.371,66.207
2026-07-25 14:39:24.935,0 days 00:52:36.520000,31,325.6350023466692,0 days 00:01:06.356000,8422.2310016,100.4124928,2,0.0,False,0,pos,3755.962204272548,0.8614520314197923,OnTrack,-149.0,987.0,2296.0,3156.52,66.356
2026-07-25 14:39:24.946,0 days 00:52:36.531000,31,325.7694444444469,0 days 00:01:06.367000,8408.0,100.0,2,0.0,False,0,car,3756.262499999998,0.8615209060118061,OnTrack,-150.44963124470365,985.3470388515152,2296.0414457427173,3156.531,66.367
2026-07-25 14:39:25.266,0 days 00:52:36.851000,31,331.1916666666689,0 days 00:01:06.687000,8121.0,96.0,2,0.0,False,0,car,3764.7958333333313,0.8634780762214584,OnTrack,-205.78369452443718,916.5360504902851,2297.779970487886,3156.851,66.687
2026-07-25 14:39:25.295,0 days 00:52:36.880000,31,331.7797261155578,0 days 00:01:06.716000,8173.407489828572,96.10357211428571,2,3.7285961142857147,False,0,pos,3765.570954912027,0.8636558549163039,OnTrack,-210.0,910.0,2298.0,3156.88,66.716
2026-07-25 14:39:25.415,0 days 00:52:37,31,334.21305944889144,0 days 00:01:06.836000,8390.264632685714,96.53214354285714,2,19.157167542857145,False,0,pos,3768.7976086387343,0.864395906933973,OnTrack,-225.0,882.0,2299.0,3157.0,66.836
2026-07-25 14:39:25.546,0 days 00:52:37.131000,31,336.86944444444725,0 days 00:01:06.967000,8627.0,97.0,2,36.0,False,0,car,3772.3402777777756,0.8652084389458775,OnTrack,-241.34037221480435,838.1438924553656,2300.0658656433984,3157.131,66.967
2026-07-25 14:39:25.695,0 days 00:52:37.280000,31,340.22194876444723,0 days 00:01:07.116000,8761.1001728,97.74500096,2,39.7250048,False,0,pos,3776.3858986850337,0.8661363259051624,OnTrack,-257.0,785.0,2301.0,3157.28,67.116
2026-07-25 14:39:25.746,0 days 00:52:37.331000,31,341.36944444444725,0 days 00:01:07.167000,8807.0,98.0,2,41.0,False,0,car,3777.78472222222,0.866457154314015,OnTrack,-260.5797644583556,770.4528871527988,2301.1960182882035,3157.331,67.167
2026-07-25 14:39:25.986,0 days 00:52:37.571000,31,347.3027777777811,0 days 00:01:07.407000,9128.0,101.0,2,44.0,False,0,car,3784.518055555553,0.8680014839325687,OnTrack,-265.7280814655766,723.8663617893787,2301.518286166699,3157.571,67.407
2026-07-25 14:39:26.135,0 days 00:52:37.720000,31,351.1105594425682,0 days 00:01:07.556000,9184.108843887172,104.11715799373175,2,47.11715799373175,False,0,pos,3788.864009015547,0.8689982539299635,OnTrack,-263.0,690.0,2303.0,3157.72,67.556
2026-07-25 14:39:26.195,0 days 00:52:37.780000,31,352.64389236530184,0 days 00:01:07.616000,9206.702980096274,105.37238778312629,2,48.372387783126285,False,0,pos,3790.652588241539,0.8694084750993443,OnTrack,-261.0,673.0,2304.0,3157.78,67.616
2026-07-25 14:39:26.225,0 days 00:52:37.810000,31,353.4105555555584,0 days 00:01:07.646000,9218.0,106.0,2,49.0,False,0,car,3791.5552777777752,0.8696155122558543,OnTrack,-259.75473976426395,664.1529691667417,2304.442079314007,3157.81,67.646
2026-07-25 14:39:26.425,0 days 00:52:38.010000,31,358.6883333333358,0 days 00:01:07.846000,9787.0,111.0,2,56.0,False,0,car,3797.721944444442,0.8710298735401734,OnTrack,-246.60082157272254,600.7390137206098,2306.048057137759,3158.01,67.846
2026-07-25 14:39:26.535,0 days 00:52:38.120000,31,361.6216700800028,0 days 00:01:07.956000,9953.65019392,113.7500032,2,57.65000192,False,0,pos,3801.235482945848,0.8718357242689333,OnTrack,-233.0,563.0,2307.0,3158.12,67.956
2026-07-25 14:39:26.625,0 days 00:52:38.210000,31,364.0216666666697,0 days 00:01:08.046000,10090.0,116.0,2,59.0,False,0,car,3804.1663888888866,0.8725079447922546,OnTrack,-217.74861528032895,530.7295304045681,2308.107979201214,3158.21,68.046
2026-07-25 14:39:26.905,0 days 00:52:38.490000,31,371.72166666667,0 days 00:01:08.326000,10930.0,122.0,2,70.0,False,0,car,3813.655277777775,0.8746842772910085,OnTrack,-156.81931956403767,433.16721549186394,2312.5883456424367,3158.49,68.326
2026-07-25 14:39:26.935,0 days 00:52:38.520000,31,372.5216700800032,0 days 00:01:08.356000,11032.3754368,123.3125056,2,70.468752,False,0,pos,3814.7312972673344,0.8749310686921768,OnTrack,-151.0,425.0,2313.0,3158.52,68.356
2026-07-25 14:39:27.225,0 days 00:52:38.810000,31,380.2550000000024,0 days 00:01:08.646000,12022.0,136.0,2,75.0,False,0,car,3825.744166666664,0.8774569350880159,OnTrack,-103.7561150753415,370.234526044783,2316.1163767412636,3158.81,68.646
2026-07-25 14:39:27.355,0 days 00:52:38.940000,31,383.6133373095772,0 days 00:01:08.776000,11569.226878250842,140.45483393492017,2,77.0249245158728,False,0,pos,3830.939204573593,0.8786484475992802,OnTrack,-75.0,343.0,2318.0,3158.94,68.776
2026-07-25 14:39:27.515,0 days 00:52:39.100000,31,387.74667146700193,0 days 00:01:08.936000,11011.968200168114,145.93770107169118,2,79.51713685076872,False,0,pos,3837.543040068454,0.8801630761266221,OnTrack,-28.0,300.0,2321.0,3159.1,68.936
2026-07-25 14:39:27.546,0 days 00:52:39.131000,31,388.54750000000195,0 days 00:01:08.967000,10904.0,147.0,2,80.0,False,0,car,3838.851666666664,0.880463217336807,OnTrack,-18.49723418919749,291.6347657966671,2321.5054670775385,3159.131,68.967
2026-07-25 14:39:27.715,0 days 00:52:39.300000,31,392.77250480000225,0 days 00:01:09.136000,11417.3380832,154.74584213333333,2,94.08334933333333,False,0,pos,3846.166304493412,0.8821408725612883,OnTrack,35.0,247.0,2324.0,3159.3,69.136
2026-07-25 14:39:27.786,0 days 00:52:39.371000,31,394.5475000000024,0 days 00:01:09.207000,11633.0,158.0,3,100.0,False,0,car,3849.3849999999975,0.8828790993143466,OnTrack,59.7420794865768,227.74730412058574,2325.385937128451,3159.371,69.207
2026-07-25 14:39:27.994,0 days 00:52:39.579000,31,399.0541666666692,0 days 00:01:09.415000,12073.266666666666,168.9777777777778,3,100.0,False,0,pos,3859.419724033783,0.8851806223152459,OnTrack,136.0,171.0,2330.0,3159.579,69.415
2026-07-25 14:39:28.146,0 days 00:52:39.731000,31,402.3475000000026,0 days 00:01:09.567000,12395.0,177.0,3,100.0,False,0,car,3867.0849999999973,0.8869386984601488,OnTrack,193.40855990248113,128.33381981819505,2332.7765544752274,3159.731,69.567
2026-07-25 14:39:28.155,0 days 00:52:39.740000,31,402.53250394666924,0 days 00:01:09.576000,12339.91882496,177.36000768,3,100.0,False,0,pos,3867.5427367296456,0.8870436830723908,OnTrack,198.0,125.0,2333.0,3159.74,69.576
2026-07-25 14:39:28.346,0 days 00:52:39.931000,31,406.45861111111344,0 days 00:01:09.767000,11171.0,185.0,4,100.0,False,0,car,3877.362777777775,0.8892959672673472,OnTrack,328.2148932021849,32.320638787012975,2339.5497879531954,3159.931,69.767
2026-07-25 14:39:28.395,0 days 00:52:39.980000,31,407.43861495111327,0 days 00:01:09.816000,11261.6503552,186.531256,4,100.0,False,0,pos,3879.917511336014,0.8898819104408374,OnTrack,357.0,12.0,2341.0,3159.98,69.816
2026-07-25 14:39:28.506,0 days 00:52:40.091000,31,409.6586111111128,0 days 00:01:09.927000,11467.0,190.0,4,100.0,False,0,car,3885.80722222222,0.8912327502873157,OnTrack,402.6280670224952,-20.07097920985449,2343.2638729295177,3160.091,69.927
2026-07-25 14:39:28.746,0 days 00:52:40.331000,31,413.8586111111126,0 days 00:01:10.167000,12035.0,202.0,4,100.0,False,0,car,3899.273888888886,0.8943214095244232,OnTrack,450.98438868354765,-54.60094706892571,2345.5221620257566,3160.331,70.167
2026-07-25 14:39:28.815,0 days 00:52:40.400000,31,415.0469477511124,0 days 00:01:10.236000,12122.1127424,203.7250048,4,100.0,False,0,pos,3903.203846393123,0.8952227684016684,OnTrack,481.0,-77.0,2347.0,3160.4,70.236
2026-07-25 14:39:28.906,0 days 00:52:40.491000,31,416.61416666666764,0 days 00:01:10.327000,12237.0,206.0,4,100.0,False,0,car,3908.4294444444417,0.8964212900618627,OnTrack,535.7091794292054,-118.09745319634607,2349.7285255516117,3160.491,70.327
2026-07-25 14:39:29.035,0 days 00:52:40.620000,31,418.76416986666754,0 days 00:01:10.456000,12380.109588,208.4187536,4,87.50310640000001,False,0,pos,3915.994495347485,0.8981563789988087,OnTrack,620.0,-182.0,2354.0,3160.62,70.456
2026-07-25 14:39:29.226,0 days 00:52:40.811000,31,421.9475000000007,0 days 00:01:10.647000,12592.0,212.0,4,69.0,True,0,car,3927.2738888888866,0.9007433742748449,OnTrack,694.55105497152,-240.7102327001419,2358.0162233483434,3160.811,70.647
2026-07-25 14:39:29.386,0 days 00:52:40.971000,31,425.0141666666668,0 days 00:01:10.807000,11732.0,206.0,4,0.0,True,0,car,3936.429444444442,0.9028432548122843,OnTrack,742.8307673688782,-284.0161591821578,2360.8169686639803,3160.971,70.807
2026-07-25 14:39:29.395,0 days 00:52:40.980000,31,425.2166709866668,0 days 00:01:10.816000,11708.4869984,205.3812368,4,0.0,True,0,pos,3936.930215546906,0.9029581096111433,OnTrack,746.0,-287.0,2361.0,3160.98,70.816
2026-07-25 14:39:29.546,0 days 00:52:41.131000,31,428.61416666666673,0 days 00:01:10.967000,11314.0,195.0,4,0.0,True,0,car,3945.0961111111087,0.9048310058064625,OnTrack,805.7514963543475,-345.1560758589892,2364.4167435922627,3161.131,70.967
2026-07-25 14:39:29.635,0 days 00:52:41.220000,31,430.96278284444475,0 days 00:01:11.056000,11287.670776533334,190.92082453333333,4,0.0,True,0,pos,3949.751692610881,0.9058987908166144,OnTrack,839.0,-379.0,2366.0,3161.22,71.056
2026-07-25 14:39:29.786,0 days 00:52:41.371000,31,434.9475000000007,0 days 00:01:11.207000,11243.0,184.0,4,0.0,True,0,car,3957.362777777775,0.9076444379828376,OnTrack,885.2104477374081,-430.91625211707765,2367.3373514802956,3161.371,71.207
2026-07-25 14:39:29.835,0 days 00:52:41.420000,31,436.5263950755562,0 days 00:01:11.256000,11260.966737066667,181.5499904,4,0.0,True,0,pos,3959.738990351281,0.908189436318072,OnTrack,903.0,-456.0,2368.0,3161.42,71.256
2026-07-25 14:39:30.015,0 days 00:52:41.600000,31,442.32639507555615,0 days 00:01:11.436000,11326.966737066667,172.5499904,4,0.0,True,0,pos,3968.0868424402374,0.9101040653129653,OnTrack,982.0,-587.0,2372.0,3161.6,71.436
2026-07-25 14:39:30.146,0 days 00:52:41.731000,31,446.5475000000006,0 days 00:01:11.567000,11375.0,166.0,3,0.0,True,0,car,3973.962777777775,0.9114517456563018,OnTrack,1016.3651423310279,-659.5332515808092,2373.873421683008,3161.731,71.567
2026-07-25 14:39:30.435,0 days 00:52:42.020000,31,456.82306238222236,0 days 00:01:11.856000,10743.7152056,157.8718696,3,0.0,True,0,pos,3986.590016548516,0.9143478771663324,OnTrack,1033.0,-747.0,2375.0,3162.02,71.856
2026-07-25 14:39:30.466,0 days 00:52:42.051000,31,457.92527777777786,0 days 00:01:11.887000,10676.0,157.0,3,0.0,True,0,car,3987.918333333331,0.9146525344366707,OnTrack,1034.2619852537618,-754.9916131652366,2375.1026468623895,3162.051,71.887
2026-07-25 14:39:30.626,0 days 00:52:42.211000,31,463.83638888888845,0 days 00:01:12.047000,10559.0,152.0,3,0.0,True,0,car,3994.6738888888863,0.9162019608526454,OnTrack,1040.5665281457793,-794.914399337983,2375.660962728277,3162.211,72.047
2026-07-25 14:39:30.715,0 days 00:52:42.300000,31,467.4458411199997,0 days 00:01:12.136000,10811.03236189091,149.7749952,3,0.0,True,0,pos,3998.3117764035746,0.917036331759264,OnTrack,1043.0,-823.0,2376.0,3162.3,72.136
2026-07-25 14:39:30.915,0 days 00:52:42.500000,31,475.55695223111127,0 days 00:01:12.336000,11377.395998254546,144.7749952,3,0.0,True,0,pos,4006.159202092861,0.9188361850149125,OnTrack,1044.0,-905.0,2377.0,3162.5,72.336
2026-07-25 14:39:31.066,0 days 00:52:42.651000,31,481.6808333333338,0 days 00:01:12.487000,11805.0,141.0,2,0.0,True,0,car,4011.9072222222194,0.9201545272526073,OnTrack,1038.8286867816605,-965.9161801311973,2378.481575045814,3162.651,72.487
2026-07-25 14:39:31.115,0 days 00:52:42.700000,31,483.79056382222257,0 days 00:01:12.536000,11750.640412,139.7749952,2,0.4593768,True,0,pos,4013.7480962670957,0.9205767425463989,OnTrack,1036.0,-985.0,2379.0,3162.7,72.536
2026-07-25 14:39:31.335,0 days 00:52:42.920000,31,493.26278604444417,0 days 00:01:12.756000,11506.577912,134.2749952,2,2.5218768,True,0,pos,4021.8733864656538,0.9224403256621876,OnTrack,1017.0,-1067.0,2381.0,3162.92,72.756
2026-07-25 14:39:31.386,0 days 00:52:42.971000,31,495.4586111111107,0 days 00:01:12.807000,11450.0,133.0,2,3.0,False,0,car,4023.729444444442,0.9228660234805631,OnTrack,1011.528318181805,-1084.9975207633872,2381.2696153490856,3162.971,72.807
2026-07-25 14:39:31.555,0 days 00:52:43.140000,31,502.9697307555551,0 days 00:01:12.976000,11200.020549333334,130.18333013333333,2,8.633339733333333,False,0,pos,4029.809979152185,0.9242606298933074,OnTrack,990.0,-1142.0,2382.0,3163.14,72.976
2026-07-25 14:39:31.626,0 days 00:52:43.211000,31,506.1252777777772,0 days 00:01:13.047000,11095.0,129.0,2,11.0,False,0,car,4032.329444444442,0.9248384840824783,OnTrack,978.6542858020763,-1164.925049093404,2382.6194277822797,3163.211,73.047
2026-07-25 14:39:31.775,0 days 00:52:43.360000,31,512.9544532444439,0 days 00:01:13.196000,10921.7872768,127.50999808,2,9.1374976,False,0,pos,4037.545795286254,0.9260348848407621,OnTrack,951.0,-1211.0,2384.0,3163.36,73.196
2026-07-25 14:39:32.026,0 days 00:52:43.611000,31,524.4586111111107,0 days 00:01:13.447000,10630.0,125.0,2,6.0,False,0,car,4046.218333333331,0.9280239824705843,OnTrack,896.9441851287673,-1281.542720904754,2383.8711303405153,3163.611,73.447
2026-07-25 14:39:32.095,0 days 00:52:43.680000,31,527.6211199111106,0 days 00:01:13.516000,10757.6503552,125.0,2,22.3875456,False,0,pos,4048.6094776443624,0.9285724054876777,OnTrack,881.0,-1299.0,2384.0,3163.68,73.516
2026-07-25 14:39:32.186,0 days 00:52:43.771000,31,531.7919444444437,0 days 00:01:13.607000,10926.0,125.0,2,44.0,False,0,car,4051.7738888888866,0.9292981818258267,OnTrack,859.4085743110375,-1320.6361141438697,2384.53157193786,3163.771,73.607
2026-07-25 14:39:32.255,0 days 00:52:43.840000,31,534.9352865244439,0 days 00:01:13.676000,10995.2158176,125.4312512,2,46.5875072,False,0,pos,4054.1863338720314,0.9298514902774013,OnTrack,841.0,-1337.0,2385.0,3163.84,73.676
2026-07-25 14:39:32.506,0 days 00:52:44.091000,31,546.3697222222222,0 days 00:01:13.927000,11247.0,127.0,2,56.0,False,0,car,4063.062777777776,0.9318873549156793,OnTrack,752.5589268285877,-1398.982131125032,2385.9843841295783,3164.091,73.927
2026-07-25 14:39:32.515,0 days 00:52:44.100000,31,546.7722308088889,0 days 00:01:13.936000,11222.38447488,127.13500288,2,56.31500672,False,0,pos,4063.3842702052407,0.9319610910955616,OnTrack,749.0,-1401.0,2386.0,3164.1,73.936
2026-07-25 14:39:32.706,0 days 00:52:44.291000,31,555.3141666666675,0 days 00:01:14.127000,10700.0,130.0,2,63.0,False,0,car,4070.2849999999976,0.9335438140774943,OnTrack,668.945982798498,-1438.392327758556,2386.0198161592584,3164.291,74.127
2026-07-25 14:39:32.906,0 days 00:52:44.491000,31,563.9808333333335,0 days 00:01:14.327000,9813.0,135.0,3,63.0,False,0,car,4077.7849999999976,0.9352639832070715,OnTrack,591.7746439066665,-1465.2774831276386,2385.953139500387,3164.491,74.327
2026-07-25 14:39:32.935,0 days 00:52:44.520000,31,565.1972298843531,0 days 00:01:14.356000,9886.301969269718,135.728647805862,3,63.87437736703441,False,0,pos,4078.8944984038662,0.9355184531942248,OnTrack,583.0,-1468.0,2386.0,3164.52,74.356
2026-07-25 14:39:33.105,0 days 00:52:44.690000,31,572.3277777777794,0 days 00:01:14.526000,10316.0,140.0,3,69.0,False,0,car,4085.523888888886,0.9370389429089241,OnTrack,543.9131050518447,-1477.9826986222752,2386.565254099039,3164.69,74.526
2026-07-25 14:39:33.255,0 days 00:52:44.840000,31,578.3694496000011,0 days 00:01:14.676000,10800.6879136,145.6250048,3,70.8750016,False,0,pos,4091.6010721242224,0.938432780641752,OnTrack,506.0,-1484.0,2387.0,3164.84,74.676
2026-07-25 14:39:33.265,0 days 00:52:44.850000,31,578.7722222222233,0 days 00:01:14.686000,10833.0,146.0,3,71.0,False,0,car,4092.0127777777757,0.9385272077558473,OnTrack,502.7341843640963,-1484.4776306074737,2387.0126583742394,3164.85,74.686
2026-07-25 14:39:33.435,0 days 00:52:45.020000,31,585.3833383111123,0 days 00:01:14.856000,11105.607348114285,149.64285988571427,3,69.17857005714286,False,0,pos,4099.126418820243,0.9401587631852002,OnTrack,433.0,-1492.0,2387.0,3165.02,74.856
2026-07-25 14:39:33.545,0 days 00:52:45.130000,31,589.6611111111124,0 days 00:01:14.966000,11282.0,152.0,3,68.0,False,0,car,4103.834999999997,0.941238703983803,OnTrack,373.355308131917,-1491.5591458988622,2386.955184424873,3165.13,74.966
2026-07-25 14:39:33.715,0 days 00:52:45.300000,31,595.9888936533346,0 days 00:01:15.136000,11578.65022336,157.10000384,3,75.65000576,False,0,pos,4111.273189882626,0.942944696599274,OnTrack,278.0,-1484.0,2387.0,3165.3,75.136
2026-07-25 14:39:33.745,0 days 00:52:45.330000,31,597.1055555555567,0 days 00:01:15.166000,11631.0,158.0,3,77.0,False,0,car,4112.612777777776,0.9432519389650861,OnTrack,264.0983602869025,-1482.3070306504574,2387.04017762474,3165.33,75.166
2026-07-25 14:39:33.946,0 days 00:52:45.531000,31,604.1963888888886,0 days 00:01:15.367000,11913.0,165.0,3,84.0,False,0,car,4121.825277777776,0.9453648800459169,OnTrack,194.8094589832359,-1468.3709569916116,2387.5655935085265,3165.531,75.367
2026-07-25 14:39:34.146,0 days 00:52:45.731000,31,610.6408333333338,0 days 00:01:15.567000,12373.0,173.0,3,91.0,False,0,car,4131.4363888888865,0.9475692449304861,OnTrack,131.58776200491113,-1443.9199450655076,2387.9905674316096,3165.731,75.567
2026-07-25 14:39:34.175,0 days 00:52:45.760000,31,611.3094488711116,0 days 00:01:15.596000,12245.917015771429,174.13929325714287,3,91.31071634285715,False,0,pos,4132.87444548895,0.9478990716731548,OnTrack,120.0,-1439.0,2388.0,3165.76,75.596
2026-07-25 14:39:34.335,0 days 00:52:45.920000,31,614.9983377600004,0 days 00:01:15.756000,11544.774158628572,180.42500754285714,3,93.02500205714286,False,0,pos,4141.013440010049,0.9497657979559536,OnTrack,48.0,-1406.0,2388.0,3165.92,75.756
2026-07-25 14:39:34.426,0 days 00:52:46.011000,31,617.0963888888891,0 days 00:01:15.847000,11146.0,184.0,4,94.0,False,0,car,4145.747499999998,0.9508515824695905,OnTrack,7.5875477060509695,-1383.7136069474204,2388.3773352326766,3166.011,75.847
2026-07-25 14:39:34.554,0 days 00:52:46.139000,31,618.9452777777782,0 days 00:01:15.975000,11424.4,187.65714285714284,4,96.74285714285715,False,0,pos,4152.504758930579,0.95240139956465,OnTrack,-48.0,-1349.0,2389.0,3166.139,75.975
2026-07-25 14:39:34.706,0 days 00:52:46.291000,31,621.1408333333338,0 days 00:01:16.127000,11755.0,192.0,4,100.0,False,0,car,4160.680833333331,0.954276630336482,OnTrack,-115.00194829783322,-1303.837022611411,2389.0036444154066,3166.291,76.127
2026-07-25 14:39:34.715,0 days 00:52:46.300000,31,621.2233350933337,0 days 00:01:16.136000,11767.91527552,192.31500672,4,100.0,False,0,pos,4161.170221733881,0.9543888744456818,OnTrack,-119.0,-1301.0,2389.0,3166.3,76.136
2026-07-25 14:39:34.875,0 days 00:52:46.460000,31,622.6900017599995,0 days 00:01:16.296000,11997.51527552,197.91500672,4,100.0,False,0,pos,4169.988400242124,0.9564113755722127,OnTrack,-190.0,-1248.0,2389.0,3166.46,76.296
2026-07-25 14:39:34.906,0 days 00:52:46.491000,31,622.974166666666,0 days 00:01:16.327000,12042.0,199.0,4,100.0,False,0,car,4171.736388888887,0.9568122870534144,OnTrack,-203.42672148420482,-1237.5335782236468,2388.9946833976132,3166.491,76.327
2026-07-25 14:39:35.075,0 days 00:52:46.660000,31,623.3966671466662,0 days 00:01:16.496000,11815.258075733333,206.74584213333333,4,100.0,False,0,pos,4181.522611498239,0.9590568147904514,OnTrack,-278.0,-1177.0,2389.0,3166.66,76.496
2026-07-25 14:39:35.146,0 days 00:52:46.731000,31,623.5741666666663,0 days 00:01:16.567000,11720.0,210.0,4,100.0,False,0,car,4185.736388888887,0.9600232694286251,OnTrack,-313.9539950211392,-1146.6867777219754,2389.12625514075,3166.731,76.567
2026-07-25 14:39:35.415,0 days 00:52:47,31,622.1544434311104,0 days 00:01:16.836000,11211.781780114286,219.60714971428573,4,100.0,False,0,pos,4202.160509854911,0.9637902382107848,OnTrack,-459.0,-1021.0,2390.0,3167.0,76.836
2026-07-25 14:39:35.426,0 days 00:52:47.011000,31,622.0963888888882,0 days 00:01:16.847000,11191.0,220.0,5,100.0,False,0,car,4202.847499999998,0.9639478034427718,OnTrack,-464.03493502906747,-1016.6010043483285,2390.026324706771,3167.011,76.847
2026-07-25 14:39:35.746,0 days 00:52:47.331000,31,618.0074999999979,0 days 00:01:17.167000,11958.0,230.0,5,100.0,False,0,car,4223.291944444443,0.968636857070064,OnTrack,-585.2113848003207,-909.0546163805985,2390.1940046677,3167.331,77.167
2026-07-25 14:39:35.815,0 days 00:52:47.400000,31,616.7233297599983,0 days 00:01:17.236000,11660.436672,231.7250048,5,100.0,False,0,pos,4227.776687257266,0.9696654592221586,OnTrack,-618.0,-879.0,2390.0,3167.4,77.236
2026-07-25 14:39:35.986,0 days 00:52:47.571000,31,613.5408333333326,0 days 00:01:17.407000,10923.0,236.0,5,100.0,False,0,car,4239.025277777776,0.9722453896441102,OnTrack,-719.0978679984597,-785.3371727853705,2389.184887418293,3167.571,77.407
2026-07-25 14:39:36.035,0 days 00:52:47.620000,31,612.3702731911101,0 days 00:01:17.456000,10918.304148266667,237.63333973333334,5,100.0,False,0,pos,4242.301281334398,0.9729967603356418,OnTrack,-752.0,-755.0,2389.0,3167.62,77.456
2026-07-25 14:39:36.226,0 days 00:52:47.811000,31,607.8074999999981,0 days 00:01:17.647000,10900.0,244.0,6,100.0,False,0,car,4255.291944444443,0.97597624535626,OnTrack,-893.9948681520232,-625.4582885677667,2388.8039957433675,3167.811,77.647
2026-07-25 14:39:36.415,0 days 00:52:48,31,602.1374942399979,0 days 00:01:17.836000,11136.8408656,248.7250048,6,100.0,False,0,pos,4268.453874973361,0.9789950115671247,OnTrack,-1008.0,-522.0,2389.0,3168.0,77.836
2026-07-25 14:39:36.546,0 days 00:52:48.131000,31,598.2074999999977,0 days 00:01:17.967000,11301.0,252.0,6,100.0,False,0,car,4277.691944444443,0.9811138171565973,OnTrack,-1043.802401623666,-489.22356109674064,2389.1138824564914,3168.131,77.967
2026-07-25 14:39:36.746,0 days 00:52:48.331000,31,591.3741666666638,0 days 00:01:18.167000,11444.0,256.0,6,100.0,False,0,car,4291.914166666666,0.9843757675060179,OnTrack,-1097.7849323857279,-441.53400952020445,2389.0213520607113,3168.331,78.167
2026-07-25 14:39:36.755,0 days 00:52:48.340000,31,591.0291593066638,0 days 00:01:18.176000,11449.9626272,256.1500032,6,100.0,False,0,pos,4292.558594220993,0.9845235707573784,OnTrack,-1103.0,-437.0,2389.0,3168.34,78.176
2026-07-25 14:39:36.986,0 days 00:52:48.571000,31,582.174166666664,0 days 00:01:18.407000,11603.0,260.0,6,100.0,False,0,car,4309.247499999999,0.988351269494374,OnTrack,-1299.5463973076844,-267.1198453891056,2388.095555472955,3168.571,78.407
2026-07-25 14:39:37.015,0 days 00:52:48.600000,31,580.9658253333305,0 days 00:01:18.436000,11464.8865856,260.6041706666667,6,100.0,False,0,pos,4311.364795674063,0.9888368837152691,OnTrack,-1323.0,-247.0,2388.0,3168.6,78.436
2026-07-25 14:39:37.226,0 days 00:52:48.811000,31,572.174166666663,0 days 00:01:18.647000,10460.0,265.0,6,100.0,False,0,car,4326.914166666666,0.9924032234440449,OnTrack,-1450.9829128283882,-138.71320495080758,2387.66053142351,3168.811,78.647
2026-07-25 14:39:37.423,0 days 00:52:49.008000,31,572.174166666663,0 days 00:01:18.844000,10443.434074763636,267.6863662545455,6,100.0,False,0,interpolation,4341.629281956965,0.9957782217187842,OnTrack,-1502.761256062957,-98.08688218100824,2387.908282542484,3169.008,78.844
