Date,SessionTime,DriverAhead,DistanceToDriverAhead,Time,RPM,Speed,nGear,Throttle,Brake,DRS,Source,Distance,RelativeDistance,Status,X,Y,Z,SessionTime_seconds,Time_seconds
2026-07-25 14:51:44.982,0 days 01:04:56.567000,,546.0908333333332,0 days 00:00:00,11108.5251776,280.8250048,7,99.5734372,False,0,interpolation,1.1687438459864536,0.00026765240319734547,OnTrack,-1516.3942526565336,-87.13793218287844,2387.999999941796,3896.567,0.0
2026-07-25 14:51:45.349,0 days 01:04:56.934000,,546.0908333333332,0 days 00:00:00.367000,11448.0,290.0,7,99.0,False,0,car,30.77722222222222,0.007048248869762998,OnTrack,-1753.1720165706722,106.54783254330297,2387.999999944459,3896.934,0.367
2026-07-25 14:51:45.516,0 days 01:04:57.101000,,546.0908333333332,0 days 00:00:00.534000,11556.086152533333,291.3916672,7,99.46388906666667,False,0,pos,44.292714044921254,0.010143412860711083,OnTrack,-1849.0,185.0,2388.0,3897.101,0.534
2026-07-25 14:51:45.709,0 days 01:04:57.294000,27,546.0908333333332,0 days 00:00:00.727000,11681.0,293.0,7,100.0,False,0,car,60.07722222222222,0.013758201132282185,OnTrack,-1951.3355571249626,268.81702131862465,2388.0000000546593,3897.294,0.727
2026-07-25 14:51:45.756,0 days 01:04:57.341000,27,543.5188853866665,0 days 00:00:00.774000,11502.5955904,294.5666688,7,99.8041664,False,0,pos,63.97233099742024,0.014650214577295777,OnTrack,-1976.0,289.0,2388.0,3897.341,0.774
2026-07-25 14:51:45.949,0 days 01:04:57.534000,27,532.9575,0 days 00:00:00.967000,10770.0,301.0,7,99.0,False,0,car,80.14388888888888,0.018353640565770865,OnTrack,-2081.229601613429,375.012921966651,2387.9999994637674,3897.534,0.967
2026-07-25 14:51:46.056,0 days 01:04:57.641000,27,526.74555184,0 days 00:00:01.074000,10758.111104,302.486112,7,99.0,False,0,pos,89.1864796933495,0.020424471713464575,OnTrack,-2169.0,447.0,2388.0,3897.641,1.074
2026-07-25 14:51:46.236,0 days 01:04:57.821000,27,516.2955518399999,0 days 00:00:01.254000,10738.111104,304.986112,7,99.0,False,0,pos,104.50308453212618,0.023932106092033247,OnTrack,-2366.0,609.0,2388.0,3897.821,1.254
2026-07-25 14:51:46.309,0 days 01:04:57.894000,27,512.0574999999999,0 days 00:00:01.327000,10730.0,306.0,8,99.0,False,0,car,110.74388888888888,0.025361304020825034,OnTrack,-2422.2310712319218,655.3018110014739,2387.9999945315144,3897.894,1.327
2026-07-25 14:51:46.589,0 days 01:04:58.174000,27,495.25749999999994,0 days 00:00:01.607000,10891.0,310.0,8,99.0,False,0,car,134.855,0.030882956053311435,OnTrack,-2524.6801347212,739.99342912241,2387.9999896969102,3898.174,1.607
2026-07-25 14:51:46.616,0 days 01:04:58.201000,27,493.5849960355555,0 days 00:00:01.634000,10907.6821824,310.482144,8,99.0,False,0,pos,137.20090822548,0.031420189234377026,OnTrack,-2538.0,751.0,2388.0,3898.201,1.634
2026-07-25 14:51:46.869,0 days 01:04:58.454000,27,477.9130555555555,0 days 00:00:01.887000,11064.0,315.0,8,99.0,False,0,car,159.355,0.03649366698954762,OnTrack,-2708.081508511666,890.9897113410433,2388.0000142519934,3898.454,1.887
2026-07-25 14:51:46.876,0 days 01:04:58.461000,27,477.47360709333327,0 days 00:00:01.894000,11065.9250176,315.10500096,8,99.03500032,False,0,pos,159.97100985118186,0.03663473854909273,OnTrack,-2713.0,895.0,2388.0,3898.461,1.894
2026-07-25 14:51:47.056,0 days 01:04:58.641000,27,466.17360709333326,0 days 00:00:02.074000,11115.4250176,317.80500096,8,99.93500032,False,0,pos,175.86768845047806,0.04027521481304795,OnTrack,-2836.0,995.0,2388.0,3898.641,2.074
2026-07-25 14:51:47.069,0 days 01:04:58.654000,27,465.3574999999999,0 days 00:00:02.087000,11119.0,318.0,8,100.0,False,0,car,177.02166666666668,0.0405394857598948,OnTrack,-2844.8071287811877,1002.2523207103613,2388.000149528174,3898.654,2.087
2026-07-25 14:51:47.256,0 days 01:04:58.841000,27,453.6699959999999,0 days 00:00:02.274000,11209.828602514286,320.67142948571427,8,99.33214262857143,False,0,pos,193.71761765824593,0.044363002283132225,OnTrack,-2972.0,1108.0,2388.0,3898.841,2.274
2026-07-25 14:51:47.349,0 days 01:04:58.934000,27,447.85749999999996,0 days 00:00:02.367000,11255.0,322.0,8,99.0,False,0,car,202.0661111111111,0.04627487916138067,OnTrack,-3036.2707138525625,1160.4204870278224,2387.9901519235123,3898.934,2.367
2026-07-25 14:51:47.456,0 days 01:04:59.041000,27,441.37805167999994,0 days 00:00:02.474000,11280.5611264,322.8916672,8,99.0,False,0,pos,211.69660728407553,0.04848034570011668,OnTrack,-3111.0,1221.0,2388.0,3899.041,2.474
2026-07-25 14:51:47.696,0 days 01:04:59.281000,27,426.8447183466666,0 days 00:00:02.714000,11337.894459733334,324.8916672,8,99.0,False,0,pos,233.3881181997853,0.053447888455964,OnTrack,-3278.0,1358.0,2388.0,3899.281,2.714
2026-07-25 14:51:47.709,0 days 01:04:59.294000,27,426.0574999999999,0 days 00:00:02.727000,11341.0,325.0,8,99.0,False,0,car,234.56611111111107,0.05371765897475519,OnTrack,-3286.6373356223494,1365.0927061889347,2387.9666568536454,3899.294,2.727
2026-07-25 14:51:47.909,0 days 01:04:59.494000,27,414.16861111111103,0 days 00:00:02.927000,11405.0,327.0,8,100.0,False,0,car,252.73277777777776,0.05787798204992352,OnTrack,-3418.4176426916924,1473.21395266491,2386.7909250211233,3899.494,2.927
2026-07-25 14:51:47.976,0 days 01:04:59.561000,27,410.3533296888888,0 days 00:00:02.994000,11425.93752,327.4187504,8,100.0,False,0,pos,258.8423598324234,0.059277128941753424,OnTrack,-3474.0,1519.0,2386.0,3899.561,2.994
2026-07-25 14:51:48.216,0 days 01:04:59.801000,27,396.6866630222221,0 days 00:00:03.234000,11500.93752,328.9187504,8,100.0,False,0,pos,280.78936610301895,0.0643031823335932,OnTrack,-3710.0,1714.0,2382.0,3899.801,3.234
2026-07-25 14:51:48.229,0 days 01:04:59.814000,27,395.94638888888875,0 days 00:00:03.247000,11505.0,329.0,8,100.0,False,0,car,281.97722222222217,0.06457521161190702,OnTrack,-3719.759537980096,1722.046409890439,2381.825384568407,3899.814,3.247
2026-07-25 14:51:48.429,0 days 01:05:00.014000,27,385.0574999999999,0 days 00:00:03.447000,11560.0,329.0,8,99.0,False,0,car,300.25499999999994,0.0687609800881467,OnTrack,-3817.8999203956573,1802.371908423693,2379.8909016112566,3900.014,3.447
2026-07-25 14:51:48.495,0 days 01:05:00.080000,27,381.739160231111,0 days 00:00:03.513000,11559.633332622223,329.55000106666665,8,99.1833336888889,False,0,pos,306.3154477061411,0.07014887479113989,OnTrack,-3852.0,1830.0,2379.0,3900.08,3.513
2026-07-25 14:51:48.775,0 days 01:05:00.360000,27,367.66138245333326,0 days 00:00:03.793000,11558.077777066666,331.8833344,8,99.96111146666667,False,0,pos,332.1628277415509,0.07606814735594508,OnTrack,-4052.0,1991.0,2373.0,3900.36,3.793
2026-07-25 14:51:48.789,0 days 01:05:00.374000,27,366.9574999999999,0 days 00:00:03.807000,11558.0,332.0,8,100.0,False,0,car,333.4549999999999,0.07636406592827083,OnTrack,-4061.8540430080616,1998.8433683169435,2372.7001449555864,3900.374,3.807
2026-07-25 14:51:49.015,0 days 01:05:00.600000,27,356.5363848444698,0 days 00:00:04.033000,11570.590534134279,332.0,8,100.0,False,0,pos,354.29205779872825,0.08113593156379369,OnTrack,-4226.0,2128.0,2368.0,3900.6,4.033
2026-07-25 14:51:49.148,0 days 01:05:00.733000,27,350.403611111111,0 days 00:00:04.166000,11578.0,332.0,8,100.0,False,0,car,366.56277777777774,0.08394603208550573,OnTrack,-4365.615664508288,2237.275219920132,2364.6246648400347,3900.733,4.166
2026-07-25 14:51:49.215,0 days 01:05:00.800000,27,347.5747195199999,0 days 00:00:04.233000,11579.6750016,332.27916693333333,8,100.0,False,0,pos,372.752129884298,0.08536344700600651,OnTrack,-4429.0,2287.0,2363.0,3900.8,4.233
2026-07-25 14:51:49.388,0 days 01:05:00.973000,27,340.2702777777778,0 days 00:00:04.406000,11584.0,333.0,8,100.0,False,0,car,388.76277777777767,0.08903002321956463,OnTrack,-4529.444848854885,2366.5986354071874,2359.6107940670868,3900.973,4.406
2026-07-25 14:51:49.535,0 days 01:05:01.120000,27,334.67610867555555,0 days 00:00:04.553000,11591.8093784,333.0,8,100.0,False,0,pos,402.40989870104795,0.09215533140782299,OnTrack,-4603.0,2425.0,2357.0,3901.12,4.553
2026-07-25 14:51:49.695,0 days 01:05:01.280000,27,328.58721978666665,0 days 00:00:04.713000,11600.3093784,333.0,8,100.0,False,0,pos,417.1749441551147,0.09553665393856409,OnTrack,-4719.0,2516.0,2354.0,3901.28,4.713
2026-07-25 14:51:49.708,0 days 01:05:01.293000,27,328.0925,0 days 00:00:04.726000,11601.0,333.0,8,100.0,False,0,car,418.3627777777777,0.0958086780649765,OnTrack,-4728.747428286263,2523.6174026040403,2353.7812047291427,3901.293,4.726
2026-07-25 14:51:50.028,0 days 01:05:01.613000,27,317.7813888888889,0 days 00:00:05.046000,11256.0,324.0,8,99.0,False,0,car,447.1627777777777,0.10240412602267455,OnTrack,-4960.37517117431,2703.5725253044534,2348.703518468729,3901.613,5.046
2026-07-25 14:51:50.055,0 days 01:05:01.640000,27,316.9938870222222,0 days 00:00:05.073000,11245.762475733334,323.6624992,8,99.11250026666667,False,0,pos,449.57838194567853,0.10295732017461164,OnTrack,-4979.0,2718.0,2348.0,3901.64,5.073
2026-07-25 14:51:50.155,0 days 01:05:01.740000,27,314.0772203555556,0 days 00:00:05.173000,11207.845809066666,322.4124992,8,99.52916693333333,False,0,pos,458.5196428188039,0.10500494589561513,OnTrack,-5050.0,2773.0,2345.0,3901.74,5.173
2026-07-25 14:51:50.268,0 days 01:05:01.853000,27,310.78138888888896,0 days 00:00:05.286000,11165.0,321.0,8,100.0,False,0,car,468.5627777777776,0.1073049102690196,OnTrack,-5156.411556713141,2855.6097261750356,2342.004282059092,3901.853,5.286
2026-07-25 14:51:50.475,0 days 01:05:02.060000,27,306.2963867864114,0 days 00:00:05.493000,10793.329002825576,314.80548338042627,8,98.96758056340438,False,0,pos,486.69834667620086,0.11145811168751951,OnTrack,-5360.0,3014.0,2338.0,3902.06,5.493
2026-07-25 14:51:50.669,0 days 01:05:02.254000,27,302.0930555555555,0 days 00:00:05.687000,10445.0,309.0,8,98.0,True,0,car,502.98194444444437,0.11518719577239932,OnTrack,-5430.56169039247,3069.3449493503567,2335.7211079035656,3902.254,5.687
2026-07-25 14:51:50.815,0 days 01:05:02.400000,27,300.71416545777777,0 days 00:00:05.833000,9774.616078933333,288.9249824,8,40.81661653333333,True,0,pos,514.5253832935986,0.11783074265373496,OnTrack,-5472.0,3103.0,2334.0,3902.4,5.833
2026-07-25 14:51:50.909,0 days 01:05:02.494000,27,299.8263888888889,0 days 00:00:05.927000,9343.0,276.0,8,4.0,True,0,car,521.3819444444443,0.11940095418981751,OnTrack,-5518.11373799727,3140.562498456122,2332.551774516018,3902.494,5.927
2026-07-25 14:51:51.055,0 days 01:05:02.640000,27,301.32694576,0 days 00:00:06.073000,8950.421878044444,250.8555335111111,8,2.7833322666666667,True,0,pos,530.8578360008913,0.1215710149402806,OnTrack,-5608.0,3215.0,2330.0,3902.64,6.073
2026-07-25 14:51:51.269,0 days 01:05:02.854000,27,303.52638888888885,0 days 00:00:06.287000,8375.0,214.0,8,1.0,True,0,car,542.7819444444443,0.12430173843616257,OnTrack,-5736.5361982147315,3326.861597438956,2326.386658039348,3902.854,6.287
2026-07-25 14:51:51.295,0 days 01:05:02.880000,27,304.1908366044444,0 days 00:00:06.313000,8432.39528256,211.20498624,8,0.93499968,True,0,pos,544.1374988967815,0.12461217207658672,OnTrack,-5749.0,3338.0,2326.0,3902.88,6.313
2026-07-25 14:51:51.616,0 days 01:05:03.201000,27,312.3941683022222,0 days 00:00:06.634000,9141.00264128,176.69749312,8,0.13249983999999998,True,0,pos,559.4280065271028,0.12811382996973145,OnTrack,-5846.0,3431.0,2322.0,3903.201,6.634
2026-07-25 14:51:51.669,0 days 01:05:03.254000,27,313.74861111111113,0 days 00:00:06.687000,9258.0,171.0,8,0.0,True,0,car,561.7819444444443,0.12865290201936613,OnTrack,-5861.607457584398,3447.3871941305606,2321.2647468152554,3903.254,6.687
2026-07-25 14:51:51.829,0 days 01:05:03.414000,27,318.81527777777785,0 days 00:00:06.847000,9602.0,154.0,8,0.0,True,0,car,568.6263888888888,0.1302203387253623,OnTrack,-5912.2581704062,3502.418062602635,2318.8805310325256,3903.414,6.847
2026-07-25 14:51:51.896,0 days 01:05:03.481000,27,321.2719467911112,0 days 00:00:06.914000,9796.97018624,149.30999552,8,0.0,True,0,pos,571.3210726048729,0.13083744449658555,OnTrack,-5931.0,3524.0,2318.0,3903.481,6.914
2026-07-25 14:51:52.029,0 days 01:05:03.614000,27,326.1486111111112,0 days 00:00:07.047000,10184.0,140.0,8,0.0,True,0,car,576.4041666666665,0.13200151680035788,OnTrack,-5962.4206206846975,3563.4083634396297,2316.5309113804888,3903.614,7.047
2026-07-25 14:51:52.076,0 days 01:05:03.661000,27,328.04166924444456,0 days 00:00:07.094000,9975.08471552,137.6499968,8,0.0,True,0,pos,578.1453199997918,0.13240025590435095,OnTrack,-5974.0,3580.0,2316.0,3903.661,7.094
2026-07-25 14:51:52.229,0 days 01:05:03.814000,27,334.20416666666677,0 days 00:00:07.247000,9295.0,130.0,6,0.0,True,0,car,583.6263888888886,0.13365546786999666,OnTrack,-6017.385692012681,3649.911698466144,2314.0423286109485,3903.814,7.247
2026-07-25 14:51:52.316,0 days 01:05:03.901000,27,338.1675029155557,0 days 00:00:07.334000,9596.841888711111,127.34166471111111,6,0.0,True,0,pos,586.620628541286,0.134341174529728,OnTrack,-6037.0,3684.0,2313.0,3903.901,7.334
2026-07-25 14:51:52.576,0 days 01:05:04.161000,27,350.0119473600002,0 days 00:00:07.594000,10498.897444266666,119.39722026666666,6,0.0,True,0,pos,595.1143889546545,0.13628631879262826,OnTrack,-6058.0,3733.0,2311.0,3904.161,7.594
2026-07-25 14:51:52.589,0 days 01:05:04.174000,27,350.60416666666686,0 days 00:00:07.607000,10544.0,119.0,3,0.0,True,0,car,595.5263888888886,0.13638067032473994,OnTrack,-6058.861190921831,3735.8448168072396,2310.9602166734376,3904.174,7.607
2026-07-25 14:51:52.896,0 days 01:05:04.481000,27,365.7836142755558,0 days 00:00:07.914000,9702.6279496,110.3656232,3,0.0,True,0,pos,604.9218406819908,0.13853230967683947,OnTrack,-6082.0,3828.0,2310.0,3904.481,7.914
2026-07-25 14:51:52.909,0 days 01:05:04.494000,27,366.42638888888916,0 days 00:00:07.927000,9667.0,110.0,2,0.0,True,0,car,605.3041666666663,0.13861986561902012,OnTrack,-6082.526117717856,3831.749209286742,2309.8001780548943,3904.494,7.927
2026-07-25 14:51:52.956,0 days 01:05:04.541000,27,368.8416699555558,0 days 00:00:07.974000,9579.135991466666,108.8249984,2,0.13055573333333334,True,0,pos,606.675438688378,0.1389338987181537,OnTrack,-6084.0,3845.0,2309.0,3904.541,7.974
2026-07-25 14:51:53.269,0 days 01:05:04.854000,27,384.92638888888905,0 days 00:00:08.287000,8994.0,101.0,2,1.0,True,0,car,615.4041666666664,0.14093285257640728,OnTrack,-6080.111377017677,3932.351431368758,2306.3690296873765,3904.854,8.287
2026-07-25 14:51:53.336,0 days 01:05:04.921000,27,387.43889128888907,0 days 00:00:08.354000,8987.579160533332,100.02291573333333,2,1.9770842666666666,True,0,pos,617.1973733303834,0.14134351234126638,OnTrack,-6076.0,3950.0,2306.0,3904.921,8.354
2026-07-25 14:51:53.496,0 days 01:05:05.081000,27,393.4388912888891,0 days 00:00:08.514000,8972.2458272,97.6895824,2,4.3104176,True,0,pos,621.3782930024712,0.14230097894239732,OnTrack,-6061.0,3990.0,2305.0,3905.081,8.514
2026-07-25 14:51:53.736,0 days 01:05:05.321000,27,402.4388912888892,0 days 00:00:08.754000,8949.2458272,94.1895824,2,7.8104176,True,0,pos,627.5962249904721,0.14372493890181975,OnTrack,-6025.0,4043.0,2303.0,3905.321,8.754
2026-07-25 14:51:53.749,0 days 01:05:05.334000,27,402.92638888888916,0 days 00:00:08.767000,8948.0,94.0,2,8.0,False,0,car,627.9374999999997,0.14380309381725734,OnTrack,-6023.124977643201,4045.357885142663,2302.918426667954,3905.334,8.767
2026-07-25 14:51:53.936,0 days 01:05:05.521000,27,408.32861296000016,0 days 00:00:08.954000,9071.553613714286,95.33571474285715,2,26.7000064,False,0,pos,632.8983263380328,0.1449391657596072,OnTrack,-5987.0,4079.0,2302.0,3905.521,8.954
2026-07-25 14:51:54.029,0 days 01:05:05.614000,27,411.0152777777779,0 days 00:00:09.047000,9133.0,96.0,2,36.0,False,0,car,635.4041666666664,0.14551302476925315,OnTrack,-5944.455161772202,4105.400115854539,2301.3417974395843,3905.614,9.047
2026-07-25 14:51:54.076,0 days 01:05:05.661000,27,412.1511126577779,0 days 00:00:09.094000,9223.4751232,96.70500096,2,37.41000192,False,0,pos,636.6807906094455,0.14580538264342505,OnTrack,-5922.0,4118.0,2301.0,3905.661,9.094
2026-07-25 14:51:54.229,0 days 01:05:05.814000,27,415.84861111111115,0 days 00:00:09.247000,9518.0,99.0,2,42.0,False,0,car,640.9041666666664,0.14677257212228575,OnTrack,-5863.149323281976,4144.456363007072,2300.0357241360084,3905.814,9.247
2026-07-25 14:51:54.469,0 days 01:05:06.054000,27,420.5152777777779,0 days 00:00:09.487000,10240.0,104.0,2,51.0,False,0,car,647.8374999999997,0.148360365149139,OnTrack,-5808.064679619306,4152.328176981109,2299.087818263899,3906.054,9.487
2026-07-25 14:51:54.556,0 days 01:05:06.141000,27,421.8202787377779,0 days 00:00:09.574000,10357.9938368,106.1750016,2,51.5437504,False,0,pos,650.4230679446559,0.14895248246928042,OnTrack,-5794.0,4154.0,2299.0,3906.141,9.574
2026-07-25 14:51:54.629,0 days 01:05:06.214000,27,422.915277777778,0 days 00:00:09.647000,10457.0,108.0,2,52.0,False,0,car,652.6374999999997,0.149459606475422,OnTrack,-5784.300575578087,4155.4590620181425,2299.0364978728926,3906.214,9.647
2026-07-25 14:51:54.816,0 days 01:05:06.401000,27,424.9930562666668,0 days 00:00:09.834000,10801.08011776,113.61000192,2,58.54500224,False,0,pos,658.5493572054243,0.15081347267444004,OnTrack,-5751.0,4159.0,2299.0,3906.401,9.834
2026-07-25 14:51:54.829,0 days 01:05:06.414000,27,425.13750000000016,0 days 00:00:09.847000,10825.0,114.0,2,59.0,False,0,car,658.970833333333,0.15090999433648983,OnTrack,-5746.736090281874,4159.198153050397,2298.939295349485,3906.414,9.847
2026-07-25 14:51:55.109,0 days 01:05:06.694000,27,426.6152777777777,0 days 00:00:10.127000,11793.0,122.0,2,74.0,False,0,car,668.4597222222219,0.1530830315879845,OnTrack,-5604.508781421785,4161.796866510852,2295.9338119183362,3906.694,10.127
2026-07-25 14:51:55.195,0 days 01:05:06.780000,27,426.54361100444436,0 days 00:00:10.213000,11584.808023466667,127.375008,2,76.86667093333334,False,0,pos,671.6356241308531,0.15381034046844044,OnTrack,-5572.0,4162.0,2295.0,3906.78,10.213
2026-07-25 14:51:55.349,0 days 01:05:06.934000,27,426.41527777777776,0 days 00:00:10.367000,11212.0,137.0,2,82.0,False,0,car,677.5930555555552,0.15517464355605076,OnTrack,-5545.263474778003,4161.660172653545,2293.715303242796,3906.934,10.367
2026-07-25 14:51:55.455,0 days 01:05:07.040000,27,425.79694369777775,0 days 00:00:10.473000,11247.7750432,140.9750048,2,83.7666688,False,0,pos,681.8089253489989,0.1561401140358802,OnTrack,-5526.0,4160.0,2293.0,3907.04,10.473
2026-07-25 14:51:55.589,0 days 01:05:07.174000,27,425.0152777777778,0 days 00:00:10.607000,11293.0,146.0,3,86.0,False,0,car,687.3263888888885,0.1574036606899024,OnTrack,-5479.333033575888,4155.447282150511,2292.187856710744,3907.174,10.607
2026-07-25 14:51:55.755,0 days 01:05:07.340000,27,423.3091658998105,0 days 00:00:10.773000,12138.84962642022,156.01005475053515,3,96.01005475053516,False,0,pos,694.5655780594108,0.15906149733678124,OnTrack,-5403.0,4147.0,2291.0,3907.34,10.773
2026-07-25 14:51:55.788,0 days 01:05:07.373000,27,422.97000000000014,0 days 00:00:10.806000,12307.0,158.0,3,98.0,False,0,car,696.0602777777773,0.1594037964411171,OnTrack,-5387.912096565855,4145.107120165103,2290.6887221927796,3907.373,10.806
2026-07-25 14:51:55.935,0 days 01:05:07.520000,27,421.0099991466668,0 days 00:00:10.953000,11406.624608,168.1062544,3,99.8375008,False,0,pos,702.9451331528534,0.1609804875981515,OnTrack,-5322.0,4136.0,2289.0,3907.52,10.953
2026-07-25 14:51:55.948,0 days 01:05:07.533000,27,420.8366666666668,0 days 00:00:10.966000,11327.0,169.0,3,100.0,False,0,car,703.5713888888884,0.16112390555354142,OnTrack,-5316.387595370597,4135.166717043242,2288.827421113462,3907.533,10.966
2026-07-25 14:51:56.135,0 days 01:05:07.720000,27,417.25249877333357,0 days 00:00:11.153000,11374.9187664,177.1812528,3,100.0,False,0,pos,712.8881162675691,0.1632575163369494,OnTrack,-5228.0,4120.0,2286.0,3907.72,11.153
2026-07-25 14:51:56.268,0 days 01:05:07.853000,27,414.7033333333336,0 days 00:00:11.286000,11409.0,183.0,4,100.0,False,0,car,719.838055555555,0.1648491122703894,OnTrack,-5125.575067952173,4098.44561145865,2283.7799939800034,3907.853,11.286
2026-07-25 14:51:56.375,0 days 01:05:07.960000,27,412.1472206933335,0 days 00:00:11.393000,11265.314199771428,188.3500032,4,100.0,False,0,pos,725.6119473398213,0.16617138320012928,OnTrack,-5037.0,4078.0,2282.0,3907.96,11.393
2026-07-25 14:51:56.548,0 days 01:05:08.133000,27,408.0144444444445,0 days 00:00:11.566000,11033.0,197.0,4,100.0,False,0,car,735.1602777777773,0.16835803307813077,OnTrack,-4915.901400428355,4045.799548849636,2279.304034129961,3908.133,11.566
2026-07-25 14:51:56.708,0 days 01:05:08.293000,27,403.92555555555555,0 days 00:00:11.726000,10690.0,201.0,5,100.0,False,0,car,744.0936111111107,0.1704038433242686,OnTrack,-4828.84875544365,4018.4962401645075,2277.1204139258657,3908.293,11.726
2026-07-25 14:51:56.815,0 days 01:05:08.400000,27,400.89388707555554,0 days 00:00:11.833000,10944.7939024,206.3500032,5,100.0,False,0,pos,750.3608879658302,0.17183910368301125,OnTrack,-4785.0,4004.0,2276.0,3908.4,11.833
2026-07-25 14:51:57.028,0 days 01:05:08.613000,27,394.85888888888894,0 days 00:00:12.046000,11452.0,217.0,5,100.0,False,0,car,763.3824999999995,0.1748211649502577,OnTrack,-4723.733143503124,3981.716636536442,2274.4252962557357,3908.613,12.046
2026-07-25 14:51:57.075,0 days 01:05:08.660000,27,393.501108952977,0 days 00:00:12.093000,11387.43761980074,218.17082036630785,5,100.0,False,0,pos,766.2791529421868,0.17548452341316428,OnTrack,-4706.0,3975.0,2274.0,3908.66,12.093
2026-07-25 14:51:57.309,0 days 01:05:08.894000,27,386.7411111111112,0 days 00:00:12.327000,11066.0,224.0,5,100.0,False,0,car,780.866944444444,0.17882525326284787,OnTrack,-4574.116513291603,3922.8001425610128,2271.08269207197,3908.894,12.327
2026-07-25 14:51:57.315,0 days 01:05:08.900000,27,386.5611072711112,0 days 00:00:12.333000,11058.306978742858,224.2142902857143,5,100.0,False,0,pos,781.2476572356956,0.17891243976984542,OnTrack,-4570.0,3921.0,2271.0,3908.9,12.333
2026-07-25 14:51:57.589,0 days 01:05:09.174000,27,378.3411111111112,0 days 00:00:12.607000,10707.0,234.0,6,100.0,False,0,car,799.066944444444,0.18299320995833757,OnTrack,-4365.272270986312,3822.156584274259,2267.3765038694173,3909.174,12.607
2026-07-25 14:51:57.635,0 days 01:05:09.220000,27,376.88444039111124,0 days 00:00:12.653000,10755.4918016,236.1083392,6,100.0,False,0,pos,802.1551237824839,0.18370042961486813,OnTrack,-4338.0,3808.0,2267.0,3909.22,12.653
2026-07-25 14:51:57.829,0 days 01:05:09.414000,27,370.7411111111112,0 days 00:00:12.847000,10960.0,245.0,6,100.0,False,0,car,815.4002777777773,0.18673368391582837,OnTrack,-4258.847470911079,3763.298522444728,2266.3696728246123,3909.414,12.847
2026-07-25 14:51:57.915,0 days 01:05:09.500000,27,368.11332942222236,0 days 00:00:12.933000,11090.0751936,246.0750016,6,100.0,False,0,pos,821.2872275622658,0.18808184610100806,OnTrack,-4222.0,3740.0,2266.0,3909.5,12.933
2026-07-25 14:51:57.989,0 days 01:05:09.574000,27,365.8522222222224,0 days 00:00:13.007000,11202.0,247.0,6,100.0,False,0,car,826.3780555555551,0.1892476895416793,OnTrack,-4183.180020961665,3714.7810913687267,2265.45737533832,3909.574,13.007
2026-07-25 14:51:58.136,0 days 01:05:09.721000,27,361.3605536000002,0 days 00:00:13.154000,11369.2125728,250.6750016,6,100.0,False,0,pos,836.6202745989955,0.19159324588446944,OnTrack,-4095.0,3656.0,2264.0,3909.721,13.154
2026-07-25 14:51:58.149,0 days 01:05:09.734000,27,360.9633333333335,0 days 00:00:13.167000,11384.0,251.0,6,100.0,False,0,car,837.5336111111106,0.19180240780924446,OnTrack,-4087.310827964873,3650.7779496734497,2263.8696984658145,3909.734,13.167
2026-07-25 14:51:58.356,0 days 01:05:09.941000,27,354.9833314844444,0 days 00:00:13.374000,11555.637553066666,255.31250133333333,6,100.0,False,0,pos,852.2319667827142,0.19516845780562628,OnTrack,-3968.0,3567.0,2262.0,3909.941,13.374
2026-07-25 14:51:58.389,0 days 01:05:09.974000,27,354.03,0 days 00:00:13.407000,11583.0,256.0,6,100.0,False,0,car,854.6002777777774,0.19571082141380627,OnTrack,-3949.1491276847937,3553.0823874665966,2261.8040101498887,3909.974,13.407
2026-07-25 14:51:58.556,0 days 01:05:10.141000,27,349.39110933333325,0 days 00:00:13.574000,11441.0499456,260.1750016,6,100.0,False,0,pos,866.6891656167794,0.1984792808099377,OnTrack,-3854.0,3480.0,2261.0,3910.141,13.574
2026-07-25 14:51:58.589,0 days 01:05:10.174000,27,348.4744444444443,0 days 00:00:13.607000,11413.0,261.0,6,100.0,False,0,car,869.1002777777774,0.19903144625361952,OnTrack,-3835.277173166823,3465.177559123179,2260.7511859633105,3910.174,13.607
2026-07-25 14:51:58.776,0 days 01:05:10.361000,27,343.64360945777764,0 days 00:00:13.794000,10873.0373152,264.5062512,6,100.0,False,0,pos,882.9068727607769,0.2021932753745705,OnTrack,-3729.0,3379.0,2259.0,3910.361,13.794
2026-07-25 14:51:58.909,0 days 01:05:10.494000,27,340.20777777777766,0 days 00:00:13.927000,10489.0,267.0,7,100.0,False,0,car,892.8336111111107,0.20446658392246328,OnTrack,-3652.153319695183,3315.75522528293,2258.238037572702,3910.494,13.927
2026-07-25 14:51:58.956,0 days 01:05:10.541000,27,339.084998471111,0 days 00:00:13.974000,10536.5875648,267.7833344,7,100.0,False,0,pos,896.3564884517551,0.20527335316418457,OnTrack,-3626.0,3294.0,2258.0,3910.541,13.974
2026-07-25 14:51:59.149,0 days 01:05:10.734000,27,334.47444444444443,0 days 00:00:14.167000,10732.0,271.0,7,100.0,False,0,car,910.9002777777774,0.20860400613666738,OnTrack,-3526.8206656245825,3209.864046677933,2256.9100170614843,3910.734,14.167
2026-07-25 14:51:59.276,0 days 01:05:10.861000,27,331.8286097777778,0 days 00:00:14.294000,10776.979189333333,272.5875008,7,100.0,False,0,pos,920.5315334935597,0.21080964661724808,OnTrack,-3444.0,3138.0,2256.0,3910.861,14.294
2026-07-25 14:51:59.389,0 days 01:05:10.974000,27,329.47444444444443,0 days 00:00:14.407000,10817.0,274.0,7,100.0,False,0,car,929.1669444444441,0.21278723007279995,OnTrack,-3346.4226472161613,3052.6982701151924,2255.015413180855,3910.974,14.407
2026-07-25 14:51:59.496,0 days 01:05:11.081000,27,327.3344431644445,0 days 00:00:14.514000,10873.939319771429,275.91071542857145,7,99.61785691428571,False,0,pos,937.4211792385413,0.2146775209066572,OnTrack,-3260.0,2977.0,2254.0,3911.081,14.514
2026-07-25 14:51:59.669,0 days 01:05:11.254000,27,323.87444444444463,0 days 00:00:14.687000,10966.0,279.0,7,99.0,False,0,car,950.866944444444,0.21775671690203768,OnTrack,-3184.3720359010117,2910.862526708546,2252.322316086072,3911.254,14.687
2026-07-25 14:51:59.816,0 days 01:05:11.401000,27,321.3019433244446,0 days 00:00:14.834000,10852.599950628572,279.5250002285714,7,99.0,False,0,pos,962.3076598938812,0.22037673924042642,OnTrack,-3132.0,2865.0,2251.0,3911.401,14.834
2026-07-25 14:51:59.949,0 days 01:05:11.534000,27,318.97444444444454,0 days 00:00:14.967000,10750.0,280.0,7,99.0,False,0,car,972.6447222222218,0.2227440155120254,OnTrack,-3059.5096935722913,2801.327370426248,2249.9800299482754,3911.534,14.967
2026-07-25 14:52:00.096,0 days 01:05:11.681000,27,316.9327768888889,0 days 00:00:15.114000,10751.050000457142,278.42499931428574,7,99.0,False,0,pos,984.029677658549,0.22535126832733818,OnTrack,-2968.0,2721.0,2249.0,3911.681,15.114
2026-07-25 14:52:00.229,0 days 01:05:11.814000,27,315.0855555555555,0 days 00:00:15.247000,10752.0,277.0,7,99.0,False,0,car,994.1891666666662,0.22767787877976325,OnTrack,-2890.6031931756875,2653.4402608953,2248.178773895763,3911.814,15.247
2026-07-25 14:52:00.256,0 days 01:05:11.841000,27,314.8455549866666,0 days 00:00:15.274000,10677.9426816,275.6499968,7,89.9356928,False,0,pos,996.2241733021576,0.22814391281997,OnTrack,-2875.0,2640.0,2248.0,3911.841,15.274
2026-07-25 14:52:00.509,0 days 01:05:12.094000,27,312.5966666666667,0 days 00:00:15.527000,9984.0,263.0,7,5.0,True,0,car,1014.6447222222217,0.2323623771170017,OnTrack,-2728.8856534533293,2518.132545401142,2246.055401544431,3912.094,15.527
2026-07-25 14:52:00.516,0 days 01:05:12.101000,27,312.59472220444445,0 days 00:00:15.534000,9957.2247552,262.05499136,7,4.89499904,True,0,pos,1015.1280035452462,0.23247305270085364,OnTrack,-2725.0,2515.0,2246.0,3912.101,15.534
2026-07-25 14:52:00.709,0 days 01:05:12.294000,27,312.5411111111109,0 days 00:00:15.727000,9219.0,236.0,7,2.0,True,0,car,1027.755833333333,0.2353649344434229,OnTrack,-2622.665452025452,2434.900101713155,2244.4443300077432,3912.294,15.727
2026-07-25 14:52:00.756,0 days 01:05:12.341000,27,313.1286119111109,0 days 00:00:15.774000,9289.761207466667,230.9083264,7,1.8694442666666666,True,0,pos,1030.588900794415,0.23601373128370812,OnTrack,-2599.0,2417.0,2244.0,3912.341,15.774
2026-07-25 14:52:00.936,0 days 01:05:12.521000,27,315.3786119111109,0 days 00:00:15.954000,9560.761207466667,211.4083264,7,1.3694442666666666,True,0,pos,1040.552325613833,0.23829544134887853,OnTrack,-2512.0,2354.0,2242.0,3912.521,15.954
2026-07-25 14:52:01.069,0 days 01:05:12.654000,27,317.0411111111109,0 days 00:00:16.087000,9761.0,197.0,6,1.0,True,0,car,1047.455833333333,0.23987640405337607,OnTrack,-2449.4537089542177,2313.650907796874,2240.373811259022,3912.654,16.087
2026-07-25 14:52:01.096,0 days 01:05:12.681000,27,317.5961124266665,0 days 00:00:16.114000,9823.437648,195.312496,6,1.0843752,True,0,pos,1048.8326754421153,0.24019171275040527,OnTrack,-2437.0,2306.0,2240.0,3912.681,16.114
2026-07-25 14:52:01.296,0 days 01:05:12.881000,27,321.70722353777757,0 days 00:00:16.314000,10285.937648,182.812496,6,1.7093752,True,0,pos,1058.763864998379,0.2424660406627793,OnTrack,-2348.0,2255.0,2237.0,3912.881,16.314
2026-07-25 14:52:01.389,0 days 01:05:12.974000,27,323.6188888888887,0 days 00:00:16.407000,10501.0,177.0,6,2.0,True,0,car,1063.1891666666663,0.2434794728450815,OnTrack,-2308.7898460165866,2235.6643367524885,2236.11520333552,3912.974,16.407
2026-07-25 14:52:01.495,0 days 01:05:13.080000,27,326.2100031288888,0 days 00:00:16.513000,10383.7373584,169.0499904,6,2.0,True,0,pos,1068.0745760335533,0.24459827365172576,OnTrack,-2261.0,2216.0,2235.0,3913.08,16.513
2026-07-25 14:52:01.549,0 days 01:05:13.134000,27,327.53,0 days 00:00:16.567000,10324.0,165.0,4,2.0,True,0,car,1070.5224999999996,0.24515886931579162,OnTrack,-2233.1584206497455,2206.389141584124,2234.0920556170972,3913.134,16.567
2026-07-25 14:52:01.709,0 days 01:05:13.294000,27,331.93000000000006,0 days 00:00:16.727000,11284.0,160.0,4,2.0,True,0,car,1077.6336111111107,0.24678737498435904,OnTrack,-2141.980145132306,2180.413611367603,2230.4061736203266,3913.294,16.727
2026-07-25 14:52:01.795,0 days 01:05:13.380000,27,334.7488930844445,0 days 00:00:16.813000,10980.8495488,156.00713691428572,4,2.0,True,0,pos,1081.2799317275646,0.24762241379904318,OnTrack,-2105.0,2171.0,2229.0,3913.38,16.813
2026-07-25 14:52:01.989,0 days 01:05:13.574000,27,341.10777777777776,0 days 00:00:17.007000,10297.0,147.0,3,2.0,True,0,car,1089.066944444444,0.2494057067546026,OnTrack,-2060.3697284218,2164.1134570606905,2227.9201338714265,3913.574,17.007
2026-07-25 14:52:02.055,0 days 01:05:13.640000,27,343.56444920888885,0 days 00:00:17.073000,10123.199662933333,143.97499413333333,3,2.2750005333333334,True,0,pos,1091.6132036701083,0.24998882203966077,OnTrack,-2037.0,2166.0,2227.0,3913.64,17.073
2026-07-25 14:52:02.229,0 days 01:05:13.814000,27,350.0411111111109,0 days 00:00:17.247000,9665.0,136.0,3,3.0,True,0,car,1098.1336111111107,0.25148205148202607,OnTrack,-1933.4206524332178,2179.991285874799,2221.8873087368706,3913.814,17.247
2026-07-25 14:52:02.295,0 days 01:05:13.880000,27,352.77278258857217,0 days 00:00:17.313000,9596.977596081988,134.89693399051873,3,2.448466995259366,True,0,pos,1100.565728268064,0.2520390272506271,OnTrack,-1898.0,2186.0,2220.0,3913.88,17.313
2026-07-25 14:52:02.588,0 days 01:05:14.173000,27,364.8997222222222,0 days 00:00:17.606000,9295.0,130.0,3,0.0,False,0,car,1111.0974999999996,0.25445089365202767,OnTrack,-1832.6000763766979,2209.1145940843094,2215.595105326942,3914.173,17.606
2026-07-25 14:52:02.695,0 days 01:05:14.280000,27,369.53639166222223,0 days 00:00:17.713000,9095.7123808,126.656248,3,0.0,False,0,pos,1114.823381143482,0.2553041525123891,OnTrack,-1814.0,2223.0,2214.0,3914.28,17.713
2026-07-25 14:52:02.748,0 days 01:05:14.333000,27,371.8330555555556,0 days 00:00:17.766000,8997.0,125.0,3,0.0,False,0,car,1116.653055555555,0.25572316370559595,OnTrack,-1802.0696564901355,2231.765021349951,2213.0245078779367,3914.333,17.766
2026-07-25 14:52:02.948,0 days 01:05:14.533000,27,380.83305555555535,0 days 00:00:17.966000,8882.0,123.0,3,0.0,False,0,car,1123.4863888888885,0.257288055871485,OnTrack,-1745.3662445343402,2274.7719708330396,2208.155296428793,3914.533,17.966
2026-07-25 14:52:03.015,0 days 01:05:14.600000,27,384.0155585955554,0 days 00:00:18.033000,8848.7093432,122.3718744,3,0.41875039999999997,False,0,pos,1125.742155937641,0.2578046459469967,OnTrack,-1728.0,2291.0,2206.0,3914.6,18.033
2026-07-25 14:52:03.155,0 days 01:05:14.740000,27,390.66555859555535,0 days 00:00:18.173000,8779.1468432,121.0593744,3,1.2937504,False,0,pos,1130.4022904633816,0.2588718568754827,OnTrack,-1697.0,2327.0,2201.0,3914.74,18.173
2026-07-25 14:52:03.268,0 days 01:05:14.853000,27,396.0330555555554,0 days 00:00:18.286000,8723.0,120.0,3,2.0,False,0,car,1134.1530555555553,0.25973081437433615,OnTrack,-1674.7433698680647,2358.5092563376347,2198.1372193017414,3914.853,18.286
2026-07-25 14:52:03.475,0 days 01:05:15.060000,27,406.0380586488887,0 days 00:00:18.493000,8905.603627885714,120.0,3,29.353579885714286,False,0,pos,1141.039392005317,0.2613078447102251,OnTrack,-1641.0,2418.0,2195.0,3915.06,18.493
2026-07-25 14:52:03.548,0 days 01:05:15.133000,27,409.5663888888887,0 days 00:00:18.566000,8970.0,120.0,3,39.0,False,0,car,1143.4863888888885,0.26186822806433085,OnTrack,-1632.0756351354078,2437.646204133981,2193.9097216277446,3915.133,18.566
2026-07-25 14:52:03.635,0 days 01:05:15.220000,27,413.7955586666665,0 days 00:00:18.653000,9117.3563584,121.0875008,3,43.3500032,False,0,pos,1146.4206668076627,0.2625402029708134,OnTrack,-1622.0,2468.0,2192.0,3915.22,18.653
2026-07-25 14:52:03.708,0 days 01:05:15.293000,27,417.3441666666665,0 days 00:00:18.726000,9241.0,122.0,3,47.0,False,0,car,1148.9086111111108,0.2631099636366135,OnTrack,-1612.5441932784636,2507.062394357694,2189.304919065513,3915.293,18.726
2026-07-25 14:52:03.815,0 days 01:05:15.400000,27,422.48611535778656,0 days 00:00:18.833000,9346.476955439592,123.90391616316951,3,47.0,False,0,pos,1152.6131577753702,0.2639583367175505,OnTrack,-1600.0,2569.0,2185.0,3915.4,18.833
2026-07-25 14:52:03.989,0 days 01:05:15.574000,27,430.84777777777776,0 days 00:00:19.007000,9518.0,127.0,3,47.0,False,0,car,1158.8216666666665,0.26538013870669813,OnTrack,-1593.2022029015388,2620.3209780093466,2182.0987988822358,3915.574,19.007
2026-07-25 14:52:04.175,0 days 01:05:15.760000,27,439.4244503466666,0 days 00:00:19.193000,9881.733583644444,132.16667022222222,3,54.23333831111111,False,0,pos,1165.7842245628653,0.26697462441006065,OnTrack,-1597.0,2655.0,2180.0,3915.76,19.193
2026-07-25 14:52:04.349,0 days 01:05:15.934000,27,447.4477777777777,0 days 00:00:19.367000,10222.0,137.0,3,61.0,False,0,car,1172.5216666666665,0.26851755665879756,OnTrack,-1603.1771049453755,2716.9748720539274,2174.318127161487,3915.934,19.367
2026-07-25 14:52:04.475,0 days 01:05:16.060000,27,453.0477834666666,0 days 00:00:19.493000,10628.98041344,140.78000384,3,67.93000704,False,0,pos,1177.4905280522228,0.26965546869620904,OnTrack,-1611.0,2768.0,2170.0,3916.06,19.493
2026-07-25 14:52:04.549,0 days 01:05:16.134000,27,456.3366666666666,0 days 00:00:19.567000,10868.0,143.0,3,72.0,False,0,car,1180.4661111111109,0.2703369028354002,OnTrack,-1617.4399030631232,2796.844513389139,2168.000234694738,3916.134,19.567
2026-07-25 14:52:04.656,0 days 01:05:16.241000,27,460.94361386666657,0 days 00:00:19.674000,11143.5251648,146.74500224,3,75.21000192,False,0,pos,1184.8634730672336,0.2713439365830658,OnTrack,-1629.0,2838.0,2165.0,3916.241,19.674
2026-07-25 14:52:04.749,0 days 01:05:16.334000,27,464.9477777777777,0 days 00:00:19.767000,11383.0,150.0,3,78.0,False,0,car,1188.7994444444441,0.27224530791575263,OnTrack,-1640.9931817878444,2874.415227568827,2161.2492228931815,3916.334,19.767
2026-07-25 14:52:04.876,0 days 01:05:16.461000,27,469.99250254222216,0 days 00:00:19.894000,11618.7438688,155.1593776,3,80.7781264,False,0,pos,1194.375906294456,0.2735223656907471,OnTrack,-1660.0,2925.0,2156.0,3916.461,19.894
2026-07-25 14:52:05.036,0 days 01:05:16.621000,27,476.34805809777777,0 days 00:00:20.054000,11915.7438688,161.6593776,3,84.2781264,False,0,pos,1201.7278571576662,0.2752060257360893,OnTrack,-1688.0,2990.0,2152.0,3916.621,20.054
2026-07-25 14:52:05.069,0 days 01:05:16.654000,27,477.6588888888889,0 days 00:00:20.087000,11977.0,163.0,3,85.0,False,0,car,1203.288333333333,0.2755633882154587,OnTrack,-1694.557940052267,3003.702528922501,2151.137645515007,3916.654,20.087
2026-07-25 14:52:05.176,0 days 01:05:16.761000,27,481.2552799288889,0 days 00:00:20.194000,11852.247652654545,167.37727534545454,3,88.64772945454546,False,0,pos,1208.4517338556604,0.27674585139010316,OnTrack,-1717.0,3048.0,2148.0,3916.761,20.194
2026-07-25 14:52:05.396,0 days 01:05:16.981000,27,488.6497243733334,0 days 00:00:20.414000,11595.747652654545,176.37727534545454,3,96.14772945454546,False,0,pos,1219.536473575195,0.2792843522215204,OnTrack,-1767.0,3140.0,2140.0,3916.981,20.414
2026-07-25 14:52:05.509,0 days 01:05:17.094000,27,492.4477777777779,0 days 00:00:20.527000,11464.0,181.0,4,100.0,False,0,car,1225.4105555555552,0.28062956756876767,OnTrack,-1806.6997897640467,3208.411529315706,2134.326703812127,3917.094,20.527
2026-07-25 14:52:05.716,0 days 01:05:17.301000,27,497.45027932444475,0 days 00:00:20.734000,11963.018011428572,190.61071725714285,4,100.0,False,0,pos,1236.4718067491576,0.28316268932551875,OnTrack,-1883.0,3338.0,2124.0,3917.301,20.734
2026-07-25 14:52:05.789,0 days 01:05:17.374000,27,499.2144444444448,0 days 00:00:20.807000,12139.0,194.0,4,100.0,False,0,car,1240.499444444444,0.2840850530342591,OnTrack,-1898.8623274894674,3365.66908900062,2121.8280575401795,3917.374,20.807
2026-07-25 14:52:06.016,0 days 01:05:17.601000,27,502.5563898311111,0 days 00:00:21.034000,11132.092573257143,204.5392886857143,4,100.0,False,0,pos,1253.489399079553,0.2870598644845619,OnTrack,-1930.0,3426.0,2117.0,3917.601,21.034
2026-07-25 14:52:06.069,0 days 01:05:17.654000,27,503.3366666666666,0 days 00:00:21.087000,10897.0,207.0,5,100.0,False,0,car,1256.599444444444,0.2877720916495001,OnTrack,-1941.4005999417768,3449.1696613888507,2115.0413969228402,3917.654,21.087
2026-07-25 14:52:06.236,0 days 01:05:17.821000,27,504.03250026666666,0 days 00:00:21.254000,11244.6637696,211.5545472,5,100.0,False,0,pos,1266.558066441648,0.29005270182703285,OnTrack,-1984.0,3541.0,2108.0,3917.821,21.254
2026-07-25 14:52:06.476,0 days 01:05:18.061000,27,505.0325002666667,0 days 00:00:21.494000,11744.300133236364,218.10000174545453,5,100.0,False,0,pos,1281.2987676178316,0.2934284493085432,OnTrack,-2029.0,3668.0,2102.0,3918.061,21.494
2026-07-25 14:52:06.509,0 days 01:05:18.094000,27,505.1700000000001,0 days 00:00:21.527000,11813.0,219.0,5,100.0,False,0,car,1283.3661111111107,0.2939018887675921,OnTrack,-2033.5226525930411,3681.8923475436477,2100.79825618607,3918.094,21.527
2026-07-25 14:52:06.636,0 days 01:05:18.221000,27,504.8877776355557,0 days 00:00:21.654000,11508.488482909092,222.75227461818181,5,100.0,False,0,pos,1291.4137739484747,0.2957448728448468,OnTrack,-2049.0,3739.0,2095.0,3918.221,21.654
2026-07-25 14:52:06.916,0 days 01:05:18.501000,27,504.26555541333374,0 days 00:00:21.934000,10837.124846545454,231.0250018909091,5,100.0,False,0,pos,1309.5641416261387,0.299901463311205,OnTrack,-2085.0,3989.0,2081.0,3918.501,21.934
2026-07-25 14:52:06.949,0 days 01:05:18.534000,27,504.19222222222265,0 days 00:00:21.967000,10758.0,232.0,5,100.0,False,0,car,1311.7216666666661,0.3003955551210047,OnTrack,-2087.1296403143265,4013.172308205313,2079.8179052254395,3918.534,21.967
2026-07-25 14:52:07.149,0 days 01:05:18.734000,27,503.58111111111134,0 days 00:00:22.167000,10738.0,237.0,6,100.0,False,0,car,1324.8883333333329,0.3034108351479615,OnTrack,-2086.608763420406,4107.457407217294,2075.638787569032,3918.734,22.167
2026-07-25 14:52:07.336,0 days 01:05:18.921000,27,502.69805525333356,0 days 00:00:22.354000,10920.79256256,240.27250112,6,100.0,False,0,pos,1337.4431882655467,0.3062860050202485,OnTrack,-2075.0,4184.0,2072.0,3918.921,22.354
2026-07-25 14:52:07.516,0 days 01:05:19.101000,27,501.84805525333354,0 days 00:00:22.534000,11096.74256256,243.42250112,6,100.0,False,0,pos,1349.7307441373773,0.30909996110635835,OnTrack,-2051.0,4301.0,2066.0,3919.101,22.534
2026-07-25 14:52:07.549,0 days 01:05:19.134000,27,501.6922222222224,0 days 00:00:22.567000,11129.0,244.0,6,100.0,False,0,car,1351.999444444444,0.3096195130093748,OnTrack,-2040.1302372885539,4332.817516211538,2064.646319086781,3919.134,22.567
2026-07-25 14:52:07.736,0 days 01:05:19.321000,27,500.6533329777779,0 days 00:00:22.754000,11274.59290697143,248.00714422857143,6,100.0,False,0,pos,1364.9483103958091,0.3125849147973414,OnTrack,-1958.0,4532.0,2057.0,3919.321,22.754
2026-07-25 14:52:07.829,0 days 01:05:19.414000,27,500.13666666666677,0 days 00:00:22.847000,11347.0,250.0,6,100.0,False,0,car,1371.4438888888885,0.31407245819686386,OnTrack,-1938.3491558076405,4576.069306011693,2055.1093324202316,3919.414,22.847
2026-07-25 14:52:08.016,0 days 01:05:19.601000,27,499.0458329600002,0 days 00:00:23.034000,11479.458378666666,253.11666773333334,6,100.0,False,0,pos,1384.6147795235845,0.3170887055488663,OnTrack,-1911.0,4621.0,2053.0,3919.601,23.034
2026-07-25 14:52:08.069,0 days 01:05:19.654000,27,498.7366666666669,0 days 00:00:23.087000,11517.0,254.0,6,100.0,False,0,car,1388.3772222222217,0.31795033732014,OnTrack,-1889.8966557331187,4657.766776298767,2051.735530711415,3919.654,23.087
2026-07-25 14:52:08.269,0 days 01:05:19.854000,27,497.347777777778,0 days 00:00:23.287000,11687.0,258.0,6,100.0,False,0,car,1402.710555555555,0.3212327940583462,OnTrack,-1769.9723206120616,4869.610944506297,2045.154054712975,3919.854,23.287
2026-07-25 14:52:08.315,0 days 01:05:19.900000,27,497.01555463111134,0 days 00:00:23.333000,11457.957696,258.958336,6,100.0,False,0,pos,1406.0455792687364,0.321996543202026,OnTrack,-1745.0,4913.0,2044.0,3919.9,23.333
2026-07-25 14:52:08.509,0 days 01:05:20.094000,27,495.61444444444464,0 days 00:00:23.527000,10492.0,263.0,6,100.0,False,0,car,1420.2438888888885,0.32524807834740777,OnTrack,-1665.529983557603,5045.846251605584,2041.6066906455296,3920.094,23.527
2026-07-25 14:52:08.709,0 days 01:05:20.294000,27,494.1700000000001,0 days 00:00:23.727000,10641.0,266.0,7,100.0,False,0,car,1435.0216666666663,0.32863231668989945,OnTrack,-1613.5200925321135,5127.2338058784335,2041.9376117947613,3920.294,23.727
2026-07-25 14:52:08.795,0 days 01:05:20.380000,27,493.4055544177778,0 days 00:00:23.813000,10678.41005568,268.58000384,7,100.0,False,0,pos,1441.477402863965,0.3301107358606602,OnTrack,-1591.0,5165.0,2042.0,3920.38,23.813
2026-07-25 14:52:08.909,0 days 01:05:20.494000,27,492.39222222222224,0 days 00:00:23.927000,10728.0,272.0,7,100.0,False,0,car,1450.1327777777774,0.3320928912356052,OnTrack,-1560.5116623797971,5218.671131606847,2041.9592475725897,3920.494,23.927
2026-07-25 14:52:09.055,0 days 01:05:20.640000,27,490.2833320491682,0 days 00:00:24.073000,10955.247000302059,275.6652741984203,7,100.0,False,0,pos,1461.3584363207442,0.3346636636908492,OnTrack,-1517.0,5298.0,2042.0,3920.64,24.073
2026-07-25 14:52:09.148,0 days 01:05:20.733000,27,488.94000000000005,0 days 00:00:24.166000,11100.0,278.0,7,100.0,False,0,car,1468.5888888888885,0.33631949958056445,OnTrack,-1484.2168957412496,5358.033330475739,2042.2952954981924,3920.733,24.166
2026-07-25 14:52:09.295,0 days 01:05:20.880000,27,485.6733319111112,0 days 00:00:24.313000,11166.67502902857,281.1500013714286,7,100.0,False,0,pos,1480.141676307676,0.338965187364834,OnTrack,-1428.0,5461.0,2043.0,3920.88,24.313
2026-07-25 14:52:09.428,0 days 01:05:21.013000,27,482.7177777777779,0 days 00:00:24.446000,11227.0,284.0,7,100.0,False,0,car,1490.6777777777775,0.341378045313552,OnTrack,-1377.8596183034015,5552.433651451688,2043.6456484859477,3921.013,24.446
2026-07-25 14:52:09.475,0 days 01:05:21.060000,27,481.37305372444456,0 days 00:00:24.493000,11249.492887771428,284.5035721142857,7,100.0,False,0,pos,1494.4102647284965,0.3422328169606441,OnTrack,-1360.0,5585.0,2044.0,3921.06,24.493
2026-07-25 14:52:09.708,0 days 01:05:21.293000,27,474.7066666666667,0 days 00:00:24.726000,11361.0,287.0,7,100.0,False,0,car,1512.9999999999995,0.3464900263887894,OnTrack,-1270.7436260673178,5748.146172971431,2046.7600863697198,3921.293,24.726
2026-07-25 14:52:09.735,0 days 01:05:21.320000,27,473.87416469333334,0 days 00:00:24.753000,11377.7062896,287.5062512,7,100.0,False,0,pos,1515.166492070882,0.3469861717257432,OnTrack,-1261.0,5766.0,2047.0,3921.32,24.753
2026-07-25 14:52:09.868,0 days 01:05:21.453000,27,469.7733333333333,0 days 00:00:24.886000,11460.0,290.0,7,100.0,False,0,car,1525.8888888888885,0.3494416929130678,OnTrack,-1214.6598783297375,5851.016940433759,2047.8016366372308,3921.453,24.886
2026-07-25 14:52:09.935,0 days 01:05:21.520000,27,467.29805319111114,0 days 00:00:24.953000,11498.5250368,291.046876,7,100.0,False,0,pos,1531.3355535080736,0.3506890260046953,OnTrack,-1184.0,5907.0,2049.0,3921.52,24.953
2026-07-25 14:52:10.155,0 days 01:05:21.740000,27,459.17027541333346,0 days 00:00:25.173000,11625.0250368,294.484376,7,100.0,False,0,pos,1549.394392361465,0.3548246555822646,OnTrack,-1042.0,6165.0,2058.0,3921.74,25.173
2026-07-25 14:52:10.188,0 days 01:05:21.773000,27,457.95111111111123,0 days 00:00:25.206000,11644.0,295.0,7,100.0,False,0,car,1552.1111111111106,0.3554468075659102,OnTrack,-1022.9789138663838,6199.566511838379,2059.254918613695,3921.773,25.206
2026-07-25 14:52:10.388,0 days 01:05:21.973000,27,450.2844444444447,0 days 00:00:25.406000,10384.0,297.0,7,100.0,False,0,car,1568.6111111111106,0.359225449625008,OnTrack,-936.2360078777322,6357.511354751603,2064.7676465918853,3921.973,25.406
2026-07-25 14:52:10.595,0 days 01:05:22.180000,27,441.8319403326064,0 days 00:00:25.613000,10447.074822927392,298.7202224434743,7,100.0,False,0,pos,1585.8248904126165,0.3631675532895351,OnTrack,-875.0,6469.0,2069.0,3922.18,25.613
2026-07-25 14:52:10.749,0 days 01:05:22.334000,27,435.5436111111112,0 days 00:00:25.767000,10494.0,300.0,8,100.0,False,0,car,1598.6944444444441,0.36611479196508034,OnTrack,-836.749461372627,6538.253073283589,2072.332056361833,3922.334,25.767
2026-07-25 14:52:10.975,0 days 01:05:22.560000,27,425.8758278577778,0 days 00:00:25.993000,10555.342891885713,301.61428662857145,8,100.0,False,0,pos,1617.6400810890516,0.37045350587185,OnTrack,-770.0,6659.0,2079.0,3922.56,25.993
2026-07-25 14:52:11.029,0 days 01:05:22.614000,27,423.56583333333333,0 days 00:00:26.047000,10570.0,302.0,8,100.0,False,0,car,1622.1833333333332,0.37149394975156713,OnTrack,-747.0525718089327,6700.646117098604,2081.256338830475,3922.614,26.047
2026-07-25 14:52:11.236,0 days 01:05:22.821000,27,414.5958305599998,0 days 00:00:26.254000,10593.2875072,303.2937504,8,100.0,False,0,pos,1639.6641553316176,0.3754972084927987,OnTrack,-639.0,6893.0,2092.0,3922.821,26.254
2026-07-25 14:52:11.349,0 days 01:05:22.934000,27,409.6991666666663,0 days 00:00:26.367000,10606.0,304.0,8,100.0,False,0,car,1649.2055555555555,0.37768227129212334,OnTrack,-573.6513909853838,7001.858619125196,2098.860176047875,3922.934,26.367
2026-07-25 14:52:11.509,0 days 01:05:23.094000,27,402.8547222222219,0 days 00:00:26.527000,10527.0,303.0,8,100.0,False,0,car,1662.6722222222222,0.3807662539019729,OnTrack,-482.76669951729644,7146.386927946392,2108.735192282382,3923.094,26.527
2026-07-25 14:52:11.576,0 days 01:05:23.161000,27,400.0630528888886,0 days 00:00:26.594000,10528.6750016,302.5812496,8,100.0,False,0,pos,1668.2878222757868,0.3820522746625468,OnTrack,-453.0,7193.0,2112.0,3923.161,26.594
2026-07-25 14:52:11.829,0 days 01:05:23.414000,27,389.52138888888885,0 days 00:00:26.847000,10535.0,301.0,8,100.0,False,0,car,1689.4277777777777,0.3868935064799578,OnTrack,-389.29578427819223,7288.779327271492,2119.128743935573,3923.414,26.847
2026-07-25 14:52:12.029,0 days 01:05:23.614000,27,381.410277777778,0 days 00:00:27.047000,10467.0,301.0,8,100.0,False,0,car,1706.1499999999999,0.39072303934119834,OnTrack,-307.5547727583608,7396.056239979917,2127.541807043257,3923.614,27.047
2026-07-25 14:52:12.036,0 days 01:05:23.621000,27,381.1769423111113,0 days 00:00:27.054000,10461.297864533333,300.79583146666664,8,98.6437376,False,0,pos,1706.7290606815013,0.3908556492227675,OnTrack,-303.0,7402.0,2128.0,3923.621,27.054
2026-07-25 14:52:12.256,0 days 01:05:23.841000,27,373.8436089777779,0 days 00:00:27.274000,10282.0895312,294.3791648,8,56.0187376,False,0,pos,1724.6273884187945,0.3949545203728071,OnTrack,-131.0,7626.0,2145.0,3923.841,27.274
2026-07-25 14:52:12.509,0 days 01:05:24.094000,27,365.41027777777776,0 days 00:00:27.527000,10076.0,287.0,8,7.0,True,0,car,1744.4166666666665,0.39948643547017676,OnTrack,-44.5792757882636,7739.812616306364,2152.2394514180573,3924.094,27.527
2026-07-25 14:52:12.636,0 days 01:05:24.221000,27,362.02360940444464,0 days 00:00:27.654000,10179.50505216,275.56999424,8,5.72999936,True,0,pos,1753.995631463559,0.4016801008801256,OnTrack,-11.0,7791.0,2155.0,3924.221,27.654
2026-07-25 14:52:12.709,0 days 01:05:24.294000,27,360.07694444444473,0 days 00:00:27.727000,10239.0,269.0,8,5.0,True,0,car,1759.3611111111109,0.40290884191427545,OnTrack,14.712238600163857,7832.029377139979,2157.379551536438,3924.294,27.727
2026-07-25 14:52:12.816,0 days 01:05:24.401000,27,357.87749868444473,0 days 00:00:27.834000,10522.5501696,260.9749952,8,6.07000064,True,0,pos,1767.0111652228807,0.40466077017010016,OnTrack,55.0,7900.0,2161.0,3924.401,27.834
2026-07-25 14:52:12.909,0 days 01:05:24.494000,27,355.96583333333365,0 days 00:00:27.927000,10769.0,254.0,8,7.0,True,0,car,1773.472222222222,0.40614040785033895,OnTrack,84.91560166134636,7956.91994732311,2163.0880282585217,3924.494,27.927
2026-07-25 14:52:13.036,0 days 01:05:24.621000,27,353.91972119111125,0 days 00:00:28.054000,10651.5249408,244.4749952,8,8.587500799999999,True,0,pos,1782.0424339819024,0.4081030601297634,OnTrack,119.0,8034.0,2165.0,3924.621,28.054
2026-07-25 14:52:13.069,0 days 01:05:24.654000,27,353.38805555555564,0 days 00:00:28.087000,10621.0,242.0,7,9.0,True,0,car,1784.2277777777774,0.40860352267404715,OnTrack,126.8589773843397,8054.614858127611,2165.4865323013505,3924.654,28.087
2026-07-25 14:52:13.236,0 days 01:05:24.821000,27,351.9036105422224,0 days 00:00:28.254000,10543.994414933333,236.89722026666666,7,22.45278293333333,True,0,pos,1795.044634025981,0.4110806758841487,OnTrack,160.0,8161.0,2168.0,3924.821,28.254
2026-07-25 14:52:13.429,0 days 01:05:25.014000,27,350.1880555555558,0 days 00:00:28.447000,10455.0,231.0,6,38.0,False,0,car,1807.3277777777773,0.41389362155678405,OnTrack,182.55872292077683,8282.053778888569,2171.282642761527,3925.014,28.447
2026-07-25 14:52:13.476,0 days 01:05:25.061000,27,350.08361096888916,0 days 00:00:28.494000,10470.681752123077,231.18076947692307,6,40.80192689230769,False,0,pos,1810.336500052024,0.414582644861609,OnTrack,185.0,8313.0,2172.0,3925.061,28.494
2026-07-25 14:52:14.396,0 days 01:05:25.981000,27,348.03916652444445,0 days 00:00:29.414000,10777.643290584616,234.71923101538462,6,95.64808073846154,False,0,pos,1870.4009878087898,0.4283379296916626,OnTrack,49.0,8984.0,2176.0,3925.981,29.414
2026-07-25 14:52:14.469,0 days 01:05:26.054000,27,347.87694444444446,0 days 00:00:29.487000,10802.0,235.0,6,100.0,False,0,car,1875.2166666666662,0.42944076161138867,OnTrack,36.972542363744886,9019.401547378859,2175.9480845102457,3926.054,29.487
2026-07-25 14:52:14.629,0 days 01:05:26.214000,27,347.6102777777778,0 days 00:00:29.647000,10697.0,238.0,6,100.0,False,0,car,1885.794444444444,0.4318631637933827,OnTrack,13.0600342741712,9082.61935487578,2175.7451631145786,3926.214,29.647
2026-07-25 14:52:14.935,0 days 01:05:26.520000,27,347.52527774222216,0 days 00:00:29.953000,10826.200054044444,240.55000106666665,6,99.14999964444445,False,0,pos,1906.2496407755743,0.436547579865135,OnTrack,-36.0,9204.0,2176.0,3926.52,29.953
2026-07-25 14:52:14.989,0 days 01:05:26.574000,27,347.5102777777777,0 days 00:00:30.007000,10849.0,241.0,6,99.0,False,0,car,1909.8944444444442,0.43738227128576196,OnTrack,-46.737358452647356,9232.588910098919,2176.258643834288,3926.574,30.007
2026-07-25 14:52:15.115,0 days 01:05:26.700000,27,347.405277671111,0 days 00:00:30.133000,10936.300088685713,242.80000182857142,6,99.45000045714286,False,0,pos,1918.4412332318768,0.4393395595028783,OnTrack,-77.0,9318.0,2177.0,3926.7,30.133
2026-07-25 14:52:15.269,0 days 01:05:26.854000,27,347.2769444444443,0 days 00:00:30.287000,11043.0,245.0,6,100.0,False,0,car,1928.9499999999996,0.4417461575695012,OnTrack,-130.78133258779303,9484.673778173526,2177.7816623900744,3926.854,30.287
2026-07-25 14:52:15.335,0 days 01:05:26.920000,27,347.2219443377775,0 days 00:00:30.353000,10907.974738133333,244.72499946666667,6,74.14994986666666,False,0,pos,1933.4678680336415,0.4427807882464329,OnTrack,-151.0,9551.0,2178.0,3926.92,30.353
2026-07-25 14:52:15.509,0 days 01:05:27.094000,27,347.0769444444436,0 days 00:00:30.527000,10552.0,244.0,6,6.0,True,0,car,1945.2166666666665,0.4454713642863492,OnTrack,-181.27742463164077,9665.233507971163,2178.1247019282805,3927.094,30.527
2026-07-25 14:52:15.669,0 days 01:05:27.254000,27,346.98805555555487,0 days 00:00:30.687000,9824.0,228.0,6,1.0,True,0,car,1955.35,0.4477919848640578,OnTrack,-189.18811095534627,9722.605273896752,2177.971830512054,3927.254,30.687
2026-07-25 14:52:15.735,0 days 01:05:27.320000,27,346.5663881840256,0 days 00:00:30.753000,10016.47730919436,222.75312930460134,6,1.8284532676945224,True,0,pos,1959.3178698559668,0.44870066122301433,OnTrack,-192.0,9749.0,2178.0,3927.32,30.753
2026-07-25 14:52:15.908,0 days 01:05:27.493000,27,345.46111111111054,0 days 00:00:30.926000,10521.0,209.0,6,4.0,True,0,car,1969.2252777777776,0.4509695429363473,OnTrack,-198.53011597580334,9827.037949760961,2178.340046565728,3927.493,30.926
2026-07-25 14:52:16.095,0 days 01:05:27.680000,27,343.53916600888834,0 days 00:00:31.113000,11006.532309028571,198.98213942857143,6,6.003572114285714,True,0,pos,1979.431658238044,0.4533068919350332,OnTrack,-202.0,9917.0,2179.0,3927.68,31.113
2026-07-25 14:52:16.188,0 days 01:05:27.773000,27,342.5833333333328,0 days 00:00:31.206000,11248.0,194.0,5,7.0,True,0,car,1984.3141666666666,0.4544250284018388,OnTrack,-201.41355425288785,9960.246418544999,2179.3826154906524,3927.773,31.206
2026-07-25 14:52:16.375,0 days 01:05:27.960000,27,340.4536103822219,0 days 00:00:31.393000,10957.5655256,185.234372,5,8.7531256,True,0,pos,1993.7363989939954,0.45658280072684704,OnTrack,-187.0,10061.0,2181.0,3927.96,31.393
2026-07-25 14:52:16.508,0 days 01:05:28.093000,27,338.93888888888864,0 days 00:00:31.526000,10751.0,179.0,4,10.0,True,0,car,2000.2252777777776,0.4580688098352584,OnTrack,-155.9072496829846,10163.225346349875,2183.7058334242506,3928.093,31.526
2026-07-25 14:52:16.575,0 days 01:05:28.160000,27,338.1944437333332,0 days 00:00:31.593000,10587.2685936,176.0687472,4,10.0,True,0,pos,2003.4534689327352,0.4588080934033147,OnTrack,-140.0,10209.0,2185.0,3928.16,31.593
2026-07-25 14:52:16.668,0 days 01:05:28.253000,27,337.16111111111104,0 days 00:00:31.686000,10360.0,172.0,4,10.0,True,0,car,2007.869722222222,0.45981945342896835,OnTrack,-122.20705212570631,10255.182762084796,2186.3171333722858,3928.253,31.686
2026-07-25 14:52:16.989,0 days 01:05:28.574000,27,332.9702777777777,0 days 00:00:32.007000,10024.0,163.0,4,9.0,False,0,car,2022.4038888888886,0.463147902729611,OnTrack,-72.45624128644788,10325.28466417614,2188.9188073283644,3928.574,32.007
2026-07-25 14:52:16.995,0 days 01:05:28.580000,27,332.8952761777777,0 days 00:00:32.013000,10015.433150577777,162.88333084444446,4,8.933331911111111,False,0,pos,2022.669240796183,0.46320867060096643,OnTrack,-71.0,10327.0,2189.0,3928.58,32.013
2026-07-25 14:52:17.175,0 days 01:05:28.760000,27,330.6452761777777,0 days 00:00:32.193000,9758.433150577777,159.38333084444446,4,6.933331911111111,False,0,pos,2030.5529128362912,0.4650140993737474,OnTrack,-19.0,10387.0,2192.0,3928.76,32.193
2026-07-25 14:52:17.349,0 days 01:05:28.934000,27,328.4702777777777,0 days 00:00:32.367000,9510.0,156.0,4,5.0,False,0,car,2038.0038888888885,0.46672043704003074,OnTrack,36.43504399105868,10438.182984351637,2194.8954526520088,3928.934,32.367
2026-07-25 14:52:17.355,0 days 01:05:28.940000,27,328.3952761777777,0 days 00:00:32.373000,9501.4498176,155.8499968,4,5.0750016,False,0,pos,2038.257388243456,0.4667784905747655,OnTrack,39.0,10440.0,2195.0,3928.94,32.373
2026-07-25 14:52:17.589,0 days 01:05:29.174000,27,325.4702777777777,0 days 00:00:32.607000,9168.0,150.0,4,8.0,False,0,car,2048.0038888888885,0.4690105231364537,OnTrack,170.94138954067031,10513.018913679121,2199.2865806564037,3929.174,32.607
2026-07-25 14:52:17.635,0 days 01:05:29.220000,27,324.9336096177776,0 days 00:00:32.653000,9220.70848,149.8083328,4,14.9000192,False,0,pos,2049.906810486067,0.46944630856568187,OnTrack,192.0,10523.0,2200.0,3929.22,32.653
2026-07-25 14:52:17.829,0 days 01:05:29.414000,27,322.6702777777773,0 days 00:00:32.847000,9443.0,149.0,4,44.0,False,0,car,2057.937222222222,0.4712853419922338,OnTrack,239.7382951601445,10539.966820843512,2202.208559356806,3929.414,32.847
2026-07-25 14:52:17.976,0 days 01:05:29.561000,27,321.07777708444405,0 days 00:00:32.994000,9500.33002496,150.10250048,4,48.41000192,False,0,pos,2064.0854205248033,0.4726933323373131,OnTrack,273.0,10544.0,2204.0,3929.561,32.994
2026-07-25 14:52:18.216,0 days 01:05:29.801000,27,318.47777708444426,0 days 00:00:33.234000,9593.93002496,151.90250048,4,55.61000192,False,0,pos,2074.268643151026,0.47502537799262223,OnTrack,373.0,10557.0,2208.0,3929.801,33.234
2026-07-25 14:52:18.229,0 days 01:05:29.814000,27,318.33694444444427,0 days 00:00:33.247000,9599.0,152.0,4,56.0,False,0,car,2074.8261111111105,0.4751530429550814,OnTrack,378.6174441682599,10557.33626957428,2208.1718992537026,3929.814,33.247
2026-07-25 14:52:18.456,0 days 01:05:30.041000,27,316.0669438044442,0 days 00:00:33.474000,9932.8792608,155.7833344,4,66.4041696,False,0,pos,2084.6576629121605,0.4774045529636661,OnTrack,468.0,10555.0,2211.0,3930.041,33.474
2026-07-25 14:52:18.469,0 days 01:05:30.054000,27,315.9369444444442,0 days 00:00:33.487000,9952.0,156.0,4,67.0,False,0,car,2085.2261111111106,0.47753473249536127,OnTrack,472.2930026464042,10554.593333048804,2211.277660000731,3930.054,33.487
2026-07-25 14:52:18.616,0 days 01:05:30.201000,27,314.71194391111084,0 days 00:00:33.634000,10119.825073066666,158.45000106666666,4,71.90000213333333,False,0,pos,2091.6976342667826,0.47901676701550966,OnTrack,519.0,10548.0,2215.0,3930.201,33.634
2026-07-25 14:52:18.709,0 days 01:05:30.294000,27,313.9369444444442,0 days 00:00:33.727000,10226.0,160.0,4,75.0,False,0,car,2095.892777777777,0.47997749099821235,OnTrack,558.0581141768333,10540.820939124227,2216.508887148215,3930.294,33.727
2026-07-25 14:52:18.796,0 days 01:05:30.381000,27,313.09111048888855,0 days 00:00:33.814000,10460.175172266667,163.62500266666666,4,78.98750293333333,False,0,pos,2099.9184576197194,0.48089940634168044,OnTrack,598.0,10532.0,2218.0,3930.381,33.814
2026-07-25 14:52:18.949,0 days 01:05:30.534000,27,311.6036111111107,0 days 00:00:33.967000,10872.0,170.0,4,86.0,False,0,car,2107.2261111111106,0.4825729219074917,OnTrack,665.9133447101343,10512.034435929261,2222.3229196689385,3930.534,33.967
2026-07-25 14:52:18.976,0 days 01:05:30.561000,27,311.30361039999957,0 days 00:00:33.994000,10929.4595112,170.9281272,4,86.3375008,False,0,pos,2108.5441065713394,0.4828747542153534,OnTrack,678.0,10508.0,2223.0,3930.561,33.994
2026-07-25 14:52:19.136,0 days 01:05:30.721000,27,309.52583262222174,0 days 00:00:34.154000,11269.9595112,176.4281272,4,88.3375008,False,0,pos,2116.5263456312323,0.48470275568429205,OnTrack,751.0,10481.0,2226.0,3930.721,34.154
2026-07-25 14:52:19.269,0 days 01:05:30.854000,27,308.04805555555504,0 days 00:00:34.287000,11553.0,181.0,4,90.0,False,0,car,2123.3149999999996,0.4862574159826255,OnTrack,811.5176879773886,10453.805570555234,2228.9843200011883,3930.854,34.287
2026-07-25 14:52:19.396,0 days 01:05:30.981000,27,306.8838883022216,0 days 00:00:34.414000,11735.033425066667,184.70416853333333,4,95.29166933333333,False,0,pos,2129.8898513370373,0.48776311354592533,OnTrack,869.0,10424.0,2232.0,3930.981,34.414
2026-07-25 14:52:19.509,0 days 01:05:31.094000,27,305.84805555555477,0 days 00:00:34.527000,11897.0,188.0,4,100.0,False,0,car,2135.848333333333,0.48912765722347556,OnTrack,920.0373766489254,10394.576406681914,2234.3703720985795,3931.094,34.527
2026-07-25 14:52:19.669,0 days 01:05:31.254000,27,304.0702777777774,0 days 00:00:34.687000,11704.0,195.0,4,100.0,False,0,car,2144.5149999999994,0.4911123985070421,OnTrack,991.8777343622235,10348.160819724157,2237.8237629961072,3931.254,34.687
2026-07-25 14:52:19.676,0 days 01:05:31.261000,27,303.99833267555516,0 days 00:00:34.694000,11682.324801828572,195.22500205714286,4,100.0,False,0,pos,2144.9012464155803,0.49120085226165355,OnTrack,995.0,10346.0,2238.0,3931.261,34.694
2026-07-25 14:52:19.856,0 days 01:05:31.441000,27,302.1483326755552,0 days 00:00:34.874000,11124.967658971429,201.01071634285714,4,100.0,False,0,pos,2155.039525001257,0.4935226053447257,OnTrack,1075.0,10287.0,2243.0,3931.441,34.874
2026-07-25 14:52:19.949,0 days 01:05:31.534000,27,301.19249999999965,0 days 00:00:34.967000,10837.0,204.0,5,100.0,False,0,car,2160.381666666666,0.49474600178003314,OnTrack,1116.696653529809,10254.527604385972,2245.401664281163,3931.534,34.967
2026-07-25 14:52:20.016,0 days 01:05:31.601000,27,300.634166133333,0 days 00:00:35.034000,10930.8000896,205.4888903111111,5,100.0,False,0,pos,2164.260589081563,0.49563430840917905,OnTrack,1146.0,10231.0,2247.0,3931.601,35.034
2026-07-25 14:52:20.236,0 days 01:05:31.821000,27,298.8008327999997,0 days 00:00:35.254000,11238.8000896,210.3777792,5,100.0,False,0,pos,2177.196915035779,0.4985968384298335,OnTrack,1243.0,10147.0,2252.0,3931.821,35.254
2026-07-25 14:52:20.309,0 days 01:05:31.894000,27,298.19249999999965,0 days 00:00:35.327000,11341.0,212.0,5,100.0,False,0,car,2181.581666666666,0.4996009843044497,OnTrack,1285.804054858454,10107.156884137674,2254.1182023883625,3931.894,35.327
2026-07-25 14:52:20.496,0 days 01:05:32.081000,27,296.634166133333,0 days 00:00:35.514000,11503.066722133333,217.71389084444445,5,100.0,False,0,pos,2193.041340533155,0.5022253482835686,OnTrack,1408.0,9989.0,2260.0,3932.081,35.514
2026-07-25 14:52:20.669,0 days 01:05:32.254000,27,295.19249999999965,0 days 00:00:35.687000,11653.0,223.0,5,100.0,False,0,car,2203.881666666666,0.5047078762994729,OnTrack,1495.4715937116978,9898.651985193652,2263.8847812662148,3932.254,35.687
2026-07-25 14:52:20.876,0 days 01:05:32.461000,27,293.58249950222176,0 days 00:00:35.894000,11561.40247168,227.14000128,5,100.0,False,0,pos,2217.0917184412224,0.5077330918896669,OnTrack,1571.0,9816.0,2267.0,3932.461,35.894
2026-07-25 14:52:21.069,0 days 01:05:32.654000,27,292.08138888888834,0 days 00:00:36.087000,11476.0,231.0,5,100.0,False,0,car,2229.548333333333,0.5105857639469585,OnTrack,1621.6545552868013,9760.660616302637,2269.1589581743224,3932.654,36.087
2026-07-25 14:52:21.216,0 days 01:05:32.801000,27,290.77472165333313,0 days 00:00:36.234000,10978.0372832,232.8375008,5,100.0,False,0,pos,2239.071299615815,0.5127666052149801,OnTrack,1666.0,9712.0,2271.0,3932.801,36.234
2026-07-25 14:52:21.309,0 days 01:05:32.894000,27,289.9480555555556,0 days 00:00:36.327000,10663.0,234.0,6,100.0,False,0,car,2245.1483333333326,0.5141582982573781,OnTrack,1703.2210244639323,9670.990413474698,2272.493175320321,3932.894,36.327
2026-07-25 14:52:21.455,0 days 01:05:33.040000,27,287.59583127111114,0 days 00:00:36.473000,10673.618191127272,235.65909236363638,6,99.66818152727272,False,0,pos,2254.81081715261,0.5163710902425218,OnTrack,1771.0,9596.0,2275.0,3933.04,36.473
2026-07-25 14:52:21.749,0 days 01:05:33.334000,27,282.8591666666666,0 days 00:00:36.767000,10695.0,239.0,6,99.0,False,0,car,2274.359444444444,0.5208478941990402,OnTrack,1909.4815648750382,9441.783929894704,2278.9297070499374,3933.334,36.767
2026-07-25 14:52:21.755,0 days 01:05:33.340000,27,282.7674980444444,0 days 00:00:36.773000,10673.682878577778,238.78332871111112,6,97.48330097777777,False,0,pos,2274.752093330955,0.5209378141746177,OnTrack,1912.0,9439.0,2279.0,3933.34,36.773
2026-07-25 14:52:22.109,0 days 01:05:33.694000,27,277.3591666666666,0 days 00:00:37.127000,9416.0,226.0,6,8.0,True,0,car,2296.9594444444438,0.526023488776956,OnTrack,2041.6515977260437,9296.630606614031,2281.992182267201,3933.694,37.127
2026-07-25 14:52:22.115,0 days 01:05:33.700000,27,277.3174991111111,0 days 00:00:37.133000,9392.985223314286,225.22855497142857,6,7.8499968,True,0,pos,2297.3042733996613,0.5261024575765548,OnTrack,2044.0,9294.0,2282.0,3933.7,37.133
2026-07-25 14:52:22.215,0 days 01:05:33.800000,27,276.62305466666686,0 days 00:00:37.233000,9009.413794742857,212.3714121142857,6,5.3499968,True,0,pos,2302.861183528702,0.5273750378391135,OnTrack,2084.0,9249.0,2282.0,3933.8,37.233
2026-07-25 14:52:22.389,0 days 01:05:33.974000,27,275.41472222222274,0 days 00:00:37.407000,8342.0,190.0,6,1.0,True,0,car,2311.737222222221,0.5294077271194476,OnTrack,2147.6615813812323,9177.714479246195,2282.959604832195,3933.974,37.407
2026-07-25 14:52:22.395,0 days 01:05:33.980000,27,275.4180556259984,0 days 00:00:37.413000,8366.000507184852,189.43572475270727,6,0.981190825090242,True,0,pos,2312.0272248782153,0.5294741402244894,OnTrack,2150.0,9175.0,2283.0,3933.98,37.413
2026-07-25 14:52:22.708,0 days 01:05:34.293000,27,275.59194444444483,0 days 00:00:37.726000,9618.0,160.0,6,0.0,True,0,car,2325.914999999999,0.532654560296154,OnTrack,2281.9640926565207,9012.387723796923,2284.825359856939,3934.293,37.726
2026-07-25 14:52:22.775,0 days 01:05:34.360000,27,275.8711113777781,0 days 00:00:37.793000,9830.7252032,154.5562448,6,0.0,True,0,pos,2328.699631823751,0.5332922649584771,OnTrack,2298.0,8992.0,2285.0,3934.36,37.793
2026-07-25 14:52:22.868,0 days 01:05:34.453000,27,276.25861111111135,0 days 00:00:37.886000,10126.0,147.0,6,0.0,True,0,car,2332.4483333333324,0.5341507498791502,OnTrack,2308.3181709704195,8978.566583827414,2285.069173516652,3934.453,37.886
2026-07-25 14:52:22.995,0 days 01:05:34.580000,27,277.4227783644447,0 days 00:00:38.013000,10113.6968688,140.6499968,6,0.0,True,0,pos,2337.2661613564896,0.5352540739762294,OnTrack,2315.0,8967.0,2285.0,3934.58,38.013
2026-07-25 14:52:23.188,0 days 01:05:34.773000,27,279.19194444444474,0 days 00:00:38.206000,10095.0,131.0,4,0.0,True,0,car,2344.092777777777,0.5368174279114295,OnTrack,2349.081150191374,8907.506464977661,2284.989600296565,3934.773,38.206
2026-07-25 14:52:23.255,0 days 01:05:34.840000,27,280.12250088888925,0 days 00:00:38.273000,10216.6469912,128.6968728,4,0.0,True,0,pos,2346.389747718211,0.5373434538038784,OnTrack,2361.0,8884.0,2285.0,3934.84,38.273
2026-07-25 14:52:23.508,0 days 01:05:35.093000,27,283.63638888888954,0 days 00:00:38.526000,10676.0,120.0,2,0.0,True,0,car,2354.7594444444435,0.5392601864142805,OnTrack,2389.6880477621403,8804.397821410224,2285.0272088041834,3935.093,38.526
2026-07-25 14:52:23.555,0 days 01:05:35.140000,27,284.4066680217541,0 days 00:00:38.573000,10522.15500885665,118.24844412360511,2,0.0,True,0,pos,2356.268553677896,0.5396057854216317,OnTrack,2393.0,8790.0,2285.0,3935.14,38.573
2026-07-25 14:52:23.669,0 days 01:05:35.254000,27,286.27500000000055,0 days 00:00:38.687000,10149.0,114.0,2,0.0,True,0,car,2359.857777777777,0.5404277486424401,OnTrack,2398.9629236752994,8754.772798407996,2284.8716772518023,3935.254,38.687
2026-07-25 14:52:23.815,0 days 01:05:35.400000,27,288.951669013334,0 days 00:00:38.833000,9972.235559314286,110.3499968,2,0.0,True,0,pos,2364.2593346815233,0.5414357430692287,OnTrack,2402.0,8710.0,2285.0,3935.4,38.833
2026-07-25 14:52:23.949,0 days 01:05:35.534000,27,291.4083333333342,0 days 00:00:38.967000,9810.0,107.0,2,0.0,False,0,car,2368.179999999999,0.5423336091826855,OnTrack,2399.90408342129,8670.46593560132,2285.8344750916754,3935.534,38.967
2026-07-25 14:52:23.975,0 days 01:05:35.560000,27,291.8200020266675,0 days 00:00:38.993000,9824.5955264,106.8227264,2,2.0681920000000003,False,0,pos,2368.9353772724,0.5425065970815933,OnTrack,2399.0,8663.0,2286.0,3935.56,38.993
2026-07-25 14:52:24.175,0 days 01:05:35.760000,27,294.98666869333397,0 days 00:00:39.193000,9936.868253672726,105.45909003636363,2,17.97728290909091,False,0,pos,2374.6878983028223,0.5438239739247084,OnTrack,2386.0,8606.0,2287.0,3935.76,39.193
2026-07-25 14:52:24.389,0 days 01:05:35.974000,27,298.37500000000045,0 days 00:00:39.407000,10057.0,104.0,2,35.0,False,0,car,2380.89111111111,0.5452445630652497,OnTrack,2357.5925206536317,8537.766635716587,2287.931869519875,3935.974,39.407
2026-07-25 14:52:24.416,0 days 01:05:36.001000,27,298.72750083555604,0 days 00:00:39.434000,10121.8001536,104.6750016,2,37.16000512,False,0,pos,2381.6872053252378,0.5454268754943713,OnTrack,2354.0,8530.0,2288.0,3936.001,39.434
2026-07-25 14:52:24.589,0 days 01:05:36.174000,27,300.98611111111177,0 days 00:00:39.607000,10537.0,109.0,2,51.0,False,0,car,2386.946666666666,0.5466313374236392,OnTrack,2333.4659667279466,8488.030220314993,2288.07489824577,3936.174,39.607
2026-07-25 14:52:24.696,0 days 01:05:36.281000,27,301.75888935111175,0 days 00:00:39.714000,10859.486304,114.0527808,2,59.0250048,False,0,pos,2390.493750275716,0.5474436501092328,OnTrack,2320.0,8463.0,2288.0,3936.281,39.714
2026-07-25 14:52:24.916,0 days 01:05:36.501000,27,303.3477782400006,0 days 00:00:39.934000,11522.541859555555,124.4416696888889,2,75.5250048,False,0,pos,2398.351554146298,0.5492431548484765,OnTrack,2287.0,8398.0,2288.0,3936.501,39.934
2026-07-25 14:52:24.949,0 days 01:05:36.534000,27,303.5861111111117,0 days 00:00:39.967000,11622.0,126.0,2,78.0,False,0,car,2399.5466666666657,0.5495168459051321,OnTrack,2282.0913020879616,8384.247717339333,2288.0663726957646,3936.534,39.967
2026-07-25 14:52:25.236,0 days 01:05:36.821000,27,305.1805559111117,0 days 00:00:40.254000,10094.5218816,130.7833344,2,54.880550400000004,False,0,pos,2410.0413334314517,0.551920214949595,OnTrack,2248.0,8249.0,2289.0,3936.821,40.254
2026-07-25 14:52:25.309,0 days 01:05:36.894000,27,305.5861111111117,0 days 00:00:40.327000,9706.0,132.0,3,49.0,False,0,car,2412.7466666666655,0.5525397595524103,OnTrack,2245.0295425411305,8232.078395922532,2289.0131171952257,3936.894,40.327
2026-07-25 14:52:25.476,0 days 01:05:37.061000,27,306.4211114311113,0 days 00:00:40.494000,10560.20532736,135.34000128,3,69.04000768,False,0,pos,2419.0237451563444,0.5539772645699472,OnTrack,2245.0,8204.0,2289.0,3937.061,40.494
2026-07-25 14:52:25.509,0 days 01:05:37.094000,27,306.5861111111112,0 days 00:00:40.527000,10729.0,136.0,3,73.0,False,0,car,2420.302222222221,0.5542700468252632,OnTrack,2245.240962892915,8193.546390376052,2289.105263665729,3937.094,40.527
2026-07-25 14:52:25.749,0 days 01:05:37.334000,27,307.31944444444434,0 days 00:00:40.767000,11344.0,146.0,3,79.0,False,0,car,2430.0355555555548,0.5564990639591149,OnTrack,2248.8903509828788,8074.58009644637,2290.705961300169,3937.334,40.767
2026-07-25 14:52:25.816,0 days 01:05:37.401000,27,307.5241668622222,0 days 00:00:40.834000,11500.6126496,148.23333546666666,3,81.5125024,False,0,pos,2432.8376440810966,0.5571407663564438,OnTrack,2251.0,8043.0,2291.0,3937.401,40.834
2026-07-25 14:52:25.989,0 days 01:05:37.574000,27,308.0527777777779,0 days 00:00:41.007000,11905.0,154.0,3,88.0,False,0,car,2440.302222222221,0.558850219018109,OnTrack,2259.0859115310027,7978.071128427597,2291.084932230486,3937.574,41.007
2026-07-25 14:52:26.196,0 days 01:05:37.781000,27,308.1677778133334,0 days 00:00:41.214000,11545.3373888,162.62500266666666,3,93.1750016,False,0,pos,2449.978383081192,0.5610661431630971,OnTrack,2276.0,7906.0,2291.0,3937.781,41.214
2026-07-25 14:52:26.416,0 days 01:05:38.001000,27,308.29000003555547,0 days 00:00:41.434000,11163.0873888,171.79166933333335,3,98.6750016,False,0,pos,2460.8652904210003,0.563559338676291,OnTrack,2304.0,7806.0,2292.0,3938.001,41.434
2026-07-25 14:52:26.469,0 days 01:05:38.054000,27,308.31944444444434,0 days 00:00:41.487000,11071.0,174.0,4,100.0,False,0,car,2463.5022222222215,0.5641632187618103,OnTrack,2310.885532240547,7783.1337607175965,2292.239183041544,3938.054,41.487
2026-07-25 14:52:26.656,0 days 01:05:38.241000,27,308.52722229333364,0 days 00:00:41.674000,11479.59513984,180.54500224,4,99.06499968,False,0,pos,2472.8908795277625,0.5663133021177602,OnTrack,2339.0,7692.0,2293.0,3938.241,41.674
2026-07-25 14:52:26.669,0 days 01:05:38.254000,27,308.54166666666697,0 days 00:00:41.687000,11508.0,181.0,4,99.0,False,0,car,2473.5577777777767,0.5664660275587688,OnTrack,2341.6500777895676,7683.161912463195,2293.0563438744853,3938.254,41.687
2026-07-25 14:52:26.869,0 days 01:05:38.454000,27,308.8194444444448,0 days 00:00:41.887000,11883.0,189.0,4,100.0,False,0,car,2484.0577777777767,0.5688706179600129,OnTrack,2386.8807413240265,7528.917033758963,2293.9693044895976,3938.454,41.887
2026-07-25 14:52:26.876,0 days 01:05:38.461000,27,308.8369446044448,0 days 00:00:41.894000,11891.75008,189.10500096,4,100.0,False,0,pos,2484.428496183674,0.5689555156667162,OnTrack,2388.0,7525.0,2294.0,3938.461,41.894
2026-07-25 14:52:27.069,0 days 01:05:38.654000,27,309.31944444444434,0 days 00:00:42.087000,12133.0,192.0,4,100.0,False,0,car,2494.7244444444436,0.5713133764628642,OnTrack,2403.284133890762,7467.219278733911,2294.7983363271164,3938.654,42.087
2026-07-25 14:52:27.116,0 days 01:05:38.701000,27,309.47611132444445,0 days 00:00:42.134000,11868.62464,193.34285897142857,4,100.0,False,0,pos,2497.284840943275,0.5718997293051945,OnTrack,2407.0,7452.0,2295.0,3938.701,42.134
2026-07-25 14:52:27.349,0 days 01:05:38.934000,27,310.2527777777782,0 days 00:00:42.367000,10558.0,200.0,4,100.0,False,0,car,2510.279999999999,0.5748757326128553,OnTrack,2437.292566403502,7329.257065514691,2295.953000735406,3938.934,42.367
2026-07-25 14:52:27.376,0 days 01:05:38.961000,27,310.35777802666706,0 days 00:00:42.394000,10570.8250304,200.54000128,4,99.86499968,False,0,pos,2511.8052810952518,0.5752250351157928,OnTrack,2441.0,7314.0,2296.0,3938.961,42.394
2026-07-25 14:52:27.549,0 days 01:05:39.134000,27,311.030555555556,0 days 00:00:42.567000,10653.0,204.0,5,99.0,False,0,car,2521.6133333333323,0.5774711635221347,OnTrack,2464.0038520093876,7219.811822953962,2295.9962608821,3939.134,42.567
2026-07-25 14:52:27.556,0 days 01:05:39.141000,27,311.0888894222227,0 days 00:00:42.574000,10637.4029824,203.9124992,5,97.0968576,False,0,pos,2522.0084710873466,0.5775616534697988,OnTrack,2465.0,7216.0,2296.0,3939.141,42.574
2026-07-25 14:52:27.869,0 days 01:05:39.454000,27,313.69722222222254,0 days 00:00:42.887000,9940.0,200.0,5,12.0,True,0,car,2539.39111111111,0.5815424276935532,OnTrack,2516.92006698792,7047.873467610551,2296.9694127137864,3939.454,42.887
2026-07-25 14:52:27.875,0 days 01:05:39.460000,27,313.77389052444477,0 days 00:00:42.893000,9956.700356266667,199.7749952,5,12.025000533333333,True,0,pos,2539.7160945228698,0.5816168516928371,OnTrack,2518.0,7045.0,2297.0,3939.46,42.893
2026-07-25 14:52:28.075,0 days 01:05:39.660000,27,316.32944607999985,0 days 00:00:43.093000,10513.367022933333,192.2749952,5,12.858333866666667,True,0,pos,2550.3507353159716,0.5840522759949105,OnTrack,2564.0,6949.0,2298.0,3939.66,43.093
2026-07-25 14:52:28.109,0 days 01:05:39.694000,27,316.7638888888887,0 days 00:00:43.127000,10608.0,191.0,5,13.0,True,0,car,2552.1244444444437,0.5844584706563318,OnTrack,2577.5520363725673,6927.869396028024,2298.061488820054,3939.694,43.127
2026-07-25 14:52:28.269,0 days 01:05:39.854000,27,319.1638888888888,0 days 00:00:43.287000,11077.0,185.0,4,12.0,True,0,car,2560.346666666666,0.5863414303356128,OnTrack,2659.1062360001274,6815.243416370788,2297.9837946465877,3939.854,43.287
2026-07-25 14:52:28.295,0 days 01:05:39.880000,27,319.6405579022221,0 days 00:00:43.313000,11057.391570133334,184.3499968,4,12.6500032,True,0,pos,2561.6636122221425,0.5866430222062472,OnTrack,2671.0,6800.0,2298.0,3939.88,43.313
2026-07-25 14:52:28.509,0 days 01:05:40.094000,27,323.5638888888884,0 days 00:00:43.527000,10896.0,179.0,4,18.0,True,0,car,2572.2799999999993,0.5890742664106775,OnTrack,2739.7534793190207,6725.231779403688,2298.746011104601,3940.094,43.527
2026-07-25 14:52:28.735,0 days 01:05:40.320000,27,328.4605583288887,0 days 00:00:43.753000,10547.583136,171.4666624,4,21.7666688,True,0,pos,2583.021643075875,0.5915341951567576,OnTrack,2792.0,6692.0,2300.0,3940.32,43.753
2026-07-25 14:52:28.749,0 days 01:05:40.334000,27,328.7638888888887,0 days 00:00:43.767000,10526.0,171.0,4,22.0,False,0,car,2583.6799999999994,0.5916849645605997,OnTrack,2795.8316224007303,6689.620939047494,2300.067808954551,3940.334,43.767
2026-07-25 14:52:28.975,0 days 01:05:40.560000,27,333.97444739555533,0 days 00:00:43.993000,10636.1750624,169.5874992,4,37.5375088,False,0,pos,2594.2703432250973,0.5941102443382141,OnTrack,2874.0,6648.0,2301.0,3940.56,43.993
2026-07-25 14:52:29.069,0 days 01:05:40.654000,27,336.1416666666664,0 days 00:00:44.087000,10682.0,169.0,4,44.0,False,0,car,2598.7022222222217,0.5951251827854485,OnTrack,2923.6415156975804,6631.320883882917,2301.294530086172,3940.654,44.087
2026-07-25 14:52:29.355,0 days 01:05:40.940000,27,342.8944474666665,0 days 00:00:44.373000,10777.6312928,171.6812512,4,52.937504,False,0,pos,2612.3617713265253,0.5982533371341657,OnTrack,3097.0,6592.0,2302.0,3940.94,44.373
2026-07-25 14:52:29.389,0 days 01:05:40.974000,27,343.6972222222221,0 days 00:00:44.407000,10789.0,172.0,4,54.0,False,0,car,2613.9911111111105,0.5986264699728684,OnTrack,3111.741738111236,6589.631822911784,2302.090259974368,3940.974,44.407
2026-07-25 14:52:29.628,0 days 01:05:41.213000,27,349.4066666666663,0 days 00:00:44.646000,10947.0,173.0,4,55.0,False,0,car,2625.4763888888883,0.6012566974681127,OnTrack,3186.401870321213,6584.622710436648,2302.7876386143753,3941.213,44.646
2026-07-25 14:52:29.695,0 days 01:05:41.280000,27,351.0072237511109,0 days 00:00:44.713000,10976.81502848,174.00500096,4,58.01500288,False,0,pos,2628.7349889085617,0.6020029449279986,OnTrack,3215.0,6583.0,2303.0,3941.28,44.713
2026-07-25 14:52:29.828,0 days 01:05:41.413000,27,354.1844444444446,0 days 00:00:44.846000,11036.0,176.0,4,64.0,False,0,car,2635.2541666666657,0.6034958927623929,OnTrack,3291.1329073641277,6577.319769765702,2303.441799791193,3941.413,44.846
2026-07-25 14:52:29.975,0 days 01:05:41.560000,27,357.81861341790284,0 days 00:00:44.993000,10934.336384067068,176.45794421591413,4,37.89717969289564,False,0,pos,2642.5078300853525,0.6051570441367196,OnTrack,3383.0,6569.0,2304.0,3941.56,44.993
2026-07-25 14:52:30.149,0 days 01:05:41.734000,27,362.1202777777776,0 days 00:00:45.167000,10814.0,177.0,4,7.0,True,0,car,2651.036666666666,0.6071102211440724,OnTrack,3469.081232909821,6559.0086901473205,2304.8130242542024,3941.734,45.167
2026-07-25 14:52:30.389,0 days 01:05:41.974000,27,367.72027777777794,0 days 00:00:45.407000,10348.0,171.0,4,8.0,True,0,car,2662.4366666666656,0.6097209192939945,OnTrack,3569.3329399304134,6534.952949357366,2305.974924969189,3941.974,45.407
2026-07-25 14:52:30.395,0 days 01:05:41.980000,27,367.83361352888903,0 days 00:00:45.413000,10341.87986944,170.86499712,4,7.87999744,True,0,pos,2662.7154425991585,0.6097847613826965,OnTrack,3572.0,6534.0,2306.0,3941.98,45.413
2026-07-25 14:52:30.755,0 days 01:05:42.340000,27,374.6336135288887,0 days 00:00:45.773000,9974.67986944,162.76499712,4,0.6799974399999998,True,0,pos,2678.9359295692448,0.6134993925514368,OnTrack,3727.0,6459.0,2307.0,3942.34,45.773
2026-07-25 14:52:30.789,0 days 01:05:42.374000,27,375.27583333333314,0 days 00:00:45.807000,9940.0,162.0,4,0.0,False,0,car,2680.436666666666,0.6138430742675558,OnTrack,3736.587792530944,6453.202439432798,2307.0140800581153,3942.374,45.807
2026-07-25 14:52:31.036,0 days 01:05:42.621000,27,379.8041678399997,0 days 00:00:46.054000,9689.471363657143,157.58928457142858,4,1.7642861714285714,False,0,pos,2691.2244331435827,0.6163135656695803,OnTrack,3785.0,6417.0,2307.0,3942.621,46.054
2026-07-25 14:52:31.069,0 days 01:05:42.654000,27,380.40916666666635,0 days 00:00:46.087000,9656.0,157.0,4,2.0,False,0,car,2692.6477777777773,0.616639523845299,OnTrack,3792.552568143091,6410.9572295156,2307.07698744362,3942.654,46.087
2026-07-25 14:52:31.309,0 days 01:05:42.894000,27,384.67583333333323,0 days 00:00:46.327000,9552.0,154.0,4,30.0,False,0,car,2702.9144444444437,0.6189906789042932,OnTrack,3863.219547699521,6350.868264182854,2308.3163906218006,3942.894,46.327
2026-07-25 14:52:31.416,0 days 01:05:43.001000,27,386.5186122133332,0 days 00:00:46.434000,9656.6594376,154.6687504,4,37.3562544,False,0,pos,2707.524821264927,0.6200464948898791,OnTrack,3903.0,6304.0,2309.0,3943.001,46.434
2026-07-25 14:52:31.576,0 days 01:05:43.161000,27,389.2741677688887,0 days 00:00:46.594000,9813.1594376,155.6687504,4,48.3562544,False,0,pos,2714.4725593683083,0.6216375867330932,OnTrack,3966.0,6214.0,2310.0,3943.161,46.594
2026-07-25 14:52:31.629,0 days 01:05:43.214000,27,390.1869444444442,0 days 00:00:46.647000,9865.0,156.0,4,52.0,False,0,car,2716.7811111111105,0.6221662649579996,OnTrack,3981.2088977772337,6189.909147043914,2310.292019809298,3943.214,46.647
2026-07-25 14:52:31.869,0 days 01:05:43.454000,27,394.32027777777785,0 days 00:00:46.887000,10151.0,158.0,4,58.0,False,0,car,2727.314444444444,0.6245784889795651,OnTrack,4008.696522862682,6126.838457558918,2311.365875923704,3943.454,46.887
2026-07-25 14:52:31.996,0 days 01:05:43.581000,27,396.47222330666665,0 days 00:00:47.014000,10301.4157008,160.7781264,4,66.7312544,False,0,pos,2733.02439445136,0.6258861166917761,OnTrack,4019.0,6086.0,2312.0,3943.581,47.014
2026-07-25 14:52:32.156,0 days 01:05:43.741000,27,399.18333441777764,0 days 00:00:47.174000,10490.9157008,164.2781264,4,77.7312544,False,0,pos,2740.4177643824173,0.6275792620602586,OnTrack,4036.0,6015.0,2313.0,3943.741,47.174
2026-07-25 14:52:32.189,0 days 01:05:43.774000,27,399.74249999999984,0 days 00:00:47.207000,10530.0,165.0,4,80.0,False,0,car,2741.9811111111103,0.6279372819209854,OnTrack,4038.7136445275896,6000.653434749805,2313.2562646910487,3943.774,47.207
2026-07-25 14:52:32.376,0 days 01:05:43.961000,27,402.54750095999987,0 days 00:00:47.394000,11041.133508266666,171.7527800888889,4,83.63611235555555,False,0,pos,2751.092382774874,0.6300238415767769,OnTrack,4046.0,5912.0,2315.0,3943.961,47.394
2026-07-25 14:52:32.549,0 days 01:05:44.134000,27,405.1424999999999,0 days 00:00:47.567000,11514.0,178.0,4,87.0,False,0,car,2759.7811111111105,0.6320136351726182,OnTrack,4041.038057362437,5781.6228750585515,2316.75331568953,3944.134,47.567
2026-07-25 14:52:32.576,0 days 01:05:44.161000,27,405.5400009422221,0 days 00:00:47.594000,11563.725117866667,178.90000213333335,4,88.3500032,False,0,pos,2761.149802686979,0.632327077327437,OnTrack,4040.0,5764.0,2317.0,3944.161,47.594
2026-07-25 14:52:32.789,0 days 01:05:44.374000,27,408.6758333333328,0 days 00:00:47.807000,11956.0,186.0,4,99.0,False,0,car,2772.1811111111106,0.6348533419321827,OnTrack,4032.6326760682377,5683.67055702012,2318.533159200216,3944.374,47.807
2026-07-25 14:52:32.996,0 days 01:05:44.581000,27,411.1483340977776,0 days 00:00:48.014000,11378.281639563636,194.93863912727272,4,99.4704546909091,False,0,pos,2783.728012128111,0.6374976816797632,OnTrack,4011.0,5597.0,2320.0,3944.581,48.014
2026-07-25 14:52:33.216,0 days 01:05:44.801000,27,413.7761118755558,0 days 00:00:48.234000,10764.281639563636,204.43863912727272,4,99.9704546909091,False,0,pos,2796.4854896297616,0.640419253864959,OnTrack,3963.0,5411.0,2322.0,3944.801,48.234
2026-07-25 14:52:33.229,0 days 01:05:44.814000,27,413.93138888888916,0 days 00:00:48.247000,10728.0,205.0,5,100.0,False,0,car,2797.2366666666658,0.6405912798737756,OnTrack,3960.5190634580035,5401.648719131902,2322.093035227612,3944.814,48.247
2026-07-25 14:52:33.389,0 days 01:05:44.974000,27,415.8425000000002,0 days 00:00:48.407000,11068.0,209.0,5,100.0,False,0,car,2806.5255555555545,0.6427185154033418,OnTrack,3937.1779719653705,5317.388355169297,2322.8745956205157,3944.974,48.407
2026-07-25 14:52:33.629,0 days 01:05:45.214000,27,418.3091666666669,0 days 00:00:48.647000,11561.0,220.0,5,100.0,False,0,car,2821.1922222222215,0.6460773083447622,OnTrack,3913.4093569983042,5239.597254216327,2323.6777236674034,3945.214,48.647
2026-07-25 14:52:33.676,0 days 01:05:45.261000,27,418.75305616000026,0 days 00:00:48.694000,11606.8250624,221.1750016,5,99.8041664,False,0,pos,2824.115912861203,0.6467468586730195,OnTrack,3907.0,5217.0,2324.0,3945.261,48.694
2026-07-25 14:52:33.869,0 days 01:05:45.454000,27,420.5758333333338,0 days 00:00:48.887000,11795.0,226.0,5,99.0,False,0,car,2836.258888888888,0.6495277047300394,OnTrack,3876.0562156766377,5101.329489486458,2325.9155485670435,3945.454,48.887
2026-07-25 14:52:33.876,0 days 01:05:45.461000,27,420.6361116622227,0 days 00:00:48.894000,11758.249664,226.2625024,5,99.0,False,0,pos,2836.7053092507185,0.6496299388364182,OnTrack,3875.0,5097.0,2326.0,3945.461,48.894
2026-07-25 14:52:34.029,0 days 01:05:45.614000,27,421.9536111111115,0 days 00:00:49.047000,10955.0,232.0,5,99.0,False,0,car,2846.569999999999,0.6518890379494621,OnTrack,3854.7892072523564,5003.370461263819,2327.9255750535362,3945.614,49.047
2026-07-25 14:52:34.036,0 days 01:05:45.621000,27,422.0138894400004,0 days 00:00:49.054000,10953.12748288,232.12250112,5,99.01750016,False,0,pos,2847.025723510144,0.6519934025569019,OnTrack,3854.0,4999.0,2328.0,3945.621,49.054
2026-07-25 14:52:34.156,0 days 01:05:45.741000,27,423.04722277333354,0 days 00:00:49.174000,10921.02748288,234.22250112,5,99.31750016,False,0,pos,2854.894901735074,0.6537955121212203,OnTrack,3842.0,4923.0,2329.0,3945.741,49.174
2026-07-25 14:52:34.316,0 days 01:05:45.901000,27,424.4250005511111,0 days 00:00:49.334000,10878.22748288,237.02250112,5,99.71750016,False,0,pos,2865.540638368262,0.6562334774662046,OnTrack,3829.0,4819.0,2330.0,3945.901,49.334
2026-07-25 14:52:34.429,0 days 01:05:46.014000,27,425.3980555555554,0 days 00:00:49.447000,10848.0,239.0,6,100.0,False,0,car,2873.125555555555,0.6579704888055186,OnTrack,3826.0023338132114,4718.201974366978,2331.340364296013,3946.014,49.447
2026-07-25 14:52:34.655,0 days 01:05:46.240000,27,427.15583432888906,0 days 00:00:49.673000,10956.377334109091,242.08181992727273,6,100.0,False,0,pos,2888.4433878237273,0.6614784042759865,OnTrack,3832.0,4498.0,2335.0,3946.24,49.673
2026-07-25 14:52:34.869,0 days 01:05:46.454000,27,428.8202777777783,0 days 00:00:49.887000,11059.0,245.0,6,100.0,False,0,car,2903.0699999999993,0.6648280243942517,OnTrack,3841.472916471765,4388.751490651866,2337.6771304388326,3946.454,49.887
2026-07-25 14:52:35.029,0 days 01:05:46.614000,27,430.0202777777781,0 days 00:00:50.047000,11215.0,247.0,6,100.0,False,0,car,2914.047777777777,0.6673420300201026,OnTrack,3853.643605467845,4333.037831439702,2338.8436235462964,3946.614,50.047
2026-07-25 14:52:35.115,0 days 01:05:46.700000,27,430.665278737778,0 days 00:00:50.133000,11221.4500096,247.5375008,6,100.0,False,0,pos,2919.9641923055415,0.6686969398851734,OnTrack,3864.0,4285.0,2339.0,3946.7,50.133
2026-07-25 14:52:35.155,0 days 01:05:46.740000,27,430.96527873777796,0 days 00:00:50.173000,11224.4500096,247.7875008,6,100.0,False,0,pos,2922.721777635454,0.6693284506675468,OnTrack,3870.0,4258.0,2339.0,3946.74,50.173
2026-07-25 14:52:35.189,0 days 01:05:46.774000,27,431.22027777777794,0 days 00:00:50.207000,11227.0,248.0,6,100.0,False,0,car,2925.0699999999993,0.6698662138063821,OnTrack,3877.0220642878585,4231.334284278795,2339.1603408402266,3946.774,50.207
2026-07-25 14:52:35.429,0 days 01:05:47.014000,27,433.02027777777766,0 days 00:00:50.447000,11298.0,250.0,6,100.0,False,0,car,2941.736666666666,0.6736830239670871,OnTrack,3961.5008533022515,3989.4338984883193,2343.6086273918504,3947.014,50.447
2026-07-25 14:52:35.455,0 days 01:05:47.040000,27,433.2080564799999,0 days 00:00:50.473000,11305.1500352,250.13000064,6,99.86999936,False,0,pos,2943.546178808922,0.6740974178269159,OnTrack,3969.0,3970.0,2344.0,3947.04,50.473
2026-07-25 14:52:35.629,0 days 01:05:47.214000,27,434.46472222222246,0 days 00:00:50.647000,11353.0,251.0,6,99.0,False,0,car,2955.6811111111106,0.6768764218015435,OnTrack,4000.7209129208773,3897.6882789757774,2345.3255737662357,3947.214,50.647
2026-07-25 14:52:35.795,0 days 01:05:47.380000,27,435.4791674488887,0 days 00:00:50.813000,11390.3500288,252.66000128,6,99.0,False,0,pos,2967.346548615511,0.6795479074252953,OnTrack,4034.0,3848.0,2346.0,3947.38,50.813
2026-07-25 14:52:35.829,0 days 01:05:47.414000,27,435.6869444444442,0 days 00:00:50.847000,11398.0,253.0,6,99.0,False,0,car,2969.736666666666,0.6800952650370713,OnTrack,4044.976124871201,3831.584670487973,2346.2406801444486,3947.414,50.847
2026-07-25 14:52:36.015,0 days 01:05:47.600000,27,435.79027784888854,0 days 00:00:51.033000,11423.5750176,253.0,6,99.0,False,0,pos,2982.796848978375,0.6830861592299504,OnTrack,4123.0,3718.0,2348.0,3947.6,51.033
2026-07-25 14:52:36.069,0 days 01:05:47.654000,27,435.8202777777774,0 days 00:00:51.087000,11431.0,253.0,6,99.0,False,0,car,2986.603333333333,0.6839578769197047,OnTrack,4147.001272952669,3685.9627114769214,2348.5435533338436,3947.654,51.087
2026-07-25 14:52:36.295,0 days 01:05:47.880000,27,431.8652761143608,0 days 00:00:51.313000,11433.574032973262,254.544419783957,6,99.51480659465234,False,0,pos,3002.6607072307556,0.6876351537904598,OnTrack,4247.0,3560.0,2351.0,3947.88,51.313
2026-07-25 14:52:36.455,0 days 01:05:48.040000,27,429.06527652256125,0 days 00:00:51.473000,11435.396356170007,255.6378137020044,6,99.87927123400146,False,0,pos,3014.0601205858466,0.6902457175936471,OnTrack,4313.0,3468.0,2353.0,3948.04,51.473
2026-07-25 14:52:36.508,0 days 01:05:48.093000,27,428.1377777777775,0 days 00:00:51.526000,11436.0,256.0,6,100.0,True,0,car,3017.821111111111,0.6911070168047156,OnTrack,4333.833344658341,3437.061384974932,2353.4889281999194,3948.093,51.526
2026-07-25 14:52:36.708,0 days 01:05:48.293000,27,423.13777777777796,0 days 00:00:51.726000,11375.0,253.0,6,7.0,True,0,car,3031.876666666666,0.6943258600402433,OnTrack,4406.675275517367,3317.3438839408973,2354.927020713831,3948.293,51.726
2026-07-25 14:52:36.715,0 days 01:05:48.300000,27,422.9705539822589,0 days 00:00:51.733000,11365.414847579046,252.68049491930157,6,6.825724501437212,True,0,pos,3032.3590582746738,0.6944363318716963,OnTrack,4409.0,3313.0,2355.0,3948.3,51.733
2026-07-25 14:52:36.949,0 days 01:05:48.534000,27,417.3805555555555,0 days 00:00:51.967000,11045.0,242.0,6,1.0,False,0,car,3048.0772222222217,0.6980359267434538,OnTrack,4476.571681819615,3167.387751308593,2357.951714439553,3948.534,51.967
2026-07-25 14:52:36.955,0 days 01:05:48.540000,27,417.21555203555545,0 days 00:00:51.973000,11059.58031104,241.8499968,6,1.0750016,False,0,pos,3048.472867774695,0.6981265329813369,OnTrack,4478.0,3164.0,2358.0,3948.54,51.973
2026-07-25 14:52:37.135,0 days 01:05:48.720000,27,412.26555203555546,0 days 00:00:52.153000,11496.98031104,237.3499968,6,3.3250016,False,0,pos,3060.2013619828517,0.7008124591331447,OnTrack,4516.0,3050.0,2359.0,3948.72,52.153
2026-07-25 14:52:37.275,0 days 01:05:48.860000,27,408.4155520355555,0 days 00:00:52.293000,11837.18031104,233.8499968,6,5.0750016,False,0,pos,3069.16072379298,0.7028642301245643,OnTrack,4546.0,2885.0,2361.0,3948.86,52.293
2026-07-25 14:52:37.349,0 days 01:05:48.934000,27,406.3805555555555,0 days 00:00:52.367000,12017.0,232.0,5,6.0,False,0,car,3073.8549999999996,0.7039392597920108,OnTrack,4556.959205376636,2820.602090346744,2361.666127013237,3948.934,52.367
2026-07-25 14:52:37.589,0 days 01:05:49.174000,27,399.51388888888914,0 days 00:00:52.607000,11769.0,226.0,5,42.0,False,0,car,3088.921666666666,0.707389656177288,OnTrack,4562.924930787058,2752.4870984568424,2361.52077472725,3949.174,52.607
2026-07-25 14:52:37.736,0 days 01:05:49.321000,27,395.063053617778,0 days 00:00:52.754000,11689.374965333333,226.0,5,57.51667342222222,False,0,pos,3098.129079017385,0.7094982328781292,OnTrack,4544.0,2668.0,2363.0,3949.321,52.754
2026-07-25 14:52:37.916,0 days 01:05:49.501000,27,389.61305361777795,0 days 00:00:52.934000,11591.874965333333,226.0,5,76.51667342222223,False,0,pos,3109.437959881173,0.7120880639613557,OnTrack,4503.0,2488.0,2367.0,3949.501,52.934
2026-07-25 14:52:37.949,0 days 01:05:49.534000,27,388.61388888888905,0 days 00:00:52.967000,11574.0,226.0,5,80.0,False,0,car,3111.521666666666,0.7125652507552038,OnTrack,4496.541739956817,2463.2920214689434,2367.5222434819602,3949.534,52.967
2026-07-25 14:52:38.109,0 days 01:05:49.694000,27,383.59166666666624,0 days 00:00:53.127000,10454.0,228.0,5,80.0,False,0,car,3121.6549999999997,0.7148858713329125,OnTrack,4474.027777647548,2403.2812518710393,2368.490665578235,3949.694,53.127
2026-07-25 14:52:38.256,0 days 01:05:49.841000,27,378.9366646399996,0 days 00:00:53.274000,10447.5687472,228.0,5,83.6750016,False,0,pos,3130.958792529117,0.717016519924406,OnTrack,4446.0,2359.0,2369.0,3949.841,53.274
2026-07-25 14:52:38.269,0 days 01:05:49.854000,27,378.52499999999964,0 days 00:00:53.287000,10447.0,228.0,6,84.0,False,0,car,3131.788333333333,0.717206491910621,OnTrack,4442.5907088757085,2353.34109889544,2369.0833488055864,3949.854,53.287
2026-07-25 14:52:38.476,0 days 01:05:50.061000,27,371.3374977777774,0 days 00:00:53.494000,10681.025072355556,232.02500124444444,6,93.20000284444444,False,0,pos,3145.2159139968985,0.7202815234892437,OnTrack,4372.0,2238.0,2371.0,3950.061,53.494
2026-07-25 14:52:38.629,0 days 01:05:50.214000,27,366.02499999999964,0 days 00:00:53.647000,10854.0,235.0,6,100.0,False,0,car,3155.288333333333,0.7225881942372149,OnTrack,4311.375769797268,2158.0054122144047,2372.4398509981165,3950.214,53.647
2026-07-25 14:52:38.836,0 days 01:05:50.421000,27,358.8949977955551,0 days 00:00:53.854000,11027.075053511111,237.87500088888888,6,100.0,False,0,pos,3168.993057820768,0.7257266941376128,OnTrack,4224.0,2061.0,2374.0,3950.421,53.854
2026-07-25 14:52:38.989,0 days 01:05:50.574000,27,353.62499999999955,0 days 00:00:54.007000,11155.0,240.0,6,100.0,False,0,car,3179.288333333333,0.7280844008686299,OnTrack,4158.207090105994,1991.9849394101996,2374.6535432284495,3950.574,54.007
2026-07-25 14:52:39.229,0 days 01:05:50.814000,27,345.2916666666665,0 days 00:00:54.247000,11378.0,248.0,6,100.0,False,0,car,3195.8216666666663,0.7318706765480492,OnTrack,4048.4422042303904,1881.4429019446334,2374.9976781466503,3950.814,54.247
2026-07-25 14:52:39.236,0 days 01:05:50.821000,27,345.0544422755554,0 days 00:00:54.254000,11371.6124416,248.1312512,6,100.0,False,0,pos,3196.3076364073027,0.7319819678026804,OnTrack,4045.0,1878.0,2375.0,3950.821,54.254
2026-07-25 14:52:39.276,0 days 01:05:50.861000,27,343.6988867199999,0 days 00:00:54.294000,11335.1124416,248.8812512,6,100.0,False,0,pos,3199.0872115356437,0.7326185144382181,OnTrack,4025.0,1858.0,2375.0,3950.861,54.294
2026-07-25 14:52:39.389,0 days 01:05:50.974000,27,339.8694444444445,0 days 00:00:54.407000,11232.0,251.0,6,100.0,False,0,car,3206.9772222222214,0.7344253948156142,OnTrack,3963.5851156604604,1796.1265009462854,2374.7151599376507,3950.974,54.407
2026-07-25 14:52:39.536,0 days 01:05:51.121000,27,334.92860896000013,0 days 00:00:54.554000,11438.325089828571,253.62500114285714,6,100.0,False,0,pos,3217.3724272482873,0.7368059862655801,OnTrack,3881.0,1712.0,2374.0,3951.121,54.554
2026-07-25 14:52:39.669,0 days 01:05:51.254000,27,330.4583333333335,0 days 00:00:54.687000,11625.0,256.0,6,100.0,False,0,car,3226.8883333333324,0.7389852106876029,OnTrack,3813.9105538192034,1642.8465216387335,2373.3894896826487,3951.254,54.687
2026-07-25 14:52:39.736,0 days 01:05:51.321000,27,328.2808312533335,0 days 00:00:54.754000,11532.874912,257.6750016,6,100.0,False,0,pos,3231.7153452959983,0.7400906379858998,OnTrack,3782.0,1610.0,2373.0,3951.321,54.754
2026-07-25 14:52:39.869,0 days 01:05:51.454000,27,323.9583333333335,0 days 00:00:54.887000,11350.0,261.0,6,100.0,False,0,car,3241.3883333333324,0.7423058355274161,OnTrack,3721.2163551743965,1547.9909031283994,2371.944804006783,3951.454,54.887
2026-07-25 14:52:39.976,0 days 01:05:51.561000,27,320.8374981333335,0 days 00:00:54.994000,11144.3220992,263.3777792,6,99.7027776,False,0,pos,3249.2960638875534,0.7441167739070642,OnTrack,3671.0,1497.0,2371.0,3951.561,54.994
2026-07-25 14:52:40.176,0 days 01:05:51.761000,27,315.0041648000001,0 days 00:00:55.194000,10759.877654755555,267.8222236444444,6,99.14722204444445,False,0,pos,3264.3034715232047,0.74755359946404,OnTrack,3568.0,1392.0,2369.0,3951.761,55.194
2026-07-25 14:52:40.229,0 days 01:05:51.814000,27,313.4583333333335,0 days 00:00:55.247000,10658.0,269.0,7,99.0,False,0,car,3268.2883333333325,0.7484661671267939,OnTrack,3540.0278859044956,1363.151164341315,2368.1140921235615,3951.814,55.247
2026-07-25 14:52:40.389,0 days 01:05:51.974000,27,309.19166666666706,0 days 00:00:55.407000,10574.0,271.0,7,99.0,False,0,car,3280.3327777777768,0.7512244486029299,OnTrack,3456.245155920516,1276.059538473348,2364.7654989661,3951.974,55.407
2026-07-25 14:52:40.436,0 days 01:05:52.021000,27,307.9644427733337,0 days 00:00:55.454000,10641.562592,271.5875008,7,99.0,False,0,pos,3283.886486633874,0.7520382785271382,OnTrack,3433.0,1252.0,2364.0,3952.021,55.454
2026-07-25 14:52:40.549,0 days 01:05:52.134000,27,305.01388888888914,0 days 00:00:55.567000,10804.0,273.0,7,99.0,False,0,car,3292.4661111111104,0.7540030863999231,OnTrack,3380.2842776797816,1197.8055358512468,2362.785683763331,3952.134,55.567
2026-07-25 14:52:40.696,0 days 01:05:52.281000,27,301.62472074666664,0 days 00:00:55.714000,10843.812517333334,274.8375008,7,99.0,False,0,pos,3303.702704063854,0.7565763629291473,OnTrack,3296.0,1111.0,2361.0,3952.281,55.714
2026-07-25 14:52:40.789,0 days 01:05:52.374000,27,299.4805555555554,0 days 00:00:55.807000,10869.0,276.0,7,99.0,False,0,car,3310.8661111111105,0.7582168448173413,OnTrack,3217.2360383716227,1029.122787373087,2358.6396316311143,3952.374,55.807
2026-07-25 14:52:40.916,0 days 01:05:52.501000,27,296.69360970666685,0 days 00:00:55.934000,10953.1375424,278.1166677333333,7,99.0,False,0,pos,3320.7259085994606,0.7604748233315032,OnTrack,3104.0,911.0,2355.0,3952.501,55.934
2026-07-25 14:52:41.029,0 days 01:05:52.614000,27,294.2138888888894,0 days 00:00:56.047000,11028.0,280.0,7,99.0,False,0,car,3329.5327777777766,0.7624916721973307,OnTrack,3030.8144594465957,834.4576706716458,2352.7879568668272,3952.614,56.047
2026-07-25 14:52:41.235,0 days 01:05:52.820000,27,290.09388632888925,0 days 00:00:56.253000,11111.258385066667,280.85833386666667,7,99.0,False,0,pos,3345.599911077333,0.7661711840551998,OnTrack,2932.0,730.0,2350.0,3952.82,56.253
2026-07-25 14:52:41.269,0 days 01:05:52.854000,27,289.41388888888923,0 days 00:00:56.287000,11125.0,281.0,7,99.0,False,0,car,3348.26611111111,0.7667817668179631,OnTrack,2913.8616910961896,710.6258068804079,2349.456851811144,3952.854,56.287
2026-07-25 14:52:41.509,0 days 01:05:53.094000,27,284.9472222222221,0 days 00:00:56.527000,11174.0,284.0,7,99.0,False,0,car,3367.1994444444435,0.7711176631605238,OnTrack,2767.307556405956,552.6704727114591,2344.807499485226,3953.094,56.527
2026-07-25 14:52:41.669,0 days 01:05:53.254000,27,282.1027777777781,0 days 00:00:56.687000,11148.0,284.0,7,99.0,False,0,car,3379.8216666666654,0.7740082607222308,OnTrack,2679.244248470137,457.2593526482139,2342.0258039775663,3953.254,56.687
2026-07-25 14:52:41.775,0 days 01:05:53.360000,27,280.041664177778,0 days 00:00:56.793000,11170.9666944,284.4416672,7,99.0,False,0,pos,3388.2981705593634,0.7759494530933251,OnTrack,2642.0,417.0,2341.0,3953.36,56.793
2026-07-25 14:52:41.909,0 days 01:05:53.494000,27,277.43611111111113,0 days 00:00:56.927000,11200.0,285.0,7,99.0,False,0,car,3398.8216666666654,0.7783594243054345,OnTrack,2618.948533779619,392.2457019348492,2340.6339953552315,3953.494,56.927
2026-07-25 14:52:42.035,0 days 01:05:53.620000,27,275.0211086577778,0 days 00:00:57.053000,10856.936015127272,274.1181707636364,7,72.08179083636364,False,0,pos,3408.083390017739,0.7804804386929554,OnTrack,2587.0,356.0,2340.0,3953.62,57.053
2026-07-25 14:52:42.315,0 days 01:05:53.900000,27,269.65444199111107,0 days 00:00:57.333000,10094.572378763636,249.93635258181817,7,12.263609018181818,False,0,pos,3426.834932700562,0.7847747034113969,OnTrack,2412.0,153.0,2335.0,3953.9,57.333
2026-07-25 14:52:42.349,0 days 01:05:53.934000,27,269.00277777777774,0 days 00:00:57.367000,10002.0,247.0,7,5.0,True,0,car,3429.010555555554,0.7852729397765246,OnTrack,2395.921614064105,134.0135291963335,2334.538234664563,3953.934,57.367
2026-07-25 14:52:42.549,0 days 01:05:54.134000,27,265.7249999999999,0 days 00:00:57.567000,8736.0,223.0,7,0.0,True,0,car,3441.3994444444434,0.7881101019959819,OnTrack,2341.31324007978,67.38360911635695,2333.0219765142733,3954.134,57.567
2026-07-25 14:52:42.655,0 days 01:05:54.240000,27,264.04666464000053,0 days 00:00:57.673000,8355.06204,213.062488,7,0.0,True,0,pos,3447.6374011863095,0.7895386477964453,OnTrack,2307.0,27.0,2332.0,3954.24,57.673
2026-07-25 14:52:42.709,0 days 01:05:54.294000,27,263.1916666666675,0 days 00:00:57.727000,8161.0,208.0,7,0.0,True,0,car,3450.6438888888874,0.7902271593651194,OnTrack,2283.7261546867635,0.28871487254716643,2331.282686743973,3954.294,57.727
2026-07-25 14:52:42.915,0 days 01:05:54.500000,27,261.01722136990935,0 days 00:00:57.933000,9058.835477371073,182.8960475077167,7,0.0,True,0,pos,3460.81217730567,0.7925557849578886,OnTrack,2182.0,-113.0,2328.0,3954.5,57.933
2026-07-25 14:52:42.988,0 days 01:05:54.573000,27,260.24666666666735,0 days 00:00:58.006000,9377.0,174.0,7,0.0,True,0,car,3464.1288888888876,0.7933153404661458,OnTrack,2157.199294947161,-138.7120015628924,2327.1026378185015,3954.573,58.006
2026-07-25 14:52:43.255,0 days 01:05:54.840000,27,257.79916568937716,0 days 00:00:58.273000,10016.202250246743,158.6857794211718,7,0.0,True,0,pos,3475.540283887667,0.7959286481688953,OnTrack,2102.0,-185.0,2325.0,3954.84,58.273
2026-07-25 14:52:43.389,0 days 01:05:54.974000,27,256.5708333333341,0 days 00:00:58.407000,10337.0,151.0,7,0.0,True,0,car,3480.9486111111096,0.7971672016668264,OnTrack,2065.4792437698693,-214.15983151187982,2324.235455300612,3954.974,58.407
2026-07-25 14:52:43.535,0 days 01:05:55.120000,27,255.55694355555616,0 days 00:00:58.553000,9814.1370416,140.9624912,7,0.0,True,0,pos,3486.6399539320737,0.798470568173253,OnTrack,2010.0,-249.0,2323.0,3955.12,58.553
2026-07-25 14:52:43.549,0 days 01:05:55.134000,27,255.4597222222228,0 days 00:00:58.567000,9764.0,140.0,5,0.0,True,0,car,3487.1708333333318,0.7985921441268229,OnTrack,2003.4871835091103,-252.1950539899972,2322.8252135147786,3955.134,58.567
2026-07-25 14:52:43.749,0 days 01:05:55.334000,27,254.18194444444498,0 days 00:00:58.767000,10737.0,132.0,3,0.0,True,0,car,3494.5041666666652,0.8002715405975331,OnTrack,1897.2547830282663,-292.88664875971716,2319.608038423101,3955.334,58.767
2026-07-25 14:52:43.795,0 days 01:05:55.380000,27,253.88805473777842,0 days 00:00:58.813000,10881.3254016,131.1374976,3,0.0,True,0,pos,3496.16632977237,0.8006521902593693,OnTrack,1878.0,-299.0,2319.0,3955.38,58.813
2026-07-25 14:52:43.909,0 days 01:05:55.494000,27,253.15972222222308,0 days 00:00:58.927000,11239.0,129.0,2,0.0,True,0,car,3500.2374999999984,0.8015845232928156,OnTrack,1845.4316238463834,-307.39885209109633,2317.95875642669,3955.494,58.927
2026-07-25 14:52:44.149,0 days 01:05:55.734000,27,251.82638888889005,0 days 00:00:59.167000,10873.0,122.0,2,0.0,False,0,car,3508.3708333333316,0.8034471266512395,OnTrack,1806.8466075636122,-303.2498235981596,2317.0309994938993,3955.734,59.167
2026-07-25 14:52:44.156,0 days 01:05:55.741000,27,251.78361072000115,0 days 00:00:59.174000,10866.3499392,121.88333226666667,2,0.11666773333333333,False,0,pos,3508.6029450316405,0.803500282228551,OnTrack,1805.0,-303.0,2317.0,3955.741,59.174
2026-07-25 14:52:44.316,0 days 01:05:55.901000,27,250.80583294222336,0 days 00:00:59.334000,10714.3499392,119.2166656,2,2.7833344,False,0,pos,3513.8581974267668,0.8047037802728781,OnTrack,1753.0,-295.0,2316.0,3955.901,59.334
2026-07-25 14:52:44.389,0 days 01:05:55.974000,27,250.35972222222335,0 days 00:00:59.407000,10645.0,118.0,2,4.0,False,0,car,3516.237499999998,0.8052486610470921,OnTrack,1729.3646570236774,-288.42766172498773,2315.091156950841,3955.974,59.407
2026-07-25 14:52:44.476,0 days 01:05:56.061000,27,249.87638853333442,0 days 00:00:59.494000,10800.875114666667,117.63749973333333,2,17.775010133333332,False,0,pos,3519.064630124976,0.805896098186291,OnTrack,1703.0,-279.0,2314.0,3956.061,59.494
2026-07-25 14:52:44.629,0 days 01:05:56.214000,27,249.02638888888987,0 days 00:00:59.647000,11075.0,117.0,2,42.0,False,0,car,3524.037499999998,0.807034928202302,OnTrack,1661.9774781765223,-261.66620440303745,2313.365345243939,3956.214,59.647
2026-07-25 14:52:44.756,0 days 01:05:56.341000,27,248.2855551822234,0 days 00:00:59.774000,11267.0875968,118.05833386666667,2,45.1750016,False,0,pos,3528.2000949920175,0.8079881982939282,OnTrack,1622.0,-237.0,2313.0,3956.341,59.774
2026-07-25 14:52:44.869,0 days 01:05:56.454000,27,247.62638888889023,0 days 00:00:59.887000,11438.0,119.0,2,48.0,False,0,car,3531.9708333333315,0.8088517298387976,OnTrack,1574.7073761987415,-201.01102117406023,2312.092404719668,3956.454,59.887
2026-07-25 14:52:44.996,0 days 01:05:56.581000,27,246.77972179555684,0 days 00:01:00.014000,11097.367685485715,121.72142994285714,2,49.81428662857143,False,0,pos,3536.3237924105983,0.8098485949449123,OnTrack,1525.0,-160.0,2311.0,3956.581,60.014
2026-07-25 14:52:45.149,0 days 01:05:56.734000,27,245.75972222222344,0 days 00:01:00.167000,10687.0,125.0,2,52.0,False,0,car,3541.6930555555537,0.8110782024325421,OnTrack,1495.9729896600031,-133.6242789488805,2310.4938262904216,3956.734,60.167
2026-07-25 14:52:45.316,0 days 01:05:56.901000,27,244.6463884622235,0 days 00:01:00.334000,10218.0081536,128.479168,2,60.350003199999996,False,0,pos,3547.6658020207133,0.8124460127962743,OnTrack,1475.0,-110.0,2310.0,3956.901,60.334
2026-07-25 14:52:45.389,0 days 01:05:56.974000,27,244.15972222222354,0 days 00:01:00.407000,10013.0,130.0,3,64.0,False,0,car,3550.35972222222,0.8130629437161087,OnTrack,1459.4314974880965,-92.95692744708705,2309.463832626691,3956.974,60.407
2026-07-25 14:52:45.556,0 days 01:05:57.141000,27,242.7216661155569,0 days 00:01:00.574000,10771.18029056,138.3500032,3,80.70000639999999,False,0,pos,3556.7993860041815,0.8145376821653794,OnTrack,1415.0,-44.0,2308.0,3957.141,60.574
2026-07-25 14:52:45.589,0 days 01:05:57.174000,27,242.43750000000136,0 days 00:01:00.607000,10921.0,140.0,3,84.0,False,0,car,3558.137499999998,0.8148441217911042,OnTrack,1406.3169749901663,-34.117633029410776,2307.8026401729476,3957.174,60.607
2026-07-25 14:52:45.756,0 days 01:05:57.341000,27,240.48916592000123,0 days 00:01:00.774000,11625.1836032,151.1333376,3,94.437504,False,0,pos,3565.2798253589335,0.8164797757911668,OnTrack,1363.0,17.0,2307.0,3957.341,60.774
2026-07-25 14:52:45.829,0 days 01:05:57.414000,27,239.63750000000118,0 days 00:01:00.847000,11933.0,156.0,3,99.0,False,0,car,3568.537499999998,0.8172258113313841,OnTrack,1343.6011054176693,40.84068756258589,2306.3960046401216,3957.414,60.847
2026-07-25 14:52:46.036,0 days 01:05:57.621000,27,236.8199991288903,0 days 00:01:01.054000,11013.574715733334,165.48750293333333,3,99.0,False,0,pos,3578.1016308252256,0.8194160796341066,OnTrack,1286.0,113.0,2304.0,3957.621,61.054
2026-07-25 14:52:46.069,0 days 01:05:57.654000,27,236.37083333333476,0 days 00:01:01.087000,10867.0,167.0,3,99.0,False,0,car,3579.6708333333313,0.819775440518735,OnTrack,1276.3335483502203,124.9025129654949,2303.6120072157505,3957.654,61.087
2026-07-25 14:52:46.216,0 days 01:05:57.801000,27,234.24749907555713,0 days 00:01:01.234000,11099.99510144,173.61500288,3,99.73500032,False,0,pos,3586.8106797665814,0.8214105268234733,OnTrack,1232.0,179.0,2302.0,3957.801,61.234
2026-07-25 14:52:46.269,0 days 01:05:57.854000,27,233.48194444444607,0 days 00:01:01.287000,11184.0,176.0,4,100.0,False,0,car,3589.4486111111087,0.822014635813015,OnTrack,1215.8189040127206,198.83110630030376,2301.5343438384957,3957.854,61.287
2026-07-25 14:52:46.456,0 days 01:05:58.041000,27,230.67694348444616,0 days 00:01:01.474000,11573.583466666667,183.79166933333335,4,99.22083306666667,False,0,pos,3599.0405008474218,0.8242112611453704,OnTrack,1157.0,271.0,2300.0,3958.041,61.474
2026-07-25 14:52:46.509,0 days 01:05:58.094000,27,229.88194444444616,0 days 00:01:01.527000,11684.0,186.0,4,99.0,False,0,car,3601.8486111111088,0.8248543425725795,OnTrack,1139.254409723867,292.5377778487475,2299.372952298521,3958.094,61.527
2026-07-25 14:52:46.616,0 days 01:05:58.201000,27,228.3066657244461,0 days 00:01:01.634000,11657.78498432,190.28000256,4,99.0,False,0,pos,3607.645025317589,0.8261817713309163,OnTrack,1103.0,336.0,2298.0,3958.201,61.634
2026-07-25 14:52:46.836,0 days 01:05:58.421000,27,225.06777683555705,0 days 00:01:01.854000,11603.88498432,199.08000256,4,99.0,False,0,pos,3620.0590137870254,0.8290246815704172,OnTrack,1032.0,418.0,2296.0,3958.421,61.854
2026-07-25 14:52:46.909,0 days 01:05:58.494000,27,223.99305555555702,0 days 00:01:01.927000,11586.0,202.0,4,99.0,False,0,car,3624.293055555553,0.8299943135889953,OnTrack,1006.7109244285895,446.90332510749494,2295.4678565714544,3958.494,61.927
2026-07-25 14:52:47.096,0 days 01:05:58.681000,27,221.44777690666817,0 days 00:01:02.114000,11521.01747776,208.54500224,4,99.0,False,0,pos,3635.38474327559,0.8325344055723474,OnTrack,938.0,525.0,2294.0,3958.681,62.114
2026-07-25 14:52:47.276,0 days 01:05:58.861000,27,218.99777690666824,0 days 00:01:02.294000,11458.46747776,214.84500224,4,99.0,False,0,pos,3646.2862198583707,0.835030937567618,OnTrack,867.0,604.0,2292.0,3958.861,62.294
2026-07-25 14:52:47.309,0 days 01:05:58.894000,27,218.54861111111268,0 days 00:01:02.327000,11447.0,216.0,5,99.0,False,0,car,3648.293055555553,0.8354905202204104,OnTrack,851.181628767784,621.2046315904,2291.743881923284,3958.894,62.327
2026-07-25 14:52:47.469,0 days 01:05:59.054000,27,216.37083333333476,0 days 00:01:02.487000,11598.0,220.0,5,99.0,False,0,car,3658.070833333331,0.8377297155146907,OnTrack,764.1601117780673,714.1687001930848,2291.082497055563,3959.054,62.487
2026-07-25 14:52:47.496,0 days 01:05:59.081000,27,216.0408325511126,0 days 00:01:02.514000,11614.33503872,220.40500096,5,99.13500032,False,0,pos,3659.734105723795,0.8381106192122871,OnTrack,750.0,729.0,2291.0,3959.081,62.514
2026-07-25 14:52:47.669,0 days 01:05:59.254000,27,213.92638888889087,0 days 00:01:02.687000,11719.0,223.0,5,100.0,False,0,car,3670.4597222222196,0.8405668777341478,OnTrack,668.0600121171468,812.488665174755,2290.5165480435207,3959.254,62.687
2026-07-25 14:52:47.955,0 days 01:05:59.540000,27,212.01972136889066,0 days 00:01:02.973000,10964.6746624,219.4249984,5,31.359969280000005,False,0,pos,3688.0537411006308,0.844596059535513,OnTrack,554.0,917.0,2290.0,3959.54,62.973
2026-07-25 14:52:48.069,0 days 01:05:59.654000,27,211.2597222222239,0 days 00:01:03.087000,10664.0,218.0,5,4.0,True,0,car,3694.6819444444423,0.8461139751677057,OnTrack,510.0657006257764,952.0975272741331,2289.947369595482,3959.654,63.087
2026-07-25 14:52:48.309,0 days 01:05:59.894000,27,212.1263888888907,0 days 00:01:03.327000,11594.0,191.0,5,0.0,True,0,car,3707.4152777777754,0.8490300181304842,OnTrack,417.3894768186544,1014.623216833142,2289.9994180369954,3959.894,63.327
2026-07-25 14:52:48.315,0 days 01:05:59.900000,27,212.22305761777957,0 days 00:01:03.333000,11578.41466752,190.36998656,5,0.0,True,0,pos,3707.7036040901316,0.8490960473384004,OnTrack,415.0,1016.0,2290.0,3959.9,63.333
2026-07-25 14:52:48.515,0 days 01:06:00.100000,27,215.44527984000197,0 days 00:01:03.533000,11058.91466752,169.36998656,5,0.0,True,0,pos,3716.3751631200516,0.8510819090152733,OnTrack,334.0,1056.0,2290.0,3960.1,63.533
2026-07-25 14:52:48.709,0 days 01:06:00.294000,27,218.5708333333355,0 days 00:01:03.727000,10555.0,149.0,3,0.0,True,0,car,3723.970833333331,0.8528213828901178,OnTrack,257.1866576576686,1080.6557581115683,2290.008006354878,3960.294,63.727
2026-07-25 14:52:48.735,0 days 01:06:00.320000,27,219.0186133155577,0 days 00:01:03.753000,10442.2244448,147.5374928,3,0.0,True,0,pos,3724.9912710737544,0.8530550719182787,OnTrack,247.0,1083.0,2290.0,3960.32,63.753
2026-07-25 14:52:48.869,0 days 01:06:00.454000,27,221.32638888889096,0 days 00:01:03.887000,9861.0,140.0,3,0.0,True,0,car,3730.193055555553,0.8542463253501142,OnTrack,194.76804593169715,1091.7445920180892,2289.9096798292535,3960.454,63.887
2026-07-25 14:52:48.975,0 days 01:06:00.560000,27,222.9458352888909,0 days 00:01:03.993000,9816.6124464,135.6937448,3,0.0,True,0,pos,3734.078214605981,0.8551360602224919,OnTrack,155.0,1095.0,2290.0,3960.56,63.993
2026-07-25 14:52:49.175,0 days 01:06:00.760000,27,226.00139084444632,0 days 00:01:04.193000,9732.8624464,127.5687448,3,0.0,True,0,pos,3741.0007465498297,0.8567213796381572,OnTrack,83.0,1092.0,2291.0,3960.76,64.193
2026-07-25 14:52:49.189,0 days 01:06:00.774000,27,226.21527777777965,0 days 00:01:04.207000,9727.0,127.0,3,0.0,True,0,car,3741.481944444442,0.856831578098965,OnTrack,77.54185004503346,1091.175617098611,2291.1113569518366,3960.774,64.207
2026-07-25 14:52:49.389,0 days 01:06:00.974000,27,228.93750000000182,0 days 00:01:04.407000,10690.0,122.0,3,0.0,True,0,car,3748.25972222222,0.8583837475643183,OnTrack,-2.0177198829230307,1072.5821013682114,2292.957557444979,3960.974,64.407
2026-07-25 14:52:49.395,0 days 01:06:00.980000,27,229.01750169240634,0 days 00:01:04.413000,10674.289361240893,121.79943865413907,3,0.0,True,0,pos,3748.45535252989,0.8584285485890819,OnTrack,-4.0,1072.0,2293.0,3960.98,64.413
2026-07-25 14:52:49.635,0 days 01:06:01.220000,27,232.21750112193243,0 days 00:01:04.653000,10045.87721700239,113.77715596173265,3,0.0,True,0,pos,3755.8429252389546,0.8601203663438162,OnTrack,-63.0,1048.0,2294.0,3961.22,64.653
2026-07-25 14:52:49.748,0 days 01:06:01.333000,27,233.72416666666777,0 days 00:01:04.766000,9750.0,110.0,2,0.0,True,0,car,3759.2291666666647,0.8608958447850891,OnTrack,-90.42421306765404,1031.218423217296,2294.543861775938,3961.333,64.766
2026-07-25 14:52:49.909,0 days 01:06:01.494000,27,235.69194444444565,0 days 00:01:04.927000,9559.0,108.0,2,0.0,True,0,car,3764.0591666666646,0.8620019563696613,OnTrack,-131.59530136626742,1001.0238925623843,2295.4927456129353,3961.494,64.927
2026-07-25 14:52:50.015,0 days 01:06:01.600000,27,236.89916812444596,0 days 00:01:05.033000,9416.7831616,105.791664,2,0.0,True,0,pos,3767.140884615065,0.862707696312334,OnTrack,-155.0,981.0,2296.0,3961.6,65.033
2026-07-25 14:52:50.149,0 days 01:06:01.734000,27,238.42527777777968,0 days 00:01:05.167000,9237.0,103.0,2,0.0,False,0,car,3770.925833333331,0.8635744821558716,OnTrack,-179.71506120155834,955.5169648582296,2296.5021894639785,3961.734,65.167
2026-07-25 14:52:50.215,0 days 01:06:01.800000,27,239.19527927111292,0 days 00:01:05.233000,9160.76985216,101.67999744,2,0.33000064,False,0,pos,3772.7574245365668,0.8639939323107576,OnTrack,-193.0,937.0,2297.0,3961.8,65.233
2026-07-25 14:52:50.349,0 days 01:06:01.934000,27,240.7586111111127,0 days 00:01:05.367000,9006.0,99.0,2,1.0,False,0,car,3776.425833333331,0.8648340295089042,OnTrack,-224.10746275976376,884.0310928788355,2298.7198946126327,3961.934,65.367
2026-07-25 14:52:50.375,0 days 01:06:01.960000,27,241.05472368000173,0 days 00:01:05.393000,9070.187816,98.8374992,2,3.7625136,False,0,pos,3777.1335481369347,0.8649961022921008,OnTrack,-229.0,875.0,2299.0,3961.96,65.393
2026-07-25 14:52:50.509,0 days 01:06:02.094000,27,242.5808333333357,0 days 00:01:05.527000,9401.0,98.0,2,18.0,False,0,car,3780.7813888888863,0.8658314892309017,OnTrack,-243.68926208709857,844.309848189751,2299.7424297006123,3962.094,65.527
2026-07-25 14:52:50.696,0 days 01:06:02.281000,27,244.34694504889106,0 days 00:01:05.714000,9591.5063152,99.7531256,2,30.271879199999997,False,0,pos,3785.988775256764,0.8670240255428795,OnTrack,-249.0,818.0,2300.0,3962.281,65.714
2026-07-25 14:52:50.829,0 days 01:06:02.414000,27,245.6030555555576,0 days 00:01:05.847000,9727.0,101.0,2,39.0,False,0,car,3789.759166666664,0.8678874776374681,OnTrack,-255.20121178329526,785.255020571899,2300.7255350817663,3962.414,65.847
2026-07-25 14:52:51.016,0 days 01:06:02.601000,27,247.26527834666862,0 days 00:01:06.034000,9959.191746133334,102.55833386666667,2,40.03888924444445,False,0,pos,3795.1275492106056,0.8691168834598841,OnTrack,-263.0,730.0,2302.0,3962.601,66.034
2026-07-25 14:52:51.189,0 days 01:06:02.774000,27,248.80305555555742,0 days 00:01:06.207000,10174.0,104.0,2,41.0,False,0,car,3800.159166666664,0.8702691671777479,OnTrack,-262.2575919695853,681.3048074716387,2302.9400976150996,3962.774,66.207
2026-07-25 14:52:51.196,0 days 01:06:02.781000,27,248.85944496000187,0 days 00:01:06.214000,10168.5749504,104.0875008,2,41.0875008,False,0,pos,3800.3639890129666,0.8703160732584985,OnTrack,-262.0,679.0,2303.0,3962.781,66.214
2026-07-25 14:52:51.416,0 days 01:06:03.001000,27,250.63166718222413,0 days 00:01:06.434000,9998.0749504,106.8375008,2,43.8375008,False,0,pos,3806.8947354104703,0.8718116704109171,OnTrack,-244.0,593.0,2306.0,3963.001,66.434
2026-07-25 14:52:51.429,0 days 01:06:03.014000,27,250.73638888889081,0 days 00:01:06.447000,9988.0,107.0,2,44.0,False,0,car,3807.2924999999977,0.8719027619265297,OnTrack,-242.35705619018484,587.888657763203,2306.22006312252,3963.014,66.447
2026-07-25 14:52:51.869,0 days 01:06:03.454000,27,253.6697222222242,0 days 00:01:06.887000,11257.0,117.0,2,56.0,False,0,car,3821.5924999999975,0.8751775850444145,OnTrack,-167.8823390137642,448.31760064554084,2312.991310932409,3963.454,66.887
2026-07-25 14:52:51.876,0 days 01:06:03.461000,27,253.71250039111308,0 days 00:01:06.894000,11273.7564032,117.2625024,2,56.3500032,False,0,pos,3821.8285970973957,0.8752316533124301,OnTrack,-167.0,447.0,2313.0,3963.461,66.894
2026-07-25 14:52:52.029,0 days 01:06:03.614000,27,254.64750000000186,0 days 00:01:07.047000,11640.0,123.0,2,64.0,False,0,car,3827.059166666664,0.8764294987771256,OnTrack,-152.19204719570862,426.5381606354356,2312.110580441456,3963.614,67.047
2026-07-25 14:52:52.156,0 days 01:06:03.741000,27,255.247222524446,0 days 00:01:07.174000,11158.9872576,126.70416853333333,2,69.29166933333333,False,0,pos,3831.5714445925087,0.8774628492712427,OnTrack,-137.0,409.0,2312.0,3963.741,67.174
2026-07-25 14:52:52.269,0 days 01:06:03.854000,27,255.7808333333346,0 days 00:01:07.287000,10731.0,130.0,2,74.0,False,0,car,3835.725833333331,0.8784142400606922,OnTrack,-115.14383976962455,384.7227335585749,2313.810715521548,3963.854,67.287
2026-07-25 14:52:52.429,0 days 01:06:04.014000,27,256.3586111111126,0 days 00:01:07.447000,10627.0,138.0,3,80.0,False,0,car,3841.8591666666644,0.8798188261998316,OnTrack,-69.60634995076288,337.98862576364075,2318.2684292786503,3964.014,67.447
2026-07-25 14:52:52.456,0 days 01:06:04.041000,27,256.41861125333475,0 days 00:01:07.474000,10727.03523712,139.3500032,3,80.81000192,False,0,pos,3842.9372729710876,0.8800657218256543,OnTrack,-60.0,329.0,2319.0,3964.041,67.474
2026-07-25 14:52:52.629,0 days 01:06:04.214000,27,256.8030555555565,0 days 00:01:07.647000,11368.0,148.0,3,86.0,False,0,car,3850.0813888888865,0.8817017858791127,OnTrack,13.07408598717737,265.38719529407456,2323.3705087465355,3964.214,67.647
2026-07-25 14:52:52.716,0 days 01:06:04.301000,27,257.0205557155568,0 days 00:01:07.734000,11575.7126528,150.1750016,3,87.6312512,False,0,pos,3853.706709704183,0.8825320155585309,OnTrack,45.0,239.0,2325.0,3964.301,67.734
2026-07-25 14:52:52.789,0 days 01:06:04.374000,27,257.20305555555706,0 days 00:01:07.807000,11750.0,152.0,3,89.0,False,0,car,3856.836944444442,0.8832488662642517,OnTrack,65.09922127309927,222.99391491570063,2325.9510223309626,3964.374,67.807
2026-07-25 14:52:52.976,0 days 01:06:04.561000,27,257.0991666311127,0 days 00:01:07.994000,11366.6498688,162.38889244444445,3,94.71389084444445,False,0,pos,3865.5217026026403,0.8852377506551404,OnTrack,109.0,191.0,2328.0,3964.561,67.994
2026-07-25 14:52:53.149,0 days 01:06:04.734000,27,257.00305555555724,0 days 00:01:08.167000,11012.0,172.0,3,100.0,False,0,car,3874.036944444442,0.8871878143500991,OnTrack,184.99040783018398,136.14581956103493,2332.3945598887735,3964.734,68.167
2026-07-25 14:52:53.316,0 days 01:06:04.901000,27,256.77111102222347,0 days 00:01:08.334000,11179.83506432,179.51500288,3,99.16499968,False,0,pos,3882.401934044672,0.88910346898812,OnTrack,264.0,79.0,2337.0,3964.901,68.334
2026-07-25 14:52:53.349,0 days 01:06:04.934000,27,256.72527777777896,0 days 00:01:08.367000,11213.0,181.0,4,99.0,False,0,car,3884.0924999999975,0.8894906231470577,OnTrack,276.9139071811718,69.63611073750064,2337.7127119189345,3964.934,68.367
2026-07-25 14:52:53.616,0 days 01:06:05.201000,27,256.5769444088902,0 days 00:01:08.634000,11897.558497422222,189.90000213333335,4,99.74166684444444,False,0,pos,3898.3103786421093,0.8927466397669507,OnTrack,365.0,6.0,2342.0,3965.201,68.634
2026-07-25 14:52:53.709,0 days 01:06:05.294000,27,256.52527777777914,0 days 00:01:08.727000,12136.0,193.0,4,100.0,False,0,car,3903.3924999999977,0.8939104893131541,OnTrack,402.8600718258994,-20.7736904729895,2343.660916885573,3965.294,68.727
2026-07-25 14:52:53.876,0 days 01:06:05.461000,27,256.4788888711116,0 days 00:01:08.894000,11669.23482112,198.84500224,4,99.16499968,False,0,pos,3912.6374351498634,0.896027659058058,OnTrack,479.0,-75.0,2347.0,3965.461,68.894
2026-07-25 14:52:53.909,0 days 01:06:05.494000,27,256.4697222222226,0 days 00:01:08.927000,11577.0,200.0,4,99.0,False,0,car,3914.503611111109,0.8964550294202906,OnTrack,494.02796496901306,-85.99866658437824,2347.688990205265,3965.494,68.927
2026-07-25 14:52:54.096,0 days 01:06:05.681000,27,256.4177777600008,0 days 00:01:09.114000,11319.207054628572,207.34643108571427,4,99.66785737142857,False,0,pos,3925.3804465140156,0.8989459183732182,OnTrack,579.0,-150.0,2352.0,3965.681,69.114
2026-07-25 14:52:54.189,0 days 01:06:05.774000,27,256.39194444444547,0 days 00:01:09.207000,11191.0,211.0,5,100.0,False,0,car,3930.914722222219,0.9002133151585312,OnTrack,621.7541504420896,-183.1609119829991,2354.6807525902764,3965.774,69.207
2026-07-25 14:52:54.235,0 days 01:06:05.820000,27,256.3408331911118,0 days 00:01:09.253000,11277.8252416,212.7250048,5,100.0,False,0,pos,3933.6721747923184,0.9008447955377642,OnTrack,643.0,-200.0,2356.0,3965.82,69.253
2026-07-25 14:52:54.349,0 days 01:06:05.934000,27,256.21416666666664,0 days 00:01:09.367000,11493.0,217.0,5,100.0,False,0,car,3940.559166666664,0.902421975971526,OnTrack,695.8417550284347,-243.15011641489704,2358.9813675098276,3965.934,69.367
2026-07-25 14:52:54.535,0 days 01:06:06.120000,27,256.6791669866676,0 days 00:01:09.553000,11226.399816533334,217.0,5,55.04996906666667,False,0,pos,3951.8629219045642,0.9050106332422942,OnTrack,780.0,-318.0,2363.0,3966.12,69.553
2026-07-25 14:52:54.589,0 days 01:06:06.174000,27,256.8141666666679,0 days 00:01:09.607000,11149.0,217.0,5,42.0,True,0,car,3955.0258333333304,0.9057349671910176,OnTrack,803.0930258014985,-340.7983852940425,2363.981889434098,3966.174,69.607
2026-07-25 14:52:54.715,0 days 01:06:06.300000,27,258.4241683022232,0 days 00:01:09.733000,10984.88483328,208.80999168,5,33.17999104,True,0,pos,3962.071732082598,0.9073485386672678,OnTrack,853.0,-394.0,2366.0,3966.3,69.733
2026-07-25 14:52:54.989,0 days 01:06:06.574000,27,261.9252777777783,0 days 00:01:10.007000,10628.0,191.0,5,14.0,True,0,car,3976.248055555553,0.9105950387956486,OnTrack,932.502536112421,-498.3116137818924,2369.508837489347,3966.574,70.007
2026-07-25 14:52:55.035,0 days 01:06:06.620000,27,262.7047243911118,0 days 00:01:10.053000,10644.3875456,187.8374912,5,14.2875008,True,0,pos,3978.5730998169533,0.9111274939493087,OnTrack,944.0,-517.0,2370.0,3966.62,70.053
2026-07-25 14:52:55.149,0 days 01:06:06.734000,27,264.63638888889,0 days 00:01:10.167000,10685.0,180.0,5,15.0,True,0,car,3984.248055555553,0.912427107672787,OnTrack,971.5011166129219,-566.4821281449417,2371.106909310852,3966.734,70.167
2026-07-25 14:52:55.255,0 days 01:06:06.840000,27,266.81528040888963,0 days 00:01:10.273000,10438.5497024,175.22999424,5,14.46999936,True,0,pos,3989.342399062764,0.9135937561964136,OnTrack,994.0,-614.0,2372.0,3966.84,70.273
2026-07-25 14:52:55.349,0 days 01:06:06.934000,27,268.7475000000004,0 days 00:01:10.367000,10220.0,171.0,4,14.0,True,0,car,3993.748055555553,0.9146026894643888,OnTrack,1010.1368883007427,-655.5090119308982,2372.7315011190967,3966.934,70.367
2026-07-25 14:52:55.375,0 days 01:06:06.960000,27,269.39750320000053,0 days 00:01:10.393000,10172.766434133333,170.13332906666668,4,13.458330666666667,True,0,pos,3994.953933044699,0.9148788457915771,OnTrack,1014.0,-667.0,2373.0,3966.96,70.393
2026-07-25 14:52:55.589,0 days 01:06:07.174000,27,274.74750000000176,0 days 00:01:10.607000,9784.0,163.0,4,9.0,True,0,car,4004.6147222222194,0.9170912496891683,OnTrack,1036.5787416546566,-762.3320924559383,2375.961580080044,3967.174,70.607
2026-07-25 14:52:55.595,0 days 01:06:07.180000,27,274.9225037333351,0 days 00:01:10.613000,9771.0997248,162.72499413333333,4,9.0750016,True,0,pos,4004.876106150454,0.9171511088591563,OnTrack,1037.0,-765.0,2376.0,3967.18,70.613
2026-07-25 14:52:55.795,0 days 01:06:07.380000,27,280.75583706666845,0 days 00:01:10.813000,9341.0997248,153.55832746666667,4,11.5750016,True,0,pos,4013.3257762085263,0.9190861560510915,OnTrack,1045.0,-853.0,2376.0,3967.38,70.813
2026-07-25 14:52:55.829,0 days 01:06:07.414000,27,281.74750000000176,0 days 00:01:10.847000,9268.0,152.0,4,12.0,True,0,car,4014.7480555555526,0.9194118702668769,OnTrack,1045.275891522058,-867.6056159377014,2376.217730556901,3967.414,70.847
2026-07-25 14:52:55.975,0 days 01:06:07.560000,27,286.2897262044462,0 days 00:01:10.993000,9083.30983808,150.53999872,4,10.53999872,True,0,pos,4020.8579407735547,0.9208110865857254,OnTrack,1043.0,-929.0,2378.0,3967.56,70.993
2026-07-25 14:52:56.029,0 days 01:06:07.614000,27,287.96972222222394,0 days 00:01:11.047000,9015.0,150.0,4,10.0,True,0,car,4023.081388888886,0.9213202753472293,OnTrack,1040.7463363109682,-951.2205897864309,2378.6367557167346,3967.614,71.047
2026-07-25 14:52:56.915,0 days 01:06:08.500000,27,322.67139390222434,0 days 00:01:11.933000,10083.015371686957,135.55434573913044,4,31.186959582608694,True,0,pos,4056.314099681644,0.9289308522405233,OnTrack,912.0,-1265.0,2384.0,3968.5,71.933
2026-07-25 14:52:56.949,0 days 01:06:08.534000,27,324.0030555555577,0 days 00:01:11.967000,10124.0,135.0,3,32.0,False,0,car,4057.581388888886,0.9292210723798884,OnTrack,904.8677110079199,-1274.0919421515048,2384.1553330035213,3968.534,71.967
2026-07-25 14:52:57.135,0 days 01:06:08.720000,27,331.3913939733352,0 days 00:01:12.153000,10167.178601142858,135.66428617142856,3,43.95715108571429,False,0,pos,4064.5783532018954,0.9308234374489274,OnTrack,856.0,-1324.0,2385.0,3968.72,72.153
2026-07-25 14:52:57.229,0 days 01:06:08.814000,27,335.1252777777795,0 days 00:01:12.247000,10189.0,136.0,3,50.0,False,0,car,4068.159166666664,0.9316434745618825,OnTrack,815.0942120698686,-1355.2444829003064,2385.405857065399,3968.814,72.247
2026-07-25 14:52:57.416,0 days 01:06:09.001000,27,342.6052803377797,0 days 00:01:12.434000,10378.671493485714,138.6714294857143,3,52.671429485714285,False,0,pos,4075.380577459174,0.9332972398071311,OnTrack,731.0,-1412.0,2386.0,3969.001,72.434
2026-07-25 14:52:57.509,0 days 01:06:09.094000,27,346.3252777777798,0 days 00:01:12.527000,10473.0,140.0,3,54.0,False,0,car,4079.048055555553,0.9341371238668764,OnTrack,713.463616307203,-1422.4513967951148,2386.06314930348,3969.094,72.527
2026-07-25 14:52:57.636,0 days 01:06:09.221000,27,351.2641691555576,0 days 00:01:12.654000,10833.3626816,143.1750016,3,58.7625024,False,0,pos,4084.1568952214284,0.9353070921356439,OnTrack,696.0,-1429.0,2386.0,3969.221,72.654
2026-07-25 14:52:57.749,0 days 01:06:09.334000,27,355.65861111111326,0 days 00:01:12.767000,11154.0,146.0,3,63.0,False,0,car,4088.7813888888863,0.936366141000728,OnTrack,659.8651535016709,-1442.9414148527826,2385.9356546715694,3969.334,72.767
2026-07-25 14:52:57.896,0 days 01:06:09.481000,27,361.2936135644465,0 days 00:01:12.914000,11601.61519488,148.94000128,3,71.08500352,False,0,pos,4094.885847470416,0.9377641145731032,OnTrack,597.0,-1465.0,2386.0,3969.481,72.914
2026-07-25 14:52:57.949,0 days 01:06:09.534000,27,363.3252777777798,0 days 00:01:12.967000,11763.0,150.0,3,74.0,False,0,car,4097.11472222222,0.9382745460810805,OnTrack,574.6840700411328,-1471.3297696714442,2386.1179710108304,3969.534,72.967
2026-07-25 14:52:58.149,0 days 01:06:09.734000,27,370.88083333333543,0 days 00:01:13.167000,12133.0,154.0,3,72.0,False,0,car,4105.6702777777755,0.9402338419635757,OnTrack,491.87078859115536,-1487.421724783292,2386.868038726355,3969.734,73.167
2026-07-25 14:52:58.236,0 days 01:06:09.821000,27,374.0708356800022,0 days 00:01:13.254000,11968.7873792,156.1750016,3,72.72500053333333,False,0,pos,4109.466638802383,0.9411032413235214,OnTrack,455.0,-1491.0,2387.0,3969.821,73.254
2026-07-25 14:52:58.276,0 days 01:06:09.861000,27,375.5375023466689,0 days 00:01:13.294000,11893.2873792,157.1750016,3,73.05833386666667,False,0,pos,4111.227754299237,0.9415065519348753,OnTrack,438.0,-1492.0,2387.0,3969.861,73.294
2026-07-25 14:52:58.389,0 days 01:06:09.974000,27,379.6808333333356,0 days 00:01:13.407000,11680.0,160.0,3,74.0,False,0,car,4116.3369444444415,0.9426766004664267,OnTrack,398.8247273215654,-1493.2972160859676,2387.001131366245,3969.974,73.407
2026-07-25 14:52:58.576,0 days 01:06:10.161000,27,385.91416880000156,0 days 00:01:13.594000,11059.003954133334,169.3500032,3,84.90833706666666,False,0,pos,4125.2443405559,0.9447164708654449,OnTrack,343.0,-1491.0,2387.0,3970.161,73.594
2026-07-25 14:52:58.629,0 days 01:06:10.214000,27,387.6808333333347,0 days 00:01:13.647000,10883.0,172.0,4,88.0,False,0,car,4127.803611111109,0.9453025658569918,OnTrack,322.168190908031,-1489.4531249340334,2386.9803215088764,3970.214,73.647
2026-07-25 14:52:58.776,0 days 01:06:10.361000,27,392.5400021155581,0 days 00:01:13.794000,11223.8563984,174.7562512,4,88.9187504,False,0,pos,4134.937519123696,0.9469362922122704,OnTrack,250.0,-1479.0,2387.0,3970.361,73.794
2026-07-25 14:52:58.789,0 days 01:06:10.374000,27,392.96972222222485,0 days 00:01:13.807000,11254.0,175.0,4,89.0,False,0,car,4135.581388888886,0.9470837439319872,OnTrack,242.37198764895305,-1477.1562228643245,2387.0212748605795,3970.374,73.807
2026-07-25 14:52:58.989,0 days 01:06:10.574000,27,399.0252777777787,0 days 00:01:14.007000,11768.0,184.0,4,95.0,False,0,car,4145.803611111109,0.9494247208305531,OnTrack,106.18627453282656,-1431.754697715352,2387.7304487064025,3970.574,74.007
2026-07-25 14:52:59.056,0 days 01:06:10.641000,27,400.92361292444576,0 days 00:01:14.074000,11911.38013696,186.34500224,4,94.66499968,False,0,pos,4149.308378123676,0.9502273426512214,OnTrack,67.0,-1416.0,2388.0,3970.641,74.074
2026-07-25 14:52:59.189,0 days 01:06:10.774000,27,404.69194444444656,0 days 00:01:14.207000,12196.0,191.0,4,94.0,False,0,car,4156.414722222219,0.9518547566328683,OnTrack,10.027690209792935,-1389.09620080218,2388.481979974399,3970.774,74.207
2026-07-25 14:52:59.436,0 days 01:06:11.021000,27,410.86694604444654,0 days 00:01:14.454000,11024.51398217143,201.58571702857142,4,99.29285851428571,False,0,pos,4170.330091182592,0.9550414959311425,OnTrack,-65.0,-1339.0,2389.0,3971.021,74.454
2026-07-25 14:52:59.469,0 days 01:06:11.054000,27,411.69194444444656,0 days 00:01:14.487000,10868.0,203.0,5,100.0,False,0,car,4172.203611111108,0.9554705481251095,OnTrack,-78.20192804542286,-1330.0312121532831,2389.0044847104928,3971.054,74.487
2026-07-25 14:52:59.636,0 days 01:06:11.221000,27,415.77416823111383,0 days 00:01:14.654000,11136.03510272,204.67000064,5,100.0,False,0,pos,4181.682623368342,0.9576413235429209,OnTrack,-159.0,-1273.0,2389.0,3971.221,74.654
2026-07-25 14:52:59.669,0 days 01:06:11.254000,27,416.58083333333616,0 days 00:01:14.687000,11189.0,205.0,5,100.0,False,0,car,4183.592499999997,0.9580787017349245,OnTrack,-177.9715300789396,-1258.405188320814,2389.0740961879196,3971.254,74.687
2026-07-25 14:52:59.829,0 days 01:06:11.414000,27,420.1363888888918,0 days 00:01:14.847000,11404.0,214.0,5,100.0,False,0,car,4193.103611111108,0.9602568280666334,OnTrack,-279.62045048430923,-1175.3852780966301,2389.773637161011,3971.414,74.847
2026-07-25 14:52:59.896,0 days 01:06:11.481000,27,421.3647233955585,0 days 00:01:14.914000,11394.089573866666,215.95416853333333,5,99.86041653333334,False,0,pos,4197.190904237529,0.9611928533827155,OnTrack,-316.0,-1145.0,2390.0,3971.481,74.914
2026-07-25 14:53:00.256,0 days 01:06:11.841000,27,427.9647233955586,0 days 00:01:15.274000,11340.839573866666,226.45416853333333,5,99.11041653333334,False,0,pos,4220.048439946632,0.966427425855306,OnTrack,-448.0,-1031.0,2390.0,3971.841,75.274
2026-07-25 14:53:00.309,0 days 01:06:11.894000,27,428.936388888892,0 days 00:01:15.327000,11333.0,228.0,5,99.0,False,0,car,4223.5036111111085,0.9672186897997591,OnTrack,-476.0926517443966,-1005.9731829553093,2390.003481434283,3971.894,75.327
2026-07-25 14:53:00.516,0 days 01:06:12.101000,27,432.09888986666977,0 days 00:01:15.534000,11094.9499264,234.90000213333335,5,99.57500017777778,False,0,pos,4237.187414105417,0.9703523984981048,OnTrack,-602.0,-893.0,2390.0,3972.101,75.534
2026-07-25 14:53:00.669,0 days 01:06:12.254000,27,434.436388888892,0 days 00:01:15.687000,10919.0,240.0,6,100.0,False,0,car,4247.5036111111085,0.9727148964311741,OnTrack,-668.7341859740277,-832.1640052430156,2389.601786474616,3972.254,75.687
2026-07-25 14:53:00.875,0 days 01:06:12.460000,27,436.66805694222523,0 days 00:01:15.893000,11147.004687127273,244.6818210909091,6,100.0,False,0,pos,4261.673851900226,0.9759600035725864,OnTrack,-750.0,-757.0,2389.0,3972.46,75.893
2026-07-25 14:53:01.075,0 days 01:06:12.660000,27,438.83472360889175,0 days 00:01:16.093000,11368.36832349091,249.22727563636363,6,100.0,False,0,pos,4275.666801972973,0.9791645096135404,OnTrack,-871.0,-646.0,2389.0,3972.66,76.093
2026-07-25 14:53:01.109,0 days 01:06:12.694000,27,439.2030555555584,0 days 00:01:16.127000,11406.0,250.0,6,100.0,False,0,car,4278.059166666664,0.9797123817257999,OnTrack,-897.5840587451912,-621.860240376655,2389.01123214145,3972.694,76.127
2026-07-25 14:53:01.255,0 days 01:06:12.840000,27,440.3791676977808,0 days 00:01:16.273000,11503.09008512,253.6500032,6,99.26999936,False,0,pos,4288.3799690642745,0.9820759343332696,OnTrack,-1017.0,-514.0,2389.0,3972.84,76.273
2026-07-25 14:53:01.309,0 days 01:06:12.894000,27,440.81416666666973,0 days 00:01:16.327000,11539.0,255.0,6,99.0,False,0,car,4292.225833333331,0.9829566703623991,OnTrack,-1050.4413544215251,-483.8986287576099,2388.9352385904053,3972.894,76.327
2026-07-25 14:53:01.469,0 days 01:06:13.054000,27,441.83638888889163,0 days 00:01:16.487000,11213.0,259.0,6,99.0,False,0,car,4303.736944444442,0.9855928139133925,OnTrack,-1108.0123829830927,-432.46472895337934,2388.5301309356164,3973.054,76.487
2026-07-25 14:53:01.669,0 days 01:06:13.254000,27,442.66972222222466,0 days 00:01:16.687000,10488.0,264.0,7,99.0,False,0,car,4318.403611111109,0.9889516068548129,OnTrack,-1177.0012552494634,-372.9094211185946,2388.0305342046945,3973.254,76.687
2026-07-25 14:53:01.695,0 days 01:06:13.280000,27,442.6986112533356,0 days 00:01:16.713000,10495.1500352,264.3250016,7,99.0,False,0,pos,4320.321858507362,0.9893909020239786,OnTrack,-1192.0,-360.0,2388.0,3973.28,76.713
2026-07-25 14:53:01.909,0 days 01:06:13.494000,27,442.9363888888902,0 days 00:01:16.927000,10554.0,267.0,7,99.0,False,0,car,4336.20361111111,0.993027960106446,OnTrack,-1354.702176782352,-220.40655603274212,2387.9931216882705,3973.494,76.927
2026-07-25 14:53:01.935,0 days 01:06:13.520000,27,442.9363888888902,0 days 00:01:16.953000,10571.16008448,267.45500224,7,99.0,False,0,pos,4338.151183684816,0.993473970993728,OnTrack,-1374.0,-204.0,2388.0,3973.52,76.953
2026-07-25 14:53:02.201,0 days 01:06:13.786000,27,442.9363888888902,0 days 00:01:17.219000,10746.72,272.11,7,99.0,False,0,interpolation,4358.3264737757945,0.998094286126593,OnTrack,-1532.2060112532877,-72.37157578638798,2388.026325826067,3973.786,77.219
