Date,SessionTime,DriverAhead,DistanceToDriverAhead,Time,RPM,Speed,nGear,Throttle,Brake,DRS,Source,Distance,RelativeDistance,Status,X,Y,Z,SessionTime_seconds,Time_seconds
2026-07-25 14:51:52.915,0 days 01:05:04.500000,,,0 days 00:00:00,11044.516784355556,278.11666915555554,7,100.0,False,0,interpolation,0.003960734814247159,9.074431043262236e-07,OnTrack,-1493.3681056632158,-105.85625265748322,2388.000000000599,3904.5,0.0
2026-07-25 14:51:52.956,0 days 01:05:04.541000,,,0 days 00:00:00.041000,11082.213947733333,278.9138901333333,7,100.0,False,0,pos,3.2040721378531942,0.0007340842807248791,OnTrack,-1518.0,-86.0,2388.0,3904.541,0.041
2026-07-25 14:51:53.269,0 days 01:05:04.854000,,,0 days 00:00:00.354000,11370.0,285.0,7,100.0,False,0,car,28.036666666666665,0.006423474690464723,OnTrack,-1709.8020485881357,70.30345592833474,2387.9999999645606,3904.854,0.354
2026-07-25 14:51:53.336,0 days 01:05:04.921000,,,0 days 00:00:00.421000,11420.110464533333,286.39583466666664,7,100.0,False,0,pos,33.4447512938038,0.007662519800189132,OnTrack,-1751.0,104.0,2388.0,3904.921,0.421
2026-07-25 14:51:53.496,0 days 01:05:05.081000,,,0 days 00:00:00.581000,11539.7771312,289.729168,7,100.0,False,0,pos,46.49148840401817,0.010651654943000055,OnTrack,-1850.0,185.0,2388.0,3905.081,0.581
2026-07-25 14:51:53.736,0 days 01:05:05.321000,,,0 days 00:00:00.821000,11719.2771312,294.729168,7,100.0,False,0,pos,66.29294837971551,0.015188363193676861,OnTrack,-2002.0,310.0,2388.0,3905.321,0.821
2026-07-25 14:51:53.749,0 days 01:05:05.334000,,,0 days 00:00:00.834000,11729.0,295.0,7,100.0,False,0,car,67.36999999999999,0.015435126259538997,OnTrack,-2009.1845198585604,315.94458115580363,2388.0000003026175,3905.334,0.834
2026-07-25 14:51:53.936,0 days 01:05:05.521000,,,0 days 00:00:01.021000,11819.160745142857,298.33928685714284,7,100.0,False,0,pos,82.91644251163457,0.018996968371068526,OnTrack,-2129.0,415.0,2388.0,3905.521,1.021
2026-07-25 14:51:54.029,0 days 01:05:05.614000,,,0 days 00:00:01.114000,11864.0,300.0,7,100.0,False,0,car,90.70333333333333,0.020781021258142383,OnTrack,-2249.3767979120744,513.5656308829884,2387.9999855954084,3905.614,1.114
2026-07-25 14:51:54.076,0 days 01:05:05.661000,,,0 days 00:00:01.161000,11534.999552,300.94000128,7,100.0,False,0,pos,94.6556290479075,0.021686530882151393,OnTrack,-2311.0,564.0,2388.0,3905.661,1.161
2026-07-25 14:51:54.229,0 days 01:05:05.814000,,,0 days 00:00:01.314000,10464.0,304.0,7,100.0,False,0,car,107.59222222222222,0.02465043097141721,OnTrack,-2463.6761753079545,689.2029174618091,2388.0002236969553,3905.814,1.314
2026-07-25 14:51:54.469,0 days 01:05:06.054000,,,0 days 00:00:01.554000,10803.0,307.0,8,100.0,False,0,car,128.05888888888887,0.029339544584477892,OnTrack,-2584.235844552092,788.6793082617994,2388.000465784794,3906.054,1.554
2026-07-25 14:51:54.556,0 days 01:05:06.141000,,,0 days 00:00:01.641000,10841.6062784,308.6312512,8,100.0,False,0,pos,135.53652978119646,0.031052745286515287,OnTrack,-2615.0,814.0,2388.0,3906.141,1.641
2026-07-25 14:51:54.629,0 days 01:05:06.214000,,,0 days 00:00:01.714000,10874.0,310.0,8,100.0,False,0,car,141.83666666666664,0.032496168297938936,OnTrack,-2636.887077890714,831.9542299879087,2387.9993504472054,3906.214,1.714
2026-07-25 14:51:54.816,0 days 01:05:06.401000,,,0 days 00:00:01.901000,11012.38004736,312.80500096,8,100.0,False,0,pos,158.08908980663966,0.03621975747990326,OnTrack,-2709.0,891.0,2388.0,3906.401,1.901
2026-07-25 14:51:54.829,0 days 01:05:06.414000,,,0 days 00:00:01.914000,11022.0,313.0,8,100.0,False,0,car,159.22555555555553,0.03648013290404098,OnTrack,-2717.6893903028695,898.1307294658441,2388.0004638576165,3906.414,1.914
2026-07-25 14:51:55.109,0 days 01:05:06.694000,,,0 days 00:00:02.194000,11117.0,317.0,8,100.0,False,0,car,183.8811111111111,0.04212896195256523,OnTrack,-2998.840210782558,1129.1254602299791,2388.013677256664,3906.694,2.194
2026-07-25 14:51:55.195,0 days 01:05:06.780000,,,0 days 00:00:02.280000,11162.1500672,317.71666773333334,8,100.0,False,0,pos,191.48615292686472,0.043871351452865526,OnTrack,-3062.0,1181.0,2388.0,3906.78,2.28
2026-07-25 14:51:55.349,0 days 01:05:06.934000,,,0 days 00:00:02.434000,11243.0,319.0,8,100.0,False,0,car,205.14777777777778,0.047001363394149454,OnTrack,-3112.14191973368,1222.0899521713616,2387.9468365540038,3906.934,2.434
2026-07-25 14:51:55.455,0 days 01:05:07.040000,,,0 days 00:00:02.540000,11263.7583584,320.3250016,8,100.0,False,0,pos,214.6053893195448,0.049168194747286564,OnTrack,-3145.0,1249.0,2388.0,3907.04,2.54
2026-07-25 14:51:55.589,0 days 01:05:07.174000,,,0 days 00:00:02.674000,11290.0,322.0,8,100.0,False,0,car,226.61444444444442,0.05191958679286456,OnTrack,-3224.274148104417,1314.045837781366,2388.2692833677465,3907.174,2.674
2026-07-25 14:51:55.755,0 days 01:05:07.340000,,,0 days 00:00:02.840000,11361.738725712168,323.6683424584225,8,100.0,False,0,pos,241.54998747210539,0.055341465854564495,OnTrack,-3353.0,1420.0,2388.0,3907.34,2.84
2026-07-25 14:51:55.788,0 days 01:05:07.373000,,,0 days 00:00:02.873000,11376.0,324.0,8,100.0,False,0,car,244.52444444444444,0.056022943053935424,OnTrack,-3378.211367862958,1440.8330612444836,2387.7225138227273,3907.373,2.873
2026-07-25 14:51:55.935,0 days 01:05:07.520000,,,0 days 00:00:03.020000,11395.2937584,324.9187504,8,100.0,False,0,pos,257.7933945268637,0.05906298936317784,OnTrack,-3486.0,1530.0,2386.0,3907.52,3.02
2026-07-25 14:51:55.948,0 days 01:05:07.533000,,,0 days 00:00:03.033000,11397.0,325.0,8,100.0,False,0,car,258.96888888888884,0.05933230662449941,OnTrack,-3494.786656516236,1537.242732051191,2385.8699792132,3907.533,3.033
2026-07-25 14:51:56.135,0 days 01:05:07.720000,,,0 days 00:00:03.220000,11449.593768,326.1687504,8,100.0,False,0,pos,275.9202103485363,0.06321602025067859,OnTrack,-3626.0,1645.0,2384.0,3907.72,3.22
2026-07-25 14:51:56.268,0 days 01:05:07.853000,,,0 days 00:00:03.353000,11487.0,327.0,8,100.0,False,0,car,288.03555555555556,0.06599176439418822,OnTrack,-3775.8947235154983,1768.4835018114452,2380.9475480048786,3907.853,3.353
2026-07-25 14:51:56.375,0 days 01:05:07.960000,,,0 days 00:00:03.460000,11507.635726628572,328.14642925714287,8,100.0,False,0,pos,297.8232980751604,0.06823423198489563,OnTrack,-3901.0,1871.0,2378.0,3907.96,3.46
2026-07-25 14:51:56.548,0 days 01:05:08.133000,,,0 days 00:00:03.633000,11541.0,330.0,8,100.0,False,0,car,313.7022222222222,0.07187224889265192,OnTrack,-4055.3955189304966,1995.0653763060861,2373.502243674438,3908.133,3.633
2026-07-25 14:51:56.708,0 days 01:05:08.293000,,,0 days 00:00:03.793000,11539.0,331.0,8,100.0,False,0,car,328.4133333333333,0.07524270840605711,OnTrack,-4152.237809006926,2070.4359143788815,2369.8454640833793,3908.293,3.793
2026-07-25 14:51:56.815,0 days 01:05:08.400000,,,0 days 00:00:03.900000,11543.3468776,331.3343752,8,100.0,False,0,pos,338.2717211508272,0.07750136152582139,OnTrack,-4203.0,2110.0,2368.0,3908.4,3.9
2026-07-25 14:51:57.028,0 days 01:05:08.613000,,,0 days 00:00:04.113000,11552.0,332.0,8,100.0,False,0,car,357.9244444444444,0.08200399274714787,OnTrack,-4281.80161164688,2171.844566794959,2365.570658055588,3908.613,4.113
2026-07-25 14:51:57.075,0 days 01:05:08.660000,,,0 days 00:00:04.160000,11553.338080418638,332.0,8,100.0,False,0,pos,362.2594361055038,0.08299718175742694,OnTrack,-4305.0,2190.0,2365.0,3908.66,4.16
2026-07-25 14:51:57.309,0 days 01:05:08.894000,,,0 days 00:00:04.394000,11560.0,332.0,8,100.0,False,0,car,383.83888888888885,0.08794124555916819,OnTrack,-4473.809489456714,2321.9244306238757,2361.1296657932826,3908.894,4.394
2026-07-25 14:51:57.315,0 days 01:05:08.900000,,,0 days 00:00:04.400000,11560.664299885715,332.0,8,100.0,False,0,pos,384.3924725815394,0.08806807700033313,OnTrack,-4479.0,2326.0,2361.0,3908.9,4.4
2026-07-25 14:51:57.589,0 days 01:05:09.174000,,,0 days 00:00:04.674000,11591.0,332.0,8,100.0,False,0,car,409.6611111111111,0.0938573693576226,OnTrack,-4734.065626238843,2527.2674279970674,2353.9649791260103,3909.174,4.674
2026-07-25 14:51:57.635,0 days 01:05:09.220000,,,0 days 00:00:04.720000,11574.3249536,331.6166656,8,100.0,False,0,pos,413.88921254992164,0.09482606877199366,OnTrack,-4768.0,2554.0,2353.0,3909.22,4.72
2026-07-25 14:51:57.829,0 days 01:05:09.414000,,,0 days 00:00:04.914000,11504.0,330.0,8,100.0,False,0,car,431.66111111111104,0.09889778464202006,OnTrack,-4867.048968062127,2631.431905588277,2350.2151742931137,3909.414,4.914
2026-07-25 14:51:57.915,0 days 01:05:09.500000,,,0 days 00:00:05,11388.9748288,328.9249984,8,100.0,False,0,pos,439.50787457688995,0.10069555493774568,OnTrack,-4913.0,2667.0,2349.0,3909.5,5.0
2026-07-25 14:51:57.989,0 days 01:05:09.574000,,,0 days 00:00:05.074000,11290.0,328.0,8,100.0,False,0,car,446.2388888888888,0.10223769618400465,OnTrack,-4961.184898163635,2704.217722490283,2347.765366102731,3909.574,5.074
2026-07-25 14:51:58.136,0 days 01:05:09.721000,,,0 days 00:00:05.221000,11218.3374688,325.2437488,8,100.0,False,0,pos,459.52007158068716,0.1052805451037599,OnTrack,-5070.0,2788.0,2345.0,3909.721,5.221
2026-07-25 14:51:58.149,0 days 01:05:09.734000,,,0 days 00:00:05.234000,11212.0,325.0,8,100.0,False,0,car,460.6833333333333,0.10554705975456866,OnTrack,-5079.434253598311,2795.2380290348733,2344.7553216482493,3909.734,5.234
2026-07-25 14:51:58.356,0 days 01:05:09.941000,,,0 days 00:00:05.441000,11067.962455466666,318.9624981333333,8,100.0,False,0,pos,478.9708478782716,0.10973690829211177,OnTrack,-5226.0,2908.0,2341.0,3909.941,5.441
2026-07-25 14:51:58.389,0 days 01:05:09.974000,,,0 days 00:00:05.474000,11045.0,318.0,8,100.0,True,0,car,481.8833333333333,0.1104041872104426,OnTrack,-5249.699997694263,2926.6174697226775,2340.4614477057976,3909.974,5.474
2026-07-25 14:51:58.556,0 days 01:05:10.141000,,,0 days 00:00:05.641000,10645.86984704,312.98999808,8,16.499968000000003,True,0,pos,496.50683770369335,0.11375457516225242,OnTrack,-5362.0,3016.0,2338.0,3910.141,5.641
2026-07-25 14:51:58.589,0 days 01:05:10.174000,,,0 days 00:00:05.674000,10567.0,312.0,8,0.0,True,0,car,499.2166666666667,0.11437542349511941,OnTrack,-5378.76945337584,3029.302687804529,2337.5501356964965,3910.174,5.674
2026-07-25 14:51:58.776,0 days 01:05:10.361000,,,0 days 00:00:05.861000,9950.484164,278.1062384,8,0.0,True,0,pos,512.9566080796546,0.11752337852715351,OnTrack,-5454.0,3089.0,2335.0,3910.361,5.861
2026-07-25 14:51:58.909,0 days 01:05:10.494000,,,0 days 00:00:05.994000,9512.0,254.0,8,0.0,True,0,car,521.7944444444445,0.11954821332233945,OnTrack,-5527.306600216297,3148.8707512034175,2332.781283280077,3910.494,5.994
2026-07-25 14:51:58.956,0 days 01:05:10.541000,,,0 days 00:00:06.041000,9554.4958912,248.7124928,8,0.0,True,0,pos,524.8449096222897,0.12024710474538189,OnTrack,-5553.0,3170.0,2332.0,3910.541,6.041
2026-07-25 14:51:59.149,0 days 01:05:10.734000,,,0 days 00:00:06.234000,9729.0,227.0,8,0.0,True,0,car,536.9277777777778,0.1230154080785765,OnTrack,-5641.699962717989,3243.5635217028316,2329.0795863451767,3910.734,6.234
2026-07-25 14:51:59.276,0 days 01:05:10.861000,,,0 days 00:00:06.361000,9731.116667733333,215.8874944,8,0.0,True,0,pos,544.4118210543281,0.12473007562949542,OnTrack,-5704.0,3298.0,2327.0,3910.861,6.361
2026-07-25 14:51:59.389,0 days 01:05:10.974000,,,0 days 00:00:06.474000,9733.0,206.0,8,0.0,True,0,car,550.6611111111112,0.12616184913489734,OnTrack,-5771.23748708655,3359.115719220737,2324.842665468788,3910.974,6.474
2026-07-25 14:51:59.496,0 days 01:05:11.081000,,,0 days 00:00:06.581000,10022.282315885714,194.15356434285715,8,0.0,True,0,pos,556.1522105646635,0.12741991375370787,OnTrack,-5828.0,3412.0,2323.0,3911.081,6.581
2026-07-25 14:51:59.669,0 days 01:05:11.254000,,,0 days 00:00:06.754000,10490.0,175.0,5,0.0,True,0,car,564.2722222222222,0.12928028788408263,OnTrack,-5872.292105578736,3456.2199933255315,2321.3355545072013,3911.254,6.754
2026-07-25 14:51:59.816,0 days 01:05:11.401000,,,0 days 00:00:06.901000,10495.775002514285,161.87499428571428,5,0.0,True,0,pos,570.6006397852877,0.1307301902754883,OnTrack,-5896.0,3484.0,2320.0,3911.401,6.901
2026-07-25 14:51:59.949,0 days 01:05:11.534000,,,0 days 00:00:07.034000,10501.0,150.0,5,0.0,True,0,car,575.9388888888889,0.13195323538338433,OnTrack,-5928.483711107088,3522.147655982647,2318.032761370072,3911.534,7.034
2026-07-25 14:52:00.096,0 days 01:05:11.681000,,,0 days 00:00:07.181000,10411.224960914285,140.54999588571428,5,0.0,True,0,pos,581.4717089636993,0.13322085860478866,OnTrack,-5967.0,3570.0,2316.0,3911.681,7.181
2026-07-25 14:52:00.229,0 days 01:05:11.814000,,,0 days 00:00:07.314000,10330.0,132.0,3,0.0,True,0,car,586.2055555555555,0.1343054291827698,OnTrack,-5994.922164455457,3610.0355951974425,2315.156731076852,3911.814,7.314
2026-07-25 14:52:00.256,0 days 01:05:11.841000,,,0 days 00:00:07.341000,10333.375008,130.8428544,3,0.0,True,0,pos,587.1413849500367,0.1345198368547485,OnTrack,-6000.0,3618.0,2315.0,3911.841,7.341
2026-07-25 14:52:00.509,0 days 01:05:12.094000,,,0 days 00:00:07.594000,10365.0,120.0,2,0.0,True,0,car,595.5388888888889,0.13644378718221117,OnTrack,-6040.055954258683,3691.9532537468144,2313.059901089286,3912.094,7.594
2026-07-25 14:52:00.516,0 days 01:05:12.101000,,,0 days 00:00:07.601000,10353.51989504,119.75499776,2,0.0,True,0,pos,595.7637199225069,0.13649529817213185,OnTrack,-6041.0,3694.0,2313.0,3912.101,7.601
2026-07-25 14:52:00.709,0 days 01:05:12.294000,,,0 days 00:00:07.794000,10037.0,113.0,2,0.0,True,0,car,601.8166666666666,0.13788208750326397,OnTrack,-6063.668011063392,3750.4521303848187,2311.3375476945594,3912.294,7.794
2026-07-25 14:52:00.756,0 days 01:05:12.341000,,,0 days 00:00:07.841000,9902.788706133333,111.95555413333334,2,0.13055573333333334,True,0,pos,603.246579598253,0.13820969454852425,OnTrack,-6068.0,3764.0,2311.0,3912.341,7.841
2026-07-25 14:52:00.936,0 days 01:05:12.521000,,,0 days 00:00:08.021000,9388.788706133333,107.95555413333334,2,0.6305557333333334,True,0,pos,608.5607327823924,0.13942721904547722,OnTrack,-6080.0,3815.0,2310.0,3912.521,8.021
2026-07-25 14:52:01.069,0 days 01:05:12.654000,,,0 days 00:00:08.154000,9009.0,105.0,2,1.0,True,0,car,612.3166666666666,0.1402877402526355,OnTrack,-6084.575043781309,3852.515469823614,2309.205602597637,3912.654,8.154
2026-07-25 14:52:01.096,0 days 01:05:12.681000,,,0 days 00:00:08.181000,8968.8374048,104.2406232,2,1.1687504,True,0,pos,613.061161810506,0.14045831137546128,OnTrack,-6085.0,3860.0,2309.0,3912.681,8.181
2026-07-25 14:52:01.296,0 days 01:05:12.881000,,,0 days 00:00:08.381000,8671.3374048,98.6156232,2,2.4187504,True,0,pos,618.4044300849703,0.1416825064245179,OnTrack,-6083.0,3913.0,2307.0,3912.881,8.381
2026-07-25 14:52:01.389,0 days 01:05:12.974000,,,0 days 00:00:08.474000,8533.0,96.0,2,3.0,True,0,car,620.8499999999999,0.1422428104235533,OnTrack,-6079.795346671288,3935.5317885035424,2306.0249970038963,3912.974,8.474
2026-07-25 14:52:01.495,0 days 01:05:13.080000,,,0 days 00:00:08.580000,8430.312376,94.6749984,2,3.0,True,0,pos,623.6300572101253,0.14287974873507217,OnTrack,-6072.0,3962.0,2305.0,3913.08,8.58
2026-07-25 14:52:01.549,0 days 01:05:13.134000,,,0 days 00:00:08.634000,8378.0,94.0,2,3.0,True,0,car,625.0277777777777,0.14319998019473182,OnTrack,-6065.152600986918,3976.987494912613,2304.544894141992,3913.134,8.634
2026-07-25 14:52:01.709,0 days 01:05:13.294000,,,0 days 00:00:08.794000,8263.0,91.0,2,5.0,False,0,car,629.0722222222222,0.14412660199448976,OnTrack,-6035.929668905748,4024.7993163212604,2303.4544585484296,3913.294,8.794
2026-07-25 14:52:01.795,0 days 01:05:13.380000,,,0 days 00:00:08.880000,8318.285796571428,90.69285668571429,2,15.750015999999999,False,0,pos,631.2200682225458,0.14461869453124265,OnTrack,-6023.0,4044.0,2303.0,3913.38,8.88
2026-07-25 14:52:01.989,0 days 01:05:13.574000,,,0 days 00:00:09.074000,8443.0,90.0,2,40.0,False,0,car,636.0722222222222,0.14573037049407075,OnTrack,-6004.441836996522,4065.979472970909,2302.2523369173878,3913.574,9.074
2026-07-25 14:52:02.055,0 days 01:05:13.640000,,,0 days 00:00:09.140000,8533.750176,90.8250016,2,41.925003733333334,False,0,pos,637.7517296851107,0.1461151620888982,OnTrack,-5991.0,4075.0,2302.0,3913.64,9.14
2026-07-25 14:52:02.229,0 days 01:05:13.814000,,,0 days 00:00:09.314000,8773.0,93.0,2,47.0,False,0,car,642.2722222222222,0.14715085116512824,OnTrack,-5927.543965857452,4111.854765765914,2301.244964419132,3913.814,9.314
2026-07-25 14:52:02.295,0 days 01:05:13.880000,,,0 days 00:00:09.380000,8911.802472859727,94.10306600948127,2,49.02228768404899,False,0,pos,644.032540472944,0.1475541573022347,OnTrack,-5905.0,4124.0,2301.0,3913.88,9.38
2026-07-25 14:52:02.588,0 days 01:05:14.173000,,,0 days 00:00:09.673000,9528.0,99.0,2,58.0,False,0,car,652.1447222222222,0.1494127375240016,OnTrack,-5854.901379976213,4142.85350307002,2300.3691464419558,3914.173,9.673
2026-07-25 14:52:02.695,0 days 01:05:14.280000,,,0 days 00:00:09.780000,9903.8377248,102.343752,2,58.0,False,0,pos,655.2181048479308,0.15011687955861175,OnTrack,-5835.0,4146.0,2300.0,3914.28,9.78
2026-07-25 14:52:02.748,0 days 01:05:14.333000,,,0 days 00:00:09.833000,10090.0,104.0,2,58.0,False,0,car,656.7669444444444,0.15047173386658208,OnTrack,-5822.250125492699,4148.0528437166995,2299.7515859779237,3914.333,9.833
2026-07-25 14:52:02.948,0 days 01:05:14.533000,,,0 days 00:00:10.033000,10646.0,109.0,2,64.0,False,0,car,662.8225,0.15185912090193393,OnTrack,-5759.961084075045,4157.608719331174,2298.477156449602,3914.533,10.033
2026-07-25 14:52:03.015,0 days 01:05:14.600000,,,0 days 00:00:10.100000,10945.8252864,111.5125024,2,67.7687536,False,0,pos,664.9637091012643,0.1523496928601659,OnTrack,-5738.0,4160.0,2298.0,3914.6,10.1
2026-07-25 14:52:03.155,0 days 01:05:14.740000,,,0 days 00:00:10.240000,11572.3252864,116.7625024,2,75.6437536,False,0,pos,669.6361851945901,0.15342020285638322,OnTrack,-5692.0,4163.0,2297.0,3914.74,10.24
2026-07-25 14:52:03.268,0 days 01:05:14.853000,,,0 days 00:00:10.353000,12078.0,121.0,2,82.0,False,0,car,673.5780555555556,0.1543233239298616,OnTrack,-5652.530155048607,4163.9951767015955,2296.3493679906674,3914.853,10.353
2026-07-25 14:52:03.475,0 days 01:05:15.060000,,,0 days 00:00:10.560000,11192.335440457144,130.61071725714285,2,84.95714377142858,False,0,pos,681.180777447435,0.15606518191290034,OnTrack,-5579.0,4163.0,2295.0,3915.06,10.56
2026-07-25 14:52:03.548,0 days 01:05:15.133000,,,0 days 00:00:10.633000,10880.0,134.0,2,86.0,False,0,car,684.0002777777778,0.15671115702923777,OnTrack,-5555.09361333688,4161.887316171581,2294.2026711937733,3915.133,10.633
2026-07-25 14:52:03.635,0 days 01:05:15.220000,,,0 days 00:00:10.720000,11141.5439424,139.9812544,2,92.5250048,False,0,pos,687.4626254166866,0.15750441475464927,OnTrack,-5518.0,4159.0,2293.0,3915.22,10.72
2026-07-25 14:52:03.708,0 days 01:05:15.293000,,,0 days 00:00:10.793000,11361.0,145.0,3,98.0,False,0,car,690.4447222222223,0.1581876423145663,OnTrack,-5469.774801727183,4154.241431951223,2291.758294477566,3915.293,10.793
2026-07-25 14:52:03.815,0 days 01:05:15.400000,,,0 days 00:00:10.900000,11480.94671827968,149.18861555897294,3,98.7615664652678,False,0,pos,694.9301869221218,0.15921530617052082,OnTrack,-5393.0,4146.0,2290.0,3915.4,10.9
2026-07-25 14:52:03.989,0 days 01:05:15.574000,,,0 days 00:00:11.074000,11676.0,156.0,3,100.0,False,0,car,702.621388888889,0.1609774358045518,OnTrack,-5329.114424405631,4138.313442932005,2288.829719871187,3915.574,11.074
2026-07-25 14:52:04.175,0 days 01:05:15.760000,,,0 days 00:00:11.260000,11597.466612622222,167.3666744888889,3,100.0,False,0,pos,711.5956060476394,0.1630335167742094,OnTrack,-5284.0,4130.0,2288.0,3915.76,11.26
2026-07-25 14:52:04.349,0 days 01:05:15.934000,,,0 days 00:00:11.434000,11524.0,178.0,4,100.0,False,0,car,720.4213888888889,0.16505558998920064,OnTrack,-5202.095077468215,4114.1173642768235,2285.719725133265,3915.934,11.434
2026-07-25 14:52:04.475,0 days 01:05:16.060000,,,0 days 00:00:11.560000,11782.3002624,183.67000576,4,100.0,False,0,pos,726.9169404194434,0.1665437844080733,OnTrack,-5137.0,4101.0,2284.0,3916.06,11.56
2026-07-25 14:52:04.549,0 days 01:05:16.134000,,,0 days 00:00:11.634000,11934.0,187.0,4,100.0,False,0,car,730.8102777777779,0.16743578609572168,OnTrack,-5101.995587934675,4093.6523726348414,2283.2165499352686,3916.134,11.634
2026-07-25 14:52:04.656,0 days 01:05:16.241000,,,0 days 00:00:11.741000,11491.55473536,191.81500288,4,100.0,False,0,pos,736.5758395165917,0.1687567327098787,OnTrack,-5044.0,4080.0,2282.0,3916.241,11.741
2026-07-25 14:52:04.749,0 days 01:05:16.334000,,,0 days 00:00:11.834000,11107.0,196.0,4,100.0,False,0,car,741.6991666666667,0.1699305370950699,OnTrack,-4971.63326074786,4060.7472764447693,2280.374953140183,3916.334,11.834
2026-07-25 14:52:04.876,0 days 01:05:16.461000,,,0 days 00:00:11.961000,11167.3250304,200.3656272,4,100.0,False,0,pos,748.8395602507906,0.17156647113861678,OnTrack,-4868.0,4031.0,2278.0,3916.461,11.961
2026-07-25 14:52:05.036,0 days 01:05:16.621000,,,0 days 00:00:12.121000,11243.3250304,205.8656272,4,100.0,False,0,pos,758.1288030178204,0.173694727557863,OnTrack,-4781.0,4002.0,2276.0,3916.621,12.121
2026-07-25 14:52:05.069,0 days 01:05:16.654000,,,0 days 00:00:12.154000,11259.0,207.0,5,100.0,False,0,car,760.0991666666666,0.17414615715111142,OnTrack,-4763.120988171155,3995.684197547315,2275.5555290710977,3916.654,12.154
2026-07-25 14:52:05.176,0 days 01:05:16.761000,,,0 days 00:00:12.261000,11425.822827054546,211.86363927272728,5,100.0,False,0,pos,766.6178913665674,0.17563966076984597,OnTrack,-4703.0,3974.0,2274.0,3916.761,12.261
2026-07-25 14:52:05.396,0 days 01:05:16.981000,,,0 days 00:00:12.481000,11768.822827054546,221.86363927272728,5,100.0,False,0,pos,780.5662838076322,0.17883537397224217,OnTrack,-4578.0,3924.0,2271.0,3916.981,12.481
2026-07-25 14:52:05.509,0 days 01:05:17.094000,,,0 days 00:00:12.594000,11945.0,227.0,5,100.0,False,0,car,787.843611111111,0.18050268087087934,OnTrack,-4488.925145687929,3882.3549487005025,2269.4115937874826,3917.094,12.594
2026-07-25 14:52:05.716,0 days 01:05:17.301000,,,0 days 00:00:12.801000,11170.228331885713,232.91428754285715,5,100.0,False,0,pos,801.3048799337702,0.18358678928547545,OnTrack,-4324.0,3800.0,2267.0,3917.301,12.801
2026-07-25 14:52:05.789,0 days 01:05:17.374000,,,0 days 00:00:12.874000,10897.0,235.0,5,100.0,False,0,car,806.1213888888889,0.18469029861978534,OnTrack,-4289.5796405173605,3781.883020586936,2266.6062196941975,3917.374,12.874
2026-07-25 14:52:06.016,0 days 01:05:17.601000,,,0 days 00:00:13.101000,11132.917923657144,241.4857161142857,5,100.0,False,0,pos,821.3889205443284,0.18818823952483532,OnTrack,-4220.0,3739.0,2266.0,3917.601,13.101
2026-07-25 14:52:06.069,0 days 01:05:17.654000,,,0 days 00:00:13.154000,11188.0,243.0,6,100.0,False,0,car,825.0213888888889,0.18902047356865406,OnTrack,-4194.049016083555,3722.122603191859,2265.6244348534406,3917.654,13.154
2026-07-25 14:52:06.236,0 days 01:05:17.821000,,,0 days 00:00:13.321000,11328.8114176,247.5545472,6,100.0,False,0,pos,836.6410067808338,0.19168264173326396,OnTrack,-4093.0,3655.0,2264.0,3917.821,13.321
2026-07-25 14:52:06.476,0 days 01:05:18.061000,,,0 days 00:00:13.561000,11531.175053963636,254.10000174545453,6,100.0,False,0,pos,853.7903167017979,0.19561171645337747,OnTrack,-3956.0,3557.0,2262.0,3918.061,13.561
2026-07-25 14:52:06.509,0 days 01:05:18.094000,,,0 days 00:00:13.594000,11559.0,255.0,6,100.0,False,0,car,856.1880555555555,0.19616106188821716,OnTrack,-3938.183790147791,3543.8062301688888,2261.7931688766253,3918.094,13.594
2026-07-25 14:52:06.636,0 days 01:05:18.221000,,,0 days 00:00:13.721000,11631.736400290909,258.46363810909094,6,100.0,False,0,pos,865.5050184405135,0.19829566925774017,OnTrack,-3865.0,3488.0,2261.0,3918.221,13.721
2026-07-25 14:52:06.916,0 days 01:05:18.501000,,,0 days 00:00:14.001000,11792.100036654545,266.10000174545456,6,100.0,False,0,pos,886.3657068219093,0.20307505710140564,OnTrack,-3638.0,3303.0,2258.0,3918.501,14.001
2026-07-25 14:52:06.949,0 days 01:05:18.534000,,,0 days 00:00:14.034000,11811.0,267.0,6,100.0,False,0,car,888.8213888888889,0.20363767789340678,OnTrack,-3616.9217479320105,3285.561312299579,2257.744808443942,3918.534,14.034
2026-07-25 14:52:07.149,0 days 01:05:18.734000,,,0 days 00:00:14.234000,10802.0,268.0,6,100.0,False,0,car,903.7102777777777,0.20704886803537273,OnTrack,-3534.2208202332004,3216.2693521070023,2256.9962198511416,3918.734,14.234
2026-07-25 14:52:07.336,0 days 01:05:18.921000,,,0 days 00:00:14.421000,10824.90750784,270.80500096,6,100.0,False,0,pos,917.844078701119,0.2102870601354018,OnTrack,-3467.0,3158.0,2256.0,3918.921,14.421
2026-07-25 14:52:07.516,0 days 01:05:19.101000,,,0 days 00:00:14.601000,10846.95750784,273.50500096,6,100.0,False,0,pos,931.6196697603457,0.21344318285024436,OnTrack,-3364.0,3068.0,2254.0,3919.101,14.601
2026-07-25 14:52:07.549,0 days 01:05:19.134000,,,0 days 00:00:14.634000,10851.0,274.0,7,100.0,False,0,car,934.1547222222222,0.2140239881764076,OnTrack,-3335.466845270106,3043.1411198772926,2253.638821983013,3919.134,14.634
2026-07-25 14:52:07.736,0 days 01:05:19.321000,,,0 days 00:00:14.821000,10927.135740342857,276.67142948571427,7,100.0,False,0,pos,948.5748487900917,0.21732778028348193,OnTrack,-3155.0,2886.0,2252.0,3919.321,14.821
2026-07-25 14:52:07.829,0 days 01:05:19.414000,,,0 days 00:00:14.914000,10965.0,278.0,7,100.0,False,0,car,955.7769444444443,0.2189778508751134,OnTrack,-3114.64703172932,2850.4387393751545,2251.647092794981,3919.414,14.914
2026-07-25 14:52:08.016,0 days 01:05:19.601000,,,0 days 00:00:15.101000,10816.958282666666,279.55833386666666,7,100.0,False,0,pos,970.3131473303222,0.2223082372025262,OnTrack,-3074.0,2814.0,2251.0,3919.601,15.101
2026-07-25 14:52:08.069,0 days 01:05:19.654000,,,0 days 00:00:15.154000,10775.0,280.0,7,100.0,False,0,car,974.443611111111,0.22325456687399609,OnTrack,-3041.4987410055264,2785.671243625519,2250.478239307735,3919.654,15.154
2026-07-25 14:52:08.269,0 days 01:05:19.854000,,,0 days 00:00:15.354000,10684.0,280.0,7,100.0,False,0,car,989.9991666666665,0.22681849687306502,OnTrack,-2855.068018938772,2624.5166431720604,2247.5583266372405,3919.854,15.354
2026-07-25 14:52:08.315,0 days 01:05:19.900000,,,0 days 00:00:15.400000,10570.3413504,277.8916608,7,83.8999552,False,0,pos,993.524246070695,0.2276261270597368,OnTrack,-2817.0,2592.0,2247.0,3919.9,15.4
2026-07-25 14:52:08.509,0 days 01:05:20.094000,,,0 days 00:00:15.594000,10091.0,269.0,7,16.0,True,0,car,1007.9324999999999,0.2309271990291345,OnTrack,-2701.04804901069,2495.2698593864507,2245.535051326116,3920.094,15.594
2026-07-25 14:52:08.709,0 days 01:05:20.294000,,,0 days 00:00:15.794000,9409.0,243.0,7,3.0,True,0,car,1021.4325,0.23402018113546932,OnTrack,-2633.2705388366962,2443.014823767304,2244.707665760748,3920.294,15.794
2026-07-25 14:52:08.795,0 days 01:05:20.380000,,,0 days 00:00:15.880000,9332.45988608,233.53998592,7,2.13999872,True,0,pos,1026.8335589713502,0.23525761659870234,OnTrack,-2604.0,2421.0,2244.0,3920.38,15.88
2026-07-25 14:52:08.909,0 days 01:05:20.494000,,,0 days 00:00:15.994000,9231.0,221.0,7,1.0,True,0,car,1033.7102777777777,0.2368331401704487,OnTrack,-2564.239288586664,2391.4954332110137,2242.7064732210174,3920.494,15.994
2026-07-25 14:52:09.055,0 days 01:05:20.640000,,,0 days 00:00:16.140000,9725.201137753671,211.2259354708792,7,1.0,True,0,pos,1042.2125110389898,0.238781085010509,OnTrack,-2508.0,2352.0,2241.0,3920.64,16.14
2026-07-25 14:52:09.148,0 days 01:05:20.733000,,,0 days 00:00:16.233000,10040.0,205.0,7,1.0,True,0,car,1047.32,0.2399512607115984,OnTrack,-2466.385212386966,2324.997288267495,2240.274040575564,3920.733,16.233
2026-07-25 14:52:09.295,0 days 01:05:20.880000,,,0 days 00:00:16.380000,10446.875177142858,190.2999936,7,1.0,True,0,pos,1054.7557190159023,0.24165485670151834,OnTrack,-2397.0,2283.0,2239.0,3920.88,16.38
2026-07-25 14:52:09.428,0 days 01:05:21.013000,,,0 days 00:00:16.513000,10815.0,177.0,7,1.0,True,0,car,1061.0866666666666,0.2431053387607744,OnTrack,-2338.4914723832344,2251.0526944748526,2236.76303529422,3921.013,16.513
2026-07-25 14:52:09.475,0 days 01:05:21.060000,,,0 days 00:00:16.560000,10846.389328457142,175.15356891428573,7,1.0,True,0,pos,1063.2910238834247,0.2436103785702116,OnTrack,-2318.0,2241.0,2236.0,3921.06,16.56
2026-07-25 14:52:09.708,0 days 01:05:21.293000,,,0 days 00:00:16.793000,11002.0,166.0,4,1.0,True,0,car,1073.9977777777776,0.24606340066000157,OnTrack,-2216.762097809606,2199.8645127605946,2233.310988988361,3921.293,16.793
2026-07-25 14:52:09.735,0 days 01:05:21.320000,,,0 days 00:00:16.820000,11021.9125472,165.156248,4,0.8312496,True,0,pos,1075.2211545110433,0.24634368824113467,OnTrack,-2206.0,2196.0,2233.0,3921.32,16.82
2026-07-25 14:52:09.868,0 days 01:05:21.453000,,,0 days 00:00:16.953000,11120.0,161.0,3,0.0,True,0,car,1081.1533333333332,0.24770280845957326,OnTrack,-2156.0776979979646,2179.745556163152,2231.2575897549755,3921.453,16.953
2026-07-25 14:52:09.935,0 days 01:05:21.520000,,,0 days 00:00:17.020000,10888.4310288,158.0687472,3,0.0,True,0,pos,1084.024584358101,0.2483606401664179,OnTrack,-2124.0,2174.0,2230.0,3921.52,17.02
2026-07-25 14:52:10.155,0 days 01:05:21.740000,,,0 days 00:00:17.240000,10128.0560288,148.4437472,3,0.0,True,0,pos,1092.9296948827941,0.25040088812995936,OnTrack,-1979.0,2169.0,2224.0,3921.74,17.24
2026-07-25 14:52:10.188,0 days 01:05:21.773000,,,0 days 00:00:17.273000,10014.0,147.0,3,0.0,True,0,car,1094.2199999999998,0.25069650965879114,OnTrack,-1960.331309858713,2170.172742657233,2223.131463012319,3921.773,17.273
2026-07-25 14:52:10.388,0 days 01:05:21.973000,,,0 days 00:00:17.473000,9756.0,137.0,3,0.0,True,0,car,1101.8311111111109,0.25244028969404986,OnTrack,-1881.3779893721787,2188.1479164230946,2218.614618287096,3921.973,17.473
2026-07-25 14:52:10.595,0 days 01:05:22.180000,,,0 days 00:00:17.680000,9418.83640107903,132.9861476318932,3,0.0,True,0,pos,1109.3877551134349,0.2541715907816891,OnTrack,-1832.0,2213.0,2215.0,3922.18,17.68
2026-07-25 14:52:10.749,0 days 01:05:22.334000,,,0 days 00:00:17.834000,9168.0,130.0,3,0.0,True,0,car,1114.867222222222,0.25542699031648386,OnTrack,-1801.862137602517,2228.9095808001807,2212.865376112198,3922.334,17.834
2026-07-25 14:52:10.975,0 days 01:05:22.560000,,,0 days 00:00:18.060000,8869.356973714286,125.96428342857143,3,0.0,True,0,pos,1122.7506314847726,0.25723315652285295,OnTrack,-1756.0,2263.0,2209.0,3922.56,18.06
2026-07-25 14:52:11.029,0 days 01:05:22.614000,,,0 days 00:00:18.114000,8798.0,125.0,3,0.0,False,0,car,1124.589444444444,0.2576544465659019,OnTrack,-1741.9847203724128,2276.485864385512,2207.5751927341666,3922.614,18.114
2026-07-25 14:52:11.236,0 days 01:05:22.821000,,,0 days 00:00:18.321000,8791.531248,121.1187488,3,9.703128,False,0,pos,1131.4559325326086,0.25922762617998,OnTrack,-1684.0,2344.0,2201.0,3922.821,18.321
2026-07-25 14:52:11.349,0 days 01:05:22.934000,,,0 days 00:00:18.434000,8788.0,119.0,3,15.0,False,0,car,1135.1672222222219,0.26007791896526883,OnTrack,-1658.3945403701784,2386.737080991657,2197.5852083669556,3922.934,18.434
2026-07-25 14:52:11.509,0 days 01:05:23.094000,,,0 days 00:00:18.594000,8738.0,119.0,3,46.0,False,0,car,1140.4561111111109,0.2612896551649523,OnTrack,-1630.7876910012244,2447.765553406417,2193.3499176733717,3923.094,18.594
2026-07-25 14:52:11.576,0 days 01:05:23.161000,,,0 days 00:00:18.661000,8856.296988,119.6281256,3,47.6750016,False,0,pos,1142.6979578578512,0.26180328419256804,OnTrack,-1622.0,2468.0,2192.0,3923.161,18.661
2026-07-25 14:52:11.829,0 days 01:05:23.414000,,,0 days 00:00:18.914000,9303.0,122.0,3,54.0,False,0,car,1151.3005555555553,0.2637742235071603,OnTrack,-1603.3423546968422,2512.804902906034,2189.261252985732,3923.414,18.914
2026-07-25 14:52:12.029,0 days 01:05:23.614000,,,0 days 00:00:19.114000,9303.0,125.0,3,55.0,False,0,car,1158.2449999999997,0.26536526368531604,OnTrack,-1599.062649282101,2571.743690600401,2185.233266309265,3923.614,19.114
2026-07-25 14:52:12.036,0 days 01:05:23.621000,,,0 days 00:00:19.121000,9319.260565333334,125.1750016,3,55.20416853333333,False,0,pos,1158.4950972411064,0.26542256341061876,OnTrack,-1599.0,2575.0,2185.0,3923.621,19.121
2026-07-25 14:52:12.256,0 days 01:05:23.841000,,,0 days 00:00:19.341000,9830.302232,130.6750016,3,61.6208352,False,0,pos,1166.6602455791044,0.26729327879617415,OnTrack,-1600.0,2698.0,2176.0,3923.841,19.341
2026-07-25 14:52:12.509,0 days 01:05:24.094000,,,0 days 00:00:19.594000,10418.0,137.0,3,69.0,False,0,car,1176.5116666666663,0.269550335769937,OnTrack,-1608.3926134610656,2764.4927614055127,2170.822538067996,3924.094,19.594
2026-07-25 14:52:12.636,0 days 01:05:24.221000,,,0 days 00:00:19.721000,10658.03012096,140.81000192,3,72.1750016,False,0,pos,1181.5282200648367,0.2706996772437158,OnTrack,-1618.0,2797.0,2168.0,3924.221,19.721
2026-07-25 14:52:12.709,0 days 01:05:24.294000,,,0 days 00:00:19.794000,10796.0,143.0,3,74.0,False,0,car,1184.4561111111107,0.27137048573374717,OnTrack,-1625.6325940121899,2822.8854645741294,2165.7316074453206,3924.294,19.794
2026-07-25 14:52:12.816,0 days 01:05:24.401000,,,0 days 00:00:19.901000,11033.00514176,145.6750016,3,78.28000256,False,0,pos,1188.8262103445084,0.2723717182323995,OnTrack,-1639.0,2866.0,2162.0,3924.401,19.901
2026-07-25 14:52:12.909,0 days 01:05:24.494000,,,0 days 00:00:19.994000,11239.0,148.0,3,82.0,False,0,car,1192.6783333333328,0.2732542773046836,OnTrack,-1651.938760036765,2902.8474332999535,2158.942810853804,3924.494,19.994
2026-07-25 14:52:13.036,0 days 01:05:24.621000,,,0 days 00:00:20.121000,11774.78152,151.1750016,3,86.7625024,False,0,pos,1198.008870736978,0.27447555558665565,OnTrack,-1672.0,2953.0,2155.0,3924.621,20.121
2026-07-25 14:52:13.069,0 days 01:05:24.654000,,,0 days 00:00:20.154000,11914.0,152.0,3,88.0,False,0,car,1199.4338888888883,0.2748020411899935,OnTrack,-1677.7701799987574,2966.2356752735777,2154.002865670562,3924.654,20.154
2026-07-25 14:52:13.236,0 days 01:05:24.821000,,,0 days 00:00:20.321000,11501.138730666667,160.3500032,3,88.92777813333333,False,0,pos,1206.9855913673287,0.27653221012615503,OnTrack,-1710.0,3034.0,2149.0,3924.821,20.321
2026-07-25 14:52:13.429,0 days 01:05:25.014000,,,0 days 00:00:20.514000,11024.0,170.0,3,90.0,False,0,car,1216.4338888888883,0.2786969075461188,OnTrack,-1751.6865228034483,3112.9443310627294,2142.7000965785423,3925.014,20.514
2026-07-25 14:52:13.476,0 days 01:05:25.061000,,,0 days 00:00:20.561000,11047.002915938461,171.8980795076923,3,90.40673132307693,False,0,pos,1218.8542313041019,0.27925143167807875,OnTrack,-1763.0,3134.0,2141.0,3925.061,20.561
2026-07-25 14:52:14.396,0 days 01:05:25.981000,,,0 days 00:00:21.481000,11497.272146707692,209.05192566153846,3,98.36826978461538,False,0,pos,1273.2521419025893,0.2917145253153471,OnTrack,-2024.0,3650.0,2101.0,3925.981,21.481
2026-07-25 14:52:14.469,0 days 01:05:26.054000,,,0 days 00:00:21.554000,11533.0,212.0,5,99.0,False,0,car,1277.6783333333326,0.2927286090853101,OnTrack,-2034.9402613855195,3679.1236046369404,2098.952342681309,3926.054,21.554
2026-07-25 14:52:14.629,0 days 01:05:26.214000,,,0 days 00:00:21.714000,11680.0,218.0,5,95.0,False,0,car,1287.3672222222215,0.29494842834187307,OnTrack,-2050.9776136341925,3732.323677294173,2095.4193851649093,3926.214,21.714
2026-07-25 14:52:14.935,0 days 01:05:26.520000,,,0 days 00:00:22.020000,10897.149672533333,224.80000284444444,5,91.59999857777778,False,0,pos,1306.508457233932,0.29933387259256716,OnTrack,-2071.0,3845.0,2089.0,3926.52,22.02
2026-07-25 14:52:14.989,0 days 01:05:26.574000,,,0 days 00:00:22.074000,10759.0,226.0,5,91.0,False,0,car,1309.9672222222216,0.3001263094976632,OnTrack,-2075.608366042635,3872.983800454966,2087.4884545684617,3926.574,22.074
2026-07-25 14:52:15.115,0 days 01:05:26.700000,,,0 days 00:00:22.200000,10831.900074057143,230.0500041142857,5,94.60000365714286,False,0,pos,1318.124546738602,0.3019952323691248,OnTrack,-2084.0,3958.0,2083.0,3926.7,22.2
2026-07-25 14:52:15.269,0 days 01:05:26.854000,,,0 days 00:00:22.354000,10921.0,235.0,6,99.0,False,0,car,1328.2449999999992,0.3043139272465692,OnTrack,-2078.4264060723926,4125.883333758104,2074.367483803047,3926.854,22.354
2026-07-25 14:52:15.335,0 days 01:05:26.920000,,,0 days 00:00:22.420000,10927.325012266667,236.37500266666666,6,99.27500053333333,False,0,pos,1332.6271179511843,0.30531791335107755,OnTrack,-2073.0,4193.0,2071.0,3926.92,22.42
2026-07-25 14:52:15.509,0 days 01:05:27.094000,,,0 days 00:00:22.594000,10944.0,240.0,6,100.0,False,0,car,1344.2449999999994,0.3079796838170401,OnTrack,-2054.313397485294,4309.594540127874,2065.52553446465,3927.094,22.594
2026-07-25 14:52:15.669,0 days 01:05:27.254000,,,0 days 00:00:22.754000,11084.0,240.0,6,100.0,False,0,car,1354.9116666666662,0.3104235215306874,OnTrack,-2030.3755699691094,4370.377432596257,2063.1488798157657,3927.254,22.754
2026-07-25 14:52:15.735,0 days 01:05:27.320000,,,0 days 00:00:22.820000,11138.954066757069,241.65690653538906,6,100.0,False,0,pos,1359.3741100749085,0.3114459109834448,OnTrack,-2018.0,4399.0,2062.0,3927.32,22.82
2026-07-25 14:52:15.908,0 days 01:05:27.493000,,,0 days 00:00:22.993000,11283.0,246.0,6,100.0,False,0,car,1371.2433333333327,0.31416526618006696,OnTrack,-1978.578351273596,4485.190797915652,2058.4483521547077,3927.493,22.993
2026-07-25 14:52:16.095,0 days 01:05:27.680000,,,0 days 00:00:23.180000,11468.664349257142,249.33928685714287,6,100.0,False,0,pos,1384.2168304016375,0.31713762131257467,OnTrack,-1927.0,4590.0,2054.0,3927.68,23.18
2026-07-25 14:52:16.188,0 days 01:05:27.773000,,,0 days 00:00:23.273000,11561.0,251.0,6,100.0,False,0,car,1390.765555555555,0.3186379983288985,OnTrack,-1898.8802713237264,4643.90839752072,2051.6645052830313,3927.773,23.273
2026-07-25 14:52:16.375,0 days 01:05:27.960000,,,0 days 00:00:23.460000,11645.1500288,255.6750016,6,100.0,False,0,pos,1404.1810906460753,0.32171162869792713,OnTrack,-1825.0,4776.0,2047.0,3927.96,23.46
2026-07-25 14:52:16.508,0 days 01:05:28.093000,,,0 days 00:00:23.593000,11705.0,259.0,6,100.0,False,0,car,1413.7877777777774,0.32391261472752053,OnTrack,-1744.2497603197476,4912.140713678207,2044.0959676529042,3928.093,23.593
2026-07-25 14:52:16.575,0 days 01:05:28.160000,,,0 days 00:00:23.660000,11810.9438512,259.4187504,6,100.0,False,0,pos,1418.6149145323816,0.3250185589946926,OnTrack,-1707.0,4974.0,2043.0,3928.16,23.66
2026-07-25 14:52:16.668,0 days 01:05:28.253000,,,0 days 00:00:23.753000,11958.0,260.0,6,100.0,False,0,car,1425.343333333333,0.32656010558397175,OnTrack,-1667.9069989535778,5038.088439233585,2042.0464839712954,3928.253,23.753
2026-07-25 14:52:16.989,0 days 01:05:28.574000,,,0 days 00:00:24.074000,11004.0,268.0,6,100.0,False,0,car,1449.2399999999998,0.3320350657618272,OnTrack,-1592.900048386155,5160.651329096604,2042.0008166465125,3928.574,24.074
2026-07-25 14:52:16.995,0 days 01:05:28.580000,,,0 days 00:00:24.080000,11004.800017066667,268.1333361777778,6,100.0,False,0,pos,1449.6937423526572,0.3321390225749868,OnTrack,-1591.0,5164.0,2042.0,3928.58,24.08
2026-07-25 14:52:17.175,0 days 01:05:28.760000,,,0 days 00:00:24.260000,11028.800017066667,272.1333361777778,6,100.0,False,0,pos,1463.4044701246096,0.3352802844759852,OnTrack,-1525.0,5283.0,2042.0,3928.76,24.26
2026-07-25 14:52:17.349,0 days 01:05:28.934000,,,0 days 00:00:24.434000,11052.0,276.0,7,100.0,False,0,car,1476.8399999999997,0.33835849584588945,OnTrack,-1461.7584121253187,5398.933493422304,2042.9580540789475,3928.934,24.434
2026-07-25 14:52:17.355,0 days 01:05:28.940000,,,0 days 00:00:24.440000,11055.9750848,276.1500032,7,100.0,False,0,pos,1477.3064952510188,0.33846537447285924,OnTrack,-1459.0,5404.0,2043.0,3928.94,24.44
2026-07-25 14:52:17.589,0 days 01:05:29.174000,,,0 days 00:00:24.674000,11211.0,282.0,7,100.0,False,0,car,1495.6399999999996,0.34266575981619274,OnTrack,-1322.3437508330387,5654.897494025377,2044.7320769180699,3929.174,24.674
2026-07-25 14:52:17.635,0 days 01:05:29.220000,,,0 days 00:00:24.720000,11229.7833856,282.5750016,7,100.0,False,0,pos,1499.2639220973724,0.3434960358311502,OnTrack,-1301.0,5694.0,2045.0,3929.22,24.72
2026-07-25 14:52:17.829,0 days 01:05:29.414000,,,0 days 00:00:24.914000,11309.0,285.0,7,100.0,False,0,car,1514.6399999999999,0.34701884574362696,OnTrack,-1254.356432324038,5778.857546425351,2045.7038265034653,3929.414,24.914
2026-07-25 14:52:17.976,0 days 01:05:29.561000,,,0 days 00:00:25.061000,11404.91754176,287.57250112,7,100.0,False,0,pos,1526.468966860492,0.3497289778055477,OnTrack,-1224.0,5834.0,2047.0,3929.561,25.061
2026-07-25 14:52:18.216,0 days 01:05:29.801000,,,0 days 00:00:25.301000,11561.51754176,291.77250112,7,100.0,False,0,pos,1546.0226451326153,0.3542089168432296,OnTrack,-1131.0,6004.0,2052.0,3929.801,25.301
2026-07-25 14:52:18.229,0 days 01:05:29.814000,,,0 days 00:00:25.314000,11570.0,292.0,7,100.0,False,0,car,1547.0844444444442,0.3544521854559707,OnTrack,-1125.7028635619877,6013.629651213256,2052.325411189176,3929.814,25.314
2026-07-25 14:52:18.456,0 days 01:05:30.041000,,,0 days 00:00:25.541000,11683.500032,294.8375008,7,100.0,False,0,pos,1565.680273516296,0.35871267186868905,OnTrack,-1036.0,6176.0,2058.0,3930.041,25.541
2026-07-25 14:52:18.469,0 days 01:05:30.054000,,,0 days 00:00:25.554000,11690.0,295.0,7,100.0,False,0,car,1566.7511111111107,0.3589580112405078,OnTrack,-1030.8898078041984,6185.288918045816,2058.255713818302,3930.054,25.554
2026-07-25 14:52:18.616,0 days 01:05:30.201000,,,0 days 00:00:25.701000,11701.0250048,296.8375008,7,100.0,False,0,pos,1578.9123551227726,0.3617442712493109,OnTrack,-973.0,6291.0,2061.0,3930.201,25.701
2026-07-25 14:52:18.709,0 days 01:05:30.294000,,,0 days 00:00:25.794000,11708.0,298.0,7,100.0,False,0,car,1586.6177777777775,0.36350965898217585,OnTrack,-936.4703648940306,6358.057125283708,2063.8158523979873,3930.294,25.794
2026-07-25 14:52:18.796,0 days 01:05:30.381000,,,0 days 00:00:25.881000,11740.625024,298.0,7,100.0,False,0,pos,1593.814699611627,0.3651585442009008,OnTrack,-902.0,6421.0,2067.0,3930.381,25.881
2026-07-25 14:52:18.949,0 days 01:05:30.534000,,,0 days 00:00:26.034000,11798.0,298.0,7,100.0,False,0,car,1606.484444444444,0.36806130672384385,OnTrack,-839.9955854153055,6532.372106346652,2072.957330587768,3930.534,26.034
2026-07-25 14:52:18.976,0 days 01:05:30.561000,,,0 days 00:00:26.061000,11801.4593832,298.2531256,7,100.0,False,0,pos,1608.7296568978065,0.36857570686778235,OnTrack,-829.0,6552.0,2074.0,3930.561,26.061
2026-07-25 14:52:19.136,0 days 01:05:30.721000,,,0 days 00:00:26.221000,11821.9593832,299.7531256,7,100.0,False,0,pos,1622.094246713857,0.371637665175897,OnTrack,-764.0,6668.0,2080.0,3930.721,26.221
2026-07-25 14:52:19.269,0 days 01:05:30.854000,,,0 days 00:00:26.354000,11839.0,301.0,7,100.0,False,0,car,1633.2399999999996,0.37419126632224237,OnTrack,-710.5559431813954,6764.803004907965,2084.9282978388615,3930.854,26.354
2026-07-25 14:52:19.396,0 days 01:05:30.981000,,,0 days 00:00:26.481000,11886.625024,301.52916693333333,7,100.0,False,0,pos,1643.891769175531,0.37663169087488885,OnTrack,-659.0,6858.0,2090.0,3930.981,26.481
2026-07-25 14:52:19.509,0 days 01:05:31.094000,,,0 days 00:00:26.594000,11929.0,302.0,7,100.0,False,0,car,1653.373333333333,0.37880401000675157,OnTrack,-611.8433047695753,6941.7843730695095,2095.1153911787737,3931.094,26.594
2026-07-25 14:52:19.669,0 days 01:05:31.254000,,,0 days 00:00:26.754000,11875.0,302.0,7,100.0,False,0,car,1666.7955555555552,0.38187917246309105,OnTrack,-543.9634742272837,7056.305960918976,2102.684332352025,3931.254,26.754
2026-07-25 14:52:19.676,0 days 01:05:31.261000,,,0 days 00:00:26.761000,11873.374985142857,301.9749997714286,7,100.0,False,0,pos,1667.3821636236053,0.3820135701118252,OnTrack,-541.0,7061.0,2103.0,3931.261,26.761
2026-07-25 14:52:19.856,0 days 01:05:31.441000,,,0 days 00:00:26.941000,11831.589270857143,301.33214262857143,7,100.0,False,0,pos,1682.4424825804779,0.38546403655992156,OnTrack,-463.0,7177.0,2111.0,3931.441,26.941
2026-07-25 14:52:19.949,0 days 01:05:31.534000,,,0 days 00:00:27.034000,11810.0,301.0,7,100.0,False,0,car,1690.206666666666,0.3872428871116897,OnTrack,-417.66487088807776,7241.988529624347,2115.707839527335,3931.534,27.034
2026-07-25 14:52:20.016,0 days 01:05:31.601000,,,0 days 00:00:27.101000,11791.016648533334,300.2555548444444,7,100.0,False,0,pos,1695.7933088299294,0.3885228415002429,OnTrack,-386.0,7287.0,2119.0,3931.601,27.101
2026-07-25 14:52:20.236,0 days 01:05:31.821000,,,0 days 00:00:27.321000,11728.6833152,297.8111104,7,100.0,False,0,pos,1714.0085124166667,0.39269612288965217,OnTrack,-288.0,7422.0,2129.0,3931.821,27.321
2026-07-25 14:52:20.309,0 days 01:05:31.894000,,,0 days 00:00:27.394000,11708.0,297.0,7,100.0,False,0,car,1719.906666666666,0.39404744774562633,OnTrack,-240.03514172669776,7484.608749962742,2133.8758488585986,3931.894,27.394
2026-07-25 14:52:20.496,0 days 01:05:32.081000,,,0 days 00:00:27.581000,11186.477599288888,287.13055217777776,7,51.69165013333333,False,0,pos,1734.6096377921333,0.39741604230866545,OnTrack,-99.0,7668.0,2148.0,3932.081,27.581
2026-07-25 14:52:20.669,0 days 01:05:32.254000,,,0 days 00:00:27.754000,10704.0,278.0,7,7.0,True,0,car,1747.7066666666663,0.40041669978681954,OnTrack,-9.724481089334798,7794.310381373703,2156.110025143227,3932.254,27.754
2026-07-25 14:52:20.876,0 days 01:05:32.461000,,,0 days 00:00:27.961000,11075.04761472,267.13249664,7,8.552500479999999,True,0,pos,1762.7572604552424,0.40386493810369223,OnTrack,55.0,7899.0,2161.0,3932.461,27.961
2026-07-25 14:52:21.069,0 days 01:05:32.654000,,,0 days 00:00:28.154000,11421.0,257.0,6,10.0,True,0,car,1776.2622222222217,0.40695905699939605,OnTrack,93.14929060255254,7969.544118168519,2163.340119016737,3932.654,28.154
2026-07-25 14:52:21.216,0 days 01:05:32.801000,,,0 days 00:00:28.301000,11109.237364266666,248.42499626666665,6,13.6750016,True,0,pos,1786.25666674836,0.40924888204251475,OnTrack,119.0,8033.0,2165.0,3932.801,28.301
2026-07-25 14:52:21.309,0 days 01:05:32.894000,,,0 days 00:00:28.394000,10912.0,243.0,6,16.0,True,0,car,1792.4622222222215,0.4106706355269978,OnTrack,137.86733858314167,8087.157242915243,2166.4593484290763,3932.894,28.394
2026-07-25 14:52:21.455,0 days 01:05:33.040000,,,0 days 00:00:28.540000,10775.62260770909,239.68181527272728,6,29.27273890909091,True,0,pos,1802.034848197454,0.41286381781233333,OnTrack,166.0,8186.0,2169.0,3933.04,28.54
2026-07-25 14:52:21.749,0 days 01:05:33.334000,,,0 days 00:00:28.834000,10501.0,233.0,6,56.0,False,0,car,1820.9399999999994,0.417195173089579,OnTrack,189.9130664419352,8388.131558412,2172.9392190888575,3933.334,28.834
2026-07-25 14:52:21.755,0 days 01:05:33.340000,,,0 days 00:00:28.840000,10501.316673422221,232.9833329777778,6,56.73334897777778,False,0,pos,1821.3260501502282,0.4172836209567497,OnTrack,190.0,8392.0,2173.0,3933.34,28.84
2026-07-25 14:52:22.109,0 days 01:05:33.694000,,,0 days 00:00:29.194000,10520.0,232.0,6,100.0,False,0,car,1844.1399999999994,0.42251052011676177,OnTrack,169.7343949060871,8604.26903640215,2174.99730621108,3933.694,29.194
2026-07-25 14:52:22.115,0 days 01:05:33.700000,,,0 days 00:00:29.200000,10525.892982857144,232.02142902857142,6,100.0,False,0,pos,1844.526634376486,0.4225991018358852,OnTrack,169.0,8608.0,2175.0,3933.7,29.2
2026-07-25 14:52:22.215,0 days 01:05:33.800000,,,0 days 00:00:29.300000,10624.107268571428,232.37857188571428,6,100.0,False,0,pos,1850.968577436527,0.42407501402956926,OnTrack,155.0,8671.0,2175.0,3933.8,29.3
2026-07-25 14:52:22.389,0 days 01:05:33.974000,,,0 days 00:00:29.474000,10795.0,233.0,6,100.0,False,0,car,1862.2622222222217,0.42666249856567706,OnTrack,121.53647026194541,8781.495052803779,2175.971283687985,3933.974,29.474
2026-07-25 14:52:22.395,0 days 01:05:33.980000,,,0 days 00:00:29.480000,10796.711634916788,233.1316642243683,6,100.0,False,0,pos,1862.656410109656,0.42675281086807465,OnTrack,120.0,8786.0,2176.0,3933.98,29.48
2026-07-25 14:52:22.708,0 days 01:05:34.293000,,,0 days 00:00:29.793000,10886.0,240.0,6,100.0,False,0,car,1883.5288888888883,0.4315349000072613,OnTrack,13.979606322555094,9072.857557152447,2176.079090910906,3934.293,29.793
2026-07-25 14:52:22.775,0 days 01:05:34.360000,,,0 days 00:00:29.860000,10901.4937648,240.0,6,100.0,False,0,pos,1887.9954878988972,0.4325582415490487,OnTrack,0.0,9110.0,2176.0,3934.36,29.86
2026-07-25 14:52:22.868,0 days 01:05:34.453000,,,0 days 00:00:29.953000,10923.0,240.0,6,100.0,False,0,car,1894.195555555555,0.43397873772090856,OnTrack,-9.327228631826538,9135.175077117934,2175.9206129652025,3934.453,29.953
2026-07-25 14:52:22.995,0 days 01:05:34.580000,,,0 days 00:00:30.080000,10940.0656336,241.1906256,6,100.0,False,0,pos,1902.7065817875089,0.4359286971166107,OnTrack,-18.0,9159.0,2176.0,3934.58,30.08
2026-07-25 14:52:23.188,0 days 01:05:34.773000,,,0 days 00:00:30.273000,10966.0,243.0,6,100.0,False,0,car,1915.795555555555,0.4389275090910443,OnTrack,-61.963693527239286,9276.771249164123,2176.803903683158,3934.773,30.273
2026-07-25 14:52:23.255,0 days 01:05:34.840000,,,0 days 00:00:30.340000,10914.2843256,244.2562512,6,86.390612,False,0,pos,1920.4044439410677,0.43998345052115434,OnTrack,-79.0,9324.0,2177.0,3934.84,30.34
2026-07-25 14:52:23.508,0 days 01:05:35.093000,,,0 days 00:00:30.593000,10719.0,249.0,6,35.0,False,0,car,1937.9288888888884,0.44399847234686235,OnTrack,-133.40687494562115,9489.15710774657,2176.928363198879,3935.093,30.593
2026-07-25 14:52:23.555,0 days 01:05:35.140000,,,0 days 00:00:30.640000,10575.956270094417,247.2484441236051,6,24.78259072102985,False,0,pos,1941.147280104931,0.444735837268522,OnTrack,-142.0,9519.0,2177.0,3935.14,30.64
2026-07-25 14:52:23.669,0 days 01:05:35.254000,,,0 days 00:00:30.754000,10229.0,243.0,6,0.0,True,0,car,1948.7963888888885,0.4464883229424619,OnTrack,-161.01638907154856,9591.275659701356,2177.4369133993773,3935.254,30.754
2026-07-25 14:52:23.815,0 days 01:05:35.400000,,,0 days 00:00:30.900000,10389.078711771428,229.96427428571428,6,0.0,True,0,pos,1957.933473032113,0.44858171833202254,OnTrack,-181.0,9682.0,2178.0,3935.4,30.9
2026-07-25 14:52:23.949,0 days 01:05:35.534000,,,0 days 00:00:31.034000,10536.0,218.0,6,0.0,True,0,car,1965.751944444444,0.450373006641447,OnTrack,-194.15325823779872,9761.263267535805,2177.9704453204613,3935.534,31.034
2026-07-25 14:52:23.975,0 days 01:05:35.560000,,,0 days 00:00:31.060000,10580.4365824,216.2863552,6,0.1772736,True,0,pos,1967.2167237856086,0.4507086019223322,OnTrack,-196.0,9776.0,2178.0,3935.56,31.06
2026-07-25 14:52:24.175,0 days 01:05:35.760000,,,0 days 00:00:31.260000,10922.254764218182,203.10453701818182,6,1.5409099636363637,True,0,pos,1977.9169725598504,0.4531601336254478,OnTrack,-202.0,9886.0,2179.0,3935.76,31.26
2026-07-25 14:52:24.389,0 days 01:05:35.974000,,,0 days 00:00:31.474000,11288.0,189.0,4,3.0,True,0,car,1988.8519444444441,0.45566544269006437,OnTrack,-193.7849743338694,10016.670140577045,2180.790765846771,3935.974,31.474
2026-07-25 14:52:24.416,0 days 01:05:36.001000,,,0 days 00:00:31.501000,11212.3998208,188.05499776,4,3.13500032,True,0,pos,1990.2304467719184,0.4559812710628362,OnTrack,-192.0,10031.0,2181.0,3936.001,31.501
2026-07-25 14:52:24.589,0 days 01:05:36.174000,,,0 days 00:00:31.674000,10728.0,182.0,4,4.0,True,0,car,1998.9630555555552,0.4579819971894592,OnTrack,-177.31880007912793,10103.72048160667,2182.1282344302863,3936.174,31.674
2026-07-25 14:52:24.696,0 days 01:05:36.281000,,,0 days 00:00:31.781000,10467.6331776,177.2444416,4,5.1888896,True,0,pos,2004.108520639072,0.45916087359183616,OnTrack,-165.0,10144.0,2183.0,3936.281,31.781
2026-07-25 14:52:24.916,0 days 01:05:36.501000,,,0 days 00:00:32.001000,9932.299844266667,167.46666382222222,4,7.633334044444445,True,0,pos,2014.1061390968484,0.46145142581375215,OnTrack,-126.0,10238.0,2186.0,3936.501,32.001
2026-07-25 14:52:24.949,0 days 01:05:36.534000,,,0 days 00:00:32.034000,9852.0,166.0,4,8.0,True,0,car,2015.5630555555551,0.46178521963132274,OnTrack,-116.37770574390548,10254.2740701779,2186.663601271562,3936.534,32.034
2026-07-25 14:52:25.236,0 days 01:05:36.821000,,,0 days 00:00:32.321000,9520.3554816,156.4333312,4,22.3500032,True,0,pos,2027.8649714071796,0.4646037089352272,OnTrack,-14.0,10392.0,2193.0,3936.821,32.321
2026-07-25 14:52:25.309,0 days 01:05:36.894000,,,0 days 00:00:32.394000,9436.0,154.0,4,26.0,False,0,car,2030.963055555555,0.4653135103304009,OnTrack,-0.7754873812857168,10407.877631600752,2193.5721796599655,3936.894,32.394
2026-07-25 14:52:25.476,0 days 01:05:37.061000,,,0 days 00:00:32.561000,9449.36000512,153.16499968,4,35.18500352,False,0,pos,2038.0622072702927,0.4669399954580927,OnTrack,23.0,10427.0,2194.0,3937.061,32.561
2026-07-25 14:52:25.509,0 days 01:05:37.094000,,,0 days 00:00:32.594000,9452.0,153.0,4,37.0,False,0,car,2039.4630555555552,0.46726094350846364,OnTrack,32.08801102492083,10433.11337506592,2194.258167713882,3937.094,32.594
2026-07-25 14:52:25.749,0 days 01:05:37.334000,,,0 days 00:00:32.834000,9394.0,152.0,4,46.0,False,0,car,2049.5963888888887,0.46958258933642855,OnTrack,136.61976189847863,10498.096787755518,2197.8616318282548,3937.334,32.834
2026-07-25 14:52:25.816,0 days 01:05:37.401000,,,0 days 00:00:32.901000,9414.658353066667,151.44166613333334,4,47.395834666666666,False,0,pos,2052.395310774704,0.4702238497297512,OnTrack,165.0,10513.0,2199.0,3937.401,32.901
2026-07-25 14:52:25.989,0 days 01:05:37.574000,,,0 days 00:00:33.074000,9468.0,150.0,4,51.0,False,0,car,2059.5963888888887,0.47187368719297285,OnTrack,225.31906313809156,10536.411888942299,2201.84573418679,3937.574,33.074
2026-07-25 14:52:26.196,0 days 01:05:37.781000,,,0 days 00:00:33.281000,9599.531290666666,151.2937504,4,57.90000213333333,False,0,pos,2068.3074018961884,0.4738694655159082,OnTrack,295.0,10548.0,2205.0,3937.781,33.281
2026-07-25 14:52:26.416,0 days 01:05:38.001000,,,0 days 00:00:33.501000,9739.322957333334,152.6687504,4,65.23333546666667,False,0,pos,2077.706397049398,0.47602286728082716,OnTrack,388.0,10557.0,2208.0,3938.001,33.501
2026-07-25 14:52:26.469,0 days 01:05:38.054000,,,0 days 00:00:33.554000,9773.0,153.0,4,67.0,False,0,car,2079.9963888888888,0.47654752682032325,OnTrack,406.17934855921857,10558.138580542227,2208.7082151451464,3938.054,33.554
2026-07-25 14:52:26.656,0 days 01:05:38.241000,,,0 days 00:00:33.741000,10023.58008576,156.74000128,4,72.61000192,False,0,pos,2088.14902983376,0.47841537663972034,OnTrack,472.0,10555.0,2212.0,3938.241,33.741
2026-07-25 14:52:26.669,0 days 01:05:38.254000,,,0 days 00:00:33.754000,10041.0,157.0,4,73.0,False,0,car,2088.718611111111,0.47854587328408693,OnTrack,478.840976120911,10554.017639693071,2212.3556210119164,3938.254,33.754
2026-07-25 14:52:26.869,0 days 01:05:38.454000,,,0 days 00:00:33.954000,10329.0,159.0,4,78.0,False,0,car,2097.5519444444444,0.4805696763907011,OnTrack,603.7527240535522,10530.69867486392,2218.8356381370018,3938.454,33.954
2026-07-25 14:52:26.876,0 days 01:05:38.461000,,,0 days 00:00:33.961000,10343.98013696,159.21000192,4,78.21000192,False,0,pos,2097.866175392956,0.4806416697759605,OnTrack,607.0,10530.0,2219.0,3938.461,33.961
2026-07-25 14:52:27.069,0 days 01:05:38.654000,,,0 days 00:00:34.154000,10757.0,165.0,4,84.0,False,0,car,2106.7186111111114,0.48266984942586677,OnTrack,656.7608930136338,10515.900475387436,2221.355571533374,3938.654,34.154
2026-07-25 14:52:27.116,0 days 01:05:38.701000,,,0 days 00:00:34.201000,10854.189418057143,166.6785737142857,4,85.1750016,False,0,pos,2108.942771816117,0.4831794264082516,OnTrack,670.0,10511.0,2222.0,3938.701,34.201
2026-07-25 14:52:27.349,0 days 01:05:38.934000,,,0 days 00:00:34.434000,11336.0,175.0,4,91.0,False,0,car,2120.3297222222222,0.485788288175052,OnTrack,774.2526767219341,10470.627089939886,2227.3531731521293,3938.934,34.434
2026-07-25 14:52:27.376,0 days 01:05:38.961000,,,0 days 00:00:34.461000,11386.76012032,175.94500224,4,92.21500288,False,0,pos,2121.6760068863605,0.48609673516588253,OnTrack,787.0,10465.0,2228.0,3938.961,34.461
2026-07-25 14:52:27.549,0 days 01:05:39.134000,,,0 days 00:00:34.634000,11712.0,182.0,4,100.0,False,0,car,2130.4408333333336,0.48810484267444687,OnTrack,864.844069240873,10425.748626907183,2231.8473432341507,3939.134,34.634
2026-07-25 14:52:27.556,0 days 01:05:39.141000,,,0 days 00:00:34.641000,11703.687424,182.218752,4,100.0,False,0,pos,2130.8020279072302,0.4881875958858518,OnTrack,868.0,10424.0,2232.0,3939.141,34.641
2026-07-25 14:52:27.869,0 days 01:05:39.454000,,,0 days 00:00:34.954000,11332.0,192.0,4,100.0,False,0,car,2147.5075,0.49201498301628244,OnTrack,1009.5140293000655,10335.706407016265,2238.8681985822377,3939.454,34.954
2026-07-25 14:52:27.875,0 days 01:05:39.460000,,,0 days 00:00:34.960000,11318.324708266666,192.25000533333332,4,100.0,False,0,pos,2147.838236344183,0.49209075794920626,OnTrack,1012.0,10334.0,2239.0,3939.46,34.96
2026-07-25 14:52:28.075,0 days 01:05:39.660000,,,0 days 00:00:35.160000,10862.491374933334,200.58333866666666,4,100.0,False,0,pos,2159.0519574990153,0.4946599311993785,OnTrack,1100.0,10268.0,2244.0,3939.66,35.16
2026-07-25 14:52:28.109,0 days 01:05:39.694000,,,0 days 00:00:35.194000,10785.0,202.0,5,100.0,False,0,car,2160.974166666667,0.4951003281297621,OnTrack,1121.3751532707986,10250.368972522529,2245.2313647984874,3939.694,35.194
2026-07-25 14:52:28.269,0 days 01:05:39.854000,,,0 days 00:00:35.354000,10992.0,205.0,5,100.0,False,0,car,2170.0852777777777,0.49718777284350246,OnTrack,1241.157433371767,10147.768879783627,2252.0657960298863,3939.854,35.354
2026-07-25 14:52:28.295,0 days 01:05:39.880000,,,0 days 00:00:35.380000,11017.133457066666,205.9750048,5,100.0,False,0,pos,2171.595584880864,0.4975337989801629,OnTrack,1258.0,10133.0,2253.0,3939.88,35.38
2026-07-25 14:52:28.509,0 days 01:05:40.094000,,,0 days 00:00:35.594000,11224.0,214.0,5,100.0,False,0,car,2184.3519444444446,0.5004564057855057,OnTrack,1348.7842953523016,10049.336989232166,2257.610277393427,3940.094,35.594
2026-07-25 14:52:28.735,0 days 01:05:40.320000,,,0 days 00:00:35.820000,11595.0168768,219.6500032,5,100.0,False,0,pos,2198.1550383809126,0.5036188296786579,OnTrack,1406.0,9990.0,2260.0,3940.32,35.82
2026-07-25 14:52:28.749,0 days 01:05:40.334000,,,0 days 00:00:35.834000,11618.0,220.0,5,100.0,False,0,car,2199.0186111111116,0.5038166826417707,OnTrack,1410.1586053112517,9985.726401288048,2260.188182470533,3940.334,35.834
2026-07-25 14:52:28.975,0 days 01:05:40.560000,,,0 days 00:00:36.060000,11865.8938904,223.531252,5,100.0,False,0,pos,2213.089659042208,0.5070404974171975,OnTrack,1492.0,9901.0,2264.0,3940.56,36.06
2026-07-25 14:52:29.069,0 days 01:05:40.654000,,,0 days 00:00:36.154000,11969.0,225.0,5,100.0,False,0,car,2219.0186111111116,0.5083988783548594,OnTrack,1539.9463112587678,9849.709632870474,2266.1638208524437,3940.654,36.154
2026-07-25 14:52:29.355,0 days 01:05:40.940000,,,0 days 00:00:36.440000,12120.0438176,230.3625024,5,100.0,False,0,pos,2237.3442533310595,0.5125974623158515,OnTrack,1700.0,9675.0,2273.0,3940.94,36.44
2026-07-25 14:52:29.389,0 days 01:05:40.974000,,,0 days 00:00:36.474000,12138.0,231.0,5,100.0,False,0,car,2239.5519444444444,0.5131032659536302,OnTrack,1713.3286989214732,9660.299171274264,2273.499268707662,3940.974,36.474
2026-07-25 14:52:29.628,0 days 01:05:41.213000,,,0 days 00:00:36.713000,12308.0,236.0,5,100.0,False,0,car,2255.2197222222226,0.5166929071619782,OnTrack,1779.3248628105737,9586.571632242789,2275.3484223725873,3941.213,36.713
2026-07-25 14:52:29.695,0 days 01:05:41.280000,,,0 days 00:00:36.780000,12324.41501568,236.67000064,5,100.0,False,0,pos,2259.6359993567607,0.5177047194696629,OnTrack,1805.0,9558.0,2276.0,3941.28,36.78
2026-07-25 14:52:29.828,0 days 01:05:41.413000,,,0 days 00:00:36.913000,12357.0,238.0,5,100.0,False,0,car,2268.4419444444443,0.5197222476611867,OnTrack,1874.1881319540719,9481.369197063605,2277.8339134278326,3941.413,36.913
2026-07-25 14:52:29.975,0 days 01:05:41.560000,,,0 days 00:00:37.060000,12262.663491521693,238.45794421591413,5,83.97195244300609,False,0,pos,2278.2796250634697,0.5219761565591484,OnTrack,1956.0,9391.0,2280.0,3941.56,37.06
2026-07-25 14:52:30.149,0 days 01:05:41.734000,,,0 days 00:00:37.234000,12151.0,239.0,5,65.0,False,0,car,2289.7527777777777,0.524604768118304,OnTrack,2026.0390820419218,9313.79145190891,2281.7140836905996,3941.734,37.234
2026-07-25 14:52:30.389,0 days 01:05:41.974000,,,0 days 00:00:37.474000,11031.0,220.0,5,0.0,True,0,car,2304.4194444444443,0.527965044974569,OnTrack,2104.70752875977,9225.621252286495,2282.976596978305,3941.974,37.474
2026-07-25 14:52:30.395,0 days 01:05:41.980000,,,0 days 00:00:37.480000,11025.2998784,219.3249856,5,0.0,True,0,pos,2304.7564211372414,0.5280422496324263,OnTrack,2107.0,9223.0,2283.0,3941.98,37.48
2026-07-25 14:52:30.755,0 days 01:05:42.340000,,,0 days 00:00:37.840000,10683.2998784,178.8249856,5,0.0,True,0,pos,2322.349393532147,0.5320729717668475,OnTrack,2249.0,9057.0,2284.0,3942.34,37.84
2026-07-25 14:52:30.789,0 days 01:05:42.374000,,,0 days 00:00:37.874000,10651.0,175.0,4,0.0,True,0,car,2323.863888888889,0.5324199574734052,OnTrack,2257.061792394557,9047.152121779332,2284.117589653906,3942.374,37.874
2026-07-25 14:52:31.036,0 days 01:05:42.621000,,,0 days 00:00:38.121000,10362.539210971428,154.71070902857142,4,0.8821430857142857,True,0,pos,2334.3699143212602,0.534826990708296,OnTrack,2290.0,9003.0,2285.0,3942.621,38.121
2026-07-25 14:52:31.069,0 days 01:05:42.654000,,,0 days 00:00:38.154000,10324.0,152.0,3,1.0,True,0,car,2335.686111111111,0.5351285442726976,OnTrack,2294.900365008542,8996.115947082233,2285.060607587536,3942.654,38.154
2026-07-25 14:52:31.309,0 days 01:05:42.894000,,,0 days 00:00:38.394000,10787.0,134.0,3,1.0,True,0,car,2344.619444444444,0.537175258357877,OnTrack,2340.7732176960567,8927.769217569832,2285.0387497047245,3942.894,38.394
2026-07-25 14:52:31.416,0 days 01:05:43.001000,,,0 days 00:00:38.501000,10712.7687056,129.6531224,3,1.3343752,True,0,pos,2348.3321736028765,0.5380258809395585,OnTrack,2362.0,8882.0,2285.0,3943.001,38.501
2026-07-25 14:52:31.576,0 days 01:05:43.161000,,,0 days 00:00:38.661000,10601.7687056,123.1531224,3,1.8343752,True,0,pos,2353.6479487342103,0.5392437770404855,OnTrack,2390.0,8801.0,2285.0,3943.161,38.661
2026-07-25 14:52:31.629,0 days 01:05:43.214000,,,0 days 00:00:38.714000,10565.0,121.0,2,2.0,True,0,car,2355.3749999999995,0.5396394613858047,OnTrack,2396.211499440208,8780.021307614828,2284.967090307763,3943.214,38.714
2026-07-25 14:52:31.869,0 days 01:05:43.454000,,,0 days 00:00:38.954000,9858.0,114.0,2,5.0,True,0,car,2362.9749999999995,0.5413806957567784,OnTrack,2403.566249217719,8730.307955072652,2284.668002799421,3943.454,38.954
2026-07-25 14:52:31.996,0 days 01:05:43.581000,,,0 days 00:00:39.081000,9794.499968,110.8249984,2,13.334379199999999,True,0,pos,2366.7836449137917,0.5422532935766111,OnTrack,2402.0,8703.0,2285.0,3943.581,39.081
2026-07-25 14:52:32.156,0 days 01:05:43.741000,,,0 days 00:00:39.241000,9714.499968,106.8249984,2,23.834379199999997,True,0,pos,2371.4374499786077,0.5433195258574887,OnTrack,2398.0,8657.0,2286.0,3943.741,39.241
2026-07-25 14:52:32.189,0 days 01:05:43.774000,,,0 days 00:00:39.274000,9698.0,106.0,2,26.0,False,0,car,2372.397222222222,0.5435394190705002,OnTrack,2396.678079864474,8647.942299518905,2286.181205873839,3943.774,39.274
2026-07-25 14:52:32.376,0 days 01:05:43.961000,,,0 days 00:00:39.461000,9905.777848888889,105.48055537777778,2,37.94722631111111,False,0,pos,2377.8428938496136,0.5447870757297962,OnTrack,2382.0,8595.0,2287.0,3943.961,39.461
2026-07-25 14:52:32.549,0 days 01:05:44.134000,,,0 days 00:00:39.634000,10098.0,105.0,2,49.0,False,0,car,2382.897222222222,0.5459450718198717,OnTrack,2349.6721678877457,8522.650471134864,2287.896750937839,3944.134,39.634
2026-07-25 14:52:32.576,0 days 01:05:44.161000,,,0 days 00:00:39.661000,10158.187642666666,105.3375008,2,50.687504,False,0,pos,2383.6879391264997,0.5461262328003241,OnTrack,2345.0,8513.0,2288.0,3944.161,39.661
2026-07-25 14:52:32.789,0 days 01:05:44.374000,,,0 days 00:00:39.874000,10633.0,108.0,2,64.0,False,0,car,2390.097222222222,0.5475946622765836,OnTrack,2321.022925325765,8469.908909918553,2288.2244473171545,3944.374,39.874
2026-07-25 14:52:32.996,0 days 01:05:44.581000,,,0 days 00:00:40.081000,10660.286372072727,116.93863912727272,2,66.82272814545455,False,0,pos,2397.193754349015,0.5492205472310427,OnTrack,2298.0,8421.0,2288.0,3944.581,40.081
2026-07-25 14:52:33.216,0 days 01:05:44.801000,,,0 days 00:00:40.301000,10689.286372072727,126.43863912727272,2,69.82272814545455,False,0,pos,2405.1585557697476,0.551045361177327,OnTrack,2258.0,8312.0,2288.0,3944.801,40.301
2026-07-25 14:52:33.229,0 days 01:05:44.814000,,,0 days 00:00:40.314000,10691.0,127.0,2,70.0,False,0,car,2405.6194444444445,0.5511509552827975,OnTrack,2256.231983591951,8306.426252677209,2288.027923892228,3944.814,40.314
2026-07-25 14:52:33.389,0 days 01:05:44.974000,,,0 days 00:00:40.474000,9823.0,127.0,2,57.0,True,0,car,2411.2638888888887,0.5524441527396023,OnTrack,2243.638222378878,8254.939269981289,2288.6954979246775,3944.974,40.474
2026-07-25 14:52:33.629,0 days 01:05:45.214000,,,0 days 00:00:40.714000,10368.0,134.0,3,67.0,False,0,car,2420.197222222222,0.554490866824782,OnTrack,2244.8068354882294,8202.939377844643,2289.9376284408195,3945.214,40.714
2026-07-25 14:52:33.676,0 days 01:05:45.261000,,,0 days 00:00:40.761000,10482.7584896,135.1750016,3,69.5458368,False,0,pos,2421.988161565094,0.5549011885537475,OnTrack,2245.0,8188.0,2290.0,3945.261,40.761
2026-07-25 14:52:33.869,0 days 01:05:45.454000,,,0 days 00:00:40.954000,10954.0,140.0,3,80.0,False,0,car,2429.5305555555556,0.5566292248242234,OnTrack,2245.878280228975,8111.86949083385,2289.9739072684024,3945.454,40.954
2026-07-25 14:52:33.876,0 days 01:05:45.461000,,,0 days 00:00:40.961000,10967.6063744,140.437504,3,80.2625024,False,0,pos,2429.8144819806917,0.556694275146628,OnTrack,2246.0,8109.0,2290.0,3945.461,40.961
2026-07-25 14:52:34.029,0 days 01:05:45.614000,,,0 days 00:00:41.114000,11265.0,150.0,3,86.0,False,0,car,2436.197222222222,0.5581566233952528,OnTrack,2250.7154043128785,8046.850853224578,2290.9759647787737,3945.614,41.114
2026-07-25 14:52:34.036,0 days 01:05:45.621000,,,0 days 00:00:41.121000,11255.5499136,150.1750016,3,86.24500224,False,0,pos,2436.4950854113245,0.5582248667666625,OnTrack,2251.0,8044.0,2291.0,3945.621,41.121
2026-07-25 14:52:34.156,0 days 01:05:45.741000,,,0 days 00:00:41.241000,11093.5499136,153.1750016,3,90.44500224,False,0,pos,2441.6678862561384,0.5594100060594508,OnTrack,2257.0,7995.0,2291.0,3945.741,41.241
2026-07-25 14:52:34.316,0 days 01:05:45.901000,,,0 days 00:00:41.401000,10877.5499136,157.1750016,3,96.04500224,False,0,pos,2448.774038983076,0.561038095187547,OnTrack,2272.0,7926.0,2291.0,3945.901,41.401
2026-07-25 14:52:34.429,0 days 01:05:46.014000,,,0 days 00:00:41.514000,10725.0,160.0,3,100.0,False,0,car,2453.975,0.5622296862513316,OnTrack,2290.4581781970082,7858.054692269553,2291.4650016164364,3946.014,41.514
2026-07-25 14:52:34.655,0 days 01:05:46.240000,,,0 days 00:00:41.740000,10906.313739054545,168.73182312727272,3,99.48636334545455,False,0,pos,2464.8458123930295,0.5647202957485881,OnTrack,2335.0,7707.0,2293.0,3946.24,41.74
2026-07-25 14:52:34.869,0 days 01:05:46.454000,,,0 days 00:00:41.954000,11078.0,177.0,4,99.0,False,0,car,2475.608333333333,0.5671860946143225,OnTrack,2360.709559232388,7625.377015788921,2293.7902327302636,3946.454,41.954
2026-07-25 14:52:35.029,0 days 01:05:46.614000,,,0 days 00:00:42.114000,11814.0,186.0,4,99.0,False,0,car,2483.8749999999995,0.569080068842399,OnTrack,2374.5386484815563,7578.865937944672,2293.9856215024047,3946.614,42.114
2026-07-25 14:52:35.115,0 days 01:05:46.700000,,,0 days 00:00:42.200000,11803.249984,187.6125024,4,99.5375008,False,0,pos,2488.3639939444797,0.570108541282823,OnTrack,2384.0,7541.0,2294.0,3946.7,42.2
2026-07-25 14:52:35.155,0 days 01:05:46.740000,,,0 days 00:00:42.240000,11798.249984,188.3625024,4,99.7875008,False,0,pos,2490.469804248443,0.5705910030301928,OnTrack,2389.0,7520.0,2294.0,3946.74,42.24
2026-07-25 14:52:35.189,0 days 01:05:46.774000,,,0 days 00:00:42.274000,11794.0,189.0,4,100.0,False,0,car,2492.2749999999996,0.5710045910418963,OnTrack,2394.0767428782783,7499.076647833006,2294.069728051607,3946.774,42.274
2026-07-25 14:52:35.429,0 days 01:05:47.014000,,,0 days 00:00:42.514000,12190.0,196.0,4,100.0,False,0,car,2505.3416666666662,0.5739982922411142,OnTrack,2443.030744321109,7304.911035532754,2295.875453731388,3947.014,42.514
2026-07-25 14:52:35.455,0 days 01:05:47.040000,,,0 days 00:00:42.540000,12228.22018816,196.39000192,4,100.0,False,0,pos,2506.7713333044035,0.5743258428580434,OnTrack,2447.0,7289.0,2296.0,3947.04,42.54
2026-07-25 14:52:35.629,0 days 01:05:47.214000,,,0 days 00:00:42.714000,12484.0,199.0,4,100.0,False,0,car,2516.3972222222214,0.5765312282047381,OnTrack,2461.677974797532,7227.383614161315,2296.0769406534264,3947.214,42.714
2026-07-25 14:52:35.795,0 days 01:05:47.380000,,,0 days 00:00:42.880000,12484.0,202.32000256,4,100.0,False,0,pos,2525.7541419179024,0.5786749900706012,OnTrack,2474.0,7181.0,2296.0,3947.38,42.88
2026-07-25 14:52:35.829,0 days 01:05:47.414000,,,0 days 00:00:42.914000,12484.0,203.0,4,100.0,False,0,car,2527.6749999999993,0.5791150774540631,OnTrack,2478.3476510891005,7166.041715593663,2296.090127520046,3947.414,42.914
2026-07-25 14:52:36.015,0 days 01:05:47.600000,,,0 days 00:00:43.100000,11867.874576,201.44999893333335,4,25.599948800000004,False,0,pos,2538.1213272797986,0.5815084332580138,OnTrack,2511.0,7064.0,2297.0,3947.6,43.1
2026-07-25 14:52:36.069,0 days 01:05:47.654000,,,0 days 00:00:43.154000,11689.0,201.0,4,4.0,True,0,car,2541.0749999999994,0.5821851485818325,OnTrack,2521.9906218860915,7035.753749009055,2297.2604717327054,3947.654,43.154
2026-07-25 14:52:36.295,0 days 01:05:47.880000,,,0 days 00:00:43.380000,11365.70145855833,192.2482878909102,4,5.544419783957025,True,0,pos,2552.8864900237277,0.5848912765294283,OnTrack,2575.0,6930.0,2298.0,3947.88,43.38
2026-07-25 14:52:36.455,0 days 01:05:48.040000,,,0 days 00:00:43.540000,11136.817665047083,186.0523890219752,4,6.63781370200438,True,0,pos,2560.888206584341,0.5867245480954978,OnTrack,2621.0,6862.0,2298.0,3948.04,43.54
2026-07-25 14:52:36.508,0 days 01:05:48.093000,,,0 days 00:00:43.593000,11061.0,184.0,4,7.0,True,0,car,2563.512777777777,0.5873258630390609,OnTrack,2637.3450003871308,6840.698545960898,2298.1061856097995,3948.093,43.593
2026-07-25 14:52:36.708,0 days 01:05:48.293000,,,0 days 00:00:43.793000,10611.0,176.0,4,9.0,True,0,car,2573.2905555555544,0.589566047609904,OnTrack,2703.5458479965714,6766.40076733806,2298.970511169424,3948.293,43.793
2026-07-25 14:52:36.715,0 days 01:05:48.300000,,,0 days 00:00:43.800000,10602.954281149685,175.85477041786433,4,9.203321414989919,True,0,pos,2573.6283713104385,0.5896434445050962,OnTrack,2706.0,6764.0,2299.0,3948.3,43.8
2026-07-25 14:52:36.949,0 days 01:05:48.534000,,,0 days 00:00:44.034000,10334.0,171.0,4,16.0,False,0,car,2584.738055555554,0.5921887818811831,OnTrack,2789.992931429338,6693.464273322294,2299.9670773016583,3948.534,44.034
2026-07-25 14:52:36.955,0 days 01:05:48.540000,,,0 days 00:00:44.040000,10333.21998336,170.90999808,4,16.48001024,False,0,pos,2585.0183573887007,0.5922530017740939,OnTrack,2792.0,6692.0,2300.0,3948.54,44.04
2026-07-25 14:52:37.135,0 days 01:05:48.720000,,,0 days 00:00:44.220000,10309.81998336,168.20999808,4,30.88001024,False,0,pos,2593.3220911741373,0.5941554684418066,OnTrack,2864.0,6652.0,2301.0,3948.72,44.22
2026-07-25 14:52:37.275,0 days 01:05:48.860000,,,0 days 00:00:44.360000,10291.61998336,166.10999808,4,42.08001024,False,0,pos,2599.6961697866764,0.5956158322264699,OnTrack,2978.0,6613.0,2301.0,3948.86,44.36
2026-07-25 14:52:37.349,0 days 01:05:48.934000,,,0 days 00:00:44.434000,10282.0,165.0,4,48.0,False,0,car,2603.0713888888877,0.5963891279515143,OnTrack,3022.498740305231,6598.987925912663,2301.0014682392234,3948.934,44.434
2026-07-25 14:52:37.589,0 days 01:05:49.174000,,,0 days 00:00:44.674000,10476.0,165.0,4,61.0,False,0,car,2614.0713888888877,0.5989093355937131,OnTrack,3069.178366976033,6591.49041543021,2301.4011267851265,3949.174,44.674
2026-07-25 14:52:37.736,0 days 01:05:49.321000,,,0 days 00:00:44.821000,10569.100040533333,166.63333404444444,4,64.26666808888889,False,0,pos,2620.9077711755167,0.6004756176740544,OnTrack,3136.0,6589.0,2302.0,3949.321,44.821
2026-07-25 14:52:37.916,0 days 01:05:49.501000,,,0 days 00:00:45.001000,10683.100040533333,168.63333404444444,4,68.26666808888889,False,0,pos,2629.399424780685,0.6024211386113862,OnTrack,3280.0,6579.0,2303.0,3949.501,45.001
2026-07-25 14:52:37.949,0 days 01:05:49.534000,,,0 days 00:00:45.034000,10704.0,169.0,4,69.0,False,0,car,2630.9713888888878,0.602781290971273,OnTrack,3299.8029611430547,6577.536949705475,2303.145464324148,3949.534,45.034
2026-07-25 14:52:38.109,0 days 01:05:49.694000,,,0 days 00:00:45.194000,10782.0,173.0,4,78.0,False,0,car,2638.6602777777766,0.6045428906565271,OnTrack,3348.082762468401,6573.667434977465,2303.59231680023,3949.694,45.194
2026-07-25 14:52:38.256,0 days 01:05:49.841000,,,0 days 00:00:45.341000,11071.406376,174.8375008,4,76.1624992,False,0,pos,2645.8072803172226,0.6061803388764113,OnTrack,3386.0,6569.0,2304.0,3949.841,45.341
2026-07-25 14:52:38.269,0 days 01:05:49.854000,,,0 days 00:00:45.354000,11097.0,175.0,4,76.0,False,0,car,2646.4380555555545,0.6063248556560615,OnTrack,3390.9126402154448,6568.3652379036885,2304.046909106988,3949.854,45.354
2026-07-25 14:52:38.476,0 days 01:05:50.061000,,,0 days 00:00:45.561000,10784.774903466667,173.27499946666666,4,38.62498844444444,False,0,pos,2656.404825679095,0.6086083402227331,OnTrack,3493.0,6553.0,2305.0,3950.061,45.561
2026-07-25 14:52:38.629,0 days 01:05:50.214000,,,0 days 00:00:45.714000,10554.0,172.0,4,11.0,True,0,car,2663.6380555555543,0.6102655439693178,OnTrack,3568.863476979197,6534.184122759999,2305.866527448095,3950.214,45.714
2026-07-25 14:52:38.836,0 days 01:05:50.421000,,,0 days 00:00:45.921000,10267.649911466666,167.97499875555556,4,17.900002133333334,True,0,pos,2673.201321575504,0.6124565817973049,OnTrack,3661.0,6499.0,2307.0,3950.421,45.921
2026-07-25 14:52:38.989,0 days 01:05:50.574000,,,0 days 00:00:46.074000,10056.0,165.0,4,23.0,False,0,car,2680.1380555555543,0.6140458554326158,OnTrack,3718.4488977522415,6466.4402511016615,2307.588424807725,3950.574,46.074
2026-07-25 14:52:39.229,0 days 01:05:50.814000,,,0 days 00:00:46.314000,9979.0,161.0,4,39.0,False,0,car,2690.871388888888,0.6165049671319734,OnTrack,3799.554029062113,6405.893937622047,2307.9994610456474,3950.814,46.314
2026-07-25 14:52:39.236,0 days 01:05:50.821000,,,0 days 00:00:46.321000,9981.8875264,161.0,4,39.437504,False,0,pos,2691.184176775871,0.6165766298977154,OnTrack,3802.0,6404.0,2308.0,3950.821,46.321
2026-07-25 14:52:39.276,0 days 01:05:50.861000,,,0 days 00:00:46.361000,9998.3875264,161.0,4,41.937504,False,0,pos,2692.972291586545,0.6169863044987145,OnTrack,3816.0,6393.0,2308.0,3950.861,46.361
2026-07-25 14:52:39.389,0 days 01:05:50.974000,,,0 days 00:00:46.474000,10045.0,161.0,4,49.0,False,0,car,2698.0269444444434,0.6181443749315452,OnTrack,3853.2114230161624,6358.990939258114,2308.268624858858,3950.974,46.474
2026-07-25 14:52:39.536,0 days 01:05:51.121000,,,0 days 00:00:46.621000,10128.475036342857,161.0,4,52.6750016,False,0,pos,2704.595972980505,0.6196494036514,OnTrack,3897.0,6310.0,2309.0,3951.121,46.621
2026-07-25 14:52:39.669,0 days 01:05:51.254000,,,0 days 00:00:46.754000,10204.0,161.0,4,56.0,False,0,car,2710.5491666666658,0.6210133385807957,OnTrack,3933.340600961704,6263.444758526374,2309.696527153909,3951.254,46.754
2026-07-25 14:52:39.736,0 days 01:05:51.321000,,,0 days 00:00:46.821000,10202.3249984,161.33500032,4,57.00500096,False,0,pos,2713.5572331552903,0.6217025160492385,OnTrack,3950.0,6239.0,2310.0,3951.321,46.821
2026-07-25 14:52:39.869,0 days 01:05:51.454000,,,0 days 00:00:46.954000,10199.0,162.0,4,59.0,False,0,car,2719.5491666666658,0.6230753266516855,OnTrack,3979.205180960105,6188.250860034473,2310.4394245442913,3951.454,46.954
2026-07-25 14:52:39.976,0 days 01:05:51.561000,,,0 days 00:00:47.061000,10303.3250624,162.5944448,4,64.3500032,False,0,pos,2724.393786618671,0.6241852764904667,OnTrack,3999.0,6145.0,2311.0,3951.561,47.061
2026-07-25 14:52:40.176,0 days 01:05:51.761000,,,0 days 00:00:47.261000,10498.3250624,163.7055559111111,4,74.3500032,False,0,pos,2733.514280881273,0.6262748709760338,OnTrack,4027.0,6058.0,2313.0,3951.761,47.261
2026-07-25 14:52:40.229,0 days 01:05:51.814000,,,0 days 00:00:47.314000,10550.0,164.0,4,77.0,False,0,car,2735.949166666666,0.6268327271364182,OnTrack,4032.2741889453214,6033.756076664923,2313.5086729953064,3951.814,47.314
2026-07-25 14:52:40.389,0 days 01:05:51.974000,,,0 days 00:00:47.474000,10885.0,167.0,4,80.0,False,0,car,2743.371388888888,0.6285332308788311,OnTrack,4042.993429841717,5959.09871542736,2314.758894044707,3951.974,47.474
2026-07-25 14:52:40.436,0 days 01:05:52.021000,,,0 days 00:00:47.521000,10923.7750528,168.468752,4,80.5875008,False,0,pos,2745.5950658289044,0.629042697025923,OnTrack,4045.0,5938.0,2315.0,3952.021,47.521
2026-07-25 14:52:40.549,0 days 01:05:52.134000,,,0 days 00:00:47.634000,11017.0,172.0,4,82.0,False,0,car,2751.0158333333325,0.6302846479069449,OnTrack,4047.886092295501,5889.491907222591,2315.3212379234196,3952.134,47.634
2026-07-25 14:52:40.696,0 days 01:05:52.281000,,,0 days 00:00:47.781000,11392.462663466667,175.06250133333333,4,89.3500032,False,0,pos,2758.159221829394,0.6319212681141241,OnTrack,4044.0,5810.0,2316.0,3952.281,47.781
2026-07-25 14:52:40.789,0 days 01:05:52.374000,,,0 days 00:00:47.874000,11630.0,177.0,4,94.0,False,0,car,2762.8158333333326,0.6329881433776673,OnTrack,4034.5073455363286,5734.837867814398,2317.1677133324597,3952.374,47.874
2026-07-25 14:52:40.916,0 days 01:05:52.501000,,,0 days 00:00:48.001000,11620.4749952,183.87917013333333,4,96.64583466666667,False,0,pos,2769.4236049061788,0.6345020485063756,OnTrack,4017.0,5626.0,2319.0,3952.501,48.001
2026-07-25 14:52:41.029,0 days 01:05:52.614000,,,0 days 00:00:48.114000,11612.0,190.0,4,99.0,False,0,car,2775.482499999999,0.6358902006626234,OnTrack,4002.3955089556152,5554.658388386227,2319.9895713109304,3952.614,48.114
2026-07-25 14:52:41.235,0 days 01:05:52.820000,,,0 days 00:00:48.320000,10798.2994944,197.7250048,4,99.0,False,0,pos,2786.8339148220775,0.6384909208793844,OnTrack,3975.0,5455.0,2321.0,3952.82,48.32
2026-07-25 14:52:41.269,0 days 01:05:52.854000,,,0 days 00:00:48.354000,10664.0,199.0,5,99.0,False,0,car,2788.749166666666,0.6389297238189722,OnTrack,3969.770990724276,5436.359630090037,2321.2133335969934,3952.854,48.354
2026-07-25 14:52:41.509,0 days 01:05:53.094000,,,0 days 00:00:48.594000,10885.0,207.0,5,100.0,False,0,car,2802.549166666666,0.6420914388610034,OnTrack,3926.784929938896,5283.437323123691,2323.1840519194698,3953.094,48.594
2026-07-25 14:52:41.669,0 days 01:05:53.254000,,,0 days 00:00:48.754000,11203.0,210.0,5,100.0,False,0,car,2811.8824999999993,0.6442297968604447,OnTrack,3900.0655095135703,5189.37869042682,2324.4636906893484,3953.254,48.754
2026-07-25 14:52:41.775,0 days 01:05:53.360000,,,0 days 00:00:48.860000,11374.8085408,214.8583392,5,100.0,False,0,pos,2818.2948595342496,0.645698931178876,OnTrack,3888.0,5148.0,2325.0,3953.36,48.86
2026-07-25 14:52:41.909,0 days 01:05:53.494000,,,0 days 00:00:48.994000,11592.0,221.0,5,100.0,False,0,car,2826.615833333333,0.6476053477024201,OnTrack,3879.1688552898295,5119.531574504988,2325.3234332199813,3953.494,48.994
2026-07-25 14:52:42.035,0 days 01:05:53.620000,,,0 days 00:00:49.120000,11586.559085381818,223.57727534545455,5,100.0,False,0,pos,2834.5468051827306,0.6494224109628668,OnTrack,3870.0,5077.0,2326.0,3953.62,49.12
2026-07-25 14:52:42.315,0 days 01:05:53.900000,,,0 days 00:00:49.400000,11574.46817629091,229.30454807272727,5,100.0,False,0,pos,2852.5164050193116,0.6535394221297218,OnTrack,3832.0,4851.0,2330.0,3953.9,49.4
2026-07-25 14:52:42.349,0 days 01:05:53.934000,,,0 days 00:00:49.434000,11573.0,230.0,5,100.0,False,0,car,2854.7269444444437,0.6540458783435945,OnTrack,3828.8956718433315,4829.0771359346345,2330.326171470806,3953.934,49.434
2026-07-25 14:52:42.549,0 days 01:05:54.134000,,,0 days 00:00:49.634000,10777.0,236.0,5,100.0,False,0,car,2867.838055555555,0.6570497621999526,OnTrack,3821.7963705660977,4743.732365001132,2331.15084388085,3954.134,49.634
2026-07-25 14:52:42.655,0 days 01:05:54.240000,,,0 days 00:00:49.740000,10857.1625968,237.3250016,5,100.0,False,0,pos,2874.833880078015,0.6586525740567697,OnTrack,3823.0,4683.0,2332.0,3954.24,49.74
2026-07-25 14:52:42.709,0 days 01:05:54.294000,,,0 days 00:00:49.794000,10898.0,238.0,6,100.0,False,0,car,2878.4158333333326,0.6594732345993195,OnTrack,3824.57067940197,4641.900156266465,2332.696735226687,3954.294,49.794
2026-07-25 14:52:42.915,0 days 01:05:54.500000,,,0 days 00:00:50,11019.828004741963,240.95340617556275,6,100.0,False,0,pos,2892.2223965183894,0.6626364533312721,OnTrack,3835.0,4461.0,2336.0,3954.5,50.0
2026-07-25 14:52:42.988,0 days 01:05:54.573000,,,0 days 00:00:50.073000,11063.0,242.0,6,100.0,False,0,car,2897.1708333333327,0.6637701886292683,OnTrack,3839.3288078347928,4415.085952349445,2336.7177415202846,3954.573,50.073
2026-07-25 14:52:43.255,0 days 01:05:54.840000,,,0 days 00:00:50.340000,11191.50628572669,245.99501406404215,6,99.33416432265965,False,0,pos,2915.513709248734,0.6679727209985317,OnTrack,3860.0,4302.0,2338.0,3954.84,50.34
2026-07-25 14:52:43.389,0 days 01:05:54.974000,,,0 days 00:00:50.474000,11256.0,248.0,6,99.0,False,0,car,2924.795277777777,0.6700992191747577,OnTrack,3876.357963772187,4225.575945839248,2339.185633747025,3954.974,50.474
2026-07-25 14:52:43.535,0 days 01:05:55.120000,,,0 days 00:00:50.620000,11337.2125712,249.8250016,6,99.0,False,0,pos,2934.932670516884,0.6724217950523094,OnTrack,3911.0,4114.0,2341.0,3955.12,50.62
2026-07-25 14:52:43.549,0 days 01:05:55.134000,,,0 days 00:00:50.634000,11345.0,250.0,6,99.0,False,0,car,2935.906388888888,0.672644883459807,OnTrack,3915.950160790267,4101.306666180542,2341.200214185576,3955.134,50.634
2026-07-25 14:52:43.749,0 days 01:05:55.334000,,,0 days 00:00:50.834000,11354.0,251.0,6,100.0,False,0,car,2949.850833333333,0.6758396921375438,OnTrack,4008.0143479605445,3899.2581145253776,2344.36652713288,3955.334,50.834
2026-07-25 14:52:43.795,0 days 01:05:55.380000,,,0 days 00:00:50.880000,11363.7750272,251.2875008,6,100.0,False,0,pos,2953.0670698308763,0.6765765633921099,OnTrack,4026.0,3863.0,2345.0,3955.38,50.88
2026-07-25 14:52:43.909,0 days 01:05:55.494000,,,0 days 00:00:50.994000,11388.0,252.0,6,100.0,False,0,car,2961.050833333333,0.6784057217368734,OnTrack,4058.499204254985,3801.920598974572,2346.279215398309,3955.494,50.994
2026-07-25 14:52:44.149,0 days 01:05:55.734000,,,0 days 00:00:51.234000,11433.0,253.0,6,100.0,False,0,car,2977.9174999999996,0.6822700401215781,OnTrack,4110.51039627617,3734.1415759885813,2347.9603413847003,3955.734,51.234
2026-07-25 14:52:44.156,0 days 01:05:55.741000,,,0 days 00:00:51.241000,11434.166677333333,253.05833386666666,6,100.0,False,0,pos,2978.4112748534126,0.6823831687724052,OnTrack,4113.0,3731.0,2348.0,3955.741,51.241
2026-07-25 14:52:44.316,0 days 01:05:55.901000,,,0 days 00:00:51.401000,11460.833344,254.3916672,6,100.0,False,0,pos,2989.730245861243,0.6849764557938378,OnTrack,4183.0,3642.0,2349.0,3955.901,51.401
2026-07-25 14:52:44.389,0 days 01:05:55.974000,,,0 days 00:00:51.474000,11473.0,255.0,6,100.0,False,0,car,2994.917499999999,0.6861649064777033,OnTrack,4216.118130684943,3599.298001101719,2349.8534014297957,3955.974,51.474
2026-07-25 14:52:44.476,0 days 01:05:56.061000,,,0 days 00:00:51.561000,11483.150007466667,255.72500053333334,6,100.0,False,0,pos,3001.1194111590908,0.6875858250140107,OnTrack,4254.0,3550.0,2351.0,3956.061,51.561
2026-07-25 14:52:44.629,0 days 01:05:56.214000,,,0 days 00:00:51.714000,11501.0,257.0,6,100.0,False,0,car,3012.050833333333,0.6900903208052493,OnTrack,4313.905895071462,3470.9652268534355,2352.5125730902614,3956.214,51.714
2026-07-25 14:52:44.756,0 days 01:05:56.341000,,,0 days 00:00:51.841000,11486.7124928,256.47083306666667,6,99.47083306666667,False,0,pos,3021.1085360778325,0.6921655291395632,OnTrack,4367.0,3386.0,2354.0,3956.341,51.841
2026-07-25 14:52:44.869,0 days 01:05:56.454000,,,0 days 00:00:51.954000,11474.0,256.0,6,99.0,False,0,car,3029.1174999999994,0.6940004611470849,OnTrack,4423.2198801814375,3278.2523070831658,2355.969603844564,3956.454,51.954
2026-07-25 14:52:44.996,0 days 01:05:56.581000,,,0 days 00:00:52.081000,11330.671356342857,253.73214171428572,6,63.167839085714284,False,0,pos,3038.0252940646847,0.6960413239358989,OnTrack,4479.0,3162.0,2358.0,3956.581,52.081
2026-07-25 14:52:45.149,0 days 01:05:56.734000,,,0 days 00:00:52.234000,11158.0,251.0,6,20.0,True,0,car,3048.6397222222217,0.6984731932959165,OnTrack,4508.403182095112,3092.901930798749,2358.7649154967075,3956.734,52.234
2026-07-25 14:52:45.316,0 days 01:05:56.901000,,,0 days 00:00:52.401000,10821.9123712,247.520832,6,18.6083328,True,0,pos,3060.095971895076,0.7010979322028681,OnTrack,4521.0,3031.0,2359.0,3956.901,52.401
2026-07-25 14:52:45.389,0 days 01:05:56.974000,,,0 days 00:00:52.474000,10675.0,246.0,6,18.0,True,0,car,3065.0397222222214,0.7022305937806491,OnTrack,4529.981798252603,2981.6247449588122,2359.440346809914,3956.974,52.474
2026-07-25 14:52:45.556,0 days 01:05:57.141000,,,0 days 00:00:52.641000,10659.13499392,240.15499776,6,29.690004480000002,True,0,pos,3076.161185421923,0.7047786298304964,OnTrack,4550.0,2845.0,2361.0,3957.141,52.641
2026-07-25 14:52:45.589,0 days 01:05:57.174000,,,0 days 00:00:52.674000,10656.0,239.0,6,32.0,False,0,car,3078.317499999999,0.705272662601283,OnTrack,4551.621395654244,2821.3535833982783,2361.340444361494,3957.174,52.674
2026-07-25 14:52:45.756,0 days 01:05:57.341000,,,0 days 00:00:52.841000,10530.749952,232.7374976,6,60.5291776,False,0,pos,3089.011410907042,0.707722742237003,OnTrack,4549.0,2716.0,2363.0,3957.341,52.841
2026-07-25 14:52:45.829,0 days 01:05:57.414000,,,0 days 00:00:52.914000,10476.0,230.0,6,73.0,False,0,car,3093.6508333333327,0.7087856793146509,OnTrack,4544.541916523227,2670.3701149439366,2363.493904555239,3957.414,52.914
2026-07-25 14:52:46.036,0 days 01:05:57.621000,,,0 days 00:00:53.121000,10597.6125376,230.0,6,87.66250453333333,False,0,pos,3106.8640221220007,0.711812950165834,OnTrack,4520.0,2540.0,2365.0,3957.621,53.121
2026-07-25 14:52:46.069,0 days 01:05:57.654000,,,0 days 00:00:53.154000,10617.0,230.0,6,90.0,False,0,car,3108.984166666666,0.7122986960280189,OnTrack,4513.8995529896765,2519.5626192834097,2365.484610977795,3957.654,53.154
2026-07-25 14:52:46.216,0 days 01:05:57.801000,,,0 days 00:00:53.301000,10664.7750208,232.20500096,6,87.79499904,False,0,pos,3118.4833861950387,0.7144750601780486,OnTrack,4480.0,2430.0,2368.0,3957.801,53.301
2026-07-25 14:52:46.269,0 days 01:05:57.854000,,,0 days 00:00:53.354000,10682.0,233.0,6,87.0,False,0,car,3121.9286111111105,0.7152643949201012,OnTrack,4465.7569921219465,2398.3511337747423,2368.605657395938,3957.854,53.354
2026-07-25 14:52:46.456,0 days 01:05:58.041000,,,0 days 00:00:53.541000,10790.304203733333,235.3375008,6,88.55833386666667,False,0,pos,3134.1676045995614,0.7180684680948661,OnTrack,4407.0,2290.0,2370.0,3958.041,53.541
2026-07-25 14:52:46.509,0 days 01:05:58.094000,,,0 days 00:00:53.594000,10821.0,236.0,6,89.0,False,0,car,3137.661944444444,0.718869055547731,OnTrack,4387.687569289501,2260.5147620103403,2370.6395443318647,3958.094,53.594
2026-07-25 14:52:46.616,0 days 01:05:58.201000,,,0 days 00:00:53.701000,10909.81005312,237.3375008,6,91.94250176,False,0,pos,3144.752406602688,0.7204935498129973,OnTrack,4346.0,2203.0,2372.0,3958.201,53.701
2026-07-25 14:52:46.836,0 days 01:05:58.421000,,,0 days 00:00:53.921000,11092.41005312,240.0875008,6,97.99250176,False,0,pos,3159.492019744502,0.7238705394205474,OnTrack,4257.0,2096.0,2373.0,3958.421,53.921
2026-07-25 14:52:46.909,0 days 01:05:58.494000,,,0 days 00:00:53.994000,11153.0,241.0,6,100.0,False,0,car,3164.439722222222,0.7250041064746996,OnTrack,4228.447841410286,2064.734079794163,2373.2244148165323,3958.494,53.994
2026-07-25 14:52:47.096,0 days 01:05:58.681000,,,0 days 00:00:54.181000,11268.94003968,244.27250112,6,100.0,False,0,pos,3177.2474313515786,0.7279384779680508,OnTrack,4155.0,1989.0,2374.0,3958.681,54.181
2026-07-25 14:52:47.276,0 days 01:05:58.861000,,,0 days 00:00:54.361000,11380.54003968,247.42250112,6,100.0,False,0,pos,3189.7051071742876,0.730792653405544,OnTrack,4069.0,1902.0,2375.0,3958.861,54.361
2026-07-25 14:52:47.309,0 days 01:05:58.894000,,,0 days 00:00:54.394000,11401.0,248.0,6,100.0,False,0,car,3191.9952777777776,0.7313173539016218,OnTrack,4048.1048468413965,1880.8641085328795,2375.0035611447697,3958.894,54.394
2026-07-25 14:52:47.469,0 days 01:05:59.054000,,,0 days 00:00:54.554000,11654.0,251.0,6,100.0,False,0,car,3203.1508333333336,0.7338732008438112,OnTrack,3929.555062059982,1760.8126595676697,2374.1767151223426,3959.054,54.554
2026-07-25 14:52:47.496,0 days 01:05:59.081000,,,0 days 00:00:54.581000,11667.23003136,251.6750016,6,100.0,False,0,pos,3205.0529267233774,0.7343089890526989,OnTrack,3911.0,1742.0,2374.0,3959.081,54.581
2026-07-25 14:52:47.669,0 days 01:05:59.254000,,,0 days 00:00:54.754000,11752.0,256.0,6,100.0,False,0,car,3217.3730555555553,0.7371316511286742,OnTrack,3812.065647305454,1641.5048730312365,2372.849487434229,3959.254,54.754
2026-07-25 14:52:47.955,0 days 01:05:59.540000,,,0 days 00:00:55.040000,11788.46501632,259.5750016,6,100.0,False,0,pos,3238.0076559596205,0.7418592400043146,OnTrack,3691.0,1518.0,2371.0,3959.54,55.04
2026-07-25 14:52:48.069,0 days 01:05:59.654000,,,0 days 00:00:55.154000,11803.0,261.0,6,100.0,False,0,car,3246.3730555555558,0.7437758349126528,OnTrack,3641.084192586119,1467.0622922451216,2370.3411758978696,3959.654,55.154
2026-07-25 14:52:48.309,0 days 01:05:59.894000,,,0 days 00:00:55.394000,10686.0,269.0,6,100.0,False,0,car,3264.3063888888887,0.7478845370687222,OnTrack,3528.99136279412,1352.0931865969737,2368.0988889011655,3959.894,55.394
2026-07-25 14:52:48.315,0 days 01:05:59.900000,,,0 days 00:00:55.400000,10689.33007104,269.10500224,6,100.0,False,0,pos,3264.7602099899923,0.7479885119239215,OnTrack,3526.0,1349.0,2368.0,3959.9,55.4
2026-07-25 14:52:48.515,0 days 01:06:00.100000,,,0 days 00:00:55.600000,10800.33007104,272.60500224,6,100.0,False,0,pos,3280.0386829241143,0.7514889595829851,OnTrack,3422.0,1241.0,2364.0,3960.1,55.6
2026-07-25 14:52:48.709,0 days 01:06:00.294000,,,0 days 00:00:55.794000,10908.0,276.0,7,100.0,False,0,car,3294.973055555555,0.754910570495458,OnTrack,3318.949371703124,1134.3732558344834,2361.368890310896,3960.294,55.794
2026-07-25 14:52:48.735,0 days 01:06:00.320000,,,0 days 00:00:55.820000,10918.0750496,276.1625008,7,100.0,False,0,pos,3296.971708885602,0.7553684815315024,OnTrack,3305.0,1120.0,2361.0,3960.32,55.82
2026-07-25 14:52:48.869,0 days 01:06:00.454000,,,0 days 00:00:55.954000,10970.0,277.0,7,100.0,False,0,car,3307.284166666667,0.7577311665232926,OnTrack,3232.5002884765972,1045.532437330518,2358.7826919042263,3960.454,55.954
2026-07-25 14:52:48.975,0 days 01:06:00.560000,,,0 days 00:00:56.060000,11018.3625584,278.3250016,7,100.0,False,0,pos,3315.5104660641236,0.7596158922149732,OnTrack,3176.0,987.0,2357.0,3960.56,56.06
2026-07-25 14:52:49.175,0 days 01:06:00.760000,,,0 days 00:00:56.260000,11109.6125584,280.8250016,7,100.0,False,0,pos,3331.164032404191,0.7632022774438735,OnTrack,3069.0,874.0,2354.0,3960.76,56.26
2026-07-25 14:52:49.189,0 days 01:06:00.774000,,,0 days 00:00:56.274000,11116.0,281.0,7,100.0,False,0,car,3332.2619444444445,0.7634538198360833,OnTrack,3060.486841152264,865.0387367069038,2353.7618393986686,3960.774,56.274
2026-07-25 14:52:49.389,0 days 01:06:00.974000,,,0 days 00:00:56.474000,11174.0,283.0,7,100.0,False,0,car,3347.984166666666,0.7670559347994278,OnTrack,2931.3357654168512,729.5249821259478,2350.094263920129,3960.974,56.474
2026-07-25 14:52:49.395,0 days 01:06:00.980000,,,0 days 00:00:56.480000,11175.103087402234,283.05014033646523,7,100.0,False,0,pos,3348.4578205905386,0.7671644535484005,OnTrack,2928.0,726.0,2350.0,3960.98,56.48
2026-07-25 14:52:49.635,0 days 01:06:01.220000,,,0 days 00:00:56.720000,11219.225642210471,285.05571100956683,7,100.0,False,0,pos,3367.5089277162265,0.7715292486184463,OnTrack,2820.0,610.0,2347.0,3961.22,56.72
2026-07-25 14:52:49.748,0 days 01:06:01.333000,,,0 days 00:00:56.833000,11240.0,286.0,7,100.0,False,0,car,3376.504722222222,0.7735902731695065,OnTrack,2760.7636293563214,545.8574616538662,2345.3601805237936,3961.333,56.833
2026-07-25 14:52:49.909,0 days 01:06:01.494000,,,0 days 00:00:56.994000,11235.0,287.0,7,100.0,False,0,car,3389.3399999999997,0.7765309609099882,OnTrack,2665.808445587998,442.77523440011106,2342.6584833863785,3961.494,56.994
2026-07-25 14:52:50.015,0 days 01:06:01.600000,,,0 days 00:00:57.100000,11102.49984,286.5583328,7,96.4666624,False,0,pos,3397.866199384755,0.7784843966234765,OnTrack,2616.0,388.0,2341.0,3961.6,57.1
2026-07-25 14:52:50.149,0 days 01:06:01.734000,,,0 days 00:00:57.234000,10935.0,286.0,7,92.0,True,0,car,3408.4066666666663,0.7808993208231326,OnTrack,2569.306844454629,335.3739555208748,2339.086723378235,3961.734,57.234
2026-07-25 14:52:50.215,0 days 01:06:01.800000,,,0 days 00:00:57.300000,10679.90950528,277.08998272,7,62.2999424,True,0,pos,3413.331048338197,0.7820275448523776,OnTrack,2536.0,297.0,2338.0,3961.8,57.3
2026-07-25 14:52:50.349,0 days 01:06:01.934000,,,0 days 00:00:57.434000,10162.0,259.0,7,2.0,True,0,car,3422.795555555555,0.7841959560722714,OnTrack,2434.9491868776495,179.79423762673298,2335.4057169219027,3961.934,57.434
2026-07-25 14:52:50.375,0 days 01:06:01.960000,,,0 days 00:00:57.460000,10162.0,254.6124784,7,1.8374992,True,0,pos,3424.5524186834527,0.7845984706069282,OnTrack,2418.0,160.0,2335.0,3961.96,57.46
2026-07-25 14:52:50.509,0 days 01:06:02.094000,,,0 days 00:00:57.594000,10162.0,232.0,7,1.0,True,0,car,3433.106666666666,0.786558332528797,OnTrack,2364.7126396180165,96.65736732374684,2333.822084754007,3962.094,57.594
2026-07-25 14:52:50.696,0 days 01:06:02.281000,,,0 days 00:00:57.781000,10019.4124512,204.5343656,7,1.0,True,0,pos,3443.1191710591356,0.7888522952640199,OnTrack,2333.0,57.0,2333.0,3962.281,57.781
2026-07-25 14:52:50.829,0 days 01:06:02.414000,,,0 days 00:00:57.914000,9918.0,185.0,7,1.0,True,0,car,3449.5511111111105,0.7903259156706699,OnTrack,2291.980548478248,8.353116950815544,2331.395508085239,3962.414,57.914
2026-07-25 14:52:51.016,0 days 01:06:02.601000,,,0 days 00:00:58.101000,10278.494567822223,175.1305521777778,7,0.48055537777777774,True,0,pos,3458.3953388371206,0.7923522147892551,OnTrack,2224.0,-69.0,2329.0,3962.601,58.101
2026-07-25 14:52:51.189,0 days 01:06:02.774000,,,0 days 00:00:58.274000,10612.0,166.0,7,0.0,True,0,car,3466.1511111111104,0.7941291381125335,OnTrack,2169.5107210896886,-124.62486747355777,2328.0589608843707,3962.774,58.274
2026-07-25 14:52:51.196,0 days 01:06:02.781000,,,0 days 00:00:58.281000,10602.812416,165.44582826666667,7,0.029166933333333332,True,0,pos,3466.4521889142984,0.794198117983487,OnTrack,2167.0,-127.0,2328.0,3962.781,58.281
2026-07-25 14:52:51.416,0 days 01:06:03.001000,,,0 days 00:00:58.501000,10314.062416,148.0291616,7,0.9458336,True,0,pos,3475.4436488280157,0.7962581494370394,OnTrack,2074.0,-207.0,2325.0,3963.001,58.501
2026-07-25 14:52:51.429,0 days 01:06:03.014000,,,0 days 00:00:58.514000,10297.0,147.0,6,1.0,True,0,car,3475.9511111111105,0.7963744140119469,OnTrack,2068.4306590581823,-211.12688838978764,2324.812875100104,3963.014,58.514
2026-07-25 14:52:51.869,0 days 01:06:03.454000,,,0 days 00:00:58.954000,11264.0,131.0,2,4.0,True,0,car,3491.9622222222215,0.8000427162467029,OnTrack,1912.512466981274,-290.4690320502541,2320.037720350764,3963.454,58.954
2026-07-25 14:52:51.876,0 days 01:06:03.461000,,,0 days 00:00:58.961000,11264.7875072,130.7374976,2,3.9562496,True,0,pos,3492.207143624096,0.8000988301365883,OnTrack,1911.0,-291.0,2320.0,3963.461,58.961
2026-07-25 14:52:52.029,0 days 01:06:03.614000,,,0 days 00:00:59.114000,11282.0,125.0,2,3.0,True,0,car,3497.517777777777,0.8013155483892275,OnTrack,1887.0609940577913,-297.7092744594083,2319.5197969989913,3963.614,59.114
2026-07-25 14:52:52.156,0 days 01:06:03.741000,,,0 days 00:00:59.241000,10960.795671466667,123.4124992,2,9.879170133333334,True,0,pos,3501.8712529384925,0.8023129721501511,OnTrack,1866.0,-300.0,2319.0,3963.741,59.241
2026-07-25 14:52:52.269,0 days 01:06:03.854000,,,0 days 00:00:59.354000,10675.0,122.0,2,16.0,False,0,car,3505.6511111111104,0.8031789746458835,OnTrack,1836.9479903879849,-302.0355184114135,2318.0403279274074,3963.854,59.354
2026-07-25 14:52:52.429,0 days 01:06:04.014000,,,0 days 00:00:59.514000,10876.0,116.0,2,28.0,False,0,car,3510.806666666666,0.8043601628741464,OnTrack,1781.5303661319574,-299.9386110089951,2316.26821122617,3964.014,59.514
2026-07-25 14:52:52.456,0 days 01:06:04.041000,,,0 days 00:00:59.541000,10881.53501312,115.86499968,2,30.97000704,False,0,pos,3511.6697411830673,0.8045579016916028,OnTrack,1771.0,-298.0,2316.0,3964.041,59.541
2026-07-25 14:52:52.629,0 days 01:06:04.214000,,,0 days 00:00:59.714000,10917.0,115.0,2,50.0,False,0,car,3517.1955555555546,0.8058239198380496,OnTrack,1697.2587623329205,-275.0964103150604,2314.5376482417673,3964.214,59.714
2026-07-25 14:52:52.716,0 days 01:06:04.301000,,,0 days 00:00:59.801000,11037.1688384,115.5437504,2,51.6312512,False,0,pos,3519.981347043274,0.8064621719286789,OnTrack,1667.0,-263.0,2314.0,3964.301,59.801
2026-07-25 14:52:52.789,0 days 01:06:04.374000,,,0 days 00:00:59.874000,11138.0,116.0,2,53.0,False,0,car,3522.35111111111,0.8070051080663124,OnTrack,1648.847126261435,-254.68391592799026,2313.6612715142633,3964.374,59.874
2026-07-25 14:52:52.976,0 days 01:06:04.561000,,,0 days 00:01:00.061000,11549.919585422222,119.63611235555555,2,55.59722311111111,False,0,pos,3528.654310612954,0.808449232753117,OnTrack,1615.0,-232.0,2313.0,3964.561,60.061
2026-07-25 14:52:53.149,0 days 01:06:04.734000,,,0 days 00:01:00.234000,11931.0,123.0,2,58.0,False,0,car,3534.6511111111104,0.809823158429862,OnTrack,1561.008662365485,-189.1807766149452,2312.070604797245,3964.734,60.234
2026-07-25 14:52:53.316,0 days 01:06:04.901000,,,0 days 00:01:00.401000,11652.94489344,126.34000128,2,65.51500288,False,0,pos,3540.5108780953688,0.8111656883876102,OnTrack,1507.0,-143.0,2311.0,3964.901,60.401
2026-07-25 14:52:53.349,0 days 01:06:04.934000,,,0 days 00:01:00.434000,11598.0,127.0,2,67.0,False,0,car,3541.7066666666656,0.8114396552508681,OnTrack,1498.535881143589,-135.16649455645612,2310.786087771306,3964.934,60.434
2026-07-25 14:52:53.616,0 days 01:06:05.201000,,,0 days 00:01:00.701000,10933.466507377778,136.64166897777778,2,80.3500032,False,0,pos,3551.9765246120437,0.8137925802034353,OnTrack,1445.0,-78.0,2309.0,3965.201,60.701
2026-07-25 14:52:53.709,0 days 01:06:05.294000,,,0 days 00:01:00.794000,10702.0,140.0,3,85.0,False,0,car,3555.7066666666656,0.8146471922500301,OnTrack,1422.4287497248233,-52.56199980263261,2308.3317991775143,3965.294,60.794
2026-07-25 14:52:53.876,0 days 01:06:05.461000,,,0 days 00:01:00.961000,11636.36535808,147.51500288,3,97.5250048,False,0,pos,3562.5690155012217,0.8162194235206013,OnTrack,1377.0,0.0,2307.0,3965.461,60.961
2026-07-25 14:52:53.909,0 days 01:06:05.494000,,,0 days 00:01:00.994000,11821.0,149.0,3,100.0,False,0,car,3563.9844444444434,0.8165437121423919,OnTrack,1368.046118389121,10.790627623591343,2306.7023610342567,3965.494,60.994
2026-07-25 14:52:54.096,0 days 01:06:05.681000,,,0 days 00:01:01.181000,11728.835682742858,159.68571794285714,3,100.0,False,0,pos,3572.461220779628,0.8184858245515866,OnTrack,1317.0,74.0,2305.0,3965.681,61.181
2026-07-25 14:52:54.189,0 days 01:06:05.774000,,,0 days 00:01:01.274000,11683.0,165.0,3,100.0,False,0,car,3576.817777777777,0.8194839543916237,OnTrack,1290.415638628696,106.54029281335865,2304.3843729993946,3965.774,61.274
2026-07-25 14:52:54.235,0 days 01:06:05.820000,,,0 days 00:01:01.320000,11491.2369664,166.7250048,3,100.0,False,0,pos,3578.983474398087,0.8199801366800954,OnTrack,1277.0,123.0,2304.0,3965.82,61.32
2026-07-25 14:52:54.349,0 days 01:06:05.934000,,,0 days 00:01:01.434000,11016.0,171.0,3,100.0,False,0,car,3584.417777777777,0.8212251887625974,OnTrack,1243.1256345180911,165.01294084707501,2302.5573268480016,3965.934,61.434
2026-07-25 14:52:54.535,0 days 01:06:06.120000,,,0 days 00:01:01.620000,11429.075284266666,178.75000533333332,3,100.0,False,0,pos,3593.688674040031,0.8233492418180669,OnTrack,1185.0,237.0,2300.0,3966.12,61.62
2026-07-25 14:52:54.589,0 days 01:06:06.174000,,,0 days 00:01:01.674000,11549.0,181.0,4,100.0,False,0,car,3596.4844444444434,0.8239897801761609,OnTrack,1167.154417012757,258.60087198174244,2299.6340522887003,3966.174,61.674
2026-07-25 14:52:54.715,0 days 01:06:06.300000,,,0 days 00:01:01.800000,11861.48031744,186.35500544,4,100.0,False,0,pos,3603.1977005781455,0.8255278528499965,OnTrack,1125.0,309.0,2299.0,3966.3,61.8
2026-07-25 14:52:54.989,0 days 01:06:06.574000,,,0 days 00:01:02.074000,12541.0,198.0,4,100.0,False,0,car,3618.4844444444434,0.8290301954605583,OnTrack,1037.9478365018354,411.6110938558464,2295.429458991676,3966.574,62.074
2026-07-25 14:52:55.035,0 days 01:06:06.620000,,,0 days 00:01:02.120000,12339.74944,200.3000064,4,100.0,False,0,pos,3621.0950135736684,0.829628302394191,OnTrack,1022.0,430.0,2295.0,3966.62,62.12
2026-07-25 14:52:55.149,0 days 01:06:06.734000,,,0 days 00:01:02.234000,11841.0,206.0,4,100.0,False,0,car,3627.639999999999,0.8311278228314389,OnTrack,979.5936908343635,478.3343067385841,2294.4442278426977,3966.734,62.234
2026-07-25 14:52:55.255,0 days 01:06:06.840000,,,0 days 00:01:02.340000,11588.18969472,209.71000448,4,100.0,False,0,pos,3633.8813661886884,0.8325577809011204,OnTrack,938.0,525.0,2294.0,3966.84,62.34
2026-07-25 14:52:55.349,0 days 01:06:06.934000,,,0 days 00:01:02.434000,11364.0,213.0,5,100.0,False,0,car,3639.473333333332,0.8338389552950163,OnTrack,900.5015304258543,566.4526514958222,2293.244422806383,3966.934,62.434
2026-07-25 14:52:55.375,0 days 01:06:06.960000,,,0 days 00:01:02.460000,11402.458522666666,213.3250016,5,100.0,False,0,pos,3641.018850839542,0.8341930484795894,OnTrack,890.0,578.0,2293.0,3966.96,62.46
2026-07-25 14:52:55.589,0 days 01:06:07.174000,,,0 days 00:01:02.674000,11719.0,216.0,5,100.0,False,0,car,3653.873333333332,0.8371381362084401,OnTrack,801.5131875029663,674.3106333804591,2291.027406455799,3967.174,62.674
2026-07-25 14:52:55.595,0 days 01:06:07.180000,,,0 days 00:01:02.680000,11712.349858133333,216.3000064,5,100.0,False,0,pos,3654.244675726996,0.8372232143846569,OnTrack,799.0,677.0,2291.0,3967.18,62.68
2026-07-25 14:52:55.795,0 days 01:06:07.380000,,,0 days 00:01:02.880000,11490.683191466667,226.3000064,5,100.0,False,0,pos,3666.9275488257776,0.840128984721801,OnTrack,714.0,766.0,2291.0,3967.38,62.88
2026-07-25 14:52:55.829,0 days 01:06:07.414000,,,0 days 00:01:02.914000,11453.0,228.0,5,100.0,True,0,car,3669.0733333333324,0.8406206049503875,OnTrack,699.0820446247156,781.159560066312,2291.0196213605604,3967.414,62.914
2026-07-25 14:52:55.975,0 days 01:06:07.560000,,,0 days 00:01:03.060000,11248.5998208,221.42999424,5,35.029943040000006,True,0,pos,3678.0971397135377,0.8426880472959434,OnTrack,634.0,845.0,2291.0,3967.56,63.06
2026-07-25 14:52:56.029,0 days 01:06:07.614000,,,0 days 00:01:03.114000,11173.0,219.0,5,11.0,True,0,car,3681.239999999999,0.8434081073425164,OnTrack,610.1499210313011,866.8844496104538,2290.977229184876,3967.614,63.114
2026-07-25 14:52:56.915,0 days 01:06:08.500000,,,0 days 00:01:04,9908.523730365217,148.69781593043479,5,3.2956510608695653,True,0,pos,3717.3121290409563,0.8516725850951891,OnTrack,252.0,1081.0,2290.0,3968.5,64.0
2026-07-25 14:52:56.949,0 days 01:06:08.534000,,,0 days 00:01:04.034000,9860.0,146.0,3,3.0,True,0,car,3718.5511111111105,0.8519564480117118,OnTrack,240.02086342608217,1084.1751984832958,2289.955184880076,3968.534,64.034
2026-07-25 14:52:57.135,0 days 01:06:08.720000,,,0 days 00:01:04.220000,9349.828220342857,136.03570742857144,3,2.3357138285714285,True,0,pos,3725.399546973143,0.8535254916841303,OnTrack,170.0,1094.0,2290.0,3968.72,64.22
2026-07-25 14:52:57.229,0 days 01:06:08.814000,,,0 days 00:01:04.314000,9092.0,131.0,3,2.0,True,0,car,3728.739999999999,0.8542908221611019,OnTrack,122.59839027469333,1092.6088713119827,2290.58527298949,3968.814,64.314
2026-07-25 14:52:57.416,0 days 01:06:09.001000,,,0 days 00:01:04.501000,10007.632456228572,122.31785417142856,3,2.0,True,0,pos,3734.9426765011885,0.855711916044773,OnTrack,33.0,1083.0,2292.0,3969.001,64.501
2026-07-25 14:52:57.509,0 days 01:06:09.094000,,,0 days 00:01:04.594000,10463.0,118.0,2,2.0,True,0,car,3737.917777777777,0.8563935408605525,OnTrack,15.453459791130324,1079.7606564732023,2292.0484174278354,3969.094,64.594
2026-07-25 14:52:57.636,0 days 01:06:09.221000,,,0 days 00:01:04.721000,10033.845617066667,115.35416533333333,2,2.0,True,0,pos,3741.9383427494813,0.8573146916394296,OnTrack,2.0,1074.0,2292.0,3969.221,64.721
2026-07-25 14:52:57.749,0 days 01:06:09.334000,,,0 days 00:01:04.834000,9652.0,113.0,2,2.0,True,0,car,3745.4511111111105,0.858119501245816,OnTrack,-25.199081997576943,1063.3742866432035,2292.654938155375,3969.334,64.834
2026-07-25 14:52:57.896,0 days 01:06:09.481000,,,0 days 00:01:04.981000,9568.20996352,109.3249984,2,2.73500032,True,0,pos,3749.895661852203,0.859137791313438,OnTrack,-70.0,1044.0,2294.0,3969.481,64.981
2026-07-25 14:52:57.949,0 days 01:06:09.534000,,,0 days 00:01:05.034000,9538.0,108.0,2,3.0,False,0,car,3751.4511111111105,0.8594941599597425,OnTrack,-84.41561115890475,1036.2658050329223,2294.4463899956827,3969.534,65.034
2026-07-25 14:52:58.149,0 days 01:06:09.734000,,,0 days 00:01:05.234000,9233.0,102.0,2,3.0,False,0,car,3757.117777777777,0.8607924487451176,OnTrack,-130.92002227151852,1003.4248656712143,2295.817440229419,3969.734,65.234
2026-07-25 14:52:58.236,0 days 01:06:09.821000,,,0 days 00:01:05.321000,9171.374954666666,101.63749973333333,2,6.625002666666667,False,0,pos,3759.5682241674713,0.861353869992218,OnTrack,-149.0,987.0,2296.0,3969.821,65.321
2026-07-25 14:52:58.276,0 days 01:06:09.861000,,,0 days 00:01:05.361000,9143.041621333334,101.47083306666667,2,8.291669333333333,False,0,pos,3760.6965977892874,0.8616123914308504,OnTrack,-157.0,979.0,2296.0,3969.861,65.361
2026-07-25 14:52:58.389,0 days 01:06:09.974000,,,0 days 00:01:05.474000,9063.0,101.0,2,13.0,False,0,car,3763.8511111111106,0.8623351213018575,OnTrack,-178.13715250550234,955.350153260668,2296.4679558242074,3969.974,65.474
2026-07-25 14:52:58.576,0 days 01:06:10.161000,,,0 days 00:01:05.661000,9190.783377066668,98.6624992,2,33.258340266666664,False,0,pos,3768.9479124568556,0.8635028483657045,OnTrack,-208.0,914.0,2298.0,3970.161,65.661
2026-07-25 14:52:58.629,0 days 01:06:10.214000,,,0 days 00:01:05.714000,9227.0,98.0,2,39.0,False,0,car,3770.384444444444,0.8638319719014664,OnTrack,-215.216673141867,902.1244861465157,2298.3015084994354,3970.214,65.714
2026-07-25 14:52:58.776,0 days 01:06:10.361000,,,0 days 00:01:05.861000,9231.593752,98.0,2,42.6750016,False,0,pos,3774.383178801234,0.8647481210728397,OnTrack,-233.0,865.0,2299.0,3970.361,65.861
2026-07-25 14:52:58.789,0 days 01:06:10.374000,,,0 days 00:01:05.874000,9232.0,98.0,2,43.0,False,0,car,3774.7399999999993,0.8648298723012058,OnTrack,-234.49245743231378,860.9652496896331,2299.0763589794997,3970.374,65.874
2026-07-25 14:52:58.989,0 days 01:06:10.574000,,,0 days 00:01:06.074000,9397.0,100.0,2,47.0,False,0,car,3780.295555555555,0.8661027044437304,OnTrack,-255.33373877813696,786.2005182722825,2300.5471917928667,3970.574,66.074
2026-07-25 14:52:59.056,0 days 01:06:10.641000,,,0 days 00:01:06.141000,9528.99012608,100.33500032,2,47.33500032,False,0,pos,3782.163159024978,0.8665305906742973,OnTrack,-260.0,764.0,2301.0,3970.641,66.141
2026-07-25 14:52:59.189,0 days 01:06:10.774000,,,0 days 00:01:06.274000,9791.0,101.0,2,48.0,False,0,car,3785.9066666666663,0.8673882649076803,OnTrack,-264.7022026974763,730.5709940304207,2301.7107249817304,3970.774,66.274
2026-07-25 14:52:59.436,0 days 01:06:11.021000,,,0 days 00:01:06.521000,10110.33579702857,105.41071542857142,2,56.82143085714286,False,0,pos,3793.164774996439,0.8690511685513711,OnTrack,-262.0,683.0,2303.0,3971.021,66.521
2026-07-25 14:52:59.469,0 days 01:06:11.054000,,,0 days 00:01:06.554000,10153.0,106.0,2,58.0,False,0,car,3794.151111111111,0.8692771478071868,OnTrack,-261.1909228380374,674.7216999576223,2303.2613555493685,3971.054,66.554
2026-07-25 14:52:59.636,0 days 01:06:11.221000,,,0 days 00:01:06.721000,10573.00516096,108.50500096,2,60.50500096,False,0,pos,3799.1907990096424,0.8704317896213846,OnTrack,-253.0,624.0,2305.0,3971.221,66.721
2026-07-25 14:52:59.669,0 days 01:06:11.254000,,,0 days 00:01:06.754000,10656.0,109.0,2,61.0,False,0,car,3800.2066666666665,0.8706645348425387,OnTrack,-249.5707101354064,611.9048283007731,2305.450589817998,3971.254,66.754
2026-07-25 14:52:59.829,0 days 01:06:11.414000,,,0 days 00:01:06.914000,10975.0,114.0,2,62.0,False,0,car,3805.273333333333,0.8718253577565211,OnTrack,-225.08273909086498,546.3772295647116,2308.0321040468675,3971.414,66.914
2026-07-25 14:52:59.896,0 days 01:06:11.481000,,,0 days 00:01:06.981000,10931.031208,115.95416853333333,2,63.6750016,False,0,pos,3807.4963998469602,0.8723346840489539,OnTrack,-215.0,523.0,2309.0,3971.481,66.981
2026-07-25 14:53:00.256,0 days 01:06:11.841000,,,0 days 00:01:07.341000,10694.781208,126.45416853333333,2,72.6750016,False,0,pos,3820.3758891056355,0.8752855010723474,OnTrack,-163.0,442.0,2313.0,3971.841,67.341
2026-07-25 14:53:00.309,0 days 01:06:11.894000,,,0 days 00:01:07.394000,10660.0,128.0,2,74.0,False,0,car,3822.3399999999997,0.8757354980983567,OnTrack,-149.15230823425148,425.4976882354266,2313.9049718779033,3971.894,67.394
2026-07-25 14:53:00.516,0 days 01:06:12.101000,,,0 days 00:01:07.601000,10787.650039466667,134.32500195555556,2,81.47500231111111,False,0,pos,3830.1275397307395,0.877519699656842,OnTrack,-84.0,352.0,2318.0,3972.101,67.601
2026-07-25 14:53:00.669,0 days 01:06:12.254000,,,0 days 00:01:07.754000,10882.0,139.0,3,87.0,False,0,car,3836.24,0.8789201241189534,OnTrack,-44.78589038599952,313.04474103839976,2320.2693473681056,3972.254,67.754
2026-07-25 14:53:00.875,0 days 01:06:12.460000,,,0 days 00:01:07.960000,10946.609131054545,149.76818850909092,3,92.6181853090909,False,0,pos,3845.199623160321,0.8809728614607591,OnTrack,5.0,271.0,2323.0,3972.46,67.96
2026-07-25 14:53:01.075,0 days 01:06:12.660000,,,0 days 00:01:08.160000,11009.336403781817,160.22273396363636,3,98.07273076363636,False,0,pos,3854.4471991336004,0.8830915716098202,OnTrack,75.0,216.0,2327.0,3972.66,68.16
2026-07-25 14:53:01.109,0 days 01:06:12.694000,,,0 days 00:01:08.194000,11020.0,162.0,3,99.0,False,0,car,3856.0399999999995,0.883456497874911,OnTrack,92.93663293621155,202.49041871720027,2328.0289945596983,3972.694,68.194
2026-07-25 14:53:01.255,0 days 01:06:12.840000,,,0 days 00:01:08.340000,10938.96992896,168.57000576,3,99.73000064,False,0,pos,3862.94947896343,0.8850395271192064,OnTrack,180.0,138.0,2333.0,3972.84,68.34
2026-07-25 14:53:01.309,0 days 01:06:12.894000,,,0 days 00:01:08.394000,10909.0,171.0,4,100.0,False,0,car,3865.5399999999995,0.885633040838628,OnTrack,205.39034791471536,119.4154253056946,2334.419509945048,3972.894,68.394
2026-07-25 14:53:01.469,0 days 01:06:13.054000,,,0 days 00:01:08.554000,11266.0,176.0,4,99.0,False,0,car,3873.3622222222216,0.8874251884953027,OnTrack,252.65479102077052,85.6719493100473,2336.9204141915056,3973.054,68.554
2026-07-25 14:53:01.669,0 days 01:06:13.254000,,,0 days 00:01:08.754000,11951.0,185.0,4,100.0,False,0,car,3883.6399999999994,0.8897799279589733,OnTrack,309.5652858380505,46.079064320934044,2339.4869272535702,3973.254,68.754
2026-07-25 14:53:01.695,0 days 01:06:13.280000,,,0 days 00:01:08.780000,11906.583114666666,186.3000064,4,100.0,False,0,pos,3885.0205593784176,0.8900962276222459,OnTrack,321.0,38.0,2340.0,3973.28,68.78
2026-07-25 14:53:01.909,0 days 01:06:13.494000,,,0 days 00:01:08.994000,11541.0,197.0,4,100.0,False,0,car,3896.7733333333326,0.8927889031439015,OnTrack,439.73160323584386,-46.50744154055807,2345.3714559948676,3973.494,68.994
2026-07-25 14:53:01.935,0 days 01:06:13.520000,,,0 days 00:01:09.020000,11522.4749088,197.9750048,4,100.0,False,0,pos,3898.248057701949,0.8931267769278944,OnTrack,453.0,-56.0,2346.0,3973.52,69.02
2026-07-25 14:53:02.309,0 days 01:06:13.894000,,,0 days 00:01:09.394000,11256.0,212.0,5,100.0,False,0,car,3920.3288888888887,0.8981857114282059,OnTrack,594.2441455690919,-160.95636491737935,2353.3902333249875,3973.894,69.394
2026-07-25 14:53:02.375,0 days 01:06:13.960000,,,0 days 00:01:09.460000,11361.875205333334,213.37500266666666,5,100.0,False,0,pos,3924.294152936067,0.8990941922241181,OnTrack,629.0,-189.0,2355.0,3973.96,69.46
2026-07-25 14:53:02.549,0 days 01:06:14.134000,,,0 days 00:01:09.634000,11641.0,217.0,5,100.0,False,0,car,3934.795555555555,0.90150016632734,OnTrack,736.9774805061097,-278.418727559511,2359.845531694205,3974.134,69.634
2026-07-25 14:53:02.555,0 days 01:06:14.140000,,,0 days 00:01:09.640000,11623.3558736,216.9624992,5,98.2937136,False,0,pos,3935.158782831658,0.9015833852507119,OnTrack,740.0,-281.0,2360.0,3974.14,69.64
2026-07-25 14:53:02.795,0 days 01:06:14.380000,,,0 days 00:01:09.880000,10917.6058736,215.4624992,5,30.043713600000007,False,0,pos,3949.6423070003734,0.904901702368527,OnTrack,818.0,-356.0,2365.0,3974.38,69.88
2026-07-25 14:53:02.869,0 days 01:06:14.454000,,,0 days 00:01:09.954000,10700.0,215.0,5,9.0,True,0,car,3953.906666666666,0.9058787088976246,OnTrack,846.2936058756836,-387.60863060948793,2366.266963373207,3974.454,69.954
2026-07-25 14:53:03.055,0 days 01:06:14.640000,,,0 days 00:01:10.140000,11370.680425150864,198.79253287897797,5,10.543568297240196,True,0,pos,3964.019213914619,0.9081955924300236,OnTrack,924.0,-483.0,2369.0,3974.64,70.14
2026-07-25 14:53:03.110,0 days 01:06:14.695000,,,0 days 00:01:10.195000,11569.0,194.0,5,11.0,True,0,car,3966.893888888888,0.9088542085972043,OnTrack,940.9915061149511,-508.51376163649803,2369.678523415083,3974.695,70.195
2026-07-25 14:53:03.235,0 days 01:06:14.820000,,,0 days 00:01:10.320000,11023.497749019112,187.2008348391644,5,11.0,True,0,pos,3973.278267236995,0.9103169321520759,OnTrack,971.0,-563.0,2371.0,3974.82,70.32
2026-07-25 14:53:03.349,0 days 01:06:14.934000,,,0 days 00:01:10.434000,10526.0,181.0,4,11.0,True,0,car,3978.910277777777,0.911607280879878,OnTrack,994.2836841133507,-613.5254200690788,2371.9393026959806,3974.934,70.434
2026-07-25 14:53:03.475,0 days 01:06:15.060000,,,0 days 00:01:10.560000,10919.7504,173.43999232,4,11.0,True,0,pos,3984.911212394191,0.9129821537235707,OnTrack,1015.0,-670.0,2373.0,3975.06,70.56
2026-07-25 14:53:03.549,0 days 01:06:15.134000,,,0 days 00:01:10.634000,11151.0,169.0,4,11.0,True,0,car,3988.299166666666,0.9137583672007447,OnTrack,1024.19135030191,-703.1108315640752,2373.8044437279586,3975.134,70.634
2026-07-25 14:53:03.655,0 days 01:06:15.240000,,,0 days 00:01:10.740000,10908.1934568,163.3687432,4,11.3312504,True,0,pos,3992.952753956014,0.9148245495871313,OnTrack,1034.0,-750.0,2375.0,3975.24,70.74
2026-07-25 14:53:03.869,0 days 01:06:15.454000,,,0 days 00:01:10.954000,10418.0,152.0,3,12.0,True,0,car,4001.810277777777,0.9168538949713645,OnTrack,1044.251771202964,-840.2393758807134,2376.7018912199637,3975.454,70.954
2026-07-25 14:53:03.916,0 days 01:06:15.501000,,,0 days 00:01:11.001000,10331.28488192,149.88499712,3,12.0,True,0,pos,4003.7084129478544,0.9172887763133241,OnTrack,1045.0,-859.0,2377.0,3975.501,71.001
2026-07-25 14:53:04.069,0 days 01:06:15.654000,,,0 days 00:01:11.154000,10049.0,143.0,3,12.0,True,0,car,4009.7547222222215,0.9186740449351747,OnTrack,1043.3046804813507,-919.8896298953413,2377.9462788396936,3975.654,71.154
2026-07-25 14:53:04.076,0 days 01:06:15.661000,,,0 days 00:01:11.161000,10042.388828444444,142.8055537777778,3,12.0,True,0,pos,4010.024864829723,0.9187359372500755,OnTrack,1043.0,-923.0,2378.0,3975.661,71.161
2026-07-25 14:53:04.376,0 days 01:06:15.961000,,,0 days 00:01:11.461000,9759.055495111112,134.47222044444445,3,12.0,True,0,pos,4021.1314389172626,0.9212805620586267,OnTrack,1016.0,-1072.0,2381.0,3975.961,71.461
2026-07-25 14:53:04.429,0 days 01:06:16.014000,,,0 days 00:01:11.514000,9709.0,133.0,3,12.0,False,0,car,4023.0547222222217,0.9217212050843786,OnTrack,1011.8421360581049,-1090.850573731772,2381.4049578741415,3976.014,71.514
2026-07-25 14:53:04.669,0 days 01:06:16.254000,,,0 days 00:01:11.754000,9539.0,130.0,3,36.0,False,0,car,4031.7213888888887,0.923706823226717,OnTrack,996.9303565665709,-1139.2193673622648,2382.4564992353353,3976.254,71.754
2026-07-25 14:53:04.816,0 days 01:06:16.401000,,,0 days 00:01:11.901000,9653.975050057143,129.47499977142857,3,41.25000228571429,False,0,pos,4036.9761166387766,0.9249107327751662,OnTrack,968.0,-1184.0,2383.0,3976.401,71.901
2026-07-25 14:53:04.949,0 days 01:06:16.534000,,,0 days 00:01:12.034000,9758.0,129.0,3,46.0,False,0,car,4041.754722222222,0.9260055580761165,OnTrack,922.2904136494976,-1247.7496963992444,2383.5920842439223,3976.534,72.034
2026-07-25 14:53:05.036,0 days 01:06:16.621000,,,0 days 00:01:12.121000,9853.7000704,129.93214354285715,3,48.1750016,False,0,pos,4044.9223330664904,0.9267312887176835,OnTrack,896.0,-1283.0,2384.0,3976.621,72.121
2026-07-25 14:53:05.229,0 days 01:06:16.814000,,,0 days 00:01:12.314000,10066.0,132.0,3,53.0,False,0,car,4052.021388888888,0.9283577518755018,OnTrack,871.0361380527562,-1311.2638358687898,2384.8504449385828,3976.814,72.314
2026-07-25 14:53:05.296,0 days 01:06:16.881000,,,0 days 00:01:12.381000,10117.0875488,132.27916693333333,3,54.95416853333333,False,0,pos,4054.485388182542,0.9289222782255236,OnTrack,861.0,-1320.0,2385.0,3976.881,72.381
2026-07-25 14:53:05.469,0 days 01:06:17.054000,,,0 days 00:01:12.554000,10249.0,133.0,3,60.0,False,0,car,4060.8880555555547,0.9303891919749712,OnTrack,815.3241445361966,-1358.8386829154588,2384.9636680120075,3977.054,72.554
2026-07-25 14:53:05.516,0 days 01:06:17.101000,,,0 days 00:01:12.601000,10311.946514285713,133.83928685714287,3,60.50357211428572,False,0,pos,4062.6570855870705,0.9307944940663081,OnTrack,798.0,-1371.0,2385.0,3977.101,72.601
2026-07-25 14:53:05.749,0 days 01:06:17.334000,,,0 days 00:01:12.834000,10624.0,138.0,3,63.0,False,0,car,4071.6213888888883,0.9328483036743288,OnTrack,688.1775102502132,-1430.4845570337563,2385.8292524925037,3977.334,72.834
2026-07-25 14:53:05.816,0 days 01:06:17.401000,,,0 days 00:01:12.901000,10728.966766933334,139.39583466666667,3,65.23333546666667,False,0,pos,4074.2543922080313,0.933451550500405,OnTrack,661.0,-1443.0,2386.0,3977.401,72.901
2026-07-25 14:53:05.989,0 days 01:06:17.574000,,,0 days 00:01:13.074000,11000.0,143.0,3,71.0,False,0,car,4081.1547222222216,0.935032483630901,OnTrack,613.4452397635104,-1460.8625518496826,2385.993609172485,3977.574,73.074
2026-07-25 14:53:06.136,0 days 01:06:17.721000,,,0 days 00:01:13.221000,11304.29013248,145.94000128,3,73.20500096,False,0,pos,4087.1214225956273,0.9363995130745163,OnTrack,576.0,-1470.0,2386.0,3977.721,73.221
2026-07-25 14:53:06.189,0 days 01:06:17.774000,,,0 days 00:01:13.274000,11414.0,147.0,3,74.0,False,0,car,4089.3213888888886,0.9369035468804123,OnTrack,558.7401037278108,-1473.9517781878149,2386.1062532366727,3977.774,73.274
2026-07-25 14:53:06.429,0 days 01:06:18.014000,,,0 days 00:01:13.514000,12158.0,155.0,3,83.0,False,0,car,4099.654722222222,0.939271014665508,OnTrack,455.30592881667144,-1491.261236553804,2386.9457418002453,3978.014,73.514
2026-07-25 14:53:06.456,0 days 01:06:18.041000,,,0 days 00:01:13.541000,12063.499776,155.843752,3,83.0,False,0,pos,4100.841881410544,0.9395430044526824,OnTrack,441.0,-1492.0,2387.0,3978.041,73.541
2026-07-25 14:53:06.589,0 days 01:06:18.174000,,,0 days 00:01:13.674000,11598.0,160.0,3,83.0,False,0,car,4106.765833333333,0.9409002398079396,OnTrack,362.590204786391,-1491.010688678705,2387.077529370124,3978.174,73.674
2026-07-25 14:53:06.716,0 days 01:06:18.301000,,,0 days 00:01:13.801000,11348.535588571429,164.08214491428572,3,86.1750016,False,0,pos,4112.600932893987,0.9422371182175533,OnTrack,299.0,-1487.0,2387.0,3978.301,73.801
2026-07-25 14:53:06.869,0 days 01:06:18.454000,,,0 days 00:01:13.954000,11048.0,169.0,4,90.0,False,0,car,4119.910277777777,0.9439117606571528,OnTrack,264.34640625829377,-1483.0156600384753,2386.9013623776964,3978.454,73.954
2026-07-25 14:53:06.956,0 days 01:06:18.541000,,,0 days 00:01:14.041000,11256.58265344,172.48000256,4,91.95750144,False,0,pos,4124.224626199676,0.9449002200993326,OnTrack,243.0,-1478.0,2387.0,3978.541,74.041
2026-07-25 14:53:07.196,0 days 01:06:18.781000,,,0 days 00:01:14.281000,11831.98265344,182.08000256,4,97.35750144,False,0,pos,4136.628547375102,0.9477420798211087,OnTrack,129.0,-1443.0,2388.0,3978.781,74.281
2026-07-25 14:53:07.269,0 days 01:06:18.854000,,,0 days 00:01:14.354000,12007.0,185.0,4,99.0,False,0,car,4140.465833333333,0.9486212395844938,OnTrack,85.17994371015824,-1423.394378517443,2388.2665573490112,3978.854,74.354
2026-07-25 14:53:07.429,0 days 01:06:19.014000,,,0 days 00:01:14.514000,11807.0,191.0,4,99.0,False,0,car,4148.954722222222,0.9505661270982715,OnTrack,-16.67691876875363,-1368.5222332462536,2388.712785717973,3979.014,74.514
2026-07-25 14:53:07.515,0 days 01:06:19.100000,,,0 days 00:01:14.600000,11471.5995008,193.1500032,4,99.35833386666667,False,0,pos,4153.583116292583,0.9516265374716565,OnTrack,-60.0,-1343.0,2389.0,3979.1,74.6
2026-07-25 14:53:07.669,0 days 01:06:19.254000,,,0 days 00:01:14.754000,10871.0,197.0,5,100.0,False,0,car,4162.088055555556,0.9535751022831999,OnTrack,-110.93005241524928,-1309.191258464384,2389.6522467803634,3979.254,74.754
2026-07-25 14:53:07.775,0 days 01:06:19.360000,,,0 days 00:01:14.860000,11038.191110981817,201.57727825454546,5,100.0,False,0,pos,4168.207661778098,0.9549771639531358,OnTrack,-144.0,-1284.0,2390.0,3979.36,74.86
2026-07-25 14:53:08.109,0 days 01:06:19.694000,,,0 days 00:01:15.194000,11565.0,216.0,5,100.0,False,0,car,4188.488055555556,0.9596236006244767,OnTrack,-297.5911296506747,-1160.071965620773,2390.002387153812,3979.694,75.194
2026-07-25 14:53:08.155,0 days 01:06:19.740000,,,0 days 00:01:15.240000,11639.98020864,217.38000384,5,100.0,False,0,pos,4191.30842009679,0.960269773739986,OnTrack,-319.0,-1142.0,2390.0,3979.74,75.24
2026-07-25 14:53:08.215,0 days 01:06:19.800000,,,0 days 00:01:15.300000,11737.78020864,219.18000384,5,100.0,False,0,pos,4194.991251790576,0.961113546519951,OnTrack,-347.0,-1118.0,2390.0,3979.8,75.3
2026-07-25 14:53:08.309,0 days 01:06:19.894000,,,0 days 00:01:15.394000,11891.0,222.0,5,100.0,False,0,car,4200.8213888888895,0.9624492879808815,OnTrack,-403.2156574277371,-1069.1870258079698,2389.7764953991127,3979.894,75.394
2026-07-25 14:53:08.535,0 days 01:06:20.120000,,,0 days 00:01:15.620000,11173.4495936,229.5333376,5,100.0,False,0,pos,4215.244785206563,0.9657538292196326,OnTrack,-556.0,-935.0,2389.0,3980.12,75.62
2026-07-25 14:53:08.549,0 days 01:06:20.134000,,,0 days 00:01:15.634000,11129.0,230.0,5,100.0,False,0,car,4216.1547222222225,0.9659623046942494,OnTrack,-562.4334080821653,-929.3017088725653,2389.0168860754175,3980.134,75.634
2026-07-25 14:53:08.829,0 days 01:06:20.414000,,,0 days 00:01:15.914000,10828.0,238.0,6,100.0,False,0,car,4234.6658333333335,0.9702033813931413,OnTrack,-641.6947806166379,-857.1328175419316,2390.0159679421527,3980.414,75.914
2026-07-25 14:53:08.835,0 days 01:06:20.420000,,,0 days 00:01:15.920000,10835.550161066667,238.10000213333333,6,100.0,False,0,pos,4235.066118937753,0.9702950907421707,OnTrack,-644.0,-855.0,2390.0,3980.42,75.92
2026-07-25 14:53:08.995,0 days 01:06:20.580000,,,0 days 00:01:16.080000,11036.8834944,240.7666688,6,100.0,False,0,pos,4245.782025527537,0.9727502098040489,OnTrack,-723.0,-782.0,2389.0,3980.58,76.08
2026-07-25 14:53:09.069,0 days 01:06:20.654000,,,0 days 00:01:16.154000,11130.0,242.0,6,100.0,False,0,car,4250.799166666667,0.9738996859350328,OnTrack,-765.9122004241807,-742.5369606726196,2388.7327787082127,3980.654,76.154
2026-07-25 14:53:09.229,0 days 01:06:20.814000,,,0 days 00:01:16.314000,11250.0,248.0,6,100.0,False,0,car,4261.821388888889,0.9764249849058015,OnTrack,-866.4984513687167,-650.4309852754474,2388.842115630837,3980.814,76.314
2026-07-25 14:53:09.335,0 days 01:06:20.920000,,,0 days 00:01:16.420000,11394.4251744,250.6500032,6,100.0,False,0,pos,4269.249366564265,0.9781268072788528,OnTrack,-926.0,-596.0,2389.0,3980.92,76.42
2026-07-25 14:53:09.469,0 days 01:06:21.054000,,,0 days 00:01:16.554000,11577.0,254.0,6,100.0,False,0,car,4278.754722222223,0.9803045772762168,OnTrack,-990.3098467035486,-537.2863034395397,2389.117699529221,3981.054,76.554
2026-07-25 14:53:09.535,0 days 01:06:21.120000,,,0 days 00:01:16.620000,11626.8423806069,255.36929617051922,6,100.0,False,0,pos,4283.470445558154,0.9813849956389177,OnTrack,-1031.0,-501.0,2389.0,3981.12,76.62
2026-07-25 14:53:09.710,0 days 01:06:21.295000,,,0 days 00:01:16.795000,11759.0,259.0,6,100.0,False,0,car,4296.093333333334,0.984277022751429,OnTrack,-1179.7427456520954,-370.93020993109036,2388.0797671491223,3981.295,76.795
2026-07-25 14:53:09.735,0 days 01:06:21.320000,,,0 days 00:01:16.820000,11652.025287839671,259.47021851499045,6,100.0,False,0,pos,4297.912906622524,0.9846939047976977,OnTrack,-1198.0,-355.0,2388.0,3981.32,76.82
2026-07-25 14:53:10.029,0 days 01:06:21.614000,,,0 days 00:01:17.114000,10394.0,265.0,6,100.0,False,0,car,4319.575277777779,0.9896569660098451,OnTrack,-1308.333990325078,-258.6932445558313,2388.7982853666967,3981.614,77.114
2026-07-25 14:53:10.115,0 days 01:06:21.700000,,,0 days 00:01:17.200000,10474.62512,266.0750016,6,100.0,False,0,pos,4325.969087478323,0.9911218503798519,OnTrack,-1345.0,-228.0,2389.0,3981.7,77.2
2026-07-25 14:53:10.235,0 days 01:06:21.820000,,,0 days 00:01:17.320000,10587.12512,267.5750016,6,100.0,False,0,pos,4334.927386532061,0.9931742843558821,OnTrack,-1414.0,-171.0,2389.0,3981.82,77.32
2026-07-25 14:53:10.349,0 days 01:06:21.934000,,,0 days 00:01:17.434000,10694.0,269.0,7,100.0,False,0,car,4343.486388888889,0.9951352355512708,OnTrack,-1481.445087253716,-115.7623072998421,2388.8027354326514,3981.934,77.434
2026-07-25 14:53:10.360,0 days 01:06:21.945000,,,0 days 00:01:17.445000,10699.06788662857,269.1571437714286,7,100.0,False,0,interpolation,4344.314888581348,0.9953250529382249,OnTrack,-1487.8912691769656,-110.50676841934369,2388.7745249995514,3981.945,77.445
