Date,SessionTime,DriverAhead,DistanceToDriverAhead,Time,RPM,Speed,nGear,Throttle,Brake,DRS,Source,Distance,RelativeDistance,Status,X,Y,Z,SessionTime_seconds,Time_seconds
2026-07-25 14:59:26.084,0 days 01:12:37.669000,,1155.6705555555552,0 days 00:00:00,11030.8503552,281.85999872,7,100.0,False,0,interpolation,0.07548583786765922,1.7313700173381088e-05,OnTrack,-1494.739762973611,-104.17483128786861,2388.222897611868,4357.669,0.0
2026-07-25 14:59:26.191,0 days 01:12:37.776000,,1155.6705555555552,0 days 00:00:00.107000,10437.0,284.0,7,100.0,False,0,car,8.544444444444448,0.001959784158700214,OnTrack,-1559.9339333027042,-51.462415936427576,2388.0049151238795,4357.776,0.107
2026-07-25 14:59:26.196,0 days 01:12:37.781000,,1155.6705555555552,0 days 00:00:00.112000,10439.180527644445,284.0833322666667,7,100.0,False,0,pos,8.941751146368468,0.0020509118365309694,OnTrack,-1563.0,-49.0,2388.0,4357.781,0.112
2026-07-25 14:59:26.336,0 days 01:12:37.921000,,1155.6705555555552,0 days 00:00:00.252000,10500.2360832,286.4166656,7,100.0,False,0,pos,20.12326856928403,0.004615544430041284,OnTrack,-1649.0,20.0,2388.0,4357.921,0.252
2026-07-25 14:59:26.496,0 days 01:12:38.081000,,1155.6705555555552,0 days 00:00:00.412000,10570.013860977779,289.0833322666667,7,100.0,False,0,pos,33.05380278310892,0.0075813377335792066,OnTrack,-1748.0,102.0,2388.0,4358.081,0.412
2026-07-25 14:59:26.551,0 days 01:12:38.136000,41,1155.6705555555552,0 days 00:00:00.467000,10594.0,290.0,8,100.0,False,0,car,37.54444444444445,0.00861132727210406,OnTrack,-1786.9583606932806,134.16152105176369,2387.9983700664866,4358.136,0.467
2026-07-25 14:59:26.816,0 days 01:12:38.401000,41,1146.395557795555,0 days 00:00:00.732000,10809.61358429091,296.0227258181818,8,100.0,False,0,pos,59.508093758935004,0.013648987973587396,OnTrack,-1987.0,298.0,2388.0,4358.401,0.732
2026-07-25 14:59:26.991,0 days 01:12:38.576000,41,1140.2705555555551,0 days 00:00:00.907000,10952.0,300.0,8,100.0,False,0,car,74.21111111111111,0.017021324312039954,OnTrack,-2071.0767246868704,367.3318151805265,2388.0003756412084,4358.576,0.907
2026-07-25 14:59:27.176,0 days 01:12:38.761000,41,1134.4122242488884,0 days 00:00:01.092000,11047.0226944,302.5227264,8,100.0,False,0,pos,89.86334059590017,0.020611375320280133,OnTrack,-2180.0,457.0,2388.0,4358.761,1.092
2026-07-25 14:59:27.416,0 days 01:12:39.001000,41,1126.8122242488885,0 days 00:00:01.332000,11170.295421672727,305.79545367272726,8,100.0,False,0,pos,110.32670723109652,0.02530492585198352,OnTrack,-2416.0,650.0,2388.0,4359.001,1.332
2026-07-25 14:59:27.431,0 days 01:12:39.016000,41,1126.3372222222217,0 days 00:00:01.347000,11178.0,306.0,8,100.0,False,0,car,111.61111111111111,0.02559952129277457,OnTrack,-2426.2776189770975,658.4076165919854,2388.000002013355,4359.016,1.347
2026-07-25 14:59:27.591,0 days 01:12:39.176000,41,1121.5816666666663,0 days 00:00:01.507000,11287.0,309.0,8,100.0,False,0,car,125.34444444444443,0.02874944745682328,OnTrack,-2484.723869268889,706.3375228692732,2387.999995863279,4359.176,1.507
2026-07-25 14:59:27.696,0 days 01:12:39.281000,41,1118.5775018311108,0 days 00:00:01.612000,11307.3437376,309.6562496,8,100.0,False,0,pos,134.3737761284073,0.03082044707686129,OnTrack,-2522.0,737.0,2388.0,4359.281,1.612
2026-07-25 14:59:27.751,0 days 01:12:39.336000,41,1117.0038888888885,0 days 00:00:01.667000,11318.0,310.0,8,100.0,False,0,car,139.12222222222223,0.03190956755667799,OnTrack,-2551.0560386089423,760.8814542195253,2388.0000118161306,4359.336,1.667
2026-07-25 14:59:27.956,0 days 01:12:39.541000,41,1111.480280981347,0 days 00:00:01.872000,11455.238414128626,313.43096035321565,8,100.0,False,0,pos,156.98511247162617,0.036006663578192176,OnTrack,-2696.0,880.0,2388.0,4359.541,1.872
2026-07-25 14:59:27.990,0 days 01:12:39.575000,41,1110.5641666666663,0 days 00:00:01.906000,11478.0,314.0,8,100.0,False,0,car,159.96833333333333,0.03669090572227669,OnTrack,-2719.8680593894373,899.6316153058485,2387.999958300583,4359.575,1.906
2026-07-25 14:59:28.256,0 days 01:12:39.841000,41,1103.9141698666663,0 days 00:00:02.172000,11570.495410036363,317.0227258181818,8,100.0,False,0,pos,183.4835933447484,0.04208444937016734,OnTrack,-2899.0,1047.0,2388.0,4359.841,2.172
2026-07-25 14:59:28.396,0 days 01:12:39.981000,41,1100.4141698666663,0 days 00:00:02.312000,11619.177228218181,318.61363490909093,8,100.0,False,0,pos,195.93150091555273,0.04493954571081806,OnTrack,-2994.0,1125.0,2388.0,4359.981,2.312
2026-07-25 14:59:28.430,0 days 01:12:40.015000,41,1099.5641666666663,0 days 00:00:02.346000,11631.0,319.0,8,100.0,False,0,car,198.95722222222224,0.045633535908075194,OnTrack,-3015.494021854211,1142.6936952472017,2387.9987222819886,4360.015,2.346
2026-07-25 14:59:28.590,0 days 01:12:40.175000,41,1095.6530555555553,0 days 00:00:02.506000,11690.0,321.0,8,100.0,False,0,car,213.2238888888889,0.048905789301795705,OnTrack,-3125.3737389618004,1233.3625909192983,2387.9988766120723,4360.175,2.506
2026-07-25 14:59:28.596,0 days 01:12:40.181000,41,1095.5130585422219,0 days 00:00:02.512000,11691.842817828572,321.06428434285715,8,100.0,False,0,pos,213.76099393109453,0.049028981624025254,OnTrack,-3131.0,1238.0,2388.0,4360.181,2.512
2026-07-25 14:59:28.816,0 days 01:12:40.401000,41,1090.3797252088887,0 days 00:00:02.732000,11759.4142464,323.4214272,8,100.0,False,0,pos,233.56124051315098,0.053570436582527865,OnTrack,-3380.0,1443.0,2388.0,4360.401,2.732
2026-07-25 14:59:28.870,0 days 01:12:40.455000,41,1089.119722222222,0 days 00:00:02.786000,11776.0,324.0,8,100.0,False,0,car,238.4238888888889,0.054685750903788015,OnTrack,-3419.3772849144025,1475.4015546882276,2387.9125314359317,4360.455,2.786
2026-07-25 14:59:29.030,0 days 01:12:40.615000,41,1085.4752777777774,0 days 00:00:02.946000,11829.0,324.0,8,100.0,False,0,car,252.82388888888892,0.05798858610492648,OnTrack,-3464.8389174156737,1512.77455347092,2387.3414844956405,4360.615,2.946
2026-07-25 14:59:29.156,0 days 01:12:40.741000,41,1082.7102805866664,0 days 00:00:03.072000,11846.54998217143,325.3499986285714,8,100.0,False,0,pos,264.2401898607854,0.06060706948803557,OnTrack,-3521.0,1559.0,2386.0,4360.741,3.072
2026-07-25 14:59:29.310,0 days 01:12:40.895000,41,1079.330833333333,0 days 00:00:03.226000,11868.0,327.0,8,100.0,False,0,car,278.25722222222225,0.06382206586990019,OnTrack,-3665.1916596562146,1677.7488079261896,2382.9939600220887,4360.895,3.226
2026-07-25 14:59:29.436,0 days 01:12:41.021000,41,1076.7058359999996,0 days 00:00:03.352000,11897.249970285715,327.44999954285714,8,100.0,False,0,pos,289.730542897415,0.06645362749489854,OnTrack,-3801.0,1789.0,2380.0,4361.021,3.352
2026-07-25 14:59:29.590,0 days 01:12:41.175000,41,1073.4974999999997,0 days 00:00:03.506000,11933.0,328.0,8,100.0,False,0,car,303.7683333333334,0.06967338502253438,OnTrack,-3943.6138739641633,1904.3622873134264,2376.286778987458,4361.175,3.506
2026-07-25 14:59:29.830,0 days 01:12:41.415000,41,1068.6974999999998,0 days 00:00:03.746000,11999.0,329.0,8,100.0,False,0,car,325.7016666666667,0.07470409234278695,OnTrack,-4110.76668642683,2037.435898331902,2371.1040948707696,4361.415,3.746
2026-07-25 14:59:29.836,0 days 01:12:41.421000,41,1068.5858357155553,0 days 00:00:03.752000,11998.900002133334,329.02499946666666,8,100.0,False,0,pos,326.25082517928513,0.07483004929184812,OnTrack,-4114.0,2040.0,2371.0,4361.421,3.752
2026-07-25 14:59:30.070,0 days 01:12:41.655000,41,1064.230833333333,0 days 00:00:03.986000,11995.0,330.0,8,100.0,False,0,car,347.7016666666667,0.07975009056674848,OnTrack,-4208.412590327531,2114.4502575313577,2367.847285886446,4361.655,3.986
2026-07-25 14:59:30.196,0 days 01:12:41.781000,41,1062.025835573333,0 days 00:00:04.112000,12010.224984533334,330.52499946666666,8,100.0,False,0,pos,359.28263298049103,0.08240634217817193,OnTrack,-4273.0,2165.0,2366.0,4361.781,4.112
2026-07-25 14:59:30.310,0 days 01:12:41.895000,41,1060.0308333333332,0 days 00:00:04.226000,12024.0,331.0,8,100.0,False,0,car,369.7683333333334,0.084811379694419,OnTrack,-4354.597935510684,2228.824027283863,2363.8905923532593,4361.895,4.226
2026-07-25 14:59:30.355,0 days 01:12:41.940000,41,1059.3058343644443,0 days 00:00:04.271000,12022.500002133333,331.0,8,100.0,False,0,pos,373.90671663977446,0.08576057400416326,OnTrack,-4388.0,2255.0,2363.0,4361.94,4.271
2026-07-25 14:59:30.550,0 days 01:12:42.135000,41,1056.1641666666665,0 days 00:00:04.466000,12016.0,331.0,8,100.0,False,0,car,391.83500000000004,0.08987266882208951,OnTrack,-4526.63790119367,2364.134179773625,2358.971606617531,4362.135,4.466
2026-07-25 14:59:30.595,0 days 01:12:42.180000,41,1055.4891676266664,0 days 00:00:04.511000,12017.57499776,331.0,8,100.0,False,0,pos,395.97111979362654,0.0908213439644864,OnTrack,-4562.0,2392.0,2358.0,4362.18,4.511
2026-07-25 14:59:30.750,0 days 01:12:42.335000,41,1053.1641666666665,0 days 00:00:04.666000,12023.0,331.0,8,100.0,False,0,car,410.22388888888895,0.09409040976181493,OnTrack,-4700.847964755286,2501.347058210049,2354.528308991319,4362.335,4.666
2026-07-25 14:59:30.915,0 days 01:12:42.500000,41,1050.9183342044444,0 days 00:00:04.831000,11908.187544533333,331.0,8,100.0,False,0,pos,425.4266452295438,0.09757736801155423,OnTrack,-4851.0,2619.0,2351.0,4362.5,4.831
2026-07-25 14:59:30.990,0 days 01:12:42.575000,41,1049.8975,0 days 00:00:04.906000,11856.0,331.0,8,100.0,False,0,car,432.29055555555556,0.09915169888948544,OnTrack,-4910.396932086919,2665.122964502484,2349.590868354554,4362.575,4.906
2026-07-25 14:59:31.255,0 days 01:12:42.840000,41,1047.1738890036413,0 days 00:00:05.171000,11813.071652899022,325.221184044099,8,100.0,False,0,pos,456.17211774194647,0.10462925890666525,OnTrack,-5096.0,2808.0,2345.0,4362.84,5.171
2026-07-25 14:59:31.311,0 days 01:12:42.896000,41,1046.5983333333331,0 days 00:00:05.227000,11804.0,324.0,8,100.0,False,0,car,461.1805555555556,0.10577801201176948,OnTrack,-5137.550813931866,2840.1654995351914,2343.897971579721,4362.896,5.227
2026-07-25 14:59:31.591,0 days 01:12:43.176000,41,1044.8094444444444,0 days 00:00:05.507000,11303.0,315.0,8,0.0,True,0,car,485.68055555555554,0.11139741912481754,OnTrack,-5348.8211851681735,3004.9372312075016,2338.0394073466064,4363.176,5.507
2026-07-25 14:59:31.655,0 days 01:12:43.240000,41,1045.2005555555554,0 days 00:00:05.571000,11032.8,306.6,8,0.0,True,0,pos,490.8626432159725,0.11258600117622106,OnTrack,-5387.0,3035.0,2337.0,4363.24,5.571
2026-07-25 14:59:31.911,0 days 01:12:43.496000,41,1046.7649999999999,0 days 00:00:05.827000,9952.0,273.0,8,0.0,True,0,car,509.94722222222225,0.11696330807488423,OnTrack,-5494.770686404553,3121.4171846619492,2334.170662237917,4363.496,5.827
2026-07-25 14:59:31.996,0 days 01:12:43.581000,41,1048.0399990399999,0 days 00:00:05.912000,9483.4378528,262.375008,8,0.0,True,0,pos,515.8906657231755,0.1183265174089763,OnTrack,-5532.0,3152.0,2333.0,4363.581,5.912
2026-07-25 14:59:32.151,0 days 01:12:43.736000,41,1050.3649999999998,0 days 00:00:06.067000,8629.0,243.0,8,0.0,True,0,car,526.1472222222222,0.12067899767616498,OnTrack,-5613.263689022651,3219.4390458407534,2330.133600882338,4363.736,6.067
2026-07-25 14:59:32.216,0 days 01:12:43.801000,41,1051.8455540977777,0 days 00:00:06.132000,8736.2498944,232.0312608,8,0.0,True,0,pos,530.1556726056617,0.12159839010869562,OnTrack,-5647.0,3248.0,2329.0,4363.801,6.132
2026-07-25 14:59:32.311,0 days 01:12:43.896000,41,1054.0094444444444,0 days 00:00:06.227000,8893.0,216.0,8,0.0,True,0,car,535.7472222222223,0.1228808878102573,OnTrack,-5692.442456366852,3287.355222007073,2327.6392124033355,4363.896,6.227
2026-07-25 14:59:32.516,0 days 01:12:44.101000,41,1060.0455536711113,0 days 00:00:06.432000,9678.833088,197.2083392,8,0.0,True,0,pos,546.9348477646095,0.12544692138376787,OnTrack,-5778.0,3365.0,2325.0,4364.101,6.432
2026-07-25 14:59:32.551,0 days 01:12:44.136000,41,1061.0761111111112,0 days 00:00:06.467000,9813.0,194.0,8,0.0,True,0,car,548.6805555555555,0.12584732312979832,OnTrack,-5791.569743243065,3377.7713245400378,2324.397480774954,4364.136,6.467
2026-07-25 14:59:32.736,0 days 01:12:44.321000,41,1068.5274974222223,0 days 00:00:06.652000,10349.4998144,174.47222897777777,8,0.0,True,0,pos,557.0040293050223,0.12775642466420742,OnTrack,-5858.0,3443.0,2321.0,4364.321,6.652
2026-07-25 14:59:32.911,0 days 01:12:44.496000,41,1075.576111111111,0 days 00:00:06.827000,10857.0,156.0,8,0.0,True,0,car,564.2805555555556,0.1294253945976983,OnTrack,-5911.0235035052265,3500.8719933803864,2319.2392409014114,4364.496,6.827
2026-07-25 14:59:32.936,0 days 01:12:44.521000,41,1076.6247195377778,0 days 00:00:06.852000,10877.87494656,155.25000192,8,0.0,True,0,pos,565.3330452254936,0.12966679737066403,OnTrack,-5918.0,3509.0,2319.0,4364.521,6.852
2026-07-25 14:59:33.111,0 days 01:12:44.696000,41,1083.965,0 days 00:00:07.027000,11024.0,150.0,7,0.0,True,0,car,572.6138888888889,0.13133675756132013,OnTrack,-5962.850723555806,3564.513318835478,2317.059149235121,4364.696,7.027
2026-07-25 14:59:33.116,0 days 01:12:44.701000,41,1084.1969414755554,0 days 00:00:07.032000,10998.45032704,149.57500544,7,0.0,True,0,pos,572.8111239816981,0.13138199610350276,OnTrack,-5964.0,3566.0,2317.0,4364.701,7.032
2026-07-25 14:59:33.311,0 days 01:12:44.896000,41,1093.2427777777775,0 days 00:00:07.227000,10002.0,133.0,5,0.0,True,0,car,580.0027777777779,0.13303149938906478,OnTrack,-6004.19685126491,3623.087070165421,2314.591352305539,4364.896,7.227
2026-07-25 14:59:33.356,0 days 01:12:44.941000,41,1095.4677746133332,0 days 00:00:07.272000,9966.482193371428,131.07143131428572,5,0.0,True,0,pos,581.5775448264127,0.1333926935586359,OnTrack,-6014.0,3641.0,2314.0,4364.941,7.272
2026-07-25 14:59:33.591,0 days 01:12:45.176000,41,1107.0872222222222,0 days 00:00:07.507000,9781.0,121.0,3,0.0,True,0,car,589.4138888888889,0.13519006529598165,OnTrack,-6065.359537786617,3755.420820111331,2311.042211602957,4365.176,7.507
2026-07-25 14:59:33.596,0 days 01:12:45.181000,41,1107.33444128,0 days 00:00:07.512000,9796.71408457143,120.82143085714286,3,0.0,True,0,pos,589.574039706403,0.13522679805692447,OnTrack,-6066.0,3757.0,2311.0,4365.181,7.512
2026-07-25 14:59:33.836,0 days 01:12:45.421000,41,1119.2011079466668,0 days 00:00:07.752000,10550.999798857143,112.25000228571429,3,0.0,True,0,pos,596.9897770918966,0.13692769795131382,OnTrack,-6074.0,3787.0,2310.0,4365.421,7.752
2026-07-25 14:59:33.871,0 days 01:12:45.456000,41,1120.9316666666668,0 days 00:00:07.787000,10661.0,111.0,2,0.0,True,0,car,598.0472222222222,0.13717023732629383,OnTrack,-6074.995404035503,3792.6875050319773,2309.874600146,4365.456,7.787
2026-07-25 14:59:34.151,0 days 01:12:45.736000,41,1133.376111111111,0 days 00:00:08.067000,9959.0,107.0,2,0.0,True,0,car,606.3694444444444,0.1390790518059641,OnTrack,-6085.61231879598,3876.5006210202378,2308.2502298799977,4365.736,8.067
2026-07-25 14:59:34.176,0 days 01:12:45.761000,41,1134.3622196977776,0 days 00:00:08.092000,9924.3125888,106.5833344,2,0.0,True,0,pos,607.09771357387,0.1392460902029481,OnTrack,-6085.0,3886.0,2308.0,4365.761,8.092
2026-07-25 14:59:34.391,0 days 01:12:45.976000,41,1142.8427777777779,0 days 00:00:08.307000,9626.0,103.0,2,0.0,False,0,car,613.2361111111111,0.14065401488798848,OnTrack,-6068.035356184843,3969.900314807448,2305.280534494554,4365.976,8.307
2026-07-25 14:59:34.416,0 days 01:12:46.001000,41,1143.7594419641412,0 days 00:00:08.332000,9597.469325489665,102.60136782121289,2,0.0,False,0,pos,613.9316334804407,0.14081354237164137,OnTrack,-6066.0,3977.0,2305.0,4366.001,8.332
2026-07-25 14:59:34.676,0 days 01:12:46.261000,41,1153.2927739076492,0 days 00:00:08.592000,9300.749550979564,98.45558254861666,2,0.0,False,0,pos,620.9323092147879,0.14241924224991617,OnTrack,-6046.0,4016.0,2303.0,4366.261,8.592
2026-07-25 14:59:34.830,0 days 01:12:46.415000,41,1158.9394444444442,0 days 00:00:08.746000,9125.0,96.0,2,0.0,False,0,car,624.9427777777778,0.14333909757928437,OnTrack,-6020.909366228603,4046.5662375477705,2302.23144420342,4366.415,8.746
2026-07-25 14:59:34.916,0 days 01:12:46.501000,41,1162.0927730844442,0 days 00:00:08.832000,9172.061041066667,95.04444586666666,2,5.255547733333334,False,0,pos,627.1506937089672,0.14384551302780432,OnTrack,-6004.0,4064.0,2302.0,4366.501,8.832
2026-07-25 14:59:35.136,0 days 01:12:46.721000,41,1170.159439751111,0 days 00:00:09.052000,9292.449929955555,92.60000142222222,2,18.699992177777776,False,0,pos,632.7489051229769,0.14512953870291587,OnTrack,-5958.0,4099.0,2302.0,4366.721,9.052
2026-07-25 14:59:35.190,0 days 01:12:46.775000,41,1172.1394444444443,0 days 00:00:09.106000,9322.0,92.0,2,22.0,False,0,car,634.1427777777777,0.14544924229112283,OnTrack,-5946.981231613104,4105.742735396305,2301.936174229735,4366.775,9.106
2026-07-25 14:59:35.430,0 days 01:12:47.015000,41,1180.739444444444,0 days 00:00:09.346000,9675.0,95.0,2,32.0,False,0,car,640.4761111111111,0.14690187814347538,OnTrack,-5890.207685984726,4130.23825126524,2301.1234485662876,4367.015,9.346
2026-07-25 14:59:35.456,0 days 01:12:47.041000,41,1181.671106524444,0 days 00:00:09.372000,9714.12980736,95.51999744,2,32.51999744,False,0,pos,641.1783319143135,0.14706294200373848,OnTrack,-5881.0,4133.0,2301.0,4367.041,9.372
2026-07-25 14:59:35.630,0 days 01:12:47.215000,41,1187.906111111111,0 days 00:00:09.546000,9976.0,99.0,2,36.0,False,0,car,645.9761111111111,0.14816337769946578,OnTrack,-5807.343423877721,4151.489158020317,2300.036265294336,4367.215,9.546
2026-07-25 14:59:35.636,0 days 01:12:47.221000,41,1188.119439893333,0 days 00:00:09.552000,9993.66962304,99.1499968,2,36.1499968,False,0,pos,646.1453018202907,0.14820218388210352,OnTrack,-5805.0,4152.0,2300.0,4367.221,9.552
2026-07-25 14:59:35.830,0 days 01:12:47.415000,41,1195.0172222222218,0 days 00:00:09.746000,10565.0,104.0,2,41.0,False,0,car,651.7538888888889,0.14948858935424358,OnTrack,-5746.114837921463,4161.776478082594,2298.7397174129383,4367.415,9.746
2026-07-25 14:59:36.030,0 days 01:12:47.615000,41,1202.0172222222218,0 days 00:00:09.946000,11146.0,110.0,2,51.0,False,0,car,657.865,0.1508902555275662,OnTrack,-5699.3401062283165,4162.9388117642675,2297.326798629796,4367.615,9.946
2026-07-25 14:59:36.076,0 days 01:12:47.661000,41,1203.4866625777775,0 days 00:00:09.992000,11230.995218036363,111.98635810909092,2,52.25454196363636,False,0,pos,659.3733114355114,0.15123620720141945,OnTrack,-5686.0,4163.0,2297.0,4367.661,9.992
2026-07-25 14:59:36.470,0 days 01:12:48.055000,41,1216.0727777777774,0 days 00:00:10.386000,11959.0,129.0,2,63.0,False,0,car,673.6316666666667,0.15450655425473864,OnTrack,-5544.605219806529,4160.421223438972,2294.1854125508453,4368.055,10.386
2026-07-25 14:59:36.496,0 days 01:12:48.081000,41,1216.8672183111107,0 days 00:00:10.412000,11801.375776,129.9749952,2,65.5999872,False,0,pos,674.5967290876281,0.1547279044030197,OnTrack,-5536.0,4160.0,2294.0,4368.081,10.412
2026-07-25 14:59:36.630,0 days 01:12:48.215000,41,1220.9616666666666,0 days 00:00:10.546000,10989.0,135.0,3,79.0,False,0,car,679.6316666666667,0.15588273558854635,OnTrack,-5495.440666146198,4157.282102219045,2293.0462957740497,4368.215,10.546
2026-07-25 14:59:36.830,0 days 01:12:48.415000,41,1226.6838888888885,0 days 00:00:10.746000,10983.0,146.0,3,92.0,False,0,car,687.7427777777779,0.15774312887313824,OnTrack,-5436.4227323120285,4150.972509909937,2291.4480463723935,4368.415,10.746
2026-07-25 14:59:36.875,0 days 01:12:48.460000,41,1227.333887964444,0 days 00:00:10.791000,11026.0311888,148.5312464,3,92.74999893333333,False,0,pos,689.7063478398073,0.158193500284303,OnTrack,-5420.0,4149.0,2291.0,4368.46,10.791
2026-07-25 14:59:37.055,0 days 01:12:48.640000,41,1229.933887964444,0 days 00:00:10.971000,11198.1561888,158.6562464,3,95.74999893333333,False,0,pos,698.1092537741414,0.16012082066706504,OnTrack,-5344.0,4139.0,2289.0,4368.64,10.971
2026-07-25 14:59:37.155,0 days 01:12:48.740000,41,1231.3783324088884,0 days 00:00:11.071000,11293.7811888,164.2812464,3,97.4166656,False,0,pos,703.068201951248,0.16125822265317405,OnTrack,-5300.0,4132.0,2288.0,4368.74,11.071
2026-07-25 14:59:37.310,0 days 01:12:48.895000,41,1233.6172222222217,0 days 00:00:11.226000,11442.0,173.0,4,100.0,False,0,car,710.8094444444446,0.16303378155644338,OnTrack,-5229.154443565856,4119.629016541492,2286.040197799008,4368.895,11.226
2026-07-25 14:59:37.455,0 days 01:12:49.040000,41,1234.624166222222,0 days 00:00:11.371000,10816.687776,182.062496,4,100.0,False,0,pos,718.1583283912164,0.16471934770842106,OnTrack,-5160.0,4106.0,2284.0,4369.04,11.371
2026-07-25 14:59:37.470,0 days 01:12:49.055000,41,1234.728333333333,0 days 00:00:11.386000,10752.0,183.0,4,100.0,False,0,car,718.9427777777778,0.1648992718089382,OnTrack,-5152.7032245827995,4104.453225232016,2283.794826591764,4369.055,11.386
2026-07-25 14:59:38.375,0 days 01:12:49.960000,41,1220.3991666842703,0 days 00:00:12.291000,10774.600434282765,220.33984794544003,4,100.0,False,0,pos,774.4688141387599,0.17763492093899003,OnTrack,-4670.0,3961.0,2273.0,4369.96,12.291
2026-07-25 14:59:38.391,0 days 01:12:49.976000,41,1220.145833333333,0 days 00:00:12.307000,10775.0,221.0,6,100.0,False,0,car,775.4819444444445,0.17786729610822302,OnTrack,-4660.965197890228,3957.482765914455,2272.8210155326633,4369.976,12.307
2026-07-25 14:59:38.556,0 days 01:12:50.141000,41,1216.8458346133332,0 days 00:00:12.472000,11005.312410666667,225.81249813333332,6,100.0,False,0,pos,785.8936512557895,0.18025536220269825,OnTrack,-4567.0,3919.0,2271.0,4370.141,12.472
2026-07-25 14:59:38.631,0 days 01:12:50.216000,41,1215.3458333333333,0 days 00:00:12.547000,11110.0,228.0,6,100.0,False,0,car,790.6819444444445,0.1813536221538692,OnTrack,-4523.788922285232,3900.002294793959,2270.207827106234,4370.216,12.547
2026-07-25 14:59:38.756,0 days 01:12:50.341000,41,1212.3597237511108,0 days 00:00:12.672000,11288.9061584,233.4687472,6,100.0,False,0,pos,798.8116429659532,0.18321827871299987,OnTrack,-4451.0,3866.0,2269.0,4370.341,12.672
2026-07-25 14:59:38.791,0 days 01:12:50.376000,41,1211.5236111111108,0 days 00:00:12.707000,11339.0,235.0,6,100.0,False,0,car,801.126388888889,0.18374919706827517,OnTrack,-4430.424252109901,3855.8944269775557,2268.704900300887,4370.376,12.707
2026-07-25 14:59:39.036,0 days 01:12:50.621000,41,1204.5819462577774,0 days 00:00:12.952000,10803.8282648,242.656248,6,100.0,False,0,pos,817.7711265661184,0.18756689328452997,OnTrack,-4288.0,3780.0,2267.0,4370.621,12.952
2026-07-25 14:59:39.111,0 days 01:12:50.696000,41,1202.4569444444442,0 days 00:00:13.027000,10640.0,245.0,6,100.0,False,0,car,822.9041666666667,0.18874422561320678,OnTrack,-4247.777090913827,3756.403653515126,2266.478480722984,4370.696,13.027
2026-07-25 14:59:39.276,0 days 01:12:50.861000,41,1197.5069463644443,0 days 00:00:13.192000,10563.000029866667,246.37499946666668,6,100.0,False,0,pos,834.1671065744897,0.19132753355736412,OnTrack,-4149.0,3693.0,2265.0,4370.861,13.192
2026-07-25 14:59:39.351,0 days 01:12:50.936000,41,1195.2569444444443,0 days 00:00:13.267000,10528.0,247.0,7,100.0,False,0,car,839.3708333333334,0.19252107882932346,OnTrack,-4086.992055773994,3650.5623410135127,2263.971966883838,4370.936,13.267
2026-07-25 14:59:39.496,0 days 01:12:51.081000,41,1190.4236132444441,0 days 00:00:13.412000,10687.9027072,252.2361088,7,100.0,False,0,pos,849.6881891567829,0.19488750424573734,OnTrack,-3964.0,3564.0,2262.0,4371.081,13.412
2026-07-25 14:59:39.711,0 days 01:12:51.296000,41,1183.2569444444441,0 days 00:00:13.627000,10925.0,260.0,7,100.0,False,0,car,865.3708333333335,0.19848453127582347,OnTrack,-3878.7830724534606,3499.8866548008564,2261.4986423284545,4371.296,13.627
2026-07-25 14:59:39.816,0 days 01:12:51.401000,41,1179.7277799288884,0 days 00:00:13.732000,10991.9374592,262.6249984,7,100.0,False,0,pos,873.0586439186648,0.20024783484672048,OnTrack,-3838.0,3467.0,2261.0,4371.401,13.732
2026-07-25 14:59:39.871,0 days 01:12:51.456000,41,1177.8791666666662,0 days 00:00:13.787000,11027.0,264.0,7,100.0,False,0,car,877.1041666666669,0.20117573032860295,OnTrack,-3809.6998424722196,3444.2593573955974,2260.448960956378,4371.456,13.787
2026-07-25 14:59:39.996,0 days 01:12:51.581000,41,1173.6777799288884,0 days 00:00:13.912000,11104.232103314285,265.7857133714286,7,100.0,False,0,pos,886.365727702099,0.20329999489841666,OnTrack,-3735.0,3384.0,2259.0,4371.581,13.912
2026-07-25 14:59:40.151,0 days 01:12:51.736000,41,1168.468055555555,0 days 00:00:14.067000,11200.0,268.0,7,100.0,False,0,car,897.9486111111113,0.20595668622160893,OnTrack,-3646.029647928655,3310.5079784468567,2258.4986076476857,4371.736,14.067
2026-07-25 14:59:40.236,0 days 01:12:51.821000,41,1165.5875021688885,0 days 00:00:14.152000,11277.77494144,269.27499904,7,100.0,False,0,pos,904.329270964277,0.20742017705282606,OnTrack,-3598.0,3270.0,2258.0,4371.821,14.152
2026-07-25 14:59:40.351,0 days 01:12:51.936000,41,1161.6902777777773,0 days 00:00:14.267000,11383.0,271.0,7,100.0,False,0,car,913.0041666666668,0.20940988197588564,OnTrack,-3532.67485600551,3214.0645592231313,2256.509506232017,4371.936,14.267
2026-07-25 14:59:40.396,0 days 01:12:51.981000,41,1160.277779786666,0 days 00:00:14.312000,11407.7499648,271.6428562285714,7,100.0,False,0,pos,916.4158919793126,0.21019240742444267,OnTrack,-3507.0,3192.0,2256.0,4371.981,14.312
2026-07-25 14:59:40.596,0 days 01:12:52.181000,41,1154.0000020088883,0 days 00:00:14.512000,11517.7499648,274.4999990857143,7,100.0,False,0,pos,931.6981279179223,0.21369759539736932,OnTrack,-3392.0,3093.0,2255.0,4372.181,14.512
2026-07-25 14:59:40.631,0 days 01:12:52.216000,41,1152.9013888888883,0 days 00:00:14.547000,11537.0,275.0,7,100.0,False,0,car,934.3930555555559,0.21431571358251494,OnTrack,-3371.677617353378,3075.310982304298,2254.779105952306,4372.216,14.547
2026-07-25 14:59:40.836,0 days 01:12:52.421000,41,1147.150001795555,0 days 00:00:14.752000,11652.027741866666,277.8472213333333,7,100.0,False,0,pos,950.3000192929403,0.21796419134467235,OnTrack,-3253.0,2971.0,2253.0,4372.421,14.752
2026-07-25 14:59:40.991,0 days 01:12:52.576000,41,1142.8013888888884,0 days 00:00:14.907000,11739.0,280.0,7,100.0,False,0,car,962.3930555555559,0.22073789314028416,OnTrack,-3167.404050885601,2895.7619285391625,2251.933211085357,4372.576,14.907
2026-07-25 14:59:41.116,0 days 01:12:52.701000,41,1139.572223875555,0 days 00:00:15.032000,11743.99999744,280.0,7,100.0,False,0,pos,972.1464880227821,0.2229749750906093,OnTrack,-3090.0,2828.0,2251.0,4372.701,15.032
2026-07-25 14:59:41.191,0 days 01:12:52.776000,41,1137.6347222222216,0 days 00:00:15.107000,11747.0,280.0,7,100.0,False,0,car,977.9486111111114,0.2243057706723782,OnTrack,-3035.9293076794543,2780.8136617059804,2250.2909917918814,4372.776,15.107
2026-07-25 14:59:41.416,0 days 01:12:53.001000,41,1133.759723889364,0 days 00:00:15.332000,11354.915886226385,272.31207620051737,7,48.74717467011577,False,0,pos,994.9742310639087,0.22821082740163542,OnTrack,-2868.0,2635.0,2248.0,4373.001,15.332
2026-07-25 14:59:41.630,0 days 01:12:53.215000,41,1130.0741666666663,0 days 00:00:15.546000,10982.0,265.0,7,0.0,True,0,car,1010.2638888888891,0.23171771768480956,OnTrack,-2771.852770305948,2553.283412110404,2246.855309312997,4373.215,15.546
2026-07-25 14:59:41.776,0 days 01:12:53.361000,41,1128.7763900266664,0 days 00:00:15.692000,10374.2755328,242.18752,7,0.0,True,0,pos,1020.015904839823,0.23395447473792116,OnTrack,-2712.0,2505.0,2246.0,4373.361,15.692
2026-07-25 14:59:41.790,0 days 01:12:53.375000,41,1128.651944444444,0 days 00:00:15.706000,10316.0,240.0,7,0.0,True,0,car,1020.9305555555558,0.23416426227824544,OnTrack,-2705.4425609833816,2499.8113427883136,2245.8920456497485,4373.375,15.706
2026-07-25 14:59:41.950,0 days 01:12:53.535000,41,1127.9408333333326,0 days 00:00:15.866000,9327.0,228.0,7,0.0,True,0,car,1031.063888888889,0.23648847964200956,OnTrack,-2623.2154776091356,2435.9793480554454,2244.321108188657,4373.535,15.866
2026-07-25 14:59:41.976,0 days 01:12:53.561000,41,1128.106943626666,0 days 00:00:15.892000,9390.2663552,224.8583488,7,0.0,True,0,pos,1032.608892328501,0.2368428471243867,OnTrack,-2610.0,2426.0,2244.0,4373.561,15.892
2026-07-25 14:59:42.190,0 days 01:12:53.775000,41,1129.474166666666,0 days 00:00:16.106000,9911.0,199.0,7,0.0,True,0,car,1044.330555555556,0.23953136948009549,OnTrack,-2508.737420738508,2353.0774740679917,2241.1549638036317,4373.775,16.106
2026-07-25 14:59:42.236,0 days 01:12:53.821000,41,1130.0108318399994,0 days 00:00:16.152000,10036.57965056,195.78000896,7,0.0,True,0,pos,1046.7462794646856,0.240085448505325,OnTrack,-2488.0,2339.0,2241.0,4373.821,16.152
2026-07-25 14:59:42.256,0 days 01:12:53.841000,41,1130.2441651733327,0 days 00:00:16.172000,10091.17965056,194.38000896,7,0.0,True,0,pos,1047.7891270458547,0.24032463973452686,OnTrack,-2479.0,2333.0,2241.0,4373.841,16.172
2026-07-25 14:59:42.390,0 days 01:12:53.975000,41,1131.8074999999994,0 days 00:00:16.306000,10457.0,185.0,7,0.0,True,0,car,1054.6083333333338,0.24188871713522905,OnTrack,-2408.9959428910397,2290.501583104756,2239.6193461625144,4373.975,16.306
2026-07-25 14:59:42.616,0 days 01:12:54.201000,41,1135.9508309866658,0 days 00:00:16.532000,10933.214016,172.0857216,7,0.0,True,0,pos,1065.2927414495548,0.24433933097061689,OnTrack,-2287.0,2226.0,2235.0,4374.201,16.532
2026-07-25 14:59:42.670,0 days 01:12:54.255000,41,1136.9408333333324,0 days 00:00:16.586000,11047.0,169.0,6,0.0,True,0,car,1067.7527777777782,0.2449035736498485,OnTrack,-2266.6042547461902,2216.3869895903,2234.3993403145864,4374.255,16.586
2026-07-25 14:59:42.870,0 days 01:12:54.455000,41,1141.2741666666661,0 days 00:00:16.786000,11389.0,160.0,4,0.0,True,0,car,1076.641666666667,0.24694236081104506,OnTrack,-2210.745462589556,2196.2550057444,2233.3826210631332,4374.455,16.786
2026-07-25 14:59:42.916,0 days 01:12:54.501000,41,1142.4880521777773,0 days 00:00:16.832000,11387.722225777778,158.72222577777777,4,0.0,True,0,pos,1078.6259123519335,0.24739747445667043,OnTrack,-2195.0,2192.0,2233.0,4374.501,16.832
2026-07-25 14:59:43.230,0 days 01:12:54.815000,41,1150.7741666666661,0 days 00:00:17.146000,11379.0,150.0,3,0.0,True,0,car,1091.641666666667,0.2503828141455643,OnTrack,-2045.44244567892,2165.1741491528005,2227.6464889176355,4374.815,17.146
2026-07-25 14:59:43.256,0 days 01:12:54.841000,41,1151.5252740799995,0 days 00:00:17.172000,11319.59029248,149.22000384,3,0.0,True,0,pos,1092.694171004726,0.25062422028286235,OnTrack,-2032.0,2165.0,2227.0,4374.841,17.172
2026-07-25 14:59:43.430,0 days 01:12:55.015000,41,1156.551944444444,0 days 00:00:17.346000,10922.0,144.0,3,0.0,True,0,car,1099.641666666667,0.25221772259064124,OnTrack,-1944.2870964022827,2174.3026571714236,2222.1192182978857,4375.015,17.346
2026-07-25 14:59:43.475,0 days 01:12:55.060000,41,1157.839442613333,0 days 00:00:17.391000,10842.57511296,142.8750016,3,0.0,True,0,pos,1101.4019213134259,0.25262146085524423,OnTrack,-1925.0,2178.0,2221.0,4375.06,17.391
2026-07-25 14:59:43.630,0 days 01:12:55.215000,41,1162.2741666666661,0 days 00:00:17.546000,10569.0,139.0,3,0.0,True,0,car,1107.3638888888893,0.25398891893693076,OnTrack,-1874.0819284481945,2191.8712205396855,2218.119711040318,4375.215,17.546
2026-07-25 14:59:43.790,0 days 01:12:55.375000,41,1165.7852777777773,0 days 00:00:17.706000,10354.0,136.0,3,0.0,True,0,car,1113.4083333333338,0.2553752942065444,OnTrack,-1832.3489731454695,2211.869197169668,2215.5237921292696,4375.375,17.706
2026-07-25 14:59:43.815,0 days 01:12:55.400000,41,1166.2227766577773,0 days 00:00:17.731000,10317.7500928,135.50000128,3,0.0,True,0,pos,1114.3382190196855,0.2555885760938998,OnTrack,-1825.0,2216.0,2215.0,4375.4,17.731
2026-07-25 14:59:43.975,0 days 01:12:55.560000,41,1169.022776657777,0 days 00:00:17.891000,10085.7500928,132.30000128,3,0.0,True,0,pos,1120.1979508858444,0.2569325850297875,OnTrack,-1775.0,2248.0,2211.0,4375.56,17.891
2026-07-25 14:59:43.990,0 days 01:12:55.575000,41,1169.285277777777,0 days 00:00:17.906000,10064.0,132.0,3,0.0,False,0,car,1120.741666666667,0.2570572936145316,OnTrack,-1770.6160355934803,2251.284411312036,2210.595238894028,4375.575,17.906
2026-07-25 14:59:44.155,0 days 01:12:55.740000,41,1171.3936102933326,0 days 00:00:18.071000,9890.7500672,129.52500096,3,0.0,False,0,pos,1126.6666952569155,0.2584162792392278,OnTrack,-1727.0,2291.0,2206.0,4375.74,18.071
2026-07-25 14:59:44.190,0 days 01:12:55.775000,41,1171.8408333333325,0 days 00:00:18.106000,9854.0,129.0,3,0.0,False,0,car,1127.9083333333338,0.25870106576324636,OnTrack,-1718.1283535846114,2300.9160907476025,2205.022792100391,4375.775,18.106
2026-07-25 14:59:44.391,0 days 01:12:55.976000,41,1173.5158333333327,0 days 00:00:18.307000,9611.0,126.0,3,0.0,False,0,car,1134.9433333333336,0.2603146383771358,OnTrack,-1669.159319439821,2367.7499257106847,2199.5173799286326,4375.976,18.307
2026-07-25 14:59:44.495,0 days 01:12:56.080000,41,1173.978055555555,0 days 00:00:18.411000,9546.371428571429,125.25714285714285,3,0.0,False,0,pos,1138.5486138467484,0.2611415583347528,OnTrack,-1649.0,2402.0,2197.0,4376.08,18.411
2026-07-25 14:59:44.671,0 days 01:12:56.256000,41,1174.7602777777774,0 days 00:00:18.587000,9437.0,124.0,3,0.0,False,0,car,1144.587777777778,0.2625267224470341,OnTrack,-1625.8425873274275,2454.199409326064,2193.450891391089,4376.256,18.587
2026-07-25 14:59:44.855,0 days 01:12:56.440000,41,1175.015833333333,0 days 00:00:18.771000,9568.1,122.85,3,13.799999999999999,False,0,pos,1150.7784167138254,0.26394662940505614,OnTrack,-1611.0,2505.0,2190.0,4376.44,18.771
2026-07-25 14:59:45.136,0 days 01:12:56.721000,41,1175.4061110222215,0 days 00:00:19.052000,9768.3124544,121.0937504,3,34.8749952,False,0,pos,1160.2075182435879,0.26610932165836215,OnTrack,-1598.0,2598.0,2183.0,4376.721,19.052
2026-07-25 14:59:45.151,0 days 01:12:56.736000,41,1175.4269444444437,0 days 00:00:19.067000,9779.0,121.0,3,36.0,False,0,car,1160.7211111111114,0.26622712114460595,OnTrack,-1597.9415449553312,2605.5070602684114,2182.456395249388,4376.736,19.067
2026-07-25 14:59:45.336,0 days 01:12:56.921000,41,1175.2213889599993,0 days 00:00:19.252000,10103.67488768,125.6249984,3,44.32499712,False,0,pos,1167.179983115413,0.2677085509929015,OnTrack,-1602.0,2710.0,2175.0,4376.921,19.252
2026-07-25 14:59:45.351,0 days 01:12:56.936000,41,1175.2047222222216,0 days 00:00:19.267000,10130.0,126.0,3,45.0,False,0,car,1167.7211111111114,0.26783266603404826,OnTrack,-1602.4745352514653,2716.902896785817,2174.4985710579667,4376.936,19.267
2026-07-25 14:59:45.671,0 days 01:12:57.256000,41,1173.426944444444,0 days 00:00:19.587000,10943.0,137.0,3,57.0,False,0,car,1179.8988888888891,0.27062580444488754,OnTrack,-1616.5772709753107,2795.2601615141025,2168.138823241525,4377.256,19.587
2026-07-25 14:59:45.756,0 days 01:12:57.341000,41,1172.718611644444,0 days 00:00:19.672000,11200.1248064,139.1249984,3,60.035712,False,0,pos,1183.244913194954,0.2713932604769664,OnTrack,-1624.0,2819.0,2166.0,4377.341,19.672
2026-07-25 14:59:45.936,0 days 01:12:57.521000,41,1171.218611644444,0 days 00:00:19.852000,11744.6248064,143.6249984,3,66.46428342857143,False,0,pos,1190.4819287427108,0.2730531680951829,OnTrack,-1646.0,2887.0,2160.0,4377.521,19.852
2026-07-25 14:59:45.951,0 days 01:12:57.536000,41,1171.0936111111107,0 days 00:00:19.867000,11790.0,144.0,3,67.0,False,0,car,1191.0988888888892,0.2731946762679952,OnTrack,-1648.0990100536144,2892.7823089896815,2159.515364284391,4377.536,19.867
2026-07-25 14:59:46.136,0 days 01:12:57.721000,41,1169.2436117511106,0 days 00:00:20.052000,12225.67484928,151.39999744,3,71.6249984,False,0,pos,1198.8952894303156,0.27498288641732843,OnTrack,-1677.0,2963.0,2154.0,4377.721,20.052
2026-07-25 14:59:46.151,0 days 01:12:57.736000,41,1169.0936111111107,0 days 00:00:20.067000,12261.0,152.0,3,72.0,False,0,car,1199.5433333333335,0.27513152407113195,OnTrack,-1679.6252928503889,2968.9525250063084,2153.550704004214,4377.736,20.067
2026-07-25 14:59:46.236,0 days 01:12:57.821000,41,1168.1491673777775,0 days 00:00:20.152000,11725.5004032,155.39999744,3,74.97499776,False,0,pos,1203.2616419708268,0.27598436856117436,OnTrack,-1695.0,3003.0,2151.0,4377.821,20.152
2026-07-25 14:59:46.351,0 days 01:12:57.936000,41,1166.8713888888888,0 days 00:00:20.267000,11001.0,160.0,3,79.0,False,0,car,1208.4322222222224,0.27717031123232855,OnTrack,-1715.1680411515601,3045.3843869207353,2147.7822985843545,4377.936,20.267
2026-07-25 14:59:46.511,0 days 01:12:58.096000,41,1165.0047222222217,0 days 00:00:20.427000,11553.0,169.0,4,94.0,False,0,car,1215.9433333333336,0.27889308638353966,OnTrack,-1747.3950959718334,3106.4921261443997,2142.9065765588966,4378.096,20.427
2026-07-25 14:59:46.576,0 days 01:12:58.161000,41,1164.1561119466662,0 days 00:00:20.492000,11662.2811424,173.062496,4,96.031248,False,0,pos,1219.1191531740583,0.27962150371426325,OnTrack,-1767.0,3141.0,2140.0,4378.161,20.492
2026-07-25 14:59:46.671,0 days 01:12:58.256000,41,1162.915833333333,0 days 00:00:20.587000,11822.0,179.0,4,99.0,False,0,car,1223.8988888888891,0.2807178008928106,OnTrack,-1803.095085233779,3202.675826390312,2134.68559438444,4378.256,20.587
2026-07-25 14:59:46.776,0 days 01:12:58.361000,41,1161.3700009422218,0 days 00:00:20.692000,11520.7814336,183.5937472,4,99.3281248,False,0,pos,1229.3794543120757,0.2819748428651607,OnTrack,-1843.0,3270.0,2129.0,4378.361,20.692
2026-07-25 14:59:46.991,0 days 01:12:58.576000,41,1158.2047222222218,0 days 00:00:20.907000,10904.0,193.0,5,100.0,False,0,car,1241.0544444444447,0.28465266011392,OnTrack,-1888.2767016111063,3347.0761738473498,2123.84804157917,4378.576,20.907
2026-07-25 14:59:47.151,0 days 01:12:58.736000,41,1155.5824999999995,0 days 00:00:21.067000,11224.0,199.0,5,100.0,False,0,car,1249.8988888888891,0.2866812533393106,OnTrack,-1915.9268982058613,3398.916817237252,2120.1749804070896,4378.736,21.067
2026-07-25 14:59:47.156,0 days 01:12:58.741000,41,1155.501945475555,0 days 00:00:21.072000,11237.437328,199.2187472,5,100.0,False,0,pos,1250.1798196820669,0.28674568862492106,OnTrack,-1917.0,3401.0,2120.0,4378.741,21.072
2026-07-25 14:59:47.311,0 days 01:12:58.896000,41,1153.004722222222,0 days 00:00:21.227000,11654.0,206.0,5,100.0,False,0,car,1259.0544444444447,0.2887812041153431,OnTrack,-1955.5483042899332,3478.1881646777674,2113.0656909687436,4378.896,21.227
2026-07-25 14:59:47.356,0 days 01:12:58.941000,41,1152.2172233422218,0 days 00:00:21.272000,11762.89984512,207.79999744,5,100.0,False,0,pos,1261.6906722429628,0.28938585869667394,OnTrack,-1967.0,3503.0,2111.0,4378.941,21.272
2026-07-25 14:59:47.511,0 days 01:12:59.096000,41,1149.5047222222217,0 days 00:00:21.427000,12138.0,214.0,5,100.0,False,0,car,1270.9433333333336,0.2915080819434435,OnTrack,-2003.7093040727864,3591.4552310205245,2104.714522197759,4379.096,21.427
2026-07-25 14:59:47.596,0 days 01:12:59.181000,41,1148.040834435555,0 days 00:00:21.512000,11721.5003136,216.54999808,5,100.0,False,0,pos,1276.0906309425188,0.29268868442499574,OnTrack,-2019.0,3633.0,2102.0,4379.181,21.512
2026-07-25 14:59:47.711,0 days 01:12:59.296000,41,1146.0602777777774,0 days 00:00:21.627000,11158.0,220.0,5,100.0,False,0,car,1283.1655555555558,0.2943114142900888,OnTrack,-2032.0352309103116,3674.9088055216607,2099.2722001281604,4379.296,21.627
2026-07-25 14:59:47.796,0 days 01:12:59.381000,41,1144.761667644444,0 days 00:00:21.712000,11176.180541866666,222.59722026666665,5,100.0,False,0,pos,1288.5093994940569,0.29553709733657985,OnTrack,-2041.0,3710.0,2097.0,4379.381,21.712
2026-07-25 14:59:47.976,0 days 01:12:59.561000,41,1142.011667644444,0 days 00:00:21.892000,11214.680541866666,228.09722026666665,5,100.0,False,0,pos,1300.1035090575797,0.2981963635304868,OnTrack,-2066.0,3820.0,2090.0,4379.561,21.892
2026-07-25 14:59:48.071,0 days 01:12:59.656000,41,1140.5602777777774,0 days 00:00:21.987000,11235.0,231.0,6,100.0,False,0,car,1306.2655555555557,0.2996097124252484,OnTrack,-2075.9201216311317,3880.1693301133573,2086.453077387207,4379.656,21.987
2026-07-25 14:59:48.236,0 days 01:12:59.821000,41,1138.2686127370173,0 days 00:00:22.152000,11424.0450920056,234.31658056150172,6,100.0,False,0,pos,1317.0125253989231,0.30207467564082113,OnTrack,-2085.0,3984.0,2081.0,4379.821,22.152
2026-07-25 14:59:48.270,0 days 01:12:59.855000,41,1137.7963888888883,0 days 00:00:22.186000,11463.0,235.0,6,100.0,False,0,car,1319.2558333333336,0.30258920872504086,OnTrack,-2085.557247811512,4005.9456907362865,2079.9702420780563,4379.855,22.186
2026-07-25 14:59:48.436,0 days 01:13:00.021000,41,1135.6291683377774,0 days 00:00:22.352000,11622.7748768,239.1499968,6,100.0,False,0,pos,1330.40311600138,0.3051459891134481,OnTrack,-2082.0,4115.0,2075.0,4380.021,22.352
2026-07-25 14:59:48.590,0 days 01:13:00.175000,41,1133.6186111111108,0 days 00:00:22.506000,11771.0,243.0,6,100.0,False,0,car,1340.8558333333335,0.30754346152674855,OnTrack,-2069.720781315582,4215.956833643949,2069.465719674059,4380.175,22.506
2026-07-25 14:59:48.636,0 days 01:13:00.221000,41,1133.1202791644441,0 days 00:00:22.552000,11720.208474666666,243.19166613333334,6,100.0,False,0,pos,1343.9678933183097,0.3082572546702509,OnTrack,-2064.0,4246.0,2068.0,4380.221,22.552
2026-07-25 14:59:48.796,0 days 01:13:00.381000,41,1131.386945831111,0 days 00:00:22.712000,11543.541808,243.8583328,6,100.0,False,0,pos,1354.7977795694494,0.3107412358879307,OnTrack,-2036.0,4350.0,2064.0,4380.381,22.712
2026-07-25 14:59:48.830,0 days 01:13:00.415000,41,1131.018611111111,0 days 00:00:22.746000,11506.0,244.0,6,100.0,False,0,car,1357.1225000000002,0.31127444203173826,OnTrack,-2028.4224135438635,4371.93840725364,2063.178868518519,4380.415,22.746
2026-07-25 14:59:49.030,0 days 01:13:00.615000,41,1128.8519444444441,0 days 00:00:22.946000,10726.0,250.0,7,100.0,False,0,car,1371.0113888888893,0.314460046971108,OnTrack,-1973.377273615593,4499.79830053677,2058.153730711301,4380.615,22.946
2026-07-25 14:59:49.076,0 days 01:13:00.661000,41,1128.2258350755553,0 days 00:00:22.992000,10716.608359466667,251.1499968,7,100.0,False,0,pos,1374.258769336549,0.3152048776970816,OnTrack,-1959.0,4529.0,2057.0,4380.661,22.992
2026-07-25 14:59:49.236,0 days 01:13:00.821000,41,1126.0480572977776,0 days 00:00:23.152000,10683.9416928,255.1499968,7,100.0,False,0,pos,1385.6602566301005,0.3178199633622535,OnTrack,-1905.0,4631.0,2053.0,4380.821,23.152
2026-07-25 14:59:49.270,0 days 01:13:00.855000,41,1125.5852777777777,0 days 00:00:23.186000,10677.0,256.0,7,100.0,False,0,car,1388.078055555556,0.3183745183206054,OnTrack,-1892.7747816161009,4653.339028341196,2052.122240183403,4380.855,23.186
2026-07-25 14:59:49.430,0 days 01:13:01.015000,41,1123.1408333333334,0 days 00:00:23.346000,10904.0,256.0,7,100.0,False,0,car,1399.4558333333337,0.320984165886937,OnTrack,-1833.210763723618,4760.095266801525,2048.1260206480515,4381.015,23.346
2026-07-25 14:59:49.436,0 days 01:13:01.021000,41,1123.0091694755556,0 days 00:00:23.352000,10909.635594057143,256.19285302857145,7,100.0,False,0,pos,1399.887652276743,0.32108320941518775,OnTrack,-1831.0,4764.0,2048.0,4381.021,23.352
2026-07-25 14:59:49.710,0 days 01:13:01.295000,41,1116.996388888889,0 days 00:00:23.626000,11167.0,265.0,7,100.0,False,0,car,1420.0669444444447,0.3257116036169616,OnTrack,-1731.2778348067134,4935.21783761411,2044.0681469262918,4381.295,23.626
2026-07-25 14:59:49.716,0 days 01:13:01.301000,41,1116.8430588266667,0 days 00:00:23.632000,11172.8498752,265.1499968,7,100.0,False,0,pos,1420.5139791454617,0.3258141370854789,OnTrack,-1729.0,4939.0,2044.0,4381.301,23.632
2026-07-25 14:59:49.910,0 days 01:13:01.495000,41,1111.8852777777777,0 days 00:00:23.826000,11362.0,270.0,7,100.0,False,0,car,1435.0669444444447,0.3291520569514808,OnTrack,-1652.9994685383592,5062.803931468704,2042.1279784833694,4381.495,23.826
2026-07-25 14:59:49.936,0 days 01:13:01.521000,41,1111.0475041244442,0 days 00:00:23.852000,11384.158981818182,270.53181556363637,7,100.0,False,0,pos,1437.0413780949848,0.3296049200739333,OnTrack,-1643.0,5079.0,2042.0,4381.521,23.852
2026-07-25 14:59:50.115,0 days 01:13:01.700000,41,1105.2797242844442,0 days 00:00:24.031000,11536.715854545455,274.1931805090909,7,100.0,False,0,pos,1450.8125630607558,0.3327635280229844,OnTrack,-1573.0,5195.0,2042.0,4381.7,24.031
2026-07-25 14:59:50.350,0 days 01:13:01.935000,41,1097.7074999999998,0 days 00:00:24.266000,11737.0,279.0,7,100.0,False,0,car,1469.1669444444447,0.3369733541986212,OnTrack,-1456.7600990779367,5407.8940106879945,2042.9037999676873,4381.935,24.266
2026-07-25 14:59:50.375,0 days 01:13:01.960000,41,1096.867224373333,0 days 00:00:24.291000,11586.75038464,279.49999872,7,100.0,False,0,pos,1471.1247166177975,0.3374223957854239,OnTrack,-1447.0,5426.0,2043.0,4381.96,24.291
2026-07-25 14:59:50.550,0 days 01:13:02.135000,41,1090.9852777777774,0 days 00:00:24.466000,10535.0,283.0,7,100.0,False,0,car,1484.889166666667,0.3405794589899877,OnTrack,-1401.541316230364,5509.789744269268,2043.5890871654262,4382.135,24.466
2026-07-25 14:59:50.635,0 days 01:13:02.220000,41,1087.9630578311107,0 days 00:00:24.551000,10535.0,285.1249984,7,100.0,False,0,pos,1491.6552122242515,0.3421313432566611,OnTrack,-1379.0,5551.0,2044.0,4382.22,24.551
2026-07-25 14:59:50.750,0 days 01:13:02.335000,41,1083.8741666666665,0 days 00:00:24.666000,10535.0,288.0,8,100.0,False,0,car,1500.889166666667,0.34424927588014154,OnTrack,-1337.9325418199226,5626.005278931351,2044.8063871322236,4382.335,24.666
2026-07-25 14:59:50.875,0 days 01:13:02.460000,41,1079.3255564361307,0 days 00:00:24.791000,10632.01490659181,290.4875617074823,8,100.0,False,0,pos,1511.0077154230964,0.34657010220077844,OnTrack,-1287.0,5719.0,2046.0,4382.46,24.791
2026-07-25 14:59:50.951,0 days 01:13:02.536000,41,1076.56,0 days 00:00:24.867000,10691.0,292.0,8,100.0,False,0,car,1517.1925000000003,0.3479886663821712,OnTrack,-1256.9537331504591,5773.869263018286,2046.881922996642,4382.536,24.867
2026-07-25 14:59:51.095,0 days 01:13:02.680000,41,1071.3199999999997,0 days 00:00:25.011000,10781.72,294.16,8,100.0,False,0,pos,1528.9695615074027,0.35068989508443654,OnTrack,-1201.0,5876.0,2049.0,4382.68,25.011
2026-07-25 14:59:51.151,0 days 01:13:02.736000,41,1069.282222222222,0 days 00:00:25.067000,10817.0,295.0,8,100.0,False,0,car,1533.5813888888893,0.3517476802106274,OnTrack,-1179.077188705459,5915.9601026013215,2050.0476207644356,4382.736,25.067
2026-07-25 14:59:51.295,0 days 01:13:02.880000,41,1064.1222222222218,0 days 00:00:25.211000,10893.0,297.4,8,100.0,False,0,pos,1545.539151870994,0.35449035524563893,OnTrack,-1122.0,6020.0,2053.0,4382.88,25.211
2026-07-25 14:59:51.455,0 days 01:13:03.040000,41,1058.3888888888885,0 days 00:00:25.371000,10977.444444444445,300.06666666666666,8,100.0,False,0,pos,1558.963380446485,0.35756938404336536,OnTrack,-1058.0,6137.0,2056.0,4383.04,25.371
2026-07-25 14:59:51.511,0 days 01:13:03.096000,41,1056.3822222222218,0 days 00:00:25.427000,11007.0,301.0,8,100.0,False,0,car,1563.6813888888892,0.3586515232352293,OnTrack,-1036.9735421942519,6175.4090334473585,2057.29460368967,4383.096,25.427
2026-07-25 14:59:51.716,0 days 01:13:03.301000,41,1049.0933356088885,0 days 00:00:25.632000,11088.267831771429,303.9285705142857,8,100.0,False,0,pos,1581.0324475638786,0.36263122374694967,OnTrack,-953.0,6328.0,2064.0,4383.301,25.632
2026-07-25 14:59:51.791,0 days 01:13:03.376000,41,1046.4266666666663,0 days 00:00:25.707000,11118.0,305.0,8,100.0,False,0,car,1587.4036111111116,0.3640925364716727,OnTrack,-908.7741873529695,6407.807504939603,2067.57570911477,4383.376,25.707
2026-07-25 14:59:51.956,0 days 01:13:03.541000,41,1040.3766690133332,0 days 00:00:25.872000,11143.437490133334,306.3749994666667,8,100.0,False,0,pos,1601.456683707717,0.36731579917002155,OnTrack,-805.0,6595.0,2076.0,4383.541,25.872
2026-07-25 14:59:52.031,0 days 01:13:03.616000,41,1037.6266666666668,0 days 00:00:25.947000,11155.0,307.0,8,100.0,False,0,car,1607.870277777778,0.3687868439103278,OnTrack,-771.227283576615,6656.388524814208,2078.862304663321,4383.616,25.947
2026-07-25 14:59:52.311,0 days 01:13:03.896000,41,1026.5822222222223,0 days 00:00:26.227000,11237.0,309.0,8,100.0,False,0,car,1631.9036111111116,0.3742992146974131,OnTrack,-701.2140176126899,6783.988061754727,2085.714698873123,4383.896,26.227
2026-07-25 14:59:52.356,0 days 01:13:03.941000,41,1024.7822247822223,0 days 00:00:26.272000,11222.025883365517,308.4956903724138,8,96.12069517241379,False,0,pos,1635.741987837779,0.3751795984313067,OnTrack,-689.0,6805.0,2087.0,4383.941,26.272
2026-07-25 14:59:53.376,0 days 01:13:04.961000,41,983.9822247822223,0 days 00:00:27.292000,10882.61209026207,297.06465588965517,8,8.18966068965517,False,0,pos,1719.7811414418788,0.3944551175144666,OnTrack,-214.0,7520.0,2137.0,4384.961,27.292
2026-07-25 14:59:53.471,0 days 01:13:05.056000,41,980.1822222222222,0 days 00:00:27.387000,10851.0,296.0,8,0.0,True,0,car,1727.2813888888893,0.3961754009370524,OnTrack,-166.30072560042325,7580.890068687453,2141.73173345576,4385.056,27.387
2026-07-25 14:59:53.536,0 days 01:13:05.121000,41,977.9975021511111,0 days 00:00:27.452000,11005.142705371429,291.8214326857143,8,0.0,True,0,pos,1732.379268552425,0.3973446687428784,OnTrack,-132.0,7626.0,2145.0,4385.121,27.452
2026-07-25 14:59:53.751,0 days 01:13:05.336000,41,970.7711111111112,0 days 00:00:27.667000,11515.0,278.0,8,0.0,True,0,car,1748.9036111111116,0.4011347507066631,OnTrack,-1.7883674717342812,7815.200634063902,2156.3358907746324,4385.336,27.667
2026-07-25 14:59:53.896,0 days 01:13:05.481000,41,966.9850016711114,0 days 00:00:27.812000,11914.785537828571,268.16071862857143,8,0.0,True,0,pos,1759.5275602060208,0.4035714974459526,OnTrack,69.0,7927.0,2162.0,4385.481,27.812
2026-07-25 14:59:54.031,0 days 01:13:05.616000,41,963.4600000000005,0 days 00:00:27.947000,12287.0,259.0,8,0.0,True,0,car,1769.0480555555557,0.40575515211072477,OnTrack,105.52521779699215,7992.3747375852245,2164.5224557880974,4385.616,27.947
2026-07-25 14:59:54.256,0 days 01:13:05.841000,41,960.1475009422226,0 days 00:00:28.172000,12139.727314618181,248.7727301818182,8,10.227269818181819,True,0,pos,1784.1731800959642,0.4092243044547293,OnTrack,135.0,8077.0,2166.0,4385.841,28.172
2026-07-25 14:59:54.456,0 days 01:13:06.041000,41,957.203056497778,0 days 00:00:28.372000,12008.818223709091,239.6818210909091,8,19.31817890909091,True,0,pos,1797.2728769648163,0.41222889750630487,OnTrack,171.0,8207.0,2169.0,4386.041,28.372
2026-07-25 14:59:54.471,0 days 01:13:06.056000,41,956.9822222222224,0 days 00:00:28.387000,11999.0,239.0,6,20.0,False,0,car,1798.259166666667,0.41245511641920707,OnTrack,173.0545395551167,8217.12579107993,2169.2404265273394,4386.056,28.387
2026-07-25 14:59:54.656,0 days 01:13:06.241000,41,954.6697230222226,0 days 00:00:28.572000,11672.166779733334,237.45833386666666,6,38.499993599999996,False,0,pos,1810.4515393870017,0.41525160237796555,OnTrack,188.0,8339.0,2172.0,4386.241,28.572
2026-07-25 14:59:54.711,0 days 01:13:06.296000,41,953.9822222222226,0 days 00:00:28.627000,11575.0,237.0,6,44.0,False,0,car,1814.059166666667,0.41607906059823396,OnTrack,189.82935336950698,8374.291906482065,2172.6304282093993,4386.296,28.627
2026-07-25 14:59:54.876,0 days 01:13:06.461000,41,952.607223070968,0 days 00:00:28.792000,11483.924787400765,235.22580754676815,6,57.6021421414441,False,0,pos,1824.7939246239414,0.4185412228521914,OnTrack,188.0,8480.0,2174.0,4386.461,28.792
2026-07-25 14:59:54.990,0 days 01:13:06.575000,41,951.6572222222226,0 days 00:00:28.906000,11421.0,234.0,6,67.0,False,0,car,1832.194166666667,0.42023856867966775,OnTrack,178.7563942999282,8556.54584703674,2174.635699513574,4386.575,28.906
2026-07-25 14:59:55.116,0 days 01:13:06.701000,41,950.8172230755558,0 days 00:00:29.032000,11451.449969066667,234.52499946666666,6,84.3249824,False,0,pos,1840.4012941348499,0.4221209846173167,OnTrack,163.0,8639.0,2175.0,4386.701,29.032
2026-07-25 14:59:55.230,0 days 01:13:06.815000,41,950.0572222222224,0 days 00:00:29.146000,11479.0,235.0,6,100.0,False,0,car,1847.8608333333336,0.4238319310512767,OnTrack,145.8426070848581,8706.11809171839,2174.9712997049883,4386.815,29.146
2026-07-25 14:59:55.316,0 days 01:13:06.901000,41,949.5794451555558,0 days 00:00:29.232000,11470.937512,236.0749984,6,100.0,False,0,pos,1853.5145779012976,0.4251286940080349,OnTrack,127.0,8766.0,2175.0,4386.901,29.232
2026-07-25 14:59:55.390,0 days 01:13:06.975000,41,949.1683333333337,0 days 00:00:29.306000,11464.0,237.0,6,100.0,False,0,car,1858.394166666667,0.42624789383729467,OnTrack,104.50390588301127,8831.498955453057,2175.2095334021196,4386.975,29.306
2026-07-25 14:59:55.576,0 days 01:13:07.161000,41,948.4450004977781,0 days 00:00:29.492000,11452.84000768,237.92999936,6,100.0,False,0,pos,1870.6920692183894,0.42906858449340574,OnTrack,41.0,9006.0,2176.0,4387.161,29.492
2026-07-25 14:59:55.590,0 days 01:13:07.175000,41,948.3905555555559,0 days 00:00:29.506000,11452.0,238.0,6,100.0,False,0,car,1871.616388888889,0.42928058973957456,OnTrack,37.57158987947672,9015.277838946526,2176.028694002599,4387.175,29.506
2026-07-25 14:59:55.896,0 days 01:13:07.481000,41,948.0505556977782,0 days 00:00:29.812000,11498.749980444445,237.15000035555556,6,100.0,False,0,pos,1891.7533584333344,0.43389927667399447,OnTrack,-4.0,9123.0,2176.0,4387.481,29.812
2026-07-25 14:59:55.950,0 days 01:13:07.535000,41,947.990555555556,0 days 00:00:29.866000,11507.0,237.0,6,100.0,False,0,car,1895.3163888888892,0.43471650600811496,OnTrack,-14.247053180243327,9149.15854702126,2176.13844609841,4387.535,29.866
2026-07-25 14:59:56.176,0 days 01:13:07.761000,41,948.0533332977782,0 days 00:00:30.092000,11485.341678933333,238.88333226666666,6,100.0,False,0,pos,1910.3136468225362,0.4381563304125457,OnTrack,-69.0,9294.0,2177.0,4387.761,30.092
2026-07-25 14:59:56.190,0 days 01:13:07.775000,41,948.0572222222227,0 days 00:00:30.106000,11484.0,239.0,6,100.0,False,0,car,1911.2497222222225,0.43837103199455985,OnTrack,-72.20284762242065,9303.143266797948,2177.0207485293713,4387.775,30.106
2026-07-25 14:59:56.336,0 days 01:13:07.921000,41,948.3005553422229,0 days 00:00:30.252000,11266.8251904,239.0,6,40.991718399999996,False,0,pos,1921.0563989596544,0.4406203262400165,OnTrack,-103.0,9395.0,2177.0,4387.921,30.252
2026-07-25 14:59:56.430,0 days 01:13:08.015000,41,948.457222222223,0 days 00:00:30.346000,11127.0,239.0,6,3.0,False,0,car,1927.1830555555557,0.4420255579810047,OnTrack,-120.55123881780158,9447.036433321558,2176.9085487416064,4388.015,30.346
2026-07-25 14:59:56.536,0 days 01:13:08.121000,41,949.5466653511119,0 days 00:00:30.452000,11083.716718933334,231.34445368888888,6,2.1166677333333332,False,0,pos,1933.756898841798,0.44353335805132194,OnTrack,-142.0,9521.0,2177.0,4388.121,30.452
2026-07-25 14:59:56.715,0 days 01:13:08.300000,41,951.3863882311119,0 days 00:00:30.631000,11010.625026133333,218.4166712888889,6,0.6250005333333333,False,0,pos,1944.1944215350213,0.4459273453682567,OnTrack,-186.0,9712.0,2178.0,4388.3,30.631
2026-07-25 14:59:56.790,0 days 01:13:08.375000,41,952.157222222223,0 days 00:00:30.706000,10980.0,213.0,6,0.0,True,0,car,1948.4830555555557,0.44691100171602194,OnTrack,-197.36942034865237,9766.522896178953,2178.315952991309,4388.375,30.706
2026-07-25 14:59:57.030,0 days 01:13:08.615000,41,955.490555555556,0 days 00:00:30.946000,11274.0,201.0,5,0.0,True,0,car,1961.8830555555558,0.4499844733615258,OnTrack,-202.37889981728142,9825.732952796616,2178.734348738117,4388.615,30.946
2026-07-25 14:59:57.115,0 days 01:13:08.700000,41,957.1433320888895,0 days 00:00:31.031000,11461.6070016,196.1428608,5,0.0,True,0,pos,1966.3843818465916,0.4510169135647094,OnTrack,-202.0,9855.0,2179.0,4388.7,31.031
2026-07-25 14:59:57.295,0 days 01:13:08.880000,41,960.6433320888897,0 days 00:00:31.211000,11858.892715885715,185.85714651428572,5,0.0,True,0,pos,1975.5240541803787,0.45311322130852205,OnTrack,-201.0,9950.0,2180.0,4388.88,31.211
2026-07-25 14:59:57.310,0 days 01:13:08.895000,41,960.9350000000009,0 days 00:00:31.226000,11892.0,185.0,4,0.0,True,0,car,1976.2719444444444,0.45328476007871277,OnTrack,-200.55067416820762,9957.946815966263,2180.1209101886134,4388.895,31.226
2026-07-25 14:59:57.471,0 days 01:13:09.056000,41,964.5575000000008,0 days 00:00:31.387000,11502.0,177.0,4,0.0,True,0,car,1984.187777777778,0.4551003637578571,OnTrack,-190.9827740673347,10037.110790755498,2181.672838076875,4389.056,31.387
2026-07-25 14:59:57.515,0 days 01:13:09.100000,41,965.6208333333342,0 days 00:00:31.431000,11410.7,176.21428571428572,4,0.0,True,0,pos,1986.321261552947,0.4555897071824186,OnTrack,-187.0,10058.0,2182.0,4389.1,31.431
2026-07-25 14:59:57.715,0 days 01:13:09.300000,41,970.4541666666677,0 days 00:00:31.631000,10995.7,172.64285714285714,4,0.0,True,0,pos,1995.8709471785517,0.45778005703270014,OnTrack,-162.0,10151.0,2183.0,4389.3,31.631
2026-07-25 14:59:57.751,0 days 01:13:09.336000,41,971.3241666666677,0 days 00:00:31.667000,10921.0,172.0,4,0.0,False,0,car,1997.5655555555556,0.45816873843545797,OnTrack,-156.36682994153574,10166.889188494577,2183.3414070822428,4389.336,31.667
2026-07-25 14:59:57.935,0 days 01:13:09.520000,41,976.1797222222234,0 days 00:00:31.851000,10709.4,168.05714285714285,4,1.9714285714285715,False,0,pos,2006.1111693978723,0.46012879081141217,OnTrack,-122.0,10244.0,2186.0,4389.52,31.851
2026-07-25 14:59:58.031,0 days 01:13:09.616000,41,978.7130555555568,0 days 00:00:31.947000,10599.0,166.0,4,3.0,False,0,car,2010.4766666666667,0.461130076787096,OnTrack,-99.98779465803703,10282.608796251381,2187.6211265157085,4389.616,31.947
2026-07-25 14:59:58.115,0 days 01:13:09.700000,41,980.9063888888901,0 days 00:00:32.031000,10499.25,163.9,4,2.2125,False,0,pos,2014.2380373525334,0.46199279814166627,OnTrack,-80.0,10314.0,2189.0,4389.7,32.031
2026-07-25 14:59:58.351,0 days 01:13:09.936000,41,987.0686111111122,0 days 00:00:32.267000,10219.0,158.0,4,0.0,False,0,car,2024.5211111111114,0.46435136050178666,OnTrack,-16.18242957984049,10391.12054972964,2192.5139094982783,4389.936,32.267
2026-07-25 14:59:58.376,0 days 01:13:09.961000,41,987.6033319644456,0 days 00:00:32.292000,10217.352276945454,157.5454557090909,4,1.704541090909091,False,0,pos,2025.5868840946819,0.4645958099827977,OnTrack,-5.0,10401.0,2193.0,4389.961,32.292
2026-07-25 14:59:58.556,0 days 01:13:10.141000,41,991.4533319644456,0 days 00:00:32.472000,10205.488640581818,154.27272843636365,4,13.977268363636364,False,0,pos,2033.12837320271,0.46632555273939474,OnTrack,96.0,10479.0,2197.0,4390.141,32.472
2026-07-25 14:59:58.791,0 days 01:13:10.376000,41,996.4797222222235,0 days 00:00:32.707000,10190.0,150.0,4,30.0,False,0,car,2042.8544444444447,0.4685563590217546,OnTrack,163.73521004817596,10518.338454808716,2199.2407547790713,4390.376,32.707
2026-07-25 14:59:58.976,0 days 01:13:10.561000,41,1000.0769432000013,0 days 00:00:32.892000,10224.22498816,150.92499968,4,47.57499392,False,0,pos,2050.6086273715123,0.47033488598894807,OnTrack,211.0,10529.0,2201.0,4390.561,32.892
2026-07-25 14:59:58.991,0 days 01:13:10.576000,41,1000.3686111111124,0 days 00:00:32.907000,10227.0,151.0,4,49.0,False,0,car,2051.2433333333333,0.4704804644051338,OnTrack,216.50243247750797,10530.340096298467,2201.2348821008486,4390.576,32.907
2026-07-25 14:59:59.136,0 days 01:13:10.721000,41,1002.9061099911121,0 days 00:00:33.052000,10356.77494272,153.17499904,4,49.72499968,False,0,pos,2057.430999801722,0.47189968958740447,OnTrack,278.0,10545.0,2204.0,4390.721,33.052
2026-07-25 14:59:59.191,0 days 01:13:10.776000,41,1003.8686111111119,0 days 00:00:33.107000,10406.0,154.0,4,50.0,False,0,car,2059.798888888889,0.4724427970477855,OnTrack,300.68434792573,10549.408237523005,2205.0658985756654,4390.776,33.107
2026-07-25 14:59:59.336,0 days 01:13:10.921000,41,1006.3255544711119,0 days 00:00:33.252000,10529.854112,155.8124992,4,50.6041664,False,0,pos,2066.0908333684097,0.4738859398054639,OnTrack,364.0,10556.0,2208.0,4390.921,33.252
2026-07-25 14:59:59.431,0 days 01:13:11.016000,41,1007.9352777777785,0 days 00:00:33.347000,10611.0,157.0,4,51.0,False,0,car,2070.2655555555557,0.4748434689300945,OnTrack,419.46874164740797,10555.425652516395,2210.3239478523424,4391.016,33.347
2026-07-25 14:59:59.576,0 days 01:13:11.161000,41,1010.3116656177785,0 days 00:00:33.492000,10765.42493184,159.89999872,4,53.17499904,False,0,pos,2076.731527375657,0.4763265272173862,OnTrack,506.0,10550.0,2214.0,4391.161,33.492
2026-07-25 14:59:59.631,0 days 01:13:11.216000,41,1011.2130555555564,0 days 00:00:33.547000,10824.0,161.0,4,54.0,False,0,car,2079.21,0.47689499851104855,OnTrack,530.2907894675163,10547.823534538646,2215.20685720644,4391.216,33.547
2026-07-25 14:59:59.791,0 days 01:13:11.376000,41,1013.8352777777782,0 days 00:00:33.707000,11073.0,164.0,4,57.0,False,0,car,2086.4988888888893,0.4785668039832298,OnTrack,573.4768402087518,10541.237895411343,2218.1079203472736,4391.376,33.707
2026-07-25 14:59:59.976,0 days 01:13:11.561000,41,1016.9699989155566,0 days 00:00:33.892000,11407.84988416,167.69999872,4,63.47499776,False,0,pos,2095.1203873630184,0.4805442615281545,OnTrack,623.0,10526.0,2221.0,4391.561,33.892
2026-07-25 14:59:59.991,0 days 01:13:11.576000,41,1017.2241666666678,0 days 00:00:33.907000,11435.0,168.0,4,64.0,False,0,car,2095.8322222222223,0.48070753050248616,OnTrack,628.4741119355525,10524.197148495627,2221.232321168595,4391.576,33.907
2026-07-25 15:00:00.256,0 days 01:13:11.841000,41,1021.5672211733345,0 days 00:00:34.172000,11729.339214628571,175.57142674285714,4,73.46428342857143,False,0,pos,2108.767659319654,0.48367444834884094,OnTrack,749.0,10481.0,2226.0,4391.841,34.172
2026-07-25 15:00:00.271,0 days 01:13:11.856000,41,1021.8130555555567,0 days 00:00:34.187000,11746.0,176.0,4,74.0,False,0,car,2109.521111111111,0.48384726273072887,OnTrack,755.7902691198021,10478.214833264685,2226.3881338468323,4391.856,34.187
2026-07-25 15:00:00.396,0 days 01:13:11.981000,41,1023.7227768000009,0 days 00:00:34.312000,12014.7498624,180.99999744,4,83.3749952,False,0,pos,2115.8873989865165,0.4853074571540253,OnTrack,812.0,10453.0,2230.0,4391.981,34.312
2026-07-25 15:00:00.471,0 days 01:13:12.056000,41,1024.868611111112,0 days 00:00:34.387000,12176.0,184.0,4,89.0,False,0,car,2119.7433333333333,0.4861918679661049,OnTrack,849.1869133327127,10434.147563606943,2232.031925823566,4392.056,34.387
2026-07-25 15:00:00.631,0 days 01:13:12.216000,41,1027.268611111112,0 days 00:00:34.547000,12128.0,187.0,4,100.0,False,0,car,2128.0544444444445,0.4880981339618238,OnTrack,936.9682520127499,10384.462583786746,2235.910097469735,4392.216,34.547
2026-07-25 15:00:00.716,0 days 01:13:12.301000,41,1028.3311103111118,0 days 00:00:34.632000,11900.6251712,190.9464256,4,100.0,False,0,pos,2132.6547882862237,0.48915328518251605,OnTrack,983.0,10355.0,2238.0,4392.301,34.632
2026-07-25 15:00:00.911,0 days 01:13:12.496000,41,1030.7686111111116,0 days 00:00:34.827000,11379.0,200.0,5,100.0,False,0,car,2143.61,0.4916660114939178,OnTrack,1083.192031724132,10280.945240439216,2243.0771216138583,4392.496,34.827
2026-07-25 15:00:01.116,0 days 01:13:12.701000,41,1033.1602770311113,0 days 00:00:35.032000,11653.1874144,205.1249984,5,100.0,False,0,pos,2155.31482916047,0.4943506727282588,OnTrack,1170.0,10210.0,2248.0,4392.701,35.032
2026-07-25 15:00:01.151,0 days 01:13:12.736000,41,1033.5686111111113,0 days 00:00:35.067000,11700.0,206.0,5,100.0,False,0,car,2157.3433333333337,0.49481593765796655,OnTrack,1181.8063531638388,10200.38029725175,2248.7078592234966,4392.736,35.067
2026-07-25 15:00:01.391,0 days 01:13:12.976000,41,1036.368611111111,0 days 00:00:35.307000,10613.0,213.0,6,100.0,False,0,car,2171.543333333334,0.49807290014797817,OnTrack,1251.762351291188,10141.259724631906,2252.955632214541,4392.976,35.307
2026-07-25 15:00:01.476,0 days 01:13:13.061000,41,1037.218610471111,0 days 00:00:35.392000,10668.2499584,216.7187472,6,100.0,False,0,pos,2176.69711501406,0.499254989839234,OnTrack,1295.0,10100.0,2255.0,4393.061,35.392
2026-07-25 15:00:01.551,0 days 01:13:13.136000,41,1037.9686111111114,0 days 00:00:35.467000,10717.0,220.0,6,100.0,False,0,car,2181.3211111111113,0.5003155660252943,OnTrack,1345.7196025396834,10050.194369211928,2257.194926951567,4393.136,35.467
2026-07-25 15:00:01.676,0 days 01:13:13.261000,41,1039.0449992569984,0 days 00:00:35.592000,10889.005452299863,224.17827009635297,6,100.0,False,0,pos,2189.2280067761294,0.5021291197290547,OnTrack,1436.0,9960.0,2261.0,4393.261,35.592
2026-07-25 15:00:01.910,0 days 01:13:13.495000,41,1041.0600000000004,0 days 00:00:35.826000,11211.0,232.0,6,100.0,False,0,car,2204.456666666667,0.5056220193090987,OnTrack,1523.9700429234617,9868.814223415251,2265.3364251945363,4393.495,35.826
2026-07-25 15:00:02.116,0 days 01:13:13.701000,41,1042.7766656000003,0 days 00:00:36.032000,11413.5665408,235.4333312,6,100.0,False,0,pos,2217.9418862336206,0.5087150372174886,OnTrack,1577.0,9810.0,2268.0,4393.701,36.032
2026-07-25 15:00:02.150,0 days 01:13:13.735000,41,1043.0600000000004,0 days 00:00:36.066000,11447.0,236.0,6,100.0,False,0,car,2220.1900000000005,0.5092306725844167,OnTrack,1588.816861883843,9797.014946153186,2268.4911190986923,4393.735,36.066
2026-07-25 15:00:02.296,0 days 01:13:13.881000,41,1044.1955545600006,0 days 00:00:36.212000,11612.4665216,239.6499968,6,100.0,False,0,pos,2229.942222567819,0.5114674770279116,OnTrack,1657.0,9722.0,2271.0,4393.881,36.212
2026-07-25 15:00:02.390,0 days 01:13:13.975000,41,1044.9266666666672,0 days 00:00:36.306000,11719.0,242.0,6,100.0,False,0,car,2236.3233333333337,0.5129310712819884,OnTrack,1728.5716351840924,9642.579311201605,2273.3513841169984,4393.975,36.306
2026-07-25 15:00:02.496,0 days 01:13:14.081000,41,1045.6333324800003,0 days 00:00:36.412000,11791.685626514285,243.89285485714285,6,100.0,False,0,pos,2243.6272203304197,0.5146063167735935,OnTrack,1811.0,9551.0,2276.0,4394.081,36.412
2026-07-25 15:00:02.670,0 days 01:13:14.255000,41,1046.793333333333,0 days 00:00:36.586000,11911.0,247.0,6,100.0,False,0,car,2255.534444444445,0.5173374000341247,OnTrack,1883.344036620434,9471.18021070178,2278.4163472853998,4394.255,36.586
2026-07-25 15:00:02.956,0 days 01:13:14.541000,41,1050.924442595555,0 days 00:00:36.872000,11317.5502656,230.75000727272726,6,35.000029090909095,False,0,pos,2273.6029069624656,0.5214816468421085,OnTrack,1958.0,9389.0,2280.0,4394.541,36.872
2026-07-25 15:00:03.110,0 days 01:13:14.695000,41,1053.1488888888885,0 days 00:00:37.026000,10998.0,222.0,6,0.0,True,0,car,2282.6677777777786,0.5235607978436773,OnTrack,2060.4626690583555,9274.405817061268,2281.606140268206,4394.695,37.026
2026-07-25 15:00:03.156,0 days 01:13:14.741000,41,1054.1199972977772,0 days 00:00:37.072000,10676.000896,216.71001472,6,0.0,True,0,pos,2285.296597581426,0.5241637533009644,OnTrack,2085.0,9247.0,2282.0,4394.741,37.072
2026-07-25 15:00:03.310,0 days 01:13:14.895000,41,1057.3711111111106,0 days 00:00:37.226000,9598.0,199.0,6,0.0,True,0,car,2293.723333333334,0.5260965393754155,OnTrack,2121.4156675409376,9206.737182117116,2282.6914589267903,4394.895,37.226
2026-07-25 15:00:03.435,0 days 01:13:15.020000,41,1061.1211091911107,0 days 00:00:37.351000,9652.910686171428,185.60714971428573,6,0.0,True,0,pos,2299.9062909088543,0.5275146845092749,OnTrack,2143.0,9182.0,2283.0,4395.02,37.351
2026-07-25 15:00:03.590,0 days 01:13:15.175000,41,1065.7711111111107,0 days 00:00:37.506000,9721.0,169.0,6,0.0,True,0,car,2306.8677777777784,0.5291113958900349,OnTrack,2205.2377002971148,9109.030037871657,2283.5439568138772,4395.175,37.506
2026-07-25 15:00:03.715,0 days 01:13:15.300000,41,1069.6252758044438,0 days 00:00:37.631000,10088.187312,159.93750464000001,6,0.0,True,0,pos,2312.053222910257,0.5303007480231683,OnTrack,2258.0,9046.0,2284.0,4395.3,37.631
2026-07-25 15:00:03.990,0 days 01:13:15.575000,41,1078.1044444444437,0 days 00:00:37.906000,10896.0,140.0,4,0.0,True,0,car,2322.423333333334,0.532679273422129,OnTrack,2314.9465493727116,8971.282009649445,2284.760738470138,4395.575,37.906
2026-07-25 15:00:04.195,0 days 01:13:15.780000,41,1082.7738881763585,0 days 00:00:38.111000,10170.576170545823,132.3316719930848,4,0.0,True,0,pos,2329.6710518627906,0.5343416359142841,OnTrack,2341.0,8924.0,2285.0,4395.78,38.111
2026-07-25 15:00:04.295,0 days 01:13:15.880000,41,1085.0516663176718,0 days 00:00:38.211000,9816.710777410199,128.59102301702114,4,0.0,True,0,pos,2333.0956581639625,0.5351271157921695,OnTrack,2357.0,8892.0,2285.0,4395.88,38.211
2026-07-25 15:00:04.391,0 days 01:13:15.976000,41,1087.2383333333328,0 days 00:00:38.307000,9477.0,125.0,3,0.0,True,0,car,2336.3469444444454,0.535872842373847,OnTrack,2371.05157070561,8858.14144651449,2284.9996318444632,4395.976,38.307
2026-07-25 15:00:04.615,0 days 01:13:16.200000,41,1089.9761111111106,0 days 00:00:38.531000,9252.49090909091,121.43636363636364,3,0.0,True,0,pos,2343.7948491649304,0.5375811202825652,OnTrack,2395.0,8778.0,2285.0,4396.2,38.531
2026-07-25 15:00:04.831,0 days 01:13:16.416000,41,1092.6161111111105,0 days 00:00:38.747000,9036.0,118.0,3,0.0,False,0,car,2350.7691666666674,0.5391807745428885,OnTrack,2402.554157150603,8718.602306491355,2284.9383837242463,4396.416,38.747
2026-07-25 15:00:04.916,0 days 01:13:16.501000,41,1093.5133326577775,0 days 00:00:38.832000,8957.9063088,115.343752,3,0.5312496,False,0,pos,2353.4515630794863,0.5397960185217542,OnTrack,2402.0,8695.0,2285.0,4396.501,38.832
2026-07-25 15:00:04.991,0 days 01:13:16.576000,41,1094.3049999999998,0 days 00:00:38.907000,8889.0,113.0,3,1.0,False,0,car,2355.7913888888893,0.5403326892889645,OnTrack,2400.053826433084,8672.604206730388,2285.1227310209692,4396.576,38.907
2026-07-25 15:00:05.176,0 days 01:13:16.761000,41,1095.4355551644442,0 days 00:00:39.092000,8952.4886144,112.1590912,3,13.613632,False,0,pos,2361.4623717169957,0.541633406074362,OnTrack,2389.0,8615.0,2286.0,4396.761,39.092
2026-07-25 15:00:05.276,0 days 01:13:16.861000,41,1096.0466662755555,0 days 00:00:39.192000,8986.806796218181,111.70454574545454,3,20.43181381818182,False,0,pos,2364.4955430298087,0.5423291050315177,OnTrack,2379.0,8586.0,2287.0,4396.861,39.192
2026-07-25 15:00:05.431,0 days 01:13:17.016000,41,1096.9938888888887,0 days 00:00:39.347000,9040.0,111.0,3,31.0,False,0,car,2369.358055555556,0.5434443881937407,OnTrack,2359.038134398107,8539.589711879436,2287.848595502085,4397.016,39.347
2026-07-25 15:00:05.636,0 days 01:13:17.221000,41,1096.9369444622218,0 days 00:00:39.552000,9471.52486528,116.63749824,3,45.86249536,False,0,pos,2376.1128952530526,0.5449937022445003,OnTrack,2329.0,8481.0,2288.0,4397.221,39.552
2026-07-25 15:00:05.831,0 days 01:13:17.416000,41,1096.8827777777774,0 days 00:00:39.747000,9882.0,122.0,3,60.0,False,0,car,2382.9136111111115,0.5465535386145656,OnTrack,2299.9551657295533,8426.747867346457,2288.008267899174,4397.416,39.747
2026-07-25 15:00:05.856,0 days 01:13:17.441000,41,1096.7786113777775,0 days 00:00:39.772000,9999.12470016,123.2499968,3,58.25000448,False,0,pos,2383.814193039646,0.5467600992878343,OnTrack,2295.0,8415.0,2288.0,4397.441,39.772
2026-07-25 15:00:06.016,0 days 01:13:17.601000,41,1096.1119447111105,0 days 00:00:39.932000,10748.72470016,131.2499968,3,47.05000448,False,0,pos,2389.6933902954306,0.5481085728746984,OnTrack,2259.0,8315.0,2288.0,4397.601,39.932
2026-07-25 15:00:06.031,0 days 01:13:17.616000,41,1096.049444444444,0 days 00:00:39.947000,10819.0,132.0,3,46.0,False,0,car,2390.246944444445,0.5482355380225528,OnTrack,2256.443391589602,8306.3590284981,2288.0285183909323,4397.616,39.947
2026-07-25 15:00:06.191,0 days 01:13:17.776000,41,1095.0716666666663,0 days 00:00:40.107000,10498.0,133.0,3,24.0,False,0,car,2396.158055555556,0.5495913314847485,OnTrack,2243.165912158993,8234.905679738436,2288.7415333500994,4397.776,40.107
2026-07-25 15:00:06.396,0 days 01:13:17.981000,41,1093.5911115733331,0 days 00:00:40.312000,10509.9583296,134.7083328,3,30.8333312,False,0,pos,2403.8358360004977,0.5513523345069822,OnTrack,2245.0,8176.0,2290.0,4397.981,40.312
2026-07-25 15:00:06.431,0 days 01:13:18.016000,41,1093.3383333333331,0 days 00:00:40.347000,10512.0,135.0,3,32.0,False,0,car,2405.158055555556,0.55165560348546,OnTrack,2245.2149443811936,8166.895991265807,2290.1643493776714,4398.016,40.347
2026-07-25 15:00:06.631,0 days 01:13:18.216000,41,1091.8383333333336,0 days 00:00:40.547000,10970.0,138.0,3,58.0,False,0,car,2412.8247222222226,0.553414057411992,OnTrack,2245.835655954837,8119.792368238722,2290.816633003116,4398.216,40.547
2026-07-25 15:00:06.816,0 days 01:13:18.401000,41,1090.1938894577781,0 days 00:00:40.732000,11729.0778624,144.3593728,3,75.343744,False,0,pos,2420.3314612482545,0.5551358297662238,OnTrack,2249.0,8065.0,2291.0,4398.401,40.732
2026-07-25 15:00:06.951,0 days 01:13:18.536000,41,1088.9938888888892,0 days 00:00:40.867000,12283.0,149.0,3,88.0,False,0,car,2426.069166666667,0.5564518502821749,OnTrack,2254.5159002945784,8011.439429597031,2290.9603476936495,4398.536,40.867
2026-07-25 15:00:06.976,0 days 01:13:18.561000,41,1088.7300006755559,0 days 00:00:40.892000,12151.750336,150.562496,3,89.8749952,False,0,pos,2427.154212546676,0.5567007202632405,OnTrack,2256.0,8001.0,2291.0,4398.561,40.892
2026-07-25 15:00:07.111,0 days 01:13:18.696000,41,1087.3050000000003,0 days 00:00:41.027000,11443.0,159.0,3,100.0,False,0,car,2433.1358333333337,0.5580726860753262,OnTrack,2266.91779538742,7943.673865492439,2291.6177888145357,4398.696,41.027
2026-07-25 15:00:07.216,0 days 01:13:18.801000,41,1086.109167395556,0 days 00:00:41.132000,11383.937536,162.49999786666666,3,100.0,False,0,pos,2437.9328585635817,0.5591729488386049,OnTrack,2278.0,7898.0,2292.0,4398.801,41.132
2026-07-25 15:00:07.316,0 days 01:13:18.901000,41,1084.9702785066672,0 days 00:00:41.232000,11327.687536,165.8333312,3,100.0,False,0,pos,2442.6105085343856,0.5602458312679225,OnTrack,2290.0,7854.0,2292.0,4398.901,41.232
2026-07-25 15:00:07.351,0 days 01:13:18.936000,41,1084.5716666666672,0 days 00:00:41.267000,11308.0,167.0,4,100.0,False,0,car,2444.269166666667,0.560626266994725,OnTrack,2294.3585704160146,7838.96453941489,2292.038512630063,4398.936,41.267
2026-07-25 15:00:07.551,0 days 01:13:19.136000,41,1082.2383333333337,0 days 00:00:41.467000,11719.0,175.0,4,100.0,False,0,car,2453.991388888889,0.5628561904522836,OnTrack,2321.9924767349075,7750.181405295183,2292.809522088981,4399.136,41.467
2026-07-25 15:00:07.596,0 days 01:13:19.181000,41,1081.7383340444449,0 days 00:00:41.512000,11482.750336,177.06249706666668,4,100.0,False,0,pos,2456.2564285899794,0.5633757080117792,OnTrack,2330.0,7724.0,2293.0,4399.181,41.512
2026-07-25 15:00:07.791,0 days 01:13:19.376000,41,1079.5716666666672,0 days 00:00:41.707000,10459.0,186.0,5,100.0,False,0,car,2466.391388888889,0.5657002985421529,OnTrack,2373.1595777074012,7578.547749803628,2293.711645019972,4399.376,41.707
2026-07-25 15:00:07.896,0 days 01:13:19.481000,41,1078.4925006577782,0 days 00:00:41.812000,10697.8748544,189.9374976,5,100.0,False,0,pos,2472.0124014023613,0.5669895539585097,OnTrack,2393.0,7509.0,2294.0,4399.481,41.812
2026-07-25 15:00:08.031,0 days 01:13:19.616000,41,1077.1050000000005,0 days 00:00:41.947000,11005.0,195.0,5,100.0,False,0,car,2479.391388888889,0.5686820247654029,OnTrack,2408.724600910451,7449.563668058915,2294.2605624015127,4399.616,41.947
2026-07-25 15:00:08.276,0 days 01:13:19.861000,41,1074.9952783288895,0 days 00:00:42.192000,11368.999904914286,201.99999817142856,5,100.0,False,0,pos,2493.177028941591,0.5718439481845896,OnTrack,2427.0,7370.0,2295.0,4399.861,42.192
2026-07-25 15:00:08.311,0 days 01:13:19.896000,41,1074.6938888888894,0 days 00:00:42.227000,11421.0,203.0,5,100.0,False,0,car,2495.180277777778,0.5723034204604783,OnTrack,2431.2842328481884,7352.69034477086,2295.223637797867,4399.896,42.227
2026-07-25 15:00:08.436,0 days 01:13:20.021000,41,1073.9647227418461,0 days 00:00:42.352000,11345.373094646151,204.9592462526904,5,60.81507494619186,False,0,pos,2502.396402578499,0.5739585365026749,OnTrack,2449.0,7282.0,2296.0,4400.021,42.352
2026-07-25 15:00:08.630,0 days 01:13:20.215000,41,1072.8330555555553,0 days 00:00:42.546000,11228.0,208.0,5,0.0,False,0,car,2513.6113888888895,0.5765308456392195,OnTrack,2476.1107944692594,7173.295732969521,2295.9832624010673,4400.215,42.546
2026-07-25 15:00:08.636,0 days 01:13:20.221000,41,1072.814722613333,0 days 00:00:42.552000,11219.7876752,207.812504,5,0.0,False,0,pos,2513.9539217411048,0.5766094101921254,OnTrack,2477.0,7170.0,2296.0,4400.221,42.552
2026-07-25 15:00:08.790,0 days 01:13:20.375000,41,1072.3441666666668,0 days 00:00:42.706000,11009.0,203.0,5,0.0,True,0,car,2522.633611111112,0.5786002146078341,OnTrack,2501.9108291696148,7087.130219456113,2296.9607571629394,4400.375,42.706
2026-07-25 15:00:08.796,0 days 01:13:20.381000,41,1072.345833297778,0 days 00:00:42.712000,11009.32999296,202.76000512,5,0.0,True,0,pos,2522.965974965368,0.5786764467632107,OnTrack,2503.0,7084.0,2297.0,4400.381,42.712
2026-07-25 15:00:08.990,0 days 01:13:20.575000,41,1072.3997222222224,0 days 00:00:42.906000,11020.0,195.0,5,0.0,True,0,car,2533.466944444445,0.5810849864605423,OnTrack,2543.7390082084944,6987.3216921129715,2297.9347109582723,4400.575,42.906
2026-07-25 15:00:09.016,0 days 01:13:20.601000,41,1072.4647219022224,0 days 00:00:42.932000,11151.68935168,193.96000512,5,0.0,True,0,pos,2534.842168644002,0.5814004127727475,OnTrack,2550.0,6975.0,2298.0,4400.601,42.932
2026-07-25 15:00:09.190,0 days 01:13:20.775000,41,1072.8997222222224,0 days 00:00:43.106000,12033.0,187.0,4,0.0,True,0,car,2543.855833333334,0.5834678189551908,OnTrack,2596.626108455014,6896.317321185851,2298.060437957598,4400.775,43.106
2026-07-25 15:00:09.276,0 days 01:13:20.861000,41,1074.0702760355557,0 days 00:00:43.192000,11881.64022528,184.63500352,4,0.21499968,True,0,pos,2548.1834797561705,0.584460423326262,OnTrack,2622.0,6860.0,2298.0,4400.861,43.192
2026-07-25 15:00:09.436,0 days 01:13:21.021000,41,1076.2480538133334,0 days 00:00:43.352000,11600.04022528,180.23500352,4,0.61499968,True,0,pos,2556.0166260518563,0.5862570616124465,OnTrack,2673.0,6797.0,2298.0,4401.021,43.352
2026-07-25 15:00:09.590,0 days 01:13:21.175000,41,1078.3441666666668,0 days 00:00:43.506000,11329.0,176.0,4,1.0,False,0,car,2563.4113888888896,0.5879531507098233,OnTrack,2729.4728130636195,6741.299096893581,2298.6572532795562,4401.175,43.506
2026-07-25 15:00:09.796,0 days 01:13:21.381000,41,1080.747498506667,0 days 00:00:43.712000,11181.3667584,170.8500032,4,8.7249952,False,0,pos,2573.1530352686336,0.5901875293612163,OnTrack,2811.0,6680.0,2300.0,4401.381,43.712
2026-07-25 15:00:09.830,0 days 01:13:21.415000,41,1081.144166666667,0 days 00:00:43.746000,11157.0,170.0,4,10.0,False,0,car,2574.744722222223,0.5905526043403491,OnTrack,2824.271850768459,6672.142102233435,2300.17752734838,4401.415,43.746
2026-07-25 15:00:10.035,0 days 01:13:21.620000,41,1082.3969440533335,0 days 00:00:43.951000,11168.5312464,168.0781256,4,27.2968696,False,0,pos,2584.2523560218797,0.5927333090343101,OnTrack,2904.0,6636.0,2301.0,4401.62,43.951
2026-07-25 15:00:10.150,0 days 01:13:21.735000,41,1083.0997222222222,0 days 00:00:44.066000,11175.0,167.0,4,37.0,False,0,car,2589.5891666666676,0.5939573788995474,OnTrack,2949.949843469478,6620.393694012612,2301.32294816754,4401.735,44.066
2026-07-25 15:00:10.350,0 days 01:13:21.935000,41,1083.4330555555557,0 days 00:00:44.266000,11335.0,169.0,4,47.0,False,0,car,2598.9780555555562,0.5961108478385612,OnTrack,3042.3068783901444,6599.675313672213,2301.8313076069717,4401.935,44.266
2026-07-25 15:00:10.395,0 days 01:13:21.980000,41,1083.3455556800002,0 days 00:00:44.311000,11395.1874144,169.93749866666667,4,51.12499413333333,False,0,pos,2601.1229103760243,0.5966027993665038,OnTrack,3069.0,6596.0,2302.0,4401.98,44.311
2026-07-25 15:00:10.590,0 days 01:13:22.175000,41,1082.9663888888895,0 days 00:00:44.506000,11656.0,174.0,4,69.0,False,0,car,2610.578055555556,0.5987714650839228,OnTrack,3201.5131450694134,6584.092029346835,2302.9042762241043,4402.175,44.506
2026-07-25 15:00:10.615,0 days 01:13:22.200000,41,1082.7997226156601,0 days 00:00:44.531000,11679.831719443084,174.46728861653105,4,68.37694851129191,False,0,pos,2611.810210529521,0.5990540765298441,OnTrack,3216.0,6583.0,2303.0,4402.2,44.531
2026-07-25 15:00:10.911,0 days 01:13:22.496000,41,1080.8263888888896,0 days 00:00:44.827000,11962.0,180.0,4,61.0,False,0,car,2626.628055555556,0.6024527501518582,OnTrack,3327.550271018865,6574.764861668201,2303.7698276030933,4402.496,44.827
2026-07-25 15:00:10.955,0 days 01:13:22.540000,41,1080.2152777777785,0 days 00:00:44.871000,11895.0375,179.725,4,52.6125,False,0,pos,2628.828681916843,0.6029574936387062,OnTrack,3346.0,6573.0,2304.0,4402.54,44.871
2026-07-25 15:00:11.115,0 days 01:13:22.700000,41,1077.9930555555563,0 days 00:00:45.031000,11651.5375,178.725,4,22.1125,False,0,pos,2636.7915831110477,0.6047838929697761,OnTrack,3426.0,6564.0,2305.0,4402.7,45.031
2026-07-25 15:00:11.231,0 days 01:13:22.816000,41,1076.3819444444453,0 days 00:00:45.147000,11475.0,178.0,4,0.0,False,0,car,2642.450277777778,0.6060817912987881,OnTrack,3483.0398906206315,6555.098925027254,2304.9977396584936,4402.816,45.147
2026-07-25 15:00:11.275,0 days 01:13:22.860000,41,1075.7463888888897,0 days 00:00:45.191000,11398.628571428571,176.74285714285713,4,0.7857142857142857,False,0,pos,2644.5635376028285,0.6065664960862415,OnTrack,3504.0,6551.0,2305.0,4402.86,45.191
2026-07-25 15:00:11.511,0 days 01:13:23.096000,41,1072.337500000001,0 days 00:00:45.427000,10989.0,170.0,4,5.0,False,0,car,2655.6725,0.609114487201068,OnTrack,3610.8509126897084,6520.804956081652,2305.9703678423634,4403.096,45.427
2026-07-25 15:00:11.516,0 days 01:13:23.101000,41,1072.2611120888898,0 days 00:00:45.432000,10989.9687376,169.9375008,4,5.0937488,False,0,pos,2655.906577346388,0.609168176013529,OnTrack,3613.0,6520.0,2306.0,4403.101,45.432
2026-07-25 15:00:11.671,0 days 01:13:23.256000,41,1069.8930555555562,0 days 00:00:45.587000,11020.0,168.0,4,8.0,False,0,car,2663.139166666667,0.6108270684164732,OnTrack,3677.1206844640337,6491.36295576561,2306.915372678805,4403.256,45.587
2026-07-25 15:00:11.696,0 days 01:13:23.281000,41,1069.504167662223,0 days 00:00:45.612000,10985.5469632,167.6875008,4,7.3750016,False,0,pos,2664.2956485627105,0.6110923232161768,OnTrack,3687.0,6486.0,2307.0,4403.281,45.612
2026-07-25 15:00:11.896,0 days 01:13:23.481000,41,1066.393056551112,0 days 00:00:45.812000,10709.9219632,165.1875008,4,2.3750016,False,0,pos,2673.4306132155257,0.613187551189543,OnTrack,3762.0,6436.0,2307.0,4403.481,45.812
2026-07-25 15:00:11.991,0 days 01:13:23.576000,41,1064.915277777779,0 days 00:00:45.907000,10579.0,164.0,4,0.0,False,0,car,2677.7169444444444,0.6141706793608355,OnTrack,3796.2020405703834,6409.113737455459,2307.0713072274134,4403.576,45.907
2026-07-25 15:00:12.196,0 days 01:13:23.781000,41,1061.6694454577785,0 days 00:00:46.112000,10396.2083904,160.5833344,4,0.0,False,0,pos,2686.8531011715454,0.6162661807525984,OnTrack,3865.0,6346.0,2308.0,4403.781,46.112
2026-07-25 15:00:12.231,0 days 01:13:23.816000,41,1061.1152777777784,0 days 00:00:46.147000,10365.0,160.0,4,0.0,False,0,car,2688.3836111111113,0.6166172239542714,OnTrack,3875.5170371032395,6334.7425747539055,2308.3321435794223,4403.816,46.147
2026-07-25 15:00:12.296,0 days 01:13:23.881000,41,1060.1222232000005,0 days 00:00:46.212000,10275.625088,157.968752,4,0.0,False,0,pos,2691.1979680937425,0.6172627348786328,OnTrack,3894.0,6314.0,2309.0,4403.881,46.212
2026-07-25 15:00:12.391,0 days 01:13:23.976000,41,1058.6708333333336,0 days 00:00:46.307000,10145.0,155.0,4,0.0,False,0,car,2695.2725000000005,0.6181972840041988,OnTrack,3918.372510382661,6285.941411949852,2309.774363897984,4403.976,46.307
2026-07-25 15:00:12.616,0 days 01:13:24.201000,41,1055.1708343288894,0 days 00:00:46.532000,10276.62496256,154.43750016,4,26.43749248,False,0,pos,2704.9107494006316,0.6204079471568209,OnTrack,3972.0,6202.0,2311.0,4404.201,46.532
2026-07-25 15:00:12.791,0 days 01:13:24.376000,41,1052.4486111111119,0 days 00:00:46.707000,10379.0,154.0,4,47.0,False,0,car,2712.3836111111113,0.6221219492895023,OnTrack,4018.9428079614104,6086.881953615128,2311.974778584455,4404.376,46.707
2026-07-25 15:00:12.796,0 days 01:13:24.381000,41,1052.3722232000007,0 days 00:00:46.712000,10380.4999808,154.0,4,47.1249984,False,0,pos,2712.596668329578,0.6221708168506834,OnTrack,4020.0,6084.0,2312.0,4404.381,46.712
2026-07-25 15:00:12.951,0 days 01:13:24.536000,41,1050.0041666666675,0 days 00:00:46.867000,10427.0,154.0,4,51.0,False,0,car,2719.228055555556,0.6236918154036236,OnTrack,4040.9012556012563,6018.0038610946285,2312.6698813376943,4404.536,46.867
2026-07-25 15:00:13.231,0 days 01:13:24.816000,41,1045.4152777777786,0 days 00:00:47.147000,10961.0,161.0,4,62.0,False,0,car,2731.750277777778,0.6265639568169593,OnTrack,4043.9392498446523,5946.872278158671,2313.964778627805,4404.816,47.147
2026-07-25 15:00:13.236,0 days 01:13:24.821000,41,1045.3305566400009,0 days 00:00:47.152000,10971.34986752,161.1249984,4,62.27499648,False,0,pos,2731.977713655508,0.6266161223185543,OnTrack,4044.0,5945.0,2314.0,4404.821,47.152
2026-07-25 15:00:13.431,0 days 01:13:25.016000,41,1042.0263888888899,0 days 00:00:47.347000,11375.0,166.0,4,73.0,False,0,car,2740.9725000000003,0.6286791984967007,OnTrack,4046.2656184778893,5856.152844926262,2315.72953475495,4405.016,47.347
2026-07-25 15:00:13.456,0 days 01:13:25.041000,41,1041.5680567288898,0 days 00:00:47.372000,11389.107106742857,166.98214034285715,4,75.41070811428571,False,0,pos,2742.159884379923,0.6289515411999848,OnTrack,4046.0,5844.0,2316.0,4405.041,47.372
2026-07-25 15:00:13.656,0 days 01:13:25.241000,41,1037.9013900622228,0 days 00:00:47.572000,11501.9642496,174.8392832,4,94.6964224,False,0,pos,2751.969946417898,0.631201611910011,OnTrack,4038.0,5748.0,2318.0,4405.241,47.572
2026-07-25 15:00:13.711,0 days 01:13:25.296000,41,1036.8930555555562,0 days 00:00:47.627000,11533.0,177.0,4,100.0,False,0,car,2754.739166666667,0.631836770112604,OnTrack,4034.801418174406,5722.871879616577,2318.0452717459552,4405.296,47.627
2026-07-25 15:00:13.856,0 days 01:13:25.441000,41,1034.0736123555564,0 days 00:00:47.772000,10924.0002688,183.52499712,4,100.0,False,0,pos,2762.173146582277,0.6335418541785646,OnTrack,4022.0,5649.0,2318.0,4405.441,47.772
2026-07-25 15:00:13.911,0 days 01:13:25.496000,41,1033.0041666666675,0 days 00:00:47.827000,10693.0,186.0,4,100.0,False,0,car,2765.0725,0.634206860187495,OnTrack,4013.6300401740486,5611.084500989982,2318.6899777743206,4405.496,47.827
2026-07-25 15:00:14.036,0 days 01:13:25.621000,41,1030.4000013333343,0 days 00:00:47.952000,10969.785572571429,191.80356845714286,4,100.0,False,0,pos,2771.8596083380216,0.6357635754883809,OnTrack,3990.0,5514.0,2321.0,4405.621,47.952
2026-07-25 15:00:14.191,0 days 01:13:25.776000,41,1027.1708333333345,0 days 00:00:48.107000,11313.0,199.0,5,100.0,False,0,car,2780.550277777778,0.6377568983319285,OnTrack,3961.6462191971746,5408.337907927741,2322.4028799201724,4405.776,48.107
2026-07-25 15:00:14.396,0 days 01:13:25.981000,41,1022.7861124800008,0 days 00:00:48.312000,11724.7082048,205.8333312,5,100.0,False,0,pos,2792.305123278344,0.6404530314918739,OnTrack,3929.0,5296.0,2323.0,4405.981,48.312
2026-07-25 15:00:14.431,0 days 01:13:26.016000,41,1022.0375000000008,0 days 00:00:48.347000,11795.0,207.0,5,100.0,False,0,car,2794.350277777778,0.6409221153996862,OnTrack,3924.3021401703795,5279.777109066744,2323.1735863851513,4406.016,48.347
2026-07-25 15:00:14.631,0 days 01:13:26.216000,41,1017.7041666666678,0 days 00:00:48.547000,10728.0,215.0,5,100.0,False,0,car,2806.2947222222224,0.643661735647544,OnTrack,3902.291898239762,5203.099406380989,2324.5862898649307,4406.216,48.547
2026-07-25 15:00:14.816,0 days 01:13:26.401000,41,1013.8500013333345,0 days 00:00:48.732000,10818.958301866667,222.70833066666665,5,100.0,False,0,pos,2817.812984170611,0.6463036051627573,OnTrack,3882.0,5123.0,2326.0,4406.401,48.732
2026-07-25 15:00:14.871,0 days 01:13:26.456000,41,1012.7041666666678,0 days 00:00:48.787000,10846.0,225.0,6,100.0,False,0,car,2821.2947222222224,0.6471021889820633,OnTrack,3875.0713297583416,5093.299634163174,2326.3736977218427,4406.456,48.787
2026-07-25 15:00:15.071,0 days 01:13:26.656000,41,1008.7597222222234,0 days 00:00:48.987000,11048.0,231.0,6,100.0,False,0,car,2834.128055555556,0.6500456879460409,OnTrack,3848.809462793164,4968.152733426552,2327.7684395707784,4406.656,48.987
2026-07-25 15:00:15.096,0 days 01:13:26.681000,41,1008.3013901541773,0 days 00:00:49.012000,11096.19735910774,231.62695751684865,6,100.0,False,0,pos,2835.7572013006643,0.6504193546067859,OnTrack,3846.0,4952.0,2328.0,4406.681,49.012
2026-07-25 15:00:15.276,0 days 01:13:26.861000,41,1005.0013908162463,0 days 00:00:49.192000,11443.219233059464,236.14106319426946,6,100.0,False,0,pos,2847.6606643148098,0.6531495752080755,OnTrack,3830.0,4837.0,2330.0,4406.861,49.192
2026-07-25 15:00:15.390,0 days 01:13:26.975000,41,1002.9113888888905,0 days 00:00:49.306000,11663.0,239.0,6,100.0,False,0,car,2855.306111111111,0.6549031620696905,OnTrack,3823.9319118005637,4769.785613653827,2331.217669594374,4406.975,49.306
2026-07-25 15:00:15.456,0 days 01:13:27.041000,41,1001.8480576177793,0 days 00:00:49.372000,11476.1378624,240.2374976,6,100.0,False,0,pos,2859.759904686804,0.655924700000274,OnTrack,3823.0,4720.0,2332.0,4407.041,49.372
2026-07-25 15:00:15.676,0 days 01:13:27.261000,41,998.3036131733346,0 days 00:00:49.592000,10853.2628624,244.3624976,6,100.0,False,0,pos,2874.748726031592,0.6593625893586866,OnTrack,3833.0,4493.0,2335.0,4407.261,49.592
2026-07-25 15:00:15.710,0 days 01:13:27.295000,41,997.7558333333345,0 days 00:00:49.626000,10757.0,245.0,6,100.0,False,0,car,2877.083888888889,0.6598981906146221,OnTrack,3834.4130527307525,4468.090438930029,2335.3210768971144,4407.295,49.626
2026-07-25 15:00:15.870,0 days 01:13:27.455000,41,995.178055555557,0 days 00:00:49.786000,10437.0,249.0,7,100.0,False,0,car,2888.150555555556,0.6624364806303119,OnTrack,3838.5228229229006,4408.225897965135,2336.117560588501,4407.455,49.786
2026-07-25 15:00:15.996,0 days 01:13:27.581000,41,993.3930573688903,0 days 00:00:49.912000,10545.35988992,250.88999808,7,100.0,False,0,pos,2896.997603029536,0.6644656708958123,OnTrack,3848.0,4358.0,2337.0,4407.581,49.912
2026-07-25 15:00:16.156,0 days 01:13:27.741000,41,991.1263907022234,0 days 00:00:50.072000,10682.95988992,253.28999808,7,100.0,False,0,pos,2908.377471397145,0.6670757979672609,OnTrack,3873.0,4249.0,2339.0,4407.741,50.072
2026-07-25 15:00:16.270,0 days 01:13:27.855000,41,989.51138888889,0 days 00:00:50.186000,10781.0,255.0,7,100.0,False,0,car,2916.483888888889,0.6689351147066259,OnTrack,3894.318064753323,4170.222476561958,2340.256376870607,4407.855,50.186
2026-07-25 15:00:16.430,0 days 01:13:28.015000,41,987.2891666666678,0 days 00:00:50.346000,10860.0,256.0,7,100.0,False,0,car,2927.8616666666667,0.6715447622729576,OnTrack,3929.735594504574,4063.3540790763223,2341.93925464854,4408.015,50.346
2026-07-25 15:00:16.435,0 days 01:13:28.020000,41,987.2100010133345,0 days 00:00:50.351000,10860.4374944,256.0833322666667,7,100.0,False,0,pos,2928.219404435531,0.6716268142796091,OnTrack,3931.0,4060.0,2342.0,4408.02,50.351
2026-07-25 15:00:16.595,0 days 01:13:28.180000,41,984.6766676800014,0 days 00:00:50.511000,10874.4374944,258.74999893333336,7,100.0,False,0,pos,2939.7581972098665,0.6742733928180616,OnTrack,3975.0,3955.0,2344.0,4408.18,50.511
2026-07-25 15:00:16.670,0 days 01:13:28.255000,41,983.4891666666681,0 days 00:00:50.586000,10881.0,260.0,7,100.0,False,0,car,2945.195,0.675520397237291,OnTrack,3995.429503960773,3912.050135554955,2344.621667496815,4408.255,50.586
2026-07-25 15:00:16.935,0 days 01:13:28.520000,41,978.5572234133347,0 days 00:00:50.851000,10990.78568777143,261.89285668571426,7,100.0,False,0,pos,2964.4739209625695,0.6799422790980646,OnTrack,4103.0,3745.0,2347.0,4408.52,50.851
2026-07-25 15:00:16.950,0 days 01:13:28.535000,41,978.2780555555569,0 days 00:00:50.866000,10997.0,262.0,7,100.0,False,0,car,2965.572777777778,0.6801943168043341,OnTrack,4113.99416663824,3730.4292245694537,2347.331082309732,4408.535,50.866
2026-07-25 15:00:17.095,0 days 01:13:28.680000,41,974.5725008967547,0 days 00:00:51.011000,11050.302167786102,263.8068531452916,7,100.0,False,0,pos,2976.2483115906557,0.6826428951979533,OnTrack,4231.0,3580.0,2351.0,4408.68,51.011
2026-07-25 15:00:17.271,0 days 01:13:28.856000,41,970.0747222222235,0 days 00:00:51.187000,11115.0,266.0,7,100.0,False,0,car,2989.291111111111,0.6856344380713945,OnTrack,4287.333442102075,3506.017270775136,2351.9486593710567,4408.856,51.187
2026-07-25 15:00:17.395,0 days 01:13:28.980000,41,966.630277777779,0 days 00:00:51.311000,10908.628571428571,265.5571428571429,7,55.714285714285715,False,0,pos,2998.5012872459965,0.6877469168177128,OnTrack,4310.0,3472.0,2352.0,4408.98,51.311
2026-07-25 15:00:17.551,0 days 01:13:29.136000,41,962.2969444444457,0 days 00:00:51.467000,10649.0,265.0,7,0.0,True,0,car,3009.9022222222225,0.6903618758014191,OnTrack,4363.121042645013,3391.6515358688316,2353.2408579848084,4409.136,51.467
2026-07-25 15:00:17.695,0 days 01:13:29.280000,41,958.5369444444458,0 days 00:00:51.611000,11091.8,257.8,7,0.0,True,0,pos,3019.989162374461,0.6926754522602101,OnTrack,4422.0,3287.0,2355.0,4409.28,51.611
2026-07-25 15:00:17.911,0 days 01:13:29.496000,41,952.896944444446,0 days 00:00:51.827000,11756.0,247.0,6,0.0,True,0,car,3034.6022222222223,0.696027155625594,OnTrack,4499.711899500414,3100.523890100203,2357.727513857064,4409.496,51.827
2026-07-25 15:00:17.935,0 days 01:13:29.520000,41,952.276944444446,0 days 00:00:51.851000,11723.4,246.3,6,0.0,True,0,pos,3036.2147517632375,0.6963970111346871,OnTrack,4506.0,3083.0,2358.0,4409.52,51.851
2026-07-25 15:00:18.151,0 days 01:13:29.736000,41,946.6969444444458,0 days 00:00:52.067000,11430.0,240.0,6,0.0,False,0,car,3050.6022222222223,0.6996969725157478,OnTrack,4535.681899633271,2974.3455880725587,2360.025390026486,4409.736,52.067
2026-07-25 15:00:18.296,0 days 01:13:29.881000,41,943.0719460444454,0 days 00:00:52.212000,11218.30009344,234.92500224,6,0.0,False,0,pos,3060.045400653792,0.7018628934973049,OnTrack,4544.0,2905.0,2361.0,4409.881,52.212
2026-07-25 15:00:18.351,0 days 01:13:29.936000,41,941.6969444444453,0 days 00:00:52.267000,11138.0,233.0,6,0.0,False,0,car,3063.546666666667,0.7026659563192404,OnTrack,4547.165892770125,2872.220316537784,2361.296027677478,4409.936,52.267
2026-07-25 15:00:18.476,0 days 01:13:30.061000,41,938.7455570666675,0 days 00:00:52.392000,11037.652829155555,228.48611342222222,6,20.48610062222222,False,0,pos,3071.3023093794527,0.7044448181080768,OnTrack,4551.0,2784.0,2362.0,4410.061,52.392
2026-07-25 15:00:18.711,0 days 01:13:30.296000,41,933.1969444444453,0 days 00:00:52.627000,10849.0,220.0,6,59.0,False,0,car,3085.546666666667,0.707711954543202,OnTrack,4528.300906802234,2581.4101819910306,2364.465562686019,4410.296,52.627
2026-07-25 15:00:18.756,0 days 01:13:30.341000,41,932.0094461333343,0 days 00:00:52.672000,10896.089218742856,220.80357028571427,6,65.58927634285715,False,0,pos,3088.318023271538,0.7083476027480267,OnTrack,4523.0,2552.0,2365.0,4410.341,52.672
2026-07-25 15:00:18.991,0 days 01:13:30.576000,41,925.8080555555571,0 days 00:00:52.907000,11142.0,225.0,6,100.0,False,0,car,3103.0466666666666,0.7117258167668077,OnTrack,4495.575229309331,2466.2387834164942,2367.6497277416206,4410.576,52.907
2026-07-25 15:00:19.036,0 days 01:13:30.621000,41,924.5205573866681,0 days 00:00:52.952000,11163.3749696,226.1249984,6,100.0,False,0,pos,3105.9117849988083,0.7123829704947816,OnTrack,4487.0,2447.0,2368.0,4410.621,52.952
2026-07-25 15:00:19.216,0 days 01:13:30.801000,41,919.370557386668,0 days 00:00:53.132000,11248.8749696,230.6249984,6,100.0,False,0,pos,3117.5086216768236,0.7150428621893651,OnTrack,4438.0,2343.0,2369.0,4410.801,53.132
2026-07-25 15:00:19.271,0 days 01:13:30.856000,41,917.7969444444457,0 days 00:00:53.187000,11275.0,232.0,6,100.0,False,0,car,3121.0911111111113,0.7158645547040368,OnTrack,4419.987961926473,2311.1276976687886,2369.4925283390185,4410.856,53.187
2026-07-25 15:00:19.496,0 days 01:13:31.081000,41,911.1094463466676,0 days 00:00:53.412000,11497.656186666667,235.74999893333333,6,100.0,False,0,pos,3135.9291571610825,0.7192678617047282,OnTrack,4337.0,2192.0,2372.0,4411.081,53.412
2026-07-25 15:00:19.696,0 days 01:13:31.281000,41,905.1650019022229,0 days 00:00:53.612000,11695.572853333333,239.08333226666667,6,100.0,False,0,pos,3149.3593569668005,0.7223482600850512,OnTrack,4260.0,2099.0,2373.0,4411.281,53.612
2026-07-25 15:00:19.751,0 days 01:13:31.336000,41,903.5302777777783,0 days 00:00:53.667000,11750.0,240.0,6,100.0,False,0,car,3153.091111111112,0.7232041884843445,OnTrack,4239.788066059743,2076.7835256696635,2373.50997987346,4411.336,53.667
2026-07-25 15:00:19.896,0 days 01:13:31.481000,41,899.099724177779,0 days 00:00:53.812000,11583.2500736,245.4374976,6,100.0,False,0,pos,3162.9976480150353,0.7254763870126539,OnTrack,4176.0,2011.0,2375.0,4411.481,53.812
2026-07-25 15:00:19.911,0 days 01:13:31.496000,41,898.6413888888901,0 days 00:00:53.827000,11566.0,246.0,6,100.0,False,0,car,3164.0244444444447,0.7257118966926163,OnTrack,4166.721743713118,2001.5631207923466,2375.0806247070855,4411.496,53.827
2026-07-25 15:00:20.071,0 days 01:13:31.656000,41,893.8858333333342,0 days 00:00:53.987000,10605.0,247.0,6,100.0,False,0,car,3175.002222222223,0.7282297988366941,OnTrack,4042.905983671952,1876.2373472787044,2375.085282114874,4411.656,53.987
2026-07-25 15:00:20.116,0 days 01:13:31.701000,41,892.523335271112,0 days 00:00:54.032000,10682.6248896,248.1249984,6,100.0,False,0,pos,3178.116921581421,0.7289441973564528,OnTrack,4012.0,1845.0,2375.0,4411.701,54.032
2026-07-25 15:00:20.231,0 days 01:13:31.816000,41,889.0413888888902,0 days 00:00:54.147000,10881.0,251.0,7,100.0,False,0,car,3186.157777777778,0.7307884767239957,OnTrack,3952.404534149093,1784.7757799668482,2374.796001213127,4411.816,54.147
2026-07-25 15:00:20.471,0 days 01:13:32.056000,41,881.8413888888904,0 days 00:00:54.387000,10739.0,258.0,7,100.0,False,0,car,3203.357777777778,0.7347335298809111,OnTrack,3868.299235844908,1699.350021529715,2374.030056173814,4412.056,54.387
2026-07-25 15:00:20.476,0 days 01:13:32.061000,41,881.6983351644459,0 days 00:00:54.392000,10743.999936,258.0535707428571,7,100.0,False,0,pos,3203.718590601686,0.7348162871931211,OnTrack,3866.0,1697.0,2374.0,4412.061,54.392
2026-07-25 15:00:20.751,0 days 01:13:32.336000,41,873.8302777777785,0 days 00:00:54.667000,11019.0,261.0,7,100.0,False,0,car,3223.6577777777784,0.7393896100602939,OnTrack,3706.647011351152,1533.5739225660714,2371.580293413721,4412.336,54.667
2026-07-25 15:00:20.816,0 days 01:13:32.401000,41,872.024724000001,0 days 00:00:54.732000,11063.19995648,262.29999872,7,100.0,False,0,pos,3228.4183349280866,0.7404815083750904,OnTrack,3671.0,1497.0,2371.0,4412.401,54.732
2026-07-25 15:00:20.951,0 days 01:13:32.536000,41,868.2747222222238,0 days 00:00:54.867000,11155.0,265.0,7,100.0,False,0,car,3238.38,0.7427663512960256,OnTrack,3607.3297282576264,1431.7263065077943,2369.93048130958,4412.536,54.867
2026-07-25 15:00:21.216,0 days 01:13:32.801000,41,861.5761127288906,0 days 00:00:55.132000,11343.339240228572,269.7321417142857,7,100.0,False,0,pos,3258.24701512671,0.7473231205253343,OnTrack,3495.0,1316.0,2367.0,4412.801,55.132
2026-07-25 15:00:21.231,0 days 01:13:32.816000,41,861.1969444444462,0 days 00:00:55.147000,11354.0,270.0,7,100.0,False,0,car,3259.38,0.7475829859643526,OnTrack,3487.477275588928,1308.185327069049,2366.7201838559226,4412.816,55.147
2026-07-25 15:00:21.316,0 days 01:13:32.901000,41,859.2136126044464,0 days 00:00:55.232000,11391.9843464,271.0624992,7,100.0,False,0,pos,3265.813623201826,0.7490586246575367,OnTrack,3443.0,1262.0,2365.0,4412.901,55.232
2026-07-25 15:00:21.551,0 days 01:13:33.136000,41,853.7302777777804,0 days 00:00:55.467000,11497.0,274.0,7,100.0,False,0,car,3283.7355555555555,0.7531692627860311,OnTrack,3318.7380091666887,1134.8206887259626,2361.0786183000496,4413.136,55.467
2026-07-25 15:00:21.556,0 days 01:13:33.141000,41,853.6261124444471,0 days 00:00:55.472000,11500.791618133333,274.0833322666667,7,100.0,False,0,pos,3284.1194455312725,0.7532573131558342,OnTrack,3316.0,1132.0,2361.0,4413.141,55.472
2026-07-25 15:00:21.791,0 days 01:13:33.376000,41,848.73027777778,0 days 00:00:55.707000,11679.0,278.0,7,100.0,False,0,car,3302.268888888889,0.7574201340171259,OnTrack,3182.2601512922324,992.537656691782,2357.3092351305672,4413.376,55.707
2026-07-25 15:00:21.876,0 days 01:13:33.461000,41,847.0775016870311,0 days 00:00:55.792000,11711.363983701694,278.7112963450922,7,100.0,False,0,pos,3308.8651968423865,0.7589330866634011,OnTrack,3135.0,943.0,2356.0,4413.461,55.792
2026-07-25 15:00:22.030,0 days 01:13:33.615000,41,844.0830555555581,0 days 00:00:55.946000,11770.0,280.0,7,100.0,False,0,car,3320.8577777777773,0.7616837476679782,OnTrack,3053.803829168458,857.9544014063845,2353.682215297893,4413.615,55.946
2026-07-25 15:00:22.230,0 days 01:13:33.815000,41,840.4163888888911,0 days 00:00:56.146000,11804.0,282.0,7,100.0,False,0,car,3336.5244444444443,0.7652771100395873,OnTrack,2953.943679564393,753.1878358854839,2350.702454881026,4413.815,56.146
2026-07-25 15:00:22.276,0 days 01:13:33.861000,41,839.6369466133356,0 days 00:00:56.192000,11805.37999616,282.22999936,7,100.0,False,0,pos,3340.1360862229944,0.7661054890395942,OnTrack,2931.0,729.0,2350.0,4413.861,56.192
2026-07-25 15:00:22.396,0 days 01:13:33.981000,41,837.6036132800024,0 days 00:00:56.312000,11808.97999616,282.82999936,7,100.0,False,0,pos,3349.569856077032,0.7682692520363548,OnTrack,2866.0,660.0,2348.0,4413.981,56.312
2026-07-25 15:00:22.430,0 days 01:13:34.015000,41,837.0275000000024,0 days 00:00:56.346000,11810.0,283.0,7,100.0,False,0,car,3352.246666666666,0.7688832148309537,OnTrack,2841.6133883024886,633.7959911644253,2347.266951936547,4414.015,56.346
2026-07-25 15:00:22.636,0 days 01:13:34.221000,41,834.1091684800027,0 days 00:00:56.552000,11837.4666496,283.8583328,7,100.0,False,0,pos,3368.496790036038,0.7726104009064539,OnTrack,2664.0,441.0,2342.0,4414.221,56.552
2026-07-25 15:00:22.670,0 days 01:13:34.255000,41,833.6275000000028,0 days 00:00:56.586000,11842.0,284.0,7,100.0,False,0,car,3371.1799999999994,0.7732258314843024,OnTrack,2642.4651644032792,417.4490312809817,2341.3448134413884,4414.255,56.586
2026-07-25 15:00:22.870,0 days 01:13:34.455000,41,831.1275000000032,0 days 00:00:56.786000,11873.0,284.0,7,94.0,False,0,car,3386.957777777777,0.7768446786954263,OnTrack,2577.674091972144,345.21455659507086,2339.202458534361,4414.455,56.786
2026-07-25 15:00:23.030,0 days 01:13:34.615000,41,829.4386111111144,0 days 00:00:56.946000,11335.0,280.0,7,0.0,True,0,car,3399.4022222222216,0.7796989807211014,OnTrack,2537.670651804929,298.92473480153956,2338.04255119436,4414.615,56.946
2026-07-25 15:00:23.035,0 days 01:13:34.620000,41,829.4372222400033,0 days 00:00:56.951000,11316.05024256,279.2500096,7,0.0,True,0,pos,3399.7743262460685,0.779784327823077,OnTrack,2536.0,297.0,2338.0,4414.62,56.951
2026-07-25 15:00:23.230,0 days 01:13:34.815000,41,829.3830555555592,0 days 00:00:57.146000,10577.0,250.0,7,0.0,True,0,car,3413.2911111111107,0.7828845856604713,OnTrack,2450.962077552651,198.83456723807535,2335.9772499018386,4414.815,57.146
2026-07-25 15:00:23.295,0 days 01:13:34.880000,41,829.9788883022256,0 days 00:00:57.211000,10159.3754112,238.2187616,7,0.0,True,0,pos,3417.4132323107897,0.7838300500355865,OnTrack,2414.0,155.0,2335.0,4414.88,57.211
2026-07-25 15:00:23.390,0 days 01:13:34.975000,41,830.8497222222254,0 days 00:00:57.306000,9549.0,221.0,7,0.0,True,0,car,3423.113333333333,0.7851374454735934,OnTrack,2352.486555726969,80.69751243632308,2333.2293078451794,4414.975,57.306
2026-07-25 15:00:23.455,0 days 01:13:35.040000,41,831.9872211022252,0 days 00:00:57.371000,9560.69998848,213.20000768,7,0.0,True,0,pos,3426.7975603618634,0.7859824728846224,OnTrack,2312.0,32.0,2332.0,4415.04,57.371
2026-07-25 15:00:23.590,0 days 01:13:35.175000,41,834.349722222225,0 days 00:00:57.506000,9585.0,197.0,7,0.0,True,0,car,3434.0577777777776,0.7876477021658168,OnTrack,2245.1058275393407,-45.86335196524183,2329.8201335350736,4415.175,57.506
2026-07-25 15:00:23.751,0 days 01:13:35.336000,41,837.7933333333349,0 days 00:00:57.667000,9959.0,186.0,7,0.0,True,0,car,3442.376111111111,0.7895556246761041,OnTrack,2191.6905820548504,-103.0924403888198,2327.877803356296,4415.336,57.667
2026-07-25 15:00:23.855,0 days 01:13:35.440000,41,841.1733333333349,0 days 00:00:57.771000,10058.125,175.925,7,0.0,True,0,pos,3447.1757001737233,0.7906564754890898,OnTrack,2164.0,-131.0,2327.0,4415.44,57.771
2026-07-25 15:00:24.071,0 days 01:13:35.656000,41,848.193333333335,0 days 00:00:57.987000,10264.0,155.0,7,0.0,True,0,car,3456.153888888889,0.7927157447759589,OnTrack,2120.4981529748993,-170.4069200826475,2326.1120849583285,4415.656,57.987
2026-07-25 15:00:24.231,0 days 01:13:35.816000,41,853.7488888888906,0 days 00:00:58.147000,11110.0,149.0,5,0.0,True,0,car,3462.7761111111113,0.7942346412110503,OnTrack,2086.293348746723,-197.17691280831488,2325.2248247103107,4415.816,58.147
2026-07-25 15:00:24.255,0 days 01:13:35.840000,41,854.6822222222239,0 days 00:00:58.171000,11034.04,147.68,5,0.0,True,0,pos,3463.7342324028923,0.7944543993172622,OnTrack,2080.0,-202.0,2325.0,4415.84,58.171
2026-07-25 15:00:24.415,0 days 01:13:36,41,860.9044444444459,0 days 00:00:58.331000,10527.64,138.88,5,0.0,True,0,pos,3469.8482804818336,0.7958567391239694,OnTrack,2029.0,-238.0,2323.0,4416.0,58.331
2026-07-25 15:00:24.431,0 days 01:13:36.016000,41,861.526666666668,0 days 00:00:58.347000,10477.0,138.0,3,0.0,True,0,car,3470.4427777777782,0.7959930951375824,OnTrack,2022.7188281714791,-241.59211942362012,2322.7790387586947,4416.016,58.347
2026-07-25 15:00:24.711,0 days 01:13:36.296000,41,872.7266666666683,0 days 00:00:58.627000,9852.0,129.0,3,0.0,True,0,car,3480.4761111111115,0.798294376145783,OnTrack,1895.806216278894,-294.41354621695115,2319.0492886965276,4416.296,58.627
2026-07-25 15:00:24.716,0 days 01:13:36.301000,41,872.9280529777794,0 days 00:00:58.632000,9845.4063344,128.8906264,3,0.0,True,0,pos,3480.649913421749,0.7983342400617285,OnTrack,1894.0,-295.0,2319.0,4416.301,58.632
2026-07-25 15:00:25.031,0 days 01:13:36.616000,41,885.6155555555565,0 days 00:00:58.947000,9430.0,122.0,3,0.0,True,0,car,3491.320555555556,0.8007816964824429,OnTrack,1824.0614013007407,-304.2501884319598,2317.328199812701,4416.616,58.947
2026-07-25 15:00:25.116,0 days 01:13:36.701000,41,888.9683308088902,0 days 00:00:59.032000,9331.8959072,120.9375008,3,0.0,True,0,pos,3494.1548681753893,0.8014317845027078,OnTrack,1803.0,-302.0,2317.0,4416.701,59.032
2026-07-25 15:00:25.271,0 days 01:13:36.856000,41,895.0822222222241,0 days 00:00:59.187000,9153.0,119.0,3,0.0,False,0,car,3499.253888888889,0.8026013140238107,OnTrack,1753.268649853566,-294.92688148179786,2316.2117442685794,4416.856,59.187
2026-07-25 15:00:25.296,0 days 01:13:36.881000,41,896.082219662224,0 days 00:00:59.212000,9137.37504,118.3750016,3,0.1562496,False,0,pos,3500.061052888212,0.8027864480286757,OnTrack,1745.0,-293.0,2316.0,4416.881,59.212
2026-07-25 15:00:25.431,0 days 01:13:37.016000,41,901.4822222222238,0 days 00:00:59.347000,9053.0,115.0,3,1.0,False,0,car,3504.3650000000002,0.8037736166414988,OnTrack,1702.0555880076681,-278.3298899345934,2314.422478116058,4417.016,59.347
2026-07-25 15:00:25.476,0 days 01:13:37.061000,41,903.2197197511126,0 days 00:00:59.392000,9092.749943466666,115.0,3,4.8749944888888885,False,0,pos,3505.7945222833396,0.8041014969552646,OnTrack,1689.0,-273.0,2314.0,4417.061,59.392
2026-07-25 15:00:25.736,0 days 01:13:37.321000,41,913.2586086400012,0 days 00:00:59.652000,9322.416610133334,115.0,3,27.263883377777777,False,0,pos,3514.079258788568,0.8060017135775995,OnTrack,1616.0,-233.0,2313.0,4417.321,59.652
2026-07-25 15:00:25.791,0 days 01:13:37.376000,41,915.3822222222234,0 days 00:00:59.707000,9371.0,115.0,3,32.0,False,0,car,3515.8650000000002,0.8064112975312969,OnTrack,1593.1007544096296,-215.681414305431,2312.456406807062,4417.376,59.707
2026-07-25 15:00:25.916,0 days 01:13:37.501000,41,919.861386595557,0 days 00:00:59.832000,9581.763780977777,117.43055431111111,3,37.20833066666667,False,0,pos,3519.980392640405,0.8073552186201328,OnTrack,1538.0,-171.0,2311.0,4417.501,59.832
2026-07-25 15:00:26.151,0 days 01:13:37.736000,41,928.2822222222239,0 days 00:01:00.067000,9978.0,122.0,3,47.0,False,0,car,3528.065,0.8092095329100392,OnTrack,1488.7062851766975,-126.59199901097689,2310.6732972921545,4417.736,60.067
2026-07-25 15:00:26.356,0 days 01:13:37.941000,41,934.7738868622241,0 days 00:01:00.272000,10694.2185264,130.9687472,3,58.5312464,False,0,pos,3535.700297666614,0.8109607919311824,OnTrack,1459.0,-93.0,2310.0,4417.941,60.272
2026-07-25 15:00:26.436,0 days 01:13:38.021000,41,937.3072201955575,0 days 00:01:00.352000,10973.7185264,134.4687472,3,63.0312464,False,0,pos,3538.789114935019,0.8116692540425693,OnTrack,1440.0,-72.0,2309.0,4418.021,60.352
2026-07-25 15:00:26.471,0 days 01:13:38.056000,41,938.4155555555576,0 days 00:01:00.387000,11096.0,136.0,3,65.0,False,0,car,3540.153888888889,0.8119822834492665,OnTrack,1430.1911517702163,-60.90176241037159,2308.5406445904496,4418.056,60.387
2026-07-25 15:00:26.711,0 days 01:13:38.296000,41,945.3488888888901,0 days 00:01:00.627000,11372.0,145.0,3,86.0,False,0,car,3549.820555555556,0.8141994644870678,OnTrack,1345.3841665750374,38.97002863765465,2305.6180838402374,4418.296,60.627
2026-07-25 15:00:26.796,0 days 01:13:38.381000,41,947.4266651022235,0 days 00:01:00.712000,11321.0000384,149.8571392,3,90.2499968,False,0,pos,3553.4743176812844,0.8150375043596679,OnTrack,1322.0,67.0,2305.0,4418.381,60.712
2026-07-25 15:00:26.991,0 days 01:13:38.576000,41,952.193333333335,0 days 00:01:00.907000,11204.0,161.0,4,100.0,False,0,car,3562.342777777778,0.8170716059004035,OnTrack,1294.0198671915791,101.32728240510303,2304.6930545640516,4418.576,60.907
2026-07-25 15:00:27.176,0 days 01:13:38.761000,41,955.8419431822235,0 days 00:01:01.092000,11255.38887111111,169.7361080888889,4,100.0,False,0,pos,3571.3169980386883,0.8191299649684941,OnTrack,1243.0,165.0,2303.0,4418.761,61.092
2026-07-25 15:00:27.336,0 days 01:13:38.921000,41,958.9974987377789,0 days 00:01:01.252000,11299.833315555556,177.29166364444444,4,100.0,False,0,pos,3579.379295153192,0.8209791621012592,OnTrack,1150.0,280.0,2299.0,4418.921,61.252
2026-07-25 15:00:27.351,0 days 01:13:38.936000,41,959.2933333333344,0 days 00:01:01.267000,11304.0,178.0,4,100.0,False,0,car,3580.142777777778,0.8211542771906997,OnTrack,1142.5296498463647,289.1862891158112,2298.6871391116742,4418.936,61.267
2026-07-25 15:00:27.551,0 days 01:13:39.136000,41,962.7377777777797,0 days 00:01:01.467000,10603.0,187.0,5,100.0,False,0,car,3590.5316666666668,0.8235371096853481,OnTrack,1083.7832263807784,360.15156455953075,2296.5773490785587,4419.136,61.467
2026-07-25 15:00:27.791,0 days 01:13:39.376000,41,965.937777777779,0 days 00:01:01.707000,11405.0,201.0,5,100.0,False,0,car,3603.931666666667,0.826610581330852,OnTrack,1040.5004377828643,408.306688057388,2296.0270146970524,4419.376,61.707
2026-07-25 15:00:27.796,0 days 01:13:39.381000,41,966.0002769777791,0 days 00:01:01.712000,11408.9374496,201.0937488,5,100.0,False,0,pos,3604.2143788984695,0.8266754252135595,OnTrack,1039.0,410.0,2296.0,4419.381,61.712
2026-07-25 15:00:27.951,0 days 01:13:39.536000,41,967.937777777779,0 days 00:01:01.867000,11531.0,204.0,5,100.0,False,0,car,3612.9983333333334,0.8286901442352724,OnTrack,980.7111894857475,476.0651231205874,2294.8528788733393,4419.536,61.867
2026-07-25 15:00:28.056,0 days 01:13:39.641000,41,969.1336103822238,0 days 00:01:01.972000,11722.09988352,206.09999872,5,100.0,False,0,pos,3619.010709365735,0.8300691641798763,OnTrack,940.0,522.0,2294.0,4419.641,61.972
2026-07-25 15:00:28.151,0 days 01:13:39.736000,41,970.2155555555573,0 days 00:01:02.067000,11895.0,208.0,5,100.0,False,0,car,3624.553888888889,0.8313405675448281,OnTrack,908.480156839854,557.1526364683875,2293.314876549322,4419.736,62.067
2026-07-25 15:00:28.356,0 days 01:13:39.941000,41,971.8669439288909,0 days 00:01:02.272000,12187.857051428571,216.0535689142857,5,100.0,False,0,pos,3636.97718524225,0.8341900189691374,OnTrack,844.0,628.0,2292.0,4419.941,62.272
2026-07-25 15:00:28.431,0 days 01:13:40.016000,41,972.4711111111133,0 days 00:01:02.347000,12295.0,219.0,5,100.0,False,0,car,3641.5872222222224,0.835247393442471,OnTrack,814.2015449650963,660.7471409818054,2291.511549383342,4420.016,62.347
2026-07-25 15:00:28.516,0 days 01:13:40.101000,41,972.990555045291,0 days 00:01:02.432000,12118.297664619891,219.0,5,69.53408010687768,False,0,pos,3646.819200636284,0.8364474186145237,OnTrack,778.0,700.0,2291.0,4420.101,62.432
2026-07-25 15:00:28.710,0 days 01:13:40.295000,41,974.1761111111132,0 days 00:01:02.626000,11715.0,219.0,5,0.0,True,0,car,3658.5597222222223,0.8391402663904795,OnTrack,694.7902080398436,785.6509889427991,2290.224808370712,4420.295,62.626
2026-07-25 15:00:28.836,0 days 01:13:40.421000,41,975.2961099733354,0 days 00:01:02.752000,11247.54047488,208.29001088,5,0.0,True,0,pos,3665.7514552567372,0.8407897878504507,OnTrack,641.0,838.0,2290.0,4420.421,62.752
2026-07-25 15:00:28.910,0 days 01:13:40.495000,41,975.953888888891,0 days 00:01:02.826000,10973.0,202.0,5,0.0,True,0,car,3669.7819444444444,0.8417142351814901,OnTrack,609.68232949387,867.453169920391,2289.9665316339083,4420.495,62.826
2026-07-25 15:00:29.036,0 days 01:13:40.621000,41,977.6688871466689,0 days 00:01:02.952000,11097.8186232,192.5500096,5,0.0,True,0,pos,3676.2859613073465,0.8432060196150728,OnTrack,558.0,914.0,2290.0,4420.621,62.952
2026-07-25 15:00:29.230,0 days 01:13:40.815000,41,980.3094444444469,0 days 00:01:03.146000,11290.0,178.0,5,0.0,True,0,car,3685.6041666666665,0.84534327632842,OnTrack,484.3663497168091,972.7962461131706,2289.9995625217234,4420.815,63.146
2026-07-25 15:00:29.296,0 days 01:13:40.881000,41,981.3177758222248,0 days 00:01:03.212000,11230.187616,172.2250112,5,0.0,True,0,pos,3688.6529512315665,0.8460425563965893,OnTrack,455.0,992.0,2290.0,4420.881,63.212
2026-07-25 15:00:29.390,0 days 01:13:40.975000,41,982.7538888888917,0 days 00:01:03.306000,11145.0,164.0,4,0.0,True,0,car,3692.8930555555553,0.8470150818006011,OnTrack,406.45481377849524,1020.0229276846121,2290.0095584359715,4420.975,63.306
2026-07-25 15:00:29.496,0 days 01:13:41.081000,41,984.2849981511138,0 days 00:01:03.412000,11590.1994624,159.23000576,4,0.0,True,0,pos,3697.533571038847,0.8480794469318264,OnTrack,352.0,1048.0,2290.0,4421.081,63.412
2026-07-25 15:00:29.590,0 days 01:13:41.175000,41,985.6427777777803,0 days 00:01:03.506000,11985.0,155.0,3,0.0,True,0,car,3701.5041666666666,0.8489901568630104,OnTrack,313.6274060294703,1065.07209449513,2289.94088554167,4421.175,63.506
2026-07-25 15:00:29.790,0 days 01:13:41.375000,41,988.8094444444464,0 days 00:01:03.706000,11168.0,143.0,3,0.0,True,0,car,3709.448611111111,0.8508123228883299,OnTrack,255.05802570874653,1081.3173852207624,2289.817541377093,4421.375,63.706
2026-07-25 15:00:29.875,0 days 01:13:41.460000,41,990.24972113778,0 days 00:01:03.791000,11344.640492,139.2812528,3,0.0,True,0,pos,3712.623623166528,0.8515405549425433,OnTrack,228.0,1086.0,2290.0,4421.46,63.791
2026-07-25 15:00:30.110,0 days 01:13:41.695000,41,994.2316666666698,0 days 00:01:04.026000,11833.0,129.0,3,0.0,True,0,car,3720.915277777777,0.8534423583262734,OnTrack,141.79947151180542,1094.959834235558,2290.9926844108363,4421.695,64.026
2026-07-25 15:00:30.115,0 days 01:13:41.700000,41,994.319165569906,0 days 00:01:04.031000,11823.581030926083,128.83402697667105,3,0.0,True,0,pos,3721.08744173537,0.8534818464637389,OnTrack,140.0,1095.0,2291.0,4421.7,64.031
2026-07-25 15:00:30.275,0 days 01:13:41.860000,41,997.1191663134745,0 days 00:01:04.191000,11522.17016250162,123.52282224672457,3,0.0,True,0,pos,3726.5133900415667,0.8547263612599378,OnTrack,84.0,1092.0,2291.0,4421.86,64.191
2026-07-25 15:00:30.351,0 days 01:13:41.936000,41,998.4491666666695,0 days 00:01:04.267000,11379.0,121.0,2,0.0,True,0,car,3729.015555555555,0.8553002668390125,OnTrack,56.312048081156945,1087.4702602476875,2291.3071613773027,4421.936,64.267
2026-07-25 15:00:30.575,0 days 01:13:42.160000,41,1001.995833333336,0 days 00:01:04.491000,10861.933333333332,115.4,2,0.0,True,0,pos,3736.072187623894,0.8569188010610119,OnTrack,-23.0,1066.0,2293.0,4422.16,64.491
2026-07-25 15:00:30.711,0 days 01:13:42.296000,41,1004.1491666666693,0 days 00:01:04.627000,10548.0,112.0,2,0.0,True,0,car,3740.2155555555546,0.8578691386621201,OnTrack,-58.16526571091585,1051.8858181210956,2293.4751061769716,4422.296,64.627
2026-07-25 15:00:30.871,0 days 01:13:42.456000,41,1006.5936111111137,0 days 00:01:04.787000,10328.0,108.0,2,0.0,False,0,car,3745.015555555555,0.8589700837291663,OnTrack,-93.09309053647557,1031.6104600052843,2293.978139022839,4422.456,64.787
2026-07-25 15:00:30.875,0 days 01:13:42.460000,41,1006.6502777777804,0 days 00:01:04.791000,10320.233333333334,107.95,2,0.0,False,0,pos,3745.134515521437,0.8589973688099194,OnTrack,-94.0,1031.0,2294.0,4422.46,64.791
2026-07-25 15:00:31.111,0 days 01:13:42.696000,41,1009.9936111111142,0 days 00:01:05.027000,9862.0,105.0,2,0.0,False,0,car,3752.015555555555,0.8605756286186086,OnTrack,-148.6635855977069,987.1729697468292,2295.8289518193,4422.696,65.027
2026-07-25 15:00:31.136,0 days 01:13:42.721000,41,1010.3269435911142,0 days 00:01:05.052000,9827.982229942858,104.3750016,2,0.5357129142857143,False,0,pos,3752.717264963017,0.8607365751833265,OnTrack,-154.0,982.0,2296.0,4422.721,65.052
2026-07-25 15:00:31.316,0 days 01:13:42.901000,41,1012.7269435911137,0 days 00:01:05.232000,9583.053658514285,99.8750016,2,4.392855771428572,False,0,pos,3757.6132916006563,0.8618595452614173,OnTrack,-188.0,943.0,2297.0,4422.901,65.232
2026-07-25 15:00:31.391,0 days 01:13:42.976000,41,1013.7269444444469,0 days 00:01:05.307000,9481.0,98.0,2,6.0,False,0,car,3759.637777777777,0.8623238886093347,OnTrack,-199.7179165276438,926.0518689701621,2297.508203019343,4422.976,65.307
2026-07-25 15:00:31.456,0 days 01:13:43.041000,41,1014.3949993422248,0 days 00:01:05.372000,9558.187424,98.16249984,2,9.41249664,False,0,pos,3761.3999686997813,0.8627280709849127,OnTrack,-209.0,911.0,2298.0,4423.041,65.372
2026-07-25 15:00:31.716,0 days 01:13:43.301000,41,1017.0672215644474,0 days 00:01:05.632000,9866.937424,98.81249984,2,23.06249664,False,0,pos,3768.536569480989,0.8643649471152351,OnTrack,-240.0,847.0,2300.0,4423.301,65.632
2026-07-25 15:00:31.791,0 days 01:13:43.376000,41,1017.8380555555586,0 days 00:01:05.707000,9956.0,99.0,2,27.0,False,0,car,3770.6377777777766,0.8648468877213153,OnTrack,-246.6035332113163,827.4809284572742,2300.345291757723,4423.376,65.707
2026-07-25 15:00:31.996,0 days 01:13:43.581000,41,1019.2616662222252,0 days 00:01:05.912000,10362.339158857143,101.92857051428571,2,27.732142628571427,False,0,pos,3776.4860781213415,0.8661882746825346,OnTrack,-259.0,772.0,2301.0,4423.581,65.912
2026-07-25 15:00:32.071,0 days 01:13:43.656000,41,1019.782500000003,0 days 00:01:05.987000,10511.0,103.0,2,28.0,False,0,car,3778.6488888888875,0.8666843446503437,OnTrack,-261.5095794679482,751.0710123995818,2301.3948954168513,4423.656,65.987
2026-07-25 15:00:32.156,0 days 01:13:43.741000,41,1020.1838885866697,0 days 00:01:06.072000,10608.142784,103.6071424,2,28.9107136,False,0,pos,3781.109328425565,0.8672486798109,OnTrack,-263.0,727.0,2302.0,4423.741,66.072
2026-07-25 15:00:32.351,0 days 01:13:43.936000,41,1021.1047222222255,0 days 00:01:06.267000,10831.0,105.0,2,31.0,False,0,car,3786.815555555554,0.868557480354693,OnTrack,-260.7204995724752,670.8401111816283,2303.8526115102704,4423.936,66.267
2026-07-25 15:00:32.396,0 days 01:13:43.981000,41,1021.2047220800034,0 days 00:01:06.312000,10842.410698057143,105.64285622857143,2,31.964284342857145,False,0,pos,3788.152362068213,0.8688640950496319,OnTrack,-259.0,658.0,2304.0,4423.981,66.312
2026-07-25 15:00:32.456,0 days 01:13:44.041000,41,1021.3380554133369,0 days 00:01:06.372000,10857.62498377143,106.49999908571428,2,33.249998628571426,False,0,pos,3789.9469418136937,0.8692757062409252,OnTrack,-256.0,641.0,2304.0,4424.041,66.372
2026-07-25 15:00:32.631,0 days 01:13:44.216000,41,1021.7269444444482,0 days 00:01:06.547000,10902.0,109.0,2,37.0,False,0,car,3795.2933333333317,0.8705019736096843,OnTrack,-243.04851211356927,590.652184269279,2305.625117307588,4424.216,66.547
2026-07-25 15:00:32.831,0 days 01:13:44.416000,41,1021.6158333333374,0 days 00:01:06.747000,11583.0,115.0,2,42.0,False,0,car,3801.682222222221,0.8719673518817944,OnTrack,-219.71491281752435,532.4486866068835,2308.9289657671507,4424.416,66.747
2026-07-25 15:00:32.836,0 days 01:13:44.421000,41,1021.5936113955596,0 days 00:01:06.752000,11597.2810672,115.1249984,2,42.2031224,False,0,pos,3801.8464749027626,0.8720050254606261,OnTrack,-219.0,531.0,2309.0,4424.421,66.752
2026-07-25 15:00:32.996,0 days 01:13:44.581000,41,1020.8825002844486,0 days 00:01:06.912000,12054.2810672,119.1249984,2,48.7031224,False,0,pos,3807.2262919671807,0.8732389594311848,OnTrack,-193.0,485.0,2311.0,4424.581,66.912
2026-07-25 15:00:33.151,0 days 01:13:44.736000,41,1020.1936111111154,0 days 00:01:07.067000,12497.0,123.0,2,55.0,False,0,car,3812.615555555554,0.874475060090066,OnTrack,-163.25191897047122,441.8876506531871,2312.685444798636,4424.736,67.067
2026-07-25 15:00:33.176,0 days 01:13:44.761000,41,1020.013056017782,0 days 00:01:07.092000,12484.500032,123.9374976,2,55.9374976,False,0,pos,3813.496852718327,0.8746771975408905,OnTrack,-158.0,435.0,2313.0,4424.761,67.092
2026-07-25 15:00:33.311,0 days 01:13:44.896000,41,1019.0380555555594,0 days 00:01:07.227000,12417.0,129.0,2,61.0,False,0,car,3818.3488888888874,0.875790077809038,OnTrack,-127.33432440444835,397.9354117419155,2315.0438368898785,4424.896,67.227
2026-07-25 15:00:33.436,0 days 01:13:45.021000,41,1017.5797229688926,0 days 00:01:07.352000,11916.107399314285,133.91071177142857,2,65.91071177142857,False,0,pos,3823.0915700141245,0.8768778760151635,OnTrack,-97.0,365.0,2317.0,4425.021,67.352
2026-07-25 15:00:33.576,0 days 01:13:45.161000,41,1015.9463896355592,0 days 00:01:07.492000,11355.107399314285,139.41071177142857,2,71.41071177142857,False,0,pos,3828.6352852156847,0.8781494022452189,OnTrack,-59.0,328.0,2319.0,4425.161,67.492
2026-07-25 15:00:33.591,0 days 01:13:45.176000,41,1015.7713888888925,0 days 00:01:07.507000,11295.0,140.0,3,72.0,False,0,car,3829.2377777777765,0.8782875920815038,OnTrack,-53.629909449775944,323.1281068509052,2319.269504762537,4425.176,67.507
2026-07-25 15:00:33.796,0 days 01:13:45.381000,41,1012.6963898488933,0 days 00:01:07.712000,12019.3331072,147.6874976,3,77.9791648,False,0,pos,3837.671131492455,0.8802218960754268,OnTrack,40.0,243.0,2324.0,4425.381,67.712
2026-07-25 15:00:33.831,0 days 01:13:45.416000,41,1012.1713888888935,0 days 00:01:07.747000,12143.0,149.0,3,79.0,False,0,car,3839.1711111111094,0.8805659367341409,OnTrack,55.153719798428305,230.67981684166986,2324.819209849034,4425.416,67.747
2026-07-25 15:00:34.111,0 days 01:13:45.696000,41,1006.5713888888931,0 days 00:01:08.027000,11093.0,163.0,4,98.0,False,0,car,3851.8488888888874,0.8834737569227975,OnTrack,153.68446619902537,157.33225332917354,2330.8046294877895,4425.696,68.027
2026-07-25 15:00:34.236,0 days 01:13:45.821000,41,1003.6894459200041,0 days 00:01:08.152000,11299.2498944,168.62499712,4,99.24999936,False,0,pos,3857.769639818585,0.8848317614080599,OnTrack,192.0,130.0,2333.0,4425.821,68.152
2026-07-25 15:00:34.311,0 days 01:13:45.896000,41,1001.9602777777818,0 days 00:01:08.227000,11423.0,172.0,4,100.0,False,0,car,3861.404444444443,0.8856654531210839,OnTrack,214.41307436870727,113.84456547284448,2334.153391785508,4425.896,68.227
2026-07-25 15:00:34.511,0 days 01:13:46.096000,41,996.7380555555592,0 days 00:01:08.427000,12241.0,181.0,4,100.0,False,0,car,3871.4599999999987,0.8879718310971876,OnTrack,274.4485046287955,70.25076920817502,2336.9129862444947,4426.096,68.427
2026-07-25 15:00:34.616,0 days 01:13:46.201000,41,993.5588908266707,0 days 00:01:08.532000,11911.750200685714,185.87499702857144,4,100.0,False,0,pos,3876.9943917662504,0.88924121887097,OnTrack,313.0,43.0,2339.0,4426.201,68.532
2026-07-25 15:00:34.776,0 days 01:13:46.361000,41,988.7144463822268,0 days 00:01:08.692000,11410.035914971428,193.30356845714286,4,100.0,False,0,pos,3885.7189776537766,0.8912423209115728,OnTrack,382.0,-5.0,2343.0,4426.361,68.692
2026-07-25 15:00:34.791,0 days 01:13:46.376000,41,988.2602777777824,0 days 00:01:08.707000,11363.0,194.0,4,100.0,False,0,car,3886.5488888888867,0.8914326723033186,OnTrack,388.57304144981055,-9.622691560376856,2343.327186556514,4426.376,68.707
2026-07-25 15:00:34.936,0 days 01:13:46.521000,41,983.3866688177825,0 days 00:01:08.852000,11356.47500288,200.52499712,4,100.0,False,0,pos,3894.677967051349,0.8932971865746926,OnTrack,452.0,-55.0,2346.0,4426.521,68.852
2026-07-25 15:00:34.991,0 days 01:13:46.576000,41,981.5380555555603,0 days 00:01:08.907000,11354.0,203.0,5,100.0,False,0,car,3897.8266666666646,0.8940193835140867,OnTrack,476.695266128365,-73.05005929753925,2347.03357146058,4426.576,68.907
2026-07-25 15:00:35.176,0 days 01:13:46.761000,41,974.6519468266713,0 days 00:01:09.092000,11722.01772982857,209.60714057142857,5,100.0,False,0,pos,3908.7072398041373,0.8965149904562398,OnTrack,561.0,-136.0,2351.0,4426.761,69.092
2026-07-25 15:00:35.271,0 days 01:13:46.856000,41,971.1158333333378,0 days 00:01:09.187000,11911.0,213.0,5,100.0,False,0,car,3914.393333333331,0.8978191730857669,OnTrack,602.8183014806258,-167.85427262839968,2353.499192666595,4426.856,69.187
2026-07-25 15:00:35.356,0 days 01:13:46.941000,41,967.8575037648664,0 days 00:01:09.272000,11862.352257468274,214.60377173181516,5,63.113250168251504,False,0,pos,3919.509226818031,0.8989925726056656,OnTrack,644.0,-201.0,2356.0,4426.941,69.272
2026-07-25 15:00:35.430,0 days 01:13:47.015000,41,965.0208333333371,0 days 00:01:09.346000,11820.0,216.0,5,31.0,False,0,car,3923.9333333333316,0.9000073014065212,OnTrack,686.0684963461345,-236.9364870878114,2358.3706073921735,4427.015,69.346
2026-07-25 15:00:35.676,0 days 01:13:47.261000,41,956.0691713244487,0 days 00:01:09.592000,11552.035853714286,208.09286125714286,5,3.7642998857142858,False,0,pos,3938.1337455428197,0.9032643584423666,OnTrack,835.0,-374.0,2366.0,4427.261,69.592
2026-07-25 15:00:35.710,0 days 01:13:47.295000,41,954.8319444444487,0 days 00:01:09.626000,11515.0,207.0,5,0.0,True,0,car,3940.0333333333315,0.9037000546522385,OnTrack,849.8233924781516,-388.7903976663711,2366.6979955370284,4427.295,69.626
2026-07-25 15:00:35.870,0 days 01:13:47.455000,41,949.4541666666719,0 days 00:01:09.786000,11976.0,196.0,5,0.0,True,0,car,3948.7444444444423,0.905698066070211,OnTrack,896.5654336308362,-440.9739798588434,2368.619177627154,4427.455,69.786
2026-07-25 15:00:36.070,0 days 01:13:47.655000,41,943.2875000000054,0 days 00:01:09.986000,11965.0,185.0,5,0.0,True,0,car,3959.02222222222,0.9080554137253446,OnTrack,935.6283070856322,-501.694277701504,2369.9459771616234,4427.655,69.986
2026-07-25 15:00:36.076,0 days 01:13:47.661000,41,943.1108371022276,0 days 00:01:09.992000,11942.0129904,184.7750048,5,0.0,True,0,pos,3959.3248219435673,0.908124819073367,OnTrack,937.0,-504.0,2370.0,4427.661,69.992
2026-07-25 15:00:36.230,0 days 01:13:47.815000,41,938.5763888888946,0 days 00:01:10.146000,11352.0,179.0,4,0.0,True,0,car,3966.9777777777754,0.9098801282346155,OnTrack,974.9737174224135,-571.507227376125,2371.592352154967,4427.815,70.146
2026-07-25 15:00:36.275,0 days 01:13:47.860000,41,937.3763905955614,0 days 00:01:10.191000,11256.000136533334,176.7500032,4,0.0,True,0,pos,3969.140934847177,0.9103762776314493,OnTrack,985.0,-592.0,2372.0,4427.86,70.191
2026-07-25 15:00:36.415,0 days 01:13:48,41,933.6430572622282,0 days 00:01:10.331000,10957.333469866666,169.7500032,4,0.0,True,0,pos,3975.639352156573,0.91186677773153,OnTrack,1010.0,-654.0,2373.0,4428.0,70.331
2026-07-25 15:00:36.470,0 days 01:13:48.055000,41,932.176388888895,0 days 00:01:10.386000,10840.0,167.0,4,0.0,True,0,car,3978.1111111111086,0.9124337091540141,OnTrack,1017.7908471999007,-677.3828030303303,2373.4487910612334,4428.055,70.386
2026-07-25 15:00:36.635,0 days 01:13:48.220000,41,928.2805570666726,0 days 00:01:10.551000,10490.61263552,161.22500224,4,0.0,True,0,pos,3985.2677448646455,0.9140751801181001,OnTrack,1035.0,-753.0,2375.0,4428.22,70.551
2026-07-25 15:00:36.870,0 days 01:13:48.455000,41,922.7319444444502,0 days 00:01:10.786000,9993.0,153.0,4,0.0,True,0,car,3995.111111111109,0.9163328895998027,OnTrack,1044.948415813558,-897.5497655569868,2376.9659688460974,4428.455,70.786
2026-07-25 15:00:36.875,0 days 01:13:48.460000,41,922.6152792247406,0 days 00:01:10.791000,9983.062235055795,152.9378889690987,4,0.0,True,0,pos,3995.321392561532,0.9163811205009558,OnTrack,1045.0,-900.0,2377.0,4428.46,70.791
2026-07-25 15:00:37.031,0 days 01:13:48.616000,41,918.9752777777835,0 days 00:01:10.947000,9673.0,151.0,4,0.0,False,0,car,4001.8641666666645,0.917881794433423,OnTrack,1043.4793787805486,-953.3050426724808,2377.8629166420956,4428.616,70.947
2026-07-25 15:00:37.215,0 days 01:13:48.800000,41,914.8352777777834,0 days 00:01:11.131000,9473.666666666666,146.4,4,0.0,False,0,pos,4009.3046382049943,0.9195883674410524,OnTrack,1034.0,-999.0,2379.0,4428.8,71.131
2026-07-25 15:00:37.271,0 days 01:13:48.856000,41,913.5752777777834,0 days 00:01:11.187000,9413.0,145.0,4,0.0,False,0,car,4011.530833333331,0.9200989754712242,OnTrack,1029.4912638858032,-1019.2592835777452,2379.5242198691294,4428.856,71.187
2026-07-25 15:00:37.415,0 days 01:13:49,41,910.4952777777829,0 days 00:01:11.331000,9256.4,142.6,4,0.0,False,0,pos,4017.206905465138,0.921400859557414,OnTrack,1015.0,-1078.0,2381.0,4429.0,71.331
2026-07-25 15:00:37.511,0 days 01:13:49.096000,41,908.4419444444493,0 days 00:01:11.427000,9152.0,141.0,4,0.0,False,0,car,4020.9308333333315,0.9222549928941898,OnTrack,1003.8208025296267,-1112.6525355143021,2381.73315812133,4429.096,71.427
2026-07-25 15:00:37.716,0 days 01:13:49.301000,41,904.2280568711159,0 days 00:01:11.632000,8932.4792352,136.729168,4,0.0,False,0,pos,4028.690954330208,0.9240348818381882,OnTrack,968.0,-1184.0,2383.0,4429.301,71.632
2026-07-25 15:00:37.751,0 days 01:13:49.336000,41,903.5086111111159,0 days 00:01:11.667000,8895.0,136.0,4,0.0,False,0,car,4029.997499999998,0.9243345557986102,OnTrack,958.5413101064032,-1198.3457990793538,2383.2735868518644,4429.336,71.667
2026-07-25 15:00:37.951,0 days 01:13:49.536000,41,899.5086111111154,0 days 00:01:11.867000,8764.0,133.0,4,3.0,False,0,car,4037.3863888888873,0.926029297626355,OnTrack,895.08592122377,-1283.160158116857,2384.8869698261738,4429.536,71.867
2026-07-25 15:00:37.976,0 days 01:13:49.561000,41,899.0016679644488,0 days 00:01:11.892000,8759.12501248,132.87500032,4,6.6249907199999996,False,0,pos,4038.302056588717,0.9262393184257675,OnTrack,889.0,-1291.0,2385.0,4429.561,71.892
2026-07-25 15:00:38.151,0 days 01:13:49.736000,41,895.4530555555598,0 days 00:01:12.067000,8725.0,132.0,4,32.0,False,0,car,4044.7197222222203,0.9277112970343421,OnTrack,864.1152580093876,-1322.118158789508,2385.038974888279,4429.736,72.067
2026-07-25 15:00:38.296,0 days 01:13:49.881000,41,892.1905569955596,0 days 00:01:12.212000,8999.04987904,134.53749888,4,36.71249792,False,0,pos,4050.202281109479,0.9289687962346997,OnTrack,830.0,-1347.0,2385.0,4429.881,72.212
2026-07-25 15:00:38.536,0 days 01:13:50.121000,41,886.7905569955593,0 days 00:01:12.452000,9452.64987904,138.73749888,4,44.51249792,False,0,pos,4059.5718126410106,0.9311178253014024,OnTrack,708.0,-1423.0,2386.0,4430.121,72.452
2026-07-25 15:00:38.551,0 days 01:13:50.136000,41,886.4530555555593,0 days 00:01:12.467000,9481.0,139.0,4,45.0,False,0,car,4060.164166666665,0.9312536897269212,OnTrack,701.560906931001,-1426.7144098432466,2386.047534669434,4430.136,72.467
2026-07-25 15:00:38.831,0 days 01:13:50.416000,41,879.6863888888929,0 days 00:01:12.747000,9761.0,144.0,4,50.0,False,0,car,4071.3641666666654,0.933822561550029,OnTrack,633.0309461559452,-1456.5571235967943,2386.1716288296725,4430.416,72.747
2026-07-25 15:00:38.976,0 days 01:13:50.561000,41,876.0211127288931,0 days 00:01:12.892000,9884.7030704,145.8124992,4,53.1718736,False,0,pos,4077.2836858722003,0.9351802835226579,OnTrack,595.0,-1465.0,2386.0,4430.561,72.892
2026-07-25 15:00:39.151,0 days 01:13:50.736000,41,871.5975000000044,0 days 00:01:13.067000,10034.0,148.0,4,57.0,False,0,car,4084.5197222222205,0.9368399665485998,OnTrack,525.1306326665374,-1480.7208354178945,2385.8069414359716,4430.736,73.067
2026-07-25 15:00:39.236,0 days 01:13:50.821000,41,869.3308350400046,0 days 00:01:13.152000,10227.0712832,149.517856,4,60.035712,False,0,pos,4088.061259807694,0.9376522662016177,OnTrack,489.0,-1487.0,2386.0,4430.821,73.152
2026-07-25 15:00:39.416,0 days 01:13:51.001000,41,864.5308350400048,0 days 00:01:13.332000,10635.928426057142,152.73214171428572,4,66.46428342857143,False,0,pos,4095.7523983520764,0.9394163330850357,OnTrack,414.0,-1493.0,2387.0,4431.001,73.332
2026-07-25 15:00:39.431,0 days 01:13:51.016000,41,864.1308333333382,0 days 00:01:13.347000,10670.0,153.0,4,67.0,False,0,car,4096.41972222222,0.9395693928606517,OnTrack,407.06685843920786,-1493.14364982802,2387.0311511284494,4431.016,73.347
2026-07-25 15:00:39.536,0 days 01:13:51.121000,41,860.8641686577824,0 days 00:01:13.452000,10971.874816,158.5781216,4,71.2656224,False,0,pos,4101.213939334328,0.940669011543969,OnTrack,361.0,-1493.0,2387.0,4431.121,73.452
2026-07-25 15:00:39.736,0 days 01:13:51.321000,41,854.6419464355598,0 days 00:01:13.652000,11546.874816,169.2031216,4,79.3906224,False,0,pos,4110.800431668566,0.9428678035118135,OnTrack,329.0,-1489.0,2387.0,4431.321,73.652
2026-07-25 15:00:39.751,0 days 01:13:51.336000,41,854.175277777782,0 days 00:01:13.667000,11590.0,170.0,4,80.0,False,0,car,4111.530833333331,0.9430353310346858,OnTrack,324.08064216888033,-1488.3698104935384,2386.993972929353,4431.336,73.667
2026-07-25 15:00:39.896,0 days 01:13:51.481000,41,849.4225020977827,0 days 00:01:13.812000,12074.843536,177.2499968,4,98.124992,False,0,pos,4118.68516191648,0.944676273276695,OnTrack,253.0,-1479.0,2387.0,4431.481,73.812
2026-07-25 15:00:39.911,0 days 01:13:51.496000,41,848.9308333333383,0 days 00:01:13.827000,12125.0,178.0,4,100.0,False,0,car,4119.441944444442,0.9448498516081507,OnTrack,245.4084731875246,-1477.590645344257,2387.038219160596,4431.496,73.827
2026-07-25 15:00:40.096,0 days 01:13:51.681000,41,842.4044467022266,0 days 00:01:14.012000,12139.45312,184.9374976,4,100.0,False,0,pos,4129.083455819196,0.947061262938756,OnTrack,157.0,-1453.0,2388.0,4431.681,74.012
2026-07-25 15:00:40.231,0 days 01:13:51.816000,41,837.6419444444482,0 days 00:01:14.147000,12150.0,190.0,4,100.0,False,0,car,4136.330833333332,0.9487235472144244,OnTrack,92.07459986392588,-1426.8972613358962,2388.619519930638,4431.816,74.147
2026-07-25 15:00:40.376,0 days 01:13:51.961000,41,832.325280124449,0 days 00:01:14.292000,11516.35027968,195.07499776,4,100.0,False,0,pos,4144.216900857964,0.9505323237018487,OnTrack,22.0,-1392.0,2389.0,4431.961,74.292
2026-07-25 15:00:40.431,0 days 01:13:52.016000,41,830.3086111111161,0 days 00:01:14.347000,11276.0,197.0,4,100.0,False,0,car,4147.275277777775,0.9512338039066475,OnTrack,-4.302886863585646,-1377.1236864697648,2389.042792961553,4432.016,74.347
2026-07-25 15:00:40.576,0 days 01:13:52.161000,41,824.6294469511157,0 days 00:01:14.492000,11532.77072,203.6458304,4,100.0,False,0,pos,4155.572090831389,0.95313679044906,OnTrack,-73.0,-1334.0,2389.0,4432.161,74.492
2026-07-25 15:00:40.671,0 days 01:13:52.256000,41,820.9086111111155,0 days 00:01:14.587000,11701.0,208.0,5,100.0,False,0,car,4161.141944444442,0.9544143118781141,OnTrack,-117.61760629480442,-1303.2410888837592,2389.0014228763043,4432.256,74.587
2026-07-25 15:00:40.736,0 days 01:13:52.321000,41,818.2725025955601,0 days 00:01:14.652000,11795.453032,209.8281232,5,100.0,False,0,pos,4164.99735657681,0.9552986029132308,OnTrack,-148.0,-1281.0,2389.0,4432.321,74.652
2026-07-25 15:00:40.936,0 days 01:13:52.521000,41,810.1613914844494,0 days 00:01:14.852000,12086.078032,215.4531232,5,100.0,False,0,pos,4177.069335294406,0.9580674748754442,OnTrack,-241.0,-1207.0,2389.0,4432.521,74.852
2026-07-25 15:00:40.991,0 days 01:13:52.576000,41,807.9308333333383,0 days 00:01:14.907000,12166.0,217.0,5,100.0,False,0,car,4180.43083333333,0.9588384800179106,OnTrack,-266.57800531280924,-1185.885393245347,2389.0890747229905,4432.576,74.907
2026-07-25 15:00:41.191,0 days 01:13:52.776000,41,799.5975000000053,0 days 00:01:15.107000,11018.0,223.0,5,100.0,False,0,car,4192.819722222219,0.9616800396238283,OnTrack,-359.8552382616168,-1107.1020217424098,2389.763111671805,4432.776,75.107
2026-07-25 15:00:41.316,0 days 01:13:52.901000,41,794.2155583111157,0 days 00:01:15.232000,11153.62493056,227.37499776,5,100.0,False,0,pos,4200.766780640083,0.9635028051993857,OnTrack,-419.0,-1056.0,2390.0,4432.901,75.232
2026-07-25 15:00:41.391,0 days 01:13:52.976000,41,790.9863888888931,0 days 00:01:15.307000,11235.0,230.0,6,100.0,False,0,car,4205.597499999997,0.9646107961680485,OnTrack,-454.9177522128784,-1024.6022438151447,2390.0051291922814,4432.976,75.307
2026-07-25 15:00:41.416,0 days 01:13:53.001000,41,789.8891694755598,0 days 00:01:15.332000,11262.1874304,230.6249984,6,100.0,False,0,pos,4207.215947425328,0.9649820090241299,OnTrack,-467.0,-1014.0,2390.0,4433.001,75.332
2026-07-25 15:00:41.596,0 days 01:13:53.181000,41,781.9891694755602,0 days 00:01:15.512000,11457.9374304,235.1249984,6,100.0,False,0,pos,4219.003410503114,0.9676856234675627,OnTrack,-554.0,-937.0,2390.0,4433.181,75.512
2026-07-25 15:00:41.631,0 days 01:13:53.216000,41,780.4530555555602,0 days 00:01:15.547000,11496.0,236.0,6,100.0,False,0,car,4221.33083333333,0.9682194494433662,OnTrack,-569.9047392504685,-922.6651209189117,2390.013877193552,4433.216,75.547
2026-07-25 15:00:41.816,0 days 01:13:53.401000,41,772.0766695644484,0 days 00:01:15.732000,11728.791586133333,242.16666453333335,6,100.0,False,0,pos,4233.832659559661,0.9710869127585637,OnTrack,-661.0,-839.0,2390.0,4433.401,75.732
2026-07-25 15:00:41.871,0 days 01:13:53.456000,41,769.5863888888925,0 days 00:01:15.787000,11798.0,244.0,6,100.0,False,0,car,4237.597499999997,0.9719504299483561,OnTrack,-699.479069430977,-803.4762409510555,2389.857705079763,4433.456,75.787
2026-07-25 15:00:42.096,0 days 01:13:53.681000,41,759.2113942199309,0 days 00:01:16.012000,11531.87110448835,248.83870719112093,6,100.0,False,0,pos,4253.18501474198,0.9755256377530845,OnTrack,-880.0,-637.0,2389.0,4433.681,76.012
2026-07-25 15:00:42.150,0 days 01:13:53.735000,41,756.7213888888928,0 days 00:01:16.066000,11468.0,250.0,6,100.0,False,0,car,4256.972499999997,0.9763943488387768,OnTrack,-910.8305015630392,-608.8229506515461,2388.948420527792,4433.735,76.066
2026-07-25 15:00:42.310,0 days 01:13:53.895000,41,749.2102777777818,0 days 00:01:16.226000,10735.0,255.0,7,100.0,False,0,car,4268.30583333333,0.9789938024693025,OnTrack,-967.3263274835649,-558.136442436744,2389.207067166286,4433.895,76.226
2026-07-25 15:00:42.456,0 days 01:13:54.041000,41,742.3158393777817,0 days 00:01:16.372000,10853.624896,258.6499968,7,100.0,False,0,pos,4278.803553566926,0.9814015969081374,OnTrack,-1017.0,-514.0,2389.0,4434.041,76.372
2026-07-25 15:00:42.470,0 days 01:13:54.055000,41,741.6547222222262,0 days 00:01:16.386000,10865.0,259.0,7,100.0,False,0,car,4279.816944444441,0.981634031843052,OnTrack,-1022.7732194704778,-508.84341233858885,2388.933109925382,4434.055,76.386
2026-07-25 15:00:42.616,0 days 01:13:54.201000,41,734.7197283022261,0 days 00:01:16.532000,10954.78992128,261.91999744,7,100.0,False,0,pos,4290.453177025599,0.9840735959664229,OnTrack,-1091.0,-448.0,2388.0,4434.201,76.532
2026-07-25 15:00:42.670,0 days 01:13:54.255000,41,732.1547222222262,0 days 00:01:16.586000,10988.0,263.0,7,100.0,False,0,car,4294.428055555552,0.9849852882392689,OnTrack,-1117.498477761507,-424.73086194887327,2387.794146988368,4434.255,76.586
2026-07-25 15:00:42.875,0 days 01:13:54.460000,41,722.303336408893,0 days 00:01:16.791000,11156.659038254546,266.2613626181818,7,100.0,False,0,pos,4309.746969108377,0.9884988887202041,OnTrack,-1227.0,-330.0,2388.0,4434.46,76.791
2026-07-25 15:00:43.075,0 days 01:13:54.660000,41,712.692225297782,0 days 00:01:16.991000,11321.2044928,269.4431808,7,100.0,False,0,pos,4324.811392372385,0.9919541184036218,OnTrack,-1357.0,-218.0,2389.0,4434.66,76.991
2026-07-25 15:00:43.110,0 days 01:13:54.695000,41,711.010277777782,0 days 00:01:17.026000,11350.0,270.0,7,100.0,False,0,car,4327.428055555552,0.9925542855752112,OnTrack,-1378.1158423068212,-200.28793346866203,2388.890575255388,4434.695,77.026
2026-07-25 15:00:43.235,0 days 01:13:54.820000,41,711.010277777782,0 days 00:01:17.151000,11267.517037063697,268.58276695985734,7,71.65533919714673,False,0,pos,4336.724917061663,0.9946866467864957,OnTrack,-1449.0,-142.0,2388.0,4434.82,77.151
2026-07-25 15:00:43.291,0 days 01:13:54.876000,41,711.010277777782,0 days 00:01:17.207000,11230.56465074861,267.947846232794,7,58.95692465588022,False,0,interpolation,4340.865467112191,0.9956363380683679,OnTrack,-1480.9026574597126,-115.88104551662968,2387.777963265159,4434.876,77.207
