Date,SessionTime,DriverAhead,DistanceToDriverAhead,Time,RPM,Speed,nGear,Throttle,Brake,DRS,Source,Distance,RelativeDistance,Status,X,Y,Z,SessionTime_seconds,Time_seconds
2026-07-25 14:52:07.407,0 days 01:05:18.992000,,607.8633333333335,0 days 00:00:00,11163.75510208,284.45000319999997,7,100.0,False,0,interpolation,0.6251958023322417,0.00014315790035934617,OnTrack,-1505.2509826631895,-96.24716333014379,2387.9999999766055,3918.992,0.0
2026-07-25 14:52:07.516,0 days 01:05:19.101000,,607.8633333333335,0 days 00:00:00.109000,11250.68255104,287.1750016,7,100.0,False,0,pos,9.406427454310622,0.0021538922673796186,OnTrack,-1585.0,-31.0,2388.0,3919.101,0.109
2026-07-25 14:52:07.549,0 days 01:05:19.134000,,607.8633333333335,0 days 00:00:00.142000,11277.0,288.0,7,100.0,False,0,car,12.076666666666668,0.00276532605767711,OnTrack,-1616.6330198764442,-5.186267070945896,2388.0000000209434,3919.134,0.142
2026-07-25 14:52:07.736,0 days 01:05:19.321000,,607.8633333333335,0 days 00:00:00.329000,11405.896472685714,292.0071442285714,7,100.0,False,0,pos,27.3098010426416,0.006253422946717718,OnTrack,-1812.0,154.0,2388.0,3919.321,0.329
2026-07-25 14:52:07.829,0 days 01:05:19.414000,12,607.8633333333335,0 days 00:00:00.422000,11470.0,294.0,7,100.0,False,0,car,34.94333333333334,0.008001356075801587,OnTrack,-1855.6836729919337,189.64343525136644,2387.9999995667868,3919.414,0.422
2026-07-25 14:52:08.016,0 days 01:05:19.601000,12,597.5783298133334,0 days 00:00:00.609000,11558.045863466667,297.1166677333333,7,100.0,False,0,pos,50.40082123770762,0.011540825638721398,OnTrack,-1901.0,227.0,2388.0,3919.601,0.609
2026-07-25 14:52:08.069,0 days 01:05:19.654000,12,594.6633333333334,0 days 00:00:00.662000,11583.0,298.0,7,100.0,False,0,car,54.81000000000002,0.012550443380177953,OnTrack,-1936.985876567299,256.58473268442094,2388.000001293687,3919.654,0.662
2026-07-25 14:52:08.269,0 days 01:05:19.854000,12,583.6633333333335,0 days 00:00:00.862000,11163.0,302.0,7,100.0,False,0,car,71.58777777777779,0.016392234112621078,OnTrack,-2143.924245293129,426.5987869318246,2388.000004178152,3919.854,0.862
2026-07-25 14:52:08.315,0 days 01:05:19.900000,12,581.1844375466668,0 days 00:00:00.908000,11059.1163776,303.1500032,7,100.0,False,0,pos,75.49356929435926,0.017286585787199354,OnTrack,-2187.0,462.0,2388.0,3919.9,0.908
2026-07-25 14:52:08.509,0 days 01:05:20.094000,12,570.7300000000001,0 days 00:00:01.102000,10621.0,308.0,8,100.0,False,0,car,92.12111111111113,0.021093975353385915,OnTrack,-2323.507584684599,574.2831732681834,2387.999956744777,3920.094,1.102
2026-07-25 14:52:08.709,0 days 01:05:20.294000,12,560.3411111111112,0 days 00:00:01.302000,10771.0,310.0,8,100.0,False,0,car,109.34333333333335,0.025037535376754686,OnTrack,-2413.0880825707045,648.1121454370159,2387.9999439520893,3920.294,1.302
2026-07-25 14:52:08.795,0 days 01:05:20.380000,12,555.8977711644445,0 days 00:00:01.388000,10817.44006912,311.29000192,8,100.0,False,0,pos,116.79972610940243,0.026744906939542918,OnTrack,-2453.0,681.0,2388.0,3920.38,1.388
2026-07-25 14:52:08.909,0 days 01:05:20.494000,12,550.0077777777778,0 days 00:00:01.502000,10879.0,313.0,8,100.0,False,0,car,126.73222222222223,0.029019258884220578,OnTrack,-2508.096006364835,726.3903934779539,2388.0001340240924,3920.494,1.502
2026-07-25 14:52:09.055,0 days 01:05:20.640000,12,542.9105512338459,0 days 00:00:01.648000,10944.364056538496,314.83263709921016,8,100.0,False,0,pos,139.5204994795423,0.03194753017865614,OnTrack,-2588.0,792.0,2388.0,3920.64,1.648
2026-07-25 14:52:09.148,0 days 01:05:20.733000,12,538.3897222222222,0 days 00:00:01.741000,10986.0,316.0,8,100.0,False,0,car,147.71111111111114,0.03382302383913838,OnTrack,-2648.4696987925163,841.4034637064428,2387.999443958176,3920.733,1.741
2026-07-25 14:52:09.295,0 days 01:05:20.880000,12,531.9788860977777,0 days 00:00:01.888000,11027.475018057143,318.1000009142857,8,100.0,False,0,pos,160.73429845232957,0.03680508505708058,OnTrack,-2752.0,926.0,2388.0,3920.88,1.888
2026-07-25 14:52:09.428,0 days 01:05:21.013000,12,526.1786111111111,0 days 00:00:02.021000,11065.0,320.0,8,100.0,False,0,car,172.60000000000002,0.03952210413097454,OnTrack,-2843.460217915363,1001.2260679172832,2388.003387398979,3921.013,2.021
2026-07-25 14:52:09.475,0 days 01:05:21.060000,12,524.1549972444444,0 days 00:00:02.068000,11082.792881371428,320.67142948571427,8,100.0,False,0,pos,176.81234887040756,0.04048665158573837,OnTrack,-2876.0,1028.0,2388.0,3921.06,2.068
2026-07-25 14:52:09.708,0 days 01:05:21.293000,12,514.1230555555555,0 days 00:00:02.301000,11171.0,324.0,8,100.0,False,0,car,197.80000000000004,0.04529242292645866,OnTrack,-3038.490319680415,1161.5420801563234,2387.981565843501,3921.293,2.301
2026-07-25 14:52:09.735,0 days 01:05:21.320000,12,513.02805296,0 days 00:00:02.328000,11184.8375328,324.1687504,8,100.0,False,0,pos,200.23482304066687,0.045849950908809355,OnTrack,-3056.0,1176.0,2388.0,3921.32,2.328
2026-07-25 14:52:09.868,0 days 01:05:21.453000,12,507.63416666666666,0 days 00:00:02.461000,11253.0,325.0,8,100.0,False,0,car,212.24444444444447,0.04859992488154214,OnTrack,-3138.511361198908,1244.4289165778428,2388.147922197772,3921.453,2.461
2026-07-25 14:52:09.935,0 days 01:05:21.520000,12,505.14027539555553,0 days 00:00:02.528000,11263.0500096,325.6281256,8,100.0,False,0,pos,218.3220000381987,0.04999156905905165,OnTrack,-3195.0,1291.0,2388.0,3921.52,2.528
2026-07-25 14:52:10.155,0 days 01:05:21.740000,12,496.95138650666655,0 days 00:00:02.748000,11296.0500096,327.6906256,8,100.0,False,0,pos,238.38687109026162,0.054586041382888306,OnTrack,-3465.0,1512.0,2386.0,3921.74,2.748
2026-07-25 14:52:10.188,0 days 01:05:21.773000,12,495.72305555555545,0 days 00:00:02.781000,11301.0,328.0,8,100.0,False,0,car,241.40000000000006,0.05527599036626451,OnTrack,-3500.6811270007283,1541.19544215295,2385.635492143124,3921.773,2.781
2026-07-25 14:52:10.388,0 days 01:05:21.973000,12,488.94527777777773,0 days 00:00:02.981000,11357.0,329.0,8,100.0,False,0,car,259.6777777777778,0.05946125245558168,OnTrack,-3657.3693901982065,1669.605569303994,2383.345567430656,3921.973,2.981
2026-07-25 14:52:10.595,0 days 01:05:22.180000,12,482.7352747568354,0 days 00:00:03.188000,11371.90859451011,330.1468149623162,8,100.0,False,0,pos,278.69895102592636,0.06381673791216703,OnTrack,-3761.0,1755.0,2381.0,3922.18,3.188
2026-07-25 14:52:10.749,0 days 01:05:22.334000,12,478.11527777777775,0 days 00:00:03.342000,11383.0,331.0,8,100.0,False,0,car,292.86972222222226,0.0670615739193294,OnTrack,-3824.0447847731484,1807.301896123405,2379.3564644033345,3922.334,3.342
2026-07-25 14:52:10.975,0 days 01:05:22.560000,12,471.77471863111106,0 days 00:00:03.568000,11412.864302628572,331.0,8,100.0,False,0,pos,313.63958492830454,0.07181747586982669,OnTrack,-3939.0,1901.0,2376.0,3922.56,3.568
2026-07-25 14:52:11.029,0 days 01:05:22.614000,12,470.25972222222214,0 days 00:00:03.622000,11420.0,331.0,8,100.0,False,0,car,318.6141666666667,0.07295656009619743,OnTrack,-3980.7550175684464,1934.4012377242605,2374.7738080534723,3922.614,3.622
2026-07-25 14:52:11.236,0 days 01:05:22.821000,12,464.96972058666654,0 days 00:00:03.829000,11445.875008,332.2937504,8,100.0,False,0,pos,337.75269030490233,0.07733891655125807,OnTrack,-4177.0,2090.0,2369.0,3922.821,3.829
2026-07-25 14:52:11.349,0 days 01:05:22.934000,12,462.08194444444433,0 days 00:00:03.942000,11460.0,333.0,8,100.0,False,0,car,348.2141666666667,0.07973439487184543,OnTrack,-4287.801191639008,2177.121362615054,2365.732695410856,3922.934,3.942
2026-07-25 14:52:11.509,0 days 01:05:23.094000,12,458.12638888888875,0 days 00:00:04.102000,11457.0,333.0,8,100.0,False,0,car,363.0141666666667,0.08312331225966944,OnTrack,-4434.902334438055,2292.2565489910985,2361.4003356216704,3923.094,4.102
2026-07-25 14:52:11.576,0 days 01:05:23.161000,12,456.749165351111,0 days 00:00:04.169000,11433.5499776,332.7906248,8,100.0,False,0,pos,369.2023672311283,0.08454029202265906,OnTrack,-4483.0,2330.0,2360.0,3923.161,4.169
2026-07-25 14:52:11.829,0 days 01:05:23.414000,12,451.5486111111111,0 days 00:00:04.422000,11345.0,332.0,8,100.0,False,0,car,392.5252777777778,0.08988079317713231,OnTrack,-4586.930719779372,2412.4279305485707,2357.100810387486,3923.414,4.422
2026-07-25 14:52:12.029,0 days 01:05:23.614000,12,447.6041666666665,0 days 00:00:04.622000,11408.0,331.0,8,100.0,False,0,car,410.9141666666667,0.09409149758918091,OnTrack,-4707.430463956566,2506.8854088733615,2354.1594501079303,3923.614,4.622
2026-07-25 14:52:12.036,0 days 01:05:23.621000,12,447.4972212444443,0 days 00:00:04.629000,11402.283281066666,330.92708266666665,8,100.0,False,0,pos,411.55481350825585,0.09423819348248605,OnTrack,-4714.0,2512.0,2354.0,3923.621,4.629
2026-07-25 14:52:12.256,0 days 01:05:23.841000,12,444.13611013333315,0 days 00:00:04.849000,11222.6166144,328.635416,8,100.0,False,0,pos,431.5579781549816,0.09881853621781006,OnTrack,-4960.0,2703.0,2348.0,3923.841,4.849
2026-07-25 14:52:12.509,0 days 01:05:24.094000,12,440.27083333333314,0 days 00:00:05.102000,11016.0,326.0,8,100.0,False,0,car,454.3808333333334,0.10404453424170908,OnTrack,-5085.361915632187,2800.3135707725273,2344.5748948334226,3924.094,5.102
2026-07-25 14:52:12.636,0 days 01:05:24.221000,12,438.542221351111,0 days 00:00:05.229000,10981.70998272,323.45999872,8,100.0,False,0,pos,465.81330260910005,0.10666235139808808,OnTrack,-5146.0,2847.0,2343.0,3924.221,5.229
2026-07-25 14:52:12.709,0 days 01:05:24.294000,12,437.548611111111,0 days 00:00:05.302000,10962.0,322.0,8,100.0,False,0,car,472.2697222222222,0.1081407482014663,OnTrack,-5195.626497240223,2885.1007484166284,2341.8115831924456,3924.294,5.302
2026-07-25 14:52:12.816,0 days 01:05:24.401000,12,436.567777191111,0 days 00:00:05.409000,10818.08491392,313.9749952,8,78.06498688,False,0,pos,481.48720728872604,0.1102513762699719,OnTrack,-5272.0,2944.0,2340.0,3924.401,5.409
2026-07-25 14:52:12.909,0 days 01:05:24.494000,12,435.7152777777777,0 days 00:00:05.502000,10693.0,307.0,8,59.0,True,0,car,489.3252777777777,0.11204614474073794,OnTrack,-5321.287148103563,2982.795713992848,2338.753102559442,3924.494,5.502
2026-07-25 14:52:13.036,0 days 01:05:24.621000,12,435.15083304888867,0 days 00:00:05.629000,9839.71832,296.6812448,8,12.168726399999997,True,0,pos,499.79686670524876,0.11444393864576849,OnTrack,-5380.0,3030.0,2337.0,3924.621,5.629
2026-07-25 14:52:13.069,0 days 01:05:24.654000,12,435.00416666666644,0 days 00:00:05.662000,9618.0,294.0,8,0.0,True,0,car,502.3919444444444,0.11503816189395193,OnTrack,-5397.930505112139,3044.4055502956567,2336.4006923445572,3924.654,5.662
2026-07-25 14:52:13.236,0 days 01:05:24.821000,12,437.0916674666665,0 days 00:00:05.829000,9278.897092266667,268.9499904,8,0.0,True,0,pos,514.4586437572856,0.11780120561793381,OnTrack,-5498.0,3125.0,2333.0,3924.821,5.829
2026-07-25 14:52:13.429,0 days 01:05:25.014000,12,439.5041666666665,0 days 00:00:06.022000,8887.0,240.0,8,0.0,True,0,car,526.3919444444444,0.12053370360393681,OnTrack,-5598.225720893881,3207.6143923982786,2330.5593536218553,3925.014,6.022
2026-07-25 14:52:13.476,0 days 01:05:25.061000,12,440.3527789333332,0 days 00:00:06.069000,8991.755911876922,235.39037833846155,8,0.0,True,0,pos,529.0092531412579,0.12113301731690534,OnTrack,-5621.0,3227.0,2330.0,3925.061,6.069
2026-07-25 14:52:14.396,0 days 01:05:25.981000,12,456.9638900444443,0 days 00:00:06.989000,11042.294373415385,145.1596091076923,8,0.0,True,0,pos,563.669443824315,0.1290695391325207,OnTrack,-5970.0,3574.0,2316.0,3925.981,6.989
2026-07-25 14:52:14.469,0 days 01:05:26.054000,12,458.2819444444443,0 days 00:00:07.062000,11205.0,138.0,5,0.0,True,0,car,566.2586111111111,0.12966240899996723,OnTrack,-5984.205937640563,3592.48852521428,2315.4345506487016,3926.054,7.062
2026-07-25 14:52:14.629,0 days 01:05:26.214000,12,460.859722222222,0 days 00:00:07.222000,10721.0,130.0,4,0.0,True,0,car,572.036388888889,0.13098540978200066,OnTrack,-6007.149130207707,3626.9225673548967,2314.6539893614054,3926.214,7.222
2026-07-25 14:52:14.935,0 days 01:05:26.520000,12,465.3647241066665,0 days 00:00:07.528000,9955.149679644444,118.94999537777778,4,0.0,True,0,pos,582.0318168140562,0.13327417190999666,OnTrack,-6039.0,3690.0,2313.0,3926.52,7.528
2026-07-25 14:52:14.989,0 days 01:05:26.574000,12,466.15972222222206,0 days 00:00:07.582000,9820.0,117.0,2,0.0,True,0,car,583.7363888888889,0.13366448636561826,OnTrack,-6045.454495435772,3703.379990922558,2312.4407263890957,3926.574,7.582
2026-07-25 14:52:15.115,0 days 01:05:26.700000,12,467.734723822222,0 days 00:00:07.708000,9451.899626057142,114.74999771428571,2,0.0,True,0,pos,587.7078080342209,0.13457386551399342,OnTrack,-6061.0,3742.0,2311.0,3926.7,7.708
2026-07-25 14:52:15.269,0 days 01:05:26.854000,12,469.65972222222194,0 days 00:00:07.862000,9002.0,112.0,2,0.0,True,0,car,592.4475,0.1356591644677609,OnTrack,-6078.706494641442,3815.818197011708,2309.559207106743,3926.854,7.862
2026-07-25 14:52:15.335,0 days 01:05:26.920000,12,470.5580572977775,0 days 00:00:07.928000,8832.599671466667,109.79999573333333,2,0.0,True,0,pos,594.3991559074063,0.136106056402873,OnTrack,-6084.0,3845.0,2309.0,3926.92,7.928
2026-07-25 14:52:15.509,0 days 01:05:27.094000,12,472.9263888888886,0 days 00:00:08.102000,8386.0,104.0,2,0.0,True,0,car,599.3808333333334,0.137246765406201,OnTrack,-6088.224413344489,3894.730427146864,2307.587542589705,3927.094,8.102
2026-07-25 14:52:15.669,0 days 01:05:27.254000,12,474.97083333333296,0 days 00:00:08.262000,8251.0,101.0,2,0.0,False,0,car,603.8697222222223,0.13827463524455003,OnTrack,-6082.9573519292235,3918.9196645459433,2306.4186564201564,3927.254,8.262
2026-07-25 14:52:15.735,0 days 01:05:27.320000,12,475.8325014403712,0 days 00:00:08.328000,8180.581472245965,99.06694237537945,2,0.0,False,0,pos,605.6459249227655,0.13868135174564264,OnTrack,-6080.0,3930.0,2306.0,3927.32,8.328
2026-07-25 14:52:15.908,0 days 01:05:27.493000,12,478.0911111111109,0 days 00:00:08.501000,7996.0,94.0,2,0.0,False,0,car,610.1102777777778,0.13970360330075973,OnTrack,-6070.21515492502,3962.670609028635,2305.0808520047012,3927.493,8.501
2026-07-25 14:52:16.095,0 days 01:05:27.680000,12,480.2727785244442,0 days 00:00:08.688000,8046.089302857143,91.32857051428572,2,7.346431085714285,False,0,pos,614.7885768270653,0.14077484444897398,OnTrack,-6055.0,4000.0,2304.0,3927.68,8.688
2026-07-25 14:52:16.188,0 days 01:05:27.773000,12,481.3577777777775,0 days 00:00:08.781000,8071.0,90.0,2,11.0,False,0,car,617.1102777777778,0.14130646963283866,OnTrack,-6045.08612449601,4017.7254058294952,2303.2715852469646,3927.773,8.781
2026-07-25 14:52:16.375,0 days 01:05:27.960000,12,483.22777841777764,0 days 00:00:08.968000,8134.6968968,90.5843752,2,23.271879199999997,False,0,pos,621.8282024893834,0.14238678430105522,OnTrack,-6012.0,4056.0,2302.0,3927.96,8.968
2026-07-25 14:52:16.508,0 days 01:05:28.093000,12,484.5577777777777,0 days 00:00:09.101000,8180.0,91.0,2,32.0,False,0,car,625.1991666666667,0.1431586707276854,OnTrack,-5968.0500140510485,4090.2410101105875,2301.9600242186757,3928.093,9.101
2026-07-25 14:52:16.575,0 days 01:05:28.160000,12,485.1905561599999,0 days 00:00:09.168000,8304.7876192,91.4187504,2,35.3500032,False,0,pos,626.8961910397293,0.1435472569037282,OnTrack,-5947.0,4105.0,2302.0,3928.16,9.168
2026-07-25 14:52:16.668,0 days 01:05:28.253000,12,486.06888888888875,0 days 00:00:09.261000,8478.0,92.0,2,40.0,False,0,car,629.2880555555555,0.14409494820420132,OnTrack,-5924.385198116564,4119.36625091433,2301.9641642582487,3928.253,9.261
2026-07-25 14:52:16.989,0 days 01:05:28.574000,12,488.03055555555534,0 days 00:00:09.582000,9182.0,100.0,2,49.0,False,0,car,638.2047222222222,0.14613669460339712,OnTrack,-5872.4472279005595,4135.628357870395,2301.0293319650737,3928.574,9.582
2026-07-25 14:52:16.995,0 days 01:05:28.580000,12,488.05388938666647,0 days 00:00:09.588000,9197.183657244444,100.11666915555556,2,49.183337244444445,False,0,pos,638.376745800528,0.14617608471796711,OnTrack,-5871.0,4136.0,2301.0,3928.58,9.588
2026-07-25 14:52:17.175,0 days 01:05:28.760000,12,488.75388938666646,0 days 00:00:09.768000,9652.683657244444,103.61666915555556,2,54.683337244444445,False,0,pos,643.5956016118055,0.14737110304252013,OnTrack,-5820.0,4149.0,2300.0,3928.76,9.768
2026-07-25 14:52:17.349,0 days 01:05:28.934000,12,489.4305555555553,0 days 00:00:09.942000,10093.0,107.0,2,60.0,False,0,car,648.9047222222222,0.14858679028243202,OnTrack,-5769.33380475812,4157.771232137002,2299.046473446569,3928.934,9.942
2026-07-25 14:52:17.355,0 days 01:05:28.940000,12,489.44055576888866,0 days 00:00:09.948000,10114.000448,107.3000064,2,60.100002133333334,False,0,pos,649.0949303400411,0.14863034430930916,OnTrack,-5767.0,4158.0,2299.0,3928.94,9.948
2026-07-25 14:52:17.589,0 days 01:05:29.174000,12,489.8305555555552,0 days 00:00:10.182000,10933.0,119.0,2,64.0,False,0,car,656.8380555555556,0.15040337212545482,OnTrack,-5646.241072439673,4163.590742000002,2296.443825918844,3929.174,10.182
2026-07-25 14:52:17.635,0 days 01:05:29.220000,12,489.8433333688885,0 days 00:00:10.228000,11156.6756224,120.5333376,2,66.3000064,False,0,pos,658.4125365325888,0.15076389820382413,OnTrack,-5627.0,4164.0,2296.0,3929.22,10.228
2026-07-25 14:52:17.829,0 days 01:05:29.414000,12,489.8972222222218,0 days 00:00:10.422000,12100.0,127.0,2,76.0,False,0,car,665.3047222222223,0.15234207711758838,OnTrack,-5583.849166582934,4163.39177154191,2294.784947083832,3929.414,10.422
2026-07-25 14:52:17.976,0 days 01:05:29.561000,12,489.73388881777737,0 days 00:00:10.569000,11872.88490112,133.98250304,2,80.77750208,False,0,pos,670.9934394359676,0.153644684731107,OnTrack,-5553.0,4161.0,2294.0,3929.561,10.569
2026-07-25 14:52:18.216,0 days 01:05:29.801000,12,489.4672221511108,0 days 00:00:10.809000,11502.08490112,145.38250304,2,88.57750208,False,0,pos,680.9737890354982,0.1559299942104591,OnTrack,-5457.0,4154.0,2292.0,3929.801,10.809
2026-07-25 14:52:18.229,0 days 01:05:29.814000,12,489.45277777777744,0 days 00:00:10.822000,11482.0,146.0,2,89.0,False,0,car,681.5269444444444,0.15605665623637444,OnTrack,-5451.419937410854,4153.458318552257,2291.8492602038104,3929.814,10.822
2026-07-25 14:52:18.456,0 days 01:05:30.041000,12,488.88527761777755,0 days 00:00:11.049000,11880.1959456,157.3500032,2,99.4041696,False,0,pos,691.4631743191804,0.15833186314123315,OnTrack,-5354.0,4141.0,2289.0,3930.041,11.049
2026-07-25 14:52:18.469,0 days 01:05:30.054000,12,488.85277777777753,0 days 00:00:11.062000,11903.0,158.0,3,100.0,False,0,car,692.0602777777777,0.15846858843131223,OnTrack,-5348.231220685878,4140.118652639544,2288.892144008166,3930.054,11.062
2026-07-25 14:52:18.616,0 days 01:05:30.201000,12,488.1586108088886,0 days 00:00:11.209000,11227.412205866667,167.80000426666666,3,100.0,False,0,pos,699.0655116715606,0.16007265322512404,OnTrack,-5281.0,4129.0,2288.0,3930.201,11.209
2026-07-25 14:52:18.709,0 days 01:05:30.294000,12,487.7194444444442,0 days 00:00:11.302000,10800.0,174.0,3,100.0,False,0,car,703.6602777777778,0.16112476692447159,OnTrack,-5236.580546274687,4121.083823490224,2287.130942180244,3930.294,11.302
2026-07-25 14:52:18.796,0 days 01:05:30.381000,12,487.2844441244443,0 days 00:00:11.389000,11025.837666133333,177.62500266666666,3,100.0,False,0,pos,708.0333147801005,0.16212610889303708,OnTrack,-5194.0,4113.0,2286.0,3930.381,11.389
2026-07-25 14:52:18.949,0 days 01:05:30.534000,12,486.5194444444444,0 days 00:00:11.542000,11423.0,184.0,4,100.0,False,0,car,715.9269444444444,0.1639335993540194,OnTrack,-5117.553582647077,4097.026563831024,2283.4101766724475,3930.534,11.542
2026-07-25 14:52:18.976,0 days 01:05:30.561000,12,486.3994441599999,0 days 00:00:11.569000,11343.5185616,185.0968776,4,100.0,False,0,pos,717.3521895865273,0.16425995327590562,OnTrack,-5104.0,4094.0,2283.0,3930.561,11.569
2026-07-25 14:52:19.136,0 days 01:05:30.721000,12,485.6883330488887,0 days 00:00:11.729000,10872.5185616,191.5968776,4,100.0,False,0,pos,725.9986094455724,0.16623981831663162,OnTrack,-5021.0,4074.0,2281.0,3930.721,11.729
2026-07-25 14:52:19.269,0 days 01:05:30.854000,12,485.09722222222194,0 days 00:00:11.862000,10481.0,197.0,4,100.0,False,0,car,733.4380555555556,0.16794330941648988,OnTrack,-4937.717819410883,4051.280644627156,2278.9471055782255,3930.854,11.862
2026-07-25 14:52:19.396,0 days 01:05:30.981000,12,484.4622219022219,0 days 00:00:11.989000,10652.979253333333,203.3500032,4,100.0,False,0,pos,740.750472617111,0.16961771328993078,OnTrack,-4856.0,4027.0,2277.0,3930.981,11.989
2026-07-25 14:52:19.509,0 days 01:05:31.094000,12,483.8972222222219,0 days 00:00:12.102000,10806.0,209.0,5,100.0,False,0,car,747.371388888889,0.17113377668700888,OnTrack,-4790.787642789604,4005.773096784741,2275.6816355186033,3931.094,12.102
2026-07-25 14:52:19.669,0 days 01:05:31.254000,12,483.4527777777773,0 days 00:00:12.262000,11235.0,214.0,5,100.0,False,0,car,756.8825000000002,0.17331163951281772,OnTrack,-4703.903775439284,3974.4722499914337,2274.0782461904805,3931.254,12.262
2026-07-25 14:52:19.676,0 days 01:05:31.261000,12,483.4274997688884,0 days 00:00:12.269000,11246.800107885714,214.27500251428572,5,100.0,False,0,pos,757.3060555108304,0.17340862563682866,OnTrack,-4700.0,3973.0,2274.0,3931.261,12.269
2026-07-25 14:52:19.856,0 days 01:05:31.441000,12,482.77749976888856,0 days 00:00:12.449000,11550.228679314287,221.34643108571427,5,100.0,False,0,pos,768.4513598008775,0.17596068749501312,OnTrack,-4597.0,3932.0,2272.0,3931.441,12.449
2026-07-25 14:52:19.949,0 days 01:05:31.534000,12,482.4416666666664,0 days 00:00:12.542000,11707.0,225.0,5,100.0,False,0,car,774.3825000000002,0.17731880534301503,OnTrack,-4543.0985840707635,3908.310180542333,2271.462106662153,3931.534,12.542
2026-07-25 14:52:20.016,0 days 01:05:31.601000,12,482.12527747555527,0 days 00:00:12.609000,11552.527630222223,227.60555804444445,5,100.0,False,0,pos,778.7234308659972,0.17831279561944202,OnTrack,-4505.0,3891.0,2271.0,3931.601,12.609
2026-07-25 14:52:20.236,0 days 01:05:31.821000,12,481.08638858666643,0 days 00:00:12.829000,11045.305408,236.1611136,5,100.0,False,0,pos,793.3445892014723,0.18166076168114603,OnTrack,-4376.0,3828.0,2268.0,3931.821,12.829
2026-07-25 14:52:20.309,0 days 01:05:31.894000,12,480.74166666666645,0 days 00:00:12.902000,10877.0,239.0,6,100.0,False,0,car,798.2825000000001,0.18279144896254163,OnTrack,-4318.538079192461,3795.7077595182636,2267.044501981306,3931.894,12.902
2026-07-25 14:52:20.496,0 days 01:05:32.081000,12,479.9105552711108,0 days 00:00:13.089000,11092.0500736,244.1944462222222,6,100.0,False,0,pos,811.100334374276,0.18572648827235455,OnTrack,-4154.0,3696.0,2265.0,3932.081,13.089
2026-07-25 14:52:20.669,0 days 01:05:32.254000,12,479.1416666666663,0 days 00:00:13.262000,11291.0,249.0,6,100.0,False,0,car,823.1825000000002,0.18849307348665092,OnTrack,-4035.5526193869237,3616.048091312804,2263.490397553781,3932.254,13.262
2026-07-25 14:52:20.876,0 days 01:05:32.461000,12,478.164166364444,0 days 00:00:13.469000,10835.5998592,254.1750016,6,100.0,False,0,pos,837.9313730556203,0.19187028378050225,OnTrack,-3933.0,3540.0,2262.0,3932.461,13.469
2026-07-25 14:52:21.069,0 days 01:05:32.654000,12,477.25277777777717,0 days 00:00:13.662000,10411.0,259.0,6,100.0,False,0,car,851.9602777777781,0.19508263507408652,OnTrack,-3864.8611437481204,3488.7145829743176,2260.7470716257735,3932.654,13.662
2026-07-25 14:52:21.216,0 days 01:05:32.801000,12,476.43611075555503,0 days 00:00:13.809000,10346.074971733333,263.9000021333333,6,100.0,False,0,pos,862.8192610675698,0.1975691348906315,OnTrack,-3806.0,3442.0,2260.0,3932.801,13.809
2026-07-25 14:52:21.309,0 days 01:05:32.894000,12,475.919444444444,0 days 00:00:13.902000,10305.0,267.0,7,100.0,False,0,car,869.7602777777779,0.1991584951756586,OnTrack,-3756.8601704804933,3401.784577129948,2259.662427011288,3932.894,13.902
2026-07-25 14:52:21.455,0 days 01:05:33.040000,12,475.31111057777724,0 days 00:00:14.048000,10435.072841309091,269.3227293090909,7,100.0,False,0,pos,880.7608041810471,0.2016774056623651,OnTrack,-3668.0,3328.0,2259.0,3933.04,14.048
2026-07-25 14:52:21.749,0 days 01:05:33.334000,12,474.0861111111104,0 days 00:00:14.342000,10697.0,274.0,7,100.0,False,0,car,903.2491666666668,0.206826811246906,OnTrack,-3486.4933189399335,3175.000094911237,2256.048768177953,3933.334,14.342
2026-07-25 14:52:21.755,0 days 01:05:33.340000,12,474.0577771733326,0 days 00:00:14.348000,10699.683390577778,274.1000021333333,7,100.0,False,0,pos,903.7117928040911,0.20693274379833704,OnTrack,-3483.0,3172.0,2256.0,3933.34,14.348
2026-07-25 14:52:22.109,0 days 01:05:33.694000,12,472.3861111111104,0 days 00:00:14.702000,10858.0,280.0,7,100.0,False,0,car,931.2491666666668,0.21323827657522168,OnTrack,-3288.4875963516884,3002.0185593106853,2254.051604182758,3933.694,14.702
2026-07-25 14:52:22.115,0 days 01:05:33.700000,12,472.3661106844437,0 days 00:00:14.708000,10860.592912457143,280.08571611428573,7,100.0,False,0,pos,931.7197297147835,0.21334602652764262,OnTrack,-3285.0,2999.0,2254.0,3933.7,14.708
2026-07-25 14:52:22.215,0 days 01:05:33.800000,12,472.0327773511104,0 days 00:00:14.808000,10903.80719817143,281.5142875428571,7,100.0,False,0,pos,939.5803235046,0.215145952404192,OnTrack,-3226.0,2948.0,2253.0,3933.8,14.808
2026-07-25 14:52:22.389,0 days 01:05:33.974000,12,471.4527777777771,0 days 00:00:14.982000,10979.0,284.0,7,100.0,False,0,car,953.3380555555557,0.21829621033422628,OnTrack,-3124.1954340257903,2857.698178375007,2251.0707961786757,3933.974,14.982
2026-07-25 14:52:22.395,0 days 01:05:33.980000,12,471.43777746078655,0 days 00:00:14.988000,10981.38876521354,284.05642752472926,7,100.0,False,0,pos,953.8142641071615,0.21840525299914304,OnTrack,-3120.0,2854.0,2251.0,3933.98,14.988
2026-07-25 14:52:22.708,0 days 01:05:34.293000,12,470.655277777777,0 days 00:00:15.301000,11106.0,287.0,7,100.0,False,0,car,978.7694444444446,0.22411951276679856,OnTrack,-2847.5599153392186,2617.7083389740487,2247.336414083916,3934.293,15.301
2026-07-25 14:52:22.775,0 days 01:05:34.360000,12,470.6366666488881,0 days 00:00:15.368000,11006.3374048,284.906248,7,58.124959999999994,False,0,pos,984.1116837322762,0.2253427835514235,OnTrack,-2812.0,2587.0,2247.0,3934.36,15.368
2026-07-25 14:52:22.868,0 days 01:05:34.453000,12,470.6108333333325,0 days 00:00:15.461000,10868.0,282.0,7,0.0,True,0,car,991.3027777777779,0.22698940677090176,OnTrack,-2787.796785218686,2566.0573598421656,2246.938065714337,3934.453,15.461
2026-07-25 14:52:22.995,0 days 01:05:34.580000,12,472.48055649777694,0 days 00:00:15.588000,10102.030864,262.9499904,7,0.0,True,0,pos,1000.1662770286699,0.2290189788471391,OnTrack,-2767.0,2549.0,2247.0,3934.58,15.588
2026-07-25 14:52:23.188,0 days 01:05:34.773000,12,475.3219444444436,0 days 00:00:15.781000,8938.0,234.0,7,0.0,True,0,car,1012.102777777778,0.231752209586222,OnTrack,-2668.5546338013446,2470.2762469660065,2245.712895214123,3934.773,15.781
2026-07-25 14:52:23.255,0 days 01:05:34.840000,12,477.01555717333247,0 days 00:00:15.848000,9118.062672,227.718744,7,0.0,True,0,pos,1016.0437817927104,0.2326546242505253,OnTrack,-2631.0,2441.0,2245.0,3934.84,15.848
2026-07-25 14:52:23.508,0 days 01:05:35.093000,12,483.41083333333245,0 days 00:00:16.101000,9798.0,204.0,7,0.0,True,0,car,1030.2361111111113,0.23590439665598836,OnTrack,-2511.6740904760372,2353.8074591070044,2241.6051117401084,3935.093,16.101
2026-07-25 14:52:23.555,0 days 01:05:35.140000,12,484.7425023426916,0 days 00:00:16.148000,10038.547007024898,201.37266618540767,7,0.0,True,0,pos,1032.819080016405,0.2364958472124315,OnTrack,-2491.0,2340.0,2241.0,3935.14,16.148
2026-07-25 14:52:23.669,0 days 01:05:35.254000,12,487.9724999999992,0 days 00:00:16.262000,10622.0,195.0,7,0.0,True,0,car,1038.9569444444446,0.23790130096137,OnTrack,-2441.165229921214,2308.4904834049607,2239.665296830432,3935.254,16.262
2026-07-25 14:52:23.815,0 days 01:05:35.400000,12,493.0825044799993,0 days 00:00:16.408000,11118.921864228572,184.57141942857143,7,0.0,True,0,pos,1046.287996090449,0.2395799717988146,OnTrack,-2378.0,2272.0,2238.0,3935.4,16.408
2026-07-25 14:52:23.949,0 days 01:05:35.534000,12,497.77249999999935,0 days 00:00:16.542000,11575.0,175.0,7,0.0,True,0,car,1052.5680555555557,0.2410179854959679,OnTrack,-2320.8549140748,2242.215776697291,2236.295581588183,3935.534,16.542
2026-07-25 14:52:23.975,0 days 01:05:35.560000,12,498.8847276977771,0 days 00:00:16.568000,11511.5360512,173.6409024,7,0.0,True,0,pos,1053.7462301650528,0.24128776498380688,OnTrack,-2310.0,2237.0,2236.0,3935.56,16.568
2026-07-25 14:52:24.175,0 days 01:05:35.760000,12,507.4402832533326,0 days 00:00:16.768000,11023.354233018183,163.18635694545455,7,0.0,True,0,pos,1062.3709362535865,0.2432626579857193,OnTrack,-2227.0,2203.0,2234.0,3935.76,16.768
2026-07-25 14:52:24.389,0 days 01:05:35.974000,12,516.5947222222214,0 days 00:00:16.982000,10501.0,152.0,3,0.0,True,0,car,1071.1458333333335,0.24527194185665988,OnTrack,-2126.8973062287064,2175.3110664312712,2230.4324798577336,3935.974,16.982
2026-07-25 14:52:24.416,0 days 01:05:36.001000,12,517.8097251022215,0 days 00:00:17.009000,10652.2003584,151.05499776,3,0.0,True,0,pos,1072.2444781974505,0.24552351055146052,OnTrack,-2115.0,2173.0,2230.0,3936.001,17.009
2026-07-25 14:52:24.589,0 days 01:05:36.174000,12,525.5947222222214,0 days 00:00:17.182000,11621.0,145.0,3,0.0,True,0,car,1079.201388888889,0.2471165102546872,OnTrack,-2046.7413545910767,2165.816687138041,2227.6561356048123,3936.174,17.182
2026-07-25 14:52:24.696,0 days 01:05:36.281000,12,530.7366697422215,0 days 00:00:17.289000,11517.8638272,142.3249984,3,0.0,True,0,pos,1083.3652561694755,0.2480699563511583,OnTrack,-2008.0,2166.0,2226.0,3936.281,17.289
2026-07-25 14:52:24.916,0 days 01:05:36.501000,12,541.3088919644438,0 days 00:00:17.509000,11305.808271644444,136.8249984,3,0.0,True,0,pos,1091.59697428357,0.24995486261119348,OnTrack,-1926.0,2178.0,2221.0,3936.501,17.509
2026-07-25 14:52:24.949,0 days 01:05:36.534000,12,542.8947222222216,0 days 00:00:17.542000,11274.0,136.0,2,0.0,True,0,car,1092.801388888889,0.250230650557012,OnTrack,-1911.3976700493129,2182.8104324826213,2220.019956849144,3936.534,17.542
2026-07-25 14:52:25.236,0 days 01:05:36.821000,12,557.4838921422216,0 days 00:00:17.829000,10802.0443392,128.8249984,2,0.0,True,0,pos,1102.9752146889628,0.25256026239177976,OnTrack,-1783.0,2243.0,2211.0,3936.821,17.829
2026-07-25 14:52:25.309,0 days 01:05:36.894000,12,561.1947222222216,0 days 00:00:17.902000,10682.0,127.0,2,0.0,True,0,car,1105.501388888889,0.2531387080452123,OnTrack,-1768.4048600609733,2251.2452982539976,2209.845187173429,3936.894,17.902
2026-07-25 14:52:25.476,0 days 01:05:37.061000,12,569.8230588622215,0 days 00:00:18.069000,10470.74491904,123.65999872,2,0.0,True,0,pos,1111.212706289943,0.2544464906700646,OnTrack,-1751.0,2268.0,2208.0,3937.061,18.069
2026-07-25 14:52:25.509,0 days 01:05:37.094000,12,571.5280555555548,0 days 00:00:18.102000,10429.0,123.0,2,0.0,False,0,car,1112.3347222222224,0.2547034108931941,OnTrack,-1745.0987535297709,2274.6122249859327,2207.376536823971,3937.094,18.102
2026-07-25 14:52:25.749,0 days 01:05:37.334000,12,583.5280555555548,0 days 00:00:18.342000,10073.0,121.0,2,0.0,False,0,car,1120.401388888889,0.25655052352349456,OnTrack,-1680.365931297774,2351.2085563038427,2200.644547497052,3937.334,18.342
2026-07-25 14:52:25.816,0 days 01:05:37.401000,12,586.7477808533326,0 days 00:00:18.409000,10119.341710933333,119.60416533333333,2,7.816674133333334,False,0,pos,1122.580998539808,0.25704961251299924,OnTrack,-1665.0,2372.0,2199.0,3937.401,18.409
2026-07-25 14:52:25.989,0 days 01:05:37.574000,12,595.0613888888884,0 days 00:00:18.582000,10239.0,116.0,2,28.0,False,0,car,1128.1347222222223,0.2583213091856008,OnTrack,-1639.2061234473128,2416.08052990457,2196.0427359869277,3937.574,18.582
2026-07-25 14:52:26.196,0 days 01:05:37.781000,12,602.0763910577772,0 days 00:00:18.789000,10551.225096533333,118.15625066666666,2,37.0562528,False,0,pos,1134.9754782832401,0.2598877116964822,OnTrack,-1622.0,2467.0,2193.0,3937.781,18.789
2026-07-25 14:52:26.416,0 days 01:05:38.001000,12,609.5319466133328,0 days 00:00:19.009000,10883.058429866667,120.44791733333334,2,46.681252799999996,False,0,pos,1142.450261066792,0.2615992942198192,OnTrack,-1604.0,2538.0,2188.0,3938.001,19.009
2026-07-25 14:52:26.469,0 days 01:05:38.054000,12,611.328055555555,0 days 00:00:19.062000,10963.0,121.0,2,49.0,False,0,car,1144.2680555555557,0.2620155344462018,OnTrack,-1601.0286923619863,2554.6426220492403,2186.8138426424994,3938.054,19.062
2026-07-25 14:52:26.656,0 days 01:05:38.241000,12,617.1458353244439,0 days 00:00:19.249000,11358.50513536,124.74000128,2,56.48000256,False,0,pos,1150.7535655313259,0.26350059238713375,OnTrack,-1597.0,2621.0,2182.0,3938.241,19.249
2026-07-25 14:52:26.669,0 days 01:05:38.254000,12,617.5502777777772,0 days 00:00:19.262000,11386.0,125.0,2,57.0,False,0,car,1151.2125,0.26360567961691495,OnTrack,-1597.1920998923465,2627.2615656153575,2181.5321036330706,3938.254,19.262
2026-07-25 14:52:26.869,0 days 01:05:38.454000,12,623.4947222222215,0 days 00:00:19.462000,11154.0,130.0,2,63.0,False,0,car,1158.4347222222223,0.26525943059445667,OnTrack,-1605.69497630631,2735.228586206563,2173.226966836126,3938.454,19.462
2026-07-25 14:52:26.876,0 days 01:05:38.461000,12,623.6755572088882,0 days 00:00:19.469000,11118.89467904,130.21000192,2,63.1750016,False,0,pos,1158.6929237977433,0.2653185538247842,OnTrack,-1606.0,2738.0,2173.0,3938.461,19.469
2026-07-25 14:52:27.069,0 days 01:05:38.654000,12,628.6613888888883,0 days 00:00:19.662000,10151.0,136.0,2,68.0,False,0,car,1165.9902777777777,0.26698950854019265,OnTrack,-1613.7911937838448,2780.6437800967574,2169.0101492180697,3938.654,19.662
2026-07-25 14:52:27.116,0 days 01:05:38.701000,12,629.705834755555,0 days 00:00:19.709000,10310.128788114285,137.84643108571427,2,69.34285897142857,False,0,pos,1167.841356674769,0.2674133702604797,OnTrack,-1617.0,2792.0,2168.0,3938.701,19.709
2026-07-25 14:52:27.349,0 days 01:05:38.934000,12,634.8836111111104,0 days 00:00:19.942000,11099.0,147.0,3,76.0,False,0,car,1177.423611111111,0.2696075235492549,OnTrack,-1644.1134698261317,2881.7711738880735,2160.895709599868,3938.934,19.942
2026-07-25 14:52:27.376,0 days 01:05:38.961000,12,635.4386124266659,0 days 00:00:19.969000,11177.70518656,148.08000256,3,76.0,False,0,pos,1178.5647023208664,0.26986881164667603,OnTrack,-1648.0,2893.0,2160.0,3938.961,19.969
2026-07-25 14:52:27.549,0 days 01:05:39.134000,12,638.9947222222215,0 days 00:00:20.142000,11682.0,155.0,3,76.0,False,0,car,1186.0347222222222,0.2715793035609393,OnTrack,-1675.7436228902018,2963.1342748570146,2154.2381746762976,3939.134,20.142
2026-07-25 14:52:27.556,0 days 01:05:39.141000,12,639.1191678044437,0 days 00:00:20.149000,11683.968768,155.2625024,3,76.5250048,False,0,pos,1186.344365813704,0.27165020603061507,OnTrack,-1677.0,2966.0,2154.0,3939.141,20.149
2026-07-25 14:52:27.869,0 days 01:05:39.454000,12,644.6836111111104,0 days 00:00:20.462000,11772.0,167.0,3,100.0,False,0,car,1200.8791666666666,0.27497839787785583,OnTrack,-1741.7300237164584,3095.6627089685976,2143.1934083399974,3939.454,20.462
2026-07-25 14:52:27.875,0 days 01:05:39.460000,12,644.7686129244437,0 days 00:00:20.468000,11756.3246656,167.375008,3,100.0,False,0,pos,1201.1733258758366,0.27504575471966286,OnTrack,-1743.0,3098.0,2143.0,3939.46,20.468
2026-07-25 14:52:28.075,0 days 01:05:39.660000,12,647.601946257777,0 days 00:00:20.668000,11233.8246656,179.875008,3,100.0,False,0,pos,1211.274276596183,0.2773586795527531,OnTrack,-1792.0,3184.0,2136.0,3939.66,20.668
2026-07-25 14:52:28.109,0 days 01:05:39.694000,12,648.0836111111103,0 days 00:00:20.702000,11145.0,182.0,3,100.0,False,0,car,1213.0125,0.277756699520126,OnTrack,-1804.8553567820843,3205.8883177697294,2134.258007027511,3939.694,20.702
2026-07-25 14:52:28.269,0 days 01:05:39.854000,12,650.2613888888882,0 days 00:00:20.862000,11570.0,186.0,4,100.0,False,0,car,1221.2791666666665,0.27964960833134295,OnTrack,-1878.6401847538561,3331.1010285809366,2124.396672689374,3939.854,20.862
2026-07-25 14:52:28.295,0 days 01:05:39.880000,12,650.5213901688882,0 days 00:00:20.888000,11515.291397333332,187.51667413333334,4,100.0,False,0,pos,1222.6694990343854,0.27996796789457384,OnTrack,-1889.0,3349.0,2123.0,3939.88,20.888
2026-07-25 14:52:28.509,0 days 01:05:40.094000,12,652.6613888888883,0 days 00:00:21.102000,11065.0,200.0,4,100.0,False,0,car,1234.6125,0.28270268705911233,OnTrack,-1943.7710873073104,3449.272709836443,2115.346631268463,3940.094,21.102
2026-07-25 14:52:28.735,0 days 01:05:40.320000,12,654.6075011022216,0 days 00:00:21.328000,10827.6998656,207.5333376,4,100.0,False,0,pos,1247.6540402843,0.28568895075056316,OnTrack,-1976.0,3522.0,2110.0,3940.32,21.328
2026-07-25 14:52:28.749,0 days 01:05:40.334000,12,654.7280555555549,0 days 00:00:21.342000,10813.0,208.0,5,100.0,False,0,car,1248.4791666666665,0.2858778889359925,OnTrack,-1978.3207972383716,3527.445767103244,2109.5938703133356,3940.334,21.342
2026-07-25 14:52:28.975,0 days 01:05:40.560000,12,656.1091674488882,0 days 00:00:21.568000,11219.8002304,215.7687544,5,100.0,False,0,pos,1262.1133659667837,0.2889998602249942,OnTrack,-2019.0,3633.0,2102.0,3940.56,21.568
2026-07-25 14:52:29.069,0 days 01:05:40.654000,12,656.6836111111104,0 days 00:00:21.662000,11389.0,219.0,5,100.0,False,0,car,1267.9458333333332,0.29033538387853575,OnTrack,-2035.2270346294022,3689.6104961342157,2098.4780948071466,3940.654,21.662
2026-07-25 14:52:29.355,0 days 01:05:40.940000,12,656.1274997511103,0 days 00:00:21.948000,11683.0438816,228.8312544,5,100.0,False,0,pos,1286.1923986771271,0.2945134989164851,OnTrack,-2075.0,3874.0,2088.0,3940.94,21.948
2026-07-25 14:52:29.389,0 days 01:05:40.974000,12,656.0613888888881,0 days 00:00:21.982000,11718.0,230.0,5,100.0,False,0,car,1288.3902777777778,0.29501677126111553,OnTrack,-2077.964442788835,3890.881181667626,2087.008014426521,3940.974,21.982
2026-07-25 14:52:29.628,0 days 01:05:41.213000,12,653.8041666666659,0 days 00:00:22.221000,11252.0,235.0,5,100.0,False,0,car,1303.9916666666668,0.29858919140163986,OnTrack,-2087.2181201518642,3988.8163445803066,2081.1048518900975,3941.213,22.221
2026-07-25 14:52:29.695,0 days 01:05:41.280000,12,652.7433323199992,0 days 00:00:22.288000,11145.46989824,237.01000192,5,100.0,False,0,pos,1308.4481667725793,0.2996096448271646,OnTrack,-2086.0,4028.0,2079.0,3941.28,22.288
2026-07-25 14:52:29.828,0 days 01:05:41.413000,12,650.6374999999991,0 days 00:00:22.421000,10934.0,241.0,5,100.0,False,0,car,1317.3805555555557,0.30165499129077494,OnTrack,-2078.5392035893683,4131.241262678745,2073.7965317244966,3941.413,22.421
2026-07-25 14:52:29.975,0 days 01:05:41.560000,12,647.5341646968212,0 days 00:00:22.568000,11054.897273001325,242.37383264774235,5,100.0,False,0,pos,1327.295869551561,0.3039254088588018,OnTrack,-2063.0,4254.0,2068.0,3941.56,22.568
2026-07-25 14:52:30.149,0 days 01:05:41.734000,12,643.8608333333325,0 days 00:00:22.742000,11198.0,244.0,6,100.0,False,0,car,1339.1372222222224,0.3066368525048126,OnTrack,-2035.4697052040856,4365.242774249472,2063.3730122970837,3941.734,22.742
2026-07-25 14:52:30.389,0 days 01:05:41.974000,12,638.0608333333325,0 days 00:00:22.982000,11357.0,250.0,6,100.0,False,0,car,1355.8038888888889,0.3104532009145243,OnTrack,-1970.2531854073252,4508.56285146987,2058.1682715254033,3941.974,22.982
2026-07-25 14:52:30.395,0 days 01:05:41.980000,12,637.884162897777,0 days 00:00:22.988000,11360.6750784,250.1500032,6,100.0,False,0,pos,1356.2278837747117,0.3105502876470184,OnTrack,-1968.0,4513.0,2058.0,3941.98,22.988
2026-07-25 14:52:30.755,0 days 01:05:42.340000,12,627.2841628977767,0 days 00:00:23.348000,11581.1750784,259.1500032,6,100.0,False,0,pos,1382.226080995532,0.31650337836416137,OnTrack,-1810.0,4803.0,2047.0,3942.34,23.348
2026-07-25 14:52:30.789,0 days 01:05:42.374000,12,626.2830555555545,0 days 00:00:23.382000,11602.0,260.0,6,100.0,False,0,car,1384.692777777778,0.31706820482469134,OnTrack,-1800.048599008107,4820.638837623317,2046.4552919817968,3942.374,23.382
2026-07-25 14:52:31.036,0 days 01:05:42.621000,12,618.5986091199992,0 days 00:00:23.629000,10422.5746944,261.7642861714286,6,100.0,False,0,pos,1402.6341892737655,0.3211764454585332,OnTrack,-1751.0,4903.0,2045.0,3942.621,23.629
2026-07-25 14:52:31.069,0 days 01:05:42.654000,12,617.5719444444437,0 days 00:00:23.662000,10265.0,262.0,6,100.0,False,0,car,1405.0705555555555,0.3217343268136321,OnTrack,-1742.656237834885,4916.204615115834,2044.7828344932464,3942.654,23.662
2026-07-25 14:52:31.309,0 days 01:05:42.894000,12,609.2386111111102,0 days 00:00:23.902000,10500.0,271.0,7,100.0,False,0,car,1423.1372222222224,0.3258712484897596,OnTrack,-1657.709966173437,5049.788488459591,2042.546821090716,3942.894,23.902
2026-07-25 14:52:31.416,0 days 01:05:43.001000,12,605.3152754311102,0 days 00:00:24.009000,10617.3656952,272.671876,7,100.0,False,0,pos,1431.288339581638,0.32773769871607833,OnTrack,-1602.0,5145.0,2042.0,3943.001,24.009
2026-07-25 14:52:31.576,0 days 01:05:43.161000,12,599.4486087644435,0 days 00:00:24.169000,10792.8656952,275.171876,7,100.0,False,0,pos,1443.5690937013308,0.3305497569033634,OnTrack,-1505.0,5319.0,2042.0,3943.161,24.169
2026-07-25 14:52:31.629,0 days 01:05:43.214000,12,597.5052777777769,0 days 00:00:24.222000,10851.0,276.0,7,100.0,False,0,car,1447.6705555555557,0.3314889133488553,OnTrack,-1479.9444047279537,5364.464567769851,2042.02015630295,3943.214,24.222
2026-07-25 14:52:31.869,0 days 01:05:43.454000,12,588.5052777777769,0 days 00:00:24.462000,11048.0,282.0,7,100.0,False,0,car,1466.4705555555556,0.3357937543550101,OnTrack,-1420.1584810082109,5474.88010266694,2042.0977369211523,3943.454,24.462
2026-07-25 14:52:31.996,0 days 01:05:43.581000,12,583.7427753777768,0 days 00:00:24.589000,11119.0406608,284.7781264,7,100.0,False,0,pos,1476.593389666819,0.3381116900667478,OnTrack,-1385.0,5540.0,2043.0,3943.581,24.589
2026-07-25 14:52:32.156,0 days 01:05:43.741000,12,577.7427753777765,0 days 00:00:24.749000,11208.5406608,288.2781264,7,100.0,False,0,pos,1489.488739336619,0.3410644788990489,OnTrack,-1324.0,5652.0,2045.0,3943.741,24.749
2026-07-25 14:52:32.189,0 days 01:05:43.774000,12,576.5052777777764,0 days 00:00:24.782000,11227.0,289.0,7,100.0,False,0,car,1492.1594444444445,0.3416760193705124,OnTrack,-1311.76045875886,5674.289387625479,2045.291113073832,3943.774,24.782
2026-07-25 14:52:32.376,0 days 01:05:43.961000,12,569.7005532266655,0 days 00:00:24.969000,11350.627820088888,291.59722311111113,7,100.0,False,0,pos,1507.361640269177,0.34515703192210306,OnTrack,-1238.0,5808.0,2047.0,3943.961,24.969
2026-07-25 14:52:32.549,0 days 01:05:44.134000,12,563.4052777777767,0 days 00:00:25.142000,11465.0,294.0,7,100.0,False,0,car,1521.5594444444444,0.3484080579652438,OnTrack,-1133.9713179790651,5998.407476208159,2052.2429187231783,3944.134,25.142
2026-07-25 14:52:32.576,0 days 01:05:44.161000,12,562.4602755377767,0 days 00:00:25.169000,11473.662520533333,294.56250133333333,7,100.0,False,0,pos,1523.7893536766737,0.3489186645983771,OnTrack,-1120.0,6024.0,2053.0,3944.161,25.169
2026-07-25 14:52:32.789,0 days 01:05:44.374000,12,555.0052777777767,0 days 00:00:25.382000,11542.0,299.0,7,100.0,False,0,car,1541.4927777777777,0.3529724106632591,OnTrack,-1056.7567529740747,6139.614916514315,2056.5077904733303,3944.374,25.382
2026-07-25 14:52:32.996,0 days 01:05:44.581000,12,548.6227758044437,0 days 00:00:25.589000,11615.390931781818,300.4113640727273,7,100.0,False,0,pos,1558.8085865212543,0.35693740021292136,OnTrack,-992.0,6257.0,2061.0,3944.581,25.589
2026-07-25 14:52:33.216,0 days 01:05:44.801000,12,541.8394424711107,0 days 00:00:25.809000,11693.390931781818,301.9113640727273,7,100.0,False,0,pos,1577.3080435732827,0.36117342262298374,OnTrack,-854.0,6507.0,2071.0,3944.801,25.809
2026-07-25 14:52:33.229,0 days 01:05:44.814000,12,541.4386111111107,0 days 00:00:25.822000,11698.0,302.0,7,100.0,False,0,car,1578.4038888888886,0.3614243502746339,OnTrack,-847.0810520673334,6519.503072536816,2071.5228060581894,3944.814,25.822
2026-07-25 14:52:33.389,0 days 01:05:44.974000,12,536.5941666666661,0 days 00:00:25.982000,11751.0,304.0,7,100.0,False,0,car,1591.9149999999997,0.36451813671877353,OnTrack,-784.9870685908353,6631.224157121731,2076.5315046197497,3944.974,25.982
2026-07-25 14:52:33.629,0 days 01:05:45.214000,12,529.7941666666659,0 days 00:00:26.222000,11817.0,305.0,7,100.0,False,0,car,1612.2483333333332,0.3691740817786219,OnTrack,-729.7368355075558,6729.675838265904,2082.3232996771194,3945.214,26.222
2026-07-25 14:52:33.676,0 days 01:05:45.261000,12,528.579998346666,0 days 00:00:26.269000,11817.979168,305.1958336,7,100.0,False,0,pos,1616.235766639623,0.3700871278640594,OnTrack,-714.0,6758.0,2084.0,3945.261,26.269
2026-07-25 14:52:33.869,0 days 01:05:45.454000,12,523.5941666666663,0 days 00:00:26.462000,11822.0,306.0,7,100.0,False,0,car,1632.648333333333,0.373845292232109,OnTrack,-633.9869686284217,6901.734859454793,2092.6591521992586,3945.454,26.462
2026-07-25 14:52:33.876,0 days 01:05:45.461000,12,523.4269429155552,0 days 00:00:26.469000,11824.7125248,306.0875008,7,100.0,False,0,pos,1633.2460660030752,0.3739821615995252,OnTrack,-631.0,6907.0,2093.0,3945.461,26.469
2026-07-25 14:52:34.029,0 days 01:05:45.614000,12,519.7719444444438,0 days 00:00:26.622000,11884.0,308.0,7,100.0,False,0,car,1646.337222222222,0.37697978639261887,OnTrack,-565.256639889636,7019.631094030804,2100.6468258086616,3945.614,26.622
2026-07-25 14:52:34.036,0 days 01:05:45.621000,12,519.6261097777771,0 days 00:00:26.629000,11880.25496576,307.94749952,7,100.0,False,0,pos,1646.9353831667713,0.37711675382678783,OnTrack,-562.0,7025.0,2101.0,3945.621,26.629
2026-07-25 14:52:34.156,0 days 01:05:45.741000,12,517.1261097777772,0 days 00:00:26.749000,11816.05496576,307.04749952,7,100.0,False,0,pos,1657.1673926217443,0.3794596886074863,OnTrack,-503.0,7119.0,2107.0,3945.741,26.749
2026-07-25 14:52:34.316,0 days 01:05:45.901000,12,513.792776444444,0 days 00:00:26.909000,11730.45496576,305.84749952,7,100.0,False,0,pos,1670.733112539726,0.3825659794256213,OnTrack,-424.0,7233.0,2115.0,3945.901,26.909
2026-07-25 14:52:34.429,0 days 01:05:46.014000,12,511.43861111111073,0 days 00:00:27.022000,11670.0,305.0,7,100.0,False,0,car,1680.2261111111106,0.3847396948256993,OnTrack,-350.9099609197448,7334.107917197972,2122.8376638873688,3946.014,27.022
2026-07-25 14:52:34.655,0 days 01:05:46.240000,12,508.04860919111076,0 days 00:00:27.248000,11326.377078109092,299.86363345454544,7,93.32272349090908,False,0,pos,1698.97911933308,0.38903377561201274,OnTrack,-194.0,7547.0,2140.0,3946.24,27.248
2026-07-25 14:52:34.869,0 days 01:05:46.454000,12,504.8386111111108,0 days 00:00:27.462000,11001.0,295.0,7,87.0,True,0,car,1716.2816666666663,0.39299572855204234,OnTrack,-113.45177071684847,7651.870176978623,2148.178555815465,3946.454,27.462
2026-07-25 14:52:35.029,0 days 01:05:46.614000,12,503.2386111111107,0 days 00:00:27.622000,11132.0,281.0,7,0.0,True,0,car,1728.7705555555551,0.39585544562705294,OnTrack,-73.42527000616414,7703.039282518641,2151.0825186386196,3946.614,27.622
2026-07-25 14:52:35.115,0 days 01:05:46.700000,12,502.8324993955549,0 days 00:00:27.708000,11234.6626528,272.3999872,7,0.0,True,0,pos,1735.187364023461,0.397324772234568,OnTrack,-42.0,7746.0,2153.0,3946.7,27.708
2026-07-25 14:52:35.155,0 days 01:05:46.740000,12,502.64361050666594,0 days 00:00:27.748000,11282.4126528,268.3999872,7,0.0,True,0,pos,1738.101379461714,0.39799202612558715,OnTrack,-25.0,7770.0,2154.0,3946.74,27.748
2026-07-25 14:52:35.189,0 days 01:05:46.774000,12,502.48305555555476,0 days 00:00:27.782000,11323.0,265.0,7,0.0,True,0,car,1740.548333333333,0.39855233183658256,OnTrack,-9.450649238510335,7793.768667519798,2155.000943455634,3946.774,27.782
2026-07-25 14:52:35.429,0 days 01:05:47.014000,12,502.74972222222164,0 days 00:00:28.022000,12136.0,249.0,7,0.0,True,0,car,1757.1483333333329,0.4023534148526554,OnTrack,109.10915405591318,8011.983037996559,2164.296053423249,3947.014,28.022
2026-07-25 14:52:35.455,0 days 01:05:47.040000,12,502.63416609777715,0 days 00:00:28.048000,12103.62984064,247.95999488,7,0.0,True,0,pos,1758.905305419535,0.40275572791028047,OnTrack,118.0,8030.0,2165.0,3947.04,28.048
2026-07-25 14:52:35.629,0 days 01:05:47.214000,12,501.8608333333325,0 days 00:00:28.222000,11887.0,241.0,6,0.0,False,0,car,1770.537222222222,0.40541921474179055,OnTrack,148.3083988073223,8101.4505617932855,2167.1614131594783,3947.214,28.222
2026-07-25 14:52:35.795,0 days 01:05:47.380000,12,500.89249925333223,0 days 00:00:28.388000,11628.86980096,237.67999744,6,0.0,False,0,pos,1781.4910770740858,0.4079274383344379,OnTrack,159.0,8156.0,2168.0,3947.38,28.388
2026-07-25 14:52:35.829,0 days 01:05:47.414000,12,500.6941666666655,0 days 00:00:28.422000,11576.0,237.0,5,0.0,False,0,car,1783.7038888888885,0.4084341299854628,OnTrack,162.34808806429976,8173.139765169912,2168.35967985186,3947.414,28.422
2026-07-25 14:52:36.015,0 days 01:05:47.600000,12,498.6274985777769,0 days 00:00:28.608000,11551.199982933333,231.57499626666666,5,42.62502933333333,False,0,pos,1795.6053227522855,0.41115933107733466,OnTrack,183.0,8291.0,2171.0,3947.6,28.608
2026-07-25 14:52:36.069,0 days 01:05:47.654000,12,498.02749999999924,0 days 00:00:28.662000,11544.0,230.0,5,55.0,False,0,car,1799.0372222222218,0.41194517052239754,OnTrack,186.88191427473404,8325.574939070439,2171.6974345147833,3947.654,28.662
2026-07-25 14:52:36.295,0 days 01:05:47.880000,12,492.8797200571394,0 days 00:00:28.888000,11573.343975895183,229.48519340534767,5,78.16629675935538,False,0,pos,1813.400269897661,0.4152340341716842,OnTrack,189.0,8467.0,2174.0,3947.88,28.888
2026-07-25 14:52:36.455,0 days 01:05:48.040000,12,489.23527614400336,0 days 00:00:29.048000,11594.118460338083,229.12072876599854,5,94.5672055300657,False,0,pos,1823.5833685333207,0.41756576930873235,OnTrack,176.0,8569.0,2175.0,3948.04,29.048
2026-07-25 14:52:36.508,0 days 01:05:48.093000,12,488.0280555555546,0 days 00:00:29.101000,11601.0,229.0,5,100.0,False,0,car,1826.9624999999996,0.4183395258886764,OnTrack,169.72423860701974,8602.537646864615,2175.107549616764,3948.093,29.101
2026-07-25 14:52:36.708,0 days 01:05:48.293000,12,483.0280555555546,0 days 00:00:29.301000,11683.0,230.0,5,100.0,False,0,car,1839.7402777777775,0.4212653930027887,OnTrack,138.30792138455132,8728.529953372088,2174.9868792972525,3948.293,29.301
2026-07-25 14:52:36.715,0 days 01:05:48.300000,12,482.81610911704786,0 days 00:00:29.308000,11680.47300527084,230.02904591642712,5,100.0,False,0,pos,1840.1882173048277,0.421367962600891,OnTrack,137.0,8733.0,2175.0,3948.3,29.308
2026-07-25 14:52:36.949,0 days 01:05:48.534000,12,475.73111111111007,0 days 00:00:29.542000,11596.0,231.0,5,100.0,False,0,car,1855.2044444444443,0.4248063918747398,OnTrack,88.21460172177405,8879.645662818262,2175.9863757204425,3948.534,29.542
2026-07-25 14:52:36.955,0 days 01:05:48.540000,12,475.5311068444434,0 days 00:00:29.548000,11599.16506752,231.04500096,5,100.0,False,0,pos,1855.591346319879,0.4248949850161616,OnTrack,87.0,8883.0,2176.0,3948.54,29.548
2026-07-25 14:52:37.135,0 days 01:05:48.720000,12,469.53110684444334,0 days 00:00:29.728000,11694.11506752,232.39500096,5,100.0,False,0,pos,1867.2495461724611,0.4275644901642118,OnTrack,45.0,8994.0,2176.0,3948.72,29.728
2026-07-25 14:52:37.275,0 days 01:05:48.860000,12,464.8644401777766,0 days 00:00:29.868000,11767.96506752,233.44500096,5,100.0,False,0,pos,1876.3719815952225,0.42965335367931295,OnTrack,-15.0,9152.0,2176.0,3948.86,29.868
2026-07-25 14:52:37.349,0 days 01:05:48.934000,12,462.3977777777766,0 days 00:00:29.942000,11807.0,234.0,5,100.0,False,0,car,1881.2044444444443,0.43075989539389004,OnTrack,-38.54512979018499,9212.9753750542,2176.0404868909395,3948.934,29.942
2026-07-25 14:52:37.589,0 days 01:05:49.174000,12,453.93111111111034,0 days 00:00:30.182000,11859.0,236.0,5,100.0,False,0,car,1896.9377777777775,0.43436252829265787,OnTrack,-64.11830199025691,9274.24362749657,2176.4000303039516,3949.174,30.182
2026-07-25 14:52:37.736,0 days 01:05:49.321000,12,448.54110876444355,0 days 00:00:30.329000,11879.008342044444,236.81666702222222,5,96.73333191111111,False,0,pos,1906.6469000826787,0.43658573190073824,OnTrack,-92.0,9361.0,2177.0,3949.321,30.329
2026-07-25 14:52:37.916,0 days 01:05:49.501000,12,441.9411087644434,0 days 00:00:30.509000,11903.508342044444,237.81666702222222,5,92.73333191111111,False,0,pos,1918.5613605320357,0.4393139158320468,OnTrack,-150.0,9550.0,2178.0,3949.501,30.509
2026-07-25 14:52:37.949,0 days 01:05:49.534000,12,440.73111111111007,0 days 00:00:30.542000,11908.0,238.0,5,92.0,True,0,car,1920.7377777777776,0.4398122738217262,OnTrack,-157.714145906888,9576.059166874744,2178.0932676660464,3949.534,30.542
2026-07-25 14:52:38.109,0 days 01:05:49.694000,12,435.04222222222097,0 days 00:00:30.702000,11457.0,236.0,5,16.0,True,0,car,1931.2266666666665,0.44221402908757146,OnTrack,-174.5020541855431,9639.88816678512,2177.9938735140395,3949.694,30.702
2026-07-25 14:52:38.256,0 days 01:05:49.841000,12,430.5505535999994,0 days 00:00:30.849000,11666.4750912,229.5687472,5,1.2999936000000007,True,0,pos,1940.6016839326867,0.44436072902162316,OnTrack,-182.0,9687.0,2178.0,3949.841,30.849
2026-07-25 14:52:38.269,0 days 01:05:49.854000,12,430.15333333333274,0 days 00:00:30.862000,11685.0,229.0,5,0.0,True,0,car,1941.404444444444,0.44454454584976866,OnTrack,-182.94856513471032,9692.975228493558,2178.0315210267113,3949.854,30.862
2026-07-25 14:52:38.476,0 days 01:05:50.061000,12,425.8408319999994,0 days 00:00:31.069000,11521.124949333333,214.62499555555556,5,0.0,True,0,pos,1953.4914784803016,0.4473122458370213,OnTrack,-200.0,9816.0,2179.0,3950.061,31.069
2026-07-25 14:52:38.629,0 days 01:05:50.214000,12,422.65333333333274,0 days 00:00:31.222000,11400.0,204.0,4,0.0,True,0,car,1961.804444444444,0.44921575630325583,OnTrack,-203.0478027026121,9908.200846043763,2179.6941690184635,3950.214,31.222
2026-07-25 14:52:38.836,0 days 01:05:50.421000,12,419.83583246222173,0 days 00:00:31.429000,11367.799990044445,191.3499960888889,4,0.0,True,0,pos,1972.450290190642,0.45165345169226817,OnTrack,-194.0,10022.0,2181.0,3950.421,31.429
2026-07-25 14:52:38.989,0 days 01:05:50.574000,12,417.7533333333329,0 days 00:00:31.582000,11344.0,182.0,4,0.0,True,0,car,1980.004444444444,0.45338320876666105,OnTrack,-180.50703155095854,10094.677565195101,2182.765521875646,3950.574,31.582
2026-07-25 14:52:39.229,0 days 01:05:50.814000,12,415.8199999999995,0 days 00:00:31.822000,11616.0,172.0,3,0.0,True,0,car,1991.4711111111108,0.4560088564725427,OnTrack,-145.34613815662945,10197.01754762906,2184.995601964645,3950.814,31.822
2026-07-25 14:52:39.236,0 days 01:05:50.821000,12,415.79083306666615,0 days 00:00:31.829000,11602.656128,171.6937472,3,0.0,True,0,pos,1991.7972022274093,0.4560835251113291,OnTrack,-144.0,10200.0,2185.0,3950.821,31.829
2026-07-25 14:52:39.276,0 days 01:05:50.861000,12,415.62416639999947,0 days 00:00:31.869000,11526.406128,169.9437472,3,0.0,True,0,pos,1993.650893232032,0.4565079849543845,OnTrack,-136.0,10217.0,2185.0,3950.861,31.869
2026-07-25 14:52:39.389,0 days 01:05:50.974000,12,415.15333333333274,0 days 00:00:31.982000,11311.0,165.0,3,0.0,True,0,car,1998.804444444444,0.45768804977281585,OnTrack,-111.98287882163251,10262.924943712069,2186.155254106762,3950.974,31.982
2026-07-25 14:52:39.536,0 days 01:05:51.121000,12,415.3166667377772,0 days 00:00:32.129000,11110.974912914286,161.84999862857143,3,0.0,True,0,pos,2005.345576678925,0.45918584414886243,OnTrack,-77.0,10318.0,2189.0,3951.121,32.129
2026-07-25 14:52:39.669,0 days 01:05:51.254000,12,415.46444444444387,0 days 00:00:32.262000,10930.0,159.0,3,0.0,False,0,car,2011.1711111111108,0.460519780292822,OnTrack,-40.6695809165664,10363.646761025078,2191.0811489917173,3951.254,32.262
2026-07-25 14:52:39.736,0 days 01:05:51.321000,12,415.65055573333274,0 days 00:00:32.329000,10852.27992576,157.99499904,3,0.0,False,0,pos,2014.0937651342078,0.461189012254813,OnTrack,-21.0,10385.0,2192.0,3951.321,32.329
2026-07-25 14:52:39.869,0 days 01:05:51.454000,12,416.0199999999993,0 days 00:00:32.462000,10698.0,156.0,3,0.0,False,0,car,2019.8377777777775,0.4625042814658721,OnTrack,20.359605694429693,10423.955277749292,2193.6397590875313,3951.454,32.462
2026-07-25 14:52:39.976,0 days 01:05:51.561000,12,417.0008339199993,0 days 00:00:32.569000,10581.7860416,153.9194432,3,4.1611136,False,0,pos,2024.3520149947706,0.46353795558731997,OnTrack,56.0,10452.0,2195.0,3951.561,32.569
2026-07-25 14:52:40.176,0 days 01:05:51.761000,12,418.83416725333257,0 days 00:00:32.769000,10364.563819377778,150.0305543111111,3,11.938891377777779,False,0,pos,2032.5777294246586,0.46542148711831477,OnTrack,128.0,10496.0,2198.0,3951.761,32.769
2026-07-25 14:52:40.229,0 days 01:05:51.814000,12,419.31999999999925,0 days 00:00:32.822000,10307.0,149.0,3,14.0,False,0,car,2034.7377777777774,0.4659160969441543,OnTrack,147.7947103010925,10505.325681304867,2198.8299007041396,3951.814,32.822
2026-07-25 14:52:40.389,0 days 01:05:51.974000,12,421.319999999999,0 days 00:00:32.982000,10226.0,146.0,3,26.0,False,0,car,2041.2266666666662,0.46740192859166874,OnTrack,208.4349597481972,10527.660222990427,2201.319645540036,3951.974,32.982
2026-07-25 14:52:40.436,0 days 01:05:52.021000,12,421.9727786666657,0 days 00:00:33.029000,10288.8625856,146.0,3,32.4625088,False,0,pos,2043.1301905478824,0.4678377992118844,OnTrack,226.0,10533.0,2202.0,3952.021,33.029
2026-07-25 14:52:40.549,0 days 01:05:52.134000,12,423.5422222222212,0 days 00:00:33.142000,10440.0,146.0,3,48.0,False,0,car,2047.7155555555553,0.4688877602391832,OnTrack,267.50098923072505,10543.805654077685,2203.515925269681,3952.134,33.142
2026-07-25 14:52:40.696,0 days 01:05:52.281000,12,425.6247231288878,0 days 00:00:33.289000,10556.375050666667,147.22500053333334,3,49.8375008,False,0,pos,2053.7352785887183,0.4702661618646542,OnTrack,332.0,10553.0,2206.0,3952.281,33.289
2026-07-25 14:52:40.789,0 days 01:05:52.374000,12,426.94222222222106,0 days 00:00:33.382000,10630.0,148.0,3,51.0,False,0,car,2057.582222222222,0.4711470384977325,OnTrack,387.6935095571311,10555.56629345547,2208.4261203993506,3952.374,33.382
2026-07-25 14:52:40.916,0 days 01:05:52.501000,12,428.9530565688878,0 days 00:00:33.509000,10795.629250133334,149.5875008,3,54.1750016,False,0,pos,2062.888566432047,0.4723620899949254,OnTrack,467.0,10555.0,2212.0,3952.501,33.509
2026-07-25 14:52:41.029,0 days 01:05:52.614000,12,430.74222222222124,0 days 00:00:33.622000,10943.0,151.0,3,57.0,False,0,car,2067.6488888888885,0.47345211293719835,OnTrack,521.2940565846178,10550.552117188823,2214.409363544246,3952.614,33.622
2026-07-25 14:52:41.235,0 days 01:05:52.820000,12,433.77500188444344,0 days 00:00:33.828000,11183.333482666667,153.5750016,3,63.00833706666667,False,0,pos,2076.4299386977223,0.4754628056656109,OnTrack,601.0,10532.0,2218.0,3952.82,33.828
2026-07-25 14:52:41.269,0 days 01:05:52.854000,12,434.27555555555455,0 days 00:00:33.862000,11223.0,154.0,3,64.0,False,0,car,2077.9155555555553,0.4758029835575808,OnTrack,615.58675404239,10527.479238904503,2218.6952756485953,3952.854,33.862
2026-07-25 14:52:41.509,0 days 01:05:53.094000,12,436.27555555555455,0 days 00:00:34.102000,11683.0,162.0,3,72.0,False,0,car,2088.715555555555,0.47827597732707394,OnTrack,732.4447706457802,10483.718120332023,2224.5549120618443,3953.094,34.102
2026-07-25 14:52:41.669,0 days 01:05:53.254000,12,437.2977777777769,0 days 00:00:34.262000,12197.0,165.0,3,76.0,False,0,car,2096.0488888888885,0.47995517062734716,OnTrack,803.4457474373364,10454.086313347678,2228.2824928650193,3953.254,34.262
2026-07-25 14:52:41.775,0 days 01:05:53.360000,12,437.4744446577769,0 days 00:00:34.368000,11578.66592,168.5333376,3,85.2750112,False,0,pos,2101.046650888763,0.48109956269096743,OnTrack,835.0,10441.0,2230.0,3953.36,34.368
2026-07-25 14:52:41.909,0 days 01:05:53.494000,12,437.697777777777,0 days 00:00:34.502000,10797.0,173.0,3,97.0,False,0,car,2107.582222222222,0.48259608372686763,OnTrack,857.2548765970413,10431.905751591254,2231.3146981870386,3953.494,34.502
2026-07-25 14:52:42.035,0 days 01:05:53.620000,12,436.9277769955548,0 days 00:00:34.628000,11122.309421381819,177.86818676363637,3,97.85909178181818,False,0,pos,2113.993273067907,0.48406409194883826,OnTrack,888.0,10414.0,2233.0,3953.62,34.628
2026-07-25 14:52:42.315,0 days 01:05:53.900000,12,435.21666588444367,0 days 00:00:34.908000,11845.218512290909,188.6863685818182,3,99.76818269090909,False,0,pos,2128.95772246288,0.4874906651078813,OnTrack,1044.0,10311.0,2241.0,3953.9,34.908
2026-07-25 14:52:42.349,0 days 01:05:53.934000,12,435.0088888888881,0 days 00:00:34.942000,11933.0,190.0,4,100.0,False,0,car,2130.804444444444,0.4879135291777326,OnTrack,1058.891895277393,10300.68754430869,2241.8349182385814,3953.934,34.942
2026-07-25 14:52:42.549,0 days 01:05:54.134000,12,433.1755555555551,0 days 00:00:35.142000,11019.0,198.0,4,100.0,False,0,car,2141.804444444444,0.4904323191281424,OnTrack,1115.7805351207794,10257.47605014378,2245.5516902625545,3954.134,35.142
2026-07-25 14:52:42.655,0 days 01:05:54.240000,12,432.0272208355552,0 days 00:00:35.248000,10795.7372304,202.6375056,4,100.0,False,0,pos,2147.801362701827,0.49180549889542646,OnTrack,1158.0,10221.0,2248.0,3954.24,35.248
2026-07-25 14:52:42.709,0 days 01:05:54.294000,12,431.442222222222,0 days 00:00:35.302000,10682.0,205.0,4,100.0,False,0,car,2150.915555555555,0.49251858959211803,OnTrack,1187.1225288578707,10195.416160103097,2249.5470096162203,3954.294,35.302
2026-07-25 14:52:42.915,0 days 01:05:54.500000,12,428.7527767236002,0 days 00:00:35.508000,11031.978631804184,213.12186698279754,4,100.0,False,0,pos,2163.188569084078,0.4953288753318351,OnTrack,1316.0,10080.0,2256.0,3954.5,35.508
2026-07-25 14:52:42.988,0 days 01:05:54.573000,12,427.79972222222204,0 days 00:00:35.581000,11156.0,216.0,5,100.0,False,0,car,2167.655555555555,0.49635172993483256,OnTrack,1347.7240638336696,10050.331311218726,2257.5767146643147,3954.573,35.581
2026-07-25 14:52:43.255,0 days 01:05:54.840000,12,424.091387408146,0 days 00:00:35.848000,11438.31432719231,223.32419245074394,5,100.0,False,0,pos,2184.416743371177,0.5001897218827344,OnTrack,1420.0,9976.0,2261.0,3954.84,35.848
2026-07-25 14:52:43.389,0 days 01:05:54.974000,12,422.2302777777777,0 days 00:00:35.982000,11580.0,227.0,5,100.0,False,0,car,2192.9408333333326,0.502141575713013,OnTrack,1468.22750897325,9926.152085594538,2263.016177646487,3954.974,35.982
2026-07-25 14:52:43.535,0 days 01:05:55.120000,12,420.3241649955554,0 days 00:00:36.128000,11757.0251552,229.7375024,5,100.0,False,0,pos,2202.2619936938063,0.5042759434441147,OnTrack,1542.0,9848.0,2266.0,3955.12,36.128
2026-07-25 14:52:43.549,0 days 01:05:55.134000,12,420.14138888888874,0 days 00:00:36.142000,11774.0,230.0,5,100.0,False,0,car,2203.1630555555553,0.504482269404303,OnTrack,1550.7038104124754,9838.570606054045,2266.351221326795,3955.134,36.142
2026-07-25 14:52:43.749,0 days 01:05:55.334000,12,416.8080555555557,0 days 00:00:36.342000,11570.0,235.0,5,100.0,False,0,car,2216.2186111111105,0.5074717423252437,OnTrack,1693.177800598005,9681.64229517983,2272.03626375986,3955.334,36.342
2026-07-25 14:52:43.795,0 days 01:05:55.380000,12,415.95194206222226,0 days 00:00:36.388000,11300.3242496,236.437504,5,100.0,False,0,pos,2219.268945021697,0.5081702105433691,OnTrack,1719.0,9653.0,2273.0,3955.38,36.388
2026-07-25 14:52:43.909,0 days 01:05:55.494000,12,413.8302777777776,0 days 00:00:36.502000,10632.0,240.0,5,100.0,False,0,car,2226.8852777777774,0.5099142053074592,OnTrack,1762.580704023674,9604.487859438545,2274.4257698258048,3955.494,36.502
2026-07-25 14:52:44.149,0 days 01:05:55.734000,12,408.763611111111,0 days 00:00:36.742000,10979.0,243.0,6,100.0,False,0,car,2243.0852777777773,0.513623695961699,OnTrack,1815.4089906182157,9545.83316474285,2275.8917861127857,3955.734,36.742
2026-07-25 14:52:44.156,0 days 01:05:55.741000,12,408.5963873599999,0 days 00:00:36.749000,10982.791701333334,243.1750016,6,100.0,False,0,pos,2243.5652207166736,0.5137335937299956,OnTrack,1818.0,9543.0,2276.0,3955.741,36.749
2026-07-25 14:52:44.316,0 days 01:05:55.901000,12,404.7741651377775,0 days 00:00:36.909000,11069.458368,247.1750016,6,100.0,False,0,pos,2254.6538281618837,0.5162726730933622,OnTrack,1892.0,9462.0,2279.0,3955.901,36.909
2026-07-25 14:52:44.389,0 days 01:05:55.974000,12,403.0302777777774,0 days 00:00:36.982000,11109.0,249.0,6,100.0,False,0,car,2259.6852777777776,0.517424778977772,OnTrack,1927.078025054293,9422.770418802713,2279.639557638769,3955.974,36.982
2026-07-25 14:52:44.476,0 days 01:05:56.061000,12,401.04860965333296,0 days 00:00:37.069000,10840.3873024,245.7374976,6,63.74997333333334,False,0,pos,2265.608653479092,0.518781118904042,OnTrack,1966.0,9379.0,2280.0,3956.061,37.069
2026-07-25 14:52:44.629,0 days 01:05:56.214000,12,397.56361111111073,0 days 00:00:37.222000,10368.0,240.0,6,0.0,True,0,car,2275.6852777777776,0.5210884734510952,OnTrack,2020.74858239163,9318.698005134132,2280.9589307562837,3956.214,37.222
2026-07-25 14:52:44.756,0 days 01:05:56.341000,12,395.51749896888845,0 days 00:00:37.349000,9936.1997824,226.24165973333334,6,0.0,True,0,pos,2283.507181551061,0.5228795400526606,OnTrack,2072.0,9262.0,2282.0,3956.341,37.349
2026-07-25 14:52:44.869,0 days 01:05:56.454000,12,393.69694444444394,0 days 00:00:37.462000,9552.0,214.0,6,0.0,True,0,car,2289.9519444444445,0.5243552676898084,OnTrack,2134.4205319169864,9191.676850923794,2283.0642209639577,3956.454,37.462
2026-07-25 14:52:44.996,0 days 01:05:56.581000,12,392.991388533333,0 days 00:00:37.589000,9493.035684571429,196.76427702857143,6,0.0,True,0,pos,2296.5214856208186,0.5258595671710679,OnTrack,2200.0,9117.0,2284.0,3956.581,37.589
2026-07-25 14:52:45.149,0 days 01:05:56.734000,12,392.14138888888874,0 days 00:00:37.742000,9422.0,176.0,5,0.0,True,0,car,2303.640833333333,0.5274897618503183,OnTrack,2235.824185975484,9074.95255375515,2284.1114082030185,3956.734,37.742
2026-07-25 14:52:45.316,0 days 01:05:56.901000,12,392.46611123555545,0 days 00:00:37.909000,10112.2669312,157.2124928,5,0.0,True,0,pos,2310.6615408806297,0.5290973698153089,OnTrack,2256.0,9048.0,2284.0,3956.901,37.909
2026-07-25 14:52:45.389,0 days 01:05:56.974000,12,392.60805555555544,0 days 00:00:37.982000,10414.0,149.0,5,0.0,True,0,car,2313.5741666666663,0.5297643055025064,OnTrack,2271.084693086556,9027.856450520218,2284.2435643356434,3956.974,37.982
2026-07-25 14:52:45.556,0 days 01:05:57.141000,12,393.62861150222204,0 days 00:00:38.149000,11363.39536384,139.81499648,5,0.0,True,0,pos,2320.0053179090496,0.5312369163314956,OnTrack,2312.0,8971.0,2285.0,3957.141,38.149
2026-07-25 14:52:45.589,0 days 01:05:57.174000,12,393.8302777777776,0 days 00:00:38.182000,11551.0,138.0,5,0.0,True,0,car,2321.2408333333333,0.5315198257709739,OnTrack,2319.0348573716146,8960.211533151303,2285.058154793936,3957.174,38.182
2026-07-25 14:52:45.756,0 days 01:05:57.341000,12,395.59305623111095,0 days 00:00:38.349000,10971.3706112,132.4333312,5,0.0,True,0,pos,2327.3246784846824,0.5329129101370709,OnTrack,2349.0,8908.0,2285.0,3957.341,38.349
2026-07-25 14:52:45.829,0 days 01:05:57.414000,12,396.3636111111109,0 days 00:00:38.422000,10718.0,130.0,3,0.0,True,0,car,2329.9075,0.5335043269440239,OnTrack,2360.0758984379495,8885.222413711635,2284.977370166056,3957.414,38.422
2026-07-25 14:52:46.036,0 days 01:05:57.621000,12,399.29611201777726,0 days 00:00:38.629000,10075.437301333333,123.96249813333333,3,0.0,True,0,pos,2337.005266259525,0.5351295798826466,OnTrack,2385.0,8820.0,2285.0,3957.621,38.629
2026-07-25 14:52:46.069,0 days 01:05:57.654000,12,399.76361111111055,0 days 00:00:38.662000,9973.0,123.0,2,0.0,True,0,car,2338.1075,0.5353819703616022,OnTrack,2387.9999412668326,8809.509838403377,2285.0060989920257,3957.654,38.662
2026-07-25 14:52:46.216,0 days 01:05:57.801000,12,402.3769455822217,0 days 00:00:38.809000,9694.43487872,118.58999808,2,0.0,True,0,pos,2342.9195045500896,0.5364838275163379,OnTrack,2398.0,8763.0,2285.0,3957.801,38.809
2026-07-25 14:52:46.269,0 days 01:05:57.854000,12,403.3191666666662,0 days 00:00:38.862000,9594.0,117.0,2,0.0,True,0,car,2344.6075,0.5368703462413897,OnTrack,2400.208588507628,8746.724327599697,2284.956501292658,3957.854,38.862
2026-07-25 14:52:46.456,0 days 01:05:58.041000,12,407.3708347199994,0 days 00:00:39.049000,9407.779102933333,111.54583146666667,2,0.0,True,0,pos,2350.354980121869,0.5381864094387664,OnTrack,2402.0,8691.0,2285.0,3958.041,39.049
2026-07-25 14:52:46.509,0 days 01:05:58.094000,12,408.519166666666,0 days 00:00:39.102000,9355.0,110.0,2,0.0,False,0,car,2351.940833333333,0.5385495395416628,OnTrack,2400.7827336987284,8675.324508351809,2285.2698490826356,3958.094,39.102
2026-07-25 14:52:46.616,0 days 01:05:58.201000,12,411.5508351466661,0 days 00:00:39.209000,9496.7750848,108.92999936,2,12.57250752,False,0,pos,2355.096320158139,0.5392720857692056,OnTrack,2396.0,8644.0,2286.0,3958.201,39.209
2026-07-25 14:52:46.836,0 days 01:05:58.421000,12,417.7841684799995,0 days 00:00:39.429000,9788.2750848,106.72999936,2,38.42250752,False,0,pos,2361.5102720727837,0.5407407582805709,OnTrack,2377.0,8582.0,2287.0,3958.421,39.429
2026-07-25 14:52:46.909,0 days 01:05:58.494000,12,419.8524999999995,0 days 00:00:39.502000,9885.0,106.0,2,47.0,False,0,car,2363.718611111111,0.5412464257511924,OnTrack,2368.642508279527,8561.434392645579,2287.323149749025,3958.494,39.502
2026-07-25 14:52:47.096,0 days 01:05:58.681000,12,425.35861299555506,0 days 00:00:39.689000,10690.50277568,110.6750016,2,61.49250496,False,0,pos,2369.606134722988,0.542594556233592,OnTrack,2344.0,8509.0,2288.0,3958.681,39.689
2026-07-25 14:52:47.276,0 days 01:05:58.861000,12,430.65861299555513,0 days 00:00:39.869000,11465.85277568,115.1750016,2,75.44250496,False,0,pos,2375.510692806283,0.5439465872846659,OnTrack,2317.0,8457.0,2288.0,3958.861,39.869
2026-07-25 14:52:47.309,0 days 01:05:58.894000,12,431.63027777777734,0 days 00:00:39.902000,11608.0,116.0,2,78.0,False,0,car,2376.6074999999996,0.5441977351880362,OnTrack,2311.0137303912916,8445.267093006469,2287.9876978663738,3958.894,39.902
2026-07-25 14:52:47.469,0 days 01:05:59.054000,12,436.2524999999996,0 days 00:00:40.062000,11714.0,122.0,2,61.0,False,0,car,2382.0297222222216,0.545439320537329,OnTrack,2279.461338160237,8379.787966517972,2287.98242942385,3959.054,40.062
2026-07-25 14:52:47.496,0 days 01:05:59.081000,12,437.0325018488885,0 days 00:00:40.089000,11532.28956928,123.21500288,2,58.9749952,False,0,pos,2382.980909844639,0.5456571243395381,OnTrack,2275.0,8369.0,2288.0,3959.081,40.089
2026-07-25 14:52:47.669,0 days 01:05:59.254000,12,442.0302777777774,0 days 00:00:40.262000,10368.0,131.0,2,46.0,False,0,car,2389.3074999999994,0.5471057926762364,OnTrack,2255.3245207821346,8305.580714558246,2288.2615334462193,3959.254,40.262
2026-07-25 14:52:47.955,0 days 01:05:59.540000,12,450.4513926577775,0 days 00:00:40.548000,10081.999872,135.29000192,2,57.44000512,False,0,pos,2400.107159460116,0.5495787084685989,OnTrack,2246.0,8212.0,2289.0,3959.54,40.548
2026-07-25 14:52:48.069,0 days 01:05:59.654000,12,453.80805555555526,0 days 00:00:40.662000,9968.0,137.0,3,62.0,False,0,car,2404.5297222222216,0.5505913908904397,OnTrack,2245.1027857603804,8173.482609515745,2289.2726622558366,3959.654,40.662
2026-07-25 14:52:48.309,0 days 01:05:59.894000,12,460.608055555555,0 days 00:00:40.902000,10785.0,145.0,3,80.0,False,0,car,2414.1963888888886,0.5528048729680727,OnTrack,2247.854356504476,8086.373667422004,2289.975187351999,3959.894,40.902
2026-07-25 14:52:48.315,0 days 01:05:59.900000,12,460.7530586488883,0 days 00:00:40.908000,10772.59473536,145.28500608,3,80.3000064,False,0,pos,2414.451187244251,0.5528632169259697,OnTrack,2248.0,8084.0,2290.0,3959.9,40.908
2026-07-25 14:52:48.515,0 days 01:06:00.100000,12,465.5863919822216,0 days 00:00:41.108000,10359.09473536,154.78500608,3,90.3000064,False,0,pos,2423.390818116124,0.5549102216896468,OnTrack,2256.0,8000.0,2291.0,3960.1,41.108
2026-07-25 14:52:48.709,0 days 01:06:00.294000,12,470.2747222222215,0 days 00:00:41.302000,9958.0,164.0,3,100.0,False,0,car,2432.4186111111107,0.5569774138960241,OnTrack,2273.9945219375422,7913.85047431156,2291.9407687391895,3960.294,41.302
2026-07-25 14:52:48.735,0 days 01:06:00.320000,12,470.8741696177771,0 days 00:00:41.328000,10024.625328,164.6500032,3,100.0,False,0,pos,2433.622842628018,0.5572531599180925,OnTrack,2277.0,7902.0,2292.0,3960.32,41.328
2026-07-25 14:52:48.869,0 days 01:06:00.454000,12,473.9636111111108,0 days 00:00:41.462000,10368.0,168.0,4,100.0,False,0,car,2439.8852777777774,0.5586871379835749,OnTrack,2294.281955385127,7839.771811668872,2291.957415478482,3960.454,41.462
2026-07-25 14:52:48.975,0 days 01:06:00.560000,12,476.11305815111075,0 days 00:00:41.568000,10744.6317048,172.968756,4,100.0,False,0,pos,2445.0934878440858,0.559879718635815,OnTrack,2309.0,7791.0,2292.0,3960.56,41.568
2026-07-25 14:52:49.175,0 days 01:06:00.760000,12,480.1686137066661,0 days 00:00:41.768000,11455.2567048,182.343756,4,100.0,False,0,pos,2455.419442428897,0.562244165057325,OnTrack,2339.0,7695.0,2293.0,3960.76,41.768
2026-07-25 14:52:49.189,0 days 01:06:00.774000,12,480.4524999999994,0 days 00:00:41.782000,11505.0,183.0,4,100.0,False,0,car,2456.151944444444,0.5624118940314535,OnTrack,2341.5436772674616,7686.516957495205,2293.0727962380283,3960.774,41.782
2026-07-25 14:52:49.389,0 days 01:06:00.974000,12,484.11916666666593,0 days 00:00:41.982000,11520.0,191.0,4,100.0,False,0,car,2466.763055555555,0.5648416358523034,OnTrack,2381.026616397898,7549.489536406841,2293.973711721053,3960.974,41.982
2026-07-25 14:52:49.395,0 days 01:06:00.980000,12,484.2191687821716,0 days 00:00:41.988000,11498.489795656415,191.16713445488412,4,100.0,False,0,pos,2467.087757493279,0.564915986395723,OnTrack,2382.0,7546.0,2294.0,3960.98,41.988
2026-07-25 14:52:49.635,0 days 01:06:01.220000,12,488.21916806907996,0 days 00:00:42.228000,10638.099976895826,197.85237003188948,4,100.0,False,0,pos,2480.4077299861074,0.5679660057461478,OnTrack,2410.0,7440.0,2295.0,3961.22,42.228
2026-07-25 14:52:49.748,0 days 01:06:01.333000,12,490.1024999999995,0 days 00:00:42.341000,10233.0,201.0,5,100.0,False,0,car,2486.8072222222218,0.5694313672672432,OnTrack,2424.419860730804,7383.363523002372,2295.301246190505,3961.333,42.341
2026-07-25 14:52:49.909,0 days 01:06:01.494000,12,492.60694444444425,0 days 00:00:42.502000,10446.0,206.0,5,100.0,False,0,car,2496.0199999999995,0.5715409174565181,OnTrack,2447.925951563421,7289.756497912459,2295.600873737059,3961.494,42.502
2026-07-25 14:52:50.015,0 days 01:06:01.600000,12,493.6375012444443,0 days 00:00:42.608000,10445.1166656,208.208336,5,65.9916256,False,0,pos,2502.207321215758,0.5729576958654463,OnTrack,2462.0,7231.0,2296.0,3961.6,42.608
2026-07-25 14:52:50.149,0 days 01:06:01.734000,12,494.94027777777774,0 days 00:00:42.742000,10444.0,211.0,5,23.0,True,0,car,2510.0866666666657,0.5747619155143148,OnTrack,2478.372395979192,7160.96499215791,2296.7616336882757,3961.734,42.742
2026-07-25 14:52:50.215,0 days 01:06:01.800000,12,495.54527895111113,0 days 00:00:42.808000,10628.8003584,210.00999808,5,15.40998528,True,0,pos,2513.9434890484436,0.5756450541921091,OnTrack,2492.0,7118.0,2297.0,3961.8,42.808
2026-07-25 14:52:50.349,0 days 01:06:01.934000,12,496.7736111111112,0 days 00:00:42.942000,11004.0,208.0,5,0.0,True,0,car,2521.6422222222213,0.5774079170783816,OnTrack,2535.2398370544893,7008.236796940019,2296.9940300511093,3961.934,42.942
2026-07-25 14:52:50.375,0 days 01:06:01.960000,12,497.06250142222234,0 days 00:00:42.968000,11060.3877776,206.2124912,5,0.0,True,0,pos,2523.096110266654,0.5777408296779577,OnTrack,2543.0,6990.0,2297.0,3961.96,42.968
2026-07-25 14:52:50.509,0 days 01:06:02.094000,12,498.55138888888905,0 days 00:00:43.102000,11351.0,197.0,5,0.0,True,0,car,2530.397777777777,0.5794127721096167,OnTrack,2571.840326812335,6928.80810202617,2297.2834101881112,3962.094,43.102
2026-07-25 14:52:50.696,0 days 01:06:02.281000,12,500.4733339911112,0 days 00:00:43.289000,10858.3717064,190.5718728,5,0.0,True,0,pos,2540.193559215634,0.5816558190043517,OnTrack,2604.0,6885.0,2298.0,3962.281,43.289
2026-07-25 14:52:50.829,0 days 01:06:02.414000,12,501.8402777777778,0 days 00:00:43.422000,10508.0,186.0,4,0.0,True,0,car,2546.93111111111,0.5831985897320507,OnTrack,2642.515483425546,6836.920384595937,2298.3805069409636,3962.414,43.422
2026-07-25 14:52:51.016,0 days 01:06:02.601000,12,504.2816675022222,0 days 00:00:43.609000,10285.677701688888,180.28610915555555,4,0.0,True,0,pos,2556.1236659565548,0.5853035092559867,OnTrack,2708.0,6762.0,2299.0,3962.601,43.609
2026-07-25 14:52:51.189,0 days 01:06:02.774000,12,506.54027777777765,0 days 00:00:43.782000,10080.0,175.0,4,0.0,False,0,car,2564.43111111111,0.5872057555622481,OnTrack,2769.90440096832,6707.176049865007,2299.9619163222987,3962.774,43.782
2026-07-25 14:52:51.196,0 days 01:06:02.781000,12,506.6413898133332,0 days 00:00:43.789000,10079.154158933334,174.85416533333333,4,0.0,False,0,pos,2564.7650583220016,0.587282223096681,OnTrack,2773.0,6705.0,2300.0,3962.781,43.789
2026-07-25 14:52:51.416,0 days 01:06:03.001000,12,509.819167591111,0 days 00:00:44.009000,10052.5708256,170.270832,4,0.0,False,0,pos,2575.158526784904,0.5896621289070679,OnTrack,2895.0,6639.0,2301.0,3963.001,44.009
2026-07-25 14:52:51.429,0 days 01:06:03.014000,12,510.00694444444434,0 days 00:00:44.022000,10051.0,170.0,4,0.0,False,0,car,2575.7644444444436,0.589800872480852,OnTrack,2902.657452997734,6635.895103531581,2301.04471040229,3963.014,44.022
2026-07-25 14:52:51.869,0 days 01:06:03.454000,12,517.7069444444442,0 days 00:00:44.462000,11801.0,165.0,3,58.0,False,0,car,2595.9311111111106,0.5944186540566033,OnTrack,3131.7388463134776,6589.2502058618375,2301.9800153482433,3963.454,44.462
2026-07-25 14:52:51.876,0 days 01:06:03.461000,12,517.8313900266663,0 days 00:00:44.469000,11815.875136,165.1312512,3,58.1312512,False,0,pos,2596.2553560943747,0.5944928999661776,OnTrack,3134.0,6589.0,2302.0,3963.461,44.469
2026-07-25 14:52:52.029,0 days 01:06:03.614000,12,520.5513888888881,0 days 00:00:44.622000,12141.0,168.0,3,61.0,False,0,car,2603.3977777777773,0.5961283781441542,OnTrack,3169.459440925823,6585.798054796829,2302.527829994992,3963.614,44.622
2026-07-25 14:52:52.156,0 days 01:06:03.741000,12,522.8444455999993,0 days 00:00:44.749000,12278.583402666667,169.5875008,3,76.875008,False,0,pos,2609.3924468897353,0.5975010429000842,OnTrack,3201.0,6584.0,2303.0,3963.741,44.749
2026-07-25 14:52:52.269,0 days 01:06:03.854000,12,524.8847222222216,0 days 00:00:44.862000,12401.0,171.0,3,91.0,False,0,car,2614.7977777777774,0.598738760456397,OnTrack,3245.2566846220475,6581.470782409519,2303.382106559675,3963.854,44.862
2026-07-25 14:52:52.429,0 days 01:06:04.014000,12,527.5958333333328,0 days 00:00:45.022000,12631.0,176.0,3,98.0,False,0,car,2622.6199999999994,0.6005298999766884,OnTrack,3331.3174149988054,6574.803993724725,2303.9050798466355,3964.014,45.022
2026-07-25 14:52:52.456,0 days 01:06:04.041000,12,528.0458343999995,0 days 00:00:45.049000,12620.1999744,176.81000192,3,93.9499904,False,0,pos,2623.969396871942,0.6008388860930668,OnTrack,3348.0,6573.0,2304.0,3964.041,45.049
2026-07-25 14:52:52.629,0 days 01:06:04.214000,12,530.9291666666663,0 days 00:00:45.222000,12551.0,182.0,3,68.0,True,0,car,2632.7311111111107,0.6028451513452469,OnTrack,3466.7901284881314,6557.03390807717,2304.655959324217,3964.214,45.222
2026-07-25 14:52:52.716,0 days 01:06:04.301000,12,532.548334524444,0 days 00:00:45.309000,12324.7998336,179.8249984,3,31.0249728,True,0,pos,2637.067337112652,0.6038380642975547,OnTrack,3516.0,6549.0,2305.0,3964.301,45.309
2026-07-25 14:52:52.789,0 days 01:06:04.374000,12,533.906944444444,0 days 00:00:45.382000,12135.0,178.0,3,0.0,True,0,car,2640.642222222222,0.6046566447237233,OnTrack,3545.632552429428,6543.234109384895,2305.2901918624652,3964.374,45.382
2026-07-25 14:52:52.976,0 days 01:06:04.561000,12,538.2702792711104,0 days 00:00:45.569000,11736.585974755555,172.8055537777778,3,0.0,True,0,pos,2649.491365708562,0.6066829296040076,OnTrack,3597.0,6526.0,2306.0,3964.561,45.569
2026-07-25 14:52:53.149,0 days 01:06:04.734000,12,542.3069444444436,0 days 00:00:45.742000,11368.0,168.0,3,0.0,False,0,car,2657.442222222222,0.6085035239207127,OnTrack,3666.489625863974,6492.379876631016,2306.5249500186537,3964.734,45.742
2026-07-25 14:52:53.316,0 days 01:06:04.901000,12,546.6211127644439,0 days 00:00:45.909000,11173.44492544,163.8249984,3,3.34000128,False,0,pos,2665.0234138947044,0.6102394720476927,OnTrack,3735.0,6454.0,2307.0,3964.901,45.909
2026-07-25 14:52:53.349,0 days 01:06:04.934000,12,547.4736111111106,0 days 00:00:45.942000,11135.0,163.0,3,4.0,False,0,car,2666.4977777777776,0.6105770732233228,OnTrack,3746.178799311138,6446.990323529693,2307.1008407645913,3964.934,45.942
2026-07-25 14:52:53.616,0 days 01:06:05.201000,12,555.2611129777772,0 days 00:00:46.209000,10923.624949333333,157.80833208888887,3,23.283337955555556,False,0,pos,2678.1007045107176,0.6132339218824382,OnTrack,3819.0,6390.0,2308.0,3965.201,46.209
2026-07-25 14:52:53.709,0 days 01:06:05.294000,12,557.9736111111106,0 days 00:00:46.302000,10850.0,156.0,3,30.0,False,0,car,2682.0977777777775,0.614149175334813,OnTrack,3846.4417597339025,6363.816348112024,2308.3468662338087,3965.294,46.302
2026-07-25 14:52:53.876,0 days 01:06:05.461000,12,563.0763908444441,0 days 00:00:46.469000,10895.09001728,155.16499968,3,37.51500288,False,0,pos,2689.2873323628955,0.6157954460472599,OnTrack,3897.0,6310.0,2309.0,3965.461,46.469
2026-07-25 14:52:53.909,0 days 01:06:05.494000,12,564.0847222222219,0 days 00:00:46.502000,10904.0,155.0,3,39.0,False,0,car,2690.708888888889,0.6161209553464974,OnTrack,3906.1978214796977,6299.090299330234,2309.1307590973865,3965.494,46.502
2026-07-25 14:52:54.096,0 days 01:06:05.681000,12,570.1102798399997,0 days 00:00:46.689000,10999.503604114285,155.0,3,44.34285897142857,False,0,pos,2698.7655487773523,0.6179657766156728,OnTrack,3953.0,6235.0,2310.0,3965.681,46.689
2026-07-25 14:52:54.189,0 days 01:06:05.774000,12,573.1069444444443,0 days 00:00:46.782000,11047.0,155.0,3,47.0,False,0,car,2702.764444444444,0.6188814473628554,OnTrack,3972.983241576055,6200.572246650735,2310.6585504968425,3965.774,46.782
2026-07-25 14:52:54.235,0 days 01:06:05.820000,12,574.6147264177777,0 days 00:00:46.828000,11098.4626432,155.0,3,49.3000064,False,0,pos,2704.7390776933953,0.6193336006704193,OnTrack,3982.0,6183.0,2311.0,3965.82,46.828
2026-07-25 14:52:54.349,0 days 01:06:05.934000,12,578.3513888888888,0 days 00:00:46.942000,11226.0,155.0,3,55.0,False,0,car,2709.653333333333,0.620458871372203,OnTrack,4001.760524253755,6138.142887552716,2311.8083019936144,3965.934,46.942
2026-07-25 14:52:54.535,0 days 01:06:06.120000,12,584.2413929422221,0 days 00:00:47.128000,11384.1001088,158.87500266666666,3,58.100002133333334,False,0,pos,2717.8888955317466,0.6223446578541428,OnTrack,4026.0,6061.0,2313.0,3966.12,47.128
2026-07-25 14:52:54.589,0 days 01:06:06.174000,12,585.9513888888887,0 days 00:00:47.182000,11430.0,160.0,3,59.0,False,0,car,2720.32,0.6229013343544185,OnTrack,4031.148589125959,6037.701123942569,2313.312796185579,3966.174,47.182
2026-07-25 14:52:54.715,0 days 01:06:06.300000,12,589.8713928711109,0 days 00:00:47.308000,11143.66470912,161.89000192,3,63.7250048,False,0,pos,2726.0511228731984,0.6242136520541981,OnTrack,4040.0,5982.0,2314.0,3966.3,47.308
2026-07-25 14:52:54.989,0 days 01:06:06.574000,12,598.395833333333,0 days 00:00:47.582000,10521.0,166.0,3,74.0,False,0,car,2738.7644444444445,0.6271247599278329,OnTrack,4045.6049497091785,5856.548925120611,2315.5979996949677,3966.574,47.582
2026-07-25 14:52:55.035,0 days 01:06:06.620000,12,599.8013927999998,0 days 00:00:47.628000,10533.3625344,167.1500032,3,76.0125056,False,0,pos,2740.9256101292804,0.6276196256012997,OnTrack,4045.0,5835.0,2316.0,3966.62,47.628
2026-07-25 14:52:55.149,0 days 01:06:06.734000,12,603.2847222222222,0 days 00:00:47.742000,10564.0,170.0,4,81.0,False,0,car,2746.3199999999997,0.6288548378735688,OnTrack,4041.756145190412,5781.041903103626,2317.234128287437,3966.734,47.742
2026-07-25 14:52:55.255,0 days 01:06:06.840000,12,606.4058371022223,0 days 00:00:47.848000,10796.67028096,172.6500032,4,91.07001216,False,0,pos,2751.3989537150806,0.6300178212895817,OnTrack,4036.0,5730.0,2318.0,3966.84,47.848
2026-07-25 14:52:55.349,0 days 01:06:06.934000,12,609.1736111111113,0 days 00:00:47.942000,11003.0,175.0,4,100.0,False,0,car,2756.042222222222,0.6310810411125672,OnTrack,4028.385380036979,5683.904041324772,2317.9584907372746,3966.934,47.942
2026-07-25 14:52:55.375,0 days 01:06:06.960000,12,609.8236143111113,0 days 00:00:47.968000,11044.2752032,176.625008,4,100.0,False,0,pos,2757.3626739218535,0.6313833993372067,OnTrack,4026.0,5671.0,2318.0,3966.96,47.968
2026-07-25 14:52:55.589,0 days 01:06:07.174000,12,615.1736111111113,0 days 00:00:48.182000,11384.0,190.0,4,100.0,False,0,car,2768.708888888889,0.6339814659039482,OnTrack,4002.756184187749,5562.121295810028,2319.951151980812,3967.174,48.182
2026-07-25 14:52:55.595,0 days 01:06:07.180000,12,615.2586129244446,0 days 00:00:48.188000,11366.549627733333,190.20000426666667,4,100.0,False,0,pos,2769.0335975999897,0.634055817998342,OnTrack,4002.0,5559.0,2320.0,3967.18,48.188
2026-07-25 14:52:55.795,0 days 01:06:07.380000,12,618.0919462577776,0 days 00:00:48.388000,10784.882961066667,196.86667093333332,4,100.0,False,0,pos,2780.0086376313943,0.6365688925925643,OnTrack,3974.0,5453.0,2321.0,3967.38,48.388
2026-07-25 14:52:55.829,0 days 01:06:07.414000,12,618.573611111111,0 days 00:00:48.422000,10686.0,198.0,4,100.0,False,0,car,2781.9088888888887,0.6370040138444398,OnTrack,3968.978232862469,5434.679614761061,2321.163793835111,3967.414,48.422
2026-07-25 14:52:55.975,0 days 01:06:07.560000,12,619.2630561599998,0 days 00:00:48.568000,10697.68001024,203.84000512,4,100.0,False,0,pos,2790.2017259078807,0.6389029151666056,OnTrack,3947.0,5355.0,2322.0,3967.56,48.568
2026-07-25 14:52:56.029,0 days 01:06:07.614000,12,619.5180555555553,0 days 00:00:48.622000,10702.0,206.0,5,100.0,False,0,car,2793.3533333333335,0.6396245730857752,OnTrack,3938.7709890166766,5325.022819759644,2322.366911961694,3967.614,48.622
2026-07-25 14:52:56.915,0 days 01:06:08.500000,12,594.9069408888886,0 days 00:00:49.508000,10723.186959582608,233.92826490434783,5,100.0,False,0,pos,2851.126970546247,0.6528536327958212,OnTrack,3826.0,4790.0,2331.0,3968.5,49.508
2026-07-25 14:52:56.949,0 days 01:06:08.534000,12,593.9624999999996,0 days 00:00:49.542000,10724.0,235.0,6,100.0,False,0,car,2853.408888888889,0.6533761485221032,OnTrack,3824.65138904705,4767.640490879434,2331.2907727005195,3968.534,49.542
2026-07-25 14:52:57.135,0 days 01:06:08.720000,12,587.8141624355552,0 days 00:00:49.728000,10893.392973714286,239.6500032,6,100.0,False,0,pos,2865.879495052371,0.6562316792021121,OnTrack,3824.0,4631.0,2333.0,3968.72,49.728
2026-07-25 14:52:57.229,0 days 01:06:08.814000,12,584.7069444444442,0 days 00:00:49.822000,10979.0,242.0,6,100.0,False,0,car,2872.231111111111,0.6576860779928043,OnTrack,3830.178453031891,4537.479397267624,2334.2565777586283,3968.814,49.822
2026-07-25 14:52:57.416,0 days 01:06:09.001000,12,578.1619422044444,0 days 00:00:50.009000,11067.8250304,245.33928685714287,6,100.0,False,0,pos,2885.034560914048,0.66061782351046,OnTrack,3848.0,4360.0,2337.0,3969.001,50.009
2026-07-25 14:52:57.509,0 days 01:06:09.094000,12,574.9069444444444,0 days 00:00:50.102000,11112.0,247.0,6,100.0,False,0,car,2891.442222222222,0.6620850555930652,OnTrack,3853.2387165828286,4324.514514475011,2337.97853726325,3969.094,50.102
2026-07-25 14:52:57.636,0 days 01:06:09.221000,12,570.250275431111,0 days 00:00:50.229000,11148.5125184,248.05833386666666,6,100.0,False,0,pos,2900.206109379919,0.6640918184020954,OnTrack,3862.0,4293.0,2339.0,3969.221,50.229
2026-07-25 14:52:57.749,0 days 01:06:09.334000,12,566.1069444444443,0 days 00:00:50.342000,11181.0,249.0,6,100.0,False,0,car,2908.0422222222223,0.6658861386091381,OnTrack,3878.8270559872994,4227.21278357397,2339.775283114516,3969.334,50.342
2026-07-25 14:52:57.896,0 days 01:06:09.481000,12,560.3494419377778,0 days 00:00:50.489000,11275.81504128,251.20500096,6,100.0,False,0,pos,2918.3197611088444,0.6682394987602808,OnTrack,3910.0,4116.0,2341.0,3969.481,50.489
2026-07-25 14:52:57.949,0 days 01:06:09.534000,12,558.2736111111112,0 days 00:00:50.542000,11310.0,252.0,6,100.0,False,0,car,2922.0422222222223,0.6690918712732961,OnTrack,3922.56797277417,4078.715388809931,2341.639098081966,3969.534,50.542
2026-07-25 14:52:58.149,0 days 01:06:09.734000,12,550.2736111111112,0 days 00:00:50.742000,11406.0,254.0,6,100.0,False,0,car,2936.153333333333,0.6723230462601852,OnTrack,3976.7905216120025,3950.7812998725494,2344.542828819413,3969.734,50.742
2026-07-25 14:52:58.236,0 days 01:06:09.821000,12,546.7694418666669,0 days 00:00:50.829000,11425.937514666666,254.72500053333334,6,100.0,False,0,pos,2942.3231876521354,0.6737358250832481,OnTrack,4005.0,3898.0,2345.0,3969.821,50.829
2026-07-25 14:52:58.276,0 days 01:06:09.861000,12,545.1583307555558,0 days 00:00:50.869000,11435.104181333334,255.05833386666666,6,100.0,False,0,pos,2945.166306931324,0.6743868451076332,OnTrack,4019.0,3874.0,2345.0,3969.861,50.869
2026-07-25 14:52:58.389,0 days 01:06:09.974000,12,540.6069444444447,0 days 00:00:50.982000,11461.0,256.0,6,100.0,False,0,car,2953.22,0.67623098703173,OnTrack,4061.729865228803,3805.233072900733,2345.5849147532176,3969.974,50.982
2026-07-25 14:52:58.576,0 days 01:06:10.161000,12,533.2308308088891,0 days 00:00:51.169000,11496.062512,257.55833386666666,6,100.0,False,0,pos,2966.614972136961,0.6792981798685116,OnTrack,4140.0,3694.0,2348.0,3970.161,51.169
2026-07-25 14:52:58.629,0 days 01:06:10.214000,12,531.140277777778,0 days 00:00:51.222000,11506.0,258.0,6,100.0,False,0,car,2970.42,0.6801694585905526,OnTrack,4163.036021184673,3665.0388295129296,2348.764197263459,3970.214,51.222
2026-07-25 14:52:58.776,0 days 01:06:10.361000,12,525.3011085688893,0 days 00:00:51.369000,11540.9125152,258.9187504,6,100.0,False,0,pos,2980.9927541808142,0.6825904174068059,OnTrack,4232.0,3580.0,2351.0,3970.361,51.369
2026-07-25 14:52:58.789,0 days 01:06:10.374000,12,524.7847222222226,0 days 00:00:51.382000,11544.0,259.0,6,100.0,False,0,car,2981.931111111111,0.6828052832255267,OnTrack,4238.83523220359,3570.864719094651,2351.2015685135943,3970.374,51.382
2026-07-25 14:52:58.989,0 days 01:06:10.574000,12,517.1180555555561,0 days 00:00:51.582000,11619.0,261.0,6,100.0,False,0,car,2996.431111111111,0.6861255063419759,OnTrack,4354.393206485705,3402.5292122994383,2354.2431893455973,3970.574,51.582
2026-07-25 14:52:59.056,0 days 01:06:10.641000,12,514.7730533155561,0 days 00:00:51.649000,11577.12496,260.66499968,6,78.22497919999999,False,0,pos,3001.290065879745,0.6872381142002241,OnTrack,4386.0,3353.0,2355.0,3970.641,51.649
2026-07-25 14:52:59.189,0 days 01:06:10.774000,12,510.1180555555561,0 days 00:00:51.782000,11494.0,260.0,6,35.0,True,0,car,3010.8755555555554,0.6894330082970594,OnTrack,4429.182503596062,3279.4165987669617,2355.926608112709,3970.774,51.782
2026-07-25 14:52:59.436,0 days 01:06:11.021000,12,502.63944250666736,0 days 00:00:52.029000,12021.521565257142,252.9428553142857,6,4.1249920000000015,True,0,pos,3028.200709505638,0.693400137720584,OnTrack,4473.0,3177.0,2357.0,3971.021,52.029
2026-07-25 14:52:59.469,0 days 01:06:11.054000,12,501.64027777777846,0 days 00:00:52.062000,12092.0,252.0,6,0.0,False,0,car,3030.4755555555553,0.6939210340268803,OnTrack,4480.021223592906,3158.9703317881645,2357.2810243087824,3971.054,52.062
2026-07-25 14:52:59.636,0 days 01:06:11.221000,12,497.6044428977783,0 days 00:00:52.229000,11945.874944,246.15499776,6,17.53500672,False,0,pos,3041.8601000948447,0.696527877333749,OnTrack,4517.0,3048.0,2359.0,3971.221,52.229
2026-07-25 14:52:59.669,0 days 01:06:11.254000,12,496.806944444445,0 days 00:00:52.262000,11917.0,245.0,5,21.0,False,0,car,3044.0866666666666,0.6970377185614783,OnTrack,4523.027273054022,3021.533430598345,2359.300878808844,3971.254,52.262
2026-07-25 14:52:59.829,0 days 01:06:11.414000,12,493.60694444444516,0 days 00:00:52.422000,11783.0,240.0,5,25.0,False,0,car,3054.753333333333,0.6994801815436937,OnTrack,4544.589157577325,2878.1861690108663,2360.5129626420335,3971.414,52.422
2026-07-25 14:52:59.896,0 days 01:06:11.481000,12,492.788054773334,0 days 00:00:52.489000,11745.452047466666,238.18541493333333,5,30.8625056,False,0,pos,3059.1181754957843,0.7004796470504124,OnTrack,4550.0,2827.0,2361.0,3971.481,52.489
2026-07-25 14:53:00.256,0 days 01:06:11.841000,12,488.3880547733339,0 days 00:00:52.849000,11543.702047466666,228.43541493333333,5,62.3625056,False,0,pos,3081.7141435486333,0.7056536922550758,OnTrack,4541.0,2650.0,2364.0,3971.841,52.849
2026-07-25 14:53:00.309,0 days 01:06:11.894000,12,487.7402777777784,0 days 00:00:52.902000,11514.0,227.0,5,67.0,False,0,car,3085.02,0.7064106702557303,OnTrack,4533.417297655188,2614.449952396133,2364.5574761381795,3971.894,52.902
2026-07-25 14:53:00.516,0 days 01:06:12.101000,12,485.7852771733339,0 days 00:00:53.109000,11535.850006755556,226.42499982222222,5,67.0,False,0,pos,3097.9692236332494,0.7093757951969154,OnTrack,4492.0,2457.0,2367.0,3972.101,53.109
2026-07-25 14:53:00.669,0 days 01:06:12.254000,12,484.3402777777783,0 days 00:00:53.262000,11552.0,226.0,5,67.0,False,0,car,3107.62,0.7115856386992994,OnTrack,4457.94384590866,2374.412223691938,2368.924579772212,3972.254,53.262
2026-07-25 14:53:00.875,0 days 01:06:12.460000,12,482.56638778666724,0 days 00:00:53.468000,11662.490977745454,228.34091054545453,5,82.4500096,False,0,pos,3120.7642451500287,0.7145954198438098,OnTrack,4404.0,2287.0,2371.0,3972.46,53.468
2026-07-25 14:53:01.075,0 days 01:06:12.660000,12,480.84416556444506,0 days 00:00:53.668000,11769.763705018182,230.61363781818181,5,97.4500096,False,0,pos,3133.6542299701805,0.7175469802279856,OnTrack,4330.0,2182.0,2372.0,3972.66,53.668
2026-07-25 14:53:01.109,0 days 01:06:12.694000,12,480.5513888888895,0 days 00:00:53.702000,11788.0,231.0,5,100.0,False,0,car,3135.853333333333,0.7180505329053509,OnTrack,4312.2537960830505,2160.5437719206097,2372.3123684768816,3972.694,53.702
2026-07-25 14:53:01.255,0 days 01:06:12.840000,12,479.4969435200007,0 days 00:00:53.848000,11893.12009216,233.19000192,5,100.0,False,0,pos,3145.3261514601804,0.7202196273689838,OnTrack,4228.0,2066.0,2374.0,3972.84,53.848
2026-07-25 14:53:01.309,0 days 01:06:12.894000,12,479.10694444444516,0 days 00:00:53.902000,11932.0,234.0,5,100.0,False,0,car,3148.853333333333,0.721027284664926,OnTrack,4203.0732883254595,2038.7496514439802,2374.4682356866138,3972.894,53.902
2026-07-25 14:53:01.469,0 days 01:06:13.054000,12,477.9069444444449,0 days 00:00:54.062000,10832.0,237.0,5,100.0,False,0,car,3159.3866666666663,0.7234392168598639,OnTrack,4154.54571741614,1987.5492718597116,2375.187386613097,3973.054,54.062
2026-07-25 14:53:01.669,0 days 01:06:13.254000,12,475.29583333333403,0 days 00:00:54.262000,11128.0,239.0,6,100.0,False,0,car,3172.664444444444,0.7264795744262675,OnTrack,4084.525380012831,1917.633240057621,2375.069440205814,3973.254,54.262
2026-07-25 14:53:01.695,0 days 01:06:13.280000,12,474.80471980444514,0 days 00:00:54.288000,11119.766626133332,239.75833706666666,6,100.0,False,0,pos,3174.4155545323483,0.7268805451982198,OnTrack,4070.0,1903.0,2375.0,3973.28,54.288
2026-07-25 14:53:01.909,0 days 01:06:13.494000,12,470.7625000000007,0 days 00:00:54.502000,11052.0,246.0,6,100.0,False,0,car,3189.0644444444442,0.7302348612614239,OnTrack,3918.3688078166065,1749.6115230228313,2374.096040717529,3973.494,54.502
2026-07-25 14:53:01.935,0 days 01:06:13.520000,12,470.0908300266674,0 days 00:00:54.528000,11081.05514304,246.45500224,6,100.0,False,0,pos,3190.8646422279444,0.7306470721783177,OnTrack,3902.0,1733.0,2374.0,3973.52,54.528
2026-07-25 14:53:02.309,0 days 01:06:13.894000,12,460.4291666666677,0 days 00:00:54.902000,11499.0,253.0,6,100.0,False,0,car,3217.175555555555,0.736671768912471,OnTrack,3749.8273956210387,1577.466827577471,2372.761836722375,3973.894,54.902
2026-07-25 14:53:02.375,0 days 01:06:13.960000,12,458.4124960888899,0 days 00:00:54.968000,11432.999872,254.6500032,6,100.0,False,0,pos,3221.894865426727,0.737752400755778,OnTrack,3713.0,1540.0,2372.0,3973.96,54.968
2026-07-25 14:53:02.549,0 days 01:06:14.134000,12,453.0958333333342,0 days 00:00:55.142000,11259.0,259.0,6,100.0,False,0,car,3234.442222222222,0.7406255058649324,OnTrack,3595.361984596901,1420.4438003124978,2369.094813543362,3974.134,55.142
2026-07-25 14:53:02.555,0 days 01:06:14.140000,12,452.87582864000086,0 days 00:00:55.148000,11240.4746048,259.093752,6,100.0,False,0,pos,3234.8775532795084,0.7407251883642227,OnTrack,3592.0,1417.0,2369.0,3974.14,55.148
2026-07-25 14:53:02.795,0 days 01:06:14.380000,12,444.0758286400007,0 days 00:00:55.388000,10499.4746048,262.843752,6,100.0,False,0,pos,3252.4359042870533,0.7447457154609111,OnTrack,3501.0,1322.0,2366.0,3974.38,55.388
2026-07-25 14:53:02.869,0 days 01:06:14.454000,12,441.36250000000064,0 days 00:00:55.462000,10271.0,264.0,7,100.0,False,0,car,3257.9088888888887,0.7459989244258064,OnTrack,3467.4658901856683,1287.281528786449,2365.198788990889,3974.454,55.462
2026-07-25 14:53:03.055,0 days 01:06:14.640000,12,433.8191674851821,0 days 00:00:55.648000,10399.887952819556,267.8589207431005,7,100.0,False,0,pos,3271.7868872051517,0.7491767210340616,OnTrack,3367.0,1184.0,2363.0,3974.64,55.648
2026-07-25 14:53:03.110,0 days 01:06:14.695000,12,431.58861111111173,0 days 00:00:55.703000,10438.0,269.0,7,100.0,False,0,car,3275.916944444444,0.7501224252766931,OnTrack,3337.9206400926982,1154.0518363904378,2362.157893654007,3974.695,55.703
2026-07-25 14:53:03.235,0 days 01:06:14.820000,12,426.20666509865123,0 days 00:00:55.828000,10500.23851185688,270.56903811403896,7,100.0,False,0,pos,3285.341603179252,0.7522804921591729,OnTrack,3273.0,1087.0,2360.0,3974.82,55.828
2026-07-25 14:53:03.349,0 days 01:06:14.934000,12,421.2983333333341,0 days 00:00:55.942000,10557.0,272.0,7,100.0,False,0,car,3293.9747222222218,0.754257311567002,OnTrack,3213.32716553727,1025.035242693057,2357.9594738338483,3974.934,55.942
2026-07-25 14:53:03.475,0 days 01:06:15.060000,12,415.6633276088894,0 days 00:00:56.068000,10611.18005504,273.26000128,7,100.0,False,0,pos,3303.5505159986205,0.7564499854880193,OnTrack,3147.0,956.0,2356.0,3975.06,56.068
2026-07-25 14:53:03.549,0 days 01:06:15.134000,12,412.3538888888893,0 days 00:00:56.142000,10643.0,274.0,7,100.0,False,0,car,3309.1969444444444,0.7577429097812055,OnTrack,3108.017352622703,915.4614055611484,2355.18695763004,3975.134,56.142
2026-07-25 14:53:03.655,0 days 01:06:15.240000,12,407.40721624888926,0 days 00:00:56.248000,10687.0563032,274.9937512,7,100.0,False,0,pos,3317.319445619271,0.7596028074476914,OnTrack,3052.0,857.0,2354.0,3975.24,56.248
2026-07-25 14:53:03.869,0 days 01:06:15.454000,12,397.4205555555559,0 days 00:00:56.462000,10776.0,277.0,7,100.0,False,0,car,3333.8191666666667,0.7633809284984863,OnTrack,2938.31980283133,736.7113462714547,2349.780445103688,3975.454,56.462
2026-07-25 14:53:03.916,0 days 01:06:15.501000,12,395.1619413688894,0 days 00:00:56.509000,10795.03502592,277.47000064,7,100.0,False,0,pos,3337.455131538021,0.7642134950237598,OnTrack,2914.0,711.0,2349.0,3975.501,56.509
2026-07-25 14:53:04.069,0 days 01:06:15.654000,12,387.8094444444455,0 days 00:00:56.662000,10857.0,279.0,7,100.0,False,0,car,3349.319166666666,0.7669301325195181,OnTrack,2833.24688807185,625.5588040541616,2347.102905987692,3975.654,56.662
2026-07-25 14:53:04.076,0 days 01:06:15.661000,12,387.4633301688899,0 days 00:00:56.669000,10857.719451022222,279.0388892444444,7,100.0,False,0,pos,3349.862913734175,0.7670546402149006,OnTrack,2829.0,621.0,2347.0,3975.661,56.669
2026-07-25 14:53:04.376,0 days 01:06:15.961000,12,372.6299968355568,0 days 00:00:56.969000,10888.552784355556,280.7055559111111,7,100.0,False,0,pos,3373.257785618873,0.7724116191416551,OnTrack,2619.0,391.0,2341.0,3975.961,56.969
2026-07-25 14:53:04.429,0 days 01:06:16.014000,12,370.00944444444576,0 days 00:00:57.022000,10894.0,281.0,7,100.0,False,0,car,3377.419166666666,0.773364495938292,OnTrack,2592.587244745636,361.9063004621825,2340.179759976369,3976.014,57.022
2026-07-25 14:53:04.669,0 days 01:06:16.254000,12,358.1427777777785,0 days 00:00:57.262000,10385.0,279.0,7,0.0,True,0,car,3396.0191666666665,0.7776235407635304,OnTrack,2527.391024973195,289.4293885492586,2337.9322468514765,3976.254,57.262
2026-07-25 14:53:04.816,0 days 01:06:16.401000,12,352.5894420266673,0 days 00:00:57.409000,9796.999744,259.0499913142857,7,0.0,True,0,pos,3406.2804616871454,0.7799731813795097,OnTrack,2466.0,217.0,2336.0,3976.401,57.409
2026-07-25 14:53:04.949,0 days 01:06:16.534000,12,347.5650000000005,0 days 00:00:57.542000,9265.0,241.0,7,0.0,True,0,car,3414.763611111111,0.7819156606083195,OnTrack,2377.0528943395593,110.71208842439431,2333.3772422603943,3976.534,57.542
2026-07-25 14:53:05.036,0 days 01:06:16.621000,12,345.26916497777836,0 days 00:00:57.629000,9337.085767314285,229.19284845714284,7,0.0,True,0,pos,3419.9421712882804,0.7831014520021238,OnTrack,2328.0,52.0,2332.0,3976.621,57.629
2026-07-25 14:53:05.229,0 days 01:06:16.814000,12,340.1761111111118,0 days 00:00:57.822000,9497.0,203.0,7,0.0,True,0,car,3430.5525,0.7855310146684531,OnTrack,2290.392190971947,7.297145775435939,2331.234559193177,3976.814,57.822
2026-07-25 14:53:05.296,0 days 01:06:16.881000,12,338.89194321777865,0 days 00:00:57.889000,9563.720897066667,196.57916053333332,7,0.0,True,0,pos,3434.040028948648,0.7863295922018729,OnTrack,2279.0,-6.0,2331.0,3976.881,57.889
2026-07-25 14:53:05.469,0 days 01:06:17.054000,12,335.57611111111237,0 days 00:00:58.062000,9736.0,180.0,7,0.0,True,0,car,3442.5524999999993,0.7882787855234454,OnTrack,2226.028266883874,-66.8951984964528,2329.545919541746,3977.054,58.062
2026-07-25 14:53:05.516,0 days 01:06:17.101000,12,335.07999932444574,0 days 00:00:58.109000,9935.918129371428,175.9714230857143,7,0.0,True,0,pos,3444.7234017720093,0.7887758805749603,OnTrack,2208.0,-86.0,2329.0,3977.101,58.109
2026-07-25 14:53:05.749,0 days 01:06:17.334000,12,332.6205555555571,0 days 00:00:58.342000,10927.0,156.0,7,0.0,True,0,car,3454.6858333333325,0.7910570871657155,OnTrack,2108.362003102478,-179.1453937807195,2325.7546193719295,3977.334,58.342
2026-07-25 14:53:05.816,0 days 01:06:17.401000,12,332.34138862222363,0 days 00:00:58.409000,11164.571060266666,151.53332906666665,7,0.0,True,0,pos,3457.3691116863315,0.7916715066702324,OnTrack,2085.0,-199.0,2325.0,3977.401,58.409
2026-07-25 14:53:05.989,0 days 01:06:17.574000,12,331.6205555555566,0 days 00:00:58.582000,11778.0,140.0,7,0.0,True,0,car,3464.019166666666,0.7931942422751541,OnTrack,2045.298068915471,-228.57080553932823,2323.816181841356,3977.574,58.582
2026-07-25 14:53:06.136,0 days 01:06:17.721000,12,331.7838889600014,0 days 00:00:58.729000,11302.45479296,134.85499776,7,0.0,True,0,pos,3469.484715632679,0.7944457486214328,OnTrack,2017.0,-245.0,2323.0,3977.721,58.729
2026-07-25 14:53:06.189,0 days 01:06:17.774000,12,331.84277777777925,0 days 00:00:58.782000,11131.0,133.0,5,0.0,True,0,car,3471.4080555555547,0.7948861567367929,OnTrack,2004.521376286459,-252.06570718227388,2322.6163267104253,3977.774,58.782
2026-07-25 14:53:06.429,0 days 01:06:18.014000,12,333.2427777777789,0 days 00:00:59.022000,10444.0,126.0,3,0.0,True,0,car,3479.808055555555,0.7968095963352876,OnTrack,1928.5541662036524,-286.2025364206584,2320.311503637626,3978.014,59.022
2026-07-25 14:53:06.456,0 days 01:06:18.041000,12,333.4302782222233,0 days 00:00:59.049000,10399.6186448,125.3249984,3,0.0,True,0,pos,3480.730891230936,0.7970209080830175,OnTrack,1917.0,-289.0,2320.0,3978.041,59.049
2026-07-25 14:53:06.589,0 days 01:06:18.174000,12,334.35388888888974,0 days 00:00:59.182000,10181.0,122.0,2,0.0,True,0,car,3485.2302777777772,0.7980511816845806,OnTrack,1850.2821508824861,-298.5334230336862,2318.3172379997504,3978.174,59.182
2026-07-25 14:53:06.716,0 days 01:06:18.301000,12,336.08250087111196,0 days 00:00:59.309000,9956.028458057142,120.63928502857142,2,0.0,True,0,pos,3489.4798359808515,0.7990242493659974,OnTrack,1796.0,-302.0,2317.0,3978.301,59.309
2026-07-25 14:53:06.869,0 days 01:06:18.454000,12,338.1650000000009,0 days 00:00:59.462000,9685.0,119.0,2,0.0,False,0,car,3494.4858333333327,0.8001705271681071,OnTrack,1771.716813836326,-300.0496824969828,2316.3878476121886,3978.454,59.462
2026-07-25 14:53:06.956,0 days 01:06:18.541000,12,339.97750133333426,0 days 00:00:59.549000,9685.87000064,117.25999872,2,5.87250432,False,0,pos,3497.2443520878214,0.8008021752878182,OnTrack,1759.0,-296.0,2316.0,3978.541,59.549
2026-07-25 14:53:07.196,0 days 01:06:18.781000,12,344.9775013333343,0 days 00:00:59.789000,9688.27000064,112.45999872,2,22.07250432,False,0,pos,3504.5947156408342,0.8024852681831985,OnTrack,1687.0,-272.0,2314.0,3978.781,59.789
2026-07-25 14:53:07.269,0 days 01:06:18.854000,12,346.49833333333436,0 days 00:00:59.862000,9689.0,111.0,2,27.0,False,0,car,3506.819166666666,0.8029946249912938,OnTrack,1661.2196196061254,-259.0908254697701,2313.6387329610343,3978.854,59.862
2026-07-25 14:53:07.429,0 days 01:06:19.014000,12,350.4094444444454,0 days 00:01:00.022000,9883.0,110.0,2,36.0,False,0,car,3511.708055555555,0.8041140871914759,OnTrack,1604.5283001194546,-223.39308938748403,2313.3360689758533,3979.014,60.022
2026-07-25 14:53:07.515,0 days 01:06:19.100000,12,352.6550033422231,0 days 00:01:00.108000,9966.133457066666,110.71666773333334,2,40.3000064,False,0,pos,3514.350609036122,0.8047191814778645,OnTrack,1581.0,-207.0,2313.0,3979.1,60.108
2026-07-25 14:53:07.669,0 days 01:06:19.254000,12,356.6761111111118,0 days 00:01:00.262000,10115.0,112.0,2,48.0,False,0,car,3519.1747222222216,0.8058238112790267,OnTrack,1554.144947804488,-185.7541197909925,2311.880345670652,3979.254,60.262
2026-07-25 14:53:07.775,0 days 01:06:19.360000,12,359.443892231112,0 days 00:01:00.368000,10467.932244363636,114.6500032,2,51.85455010909091,False,0,pos,3522.6342887893124,0.8066159859610232,OnTrack,1537.0,-170.0,2311.0,3979.36,60.368
2026-07-25 14:53:08.109,0 days 01:06:19.694000,12,368.1650000000013,0 days 00:01:00.702000,11580.0,123.0,2,64.0,False,0,car,3534.208055555555,0.8092661575445866,OnTrack,1456.8074443500814,-90.86270789200586,2309.0352020447253,3979.694,60.702
2026-07-25 14:53:08.155,0 days 01:06:19.740000,12,369.25111413333445,0 days 00:01:00.748000,11493.74976,125.07000576,2,66.53000704,False,0,pos,3535.8641718240515,0.8096453765458411,OnTrack,1446.0,-79.0,2309.0,3979.74,60.748
2026-07-25 14:53:08.215,0 days 01:06:19.800000,12,370.6677808000008,0 days 00:01:00.808000,11381.24976,127.77000576,2,69.83000704,False,0,pos,3538.0458493009455,0.810144939028008,OnTrack,1432.0,-63.0,2309.0,3979.8,60.808
2026-07-25 14:53:08.309,0 days 01:06:19.894000,12,372.8872222222226,0 days 00:01:00.902000,11205.0,132.0,2,75.0,False,0,car,3541.5413888888884,0.8109453508448599,OnTrack,1403.0262716151542,-28.962540818092197,2308.311227678938,3979.894,60.902
2026-07-25 14:53:08.535,0 days 01:06:20.120000,12,376.4027797688899,0 days 00:01:01.128000,11030.791568,141.416672,2,88.1833408,False,0,pos,3550.4297328778785,0.8129806118917011,OnTrack,1322.0,68.0,2305.0,3980.12,61.128
2026-07-25 14:53:08.549,0 days 01:06:20.134000,12,376.6205555555566,0 days 00:01:01.142000,11020.0,142.0,3,89.0,False,0,car,3551.008055555555,0.8131130367415762,OnTrack,1318.5649686564761,72.13598058201126,2304.888228934017,3980.134,61.142
2026-07-25 14:53:08.829,0 days 01:06:20.414000,12,378.5650000000014,0 days 00:01:01.422000,12291.0,157.0,3,100.0,False,0,car,3563.219166666666,0.8159091480097582,OnTrack,1274.363507709812,126.31144385091525,2304.0520819942253,3980.414,61.422
2026-07-25 14:53:08.835,0 days 01:06:20.420000,12,378.56666670222364,0 days 00:01:01.428000,12262.999402666666,157.25000533333332,3,100.0,False,0,pos,3563.4900469697327,0.8159711744265882,OnTrack,1273.0,128.0,2304.0,3980.42,61.428
2026-07-25 14:53:08.995,0 days 01:06:20.580000,12,378.61111114666807,0 days 00:01:01.588000,11516.332736,163.916672,3,100.0,False,0,pos,3570.834096316403,0.8176528214892888,OnTrack,1227.0,185.0,2302.0,3980.58,61.588
2026-07-25 14:53:09.069,0 days 01:06:20.654000,12,378.631666666668,0 days 00:01:01.662000,11171.0,167.0,3,100.0,False,0,car,3574.352499999999,0.8184584687474455,OnTrack,1204.5495311916643,212.87612413956148,2301.2420612903393,3980.654,61.662
2026-07-25 14:53:09.229,0 days 01:06:20.814000,12,378.09833333333427,0 days 00:01:01.822000,10972.0,178.0,3,100.0,False,0,car,3582.2636111111105,0.8202699621259222,OnTrack,1156.0445062410424,272.97286064329535,2300.142925478339,3980.814,61.822
2026-07-25 14:53:09.335,0 days 01:06:20.920000,12,377.27388789333463,0 days 00:01:01.928000,11207.8502848,181.9750048,3,100.0,False,0,pos,3587.6856762327475,0.8215115115021809,OnTrack,1121.0,315.0,2299.0,3980.92,61.928
2026-07-25 14:53:09.469,0 days 01:06:21.054000,12,376.2316666666684,0 days 00:01:02.062000,11506.0,187.0,4,100.0,False,0,car,3594.730277777777,0.8231245907363864,OnTrack,1072.9374038600004,370.84911785715246,2296.8539746567567,3981.054,62.062
2026-07-25 14:53:09.535,0 days 01:06:21.120000,12,375.49833249534584,0 days 00:01:02.128000,11578.846556271623,189.46473310693463,4,100.0,False,0,pos,3598.276130934911,0.8239365233998244,OnTrack,1052.0,395.0,2296.0,3981.12,62.128
2026-07-25 14:53:09.710,0 days 01:06:21.295000,12,373.55388888889047,0 days 00:01:02.303000,11772.0,196.0,4,100.0,False,0,car,3607.851388888888,0.8261290746277388,OnTrack,1011.9063890145856,441.38320271477295,2295.1048552171537,3981.295,62.303
2026-07-25 14:53:09.735,0 days 01:06:21.320000,12,373.16500076149276,0 days 00:01:02.328000,11678.661624774395,196.39184876249203,4,100.0,False,0,pos,3609.2261309903724,0.8264438643177046,OnTrack,1007.0,447.0,2295.0,3981.32,62.328
2026-07-25 14:53:10.029,0 days 01:06:21.614000,12,368.5916666666676,0 days 00:01:02.622000,10581.0,201.0,4,100.0,False,0,car,3625.6622222222213,0.8302074153557772,OnTrack,948.9861607020136,511.693750427521,2293.211446379928,3981.614,62.622
2026-07-25 14:53:10.115,0 days 01:06:21.700000,12,366.7999973333343,0 days 00:01:02.708000,10681.2438992,204.4937552,4,100.0,False,0,pos,3630.694003582387,0.8313595972032902,OnTrack,921.0,543.0,2293.0,3981.7,62.708
2026-07-25 14:53:10.235,0 days 01:06:21.820000,12,364.2999973333344,0 days 00:01:02.828000,10821.1188992,209.3687552,4,100.0,False,0,pos,3637.887891141655,0.8330068600840779,OnTrack,871.0,599.0,2293.0,3981.82,62.828
2026-07-25 14:53:10.349,0 days 01:06:21.934000,12,361.9250000000011,0 days 00:01:02.942000,10954.0,214.0,5,100.0,False,0,car,3644.6844444444437,0.8345631410073949,OnTrack,823.1480996784196,651.2582896075335,2292.453674715862,3981.934,62.942
2026-07-25 14:53:10.556,0 days 01:06:22.141000,12,357.78499872000117,0 days 00:01:03.149000,11260.803666285714,208.8249984,5,26.07140571428571,False,0,pos,3656.737806192835,0.8373231306838042,OnTrack,741.0,738.0,2291.0,3982.141,63.149
2026-07-25 14:53:10.629,0 days 01:06:22.214000,12,356.3250000000012,0 days 00:01:03.222000,11369.0,207.0,5,0.0,True,0,car,3660.7844444444436,0.8382497335711764,OnTrack,713.7511931786668,766.2916883245299,2290.9290960798885,3982.214,63.222
2026-07-25 14:53:10.756,0 days 01:06:22.341000,12,354.3847212444457,0 days 00:01:03.349000,11813.500224,192.7124928,5,0.0,True,0,pos,3667.497068153985,0.8397867962203105,OnTrack,663.0,817.0,2291.0,3982.341,63.349
2026-07-25 14:53:10.789,0 days 01:06:22.374000,12,353.88055555555684,0 days 00:01:03.382000,11929.0,189.0,5,0.0,True,0,car,3669.184444444443,0.840173173169671,OnTrack,647.4589822749463,831.788995511442,2290.937805948255,3982.374,63.382
2026-07-25 14:53:11.016,0 days 01:06:22.601000,12,351.3583326222232,0 days 00:01:03.609000,11632.9540832,174.812496,5,0.0,True,0,pos,3680.1905795173675,0.8426933679346286,OnTrack,533.0,935.0,2290.0,3982.601,63.609
2026-07-25 14:53:11.029,0 days 01:06:22.614000,12,351.21388888888987,0 days 00:01:03.622000,11616.0,174.0,5,0.0,True,0,car,3680.784444444443,0.8428293516628304,OnTrack,528.0351318103685,939.2448546655382,2289.9668939730655,3982.614,63.622
2026-07-25 14:53:11.356,0 days 01:06:22.941000,12,350.3055553777786,0 days 00:01:03.949000,10924.39486464,154.37999616,5,0.0,True,0,pos,3694.521799460843,0.8459749436410594,OnTrack,449.0,995.0,2290.0,3982.941,63.949
2026-07-25 14:53:11.429,0 days 01:06:23.014000,12,350.10277777777856,0 days 00:01:04.022000,10770.0,150.0,3,0.0,True,0,car,3697.45111111111,0.8466457000725421,OnTrack,424.7595767323081,1009.7564312674673,2290.006659457036,3983.014,64.022
2026-07-25 14:53:11.516,0 days 01:06:23.101000,12,350.1752778311122,0 days 00:01:04.109000,11168.46029312,146.51999744,3,0.0,True,0,pos,3700.9239320320253,0.8474409097484669,OnTrack,393.0,1028.0,2290.0,3983.101,64.109
2026-07-25 14:53:11.629,0 days 01:06:23.214000,12,350.269444444446,0 days 00:01:04.222000,11686.0,142.0,3,0.0,True,0,car,3705.3399999999983,0.8484521049864722,OnTrack,353.2958996920986,1047.159541131548,2290.0073113152603,3983.214,64.222
2026-07-25 14:53:11.676,0 days 01:06:23.261000,12,350.51750033777927,0 days 00:01:04.269000,11535.43193782857,139.98571154285713,3,0.0,True,0,pos,3707.1185354644635,0.8488593556459577,OnTrack,337.0,1054.0,2290.0,3983.261,64.269
2026-07-25 14:53:11.909,0 days 01:06:23.494000,12,351.7472222222236,0 days 00:01:04.502000,10789.0,130.0,2,0.0,True,0,car,3715.4511111111096,0.8507673563550308,OnTrack,256.68587470255926,1080.0531750904688,2289.890759077147,3983.494,64.502
2026-07-25 14:53:11.976,0 days 01:06:23.561000,12,352.47305624889026,0 days 00:01:04.569000,10585.846234514285,127.12856868571428,2,0.0,True,0,pos,3717.7125876740715,0.8512851913041105,OnTrack,234.0,1085.0,2290.0,3983.561,64.569
2026-07-25 14:53:12.189,0 days 01:06:23.774000,12,354.78055555555693,0 days 00:01:04.782000,9940.0,118.0,2,0.0,True,0,car,3724.6288888888876,0.8528688922126453,OnTrack,163.56284973744204,1093.2310905007344,2290.8791493319736,3983.774,64.782
2026-07-25 14:53:12.256,0 days 01:06:23.841000,12,355.7111120000014,0 days 00:01:04.849000,9755.749824,116.7437488,2,0.0,True,0,pos,3726.7836081500996,0.8533622817781993,OnTrack,142.0,1094.0,2291.0,3983.841,64.849
2026-07-25 14:53:12.349,0 days 01:06:23.934000,12,357.0027777777791,0 days 00:01:04.942000,9500.0,115.0,2,0.0,True,0,car,3729.7399999999984,0.8540392390582902,OnTrack,112.57795381841174,1093.8357987757172,2290.9287173553744,3983.934,64.942
2026-07-25 14:53:12.396,0 days 01:06:23.981000,12,357.81222332444577,0 days 00:01:04.989000,9379.44483584,113.8249984,2,0.0,True,0,pos,3731.204025000949,0.8543744728273396,OnTrack,98.0,1093.0,2291.0,3983.981,64.989
2026-07-25 14:53:12.549,0 days 01:06:24.134000,12,360.44722222222344,0 days 00:01:05.142000,8987.0,110.0,2,0.0,True,0,car,3735.8511111111097,0.8554385668085178,OnTrack,52.05226041292651,1086.4127469699183,2291.9745497133695,3984.134,65.142
2026-07-25 14:53:12.556,0 days 01:06:24.141000,12,360.59889027555676,0 days 00:01:05.149000,8973.41987584,109.85999872,2,0.0,True,0,pos,3736.060795218488,0.8554865804651018,OnTrack,50.0,1086.0,2292.0,3984.141,65.149
2026-07-25 14:53:12.749,0 days 01:06:24.334000,12,364.7805555555565,0 days 00:01:05.342000,8599.0,106.0,2,0.0,True,0,car,3741.739999999999,0.8567870099132827,OnTrack,-4.729137674728019,1071.442574567839,2291.877833313142,3984.334,65.342
2026-07-25 14:53:12.776,0 days 01:06:24.361000,12,365.470557191112,0 days 00:01:05.369000,8569.1311792,105.4937488,2,0.5062512,True,0,pos,3742.515258881582,0.8569645293932733,OnTrack,-12.0,1069.0,2292.0,3984.361,65.369
2026-07-25 14:53:12.956,0 days 01:06:24.541000,12,370.07055719111185,0 days 00:01:05.549000,8370.0061792,102.1187488,2,3.8812512,True,0,pos,3747.556715349709,0.8581189266557595,OnTrack,-58.0,1050.0,2294.0,3984.541,65.549
2026-07-25 14:53:13.069,0 days 01:06:24.654000,12,372.95833333333394,0 days 00:01:05.662000,8245.0,100.0,2,6.0,False,0,car,3750.628888888888,0.8588223957317958,OnTrack,-85.31579991740873,1034.6492215532614,2294.8323381354567,3984.654,65.662
2026-07-25 14:53:13.116,0 days 01:06:24.701000,12,374.4205575466672,0 days 00:01:05.709000,8281.294493866666,99.34722133333334,2,9.002781866666666,False,0,pos,3751.8881569417986,0.8591107440696633,OnTrack,-96.0,1028.0,2295.0,3984.701,65.709
2026-07-25 14:53:13.356,0 days 01:06:24.941000,12,381.8872242133338,0 days 00:01:05.949000,8466.6278272,96.013888,2,24.3361152,False,0,pos,3758.1954016891473,0.8605549826773355,OnTrack,-146.0,989.0,2295.0,3984.941,65.949
2026-07-25 14:53:13.429,0 days 01:06:25.014000,12,384.15833333333376,0 days 00:01:06.022000,8523.0,95.0,2,29.0,False,0,car,3760.128888888888,0.8609977143253313,OnTrack,-163.08394887243588,970.0680390537414,2295.459466878455,3985.014,66.022
2026-07-25 14:53:13.629,0 days 01:06:25.214000,12,390.65833333333376,0 days 00:01:06.222000,8631.0,97.0,2,35.0,False,0,car,3765.5177777777767,0.8622316669778048,OnTrack,-210.2179784359646,907.9517866247546,2297.734687019967,3985.214,66.222
2026-07-25 14:53:13.656,0 days 01:06:25.241000,12,391.63333564444486,0 days 00:01:06.249000,8662.172801163637,97.24545512727273,2,35.429546472727274,False,0,pos,3766.256738992106,0.8624008749851135,OnTrack,-215.0,901.0,2298.0,3985.241,66.249
2026-07-25 14:53:14.055,0 days 01:06:25.640000,12,406.0416712888891,0 days 00:01:06.648000,9122.836511418182,100.87272843636363,2,41.77727476363636,False,0,pos,3777.4624866032686,0.864966777209643,OnTrack,-246.0,830.0,2300.0,3985.64,66.648
2026-07-25 14:53:14.069,0 days 01:06:25.654000,12,406.54722222222244,0 days 00:01:06.662000,9139.0,101.0,2,42.0,False,0,car,3777.8622222222216,0.8650583090332647,OnTrack,-246.81033138040675,826.7725721026695,2300.0195508604374,3985.654,66.662
2026-07-25 14:53:14.229,0 days 01:06:25.814000,12,412.3249999999998,0 days 00:01:06.822000,9479.0,104.0,2,44.0,False,0,car,3782.484444444444,0.8661167096588914,OnTrack,-256.83353553275555,782.8119129165464,2300.1603958934206,3985.814,66.822
2026-07-25 14:53:14.315,0 days 01:06:25.900000,12,415.50222695111114,0 days 00:01:06.908000,9657.66526592,105.93500288,2,46.1500032,False,0,pos,3785.0675282070247,0.8667081865154601,OnTrack,-261.0,757.0,2301.0,3985.9,66.908
2026-07-25 14:53:14.375,0 days 01:06:25.960000,12,417.71889361777795,0 days 00:01:06.968000,9782.31526592,107.28500288,2,47.6500032,False,0,pos,3786.916921331095,0.8671316622259387,OnTrack,-263.0,739.0,2302.0,3985.96,66.968
2026-07-25 14:53:14.629,0 days 01:06:26.214000,12,427.10277777777856,0 days 00:01:07.222000,10310.0,113.0,2,54.0,False,0,car,3795.039999999999,0.8689916921275408,OnTrack,-261.393677809124,663.7151025751255,2303.6936614274123,3986.214,67.222
2026-07-25 14:53:14.655,0 days 01:06:26.240000,12,428.08500483555633,0 days 00:01:07.248000,10377.47033216,113.78000384,2,54.78000384,False,0,pos,3795.8869992946015,0.8691856387921998,OnTrack,-259.0,653.0,2304.0,3986.24,67.248
2026-07-25 14:53:14.829,0 days 01:06:26.414000,12,434.6583333333342,0 days 00:01:07.422000,10829.0,119.0,2,60.0,False,0,car,3801.6511111111104,0.8705055103300599,OnTrack,-230.52114125951977,562.5778343310475,2307.4674723706357,3986.414,67.422
2026-07-25 14:53:14.915,0 days 01:06:26.500000,12,437.76389351111175,0 days 00:01:07.508000,11026.8002944,122.2250048,2,63.7625056,False,0,pos,3804.5967933054735,0.8711800153035383,OnTrack,-217.0,526.0,2309.0,3986.5,67.508
2026-07-25 14:53:14.989,0 days 01:06:26.574000,12,440.4361111111116,0 days 00:01:07.582000,11197.0,125.0,2,67.0,False,0,car,3807.206666666666,0.8717776264666305,OnTrack,-208.62578694041096,505.80105969016967,2309.844270935103,3986.574,67.582
2026-07-25 14:53:15.215,0 days 01:06:26.800000,12,448.4088934044448,0 days 00:01:07.808000,12148.083872,133.16111573333333,2,72.6500032,False,0,pos,3815.7010434864837,0.8737226765546988,OnTrack,-187.0,475.0,2311.0,3986.8,67.808
2026-07-25 14:53:15.349,0 days 01:06:26.934000,12,453.1361111111114,0 days 00:01:07.942000,12712.0,138.0,2,76.0,False,0,car,3821.006666666666,0.8749375629498718,OnTrack,-158.20133529174734,435.72697740579173,2312.331953396564,3986.934,67.942
2026-07-25 14:53:15.455,0 days 01:06:27.040000,12,456.69889319111115,0 days 00:01:08.048000,12155.499328,142.8583392,2,78.6500032,False,0,pos,3825.307520310947,0.875922376307817,OnTrack,-130.0,400.0,2314.0,3987.04,68.048
2026-07-25 14:53:15.589,0 days 01:06:27.174000,12,461.20277777777756,0 days 00:01:08.182000,11452.0,149.0,2,82.0,False,0,car,3830.94,0.8772121066020601,OnTrack,-91.82004321661624,358.3633655769082,2317.059527296435,3987.174,68.182
2026-07-25 14:53:15.715,0 days 01:06:27.300000,12,465.1227817599997,0 days 00:01:08.308000,11718.700270933334,154.6000056888889,2,88.3000064,False,0,pos,3836.5153575608706,0.8784887570197202,OnTrack,-53.0,321.0,2320.0,3987.3,68.308
2026-07-25 14:53:15.949,0 days 01:06:27.534000,12,472.4027777777774,0 days 00:01:08.542000,12214.0,165.0,3,100.0,False,0,car,3847.44,0.8809902915276747,OnTrack,27.759715757298725,251.7756931557632,2323.896381698549,3987.534,68.542
2026-07-25 14:53:15.955,0 days 01:06:27.540000,12,472.5777815111107,0 days 00:01:08.548000,12184.68937472,165.3000064,3,100.0,False,0,pos,3847.7261330790957,0.8810558105389572,OnTrack,30.0,250.0,2324.0,3987.54,68.548
2026-07-25 14:53:16.149,0 days 01:06:27.734000,12,478.23611111111086,0 days 00:01:08.742000,11237.0,175.0,3,100.0,False,0,car,3857.162222222222,0.8832164947666732,OnTrack,105.67002999340153,192.75010771207155,2327.8610247228157,3987.734,68.742
2026-07-25 14:53:16.155,0 days 01:06:27.740000,12,478.4011144343367,0 days 00:01:08.748000,11232.937806384727,175.2981426506622,3,100.0,False,0,pos,3857.461758013049,0.8832850827430115,OnTrack,108.0,191.0,2328.0,3987.74,68.748
2026-07-25 14:53:16.235,0 days 01:06:27.820000,12,480.6011118107372,0 days 00:01:08.828000,11178.776380291521,179.2732931896131,3,100.0,False,0,pos,3861.5044595348504,0.8842107841944314,OnTrack,140.0,167.0,2330.0,3987.82,68.828
2026-07-25 14:53:16.310,0 days 01:06:27.895000,12,482.66361111111064,0 days 00:01:08.903000,11128.0,183.0,4,100.0,False,0,car,3865.346388888889,0.8850905126532622,OnTrack,177.66087285753747,139.53419684475995,2332.2351995764807,3987.895,68.903
2026-07-25 14:53:16.470,0 days 01:06:28.055000,12,487.01916666666557,0 days 00:01:09.063000,11382.0,187.0,4,100.0,False,0,car,3873.6575000000003,0.8869935983935717,OnTrack,278.0478485297851,68.28166852683178,2337.776239616595,3988.055,69.063
2026-07-25 14:53:16.555,0 days 01:06:28.140000,12,489.1913893491448,0 days 00:01:09.148000,11383.70854307558,190.4170861511585,4,100.0,False,0,pos,3878.198681403356,0.8880334422191862,OnTrack,321.0,38.0,2340.0,3988.14,69.148
2026-07-25 14:53:16.669,0 days 01:06:28.254000,12,492.1047222222205,0 days 00:01:09.262000,11386.0,195.0,4,100.0,False,0,car,3884.436666666667,0.8894618217275528,OnTrack,360.8258258304879,10.030374308332036,2341.852209418104,3988.254,69.262
2026-07-25 14:53:16.829,0 days 01:06:28.414000,12,495.9269444444435,0 days 00:01:09.422000,10473.0,203.0,4,100.0,False,0,car,3893.458888888889,0.8915277383333433,OnTrack,403.4978029446165,-20.164319077290774,2343.5700115838717,3988.414,69.422
2026-07-25 14:53:16.855,0 days 01:06:28.440000,12,496.5047250666656,0 days 00:01:09.448000,10525.108589866666,203.86667093333332,4,100.0,False,0,pos,3894.95334882485,0.8918699411213423,OnTrack,413.0,-27.0,2344.0,3988.44,69.448
2026-07-25 14:53:17.069,0 days 01:06:28.654000,12,501.2602777777761,0 days 00:01:09.662000,10954.0,211.0,5,100.0,False,0,car,3907.525555555556,0.8947487363911402,OnTrack,513.6418248702684,-100.49911544909021,2348.840241648871,3988.654,69.662
2026-07-25 14:53:17.076,0 days 01:06:28.661000,12,501.408056906665,0 days 00:01:09.669000,10948.2905728,211.109376,5,97.8781056,False,0,pos,3907.9435351431753,0.8948444457352104,OnTrack,517.0,-103.0,2349.0,3988.661,69.669
2026-07-25 14:53:17.296,0 days 01:06:28.881000,12,506.0525013511103,0 days 00:01:09.889000,10768.8530728,214.546876,5,31.190605599999998,False,0,pos,3921.2264641393253,0.8978859828322566,OnTrack,622.0,-184.0,2354.0,3988.881,69.889
2026-07-25 14:53:17.389,0 days 01:06:28.974000,12,508.0158333333329,0 days 00:01:09.982000,10693.0,216.0,5,3.0,True,0,car,3926.7255555555557,0.899145169759128,OnTrack,675.662190159597,-227.87838780773058,2356.833730318839,3988.974,69.982
2026-07-25 14:53:17.576,0 days 01:06:29.161000,12,512.8466683199995,0 days 00:01:10.169000,10857.663945244445,207.16944142222223,5,1.4416661333333334,True,0,pos,3937.3582189346425,0.9015798466377947,OnTrack,789.0,-327.0,2363.0,3989.161,70.169
2026-07-25 14:53:17.749,0 days 01:06:29.334000,12,517.3158333333326,0 days 00:01:10.342000,11010.0,199.0,4,0.0,True,0,car,3946.625555555556,0.9037018897603238,OnTrack,869.315060930804,-411.0926358564113,2366.9546537403735,3989.334,70.342
2026-07-25 14:53:17.956,0 days 01:06:29.541000,12,523.7558353244438,0 days 00:01:10.549000,10464.899831466666,181.74999466666665,4,0.0,True,0,pos,3956.960804793891,0.9060684644800056,OnTrack,938.0,-504.0,2370.0,3989.541,70.549
2026-07-25 14:53:17.989,0 days 01:06:29.574000,12,524.7824999999993,0 days 00:01:10.582000,10378.0,179.0,4,0.0,True,0,car,3958.5588888888888,0.9064343952216773,OnTrack,946.8639385591645,-518.4263196302182,2370.396113028754,3989.574,70.582
2026-07-25 14:53:18.156,0 days 01:06:29.741000,12,530.3491687999992,0 days 00:01:10.749000,10629.33509632,171.48499712,4,0.0,True,0,pos,3966.4794909065895,0.9082480618365298,OnTrack,984.0,-590.0,2372.0,3989.741,70.749
2026-07-25 14:53:18.189,0 days 01:06:29.774000,12,531.4491666666659,0 days 00:01:10.782000,10679.0,170.0,4,0.0,True,0,car,3968.0033333333336,0.9085969926538474,OnTrack,990.20282865319,-603.9249102381333,2372.2274946876646,3989.774,70.782
2026-07-25 14:53:18.316,0 days 01:06:29.901000,12,536.0000022933323,0 days 00:01:10.909000,10822.404238933334,164.70833066666665,4,0.0,True,0,pos,3973.727181781917,0.9099076446492983,OnTrack,1011.0,-659.0,2373.0,3989.901,70.909
2026-07-25 14:53:18.429,0 days 01:06:30.014000,12,540.0491666666653,0 days 00:01:11.022000,10950.0,160.0,4,0.0,True,0,car,3978.6700000000005,0.9110394556360629,OnTrack,1025.7546709047253,-715.4633485534787,2374.01674461696,3990.014,71.022
2026-07-25 14:53:18.589,0 days 01:06:30.174000,12,546.0936111111096,0 days 00:01:11.182000,10478.0,153.0,3,0.0,True,0,car,3985.4700000000003,0.9125965257872253,OnTrack,1040.3369164524263,-798.6029436413477,2375.743064328159,3990.174,71.182
2026-07-25 14:53:18.616,0 days 01:06:30.201000,12,547.1511136177762,0 days 00:01:11.209000,10414.95485056,152.05499776,3,0.0,True,0,pos,3986.588687077696,0.9128526837662209,OnTrack,1042.0,-811.0,2376.0,3990.201,71.209
2026-07-25 14:53:18.789,0 days 01:06:30.374000,12,553.9269444444426,0 days 00:01:11.382000,10011.0,146.0,3,0.0,True,0,car,3993.5811111111116,0.9144538153466183,OnTrack,1047.1544244719291,-878.2111127879151,2377.3758499982214,3990.374,71.382
2026-07-25 14:53:19.069,0 days 01:06:30.654000,12,565.2047222222204,0 days 00:01:11.662000,9521.0,141.0,3,0.0,False,0,car,4004.5477777777783,0.9169649726002086,OnTrack,1038.4180870901957,-968.4364679369153,2378.962424918018,3990.654,71.662
2026-07-25 14:53:19.076,0 days 01:06:30.661000,12,565.4963915555538,0 days 00:01:11.669000,9519.30248448,140.89499904,3,0.35000319999999996,False,0,pos,4004.817100482283,0.9170266423567108,OnTrack,1038.0,-971.0,2379.0,3990.661,71.669
2026-07-25 14:53:19.256,0 days 01:06:30.841000,12,572.9963915555542,0 days 00:01:11.849000,9475.65248448,138.19499904,3,9.3500032,False,0,pos,4011.6627856037194,0.9185941735283055,OnTrack,1025.0,-1039.0,2380.0,3990.841,71.849
2026-07-25 14:53:19.469,0 days 01:06:31.054000,12,581.8713888888879,0 days 00:01:12.062000,9424.0,135.0,3,20.0,False,0,car,4019.547777777778,0.9203996861689491,OnTrack,1004.072690995416,-1110.1037996575058,2381.7129196550786,3991.054,72.062
2026-07-25 14:53:19.496,0 days 01:06:31.081000,12,583.0263916266655,0 days 00:01:12.089000,9416.70998272,134.3249984,3,22.7000064,False,0,pos,4020.5291115731397,0.9206243928691085,OnTrack,998.0,-1123.0,2382.0,3991.081,72.089
2026-07-25 14:53:19.669,0 days 01:06:31.254000,12,590.4269444444421,0 days 00:01:12.262000,9370.0,130.0,3,40.0,False,0,car,4026.77,0.9220534371464908,OnTrack,943.7235885983066,-1222.024244878041,2383.9489534758654,3991.254,72.262
2026-07-25 14:53:19.676,0 days 01:06:31.261000,12,590.7205582399977,0 days 00:01:12.269000,9375.4250496,130.0656256,3,40.1750016,False,0,pos,4027.0242303552477,0.9221116510432079,OnTrack,942.0,-1225.0,2384.0,3991.261,72.269
2026-07-25 14:53:19.956,0 days 01:06:31.541000,12,602.4650026844431,0 days 00:01:12.549000,9592.4250496,132.6906256,3,47.1750016,False,0,pos,4037.3577834819894,0.9244778373857224,OnTrack,911.0,-1266.0,2384.0,3991.541,72.549
2026-07-25 14:53:19.989,0 days 01:06:31.574000,12,603.8491666666655,0 days 00:01:12.582000,9618.0,133.0,3,48.0,False,0,car,4038.592222222222,0.9247605002851129,OnTrack,905.5279708649579,-1271.3730852508986,2383.9361085908604,3991.574,72.582
2026-07-25 14:53:20.189,0 days 01:06:31.774000,12,611.9047222222212,0 days 00:01:12.782000,9868.0,136.0,3,51.0,False,0,car,4046.1477777777777,0.9264905782308489,OnTrack,852.8137432075492,-1324.4677763295529,2383.7647396701977,3991.774,72.782
2026-07-25 14:53:20.316,0 days 01:06:31.901000,12,616.6672246222214,0 days 00:01:12.909000,10035.00508416,137.90500096,3,51.63500032,False,0,pos,4051.0363332057896,0.9276099640748577,OnTrack,814.0,-1359.0,2385.0,3991.901,72.909
2026-07-25 14:53:20.376,0 days 01:06:31.961000,12,618.9172246222216,0 days 00:01:12.969000,10113.90508416,138.80500096,3,51.93500032,False,0,pos,4053.3644802913245,0.9281430653005052,OnTrack,796.0,-1373.0,2386.0,3991.961,72.969
2026-07-25 14:53:20.389,0 days 01:06:31.974000,12,619.4047222222216,0 days 00:01:12.982000,10131.0,139.0,3,52.0,False,0,car,4053.87,0.928258819660682,OnTrack,792.1358834367984,-1375.8569023991238,2386.1649258212074,3991.974,72.982
2026-07-25 14:53:20.589,0 days 01:06:32.174000,12,626.5713888888872,0 days 00:01:13.182000,10201.0,141.0,3,53.0,False,0,car,4061.7033333333334,0.9300525034132466,OnTrack,727.2796426321988,-1414.5816485429907,2386.074547042834,3992.174,73.182
2026-07-25 14:53:20.616,0 days 01:06:32.201000,12,627.4713910222206,0 days 00:01:13.209000,10272.7430272,141.3857152,3,54.0607168,False,0,pos,4062.771282460207,0.9302970433703666,OnTrack,715.0,-1420.0,2386.0,3992.201,73.209
2026-07-25 14:53:20.869,0 days 01:06:32.454000,12,635.9047222222207,0 days 00:01:13.462000,10945.0,145.0,3,64.0,False,0,car,4072.981111111111,0.9326348991704848,OnTrack,571.5664715493872,-1471.1487221677125,2385.9992924576513,3992.454,73.462
2026-07-25 14:53:20.875,0 days 01:06:32.460000,12,636.0580588266652,0 days 00:01:13.468000,10957.350263466667,145.1500032,3,64.10000213333333,False,0,pos,4073.230666362937,0.9326920425577913,OnTrack,569.0,-1472.0,2386.0,3992.46,73.468
2026-07-25 14:53:21.215,0 days 01:06:32.800000,12,644.7469477155548,0 days 00:01:13.808000,11657.1835968,153.6500032,3,69.7666688,False,0,pos,4087.9623362170814,0.9360653136470071,OnTrack,477.0,-1489.0,2386.0,3992.8,73.808
2026-07-25 14:53:21.349,0 days 01:06:32.934000,12,648.1713888888885,0 days 00:01:13.942000,11933.0,157.0,3,72.0,False,0,car,4093.914444444444,0.9374282327730827,OnTrack,390.0610215945357,-1491.051792622356,2386.530429365171,3992.934,73.942
2026-07-25 14:53:21.455,0 days 01:06:33.040000,12,650.5563917688883,0 days 00:01:14.048000,12206.48033024,159.6500032,3,76.24000512,False,0,pos,4098.639994346101,0.9385102934642148,OnTrack,315.0,-1489.0,2387.0,3993.04,74.048
2026-07-25 14:53:21.549,0 days 01:06:33.134000,12,652.671388888888,0 days 00:01:14.142000,12449.0,162.0,3,80.0,False,0,car,4102.914444444445,0.9394890609143272,OnTrack,258.2428329775997,-1482.4492057212342,2387.3136455019085,3993.134,74.142
2026-07-25 14:53:21.855,0 days 01:06:33.440000,12,657.2613908088873,0 days 00:01:14.448000,11421.60457024,172.71000448,3,95.3000064,False,0,pos,4117.738254101347,0.9428834302589264,OnTrack,129.0,-1443.0,2388.0,3993.44,74.448
2026-07-25 14:53:21.949,0 days 01:06:33.534000,12,658.6713888888871,0 days 00:01:14.542000,11106.0,176.0,4,100.0,False,0,car,4122.47,0.9439669097150556,OnTrack,101.80364927079297,-1432.2436706859569,2388.290794227595,3993.534,74.542
2026-07-25 14:53:22.109,0 days 01:06:33.694000,12,660.4936111111101,0 days 00:01:14.702000,11280.0,185.0,4,100.0,False,0,car,4130.692222222222,0.9458496415971799,OnTrack,62.917383918207335,-1414.0120446251804,2388.831625627106,3993.694,74.702
2026-07-25 14:53:22.195,0 days 01:06:33.780000,12,660.9475006755547,0 days 00:01:14.788000,11246.828522057143,188.68571977142858,4,100.0,False,0,pos,4135.282929615637,0.9469008259287984,OnTrack,35.0,-1399.0,2389.0,3993.78,74.788
2026-07-25 14:53:22.389,0 days 01:06:33.974000,12,661.9713888888882,0 days 00:01:14.982000,11172.0,197.0,4,100.0,False,0,car,4146.014444444444,0.9493581379018415,OnTrack,-51.81333071752466,-1347.8381987519326,2389.0224329222065,3993.974,74.982
2026-07-25 14:53:22.435,0 days 01:06:34.020000,12,661.8563885688883,0 days 00:01:15.028000,11100.6998016,198.5333376,4,100.0,False,0,pos,4148.597944766275,0.949949710142524,OnTrack,-77.0,-1331.0,2389.0,3994.02,75.028
2026-07-25 14:53:22.629,0 days 01:06:34.214000,12,661.3713888888888,0 days 00:01:15.222000,10800.0,205.0,4,100.0,False,0,car,4159.68111111111,0.952487543597805,OnTrack,-200.79828329667802,-1238.6617061584354,2388.8966609683407,3994.214,75.222
2026-07-25 14:53:22.755,0 days 01:06:34.340000,12,660.2863885280188,0 days 00:01:15.348000,10943.935990933416,209.4839872564927,4,100.0,False,0,pos,4167.110489195761,0.9541887293121153,OnTrack,-271.0,-1183.0,2389.0,3994.34,75.348
2026-07-25 14:53:22.910,0 days 01:06:34.495000,12,658.9516666666659,0 days 00:01:15.503000,11121.0,215.0,5,100.0,False,0,car,4176.463055555555,0.9563302884173506,OnTrack,-326.21353896052403,-1137.2126364190515,2389.4521565535297,3994.495,75.503
2026-07-25 14:53:23.095,0 days 01:06:34.680000,12,656.4336119822211,0 days 00:01:15.688000,11415.14989824,221.47499776,5,100.0,False,0,pos,4187.859407931211,0.9589398354932714,OnTrack,-382.0,-1088.0,2390.0,3994.68,75.688
2026-07-25 14:53:23.110,0 days 01:06:34.695000,12,656.2294444444433,0 days 00:01:15.703000,11439.0,222.0,5,100.0,False,0,car,4188.796388888889,0.9591543862405374,OnTrack,-387.97523967919693,-1082.7531088606174,2390.019220821971,3994.695,75.703
2026-07-25 14:53:23.310,0 days 01:06:34.895000,12,652.5627777777763,0 days 00:01:15.903000,10852.0,228.0,5,100.0,False,0,car,4201.463055555556,0.9620548110319184,OnTrack,-483.6981881476116,-998.8085697886622,2389.9990963685177,3994.895,75.903
2026-07-25 14:53:23.355,0 days 01:06:34.940000,12,651.6377779763512,0 days 00:01:15.948000,10786.339636737172,229.13207522866946,5,100.0,False,0,pos,4204.342973271797,0.9627142571957068,OnTrack,-505.0,-980.0,2390.0,3994.94,75.948
2026-07-25 14:53:23.469,0 days 01:06:35.054000,12,649.2944444444438,0 days 00:01:16.062000,10620.0,232.0,5,100.0,False,0,car,4211.709722222222,0.964401102034209,OnTrack,-555.3629469243756,-935.1719277401187,2390.0679764819665,3995.054,76.062
2026-07-25 14:53:23.556,0 days 01:06:35.141000,12,646.9744427377773,0 days 00:01:16.149000,10850.0064192,235.8062528,5,100.0,False,0,pos,4217.4505466277105,0.9657156411996284,OnTrack,-602.0,-893.0,2390.0,3995.141,76.149
2026-07-25 14:53:23.629,0 days 01:06:35.214000,12,645.0277777777774,0 days 00:01:16.222000,11043.0,239.0,6,100.0,False,0,car,4222.331944444444,0.966833388087332,OnTrack,-652.8707370870035,-846.5703197783566,2389.7646785314673,3995.214,76.222
2026-07-25 14:53:23.796,0 days 01:06:35.381000,12,639.8322202311103,0 days 00:01:16.389000,11002.08498432,244.01000192,6,100.0,False,0,pos,4233.670993699626,0.9694298138428911,OnTrack,-782.0,-728.0,2389.0,3995.381,76.389
2026-07-25 14:53:23.829,0 days 01:06:35.414000,12,638.8055555555547,0 days 00:01:16.422000,10994.0,245.0,6,100.0,False,0,car,4235.9430555555555,0.9699500726219299,OnTrack,-802.3673238125618,-709.2624804416945,2388.91313089102,3995.414,76.422
2026-07-25 14:53:24.029,0 days 01:06:35.614000,12,631.7499999999991,0 days 00:01:16.622000,11400.0,252.0,6,100.0,False,0,car,4249.9430555555555,0.9731558052860877,OnTrack,-886.1706390223602,-631.9723666797238,2388.8962309778813,3995.614,76.622
2026-07-25 14:53:24.176,0 days 01:06:35.761000,12,626.0333308444436,0 days 00:01:16.769000,11499.750043428572,255.6750016,6,100.0,False,0,pos,4260.474581318739,0.9755673235819776,OnTrack,-948.0,-576.0,2389.0,3995.761,76.769
2026-07-25 14:53:24.309,0 days 01:06:35.894000,12,620.8611111111104,0 days 00:01:16.902000,11590.0,259.0,6,100.0,False,0,car,4270.0875,0.9777684983972925,OnTrack,-1019.3713727928382,-512.2446999777356,2389.0006765274284,3995.894,76.902
2026-07-25 14:53:24.316,0 days 01:06:35.901000,12,620.5791640888882,0 days 00:01:16.909000,11540.999552,259.0875008,6,100.0,False,0,pos,4270.593504918803,0.9778843638613235,OnTrack,-1023.0,-509.0,2389.0,3995.901,76.909
2026-07-25 14:53:24.469,0 days 01:06:36.054000,12,614.416666666667,0 days 00:01:17.062000,10470.0,261.0,6,100.0,False,0,car,4281.687499999999,0.9804246768904518,OnTrack,-1094.366125785775,-444.92300705069965,2388.986334462535,3996.054,77.062
2026-07-25 14:53:24.576,0 days 01:06:36.161000,12,609.7799972266663,0 days 00:01:17.169000,10443.249984,263.6750016,6,100.0,False,0,pos,4289.571359593723,0.9822299301918259,OnTrack,-1159.0,-388.0,2389.0,3996.161,77.169
2026-07-25 14:53:24.709,0 days 01:06:36.294000,12,604.0166666666655,0 days 00:01:17.302000,10410.0,267.0,7,100.0,False,0,car,4299.4875,0.9845005369920241,OnTrack,-1275.7895280611153,-287.0103581661491,2389.057200154404,3996.294,77.302
2026-07-25 14:53:24.796,0 days 01:06:36.381000,12,599.9808303644434,0 days 00:01:17.389000,10465.100040533333,268.4500010666667,7,100.0,False,0,pos,4306.008443128875,0.9859937084484065,OnTrack,-1346.0,-227.0,2389.0,3996.381,77.389
2026-07-25 14:53:24.949,0 days 01:06:36.534000,12,592.8833333333323,0 days 00:01:17.542000,10562.0,271.0,7,100.0,False,0,car,4317.554166666667,0.9886374586681517,OnTrack,-1418.567586617058,-166.7347470794088,2388.5525972567307,3996.534,77.542
2026-07-25 14:53:25.116,0 days 01:06:36.701000,12,584.7652746666653,0 days 00:01:17.709000,10708.96005632,274.34000128,7,100.0,False,0,pos,4330.2967045405585,0.9915552565171949,OnTrack,-1487.0,-112.0,2388.0,3996.701,77.709
2026-07-25 14:53:25.149,0 days 01:06:36.734000,12,583.1611111111097,0 days 00:01:17.742000,10738.0,275.0,7,100.0,False,0,car,4332.831944444445,0.9921357780437209,OnTrack,-1507.6709067996676,-95.20371803518104,2387.9418612987192,3996.734,77.742
2026-07-25 14:53:25.167,0 days 01:06:36.752000,12,583.1611111111097,0 days 00:01:17.760000,10738.490912581818,275.2454562909091,7,95.90906181818181,False,0,interpolation,4334.21720067539,0.9924529752685614,OnTrack,-1519.9856504918903,-85.1709342936932,2387.917567419725,3996.752,77.76
