Date,SessionTime,DriverAhead,DistanceToDriverAhead,Time,RPM,Speed,nGear,Throttle,Brake,DRS,Source,Distance,RelativeDistance,Status,X,Y,Z,SessionTime_seconds,Time_seconds
2026-07-25 14:09:22.008,0 days 00:22:33.593000,,530.755,0 days 00:00:00,11021.0933728,274.5625024,6,100.0,False,0,interpolation,0.2668986316943446,6.12355148751137e-05,OnTrack,-1522.816645752007,-82.8625635237037,2388.000000000272,1353.593,0.0
2026-07-25 14:09:22.138,0 days 00:22:33.723000,,530.755,0 days 00:00:00.130000,10638.0,277.0,7,100.0,False,0,car,10.319444444444452,0.0023676273264089443,OnTrack,-1576.5172689278559,-39.82488199136258,2388.00000000091,1353.723,0.13
2026-07-25 14:09:22.433,0 days 00:22:34.018000,,530.755,0 days 00:00:00.425000,10815.0000384,281.609376,7,100.0,False,0,pos,33.40630375966983,0.0076645286557352225,OnTrack,-1726.0,83.0,2388.0,1354.018,0.425
2026-07-25 14:09:22.458,0 days 00:22:34.043000,14,530.755,0 days 00:00:00.450000,10830.0,282.0,7,100.0,False,0,car,35.38611111111112,0.008118762990881165,OnTrack,-1740.4305560056603,95.014370754321,2387.999999999772,1354.043,0.45
2026-07-25 14:09:22.653,0 days 00:22:34.238000,14,522.7383307022224,0 days 00:00:00.645000,11096.500087466668,286.8750016,7,100.0,False,0,pos,50.96296337127129,0.011692616338233104,OnTrack,-1860.0,194.0,2388.0,1354.238,0.645
2026-07-25 14:09:22.698,0 days 00:22:34.283000,14,520.8883333333334,0 days 00:00:00.690000,11158.0,288.0,7,100.0,False,0,car,54.586111111111116,0.012523888180689674,OnTrack,-1888.1290293334123,216.4955994764252,2388.0000000019068,1354.283,0.69
2026-07-25 14:09:22.733,0 days 00:22:34.318000,14,519.2549970133334,0 days 00:00:00.725000,11171.8906504,288.546876,7,100.0,False,0,pos,57.41075616260303,0.013171956673845664,OnTrack,-1910.0,234.0,2388.0,1354.318,0.725
2026-07-25 14:09:22.953,0 days 00:22:34.538000,14,508.9883303466667,0 days 00:00:00.945000,11259.2031504,291.984376,7,100.0,False,0,pos,75.29962417172294,0.017276264126144296,OnTrack,-2047.0,347.0,2388.0,1354.538,0.945
2026-07-25 14:09:23.018,0 days 00:22:34.603000,14,505.95500000000004,0 days 00:00:01.010000,11285.0,293.0,7,100.0,False,0,car,80.63055555555556,0.018499358924272513,OnTrack,-2087.8824260807896,380.756515398772,2388.0000001341377,1354.603,1.01
2026-07-25 14:09:23.193,0 days 00:22:34.778000,14,496.6216632533334,0 days 00:00:01.185000,11396.805596444445,295.9166677333333,7,100.0,False,0,pos,95.08773038452911,0.02181632064367756,OnTrack,-2199.0,472.0,2388.0,1354.778,1.185
2026-07-25 14:09:23.378,0 days 00:22:34.963000,14,486.75500000000005,0 days 00:00:01.370000,11515.0,299.0,7,100.0,False,0,car,110.53055555555557,0.025359423672984726,OnTrack,-2317.3582599252004,569.0716176709973,2387.9999993587558,1354.963,1.37
2026-07-25 14:09:23.393,0 days 00:22:34.978000,14,485.90916305777785,0 days 00:00:01.385000,11530.000064,299.2678582857143,7,100.0,False,0,pos,111.78956455062159,0.025648282643732683,OnTrack,-2327.0,577.0,2388.0,1354.978,1.385
2026-07-25 14:09:23.658,0 days 00:22:35.243000,14,470.9661111111112,0 days 00:00:01.650000,11795.0,304.0,7,100.0,False,0,car,134.17499999999998,0.030784253767841496,OnTrack,-2498.3233899726674,718.3502797949765,2388.000010061726,1355.243,1.65
2026-07-25 14:09:23.693,0 days 00:22:35.278000,14,468.96332967111124,0 days 00:00:01.685000,11747.968664,304.4375008,7,100.0,False,0,pos,137.14396611742683,0.03146543436323551,OnTrack,-2521.0,737.0,2388.0,1355.278,1.685
2026-07-25 14:09:23.813,0 days 00:22:35.398000,14,462.09666300444457,0 days 00:00:01.805000,11586.718664,305.9375008,7,100.0,False,0,pos,147.34845275459296,0.03380668650565451,OnTrack,-2599.0,801.0,2388.0,1355.398,1.805
2026-07-25 14:09:23.818,0 days 00:22:35.403000,14,461.81055555555565,0 days 00:00:01.810000,11580.0,306.0,7,100.0,False,0,car,147.775,0.0339045507772892,OnTrack,-2602.282949772137,803.6960348810724,2388.0000075619555,1355.403,1.81
2026-07-25 14:09:24.058,0 days 00:22:35.643000,14,447.41055555555573,0 days 00:00:02.050000,11756.0,309.0,7,100.0,False,0,car,168.375,0.03863088301218791,OnTrack,-2761.893423189475,935.1328377706421,2388.000571622349,1355.643,2.05
2026-07-25 14:09:24.113,0 days 00:22:35.698000,14,444.01888494222237,0 days 00:00:02.105000,11787.750036945454,309.3750004363636,7,100.0,False,0,pos,173.12129586365043,0.039719842776107205,OnTrack,-2797.0,964.0,2388.0,1355.698,2.105
2026-07-25 14:09:24.313,0 days 00:22:35.898000,14,431.68555160888906,0 days 00:00:02.305000,11903.2045824,310.7386368,7,100.0,False,0,pos,190.4482240562657,0.0436952223512787,OnTrack,-2930.0,1073.0,2388.0,1355.898,2.305
2026-07-25 14:09:24.498,0 days 00:22:36.083000,14,420.27722222222235,0 days 00:00:02.490000,12010.0,312.0,7,100.0,False,0,car,206.50833333333338,0.04737995109750204,OnTrack,-3112.855191557808,1222.6781338539672,2388.0115007861914,1356.083,2.49
2026-07-25 14:09:24.533,0 days 00:22:36.118000,14,418.07027374222235,0 days 00:00:02.525000,12025.7500288,312.17500032,7,100.0,False,0,pos,209.54647775410584,0.048077003520326046,OnTrack,-3145.0,1249.0,2388.0,1356.118,2.525
2026-07-25 14:09:24.698,0 days 00:22:36.283000,14,407.6661111111112,0 days 00:00:02.690000,12100.0,313.0,7,100.0,False,0,car,223.89722222222224,0.051369546538503376,OnTrack,-3265.0852968278496,1347.4131449892127,2387.855553055729,1356.283,2.69
2026-07-25 14:09:24.858,0 days 00:22:36.443000,14,397.5772222222223,0 days 00:00:02.850000,12050.0,316.0,7,100.0,False,0,car,237.9416666666667,0.0545918140384559,OnTrack,-3345.2030803552475,1413.2532782778535,2387.5086193165653,1356.443,2.85
2026-07-25 14:09:24.973,0 days 00:22:36.558000,14,390.38972394836196,0 days 00:00:02.965000,12102.966792258821,316.95435661727606,7,100.0,False,0,pos,248.08681971175315,0.0569194530610274,OnTrack,-3408.0,1465.0,2387.0,1356.558,2.965
2026-07-25 14:09:25.099,0 days 00:22:36.684000,14,382.51472222222225,0 days 00:00:03.091000,12161.0,318.0,7,100.0,False,0,car,259.23,0.05947607307052396,OnTrack,-3484.31460916592,1528.002233663001,2386.181541728884,1356.684,3.091
2026-07-25 14:09:25.233,0 days 00:22:36.818000,14,374.3630633422223,0 days 00:00:03.225000,12204.071387428572,318.47857097142855,7,100.0,False,0,pos,271.0943097973133,0.06219814442197378,OnTrack,-3573.0,1601.0,2385.0,1356.818,3.225
2026-07-25 14:09:25.379,0 days 00:22:36.964000,14,365.481388888889,0 days 00:00:03.371000,12251.0,319.0,7,100.0,False,0,car,284.0411111111111,0.0651685757029559,OnTrack,-3676.8994920649247,1685.89604973241,2383.3309470639815,1356.964,3.371
2026-07-25 14:09:25.473,0 days 00:22:37.058000,14,359.7891744177779,0 days 00:00:03.465000,12231.0250272,319.5874992,7,100.0,False,0,pos,292.3902846747854,0.06708415668105094,OnTrack,-3744.0,1741.0,2382.0,1357.058,3.465
2026-07-25 14:09:25.539,0 days 00:22:37.124000,14,355.7925000000001,0 days 00:00:03.531000,12217.0,320.0,7,100.0,False,0,car,298.2633333333333,0.06843163139911035,OnTrack,-3789.9310898644503,1779.0540937184735,2380.9301498100726,1357.124,3.531
2026-07-25 14:09:25.693,0 days 00:22:37.278000,14,347.06584058666675,0 days 00:00:03.685000,12266.66495872,320.76999936,7,100.0,False,0,pos,312.0126868455954,0.071586195123092,OnTrack,-3895.0,1866.0,2378.0,1357.278,3.685
2026-07-25 14:09:25.874,0 days 00:22:37.459000,14,336.8091775466667,0 days 00:00:03.866000,12325.03743808,321.67499904,7,100.0,False,0,pos,328.2236020627725,0.07530552381960436,OnTrack,-4020.0,1966.0,2374.0,1357.459,3.866
2026-07-25 14:09:25.939,0 days 00:22:37.524000,14,333.1258333333334,0 days 00:00:03.931000,12346.0,322.0,7,100.0,False,0,car,334.0411111111111,0.07664025588474889,OnTrack,-4065.569992234146,2002.0448168129585,2372.7081414105623,1357.524,3.931
2026-07-25 14:09:26.074,0 days 00:22:37.659000,14,325.62584400000003,0 days 00:00:04.066000,12326.5937776,322.0,7,100.0,False,0,pos,346.1160203475992,0.07941064582445229,OnTrack,-4161.0,2077.0,2370.0,1357.659,4.066
2026-07-25 14:09:26.099,0 days 00:22:37.684000,14,324.2369444444445,0 days 00:00:04.091000,12323.0,322.0,7,100.0,False,0,car,348.3522222222222,0.07992370567900431,OnTrack,-4178.684596849068,2090.7911146893653,2369.4026308231278,1357.684,4.091
2026-07-25 14:09:26.234,0 days 00:22:37.819000,14,317.0744546311112,0 days 00:00:04.226000,12267.7344536,322.0,7,100.0,False,0,pos,360.43133666787355,0.08269506043500008,OnTrack,-4274.0,2165.0,2366.0,1357.819,4.226
2026-07-25 14:09:26.419,0 days 00:22:38.004000,14,307.25916666666683,0 days 00:00:04.411000,12192.0,322.0,7,100.0,False,0,car,376.9744444444444,0.08649060526751513,OnTrack,-4403.306600255017,2267.496826259377,2362.919656201914,1358.004,4.411
2026-07-25 14:09:26.474,0 days 00:22:38.059000,14,304.5702871644446,0 days 00:00:04.466000,12204.3749568,321.8281256,7,100.0,False,0,pos,381.8847438584897,0.08761719295701059,OnTrack,-4442.0,2298.0,2362.0,1358.059,4.466
2026-07-25 14:09:26.674,0 days 00:22:38.259000,14,294.79250938666684,0 days 00:00:04.666000,12249.3749568,321.2031256,7,100.0,False,0,pos,399.714963603133,0.09170804452664338,OnTrack,-4583.0,2408.0,2358.0,1358.259,4.666
2026-07-25 14:09:26.739,0 days 00:22:38.324000,14,291.6147222222224,0 days 00:00:04.731000,12264.0,321.0,7,100.0,False,0,car,405.50777777777773,0.093037110757925,OnTrack,-4626.956392694283,2442.7473616553675,2356.707142865195,1358.324,4.731
2026-07-25 14:09:26.874,0 days 00:22:38.459000,14,285.65223070222237,0 days 00:00:04.866000,12131.02518912,320.32500096,7,100.0,False,0,pos,417.53353320469824,0.09579622316196687,OnTrack,-4723.0,2519.0,2354.0,1358.459,4.866
2026-07-25 14:09:26.939,0 days 00:22:38.524000,14,282.78138888888907,0 days 00:00:04.931000,12067.0,320.0,7,100.0,False,0,car,423.2855555555555,0.09711593037811807,OnTrack,-4778.081923642289,2562.230785286964,2352.577278360623,1358.524,4.931
2026-07-25 14:09:27.219,0 days 00:22:38.804000,14,272.0480555555558,0 days 00:00:05.211000,11951.0,313.0,7,100.0,False,0,car,447.63,0.10270136399551995,OnTrack,-5032.357493015502,2759.545779489846,2346.275204199013,1358.804,5.211
2026-07-25 14:09:27.234,0 days 00:22:38.819000,14,271.5730616355558,0 days 00:00:05.226000,11931.339537371428,312.6250048,7,100.0,False,0,pos,448.9165521023385,0.10299654228062477,OnTrack,-5042.0,2767.0,2346.0,1358.819,5.226
2026-07-25 14:09:27.499,0 days 00:22:39.084000,14,263.1813888888891,0 days 00:00:05.491000,11584.0,306.0,7,100.0,False,0,car,471.42999999999995,0.1081618837620534,OnTrack,-5156.032370573343,2854.8579909155474,2342.2004464288952,1359.084,5.491
2026-07-25 14:09:27.514,0 days 00:22:39.099000,14,262.79806046222245,0 days 00:00:05.506000,11565.916898133333,305.6666709333333,7,100.0,False,0,pos,472.69920911777973,0.1084530829837131,OnTrack,-5164.0,2861.0,2342.0,1359.099,5.506
2026-07-25 14:09:27.734,0 days 00:22:39.319000,14,257.175831697778,0 days 00:00:05.726000,11300.694367288888,300.77777635555555,7,100.0,False,0,pos,491.2310895488029,0.11270491909315163,OnTrack,-5310.0,2974.0,2339.0,1359.319,5.726
2026-07-25 14:09:27.859,0 days 00:22:39.444000,14,253.98138888888911,0 days 00:00:05.851000,11150.0,298.0,7,100.0,True,0,car,501.22999999999996,0.11499900515040204,OnTrack,-5377.082540252519,3026.9043644016856,2337.3355594720288,1359.444,5.851
2026-07-25 14:09:28.034,0 days 00:22:39.619000,14,251.59944705777792,0 days 00:00:06.026000,10170.0010752,271.7500288,7,27.083413333333333,True,0,pos,514.2209777037855,0.11797957197973466,OnTrack,-5459.0,3093.0,2335.0,1359.619,6.026
2026-07-25 14:09:28.099,0 days 00:22:39.684000,14,250.71472222222235,0 days 00:00:06.091000,9806.0,262.0,7,0.0,True,0,car,518.6966666666666,0.11900644542724172,OnTrack,-5493.648527846854,3121.1696337550184,2334.098875591297,1359.684,6.091
2026-07-25 14:09:28.234,0 days 00:22:39.819000,14,250.71472222222235,0 days 00:00:06.226000,10006.80630421079,241.67743427264293,7,0.0,True,0,pos,527.3376292852969,0.12098897261971682,OnTrack,-5568.0,3182.0,2332.0,1359.819,6.226
2026-07-25 14:09:28.378,0 days 00:22:39.963000,14,250.71472222222235,0 days 00:00:06.370000,10221.0,220.0,7,0.0,True,0,car,535.7466666666666,0.12291828836923312,OnTrack,-5638.600119875966,3240.7151676819676,2329.2504304502604,1359.963,6.37
2026-07-25 14:09:28.394,0 days 00:22:39.979000,14,250.9191666666668,0 days 00:00:06.386000,10216.45,218.2,7,0.0,True,0,pos,536.6407679546544,0.12312342524975162,OnTrack,-5646.0,3247.0,2329.0,1359.979,6.386
2026-07-25 14:09:28.674,0 days 00:22:40.259000,14,254.49694444444452,0 days 00:00:06.666000,10136.825,186.7,7,0.0,True,0,pos,550.9867981755705,0.12641488666120534,OnTrack,-5763.0,3351.0,2326.0,1360.259,6.666
2026-07-25 14:09:28.698,0 days 00:22:40.283000,14,254.8036111111112,0 days 00:00:06.690000,10130.0,184.0,7,0.0,True,0,car,552.1022222222222,0.12667080241981074,OnTrack,-5771.860652107773,3359.191321917388,2325.5288516732185,1360.283,6.69
2026-07-25 14:09:28.813,0 days 00:22:40.398000,14,257.7105571733334,0 days 00:00:06.805000,10124.2499968,173.64999424,7,0.0,True,0,pos,557.1969532391639,0.12783970491658309,OnTrack,-5812.0,3397.0,2323.0,1360.398,6.805
2026-07-25 14:09:29.013,0 days 00:22:40.598000,14,262.76611272888897,0 days 00:00:07.005000,10114.2499968,155.64999424,7,0.0,True,0,pos,565.2395177824375,0.12968493948222032,OnTrack,-5875.0,3460.0,2321.0,1360.598,7.005
2026-07-25 14:09:29.098,0 days 00:22:40.683000,14,264.9147222222223,0 days 00:00:07.090000,10110.0,148.0,4,0.0,True,0,car,568.5466666666666,0.13044371056848933,OnTrack,-5898.8898912673885,3486.108622672827,2319.8679503413,1360.683,7.09
2026-07-25 14:09:29.293,0 days 00:22:40.878000,14,270.87305751111126,0 days 00:00:07.285000,11164.95034624,136.29999616,4,0.0,True,0,pos,575.9203286472125,0.1321354764086787,OnTrack,-5947.0,3544.0,2317.0,1360.878,7.285
2026-07-25 14:09:29.298,0 days 00:22:40.883000,14,271.0258333333335,0 days 00:00:07.290000,11192.0,136.0,2,0.0,True,0,car,576.1022222222222,0.13217720890707138,OnTrack,-5948.111431225618,3545.4280943943695,2316.955068470042,1360.883,7.29
2026-07-25 14:09:29.453,0 days 00:22:41.038000,14,276.58000229333345,0 days 00:00:07.445000,10613.84976128,130.1874976,2,0.0,True,0,pos,581.5272219255666,0.13342188613873313,OnTrack,-5980.0,3589.0,2316.0,1361.038,7.445
2026-07-25 14:09:29.633,0 days 00:22:41.218000,14,283.03000229333344,0 days 00:00:07.625000,9942.44976128,123.4374976,2,0.0,True,0,pos,587.4392049538444,0.13477829370954497,OnTrack,-6013.0,3641.0,2314.0,1361.218,7.625
2026-07-25 14:09:29.698,0 days 00:22:41.283000,14,285.35916666666674,0 days 00:00:07.690000,9700.0,121.0,2,0.0,True,0,car,589.5466666666666,0.1352618162448424,OnTrack,-6023.244111925073,3658.404801342244,2313.407566677073,1361.283,7.69
2026-07-25 14:09:29.858,0 days 00:22:41.443000,14,291.35916666666674,0 days 00:00:07.850000,9199.0,115.0,2,0.0,True,0,car,594.6577777777777,0.1364344768856479,OnTrack,-6045.289016018238,3701.989265496344,2312.2902673779276,1361.443,7.85
2026-07-25 14:09:29.893,0 days 00:22:41.478000,14,292.73972474666675,0 days 00:00:07.885000,9132.2082112,113.9791648,2,0.0,True,0,pos,595.7439205527302,0.13668367453656827,OnTrack,-6050.0,3714.0,2312.0,1361.478,7.885
2026-07-25 14:09:30.098,0 days 00:22:41.683000,14,300.8258333333333,0 days 00:00:08.090000,8741.0,108.0,2,0.0,True,0,car,601.8577777777778,0.1380863988318261,OnTrack,-6075.64121997782,3796.8998659287276,2310.0932855044416,1361.683,8.09
2026-07-25 14:09:30.113,0 days 00:22:41.698000,14,301.450836,0 days 00:00:08.105000,8713.208214755556,107.66666524444445,2,0.0,True,0,pos,602.2915184110421,0.13818591350835926,OnTrack,-6077.0,3802.0,2310.0,1361.698,8.105
2026-07-25 14:09:30.458,0 days 00:22:42.043000,14,315.8258333333333,0 days 00:00:08.450000,8074.0,100.0,2,0.0,True,0,car,611.8577777777778,0.1403807348681847,OnTrack,-6085.463270427946,3869.601526053709,2309.318773558548,1362.043,8.45
2026-07-25 14:09:30.493,0 days 00:22:42.078000,14,317.45916965333333,0 days 00:00:08.485000,8074.0,99.1249984,2,0.0,True,0,pos,612.7995850771117,0.14059681711080146,OnTrack,-6085.0,3877.0,2309.0,1362.078,8.485
2026-07-25 14:09:30.618,0 days 00:22:42.203000,14,323.2925,0 days 00:00:08.610000,8074.0,96.0,2,0.0,False,0,car,616.1244444444444,0.14135965157703104,OnTrack,-6082.229315308003,3908.7943002393035,2307.1717941592665,1362.203,8.61
2026-07-25 14:09:30.733,0 days 00:22:42.318000,14,328.7869422537998,0 days 00:00:08.725000,7873.751323620626,94.28358277389108,2,0.0,False,0,pos,619.1179725502376,0.14204646751792838,OnTrack,-6078.0,3939.0,2306.0,1362.318,8.725
2026-07-25 14:09:30.793,0 days 00:22:42.378000,14,331.6536061821606,0 days 00:00:08.785000,7769.273811479742,93.38806124125493,2,0.0,False,0,pos,620.6555688343557,0.14239924377433072,OnTrack,-6075.0,3953.0,2306.0,1362.378,8.785
2026-07-25 14:09:30.819,0 days 00:22:42.404000,14,332.89583333333337,0 days 00:00:08.811000,7724.0,93.0,2,0.0,False,0,car,621.3169444444444,0.14255098556391022,OnTrack,-6073.338241613685,3958.968372497725,2305.951239046352,1362.404,8.811
2026-07-25 14:09:31.113,0 days 00:22:42.698000,14,346.7791680472926,0 days 00:00:09.105000,7470.947050044105,89.72423365752887,2,8.18941585617784,False,0,pos,628.6078157656054,0.14422375644476956,OnTrack,-6040.0,4023.0,2303.0,1362.698,9.105
2026-07-25 14:09:31.178,0 days 00:22:42.763000,14,349.84861111111115,0 days 00:00:09.170000,7415.0,89.0,2,10.0,False,0,car,630.1922222222222,0.14458727252773504,OnTrack,-6030.335373242505,4035.2515874735504,2302.4776490688673,1362.763,9.17
2026-07-25 14:09:31.273,0 days 00:22:42.858000,14,354.3083363377778,0 days 00:00:09.265000,7468.0417024,88.6041664,2,16.7291712,False,0,pos,632.4967884637232,0.1451160174653402,OnTrack,-6015.0,4052.0,2302.0,1362.858,9.265
2026-07-25 14:09:31.418,0 days 00:22:43.003000,14,361.1152777777778,0 days 00:00:09.410000,7549.0,88.0,2,27.0,False,0,car,636.0588888888889,0.14593328300239877,OnTrack,-5988.8826334053,4075.782669069493,2302.045768966521,1363.003,9.41
2026-07-25 14:09:31.493,0 days 00:22:43.078000,14,363.88611181823427,0 days 00:00:09.485000,7695.962654327634,89.4018695166388,2,30.037383952717388,False,0,pos,637.9679816432975,0.14637129303271787,OnTrack,-5974.0,4087.0,2302.0,1363.078,9.485
2026-07-25 14:09:31.713,0 days 00:22:43.298000,14,372.0138847345404,0 days 00:00:09.705000,8127.0527391584865,93.51401658974709,2,38.94703594445202,False,0,pos,643.7550244092166,0.14769903510889748,OnTrack,-5926.0,4115.0,2301.0,1363.298,9.705
2026-07-25 14:09:31.739,0 days 00:22:43.324000,14,372.97444444444443,0 days 00:00:09.731000,8178.0,94.0,2,40.0,False,0,car,644.4405555555555,0.14785631899020665,OnTrack,-5920.299932022685,4117.822597037666,2300.959968500309,1363.324,9.731
2026-07-25 14:09:31.893,0 days 00:22:43.478000,14,378.1933289955556,0 days 00:00:09.885000,8625.36962816,95.53999872,2,45.38999552,False,0,pos,648.51332643299,0.1487907494893996,OnTrack,-5882.0,4133.0,2301.0,1363.478,9.885
2026-07-25 14:09:31.939,0 days 00:22:43.524000,14,379.75222222222226,0 days 00:00:09.931000,8759.0,96.0,2,47.0,False,0,car,649.7738888888888,0.14907996487626457,OnTrack,-5865.738207434507,4137.396050058989,2300.8884655417573,1363.524,9.931
2026-07-25 14:09:32.213,0 days 00:22:43.798000,14,384.92777536,0 days 00:00:10.205000,9423.4496896,105.34090472727273,2,54.47272378181818,False,0,pos,657.9160336326886,0.15094804648615934,OnTrack,-5753.0,4159.0,2299.0,1363.798,10.205
2026-07-25 14:09:32.379,0 days 00:22:43.964000,14,388.0633333333333,0 days 00:00:10.371000,9826.0,111.0,2,59.0,False,0,car,663.3405555555555,0.1521926140989244,OnTrack,-5732.504294810318,4161.645411821483,2297.585536195812,1363.964,10.371
2026-07-25 14:09:32.454,0 days 00:22:44.039000,14,388.584167111111,0 days 00:00:10.446000,10079.281466133334,114.12500266666666,2,62.12500266666667,False,0,pos,665.9067205581412,0.15278137858299184,OnTrack,-5722.0,4162.0,2297.0,1364.039,10.446
2026-07-25 14:09:32.794,0 days 00:22:44.379000,14,390.94527644444435,0 days 00:00:10.786000,11227.488934933333,128.29165866666668,2,76.29165866666666,False,0,pos,678.3354500156129,0.15563294677103476,OnTrack,-5609.0,4164.0,2295.0,1364.379,10.786
2026-07-25 14:09:32.859,0 days 00:22:44.444000,14,391.39666666666653,0 days 00:00:10.851000,11447.0,131.0,2,79.0,False,0,car,680.8072222222222,0.1562000543757641,OnTrack,-5585.027238236099,4163.062715416123,2294.6478188066367,1364.444,10.851
2026-07-25 14:09:32.954,0 days 00:22:44.539000,14,391.47583317333317,0 days 00:00:10.946000,11571.687248,135.35415786666667,2,87.3124832,False,0,pos,684.4647559933585,0.15703921552929576,OnTrack,-5550.0,4161.0,2294.0,1364.539,10.946
2026-07-25 14:09:33.099,0 days 00:22:44.684000,14,391.59666666666647,0 days 00:00:11.091000,11762.0,142.0,2,100.0,False,0,car,690.2738888888888,0.1583720258235169,OnTrack,-5494.240567085236,4157.217597905169,2292.389601646572,1364.684,11.091
2026-07-25 14:09:33.134,0 days 00:22:44.719000,14,391.34388842666647,0 days 00:00:11.126000,11723.0138176,143.944448,2,100.0,False,0,pos,691.7475200641181,0.1587101263344799,OnTrack,-5480.0,4156.0,2292.0,1364.719,11.126
2026-07-25 14:09:33.459,0 days 00:22:45.044000,14,388.99666666666633,0 days 00:00:11.451000,11361.0,162.0,3,100.0,False,0,car,706.4738888888888,0.16208885020241784,OnTrack,-5334.719408229389,4138.025519630505,2289.1346511006186,1365.044,11.451
2026-07-25 14:09:33.474,0 days 00:22:45.059000,14,388.80500245333303,0 days 00:00:11.466000,11319.667195733333,162.41666133333334,3,100.0,False,0,pos,707.1731898968903,0.16224929335270982,OnTrack,-5328.0,4137.0,2289.0,1365.059,11.466
2026-07-25 14:09:33.819,0 days 00:22:45.404000,14,384.39666666666653,0 days 00:00:11.811000,10369.0,172.0,3,100.0,False,0,car,723.6738888888888,0.1660351081849546,OnTrack,-5176.162438939679,4109.359604385469,2285.417362452032,1365.404,11.811
2026-07-25 14:09:33.854,0 days 00:22:45.439000,14,383.7938877866665,0 days 00:00:11.846000,10427.4063568,174.6250048,3,100.0,False,0,pos,725.4280478686736,0.16643757120103683,OnTrack,-5160.0,4106.0,2285.0,1365.439,11.846
2026-07-25 14:09:33.979,0 days 00:22:45.564000,14,381.64111111111094,0 days 00:00:11.971000,10636.0,184.0,4,100.0,False,0,car,731.8516666666666,0.1679113652102434,OnTrack,-5100.315772704975,4093.069861190761,2283.427111613428,1365.564,11.971
2026-07-25 14:09:34.094,0 days 00:22:45.679000,14,379.14944305777766,0 days 00:00:12.086000,10878.458468266666,189.7500032,4,100.0,False,0,pos,738.0262735619742,0.1693280275212687,OnTrack,-5041.0,4079.0,2282.0,1365.679,12.086
2026-07-25 14:09:34.219,0 days 00:22:45.804000,14,376.441111111111,0 days 00:00:12.211000,11142.0,196.0,4,100.0,False,0,car,744.9183333333333,0.17090929763108534,OnTrack,-4970.362358998408,4060.5612758859065,2280.5278202523955,1365.804,12.211
2026-07-25 14:09:34.254,0 days 00:22:45.839000,14,375.575831751111,0 days 00:00:12.246000,11182.1406984,196.7656264,4,100.0,False,0,pos,746.8590498196006,0.1713545632081652,OnTrack,-4950.0,4055.0,2280.0,1365.839,12.246
2026-07-25 14:09:34.414,0 days 00:22:45.999000,14,371.6202761955555,0 days 00:00:12.406000,11365.6406984,200.2656264,4,100.0,False,0,pos,755.7974134988667,0.17340532419770707,OnTrack,-4857.0,4028.0,2277.0,1365.999,12.406
2026-07-25 14:09:34.539,0 days 00:22:46.124000,14,368.53,0 days 00:00:12.531000,11509.0,203.0,4,100.0,False,0,car,762.9627777777778,0.1750492995455813,OnTrack,-4790.214952481315,4005.425082496202,2275.5306520709005,1366.124,12.531
2026-07-25 14:09:34.594,0 days 00:22:46.179000,14,366.97167210666663,0 days 00:00:12.586000,11264.709186133334,205.52082453333333,4,100.0,False,0,pos,766.1825574135257,0.17578802519032427,OnTrack,-4761.0,3995.0,2275.0,1366.179,12.586
2026-07-25 14:09:34.779,0 days 00:22:46.364000,14,361.73,0 days 00:00:12.771000,10443.0,214.0,5,100.0,False,0,car,777.2294444444444,0.17832255229078622,OnTrack,-4659.313220271466,3957.2796136554125,2273.1520087238173,1366.364,12.771
2026-07-25 14:09:34.794,0 days 00:22:46.379000,14,361.2841723733334,0 days 00:00:12.786000,10472.47462272,214.29999616,5,100.0,False,0,pos,778.1299457620512,0.17852915755316362,OnTrack,-4651.0,3954.0,2273.0,1366.379,12.786
2026-07-25 14:09:34.979,0 days 00:22:46.564000,14,355.7855555555557,0 days 00:00:12.971000,10836.0,218.0,5,100.0,False,0,car,789.3405555555555,0.18110124815704276,OnTrack,-4548.374177845632,3910.710347070136,2271.142238361425,1366.564,12.971
2026-07-25 14:09:34.994,0 days 00:22:46.579000,14,355.3147279655069,0 days 00:00:12.986000,10858.946428557098,218.56425643992864,5,100.0,False,0,pos,790.2691016916573,0.18131428784319073,OnTrack,-4540.0,3907.0,2271.0,1366.579,12.986
2026-07-25 14:09:35.214,0 days 00:22:46.799000,14,348.4091602180667,0 days 00:00:13.206000,11195.498746883259,226.8401331200801,5,100.0,False,0,pos,804.2662193745974,0.18452569699370294,OnTrack,-4416.0,3849.0,2269.0,1366.799,13.206
2026-07-25 14:09:35.298,0 days 00:22:46.883000,14,345.77250000000026,0 days 00:00:13.290000,11324.0,230.0,5,100.0,False,0,car,809.721111111111,0.1857772324622547,OnTrack,-4368.244546955016,3824.6078671435043,2268.1314627530855,1366.883,13.29
2026-07-25 14:09:35.413,0 days 00:22:46.998000,14,342.1947202311113,0 days 00:00:13.405000,11350.354181333334,233.35416853333334,5,100.0,False,0,pos,817.2512789343907,0.18750490600193262,OnTrack,-4303.0,3789.0,2267.0,1366.998,13.405
2026-07-25 14:09:35.538,0 days 00:22:47.123000,14,338.30583333333345,0 days 00:00:13.530000,11379.0,237.0,5,100.0,False,0,car,825.521111111111,0.1894022833997013,OnTrack,-4233.030196288909,3747.2791787830615,2266.171560470406,1367.123,13.53
2026-07-25 14:09:35.733,0 days 00:22:47.318000,14,332.2933313600001,0 days 00:00:13.725000,10967.333198222223,240.25000106666667,5,100.0,False,0,pos,838.6060809779902,0.19240441518972606,OnTrack,-4125.0,3677.0,2265.0,1367.318,13.725
2026-07-25 14:09:35.898,0 days 00:22:47.483000,14,327.20583333333343,0 days 00:00:13.890000,10619.0,243.0,6,100.0,False,0,car,849.8211111111111,0.1949775199680527,OnTrack,-4033.4668757396093,3613.916802993014,2263.301617446795,1367.483,13.89
2026-07-25 14:09:35.933,0 days 00:22:47.518000,14,326.21416485333344,0 days 00:00:13.925000,10626.8750144,243.397728,6,100.0,False,0,pos,852.2136722340579,0.19552645388840945,OnTrack,-4014.0,3600.0,2263.0,1367.518,13.925
2026-07-25 14:09:36.093,0 days 00:22:47.678000,14,321.6808315200001,0 days 00:00:14.085000,10662.8750144,245.2159098181818,6,100.0,False,0,pos,863.211736420502,0.19804977938772383,OnTrack,-3926.0,3535.0,2262.0,1367.678,14.085
2026-07-25 14:09:36.313,0 days 00:22:47.898000,14,315.44749818666673,0 days 00:00:14.305000,10712.3750144,247.7159098181818,6,100.0,False,0,pos,878.4076688766767,0.2015362369317511,OnTrack,-3806.0,3442.0,2260.0,1367.898,14.305
2026-07-25 14:09:36.338,0 days 00:22:47.923000,14,314.73916666666673,0 days 00:00:14.330000,10718.0,248.0,6,100.0,False,0,car,880.1322222222223,0.2019319074204819,OnTrack,-3788.3375801661955,3427.711032534334,2259.748459339794,1367.923,14.33
2026-07-25 14:09:36.513,0 days 00:22:48.098000,14,310.65583184000013,0 days 00:00:14.505000,10718.0,248.0,6,100.0,False,0,pos,892.1907817751692,0.20469854619337213,OnTrack,-3647.0,3311.0,2258.0,1368.098,14.505
2026-07-25 14:09:36.618,0 days 00:22:48.203000,14,308.20583333333354,0 days 00:00:14.610000,10718.0,248.0,6,100.0,False,0,car,899.4211111111111,0.20635742670839136,OnTrack,-3571.83938105941,3247.854489022222,2257.079362187198,1368.203,14.61
2026-07-25 14:09:36.898,0 days 00:22:48.483000,14,302.2947222222223,0 days 00:00:14.890000,10718.0,248.0,6,100.0,False,0,car,918.7100000000002,0.21078294599630085,OnTrack,-3425.1478570553572,3121.647008712875,2255.2347664956405,1368.483,14.89
2026-07-25 14:09:36.953,0 days 00:22:48.538000,14,301.2558321244445,0 days 00:00:14.945000,10718.0,248.0,6,100.0,False,0,pos,922.5053842644879,0.21165373468528512,OnTrack,-3406.0,3105.0,2255.0,1368.538,14.945
2026-07-25 14:09:37.138,0 days 00:22:48.723000,14,297.761388888889,0 days 00:00:15.130000,10718.0,248.0,6,100.0,True,0,car,935.2433333333335,0.21457624824308041,OnTrack,-3361.613901571844,3066.073079955751,2254.480976602206,1368.723,15.13
2026-07-25 14:09:37.233,0 days 00:22:48.818000,14,296.20444339555564,0 days 00:00:15.225000,10718.0,248.0,6,101.90000128,True,0,pos,941.7145816647168,0.21606097006777222,OnTrack,-3324.0,3033.0,2254.0,1368.818,15.225
2026-07-25 14:09:37.338,0 days 00:22:48.923000,14,294.48361111111126,0 days 00:00:15.330000,10718.0,248.0,6,104.0,True,0,car,949.0211111111112,0.21773733344873,OnTrack,-3256.819729650533,2974.028639297228,2253.103791063215,1368.923,15.33
2026-07-25 14:09:37.533,0 days 00:22:49.118000,14,290.6377765155557,0 days 00:00:15.525000,11286.42518656,265.55000576,6,100.09999872,True,0,pos,963.431107710408,0.22104347089688717,OnTrack,-3098.0,2835.0,2251.0,1369.118,15.525
2026-07-25 14:09:37.538,0 days 00:22:49.123000,14,290.5391666666668,0 days 00:00:15.530000,11301.0,266.0,6,100.0,False,0,car,963.7988888888889,0.22112785225801548,OnTrack,-3094.2791299090845,2831.7555905453282,2250.9529778305537,1369.123,15.53
2026-07-25 14:09:37.818,0 days 00:22:49.403000,14,286.5725000000002,0 days 00:00:15.810000,11027.0,259.0,6,100.0,False,0,car,983.9433333333334,0.22574966474014677,OnTrack,-2920.6891198997614,2681.52592836742,2248.965190145619,1369.403,15.81
2026-07-25 14:09:38.013,0 days 00:22:49.598000,14,284.51416708584793,0 days 00:00:16.005000,10872.51249683546,257.91966781003816,6,100.0,False,0,pos,998.140133824099,0.22900688783684248,OnTrack,-2837.0,2609.0,2248.0,1369.598,16.005
2026-07-25 14:09:38.179,0 days 00:22:49.764000,14,282.7619444444447,0 days 00:00:16.171000,10741.0,257.0,6,100.0,False,0,car,1009.7147222222222,0.23166248736362569,OnTrack,-2788.305910094782,2565.9054481888365,2247.291030792669,1369.764,16.171
2026-07-25 14:09:38.353,0 days 00:22:49.938000,14,283.43861061333354,0 days 00:00:16.345000,10462.6002048,239.99546705454546,6,60.45457454545455,False,0,pos,1020.7202566708276,0.2341875267921078,OnTrack,-2718.0,2509.0,2246.0,1369.938,16.345
2026-07-25 14:09:38.619,0 days 00:22:50.204000,14,284.4730555555557,0 days 00:00:16.611000,10037.0,214.0,6,0.0,True,0,car,1035.8702777777778,0.23766345072983475,OnTrack,-2523.6203914180933,2363.57501369267,2242.1747238315907,1370.204,16.611
2026-07-25 14:09:38.633,0 days 00:22:50.218000,14,284.64416510222236,0 days 00:00:16.625000,10063.66975616,212.46001408,6,0.0,True,0,pos,1036.6366286606196,0.23783927737453467,OnTrack,-2516.0,2358.0,2242.0,1370.218,16.625
2026-07-25 14:09:38.819,0 days 00:22:50.404000,14,286.9175000000005,0 days 00:00:16.811000,10418.0,192.0,5,0.0,True,0,car,1046.5369444444443,0.24011074250195055,OnTrack,-2461.9777525138597,2320.08913000729,2240.2930083503347,1370.404,16.811
2026-07-25 14:09:38.974,0 days 00:22:50.559000,14,289.45777882666704,0 days 00:00:16.966000,10730.214414628572,185.35714011428573,5,0.0,True,0,pos,1054.3912262313822,0.24191277867629918,OnTrack,-2427.0,2300.0,2239.0,1370.559,16.966
2026-07-25 14:09:39.099,0 days 00:22:50.684000,14,291.5063888888892,0 days 00:00:17.091000,10982.0,180.0,4,0.0,True,0,car,1060.5369444444443,0.24332281295285257,OnTrack,-2374.1321131212894,2269.5868115749963,2237.633540739021,1370.684,17.091
2026-07-25 14:09:39.154,0 days 00:22:50.739000,14,292.6216627733337,0 days 00:00:17.146000,11138.47445376,177.80000768,4,0.0,True,0,pos,1063.2050204546074,0.24393495924663872,OnTrack,-2349.0,2256.0,2237.0,1370.739,17.146
2026-07-25 14:09:39.299,0 days 00:22:50.884000,14,295.56194444444486,0 days 00:00:17.291000,11551.0,172.0,3,0.0,True,0,car,1070.0924999999997,0.24551517849870633,OnTrack,-2286.137123930795,2226.2044482248966,2235.3380356125517,1370.884,17.291
2026-07-25 14:09:39.414,0 days 00:22:50.999000,14,298.4369460444449,0 days 00:00:17.406000,11256.312336,167.3281224,3,0.0,True,0,pos,1075.3300815156585,0.24671685570018048,OnTrack,-2238.0,2207.0,2234.0,1370.999,17.406
2026-07-25 14:09:39.574,0 days 00:22:51.159000,14,302.4369460444449,0 days 00:00:17.566000,10846.312336,160.8281224,3,0.0,True,0,pos,1082.3111510441865,0.2483185476393432,OnTrack,-2171.0,2185.0,2232.0,1371.159,17.566
2026-07-25 14:09:39.619,0 days 00:22:51.204000,14,303.56194444444486,0 days 00:00:17.611000,10731.0,159.0,3,0.0,True,0,car,1084.2258333333332,0.24875784009675983,OnTrack,-2151.77254880398,2180.153476834044,2231.337641902012,1371.204,17.611
2026-07-25 14:09:39.814,0 days 00:22:51.399000,14,309.73694647111165,0 days 00:00:17.806000,10699.79998976,152.66249792,3,0.0,True,0,pos,1092.2831046114477,0.25060644888156935,OnTrack,-2065.0,2167.0,2228.0,1371.399,17.806
2026-07-25 14:09:39.974,0 days 00:22:51.559000,14,314.8036131377785,0 days 00:00:17.966000,10674.19998976,147.46249792,3,0.0,True,0,pos,1098.6720377123868,0.2520722848263062,OnTrack,-1990.0,2167.0,2225.0,1371.559,17.966
2026-07-25 14:09:40.019,0 days 00:22:51.604000,14,316.22861111111183,0 days 00:00:18.011000,10667.0,146.0,3,0.0,True,0,car,1100.4480555555554,0.252479763000186,OnTrack,-1970.8866701862976,2168.79997571122,2224.076570913968,1371.604,18.011
2026-07-25 14:09:40.179,0 days 00:22:51.764000,14,321.65083333333405,0 days 00:00:18.171000,11695.0,140.0,2,0.0,True,0,car,1106.6702777777775,0.25390734986725355,OnTrack,-1910.4324825313859,2181.3696498328686,2220.390308814984,1371.764,18.171
2026-07-25 14:09:40.194,0 days 00:22:51.779000,14,322.18832645333407,0 days 00:00:18.186000,11653.1880352,139.531256,2,0.0,True,0,pos,1107.24185164649,0.2540384881196963,OnTrack,-1905.0,2183.0,2220.0,1371.779,18.186
2026-07-25 14:09:40.339,0 days 00:22:51.924000,14,327.3841666666674,0 days 00:00:18.331000,11249.0,135.0,2,0.0,True,0,car,1112.6702777777775,0.25528395148906874,OnTrack,-1853.837485089721,2202.485508793171,2215.924302538926,1371.924,18.331
2026-07-25 14:09:40.374,0 days 00:22:51.959000,14,328.74528026666735,0 days 00:00:18.366000,11184.9790496,134.5624992,2,0.0,True,0,pos,1113.9665944544013,0.25558137009563986,OnTrack,-1842.0,2208.0,2215.0,1371.959,18.366
2026-07-25 14:09:40.579,0 days 00:22:52.164000,14,336.7175000000004,0 days 00:00:18.571000,10810.0,132.0,2,0.0,True,0,car,1121.4702777777777,0.2573029672010643,OnTrack,-1777.4155857340504,2245.8405494686767,2210.582537905053,1372.164,18.571
2026-07-25 14:09:40.694,0 days 00:22:52.279000,14,341.38139148444486,0 days 00:00:18.686000,10635.19990272,129.69999872,2,0.0,True,0,pos,1125.6009458977483,0.25825068127325296,OnTrack,-1746.0,2272.0,2208.0,1372.279,18.686
2026-07-25 14:09:40.734,0 days 00:22:52.319000,14,343.00361370666707,0 days 00:00:18.726000,10574.39990272,128.89999872,2,0.0,True,0,pos,1127.014110133879,0.25857490863647775,OnTrack,-1736.0,2282.0,2207.0,1372.319,18.726
2026-07-25 14:09:40.779,0 days 00:22:52.364000,14,344.8286111111115,0 days 00:00:18.771000,10506.0,128.0,2,0.0,True,0,car,1128.5813888888888,0.25893449504914157,OnTrack,-1725.0874124011746,2293.6429395646005,2205.92264045104,1372.364,18.771
2026-07-25 14:09:41.019,0 days 00:22:52.604000,14,355.42861111111165,0 days 00:00:19.011000,10235.0,121.0,2,0.0,False,0,car,1136.6480555555554,0.26078525945180414,OnTrack,-1673.0989629370483,2360.6115492200493,2200.8823898797623,1372.604,19.011
2026-07-25 14:09:41.094,0 days 00:22:52.679000,14,358.7619472888894,0 days 00:00:19.086000,10114.0623968,121.0,2,0.0,False,0,pos,1139.176769469396,0.2613654313976207,OnTrack,-1660.0,2381.0,2199.0,1372.679,19.086
2026-07-25 14:09:41.179,0 days 00:22:52.764000,14,362.53972222222274,0 days 00:00:19.171000,9977.0,121.0,2,0.0,False,0,car,1142.0258333333331,0.2620191023869125,OnTrack,-1647.1989753956418,2403.2805007830066,2196.56178803843,1372.764,19.171
2026-07-25 14:09:41.294,0 days 00:22:52.879000,14,367.9383363377782,0 days 00:00:19.286000,9968.3749952,118.94642742857143,2,2.053572571428571,False,0,pos,1145.7737529814458,0.2628790010979166,OnTrack,-1631.0,2442.0,2193.0,1372.879,19.286
2026-07-25 14:09:41.459,0 days 00:22:53.044000,14,375.6841666666669,0 days 00:00:19.451000,9956.0,116.0,2,5.0,False,0,car,1151.0480555555555,0.2640891033441605,OnTrack,-1606.5504420960792,2528.7059889477664,2188.313368308361,1373.044,19.451
2026-07-25 14:09:41.474,0 days 00:22:53.059000,14,376.400824473436,0 days 00:00:19.466000,9977.491761636487,116.10250442751902,2,6.674238982810671,False,0,pos,1151.5300336654068,0.2641996853187773,OnTrack,-1605.0,2535.0,2188.0,1373.059,19.466
2026-07-25 14:09:41.754,0 days 00:22:53.339000,14,389.7786081020896,0 days 00:00:19.746000,10378.676447348242,118.01594489991211,2,37.927100031897965,False,0,pos,1160.6384243548928,0.2662894562179894,OnTrack,-1599.0,2587.0,2185.0,1373.339,19.746
2026-07-25 14:09:41.898,0 days 00:22:53.483000,14,396.65861111111144,0 days 00:00:19.890000,10585.0,119.0,2,54.0,False,0,car,1165.5594444444444,0.2674185035906997,OnTrack,-1598.1302266368223,2621.7966067767225,2182.207708488482,1373.483,19.89
2026-07-25 14:09:42.153,0 days 00:22:53.738000,14,408.13361399111164,0 days 00:00:20.145000,11290.500177066666,127.50000213333334,2,63.91666915555555,False,0,pos,1174.7926500999151,0.2695369112373454,OnTrack,-1604.0,2722.0,2174.0,1373.738,20.145
2026-07-25 14:09:42.258,0 days 00:22:53.843000,14,412.8586111111117,0 days 00:00:20.250000,11581.0,131.0,2,68.0,False,0,car,1178.6594444444443,0.27042408379832944,OnTrack,-1614.898292979086,2777.111844063155,2169.609102339816,1373.843,20.25
2026-07-25 14:09:42.353,0 days 00:22:53.938000,14,417.05444727111177,0 days 00:00:20.345000,11222.3747584,132.42500096,2,69.42500096,False,0,pos,1182.1522542865077,0.27122545174720886,OnTrack,-1625.0,2822.0,2166.0,1373.938,20.345
2026-07-25 14:09:42.458,0 days 00:22:54.043000,14,421.6919444444452,0 days 00:00:20.450000,10826.0,134.0,2,71.0,False,0,car,1186.1038888888886,0.27213208951428525,OnTrack,-1632.2163701172244,2854.1180755751247,2163.284230393631,1374.043,20.45
2026-07-25 14:09:42.738,0 days 00:22:54.323000,14,433.20305555555615,0 days 00:00:20.730000,10483.0,147.0,3,76.0,False,0,car,1197.537222222222,0.27475528038252195,OnTrack,-1662.5888960152615,2931.2007067102095,2156.752529507798,1374.323,20.73
2026-07-25 14:09:42.753,0 days 00:22:54.338000,14,433.7780580088895,0 days 00:00:20.745000,10516.58942902857,147.48214491428573,3,76.32142994285714,False,0,pos,1198.1704903358411,0.2749005733678973,OnTrack,-1667.0,2941.0,2156.0,1374.338,20.745
2026-07-25 14:09:42.873,0 days 00:22:54.458000,14,438.37805800888947,0 days 00:00:20.865000,10785.303714742857,151.33928777142856,3,78.89285851428572,False,0,pos,1203.2886703247839,0.27607485584681735,OnTrack,-1709.0,3033.0,2149.0,1374.458,20.865
2026-07-25 14:09:43.018,0 days 00:22:54.603000,14,443.9363888888895,0 days 00:00:21.010000,11110.0,156.0,3,82.0,False,0,car,1209.6705555555554,0.2775390747733037,OnTrack,-1739.458650702796,3095.907724301904,2143.8602684862676,1374.603,21.01
2026-07-25 14:09:43.218,0 days 00:22:54.803000,14,450.76972222222275,0 days 00:00:21.210000,11734.0,167.0,3,83.0,False,0,car,1218.9483333333333,0.279667708762592,OnTrack,-1759.0265264811603,3126.071895192938,2140.81146952063,1374.803,21.21
2026-07-25 14:09:43.253,0 days 00:22:54.838000,14,451.80027966222275,0 days 00:00:21.245000,11822.3751616,168.2500022857143,3,85.12500388571429,False,0,pos,1220.6250436300745,0.2800524024482267,OnTrack,-1765.0,3136.0,2140.0,1374.838,21.245
2026-07-25 14:09:43.473,0 days 00:22:55.058000,14,458.2780574400006,0 days 00:00:21.465000,12377.8751616,176.10714514285715,3,98.48214674285714,False,0,pos,1231.4644739135974,0.282539331999535,OnTrack,-1818.0,3227.0,2133.0,1375.058,21.465
2026-07-25 14:09:43.498,0 days 00:22:55.083000,14,459.0141666666673,0 days 00:00:21.490000,12441.0,177.0,3,100.0,False,0,car,1232.715,0.282826244705979,OnTrack,-1824.4470321841657,3238.020454128439,2132.1000459841543,1375.083,21.49
2026-07-25 14:09:43.738,0 days 00:22:55.323000,14,465.2808333333337,0 days 00:00:21.730000,10901.0,184.0,3,100.0,False,0,car,1244.9816666666668,0.28564063024391223,OnTrack,-1885.3342254877518,3342.345243235902,2123.1865809037845,1375.323,21.73
2026-07-25 14:09:43.773,0 days 00:22:55.358000,14,465.8738899733337,0 days 00:00:21.765000,10982.2657736,185.8593784,3,100.0,False,0,pos,1246.8545899136273,0.28607034177379576,OnTrack,-1894.0,3358.0,2122.0,1375.358,21.765
2026-07-25 14:09:43.833,0 days 00:22:55.418000,14,466.89055664000034,0 days 00:00:21.825000,11121.5782736,189.0468784,3,100.0,False,0,pos,1250.1254127388563,0.28682077844144244,OnTrack,-1909.0,3386.0,2120.0,1375.418,21.825
2026-07-25 14:09:44.058,0 days 00:22:55.643000,14,470.7030555555559,0 days 00:00:22.050000,11644.0,201.0,4,100.0,False,0,car,1262.8483333333336,0.2897398439622063,OnTrack,-1981.4488322894695,3541.9586275739457,2109.0730163296525,1375.643,22.05
2026-07-25 14:09:44.193,0 days 00:22:55.778000,14,471.903056124445,0 days 00:00:22.185000,11585.94997248,205.72500224,4,100.0,False,0,pos,1270.6062473279455,0.2915197701266872,OnTrack,-2017.0,3629.0,2103.0,1375.778,22.185
2026-07-25 14:09:44.258,0 days 00:22:55.843000,14,472.480833333334,0 days 00:00:22.250000,11558.0,208.0,4,100.0,False,0,car,1274.403888888889,0.29239107671533177,OnTrack,-2028.0445134987594,3660.268174265426,2100.8235881769974,1375.843,22.25
2026-07-25 14:09:44.473,0 days 00:22:56.058000,14,473.5558336533339,0 days 00:00:22.465000,10880.7497984,214.91071634285714,4,100.0,False,0,pos,1287.3234583146643,0.29535526008611107,OnTrack,-2046.0,3732.0,2096.0,1376.058,22.465
2026-07-25 14:09:44.538,0 days 00:22:56.123000,14,473.88083333333384,0 days 00:00:22.530000,10676.0,217.0,5,100.0,False,0,car,1291.2816666666668,0.29626340609225255,OnTrack,-2050.961543632779,3753.5887370874516,2094.6735306939636,1376.123,22.53
2026-07-25 14:09:44.873,0 days 00:22:56.458000,14,473.88083333333407,0 days 00:00:22.865000,11072.246402350944,221.63988761535063,5,86.08033715394811,False,0,pos,1311.9101516772487,0.30099627374577864,OnTrack,-2077.0,3886.0,2087.0,1376.458,22.865
2026-07-25 14:09:44.899,0 days 00:22:56.484000,14,473.88083333333407,0 days 00:00:22.891000,11103.0,222.0,5,85.0,False,0,car,1313.5433333333333,0.3013709804985262,OnTrack,-2078.7702452334884,3899.1323238777613,2086.2019019190766,1376.484,22.891
2026-07-25 14:09:45.093,0 days 00:22:56.678000,14,473.3419448000005,0 days 00:00:23.085000,11204.8499328,228.4666624,5,88.2333312,False,0,pos,1325.9058764837202,0.30420736332362325,OnTrack,-2086.0,4022.0,2079.0,1376.678,23.085
2026-07-25 14:09:45.139,0 days 00:22:56.724000,14,473.2141666666671,0 days 00:00:23.131000,11229.0,230.0,5,89.0,False,0,car,1328.8766666666668,0.3048889624209427,OnTrack,-2083.85507350983,4062.8201557348216,2076.8940774871376,1376.724,23.131
2026-07-25 14:09:45.333,0 days 00:22:56.918000,14,472.2441673066672,0 days 00:00:23.325000,11459.85984768,233.39499776,5,94.33499648,False,0,pos,1341.5575900808365,0.307798392377286,OnTrack,-2063.0,4250.0,2068.0,1376.918,23.325
2026-07-25 14:09:45.539,0 days 00:22:57.124000,14,471.2141666666673,0 days 00:00:23.531000,11705.0,237.0,5,100.0,False,0,car,1355.21,0.31093071398335365,OnTrack,-2044.4697122760103,4335.901998177484,2064.6019124270965,1377.124,23.531
2026-07-25 14:09:45.674,0 days 00:22:57.259000,14,470.5391676266673,0 days 00:00:23.666000,11228.750677333333,238.87499733333334,5,100.0,False,0,pos,1364.213021331054,0.3129963096109479,OnTrack,-2023.0,4387.0,2063.0,1377.259,23.666
2026-07-25 14:09:45.854,0 days 00:22:57.439000,14,469.63916634666714,0 days 00:00:23.846000,10593.749774222222,241.37500088888888,5,100.0,False,0,pos,1376.3385869592178,0.3157783218291406,OnTrack,-1974.0,4499.0,2059.0,1377.439,23.846
2026-07-25 14:09:45.899,0 days 00:22:57.484000,14,469.41416666666714,0 days 00:00:23.891000,10435.0,242.0,6,100.0,False,0,car,1379.41,0.3164830071913415,OnTrack,-1960.3049516423291,4527.044784139545,2057.812556274084,1377.484,23.891
2026-07-25 14:09:46.034,0 days 00:22:57.619000,14,468.51416794666704,0 days 00:00:24.026000,10628.4997248,245.9374944,6,100.0,False,0,pos,1388.7228557533253,0.3186196892469678,OnTrack,-1917.0,4609.0,2054.0,1377.619,24.026
2026-07-25 14:09:46.139,0 days 00:22:57.724000,14,467.814166666667,0 days 00:00:24.131000,10779.0,249.0,6,100.0,False,0,car,1396.0100000000002,0.3202916050116968,OnTrack,-1880.3517794201887,4676.878696458297,2050.950768761854,1377.724,24.131
2026-07-25 14:09:46.379,0 days 00:22:57.964000,14,466.28083333333393,0 days 00:00:24.371000,11039.0,251.0,6,100.0,False,0,car,1412.7433333333333,0.32413079397920347,OnTrack,-1790.5674670511503,4837.538817246657,2045.1885162492708,1377.964,24.371
2026-07-25 14:09:46.394,0 days 00:22:57.979000,14,466.1558349333339,0 days 00:00:24.386000,11044.937424,251.4999936,6,100.0,False,0,pos,1413.8067545570493,0.3243747785427435,OnTrack,-1785.0,4847.0,2045.0,1377.979,24.386
2026-07-25 14:09:46.554,0 days 00:22:58.139000,14,464.8225016000004,0 days 00:00:24.546000,11108.270757333334,256.83332693333335,6,100.0,False,0,pos,1425.3039373313895,0.32701261861832054,OnTrack,-1726.0,4944.0,2044.0,1378.139,24.546
2026-07-25 14:09:46.619,0 days 00:22:58.204000,14,464.2808333333337,0 days 00:00:24.611000,11134.0,259.0,6,100.0,False,0,car,1430.0100000000002,0.328092347535316,OnTrack,-1701.8144367274633,4983.11400633282,2043.606240989416,1378.204,24.611
2026-07-25 14:09:46.714,0 days 00:22:58.299000,14,463.4627794311115,0 days 00:00:24.706000,11228.7029336,260.1874976,6,100.0,False,0,pos,1436.9002798633526,0.32967320927442456,OnTrack,-1666.0,5041.0,2043.0,1378.299,24.706
2026-07-25 14:09:46.939,0 days 00:22:58.524000,14,461.52527777777823,0 days 00:00:24.931000,11453.0,263.0,6,100.0,False,0,car,1453.387777777778,0.3334559953358699,OnTrack,-1580.0313660346671,5182.708369607258,2042.1331038367534,1378.524,24.931
2026-07-25 14:09:46.994,0 days 00:22:58.579000,14,460.83778017777826,0 days 00:00:24.986000,11323.161167542858,264.7678509714286,6,100.0,False,0,pos,1457.4924190583247,0.33439773797649824,OnTrack,-1561.0,5216.0,2042.0,1378.579,24.986
2026-07-25 14:09:47.194,0 days 00:22:58.779000,14,458.3377801777784,0 days 00:00:25.186000,10851.0183104,271.1964224,6,100.0,False,0,pos,1472.6367528956757,0.3378723570634662,OnTrack,-1490.0,5348.0,2042.0,1378.779,25.186
2026-07-25 14:09:47.219,0 days 00:22:58.804000,14,458.02527777777846,0 days 00:00:25.211000,10792.0,272.0,6,100.0,False,0,car,1474.5433333333333,0.3383097906838996,OnTrack,-1476.913461460811,5372.088587564386,2042.152122938402,1378.804,25.211
2026-07-25 14:09:47.394,0 days 00:22:58.979000,14,454.91417008000053,0 days 00:00:25.386000,10705.958427733332,274.91666346666665,6,100.0,False,0,pos,1487.9504392866654,0.3413858313171004,OnTrack,-1366.0,5574.0,2044.0,1378.979,25.386
2026-07-25 14:09:47.459,0 days 00:22:59.044000,14,453.7586111111116,0 days 00:00:25.451000,10674.0,276.0,7,100.0,False,0,car,1492.9433333333334,0.34253136899079945,OnTrack,-1331.0778812490278,5637.494795993982,2044.6748415644206,1379.044,25.451
2026-07-25 14:09:47.619,0 days 00:22:59.204000,14,450.20305555555615,0 days 00:00:25.611000,10563.0,277.0,7,100.0,False,0,car,1505.2544444444445,0.34535595157778315,OnTrack,-1267.5080167332353,5753.24257223643,2046.1176416972428,1379.204,25.611
2026-07-25 14:09:47.834,0 days 00:22:59.419000,14,444.2308386666672,0 days 00:00:25.826000,10909.6871904,279.6874976,7,100.0,False,0,pos,1521.9578224301074,0.34918826778192563,OnTrack,-1209.0,5860.0,2048.0,1379.419,25.826
2026-07-25 14:09:47.859,0 days 00:22:59.444000,14,443.5363888888894,0 days 00:00:25.851000,10950.0,280.0,7,100.0,False,0,car,1523.921111111111,0.34963871217898584,OnTrack,-1203.0435167309925,5870.874909873128,2048.2362077027933,1379.444,25.851
2026-07-25 14:09:48.019,0 days 00:22:59.604000,14,438.69194444444497,0 days 00:00:26.011000,10848.0,285.0,7,100.0,False,0,car,1536.5877777777778,0.3525448711583734,OnTrack,-1168.7806323329937,5933.468454946252,2049.8505911557895,1379.604,26.011
2026-07-25 14:09:48.154,0 days 00:22:59.739000,14,434.00445111111156,0 days 00:00:26.146000,10959.3748416,285.8437488,7,100.0,False,0,pos,1547.3307506335216,0.3550096701344289,OnTrack,-1133.0,5999.0,2052.0,1379.739,26.146
2026-07-25 14:09:48.394,0 days 00:22:59.979000,14,425.6711177777781,0 days 00:00:26.386000,11157.3748416,287.3437488,7,100.0,False,0,pos,1566.529856164238,0.3594145901029264,OnTrack,-1042.0,6166.0,2058.0,1379.979,26.386
2026-07-25 14:09:48.499,0 days 00:23:00.084000,14,422.025277777778,0 days 00:00:26.491000,11244.0,288.0,7,100.0,False,0,car,1574.9877777777779,0.36135512153799043,OnTrack,-1001.0417218693484,6241.225273905368,2060.570462193116,1380.084,26.491
2026-07-25 14:09:48.633,0 days 00:23:00.218000,14,416.92583513518775,0 days 00:00:26.625000,11152.006302097838,289.68025018999384,7,100.0,False,0,pos,1585.8363717205884,0.3638441535406716,OnTrack,-949.0,6336.0,2064.0,1380.218,26.625
2026-07-25 14:09:48.818,0 days 00:23:00.403000,14,409.88555555555604,0 days 00:00:26.810000,11025.0,292.0,7,100.0,False,0,car,1600.8622222222223,0.36729158856895516,OnTrack,-875.6798605445201,6466.616126685579,2069.838904862745,1380.403,26.81
2026-07-25 14:09:48.853,0 days 00:23:00.438000,14,408.43694179555604,0 days 00:00:26.845000,11023.843747885714,291.96874994285713,7,100.0,False,0,pos,1603.702472923699,0.3679432375226242,OnTrack,-862.0,6491.0,2071.0,1380.438,26.845
2026-07-25 14:09:49.893,0 days 00:23:01.478000,14,365.39249735111156,0 days 00:00:27.885000,10989.486605028571,291.04017851428574,7,100.0,False,0,pos,1687.7664135333996,0.38723033035253873,OnTrack,-445.0,7203.0,2113.0,1381.478,27.885
2026-07-25 14:09:49.938,0 days 00:23:01.523000,14,363.5300000000004,0 days 00:00:27.930000,10988.0,291.0,7,100.0,False,0,car,1691.3955555555556,0.38806297748478835,OnTrack,-420.33915589029834,7238.531892784138,2115.6700107855904,1381.523,27.93
2026-07-25 14:09:50.098,0 days 00:23:01.683000,14,357.1300000000008,0 days 00:00:28.090000,10815.0,289.0,7,100.0,False,0,car,1704.24,0.3910099246603778,OnTrack,-327.13629053785166,7368.611203593088,2125.796559696712,1381.683,28.09
2026-07-25 14:09:50.233,0 days 00:23:01.818000,14,352.32999772444515,0 days 00:00:28.225000,10700.2499456,283.69642605714284,7,100.0,False,0,pos,1714.7739151465562,0.39342675877284655,OnTrack,-259.0,7461.0,2133.0,1381.818,28.225
2026-07-25 14:09:50.378,0 days 00:23:01.963000,14,347.17444444444504,0 days 00:00:28.370000,10577.0,278.0,7,100.0,False,0,car,1725.8622222222223,0.39597078902343763,OnTrack,-205.5432934146916,7531.0671768388165,2138.262007861534,1381.963,28.37
2026-07-25 14:09:50.493,0 days 00:23:02.078000,14,343.6286091377783,0 days 00:00:28.485000,10247.196245028572,273.8928548571429,7,66.32140982857143,False,0,pos,1734.5936532472888,0.3979740727084166,OnTrack,-165.0,7583.0,2142.0,1382.078,28.485
2026-07-25 14:09:50.658,0 days 00:23:02.243000,14,338.5411111111116,0 days 00:00:28.650000,9774.0,268.0,7,18.0,True,0,car,1746.7066666666665,0.40075320502811396,OnTrack,-93.85385901621743,7674.3843795243965,2148.427600755138,1382.243,28.65
2026-07-25 14:09:50.773,0 days 00:23:02.358000,14,336.145276444445,0 days 00:00:28.765000,10015.1407592,256.8593688,7,11.8906216,True,0,pos,1754.566403605553,0.40255649279763256,OnTrack,-42.0,7746.0,2153.0,1382.358,28.765
2026-07-25 14:09:50.978,0 days 00:23:02.563000,14,331.8744444444451,0 days 00:00:28.970000,10445.0,237.0,6,1.0,True,0,car,1767.773333333333,0.4055866062780427,OnTrack,43.24054800506103,7881.182707420587,2160.1756805738796,1382.563,28.97
2026-07-25 14:09:51.053,0 days 00:23:02.638000,14,330.5619433244451,0 days 00:00:29.045000,10768.437776,232.7812464,6,0.5312496,True,0,pos,1772.5351506001452,0.40667912717342286,OnTrack,68.0,7925.0,2162.0,1382.638,29.045
2026-07-25 14:09:51.138,0 days 00:23:02.723000,14,329.07444444444513,0 days 00:00:29.130000,11135.0,228.0,6,0.0,True,0,car,1777.9066666666665,0.4079115334615528,OnTrack,90.36436949502972,7968.0118359668195,2163.366935281453,1382.723,29.13
2026-07-25 14:09:51.298,0 days 00:23:02.883000,14,326.85222222222274,0 days 00:00:29.290000,10813.0,226.0,5,1.0,False,0,car,1787.951111111111,0.4102160665469619,OnTrack,121.24624513037939,8040.515435495102,2164.830475065421,1382.883,29.29
2026-07-25 14:09:51.313,0 days 00:23:02.898000,14,326.70222168471423,0 days 00:00:29.305000,10808.836284012219,225.57295220638142,5,2.121000458248797,False,0,pos,1788.879588831342,0.4104290905362101,OnTrack,124.0,8048.0,2165.0,1382.898,29.305
2026-07-25 14:09:51.579,0 days 00:23:03.164000,14,324.042222222223,0 days 00:00:29.571000,10735.0,218.0,5,22.0,False,0,car,1804.9672222222223,0.41412013423905236,OnTrack,168.72887939193657,8201.154519243208,2169.092230179308,1383.164,29.571
2026-07-25 14:09:51.633,0 days 00:23:03.218000,14,323.68222307555624,0 days 00:00:29.625000,10678.03013504,216.92000256,5,29.82998144,False,0,pos,1808.1901845757163,0.4148595901061972,OnTrack,175.0,8234.0,2170.0,1383.218,29.625
2026-07-25 14:09:51.779,0 days 00:23:03.364000,14,322.7088888888893,0 days 00:00:29.771000,10524.0,214.0,5,51.0,False,0,car,1816.8561111111112,0.4168478448600565,OnTrack,185.7035890655846,8322.803308455668,2172.3581423602254,1383.364,29.771
2026-07-25 14:09:51.833,0 days 00:23:03.418000,14,322.528889315556,0 days 00:00:29.825000,10536.921397942857,213.61428662857142,5,54.278563657142854,False,0,pos,1820.043149830658,0.4175790586384091,OnTrack,188.0,8355.0,2173.0,1383.418,29.825
2026-07-25 14:09:51.993,0 days 00:23:03.578000,14,321.99555598222275,0 days 00:00:29.985000,10575.20711222857,212.47142948571428,5,63.99284937142857,False,0,pos,1829.4481274016632,0.41973687653463926,OnTrack,190.0,8448.0,2174.0,1383.578,29.985
2026-07-25 14:09:52.059,0 days 00:23:03.644000,14,321.77555555555614,0 days 00:00:30.051000,10591.0,212.0,5,68.0,False,0,car,1833.345,0.4206309500577855,OnTrack,187.6357184489614,8486.59211273438,2174.3010628837765,1383.644,30.051
2026-07-25 14:09:52.259,0 days 00:23:03.844000,14,321.3311111111118,0 days 00:00:30.251000,10586.0,214.0,5,100.0,False,0,car,1845.2338888888892,0.4233586606787897,OnTrack,169.3943081017848,8604.576608393,2174.968038600792,1383.844,30.251
2026-07-25 14:09:52.294,0 days 00:23:03.879000,14,321.29222215111173,0 days 00:00:30.286000,10593.250013257142,214.12500022857142,5,100.0,False,0,pos,1847.3167578915752,0.4238365408199774,OnTrack,165.0,8625.0,2175.0,1383.879,30.286
2026-07-25 14:09:52.494,0 days 00:23:04.079000,14,321.06999992888916,0 days 00:00:30.486000,10634.678584685715,214.83928594285715,5,100.0,False,0,pos,1859.2437647892702,0.4265729969931053,OnTrack,134.0,8741.0,2175.0,1384.079,30.486
2026-07-25 14:09:52.539,0 days 00:23:04.124000,14,321.0200000000002,0 days 00:00:30.531000,10644.0,215.0,5,100.0,False,0,car,1861.9561111111113,0.4271953003840338,OnTrack,125.79595897141091,8767.663450347998,2175.1948875844278,1384.124,30.531
2026-07-25 14:09:52.674,0 days 00:23:04.259000,14,320.98250005333375,0 days 00:00:30.666000,10750.124849066666,217.2499968,5,100.0,False,0,pos,1870.1760732806492,0.42908123592634134,OnTrack,100.0,8846.0,2176.0,1384.259,30.666
2026-07-25 14:09:52.894,0 days 00:23:04.479000,14,320.92138887111184,0 days 00:00:30.886000,10923.069494755555,220.91666773333333,5,100.0,False,0,pos,1883.7470533695396,0.4321948747930059,OnTrack,53.0,8974.0,2176.0,1384.479,30.886
2026-07-25 14:09:52.899,0 days 00:23:04.484000,14,320.92000000000075,0 days 00:00:30.891000,10927.0,221.0,5,100.0,False,0,car,1884.0561111111112,0.4322657830243863,OnTrack,51.330808111223156,8978.372053707635,2175.9979146474598,1384.484,30.891
2026-07-25 14:09:53.054,0 days 00:23:04.639000,14,321.00611114666685,0 days 00:00:31.046000,10990.55002624,222.55000064,5,100.0,False,0,pos,1893.6504621682861,0.43446704956198146,OnTrack,-9.0,9135.0,2176.0,1384.639,31.046
2026-07-25 14:09:53.099,0 days 00:23:04.684000,14,321.03111111111116,0 days 00:00:31.091000,11009.0,223.0,5,100.0,False,0,car,1896.4450000000004,0.4351082104472084,OnTrack,-22.15161294913818,9168.8774205158,2175.9784688848936,1384.684,31.091
2026-07-25 14:09:53.299,0 days 00:23:04.884000,14,321.2533333333338,0 days 00:00:31.291000,10941.0,225.0,5,100.0,False,0,car,1908.9450000000004,0.4379761304926566,OnTrack,-48.132145416886196,9234.721632473806,2175.7640404047347,1384.884,31.291
2026-07-25 14:09:53.414,0 days 00:23:04.999000,14,321.47694456888917,0 days 00:00:31.406000,11027.9687984,227.1562512,5,100.0,False,0,pos,1916.2260461209814,0.43964664714243207,OnTrack,-63.0,9276.0,2176.0,1384.999,31.406
2026-07-25 14:09:53.459,0 days 00:23:05.044000,14,321.5644444444447,0 days 00:00:31.451000,11062.0,228.0,5,100.0,False,0,car,1919.0783333333338,0.4403010576761667,OnTrack,-71.00742883915439,9298.913215001481,2176.2048957683883,1385.044,31.451
2026-07-25 14:09:53.614,0 days 00:23:05.199000,14,321.8658334577782,0 days 00:00:31.606000,11127.8750272,228.0,5,100.0,False,0,pos,1928.8850494355895,0.44255104789134103,OnTrack,-104.0,9396.0,2177.0,1385.199,31.606
2026-07-25 14:09:53.659,0 days 00:23:05.244000,14,321.95333333333383,0 days 00:00:31.651000,11147.0,228.0,5,100.0,False,0,car,1931.7450000000003,0.44320721665555424,OnTrack,-113.05373808253152,9423.747495740272,2177.050487735816,1385.244,31.651
2026-07-25 14:09:53.794,0 days 00:23:05.379000,14,322.2533329066672,0 days 00:00:31.786000,11193.406184,228.8437488,5,100.0,False,0,pos,1940.351486225593,0.44518183380493437,OnTrack,-138.0,9505.0,2177.0,1385.379,31.786
2026-07-25 14:09:53.819,0 days 00:23:05.404000,14,322.30888888888944,0 days 00:00:31.811000,11202.0,229.0,5,100.0,True,0,car,1941.922777777778,0.44554234088811473,OnTrack,-142.2987152749443,9520.22594296168,2177.0645572834987,1385.404,31.811
2026-07-25 14:09:54.014,0 days 00:23:05.599000,14,322.742222364445,0 days 00:00:32.006000,10566.8569344,220.6428544,5,30.35712,True,0,pos,1953.798014735153,0.44826691929727497,OnTrack,-172.0,9639.0,2178.0,1385.599,32.006
2026-07-25 14:09:54.099,0 days 00:23:05.684000,14,322.9311111111117,0 days 00:00:32.091000,10290.0,217.0,5,0.0,True,0,car,1958.8005555555558,0.4494146702650355,OnTrack,-182.29035312048586,9687.558654380706,2178.015217710665,1385.684,32.091
2026-07-25 14:09:54.274,0 days 00:23:05.859000,14,322.93111111111153,0 days 00:00:32.266000,10421.979021866666,206.79167786666667,5,0.0,True,0,pos,1968.7917685570621,0.45170699026866457,OnTrack,-197.0,9791.0,2178.0,1385.859,32.266
2026-07-25 14:09:54.339,0 days 00:23:05.924000,14,322.9311111111115,0 days 00:00:32.331000,10471.0,203.0,5,0.0,True,0,car,1972.3338888888893,0.4525196717009075,OnTrack,-199.61736796000838,9836.505646365234,2178.5017652404217,1385.924,32.331
2026-07-25 14:09:54.534,0 days 00:23:06.119000,14,322.1186108444452,0 days 00:00:32.526000,10882.125134933332,186.74999466666665,5,0.0,True,0,pos,1982.3256246692456,0.45481211164757207,OnTrack,-198.0,9980.0,2181.0,1386.119,32.526
2026-07-25 14:09:54.579,0 days 00:23:06.164000,14,321.93111111111193,0 days 00:00:32.571000,10977.0,183.0,4,0.0,True,0,car,1984.5338888888891,0.45531876166526497,OnTrack,-195.59110024222645,10008.103472184557,2181.4942859787943,1386.164,32.571
2026-07-25 14:09:54.859,0 days 00:23:06.444000,14,319.52000000000066,0 days 00:00:32.851000,11404.0,169.0,3,1.0,True,0,car,1997.6783333333335,0.4583345389219452,OnTrack,-166.6348875445343,10137.040320535032,2183.6035597789705,1386.444,32.851
2026-07-25 14:09:54.934,0 days 00:23:06.519000,14,318.81166606222286,0 days 00:00:32.926000,11155.74978816,165.99999744,3,0.62499968,True,0,pos,2001.0709673593803,0.45911292317235874,OnTrack,-158.0,10163.0,2184.0,1386.519,32.926
2026-07-25 14:09:55.059,0 days 00:23:06.644000,14,317.63111111111175,0 days 00:00:33.051000,10742.0,161.0,3,0.0,True,0,car,2006.622777777778,0.4603866950433549,OnTrack,-144.0245234557568,10200.0932936759,2184.5466485831944,1386.644,33.051
2026-07-25 14:09:55.273,0 days 00:23:06.858000,14,315.5505568000009,0 days 00:00:33.265000,10389.791877333333,155.6500032,3,0.8916661333333333,True,0,pos,2015.8538099028185,0.4625046040090812,OnTrack,-114.0,10259.0,2186.0,1386.858,33.265
2026-07-25 14:09:55.299,0 days 00:23:06.884000,14,315.2977777777787,0 days 00:00:33.291000,10347.0,155.0,3,1.0,True,0,car,2016.956111111111,0.462757508947592,OnTrack,-108.9304112254741,10267.39671428588,2186.3252934058246,1386.884,33.291
2026-07-25 14:09:55.498,0 days 00:23:07.083000,14,313.363055555556,0 days 00:00:33.490000,10103.0,150.0,3,3.0,False,0,car,2025.247777777778,0.46465989591107276,OnTrack,-61.786203641730964,10337.049246654205,2189.7147436775363,1387.083,33.49
2026-07-25 14:09:55.513,0 days 00:23:07.098000,14,313.2255549688893,0 days 00:00:33.505000,10096.51247232,149.69999872,3,3.86250368,False,0,pos,2025.8585637361027,0.46480003073454135,OnTrack,-58.0,10342.0,2190.0,1387.098,33.505
2026-07-25 14:09:55.773,0 days 00:23:07.358000,14,310.8422216355558,0 days 00:00:33.765000,9984.06247232,144.49999872,3,18.81250368,False,0,pos,2036.127838230508,0.4671561473885186,OnTrack,13.0,10418.0,2194.0,1387.358,33.765
2026-07-25 14:09:55.813,0 days 00:23:07.398000,14,310.47555496888907,0 days 00:00:33.805000,9966.76247232,143.69999872,3,21.11250368,False,0,pos,2037.690625344147,0.4675147032677165,OnTrack,26.0,10429.0,2194.0,1387.398,33.805
2026-07-25 14:09:55.898,0 days 00:23:07.483000,14,309.69638888888903,0 days 00:00:33.890000,9930.0,142.0,3,26.0,False,0,car,2041.025555555556,0.4682798483239941,OnTrack,53.55169567862698,10450.296584151012,2194.5318166711922,1387.483,33.89
2026-07-25 14:09:56.113,0 days 00:23:07.698000,14,307.4866660088891,0 days 00:00:34.105000,10108.910767542857,142.76785737142856,3,44.42857691428571,False,0,pos,2049.546542567851,0.4702348490807593,OnTrack,124.0,10493.0,2198.0,1387.698,34.105
2026-07-25 14:09:56.178,0 days 00:23:07.763000,14,306.8186111111113,0 days 00:00:34.170000,10163.0,143.0,3,50.0,False,0,car,2052.147777777778,0.4708316598488774,OnTrack,146.68530489926408,10503.913087761119,2198.804865141981,1387.763,34.17
2026-07-25 14:09:56.373,0 days 00:23:07.958000,14,304.5436103644447,0 days 00:00:34.365000,10281.625038933333,145.16666737777777,3,52.70833422222222,False,0,pos,2060.0235416972887,0.472638624746316,OnTrack,219.0,10531.0,2201.0,1387.958,34.365
2026-07-25 14:09:56.538,0 days 00:23:08.123000,14,302.6186111111115,0 days 00:00:34.530000,10382.0,147.0,3,55.0,False,0,car,2066.847777777778,0.4742043338223245,OnTrack,284.86530238325986,10546.331603866349,2204.047005296157,1388.123,34.53
2026-07-25 14:09:56.593,0 days 00:23:08.178000,14,301.9922214933337,0 days 00:00:34.585000,10452.1250816,148.3750016,3,57.7500032,False,0,pos,2069.1684775147546,0.47473678032593586,OnTrack,307.0,10550.0,2205.0,1388.178,34.585
2026-07-25 14:09:56.793,0 days 00:23:08.378000,14,299.71444371555594,0 days 00:00:34.785000,10707.1250816,153.3750016,3,67.7500032,False,0,pos,2077.7498208726597,0.47670562885657675,OnTrack,390.0,10557.0,2208.0,1388.378,34.785
2026-07-25 14:09:56.818,0 days 00:23:08.403000,14,299.4297222222226,0 days 00:00:34.810000,10739.0,154.0,3,69.0,False,0,car,2078.8255555555556,0.47695243854142955,OnTrack,401.8026678074451,10556.997666813108,2208.5094196391083,1388.403,34.81
2026-07-25 14:09:56.978,0 days 00:23:08.563000,14,297.9630555555559,0 days 00:00:34.970000,11155.0,156.0,3,73.0,False,0,car,2085.758888888889,0.4785431781933049,OnTrack,483.81105109741327,10552.505170742525,2212.623249510301,1388.563,34.97
2026-07-25 14:09:57.033,0 days 00:23:08.618000,14,297.3824993244448,0 days 00:00:35.025000,11257.361230222223,157.83333546666665,3,74.3750016,False,0,pos,2088.2178291742084,0.47910734172409114,OnTrack,509.0,10550.0,2214.0,1388.618,35.025
2026-07-25 14:09:57.333,0 days 00:23:08.918000,14,294.215832657778,0 days 00:00:35.325000,11815.694563555555,167.83333546666665,3,81.8750016,False,0,pos,2102.3180977733105,0.48234241716101656,OnTrack,616.0,10528.0,2220.0,1388.918,35.325
2026-07-25 14:09:57.338,0 days 00:23:08.923000,14,294.16305555555573,0 days 00:00:35.330000,11825.0,168.0,3,82.0,False,0,car,2102.558888888889,0.48239766273438733,OnTrack,618.0407701225547,10527.40472278237,2220.09052092507,1388.923,35.33
2026-07-25 14:09:57.493,0 days 00:23:09.078000,14,292.3547214755559,0 days 00:00:35.485000,11993.28578377143,172.42857325714286,3,79.23214171428572,False,0,pos,2110.09648813206,0.484127041291511,OnTrack,688.0,10505.0,2223.0,1389.078,35.485
2026-07-25 14:09:57.618,0 days 00:23:09.203000,14,290.8963888888893,0 days 00:00:35.610000,12129.0,176.0,3,77.0,False,0,car,2116.247777777778,0.485538353841936,OnTrack,745.1758208585255,10483.27087792629,2226.054740716921,1389.203,35.61
2026-07-25 14:09:57.773,0 days 00:23:09.358000,14,289.3894448518787,0 days 00:00:35.765000,12119.071177061687,178.20640509740292,3,89.68682931006681,False,0,pos,2123.93454788386,0.48730195720769476,OnTrack,815.0,10452.0,2230.0,1389.358,35.765
2026-07-25 14:09:57.899,0 days 00:23:09.484000,14,288.1644444444455,0 days 00:00:35.891000,12111.0,180.0,3,100.0,False,0,car,2130.297777777778,0.4887618959730198,OnTrack,871.1564220308119,10422.765434284878,2232.507717443758,1389.484,35.891
2026-07-25 14:09:57.973,0 days 00:23:09.558000,14,287.36277916444556,0 days 00:00:35.965000,11819.3171712,182.7749952,3,100.0,False,0,pos,2134.1060153102785,0.48963563363360274,OnTrack,904.0,10404.0,2234.0,1389.558,35.965
2026-07-25 14:09:58.139,0 days 00:23:09.724000,14,285.5644444444456,0 days 00:00:36.131000,11165.0,189.0,4,100.0,False,0,car,2142.8977777777777,0.49165275937883157,OnTrack,977.5126746875171,10357.630415499973,2237.9294853330116,1389.724,36.131
2026-07-25 14:09:58.233,0 days 00:23:09.818000,14,284.5200014222234,0 days 00:00:36.225000,11332.31977216,194.16999296,4,100.0,False,0,pos,2148.0864883711656,0.49284322394849617,OnTrack,1019.0,10329.0,2240.0,1389.818,36.225
2026-07-25 14:09:58.339,0 days 00:23:09.924000,14,283.3422222222234,0 days 00:00:36.331000,11521.0,200.0,4,100.0,False,0,car,2154.008888888889,0.49420202164145227,OnTrack,1065.708405748318,10294.73928116271,2241.9318707158945,1389.924,36.331
2026-07-25 14:09:58.393,0 days 00:23:09.978000,14,282.89222328889,0 days 00:00:36.385000,11580.06236,200.0,4,100.0,False,0,pos,2157.0026098890175,0.49488888183879204,OnTrack,1090.0,10276.0,2243.0,1389.978,36.385
2026-07-25 14:09:58.499,0 days 00:23:10.084000,14,282.00888888888994,0 days 00:00:36.491000,11696.0,200.0,4,100.0,False,0,car,2162.8977777777777,0.4962414314515488,OnTrack,1139.3203840955837,10236.088610634686,2245.5727582709937,1390.084,36.491
2026-07-25 14:09:58.694,0 days 00:23:10.279000,14,280.16722161777864,0 days 00:00:36.686000,10700.687173333334,206.50000213333334,4,100.0,False,0,pos,2174.1332411961434,0.4988192243121433,OnTrack,1230.0,10158.0,2251.0,1390.279,36.686
2026-07-25 14:09:58.739,0 days 00:23:10.324000,14,279.74222222222306,0 days 00:00:36.731000,10471.0,208.0,4,100.0,False,0,car,2176.7644444444445,0.4994229107552994,OnTrack,1249.3583419497918,10140.798759342646,2252.1203265429403,1390.324,36.731
2026-07-25 14:09:58.979,0 days 00:23:10.564000,14,278.00888888888994,0 days 00:00:36.971000,10553.0,213.0,5,100.0,False,0,car,2190.9644444444443,0.5026808679269286,OnTrack,1345.6389334837322,10051.147447596823,2257.299494927722,1390.564,36.971
2026-07-25 14:09:59.014,0 days 00:23:10.599000,14,277.71722168889,0 days 00:00:37.006000,10592.625072457144,214.00000182857144,5,100.0,False,0,pos,2193.074243195773,0.5031649266573923,OnTrack,1360.0,10037.0,2258.0,1390.599,37.006
2026-07-25 14:09:59.214,0 days 00:23:10.799000,14,276.05055502222353,0 days 00:00:37.206000,10819.053643885714,219.71428754285714,5,100.0,False,0,pos,2205.3450541544807,0.5059802630351831,OnTrack,1445.0,9950.0,2262.0,1390.799,37.206
2026-07-25 14:09:59.259,0 days 00:23:10.844000,14,275.6755555555569,0 days 00:00:37.251000,10870.0,221.0,5,100.0,False,0,car,2208.153333333333,0.5066245766472027,OnTrack,1464.2652373531116,9929.897047882981,2263.0064838508742,1390.844,37.251
2026-07-25 14:09:59.394,0 days 00:23:10.979000,14,274.5130572088903,0 days 00:00:37.386000,11013.437296,224.3749952,5,100.0,False,0,pos,2216.6799449289892,0.5085808678723973,OnTrack,1522.0,9869.0,2266.0,1390.979,37.386
2026-07-25 14:09:59.579,0 days 00:23:11.164000,14,272.92000000000144,0 days 00:00:37.571000,11210.0,229.0,5,100.0,False,0,car,2228.5088888888886,0.5112948251123237,OnTrack,1601.2169546651996,9783.551870727619,2268.5894052082076,1391.164,37.571
2026-07-25 14:09:59.674,0 days 00:23:11.259000,14,272.10194609777903,0 days 00:00:37.666000,11263.67489152,229.94999808,5,100.0,False,0,pos,2234.5882059364376,0.5126896247301878,OnTrack,1642.0,9739.0,2270.0,1391.259,37.666
2026-07-25 14:09:59.779,0 days 00:23:11.364000,14,271.1977777777788,0 days 00:00:37.771000,11323.0,231.0,5,100.0,False,0,car,2241.342222222222,0.5142392230256506,OnTrack,1687.1946333484323,9689.333906481737,2272.0070012448023,1391.364,37.771
2026-07-25 14:09:59.834,0 days 00:23:11.419000,14,270.4338915555566,0 days 00:00:37.826000,11345.611032177778,231.91666346666668,5,100.0,False,0,pos,2244.909204082517,0.5150576085279619,OnTrack,1711.0,9663.0,2273.0,1391.419,37.826
2026-07-25 14:09:59.974,0 days 00:23:11.559000,14,268.4894435555566,0 days 00:00:37.966000,11403.166692977778,234.25000106666667,5,100.0,False,0,pos,2254.079419795553,0.5171615641651218,OnTrack,1772.0,9595.0,2275.0,1391.559,37.966
2026-07-25 14:10:00.139,0 days 00:23:11.724000,14,266.1977777777788,0 days 00:00:38.131000,11471.0,237.0,5,100.0,False,0,car,2265.042222222222,0.5196767994318205,OnTrack,1843.6404993064757,9515.046443836034,2277.3650675699905,1391.724,38.131
2026-07-25 14:10:00.194,0 days 00:23:11.779000,14,265.2200034133343,0 days 00:00:38.186000,11415.236305777778,237.45833173333332,5,84.8750528,False,0,pos,2268.7320905975234,0.5205233792301079,OnTrack,1868.0,9488.0,2278.0,1391.779,38.186
2026-07-25 14:10:00.454,0 days 00:23:12.039000,14,260.597776640001,0 days 00:00:38.446000,11151.624935111111,239.62500053333332,5,13.374982399999995,False,0,pos,2286.1489789878074,0.5245193986976145,OnTrack,1983.0,9361.0,2280.0,1392.039,38.446
2026-07-25 14:10:00.499,0 days 00:23:12.084000,14,259.7977777777787,0 days 00:00:38.491000,11106.0,240.0,5,1.0,True,0,car,2289.042222222222,0.5251832059190812,OnTrack,2000.2430665659622,9341.751469946148,2280.540926582912,1392.084,38.491
2026-07-25 14:10:00.614,0 days 00:23:12.199000,14,258.2963880533342,0 days 00:00:38.606000,10924.1561488,225.624992,5,1.0,True,0,pos,2296.196515344244,0.5268246411715338,OnTrack,2042.0,9295.0,2282.0,1392.199,38.606
2026-07-25 14:10:00.659,0 days 00:23:12.244000,14,257.70888888888976,0 days 00:00:38.651000,10853.0,220.0,5,1.0,True,0,car,2298.8199999999997,0.5274265567101873,OnTrack,2059.119419884052,9276.015152617261,2282.3618971215474,1392.244,38.651
2026-07-25 14:10:00.854,0 days 00:23:12.439000,14,256.73388856888977,0 days 00:00:38.846000,10611.19992064,186.84998912,5,0.02499967999999998,True,0,pos,2308.910677518814,0.5297416972164561,OnTrack,2135.0,9192.0,2283.0,1392.439,38.846
2026-07-25 14:10:00.859,0 days 00:23:12.444000,14,256.70888888888976,0 days 00:00:38.851000,10605.0,186.0,5,0.0,True,0,car,2309.1533333333327,0.5297973706144244,OnTrack,2136.8061825297827,9189.959136957748,2283.019526157883,1392.444,38.851
2026-07-25 14:10:01.054,0 days 00:23:12.639000,14,256.54638883555657,0 days 00:00:39.046000,10760.02505088,166.4999936,5,0.0,True,0,pos,2318.1584305028878,0.5318634425091265,OnTrack,2200.0,9117.0,2284.0,1392.639,39.046
2026-07-25 14:10:01.059,0 days 00:23:12.644000,14,256.54222222222324,0 days 00:00:39.051000,10764.0,166.0,5,0.0,True,0,car,2318.375555555555,0.5319132582923997,OnTrack,2201.434150725865,9115.333664456144,2284.0235353971825,1392.644,39.051
2026-07-25 14:10:01.379,0 days 00:23:12.964000,14,258.67555555555646,0 days 00:00:39.371000,11344.0,141.0,3,0.0,True,0,car,2330.908888888888,0.5347888261246357,OnTrack,2284.3999456399542,9011.82527312459,2284.985356898325,1392.964,39.371
2026-07-25 14:10:01.394,0 days 00:23:12.979000,14,258.8588865422231,0 days 00:00:39.386000,11297.822019657144,140.08929737142856,3,0.0,True,0,pos,2331.4481485870333,0.5349125504204769,OnTrack,2289.0,9005.0,2285.0,1392.979,39.386
2026-07-25 14:10:01.574,0 days 00:23:13.159000,14,261.05888967111184,0 days 00:00:39.566000,10743.6783744,129.1607104,3,0.0,True,0,pos,2337.665693960709,0.5363390642613286,OnTrack,2347.0,8912.0,2285.0,1393.159,39.566
2026-07-25 14:10:01.659,0 days 00:23:13.244000,14,262.09777777777845,0 days 00:00:39.651000,10482.0,124.0,2,0.0,True,0,car,2340.553333333333,0.5370015857685905,OnTrack,2366.0403341229667,8877.645996166511,2284.9725195864344,1393.244,39.651
2026-07-25 14:10:01.859,0 days 00:23:13.444000,14,264.8755555555563,0 days 00:00:39.851000,9651.0,121.0,2,0.0,True,0,car,2347.275555555555,0.538543889437476,OnTrack,2385.0228459357245,8828.239648994186,2284.919731180834,1393.444,39.851
2026-07-25 14:10:01.993,0 days 00:23:13.578000,14,267.29499768888974,0 days 00:00:39.985000,9283.17035136,112.96000768,2,0.0,True,0,pos,2351.3929393056933,0.5394885556288219,OnTrack,2391.0,8795.0,2285.0,1393.578,39.985
2026-07-25 14:10:02.059,0 days 00:23:13.644000,14,268.4866666666676,0 days 00:00:40.051000,9102.0,109.0,2,0.0,True,0,car,2353.3311111111107,0.5399332373706043,OnTrack,2393.3421565592976,8776.045365237364,2285.0845334366745,1393.644,40.051
2026-07-25 14:10:02.418,0 days 00:23:14.003000,14,275.6666666666679,0 days 00:00:40.410000,8632.0,100.0,2,0.0,False,0,car,2363.303333333333,0.5422212002513063,OnTrack,2398.160539005515,8663.549350131663,2285.9563339191895,1394.003,40.41
2026-07-25 14:10:02.433,0 days 00:23:14.018000,14,275.9250011022234,0 days 00:00:40.425000,8622.2499584,99.87499946666667,2,0.0,False,0,pos,2363.7120449782524,0.5423149724368481,OnTrack,2398.0,8660.0,2286.0,1394.018,40.425
2026-07-25 14:10:02.658,0 days 00:23:14.243000,14,279.8000000000011,0 days 00:00:40.650000,8476.0,98.0,2,0.0,False,0,car,2369.836666666666,0.5437201664617273,OnTrack,2391.879578899332,8622.346482357754,2286.6982187341923,1394.243,40.65
2026-07-25 14:10:02.853,0 days 00:23:14.438000,14,282.670834275557,0 days 00:00:40.845000,8646.13755584,98.97500032,2,18.03750592,False,0,pos,2375.1909989404967,0.544948630210376,OnTrack,2379.0,8587.0,2287.0,1394.438,40.845
2026-07-25 14:10:02.913,0 days 00:23:14.498000,14,283.55416760889045,0 days 00:00:40.905000,8698.48755584,99.27500032,2,23.58750592,False,0,pos,2376.8544674161767,0.5453302857772862,OnTrack,2373.0,8571.0,2287.0,1394.498,40.905
2026-07-25 14:10:03.058,0 days 00:23:14.643000,14,285.6888888888907,0 days 00:00:41.050000,8825.0,100.0,2,37.0,False,0,car,2380.947777777777,0.5462694287243479,OnTrack,2346.045482463951,8514.701675584012,2287.517505060307,1394.643,41.05
2026-07-25 14:10:03.173,0 days 00:23:14.758000,14,287.22222307555694,0 days 00:00:41.165000,9126.875168,103.593752,2,48.5000064,False,0,pos,2384.2736400142503,0.5470324932824585,OnTrack,2322.0,8468.0,2288.0,1394.758,41.165
2026-07-25 14:10:03.218,0 days 00:23:14.803000,14,287.82222222222344,0 days 00:00:41.210000,9245.0,105.0,2,53.0,False,0,car,2385.614444444444,0.5473401188746486,OnTrack,2314.049887751379,8452.475784247568,2288.1053277736282,1394.803,41.21
2026-07-25 14:10:03.458,0 days 00:23:15.043000,14,290.0222222222237,0 days 00:00:41.450000,10104.0,114.0,2,69.0,False,0,car,2393.214444444444,0.5490838142622811,OnTrack,2285.0282638034846,8394.422363965112,2287.939062158002,1395.043,41.45
2026-07-25 14:10:03.633,0 days 00:23:15.218000,14,291.0916670577793,0 days 00:00:41.625000,9858.9999104,119.83333546666667,2,60.2499968,False,0,pos,2399.1121581563543,0.5504369479724174,OnTrack,2271.0,8358.0,2288.0,1395.218,41.625
2026-07-25 14:10:03.698,0 days 00:23:15.283000,14,291.4888888888904,0 days 00:00:41.690000,9768.0,122.0,2,57.0,False,0,car,2401.347777777777,0.5509498742385194,OnTrack,2266.4690323241707,8343.285565634878,2288.176934821249,1395.283,41.69
2026-07-25 14:10:03.933,0 days 00:23:15.518000,14,292.8597225955566,0 days 00:00:41.925000,9224.98199497143,125.35714377142857,2,51.96428434285714,False,0,pos,2409.5594760880554,0.5528339137738171,OnTrack,2253.0,8281.0,2289.0,1395.518,41.925
2026-07-25 14:10:03.978,0 days 00:23:15.563000,14,293.1222222222232,0 days 00:00:41.970000,9121.0,126.0,3,51.0,False,0,car,2411.1477777777773,0.5531983235541509,OnTrack,2250.8905362754726,8266.25716482402,2289.0260285621,1395.563,41.97
2026-07-25 14:10:04.113,0 days 00:23:15.698000,14,293.94722261333425,0 days 00:00:42.105000,9310.0000896,128.02500096,3,59.10000384,False,0,pos,2415.9434483845757,0.5542986115433193,OnTrack,2246.0,8218.0,2289.0,1395.698,42.105
2026-07-25 14:10:04.178,0 days 00:23:15.763000,14,294.34444444444534,0 days 00:00:42.170000,9401.0,129.0,3,63.0,False,0,car,2418.3144444444442,0.5548425977135413,OnTrack,2244.9375869579308,8194.360857670405,2289.131746685741,1395.763,42.17
2026-07-25 14:10:04.338,0 days 00:23:15.923000,14,295.1888888888898,0 days 00:00:42.330000,9710.0,136.0,3,67.0,False,0,car,2424.3588888888885,0.5562293963844069,OnTrack,2245.5245543064348,8135.276216415618,2289.825102908946,1395.923,42.33
2026-07-25 14:10:04.373,0 days 00:23:15.958000,14,295.3833335339795,0 days 00:00:42.365000,9797.572704473198,136.43568509688157,3,67.87137019376317,False,0,pos,2425.691566938555,0.5565351575118282,OnTrack,2246.0,8122.0,2290.0,1395.958,42.365
2026-07-25 14:10:04.579,0 days 00:23:16.164000,14,296.52777777777874,0 days 00:00:42.571000,10313.0,139.0,3,73.0,False,0,car,2433.6641666666665,0.5583643397977952,OnTrack,2251.3856512636003,8041.521355468994,2290.966810635092,1396.164,42.571
2026-07-25 14:10:04.593,0 days 00:23:16.178000,14,296.59388828444537,0 days 00:00:42.585000,10335.9247904,139.874992,3,73.437496,False,0,pos,2434.228226751307,0.5584937541356814,OnTrack,2252.0,8036.0,2291.0,1396.178,42.585
2026-07-25 14:10:04.739,0 days 00:23:16.324000,14,297.2833333333342,0 days 00:00:42.731000,10575.0,149.0,3,78.0,False,0,car,2440.2863888888887,0.559883700106317,OnTrack,2260.6151254932,7978.367152295912,2290.9946436693176,1396.324,42.731
2026-07-25 14:10:04.873,0 days 00:23:16.458000,14,298.0277770666679,0 days 00:00:42.865000,10959.6912992,153.4666624,3,90.2833216,False,0,pos,2446.0394171754983,0.5612036381179328,OnTrack,2272.0,7924.0,2291.0,1396.458,42.865
2026-07-25 14:10:04.979,0 days 00:23:16.564000,14,298.61666666666815,0 days 00:00:42.971000,11264.0,157.0,3,100.0,False,0,car,2450.753055555555,0.5622851051577057,OnTrack,2283.3208703416503,7879.126561242015,2291.371237327577,1396.564,42.971
2026-07-25 14:10:05.093,0 days 00:23:16.678000,14,299.0916661333346,0 days 00:00:43.085000,11179.450094933334,162.6999936,3,100.0,False,0,pos,2456.0171488049345,0.563492865041786,OnTrack,2297.0,7831.0,2292.0,1396.678,43.085
2026-07-25 14:10:05.219,0 days 00:23:16.804000,14,299.6166666666677,0 days 00:00:43.211000,11086.0,169.0,3,100.0,False,0,car,2462.019722222222,0.5648700570920031,OnTrack,2313.4056577277993,7778.28142968322,2292.7870589592453,1396.804,43.211
2026-07-25 14:10:05.254,0 days 00:23:16.839000,14,299.7625002666677,0 days 00:00:43.246000,10977.6091768,169.9843768,3,100.0,False,0,pos,2463.7111558312176,0.5652581288002259,OnTrack,2319.0,7760.0,2293.0,1396.839,43.246
2026-07-25 14:10:05.474,0 days 00:23:17.059000,14,300.6791658666678,0 days 00:00:43.466000,10296.2974696,176.1718696,3,100.0,False,0,pos,2474.5711656182566,0.5677497799811868,OnTrack,2362.0,7614.0,2294.0,1397.059,43.466
2026-07-25 14:10:05.539,0 days 00:23:17.124000,14,300.9500000000012,0 days 00:00:43.531000,10095.0,178.0,3,100.0,False,0,car,2477.841944444444,0.5685002065539748,OnTrack,2371.2853430016366,7582.7636122693175,2294.0358143732788,1397.124,43.531
2026-07-25 14:10:05.779,0 days 00:23:17.364000,14,302.150000000001,0 days 00:00:43.771000,10572.0,185.0,4,100.0,False,0,car,2490.1752777777774,0.5713298876654839,OnTrack,2392.9133002186436,7508.591462196461,2293.603553005545,1397.364,43.771
2026-07-25 14:10:05.854,0 days 00:23:17.439000,14,302.4833336177788,0 days 00:00:43.846000,10714.187621333333,187.50000213333334,4,100.0,False,0,pos,2494.145685667218,0.5722408326554624,OnTrack,2405.0,7461.0,2294.0,1397.439,43.846
2026-07-25 14:10:06.019,0 days 00:23:17.604000,14,303.2166666666676,0 days 00:00:44.011000,11027.0,193.0,4,100.0,False,0,car,2503.041944444444,0.5742819333655986,OnTrack,2442.6989435653895,7308.199129114257,2295.852858892049,1397.604,44.011
2026-07-25 14:10:06.034,0 days 00:23:17.619000,14,303.30833216000093,0 days 00:00:44.026000,11042.4373024,193.2499968,4,100.0,False,0,pos,2503.8562684865983,0.5744687666651174,OnTrack,2446.0,7295.0,2296.0,1397.619,44.026
2026-07-25 14:10:06.259,0 days 00:23:17.844000,14,304.6833333333343,0 days 00:00:44.251000,11274.0,197.0,4,100.0,False,0,car,2516.1752777777774,0.5772951613600162,OnTrack,2484.7607449839497,7147.857690013695,2296.9594551907926,1397.844,44.251
2026-07-25 14:10:06.514,0 days 00:23:18.099000,14,306.6666651733344,0 days 00:00:44.506000,11044.5001728,198.5937488,4,20.312559999999994,False,0,pos,2530.3274482209667,0.580542144824066,OnTrack,2515.0,7054.0,2297.0,1398.099,44.506
2026-07-25 14:10:06.579,0 days 00:23:18.164000,14,307.17222222222335,0 days 00:00:44.571000,10986.0,199.0,4,0.0,True,0,car,2533.8641666666663,0.5813535868821083,OnTrack,2522.4148180468155,7034.409991137751,2297.171202893751,1398.164,44.571
2026-07-25 14:10:06.834,0 days 00:23:18.419000,14,310.5013863822233,0 days 00:00:44.826000,10763.51266752,190.71250624,4,0.0,True,0,pos,2547.2535701682073,0.5844255659780014,OnTrack,2559.0,6959.0,2298.0,1398.419,44.826
2026-07-25 14:10:06.979,0 days 00:23:18.564000,14,312.3944444444455,0 days 00:00:44.971000,10637.0,186.0,4,0.0,True,0,car,2554.530833333333,0.5860952146905827,OnTrack,2596.246204134856,6897.474792736236,2297.975180585265,1398.564,44.971
2026-07-25 14:10:07.034,0 days 00:23:18.619000,14,313.46388515555657,0 days 00:00:45.026000,10740.67463808,183.80000768,4,0.0,True,0,pos,2557.2285015943885,0.5867141504411308,OnTrack,2612.0,6874.0,2298.0,1398.619,45.026
2026-07-25 14:10:07.334,0 days 00:23:18.919000,14,319.2972234666674,0 days 00:00:45.326000,11306.17512064,171.79999744,4,0.0,True,0,pos,2571.3697994139206,0.5899586393599541,OnTrack,2707.0,6763.0,2299.0,1398.919,45.326
2026-07-25 14:10:07.379,0 days 00:23:18.964000,14,320.1722222222229,0 days 00:00:45.371000,11391.0,170.0,3,0.0,True,0,car,2573.419722222222,0.5904289605370379,OnTrack,2723.8026180058278,6747.626940858316,2299.175147687731,1398.964,45.371
2026-07-25 14:10:07.614,0 days 00:23:19.199000,14,325.65555704888965,0 days 00:00:45.606000,11121.92492672,163.53749824,3,11.7500032,True,0,pos,2583.847883101972,0.5928215310669734,OnTrack,2821.0,6675.0,2300.0,1399.199,45.606
2026-07-25 14:10:07.779,0 days 00:23:19.364000,14,329.5055555555564,0 days 00:00:45.771000,10933.0,159.0,3,20.0,False,0,car,2591.0863888888885,0.5944822875346047,OnTrack,2891.8801293628367,6640.237597408854,2300.420303994987,1399.364,45.771
2026-07-25 14:10:08.034,0 days 00:23:19.619000,14,335.6680509155563,0 days 00:00:46.026000,11138.738481454546,159.57954501818182,3,43.76134574545455,False,0,pos,2602.3791392909484,0.5970732239543096,OnTrack,2995.0,6609.0,2301.0,1399.619,46.026
2026-07-25 14:10:08.219,0 days 00:23:19.804000,14,340.1388888888896,0 days 00:00:46.211000,11288.0,160.0,3,61.0,False,0,car,2610.641944444444,0.5989689891168171,OnTrack,3056.8865340847565,6596.890964962329,2301.5827995142163,1399.804,46.211
2026-07-25 14:10:08.334,0 days 00:23:19.919000,14,342.8861126400006,0 days 00:00:46.326000,11380.7188016,161.4375008,3,68.187504,False,0,pos,2615.8067654146066,0.6001539726041356,OnTrack,3112.0,6591.0,2302.0,1399.919,46.326
2026-07-25 14:10:08.379,0 days 00:23:19.964000,14,343.9611111111117,0 days 00:00:46.371000,11417.0,162.0,3,71.0,False,0,car,2617.8419444444444,0.6006209110629953,OnTrack,3140.2874521468234,6588.634678656594,2302.172269249194,1399.964,46.371
2026-07-25 14:10:08.573,0 days 00:23:20.158000,14,348.5416636444454,0 days 00:00:46.565000,11518.8499328,164.90999808,3,99.12998144,False,0,pos,2626.7311315583984,0.6026603892959431,OnTrack,3279.0,6579.0,2303.0,1400.158,46.565
2026-07-25 14:10:08.579,0 days 00:23:20.164000,14,348.6833333333343,0 days 00:00:46.571000,11522.0,165.0,3,100.0,False,0,car,2627.008611111111,0.6027240524296573,OnTrack,3282.5005255381843,6578.760394144657,2303.029047018177,1400.164,46.571
2026-07-25 14:10:08.779,0 days 00:23:20.364000,14,353.29444444444516,0 days 00:00:46.771000,11655.0,168.0,3,100.0,False,0,car,2636.3419444444444,0.6048654327302587,OnTrack,3361.1259440495473,6573.170103569498,2304.126727818265,1400.364,46.771
2026-07-25 14:10:09.013,0 days 00:23:20.598000,14,357.6494441578621,0 days 00:00:47.005000,11718.338341696646,169.7593983804624,3,41.35338731792072,False,0,pos,2647.48669238661,0.607422412412243,OnTrack,3429.0,6564.0,2305.0,1400.598,47.005
2026-07-25 14:10:09.178,0 days 00:23:20.763000,14,360.72027777777885,0 days 00:00:47.170000,11763.0,171.0,3,0.0,False,0,car,2655.2944444444443,0.6092137731031674,OnTrack,3506.157614991117,6550.356744406087,2304.9815625563438,1400.763,47.17
2026-07-25 14:10:09.193,0 days 00:23:20.778000,14,360.9869455822233,0 days 00:00:47.185000,11727.52484864,170.6249984,3,0.07500032,False,0,pos,2655.9959673278704,0.6093747260263448,OnTrack,3513.0,6549.0,2305.0,1400.778,47.185
2026-07-25 14:10:09.378,0 days 00:23:20.963000,14,364.2758333333345,0 days 00:00:47.370000,11290.0,166.0,3,1.0,True,0,car,2664.5166666666664,0.6113296607811425,OnTrack,3590.721260170028,6529.255445069063,2305.71460032887,1400.963,47.37
2026-07-25 14:10:09.433,0 days 00:23:21.018000,14,365.25361224889,0 days 00:00:47.425000,11211.6249088,164.77777635555555,3,0.8472220444444445,True,0,pos,2666.9895367132326,0.6118970202672492,OnTrack,3618.0,6518.0,2306.0,1401.018,47.425
2026-07-25 14:10:09.633,0 days 00:23:21.218000,14,368.80916780444534,0 days 00:00:47.625000,10926.6249088,160.33333191111112,3,0.29166648888888885,True,0,pos,2675.7594925244016,0.6139091428327331,OnTrack,3733.0,6457.0,2307.0,1401.218,47.625
2026-07-25 14:10:09.738,0 days 00:23:21.323000,14,370.67583333333414,0 days 00:00:47.730000,10777.0,158.0,3,0.0,False,0,car,2680.3166666666666,0.6149547117185892,OnTrack,3772.686992020354,6433.599236510301,2307.307422364212,1401.323,47.73
2026-07-25 14:10:09.978,0 days 00:23:21.563000,14,374.7425000000003,0 days 00:00:47.970000,10611.0,155.0,3,1.0,False,0,car,2690.65,0.6173255256228264,OnTrack,3819.562519021104,6392.990357501383,2307.7467858957975,1401.563,47.97
2026-07-25 14:10:10.033,0 days 00:23:21.618000,14,375.7202789155559,0 days 00:00:48.025000,10547.520759466666,153.6249984,3,0.7708330666666666,False,0,pos,2692.9609803367857,0.6178557421694267,OnTrack,3836.0,6375.0,2308.0,1401.618,48.025
2026-07-25 14:10:10.218,0 days 00:23:21.803000,14,379.00916666666717,0 days 00:00:48.210000,10334.0,149.0,3,0.0,False,0,car,2700.5833333333335,0.6196045660856093,OnTrack,3912.2825419529604,6287.413777342778,2309.3414372171583,1401.803,48.21
2026-07-25 14:10:10.313,0 days 00:23:21.898000,14,380.8563901333338,0 days 00:00:48.305000,10186.7499008,147.8124992,3,0.0,False,0,pos,2704.452891214993,0.620492372694876,OnTrack,3944.0,6249.0,2310.0,1401.898,48.305
2026-07-25 14:10:10.458,0 days 00:23:22.043000,14,383.6758333333337,0 days 00:00:48.450000,9962.0,146.0,3,0.0,False,0,car,2710.316666666667,0.621837719827665,OnTrack,3965.4684768151037,6218.499666945462,2310.6874139086844,1402.043,48.45
2026-07-25 14:10:10.593,0 days 00:23:22.178000,14,386.488334666667,0 days 00:00:48.585000,10115.750072888888,145.62499982222224,3,21.375010133333333,False,0,pos,2715.7416580196377,0.6230823951434704,OnTrack,3976.0,6194.0,2311.0,1402.178,48.585
2026-07-25 14:10:10.818,0 days 00:23:22.403000,14,391.1758333333337,0 days 00:00:48.810000,10372.0,145.0,3,57.0,False,0,car,2724.816666666667,0.625164507080385,OnTrack,4010.2929295037234,6111.878618867903,2311.1995065384463,1402.403,48.81
2026-07-25 14:10:10.893,0 days 00:23:22.478000,14,392.84250028343223,0 days 00:00:48.885000,10448.60143651432,146.33451979990107,3,58.06761583992085,False,0,pos,2727.8930511686,0.6258703330628329,OnTrack,4020.0,6082.0,2312.0,1402.478,48.885
2026-07-25 14:10:10.953,0 days 00:23:22.538000,14,394.1758327057341,0 days 00:00:48.945000,10509.882533432576,147.40213472879051,3,58.9217077830324,False,0,pos,2730.3734506897144,0.6264394200634189,OnTrack,4026.0,6058.0,2313.0,1402.538,48.945
2026-07-25 14:10:11.099,0 days 00:23:22.684000,14,397.42027777777776,0 days 00:00:49.091000,10659.0,150.0,3,61.0,False,0,car,2736.5250000000005,0.6278507921896216,OnTrack,4037.74469911263,5972.060894627331,2314.8581068672347,1402.684,49.091
2026-07-25 14:10:11.273,0 days 00:23:22.858000,14,400.99694181333336,0 days 00:00:49.265000,11066.449700266667,155.07499626666666,3,69.6999936,False,0,pos,2744.0987546475326,0.6295884660114586,OnTrack,4046.0,5863.0,2316.0,1402.858,49.265
2026-07-25 14:10:11.339,0 days 00:23:22.924000,14,402.35361111111115,0 days 00:00:49.331000,11221.0,157.0,3,73.0,False,0,car,2746.9916666666672,0.6302521972410102,OnTrack,4047.1443138431378,5835.924065542174,2316.2300495966624,1402.924,49.331
2026-07-25 14:10:11.499,0 days 00:23:23.084000,14,405.7313888888889,0 days 00:00:49.491000,11561.0,159.0,3,76.0,False,0,car,2754.058333333334,0.6318735280400369,OnTrack,4045.4442763024244,5800.116640571033,2316.3977720891858,1403.084,49.491
2026-07-25 14:10:11.633,0 days 00:23:23.218000,14,408.2624975822221,0 days 00:00:49.625000,11896.4184296,165.281244,3,86.0499904,False,0,pos,2760.3374923360157,0.6333141781178248,OnTrack,4040.0,5764.0,2317.0,1403.218,49.625
2026-07-25 14:10:11.819,0 days 00:23:23.404000,14,411.77583333333314,0 days 00:00:49.811000,12362.0,174.0,3,100.0,False,0,car,2769.5250000000005,0.635422101109605,OnTrack,4026.920610880706,5680.81835881162,2319.051541265079,1403.404,49.811
2026-07-25 14:10:11.954,0 days 00:23:23.539000,14,414.21332986666647,0 days 00:00:49.946000,11806.625789866666,178.4999936,3,100.0,False,0,pos,2776.3816514129862,0.6369952473521611,OnTrack,4014.0,5613.0,2320.0,1403.539,49.946
2026-07-25 14:10:12.034,0 days 00:23:23.619000,14,415.6577743111109,0 days 00:00:50.026000,11477.514678755555,181.16666026666667,3,100.0,False,0,pos,2780.5171986303153,0.6379440808532393,OnTrack,4005.0,5574.0,2320.0,1403.619,50.026
2026-07-25 14:10:12.179,0 days 00:23:23.764000,14,418.27583333333314,0 days 00:00:50.171000,10881.0,186.0,4,100.0,False,0,car,2788.1250000000005,0.6396895661372319,OnTrack,3983.3856087826707,5489.5575365269015,2320.4403726404216,1403.764,50.171
2026-07-25 14:10:12.394,0 days 00:23:23.979000,14,421.79944129777766,0 days 00:00:50.386000,11226.791357866667,193.16666026666667,4,100.0,False,0,pos,2799.684211010198,0.6423416375744888,OnTrack,3948.0,5361.0,2322.0,1403.979,50.386
2026-07-25 14:10:12.419,0 days 00:23:24.004000,14,422.20916666666653,0 days 00:00:50.411000,11267.0,194.0,4,100.0,False,0,car,2801.058333333334,0.6426569074109224,OnTrack,3944.65436617521,5349.241777703524,2322.1972758346537,1404.004,50.411
2026-07-25 14:10:12.654,0 days 00:23:24.239000,14,425.86472321777757,0 days 00:00:50.646000,11289.847228444445,201.18055751111112,4,100.0,False,0,pos,2814.313643532876,0.6456981209973144,OnTrack,3917.0,5254.0,2324.0,1404.239,50.646
2026-07-25 14:10:12.779,0 days 00:23:24.364000,14,427.80916666666644,0 days 00:00:50.771000,11302.0,205.0,4,100.0,False,0,car,2821.558333333334,0.6473602962854575,OnTrack,3898.2537818481924,5185.929092552757,2324.6500131847883,1404.364,50.771
2026-07-25 14:10:12.834,0 days 00:23:24.419000,14,428.60360833777753,0 days 00:00:50.826000,11187.089686857144,206.76785097142857,4,100.0,False,0,pos,2824.7804388880463,0.6480995555741703,OnTrack,3890.0,5155.0,2325.0,1404.419,50.826
2026-07-25 14:10:13.059,0 days 00:23:24.644000,14,431.8536111111107,0 days 00:00:51.051000,10717.0,214.0,4,100.0,False,0,car,2838.2027777777785,0.6511790911548633,OnTrack,3860.6688586615005,5036.389682942778,2327.3517963074264,1404.644,51.051
2026-07-25 14:10:13.194,0 days 00:23:24.779000,14,433.6536085511108,0 days 00:00:51.186000,10849.4685616,217.7968696,4,100.0,False,0,pos,2846.4743021095396,0.6530768567898609,OnTrack,3845.0,4946.0,2329.0,1404.779,51.186
2026-07-25 14:10:13.374,0 days 00:23:24.959000,14,436.05361196444426,0 days 00:00:51.366000,11026.0938128,222.8593768,4,100.0,False,0,pos,2857.7106247611755,0.655654846787441,OnTrack,3827.0,4798.0,2331.0,1404.959,51.366
2026-07-25 14:10:13.379,0 days 00:23:24.964000,14,436.1202777777776,0 days 00:00:51.371000,11031.0,223.0,5,100.0,False,0,car,2858.0250000000005,0.6557269750313786,OnTrack,3826.6779878437133,4794.545888864072,2331.0463107509263,1404.964,51.371
2026-07-25 14:10:13.579,0 days 00:23:25.164000,14,438.620277777778,0 days 00:00:51.571000,11094.0,228.0,5,100.0,False,0,car,2870.691666666667,0.6586331340107661,OnTrack,3823.1003404822736,4697.643244350036,2332.4640522684963,1405.164,51.571
2026-07-25 14:10:13.654,0 days 00:23:25.239000,14,439.53694522666694,0 days 00:00:51.646000,11186.291745422222,228.83333404444446,5,100.0,False,0,pos,2875.479431887164,0.6597316082386672,OnTrack,3824.0,4662.0,2333.0,1405.239,51.646
2026-07-25 14:10:13.939,0 days 00:23:25.524000,14,443.0202777777781,0 days 00:00:51.931000,11537.0,232.0,5,100.0,False,0,car,2893.891666666667,0.6639559936151179,OnTrack,3833.402774945179,4479.997619612096,2335.6384636236107,1405.524,51.931
2026-07-25 14:10:13.974,0 days 00:23:25.559000,14,443.39944513777795,0 days 00:00:51.966000,11459.5623584,233.093752,5,100.0,False,0,pos,2896.1852543776517,0.6644822197089041,OnTrack,3836.0,4456.0,2336.0,1405.559,51.966
2026-07-25 14:10:14.099,0 days 00:23:25.684000,14,444.7536111111108,0 days 00:00:52.091000,11183.0,237.0,5,100.0,False,0,car,2904.4250000000006,0.6663726942400825,OnTrack,3848.5493935311883,4370.391928066227,2337.3332691578084,1405.684,52.091
2026-07-25 14:10:14.299,0 days 00:23:25.884000,14,446.8091666666669,0 days 00:00:52.291000,10275.0,239.0,6,100.0,False,0,car,2917.702777777778,0.669419062643914,OnTrack,3875.7282885628783,4241.19552865517,2339.4734998630124,1405.884,52.291
2026-07-25 14:10:14.354,0 days 00:23:25.939000,14,447.29805384888914,0 days 00:00:52.346000,10297.982062628571,239.78571154285714,6,100.0,False,0,pos,2921.390333849873,0.6702651119221441,OnTrack,3883.0,4211.0,2340.0,1405.939,52.346
2026-07-25 14:10:14.579,0 days 00:23:26.164000,14,449.29805555555595,0 days 00:00:52.571000,10392.0,243.0,6,100.0,False,0,car,2936.602777777778,0.6737553577526318,OnTrack,3910.8737934458904,4113.407588598287,2341.8378404021005,1406.164,52.571
2026-07-25 14:10:14.739,0 days 00:23:26.324000,14,450.54249999999956,0 days 00:00:52.731000,10633.0,244.0,6,100.0,False,0,car,2947.447222222223,0.6762434377209497,OnTrack,3935.3702147978943,4048.234424520491,2342.822044151558,1406.324,52.731
2026-07-25 14:10:14.774,0 days 00:23:26.359000,14,450.2411105599995,0 days 00:00:52.766000,10625.2343608,244.3281256,6,100.0,False,0,pos,2949.8316416106954,0.6767905036538262,OnTrack,3942.0,4032.0,2343.0,1406.359,52.766
2026-07-25 14:10:15.059,0 days 00:23:26.644000,14,447.78694444444363,0 days 00:00:53.051000,10562.0,247.0,6,100.0,False,0,car,2969.4027777777787,0.6812807799518882,OnTrack,4025.490159438474,3863.0701864977195,2344.7799613665093,1406.644,53.051
2026-07-25 14:10:15.074,0 days 00:23:26.659000,14,447.4577819911103,0 days 00:00:53.066000,10571.22488192,247.07499904,6,100.0,False,0,pos,2970.4356568148473,0.6815177571114829,OnTrack,4033.0,3851.0,2345.0,1406.659,53.066
2026-07-25 14:10:15.233,0 days 00:23:26.818000,14,443.96861391999914,0 days 00:00:53.225000,10669.00992128,247.86999936,6,100.0,False,0,pos,2981.3916278155475,0.6840314250195034,OnTrack,4127.0,3712.0,2348.0,1406.818,53.225
2026-07-25 14:10:15.459,0 days 00:23:27.044000,14,439.0091666666658,0 days 00:00:53.451000,10808.0,249.0,6,100.0,False,0,car,2997.0694444444453,0.6876284429858136,OnTrack,4216.102677060339,3595.615156098451,2350.3097646575484,1407.044,53.451
2026-07-25 14:10:15.658,0 days 00:23:27.243000,14,433.1497222222215,0 days 00:00:53.650000,10495.0,252.0,6,100.0,False,0,car,3010.999444444445,0.690824453084461,OnTrack,4276.621645226326,3519.4448481577147,2351.828195510281,1407.243,53.65
2026-07-25 14:10:15.673,0 days 00:23:27.258000,14,432.6913869333326,0 days 00:00:53.665000,10495.7500032,251.54999808,6,92.499968,False,0,pos,3012.0395527469336,0.6910630888804726,OnTrack,4282.0,3512.0,2352.0,1407.258,53.665
2026-07-25 14:10:15.853,0 days 00:23:27.438000,14,427.1913869333324,0 days 00:00:53.845000,10504.7500032,246.14999808,6,2.4999680000000044,False,0,pos,3024.330990616751,0.693883157764811,OnTrack,4352.0,3409.0,2354.0,1407.438,53.845
2026-07-25 14:10:15.858,0 days 00:23:27.443000,14,427.0386111111102,0 days 00:00:53.850000,10505.0,246.0,6,0.0,True,0,car,3024.666111111112,0.6939600456674846,OnTrack,4353.87993214408,3406.076992620526,2354.012561180734,1407.443,53.85
2026-07-25 14:10:15.913,0 days 00:23:27.498000,14,425.49555375999915,0 days 00:00:53.905000,10676.1876992,242.9062464,6,0.3437504,True,0,pos,3028.3280816136025,0.6948002247562791,OnTrack,4374.0,3374.0,2354.0,1407.498,53.905
2026-07-25 14:10:16.018,0 days 00:23:27.603000,14,422.5497222222216,0 days 00:00:54.010000,11003.0,237.0,6,1.0,True,0,car,3035.1994444444454,0.696376746292449,OnTrack,4409.738867786222,3310.7712479225142,2354.077170334734,1407.603,54.01
2026-07-25 14:10:16.893,0 days 00:23:28.478000,14,397.0288870222213,0 days 00:00:54.885000,10401.437456,217.1136349090909,6,18.897728581818182,True,0,pos,3087.950601790117,0.7084796344182286,OnTrack,4550.0,2724.0,2362.0,1408.478,54.885
2026-07-25 14:10:16.898,0 days 00:23:28.483000,14,396.8830555555546,0 days 00:00:54.890000,10398.0,217.0,5,19.0,False,0,car,3088.24388888889,0.7085469243342001,OnTrack,4549.778915963372,2720.8706701099327,2362.05671049607,1408.483,54.89
2026-07-25 14:10:17.073,0 days 00:23:28.658000,14,391.92472040888794,0 days 00:00:55.065000,10456.125021257143,213.24999862857143,5,49.00001097142857,False,0,pos,3098.5021636844617,0.710900517287635,OnTrack,4536.0,2616.0,2364.0,1408.658,55.065
2026-07-25 14:10:17.178,0 days 00:23:28.763000,14,388.9497222222212,0 days 00:00:55.170000,10491.0,211.0,5,67.0,False,0,car,3104.655000000001,0.7123121846960908,OnTrack,4526.069232538696,2561.033067013498,2365.0065900749973,1408.763,55.17
2026-07-25 14:10:17.373,0 days 00:23:28.958000,14,383.4247204088885,0 days 00:00:55.365000,10479.29999616,211.97500032,5,99.17501056,False,0,pos,3116.1342388755093,0.7149459078382955,OnTrack,4488.0,2449.0,2367.0,1408.958,55.365
2026-07-25 14:10:17.378,0 days 00:23:28.963000,14,383.28305555555517,0 days 00:00:55.370000,10479.0,212.0,5,100.0,False,0,car,3116.4327777777785,0.7150144026944686,OnTrack,4486.230736719953,2445.2671313837604,2367.065767977058,1408.963,55.37
2026-07-25 14:10:17.619,0 days 00:23:29.204000,14,376.25388888888847,0 days 00:00:55.611000,10772.0,219.0,5,100.0,False,0,car,3131.093611111112,0.71837809051844,OnTrack,4373.4414034042775,2243.3478811091236,2370.656971408265,1409.204,55.611
2026-07-25 14:10:17.653,0 days 00:23:29.238000,14,375.2811147733329,0 days 00:00:55.645000,10840.6372416,219.6374976,5,100.0,False,0,pos,3133.1828019109967,0.7188574210923405,OnTrack,4363.0,2226.0,2371.0,1409.238,55.645
2026-07-25 14:10:17.779,0 days 00:23:29.364000,14,371.67611111111046,0 days 00:00:55.771000,11095.0,222.0,5,100.0,False,0,car,3140.9602777777786,0.7206418354076471,OnTrack,4346.4283113597085,2201.0934741868828,2371.673574740283,1409.364,55.771
2026-07-25 14:10:17.873,0 days 00:23:29.458000,14,369.14333678222164,0 days 00:00:55.865000,11207.7998464,223.37083146666666,5,100.0,False,0,pos,3146.817043159663,0.7219855741948626,OnTrack,4333.0,2187.0,2372.0,1409.458,55.865
2026-07-25 14:10:18.193,0 days 00:23:29.778000,14,360.52111455999966,0 days 00:00:56.185000,11591.7998464,228.03749813333334,5,100.0,False,0,pos,3167.1807409538105,0.7266576907631257,OnTrack,4189.0,2024.0,2374.0,1409.778,56.185
2026-07-25 14:10:18.259,0 days 00:23:29.844000,14,358.7427777777775,0 days 00:00:56.251000,11671.0,229.0,5,100.0,False,0,car,3171.493611111112,0.7276472081053288,OnTrack,4157.797043890994,1991.2604903954232,2374.4630292567654,1409.844,56.251
2026-07-25 14:10:18.393,0 days 00:23:29.978000,14,355.24389223111075,0 days 00:00:56.385000,11383.7377744,234.0249952,5,100.0,False,0,pos,3180.3781230317327,0.7296856136918226,OnTrack,4097.0,1930.0,2375.0,1409.978,56.385
2026-07-25 14:10:18.574,0 days 00:23:30.159000,14,350.51777610666613,0 days 00:00:56.566000,10995.7186128,240.8125024,5,100.0,False,0,pos,3192.5772151596393,0.732484495359814,OnTrack,4013.0,1845.0,2374.0,1410.159,56.566
2026-07-25 14:10:18.579,0 days 00:23:30.164000,14,350.3872222222217,0 days 00:00:56.571000,10985.0,241.0,5,100.0,False,0,car,3192.9158333333344,0.7325621857476615,OnTrack,4010.6558346075262,1842.64675772207,2373.980924400191,1410.164,56.571
2026-07-25 14:10:18.794,0 days 00:23:30.379000,14,344.8927826844439,0 days 00:00:56.786000,10822.982287542856,244.8392822857143,5,100.0,False,0,pos,3207.566797560435,0.7359236092670254,OnTrack,3909.0,1741.0,2374.0,1410.379,56.786
2026-07-25 14:10:18.859,0 days 00:23:30.444000,14,343.2316666666661,0 days 00:00:56.851000,10774.0,246.0,6,100.0,False,0,car,3212.0491666666676,0.7369520153638942,OnTrack,3878.0228426750623,1709.2186140489348,2374.0273290951914,1410.444,56.851
2026-07-25 14:10:18.934,0 days 00:23:30.519000,14,341.3566650666659,0 days 00:00:56.926000,10742.1249728,248.343752,6,100.0,False,0,pos,3217.2578729595607,0.7381470676189535,OnTrack,3842.0,1672.0,2374.0,1410.519,56.926
2026-07-25 14:10:19.019,0 days 00:23:30.604000,14,339.23166666666566,0 days 00:00:57.011000,10706.0,251.0,6,100.0,False,0,car,3223.2047222222236,0.7395114746755654,OnTrack,3800.5823064389597,1629.4385354669225,2373.8713436712615,1410.604,57.011
2026-07-25 14:10:19.194,0 days 00:23:30.779000,14,335.14833781333243,0 days 00:00:57.186000,10937.8747456,254.49999616,6,100.0,False,0,pos,3235.584907772032,0.7423519052599387,OnTrack,3714.0,1541.0,2373.0,1410.779,57.186
2026-07-25 14:10:19.219,0 days 00:23:30.804000,14,334.56499999999915,0 days 00:00:57.211000,10971.0,255.0,6,100.0,False,0,car,3237.37138888889,0.7427617840604068,OnTrack,3701.600526351276,1528.3536498448993,2372.7617034695827,1410.804,57.211
2026-07-25 14:10:19.474,0 days 00:23:31.059000,14,329.1108374399993,0 days 00:00:57.466000,11258.5831168,259.9583296,6,100.0,False,0,pos,3255.858004938005,0.7470032349995878,OnTrack,3574.0,1398.0,2369.0,1411.059,57.466
2026-07-25 14:10:19.579,0 days 00:23:31.164000,14,326.8649999999993,0 days 00:00:57.571000,11377.0,262.0,6,100.0,False,0,car,3263.57138888889,0.7487729444756662,OnTrack,3519.9677553193696,1342.2200132431915,2367.159418436411,1411.164,57.571
2026-07-25 14:10:19.654,0 days 00:23:31.239000,14,325.40666542222147,0 days 00:00:57.646000,11405.392881371428,263.33928685714284,6,100.0,False,0,pos,3269.108470767393,0.7500433371246781,OnTrack,3483.0,1304.0,2366.0,1411.239,57.646
2026-07-25 14:10:19.859,0 days 00:23:31.444000,14,321.42055555555453,0 days 00:00:57.851000,11483.0,267.0,6,100.0,False,0,car,3284.338055555557,0.7535375156445043,OnTrack,3384.3936706484756,1202.2524597968131,2363.655410701291,1411.444,57.851
2026-07-25 14:10:19.894,0 days 00:23:31.479000,14,320.76916547555453,0 days 00:00:57.886000,11409.3407744,267.2386368,6,100.0,False,0,pos,3286.946692491472,0.7541360246172889,OnTrack,3360.0,1177.0,2363.0,1411.479,57.886
2026-07-25 14:10:20.054,0 days 00:23:31.639000,14,317.79138769777677,0 days 00:00:58.046000,11072.613501672728,268.3295458909091,6,100.0,False,0,pos,3298.9002597488393,0.7568785746294503,OnTrack,3225.0,1037.0,2359.0,1411.639,58.046
2026-07-25 14:10:20.299,0 days 00:23:31.884000,14,313.23166666666566,0 days 00:00:58.291000,10557.0,270.0,7,100.0,False,0,car,3317.338055555557,0.7611088245644877,OnTrack,3137.579305694217,946.4442271945452,2356.2092943053494,1411.884,58.291
2026-07-25 14:10:20.394,0 days 00:23:31.979000,14,311.33167050666555,0 days 00:00:58.386000,10593.09992704,271.1874976,7,100.0,False,0,pos,3324.545667965485,0.7627624930533079,OnTrack,3100.0,907.0,2355.0,1411.979,58.386
2026-07-25 14:10:20.699,0 days 00:23:32.284000,14,305.2316666666652,0 days 00:00:58.691000,10709.0,275.0,7,100.0,False,0,car,3347.893611111113,0.7681192957866947,OnTrack,2888.2161687320927,683.3573600324144,2348.525203613904,1412.284,58.691
2026-07-25 14:10:20.734,0 days 00:23:32.319000,14,304.5024986666652,0 days 00:00:58.726000,10702.5833216,275.4375008,7,100.0,False,0,pos,3350.590904864663,0.7687381456126362,OnTrack,2869.0,663.0,2348.0,1412.319,58.726
2026-07-25 14:10:20.939,0 days 00:23:32.524000,14,300.2316666666652,0 days 00:00:58.931000,10665.0,278.0,7,100.0,False,0,car,3366.426944444446,0.7723714652407458,OnTrack,2802.805535654424,592.3968265367592,2346.6585610186203,1412.524,58.931
2026-07-25 14:10:21.074,0 days 00:23:32.659000,14,297.4191706666655,0 days 00:00:59.066000,10643.0625312,278.0,7,100.0,False,0,pos,3376.8410568968675,0.774760812589374,OnTrack,2743.0,527.0,2345.0,1412.659,59.066
2026-07-25 14:10:21.099,0 days 00:23:32.684000,14,296.8983333333322,0 days 00:00:59.091000,10639.0,278.0,7,100.0,False,0,car,3378.7825000000016,0.7752062448767801,OnTrack,2726.678213380955,509.0983727736974,2344.4709861546326,1412.684,59.091
2026-07-25 14:10:21.294,0 days 00:23:32.879000,14,292.83583199999845,0 days 00:00:59.286000,10569.35712,278.0,7,94.4285696,False,0,pos,3394.0549199851794,0.7787102512302199,OnTrack,2568.0,334.0,2339.0,1412.879,59.286
2026-07-25 14:10:21.379,0 days 00:23:32.964000,14,291.06499999999824,0 days 00:00:59.371000,10539.0,278.0,7,92.0,False,0,car,3400.404722222224,0.7801671092398399,OnTrack,2510.1116853085027,268.68668956447,2337.061206904096,1412.964,59.371
2026-07-25 14:10:21.699,0 days 00:23:33.284000,14,282.6205555555539,0 days 00:00:59.691000,9609.0,238.0,7,0.0,True,0,car,3421.5602777777794,0.7850209045878697,OnTrack,2376.040091557234,109.91264017710625,2333.187832700573,1413.284,59.691
2026-07-25 14:10:21.733,0 days 00:23:33.318000,14,281.8838916622206,0 days 00:00:59.725000,9548.99022592,233.07001856,7,0.0,True,0,pos,3423.613208575848,0.7854919158988855,OnTrack,2367.0,99.0,2333.0,1413.318,59.725
2026-07-25 14:10:21.899,0 days 00:23:33.484000,14,278.28722222222086,0 days 00:00:59.891000,9256.0,209.0,7,0.0,True,0,car,3433.1713888888903,0.7876848836523082,OnTrack,2335.2108353961426,60.48280041294468,2332.6261193162027,1413.484,59.891
2026-07-25 14:10:22.053,0 days 00:23:33.638000,14,275.5922244622207,0 days 00:01:00.045000,9642.283012266667,194.88334506666666,7,0.0,True,0,pos,3441.3672033034895,0.7895652788881805,OnTrack,2303.0,22.0,2332.0,1413.638,60.045
2026-07-25 14:10:22.139,0 days 00:23:33.724000,14,274.0872222222206,0 days 00:01:00.131000,9858.0,187.0,7,0.0,True,0,car,3445.638055555557,0.7905451559109686,OnTrack,2275.655162658944,-10.27113117271356,2331.1095566915747,1413.724,60.131
2026-07-25 14:10:22.233,0 days 00:23:33.818000,14,272.8861117817563,0 days 00:01:00.225000,10023.188192285075,176.7740642871144,7,0.0,True,0,pos,3450.041139210847,0.7915553712611119,OnTrack,2243.0,-48.0,2330.0,1413.818,60.225
2026-07-25 14:10:22.378,0 days 00:23:33.963000,14,271.03333333333194,0 days 00:01:00.370000,10278.0,161.0,6,0.0,True,0,car,3456.326666666668,0.7929974824760532,OnTrack,2197.674526931488,-97.21933248081473,2328.67185340716,1413.963,60.37
2026-07-25 14:10:22.453,0 days 00:23:34.038000,14,270.47083285333196,0 days 00:01:00.445000,10527.166879288889,155.79166222222221,6,0.0,True,0,pos,3459.3605242451586,0.7936935513532043,OnTrack,2175.0,-120.0,2328.0,1414.038,60.445
2026-07-25 14:10:22.653,0 days 00:23:34.238000,14,268.97083285333207,0 days 00:01:00.645000,11191.611323733334,141.90277333333333,6,0.0,True,0,pos,3466.8361469795377,0.7954087104165749,OnTrack,2114.0,-175.0,2326.0,1414.238,60.645
2026-07-25 14:10:22.738,0 days 00:23:34.323000,14,268.3333333333321,0 days 00:01:00.730000,11474.0,136.0,3,0.0,True,0,car,3469.926666666668,0.7961177794855008,OnTrack,2088.529122394888,-195.38519394483532,2325.2198733163477,1414.323,60.73
2026-07-25 14:10:22.973,0 days 00:23:34.558000,14,266.70138844444296,0 days 00:01:00.965000,10601.5622624,128.16666453333335,3,0.0,True,0,pos,3478.2893528961554,0.7980364607232082,OnTrack,2019.0,-243.0,2323.0,1414.558,60.965
2026-07-25 14:10:22.978,0 days 00:23:34.563000,14,266.66666666666515,0 days 00:01:00.970000,10583.0,128.0,2,0.0,True,0,car,3478.4600000000014,0.7980756129031935,OnTrack,2017.5059268480084,-243.89779765617902,2322.940822072502,1414.563,60.97
2026-07-25 14:10:23.133,0 days 00:23:34.718000,14,265.8916663466651,0 days 00:01:01.125000,10238.1248576,121.91071177142857,2,0.0,True,0,pos,3483.5608561619733,0.7992459207140629,OnTrack,1971.0,-269.0,2321.0,1414.718,61.125
2026-07-25 14:10:23.258,0 days 00:23:34.843000,14,265.26666666666506,0 days 00:01:01.250000,9960.0,117.0,2,0.0,True,0,car,3487.5600000000013,0.8001634586962798,OnTrack,1933.9731867731616,-283.9278231240923,2319.8906423203944,1414.843,61.25
2026-07-25 14:10:23.393,0 days 00:23:34.978000,14,264.5166663111094,0 days 00:01:01.385000,9692.812373333334,115.87499946666667,2,0.0,True,0,pos,3491.8918118314446,0.8011573218950402,OnTrack,1894.0,-295.0,2319.0,1414.978,61.385
2026-07-25 14:10:23.498,0 days 00:23:35.083000,14,263.9333333333316,0 days 00:01:01.490000,9485.0,115.0,2,0.0,True,0,car,3495.226666666668,0.8019224496574879,OnTrack,1862.4660044026525,-300.42465065451825,2318.317557654545,1415.083,61.49
2026-07-25 14:10:23.553,0 days 00:23:35.138000,14,263.65833301333157,0 days 00:01:01.545000,9396.9998976,113.89999872,2,0.0,True,0,pos,3496.9492250882445,0.8023176624436236,OnTrack,1846.0,-302.0,2318.0,1415.138,61.545
2026-07-25 14:10:23.698,0 days 00:23:35.283000,14,262.9333333333316,0 days 00:01:01.690000,9165.0,111.0,2,0.0,False,0,car,3501.3933333333343,0.8033372902132424,OnTrack,1803.1587719268553,-301.69285102411726,2317.328392941466,1415.283,61.69
2026-07-25 14:10:23.753,0 days 00:23:35.338000,14,262.74999978666483,0 days 00:01:01.745000,9142.44997376,109.6249984,2,4.67500544,False,0,pos,3503.0311089318993,0.8037130509707681,OnTrack,1787.0,-300.0,2317.0,1415.338,61.745
2026-07-25 14:10:23.898,0 days 00:23:35.483000,14,262.2666666666646,0 days 00:01:01.890000,9083.0,106.0,2,17.0,False,0,car,3507.2822222222235,0.8046883992124314,OnTrack,1744.5077737440886,-291.60813859031606,2315.74657697225,1415.483,61.89
2026-07-25 14:10:23.993,0 days 00:23:35.578000,14,262.00277774034896,0 days 00:01:01.985000,9282.210554569456,106.78947379618015,2,23.57894830150118,False,0,pos,3510.1010185823097,0.8053351258192417,OnTrack,1718.0,-284.0,2315.0,1415.578,61.985
2026-07-25 14:10:24.213,0 days 00:23:35.798000,14,261.39166695426104,0 days 00:01:02.205000,9743.539949097867,108.61772767145786,2,38.81439726214882,False,0,pos,3516.77968446123,0.8068674361993222,OnTrack,1658.0,-258.0,2314.0,1415.798,62.205
2026-07-25 14:10:24.259,0 days 00:23:35.844000,14,261.2638888888873,0 days 00:01:02.251000,9840.0,109.0,2,42.0,False,0,car,3518.212500000001,0.8071961722317279,OnTrack,1642.2962715048463,-248.48869397214318,2313.7050111395997,1415.844,62.251
2026-07-25 14:10:24.473,0 days 00:23:36.058000,14,260.49111157333175,0 days 00:01:02.465000,10260.6434984,113.6812472,2,50.6937448,False,0,pos,3525.049874563561,0.8087648957172537,OnTrack,1564.0,-194.0,2312.0,1416.058,62.465
2026-07-25 14:10:24.579,0 days 00:23:36.164000,14,260.10833333333176,0 days 00:01:02.571000,10469.0,116.0,2,55.0,False,0,car,3528.523611111112,0.8095618876114399,OnTrack,1539.041584711795,-175.33275794019818,2311.40995200266,1416.164,62.571
2026-07-25 14:10:24.779,0 days 00:23:36.364000,14,259.3861111111096,0 days 00:01:02.771000,11107.0,121.0,2,72.0,False,0,car,3535.2458333333343,0.8111041912803254,OnTrack,1512.7484460508106,-151.0758775039407,2310.698435613053,1416.364,62.771
2026-07-25 14:10:24.893,0 days 00:23:36.478000,14,259.0377781688875,0 days 00:01:02.885000,11478.06958336,125.55999488,2,72.0,False,0,pos,3539.2537984968553,0.8120237531710391,OnTrack,1485.0,-121.0,2310.0,1416.478,62.885
2026-07-25 14:10:24.979,0 days 00:23:36.564000,14,258.7749999999987,0 days 00:01:02.971000,11758.0,129.0,2,72.0,False,0,car,3542.412500000001,0.8127484654397157,OnTrack,1454.8888910380842,-87.7337106334731,2309.267873526402,1416.564,62.971
2026-07-25 14:10:25.114,0 days 00:23:36.699000,14,257.9875011199987,0 days 00:01:03.106000,12057.2495744,136.3124896,2,77.624992,False,0,pos,3547.6606438528024,0.8139525659962633,OnTrack,1406.0,-33.0,2308.0,1416.699,63.106
2026-07-25 14:10:25.219,0 days 00:23:36.804000,14,257.37499999999864,0 days 00:01:03.211000,12290.0,142.0,2,82.0,False,0,car,3551.8791666666675,0.8149204368874685,OnTrack,1383.4915258967792,-7.005467672025188,2307.1940393818045,1416.804,63.211
2026-07-25 14:10:25.414,0 days 00:23:36.999000,14,256.50833304888755,0 days 00:01:03.406000,11730.999816533333,147.68750186666668,2,96.6250048,False,0,pos,3559.878037376043,0.8167556466193379,OnTrack,1355.0,28.0,2306.0,1416.999,63.406
2026-07-25 14:10:25.459,0 days 00:23:37.044000,14,256.30833333333203,0 days 00:01:03.451000,11602.0,149.0,2,100.0,False,0,car,3561.812500000001,0.8171994773502513,OnTrack,1344.2971702787647,40.93746887604509,2305.7428391202375,1417.044,63.451
2026-07-25 14:10:25.574,0 days 00:23:37.159000,14,255.8611108622209,0 days 00:01:03.566000,11582.136352581818,154.22727563636363,2,100.0,False,0,pos,3566.958221231155,0.8183800787156208,OnTrack,1312.0,80.0,2305.0,1417.159,63.566
2026-07-25 14:10:25.854,0 days 00:23:37.439000,14,254.77222197333194,0 days 00:01:03.846000,11533.772716218182,166.95454836363638,2,100.0,False,0,pos,3580.320109974146,0.8214457450013065,OnTrack,1234.0,177.0,2302.0,1417.439,63.846
2026-07-25 14:10:25.899,0 days 00:23:37.484000,14,254.5972222222208,0 days 00:01:03.891000,11526.0,169.0,3,100.0,False,0,car,3582.4680555555565,0.8219385558964631,OnTrack,1221.1148751139704,192.92277415397353,2301.595926048078,1417.484,63.891
2026-07-25 14:10:26.094,0 days 00:23:37.679000,14,253.67638858666498,0 days 00:01:04.086000,11412.249962666667,171.4375008,3,100.0,False,0,pos,3591.750490466476,0.8240682583885908,OnTrack,1162.0,265.0,2300.0,1417.679,64.086
2026-07-25 14:10:26.139,0 days 00:23:37.724000,14,253.46388888888714,0 days 00:01:04.131000,11386.0,172.0,4,100.0,False,0,car,3593.934722222223,0.8245693945514877,OnTrack,1146.973307036943,283.0692989256991,2299.5087570499873,1417.724,64.131
2026-07-25 14:10:26.299,0 days 00:23:37.884000,14,252.88611111110913,0 days 00:01:04.291000,10622.0,180.0,4,100.0,False,0,car,3601.934722222223,0.8264048633805746,OnTrack,1090.4934028995906,350.26887018670527,2297.5028672660083,1417.884,64.291
2026-07-25 14:10:26.354,0 days 00:23:37.939000,14,252.64166751999792,0 days 00:01:04.346000,10737.728762666668,182.7499904,4,100.0,False,0,pos,3604.8004442824904,0.8270623563198805,OnTrack,1072.0,372.0,2297.0,1417.939,64.346
2026-07-25 14:10:26.539,0 days 00:23:38.124000,14,251.81944444444207,0 days 00:01:04.531000,11127.0,192.0,4,100.0,False,0,car,3614.734722222224,0.8293416135071138,OnTrack,1016.6444622478097,436.06647672998736,2296.1665638637237,1418.124,64.531
2026-07-25 14:10:26.574,0 days 00:23:38.159000,14,251.7902777244421,0 days 00:01:04.566000,11127.0,192.0,4,100.0,False,0,pos,3616.6118137185413,0.829772281373468,OnTrack,1008.0,446.0,2296.0,1418.159,64.566
2026-07-25 14:10:26.854,0 days 00:23:38.439000,14,251.55694439110897,0 days 00:01:04.846000,11127.0,192.0,4,100.0,False,0,pos,3631.535001333005,0.8331961620855884,OnTrack,948.0,514.0,2294.0,1418.439,64.846
2026-07-25 14:10:26.859,0 days 00:23:38.444000,14,251.55277777777565,0 days 00:01:04.851000,11127.0,192.0,4,100.0,False,0,car,3631.80138888889,0.833257280342499,OnTrack,946.4740570307903,515.6966915742173,2293.967684442451,1418.444,64.851
2026-07-25 14:10:27.014,0 days 00:23:38.599000,14,251.85416679110958,0 days 00:01:05.006000,11400.1876128,192.0,4,100.0,False,0,pos,3640.0665698561684,0.8351535905965242,OnTrack,890.0,578.0,2293.0,1418.599,65.006
2026-07-25 14:10:27.099,0 days 00:23:38.684000,14,252.01944444444325,0 days 00:01:05.091000,11550.0,192.0,4,100.0,False,0,car,3644.6013888888897,0.836194030469038,OnTrack,858.2297581246975,612.5159973744271,2292.2357563773803,1418.684,65.091
2026-07-25 14:10:27.254,0 days 00:23:38.839000,14,252.45000017777596,0 days 00:01:05.246000,11550.0,192.0,4,100.0,False,0,pos,3652.8696182583876,0.8380910401289697,OnTrack,801.0,674.0,2291.0,1418.839,65.246
2026-07-25 14:10:27.299,0 days 00:23:38.884000,14,252.574999999998,0 days 00:01:05.291000,11550.0,192.0,4,100.0,False,0,car,3655.2680555555567,0.8386413222411538,OnTrack,784.2031893488203,692.0239044371224,2290.9324075355216,1418.884,65.291
2026-07-25 14:10:27.414,0 days 00:23:38.999000,14,253.08611139555344,0 days 00:01:05.406000,10986.4996864,192.0,4,100.0,False,0,pos,3661.3918947752236,0.8400463367414086,OnTrack,741.0,738.0,2291.0,1418.999,65.406
2026-07-25 14:10:27.499,0 days 00:23:39.084000,14,253.4638888888867,0 days 00:01:05.491000,10570.0,192.0,4,100.0,False,0,car,3665.9347222222236,0.8410886140132697,OnTrack,709.0384017503748,771.0852739180422,2290.6506001168086,1419.084,65.491
2026-07-25 14:10:27.614,0 days 00:23:39.199000,14,253.49583335110893,0 days 00:01:05.606000,10535.4999808,192.0,4,100.0,False,0,pos,3672.1262437894275,0.8425091571184226,OnTrack,665.0,815.0,2290.0,1419.199,65.606
2026-07-25 14:10:27.819,0 days 00:23:39.404000,14,253.55277777777565,0 days 00:01:05.811000,10474.0,192.0,4,100.0,False,0,car,3683.0013888888907,0.8450042808486552,OnTrack,581.7821669707338,892.1966704761758,2289.894823770918,1419.404,65.811
2026-07-25 14:10:27.934,0 days 00:23:39.519000,14,253.6805556266645,0 days 00:01:05.926000,10557.66254656,185.96249664,4,71.249984,False,0,pos,3688.7689302059935,0.846327548637157,OnTrack,537.0,931.0,2290.0,1419.519,65.926
2026-07-25 14:10:28.134,0 days 00:23:39.719000,14,253.90277784888667,0 days 00:01:06.126000,10703.16254656,175.46249664,4,21.249984000000005,False,0,pos,3698.2106269820238,0.8484937911529186,OnTrack,454.0,992.0,2290.0,1419.719,66.126
2026-07-25 14:10:28.219,0 days 00:23:39.804000,14,253.99722222222,0 days 00:01:06.211000,10765.0,171.0,4,0.0,True,0,car,3702.0013888888902,0.8493635193177363,OnTrack,394.757389987391,1024.6712746309036,2289.995232060381,1419.804,66.211
2026-07-25 14:10:28.314,0 days 00:23:39.899000,14,254.47222126222002,0 days 00:01:06.306000,10406.03643977143,163.53572937142857,4,0.0,True,0,pos,3706.082043453138,0.8502997585996048,OnTrack,329.0,1058.0,2290.0,1419.899,66.306
2026-07-25 14:10:28.499,0 days 00:23:40.084000,14,255.39722222222008,0 days 00:01:06.491000,9707.0,149.0,3,0.0,True,0,car,3713.590277777779,0.8520223998576497,OnTrack,274.3808764613027,1080.8020423547252,2290.0440094138576,1420.084,66.491
2026-07-25 14:10:28.673,0 days 00:23:40.258000,14,256.41222147555334,0 days 00:01:06.665000,10600.613628342857,140.3000064,3,0.0,True,0,pos,3720.194361695318,0.8535375986295645,OnTrack,247.0,1082.0,2290.0,1420.258,66.665
2026-07-25 14:10:28.779,0 days 00:23:40.364000,14,257.0305555555533,0 days 00:01:06.771000,11145.0,135.0,2,0.0,True,0,car,3724.090277777779,0.8544314526958263,OnTrack,212.7098979786752,1086.8208142482717,2289.8755609730233,1420.364,66.771
2026-07-25 14:10:28.933,0 days 00:23:40.518000,14,258.05722136888676,0 days 00:01:06.925000,10819.1940208,131.6312528,2,0.0,True,0,pos,3729.6617097665167,0.8557097264144146,OnTrack,152.0,1094.0,2290.0,1420.518,66.925
2026-07-25 14:10:29.093,0 days 00:23:40.678000,14,259.1238880355536,0 days 00:01:07.085000,10480.6940208,128.1312528,2,0.0,True,0,pos,3735.263365361046,0.8569949344437944,OnTrack,96.0,1093.0,2291.0,1420.678,67.085
2026-07-25 14:10:29.099,0 days 00:23:40.684000,14,259.16388888888696,0 days 00:01:07.091000,10468.0,128.0,2,0.0,True,0,car,3735.468055555557,0.8570418972527498,OnTrack,93.96046625490294,1092.8217519445595,2291.030743472827,1420.684,67.091
2026-07-25 14:10:29.373,0 days 00:23:40.958000,14,261.3711112604618,0 days 00:01:07.365000,9691.79381934377,119.60445625642228,2,0.0,True,0,pos,3744.4364887969464,0.8590995572102895,OnTrack,4.0,1075.0,2292.0,1420.958,67.365
2026-07-25 14:10:29.458,0 days 00:23:41.043000,14,262.0558333333306,0 days 00:01:07.450000,9451.0,117.0,2,0.0,True,0,car,3747.1355555555574,0.8597188138231714,OnTrack,-21.66044008871997,1065.8453598153822,2292.8283076772445,1421.043,67.45
2026-07-25 14:10:29.573,0 days 00:23:41.158000,14,263.04611166221946,0 days 00:01:07.565000,9304.94991872,114.1249984,2,0.0,True,0,pos,3750.753533072835,0.8605488994428339,OnTrack,-54.0,1052.0,2294.0,1421.158,67.565
2026-07-25 14:10:29.658,0 days 00:23:41.243000,14,263.7780555555528,0 days 00:01:07.650000,9197.0,112.0,2,0.0,True,0,car,3753.3577777777796,0.861146400690239,OnTrack,-75.7274139621971,1041.8379728415493,2294.4144989658507,1421.243,67.65
2026-07-25 14:10:29.853,0 days 00:23:41.438000,14,265.6738895111083,0 days 00:01:07.845000,8784.791531377778,106.58333155555556,2,0.0,True,0,pos,3758.9956890937187,0.8624399270004341,OnTrack,-126.0,1008.0,2295.0,1421.438,67.845
2026-07-25 14:10:30.018,0 days 00:23:41.603000,14,267.2780555555528,0 days 00:01:08.010000,8436.0,102.0,2,0.0,True,0,car,3763.5577777777794,0.8634866234473246,OnTrack,-178.11091355463066,954.2771123353966,2296.845661630513,1421.603,68.01
2026-07-25 14:10:30.033,0 days 00:23:41.618000,14,267.41555614221943,0 days 00:01:08.025000,8419.465838545455,101.82954472727273,2,0.0,True,0,pos,3763.9692307101755,0.8635810245763308,OnTrack,-182.0,950.0,2297.0,1421.618,68.025
2026-07-25 14:10:30.433,0 days 00:23:42.018000,14,271.0822228088861,0 days 00:01:08.425000,7978.556747636364,97.28409018181819,2,0.0,True,0,pos,3774.75017164817,0.8660545347063202,OnTrack,-226.0,880.0,2299.0,1422.018,68.425
2026-07-25 14:10:30.458,0 days 00:23:42.043000,14,271.3113888888861,0 days 00:01:08.450000,7951.0,97.0,2,0.0,False,0,car,3775.413333333335,0.8662066862815408,OnTrack,-228.7728844984503,872.703451538637,2299.1105702079835,1422.043,68.45
2026-07-25 14:10:30.618,0 days 00:23:42.203000,14,272.86694444444174,0 days 00:01:08.610000,7811.0,95.0,2,0.0,False,0,car,3779.635555555557,0.8671754059413367,OnTrack,-249.26491157798262,815.371853406674,2299.9178284096392,1422.203,68.61
2026-07-25 14:10:30.633,0 days 00:23:42.218000,14,273.0002782404395,0 days 00:01:08.625000,7803.593335294936,95.0,2,0.0,False,0,pos,3780.0307010249167,0.8672660655903321,OnTrack,-251.0,810.0,2300.0,1422.218,68.625
2026-07-25 14:10:30.859,0 days 00:23:42.444000,14,275.009166666664,0 days 00:01:08.851000,7692.0,95.0,2,0.0,False,0,car,3785.995277777779,0.8686345399289042,OnTrack,-270.055785090147,736.231583750026,2301.3551308463066,1422.444,68.851
2026-07-25 14:10:31.899,0 days 00:23:43.484000,14,283.3869444444417,0 days 00:01:09.891000,9929.0,101.0,2,60.0,False,0,car,3815.173055555557,0.8753289026305461,OnTrack,-204.16551229574011,503.73167240431565,2310.2202779617946,1423.484,69.891
2026-07-25 14:10:31.974,0 days 00:23:43.559000,14,283.7619447644421,0 days 00:01:09.966000,10175.00020992,105.12500352,2,67.12500608,False,0,pos,3817.4848077357155,0.8758592962639529,OnTrack,-192.0,485.0,2311.0,1423.559,69.966
2026-07-25 14:10:32.099,0 days 00:23:43.684000,14,284.38694444444263,0 days 00:01:10.091000,10585.0,112.0,2,79.0,False,0,car,3821.3952777777786,0.8767564894976135,OnTrack,-169.7018031910205,452.4719689341923,2312.3475693108376,1423.684,70.091
2026-07-25 14:10:32.154,0 days 00:23:43.739000,14,284.60083258666475,0 days 00:01:10.146000,10792.34927616,113.09999616,2,78.17500288,False,0,pos,3823.129478647569,0.877154373452598,OnTrack,-159.0,438.0,2313.0,1423.739,70.146
2026-07-25 14:10:32.299,0 days 00:23:43.884000,14,285.16472222222,0 days 00:01:10.291000,11339.0,116.0,2,76.0,False,0,car,3827.839722222223,0.8782350616099335,OnTrack,-128.0760748058578,400.07203360642336,2314.9540250862633,1423.884,70.291
2026-07-25 14:10:32.374,0 days 00:23:43.959000,14,285.8938895111091,0 days 00:01:10.366000,11381.187536,120.687504,2,76.9375008,False,0,pos,3830.452051180772,0.8788344176567757,OnTrack,-111.0,381.0,2316.0,1423.959,70.366
2026-07-25 14:10:32.539,0 days 00:23:44.124000,14,287.49805555555395,0 days 00:01:10.531000,11474.0,131.0,2,79.0,False,0,car,3836.5730555555565,0.8802387817483533,OnTrack,-71.35194301244984,340.6888798006129,2318.2431666667317,1424.124,70.531
2026-07-25 14:10:32.594,0 days 00:23:44.179000,14,288.07860908444303,0 days 00:01:10.586000,11184.70100992,134.02498944,2,80.3749952,False,0,pos,3838.6917366216717,0.8807248783803072,OnTrack,-57.0,327.0,2319.0,1424.179,70.586
2026-07-25 14:10:32.739,0 days 00:23:44.324000,14,289.6091666666657,0 days 00:01:10.731000,10422.0,142.0,2,84.0,False,0,car,3844.4619444444447,0.8820487579548139,OnTrack,-15.769277122727184,289.30247905975034,2321.056884582921,1424.324,70.731
2026-07-25 14:10:32.854,0 days 00:23:44.439000,14,290.8230562311095,0 days 00:01:10.846000,10475.90628,147.7500032,2,86.1562512,False,0,pos,3849.232696004729,0.8831433286773411,OnTrack,20.0,259.0,2323.0,1424.439,70.846
2026-07-25 14:10:32.899,0 days 00:23:44.484000,14,291.2980555555537,0 days 00:01:10.891000,10497.0,150.0,3,87.0,False,0,car,3851.1286111111117,0.8835783153123864,OnTrack,34.650385467614434,247.2939679802498,2323.884701084951,1424.484,70.891
2026-07-25 14:10:32.954,0 days 00:23:44.539000,14,291.9091645333318,0 days 00:01:10.946000,10729.09918976,151.3749952,3,90.57498752,False,0,pos,3853.4602858461276,0.8841132798493477,OnTrack,53.0,233.0,2325.0,1424.539,70.946
2026-07-25 14:10:33.099,0 days 00:23:44.684000,14,293.5202777777772,0 days 00:01:11.091000,11341.0,155.0,3,100.0,False,0,car,3859.739722222222,0.8855539935659172,OnTrack,103.35955274199759,194.7442330645847,2327.7394209048575,1424.684,71.091
2026-07-25 14:10:33.214,0 days 00:23:44.799000,14,294.67027841777696,0 days 00:01:11.206000,11116.0311248,159.6718776,3,100.0,False,0,pos,3864.957169968293,0.8867510514040802,OnTrack,145.0,164.0,2330.0,1424.799,71.206
2026-07-25 14:10:33.394,0 days 00:23:44.979000,14,296.47027585777664,0 days 00:01:11.386000,10763.9066256,166.9843672,3,100.0,False,0,pos,3873.4718869045196,0.8887046135946977,OnTrack,213.0,115.0,2334.0,1424.979,71.386
2026-07-25 14:10:33.419,0 days 00:23:45.004000,14,296.7202777777766,0 days 00:01:11.411000,10715.0,168.0,3,100.0,False,0,car,3874.673055555556,0.8889802020468794,OnTrack,222.83880159848104,107.93552502479713,2334.548963048165,1425.004,71.411
2026-07-25 14:10:33.634,0 days 00:23:45.219000,14,298.9897201955543,0 days 00:01:11.626000,10422.0627616,176.0624928,3,100.0,False,0,pos,3885.210892736656,0.8913979360058671,OnTrack,308.0,47.0,2339.0,1425.219,71.626
2026-07-25 14:10:33.659,0 days 00:23:45.244000,14,299.2536111111099,0 days 00:01:11.651000,10388.0,177.0,4,100.0,False,0,car,3886.4730555555557,0.8916875185697826,OnTrack,317.09041619248154,40.58431488372272,2339.4808201904057,1425.244,71.651
2026-07-25 14:10:33.819,0 days 00:23:45.404000,14,300.85361111111024,0 days 00:01:11.811000,10696.0,186.0,4,100.0,False,0,car,3894.739722222223,0.8935841696931724,OnTrack,376.0776113731757,-0.7953141307456301,2342.578068938041,1425.404,71.811
2026-07-25 14:10:33.874,0 days 00:23:45.459000,14,301.388331466666,0 days 00:01:11.866000,10829.963818057144,187.3749952,4,100.0,False,0,pos,3897.629595839806,0.8942472038113067,OnTrack,407.0,-23.0,2344.0,1425.459,71.866
2026-07-25 14:10:34.054,0 days 00:23:45.639000,14,303.1383339555554,0 days 00:01:12.046000,11268.393013028572,191.8750016,4,100.0,False,0,pos,3907.269741694461,0.8964589772143157,OnTrack,546.0,-125.0,2350.0,1425.639,72.046
2026-07-25 14:10:34.099,0 days 00:23:45.684000,14,303.5758333333333,0 days 00:01:12.091000,11378.0,193.0,4,100.0,False,0,car,3909.7508333333335,0.8970282230099729,OnTrack,577.1965240381852,-148.69236107270967,2351.4552235155584,1425.684,72.091
2026-07-25 14:10:34.419,0 days 00:23:46.004000,14,306.15361111110997,0 days 00:01:12.411000,11716.0,207.0,4,100.0,False,0,car,3928.150833333334,0.9012498013168728,OnTrack,719.8516009569763,-265.9652091109088,2359.7261445859526,1426.004,72.411
2026-07-25 14:10:34.494,0 days 00:23:46.079000,14,306.92444510222117,0 days 00:01:12.486000,11612.874912,207.4687504,4,80.078108,False,0,pos,3932.5509440580477,0.9022593345768406,OnTrack,741.0,-283.0,2361.0,1426.079,72.486
2026-07-25 14:10:34.739,0 days 00:23:46.324000,14,309.4424999999992,0 days 00:01:12.731000,11276.0,209.0,4,15.0,True,0,car,3946.7286111111116,0.9055121678199746,OnTrack,787.8042081416708,-316.0681839628544,2363.3310128468497,1426.324,72.731
2026-07-25 14:10:34.914,0 days 00:23:46.499000,14,312.2619413511091,0 days 00:01:12.906000,10875.25043968,194.12501632000001,4,5.37501056,True,0,pos,3956.1064031861924,0.9076637484499083,OnTrack,853.0,-394.0,2366.0,1426.499,72.906
2026-07-25 14:10:34.939,0 days 00:23:46.524000,14,312.66472222222,0 days 00:01:12.931000,10818.0,192.0,4,4.0,True,0,car,3957.3952777777786,0.9079594595920905,OnTrack,867.2364984507517,-412.7872000744399,2366.5922549728807,1426.524,72.931
2026-07-25 14:10:35.073,0 days 00:23:46.658000,14,315.60527496888653,0 days 00:01:13.065000,10892.657071542857,184.34286445714287,4,3.5214290285714287,True,0,pos,3964.0959600112697,0.9094968212637392,OnTrack,949.0,-524.0,2370.0,1426.658,73.065
2026-07-25 14:10:35.219,0 days 00:23:46.804000,14,318.80916666666417,0 days 00:01:13.211000,10974.0,176.0,4,3.0,True,0,car,3971.0841666666674,0.9111001506996391,OnTrack,985.8954655873222,-576.118371064842,2371.4729394896162,1426.804,73.211
2026-07-25 14:10:35.413,0 days 00:23:46.998000,14,323.87471887999794,0 days 00:01:13.405000,11006.7374784,168.7250048,4,3.0,True,0,pos,3980.0184766993566,0.913149981646439,OnTrack,992.0,-610.0,2372.0,1426.998,73.405
2026-07-25 14:10:35.539,0 days 00:23:47.124000,14,327.16472222222046,0 days 00:01:13.531000,11028.0,164.0,3,3.0,True,0,car,3985.6619444444455,0.9144447827881974,OnTrack,1011.4435418677131,-683.0872917770548,2373.57587390116,1427.124,73.531
2026-07-25 14:10:35.713,0 days 00:23:47.298000,14,332.5297206219768,0 days 00:01:13.705000,10746.587783254794,160.43280288632837,3,2.2072895302951934,True,0,pos,3993.3010351434627,0.9161974468957743,OnTrack,1042.0,-800.0,2376.0,1427.298,73.705
2026-07-25 14:10:35.978,0 days 00:23:47.563000,14,340.7005555555538,0 days 00:01:13.970000,10318.0,155.0,3,1.0,False,0,car,4004.563333333334,0.9187813965546979,OnTrack,1048.6420585208264,-872.0388441138427,2376.515328789046,1427.563,73.97
2026-07-25 14:10:36.093,0 days 00:23:47.678000,14,344.50194655999866,0 days 00:01:14.085000,10201.84993536,150.97499776,3,5.60000256,False,0,pos,4009.297723050355,0.9198676246484908,OnTrack,1045.0,-902.0,2377.0,1427.678,74.085
2026-07-25 14:10:36.178,0 days 00:23:47.763000,14,347.3116666666656,0 days 00:01:14.170000,10116.0,148.0,3,9.0,False,0,car,4012.785555555556,0.9206678506290372,OnTrack,1041.8187485658025,-932.8745446879338,2377.806507371701,1427.763,74.17
2026-07-25 14:10:36.353,0 days 00:23:47.938000,14,353.1450021333321,0 days 00:01:14.345000,9922.62492928,148.0,3,7.24999936,False,0,pos,4019.9956579925474,0.9223220904137398,OnTrack,1032.0,-1009.0,2380.0,1427.938,74.345
2026-07-25 14:10:36.378,0 days 00:23:47.963000,14,353.9783333333321,0 days 00:01:14.370000,9895.0,148.0,3,7.0,False,0,car,4021.0077777777783,0.9225543047033765,OnTrack,1029.9072201682168,-1019.4310411744378,2380.2593483066858,1427.963,74.37
2026-07-25 14:10:36.613,0 days 00:23:48.198000,14,362.2686133688879,0 days 00:01:14.605000,9513.124896,142.8593736,3,1.8593736000000003,False,0,pos,4030.221974519387,0.9246683510664135,OnTrack,1004.0,-1108.0,2382.0,1428.198,74.605
2026-07-25 14:10:36.698,0 days 00:23:48.283000,14,365.26722222222133,0 days 00:01:14.690000,9375.0,141.0,3,0.0,False,0,car,4033.541111111111,0.9254298725356125,OnTrack,994.274708211766,-1134.1451805937375,2382.4140921130665,1428.283,74.69
2026-07-25 14:10:36.813,0 days 00:23:48.398000,14,366.07431902555504,0 days 00:01:14.805000,9269.3436912,141.0,3,0.0,False,0,pos,4038.0809278271927,0.9264714590446294,OnTrack,971.0,-1178.0,2383.0,1428.398,74.805
2026-07-25 14:10:36.953,0 days 00:23:48.538000,14,367.0568711088888,0 days 00:01:14.945000,9140.7186912,141.0,3,0.0,False,0,pos,4043.5995926298824,0.927737626197569,OnTrack,915.0,-1261.0,2384.0,1428.538,74.945
2026-07-25 14:10:37.018,0 days 00:23:48.603000,23,367.51305555555564,0 days 00:01:15.010000,9081.0,141.0,3,0.0,True,0,car,4046.074444444445,0.9283054403678487,OnTrack,894.7778242736385,-1289.9080415725023,2384.335501394833,1428.603,75.01
2026-07-25 14:10:37.178,0 days 00:23:48.763000,23,361.7797222222225,0 days 00:01:15.170000,9058.0,132.0,3,0.0,False,0,car,4051.9411111111112,0.9296514508425123,OnTrack,871.4144997875446,-1321.176918214492,2384.654965420889,1428.763,75.17
2026-07-25 14:10:37.379,0 days 00:23:48.964000,14,390.5505555555542,0 days 00:01:15.371000,9010.0,129.0,3,36.0,False,0,car,4059.143611111111,0.9313039463726996,OnTrack,839.9621431996873,-1340.877773475562,2384.893652181306,1428.964,75.371
2026-07-25 14:10:37.413,0 days 00:23:48.998000,14,391.8916616177765,0 days 00:01:15.405000,9010.0,128.7875008,3,36.0,False,0,pos,4060.352238350473,0.9315812460756788,OnTrack,829.0,-1348.0,2385.0,1428.998,75.405
2026-07-25 14:10:37.539,0 days 00:23:49.124000,14,396.86166666666577,0 days 00:01:15.531000,9010.0,128.0,3,36.0,False,0,car,4064.8325000000004,0.9326091686511615,OnTrack,774.159314510256,-1383.9420397947893,2385.560077691142,1429.124,75.531
2026-07-25 14:10:37.653,0 days 00:23:49.238000,14,401.29499502222126,0 days 00:01:15.645000,9162.6784,129.2214272,3,42.107136,False,0,pos,4068.9463128308907,0.9335530155536361,OnTrack,719.0,-1417.0,2386.0,1429.238,75.645
2026-07-25 14:10:37.819,0 days 00:23:49.404000,14,407.75055555555446,0 days 00:01:15.811000,9385.0,131.0,3,51.0,False,0,car,4075.0213888888893,0.9349468421459847,OnTrack,650.5794338397616,-1446.8192368919777,2386.0751459244075,1429.404,75.811
2026-07-25 14:10:37.973,0 days 00:23:49.558000,14,413.65388398222177,0 days 00:01:15.965000,9558.799855542857,132.64999862857144,3,52.09999908571429,False,0,pos,4080.706524563305,0.9362512033109246,OnTrack,602.0,-1463.0,2386.0,1429.558,75.965
2026-07-25 14:10:38.099,0 days 00:23:49.684000,14,418.48388888888894,0 days 00:01:16.091000,9701.0,134.0,3,53.0,False,0,car,4085.443611111111,0.9373380501483226,OnTrack,574.4364927506074,-1473.3128274996334,2386.1380410534775,1429.684,76.091
2026-07-25 14:10:38.419,0 days 00:23:50.004000,14,430.2172222222216,0 days 00:01:16.411000,10035.0,140.0,3,61.0,False,0,car,4097.888055555555,0.9401932238824577,OnTrack,502.96430905984147,-1488.3901061185943,2386.9232431881333,1430.004,76.411
2026-07-25 14:10:38.494,0 days 00:23:50.079000,14,432.96722456888835,0 days 00:01:16.486000,10140.46884,140.0,3,61.9375008,False,0,pos,4100.814935233567,0.9408647484343926,OnTrack,459.0,-1490.0,2387.0,1430.079,76.486
2026-07-25 14:10:38.579,0 days 00:23:50.164000,14,436.0838888888884,0 days 00:01:16.571000,10260.0,140.0,3,63.0,False,0,car,4104.110277777777,0.9416208107495252,OnTrack,393.88151188392374,-1490.9818282778485,2387.0167919843834,1430.164,76.571
2026-07-25 14:10:38.654,0 days 00:23:50.239000,14,438.83389123555554,0 days 00:01:16.646000,10456.875168,140.0,3,67.2187536,False,0,pos,4106.983794364281,0.9422800920150742,OnTrack,341.0,-1491.0,2387.0,1430.239,76.646
2026-07-25 14:10:38.739,0 days 00:23:50.324000,14,441.9505555555561,0 days 00:01:16.731000,10680.0,140.0,3,72.0,False,0,car,4110.332499999999,0.9430483976165926,OnTrack,304.5205308809759,-1489.9536438993432,2386.975809252822,1430.324,76.731
2026-07-25 14:10:38.954,0 days 00:23:50.539000,14,448.6991606400001,0 days 00:01:16.946000,11305.035156114285,155.35712914285713,3,74.30356937142857,False,0,pos,4119.8262097451025,0.9452265736552848,OnTrack,273.0,-1483.0,2387.0,1430.539,76.946
2026-07-25 14:10:39.019,0 days 00:23:50.604000,14,450.7394444444444,0 days 00:01:17.011000,11494.0,160.0,3,75.0,False,0,car,4122.776944444443,0.9459035713507278,OnTrack,256.89092350347937,-1480.0363797062253,2387.0830293842987,1430.604,77.011
2026-07-25 14:10:39.179,0 days 00:23:50.764000,14,455.5838888888893,0 days 00:01:17.171000,11809.0,163.0,3,80.0,False,0,car,4130.0213888888875,0.9475656903459565,OnTrack,196.96271015013832,-1468.7887509206464,2387.46465502954,1430.764,77.171
2026-07-25 14:10:39.294,0 days 00:23:50.879000,14,458.5227794133338,0 days 00:01:17.286000,12064.156392,166.2343768,3,87.187504,False,0,pos,4135.381052657036,0.9487953773185595,OnTrack,125.0,-1441.0,2388.0,1430.879,77.286
2026-07-25 14:10:39.454,0 days 00:23:51.039000,14,462.61166830222277,0 days 00:01:17.446000,12419.156392,170.7343768,3,97.187504,False,0,pos,4143.09218264478,0.9505645696597522,OnTrack,-5.0,-1376.0,2389.0,1431.039,77.446
2026-07-25 14:10:39.499,0 days 00:23:51.084000,14,463.7616666666672,0 days 00:01:17.491000,12519.0,172.0,3,100.0,False,0,car,4145.310277777776,0.9510734752193224,OnTrack,-32.50491983689611,-1361.3044585872178,2389.1796076632268,1431.084,77.491
2026-07-25 14:10:39.874,0 days 00:23:51.459000,14,470.9491629866665,0 days 00:01:17.866000,11734.909492363637,184.78408436363637,3,93.18182167272727,False,0,pos,4164.647647788271,0.9555101177056702,OnTrack,-124.0,-1297.0,2389.0,1431.459,77.866
2026-07-25 14:10:39.939,0 days 00:23:51.524000,14,472.1949999999997,0 days 00:01:17.931000,11599.0,187.0,4,92.0,False,0,car,4168.165833333332,0.9563173076935332,OnTrack,-148.8111182124123,-1278.7422556930944,2388.9680764242553,1431.524,77.931
2026-07-25 14:10:39.994,0 days 00:23:51.579000,14,472.98944167111074,0 days 00:01:17.986000,11532.625231709091,189.1249925818182,4,92.9999965090909,False,0,pos,4171.1825275743495,0.9570094387243175,OnTrack,-175.0,-1259.0,2389.0,1431.579,77.986
2026-07-25 14:10:40.274,0 days 00:23:51.859000,14,477.03388611555476,0 days 00:01:18.266000,11194.7161408,199.9431744,4,98.0909056,False,0,pos,4187.045232405679,0.9606488762571812,OnTrack,-355.0,-1112.0,2390.0,1431.859,78.266
2026-07-25 14:10:40.379,0 days 00:23:51.964000,14,478.55055555555464,0 days 00:01:18.371000,11068.0,204.0,4,100.0,False,0,car,4193.099166666665,0.9620378522108539,OnTrack,-396.229069362868,-1077.1772255389187,2390.148462417892,1431.964,78.371
2026-07-25 14:10:40.654,0 days 00:23:52.239000,14,480.9950005688876,0 days 00:01:18.646000,11033.624992,210.0156264,4,100.0,False,0,pos,4209.162215327815,0.9657232553505597,OnTrack,-459.0,-1021.0,2390.0,1432.239,78.646
2026-07-25 14:10:40.699,0 days 00:23:52.284000,14,481.3949999999986,0 days 00:01:18.691000,11028.0,211.0,5,100.0,False,0,car,4211.854722222221,0.9663410069101579,OnTrack,-476.3969700983003,-1005.5413253453074,2390.0161898021497,1432.284,78.691
2026-07-25 14:10:40.854,0 days 00:23:52.439000,14,482.34222261333224,0 days 00:01:18.846000,11162.3333888,217.458336,5,100.0,False,0,pos,4221.303549320154,0.9685088853613685,OnTrack,-549.0,-941.0,2390.0,1432.439,78.846
2026-07-25 14:10:40.939,0 days 00:23:52.524000,14,482.86166666666577,0 days 00:01:18.931000,11236.0,221.0,5,100.0,False,0,car,4226.588055555554,0.9697213286703927,OnTrack,-588.9104092807464,-905.0075908278028,2389.707289831938,1432.524,78.931
2026-07-25 14:10:41.174,0 days 00:23:52.759000,14,483.5797224177766,0 days 00:01:19.166000,11420.261413818182,226.8750016,5,100.0,False,0,pos,4241.547248721035,0.973153470265834,OnTrack,-697.0,-806.0,2389.0,1432.759,79.166
2026-07-25 14:10:41.334,0 days 00:23:52.919000,14,484.06861130666533,0 days 00:01:19.326000,11545.715959272728,230.8750016,5,100.0,False,0,pos,4251.980337009175,0.9755471713088328,OnTrack,-772.0,-737.0,2390.0,1432.919,79.326
2026-07-25 14:10:41.379,0 days 00:23:52.964000,14,484.20611111110975,0 days 00:01:19.371000,11581.0,232.0,5,100.0,False,0,car,4254.94361111111,0.9762270459646007,OnTrack,-794.3641345675359,-716.3975323091294,2390.040462365629,1432.964,79.371
2026-07-25 14:10:41.539,0 days 00:23:53.124000,14,484.38388888888767,0 days 00:01:19.531000,11556.0,239.0,5,100.0,False,0,car,4265.565833333333,0.9786641406876663,OnTrack,-877.8686066063963,-639.5797973103176,2389.1963582085614,1433.124,79.531
2026-07-25 14:10:41.594,0 days 00:23:53.179000,14,484.4144443377765,0 days 00:01:19.586000,11345.396568533333,239.45833173333332,5,100.0,False,0,pos,4269.228945037004,0.9795045816063601,OnTrack,-906.0,-614.0,2389.0,1433.179,79.586
2026-07-25 14:10:41.753,0 days 00:23:53.338000,14,484.5027777066653,0 days 00:01:19.745000,10736.558823466667,240.78333226666666,5,100.0,False,0,pos,4279.872501438149,0.9819465711069764,OnTrack,-985.0,-543.0,2389.0,1433.338,79.745
2026-07-25 14:10:41.779,0 days 00:23:53.364000,14,484.5172222222209,0 days 00:01:19.771000,10637.0,241.0,6,100.0,False,0,car,4281.6325,0.9823503739194157,OnTrack,-998.1772844377924,-531.1265296753564,2389.015488113185,1433.364,79.771
2026-07-25 14:10:41.873,0 days 00:23:53.458000,14,484.38666684444286,0 days 00:01:19.865000,10687.357074285714,243.3499968,6,100.0,False,0,pos,4288.0480781237075,0.9838223231277453,OnTrack,-1046.0,-488.0,2389.0,1433.458,79.865
2026-07-25 14:10:42.059,0 days 00:23:53.644000,14,484.1283333333313,0 days 00:01:20.051000,10787.0,248.0,6,100.0,False,0,car,4300.921388888889,0.9867758932073253,OnTrack,-1133.8813095654261,-410.0705032345866,2388.224849109339,1433.644,80.051
2026-07-25 14:10:42.153,0 days 00:23:53.738000,14,483.2405567644425,0 days 00:01:20.145000,10848.491582933333,249.56666453333332,6,100.0,False,0,pos,4307.467427800199,0.9882777745042878,OnTrack,-1181.0,-369.0,2388.0,1433.738,80.145
2026-07-25 14:10:42.299,0 days 00:23:53.884000,14,481.86166666666486,0 days 00:01:20.291000,10944.0,252.0,6,100.0,False,0,car,4317.721388888888,0.9906303777484076,OnTrack,-1263.2955371095518,-298.02451398572447,2388.3544376216128,1433.884,80.291
2026-07-25 14:10:42.453,0 days 00:23:54.038000,14,481.86166666666486,0 days 00:01:20.445000,11033.259348239348,255.03040997108894,6,100.0,False,0,pos,4328.721114712809,0.9931540844831961,OnTrack,-1355.0,-220.0,2389.0,1434.038,80.445
2026-07-25 14:10:42.667,0 days 00:23:54.252000,14,481.86166666666486,0 days 00:01:20.659000,11157.295243206954,259.24150517060644,6,100.0,False,0,interpolation,4344.323487733435,0.9967337931505891,OnTrack,-1478.240698207324,-117.32391595353809,2389.2031401864574,1434.252,80.659
