Date,SessionTime,DriverAhead,DistanceToDriverAhead,Time,RPM,Speed,nGear,Throttle,Brake,DRS,Source,Distance,RelativeDistance,Status,X,Y,Z,SessionTime_seconds,Time_seconds
2026-07-25 14:50:47.460,0 days 01:03:59.045000,,688.8886111111129,0 days 00:00:00,11328.3625472,282.1458346666667,7,100.0,False,0,interpolation,0.16462949408568014,3.7726573908134264e-05,OnTrack,-1514.3418679807037,-89.81824811150244,2387.9999999847196,3839.045,0.0
2026-07-25 14:50:47.549,0 days 01:03:59.134000,,688.8886111111129,0 days 00:00:00.089000,11394.0,284.0,7,100.0,False,0,car,7.230833333333331,0.0016570212384023305,OnTrack,-1551.1556092072617,-59.933715494217715,2387.9999999681204,3839.134,0.089
2026-07-25 14:50:47.736,0 days 01:03:59.321000,,688.8886111111129,0 days 00:00:00.276000,11552.9500544,288.0071442285714,7,100.0,False,0,pos,22.248024335724605,0.005098367938705207,OnTrack,-1645.0,17.0,2388.0,3839.321,0.276
2026-07-25 14:50:47.829,0 days 01:03:59.414000,63,688.8886111111129,0 days 00:00:00.369000,11632.0,290.0,7,100.0,False,0,car,29.786388888888887,0.00682586317909878,OnTrack,-1699.985716526931,62.38982652664298,2388.0000000492323,3839.414,0.369
2026-07-25 14:50:47.976,0 days 01:03:59.561000,63,682.6411083911119,0 days 00:00:00.516000,11782.6750656,293.6750016,7,100.0,False,0,pos,41.7859855219184,0.009575696504882946,OnTrack,-1794.0,140.0,2388.0,3839.561,0.516
2026-07-25 14:50:47.989,0 days 01:03:59.574000,63,682.0886111111117,0 days 00:00:00.529000,11796.0,294.0,7,100.0,False,0,car,42.85305555555556,0.00982022678612293,OnTrack,-1802.395523369222,146.90191909198742,2387.9999999741995,3839.574,0.529
2026-07-25 14:50:48.228,0 days 01:03:59.813000,63,672.3294444444464,0 days 00:00:00.768000,10676.0,298.0,7,100.0,False,0,car,62.63694444444444,0.014353912262727394,OnTrack,-1954.291449281886,271.1530750527516,2387.9999999151337,3839.813,0.768
2026-07-25 14:50:48.236,0 days 01:03:59.821000,63,672.0138888888907,0 days 00:00:00.776000,10681.24,298.12,7,100.0,False,0,pos,63.30342521509045,0.014506643316125646,OnTrack,-1959.0,275.0,2388.0,3839.821,0.776
2026-07-25 14:50:48.416,0 days 01:04:00.001000,63,664.913888888888,0 days 00:00:00.956000,10799.14,300.82,7,100.0,False,0,pos,78.35355817079792,0.017955539010266856,OnTrack,-2075.0,370.0,2388.0,3840.001,0.956
2026-07-25 14:50:48.428,0 days 01:04:00.013000,63,664.4405555555545,0 days 00:00:00.968000,10807.0,301.0,8,100.0,False,0,car,79.35916666666665,0.018185984736002345,OnTrack,-2086.2241189693204,379.22975084647754,2387.99999927798,3840.013,0.968
2026-07-25 14:50:48.616,0 days 01:04:00.201000,63,657.3383333333343,0 days 00:00:01.156000,10928.26,302.88,8,100.0,False,0,pos,95.17368872490756,0.02181004820388581,OnTrack,-2296.0,552.0,2388.0,3840.201,1.156
2026-07-25 14:50:48.628,0 days 01:04:00.213000,63,656.885000000001,0 days 00:00:01.168000,10936.0,303.0,8,100.0,False,0,car,96.19249999999998,0.022043519484847233,OnTrack,-2306.051390426415,560.2672081112382,2388.0000043780574,3840.213,1.168
2026-07-25 14:50:48.955,0 days 01:04:00.540000,63,645.0766643555544,0 days 00:00:01.495000,11075.718209163637,309.6886376727273,8,100.0,False,0,pos,124.46234930702151,0.028521851725230047,OnTrack,-2428.0,660.0,2388.0,3840.54,1.495
2026-07-25 14:50:49.068,0 days 01:04:00.653000,63,640.9961111111091,0 days 00:00:01.608000,11124.0,312.0,8,100.0,False,0,car,134.32583333333332,0.030782172460448325,OnTrack,-2500.9275108412717,720.1854914683697,2387.9996157618048,3840.653,1.608
2026-07-25 14:50:49.135,0 days 01:04:00.720000,63,638.7255533866658,0 days 00:00:01.675000,11160.610749257143,312.7178578285714,8,100.0,False,0,pos,140.17761722963,0.032123170067737156,OnTrack,-2548.0,759.0,2388.0,3840.72,1.675
2026-07-25 14:50:49.348,0 days 01:04:00.933000,63,631.5072222222249,0 days 00:00:01.888000,11277.0,315.0,8,100.0,False,0,car,158.8258333333333,0.0363966042236186,OnTrack,-2689.1303623756658,874.8586001147023,2388.0018056746408,3840.933,1.888
2026-07-25 14:50:49.375,0 days 01:04:00.960000,63,630.6372201600025,0 days 00:00:01.915000,11290.500032,315.2892864,8,100.0,False,0,pos,161.1997088053765,0.03694060266655942,OnTrack,-2710.0,892.0,2388.0,3840.96,1.915
2026-07-25 14:50:49.628,0 days 01:04:01.213000,63,622.4850000000012,0 days 00:00:02.168000,11417.0,318.0,8,100.0,False,0,car,183.55916666666664,0.042064506765485746,OnTrack,-2944.509989746039,1084.8831940086616,2387.9882597611063,3841.213,2.168
2026-07-25 14:50:49.655,0 days 01:04:01.240000,63,621.6599980444454,0 days 00:00:02.195000,11423.8464448,318.2892864,8,100.0,False,0,pos,185.9567672899071,0.04261394207546607,OnTrack,-2969.0,1105.0,2388.0,3841.24,2.195
2026-07-25 14:50:49.908,0 days 01:04:01.493000,63,613.929444444444,0 days 00:00:02.448000,11488.0,321.0,8,100.0,False,0,car,208.52583333333328,0.04778588008604974,OnTrack,-3171.2994353595714,1270.676168243599,2388.275023684261,3841.493,2.448
2026-07-25 14:50:50.095,0 days 01:04:01.680000,63,608.6311092977768,0 days 00:00:02.635000,11527.27001344,322.40250048,8,100.0,False,0,pos,225.32321803407982,0.05163517682899105,OnTrack,-3300.0,1376.0,2388.0,3841.68,2.635
2026-07-25 14:50:50.308,0 days 01:04:01.893000,63,602.5961111111094,0 days 00:00:02.848000,11572.0,324.0,8,100.0,False,0,car,244.52583333333328,0.05603565737070811,OnTrack,-3433.8361055471833,1485.9125930199457,2386.644860451591,3841.893,2.848
2026-07-25 14:50:50.495,0 days 01:04:02.080000,63,597.5574982755556,0 days 00:00:03.035000,11605.8937616,324.5843752,8,100.0,False,0,pos,261.3970973819971,0.05990188434048979,OnTrack,-3542.0,1575.0,2385.0,3842.08,3.035
2026-07-25 14:50:50.628,0 days 01:04:02.213000,63,593.9738888888903,0 days 00:00:03.168000,11630.0,325.0,8,100.0,False,0,car,273.41472222222217,0.06265584901889075,OnTrack,-3614.5605539251424,1634.8633681300084,2383.80343273058,3842.213,3.168
2026-07-25 14:50:50.895,0 days 01:04:02.480000,63,587.1505539199997,0 days 00:00:03.435000,11628.092856685715,325.95357165714285,8,100.0,False,0,pos,297.5931709950619,0.06819659394845878,OnTrack,-3760.0,1755.0,2381.0,3842.48,3.435
2026-07-25 14:50:50.908,0 days 01:04:02.493000,63,586.8183333333329,0 days 00:00:03.448000,11628.0,326.0,8,100.0,False,0,car,298.7702777777777,0.06846634030394952,OnTrack,-3767.625922526066,1761.2975500802213,2380.8326253057985,3842.493,3.448
2026-07-25 14:50:51.148,0 days 01:04:02.733000,63,580.8850000000002,0 days 00:00:03.688000,11673.0,326.0,8,100.0,False,0,car,320.50361111111107,0.07344676140542847,OnTrack,-3931.0878500062468,1895.0676732241427,2376.7258509774842,3842.733,3.688
2026-07-25 14:50:51.175,0 days 01:04:02.760000,63,580.239998471111,0 days 00:00:03.715000,11672.8312496,326.1687504,8,100.0,False,0,pos,322.95376489220723,0.07400823982229533,OnTrack,-3956.0,1915.0,2376.0,3842.76,3.715
2026-07-25 14:50:51.308,0 days 01:04:02.893000,63,577.0627777777759,0 days 00:00:03.848000,11672.0,327.0,8,100.0,False,0,car,335.0369444444444,0.07677722704997574,OnTrack,-4101.612404242905,2030.1997885327469,2371.5096062770085,3842.893,3.848
2026-07-25 14:50:51.395,0 days 01:04:02.980000,63,575.0569423302136,0 days 00:00:03.935000,11678.925380433951,327.0,8,100.0,False,0,pos,342.94034128044746,0.07858837326356738,OnTrack,-4184.0,2095.0,2369.0,3842.98,3.935
2026-07-25 14:50:51.509,0 days 01:04:03.094000,63,572.4286111111106,0 days 00:00:04.049000,11688.0,327.0,8,100.0,False,0,car,353.2944444444444,0.08096112451593825,OnTrack,-4247.063155987311,2144.4765142234387,2367.3260880592147,3843.094,4.049
2026-07-25 14:50:51.669,0 days 01:04:03.254000,63,568.8286111111086,0 days 00:00:04.209000,11688.0,327.0,8,100.0,False,0,car,367.82777777777767,0.0842915901604855,OnTrack,-4305.59031386592,2190.3182721069575,2366.062488836362,3843.254,4.209
2026-07-25 14:50:51.715,0 days 01:04:03.300000,63,567.8574972977754,0 days 00:00:04.255000,11673.62496,327.0,8,100.0,False,0,pos,372.00855257628797,0.08524965852062504,OnTrack,-4342.0,2219.0,2365.0,3843.3,4.255
2026-07-25 14:50:51.909,0 days 01:04:03.494000,63,563.7619444444424,0 days 00:00:04.449000,11613.0,327.0,8,100.0,False,0,car,389.6277777777777,0.08928728862730641,OnTrack,-4572.424912243137,2400.821777292336,2357.7766051392678,3843.494,4.449
2026-07-25 14:50:51.935,0 days 01:04:03.520000,63,563.2491641422203,0 days 00:00:04.475000,11603.033284266667,326.6749984,8,100.0,False,0,pos,391.9813775768174,0.08982664068728682,OnTrack,-4598.0,2421.0,2357.0,3843.52,4.475
2026-07-25 14:50:52.149,0 days 01:04:03.734000,63,559.0286111111097,0 days 00:00:04.689000,11521.0,324.0,8,100.0,False,0,car,411.2277777777777,0.09423715499810144,OnTrack,-4695.153801976996,2497.4938140235554,2354.6824250457603,3843.734,4.689
2026-07-25 14:50:52.336,0 days 01:04:03.921000,63,555.911943377777,0 days 00:00:04.876000,11328.545767466667,318.54583146666664,8,100.0,False,0,pos,427.7304700188854,0.09801891987550139,OnTrack,-4781.0,2564.0,2353.0,3843.921,4.876
2026-07-25 14:50:52.389,0 days 01:04:03.974000,63,555.0286111111104,0 days 00:00:04.929000,11274.0,317.0,8,100.0,False,0,car,432.3611111111111,0.09908007981150276,OnTrack,-4830.541572941975,2602.4273053389015,2351.737579139275,3843.974,4.929
2026-07-25 14:50:52.576,0 days 01:04:04.161000,63,552.3274990755536,0 days 00:00:05.116000,11149.110671542858,312.9928557714286,8,100.0,False,0,pos,448.55775534876125,0.10279171058148774,OnTrack,-5044.0,2768.0,2346.0,3844.161,5.116
2026-07-25 14:50:52.669,0 days 01:04:04.254000,63,550.9841666666641,0 days 00:00:05.209000,11087.0,311.0,8,100.0,False,0,car,456.5499999999999,0.1046232172030772,OnTrack,-5118.62306161265,2825.7992698969206,2343.999118750423,3844.254,5.209
2026-07-25 14:50:53.029,0 days 01:04:04.614000,63,543.2841666666649,0 days 00:00:05.569000,10752.0,303.0,8,100.0,False,0,car,486.8499999999999,0.111566779750998,OnTrack,-5269.166214838921,2942.969423770949,2340.0992177708035,3844.614,5.569
2026-07-25 14:50:53.036,0 days 01:04:04.621000,63,543.136387537776,0 days 00:00:05.576000,10732.093568,302.3656192,8,97.81248,False,0,pos,487.41485047974334,0.11169622115813732,OnTrack,-5273.0,2946.0,2340.0,3844.621,5.576
2026-07-25 14:50:53.349,0 days 01:04:04.934000,63,536.528611111112,0 days 00:00:05.889000,9842.0,274.0,8,0.0,True,0,car,511.20555555555546,0.11714811055592737,OnTrack,-5491.596586921966,3120.0475953575155,2334.295598422679,3844.934,5.889
2026-07-25 14:50:53.436,0 days 01:04:05.021000,63,535.2236101511115,0 days 00:00:05.976000,9606.789112685714,260.01784685714284,8,0.0,True,0,pos,517.1026613504679,0.11849949415126336,OnTrack,-5540.0,3159.0,2333.0,3845.021,5.976
2026-07-25 14:50:53.629,0 days 01:04:05.214000,63,532.3286111111106,0 days 00:00:06.169000,9085.0,229.0,8,0.0,True,0,car,529.0166666666665,0.12122971332978766,OnTrack,-5604.596038607289,3212.1238653325117,2331.1569105674926,3845.214,6.169
2026-07-25 14:50:53.736,0 days 01:04:05.321000,63,531.5261106311108,0 days 00:00:06.276000,9584.7794656,212.0583232,8,0.0,True,0,pos,534.9769117065988,0.12259556594482739,OnTrack,-5637.0,3240.0,2330.0,3845.321,6.276
2026-07-25 14:50:53.869,0 days 01:04:05.454000,63,530.5286111111111,0 days 00:00:06.409000,10206.0,191.0,8,0.0,True,0,car,541.7499999999999,0.12414769011010202,OnTrack,-5688.6200894352705,3285.2654190615585,2327.9271619075853,3845.454,6.409
2026-07-25 14:50:54.036,0 days 01:04:05.621000,63,530.8997223432193,0 days 00:00:06.576000,10277.933892979652,180.2546881856121,8,0.0,True,0,pos,549.2607780180878,0.12586886360687238,OnTrack,-5759.0,3348.0,2325.0,3845.621,6.576
2026-07-25 14:50:54.836,0 days 01:04:06.421000,63,532.6775000193197,0 days 00:00:07.376000,10622.527260223642,128.7801602985431,8,0.0,True,0,pos,574.0297017928644,0.1315449220713887,OnTrack,-5981.0,3591.0,2316.0,3846.421,7.376
2026-07-25 14:50:54.988,0 days 01:04:06.573000,63,533.0152777777788,0 days 00:00:07.528000,10688.0,119.0,2,0.0,True,0,car,578.7391666666665,0.13262414530302172,OnTrack,-6017.3225222320025,3655.0991845152753,2313.837446584418,3846.573,7.528
2026-07-25 14:50:55.148,0 days 01:04:06.733000,63,533.4152777777778,0 days 00:00:07.688000,10371.0,116.0,2,0.0,True,0,car,583.8947222222221,0.1338055948894666,OnTrack,-6050.261339491865,3719.8877048404443,2311.634738428355,3846.733,7.688
2026-07-25 14:50:55.216,0 days 01:04:06.801000,63,533.5852777777773,0 days 00:00:07.756000,10196.325,114.725,2,0.0,True,0,pos,586.0557694154696,0.1343008215018535,OnTrack,-6059.0,3738.0,2311.0,3846.801,7.756
2026-07-25 14:50:55.308,0 days 01:04:06.893000,63,533.8152777777766,0 days 00:00:07.848000,9960.0,113.0,2,0.0,True,0,car,588.9169444444443,0.1349564897452276,OnTrack,-6065.623377907993,3753.0711226626668,2310.4432131499443,3846.893,7.848
2026-07-25 14:50:55.475,0 days 01:04:07.060000,63,534.3719446577784,0 days 00:00:08.015000,9680.2748928,108.8249984,2,0.0,True,0,pos,593.884175347,0.13609478276377082,OnTrack,-6070.0,3772.0,2310.0,3847.06,8.015
2026-07-25 14:50:55.588,0 days 01:04:07.173000,63,534.7486111111128,0 days 00:00:08.128000,9491.0,106.0,2,0.0,False,0,car,597.1613888888887,0.13684579059251664,OnTrack,-6075.751233914205,3799.8329159916075,2309.7638860238617,3847.173,8.128
2026-07-25 14:50:55.755,0 days 01:04:07.340000,63,535.2125001777785,0 days 00:00:08.295000,9287.9905472,104.4343744,2,0.0,False,0,pos,601.9709834527034,0.13794795959198816,OnTrack,-6084.0,3852.0,2309.0,3847.34,8.295
2026-07-25 14:50:55.855,0 days 01:04:07.440000,63,535.4902779555556,0 days 00:00:08.395000,9166.4280472,103.4968744,2,0.0,False,0,pos,604.8205290559481,0.13860096283057838,OnTrack,-6085.0,3880.0,2308.0,3847.44,8.395
2026-07-25 14:50:55.908,0 days 01:04:07.493000,63,535.6374999999997,0 days 00:00:08.448000,9102.0,103.0,2,0.0,False,0,car,606.3169444444443,0.13894388209947914,OnTrack,-6084.442696452557,3894.4847351551057,2307.4592847668673,3847.493,8.448
2026-07-25 14:50:56.075,0 days 01:04:07.660000,63,536.1477779733342,0 days 00:00:08.615000,8914.124928,100.49499904,2,0.0,False,0,pos,610.9671450637078,0.1400095243060876,OnTrack,-6078.0,3939.0,2306.0,3847.66,8.615
2026-07-25 14:50:56.108,0 days 01:04:07.693000,63,536.2486111111123,0 days 00:00:08.648000,8877.0,100.0,2,0.0,False,0,car,611.8724999999998,0.1402169958779758,OnTrack,-6075.915364404712,3947.522968640236,2305.798172968618,3847.693,8.648
2026-07-25 14:50:56.275,0 days 01:04:07.860000,63,536.8980558044437,0 days 00:00:08.815000,8712.50493696,97.49499904,2,0.0,False,0,pos,616.3826522958835,0.14125054454355723,OnTrack,-6061.0,3989.0,2305.0,3847.86,8.815
2026-07-25 14:50:56.308,0 days 01:04:07.893000,63,537.0263888888878,0 days 00:00:08.848000,8680.0,97.0,2,0.0,False,0,car,617.2613888888887,0.14145191624311756,OnTrack,-6057.0834313097175,3996.790831340022,2304.7924716876973,3847.893,8.848
2026-07-25 14:50:56.535,0 days 01:04:08.120000,63,538.0352780622216,0 days 00:00:09.075000,8575.0124704,95.1083328,2,1.8916672,False,0,pos,623.2481383028027,0.14282384261322445,OnTrack,-6022.0,4046.0,2303.0,3848.12,9.075
2026-07-25 14:50:56.548,0 days 01:04:08.133000,63,538.0930555555549,0 days 00:00:09.088000,8569.0,95.0,2,2.0,False,0,car,623.594722222222,0.14290326595060374,OnTrack,-6019.6354351309965,4048.527272078411,2302.9060004396492,3848.133,9.088
2026-07-25 14:50:56.715,0 days 01:04:08.300000,63,538.7888891555547,0 days 00:00:09.255000,8822.711635692307,96.60576984615385,2,8.423079384615384,False,0,pos,628.1149114110283,0.1439391146753863,OnTrack,-5987.0,4078.0,2302.0,3848.3,9.255
2026-07-25 14:50:56.915,0 days 01:04:08.500000,63,539.6222224888878,0 days 00:00:09.455000,9126.557789538461,98.52884676923077,2,16.115387076923078,False,0,pos,633.6864753076409,0.14521589693300568,OnTrack,-5943.0,4107.0,2302.0,3848.5,9.455
2026-07-25 14:50:57.068,0 days 01:04:08.653000,63,540.2597222222211,0 days 00:00:09.608000,9359.0,100.0,2,22.0,False,0,car,638.0391666666665,0.14621336177469507,OnTrack,-5887.7613860453275,4128.689391259152,2301.2821177118417,3848.653,9.608
2026-07-25 14:50:57.255,0 days 01:04:08.840000,63,541.0908336177781,0 days 00:00:09.795000,9712.43012096,102.80500096,2,27.61000192,False,0,pos,643.4604180878385,0.14745569835327302,OnTrack,-5821.0,4149.0,2300.0,3848.84,9.795
2026-07-25 14:50:57.468,0 days 01:04:09.053000,63,542.037500000002,0 days 00:00:10.008000,10115.0,106.0,2,34.0,False,0,car,649.8169444444442,0.148912362985108,OnTrack,-5788.087131447686,4155.134845721666,2299.1916513944125,3849.053,10.008
2026-07-25 14:50:57.515,0 days 01:04:09.100000,63,542.2333336000016,0 days 00:00:10.055000,10301.531504,107.468752,2,35.468752,False,0,pos,651.2529740211232,0.14924144421237973,OnTrack,-5780.0,4156.0,2299.0,3849.1,10.055
2026-07-25 14:50:57.628,0 days 01:04:09.213000,63,542.7041666666673,0 days 00:00:10.168000,10750.0,111.0,2,39.0,False,0,car,654.7502777777775,0.150042888020413,OnTrack,-5754.144298754242,4158.798852055348,2298.4400566769414,3849.213,10.168
2026-07-25 14:50:57.815,0 days 01:04:09.400000,63,543.43138913778,0 days 00:00:10.355000,11294.17018624,114.74000128,2,49.285003520000004,False,0,pos,660.7060802502136,0.15140772257455237,OnTrack,-5686.0,4163.0,2297.0,3849.4,10.355
2026-07-25 14:50:57.828,0 days 01:04:09.413000,63,543.4819444444468,0 days 00:00:10.368000,11332.0,115.0,2,50.0,False,0,car,661.1391666666664,0.15150696886568418,OnTrack,-5679.732758646806,4163.099194294817,2296.862726752911,3849.413,10.368
2026-07-25 14:50:58.028,0 days 01:04:09.613000,63,543.9819444444441,0 days 00:00:10.568000,12328.0,127.0,2,63.0,False,0,car,668.1947222222219,0.15312382336437494,OnTrack,-5566.423421215588,4161.548611136635,2294.3266055633403,3849.613,10.568
2026-07-25 14:50:58.055,0 days 01:04:09.640000,63,544.0044445029023,0 days 00:00:10.595000,12233.93213994184,128.44128488342432,2,64.63345620121423,False,0,pos,669.2029197045538,0.15335486238349139,OnTrack,-5552.0,4161.0,2294.0,3849.64,10.595
2026-07-25 14:50:58.309,0 days 01:04:09.894000,63,544.2161111111132,0 days 00:00:10.849000,11349.0,142.0,2,80.0,False,0,car,679.2786111111109,0.15566381266385365,OnTrack,-5444.233183107847,4152.456503236678,2291.524392404435,3849.894,10.849
2026-07-25 14:50:58.535,0 days 01:04:10.120000,63,544.0277776711105,0 days 00:00:11.075000,10896.999744,152.04445013333333,2,92.55556266666666,False,0,pos,688.9648599269374,0.15788351809314127,OnTrack,-5374.0,4143.0,2290.0,3850.12,11.075
2026-07-25 14:50:58.669,0 days 01:04:10.254000,63,543.9161111111089,0 days 00:00:11.209000,10629.0,158.0,4,100.0,False,0,car,695.0786111111108,0.15928454824989813,OnTrack,-5337.047795813654,4137.883758375576,2289.3061683475294,3850.254,11.209
2026-07-25 14:50:58.856,0 days 01:04:10.441000,63,543.1888886399995,0 days 00:00:11.396000,11177.84518784,173.89500544,4,100.0,False,0,pos,704.14379758068,0.16136193073372715,OnTrack,-5275.0,4128.0,2288.0,3850.441,11.396
2026-07-25 14:50:58.869,0 days 01:04:10.454000,63,543.138333333333,0 days 00:00:11.409000,11216.0,175.0,4,100.0,False,0,car,704.8008333333331,0.1615124973622673,OnTrack,-5269.323424535164,4127.00712945768,2287.8611710452037,3850.454,11.409
2026-07-25 14:50:59.016,0 days 01:04:10.601000,63,542.4033330133326,0 days 00:00:11.556000,11554.1001472,181.98250304,4,100.0,False,0,pos,712.4881358879263,0.16327412330657787,OnTrack,-5198.0,4114.0,2286.0,3850.601,11.556
2026-07-25 14:50:59.236,0 days 01:04:10.821000,63,541.3033330133321,0 days 00:00:11.776000,12060.1001472,192.43250304,4,100.0,False,0,pos,724.5491315799118,0.1660380268701918,OnTrack,-5087.0,4090.0,2283.0,3850.821,11.776
2026-07-25 14:50:59.269,0 days 01:04:10.854000,63,541.1383333333321,0 days 00:00:11.809000,12136.0,194.0,4,100.0,False,0,car,726.3563888888885,0.16645217882283433,OnTrack,-5059.890980150741,4083.027422492929,2282.342703465198,3850.854,11.809
2026-07-25 14:50:59.429,0 days 01:04:11.014000,63,540.5605555555586,0 days 00:00:11.969000,11016.0,198.0,4,100.0,False,0,car,735.1563888888885,0.16846879104797302,OnTrack,-4896.91040106238,4038.726080029134,2278.556869024601,3851.014,11.969
2026-07-25 14:50:59.456,0 days 01:04:11.041000,63,540.4630553244474,0 days 00:00:11.996000,11046.857216,199.1571456,4,100.0,False,0,pos,736.6762340257475,0.16881707948925795,OnTrack,-4873.0,4032.0,2278.0,3851.041,11.996
2026-07-25 14:50:59.709,0 days 01:04:11.294000,63,539.549444444446,0 days 00:00:12.249000,11336.0,210.0,5,100.0,False,0,car,751.4897222222219,0.17221174555675323,OnTrack,-4741.392396603258,3991.339553471085,2274.796665452335,3851.294,12.249
2026-07-25 14:50:59.976,0 days 01:04:11.561000,63,537.9177773866653,0 days 00:00:12.516000,11894.1970088,220.8468776,5,100.0,False,0,pos,767.9506840260846,0.17598394746711812,OnTrack,-4661.0,3958.0,2273.0,3851.561,12.516
2026-07-25 14:51:00.029,0 days 01:04:11.614000,63,537.5938888888869,0 days 00:00:12.569000,12005.0,223.0,5,100.0,False,0,car,771.3119444444441,0.17675421551842932,OnTrack,-4636.412740779131,3948.1453486678315,2272.5327649851956,3851.614,12.569
2026-07-25 14:51:00.176,0 days 01:04:11.761000,63,536.2872216533318,0 days 00:00:12.716000,11160.974632533333,229.12500266666666,5,100.0,False,0,pos,780.7919554195388,0.17892665938511404,OnTrack,-4546.0,3910.0,2271.0,3851.761,12.716
2026-07-25 14:51:00.269,0 days 01:04:11.854000,63,535.4605555555543,0 days 00:00:12.809000,10627.0,233.0,5,100.0,False,0,car,786.8452777777773,0.18031384164310596,OnTrack,-4462.777958178671,3870.977678542313,2269.79632427527,3851.854,12.809
2026-07-25 14:51:00.336,0 days 01:04:11.921000,63,534.827777173334,0 days 00:00:12.876000,10738.3876064,234.2562512,5,100.0,False,0,pos,791.2110744400873,0.18131430970238827,OnTrack,-4407.0,3844.0,2269.0,3851.921,12.876
2026-07-25 14:51:00.429,0 days 01:04:12.014000,63,533.9494444444477,0 days 00:00:12.969000,10893.0,236.0,6,100.0,False,0,car,797.3341666666662,0.18271748045690767,OnTrack,-4353.595957229474,3817.2970321711227,2268.1906796334356,3852.014,12.969
2026-07-25 14:51:00.616,0 days 01:04:12.201000,63,531.8716659555578,0 days 00:00:13.156000,11234.942974171428,243.34643108571427,6,100.0,False,0,pos,810.1074022076215,0.18564460124627888,OnTrack,-4290.0,3781.0,2267.0,3852.201,13.156
2026-07-25 14:51:00.709,0 days 01:04:12.294000,63,530.8383333333351,0 days 00:00:13.249000,11405.0,247.0,6,100.0,False,0,car,816.5452777777774,0.18711990790294913,OnTrack,-4248.573062205253,3755.7793623142284,2266.1560258670625,3852.294,13.249
2026-07-25 14:51:00.909,0 days 01:04:12.494000,63,528.6161111111089,0 days 00:00:13.449000,11622.0,250.0,6,100.0,False,0,car,830.4341666666662,0.19030269234919078,OnTrack,-4132.7599656589355,3682.115631877795,2263.9093748452838,3852.494,13.449
2026-07-25 14:51:01.016,0 days 01:04:12.601000,63,527.2488880711121,0 days 00:00:13.556000,11723.6500608,254.0125024,6,100.0,False,0,pos,838.022033900867,0.19204153164773838,OnTrack,-4057.0,3630.0,2263.0,3852.601,13.556
2026-07-25 14:51:01.069,0 days 01:04:12.654000,63,526.5716666666692,0 days 00:00:13.609000,11774.0,256.0,6,100.0,False,0,car,841.811944444444,0.19291002936755194,OnTrack,-4015.996937418711,3600.7745523925255,2262.663732667095,3852.654,13.609
2026-07-25 14:51:01.196,0 days 01:04:12.781000,63,525.0547214577796,0 days 00:00:13.736000,11287.771183542856,258.2678582857143,6,100.0,False,0,pos,850.9486766840267,0.1950038073143885,OnTrack,-3918.0,3529.0,2262.0,3852.781,13.736
2026-07-25 14:51:01.349,0 days 01:04:12.934000,63,523.2272222222232,0 days 00:00:13.889000,10702.0,261.0,6,100.0,False,0,car,862.1119444444439,0.19756198711417872,OnTrack,-3831.3428247297206,3463.1946184056137,2260.9343636347717,3852.934,13.889
2026-07-25 14:51:01.596,0 days 01:04:13.181000,63,520.4141663136372,0 days 00:00:14.136000,10872.682693654087,267.1878922170666,6,100.0,False,0,pos,880.6362982580061,0.2018070369281815,OnTrack,-3721.0,3373.0,2259.0,3853.181,14.136
2026-07-25 14:51:01.756,0 days 01:04:13.341000,63,518.5919443348861,0 days 00:00:14.296000,10983.246353202992,271.1962424121931,6,100.0,False,0,pos,892.8867048207259,0.2046143459778747,OnTrack,-3628.0,3295.0,2258.0,3853.341,14.296
2026-07-25 14:51:01.828,0 days 01:04:13.413000,63,517.7719444444481,0 days 00:00:14.368000,11033.0,273.0,7,100.0,False,0,car,898.4361111111107,0.2058860505878124,OnTrack,-3586.3151885693574,3259.5404136737266,2257.5215972119495,3853.413,14.368
2026-07-25 14:51:01.896,0 days 01:04:13.481000,63,516.9786111111127,0 days 00:00:14.436000,11070.4,274.98333333333335,7,100.0,False,0,pos,903.6981465401626,0.20709190115319184,OnTrack,-3547.0,3226.0,2257.0,3853.481,14.436
2026-07-25 14:51:02.068,0 days 01:04:13.653000,63,514.9719444444412,0 days 00:00:14.608000,11165.0,280.0,7,100.0,False,0,car,917.1027777777773,0.21016371288356117,OnTrack,-3445.1081167635484,3139.336369390587,2255.3402905892613,3853.653,14.608
2026-07-25 14:51:02.115,0 days 01:04:13.700000,63,514.4888882311084,0 days 00:00:14.655000,11195.6969168,280.734376,7,100.0,False,0,pos,920.7909748770401,0.2110089019016401,OnTrack,-3418.0,3116.0,2255.0,3853.7,14.655
2026-07-25 14:51:02.355,0 days 01:04:13.940000,63,512.0222215644443,0 days 00:00:14.895000,11352.4469168,284.484376,7,100.0,False,0,pos,939.7986087671146,0.21536470041001338,OnTrack,-3277.0,2992.0,2254.0,3853.94,14.895
2026-07-25 14:51:02.388,0 days 01:04:13.973000,63,511.6830555555557,0 days 00:00:14.928000,11374.0,285.0,7,100.0,False,0,car,942.4361111111107,0.21596911171350597,OnTrack,-3252.855374088711,2970.7269229612402,2253.694934983428,3853.973,14.928
2026-07-25 14:51:02.655,0 days 01:04:14.240000,63,509.38388833778026,0 days 00:00:15.195000,11454.1000192,287.42727330909094,7,100.0,False,0,pos,963.9738960501661,0.22090472085106364,OnTrack,-3038.0,2782.0,2250.0,3854.24,15.195
2026-07-25 14:51:02.828,0 days 01:04:14.413000,63,507.8941666666707,0 days 00:00:15.368000,11506.0,289.0,7,100.0,False,0,car,977.7583333333329,0.22406356911718775,OnTrack,-2957.5359062933803,2711.653777549912,2248.8179782525026,3854.413,15.368
2026-07-25 14:51:02.995,0 days 01:04:14.580000,63,507.4766665066682,0 days 00:00:15.535000,11241.9311488,280.6499968,7,47.812479999999994,False,0,pos,990.7399326467552,0.2270384386486991,OnTrack,-2893.0,2656.0,2248.0,3854.58,15.535
2026-07-25 14:51:03.148,0 days 01:04:14.733000,63,507.09416666666596,0 days 00:00:15.688000,11000.0,273.0,7,0.0,True,0,car,1002.0249999999995,0.22962453010166117,OnTrack,-2810.4026671496003,2585.5349915135957,2246.7710944355294,3854.733,15.688
2026-07-25 14:51:03.235,0 days 01:04:14.820000,63,507.62583372444243,0 days 00:00:15.775000,10695.499776,257.7749888,7,0.0,True,0,pos,1008.0538330041871,0.2310061003675208,OnTrack,-2754.0,2539.0,2246.0,3854.82,15.775
2026-07-25 14:51:03.308,0 days 01:04:14.893000,63,508.0719444444413,0 days 00:00:15.848000,10440.0,245.0,7,0.0,True,0,car,1012.9138888888884,0.23211983310751463,OnTrack,-2701.6108157416975,2497.025290104294,2245.362063133084,3854.893,15.848
2026-07-25 14:51:03.475,0 days 01:04:15.060000,63,510.29861196444176,0 days 00:00:16.015000,10776.7834624,228.9958272,7,0.0,True,0,pos,1023.4044936186323,0.23452386512423046,OnTrack,-2587.0,2408.0,2244.0,3855.06,16.015
2026-07-25 14:51:03.548,0 days 01:04:15.133000,63,511.27194444444194,0 days 00:00:16.088000,10924.0,222.0,7,0.0,True,0,car,1027.7138888888885,0.23551140821342975,OnTrack,-2555.3012576041465,2384.290184852934,2243.4943166583485,3855.133,16.088
2026-07-25 14:51:03.735,0 days 01:04:15.320000,63,515.3236124977758,0 days 00:00:16.275000,11447.6001792,201.74165973333334,7,0.0,True,0,pos,1038.0105405964778,0.23787099386246605,OnTrack,-2502.0,2348.0,2242.0,3855.32,16.275
2026-07-25 14:51:03.788,0 days 01:04:15.373000,63,516.4719444444427,0 days 00:00:16.328000,11596.0,196.0,7,0.0,True,0,car,1040.780555555555,0.23850577182045388,OnTrack,-2482.24311129405,2334.976072768435,2241.323527495286,3855.373,16.328
2026-07-25 14:51:03.935,0 days 01:04:15.520000,63,520.4327795022209,0 days 00:00:16.475000,11262.799854933333,186.19999573333334,7,0.0,True,0,pos,1048.1857569231656,0.24020275132131041,OnTrack,-2411.0,2291.0,2239.0,3855.52,16.475
2026-07-25 14:51:04.028,0 days 01:04:15.613000,63,522.93861111111,0 days 00:00:16.568000,11052.0,180.0,5,0.0,True,0,car,1052.780555555555,0.24125569758200668,OnTrack,-2350.442655476452,2258.698270685885,2237.45085200369,3855.613,16.568
2026-07-25 14:51:04.175,0 days 01:04:15.760000,63,527.1444462755571,0 days 00:00:16.715000,11847.27034624,176.3249984,5,0.0,True,0,pos,1060.0049253179188,0.2429112376253823,OnTrack,-2248.0,2210.0,2235.0,3855.76,16.715
2026-07-25 14:51:04.228,0 days 01:04:15.813000,63,528.6608333333359,0 days 00:00:16.768000,12134.0,175.0,4,0.0,True,0,car,1062.5027777777773,0.24348364669437583,OnTrack,-2216.663064475497,2196.9892187607006,2234.149002679593,3855.813,16.768
2026-07-25 14:51:04.388,0 days 01:04:15.973000,63,534.0386111111113,0 days 00:00:16.928000,11656.0,159.0,3,0.0,True,0,car,1069.569444444444,0.24510304742062355,OnTrack,-2141.1303870793895,2172.8702336467195,2231.6895793933004,3855.973,16.928
2026-07-25 14:51:04.669,0 days 01:04:16.254000,63,544.7322222222183,0 days 00:00:17.209000,10892.0,146.0,3,0.0,True,0,car,1080.965555555555,0.2477145857144538,OnTrack,-2048.3125767179004,2165.897758984617,2227.419130370585,3856.254,17.209
2026-07-25 14:51:04.695,0 days 01:04:16.280000,63,545.8011163733297,0 days 00:00:17.235000,10820.7433992,145.2687464,3,0.0,True,0,pos,1081.982871713041,0.24794771437354662,OnTrack,-2040.0,2166.0,2227.0,3856.28,17.235
2026-07-25 14:51:04.989,0 days 01:04:16.574000,63,557.887777777778,0 days 00:00:17.529000,10015.0,137.0,3,0.0,True,0,car,1093.1433333333327,0.25050525111691846,OnTrack,-1948.6580696586045,2174.8629281098183,2222.020687408595,3856.574,17.529
2026-07-25 14:51:05.115,0 days 01:04:16.700000,63,563.3477833244436,0 days 00:00:17.655000,9730.599711085715,133.39999634285715,3,0.0,True,0,pos,1097.724116674223,0.2515549856266856,OnTrack,-1914.0,2182.0,2220.0,3856.7,17.655
2026-07-25 14:51:05.269,0 days 01:04:16.854000,63,570.0211111111091,0 days 00:00:17.809000,9383.0,129.0,3,0.0,True,0,car,1103.176666666666,0.2528044946008834,OnTrack,-1876.832789466134,2192.932834143446,2217.749829852244,3856.854,17.809
2026-07-25 14:51:05.469,0 days 01:04:17.054000,63,579.0211111111128,0 days 00:00:18.009000,9136.0,124.0,3,0.0,True,0,car,1110.065555555555,0.2543831556862193,OnTrack,-1830.119420386282,2214.0889060775535,2214.544667221919,3857.054,18.009
2026-07-25 14:51:05.496,0 days 01:04:17.081000,63,580.2586140444454,0 days 00:00:18.036000,9097.92990976,123.59499904,3,0.0,True,0,pos,1110.9818410263624,0.25459313210464507,OnTrack,-1823.0,2218.0,2214.0,3857.081,18.036
2026-07-25 14:51:05.669,0 days 01:04:17.254000,63,588.187777777774,0 days 00:00:18.209000,8854.0,121.0,3,0.0,False,0,car,1116.7877777777771,0.25592362335820024,OnTrack,-1773.7204214166936,2249.0042886577057,2210.0074495203617,3857.254,18.209
2026-07-25 14:51:05.716,0 days 01:04:17.301000,63,590.3811140977751,0 days 00:00:18.256000,8807.503508114285,120.49642788571428,3,0.0,False,0,pos,1118.34962998362,0.2562815381595823,OnTrack,-1761.0,2259.0,2209.0,3857.301,18.256
2026-07-25 14:51:05.876,0 days 01:04:17.461000,63,597.8477807644457,0 days 00:00:18.416000,8649.217793828571,118.78214217142857,3,0.0,False,0,pos,1123.6119926531508,0.2574874637155471,OnTrack,-1723.0,2296.0,2206.0,3857.461,18.416
2026-07-25 14:51:05.949,0 days 01:04:17.534000,63,601.2544444444475,0 days 00:00:18.489000,8577.0,118.0,3,0.0,False,0,car,1125.965555555555,0.2580268073202768,OnTrack,-1708.389306811559,2311.539829617073,2204.470415509179,3857.534,18.489
2026-07-25 14:51:06.076,0 days 01:04:17.661000,63,606.4050025955568,0 days 00:00:18.616000,8566.2843696,116.015624,3,2.3812512,False,0,pos,1129.9787441685514,0.25894647154968087,OnTrack,-1682.0,2347.0,2201.0,3857.661,18.616
2026-07-25 14:51:06.256,0 days 01:04:17.841000,63,613.7050025955541,0 days 00:00:18.796000,8551.0968696,113.203124,3,5.7562511999999995,False,0,pos,1135.5997081304913,0.260234574349989,OnTrack,-1633.0,2438.0,2194.0,3857.841,18.796
2026-07-25 14:51:06.269,0 days 01:04:17.854000,63,614.2322222222206,0 days 00:00:18.809000,8550.0,113.0,3,6.0,False,0,car,1136.0099999999995,0.2603285970317987,OnTrack,-1630.2350292404124,2443.554411716278,2193.5954441120703,3857.854,18.809
2026-07-25 14:51:06.549,0 days 01:04:18.134000,63,623.1766666666633,0 days 00:00:19.089000,9057.0,116.0,3,32.0,False,0,car,1145.0322222222217,0.2623961338080773,OnTrack,-1609.1092961738386,2500.9813369572853,2190.013593843731,3858.134,19.089
2026-07-25 14:51:06.696,0 days 01:04:18.281000,63,627.1783350755569,0 days 00:00:19.236000,9388.6688944,120.593752,3,34.7562512,False,0,pos,1149.9669533362915,0.263526979159487,OnTrack,-1606.0,2531.0,2188.0,3858.281,19.236
2026-07-25 14:51:06.709,0 days 01:04:18.294000,63,627.5322222222239,0 days 00:00:19.249000,9418.0,121.0,3,35.0,False,0,car,1150.4099999999994,0.26362850794566206,OnTrack,-1605.5483941246384,2534.627887041832,2187.733914663269,3858.294,19.249
2026-07-25 14:51:06.896,0 days 01:04:18.481000,63,631.8955570488869,0 days 00:00:19.436000,9779.84512384,125.6750016,3,35.93500032,False,0,pos,1156.938268425221,0.26512452907239936,OnTrack,-1598.0,2599.0,2183.0,3858.481,19.436
2026-07-25 14:51:06.909,0 days 01:04:18.494000,63,632.1988888888866,0 days 00:00:19.449000,9805.0,126.0,3,36.0,False,0,car,1157.4099999999994,0.2652326313065678,OnTrack,-1597.6949037027352,2603.589779036096,2182.7011192400255,3858.494,19.449
2026-07-25 14:51:07.036,0 days 01:04:18.621000,63,634.5272233955535,0 days 00:00:19.576000,10038.539006577777,130.23333546666666,3,41.997225244444444,False,0,pos,1162.1653848075653,0.2663223775722697,OnTrack,-1597.0,2648.0,2180.0,3858.621,19.576
2026-07-25 14:51:07.256,0 days 01:04:18.841000,63,638.5605567288874,0 days 00:00:19.796000,10443.094562133334,137.5666688,3,52.38611413333333,False,0,pos,1170.7128471081103,0.2682811181369505,OnTrack,-1605.0,2729.0,2174.0,3858.841,19.796
2026-07-25 14:51:07.269,0 days 01:04:18.854000,63,638.7988888888874,0 days 00:00:19.809000,10467.0,138.0,3,53.0,False,0,car,1171.2099999999994,0.2683950459323535,OnTrack,-1605.7166666417374,2733.8021469745427,2173.595197713868,3858.854,19.809
2026-07-25 14:51:07.429,0 days 01:04:19.014000,63,641.5988888888919,0 days 00:00:19.969000,10991.0,138.0,3,56.0,False,0,car,1177.3433333333328,0.2698005635438139,OnTrack,-1617.2911156689559,2794.1514129880243,2168.24540488521,3859.014,19.969
2026-07-25 14:51:07.436,0 days 01:04:19.021000,63,641.6766673777807,0 days 00:00:19.976000,11001.600096914286,138.4250038857143,3,56.72500662857143,False,0,pos,1177.6223692596186,0.2698645075506549,OnTrack,-1618.0,2797.0,2168.0,3859.021,19.976
2026-07-25 14:51:07.709,0 days 01:04:19.294000,63,644.7100000000016,0 days 00:00:20.249000,11415.0,155.0,3,85.0,False,0,car,1189.3988888888882,0.2725632204431516,OnTrack,-1660.009514885656,2923.3001964167643,2157.902667262243,3859.294,20.249
2026-07-25 14:51:07.816,0 days 01:04:19.401000,63,645.334167040001,0 days 00:00:20.356000,11237.685608228572,161.11428937142858,3,90.73214628571428,False,0,pos,1194.366656172955,0.2737016363791394,OnTrack,-1680.0,2972.0,2154.0,3859.401,20.356
2026-07-25 14:51:07.989,0 days 01:04:19.574000,63,646.3433333333335,0 days 00:00:20.529000,10951.0,171.0,4,100.0,False,0,car,1202.6988888888882,0.2756110548288726,OnTrack,-1713.4847239978362,3043.2228681390834,2148.0026739100117,3859.574,20.529
2026-07-25 14:51:08.176,0 days 01:04:19.761000,63,647.018611342224,0 days 00:00:20.716000,11552.906456,177.4281272,4,100.0,False,0,pos,1211.977103806129,0.2777372550140513,OnTrack,-1759.0,3127.0,2141.0,3859.761,20.716
2026-07-25 14:51:08.309,0 days 01:04:19.894000,63,647.4988888888918,0 days 00:00:20.849000,11981.0,182.0,4,100.0,False,0,car,1218.8766666666659,0.27931836215185485,OnTrack,-1802.5051441837757,3202.603355313965,2135.041439288491,3859.894,20.849
2026-07-25 14:51:08.536,0 days 01:04:20.121000,63,647.5619444477607,0 days 00:00:21.076000,11500.150512366907,196.64516205989113,4,100.0,False,0,pos,1231.400337035932,0.2821882924666582,OnTrack,-1878.0,3331.0,2125.0,3860.121,21.076
2026-07-25 14:51:08.588,0 days 01:04:20.173000,63,647.5763888888916,0 days 00:00:21.128000,11390.0,200.0,4,100.0,False,0,car,1234.3766666666659,0.28287034959386054,OnTrack,-1890.3832849380901,3352.2947726802595,2123.233951200415,3860.173,21.128
2026-07-25 14:51:08.868,0 days 01:04:20.453000,63,646.87638888889,0 days 00:00:21.408000,11219.0,213.0,5,100.0,False,0,car,1250.9433333333327,0.2866667748813376,OnTrack,-1934.541945519867,3433.747711596938,2116.0927831353874,3860.453,21.408
2026-07-25 14:51:08.935,0 days 01:04:20.520000,63,646.7088887288902,0 days 00:00:21.475000,11355.233463466666,214.4888903111111,5,100.0,False,0,pos,1254.9971315644145,0.28759574523032,OnTrack,-1948.0,3462.0,2114.0,3860.52,21.475
2026-07-25 14:51:09.095,0 days 01:04:20.680000,63,646.3088887288906,0 days 00:00:21.635000,11680.5667968,218.04444586666668,5,100.0,False,0,pos,1264.79226378186,0.2898404024322007,OnTrack,-1987.0,3549.0,2108.0,3860.68,21.635
2026-07-25 14:51:09.228,0 days 01:04:20.813000,63,645.9763888888908,0 days 00:00:21.768000,11951.0,221.0,5,100.0,False,0,car,1273.0433333333326,0.2917312214921973,OnTrack,-2015.4029926559338,3624.313214015197,2102.692398454688,3860.813,21.768
2026-07-25 14:51:09.295,0 days 01:04:20.880000,63,645.7902776000017,0 days 00:00:21.835000,11756.86731456,222.34000128,5,100.0,False,0,pos,1277.2353763575827,0.29269187208435754,OnTrack,-2028.0,3663.0,2100.0,3860.88,21.835
2026-07-25 14:51:09.555,0 days 01:04:21.140000,63,645.0680553777786,0 days 00:00:22.095000,11003.51731456,227.54000128,5,100.0,False,0,pos,1293.754184814789,0.2964773301615765,OnTrack,-2067.0,3821.0,2090.0,3861.14,22.095
2026-07-25 14:51:09.628,0 days 01:04:21.213000,63,644.8652777777784,0 days 00:00:22.168000,10792.0,229.0,6,100.0,False,0,car,1298.487777777777,0.29756208259771205,OnTrack,-2074.4001054185655,3867.019009687987,2087.6738760934227,3861.213,22.168
2026-07-25 14:51:09.715,0 days 01:04:21.300000,63,644.357777404444,0 days 00:00:22.255000,10792.0,233.3500032,6,100.0,False,0,pos,1304.1885396453376,0.29886847192438554,OnTrack,-2081.0,3922.0,2085.0,3861.3,22.255
2026-07-25 14:51:09.788,0 days 01:04:21.373000,63,643.9319444444432,0 days 00:00:22.328000,10792.0,237.0,6,100.0,False,0,car,1309.0211111111103,0.2999759063217417,OnTrack,-2084.6235048156423,3967.558840093535,2082.6013227187987,3861.373,22.328
2026-07-25 14:51:09.915,0 days 01:04:21.500000,63,642.4855548266647,0 days 00:00:22.455000,10912.196489142858,239.72142994285716,6,100.0,False,0,pos,1317.534278274344,0.3019267877962902,OnTrack,-2085.0,4053.0,2078.0,3861.5,22.455
2026-07-25 14:51:10.068,0 days 01:04:21.653000,63,640.7430555555527,0 days 00:00:22.608000,11057.0,243.0,6,100.0,False,0,car,1327.9211111111103,0.30430703939618736,OnTrack,-2071.03325680684,4185.015021469219,2071.5151040338305,3861.653,22.608
2026-07-25 14:51:10.215,0 days 01:04:21.800000,63,637.9255543288864,0 days 00:00:22.755000,11225.233406577778,245.04166755555556,6,100.0,False,0,pos,1337.9775530310424,0.30661157845495246,OnTrack,-2050.0,4304.0,2066.0,3861.8,22.755
2026-07-25 14:51:10.428,0 days 01:04:22.013000,63,633.8430555555535,0 days 00:00:22.968000,11469.0,248.0,6,100.0,False,0,car,1352.7211111111103,0.30999021930339643,OnTrack,-2017.314230663927,4404.868255507201,2061.7538130590924,3862.013,22.968
2026-07-25 14:51:10.515,0 days 01:04:22.100000,63,631.8130540622204,0 days 00:00:23.055000,11520.475037866667,250.1750016,6,100.0,False,0,pos,1358.8192441084877,0.3113876703889684,OnTrack,-1998.0,4447.0,2060.0,3862.1,23.055
2026-07-25 14:51:10.668,0 days 01:04:22.253000,63,628.2430555555541,0 days 00:00:23.208000,11611.0,254.0,6,100.0,False,0,car,1369.6544444444435,0.31387067010025427,OnTrack,-1951.4993766621792,4542.983954916904,2055.8426264335835,3862.253,23.208
2026-07-25 14:51:10.775,0 days 01:04:22.360000,63,625.1519425955548,0 days 00:00:23.315000,11705.2938064,256.0062512,6,100.0,False,0,pos,1377.319491991618,0.31562719607637946,OnTrack,-1915.0,4614.0,2053.0,3862.36,23.315
2026-07-25 14:51:10.975,0 days 01:04:22.560000,63,619.3741648177784,0 days 00:00:23.515000,11881.5438064,259.7562512,6,100.0,False,0,pos,1391.817223519402,0.31894950319407356,OnTrack,-1847.0,4737.0,2049.0,3862.56,23.515
2026-07-25 14:51:10.988,0 days 01:04:22.573000,63,618.9986111111118,0 days 00:00:23.528000,11893.0,260.0,6,100.0,False,0,car,1392.7655555555546,0.31916682341880037,OnTrack,-1842.5535020556213,4745.039632157253,2048.749599039792,3862.573,23.528
2026-07-25 14:51:11.135,0 days 01:04:22.720000,63,614.3844424355539,0 days 00:00:23.675000,11978.26003712,262.94000128,6,100.0,False,0,pos,1403.5355481334987,0.3216348800889521,OnTrack,-1792.0,4836.0,2046.0,3862.72,23.675
2026-07-25 14:51:11.188,0 days 01:04:22.773000,63,612.7208333333308,0 days 00:00:23.728000,12009.0,264.0,6,100.0,False,0,car,1407.4322222222215,0.3225278437940316,OnTrack,-1773.7192489274091,4866.978120979221,2045.2023810669957,3862.773,23.728
2026-07-25 14:51:11.349,0 days 01:04:22.934000,63,607.4436111111111,0 days 00:00:23.889000,10889.0,266.0,7,100.0,False,0,car,1419.3283333333325,0.32525396232792647,OnTrack,-1714.939768599696,4960.6190376864515,2043.4892763970115,3862.934,23.889
2026-07-25 14:51:11.415,0 days 01:04:23,63,605.1152732622216,0 days 00:00:23.955000,10896.8375152,268.062504,7,100.0,False,0,pos,1424.273342552826,0.3263871630149099,OnTrack,-1684.0,5011.0,2043.0,3863.0,23.955
2026-07-25 14:51:11.509,0 days 01:04:23.094000,63,601.7991666666653,0 days 00:00:24.049000,10908.0,271.0,7,100.0,False,0,car,1431.372777777777,0.32801407299970725,OnTrack,-1631.2828676187287,5098.79407632457,2042.4855911011005,3863.094,24.049
2026-07-25 14:51:11.655,0 days 01:04:23.240000,63,596.4052730488888,0 days 00:00:24.195000,11070.79014272,273.19000192,7,100.0,False,0,pos,1442.461478843605,0.33055516505996374,OnTrack,-1553.0,5232.0,2042.0,3863.24,24.195
2026-07-25 14:51:11.709,0 days 01:04:23.294000,63,594.4102777777782,0 days 00:00:24.249000,11131.0,274.0,7,100.0,False,0,car,1446.5949999999991,0.3315024047527881,OnTrack,-1535.2362091196194,5263.096013177283,2041.8696018161418,3863.294,24.249
2026-07-25 14:51:11.935,0 days 01:04:23.520000,63,585.3074948444439,0 days 00:00:24.475000,11206.064328228571,278.8428598857143,7,100.0,False,0,pos,1464.1282777060323,0.33552033909014467,OnTrack,-1487.0,5354.0,2042.0,3863.52,24.475
2026-07-25 14:51:11.989,0 days 01:04:23.574000,63,583.1324999999993,0 days 00:00:24.529000,11224.0,280.0,7,100.0,False,0,car,1468.372777777777,0.336493010764495,OnTrack,-1463.1911930978245,5397.907917625549,2042.3692904081133,3863.574,24.529
2026-07-25 14:51:12.189,0 days 01:04:23.774000,63,574.6325000000008,0 days 00:00:24.729000,11456.0,286.0,7,100.0,False,0,car,1484.2616666666659,0.3401341161709955,OnTrack,-1342.1849670671993,5618.628880827026,2044.5692804131945,3863.774,24.729
2026-07-25 14:51:12.236,0 days 01:04:23.821000,63,572.5697194133339,0 days 00:00:24.776000,11477.653600914286,286.67142948571427,7,100.0,False,0,pos,1488.0232215150684,0.3409961158860884,OnTrack,-1320.0,5659.0,2045.0,3863.821,24.776
2026-07-25 14:51:12.469,0 days 01:04:24.054000,63,562.3436111111107,0 days 00:00:25.009000,11585.0,290.0,7,100.0,False,0,car,1506.8172222222215,0.3453029581116919,OnTrack,-1264.4243243858039,5759.94178220445,2046.278895686244,3864.054,25.009
2026-07-25 14:51:12.576,0 days 01:04:24.161000,63,557.46916375111,0 days 00:00:25.116000,11653.2125408,291.671876,7,100.0,False,0,pos,1515.5420446140529,0.3473023426000478,OnTrack,-1243.0,5799.0,2047.0,3864.161,25.116
2026-07-25 14:51:12.789,0 days 01:04:24.374000,63,547.7658333333309,0 days 00:00:25.329000,11789.0,295.0,7,100.0,False,0,car,1533.0394444444437,0.3513120551461962,OnTrack,-1176.0081261105975,5921.626439114761,2049.511379522345,3864.374,25.329
2026-07-25 14:51:12.916,0 days 01:04:24.501000,63,541.9449970666643,0 days 00:00:25.456000,11551.933213866667,296.05833386666666,7,100.0,False,0,pos,1543.5034401096752,0.35370998941691256,OnTrack,-1110.0,6042.0,2053.0,3864.501,25.456
2026-07-25 14:51:13.029,0 days 01:04:24.614000,63,536.7658333333311,0 days 00:00:25.569000,11341.0,297.0,7,100.0,False,0,car,1552.8394444444436,0.35584943265275826,OnTrack,-1030.272116184925,6186.968750830131,2057.925086069976,3864.614,25.569
2026-07-25 14:51:13.136,0 days 01:04:24.721000,63,531.8913859733323,0 days 00:00:25.676000,11102.542714514286,297.7642861714286,7,100.0,False,0,pos,1561.7081349819503,0.3578817860344524,OnTrack,-967.0,6302.0,2062.0,3864.721,25.676
2026-07-25 14:51:13.309,0 days 01:04:24.894000,63,524.0102777777786,0 days 00:00:25.849000,10717.0,299.0,8,100.0,False,0,car,1576.0949999999993,0.36117868692954536,OnTrack,-940.8105406436006,6349.962827278944,2063.770350099518,3864.894,25.849
2026-07-25 14:51:13.376,0 days 01:04:24.961000,63,520.9580526400003,0 days 00:00:25.916000,10722.4437552,299.4187504,8,100.0,False,0,pos,1581.6776897786738,0.36245801879963985,OnTrack,-927.0,6375.0,2065.0,3864.961,25.916
2026-07-25 14:51:13.469,0 days 01:04:25.054000,63,516.7213888888887,0 days 00:00:26.009000,10730.0,300.0,8,100.0,False,0,car,1589.4283333333326,0.3642341599979373,OnTrack,-888.8347806355689,6443.922841168384,2068.366017575369,3865.054,26.009
2026-07-25 14:51:13.629,0 days 01:04:25.214000,63,509.56583333333197,0 days 00:00:26.169000,10769.0,300.0,8,100.0,False,0,car,1602.7616666666659,0.3672896330663293,OnTrack,-787.0570495406524,6627.427788409745,2077.4268640986056,3865.214,26.169
2026-07-25 14:51:13.696,0 days 01:04:25.281000,63,506.56944158222103,0 days 00:00:26.236000,10782.679179733334,300.8375008,8,100.0,False,0,pos,1608.3828336169704,0.3685777823835486,OnTrack,-749.0,6696.0,2081.0,3865.281,26.236
2026-07-25 14:51:13.869,0 days 01:04:25.454000,63,498.8324999999993,0 days 00:00:26.409000,10818.0,303.0,8,100.0,False,0,car,1622.9616666666657,0.3719186747649431,OnTrack,-672.4199960657937,6833.850819659431,2088.8845296621994,3865.454,26.409
2026-07-25 14:51:14.069,0 days 01:04:25.654000,63,490.1102777777787,0 days 00:00:26.609000,10819.0,302.0,8,100.0,False,0,car,1639.7394444444437,0.3757634783760031,OnTrack,-607.6295521479359,6947.649834081141,2096.318351420991,3865.654,26.609
2026-07-25 14:51:14.116,0 days 01:04:25.701000,63,488.1649973511121,0 days 00:00:26.656000,10812.211101866667,302.0,8,100.0,False,0,pos,1643.6817394070208,0.376666896582439,OnTrack,-592.0,6974.0,2098.0,3865.701,26.656
2026-07-25 14:51:14.429,0 days 01:04:26.014000,63,475.2102777777793,0 days 00:00:26.969000,10767.0,302.0,8,100.0,False,0,car,1669.9394444444438,0.38268412487591097,OnTrack,-480.6285246681661,7150.73895092923,2109.06179785145,3866.014,26.969
2026-07-25 14:51:14.556,0 days 01:04:26.141000,63,470.1655530133325,0 days 00:00:27.096000,10738.954152533333,301.47083306666667,8,100.0,False,0,pos,1680.5630068084022,0.38511862552792026,OnTrack,-426.0,7231.0,2115.0,3866.141,27.096
2026-07-25 14:51:14.669,0 days 01:04:26.254000,63,465.67694444444146,0 days 00:00:27.209000,10714.0,301.0,8,100.0,False,0,car,1690.0061111111104,0.3872826118438409,OnTrack,-371.33357527007576,7308.561441542843,2121.365277916794,3866.254,27.209
2026-07-25 14:51:14.716,0 days 01:04:26.301000,63,463.9536087644421,0 days 00:00:27.256000,10697.214262857144,300.4964278857143,8,100.0,False,0,pos,1693.9334110685381,0.3881825937876972,OnTrack,-348.0,7341.0,2124.0,3866.301,27.256
2026-07-25 14:51:14.949,0 days 01:04:26.534000,63,455.4102777777787,0 days 00:00:27.489000,10614.0,298.0,8,100.0,False,0,car,1713.1838888888883,0.392594042527729,OnTrack,-232.45204024555687,7496.25649938375,2135.66728913761,3866.534,27.489
2026-07-25 14:51:14.996,0 days 01:04:26.581000,63,454.10472074392794,0 days 00:00:27.536000,10481.75970689383,294.46236158569485,8,83.15410278902301,False,0,pos,1716.9407882783698,0.39345497539562047,OnTrack,-209.0,7527.0,2138.0,3866.581,27.536
2026-07-25 14:51:15.076,0 days 01:04:26.661000,63,451.8824990314626,0 days 00:00:27.616000,10256.67015279251,288.4408575906277,8,54.48027424108405,False,0,pos,1723.2232118251573,0.39489465859197853,OnTrack,-169.0,7579.0,2142.0,3866.661,27.616
2026-07-25 14:51:15.228,0 days 01:04:26.813000,63,447.66027777777845,0 days 00:00:27.768000,9829.0,277.0,8,0.0,True,0,car,1734.6513888888883,0.3975135451349069,OnTrack,-94.54548392318624,7674.848422104081,2148.6915219281277,3866.813,27.768
2026-07-25 14:51:15.315,0 days 01:04:26.900000,63,446.3311101333342,0 days 00:00:27.855000,9841.325009066666,269.2666609777778,8,0.0,True,0,pos,1740.8364466177527,0.39893091593368146,OnTrack,-55.0,7728.0,2152.0,3866.9,27.855
2026-07-25 14:51:15.535,0 days 01:04:27.120000,63,442.96999902222365,0 days 00:00:28.075000,9872.491675733334,249.71110542222223,8,0.0,True,0,pos,1755.6132736287639,0.4023171807063139,OnTrack,31.0,7858.0,2159.0,3867.12,28.075
2026-07-25 14:51:15.588,0 days 01:04:27.173000,63,442.16027777777936,0 days 00:00:28.128000,9880.0,245.0,8,0.0,True,0,car,1759.1513888888883,0.40312797689807717,OnTrack,49.09222174930913,7888.970394221444,2160.5011609102708,3867.173,28.128
2026-07-25 14:51:15.748,0 days 01:04:27.333000,63,440.11583333333306,0 days 00:00:28.288000,10804.0,240.0,8,0.0,False,0,car,1769.818055555555,0.4055723553527908,OnTrack,97.63250787852071,7982.772950408038,2164.3508153933913,3867.333,28.288
2026-07-25 14:51:15.795,0 days 01:04:27.380000,63,439.78944399999983,0 days 00:00:28.335000,10761.047163733334,238.69444266666667,8,2.0888917333333334,False,0,pos,1772.8974678629286,0.40627803495566506,OnTrack,110.0,8011.0,2165.0,3867.38,28.335
2026-07-25 14:51:16.015,0 days 01:04:27.600000,63,438.26166622222263,0 days 00:00:28.555000,10559.991608177777,232.58333155555556,8,11.866669511111112,False,0,pos,1786.9431193802598,0.4094967432011067,OnTrack,156.0,8146.0,2167.0,3867.6,28.555
2026-07-25 14:51:16.075,0 days 01:04:27.660000,63,437.8449995555561,0 days 00:00:28.615000,10505.158274844445,230.9166648888889,8,14.533336177777779,False,0,pos,1790.734240365933,0.41036551830641227,OnTrack,165.0,8182.0,2169.0,3867.66,28.615
2026-07-25 14:51:16.108,0 days 01:04:27.693000,63,437.61583333333397,0 days 00:00:28.648000,10475.0,230.0,6,16.0,False,0,car,1792.818055555555,0.41084304639576696,OnTrack,169.34691443135418,8202.055062732612,2169.907964148913,3867.693,28.648
2026-07-25 14:51:16.335,0 days 01:04:27.920000,63,436.73305530666613,0 days 00:00:28.875000,10449.867850057142,227.56785645714285,6,38.7000064,False,0,pos,1807.131784231377,0.41412318733156017,OnTrack,188.0,8344.0,2172.0,3867.92,28.875
2026-07-25 14:51:16.388,0 days 01:04:27.973000,63,436.52694444444364,0 days 00:00:28.928000,10444.0,227.0,6,44.0,False,0,car,1810.4736111111106,0.41488900198382933,OnTrack,189.5933293169451,8376.67998815977,2172.345176740035,3867.973,28.928
2026-07-25 14:51:16.615,0 days 01:04:28.200000,63,435.89638871111254,0 days 00:00:29.155000,10546.859404,227.7093752,6,58.187504,False,0,pos,1824.809899955489,0.41817431281868084,OnTrack,184.0,8516.0,2174.0,3868.2,29.155
2026-07-25 14:51:16.708,0 days 01:04:28.293000,63,435.6380555555579,0 days 00:00:29.248000,10589.0,228.0,6,64.0,False,0,car,1830.7402777777772,0.4195333210477852,OnTrack,175.30264105291505,8575.421677076069,2174.56429454106,3868.293,29.248
2026-07-25 14:51:16.835,0 days 01:04:28.420000,63,435.21472200888917,0 days 00:00:29.375000,10634.861134222223,230.11666773333334,6,76.70000639999999,False,0,pos,1838.9186322443556,0.42140747668401474,OnTrack,158.0,8657.0,2175.0,3868.42,29.375
2026-07-25 14:51:16.955,0 days 01:04:28.540000,63,434.81472200888714,0 days 00:00:29.495000,10678.194467555555,232.11666773333334,6,88.70000639999999,False,0,pos,1846.7278199259213,0.4231970338825429,OnTrack,137.0,8732.0,2175.0,3868.54,29.495
2026-07-25 14:51:17.068,0 days 01:04:28.653000,63,434.43805555555195,0 days 00:00:29.608000,10719.0,234.0,6,100.0,False,0,car,1854.140277777777,0.42489567628281305,OnTrack,114.08806330294325,8803.285003812576,2175.7185767029664,3868.653,29.608
2026-07-25 14:51:17.115,0 days 01:04:28.700000,63,434.1116662222193,0 days 00:00:29.655000,10743.91003392,234.94000128,6,100.0,False,0,pos,1857.2396137064836,0.4256059215923177,OnTrack,104.0,8833.0,2176.0,3868.7,29.655
2026-07-25 14:51:17.268,0 days 01:04:28.853000,63,433.049166666666,0 days 00:00:29.808000,10825.0,238.0,6,100.0,False,0,car,1867.3624999999993,0.4279256870756351,OnTrack,69.5933413864907,8929.390328155372,2176.1841865382294,3868.853,29.808
2026-07-25 14:51:17.395,0 days 01:04:28.980000,63,431.5674992533313,0 days 00:00:29.935000,11005.9750912,238.0,6,100.0,False,0,pos,1875.7465176415253,0.42984697258378063,OnTrack,40.0,9008.0,2176.0,3868.98,29.935
2026-07-25 14:51:17.428,0 days 01:04:29.013000,63,431.1824999999976,0 days 00:00:29.968000,11053.0,238.0,6,100.0,False,0,car,1877.940277777777,0.4303496957098928,OnTrack,32.256551406126775,9028.091085306285,2175.967056311634,3869.013,29.968
2026-07-25 14:51:17.675,0 days 01:04:29.260000,63,425.6249975747336,0 days 00:00:30.215000,11148.789515486229,242.78947577431148,6,100.0,False,0,pos,1894.6728753360692,0.43418414580016307,OnTrack,-25.0,9174.0,2176.0,3869.26,30.215
2026-07-25 14:51:17.789,0 days 01:04:29.374000,63,423.059999999997,0 days 00:00:30.329000,11193.0,245.0,6,100.0,False,0,car,1902.5083333333328,0.4359797231168497,OnTrack,-49.26984326830024,9238.581054844868,2176.2854635457243,3869.374,30.329
2026-07-25 14:51:17.949,0 days 01:04:29.534000,63,419.01555555555615,0 days 00:00:30.489000,11271.0,247.0,6,100.0,False,0,car,1913.4861111111106,0.4384953959431591,OnTrack,-81.28218956707917,9328.321263294989,2176.867016213096,3869.534,30.489
2026-07-25 14:51:18.055,0 days 01:04:29.640000,63,416.21832995555536,0 days 00:00:30.595000,11024.218452,241.0374928,6,66.87496,False,0,pos,1920.4690704394511,0.44009561425556565,OnTrack,-103.0,9393.0,2177.0,3869.64,30.595
2026-07-25 14:51:18.215,0 days 01:04:29.800000,63,411.99610773333194,0 days 00:00:30.755000,10651.718452,232.0374928,6,16.874959999999994,False,0,pos,1930.536331546459,0.44240263264443563,OnTrack,-136.0,9498.0,2177.0,3869.8,30.755
2026-07-25 14:51:18.269,0 days 01:04:29.854000,63,410.5711111111093,0 days 00:00:30.809000,10526.0,229.0,6,0.0,True,0,car,1933.8416666666662,0.44316008482757085,OnTrack,-145.9004683356571,9532.79843816316,2177.28947479484,3869.854,30.809
2026-07-25 14:51:18.375,0 days 01:04:29.960000,63,407.92110791111014,0 days 00:00:30.915000,10635.71013248,220.51998976,6,0.0,True,0,pos,1940.2012379706373,0.444617447241006,OnTrack,-163.0,9599.0,2178.0,3869.96,30.915
2026-07-25 14:51:18.469,0 days 01:04:30.054000,63,405.5711111111109,0 days 00:00:31.009000,10733.0,213.0,6,0.0,True,0,car,1945.6749999999995,0.44587181717576874,OnTrack,-175.60562446119943,9655.239946061902,2178.0504056417863,3870.054,31.009
2026-07-25 14:51:18.576,0 days 01:04:30.161000,63,402.925831751111,0 days 00:00:31.116000,11076.291872,207.6499968,6,0.0,True,0,pos,1951.6922902655022,0.4472507423020893,OnTrack,-187.0,9717.0,2178.0,3870.161,31.116
2026-07-25 14:51:18.756,0 days 01:04:30.341000,63,398.4758317511112,0 days 00:00:31.296000,11653.791872,198.6499968,6,0.0,True,0,pos,1961.3582167006289,0.4494657906448583,OnTrack,-199.0,9817.0,2179.0,3870.341,31.296
2026-07-25 14:51:18.829,0 days 01:04:30.414000,63,396.67111111111126,0 days 00:00:31.369000,11888.0,195.0,5,0.0,True,0,car,1965.1749999999995,0.450340446538292,OnTrack,-201.31939417931,9856.132962078591,2179.366836652738,3870.414,31.369
2026-07-25 14:51:18.996,0 days 01:04:30.581000,63,392.77444295111076,0 days 00:00:31.536000,11469.3069824,187.2464256,5,0.0,True,0,pos,1973.705879701693,0.4522953870266583,OnTrack,-201.0,9943.0,2180.0,3870.581,31.536
2026-07-25 14:51:19.109,0 days 01:04:30.694000,63,390.13777777777705,0 days 00:00:31.649000,11186.0,182.0,4,0.0,True,0,car,1979.330555555555,0.4535843404459015,OnTrack,-196.20441256588484,10000.257256771312,2180.4343748212746,3870.694,31.649
2026-07-25 14:51:19.196,0 days 01:04:30.781000,63,388.1802763377775,0 days 00:00:31.736000,10968.93484032,178.51999744,4,0.0,True,0,pos,1983.5842193416224,0.4545591120814258,OnTrack,-190.0,10043.0,2181.0,3870.781,31.736
2026-07-25 14:51:19.309,0 days 01:04:30.894000,63,385.6377777777782,0 days 00:00:31.849000,10687.0,174.0,4,0.0,True,0,car,1988.9972222222218,0.45579955842048575,OnTrack,-178.67474615005452,10096.253144016599,2182.2452491409204,3870.894,31.849
2026-07-25 14:51:19.376,0 days 01:04:30.961000,63,384.18610972444475,0 days 00:00:31.916000,10574.296320914285,172.08571245714285,4,0.0,True,0,pos,1992.1390289147478,0.45651953635061876,OnTrack,-170.0,10127.0,2183.0,3870.961,31.916
2026-07-25 14:51:19.589,0 days 01:04:31.174000,63,379.5711111111111,0 days 00:00:32.129000,10216.0,166.0,4,0.0,True,0,car,2001.9083333333328,0.458758274841712,OnTrack,-132.5512775692484,10221.39297760315,2184.7225400162306,3871.174,32.129
2026-07-25 14:51:19.696,0 days 01:04:31.281000,63,377.2824986311105,0 days 00:00:32.236000,10111.0061872,164.6624992,4,0.0,True,0,pos,2006.805873295846,0.45988059745097437,OnTrack,-112.0,10263.0,2186.0,3871.281,32.236
2026-07-25 14:51:19.749,0 days 01:04:31.334000,63,376.148888888888,0 days 00:00:32.289000,10059.0,164.0,4,0.0,False,0,car,2009.1972222222219,0.46042860011909964,OnTrack,-102.02261925214627,10281.543840763032,2186.863853508106,3871.334,32.289
2026-07-25 14:51:19.896,0 days 01:04:31.481000,63,373.08638755555467,0 days 00:00:32.436000,9816.4498944,159.71249813333333,4,0.0,False,0,pos,2015.6385266550344,0.46190469253558253,OnTrack,-63.0,10337.0,2190.0,3871.481,32.436
2026-07-25 14:51:19.989,0 days 01:04:31.574000,63,371.148888888888,0 days 00:00:32.529000,9663.0,157.0,4,0.0,False,0,car,2019.6638888888886,0.46282714647778733,OnTrack,-13.990900166392356,10389.712898977845,2192.4523294171277,3871.574,32.529
2026-07-25 14:51:20.056,0 days 01:04:31.641000,63,369.7716653511106,0 days 00:00:32.596000,9588.29492864,156.66499968,4,0.0,False,0,pos,2022.5730100908406,0.4634938020891813,OnTrack,21.0,10425.0,2194.0,3871.641,32.596
2026-07-25 14:51:20.189,0 days 01:04:31.774000,63,367.03777777777805,0 days 00:00:32.729000,9440.0,156.0,4,0.0,False,0,car,2028.330555555555,0.4648132039722421,OnTrack,65.36685808268257,10465.778061455894,2195.6938471834346,3871.774,32.729
2026-07-25 14:51:20.436,0 days 01:04:32.021000,63,362.3036098844436,0 days 00:00:32.976000,9473.1906336,152.140624,4,11.578128,False,0,pos,2038.740705449273,0.46719879892010546,OnTrack,112.0,10487.0,2197.0,3872.021,32.976
2026-07-25 14:51:20.509,0 days 01:04:32.094000,63,360.90444444444324,0 days 00:00:33.049000,9483.0,151.0,4,15.0,False,0,car,2041.7527777777773,0.46788904686109,OnTrack,136.49474415058552,10497.829461158806,2198.052017062187,3872.094,33.049
2026-07-25 14:51:20.669,0 days 01:04:32.254000,63,358.1044444444424,0 days 00:00:33.209000,9548.0,147.0,4,32.0,False,0,car,2048.2861111111106,0.4693862286646021,OnTrack,199.48094441833982,10525.012871193769,2200.8933962700326,3872.254,33.209
2026-07-25 14:51:20.676,0 days 01:04:32.261000,63,357.9838877866647,0 days 00:00:33.216000,9555.5250688,147.0875008,4,32.1312512,False,0,pos,2048.5728062057483,0.46945192785014017,OnTrack,202.0,10526.0,2201.0,3872.261,33.216
2026-07-25 14:51:20.829,0 days 01:04:32.414000,63,355.3488888888887,0 days 00:00:33.369000,9720.0,149.0,4,35.0,False,0,car,2054.908333333333,0.4709037802885701,OnTrack,251.4833324832998,10542.470142572814,2202.8987076074304,3872.414,33.369
2026-07-25 14:51:20.936,0 days 01:04:32.521000,63,353.44666552888884,0 days 00:00:33.476000,9843.6445184,151.3777792,4,40.3500032,False,0,pos,2059.485178615823,0.4719526123509835,OnTrack,308.0,10550.0,2205.0,3872.521,33.476
2026-07-25 14:51:21.096,0 days 01:04:32.681000,63,350.6022210844445,0 days 00:00:33.636000,10028.533407288889,154.93333475555556,4,48.350003199999996,False,0,pos,2066.5235682869134,0.47356553310734834,OnTrack,436.0,10557.0,2210.0,3872.681,33.636
2026-07-25 14:51:21.189,0 days 01:04:32.774000,63,348.9488888888891,0 days 00:00:33.729000,10136.0,157.0,4,53.0,False,0,car,2070.6083333333327,0.47450159982660167,OnTrack,474.69687144088147,10558.029976659456,2211.8457041694082,3872.774,33.729
2026-07-25 14:51:21.349,0 days 01:04:32.934000,63,346.10444444444374,0 days 00:00:33.889000,10356.0,158.0,4,59.0,False,0,car,2077.630555555555,0.4761108156426215,OnTrack,489.1104787039607,10554.356135125614,2213.3684601564273,3872.934,33.889
2026-07-25 14:51:21.396,0 days 01:04:32.981000,63,345.2166654577769,0 days 00:00:33.936000,10438.5438624,159.468752,4,59.0,False,0,pos,2079.734124468255,0.4765928705046411,OnTrack,500.0,10552.0,2214.0,3872.981,33.936
2026-07-25 14:51:21.509,0 days 01:04:33.094000,63,343.08222222222093,0 days 00:00:34.049000,10637.0,163.0,4,59.0,False,0,car,2084.874999999999,0.47777095600978103,OnTrack,544.0178075770657,10543.971339169548,2216.026409185585,3873.094,34.049
2026-07-25 14:51:21.636,0 days 01:04:33.221000,63,340.4716653511098,0 days 00:00:34.176000,10840.2001024,166.1750016,4,69.05417173333333,False,0,pos,2090.748280833106,0.4791168798654306,OnTrack,607.0,10531.0,2219.0,3873.221,34.176
2026-07-25 14:51:21.749,0 days 01:04:33.334000,63,338.14888888888754,0 days 00:00:34.289000,11021.0,169.0,4,78.0,False,0,car,2096.141666666666,0.4803528307525723,OnTrack,658.6582235194409,10515.982709615968,2222.1063510875942,3873.334,34.289
2026-07-25 14:51:21.895,0 days 01:04:33.480000,63,334.5394420041507,0 days 00:00:34.435000,11422.843531868382,175.8652084032184,4,88.06897232472029,False,0,pos,2103.450566741227,0.4820277418028765,OnTrack,723.0,10492.0,2226.0,3873.48,34.435
2026-07-25 14:51:22.068,0 days 01:04:33.653000,63,330.262499999998,0 days 00:00:34.608000,11899.0,184.0,4,100.0,False,0,car,2112.44611111111,0.48408916506970423,OnTrack,802.3027545264335,10457.441827031676,2229.1915584600515,3873.653,34.608
2026-07-25 14:51:22.115,0 days 01:04:33.700000,63,328.98305381333137,0 days 00:00:34.655000,11821.319338666666,185.1750016,4,100.0,False,0,pos,2114.917617730108,0.48465553671315675,OnTrack,824.0,10447.0,2230.0,3873.7,34.655
2026-07-25 14:51:22.375,0 days 01:04:33.960000,63,321.9052760355538,0 days 00:00:34.915000,11391.597116444444,191.6750016,4,100.0,False,0,pos,2128.836292695974,0.48784514695109965,OnTrack,943.0,10381.0,2235.0,3873.96,34.915
2026-07-25 14:51:22.428,0 days 01:04:34.013000,63,320.4624999999983,0 days 00:00:34.968000,11304.0,193.0,4,100.0,False,0,car,2131.74611111111,0.48851196233620164,OnTrack,966.7845226015716,10365.552626807348,2236.2049564237245,3874.013,34.968
2026-07-25 14:51:22.588,0 days 01:04:34.173000,63,315.79583333333403,0 days 00:00:35.128000,10764.0,201.0,5,100.0,False,0,car,2140.679444444443,0.4905591292920242,OnTrack,1037.9212550560105,10314.986736179975,2240.2604947312507,3874.173,35.128
2026-07-25 14:51:22.615,0 days 01:04:34.200000,63,314.9783313955562,0 days 00:00:35.155000,10821.937637333333,201.45000106666666,5,100.0,False,0,pos,2142.201237376443,0.4909078640909787,OnTrack,1050.0,10306.0,2241.0,3874.2,35.155
2026-07-25 14:51:22.795,0 days 01:04:34.380000,63,309.52833139555605,0 days 00:00:35.335000,11208.187637333333,204.45000106666666,5,100.0,False,0,pos,2152.4435846167225,0.4932550053022133,OnTrack,1131.0,10243.0,2246.0,3874.38,35.335
2026-07-25 14:51:22.828,0 days 01:04:34.413000,63,308.52916666666715,0 days 00:00:35.368000,11279.0,205.0,5,100.0,False,0,car,2154.34611111111,0.49369098918712606,OnTrack,1145.7437396035682,10230.877515280277,2246.7690924608673,3874.413,35.368
2026-07-25 14:51:23.015,0 days 01:04:34.600000,63,302.5555535111101,0 days 00:00:35.555000,11582.875104,211.54500224,5,100.0,False,0,pos,2165.3370989422647,0.4962096892356098,OnTrack,1229.0,10159.0,2251.0,3874.6,35.555
2026-07-25 14:51:23.028,0 days 01:04:34.613000,63,302.14027777777665,0 days 00:00:35.568000,11604.0,212.0,5,100.0,False,0,car,2166.1238888888874,0.4963899903975389,OnTrack,1234.858066605319,10153.819140262462,2251.41361831887,3874.613,35.568
2026-07-25 14:51:23.075,0 days 01:04:34.660000,63,300.49527553777665,0 days 00:00:35.615000,11580.179513018182,213.6022749090909,5,100.0,False,0,pos,2168.9980839194286,0.49704864231072327,OnTrack,1256.0,10135.0,2253.0,3874.66,35.615
2026-07-25 14:51:23.875,0 days 01:04:35.460000,63,272.4952755377765,0 days 00:00:36.415000,11174.724967563636,240.8750021818182,5,100.0,False,0,pos,2223.019764883162,0.5094282766577697,OnTrack,1613.0,9770.0,2269.0,3875.46,36.415
2026-07-25 14:51:23.908,0 days 01:04:35.493000,63,271.34027777777646,0 days 00:00:36.448000,11158.0,242.0,6,100.0,False,0,car,2225.279444444443,0.5099461059109713,OnTrack,1634.5816866485004,9746.203585506784,2269.8298371675146,3875.493,36.448
2026-07-25 14:51:24.068,0 days 01:04:35.653000,63,265.74027777777565,0 days 00:00:36.608000,11154.0,246.0,6,100.0,False,0,car,2236.212777777776,0.5124515938270527,OnTrack,1749.1278351415447,9619.028358027646,2274.3029546335456,3875.653,36.608
2026-07-25 14:51:24.195,0 days 01:04:35.780000,63,261.7538861732705,0 days 00:00:36.735000,11269.742461117778,247.4072031746842,6,100.0,False,0,pos,2244.9737747120357,0.51445926809092,OnTrack,1823.0,9537.0,2277.0,3875.78,36.735
2026-07-25 14:51:24.429,0 days 01:04:36.014000,63,254.4088888888905,0 days 00:00:36.969000,11483.0,250.0,6,100.0,False,0,car,2261.2822222222208,0.518196519752519,OnTrack,1887.438879991133,9466.519650760694,2278.4309397533507,3876.014,36.969
2026-07-25 14:51:24.535,0 days 01:04:36.120000,63,251.40555192888937,0 days 00:00:37.075000,11223.82968704,248.40999808,6,56.53994752,False,0,pos,2268.688882949636,0.519893833680969,OnTrack,1917.0,9434.0,2279.0,3876.12,37.075
2026-07-25 14:51:24.629,0 days 01:04:36.214000,63,248.7422222222217,0 days 00:00:37.169000,10994.0,247.0,6,18.0,True,0,car,2275.0044444444425,0.5213411107854056,OnTrack,1953.3769092069629,9393.577390611523,2279.9241264181237,3876.214,37.169
2026-07-25 14:51:24.735,0 days 01:04:36.320000,63,246.88721998222266,0 days 00:00:37.275000,10515.93942272,231.0999808,6,8.45998848,True,0,pos,2281.5787583120614,0.5228476837078306,OnTrack,1998.0,9344.0,2281.0,3876.32,37.275
2026-07-25 14:51:24.829,0 days 01:04:36.414000,63,245.24222222222352,0 days 00:00:37.369000,10092.0,217.0,6,0.0,True,0,car,2287.059999999998,0.5241037676847434,OnTrack,2032.986647846128,9305.471643908957,2281.549136556185,3876.414,37.369
2026-07-25 14:51:24.935,0 days 01:04:36.520000,63,244.2411099022217,0 days 00:00:37.475000,9985.46987136,205.86998656,6,0.0,True,0,pos,2292.985539834333,0.5254616672382055,OnTrack,2074.0,9260.0,2282.0,3876.52,37.475
2026-07-25 14:51:25.029,0 days 01:04:36.614000,63,243.3533333333312,0 days 00:00:37.569000,9891.0,196.0,6,0.0,True,0,car,2297.9488888888873,0.5265990706905969,OnTrack,2118.4448138282582,9209.774776936341,2282.537448971163,3876.614,37.569
2026-07-25 14:51:25.189,0 days 01:04:36.774000,63,243.17555555555737,0 days 00:00:37.729000,10451.0,174.0,6,0.0,True,0,car,2305.6822222222204,0.5283712450702642,OnTrack,2201.3636594813734,9114.699792541467,2283.62540272472,3876.774,37.729
2026-07-25 14:51:25.256,0 days 01:04:36.841000,63,243.43611136000195,0 days 00:00:37.796000,10356.083242666668,168.9749952,6,0.0,True,0,pos,2308.717032830686,0.529066703726402,OnTrack,2227.0,9085.0,2284.0,3876.841,37.796
2026-07-25 14:51:25.429,0 days 01:04:37.014000,63,244.10888888889122,0 days 00:00:37.969000,10111.0,156.0,4,0.0,True,0,car,2316.0822222222205,0.53075451406361,OnTrack,2262.473192430744,9042.787537927781,2284.673086573636,3877.014,37.969
2026-07-25 14:51:25.616,0 days 01:04:37.201000,63,245.35555598222058,0 days 00:00:38.156000,10260.6000512,142.75416213333332,4,0.0,True,0,pos,2323.3925262609905,0.5324297468470264,OnTrack,2284.0,9012.0,2285.0,3877.201,38.156
2026-07-25 14:51:25.669,0 days 01:04:37.254000,63,245.70888888888612,0 days 00:00:38.209000,10303.0,139.0,3,0.0,True,0,car,2325.3488888888874,0.5328780678461424,OnTrack,2293.6287728558377,8997.735033410721,2285.0324586397296,3877.254,38.209
2026-07-25 14:51:25.876,0 days 01:04:37.461000,63,247.60638947555483,0 days 00:00:38.416000,9641.11729536,129.68499712,3,0.0,True,0,pos,2332.514395125561,0.5345201186957088,OnTrack,2338.0,8928.0,2285.0,3877.461,38.416
2026-07-25 14:51:26.036,0 days 01:04:37.621000,63,249.07305614222307,0 days 00:00:38.576000,9129.51729536,122.48499712,3,0.0,True,0,pos,2337.7292974027014,0.5357151682053661,OnTrack,2363.0,8878.0,2285.0,3877.621,38.576
2026-07-25 14:51:26.069,0 days 01:04:37.654000,63,249.37555555555673,0 days 00:00:38.609000,9024.0,121.0,3,0.0,True,0,car,2338.7933333333317,0.5359590031901044,OnTrack,2367.3748764867187,8867.812839109658,2285.0037926186833,3877.654,38.609
2026-07-25 14:51:26.196,0 days 01:04:37.781000,63,250.539722808889,0 days 00:00:38.736000,8756.10924,118.2218736,3,0.0,True,0,pos,2342.85146566533,0.5368889667437337,OnTrack,2382.0,8829.0,2285.0,3877.781,38.736
2026-07-25 14:51:26.389,0 days 01:04:37.974000,63,252.3088888888874,0 days 00:00:38.929000,8349.0,114.0,3,0.0,True,0,car,2348.926666666665,0.5382811627220823,OnTrack,2396.3961684053365,8772.440713804368,2284.8542921151247,3877.974,38.929
2026-07-25 14:51:26.456,0 days 01:04:38.041000,63,252.96027839999869,0 days 00:00:38.996000,8279.4874336,113.1624992,3,0.0,True,0,pos,2351.017428727808,0.5387602827598501,OnTrack,2399.0,8748.0,2285.0,3878.041,38.996
2026-07-25 14:51:26.629,0 days 01:04:38.214000,63,254.64222222222133,0 days 00:00:39.169000,8100.0,111.0,3,0.0,False,0,car,2356.3266666666646,0.5399769502750398,OnTrack,2400.095745151984,8673.55928110064,2285.964287795309,3878.214,39.169
2026-07-25 14:51:26.636,0 days 01:04:38.221000,63,254.72000071111026,0 days 00:00:39.176000,8108.6844544,110.8687488,3,0.3937536,False,0,pos,2356.5364931043023,0.5400250342022327,OnTrack,2400.0,8671.0,2286.0,3878.221,39.176
2026-07-25 14:51:26.949,0 days 01:04:38.534000,63,258.1977777777788,0 days 00:00:39.489000,8497.0,105.0,3,18.0,False,0,car,2365.659999999998,0.5421157814229142,OnTrack,2385.310360520559,8602.93448964319,2286.9064072778237,3878.534,39.489
2026-07-25 14:51:26.976,0 days 01:04:38.561000,63,258.4977784888897,0 days 00:00:39.516000,8502.062512,105.3375008,3,19.687504,False,0,pos,2366.45490388697,0.5422979419793094,OnTrack,2383.0,8597.0,2287.0,3878.561,39.516
2026-07-25 14:51:27.216,0 days 01:04:38.801000,63,261.1644451555544,0 days 00:00:39.756000,8547.062512,108.3375008,3,34.687504,False,0,pos,2373.691488300994,0.5439562811381241,OnTrack,2354.0,8529.0,2288.0,3878.801,39.756
2026-07-25 14:51:27.269,0 days 01:04:38.854000,63,261.75333333333174,0 days 00:00:39.809000,8557.0,109.0,3,38.0,False,0,car,2375.348888888887,0.5443360918526123,OnTrack,2345.0163496235027,8510.771089799537,2288.123774633802,3878.854,39.809
2026-07-25 14:51:27.429,0 days 01:04:39.014000,63,263.39777777777954,0 days 00:00:39.969000,9298.0,117.0,3,50.0,False,0,car,2380.548888888887,0.5455277263492853,OnTrack,2314.1291309532367,8451.907161960338,2288.135368543916,3879.014,39.969
2026-07-25 14:51:27.476,0 days 01:04:39.061000,63,263.7894449777791,0 days 00:00:40.016000,9473.0752384,119.3500032,3,50.0,False,0,pos,2382.178553342681,0.5459011810379664,OnTrack,2306.0,8436.0,2288.0,3879.061,40.016
2026-07-25 14:51:27.749,0 days 01:04:39.334000,63,266.0644444444433,0 days 00:00:40.289000,10490.0,133.0,3,50.0,False,0,car,2392.3711111111093,0.5482369124699261,OnTrack,2272.181203186177,8361.171950536074,2286.1396601765646,3879.334,40.289
2026-07-25 14:51:27.916,0 days 01:04:39.501000,63,267.3633338311103,0 days 00:00:40.456000,10375.419400533334,134.85555626666667,3,41.649996800000004,False,0,pos,2398.665928337828,0.5496794358079279,OnTrack,2258.0,8311.0,2288.0,3879.501,40.456
2026-07-25 14:51:27.956,0 days 01:04:39.541000,63,267.67444494222144,0 days 00:00:40.496000,10347.974956088889,135.30000071111112,3,39.649996800000004,False,0,pos,2400.173147866052,0.550024830958676,OnTrack,2255.0,8297.0,2289.0,3879.541,40.496
2026-07-25 14:51:28.109,0 days 01:04:39.694000,63,268.86444444444396,0 days 00:00:40.649000,10243.0,137.0,3,32.0,False,0,car,2406.071111111109,0.5513764110476989,OnTrack,2247.7477266003084,8240.27842829357,2289.1172729016134,3879.694,40.649
2026-07-25 14:51:28.136,0 days 01:04:39.721000,63,268.90944455111054,0 days 00:00:40.676000,10303.00764224,137.81000192,3,34.7000064,False,0,pos,2407.134341548741,0.5516200614452748,OnTrack,2247.0,8230.0,2289.0,3879.721,40.676
2026-07-25 14:51:28.455,0 days 01:04:40.040000,63,269.44111132444306,0 days 00:00:40.995000,11011.98528448,147.38000384,3,66.6000128,False,0,pos,2420.266979728996,0.5546295431160277,OnTrack,2247.0,8104.0,2290.0,3880.04,40.995
2026-07-25 14:51:28.509,0 days 01:04:40.094000,63,269.53111111110957,0 days 00:00:41.049000,11132.0,149.0,3,72.0,False,0,car,2422.6266666666647,0.555170290107619,OnTrack,2248.170265095663,8081.388116522569,2290.2899133308692,3880.094,41.049
2026-07-25 14:51:28.695,0 days 01:04:40.280000,63,268.54944394389275,0 days 00:00:41.235000,10943.409374589972,158.84401616151243,3,86.50697118538675,False,0,pos,2431.0897836521613,0.5571097020594067,OnTrack,2255.0,8004.0,2291.0,3880.28,41.235
2026-07-25 14:51:28.868,0 days 01:04:40.453000,63,267.63638888888863,0 days 00:00:41.408000,10768.0,168.0,4,100.0,False,0,car,2439.3799999999983,0.5590094920180535,OnTrack,2269.3897192436257,7932.441826138934,2290.8655235178517,3880.453,41.408
2026-07-25 14:51:28.895,0 days 01:04:40.480000,63,267.2988880888887,0 days 00:00:41.435000,10833.081404266666,169.0125024,4,100.0,False,0,pos,2440.7063626520066,0.5593134419202135,OnTrack,2274.0,7915.0,2291.0,3880.48,41.435
2026-07-25 14:51:29.075,0 days 01:04:40.660000,63,265.04888808888904,0 days 00:00:41.615000,11266.956404266666,175.7625024,4,100.0,False,0,pos,2449.7730800647137,0.5613911752357069,OnTrack,2317.0,7765.0,2293.0,3880.66,41.615
2026-07-25 14:51:29.348,0 days 01:04:40.933000,63,261.63638888888954,0 days 00:00:41.888000,11925.0,186.0,4,100.0,False,0,car,2464.179999999998,0.5646926719252625,OnTrack,2338.525295721659,7694.084539720845,2293.0310777221625,3880.933,41.888
2026-07-25 14:51:29.375,0 days 01:04:40.960000,63,261.20888787555623,0 days 00:00:41.915000,11757.937104,187.3500032,4,100.0,False,0,pos,2465.6413074609904,0.5650275458446402,OnTrack,2341.0,7686.0,2293.0,3880.96,41.915
2026-07-25 14:51:29.588,0 days 01:04:41.173000,63,257.8363888888898,0 days 00:00:42.128000,10440.0,198.0,5,100.0,False,0,car,2477.3799999999983,0.5677175902629708,OnTrack,2374.36477552934,7574.966437636917,2293.2097393052263,3881.173,42.128
2026-07-25 14:51:29.755,0 days 01:04:41.340000,63,254.96027667555467,0 days 00:00:42.295000,10697.922321066666,201.71111253333333,5,100.0,False,0,pos,2486.7956938037714,0.5698752951757948,OnTrack,2403.0,7471.0,2294.0,3881.34,42.295
2026-07-25 14:51:29.915,0 days 01:04:41.500000,63,252.20472111999737,0 days 00:00:42.455000,10945.033432177777,205.26666808888888,5,100.0,False,0,pos,2496.037778212274,0.5719932156762437,OnTrack,2424.0,7383.0,2295.0,3881.5,42.455
2026-07-25 14:51:29.948,0 days 01:04:41.533000,63,251.6363888888859,0 days 00:00:42.488000,10996.0,206.0,5,100.0,False,0,car,2497.979999999998,0.5724382961536363,OnTrack,2428.5298950239867,7364.469473785307,2295.0260407382616,3881.533,42.488
2026-07-25 14:51:29.995,0 days 01:04:41.580000,63,250.76166547555266,0 days 00:00:42.535000,11067.479264,207.7625024,5,100.0,False,0,pos,2500.767534481332,0.573077088893756,OnTrack,2435.0,7338.0,2295.0,3881.58,42.535
2026-07-25 14:51:30.188,0 days 01:04:41.773000,63,247.16972222221966,0 days 00:00:42.728000,11361.0,215.0,5,100.0,False,0,car,2512.3133333333317,0.5757229297021578,OnTrack,2457.760550699423,7235.323302680072,2295.4496742269175,3881.773,42.728
2026-07-25 14:51:30.315,0 days 01:04:41.900000,63,245.26472126221972,0 days 00:00:42.855000,11091.654030933334,210.76666453333334,5,47.083306666666665,False,0,pos,2519.7192632005726,0.5774200761463393,OnTrack,2481.0,7155.0,2296.0,3881.9,42.855
2026-07-25 14:51:30.428,0 days 01:04:42.013000,63,243.56972222221975,0 days 00:00:42.968000,10852.0,207.0,5,0.0,True,0,car,2526.113333333332,0.5788853443279435,OnTrack,2512.9109663057784,7066.128727753132,2296.539804047619,3882.013,42.968
2026-07-25 14:51:30.535,0 days 01:04:42.120000,63,242.4997215822201,0 days 00:00:43.075000,10940.2750528,201.2041632,5,0.0,True,0,pos,2531.9662944824145,0.580226611715046,OnTrack,2544.0,6988.0,2297.0,3882.12,43.075
2026-07-25 14:51:30.668,0 days 01:04:42.253000,63,241.16972222222057,0 days 00:00:43.208000,11050.0,194.0,5,0.0,True,0,car,2539.046666666665,0.5818491532042837,OnTrack,2572.4030812459514,6926.24149888006,2297.381380883087,3882.253,43.208
2026-07-25 14:51:30.915,0 days 01:04:42.500000,63,239.86611047642657,0 days 00:00:43.455000,11434.124742177877,187.84697209326055,5,0.0,True,0,pos,2551.902880143126,0.5847952892571954,OnTrack,2620.0,6862.0,2298.0,3882.5,43.455
2026-07-25 14:51:30.949,0 days 01:04:42.534000,63,239.68666666666832,0 days 00:00:43.489000,11487.0,187.0,4,0.0,False,0,car,2553.6430555555535,0.5851940686902167,OnTrack,2629.7831721412776,6850.241240877934,2298.146886762574,3882.534,43.489
2026-07-25 14:51:31.109,0 days 01:04:42.694000,63,239.3311111111111,0 days 00:00:43.649000,11211.0,182.0,4,0.0,False,0,car,2561.7319444444424,0.5870477223517079,OnTrack,2684.5185089211227,6786.899958000307,2298.91066403052,3882.694,43.649
2026-07-25 14:51:31.155,0 days 01:04:42.740000,63,239.30555548444403,0 days 00:00:43.695000,11161.8373632,180.8499968,4,0.0,False,0,pos,2564.0228244827786,0.5875727015212119,OnTrack,2700.0,6770.0,2299.0,3882.74,43.695
2026-07-25 14:51:31.269,0 days 01:04:42.854000,63,239.2422222222208,0 days 00:00:43.809000,11040.0,178.0,4,0.0,False,0,car,2569.6430555555535,0.5888606363722871,OnTrack,2736.574582472018,6733.024837780302,2298.8931541727893,3882.854,43.809
2026-07-25 14:51:31.335,0 days 01:04:42.920000,63,239.3705558044447,0 days 00:00:43.875000,10931.5122896,176.7624976,4,0.0,False,0,pos,2572.873047594226,0.5896008228986834,OnTrack,2766.0,6711.0,2299.0,3882.92,43.875
2026-07-25 14:51:31.429,0 days 01:04:43.014000,63,239.553333333336,0 days 00:00:43.969000,10777.0,175.0,4,0.0,False,0,car,2577.4208333333313,0.5906429956621825,OnTrack,2826.557993359144,6675.526317064476,2299.6989417400255,3883.014,43.969
2026-07-25 14:51:31.555,0 days 01:04:43.140000,63,240.3233341155569,0 days 00:00:44.095000,10807.3187808,172.2437472,4,15.3562656,False,0,pos,2583.361523591133,0.5920043670939604,OnTrack,2916.0,6631.0,2301.0,3883.14,44.095
2026-07-25 14:51:31.749,0 days 01:04:43.334000,63,241.50888888888812,0 days 00:00:44.289000,10854.0,168.0,4,39.0,False,0,car,2592.3541666666647,0.5940651254987815,OnTrack,2997.612133984842,6599.485509709464,2301.979182877723,3883.334,44.289
2026-07-25 14:51:31.949,0 days 01:04:43.534000,63,242.9533333333352,0 days 00:00:44.489000,10981.0,170.0,4,52.0,False,0,car,2601.798611111109,0.5962294189222258,OnTrack,3043.390306397042,6597.750272920323,2302.0272006451773,3883.534,44.489
2026-07-25 14:51:32.036,0 days 01:04:43.621000,63,243.5816671288899,0 days 00:00:44.576000,11062.8344352,171.9031264,4,57.9812544,False,0,pos,2606.0069947166253,0.5971938141298347,OnTrack,3075.0,6595.0,2302.0,3883.621,44.576
2026-07-25 14:51:32.136,0 days 01:04:43.721000,63,244.30388935111114,0 days 00:00:44.676000,11156.8969352,174.0906264,4,64.8562544,False,0,pos,2610.9248460004364,0.5983207912912379,OnTrack,3124.0,6590.0,2302.0,3883.721,44.676
2026-07-25 14:51:32.269,0 days 01:04:43.854000,63,245.26444444444314,0 days 00:00:44.809000,11282.0,177.0,4,74.0,False,0,car,2617.531944444442,0.5998348771429284,OnTrack,3235.6885579663667,6581.826087528003,2302.566022368043,3883.854,44.809
2026-07-25 14:51:32.356,0 days 01:04:43.941000,63,245.91694492444432,0 days 00:00:44.896000,11345.94504704,178.74000128,4,85.31000832,False,0,pos,2621.8818976752295,0.6008317145138361,OnTrack,3305.0,6577.0,2303.0,3883.941,44.896
2026-07-25 14:51:32.469,0 days 01:04:44.054000,63,246.76444444444587,0 days 00:00:45.009000,11429.0,181.0,4,100.0,False,0,car,2627.587499999998,0.6021392130820074,OnTrack,3360.7080434515638,6572.491092872947,2303.3540478717773,3884.054,45.009
2026-07-25 14:51:32.669,0 days 01:04:44.254000,63,248.26444444444178,0 days 00:00:45.209000,11592.0,184.0,4,74.0,True,0,car,2637.80972222222,0.6044817424344412,OnTrack,3401.6731803295297,6566.895821720249,2303.7804795974944,3884.254,45.209
2026-07-25 14:51:32.716,0 days 01:04:44.301000,63,248.7605562311086,0 days 00:00:45.256000,11429.6539456,182.4333312,4,59.5083136,True,0,pos,2640.154633358129,0.605019103396207,OnTrack,3416.0,6565.0,2304.0,3884.301,45.256
2026-07-25 14:51:32.909,0 days 01:04:44.494000,63,250.797777777776,0 days 00:00:45.449000,10763.0,176.0,4,0.0,True,0,car,2649.543055555553,0.6071705587346261,OnTrack,3501.912579893092,6553.165135145804,2305.4067040492146,3884.494,45.449
2026-07-25 14:51:32.996,0 days 01:04:44.581000,63,251.8127785244437,0 days 00:00:45.536000,10644.67991296,174.69499904,4,0.0,True,0,pos,2653.7383149530388,0.6081319463924213,OnTrack,3552.0,6540.0,2306.0,3884.581,45.536
2026-07-25 14:51:33.109,0 days 01:04:44.694000,63,253.13111111111175,0 days 00:00:45.649000,10491.0,173.0,4,0.0,False,0,car,2659.1541666666644,0.6093730455714254,OnTrack,3625.9133188284886,6512.3097454422605,2306.5538658118326,3884.694,45.649
2026-07-25 14:51:33.236,0 days 01:04:44.821000,63,254.78916750222305,0 days 00:00:45.776000,10345.479093333333,170.88333226666666,4,0.0,False,0,pos,2665.1744670581643,0.6107526604996648,OnTrack,3706.0,6474.0,2307.0,3884.821,45.776
2026-07-25 14:51:33.349,0 days 01:04:44.934000,63,256.2644444444454,0 days 00:00:45.889000,10216.0,169.0,4,0.0,False,0,car,2670.4208333333313,0.6119549203142166,OnTrack,3759.814416425548,6440.544617035627,2307.3548980408314,3884.934,45.889
2026-07-25 14:51:33.576,0 days 01:04:45.161000,63,260.110834417776,0 days 00:00:46.116000,9988.2905608,161.906248,4,0.0,False,0,pos,2680.529025014834,0.6142713183731898,OnTrack,3828.0,6382.0,2308.0,3885.161,46.116
2026-07-25 14:51:33.669,0 days 01:04:45.254000,63,261.68666666666377,0 days 00:00:46.209000,9895.0,159.0,4,0.0,False,0,car,2684.5541666666645,0.615193721766712,OnTrack,3846.434769126369,6365.42489785281,2308.268549805896,3885.254,46.209
2026-07-25 14:51:33.896,0 days 01:04:45.481000,63,266.10055679999766,0 days 00:00:46.436000,9738.622178133333,154.58610986666667,4,4.413890133333333,False,0,pos,2694.174903230027,0.6173984143767707,OnTrack,3884.0,6326.0,2309.0,3885.481,46.436
2026-07-25 14:51:34.029,0 days 01:04:45.614000,63,268.6866666666647,0 days 00:00:46.569000,9647.0,152.0,4,7.0,False,0,car,2699.7541666666643,0.618676961064679,OnTrack,3917.3451543693322,6283.835119214059,2309.5448837487506,3885.614,46.569
2026-07-25 14:51:34.156,0 days 01:04:45.741000,63,271.2266679466667,0 days 00:00:46.696000,9728.91504128,151.36499968,4,17.79500544,False,0,pos,2705.079134146117,0.6198972331689439,OnTrack,3950.0,6239.0,2310.0,3885.741,46.696
2026-07-25 14:51:34.229,0 days 01:04:45.814000,63,272.68666666666786,0 days 00:00:46.769000,9776.0,151.0,4,24.0,False,0,car,2708.143055555553,0.6205993628702089,OnTrack,3965.729996684897,6215.36680181365,2310.169506745338,3885.814,46.769
2026-07-25 14:51:34.389,0 days 01:04:45.974000,63,275.8866666666654,0 days 00:00:46.929000,9957.0,152.0,4,41.0,False,0,car,2714.898611111109,0.6221474692248609,OnTrack,3994.5332922116304,6159.390024791302,2310.621577196127,3885.974,46.929
2026-07-25 14:51:34.436,0 days 01:04:46.021000,63,276.7875012266661,0 days 00:00:46.976000,10022.56508928,153.1750016,4,42.88000256,False,0,pos,2716.917466062242,0.6226101109947743,OnTrack,4003.0,6135.0,2311.0,3886.021,46.976
2026-07-25 14:51:34.589,0 days 01:04:46.174000,63,279.7200000000016,0 days 00:00:47.129000,10236.0,157.0,4,49.0,False,0,car,2723.620833333331,0.6241462578571007,OnTrack,4030.8803816633754,6028.892781527007,2313.0725549487192,3886.174,47.129
2026-07-25 14:51:34.656,0 days 01:04:46.241000,63,280.8925011200008,0 days 00:00:47.196000,10345.0844792,158.6750016,4,52.9781288,False,0,pos,2726.6197754866585,0.6248334968808374,OnTrack,4040.0,5983.0,2314.0,3886.241,47.196
2026-07-25 14:51:34.909,0 days 01:04:46.494000,63,285.3199999999979,0 days 00:00:47.449000,10757.0,165.0,4,68.0,False,0,car,2738.2874999999976,0.6275072782323318,OnTrack,4047.437738016988,5857.440306483294,2316.317485658743,3886.494,47.449
2026-07-25 14:51:35.055,0 days 01:04:46.640000,63,287.22611278222223,0 days 00:00:47.595000,11038.41524672,169.38000384,4,79.68001024,False,0,pos,2745.260345341284,0.629105178818609,OnTrack,4044.0,5806.0,2317.0,3886.64,47.595
2026-07-25 14:51:35.309,0 days 01:04:46.894000,63,290.542222222226,0 days 00:00:47.849000,11528.0,177.0,4,100.0,False,0,car,2757.954166666664,0.63201410100821,OnTrack,4037.5873897873203,5732.93790680224,2317.3971260356393,3886.894,47.849
2026-07-25 14:51:35.435,0 days 01:04:47.020000,63,291.032222648568,0 days 00:00:47.975000,11283.46220180961,183.027340096242,4,100.0,False,0,pos,2764.617669125142,0.6335411124309382,OnTrack,4027.0,5676.0,2318.0,3887.02,47.975
2026-07-25 14:51:35.735,0 days 01:04:47.320000,63,292.1988891451496,0 days 00:00:48.275000,10701.229940449393,197.37813527061354,4,100.0,False,0,pos,2781.3529906504864,0.6373761867468061,OnTrack,3980.0,5476.0,2321.0,3887.32,48.275
2026-07-25 14:51:35.748,0 days 01:04:47.333000,63,292.249444444446,0 days 00:00:48.288000,10676.0,198.0,5,100.0,False,0,car,2782.099166666664,0.6375471808009343,OnTrack,3978.35312243892,5469.432306415684,2321.0904773552866,3887.333,48.288
2026-07-25 14:51:35.995,0 days 01:04:47.580000,63,291.63194428444626,0 days 00:00:48.535000,11169.31401671111,207.60555804444445,5,100.0,False,0,pos,2796.5739265403317,0.6408642237233418,OnTrack,3953.0,5377.0,2322.0,3887.58,48.535
2026-07-25 14:51:36.108,0 days 01:04:47.693000,63,291.34944444444636,0 days 00:00:48.648000,11395.0,212.0,5,100.0,False,0,car,2803.2991666666644,0.6424053829796776,OnTrack,3935.067460837919,5316.559649514045,2322.455865173183,3887.693,48.648
2026-07-25 14:51:36.195,0 days 01:04:47.780000,63,290.96277749333444,0 days 00:00:48.735000,11477.6500608,214.1750016,5,100.0,False,0,pos,2808.497885417717,0.6435967238647265,OnTrack,3920.0,5265.0,2323.0,3887.78,48.735
2026-07-25 14:51:36.268,0 days 01:04:47.853000,63,290.6383333333338,0 days 00:00:48.808000,11547.0,216.0,5,100.0,False,0,car,2812.8991666666643,0.6446053235889198,OnTrack,3907.9029250529693,5222.1848260795405,2323.6473956851332,3887.853,48.808
2026-07-25 14:51:36.395,0 days 01:04:47.980000,63,289.82694403555524,0 days 00:00:48.935000,11532.939278628572,219.1750016,5,100.0,False,0,pos,2820.6880891863316,0.6463902368132175,OnTrack,3888.0,5148.0,2325.0,3887.98,48.935
2026-07-25 14:51:36.548,0 days 01:04:48.133000,63,288.8494444444432,0 days 00:00:49.088000,11516.0,223.0,5,100.0,False,0,car,2830.2436111111087,0.6485799848053864,OnTrack,3865.8398676509582,5057.452031313047,2326.537786872807,3888.133,49.088
2026-07-25 14:51:36.695,0 days 01:04:48.280000,63,287.706110613334,0 days 00:00:49.235000,10902.2747328,227.41000192,5,100.0,False,0,pos,2839.5504925399705,0.6507127542221317,OnTrack,3848.0,4967.0,2328.0,3888.28,49.235
2026-07-25 14:51:36.748,0 days 01:04:48.333000,63,287.29388888889025,0 days 00:00:49.288000,10681.0,229.0,5,100.0,False,0,car,2842.965833333331,0.6514954153581437,OnTrack,3842.7638353722155,4933.05273734577,2328.545766814744,3888.333,49.288
2026-07-25 14:51:36.895,0 days 01:04:48.480000,63,285.90555495110925,0 days 00:00:49.435000,10845.64007168,235.61500288,5,100.0,False,0,pos,2852.64358905397,0.6537131745056604,OnTrack,3831.0,4837.0,2330.0,3888.48,49.435
2026-07-25 14:51:36.948,0 days 01:04:48.533000,63,285.404999999997,0 days 00:00:49.488000,10905.0,238.0,6,100.0,False,0,car,2856.1880555555535,0.6545254261509659,OnTrack,3827.4077066645445,4802.804714706103,2330.434050887305,3888.533,49.488
2026-07-25 14:51:37.015,0 days 01:04:48.600000,63,284.7349993599972,0 days 00:00:49.555000,10985.772299377777,239.4888903111111,6,100.0,False,0,pos,2860.702434570648,0.655559943413551,OnTrack,3824.0,4760.0,2331.0,3888.6,49.555
2026-07-25 14:51:37.275,0 days 01:04:48.860000,63,282.13499935999795,0 days 00:00:49.815000,11299.216743822222,245.26666808888888,6,100.0,False,0,pos,2878.5114672586656,0.6596410698949774,OnTrack,3827.0,4597.0,2334.0,3888.86,49.815
2026-07-25 14:51:37.308,0 days 01:04:48.893000,63,281.804999999998,0 days 00:00:49.848000,11339.0,246.0,6,100.0,False,0,car,2880.7880555555535,0.6601627739621491,OnTrack,3827.7287815087866,4576.281609785039,2334.280834011495,3888.893,49.848
2026-07-25 14:51:37.535,0 days 01:04:49.120000,63,279.5980544306849,0 days 00:00:50.075000,11469.060564512014,249.2313183729693,6,100.0,False,0,pos,2896.5269002385653,0.6637694951663902,OnTrack,3839.0,4419.0,2336.0,3889.12,50.075
2026-07-25 14:51:37.589,0 days 01:04:49.174000,63,279.0730555555574,0 days 00:00:50.129000,11500.0,250.0,6,100.0,False,0,car,2900.301944444442,0.6646345861091185,OnTrack,3847.1749609595995,4370.832788066069,2336.7842821202635,3889.174,50.129
2026-07-25 14:51:37.815,0 days 01:04:49.400000,63,277.0013877155562,0 days 00:00:50.355000,11610.74006272,252.8250016,6,100.0,False,0,pos,2916.2540687670476,0.6682901825779707,OnTrack,3901.0,4147.0,2341.0,3889.4,50.355
2026-07-25 14:51:37.989,0 days 01:04:49.574000,63,275.4063888888886,0 days 00:00:50.529000,11696.0,255.0,6,100.0,False,0,car,2928.635277777776,0.6711274663794516,OnTrack,3947.7688045709633,4015.2581343005254,2342.902464597885,3889.574,50.529
2026-07-25 14:51:38.135,0 days 01:04:49.720000,63,274.1086099733353,0 days 00:00:50.675000,11741.26003968,256.46000128,6,100.0,False,0,pos,2939.0534965658626,0.6735149103990228,OnTrack,3990.0,3925.0,2344.0,3889.72,50.675
2026-07-25 14:51:38.189,0 days 01:04:49.774000,63,273.62861111111397,0 days 00:00:50.729000,11758.0,257.0,6,100.0,False,0,car,2942.9130555555535,0.674399368790188,OnTrack,4006.484179690745,3893.7659814806175,2344.412702493854,3889.774,50.729
2026-07-25 14:51:38.349,0 days 01:04:49.934000,63,272.20638888888925,0 days 00:00:50.889000,11838.0,258.0,6,100.0,False,0,car,2954.3797222222206,0.6770270756290052,OnTrack,4058.067014426523,3808.0337191717254,2345.6569785521597,3889.934,50.889
2026-07-25 14:51:38.616,0 days 01:04:50.201000,63,269.9072216711102,0 days 00:00:51.156000,11858.978576457142,260.8607149714286,6,100.0,False,0,pos,2973.734661327076,0.6814624627671492,OnTrack,4149.0,3683.0,2348.0,3890.201,51.156
2026-07-25 14:51:38.629,0 days 01:04:50.214000,63,269.79527777777685,0 days 00:00:51.169000,11860.0,261.0,6,100.0,False,0,car,2974.6797222222203,0.681679033375632,OnTrack,4153.452488941702,3677.3464171460782,2348.1285290009414,3890.214,51.169
2026-07-25 14:51:38.869,0 days 01:04:50.454000,63,267.7286111111107,0 days 00:00:51.409000,11887.0,262.0,6,100.0,False,0,car,2992.146388888887,0.6856817030952255,OnTrack,4239.700954660299,3570.3374956598295,2350.7003908693714,3890.454,51.409
2026-07-25 14:51:38.896,0 days 01:04:50.481000,63,267.4811105244443,0 days 00:00:51.436000,11891.21876,262.0,6,96.1187408,False,0,pos,2994.1166165545956,0.6861332014130633,OnTrack,4251.0,3555.0,2351.0,3890.481,51.436
2026-07-25 14:51:39.189,0 days 01:04:50.774000,63,264.7952777777805,0 days 00:00:51.729000,11937.0,262.0,6,54.0,True,0,car,3015.435277777776,0.6910185960546835,OnTrack,4390.683847097693,3343.3483118469208,2354.2750656518633,3890.774,51.729
2026-07-25 14:51:39.256,0 days 01:04:50.841000,63,264.0322214933361,0 days 00:00:51.796000,11761.403998933334,259.4874976,6,38.9249856,True,0,pos,3020.217473164019,0.6921144862454677,OnTrack,4416.0,3300.0,2355.0,3890.841,51.796
2026-07-25 14:51:39.429,0 days 01:04:51.014000,63,262.06194444444736,0 days 00:00:51.969000,11308.0,253.0,6,0.0,True,0,car,3032.3019444444426,0.6948837694861993,OnTrack,4459.796666589483,3212.068762243809,2356.8005711653855,3891.014,51.969
2026-07-25 14:51:39.556,0 days 01:04:51.141000,63,260.0511100977799,0 days 00:00:52.096000,11132.509002472727,247.80454283636362,6,1.7318190545454546,True,0,pos,3040.829423406992,0.6968379306595506,OnTrack,4484.0,3148.0,2358.0,3891.141,52.096
2026-07-25 14:51:39.836,0 days 01:04:51.421000,63,255.6177767644448,0 days 00:00:52.376000,10745.599911563637,236.34999738181818,6,5.5500008727272725,True,0,pos,3058.902468491167,0.7009795583484403,OnTrack,4535.0,2969.0,2360.0,3891.421,52.376
2026-07-25 14:51:39.869,0 days 01:04:51.454000,63,255.09527777777794,0 days 00:00:52.409000,10700.0,235.0,6,6.0,False,0,car,3061.0241666666648,0.7014657677210271,OnTrack,4538.780136240799,2948.0661277665045,2360.131145357428,3891.454,52.409
2026-07-25 14:51:40.069,0 days 01:04:51.654000,63,251.26194444444627,0 days 00:00:52.609000,10528.0,231.0,6,18.0,False,0,car,3073.8574999999983,0.7044066605493544,OnTrack,4549.879017768543,2824.4399143146447,2360.9369494546727,3891.654,52.609
2026-07-25 14:51:40.076,0 days 01:04:51.661000,63,251.10249854222394,0 days 00:00:52.616000,10526.03998208,230.89499904,6,19.0500096,False,0,pos,3074.3034342698293,0.704508851060735,OnTrack,4550.0,2820.0,2361.0,3891.661,52.616
2026-07-25 14:51:40.236,0 days 01:04:51.821000,63,247.45805409777725,0 days 00:00:52.776000,10481.23998208,228.49499904,6,43.050009599999996,False,0,pos,3084.4348013593917,0.7068305600073462,OnTrack,4549.0,2718.0,2363.0,3891.821,52.776
2026-07-25 14:51:40.269,0 days 01:04:51.854000,63,246.7063888888879,0 days 00:00:52.809000,10472.0,228.0,6,48.0,False,0,car,3086.5241666666648,0.7073093599643268,OnTrack,4548.197845604168,2698.432195570069,2363.381700901516,3891.854,52.809
2026-07-25 14:51:40.516,0 days 01:04:52.101000,63,239.09055358222253,0 days 00:00:53.056000,10571.5719008,228.7718752,6,68.8406304,False,0,pos,3102.230618505061,0.710908658008743,OnTrack,4522.0,2545.0,2366.0,3892.101,53.056
2026-07-25 14:51:40.589,0 days 01:04:52.174000,63,236.83972222222292,0 days 00:00:53.129000,10601.0,229.0,6,75.0,False,0,car,3106.87972222222,0.7119740488487385,OnTrack,4497.249236839631,2477.2595268725972,2367.2131037618933,3892.174,53.129
2026-07-25 14:51:40.696,0 days 01:04:52.281000,63,233.33249790222195,0 days 00:00:53.236000,10643.1312752,229.6687504,6,91.71876,False,0,pos,3113.696638245956,0.7135362165977397,OnTrack,4456.0,2378.0,2369.0,3892.281,53.236
2026-07-25 14:51:40.749,0 days 01:04:52.334000,63,231.59527777777703,0 days 00:00:53.289000,10664.0,230.0,6,100.0,False,0,car,3117.101944444443,0.7143165782011724,OnTrack,4439.964253763476,2342.2061114798466,2369.6168730533327,3892.334,53.289
2026-07-25 14:51:41.036,0 days 01:04:52.621000,63,220.2747196977782,0 days 00:00:53.576000,10916.9188064,236.2781264,6,100.0,False,0,pos,3135.9830987549753,0.7186433925883713,OnTrack,4376.0,2243.0,2371.0,3892.621,53.576
2026-07-25 14:51:41.069,0 days 01:04:52.654000,63,218.97305555555613,0 days 00:00:53.609000,10946.0,237.0,6,100.0,False,0,car,3138.1686111111094,0.7191442256492317,OnTrack,4365.041121672243,2228.886788951922,2371.195163286532,3892.654,53.609
2026-07-25 14:51:41.269,0 days 01:04:52.854000,63,210.41749999999956,0 days 00:00:53.809000,11060.0,239.0,6,100.0,False,0,car,3151.4463888888868,0.7221869675798387,OnTrack,4281.815393596814,2124.997502230467,2372.6862651754923,3892.854,53.809
2026-07-25 14:51:41.316,0 days 01:04:52.901000,63,208.17194138666616,0 days 00:00:53.856000,11117.071506285714,239.83928685714287,6,100.0,False,0,pos,3154.602902973106,0.7229103158629137,OnTrack,4263.0,2103.0,2373.0,3892.901,53.856
2026-07-25 14:51:41.496,0 days 01:04:53.081000,63,199.57194138666588,0 days 00:00:54.036000,11335.642934857144,243.05357257142856,6,100.0,False,0,pos,3166.8205971285265,0.7257101285216437,OnTrack,4195.0,2030.0,2374.0,3893.081,54.036
2026-07-25 14:51:41.549,0 days 01:04:53.134000,63,197.03972222222137,0 days 00:00:54.089000,11400.0,244.0,6,100.0,False,0,car,3170.4241666666644,0.7265359242471833,OnTrack,4171.140661394077,2005.3675538433872,2374.3137235522145,3893.134,54.089
2026-07-25 14:51:41.675,0 days 01:04:53.260000,63,190.77471585777727,0 days 00:00:54.215000,11352.749952,244.63000064,6,100.0,False,0,pos,3178.984302641866,0.7284975691172335,OnTrack,4109.0,1942.0,2375.0,3893.26,54.215
2026-07-25 14:51:41.749,0 days 01:04:53.334000,63,187.09527777777748,0 days 00:00:54.289000,11325.0,245.0,6,100.0,False,0,car,3184.0352777777757,0.7296550530045002,OnTrack,4073.898033903799,1906.7839357209975,2375.209481050041,3893.334,54.289
2026-07-25 14:51:41.949,0 days 01:04:53.534000,63,176.76194444444536,0 days 00:00:54.489000,11320.0,248.0,6,100.0,False,0,car,3197.813055555553,0.7328123751751718,OnTrack,3971.7752363500827,1804.8309395954739,2375.022064718802,3893.534,54.489
2026-07-25 14:51:41.955,0 days 01:04:53.540000,63,176.44527109486503,0 days 00:00:54.495000,11318.580615207315,248.0215058301922,6,100.0,False,0,pos,3198.226906089532,0.7329072133622402,OnTrack,3968.0,1801.0,2375.0,3893.54,54.495
2026-07-25 14:51:42.135,0 days 01:04:53.720000,63,166.9452732740758,0 days 00:00:54.675000,11275.999979813625,248.66666697252083,6,100.0,False,0,pos,3210.638396144119,0.7357514363822706,OnTrack,3843.0,1673.0,2374.0,3893.72,54.675
2026-07-25 14:51:42.228,0 days 01:04:53.813000,63,162.036944444445,0 days 00:00:54.768000,11254.0,249.0,6,100.0,False,0,car,3217.110555555553,0.7372345995404689,OnTrack,3788.6545670815112,1617.3606122792128,2373.4212483917045,3893.813,54.768
2026-07-25 14:51:42.548,0 days 01:04:54.133000,63,144.43694444444418,0 days 00:00:55.088000,10428.0,256.0,7,100.0,False,0,car,3239.8661111111087,0.7424492735771913,OnTrack,3658.6028953212654,1484.670869265278,2371.06766555315,3894.133,55.088
2026-07-25 14:51:42.555,0 days 01:04:54.140000,63,144.04416307555536,0 days 00:00:55.095000,10434.3000576,256.218752,7,100.0,False,0,pos,3240.370798713753,0.7425649280305285,OnTrack,3656.0,1482.0,2371.0,3894.14,55.095
2026-07-25 14:51:42.708,0 days 01:04:54.293000,63,135.4591666666679,0 days 00:00:55.248000,10572.0,261.0,7,100.0,False,0,car,3251.4661111111086,0.7451075351466923,OnTrack,3599.6295267997853,1423.9335529878879,2369.3254593441197,3894.293,55.248
2026-07-25 14:51:42.815,0 days 01:04:54.400000,63,129.36610746666705,0 days 00:00:55.355000,10569.3249984,262.60500096,7,100.0,False,0,pos,3259.292331959292,0.7469009956738606,OnTrack,3555.0,1378.0,2368.0,3894.4,55.355
2026-07-25 14:51:42.908,0 days 01:04:54.493000,63,124.07027777777739,0 days 00:00:55.448000,10567.0,264.0,7,100.0,False,0,car,3266.1327777777756,0.7484685555219235,OnTrack,3509.753059728776,1331.60288697292,2366.77959030112,3894.493,55.448
2026-07-25 14:51:43.035,0 days 01:04:54.620000,63,116.80305189333268,0 days 00:00:55.575000,10620.067883885715,265.3607149714286,7,100.0,False,0,pos,3275.524255365642,0.7506207110350837,OnTrack,3443.0,1263.0,2365.0,3894.62,55.575
2026-07-25 14:51:43.188,0 days 01:04:54.773000,63,108.04805555555458,0 days 00:00:55.728000,10684.0,267.0,7,100.0,False,0,car,3286.8994444444425,0.7532274548259441,OnTrack,3364.1722104034943,1181.1073470527056,2362.6900242620627,3894.773,55.728
2026-07-25 14:51:43.235,0 days 01:04:54.820000,63,105.35860744888812,0 days 00:00:55.775000,10691.553581714286,267.33571474285714,7,100.0,False,0,pos,3290.403084012042,0.7540303505514558,OnTrack,3340.0,1156.0,2362.0,3894.82,55.775
2026-07-25 14:51:43.468,0 days 01:04:55.053000,63,92.0258333333336,0 days 00:00:56.008000,10729.0,269.0,7,100.0,False,0,car,3307.821666666665,0.7580220013157626,OnTrack,3219.3641562379803,1031.2691407344105,2358.759549540426,3895.053,56.008
2026-07-25 14:51:43.515,0 days 01:04:55.100000,63,89.36249637333357,0 days 00:00:56.055000,10745.282165028571,269.16785737142857,7,100.0,False,0,pos,3311.3396784114625,0.7588281905763012,OnTrack,3195.0,1006.0,2358.0,3895.1,56.055
2026-07-25 14:51:43.735,0 days 01:04:55.320000,63,76.89582970666682,0 days 00:00:56.275000,10821.496450742858,269.95357165714285,7,100.0,False,0,pos,3327.8424095638516,0.7626099643706291,OnTrack,3081.0,887.0,2354.0,3895.32,56.275
2026-07-25 14:51:43.748,0 days 01:04:55.333000,63,76.1591666666668,0 days 00:00:56.288000,10826.0,270.0,7,100.0,False,0,car,3328.8216666666644,0.7628343713984799,OnTrack,3074.247164412359,879.9169619136854,2353.7916132315136,3895.333,56.288
2026-07-25 14:51:43.908,0 days 01:04:55.493000,63,67.09249999999929,0 days 00:00:56.448000,10876.0,272.0,7,100.0,False,0,car,3340.9105555555534,0.7656046669804886,OnTrack,2991.123631770712,792.4563390477582,2351.6078450739965,3895.493,56.448
2026-07-25 14:51:43.955,0 days 01:04:55.540000,63,64.44221790952322,0 days 00:00:56.495000,10880.290463413236,272.19502106423795,7,100.0,False,0,pos,3344.4680644759574,0.766419907432753,OnTrack,2967.0,767.0,2351.0,3895.54,56.495
2026-07-25 14:51:44.149,0 days 01:04:55.734000,63,53.50277777777683,0 days 00:00:56.689000,10898.0,273.0,7,100.0,False,0,car,3359.1863888888865,0.7697927657219201,OnTrack,2867.363275297687,661.3664545709503,2348.3800608827746,3895.734,56.689
2026-07-25 14:51:44.175,0 days 01:04:55.760000,63,52.04388170666573,0 days 00:00:56.715000,10902.622244977778,273.21666773333334,7,100.0,False,0,pos,3361.166197490259,0.7702464596115751,OnTrack,2853.0,646.0,2348.0,3895.76,56.715
2026-07-25 14:51:44.415,0 days 01:04:56,63,38.57721503999919,0 days 00:00:56.955000,10945.288911644444,275.21666773333334,7,100.0,False,0,pos,3379.534472478805,0.7744557423270989,OnTrack,2708.0,489.0,2344.0,3896.0,56.955
2026-07-25 14:51:44.509,0 days 01:04:56.094000,63,33.30277777777701,0 days 00:00:57.049000,10962.0,276.0,7,100.0,False,0,car,3386.7863888888864,0.7761175949734914,OnTrack,2650.8863617111324,426.179924727223,2342.0839435241373,3896.094,57.049
2026-07-25 14:51:44.709,0 days 01:04:56.294000,63,22.469444444444434,0 days 00:00:57.249000,10677.0,273.0,7,74.0,False,0,car,3401.9530555555534,0.7795931955887875,OnTrack,2533.520389683504,295.03927521717577,2337.6119127643856,3896.294,57.249
2026-07-25 14:51:44.795,0 days 01:04:56.380000,63,20.247774471111043,0 days 00:00:57.335000,10550.9560624,261.7124832,7,64.0562352,False,0,pos,3407.7489629933325,0.7809213885200146,OnTrack,2487.0,242.0,2336.0,3896.38,57.335
2026-07-25 14:51:45.349,0 days 01:04:56.934000,63,5.936111111110677,0 days 00:00:57.889000,9739.0,189.0,6,0.0,True,0,car,3435.5530555555533,0.7872929877211352,OnTrack,2250.5541665555675,-39.463369646563216,2330.747735648806,3896.934,57.889
2026-07-25 14:51:45.516,0 days 01:04:57.101000,63,3.4774990577776808,0 days 00:00:58.056000,9663.8499712,174.15554986666666,6,0.0,True,0,pos,3442.9241948238036,0.7889821615349482,OnTrack,2198.0,-97.0,2329.0,3897.101,58.056
2026-07-25 14:51:45.709,0 days 01:04:57.294000,63,0.6361111111114042,0 days 00:00:58.249000,9577.0,157.0,5,0.0,True,0,car,3451.253055555553,0.7908908072591667,OnTrack,2146.276394011045,-146.82257430995693,2326.452078494624,3897.294,58.249
2026-07-25 14:51:45.756,0 days 01:04:57.341000,63,65.57453287111228,0 days 00:00:58.296000,9767.3502592,155.8249984,5,0.0,True,0,pos,3453.2664202930305,0.7913521908890826,OnTrack,2134.0,-158.0,2326.0,3897.341,58.296
2026-07-25 14:51:45.949,0 days 01:04:57.534000,12,332.23611111111586,0 days 00:00:58.489000,10549.0,151.0,4,0.0,True,0,car,3461.3197222222198,0.7931976894258027,OnTrack,2081.2649936381713,-203.89374229642848,2325.2120835367987,3897.534,58.489
2026-07-25 14:51:46.056,0 days 01:04:57.641000,12,331.31472167111605,0 days 00:00:58.596000,10240.4831488,145.055552,4,0.0,True,0,pos,3465.4316002523606,0.7941399693694232,OnTrack,2038.0,-232.0,2324.0,3897.641,58.596
2026-07-25 14:51:46.236,0 days 01:04:57.821000,12,329.7647216711163,0 days 00:00:58.776000,9721.4831488,135.055552,4,0.0,True,0,pos,3471.8560516948805,0.7956121997465592,OnTrack,1942.0,-281.0,2320.0,3897.821,58.776
2026-07-25 14:51:46.309,0 days 01:04:57.894000,12,329.1361111111164,0 days 00:00:58.849000,9511.0,131.0,3,0.0,True,0,car,3474.4197222222197,0.7961996917154978,OnTrack,1914.4097198738125,-293.167082822427,2319.110915086871,3897.894,58.849
2026-07-25 14:51:46.589,0 days 01:04:58.174000,12,327.26944444444916,0 days 00:00:59.129000,9107.0,125.0,3,0.0,False,0,car,3484.141944444442,0.798427640827867,OnTrack,1862.654472069133,-300.96283200541006,2319.1556733082175,3898.174,59.129
2026-07-25 14:51:46.616,0 days 01:04:58.201000,12,327.14194414222686,0 days 00:00:59.156000,9100.6356992,124.7107136,3,0.0,False,0,pos,3485.0665999062057,0.7986395353174391,OnTrack,1856.0,-301.0,2319.0,3898.201,59.156
2026-07-25 14:51:46.869,0 days 01:04:58.454000,12,325.9472222222262,0 days 00:00:59.409000,9041.0,122.0,3,0.0,False,0,car,3493.630833333331,0.8006021191615392,OnTrack,1772.3704034747354,-298.3394056296387,2316.058650073914,3898.454,59.409
2026-07-25 14:51:46.876,0 days 01:04:58.461000,12,325.927777600004,0 days 00:00:59.416000,9032.38992128,121.92999936,3,0.03500032,False,0,pos,3493.8662844660216,0.8006560752561536,OnTrack,1770.0,-298.0,2316.0,3898.461,59.416
2026-07-25 14:51:47.056,0 days 01:04:58.641000,12,325.42777760000513,0 days 00:00:59.596000,8810.98992128,120.12999936,3,0.93500032,False,0,pos,3499.872211510725,0.8020323963813399,OnTrack,1712.0,-283.0,2315.0,3898.641,59.596
2026-07-25 14:51:47.069,0 days 01:04:58.654000,12,325.3916666666719,0 days 00:00:59.609000,8795.0,120.0,3,1.0,False,0,car,3500.297499999998,0.8021298556957354,OnTrack,1707.9660899358234,-281.50364365120674,2314.8909926906767,3898.654,59.609
2026-07-25 14:51:47.256,0 days 01:04:58.841000,12,325.4436111288937,0 days 00:00:59.796000,8786.317854171428,116.66071314285715,3,7.010716342857143,False,0,pos,3506.269995411382,0.8034985156117787,OnTrack,1652.0,-255.0,2313.0,3898.841,59.796
2026-07-25 14:51:47.349,0 days 01:04:58.934000,12,325.469444444449,0 days 00:00:59.889000,8782.0,115.0,3,10.0,False,0,car,3509.241944444442,0.8041795688791149,OnTrack,1625.8780800784175,-239.6044688703137,2312.934994974967,3898.934,59.889
2026-07-25 14:51:47.456,0 days 01:04:59.041000,12,325.52888892444906,0 days 00:00:59.996000,8935.3667584,116.1888896,3,15.6472256,False,0,pos,3512.718441538239,0.8049762446222978,OnTrack,1597.0,-220.0,2313.0,3899.041,59.996
2026-07-25 14:51:47.696,0 days 01:04:59.281000,12,325.66222225778256,0 days 00:01:00.236000,9279.3667584,118.85555626666667,3,28.313892266666667,False,0,pos,3520.704287832626,0.8068062849933592,OnTrack,1536.0,-169.0,2311.0,3899.281,60.236
2026-07-25 14:51:47.709,0 days 01:04:59.294000,12,325.66944444444925,0 days 00:01:00.249000,9298.0,119.0,3,29.0,False,0,car,3521.1419444444423,0.8069065785926548,OnTrack,1532.9070620785046,-166.1980430686308,2310.922322341152,3899.294,60.249
2026-07-25 14:51:47.909,0 days 01:04:59.494000,12,325.89166666667325,0 days 00:01:00.449000,9875.0,123.0,3,41.0,False,0,car,3527.9752777777753,0.8084725085402057,OnTrack,1486.5473093722342,-121.66397779803683,2310.4329917923287,3899.494,60.449
2026-07-25 14:51:47.976,0 days 01:04:59.561000,12,325.9475000533394,0 days 00:01:00.516000,10041.8720344,124.6750016,3,42.8843768,False,0,pos,3530.3465755905204,0.8090159162855042,OnTrack,1468.0,-102.0,2310.0,3899.561,60.516
2026-07-25 14:51:48.216,0 days 01:04:59.801000,12,326.1475000533375,0 days 00:01:00.756000,10639.6220344,130.6750016,3,49.6343768,False,0,pos,3539.13831469447,0.8110306354397375,OnTrack,1392.0,-16.0,2307.0,3899.801,60.756
2026-07-25 14:51:48.229,0 days 01:04:59.814000,12,326.1583333333374,0 days 00:01:00.769000,10672.0,131.0,3,50.0,False,0,car,3539.61972222222,0.8111409550199347,OnTrack,1388.8212824473196,-12.329807828794575,2306.8877819317217,3899.814,60.769
2026-07-25 14:51:48.429,0 days 01:05:00.014000,12,326.3805555555614,0 days 00:01:00.969000,10990.0,136.0,3,75.0,False,0,car,3547.1752777777756,0.8128723897586901,OnTrack,1355.3417514843661,27.056509740680195,2306.209986770121,3900.014,60.969
2026-07-25 14:51:48.495,0 days 01:05:00.080000,12,326.1605551288948,0 days 00:01:01.035000,11079.1001728,139.6666737777778,3,79.58334222222223,False,0,pos,3549.8400604728686,0.8134830526405379,OnTrack,1343.0,42.0,2306.0,3900.08,61.035
2026-07-25 14:51:48.775,0 days 01:05:00.360000,12,325.227221795562,0 days 00:01:01.315000,11457.1001728,155.22222933333333,3,99.02778666666667,False,0,pos,3562.131849276674,0.8162998448644674,OnTrack,1269.0,133.0,2304.0,3900.36,61.315
2026-07-25 14:51:48.789,0 days 01:05:00.374000,12,325.180555555562,0 days 00:01:01.329000,11476.0,156.0,4,100.0,False,0,car,3562.7752777777755,0.8164472932487088,OnTrack,1265.2832084004567,137.64292294302936,2303.8562705676236,3900.374,61.329
2026-07-25 14:51:49.015,0 days 01:05:00.600000,12,323.7994439084444,0 days 00:01:01.555000,11591.832914035358,167.33148072085024,4,100.0,False,0,pos,3573.495787442607,0.8189040103907334,OnTrack,1201.0,218.0,2301.0,3900.6,61.555
2026-07-25 14:51:49.148,0 days 01:05:00.733000,12,322.9866666666744,0 days 00:01:01.688000,11660.0,174.0,4,100.0,False,0,car,3580.1269444444424,0.8204236095130875,OnTrack,1142.456152583709,288.96817425333506,2298.920964186441,3900.733,61.688
2026-07-25 14:51:49.215,0 days 01:05:00.800000,12,322.3724994133399,0 days 00:01:01.755000,11747.1000832,178.187504,4,100.0,False,0,pos,3583.5635195505647,0.821211136714407,OnTrack,1114.0,323.0,2298.0,3900.8,61.755
2026-07-25 14:51:49.388,0 days 01:05:00.973000,12,320.78666666667004,0 days 00:01:01.928000,11972.0,189.0,4,100.0,False,0,car,3592.7269444444423,0.8233110315627179,OnTrack,1059.266820418178,386.81442279139856,2296.46870309397,3900.973,61.928
2026-07-25 14:51:49.535,0 days 01:05:01.120000,12,319.15333262222657,0 days 00:01:02.075000,11719.8030152,194.9718776,4,100.0,False,0,pos,3600.826377900549,0.8251671016222953,OnTrack,1032.0,418.0,2296.0,3901.12,62.075
2026-07-25 14:51:49.695,0 days 01:05:01.280000,12,317.3755548444499,0 days 00:01:02.235000,11445.3030152,201.4718776,4,100.0,False,0,pos,3609.9315435225444,0.8272536457478895,OnTrack,1014.0,439.0,2296.0,3901.28,62.235
2026-07-25 14:51:49.708,0 days 01:05:01.293000,12,317.23111111111666,0 days 00:01:02.248000,11423.0,202.0,4,100.0,False,0,car,3610.682499999998,0.8274257352948191,OnTrack,1011.5895357704577,441.75036580223633,2295.9685385467774,3901.293,62.248
2026-07-25 14:51:50.028,0 days 01:05:01.613000,12,313.14222222223,0 days 00:01:02.568000,11474.0,214.0,5,100.0,False,0,car,3629.7047222222204,0.8317848768723918,OnTrack,899.4048435240339,567.4403809672573,2293.284052686877,3901.613,62.568
2026-07-25 14:51:50.055,0 days 01:05:01.640000,12,312.75222129778496,0 days 00:01:02.595000,11512.700091733333,214.78750186666667,5,100.0,False,0,pos,3631.3587085727077,0.8321639051785971,OnTrack,889.0,579.0,2293.0,3901.64,62.595
2026-07-25 14:51:50.155,0 days 01:05:01.740000,12,311.3077768533384,0 days 00:01:02.695000,11656.033425066667,217.70416853333333,5,100.0,False,0,pos,3637.5511910932664,0.8335829774462011,OnTrack,849.0,623.0,2292.0,3901.74,62.695
2026-07-25 14:51:50.268,0 days 01:05:01.853000,12,309.6755555555583,0 days 00:01:02.808000,11818.0,221.0,5,100.0,False,0,car,3644.438055555554,0.8351611746129649,OnTrack,784.0196327674163,691.8648301490061,2291.3583781989337,3901.853,62.808
2026-07-25 14:51:50.475,0 days 01:05:02.060000,12,307.8930547199598,0 days 00:01:03.015000,11219.712936492837,211.1920153523416,5,48.379028170218966,False,0,pos,3656.301133503777,0.8378797232513919,OnTrack,652.0,828.0,2291.0,3902.06,63.015
2026-07-25 14:51:50.669,0 days 01:05:02.254000,12,306.22250000000577,0 days 00:01:03.209000,10659.0,202.0,5,0.0,True,0,car,3666.93861111111,0.8403174127272544,OnTrack,600.38091271961,877.8107823345503,2290.363351176079,3902.254,63.209
2026-07-25 14:51:50.815,0 days 01:05:02.400000,12,305.2897214044505,0 days 00:01:03.355000,11010.008641066666,195.91666133333334,5,0.0,True,0,pos,3674.869018704407,0.8421347487389561,OnTrack,569.0,904.0,2290.0,3902.4,63.355
2026-07-25 14:51:50.909,0 days 01:05:02.494000,12,304.6891666666729,0 days 00:01:03.449000,11236.0,192.0,5,0.0,True,0,car,3679.7386111111095,0.8432506668729106,OnTrack,537.4291083710722,930.4320497338405,2289.942357274197,3902.494,63.449
2026-07-25 14:51:51.055,0 days 01:05:02.640000,12,304.4052775288954,0 days 00:01:03.595000,10663.760609422223,179.83332266666667,5,0.0,True,0,pos,3686.7108388357747,0.8448484259258665,OnTrack,474.0,979.0,2290.0,3902.64,63.595
2026-07-25 14:51:51.269,0 days 01:05:02.854000,12,303.98916666667355,0 days 00:01:03.809000,9825.0,162.0,4,0.0,True,0,car,3695.9386111111094,0.8469630666510068,OnTrack,366.31712465722904,1041.3404265651845,2290.0092642152163,3902.854,63.809
2026-07-25 14:51:51.295,0 days 01:05:02.880000,12,304.03972247111795,0 days 00:01:03.835000,9861.0751776,160.56999296,4,0.0,True,0,pos,3697.012458475895,0.8472091500287068,OnTrack,355.0,1047.0,2290.0,3902.88,63.835
2026-07-25 14:51:51.616,0 days 01:05:03.201000,12,304.6638890133395,0 days 00:01:04.156000,10306.4625888,142.91499647999999,4,0.0,True,0,pos,3709.52378056414,0.8500762506055026,OnTrack,252.0,1082.0,2290.0,3903.201,64.156
2026-07-25 14:51:51.669,0 days 01:05:03.254000,12,304.7669444444505,0 days 00:01:04.209000,10380.0,140.0,3,0.0,True,0,car,3711.494166666665,0.8505277852307975,OnTrack,233.37653598659077,1085.3564240727933,2290.1608774801293,3903.254,64.209
2026-07-25 14:51:51.829,0 days 01:05:03.414000,12,305.3891666666714,0 days 00:01:04.369000,11220.0,131.0,3,0.0,True,0,car,3717.316388888887,0.851862008470662,OnTrack,171.31130738127675,1093.3910853903453,2290.869804731175,3903.414,64.369
2026-07-25 14:51:51.896,0 days 01:05:03.481000,12,305.5380556977831,0 days 00:01:04.436000,11128.20991232,129.65999872,3,0.0,True,0,pos,3719.7109290952594,0.8524107424540434,OnTrack,147.0,1095.0,2291.0,3903.481,64.436
2026-07-25 14:51:52.029,0 days 01:05:03.614000,12,305.83361111111753,0 days 00:01:04.569000,10946.0,127.0,2,0.0,True,0,car,3724.3719444444428,0.8534788629693527,OnTrack,102.8333916155517,1094.3325852927157,2290.903824828949,3903.614,64.569
2026-07-25 14:51:52.076,0 days 01:05:03.661000,12,306.01638913778356,0 days 00:01:04.616000,10814.63482112,125.35499776,2,0.0,True,0,pos,3725.9787501411956,0.8538470793342953,OnTrack,85.0,1092.0,2291.0,3903.661,64.616
2026-07-25 14:51:52.229,0 days 01:05:03.814000,12,306.61138888889263,0 days 00:01:04.769000,10387.0,120.0,2,0.0,True,0,car,3731.0386111111097,0.8550065995035488,OnTrack,13.088305133717082,1075.558614208894,2292.2344774813337,3903.814,64.769
2026-07-25 14:51:52.316,0 days 01:05:03.901000,12,307.1672226311149,0 days 00:01:04.856000,10162.491501511111,117.09999786666667,2,0.0,True,0,pos,3733.7720507225467,0.8556329958373106,OnTrack,-21.0,1066.0,2293.0,3903.901,64.856
2026-07-25 14:51:52.576,0 days 01:05:04.161000,12,308.82833374222616,0 days 00:01:05.116000,9491.547057066668,108.4333312,2,0.0,True,0,pos,3741.461632162287,0.8573951440120355,OnTrack,-65.0,1047.0,2294.0,3904.161,65.116
2026-07-25 14:51:52.589,0 days 01:05:04.174000,12,308.9113888888928,0 days 00:01:05.129000,9458.0,108.0,2,0.0,False,0,car,3741.83861111111,0.8574815326889463,OnTrack,-67.29616436314414,1045.6075822712355,2294.0127389696117,3904.174,65.129
2026-07-25 14:51:52.896,0 days 01:05:04.481000,12,311.128611573339,0 days 00:01:05.436000,9083.843672,102.2437488,2,0.0,False,0,pos,3750.54964536134,0.8594777574801528,OnTrack,-140.0,995.0,2295.0,3904.481,65.436
2026-07-25 14:51:52.909,0 days 01:05:04.494000,12,311.22250000000577,0 days 00:01:05.449000,9068.0,102.0,2,0.0,False,0,car,3750.9052777777765,0.8595592543754529,OnTrack,-142.8988669325884,992.4367495467164,2295.2029062232646,3904.494,65.449
2026-07-25 14:51:52.956,0 days 01:05:04.541000,12,311.64027834667246,0 days 00:01:05.496000,9026.4832768,101.08610986666666,2,0.2611114666666667,False,0,pos,3752.1803171350475,0.8598514430067489,OnTrack,-153.0,983.0,2296.0,3904.541,65.496
2026-07-25 14:51:53.269,0 days 01:05:04.854000,12,314.42250000000604,0 days 00:01:05.809000,8750.0,95.0,2,2.0,False,0,car,3760.4052777777765,0.8617362789366821,OnTrack,-207.04393286456482,915.3322094641205,2297.713786245539,3904.854,65.809
2026-07-25 14:51:53.336,0 days 01:05:04.921000,12,315.0180561244506,0 days 00:01:05.876000,8833.3313296,95.27916693333333,2,4.372918933333334,False,0,pos,3762.177484801142,0.8621423987490452,OnTrack,-216.0,900.0,2298.0,3904.921,65.876
2026-07-25 14:51:53.496,0 days 01:05:05.081000,12,316.44027834667304,0 days 00:01:06.036000,9032.3313296,95.9458336,2,10.0395856,False,0,pos,3766.4531533565687,0.863122213008081,OnTrack,-234.0,862.0,2299.0,3905.081,66.036
2026-07-25 14:51:53.736,0 days 01:05:05.321000,12,318.5736116800067,0 days 00:01:06.276000,9330.8313296,96.9458336,2,18.539585600000002,False,0,pos,3772.981111985128,0.8646181631416666,OnTrack,-253.0,801.0,2300.0,3905.321,66.276
2026-07-25 14:51:53.749,0 days 01:05:05.334000,12,318.6891666666734,0 days 00:01:06.289000,9347.0,97.0,2,19.0,False,0,car,3773.33861111111,0.8647000878130224,OnTrack,-253.80530823743416,798.0343206229688,2300.0892110929576,3905.334,66.289
2026-07-25 14:51:53.936,0 days 01:05:05.521000,12,320.663056231117,0 days 00:01:06.476000,9502.610767542858,99.00357211428572,2,20.335714742857142,False,0,pos,3778.5232990858913,0.8658882133986445,OnTrack,-262.0,747.0,2302.0,3905.521,66.476
2026-07-25 14:51:54.029,0 days 01:05:05.614000,12,321.64472222222776,0 days 00:01:06.569000,9580.0,100.0,2,21.0,False,0,car,3781.1163888888877,0.8664824471029178,OnTrack,-262.09862208915683,694.7790219609616,2303.319698335859,3905.614,66.569
2026-07-25 14:51:54.076,0 days 01:05:05.661000,12,322.15388958222695,0 days 00:01:06.616000,9699.8501632,100.47000064,2,22.88000256,False,0,pos,3782.428107171584,0.8667830410943751,OnTrack,-261.0,668.0,2304.0,3905.661,66.616
2026-07-25 14:51:54.229,0 days 01:05:05.814000,12,323.8113888888911,0 days 00:01:06.769000,10090.0,102.0,2,29.0,False,0,car,3786.7830555555547,0.8677810231569845,OnTrack,-251.95660445344265,601.5442173234864,2306.054995086297,3905.814,66.769
2026-07-25 14:51:54.469,0 days 01:05:06.054000,12,326.411388888891,0 days 00:01:07.009000,10471.0,112.0,2,40.0,False,0,car,3794.2497222222214,0.869492088075284,OnTrack,-227.5903463125119,548.6501879805229,2308.5311924644966,3906.054,67.009
2026-07-25 14:51:54.556,0 days 01:05:06.141000,12,327.3538895822262,0 days 00:01:07.096000,10845.6440256,114.1750016,2,42.1750016,False,0,pos,3797.035175466974,0.8701304038782296,OnTrack,-221.0,535.0,2309.0,3906.141,67.096
2026-07-25 14:51:54.629,0 days 01:05:06.214000,12,328.14472222222776,0 days 00:01:07.169000,11160.0,116.0,2,44.0,False,0,car,3799.405277777777,0.8706735376617288,OnTrack,-216.71183614943536,525.2122604162234,2309.20502370733,3906.214,67.169
2026-07-25 14:51:54.816,0 days 01:05:06.401000,12,330.6380564088917,0 days 00:01:07.356000,11513.43012096,120.6750016,2,47.74000128,False,0,pos,3805.678105855583,0.8721110219558079,OnTrack,-199.0,494.0,2310.0,3906.401,67.356
2026-07-25 14:51:54.829,0 days 01:05:06.414000,12,330.81138888889154,0 days 00:01:07.369000,11538.0,121.0,2,48.0,False,0,car,3806.127499999999,0.8722140053337099,OnTrack,-196.37398121068568,490.36436243656357,2310.1613769935125,3906.414,67.369
2026-07-25 14:51:55.109,0 days 01:05:06.694000,12,334.23361111111217,0 days 00:01:07.649000,10396.0,130.0,2,56.0,False,0,car,3816.2386111111105,0.8745310724105738,OnTrack,-103.1530387771703,374.7658296882211,2316.4999032531773,3906.694,67.649
2026-07-25 14:51:55.195,0 days 01:05:06.780000,12,335.4758351822235,0 days 00:01:07.735000,10644.683703466666,133.2250048,2,60.3000064,False,0,pos,3819.4863967034125,0.8752753365162632,OnTrack,-81.0,349.0,2318.0,3906.78,67.735
2026-07-25 14:51:55.349,0 days 01:05:06.934000,12,337.7002777777793,0 days 00:01:07.889000,11090.0,139.0,3,68.0,False,0,car,3825.505277777777,0.8766546261931062,OnTrack,-61.29049204557597,328.80003939791874,2319.224318021137,3906.934,67.889
2026-07-25 14:51:55.455,0 days 01:05:07.040000,12,339.1430572977794,0 days 00:01:07.995000,11419.4837312,144.3000064,3,71.0916704,False,0,pos,3829.8500405864397,0.8776502741243878,OnTrack,-46.0,316.0,2320.0,3907.04,67.995
2026-07-25 14:51:55.589,0 days 01:05:07.174000,12,340.9669444444462,0 days 00:01:08.129000,11836.0,151.0,3,75.0,False,0,car,3835.571944444444,0.8789615083597422,OnTrack,-10.112668432896454,285.1331140743973,2321.7984138577517,3907.174,68.129
2026-07-25 14:51:55.755,0 days 01:05:07.340000,12,342.94972311343855,0 days 00:01:08.295000,11932.763862588507,159.34171229211262,3,95.85428073028157,False,0,pos,3842.9771807186407,0.8806584958598088,OnTrack,49.0,236.0,2325.0,3907.34,68.295
2026-07-25 14:51:55.788,0 days 01:05:07.373000,12,343.3438888888945,0 days 00:01:08.328000,11952.0,161.0,3,100.0,False,0,car,3844.471666666666,0.8810009729772049,OnTrack,60.951082967435745,226.6644798569826,2325.7186818711752,3907.373,68.328
2026-07-25 14:51:55.935,0 days 01:05:07.520000,12,345.1405563377815,0 days 00:01:08.475000,10922.999552,165.593752,3,100.0,False,0,pos,3851.230760585563,0.882549890184899,OnTrack,114.0,187.0,2329.0,3907.52,68.475
2026-07-25 14:51:55.948,0 days 01:05:07.533000,12,345.299444444448,0 days 00:01:08.488000,10832.0,166.0,4,100.0,False,0,car,3851.8494444444436,0.8826916680750484,OnTrack,118.5492010646926,183.65371096155843,2329.260969939451,3907.533,68.488
2026-07-25 14:51:56.135,0 days 01:05:07.720000,12,347.1694450844458,0 days 00:01:08.675000,11315.2782904,176.5187536,4,100.0,False,0,pos,3861.231343894619,0.8848416286575763,OnTrack,191.0,131.0,2333.0,3907.72,68.675
2026-07-25 14:51:56.268,0 days 01:05:07.853000,12,348.4994444444442,0 days 00:01:08.808000,11659.0,184.0,4,100.0,False,0,car,3868.2049999999995,0.8864397150389427,OnTrack,276.4208554532988,69.31831417626412,2337.354795826402,3907.853,68.808
2026-07-25 14:51:56.375,0 days 01:05:07.960000,12,349.71805628444645,0 days 00:01:08.915000,11962.421610057143,187.43928777142858,4,100.0,False,0,pos,3873.8812178449325,0.8877404798456066,OnTrack,349.0,17.0,2341.0,3907.96,68.915
2026-07-25 14:51:56.548,0 days 01:05:08.133000,12,351.68833333333896,0 days 00:01:09.088000,12453.0,193.0,4,100.0,False,0,car,3883.21611111111,0.8898796684684405,OnTrack,442.56800544055613,-50.257967127137206,2345.4452922921296,3908.133,69.088
2026-07-25 14:51:56.708,0 days 01:05:08.293000,12,353.1994444444472,0 days 00:01:09.248000,12269.0,200.0,4,100.0,False,0,car,3892.1049999999996,0.8919166505140353,OnTrack,505.2434255602862,-95.23829742727396,2348.281832481883,3908.293,69.248
2026-07-25 14:51:56.815,0 days 01:05:08.400000,12,354.3288895644484,0 days 00:01:09.355000,11967.3935696,204.0125024,4,100.0,False,0,pos,3898.285372872556,0.893332947728889,OnTrack,538.0,-119.0,2350.0,3908.4,69.355
2026-07-25 14:51:57.028,0 days 01:05:08.613000,12,356.57722222222856,0 days 00:01:09.568000,11367.0,212.0,5,100.0,False,0,car,3910.9494444444435,0.8962350524506959,OnTrack,588.1489562859446,-156.48455931275882,2353.203554975064,3908.613,69.568
2026-07-25 14:51:57.075,0 days 01:05:08.660000,12,357.1516675797292,0 days 00:01:09.615000,11275.341491323328,211.83273994767032,5,83.27399476703084,False,0,pos,3913.7402100859185,0.8968745856450249,OnTrack,603.0,-168.0,2354.0,3908.66,69.615
2026-07-25 14:51:57.309,0 days 01:05:08.894000,12,360.0116666666695,0 days 00:01:09.849000,10819.0,211.0,5,0.0,True,0,car,3927.419166666666,0.9000092619027382,OnTrack,709.8640479376788,-255.1966487334071,2358.8530462737313,3908.894,69.849
2026-07-25 14:51:57.315,0 days 01:05:08.900000,12,360.1200023111139,0 days 00:01:09.855000,10809.6998016,210.67856457142858,5,0.0,True,0,pos,3927.7587184829376,0.9000870737599838,OnTrack,713.0,-258.0,2359.0,3908.9,69.855
2026-07-25 14:51:57.589,0 days 01:05:09.174000,12,365.06722222222334,0 days 00:01:10.129000,10385.0,196.0,5,0.0,True,0,car,3942.6636111111106,0.9035026861109331,OnTrack,855.520887990815,-398.51300517094205,2366.188598693605,3909.174,70.129
2026-07-25 14:51:57.635,0 days 01:05:09.220000,12,366.1277807288903,0 days 00:01:10.175000,10553.2838016,194.083328,5,0.0,True,0,pos,3945.088859921696,0.9040584572928,OnTrack,871.0,-415.0,2367.0,3909.22,70.175
2026-07-25 14:51:57.829,0 days 01:05:09.414000,12,370.600555555558,0 days 00:01:10.369000,11263.0,186.0,5,0.0,True,0,car,3955.0636111111103,0.9063442760645376,OnTrack,899.3361901962137,-450.332454462022,2368.5071493623013,3909.414,70.369
2026-07-25 14:51:57.915,0 days 01:05:09.500000,12,372.89389230222355,0 days 00:01:10.455000,11045.312176,180.624992,5,0.0,True,0,pos,3959.299631049919,0.9073150044275526,OnTrack,912.0,-470.0,2369.0,3909.5,70.455
2026-07-25 14:51:57.989,0 days 01:05:09.574000,12,374.8672222222226,0 days 00:01:10.529000,10858.0,176.0,4,0.0,True,0,car,3962.8858333333324,0.9081368202646608,OnTrack,928.858298514372,-495.56732995885073,2369.588709292604,3909.574,70.529
2026-07-25 14:51:58.136,0 days 01:05:09.721000,12,379.1547240888954,0 days 00:01:10.676000,10527.249856,172.3249984,4,0.0,True,0,pos,3969.9191597716544,0.9097485807281736,OnTrack,969.0,-560.0,2371.0,3909.721,70.676
2026-07-25 14:51:58.149,0 days 01:05:09.734000,12,379.53388888889594,0 days 00:01:10.689000,10498.0,172.0,4,0.0,True,0,car,3970.5302777777765,0.9098886248238722,OnTrack,972.0376835253488,-565.5976547932893,2371.119999125616,3909.734,70.689
2026-07-25 14:51:58.356,0 days 01:05:09.941000,12,386.43389102222966,0 days 00:01:10.896000,10096.074875733333,165.09999786666665,4,0.0,True,0,pos,3979.99126861873,0.912056710027485,OnTrack,1009.0,-652.0,2373.0,3909.941,70.896
2026-07-25 14:51:58.389,0 days 01:05:09.974000,12,387.5338888888964,0 days 00:01:10.929000,10032.0,164.0,4,0.0,True,0,car,3981.4636111111104,0.9123941127399537,OnTrack,1013.5714631167202,-665.8692564794002,2373.3367495472107,3909.974,70.929
2026-07-25 14:51:58.556,0 days 01:05:10.141000,12,393.5180578488917,0 days 00:01:11.096000,9698.83487232,158.15499776,4,0.0,True,0,pos,3988.7769403815814,0.9140700387869193,OnTrack,1032.0,-737.0,2375.0,3910.141,71.096
2026-07-25 14:51:58.589,0 days 01:05:10.174000,12,394.70055555555746,0 days 00:01:11.129000,9633.0,157.0,4,0.0,True,0,car,3990.1858333333325,0.9143929013721935,OnTrack,1034.6719668695998,-751.133088343014,2375.2237029947996,3910.174,71.129
2026-07-25 14:51:58.776,0 days 01:05:10.361000,12,402.0766691911157,0 days 00:01:11.316000,9311.0092648,151.7406232,4,0.0,True,0,pos,3997.9193349502953,0.9161651143158182,OnTrack,1044.0,-831.0,2376.0,3910.361,71.316
2026-07-25 14:51:58.909,0 days 01:05:10.494000,12,407.32277777778427,0 days 00:01:11.449000,9082.0,148.0,4,0.0,False,0,car,4003.3413888888876,0.9174076347996735,OnTrack,1045.3242282406952,-886.2618897121225,2376.6988233377324,3910.494,71.449
2026-07-25 14:51:58.956,0 days 01:05:10.541000,12,409.3072249244512,0 days 00:01:11.496000,9057.9124672,147.8041664,4,0.3916672,False,0,pos,4005.269609016322,0.9178495066498715,OnTrack,1045.0,-905.0,2377.0,3910.541,71.496
2026-07-25 14:51:59.149,0 days 01:05:10.734000,12,417.45611111111884,0 days 00:01:11.689000,8959.0,147.0,4,2.0,False,0,car,4013.1413888888874,0.9196534075049415,OnTrack,1039.777677229901,-976.9081609526805,2378.5522814399046,3910.734,71.689
2026-07-25 14:51:59.276,0 days 01:05:10.861000,12,423.2063917866747,0 days 00:01:11.816000,8859.516616533334,142.76666453333334,4,3.5875008,False,0,pos,4018.089196041325,0.9207872493675818,OnTrack,1027.0,-1033.0,2380.0,3910.861,71.816
2026-07-25 14:51:59.389,0 days 01:05:10.974000,12,428.3227777777861,0 days 00:01:11.929000,8771.0,139.0,4,5.0,False,0,car,4022.4080555555543,0.921776961287474,OnTrack,1006.4849115040843,-1095.2457360777296,2381.6457481180723,3910.974,71.929
2026-07-25 14:51:59.496,0 days 01:05:11.081000,12,433.4052808177853,0 days 00:01:12.036000,8707.564247771428,138.23571382857142,4,4.235713828571429,False,0,pos,4026.494973767064,0.922713521427073,OnTrack,986.0,-1149.0,2383.0,3911.081,72.036
2026-07-25 14:51:59.669,0 days 01:05:11.254000,12,441.622777777784,0 days 00:01:12.209000,8605.0,137.0,4,3.0,False,0,car,4033.06361111111,0.9242187935146307,OnTrack,964.0507905721615,-1194.3990295060692,2383.7712972968725,3911.254,72.209
2026-07-25 14:51:59.816,0 days 01:05:11.401000,12,448.8911142755606,0 days 00:01:12.356000,8477.949944685713,135.4249993142857,4,5.100000914285714,False,0,pos,4038.560400896267,0.9254784405009676,OnTrack,944.0,-1222.0,2384.0,3911.401,72.356
2026-07-25 14:51:59.949,0 days 01:05:11.534000,12,455.46722222222616,0 days 00:01:12.489000,8363.0,134.0,4,7.0,False,0,car,4043.4858333333323,0.9266071549630904,OnTrack,916.3543973155147,-1258.3928570393455,2384.520738161516,3911.534,72.489
2026-07-25 14:52:00.096,0 days 01:05:11.681000,12,462.98055882666944,0 days 00:01:12.636000,8512.625065142856,133.47499977142857,4,14.3500032,False,0,pos,4048.8975891088426,0.9278473155149494,OnTrack,879.0,-1302.0,2385.0,3911.681,72.636
2026-07-25 14:52:00.229,0 days 01:05:11.814000,12,469.778333333335,0 days 00:01:12.769000,8648.0,133.0,4,21.0,False,0,car,4053.8302777777767,0.9289776928186512,OnTrack,842.6953734931269,-1335.6051695880103,2384.9827441300317,3911.814,72.769
2026-07-25 14:52:00.256,0 days 01:05:11.841000,12,471.15833660444684,0 days 00:01:12.796000,8673.4572032,133.3857152,4,22.2535744,False,0,pos,4054.8427852307673,0.9292097195127131,OnTrack,835.0,-1342.0,2385.0,3911.841,72.796
2026-07-25 14:52:00.509,0 days 01:05:12.094000,12,484.0894444444539,0 days 00:01:13.049000,8912.0,137.0,4,34.0,False,0,car,4064.4858333333323,0.9314195250458078,OnTrack,757.2929885715632,-1396.6415680853172,2385.960548696036,3912.094,73.049
2026-07-25 14:52:00.516,0 days 01:05:12.101000,12,484.44722549334256,0 days 00:01:13.056000,8920.47007744,137.10500096,4,34.1750016,False,0,pos,4064.7553061606313,0.9314812775682935,OnTrack,755.0,-1398.0,2386.0,3912.101,73.056
2026-07-25 14:52:00.709,0 days 01:05:12.294000,12,494.31166666667013,0 days 00:01:13.249000,9154.0,140.0,4,39.0,False,0,car,4072.2636111111096,0.9332018843357031,OnTrack,688.852208157175,-1431.9074027562285,2387.041119571358,3912.294,73.249
2026-07-25 14:52:00.756,0 days 01:05:12.341000,12,496.648614293337,0 days 00:01:13.296000,9220.1917568,141.04444586666668,4,40.436113066666664,False,0,pos,4074.1352957396043,0.9336308004838197,OnTrack,672.0,-1439.0,2387.0,3912.341,73.296
2026-07-25 14:52:00.936,0 days 01:05:12.521000,12,505.59861429333773,0 days 00:01:13.476000,9473.6917568,145.04444586666668,4,45.936113066666664,False,0,pos,4081.482293723846,0.9353144420693982,OnTrack,605.0,-1462.0,2386.0,3912.521,73.476
2026-07-25 14:52:01.069,0 days 01:05:12.654000,12,512.2116666666716,0 days 00:01:13.609000,9661.0,148.0,4,50.0,False,0,car,4087.06361111111,0.9365934594416182,OnTrack,552.9217834841462,-1475.6829183286009,2386.849652222474,3912.654,73.609
2026-07-25 14:52:01.096,0 days 01:05:12.681000,12,513.5166697600052,0 days 00:01:13.636000,9705.4657304,148.6750016,4,50.9281272,False,0,pos,4088.2109888723985,0.9368563930802849,OnTrack,542.0,-1478.0,2387.0,3912.681,73.636
2026-07-25 14:52:01.296,0 days 01:05:12.881000,12,523.1833364266745,0 days 00:01:13.836000,10034.8407304,153.6750016,4,57.8031272,False,0,pos,4096.853111452238,0.9388368260400183,OnTrack,459.0,-1490.0,2387.0,3912.881,73.836
2026-07-25 14:52:01.389,0 days 01:05:12.974000,12,527.6783333333424,0 days 00:01:13.929000,10188.0,156.0,4,61.0,False,0,car,4100.930277777777,0.9397711514327459,OnTrack,422.4478981351332,-1493.1199559140623,2386.9307384690565,3912.974,73.929
2026-07-25 14:52:01.495,0 days 01:05:13.080000,12,532.7133394133402,0 days 00:01:14.035000,10354.2877008,158.6500032,4,69.6125104,False,0,pos,4105.615263223732,0.94084476494694,OnTrack,376.0,-1493.0,2387.0,3913.08,74.035
2026-07-25 14:52:01.549,0 days 01:05:13.134000,12,535.2783333333391,0 days 00:01:14.089000,10439.0,160.0,4,74.0,False,0,car,4108.041388888888,0.9414007370692217,OnTrack,347.11229739409634,-1490.5526922993824,2387.1291152886424,3913.134,74.089
2026-07-25 14:52:01.709,0 days 01:05:13.294000,12,542.5672222222247,0 days 00:01:14.249000,10946.0,167.0,4,78.0,False,0,car,4115.46361111111,0.9431016170772932,OnTrack,246.98467595583497,-1475.4694094237202,2387.789465078516,3913.294,74.249
2026-07-25 14:52:01.795,0 days 01:05:13.380000,12,546.2461165866684,0 days 00:01:14.335000,11167.143186285713,170.68571977142858,4,81.99286308571429,False,0,pos,4119.633544435652,0.9440572010000529,OnTrack,205.0,-1468.0,2388.0,3913.38,74.335
2026-07-25 14:52:01.989,0 days 01:05:13.574000,12,554.5450000000001,0 days 00:01:14.529000,11666.0,179.0,4,91.0,False,0,car,4129.385833333333,0.9462920402062059,OnTrack,150.47570923228466,-1453.8678508061128,2387.9227104235943,3913.574,74.529
2026-07-25 14:52:02.055,0 days 01:05:13.640000,12,557.2766719644445,0 days 00:01:14.595000,11499.624677333333,180.92500373333334,4,93.4750048,False,0,pos,4132.741149908962,0.9470609461636633,OnTrack,121.0,-1440.0,2388.0,3913.64,74.595
2026-07-25 14:52:02.229,0 days 01:05:13.814000,12,564.4783333333335,0 days 00:01:14.769000,11061.0,186.0,4,100.0,False,0,car,4141.785833333333,0.9491336301598106,OnTrack,-8.393989112428436,-1371.789809557035,2388.7592514090666,3913.814,74.769
2026-07-25 14:52:02.295,0 days 01:05:13.880000,12,566.8983375952461,0 days 00:01:14.835000,11059.713089655605,189.12535369353026,4,100.0,False,0,pos,4145.3724510980965,0.9499555412088243,OnTrack,-53.0,-1347.0,2389.0,3913.88,74.835
2026-07-25 14:52:02.588,0 days 01:05:14.173000,12,577.6416666666701,0 days 00:01:15.128000,11054.0,203.0,5,100.0,False,0,car,4162.029444444444,0.9537726658015857,OnTrack,-141.8668589528299,-1287.0738135794668,2388.937333589014,3914.173,75.128
2026-07-25 14:52:02.695,0 days 01:05:14.280000,12,581.4758356266684,0 days 00:01:15.235000,11220.5188496,205.0062512,5,100.0,False,0,pos,4168.133712631984,0.955171522830281,OnTrack,-172.0,-1262.0,2389.0,3914.28,75.235
2026-07-25 14:52:02.748,0 days 01:05:14.333000,12,583.3750000000009,0 days 00:01:15.288000,11303.0,206.0,5,100.0,False,0,car,4171.1849999999995,0.9558707573085481,OnTrack,-191.40387462170395,-1246.1817844958346,2389.1120285790626,3914.333,75.288
2026-07-25 14:52:02.948,0 days 01:05:14.533000,12,590.1527777777819,0 days 00:01:15.488000,11647.0,213.0,5,100.0,False,0,car,4183.018333333333,0.9585824896567461,OnTrack,-285.84859095409354,-1169.8427093432038,2389.8516778427643,3914.533,75.488
2026-07-25 14:52:03.015,0 days 01:05:14.600000,12,592.106946311114,0 days 00:01:15.555000,11393.656008,215.9312528,5,100.0,False,0,pos,4187.127607590949,0.9595241729186047,OnTrack,-318.0,-1143.0,2390.0,3914.6,75.555
2026-07-25 14:52:03.155,0 days 01:05:14.740000,12,596.1902796444449,0 days 00:01:15.695000,10864.281008,222.0562528,5,100.0,False,0,pos,4195.9522203343295,0.9615464254118338,OnTrack,-383.0,-1087.0,2390.0,3914.74,75.695
2026-07-25 14:52:03.268,0 days 01:05:14.853000,12,599.4861111111095,0 days 00:01:15.808000,10437.0,227.0,5,100.0,False,0,car,4203.196111111111,0.963206438900246,OnTrack,-437.1021559218253,-1040.0151307612477,2389.575887256602,3914.853,75.808
2026-07-25 14:52:03.475,0 days 01:05:15.060000,12,604.6036126933379,0 days 00:01:16.015000,10768.2001024,232.91428754285715,5,100.0,False,0,pos,4216.656390963097,0.9662910030938032,OnTrack,-535.0,-954.0,2389.0,3915.06,76.015
2026-07-25 14:52:03.548,0 days 01:05:15.133000,12,606.4083333333401,0 days 00:01:16.088000,10885.0,235.0,6,100.0,False,0,car,4221.473888888889,0.9673949832315,OnTrack,-566.0457448153162,-926.0063475890987,2389.4279339432915,3915.133,76.088
2026-07-25 14:52:03.635,0 days 01:05:15.220000,12,608.414168142227,0 days 00:01:16.175000,11036.1626112,238.2625024,6,100.0,False,0,pos,4227.268091184122,0.9687227854114424,OnTrack,-612.0,-884.0,2390.0,3915.22,76.175
2026-07-25 14:52:03.708,0 days 01:05:15.293000,12,610.0972222222254,0 days 00:01:16.248000,11163.0,241.0,6,100.0,False,0,car,4232.185,0.9698495465964416,OnTrack,-669.301223931233,-831.36994803483,2390.146805571883,3915.293,76.248
2026-07-25 14:52:03.815,0 days 01:05:15.400000,12,611.7022235477759,0 days 00:01:16.355000,11206.409288520264,244.04626586107122,6,100.0,False,0,pos,4239.498151529686,0.9715254319122435,OnTrack,-761.0,-747.0,2390.0,3915.4,76.355
2026-07-25 14:52:03.989,0 days 01:05:15.574000,12,614.3122222222219,0 days 00:01:16.529000,11277.0,249.0,6,100.0,False,0,car,4251.620833333333,0.9743034714948232,OnTrack,-849.4846030028725,-665.5684967271185,2389.501442282436,3915.574,76.529
2026-07-25 14:52:04.175,0 days 01:05:15.760000,12,613.1755547733335,0 days 00:01:16.715000,11530.683507911112,253.13333617777778,6,100.0,False,0,pos,4264.817920271074,0.9773277222737854,OnTrack,-916.0,-605.0,2389.0,3915.76,76.715
2026-07-25 14:52:04.349,0 days 01:05:15.934000,12,612.112222222223,0 days 00:01:16.889000,11768.0,257.0,6,100.0,False,0,car,4277.320833333333,0.9801928958341487,OnTrack,-1008.0870762931993,-522.1232463081031,2388.9281365383836,3915.934,76.889
2026-07-25 14:52:04.475,0 days 01:05:16.060000,12,610.2922203733359,0 days 00:01:17.015000,11904.71013888,259.52000256,6,100.0,False,0,pos,4286.434466706855,0.9822813804337485,OnTrack,-1074.0,-463.0,2389.0,3916.06,77.015
2026-07-25 14:52:04.549,0 days 01:05:16.134000,12,609.223333333337,0 days 00:01:17.089000,11985.0,261.0,6,100.0,False,0,car,4291.820833333333,0.983515722796025,OnTrack,-1106.732528908414,-433.6737790139317,2389.055733369452,3916.134,77.089
2026-07-25 14:52:04.656,0 days 01:05:16.241000,12,606.7861096533379,0 days 00:01:17.196000,12041.71003392,263.14000128,6,100.0,False,0,pos,4299.663043208554,0.9853128473763061,OnTrack,-1154.0,-392.0,2389.0,3916.241,77.196
2026-07-25 14:52:04.749,0 days 01:05:16.334000,12,604.6677777777832,0 days 00:01:17.289000,12091.0,265.0,6,100.0,False,0,car,4306.543055555556,0.9868894743090413,OnTrack,-1204.970226324519,-348.3649759504071,2388.62322499817,3916.334,77.289
2026-07-25 14:52:04.876,0 days 01:05:16.461000,12,600.8577758577823,0 days 00:01:17.416000,12162.437536,267.3812512,6,100.0,False,0,pos,4316.050522349274,0.989068209964304,OnTrack,-1284.0,-281.0,2388.0,3916.461,77.416
2026-07-25 14:52:05.036,0 days 01:05:16.621000,12,596.0577758577812,0 days 00:01:17.576000,12252.437536,270.3812512,6,100.0,False,0,pos,4328.140410261167,0.9918387344829043,OnTrack,-1385.0,-194.0,2388.0,3916.621,77.576
2026-07-25 14:52:05.069,0 days 01:05:16.654000,12,595.067777777781,0 days 00:01:17.609000,12271.0,271.0,6,100.0,False,0,car,4330.631944444444,0.9924096956526027,OnTrack,-1404.8177728653907,-177.68836322993943,2388.1976215697605,3916.654,77.609
2026-07-25 14:52:05.176,0 days 01:05:16.761000,12,595.067777777781,0 days 00:01:17.716000,12259.327265745454,271.0,6,75.68180363636364,False,0,pos,4338.703500512453,0.994259377316539,OnTrack,-1467.0,-128.0,2389.0,3916.761,77.716
2026-07-25 14:52:05.185,0 days 01:05:16.770000,12,595.067777777781,0 days 00:01:17.725000,12258.345454545455,271.0,6,73.63636363636364,False,0,interpolation,4339.381926628212,0.9944148457709587,OnTrack,-1472.2159562921731,-123.81830153150844,2389.038544945199,3916.77,77.725
