Date,SessionTime,DriverAhead,DistanceToDriverAhead,Time,RPM,Speed,nGear,Throttle,Brake,DRS,Source,Distance,RelativeDistance,Status,X,Y,Z
2026-08-21 15:12:31.379,0 days 00:56:08.994000,,823.5605555555557,0 days 00:00:00,10718.137512533334,311.6500010666666,8,100.0,False,0,interpolation,0.148185751827709,3.488722176984056e-05,OnTrack,510.63006386572005,3785.69727855401,536.9999469927967
2026-08-21 15:12:31.460,0 days 00:56:09.075000,,823.5605555555557,0 days 00:00:00.081000,10734.0,313.0,8,100.0,False,0,car,7.2191666666666645,0.0016996011113556214,OnTrack,537.4152155077134,3850.0859991911757,536.9996822956696
2026-08-21 15:12:31.648,0 days 00:56:09.263000,,823.5605555555557,0 days 00:00:00.269000,10810.375,315.35,8,100.0,False,0,pos,23.741235430032024,0.005589375060164548,OnTrack,600.0,4002.0,537.0
2026-08-21 15:12:31.780,0 days 00:56:09.395000,1,823.5605555555557,0 days 00:00:00.401000,10864.0,317.0,8,100.0,False,0,car,35.39694444444444,0.00833346685208879,OnTrack,643.9846906735627,4109.8753341772335,537.000452603764
2026-08-21 15:12:31.808,0 days 00:56:09.423000,1,822.2694444444445,0 days 00:00:00.429000,10876.5125,317.175,8,100.0,False,0,pos,37.872211033832436,0.00891621636328241,OnTrack,653.0,4132.0,537.0
2026-08-21 15:12:32.068,0 days 00:56:09.683000,1,810.2805555555556,0 days 00:00:00.689000,10992.7,318.8,8,100.0,False,0,pos,60.909148156780944,0.014339779184899797,OnTrack,740.0,4345.0,537.0
2026-08-21 15:12:32.100,0 days 00:56:09.715000,1,808.8050000000001,0 days 00:00:00.721000,11007.0,319.0,8,100.0,False,0,car,63.7525,0.015009186635350242,OnTrack,754.5043995337415,4380.491949072404,537.0060020305158
2026-08-21 15:12:32.348,0 days 00:56:09.963000,1,798.2650000000002,0 days 00:00:00.969000,11011.822222222223,320.3777777777778,8,100.0,False,0,pos,85.85021355315605,0.02021162900127829,OnTrack,881.0,4690.0,537.0
2026-08-21 15:12:32.460,0 days 00:56:10.075000,1,793.5050000000002,0 days 00:00:01.081000,11014.0,321.0,8,100.0,False,0,car,95.85249999999999,0.022566457189363693,OnTrack,916.9781871556672,4777.940067244345,536.8296605497599
2026-08-21 15:12:32.768,0 days 00:56:10.383000,1,781.612777777778,0 days 00:00:01.389000,11039.666666666666,321.85555555555555,8,100.0,False,0,pos,123.39936589087284,0.02905178798227494,OnTrack,976.0,4922.0,536.0
2026-08-21 15:12:32.820,0 days 00:56:10.435000,1,779.6050000000001,0 days 00:00:01.441000,11044.0,322.0,8,100.0,False,0,car,128.0525,0.030147270642299315,OnTrack,992.0646851914495,4961.291436785871,535.8743568439266
2026-08-21 15:12:32.929,0 days 00:56:10.544000,1,775.7597236042076,0 days 00:00:01.550000,11069.989314502904,322.0,8,100.0,False,0,pos,137.80674248819398,0.032443702091917236,OnTrack,1030.0,5054.0,536.0
2026-08-21 15:12:33.029,0 days 00:56:10.644000,1,772.23194502295,0 days 00:00:01.650000,11093.83273630354,322.0,8,100.0,False,0,pos,146.7529538181474,0.03454989958269102,OnTrack,1064.0,5137.0,537.0
2026-08-21 15:12:33.101,0 days 00:56:10.716000,1,769.6919444444445,0 days 00:00:01.722000,11111.0,322.0,8,100.0,False,0,car,153.1863888888889,0.0360645166986185,OnTrack,1088.3418310421557,5197.277774226677,537.2458690386936
2026-08-21 15:12:33.209,0 days 00:56:10.824000,1,766.1219444444446,0 days 00:00:01.830000,11088.32,322.0,8,100.0,False,0,pos,162.82379894116823,0.03833344240594075,OnTrack,1124.0,5287.0,537.0
2026-08-21 15:12:33.301,0 days 00:56:10.916000,1,763.0808333333334,0 days 00:00:01.922000,11069.0,322.0,8,100.0,False,0,car,171.07527777777779,0.04027607972802718,OnTrack,1152.5222353069707,5359.918281751815,536.786180078759
2026-08-21 15:12:33.528,0 days 00:56:11.143000,1,756.5230537066667,0 days 00:00:02.149000,10848.936049066666,321.3694442666667,8,41.3583168,False,0,pos,191.71726402398053,0.045135801685496926,OnTrack,1222.0,5557.0,537.0
2026-08-21 15:12:33.661,0 days 00:56:11.276000,1,752.6808333333333,0 days 00:00:02.282000,10720.0,321.0,8,7.0,True,0,car,203.1752777777778,0.04783335028204064,OnTrack,1269.3654350937857,5718.699875778679,538.3947728765327
2026-08-21 15:12:33.788,0 days 00:56:11.403000,1,751.1638881244445,0 days 00:00:02.409000,10630.041621333334,303.00832426666665,8,4.530554311111111,True,0,pos,213.28501395586036,0.05021347525174369,OnTrack,1308.0,5858.0,540.0
2026-08-21 15:12:34.021,0 days 00:56:11.636000,1,748.3808333333335,0 days 00:00:02.642000,10465.0,270.0,8,0.0,True,0,car,230.1752777777778,0.05418993299102392,OnTrack,1338.9155973243692,5972.724807994613,542.1528660506282
2026-08-21 15:12:34.108,0 days 00:56:11.723000,1,748.2116665422224,0 days 00:00:02.729000,10533.875050666667,260.2124928,8,0.0,True,0,pos,236.1567607995082,0.05559814749287609,OnTrack,1353.0,6022.0,543.0
2026-08-21 15:12:34.261,0 days 00:56:11.876000,1,747.9141666666667,0 days 00:00:02.882000,10655.0,243.0,8,0.0,True,0,car,246.37527777777782,0.058003882616413885,OnTrack,1393.0460090511126,6157.263480122854,544.7759875339774
2026-08-21 15:12:34.388,0 days 00:56:12.003000,1,748.2316668266667,0 days 00:00:03.009000,10876.61511168,236.01499648,8,0.0,True,0,pos,254.70788581267348,0.059965620103649184,OnTrack,1425.0,6261.0,546.0
2026-08-21 15:12:34.461,0 days 00:56:12.076000,1,748.4141666666667,0 days 00:00:03.082000,11004.0,232.0,8,0.0,True,0,car,259.2641666666667,0.06103830069971455,OnTrack,1437.2228656054278,6297.699596167075,546.4166890938559
2026-08-21 15:12:34.668,0 days 00:56:12.283000,1,751.5191676266667,0 days 00:00:03.289000,11030.5218832,208.0656176,8,0.0,True,0,pos,270.8244588721131,0.06375992860874916,OnTrack,1462.0,6355.0,547.0
2026-08-21 15:12:34.781,0 days 00:56:12.396000,1,753.2141666666666,0 days 00:00:03.402000,11045.0,195.0,6,0.0,True,0,car,276.5975000000001,0.06511906984622234,OnTrack,1485.2604074232834,6405.5997096072,547.5375028372832
2026-08-21 15:12:34.888,0 days 00:56:12.503000,1,755.7108348266667,0 days 00:00:03.509000,11241.421546057143,186.21070902857142,6,0.0,True,0,pos,281.84980400056975,0.06635561446816104,OnTrack,1511.0,6457.0,548.0
2026-08-21 15:12:35.061,0 days 00:56:12.676000,1,759.7475000000001,0 days 00:00:03.682000,11559.0,172.0,4,0.0,True,0,car,289.9752777777779,0.06826858654647579,OnTrack,1552.8338824323014,6522.5050862033395,548.1971918456328
2026-08-21 15:12:35.228,0 days 00:56:12.843000,1,764.5719453254196,0 days 00:00:03.849000,11270.545401871768,164.67084505663297,4,0.0,True,0,pos,297.5130216697145,0.07004318997196574,OnTrack,1597.0,6573.0,548.0
2026-08-21 15:12:35.380,0 days 00:56:12.995000,1,768.9630555555556,0 days 00:00:04.001000,11008.0,158.0,3,0.0,True,0,car,303.97583333333347,0.07156472318946114,OnTrack,1643.0961191660945,6614.212979892734,547.8754441274015
2026-08-21 15:12:35.408,0 days 00:56:13.023000,1,770.0519444444444,0 days 00:00:04.029000,10984.2,156.48333333333332,3,0.0,True,0,pos,305.1116637690888,0.07183213060087817,OnTrack,1652.0,6621.0,548.0
2026-08-21 15:12:35.608,0 days 00:56:13.223000,1,777.8297222222222,0 days 00:00:04.229000,10814.2,145.65,3,0.0,True,0,pos,312.7299466229065,0.07362569523275671,OnTrack,1718.0,6661.0,550.0
2026-08-21 15:12:35.788,0 days 00:56:13.403000,1,784.8297222222222,0 days 00:00:04.409000,10661.2,135.9,3,0.0,True,0,pos,319.0807797148112,0.07512086544829893,OnTrack,1779.0,6685.0,550.0
2026-08-21 15:12:35.860,0 days 00:56:13.475000,1,787.6297222222222,0 days 00:00:04.481000,10600.0,132.0,2,0.0,True,0,car,321.57583333333343,0.07570827339976134,OnTrack,1803.8577464789066,6691.609929132492,549.6853283552813
2026-08-21 15:12:36.008,0 days 00:56:13.623000,1,793.9197222222223,0 days 00:00:04.629000,10302.15,125.83333333333333,2,0.0,True,0,pos,326.6242395349671,0.07689681456899203,OnTrack,1855.0,6700.0,549.0
2026-08-21 15:12:36.100,0 days 00:56:13.715000,1,797.8297222222222,0 days 00:00:04.721000,10117.0,122.0,2,0.0,True,0,car,329.70916666666676,0.07762309584543038,OnTrack,1885.919538555708,6701.7939779693215,548.935403531908
2026-08-21 15:12:36.188,0 days 00:56:13.803000,1,801.8630555555557,0 days 00:00:04.809000,10018.0,120.77777777777777,2,0.48888888888888893,True,0,pos,332.6223583085588,0.07830894560908985,OnTrack,1916.0,6701.0,549.0
2026-08-21 15:12:36.460,0 days 00:56:14.075000,1,814.3297222222225,0 days 00:00:05.081000,9712.0,117.0,2,2.0,False,0,car,341.40916666666675,0.08037761501932313,OnTrack,2015.7132799123071,6683.677466095626,549.0431578722707
2026-08-21 15:12:36.508,0 days 00:56:14.123000,1,816.7297222222224,0 days 00:00:05.129000,9719.51304347826,116.68695652173913,2,4.243478260869566,False,0,pos,342.9296817285086,0.08073558834342878,OnTrack,2032.0,6679.0,549.0
2026-08-21 15:12:37.348,0 days 00:56:14.963000,1,858.7297222222223,0 days 00:00:05.969000,9850.991304347826,111.20869565217392,2,43.504347826086956,False,0,pos,368.767989745312,0.08681867508302125,OnTrack,2219.0,6527.0,546.0
2026-08-21 15:12:37.380,0 days 00:56:14.995000,1,860.3297222222224,0 days 00:00:06.001000,9856.0,111.0,2,45.0,False,0,car,369.7758333333334,0.0870559506802426,OnTrack,2224.4489017820374,6517.837936218861,545.8736131590874
2026-08-21 15:12:37.580,0 days 00:56:15.195000,1,870.1630555555557,0 days 00:00:06.201000,10179.0,115.0,2,50.0,False,0,car,376.1647222222223,0.08856008033360284,OnTrack,2255.9281920798794,6456.454662764505,545.0405061787627
2026-08-21 15:12:37.588,0 days 00:56:15.203000,1,870.5475000000001,0 days 00:00:06.209000,10198.885714285714,115.14285714285714,2,50.285714285714285,False,0,pos,376.42460001959654,0.0886212631007598,OnTrack,2257.0,6454.0,545.0
2026-08-21 15:12:37.860,0 days 00:56:15.475000,1,883.6186111111114,0 days 00:00:06.481000,10875.0,120.0,2,60.0,False,0,car,385.49805555555565,0.0907574175663378,OnTrack,2283.6701387983676,6371.9737073721935,543.3419968655506
2026-08-21 15:12:37.968,0 days 00:56:15.583000,1,888.5686111111114,0 days 00:00:06.589000,11182.125,123.0375,2,64.05,False,0,pos,389.2498903489767,0.09164070823947937,OnTrack,2290.0,6337.0,543.0
2026-08-21 15:12:38.108,0 days 00:56:15.723000,1,894.985277777778,0 days 00:00:06.729000,11580.25,126.975,2,69.3,False,0,pos,394.27303138228297,0.09282330125566822,OnTrack,2295.0,6288.0,543.0
2026-08-21 15:12:38.180,0 days 00:56:15.795000,1,898.2852777777781,0 days 00:00:06.801000,11785.0,129.0,2,72.0,False,0,car,396.96472222222235,0.09345700330941219,OnTrack,2295.8814257042773,6261.273758896843,543.0437123680709
2026-08-21 15:12:38.328,0 days 00:56:15.943000,1,904.6163888888891,0 days 00:00:06.949000,12472.275,139.175,2,76.625,False,0,pos,402.7142004696419,0.09481059716175379,OnTrack,2294.0,6204.0,543.0
2026-08-21 15:12:38.340,0 days 00:56:15.955000,1,905.1297222222224,0 days 00:00:06.961000,12528.0,140.0,2,77.0,False,0,car,403.1869444444446,0.09492189479790217,OnTrack,2293.6345560695795,6199.297300892032,542.9750688729714
2026-08-21 15:12:38.500,0 days 00:56:16.115000,1,911.8408333333335,0 days 00:00:07.121000,11828.0,144.0,2,82.0,False,0,car,409.5869444444446,0.09642864032892043,OnTrack,2285.7232171899786,6135.828850361977,542.3473594473354
2026-08-21 15:12:38.588,0 days 00:56:16.203000,1,915.1897222222225,0 days 00:00:07.209000,11854.4,148.125,2,86.95,False,0,pos,413.2734618513351,0.09729655339577248,OnTrack,2279.0,6100.0,542.0
2026-08-21 15:12:38.820,0 days 00:56:16.435000,1,924.0186111111113,0 days 00:00:07.441000,11924.0,159.0,3,100.0,False,0,car,423.72027777777794,0.09975603670991909,OnTrack,2253.989056193599,6001.52139338505,541.0739544408162
2026-08-21 15:12:38.828,0 days 00:56:16.443000,1,924.2719444444447,0 days 00:00:07.449000,11907.82,159.48,3,100.0,False,0,pos,424.1027115648406,0.09984607270985144,OnTrack,2253.0,5998.0,541.0
2026-08-21 15:12:39.028,0 days 00:56:16.643000,1,930.6052777777778,0 days 00:00:07.649000,11503.32,171.48,3,100.0,False,0,pos,434.15561029877733,0.10221281649752931,OnTrack,2226.0,5908.0,540.0
2026-08-21 15:12:39.068,0 days 00:56:16.683000,1,931.8719444444445,0 days 00:00:07.689000,11422.42,173.88,3,100.0,False,0,pos,436.2439591866794,0.10270447436535016,OnTrack,2220.0,5890.0,541.0
2026-08-21 15:12:39.220,0 days 00:56:16.835000,1,936.6852777777777,0 days 00:00:07.841000,11115.0,183.0,3,100.0,False,0,car,444.0536111111113,0.10454309282409169,OnTrack,2195.1246362441584,5818.451272898747,540.4880181285597
2026-08-21 15:12:39.308,0 days 00:56:16.923000,1,939.4230555555555,0 days 00:00:07.929000,11324.55,183.0,3,100.0,False,0,pos,448.48503388407806,0.10558637820834485,OnTrack,2180.0,5776.0,539.0
2026-08-21 15:12:39.380,0 days 00:56:16.995000,1,941.6630555555555,0 days 00:00:08.001000,11496.0,183.0,4,100.0,False,0,car,452.1869444444446,0.10645791526976071,OnTrack,2167.528672024569,5741.238970993387,538.0097836572712
2026-08-21 15:12:39.569,0 days 00:56:17.184000,1,946.6505551911479,0 days 00:00:08.190000,11601.087129251353,196.3319492333807,4,100.0,False,0,pos,462.6193164983852,0.10891399807760366,OnTrack,2132.0,5646.0,536.0
2026-08-21 15:12:39.621,0 days 00:56:17.236000,1,948.0227777777777,0 days 00:00:08.242000,11630.0,200.0,4,100.0,False,0,car,465.57583333333355,0.1096100478476722,OnTrack,2120.5015925744033,5617.131733717619,535.433210232354
2026-08-21 15:12:39.849,0 days 00:56:17.464000,1,953.3427777777781,0 days 00:00:08.470000,10633.45,207.6,4,100.0,False,0,pos,478.73759532724307,0.11270870817027362,OnTrack,2064.0,5483.0,533.0
2026-08-21 15:12:39.861,0 days 00:56:17.476000,1,953.6227777777781,0 days 00:00:08.482000,10581.0,208.0,4,100.0,False,0,car,479.4425000000001,0.1128746631648784,OnTrack,2061.0242087147076,5476.175742756695,532.8929528524844
2026-08-21 15:12:40.261,0 days 00:56:17.876000,1,961.622777777778,0 days 00:00:08.882000,11251.0,219.0,5,100.0,False,0,car,503.7758333333335,0.11860343523593742,OnTrack,1965.6083602937292,5265.573465268323,530.997300884413
2026-08-21 15:12:40.268,0 days 00:56:17.883000,1,961.7336121244447,0 days 00:00:08.889000,11255.9000448,219.2722247111111,5,100.0,False,0,pos,504.2180253460963,0.11870754005454404,OnTrack,1964.0,5262.0,531.0
2026-08-21 15:12:40.621,0 days 00:56:18.236000,1,967.3227777777779,0 days 00:00:09.242000,11503.0,233.0,5,100.0,False,0,car,527.0758333333335,0.12408893068480077,OnTrack,1884.6741554305474,5078.712944837316,532.6531542135721
2026-08-21 15:12:40.668,0 days 00:56:18.283000,1,968.0147231644446,0 days 00:00:09.289000,11267.7059296,233.5875008,5,100.0,False,0,pos,530.1365976185457,0.12480952332671383,OnTrack,1874.0,5052.0,533.0
2026-08-21 15:12:40.781,0 days 00:56:18.396000,1,969.6783333333335,0 days 00:00:09.402000,10702.0,235.0,5,100.0,False,0,car,537.5202777777779,0.12654785568333748,OnTrack,1848.0363644937806,4984.606560697555,533.9058070329045
2026-08-21 15:12:40.908,0 days 00:56:18.523000,1,971.3363897244445,0 days 00:00:09.529000,10719.78000896,238.1750016,5,100.0,False,0,pos,545.9546732834935,0.12853355689194335,OnTrack,1821.0,4905.0,535.0
2026-08-21 15:12:40.981,0 days 00:56:18.596000,1,972.2894444444445,0 days 00:00:09.602000,10730.0,240.0,6,100.0,False,0,car,550.8536111111113,0.12968690887295886,OnTrack,1807.8988439729058,4858.179437911483,535.641414326199
2026-08-21 15:12:41.088,0 days 00:56:18.703000,1,973.5080562844445,0 days 00:00:09.709000,10739.6968808,241.671876,6,100.0,False,0,pos,558.085871568042,0.1313895926421214,OnTrack,1792.0,4790.0,536.0
2026-08-21 15:12:41.188,0 days 00:56:18.803000,1,974.6469451733334,0 days 00:00:09.809000,10748.7593808,243.234376,6,100.0,False,0,pos,564.8975243124208,0.1329932531626591,OnTrack,1781.0,4725.0,535.0
2026-08-21 15:12:41.301,0 days 00:56:18.916000,1,975.9338888888889,0 days 00:00:09.922000,10759.0,245.0,6,100.0,False,0,car,572.6313888888891,0.1348140290826738,OnTrack,1774.4719014235036,4617.607039942287,533.433960606376
2026-08-21 15:12:41.461,0 days 00:56:19.076000,1,977.6227777777779,0 days 00:00:10.082000,11049.0,248.0,6,100.0,False,0,car,583.6536111111113,0.13740897971942748,OnTrack,1773.6901837072508,4443.876584869526,531.2580652285131
2026-08-21 15:12:41.488,0 days 00:56:19.103000,1,977.8627783466668,0 days 00:00:10.109000,11033.699963733334,248.11250026666667,6,100.0,False,0,pos,585.5282863788668,0.13785033262283392,OnTrack,1774.0,4422.0,531.0
2026-08-21 15:12:41.701,0 days 00:56:19.316000,1,979.7561111111115,0 days 00:00:10.322000,10913.0,249.0,6,100.0,False,0,car,600.2536111111112,0.14131710094050606,OnTrack,1780.4672425320052,4329.464557414802,530.122006718935
2026-08-21 15:12:41.848,0 days 00:56:19.463000,1,981.6752783054974,0 days 00:00:10.469000,11039.368455800548,240.15789230550098,6,63.1578846062541,False,0,pos,609.8296275621699,0.14357157281434824,OnTrack,1788.0,4271.0,530.0
2026-08-21 15:12:41.988,0 days 00:56:19.603000,1,983.5030557900977,0 days 00:00:10.609000,11159.719313689133,231.73684102466711,6,28.070170936112937,False,0,pos,618.4776424528995,0.14560756621884607,OnTrack,1796.0,4179.0,530.0
2026-08-21 15:12:42.100,0 days 00:56:19.715000,1,984.965277777778,0 days 00:00:10.721000,11256.0,225.0,5,0.0,True,0,car,625.1911111111112,0.14718811135921978,OnTrack,1799.26453080311,4098.0571386736765,530.7671886207528
2026-08-21 15:12:42.328,0 days 00:56:19.943000,1,988.7019444444448,0 days 00:00:10.949000,11974.2,208.85,5,0.0,True,0,pos,638.3754941374848,0.15029209732862936,OnTrack,1794.0,3943.0,534.0
2026-08-21 15:12:42.340,0 days 00:56:19.955000,1,988.8986111111116,0 days 00:00:10.961000,12012.0,208.0,5,0.0,True,0,car,639.0577777777779,0.150452726676426,OnTrack,1793.2025976966286,3936.3564765139186,534.1876961114057
2026-08-21 15:12:42.628,0 days 00:56:20.243000,1,993.5386111111114,0 days 00:00:11.249000,11459.76,202.24,5,0.0,True,0,pos,655.165114378428,0.1542448606513692,OnTrack,1755.0,3810.0,539.0
2026-08-21 15:12:42.740,0 days 00:56:20.355000,1,995.3430555555558,0 days 00:00:11.361000,11245.0,200.0,4,0.0,False,0,car,661.2800000000002,0.15568448199246165,OnTrack,1726.597155350416,3759.491117539328,540.9467184062526
2026-08-21 15:12:42.888,0 days 00:56:20.503000,1,997.9330555555559,0 days 00:00:11.509000,11109.95,195.06666666666666,4,9.866666666666667,False,0,pos,669.2262828676861,0.15755526733606984,OnTrack,1679.0,3694.0,543.0
2026-08-21 15:12:42.980,0 days 00:56:20.595000,1,999.5430555555561,0 days 00:00:11.601000,11026.0,192.0,4,16.0,False,0,car,674.0800000000002,0.15869797305449815,OnTrack,1645.4219910425518,3659.060918046436,543.5728579855324
2026-08-21 15:12:43.068,0 days 00:56:20.683000,1,1001.2052777777783,0 days 00:00:11.689000,10996.96,189.36,4,23.919999999999998,False,0,pos,678.6565719929127,0.15977543077288944,OnTrack,1611.0,3629.0,544.0
2026-08-21 15:12:43.180,0 days 00:56:20.795000,1,1003.3208333333339,0 days 00:00:11.801000,10960.0,186.0,4,34.0,False,0,car,684.4133333333334,0.1611307392764547,OnTrack,1564.6605110994738,3594.351271398247,544.8992554226618
2026-08-21 15:12:43.308,0 days 00:56:20.923000,1,1005.8097222222227,0 days 00:00:11.929000,10972.0,184.8,4,40.8,False,0,pos,690.9422695410618,0.16266784012853253,OnTrack,1505.0,3558.0,546.0
2026-08-21 15:12:43.500,0 days 00:56:21.115000,1,1009.5430555555561,0 days 00:00:12.121000,10990.0,183.0,4,51.0,False,0,car,700.6800000000001,0.16496038416779277,OnTrack,1398.2708410647847,3506.965988855996,546.8865774963344
2026-08-21 15:12:43.548,0 days 00:56:21.163000,1,1010.4897222222228,0 days 00:00:12.169000,10995.04,183.0,4,52.44,False,0,pos,703.1150848643493,0.16553367373607533,OnTrack,1373.0,3496.0,547.0
2026-08-21 15:12:43.700,0 days 00:56:21.315000,1,1013.4875000000005,0 days 00:00:12.321000,11011.0,183.0,4,57.0,False,0,car,710.8466666666667,0.16735391222487905,OnTrack,1303.055108330403,3467.5629616681226,547.1223267532424
2026-08-21 15:12:43.900,0 days 00:56:21.515000,1,1017.3208333333337,0 days 00:00:12.521000,11160.0,186.0,4,62.0,False,0,car,721.1800000000001,0.16978667844683562,OnTrack,1221.1803233089918,3437.958821639607,546.995268852575
2026-08-21 15:12:43.948,0 days 00:56:21.563000,1,1018.174166666667,0 days 00:00:12.569000,11175.466666666667,186.66666666666666,4,59.86666666666667,False,0,pos,723.716189113267,0.1703837708862469,OnTrack,1199.0,3430.0,547.0
2026-08-21 15:12:44.048,0 days 00:56:21.663000,1,1019.9519444444447,0 days 00:00:12.669000,11207.68888888889,188.05555555555554,4,55.422222222222224,False,0,pos,729.0804846575196,0.17164668156411628,OnTrack,1149.0,3412.0,547.0
2026-08-21 15:12:44.260,0 days 00:56:21.875000,1,1023.7208333333336,0 days 00:00:12.881000,11276.0,191.0,4,46.0,True,0,car,740.2800000000001,0.17428337214096826,OnTrack,1023.809368562772,3364.8353289560127,545.7547081626986
2026-08-21 15:12:44.328,0 days 00:56:21.943000,1,1025.3075000000003,0 days 00:00:12.949000,11404.471428571429,186.62857142857143,4,34.82857142857143,True,0,pos,743.6682082785198,0.17508105459125242,OnTrack,984.0,3348.0,545.0
2026-08-21 15:12:44.540,0 days 00:56:22.155000,1,1030.254166666667,0 days 00:00:13.161000,11805.0,173.0,4,0.0,True,0,car,753.7355555555556,0.1774511999848278,OnTrack,871.5779616737013,3291.9981547931475,541.6262066459908
2026-08-21 15:12:44.700,0 days 00:56:22.315000,1,1034.343055555556,0 days 00:00:13.321000,11419.0,166.0,3,0.0,True,0,car,761.1133333333333,0.17918814274975162,OnTrack,806.6389787874888,3252.7661773618224,539.1051827503311
2026-08-21 15:12:44.708,0 days 00:56:22.323000,1,1034.5763888888894,0 days 00:00:13.329000,11397.763636363636,165.8181818181818,3,0.0,True,0,pos,761.4763892451882,0.17927361663611052,OnTrack,804.0,3251.0,539.0
2026-08-21 15:12:45.068,0 days 00:56:22.683000,1,1045.0763888888894,0 days 00:00:13.689000,10442.127272727274,157.63636363636363,3,0.0,True,0,pos,777.1846053227672,0.18297178606972953,OnTrack,726.0,3176.0,536.0
2026-08-21 15:12:45.140,0 days 00:56:22.755000,1,1047.1763888888895,0 days 00:00:13.761000,10251.0,156.0,3,0.0,True,0,car,780.18,0.18367698881091019,OnTrack,709.8975806303587,3154.2860150411952,535.636860879973
2026-08-21 15:12:45.248,0 days 00:56:22.863000,1,1050.7463888888894,0 days 00:00:13.869000,10089.45,151.05,3,0.0,True,0,pos,784.5821832365076,0.18471339036064946,OnTrack,686.0,3115.0,535.0
2026-08-21 15:12:45.380,0 days 00:56:22.995000,1,1055.109722222223,0 days 00:00:14.001000,9892.0,145.0,3,0.0,False,0,car,789.8466666666666,0.18595280237338566,OnTrack,663.8329484377002,3054.5433898166025,533.6255580865501
2026-08-21 15:12:45.588,0 days 00:56:23.203000,1,1062.3897222222226,0 days 00:00:14.209000,9445.666666666666,140.66666666666666,3,2.6,False,0,pos,797.9583527643231,0.18786252843223988,OnTrack,645.0,2956.0,531.0
2026-08-21 15:12:45.620,0 days 00:56:23.235000,1,1063.5097222222225,0 days 00:00:14.241000,9377.0,140.0,3,3.0,False,0,car,799.18,0.18815013960612062,OnTrack,643.8589492541506,2944.1550223507993,530.6795479264017
2026-08-21 15:12:45.860,0 days 00:56:23.475000,1,1072.443055555556,0 days 00:00:14.481000,9353.0,134.0,3,18.0,False,0,car,808.1133333333333,0.19025330524316697,OnTrack,648.8545167652512,2878.289835273206,529.1063250773244
2026-08-21 15:12:45.928,0 days 00:56:23.543000,1,1075.0308340205445,0 days 00:00:14.549000,9325.912855877274,132.87136899488638,3,24.207470528124954,False,0,pos,810.5884841271344,0.1908360274927226,OnTrack,653.0,2859.0,529.0
2026-08-21 15:12:46.101,0 days 00:56:23.716000,1,1081.6144444444449,0 days 00:00:14.722000,9257.0,130.0,3,40.0,False,0,car,816.8161111111111,0.19230219141880942,OnTrack,669.2796716274601,2801.7614768349968,529.2173729570623
2026-08-21 15:12:46.149,0 days 00:56:23.764000,1,1083.4277777777781,0 days 00:00:14.770000,9279.628571428571,130.0,3,41.714285714285715,False,0,pos,818.5391846404685,0.19270785287818049,OnTrack,678.0,2784.0,529.0
2026-08-21 15:12:46.381,0 days 00:56:23.996000,1,1092.1922222222227,0 days 00:00:15.002000,9389.0,130.0,3,50.0,False,0,car,826.9272222222223,0.19468264008760564,OnTrack,744.823320300529,2696.3201364682654,526.0606283870973
2026-08-21 15:12:46.389,0 days 00:56:24.004000,1,1092.4811111111114,0 days 00:00:15.010000,9402.033333333333,130.2,3,50.266666666666666,False,0,pos,827.2224935619745,0.1947521555206696,OnTrack,747.0,2694.0,526.0
2026-08-21 15:12:46.621,0 days 00:56:24.236000,1,1100.858888888889,0 days 00:00:15.242000,9780.0,136.0,3,58.0,False,0,car,835.993888888889,0.1968171962565482,OnTrack,798.3780707493416,2653.2129320730514,526.4822273160813
2026-08-21 15:12:46.688,0 days 00:56:24.303000,1,1102.9247241955557,0 days 00:00:15.309000,9896.691778133334,137.6750016,3,60.5125024,False,0,pos,838.6015044003996,0.19743110454070173,OnTrack,815.0,2644.0,527.0
2026-08-21 15:12:46.861,0 days 00:56:24.476000,1,1108.2588888888893,0 days 00:00:15.482000,10198.0,142.0,3,67.0,False,0,car,845.4605555555556,0.19904592402117935,OnTrack,868.8415619562321,2617.155377541552,528.6074746676691
2026-08-21 15:12:47.048,0 days 00:56:24.663000,1,1113.5052795733336,0 days 00:00:15.669000,10281.21502848,145.74000128,3,64.19499904,False,0,pos,853.0323448345937,0.20082854271774223,OnTrack,947.0,2593.0,532.0
2026-08-21 15:12:47.061,0 days 00:56:24.676000,1,1113.8700000000003,0 days 00:00:15.682000,10287.0,146.0,3,64.0,False,0,car,853.5716666666668,0.20095551471153236,OnTrack,953.2977530442705,2591.916111382987,532.3502610612096
2026-08-21 15:12:47.248,0 days 00:56:24.863000,1,1118.025556977778,0 days 00:00:15.869000,10776.836278755556,151.71389084444445,3,72.83055857777778,False,0,pos,861.5596664072654,0.2028361214163639,OnTrack,1054.0,2586.0,539.0
2026-08-21 15:12:47.421,0 days 00:56:25.036000,1,1121.8700000000003,0 days 00:00:16.042000,11230.0,157.0,3,81.0,False,0,car,869.2716666666669,0.20465174984231155,OnTrack,1155.0191598851954,2600.8736309471665,547.694684543561
2026-08-21 15:12:47.628,0 days 00:56:25.243000,1,1125.4925011200003,0 days 00:00:16.249000,12174.437792,165.62500266666666,3,97.38750506666666,False,0,pos,878.8409011380276,0.20690462504152854,OnTrack,1262.0,2629.0,558.0
2026-08-21 15:12:47.661,0 days 00:56:25.276000,1,1126.0700000000002,0 days 00:00:16.282000,12325.0,167.0,3,100.0,False,0,car,880.4050000000001,0.20727285925564537,OnTrack,1275.1011722113458,2632.6053783312823,559.2481130652578
2026-08-21 15:12:47.821,0 days 00:56:25.436000,1,1128.6477777777782,0 days 00:00:16.442000,11403.0,173.0,3,100.0,False,0,car,888.093888888889,0.2090830465949937,OnTrack,1323.0983745881144,2646.5793644992154,563.7441061318328
2026-08-21 15:12:47.981,0 days 00:56:25.596000,1,1130.9588888888893,0 days 00:00:16.602000,11118.0,173.0,3,100.0,False,0,car,895.7827777777778,0.210893233934342,OnTrack,1367.5994201625306,2660.5682959208616,566.7286381909666
2026-08-21 15:12:48.048,0 days 00:56:25.663000,1,1131.5172227555558,0 days 00:00:16.669000,11176.385770057143,177.06786102857143,3,100.0,False,0,pos,899.1644423638904,0.211689375809737,OnTrack,1395.0,2669.0,568.0
2026-08-21 15:12:48.148,0 days 00:56:25.763000,1,1132.350556088889,0 days 00:00:16.769000,11263.5286272,183.1392896,3,100.0,False,0,pos,904.4325446636682,0.21292963980928967,OnTrack,1444.0,2684.0,570.0
2026-08-21 15:12:48.261,0 days 00:56:25.876000,1,1133.2922222222223,0 days 00:00:16.882000,11362.0,190.0,4,100.0,False,0,car,910.5605555555557,0.2143723512195057,OnTrack,1499.2937906198915,2701.2653231992563,572.914330109149
2026-08-21 15:12:48.468,0 days 00:56:26.083000,1,1134.2122225066669,0 days 00:00:17.089000,11215.8062048,198.4093776,4,100.0,False,0,pos,922.1261829997582,0.2170952351984079,OnTrack,1606.0,2738.0,579.0
2026-08-21 15:12:48.581,0 days 00:56:26.196000,1,1134.7144444444448,0 days 00:00:17.202000,11136.0,203.0,4,100.0,False,0,car,928.6050000000001,0.21862053653612665,OnTrack,1675.4933207288298,2765.1778629181877,581.6806753292938
2026-08-21 15:12:48.648,0 days 00:56:26.263000,1,1134.8447223167823,0 days 00:00:17.269000,11067.31894656483,205.40143543479618,4,100.0,False,0,pos,932.4970068664214,0.2195368277787317,OnTrack,1713.0,2780.0,583.0
2026-08-21 15:12:48.860,0 days 00:56:26.475000,1,1135.2569444444443,0 days 00:00:17.481000,10850.0,213.0,5,100.0,False,0,car,945.1125000000002,0.22250688057570225,OnTrack,1788.4200094889418,2808.1513325806727,585.7358179469336
2026-08-21 15:12:49.048,0 days 00:56:26.663000,1,1135.0480555555557,0 days 00:00:17.669000,11195.92,219.58,5,100.0,False,0,pos,956.8052770794731,0.22525969926471606,OnTrack,1859.0,2833.0,588.0
2026-08-21 15:12:49.168,0 days 00:56:26.783000,1,1134.9147222222225,0 days 00:00:17.789000,11416.72,223.78,5,100.0,False,0,pos,964.4533163300554,0.2270602694150078,OnTrack,1929.0,2858.0,590.0
2026-08-21 15:12:49.260,0 days 00:56:26.875000,1,1134.8125000000005,0 days 00:00:17.881000,11586.0,227.0,5,100.0,False,0,car,970.3347222222224,0.22844492285940268,OnTrack,1984.512925138834,2876.787344658227,591.4109188522614
2026-08-21 15:12:49.460,0 days 00:56:27.075000,1,1134.479166666667,0 days 00:00:18.081000,11051.0,232.0,5,100.0,False,0,car,983.2236111111112,0.2314793409427033,OnTrack,2105.6978307453933,2914.7476340344992,593.7709734125339
2026-08-21 15:12:49.488,0 days 00:56:27.103000,1,1134.370277777778,0 days 00:00:18.109000,11024.3,232.9,5,100.0,False,0,pos,985.0594100957701,0.2319115412420756,OnTrack,2123.0,2920.0,594.0
2026-08-21 15:12:49.708,0 days 00:56:27.323000,1,1133.5147222222224,0 days 00:00:18.329000,10814.514285714286,239.97142857142856,5,100.0,False,0,pos,999.7894786718625,0.23537942639810994,OnTrack,2262.0,2960.0,595.0
2026-08-21 15:12:49.740,0 days 00:56:27.355000,1,1133.390277777778,0 days 00:00:18.361000,10784.0,241.0,6,100.0,False,0,car,1001.9680555555557,0.23589232655177939,OnTrack,2282.5854707492185,2965.218947155094,595.0652456136315
2026-08-21 15:12:49.928,0 days 00:56:27.543000,1,1131.8236111111114,0 days 00:00:18.549000,10991.975,245.7,6,100.0,False,0,pos,1014.9297141928428,0.23894387674339132,OnTrack,2406.0,2992.0,595.0
2026-08-21 15:12:50.060,0 days 00:56:27.675000,1,1130.7236111111113,0 days 00:00:18.681000,11138.0,249.0,6,100.0,False,0,car,1024.101388888889,0.24110315484655084,OnTrack,2496.5852606307594,3006.9495520073324,594.1916135461312
2026-08-21 15:12:50.128,0 days 00:56:27.743000,1,1129.8169444444447,0 days 00:00:18.749000,11209.4,249.68,6,100.0,False,0,pos,1028.8255896165065,0.24221536864873378,OnTrack,2543.0,3014.0,593.0
2026-08-21 15:12:50.168,0 days 00:56:27.783000,1,1129.2836111111114,0 days 00:00:18.789000,11251.4,250.08,6,100.0,False,0,pos,1031.6046659761594,0.2428696437870565,OnTrack,2570.0,3018.0,592.0
2026-08-21 15:12:50.260,0 days 00:56:27.875000,1,1128.0569444444448,0 days 00:00:18.881000,11348.0,251.0,6,100.0,False,0,car,1038.0458333333333,0.2443860813073632,OnTrack,2633.768870263008,3025.292465430157,590.1556578521826
2026-08-21 15:12:50.388,0 days 00:56:28.003000,1,1125.5325,0 days 00:00:19.009000,11413.28,254.84,6,100.0,False,0,pos,1047.1480320821925,0.2465290027585012,OnTrack,2725.0,3032.0,588.0
2026-08-21 15:12:50.460,0 days 00:56:28.075000,1,1124.1125,0 days 00:00:19.081000,11450.0,257.0,6,100.0,False,0,car,1052.3236111111112,0.24774748409791608,OnTrack,2776.3443749375147,3034.8775620638635,586.3867060175271
2026-08-21 15:12:50.588,0 days 00:56:28.203000,1,1120.9836111111108,0 days 00:00:19.209000,11068.666666666666,259.6666666666667,6,100.0,False,0,pos,1061.6039377940933,0.24993234202853679,OnTrack,2868.0,3038.0,583.0
2026-08-21 15:12:50.700,0 days 00:56:28.315000,1,1118.245833333333,0 days 00:00:19.321000,10735.0,262.0,6,100.0,False,0,car,1069.790277777778,0.25185964377632014,OnTrack,2949.195152543377,3037.953543831574,579.8316248460001
2026-08-21 15:12:50.788,0 days 00:56:28.403000,1,1115.7036111111108,0 days 00:00:19.409000,10611.066666666668,263.46666666666664,6,100.0,False,0,pos,1076.2556631650884,0.2533817829229828,OnTrack,3014.0,3036.0,577.0
2026-08-21 15:12:50.940,0 days 00:56:28.555000,1,1111.3125,0 days 00:00:19.561000,10397.0,266.0,7,100.0,False,0,car,1087.5236111111112,0.2560345845185165,OnTrack,3128.5987543550805,3028.520304844941,571.0321839092393
2026-08-21 15:12:51.148,0 days 00:56:28.763000,1,1103.743611111111,0 days 00:00:19.769000,10541.56,270.16,7,100.0,False,0,pos,1103.2451062464565,0.2597358802272832,OnTrack,3282.0,3012.0,562.0
2026-08-21 15:12:51.308,0 days 00:56:28.923000,1,1097.9213888888887,0 days 00:00:19.929000,10652.76,273.36,7,100.0,False,0,pos,1115.5065021220594,0.2626225682647223,OnTrack,3402.0,2994.0,555.0
2026-08-21 15:12:51.340,0 days 00:56:28.955000,1,1096.7569444444443,0 days 00:00:19.961000,10675.0,274.0,7,100.0,False,0,car,1117.9680555555556,0.2632020893014853,OnTrack,3435.1612834836933,2988.2007208693826,553.1167862275981
2026-08-21 15:12:51.548,0 days 00:56:29.163000,1,1088.3791666666666,0 days 00:00:20.169000,10819.857142857143,277.7142857142857,7,100.0,False,0,pos,1134.0504750377966,0.26698835706442714,OnTrack,3692.0,2940.0,539.0
2026-08-21 15:12:51.620,0 days 00:56:29.235000,1,1085.4791666666667,0 days 00:00:20.241000,10870.0,279.0,7,100.0,False,0,car,1139.6680555555556,0.2683108983675941,OnTrack,3752.7256250530213,2928.35209492539,535.9809083348797
2026-08-21 15:12:51.968,0 days 00:56:29.583000,1,1070.1091666666666,0 days 00:00:20.589000,11044.966666666667,284.8,7,100.0,False,0,pos,1167.2109089004307,0.2747952844908568,OnTrack,3909.0,2899.0,531.0
2026-08-21 15:12:51.980,0 days 00:56:29.595000,1,1069.5791666666667,0 days 00:00:20.601000,11051.0,285.0,7,100.0,False,0,car,1168.1680555555556,0.27502062456040977,OnTrack,3917.9211163724653,2897.444720521763,530.6680822584999
2026-08-21 15:12:52.068,0 days 00:56:29.683000,1,1065.423611111111,0 days 00:00:20.689000,11100.622222222222,285.97777777777776,7,100.0,False,0,pos,1175.1981843208803,0.27667572066972784,OnTrack,3991.0,2885.0,528.0
2026-08-21 15:12:52.288,0 days 00:56:29.903000,1,1055.0347222222224,0 days 00:00:20.909000,11224.677777777777,288.4222222222222,7,100.0,False,0,pos,1192.8674100063251,0.28083556861318054,OnTrack,4167.0,2861.0,525.0
2026-08-21 15:12:52.340,0 days 00:56:29.955000,1,1052.5791666666669,0 days 00:00:20.961000,11254.0,289.0,7,100.0,False,0,car,1197.0680555555555,0.2818245223489141,OnTrack,4208.434995841711,2857.2581833853446,524.648895069326
2026-08-21 15:12:52.508,0 days 00:56:30.123000,1,1044.2724985273499,0 days 00:00:21.129000,11327.063724864483,290.8614961748913,7,100.0,False,0,pos,1210.7056324674297,0.28503520329670845,OnTrack,4343.0,2851.0,524.0
2026-08-21 15:12:52.669,0 days 00:56:30.284000,1,1036.3119447249494,0 days 00:00:21.290000,11397.083100025813,292.6454293000207,7,100.0,False,0,pos,1223.8373972217128,0.2881268013995052,OnTrack,4471.0,2855.0,524.0
2026-08-21 15:12:52.701,0 days 00:56:30.316000,1,1034.7297222222223,0 days 00:00:21.322000,11411.0,293.0,7,100.0,False,0,car,1226.4494444444445,0.28874175303695204,OnTrack,4496.60678520986,2856.973240566261,524.0476664605378
2026-08-21 15:12:52.861,0 days 00:56:30.476000,1,1026.863055555556,0 days 00:00:21.482000,11429.0,294.0,7,100.0,False,0,car,1239.516111111111,0.291818025162781,OnTrack,4625.58428190571,2872.8439809624806,524.5371453712606
2026-08-21 15:12:52.929,0 days 00:56:30.544000,1,1023.5763888888893,0 days 00:00:21.550000,11426.45,294.0,7,100.0,False,0,pos,1245.0677344705168,0.2931250382388249,OnTrack,4680.0,2883.0,525.0
2026-08-21 15:12:53.049,0 days 00:56:30.664000,1,1017.7763888888892,0 days 00:00:21.670000,11421.95,294.0,7,100.0,False,0,pos,1254.8647819532132,0.2954315472250321,OnTrack,4775.0,2906.0,526.0
2026-08-21 15:12:53.101,0 days 00:56:30.716000,1,1015.2630555555559,0 days 00:00:21.722000,11420.0,294.0,7,100.0,False,0,car,1259.1161111111112,0.2964324333515244,OnTrack,4815.928886932632,2917.774446415917,526.0628068477096
2026-08-21 15:12:53.261,0 days 00:56:30.876000,1,1007.6186111111115,0 days 00:00:21.882000,11447.0,295.0,7,100.0,False,0,car,1272.2272222222223,0.2995191689879854,OnTrack,4940.847209093108,2960.5907046568364,525.061643669053
2026-08-21 15:12:53.308,0 days 00:56:30.923000,1,1005.4644415111114,0 days 00:00:21.929000,11454.833344,295.26111146666665,7,100.0,False,0,pos,1276.0901967773725,0.3004286251828932,OnTrack,4977.0,2975.0,525.0
2026-08-21 15:12:53.468,0 days 00:56:31.083000,1,998.1311081777781,0 days 00:00:22.089000,11481.500010666667,296.15000035555556,7,100.0,False,0,pos,1289.2825366039724,0.30353448441373754,OnTrack,5098.0,3030.0,526.0
2026-08-21 15:12:53.621,0 days 00:56:31.236000,1,991.1186111111112,0 days 00:00:22.242000,11507.0,297.0,7,100.0,False,0,car,1301.9272222222223,0.306511409967867,OnTrack,5210.841790483918,3089.91681124992,527.8867746840659
2026-08-21 15:12:53.708,0 days 00:56:31.323000,1,987.3727750222224,0 days 00:00:22.329000,11512.800004266666,297.36250026666664,7,100.0,False,0,pos,1309.1225903569448,0.3082054082149021,OnTrack,5274.0,3126.0,529.0
2026-08-21 15:12:53.861,0 days 00:56:31.476000,1,980.785277777778,0 days 00:00:22.482000,11523.0,298.0,7,100.0,False,0,car,1321.793888888889,0.3111885992204029,OnTrack,5383.616539026408,3191.582607801589,530.9228006504835
2026-08-21 15:12:53.908,0 days 00:56:31.523000,1,978.8399973511113,0 days 00:00:22.529000,11516.18499072,298.23500032,7,100.0,False,0,pos,1325.6938886366645,0.3121067722189862,OnTrack,5417.0,3212.0,532.0
2026-08-21 15:12:54.048,0 days 00:56:31.663000,1,973.0455529066667,0 days 00:00:22.669000,11495.88499072,298.93500032,7,100.0,False,0,pos,1337.3250124856522,0.3148450759502646,OnTrack,5516.0,3273.0,537.0
2026-08-21 15:12:54.061,0 days 00:56:31.676000,1,972.5074999999999,0 days 00:00:22.682000,11494.0,299.0,7,100.0,False,0,car,1338.405,0.3150993363191395,OnTrack,5525.216420898147,3278.641139651872,537.5246319771354
2026-08-21 15:12:54.341,0 days 00:56:31.956000,1,961.4630555555555,0 days 00:00:22.962000,11542.0,299.0,7,100.0,False,0,car,1361.6605555555557,0.3205743682573708,OnTrack,5725.91397703631,3396.271912086011,549.6945374365363
2026-08-21 15:12:54.348,0 days 00:56:31.963000,1,961.2161088533333,0 days 00:00:22.969000,11541.9343744,299.0,7,100.0,False,0,pos,1362.2421361171264,0.32071128918113234,OnTrack,5731.0,3399.0,550.0
2026-08-21 15:12:54.588,0 days 00:56:32.203000,1,952.7494421866664,0 days 00:00:23.209000,11539.6843744,299.0,7,100.0,False,0,pos,1382.1843835236975,0.3254062723308685,OnTrack,5909.0,3484.0,560.0
2026-08-21 15:12:54.661,0 days 00:56:32.276000,1,950.1741666666665,0 days 00:00:23.282000,11539.0,299.0,7,100.0,False,0,car,1388.2383333333335,0.3268315476153494,OnTrack,5965.796401024262,3505.9494735504754,562.6432675283801
2026-08-21 15:12:54.768,0 days 00:56:32.383000,1,946.8452757866665,0 days 00:00:23.389000,11521.34498944,298.46499968,7,100.0,False,0,pos,1397.0959981544695,0.32891689869105317,OnTrack,6048.0,3534.0,566.0
2026-08-21 15:12:55.048,0 days 00:56:32.663000,1,938.1341646755557,0 days 00:00:23.669000,11475.14498944,297.06499968,7,100.0,False,0,pos,1420.1714694892419,0.3343495335832108,OnTrack,6272.0,3587.0,577.0
2026-08-21 15:12:55.061,0 days 00:56:32.676000,1,937.7297222222223,0 days 00:00:23.682000,11473.0,297.0,7,100.0,False,0,car,1421.2383333333332,0.33460070425966226,OnTrack,6287.512296555635,3589.6211520287557,578.2701569363436
2026-08-21 15:12:55.088,0 days 00:56:32.703000,1,936.9872204622224,0 days 00:00:23.709000,11468.07248832,296.79749952,7,100.0,False,0,pos,1423.4528252257478,0.33512205984753285,OnTrack,6321.0,3595.0,581.0
2026-08-21 15:12:55.428,0 days 00:56:33.043000,1,927.6372204622226,0 days 00:00:24.049000,11406.02248832,294.24749952,7,100.0,False,0,pos,1451.2156279536957,0.3416582284317324,OnTrack,6703.0,3623.0,593.0
2026-08-21 15:12:55.461,0 days 00:56:33.076000,1,926.7297222222226,0 days 00:00:24.082000,11400.0,294.0,7,100.0,False,0,car,1453.905,0.34229138457423464,OnTrack,6726.414992989046,3623.9211363227255,593.4469538324632
2026-08-21 15:12:55.768,0 days 00:56:33.383000,1,918.031388470777,0 days 00:00:24.389000,11296.897238151822,293.2305764041181,7,100.0,False,0,pos,1478.9020893541071,0.3481764240543541,OnTrack,6866.0,3627.0,597.0
2026-08-21 15:12:55.860,0 days 00:56:33.475000,1,915.424722222222,0 days 00:00:24.481000,11266.0,293.0,7,100.0,False,0,car,1486.3791666666666,0.3499367448083818,OnTrack,6932.462006589137,3627.466701274749,597.8850728997074
2026-08-21 15:12:56.020,0 days 00:56:33.635000,1,910.6691666666673,0 days 00:00:24.641000,11244.0,292.0,7,100.0,False,0,car,1499.356944444444,0.35299208991294656,OnTrack,7070.405072587177,3627.994468777088,598.9742261518813
2026-08-21 15:12:56.028,0 days 00:56:33.643000,1,910.3980555555561,0 days 00:00:24.649000,11242.828571428572,291.9428571428571,7,100.0,False,0,pos,1500.0041208223165,0.35314445399343714,OnTrack,7077.0,3628.0,599.0
2026-08-21 15:12:56.300,0 days 00:56:33.915000,1,901.1802777777782,0 days 00:00:24.921000,11203.0,290.0,7,100.0,False,0,car,1521.9124999999997,0.3583023215587227,OnTrack,7294.721246506993,3626.165062501952,598.0857021008625
2026-08-21 15:12:56.308,0 days 00:56:33.923000,1,900.8847222222226,0 days 00:00:24.929000,11200.857142857143,289.9428571428571,7,99.91428571428571,False,0,pos,1522.5552538371555,0.35845364444492256,OnTrack,7302.0,3626.0,598.0
2026-08-21 15:12:56.508,0 days 00:56:34.123000,1,893.4958333333337,0 days 00:00:25.129000,11147.285714285714,288.51428571428573,7,97.77142857142857,False,0,pos,1538.5900184850725,0.362228692878388,OnTrack,7495.0,3620.0,595.0
2026-08-21 15:12:56.580,0 days 00:56:34.195000,1,890.8358333333338,0 days 00:00:25.201000,11128.0,288.0,7,97.0,False,0,car,1544.3124999999998,0.3635759309172866,OnTrack,7552.598343090735,3617.7131057348147,593.8455181925815
2026-08-21 15:12:56.808,0 days 00:56:34.423000,1,882.3491666666667,0 days 00:00:25.429000,11118.228571428572,282.3,7,28.6,False,0,pos,1562.1721629998742,0.3677806133251856,OnTrack,7701.0,3608.0,590.0
2026-08-21 15:12:56.860,0 days 00:56:34.475000,1,880.4136111111111,0 days 00:00:25.481000,11116.0,281.0,7,13.0,True,0,car,1566.1680555555554,0.3687213622706077,OnTrack,7737.499806154086,3604.189391535349,588.9720867382503
2026-08-21 15:12:57.060,0 days 00:56:34.675000,1,873.1358333333335,0 days 00:00:25.681000,11662.0,271.0,7,14.0,True,0,car,1581.2236111111108,0.3722658764972218,OnTrack,7888.475529869751,3582.700303837818,584.2088619625791
2026-08-21 15:12:57.128,0 days 00:56:34.743000,1,870.7369444444447,0 days 00:00:25.749000,11616.95,268.45,7,14.566666666666666,True,0,pos,1586.22284208132,0.37344284039142356,OnTrack,7938.0,3572.0,582.0
2026-08-21 15:12:57.208,0 days 00:56:34.823000,1,867.9147222222225,0 days 00:00:25.829000,11563.95,265.45,7,15.233333333333333,True,0,pos,1592.0306128465822,0.3748101579923199,OnTrack,7994.0,3557.0,579.0
2026-08-21 15:12:57.300,0 days 00:56:34.915000,1,864.669166666667,0 days 00:00:25.921000,11503.0,262.0,6,16.0,False,0,car,1598.6902777777773,0.37637803617562576,OnTrack,8056.907392951325,3536.5724849721787,575.38247401163
2026-08-21 15:12:57.388,0 days 00:56:35.003000,1,861.4913888888892,0 days 00:00:26.009000,11459.0,260.9,6,23.15,False,0,pos,1605.0619201305356,0.37787810549441725,OnTrack,8115.0,3514.0,572.0
2026-08-21 15:12:57.460,0 days 00:56:35.075000,1,858.8913888888892,0 days 00:00:26.081000,11423.0,260.0,6,29.0,False,0,car,1610.245833333333,0.3790985489399643,OnTrack,8160.443737636588,3493.423627839678,569.4201401231383
2026-08-21 15:12:57.608,0 days 00:56:35.223000,1,853.6702777777781,0 days 00:00:26.229000,11221.35,255.375,6,31.775,False,0,pos,1620.7396500536618,0.38156909760350805,OnTrack,8252.0,3441.0,564.0
2026-08-21 15:12:57.620,0 days 00:56:35.235000,1,853.2469444444448,0 days 00:00:26.241000,11205.0,255.0,6,32.0,False,0,car,1621.5791666666662,0.3817667441511424,OnTrack,8259.67792348053,3435.776801763689,563.4953387356952
2026-08-21 15:12:57.900,0 days 00:56:35.515000,1,843.5247222222226,0 days 00:00:26.521000,11012.0,247.0,6,44.0,False,0,car,1640.7902777777774,0.38628959662185525,OnTrack,8438.524849128124,3284.5725324539308,550.123896286558
2026-08-21 15:12:57.928,0 days 00:56:35.543000,1,842.5369444444449,0 days 00:00:26.549000,11010.281818181818,247.0,6,45.20909090909091,False,0,pos,1642.7043603243949,0.38674022714109213,OnTrack,8453.0,3270.0,549.0
2026-08-21 15:12:58.308,0 days 00:56:35.923000,1,829.1313888888894,0 days 00:00:26.929000,10986.963636363636,247.0,6,61.61818181818182,False,0,pos,1668.7801331400556,0.39287921997825526,OnTrack,8581.0,3091.0,539.0
2026-08-21 15:12:58.340,0 days 00:56:35.955000,1,828.0025000000005,0 days 00:00:26.961000,10985.0,247.0,6,63.0,False,0,car,1670.979166666666,0.3933969362186896,OnTrack,8590.227701126565,3073.1559277542337,538.2419473986381
2026-08-21 15:12:58.568,0 days 00:56:36.183000,1,820.2125000000004,0 days 00:00:27.189000,11044.28,247.0,6,66.42,False,0,pos,1686.6501676129333,0.39708634413156,OnTrack,8653.0,2929.0,533.0
2026-08-21 15:12:58.740,0 days 00:56:36.355000,1,814.3358333333338,0 days 00:00:27.361000,11089.0,247.0,6,69.0,False,0,car,1698.4236111111106,0.3998581540339936,OnTrack,8685.963078307916,2808.3281418590204,530.4416488705217
2026-08-21 15:12:58.788,0 days 00:56:36.403000,1,812.7758333333338,0 days 00:00:27.409000,11072.885714285714,246.65714285714284,6,69.51428571428572,False,0,pos,1701.6954005338835,0.40062842811074284,OnTrack,8692.0,2770.0,530.0
2026-08-21 15:12:59.020,0 days 00:56:36.635000,1,805.2358333333341,0 days 00:00:27.641000,10995.0,245.0,6,72.0,False,0,car,1717.479166666666,0.40434438421749413,OnTrack,8700.483814823156,2554.5401095609554,529.6039309013008
2026-08-21 15:12:59.088,0 days 00:56:36.703000,1,803.0824995095618,0 days 00:00:27.709000,11042.43061578491,245.4839858753562,6,78.77580225498698,False,0,pos,1722.129158585103,0.4054391271147403,OnTrack,8698.0,2496.0,530.0
2026-08-21 15:12:59.301,0 days 00:56:36.916000,1,796.3375000000008,0 days 00:00:27.922000,11191.0,247.0,6,100.0,False,0,car,1736.7588888888884,0.4088833897327452,OnTrack,8678.165214633871,2349.4858457223877,532.6872627747266
2026-08-21 15:12:59.509,0 days 00:56:37.124000,1,790.0975000000009,0 days 00:00:28.130000,11160.542857142857,247.74285714285713,6,96.28571428571429,False,0,pos,1751.0743285049984,0.4122536592118289,OnTrack,8637.0,2225.0,537.0
2026-08-21 15:12:59.581,0 days 00:56:37.196000,1,787.9375000000009,0 days 00:00:28.202000,11150.0,248.0,6,95.0,False,0,car,1756.0477777777774,0.4134245533470641,OnTrack,8616.797009500542,2178.2415995552474,538.7853549847985
2026-08-21 15:12:59.781,0 days 00:56:37.396000,1,782.1041666666677,0 days 00:00:28.402000,11249.0,250.0,6,100.0,False,0,car,1769.9366666666663,0.41669440041958644,OnTrack,8547.582571608013,2042.5362775428357,544.2979475800106
2026-08-21 15:12:59.908,0 days 00:56:37.523000,1,778.6116649066677,0 days 00:00:28.529000,11309.3250304,251.36071497142856,6,100.0,False,0,pos,1778.827991817395,0.4187876761126631,OnTrack,8509.0,1973.0,547.0
2026-08-21 15:13:00.061,0 days 00:56:37.676000,1,774.4041666666676,0 days 00:00:28.682000,11382.0,253.0,6,100.0,False,0,car,1789.614444444444,0.42132711975193593,OnTrack,8474.073590726202,1914.644539689817,548.9535244470219
2026-08-21 15:13:00.308,0 days 00:56:37.923000,1,768.023331680001,0 days 00:00:28.929000,11557.546474057142,255.64642925714287,6,100.0,False,0,pos,1807.1744780672504,0.4254612607184507,OnTrack,8402.0,1804.0,551.0
2026-08-21 15:13:00.341,0 days 00:56:37.956000,1,767.1708333333343,0 days 00:00:28.962000,11581.0,256.0,6,100.0,False,0,car,1809.5255555555552,0.4260147725151039,OnTrack,8385.395378163328,1777.915949947609,551.4163746629313
2026-08-21 15:13:00.581,0 days 00:56:38.196000,1,761.7041666666678,0 days 00:00:29.202000,11466.0,257.0,6,100.0,False,0,car,1826.6588888888887,0.4300484558637674,OnTrack,8243.973710328135,1553.8386345093218,554.7870266299087
2026-08-21 15:13:00.608,0 days 00:56:38.223000,1,761.1266652977789,0 days 00:00:29.229000,11483.2125408,257.3375008,6,100.0,False,0,pos,1828.5980294993267,0.43050498577764135,OnTrack,8234.0,1538.0,555.0
2026-08-21 15:13:00.821,0 days 00:56:38.436000,1,756.5708333333348,0 days 00:00:29.442000,11619.0,260.0,6,100.0,False,0,car,1843.992222222222,0.4341292250102752,OnTrack,8201.67735867944,1486.2552811647076,555.1144042175973
2026-08-21 15:13:00.848,0 days 00:56:38.463000,1,756.0383320711126,0 days 00:00:29.469000,11617.8187472,260.3375008,6,100.0,False,0,pos,1845.9537653634966,0.43459102912934,OnTrack,8196.0,1477.0,555.0
2026-08-21 15:13:00.981,0 days 00:56:38.596000,1,753.415277777779,0 days 00:00:29.602000,11612.0,262.0,6,100.0,False,0,car,1855.6366666666663,0.4368706647958778,OnTrack,8150.293471514711,1402.3974028319808,554.1304181843702
2026-08-21 15:13:01.108,0 days 00:56:38.723000,1,751.0516654755571,0 days 00:00:29.729000,11699.312544,262.0,6,100.0,False,0,pos,1864.880313588647,0.4390468872474411,OnTrack,8098.0,1316.0,553.0
2026-08-21 15:13:01.141,0 days 00:56:38.756000,1,750.4375000000016,0 days 00:00:29.762000,11722.0,262.0,6,100.0,False,0,car,1867.2811111111107,0.4396121045814805,OnTrack,8085.916954264904,1295.6935671714073,552.6850303158827
2026-08-21 15:13:01.301,0 days 00:56:38.916000,1,747.8152777777791,0 days 00:00:29.922000,11722.0,262.0,6,100.0,False,0,car,1878.925555555555,0.44235354436708313,OnTrack,8031.958533370677,1200.7124220522721,550.8451460344502
2026-08-21 15:13:01.348,0 days 00:56:38.963000,1,747.1755546844458,0 days 00:00:29.969000,11719.3562464,262.2937504,6,100.0,False,0,pos,1882.357002094679,0.44316140635735707,OnTrack,8013.0,1164.0,550.0
2026-08-21 15:13:01.621,0 days 00:56:39.236000,1,743.4597222222237,0 days 00:00:30.242000,11704.0,264.0,6,100.0,False,0,car,1902.3922222222218,0.44787827798081675,OnTrack,7883.324831837018,892.0328491840841,543.1312139533318
2026-08-21 15:13:01.628,0 days 00:56:39.243000,1,743.3955549688903,0 days 00:00:30.249000,11698.4874496,263.98249984,6,100.0,False,0,pos,1902.9073760121682,0.4479995601168775,OnTrack,7881.0,887.0,543.0
2026-08-21 15:13:01.948,0 days 00:56:39.563000,1,740.4622216355572,0 days 00:00:30.569000,11446.4874496,263.18249984,6,100.0,False,0,pos,1926.3945456068082,0.45352912071421997,OnTrack,7828.0,766.0,540.0
2026-08-21 15:13:02.021,0 days 00:56:39.636000,1,739.7930555555572,0 days 00:00:30.642000,11389.0,263.0,6,100.0,True,0,car,1931.614444444444,0.45475803622140354,OnTrack,7807.931189617181,720.7063025062805,539.1186823199475
2026-08-21 15:13:02.108,0 days 00:56:39.723000,1,739.5755553955571,0 days 00:00:30.729000,11502.410797714285,258.6499968,6,68.92854857142856,True,0,pos,1937.736791499746,0.45619941420029725,OnTrack,7781.0,660.0,538.0
2026-08-21 15:13:02.301,0 days 00:56:39.916000,1,739.0930555555569,0 days 00:00:30.922000,11754.0,249.0,6,0.0,True,0,car,1950.9811111111107,0.45931751097932866,OnTrack,7725.496317199842,537.8959632249101,536.0685871307473
2026-08-21 15:13:02.308,0 days 00:56:39.923000,1,739.114444635095,0 days 00:00:30.929000,11744.766942791812,248.72401187692918,6,0.0,True,0,pos,1951.4545729873118,0.4594289776302777,OnTrack,7723.0,533.0,536.0
2026-08-21 15:13:02.580,0 days 00:56:40.195000,1,739.9455555555571,0 days 00:00:31.201000,11386.0,238.0,5,0.0,True,0,car,1969.4261111111107,0.4636599986855211,OnTrack,7603.932344304347,325.7743819967763,533.0932599714553
2026-08-21 15:13:02.588,0 days 00:56:40.203000,1,740.0077777777793,0 days 00:00:31.209000,11382.92,237.52,5,0.04,True,0,pos,1969.938334715136,0.4637805909708722,OnTrack,7601.0,321.0,533.0
2026-08-21 15:13:02.780,0 days 00:56:40.395000,1,741.5011111111126,0 days 00:00:31.401000,11309.0,226.0,5,1.0,False,0,car,1981.9816666666661,0.46661594043908117,OnTrack,7550.88913557561,244.71788137991024,530.6231465122895
2026-08-21 15:13:02.940,0 days 00:56:40.555000,1,743.0566666666682,0 days 00:00:31.561000,10946.0,222.0,5,15.0,False,0,car,1991.848333333333,0.46893883979940104,OnTrack,7518.451620377257,219.21126210241778,528.5352060072175
2026-08-21 15:13:03.068,0 days 00:56:40.683000,1,744.7988888888905,0 days 00:00:31.689000,10874.4,219.6,5,21.4,False,0,pos,1999.6221654795759,0.4707690252439694,OnTrack,7455.0,185.0,527.0
2026-08-21 15:13:03.260,0 days 00:56:40.875000,1,747.4122222222238,0 days 00:00:31.881000,10767.0,216.0,5,31.0,False,0,car,2011.048333333333,0.4734590763924558,OnTrack,7306.892160134494,115.34383038826154,525.0586555767054
2026-08-21 15:13:03.268,0 days 00:56:40.883000,1,747.5522222222238,0 days 00:00:31.889000,10761.2,215.8,5,31.288888888888888,False,0,pos,2011.5174709898806,0.4735695249967426,OnTrack,7301.0,113.0,525.0
2026-08-21 15:13:03.620,0 days 00:56:41.235000,1,753.7122222222238,0 days 00:00:32.241000,10506.0,207.0,5,44.0,False,0,car,2031.748333333333,0.478332456469343,OnTrack,7105.433656568187,74.02066861615543,524.0568197384442
2026-08-21 15:13:03.648,0 days 00:56:41.263000,1,754.2333333333348,0 days 00:00:32.269000,10512.533333333333,206.88333333333333,5,47.03333333333333,False,0,pos,2033.3475891726437,0.47870896765509874,OnTrack,7092.0,73.0,524.0
2026-08-21 15:13:03.860,0 days 00:56:41.475000,1,758.1788888888902,0 days 00:00:32.481000,10562.0,206.0,5,70.0,False,0,car,2045.4816666666663,0.48156568125465304,OnTrack,6992.3289070706805,67.07855079496927,523.3678702789474
2026-08-21 15:13:04.020,0 days 00:56:41.635000,1,761.1566666666686,0 days 00:00:32.641000,10637.0,208.0,5,75.0,False,0,car,2054.7261111111106,0.4837420914661238,OnTrack,6909.50647056441,65.95658107645856,523.0084484500583
2026-08-21 15:13:04.028,0 days 00:56:41.643000,1,761.3100000000019,0 days 00:00:32.649000,10639.363636363636,208.05454545454546,5,75.45454545454545,False,0,pos,2055.190113525274,0.4838513310854866,OnTrack,6905.0,66.0,523.0
2026-08-21 15:13:04.228,0 days 00:56:41.843000,1,765.143333333335,0 days 00:00:32.849000,10698.454545454546,209.4181818181818,5,86.81818181818181,False,0,pos,2066.84060554205,0.4865941946449306,OnTrack,6787.0,70.0,523.0
2026-08-21 15:13:04.408,0 days 00:56:42.023000,1,768.5933333333348,0 days 00:00:33.029000,10751.636363636364,210.64545454545456,5,97.04545454545455,False,0,pos,2077.4313168783106,0.4890875551099642,OnTrack,6682.0,80.0,523.0
2026-08-21 15:13:04.460,0 days 00:56:42.075000,1,769.5900000000015,0 days 00:00:33.081000,10767.0,211.0,5,100.0,False,0,car,2080.515,0.4898135435103832,OnTrack,6636.7788148378395,86.36730390476183,522.9985951965393
2026-08-21 15:13:04.608,0 days 00:56:42.223000,1,772.3444444444459,0 days 00:00:33.229000,10878.37,212.85,5,100.0,False,0,pos,2089.3509573652022,0.4918937840216781,OnTrack,6494.0,109.0,523.0
2026-08-21 15:13:04.860,0 days 00:56:42.475000,1,777.0344444444459,0 days 00:00:33.481000,11068.0,216.0,5,100.0,False,0,car,2104.515,0.4954638392517017,OnTrack,6396.813893897383,130.07683402395782,523.015474525001
2026-08-21 15:13:04.948,0 days 00:56:42.563000,1,778.6233333333348,0 days 00:00:33.569000,11066.114285714286,216.31428571428572,5,100.0,False,0,pos,2109.810233916139,0.4967104908202703,OnTrack,6365.0,139.0,523.0
2026-08-21 15:13:05.140,0 days 00:56:42.755000,1,782.0900000000015,0 days 00:00:33.761000,11062.0,217.0,5,100.0,False,0,car,2121.3927777777776,0.49943735741423073,OnTrack,6254.687807513739,171.0444141766635,522.9901581697397
2026-08-21 15:13:05.148,0 days 00:56:42.763000,1,782.2188888888904,0 days 00:00:33.769000,11054.775,217.0,5,100.0,False,0,pos,2121.8777820892496,0.4995515414890487,OnTrack,6249.0,173.0,523.0
2026-08-21 15:13:05.460,0 days 00:56:43.075000,1,787.2455555555571,0 days 00:00:34.081000,10773.0,217.0,5,100.0,True,0,car,2140.6816666666664,0.5039785210285497,OnTrack,5999.756818547034,276.61776597545634,523.9465758802855
2026-08-21 15:13:05.488,0 days 00:56:43.103000,1,787.7900000965236,0 days 00:00:34.109000,10790.684213661467,215.75900255007247,5,92.24376593795296,True,0,pos,2142.3052419395317,0.5043607577139655,OnTrack,5984.0,284.0,524.0
2026-08-21 15:13:05.789,0 days 00:56:43.404000,1,793.6427776674685,0 days 00:00:34.410000,10980.789470101181,202.41828279991716,5,8.864267499482319,True,0,pos,2159.0733257238953,0.5083084507305015,OnTrack,5905.0,329.0,524.0
2026-08-21 15:13:05.821,0 days 00:56:43.436000,1,794.2650000000017,0 days 00:00:34.442000,11001.0,201.0,5,0.0,True,0,car,2160.8374999999996,0.5087237884971354,OnTrack,5899.111424537613,332.6461357659811,523.9928232963567
2026-08-21 15:13:06.061,0 days 00:56:43.676000,1,799.1983333333346,0 days 00:00:34.682000,12032.0,193.0,5,0.0,True,0,car,2173.7041666666664,0.51175297482512,OnTrack,5839.508049646286,371.40549485366654,524.0064609159483
2026-08-21 15:13:06.129,0 days 00:56:43.744000,1,800.9927777777791,0 days 00:00:34.750000,11746.4,183.08333333333334,5,0.0,True,0,pos,2176.8964526876707,0.5125045314963513,OnTrack,5803.0,400.0,524.0
2026-08-21 15:13:06.249,0 days 00:56:43.864000,1,804.1594444444459,0 days 00:00:34.870000,11242.4,165.58333333333334,5,0.0,True,0,pos,2182.0431941705883,0.5137162236414596,OnTrack,5719.0,469.0,524.0
2026-08-21 15:13:06.301,0 days 00:56:43.916000,1,805.5316666666681,0 days 00:00:34.922000,11024.0,158.0,4,0.0,True,0,car,2184.2374999999997,0.5142328268449209,OnTrack,5688.973664228786,494.54610921318397,524.0669681427814
2026-08-21 15:13:06.661,0 days 00:56:44.276000,1,810.8316666666678,0 days 00:00:35.282000,9762.0,149.0,3,0.0,True,0,car,2199.1375,0.5177407187843228,OnTrack,5614.612537109419,575.4695983792612,525.1824749705734
2026-08-21 15:13:06.748,0 days 00:56:44.363000,1,811.9191674666679,0 days 00:00:35.369000,9552.889131885715,144.9607113142857,3,0.0,True,0,pos,2202.5164723603866,0.5185362268317364,OnTrack,5603.0,593.0,525.0
2026-08-21 15:13:06.941,0 days 00:56:44.556000,1,814.3316666666678,0 days 00:00:35.562000,9089.0,136.0,3,0.0,True,0,car,2209.715277777778,0.5202310343147558,OnTrack,5569.70257847384,642.3835428059892,523.6499592984202
2026-08-21 15:13:07.068,0 days 00:56:44.683000,1,815.1783337600011,0 days 00:00:35.689000,8952.4749312,133.2218736,3,0.0,True,0,pos,2214.328779063478,0.5213171862592207,OnTrack,5548.0,680.0,523.0
2026-08-21 15:13:07.248,0 days 00:56:44.863000,1,816.378333760001,0 days 00:00:35.869000,8758.9749312,129.2843736,3,0.0,True,0,pos,2220.7253959505315,0.5228231353073777,OnTrack,5524.0,737.0,523.0
2026-08-21 15:13:07.261,0 days 00:56:44.876000,1,816.465000000001,0 days 00:00:35.882000,8745.0,129.0,3,0.0,False,0,car,2221.1819444444445,0.5229306200578302,OnTrack,5522.692422408156,741.1852060045901,522.9747043836552
2026-08-21 15:13:07.488,0 days 00:56:45.103000,1,817.6630558933343,0 days 00:00:36.109000,8541.510656914286,124.94642742857143,3,1.6214290285714286,False,0,pos,2229.0322482669926,0.5247788091518552,OnTrack,5510.0,815.0,522.0
2026-08-21 15:13:07.541,0 days 00:56:45.156000,1,817.9427777777787,0 days 00:00:36.162000,8494.0,124.0,3,2.0,False,0,car,2230.826388888889,0.5252012018649898,OnTrack,5509.755887096741,832.4639176956946,521.9502272215909
2026-08-21 15:13:07.668,0 days 00:56:45.283000,1,818.2955557333343,0 days 00:00:36.289000,8464.847712581819,122.26818094545455,3,6.040911127272727,False,0,pos,2235.0610840485647,0.5261981718660937,OnTrack,5514.0,874.0,522.0
2026-08-21 15:13:07.948,0 days 00:56:45.563000,1,819.073333511112,0 days 00:00:36.569000,8400.574985309091,118.44999912727273,3,14.950002036363635,False,0,pos,2244.1766219517035,0.528344233740841,OnTrack,5550.0,959.0,521.0
2026-08-21 15:13:07.981,0 days 00:56:45.596000,1,819.1650000000009,0 days 00:00:36.602000,8393.0,118.0,3,16.0,False,0,car,2245.248611111111,0.5285966110650968,OnTrack,5555.663021327882,968.6859962499884,520.8892294596254
2026-08-21 15:13:08.108,0 days 00:56:45.723000,1,819.4119445688899,0 days 00:00:36.729000,8456.046460342857,117.54642834285714,3,24.16428982857143,False,0,pos,2249.375323330333,0.5295681587516767,OnTrack,5579.0,1005.0,521.0
2026-08-21 15:13:08.188,0 days 00:56:45.803000,1,819.5675001244455,0 days 00:00:36.809000,8495.760746057143,117.26071405714286,3,29.307146971428573,False,0,pos,2251.9756125497565,0.5301803422142893,OnTrack,5595.0,1027.0,522.0
2026-08-21 15:13:08.261,0 days 00:56:45.876000,1,819.7094444444456,0 days 00:00:36.882000,8532.0,117.0,3,34.0,False,0,car,2254.348611111111,0.5307390148670134,OnTrack,5614.912267260565,1050.2710078311293,522.5851420955629
2026-08-21 15:13:08.541,0 days 00:56:46.156000,1,819.6316666666676,0 days 00:00:37.162000,8794.0,118.0,3,35.0,False,0,car,2263.526388888889,0.5328997298125361,OnTrack,5710.505912972723,1144.616982411799,522.0118440512088
2026-08-21 15:13:08.548,0 days 00:56:46.163000,1,819.6141665066675,0 days 00:00:37.169000,8810.750153142857,118.15000137142857,3,35.50000457142857,False,0,pos,2263.761597537373,0.5329551047469048,OnTrack,5712.0,1146.0,522.0
2026-08-21 15:13:08.808,0 days 00:56:46.423000,1,818.9641665066673,0 days 00:00:37.429000,9432.893010285714,123.72142994285714,3,54.07143314285714,False,0,pos,2272.716874332606,0.5350634365110062,OnTrack,5744.0,1171.0,522.0
2026-08-21 15:13:08.821,0 days 00:56:46.436000,1,818.9316666666673,0 days 00:00:37.442000,9464.0,124.0,3,55.0,False,0,car,2273.1708333333336,0.5351703116196955,OnTrack,5746.453922151608,1172.744159691848,522.0032816438459
2026-08-21 15:13:09.088,0 days 00:56:46.703000,1,818.2641666405854,0 days 00:00:37.709000,9357.702190203949,127.34796251326144,3,50.8150468584232,False,0,pos,2282.615071077571,0.53739375896579,OnTrack,5824.0,1227.0,522.0
2026-08-21 15:13:09.140,0 days 00:56:46.755000,1,818.1341666666667,0 days 00:00:37.761000,9337.0,128.0,3,50.0,False,0,car,2284.513055555556,0.5378405995330002,OnTrack,5840.148779576725,1237.1087435044624,522.0050347051829
2026-08-21 15:13:09.268,0 days 00:56:46.883000,1,817.494166666667,0 days 00:00:37.889000,9621.0,133.6,3,63.6,False,0,pos,2289.2923055209653,0.5389657735215938,OnTrack,5880.0,1260.0,522.0
2026-08-21 15:13:09.300,0 days 00:56:46.915000,1,817.334166666667,0 days 00:00:37.921000,9692.0,135.0,3,67.0,False,0,car,2290.513055555556,0.5392531734683298,OnTrack,5890.362885194067,1265.5816805981876,521.9818815777915
2026-08-21 15:13:09.468,0 days 00:56:47.083000,1,815.9808333333335,0 days 00:00:38.089000,10207.76,140.04,3,67.84,False,0,pos,2297.080327006196,0.540799299547898,OnTrack,5947.0,1294.0,522.0
2026-08-21 15:13:09.500,0 days 00:56:47.115000,1,815.7230555555557,0 days 00:00:38.121000,10306.0,141.0,3,68.0,False,0,car,2298.3463888888896,0.5410973672172325,OnTrack,5957.961586268307,1299.1718050803136,522.1097005729071
2026-08-21 15:13:09.668,0 days 00:56:47.283000,1,813.9497222222222,0 days 00:00:38.289000,10627.6,143.4,3,72.2,False,0,pos,2305.035284966785,0.5426721272598598,OnTrack,6020.0,1326.0,523.0
2026-08-21 15:13:09.780,0 days 00:56:47.395000,1,812.7674999999999,0 days 00:00:38.401000,10842.0,145.0,3,75.0,False,0,car,2309.6241666666674,0.5437524830401205,OnTrack,6072.939192711365,1345.5446574802395,523.220554761046
2026-08-21 15:13:10.008,0 days 00:56:47.623000,1,809.1575000000001,0 days 00:00:38.629000,11294.01,152.98,3,89.25,False,0,pos,2319.4522521574277,0.5460662992731936,OnTrack,6180.0,1381.0,523.0
2026-08-21 15:13:10.180,0 days 00:56:47.795000,1,806.4341666666669,0 days 00:00:38.801000,11635.0,159.0,3,100.0,False,0,car,2327.290833333334,0.5479117285163688,OnTrack,6214.742651358334,1390.9438746209196,522.9708250140185
2026-08-21 15:13:10.348,0 days 00:56:47.963000,1,802.9341666666669,0 days 00:00:38.969000,11878.6,168.8,3,100.0,False,0,pos,2335.2937232850068,0.5497958408085429,OnTrack,6253.0,1399.0,523.0
2026-08-21 15:13:10.420,0 days 00:56:48.035000,1,801.4341666666669,0 days 00:00:39.041000,11983.0,173.0,3,100.0,False,0,car,2338.824166666667,0.5506270095253913,OnTrack,6283.972382430753,1405.784353766014,523.0021079929223
2026-08-21 15:13:10.508,0 days 00:56:48.123000,1,799.2586111111112,0 days 00:00:39.129000,11702.5,175.75,3,100.0,False,0,pos,2343.2191120536772,0.5516617070755394,OnTrack,6328.0,1415.0,523.0
2026-08-21 15:13:10.740,0 days 00:56:48.355000,1,793.5230555555554,0 days 00:00:39.361000,10963.0,183.0,4,100.0,False,0,car,2355.090833333334,0.5544566544167294,OnTrack,6441.8215247812095,1433.5671462148173,522.9969929632157
2026-08-21 15:13:10.788,0 days 00:56:48.403000,1,792.309722222222,0 days 00:00:39.409000,11031.88,183.72,4,100.0,False,0,pos,2357.5574058248008,0.5550373570852372,OnTrack,6466.0,1437.0,523.0
2026-08-21 15:13:10.940,0 days 00:56:48.555000,1,788.4674999999997,0 days 00:00:39.561000,11250.0,186.0,4,100.0,False,0,car,2365.4241666666676,0.556889420638686,OnTrack,6545.092213102646,1447.7079617722522,523.018418694764
2026-08-21 15:13:11.028,0 days 00:56:48.643000,1,786.1452777777774,0 days 00:00:39.649000,11378.333333333334,188.56666666666666,4,100.0,False,0,pos,2370.0747988645603,0.5579843142762774,OnTrack,6591.0,1454.0,523.0
2026-08-21 15:13:11.180,0 days 00:56:48.795000,1,782.1341666666663,0 days 00:00:39.801000,11600.0,193.0,4,100.0,False,0,car,2378.2908333333344,0.5599186069666706,OnTrack,6669.011898712977,1465.413326020765,522.8936242708276
2026-08-21 15:13:11.268,0 days 00:56:48.883000,1,779.7386111111107,0 days 00:00:39.889000,11712.828571428572,195.5142857142857,4,100.0,False,0,pos,2383.157466363342,0.5610643534618377,OnTrack,6719.0,1474.0,523.0
2026-08-21 15:13:11.460,0 days 00:56:49.075000,1,774.511944444444,0 days 00:00:40.081000,11959.0,201.0,4,100.0,True,0,car,2393.9241666666676,0.5635991468315017,OnTrack,6843.553797202443,1499.2973804327419,523.878202840678
2026-08-21 15:13:11.488,0 days 00:56:49.103000,1,773.8197222222218,0 days 00:00:40.109000,11867.8,200.6,4,90.0,True,0,pos,2395.4876582806887,0.5639672380818471,OnTrack,6860.0,1503.0,524.0
2026-08-21 15:13:11.740,0 days 00:56:49.355000,1,767.589722222222,0 days 00:00:40.361000,11047.0,197.0,4,0.0,True,0,car,2409.2463888888897,0.5672064421219082,OnTrack,6975.0907175397415,1533.6621465574026,524.7180827382573
2026-08-21 15:13:11.808,0 days 00:56:49.423000,1,766.4563888888887,0 days 00:00:40.429000,11228.414285714285,191.9,4,0.0,True,0,pos,2412.7329632410606,0.5680272827974858,OnTrack,7005.0,1543.0,525.0
2026-08-21 15:13:12.008,0 days 00:56:49.623000,1,763.1230555555555,0 days 00:00:40.629000,11761.985714285714,176.9,4,0.0,True,0,pos,2422.3816762210627,0.570298869541657,OnTrack,7099.0,1575.0,526.0
2026-08-21 15:13:12.020,0 days 00:56:49.635000,1,762.9230555555555,0 days 00:00:40.641000,11794.0,176.0,4,0.0,True,0,car,2422.9352777777785,0.5704292033965862,OnTrack,7104.388104961768,1577.0317313569929,526.0194872335894
2026-08-21 15:13:12.168,0 days 00:56:49.783000,1,761.8952776137431,0 days 00:00:40.789000,11215.286690679173,167.8802979559578,4,0.0,True,0,pos,2429.5341739292594,0.5719827748475076,OnTrack,7167.0,1603.0,526.0
2026-08-21 15:13:12.389,0 days 00:56:50.004000,1,760.360555591022,0 days 00:00:41.010000,10351.127202015314,155.75561125276587,4,0.0,True,0,pos,2438.7798559744156,0.574159476426063,OnTrack,7251.0,1647.0,527.0
2026-08-21 15:13:12.421,0 days 00:56:50.036000,1,760.1383333333329,0 days 00:00:41.042000,10226.0,154.0,3,0.0,True,0,car,2440.0891666666676,0.5744677261189169,OnTrack,7261.953725472211,1653.8843530794375,527.0451341200396
2026-08-21 15:13:12.569,0 days 00:56:50.184000,1,759.8916666666664,0 days 00:00:41.190000,9959.6,145.675,3,0.0,True,0,pos,2446.056186452254,0.575872535555703,OnTrack,7309.0,1688.0,527.0
2026-08-21 15:13:12.581,0 days 00:56:50.196000,1,759.8716666666664,0 days 00:00:41.202000,9938.0,145.0,3,0.0,True,0,car,2446.533611111112,0.5759849351605673,OnTrack,7312.650420208967,1691.0121301813892,527.0227307435225
2026-08-21 15:13:12.809,0 days 00:56:50.424000,1,760.6316666666665,0 days 00:00:41.430000,9306.114285714286,140.11428571428573,3,0.0,True,0,pos,2455.40015648937,0.5780723769768581,OnTrack,7376.0,1755.0,528.0
2026-08-21 15:13:12.861,0 days 00:56:50.476000,1,760.8049999999998,0 days 00:00:41.482000,9162.0,139.0,3,0.0,True,0,car,2457.344722222223,0.5785301841218187,OnTrack,7387.7093236550945,1770.9138866270557,528.0691466274242
2026-08-21 15:13:12.989,0 days 00:56:50.604000,1,762.5116666666665,0 days 00:00:41.610000,8972.24,134.84,3,0.0,True,0,pos,2461.988057617689,0.5796233598805901,OnTrack,7412.0,1811.0,528.0
2026-08-21 15:13:13.261,0 days 00:56:50.876000,1,766.1383333333333,0 days 00:00:41.882000,8569.0,126.0,3,0.0,False,0,car,2471.344722222223,0.5818261899709211,OnTrack,7445.874139741032,1897.1167506122374,528.0096716512768
2026-08-21 15:13:13.328,0 days 00:56:50.943000,1,767.3108344533334,0 days 00:00:41.949000,8493.345761066666,124.3249984,3,0.8375007999999999,False,0,pos,2473.597311261284,0.582356514731519,OnTrack,7451.0,1924.0,528.0
2026-08-21 15:13:13.501,0 days 00:56:51.116000,1,770.3383333333336,0 days 00:00:42.122000,8298.0,120.0,3,3.0,False,0,car,2479.344722222223,0.5837096218846939,OnTrack,7458.458819662849,2007.3323091379038,527.9312669851753
2026-08-21 15:13:13.568,0 days 00:56:51.183000,1,771.7900013866669,0 days 00:00:42.189000,8306.614293942857,119.52142811428571,3,4.196429714285714,False,0,pos,2481.5548219478683,0.5842299434291816,OnTrack,7458.0,2039.0,528.0
2026-08-21 15:13:13.781,0 days 00:56:51.396000,1,776.4050000000002,0 days 00:00:42.402000,8334.0,118.0,3,8.0,False,0,car,2488.522500000001,0.5858703368302166,OnTrack,7443.181878950113,2123.49273019298,528.7454801600379
2026-08-21 15:13:13.868,0 days 00:56:51.483000,1,778.6283349688891,0 days 00:00:42.489000,8332.791665777777,117.51666631111111,3,11.383335822222222,False,0,pos,2491.3392656818264,0.586533485127563,OnTrack,7437.0,2148.0,529.0
2026-08-21 15:13:14.141,0 days 00:56:51.756000,1,785.6050000000005,0 days 00:00:42.762000,8329.0,116.0,3,22.0,False,0,car,2500.122500000001,0.5886013131051873,OnTrack,7424.822266791911,2190.493127517045,529.0513589468324
2026-08-21 15:13:14.228,0 days 00:56:51.843000,1,788.0216684444447,0 days 00:00:42.849000,8369.962530133333,116.36250026666667,3,27.437504,False,0,pos,2502.935521067045,0.5892635798116607,OnTrack,7412.0,2214.0,529.0
2026-08-21 15:13:14.381,0 days 00:56:51.996000,1,792.2716666666665,0 days 00:00:43.002000,8442.0,117.0,3,37.0,False,0,car,2507.922500000001,0.5904376592211158,OnTrack,7371.9251743970335,2280.223759759616,528.9456056475818
2026-08-21 15:13:14.488,0 days 00:56:52.103000,1,795.4222241066667,0 days 00:00:43.109000,8542.84756032,118.07000064,3,40.47750208,False,0,pos,2511.460537539639,0.591270615822901,OnTrack,7343.0,2325.0,529.0
2026-08-21 15:13:14.781,0 days 00:56:52.396000,1,804.0494444444448,0 days 00:00:43.402000,8819.0,121.0,3,50.0,False,0,car,2521.3669444444454,0.5936028711873172,OnTrack,7297.103657253906,2379.3393019752148,529.7042158661633
2026-08-21 15:13:14.948,0 days 00:56:52.563000,1,809.013057457778,0 days 00:00:43.569000,9151.33012736,124.34000128,3,55.84500224,False,0,pos,2527.156591853332,0.594965922024741,OnTrack,7266.0,2402.0,530.0
2026-08-21 15:13:14.981,0 days 00:56:52.596000,1,809.9938888888892,0 days 00:00:43.602000,9217.0,125.0,3,57.0,False,0,car,2528.3113888888897,0.5952377947235784,OnTrack,7257.854902146455,2407.9058409906547,530.0217740317356
2026-08-21 15:13:15.141,0 days 00:56:52.756000,1,814.7050000000004,0 days 00:00:43.762000,9487.0,128.0,3,57.0,False,0,car,2534.0002777777786,0.5965771240844835,OnTrack,7210.582733333397,2440.788476929794,530.0032612705114
2026-08-21 15:13:15.168,0 days 00:56:52.783000,1,815.4625017955558,0 days 00:00:43.789000,9572.18520192,129.21500288,3,57.94500224,False,0,pos,2534.9946561699885,0.5968112295842652,OnTrack,7202.0,2446.0,530.0
2026-08-21 15:13:15.308,0 days 00:56:52.923000,1,819.3902795733331,0 days 00:00:43.929000,10013.88520192,135.51500288,3,62.84500224,False,0,pos,2540.325562882432,0.5980662795632107,OnTrack,7156.0,2470.0,530.0
2026-08-21 15:13:15.341,0 days 00:56:52.956000,1,820.3161111111108,0 days 00:00:43.962000,10118.0,137.0,3,64.0,False,0,car,2541.61138888889,0.5983690002802258,OnTrack,7144.9629070851515,2475.0397697781177,529.994259614191
2026-08-21 15:13:15.488,0 days 00:56:53.103000,1,824.3177795199999,0 days 00:00:44.109000,10583.99020288,141.41000192,3,67.6750016,False,0,pos,2547.4412497235685,0.599741518523837,OnTrack,7091.0,2496.0,530.0
2026-08-21 15:13:15.541,0 days 00:56:53.156000,1,825.7605555555556,0 days 00:00:44.162000,10752.0,143.0,3,69.0,False,0,car,2549.5558333333342,0.6002393528057085,OnTrack,7066.4383805354355,2503.8605007826445,530.0708412020666
2026-08-21 15:13:15.781,0 days 00:56:53.396000,1,831.8938888888888,0 days 00:00:44.402000,11067.0,146.0,3,79.0,False,0,car,2559.289166666668,0.6025308616341322,OnTrack,6919.632314345948,2540.333102992143,530.8716037029334
2026-08-21 15:13:15.808,0 days 00:56:53.423000,1,832.2688897109251,0 days 00:00:44.429000,11158.83028486591,147.57939064879943,3,79.90250894217111,False,0,pos,2560.4530011876886,0.6028048620190374,OnTrack,6900.0,2544.0,531.0
2026-08-21 15:13:16.008,0 days 00:56:53.623000,1,835.0466669934999,0 days 00:00:44.629000,11839.053004826204,159.27855290855882,3,86.58774451917647,False,0,pos,2569.616919448181,0.6049623140324143,OnTrack,6748.0,2567.0,532.0
2026-08-21 15:13:16.140,0 days 00:56:53.755000,1,836.8799999999992,0 days 00:00:44.761000,12288.0,167.0,3,91.0,False,0,car,2575.942777777779,0.6064516044649108,OnTrack,6674.423948113067,2577.1275580992874,532.2362180604501
2026-08-21 15:13:16.300,0 days 00:56:53.915000,1,838.1244444444442,0 days 00:00:44.921000,11588.0,176.0,3,100.0,False,0,car,2583.7650000000012,0.6082931823361553,OnTrack,6614.491940728875,2584.9756606673427,532.0870896928128
2026-08-21 15:13:16.388,0 days 00:56:54.003000,1,838.2711111111108,0 days 00:00:45.009000,11582.133333333333,178.2,3,100.0,False,0,pos,2588.1677106207317,0.609329708047429,OnTrack,6584.0,2589.0,532.0
2026-08-21 15:13:16.660,0 days 00:56:54.275000,1,838.7244444444441,0 days 00:00:45.281000,11564.0,185.0,4,100.0,False,0,car,2602.2650000000012,0.6126486186367549,OnTrack,6489.819569036726,2601.445564715792,531.8920295353805
2026-08-21 15:13:16.728,0 days 00:56:54.343000,1,838.4977777777775,0 days 00:00:45.349000,11302.442857142858,187.9142857142857,4,100.0,False,0,pos,2605.9084043710836,0.6135063816451644,OnTrack,6460.0,2605.0,532.0
2026-08-21 15:13:16.940,0 days 00:56:54.555000,1,837.7911111111111,0 days 00:00:45.561000,10487.0,197.0,4,100.0,False,0,car,2617.5872222222233,0.6162559139271614,OnTrack,6343.950073444484,2617.6825312637475,532.7627344328238
2026-08-21 15:13:17.048,0 days 00:56:54.663000,1,836.8011111111111,0 days 00:00:45.669000,10716.5,201.62857142857143,4,100.0,False,0,pos,2623.736434360518,0.6177036167253893,OnTrack,6284.0,2624.0,533.0
2026-08-21 15:13:17.220,0 days 00:56:54.835000,1,835.2244444444445,0 days 00:00:45.841000,11082.0,209.0,5,100.0,False,0,car,2633.842777777779,0.6200829429408414,OnTrack,6189.941341941876,2632.782807383141,532.9564358755515
2026-08-21 15:13:17.248,0 days 00:56:54.863000,1,834.89,0 days 00:00:45.869000,11106.966666666667,210.4,5,100.0,False,0,pos,2635.5296525411536,0.6204800821613262,OnTrack,6169.0,2634.0,533.0
2026-08-21 15:13:17.460,0 days 00:56:55.075000,1,832.3577777777773,0 days 00:00:46.081000,11296.0,221.0,5,100.0,False,0,car,2648.5761111111124,0.6235515967153731,OnTrack,5967.103253084581,2640.839089152695,533.9653667790258
2026-08-21 15:13:17.468,0 days 00:56:55.083000,1,832.2599999999995,0 days 00:00:46.089000,11312.35,221.15,5,100.0,False,0,pos,2649.0709462427885,0.6236680952502549,OnTrack,5961.0,2641.0,534.0
2026-08-21 15:13:17.620,0 days 00:56:55.235000,1,830.402222222222,0 days 00:00:46.241000,11623.0,224.0,5,100.0,False,0,car,2658.5316666666677,0.625895423096957,OnTrack,5886.139512310436,2642.6146358606966,534.4742007363906
2026-08-21 15:13:17.848,0 days 00:56:55.463000,1,827.2355555555555,0 days 00:00:46.469000,11273.745454545455,231.77272727272728,5,100.0,False,0,pos,2673.4290878703923,0.6294027079129585,OnTrack,5794.0,2638.0,535.0
2026-08-21 15:13:18.060,0 days 00:56:55.675000,1,824.2911111111111,0 days 00:00:46.681000,10949.0,239.0,6,100.0,False,0,car,2687.7427777777784,0.6327725654598858,OnTrack,5567.739802953615,2624.1338098321994,535.893920075603
2026-08-21 15:13:18.088,0 days 00:56:55.703000,1,823.8866666666667,0 days 00:00:46.709000,10995.375,240.05,6,100.0,False,0,pos,2689.6414403494873,0.6332195656700161,OnTrack,5539.0,2622.0,536.0
2026-08-21 15:13:18.220,0 days 00:56:55.835000,1,821.98,0 days 00:00:46.841000,11214.0,245.0,6,100.0,False,0,car,2698.6316666666676,0.6353361255647433,OnTrack,5423.596873259918,2611.5475876265714,536.402171482595
2026-08-21 15:13:18.380,0 days 00:56:55.995000,1,819.8022222222221,0 days 00:00:47.001000,11354.0,249.0,6,100.0,False,0,car,2709.698333333334,0.637941539712129,OnTrack,5324.496183879532,2598.7849142900845,536.7319334434101
2026-08-21 15:13:18.488,0 days 00:56:56.103000,1,818.272222222222,0 days 00:00:47.109000,11433.38,252.78,6,100.0,False,0,pos,2717.340677500183,0.6397407690746137,OnTrack,5274.0,2592.0,537.0
2026-08-21 15:13:18.580,0 days 00:56:56.195000,1,816.9688888888886,0 days 00:00:47.201000,11501.0,256.0,6,100.0,False,0,car,2723.920555555557,0.6412898631143918,OnTrack,5240.553269191731,2587.565530561652,537.271068991938
2026-08-21 15:13:18.740,0 days 00:56:56.355000,1,814.8355555555554,0 days 00:00:47.361000,11703.0,259.0,6,100.0,False,0,car,2735.4316666666678,0.6439999123680983,OnTrack,5179.13009379218,2578.13014919721,537.8227875640057
2026-08-21 15:13:18.788,0 days 00:56:56.403000,1,814.2755554068417,0 days 00:00:47.409000,11729.688803767982,259.79668070949197,6,100.0,False,0,pos,2738.9084424484386,0.6448184461761507,OnTrack,5145.0,2572.0,538.0
2026-08-21 15:13:18.981,0 days 00:56:56.596000,1,812.0238888888889,0 days 00:00:47.602000,11837.0,263.0,6,100.0,False,0,car,2753.0380555555566,0.6481449667080519,OnTrack,4930.4412164889845,2531.218774114583,538.743415347977
2026-08-21 15:13:19.089,0 days 00:56:56.704000,1,810.6438888888889,0 days 00:00:47.710000,11315.0,266.15,6,100.0,False,0,pos,2761.0920689421314,0.6500411149388303,OnTrack,4826.0,2511.0,539.0
2026-08-21 15:13:19.221,0 days 00:56:56.836000,1,808.9572222222223,0 days 00:00:47.842000,10677.0,270.0,6,100.0,False,0,car,2771.0380555555566,0.6523826885140407,OnTrack,4759.911850435684,2498.0537542685065,539.0378578013914
2026-08-21 15:13:19.381,0 days 00:56:56.996000,1,807.0016666666661,0 days 00:00:48.002000,10611.0,273.0,7,100.0,False,0,car,2783.1713888888903,0.6552392269165963,OnTrack,4721.6349612843005,2488.262411006312,539.1702828331155
2026-08-21 15:13:19.469,0 days 00:56:57.084000,1,805.9994444444441,0 days 00:00:48.090000,10683.233333333334,274.46666666666664,7,100.0,False,0,pos,2789.905920793255,0.6568247309557216,OnTrack,4649.0,2469.0,540.0
2026-08-21 15:13:19.621,0 days 00:56:57.236000,1,804.2683333333334,0 days 00:00:48.242000,10808.0,277.0,7,100.0,False,0,car,2801.6380555555565,0.6595868155842217,OnTrack,4443.134836186142,2414.507636798749,542.5829021632596
2026-08-21 15:13:19.648,0 days 00:56:57.263000,1,803.983332657778,0 days 00:00:48.269000,10816.5218952,277.3375008,7,100.0,False,0,pos,2803.732945713151,0.6600800134565546,OnTrack,4411.0,2406.0,543.0
2026-08-21 15:13:19.941,0 days 00:56:57.556000,1,800.8905555555561,0 days 00:00:48.562000,10909.0,281.0,7,100.0,False,0,car,2826.615833333334,0.6654673085594458,OnTrack,4269.640640863293,2367.874752673905,545.1995882603161
2026-08-21 15:13:20.088,0 days 00:56:57.703000,1,799.5022216177775,0 days 00:00:48.709000,10980.29503104,281.73500032,7,100.0,False,0,pos,2838.117822364471,0.6681752102110845,OnTrack,4186.0,2341.0,547.0
2026-08-21 15:13:20.141,0 days 00:56:57.756000,1,799.0016666666661,0 days 00:00:48.762000,11006.0,282.0,7,100.0,False,0,car,2842.282500000001,0.669155696057251,OnTrack,4136.878627019449,2325.149487181116,548.0127927211024
2026-08-21 15:13:20.368,0 days 00:56:57.983000,1,797.1099994666663,0 days 00:00:48.989000,11059.34501504,284.27000064,7,100.0,False,0,pos,2860.281047372365,0.6733930758725837,OnTrack,3886.0,2244.0,553.0
2026-08-21 15:13:20.541,0 days 00:56:58.156000,1,795.6683333333331,0 days 00:00:49.162000,11100.0,286.0,7,100.0,False,0,car,2874.060277777779,0.6766371061591819,OnTrack,3805.776646139474,2217.826615857153,554.2324476723152
2026-08-21 15:13:20.668,0 days 00:56:58.283000,1,794.786388444444,0 days 00:00:49.289000,10868.754050133333,286.0,7,100.0,False,0,pos,2884.1598648505305,0.6790148417352754,OnTrack,3731.0,2192.0,554.0
2026-08-21 15:13:20.781,0 days 00:56:58.396000,1,794.0016666666661,0 days 00:00:49.402000,10663.0,286.0,7,100.0,False,0,car,2893.1269444444456,0.6811259522203404,OnTrack,3604.0959244290643,2147.6975796317156,553.273629846414
2026-08-21 15:13:20.908,0 days 00:56:58.523000,1,793.2961107555554,0 days 00:00:49.529000,10812.2250752,284.72999936,7,100.0,False,0,pos,2903.173120908968,0.6834911133909249,OnTrack,3443.0,2091.0,552.0
2026-08-21 15:13:20.981,0 days 00:56:58.596000,1,792.8905555555557,0 days 00:00:49.602000,10898.0,284.0,7,100.0,False,0,car,2908.904722222223,0.6848404984947256,OnTrack,3367.871660156945,2064.1928652313063,551.1163788512141
2026-08-21 15:13:21.288,0 days 00:56:58.903000,1,792.1230553955556,0 days 00:00:49.909000,10687.70495616,278.62749888,7,100.0,False,0,pos,2932.5649542056,0.6904108029953206,OnTrack,3167.0,1990.0,547.0
2026-08-21 15:13:21.381,0 days 00:56:58.996000,1,791.8905555555557,0 days 00:00:50.002000,10624.0,277.0,7,100.0,False,0,car,2939.6825000000013,0.6920864796074351,OnTrack,3127.757562027622,1975.0838548697106,546.1078354792527
2026-08-21 15:13:21.581,0 days 00:56:59.196000,1,791.5572222222218,0 days 00:00:50.202000,10557.0,275.0,7,100.0,False,0,car,2954.9602777777786,0.6956833113872095,OnTrack,3064.1415638715866,1949.9983236279393,544.6229212962803
2026-08-21 15:13:21.748,0 days 00:56:59.363000,1,791.8819445688887,0 days 00:00:50.369000,10255.3561344,270.3031232,7,85.3874944,False,0,pos,2967.551152419623,0.6986475682775548,OnTrack,2942.0,1900.0,541.0
2026-08-21 15:13:21.901,0 days 00:56:59.516000,1,792.1794444444445,0 days 00:00:50.522000,9979.0,266.0,7,72.0,True,0,car,2978.6047222222232,0.7012498990434715,OnTrack,2759.9244204788206,1825.0990004700545,535.3355135356372
2026-08-21 15:13:21.948,0 days 00:56:59.563000,1,792.7408340977777,0 days 00:00:50.569000,10034.6657008,261.0062432,7,61.4249856,True,0,pos,2981.8498014038823,0.7020138847551536,OnTrack,2716.0,1807.0,534.0
2026-08-21 15:13:22.221,0 days 00:56:59.836000,1,796.0016666666661,0 days 00:00:50.842000,10358.0,232.0,7,0.0,True,0,car,2999.2269444444455,0.7061049679767525,OnTrack,2635.861426557161,1772.8652696392858,532.0497430440007
2026-08-21 15:13:22.228,0 days 00:56:59.843000,1,796.149445795555,0 days 00:00:50.849000,10396.99035648,230.87998976,7,0.0,True,0,pos,2999.6364536762235,0.706201378321267,OnTrack,2634.0,1772.0,532.0
2026-08-21 15:13:22.421,0 days 00:57:00.036000,1,800.2238888888883,0 days 00:00:51.042000,11472.0,200.0,6,0.0,True,0,car,3010.338055555557,0.7087208456347703,OnTrack,2551.6525517423734,1733.5690822097954,529.4203244347158
2026-08-21 15:13:22.620,0 days 00:57:00.235000,1,805.1436111111107,0 days 00:00:51.241000,10967.0,189.0,5,0.0,True,0,car,3020.7855555555566,0.711180489999663,OnTrack,2436.5037340909134,1679.1547652297268,526.104969590546
2026-08-21 15:13:22.628,0 days 00:57:00.243000,1,805.376944444444,0 days 00:00:51.249000,11002.0,188.25,5,0.0,True,0,pos,3021.1873666557826,0.7112750879808473,OnTrack,2432.0,1677.0,526.0
2026-08-21 15:13:22.780,0 days 00:57:00.395000,1,809.8102777777781,0 days 00:00:51.401000,11667.0,174.0,5,0.0,True,0,car,3028.51888888889,0.7130011408496435,OnTrack,2349.485514595985,1637.0999208783176,524.3985934252494
2026-08-21 15:13:22.828,0 days 00:57:00.443000,1,811.5836111111114,0 days 00:00:51.449000,11676.2,171.7,5,0.0,True,0,pos,3030.723851071687,0.7135202528676112,OnTrack,2327.0,1626.0,524.0
2026-08-21 15:13:23.188,0 days 00:57:00.803000,1,824.8836111111109,0 days 00:00:51.809000,11745.2,154.45,5,0.0,True,0,pos,3045.815336788192,0.7170732260957002,OnTrack,2207.0,1569.0,522.0
2026-08-21 15:13:23.260,0 days 00:57:00.875000,1,827.5436111111107,0 days 00:00:51.881000,11759.0,151.0,3,0.0,True,0,car,3048.6522222222234,0.7177411111659717,OnTrack,2178.3516591444186,1559.5977834923497,521.6901878486419
2026-08-21 15:13:23.428,0 days 00:57:01.043000,1,834.4969444444448,0 days 00:00:52.049000,11422.3,141.2,3,0.0,True,0,pos,3055.1018601995547,0.7192595429158201,OnTrack,2110.0,1542.0,521.0
2026-08-21 15:13:23.500,0 days 00:57:01.115000,1,837.476944444445,0 days 00:00:52.121000,11278.0,137.0,2,0.0,True,0,car,3057.7855555555566,0.7198913626008623,OnTrack,2088.2068838932832,1538.7326818536596,520.6987070240832
2026-08-21 15:13:23.708,0 days 00:57:01.323000,1,847.0102777777784,0 days 00:00:52.329000,10815.777777777777,131.22222222222223,2,0.0,True,0,pos,3065.252724451577,0.7216493506263993,OnTrack,2039.0,1545.0,520.0
2026-08-21 15:13:23.860,0 days 00:57:01.475000,1,853.976944444445,0 days 00:00:52.481000,10478.0,127.0,2,0.0,False,0,car,3070.4855555555564,0.7228813107639767,OnTrack,1993.1950649436299,1564.8307639807495,519.9628667235282
2026-08-21 15:13:23.908,0 days 00:57:01.523000,1,856.3236111111117,0 days 00:00:52.529000,10403.771428571428,125.62857142857143,2,0.0,False,0,pos,3072.104840791402,0.7232625374503131,OnTrack,1979.0,1573.0,520.0
2026-08-21 15:13:24.140,0 days 00:57:01.755000,1,867.6658333333339,0 days 00:00:52.761000,10045.0,119.0,2,0.0,False,0,car,3079.741111111112,0.7250603368531054,OnTrack,1919.3345150459893,1622.797769670501,520.2808697551845
2026-08-21 15:13:24.248,0 days 00:57:01.863000,1,873.1858333333337,0 days 00:00:52.869000,10029.475,117.65,2,5.3999999999999995,False,0,pos,3083.226340575774,0.7258808609031762,OnTrack,1888.0,1653.0,520.0
2026-08-21 15:13:24.460,0 days 00:57:02.075000,1,884.0213888888889,0 days 00:00:53.081000,9999.0,115.0,2,16.0,False,0,car,3089.963333333334,0.7274669442984818,OnTrack,1814.0114717027382,1721.4800130538845,518.2770948184196
2026-08-21 15:13:24.488,0 days 00:57:02.103000,1,885.5147222222222,0 days 00:00:53.109000,9941.790909090909,114.74545454545455,2,14.981818181818182,False,0,pos,3090.8444949931654,0.7276743952973969,OnTrack,1805.0,1729.0,518.0
2026-08-21 15:13:24.888,0 days 00:57:02.503000,1,906.8480555555556,0 days 00:00:53.509000,9124.51818181818,111.10909090909091,2,0.43636363636363656,False,0,pos,3103.1705470515753,0.7305763052746009,OnTrack,1710.0,1782.0,514.0
2026-08-21 15:13:24.900,0 days 00:57:02.515000,1,907.4880555555555,0 days 00:00:53.521000,9100.0,111.0,2,0.0,True,0,car,3103.5300000000007,0.7306609309189216,OnTrack,1707.4800383195397,1782.928223021506,513.9053928427197
2026-08-21 15:13:25.148,0 days 00:57:02.763000,1,921.3347222222221,0 days 00:00:53.769000,8686.666666666666,106.17777777777778,2,0.0,True,0,pos,3110.798339295499,0.7323721086925805,OnTrack,1653.0,1799.0,512.0
2026-08-21 15:13:25.260,0 days 00:57:02.875000,1,927.5880555555555,0 days 00:00:53.881000,8500.0,104.0,2,0.0,True,0,car,3113.9300000000007,0.7331093924068263,OnTrack,1622.9922007344894,1804.3375623235893,510.5568331914073
2026-08-21 15:13:25.408,0 days 00:57:03.023000,1,936.2213888888894,0 days 00:00:54.029000,8163.3,99.06666666666666,2,0.0,True,0,pos,3117.897360371182,0.7340434240488912,OnTrack,1581.0,1809.0,509.0
2026-08-21 15:13:25.500,0 days 00:57:03.115000,1,941.5880555555564,0 days 00:00:54.121000,7954.0,96.0,2,0.0,True,0,car,3120.330000000001,0.7346161379378445,OnTrack,1556.2948969541578,1810.1185484842265,508.98954254464496
2026-08-21 15:13:25.569,0 days 00:57:03.184000,1,945.63222007873,0 days 00:00:54.190000,7910.714308656619,95.57142879858038,2,0.0,True,0,pos,3122.160508816074,0.7350470927781738,OnTrack,1538.0,1810.0,509.0
2026-08-21 15:13:25.661,0 days 00:57:03.276000,1,951.0244444444452,0 days 00:00:54.282000,7853.0,95.0,2,0.0,False,0,car,3124.578611111112,0.7356163841573291,OnTrack,1513.4025148688568,1808.5038407433929,508.54598648763124
2026-08-21 15:13:25.769,0 days 00:57:03.384000,1,957.5644444444453,0 days 00:00:54.390000,7759.4,93.2,2,1.2000000000000002,False,0,pos,3127.327651630127,0.73626358798805,OnTrack,1485.0,1805.0,508.0
2026-08-21 15:13:26.009,0 days 00:57:03.624000,1,972.0977777777787,0 days 00:00:54.630000,7551.4,89.2,2,3.866666666666667,False,0,pos,3133.1883306599093,0.7376433617281838,OnTrack,1427.0,1791.0,509.0
2026-08-21 15:13:26.021,0 days 00:57:03.636000,1,972.8244444444454,0 days 00:00:54.642000,7541.0,89.0,2,4.0,False,0,car,3133.478611111112,0.7377117021614014,OnTrack,1424.2661973283145,1790.0295550819264,509.04019637010083
2026-08-21 15:13:26.181,0 days 00:57:03.796000,1,982.6022222222227,0 days 00:00:54.802000,7669.0,87.0,2,11.0,False,0,car,3137.345277777779,0.7386220275863916,OnTrack,1389.2563270111323,1774.4615910699902,509.15519036793285
2026-08-21 15:13:26.348,0 days 00:57:03.963000,1,992.6686149688895,0 days 00:00:54.969000,7769.663927466667,87.92777813333333,2,15.638890666666667,False,0,pos,3141.4445813623074,0.7395871224858097,OnTrack,1355.0,1753.0,509.0
2026-08-21 15:13:26.388,0 days 00:57:04.003000,1,995.0797260800007,0 days 00:00:55.009000,7793.775038577778,88.15000035555556,2,16.75000177777778,False,0,pos,3142.4373313585425,0.739820844613973,OnTrack,1347.0,1747.0,509.0
2026-08-21 15:13:26.541,0 days 00:57:04.156000,1,1004.302222222223,0 days 00:00:55.162000,7886.0,89.0,2,21.0,False,0,car,3146.245277777779,0.7407173455904639,OnTrack,1312.952438774934,1716.356621037912,509.2852764207385
2026-08-21 15:13:26.748,0 days 00:57:04.363000,1,1016.6647260444452,0 days 00:00:55.369000,8199.45723977143,90.47857188571429,2,30.61071725714286,False,0,pos,3151.4379826639943,0.7419398588531515,OnTrack,1270.0,1671.0,510.0
2026-08-21 15:13:26.821,0 days 00:57:04.436000,1,1021.0244444444452,0 days 00:00:55.442000,8310.0,91.0,2,34.0,False,0,car,3153.323055555557,0.7423836596586213,OnTrack,1260.0360700348133,1659.5799620286944,510.1981136258406
2026-08-21 15:13:27.068,0 days 00:57:04.683000,1,1035.1583369955563,0 days 00:00:55.689000,8601.597297777778,96.4888903111111,2,42.919446755555555,False,0,pos,3160.003625493529,0.7439564594865423,OnTrack,1238.0,1617.0,511.0
2026-08-21 15:13:27.181,0 days 00:57:04.796000,1,1041.624444444445,0 days 00:00:55.802000,8735.0,99.0,2,47.0,False,0,car,3163.223055555557,0.7447144066519151,OnTrack,1225.7135305236611,1574.7111277323957,511.7658998857865
2026-08-21 15:13:27.348,0 days 00:57:04.963000,1,1050.6702812444446,0 days 00:00:55.969000,9218.88268544,103.59250176,2,51.59250176,False,0,pos,3168.173965469297,0.7458799943686342,OnTrack,1209.0,1508.0,513.0
2026-08-21 15:13:27.581,0 days 00:57:05.196000,1,1063.2911111111107,0 days 00:00:56.202000,9894.0,110.0,2,58.0,False,0,car,3175.445277777779,0.7475918720757347,OnTrack,1202.8197287340413,1470.7922684431458,513.8284925083306
2026-08-21 15:13:27.708,0 days 00:57:05.323000,1,1069.7469476977776,0 days 00:00:56.329000,10423.59026688,113.49250176,2,60.85750144,False,0,pos,3179.5737385723373,0.7485638314276387,OnTrack,1206.0,1434.0,514.0
2026-08-21 15:13:27.928,0 days 00:57:05.543000,1,1080.9302810311112,0 days 00:00:56.549000,11340.99026688,119.54250176000001,2,65.80750144,False,0,pos,3187.026403298099,0.7503184047510323,OnTrack,1218.0,1317.0,514.0
2026-08-21 15:13:27.981,0 days 00:57:05.596000,1,1083.6244444444446,0 days 00:00:56.602000,11562.0,121.0,2,67.0,False,0,car,3188.8897222222236,0.7507570840419363,OnTrack,1220.4069006428492,1296.746986185372,513.9315880551904
2026-08-21 15:13:28.181,0 days 00:57:05.796000,1,1093.2911111111111,0 days 00:00:56.802000,12253.0,131.0,2,76.0,False,0,car,3196.1675000000014,0.7524704839079379,OnTrack,1226.6450724813287,1260.1180250465397,513.4235497024871
2026-08-21 15:13:28.288,0 days 00:57:05.903000,1,1098.1655584711111,0 days 00:00:56.909000,11503.999552,135.81500288,2,81.88500352,False,0,pos,3200.2289366923133,0.7534266638431965,OnTrack,1231.0,1236.0,513.0
2026-08-21 15:13:28.381,0 days 00:57:05.996000,1,1102.402222222222,0 days 00:00:57.002000,10853.0,140.0,2,87.0,False,0,car,3203.945277777779,0.7543015982685505,OnTrack,1236.0353269983982,1205.332722120474,512.5484084231252
2026-08-21 15:13:28.608,0 days 00:57:06.223000,1,1110.914724622222,0 days 00:00:57.229000,11467.79184,154.50278186666665,2,95.19722453333334,False,0,pos,3214.0255900524044,0.7566747959984036,OnTrack,1252.0,1108.0,512.0
2026-08-21 15:13:28.741,0 days 00:57:06.356000,1,1115.902222222222,0 days 00:00:57.362000,11828.0,163.0,3,100.0,False,0,car,3220.2452777777794,0.7581390907928626,OnTrack,1262.5935836544231,1051.282870003899,512.8631958956773
2026-08-21 15:13:28.768,0 days 00:57:06.383000,1,1116.7722242844443,0 days 00:00:57.389000,11737.4533568,163.964288,3,100.0,False,0,pos,3221.5142728228534,0.7584378490136515,OnTrack,1265.0,1038.0,513.0
2026-08-21 15:13:29.008,0 days 00:57:06.623000,1,1124.5055576177776,0 days 00:00:57.629000,10932.596213942858,172.53571657142857,3,100.0,False,0,pos,3233.045986363197,0.7611527486764474,OnTrack,1289.0,897.0,513.0
2026-08-21 15:13:29.021,0 days 00:57:06.636000,1,1124.9244444444444,0 days 00:00:57.642000,10889.0,173.0,3,100.0,False,0,car,3233.700833333335,0.7613069186367222,OnTrack,1290.1554516776955,890.2525172838814,512.9895476749354
2026-08-21 15:13:29.301,0 days 00:57:06.916000,1,1131.9244444444448,0 days 00:00:57.922000,11349.0,191.0,4,100.0,False,0,car,3248.5563888888905,0.7648043470654919,OnTrack,1310.1313564941952,777.6130284289184,512.9957846323249
2026-08-21 15:13:29.328,0 days 00:57:06.943000,1,1132.486945596873,0 days 00:00:57.949000,11415.346869596986,191.9497506895274,4,100.0,False,0,pos,3250.026182863501,0.7651503791752983,OnTrack,1312.0,767.0,513.0
2026-08-21 15:13:29.500,0 days 00:57:07.115000,1,1136.0702777777774,0 days 00:00:58.121000,11838.0,198.0,4,100.0,False,0,car,3259.5013888888907,0.7673811173525225,OnTrack,1324.6378580153796,693.8462789949241,513.0037336850907
2026-08-21 15:13:29.628,0 days 00:57:07.243000,1,1137.7769444444439,0 days 00:00:58.249000,11390.0,201.6,4,100.0,False,0,pos,3266.740535085216,0.7690854222243507,OnTrack,1340.0,606.0,513.0
2026-08-21 15:13:29.788,0 days 00:57:07.403000,1,1139.9102777777769,0 days 00:00:58.409000,10830.0,206.1,4,100.0,False,0,pos,3276.0177196304317,0.771269540404653,OnTrack,1368.0,448.0,513.0
2026-08-21 15:13:29.820,0 days 00:57:07.435000,1,1140.3369444444434,0 days 00:00:58.441000,10718.0,207.0,4,100.0,False,0,car,3277.901388888891,0.7717130107542,OnTrack,1372.7443209733535,421.1088912302074,512.9968588707734
2026-08-21 15:13:30.100,0 days 00:57:07.715000,1,1141.5036111111108,0 days 00:00:58.721000,11020.0,217.0,5,100.0,False,0,car,3294.779166666668,0.775686528916729,OnTrack,1394.5446120209917,294.21977604241204,512.9255515940056
2026-08-21 15:13:30.268,0 days 00:57:07.883000,1,1141.1769444444437,0 days 00:00:58.889000,11290.2,222.6,5,100.0,False,0,pos,3305.234626405837,0.7781480472349686,OnTrack,1405.0,233.0,513.0
2026-08-21 15:13:30.340,0 days 00:57:07.955000,1,1141.0369444444436,0 days 00:00:58.961000,11406.0,225.0,5,100.0,False,0,car,3309.779166666668,0.7792179637550529,OnTrack,1410.7866883059257,199.75529135121815,513.0794223386363
2026-08-21 15:13:30.488,0 days 00:57:08.103000,1,1139.2280555555549,0 days 00:00:59.109000,11544.133333333333,227.87777777777777,5,100.0,False,0,pos,3319.228193140469,0.7814425385069081,OnTrack,1429.0,97.0,513.0
2026-08-21 15:13:30.648,0 days 00:57:08.263000,1,1137.2724999999996,0 days 00:00:59.269000,11693.466666666667,230.98888888888888,5,100.0,False,0,pos,3329.587797082441,0.7838814895917027,OnTrack,1463.0,-92.0,512.0
2026-08-21 15:13:30.700,0 days 00:57:08.315000,1,1136.636944444444,0 days 00:00:59.321000,11742.0,232.0,5,100.0,False,0,car,3332.979166666668,0.7846799163049941,OnTrack,1471.929288636459,-141.25756360631564,511.7666905040234
2026-08-21 15:13:31.060,0 days 00:57:08.675000,1,1128.8369444444443,0 days 00:00:59.681000,10729.0,239.0,6,100.0,False,0,car,3356.879166666668,0.7903066691473905,OnTrack,1498.9098571691327,-283.0418827306285,511.9423340366526
2026-08-21 15:13:31.128,0 days 00:57:08.743000,1,1127.0613888888886,0 days 00:00:59.749000,10764.942857142858,240.45714285714286,6,100.0,False,0,pos,3361.5258796676503,0.7914006400924147,OnTrack,1505.0,-314.0,512.0
2026-08-21 15:13:31.328,0 days 00:57:08.943000,1,1121.8391666666655,0 days 00:00:59.949000,10870.657142857142,244.74285714285713,6,100.0,False,0,pos,3375.148091305203,0.7946077036092064,OnTrack,1531.0,-446.0,512.0
2026-08-21 15:13:31.340,0 days 00:57:08.955000,1,1121.5258333333322,0 days 00:00:59.961000,10877.0,245.0,6,100.0,False,0,car,3375.9347222222236,0.794792899330891,OnTrack,1533.012368942002,-456.04704814973707,511.9959326070027
2026-08-21 15:13:31.508,0 days 00:57:09.123000,1,1117.232499999999,0 days 00:01:00.129000,10971.266666666666,234.73333333333332,6,53.333333333333336,False,0,pos,3386.509988283581,0.797282623530466,OnTrack,1563.0,-605.0,512.0
2026-08-21 15:13:31.700,0 days 00:57:09.315000,1,1112.3258333333324,0 days 00:01:00.321000,11079.0,223.0,6,0.0,True,0,car,3398.234722222224,0.8000429657905328,OnTrack,1581.3625269199044,-702.6137709418514,512.6061160289964
2026-08-21 15:13:31.788,0 days 00:57:09.403000,1,1109.9058333333326,0 days 00:01:00.409000,11305.6,223.0,6,0.0,True,0,pos,3403.7350494384955,0.8013379022674476,OnTrack,1588.0,-742.0,513.0
2026-08-21 15:13:31.860,0 days 00:57:09.475000,1,1107.9258333333328,0 days 00:01:00.481000,11491.0,223.0,6,0.0,True,0,car,3408.1458333333353,0.8023763286614848,OnTrack,1594.0525169643297,-779.1559361761165,513.3405565949981
2026-08-21 15:13:32.060,0 days 00:57:09.675000,1,1102.9813888888884,0 days 00:01:00.681000,11668.0,205.0,5,0.0,True,0,car,3419.534722222224,0.805057603260953,OnTrack,1610.4799868088564,-895.8851915830955,514.0029338179263
2026-08-21 15:13:32.069,0 days 00:57:09.684000,1,1102.756390458951,0 days 00:01:00.690000,11656.885732442177,204.7941802304107,5,0.0,True,0,pos,3420.033574792124,0.8051750476172552,OnTrack,1611.0,-901.0,514.0
2026-08-21 15:13:32.289,0 days 00:57:09.904000,1,1097.2563897271423,0 days 00:01:00.910000,11385.201704608959,199.76299452979552,5,0.0,True,0,pos,3432.0423904403888,0.8080022709470749,OnTrack,1616.0,-1020.0,513.0
2026-08-21 15:13:32.409,0 days 00:57:10.024000,1,1094.256389327974,0 days 00:01:01.030000,11237.01041669993,197.0187114203691,5,0.0,True,0,pos,3438.4618394713916,0.8095135953438033,OnTrack,1611.0,-1082.0,512.0
2026-08-21 15:13:32.541,0 days 00:57:10.156000,1,1090.9563888888888,0 days 00:01:01.162000,11074.0,194.0,4,0.0,False,0,car,3445.4552777777794,0.8111600534554598,OnTrack,1599.1364787505884,-1149.951960157939,511.7065405705398
2026-08-21 15:13:32.649,0 days 00:57:10.264000,1,1088.3463888888887,0 days 00:01:01.270000,10973.02,190.76,4,1.6199999999999999,False,0,pos,3451.1243102919675,0.8124947080501396,OnTrack,1584.0,-1204.0,512.0
2026-08-21 15:13:32.741,0 days 00:57:10.356000,1,1086.1230555555553,0 days 00:01:01.362000,10887.0,188.0,4,3.0,False,0,car,3455.899722222224,0.8136189784539967,OnTrack,1566.9514265264236,-1248.0100826202718,512.4919258067933
2026-08-21 15:13:32.829,0 days 00:57:10.444000,1,1083.8741666666663,0 days 00:01:01.450000,10892.971428571429,186.42857142857142,4,14.628571428571428,False,0,pos,3460.4091222202187,0.8146806219375204,OnTrack,1548.0,-1288.0,513.0
2026-08-21 15:13:33.021,0 days 00:57:10.636000,1,1078.9674999999993,0 days 00:01:01.642000,10906.0,183.0,4,40.0,False,0,car,3470.133055555558,0.8169699177339175,OnTrack,1497.804408247866,-1368.9523405020461,513.7698695350887
2026-08-21 15:13:33.068,0 days 00:57:10.683000,1,1077.6880538133328,0 days 00:01:01.689000,10906.503572114285,183.0,4,43.189290057142856,False,0,pos,3472.5169727929538,0.8175311609595056,OnTrack,1480.0,-1390.0,514.0
2026-08-21 15:13:33.301,0 days 00:57:10.916000,1,1071.3452777777775,0 days 00:01:01.922000,10909.0,183.0,4,59.0,False,0,car,3484.366388888891,0.8203208570138383,OnTrack,1359.4111892016715,-1501.181800758975,515.6414607400711
2026-08-21 15:13:33.348,0 days 00:57:10.963000,1,1070.0266648711108,0 days 00:01:01.969000,10935.437536,183.2937504,4,60.468752,False,0,pos,3486.760709191102,0.8208845494224605,OnTrack,1338.0,-1518.0,516.0
2026-08-21 15:13:33.461,0 days 00:57:11.076000,1,1066.8563888888884,0 days 00:01:02.082000,10999.0,184.0,4,64.0,False,0,car,3492.544166666669,0.8222461429701394,OnTrack,1297.3925659977456,-1545.6416985980647,516.8461593721314
2026-08-21 15:13:33.688,0 days 00:57:11.303000,1,1060.1094425422214,0 days 00:01:02.309000,11225.0542304,187.7833344,4,73.458336,False,0,pos,3504.3961778275275,0.8250364499779835,OnTrack,1228.0,-1570.0,518.0
2026-08-21 15:13:33.701,0 days 00:57:11.316000,1,1059.7230555555548,0 days 00:01:02.322000,11238.0,188.0,4,74.0,False,0,car,3505.077500000002,0.8251968529683835,OnTrack,1222.4276417689023,-1571.5671892165171,518.0147881416415
2026-08-21 15:13:33.908,0 days 00:57:11.523000,1,1053.3980536,0 days 00:01:02.529000,11727.0376512,189.72500053333334,4,85.21250346666666,False,0,pos,3515.969873794568,0.8277612335210619,OnTrack,1114.0,-1597.0,518.0
2026-08-21 15:13:33.941,0 days 00:57:11.556000,1,1052.3897222222222,0 days 00:01:02.562000,11805.0,190.0,4,87.0,False,0,car,3517.7441666666687,0.8281789534985238,OnTrack,1095.731139341345,-1599.625848413927,518.1479068659673
2026-08-21 15:13:34.168,0 days 00:57:11.783000,1,1044.696942275555,0 days 00:01:02.789000,12036.729232,199.458336,4,99.2958368,False,0,pos,3530.3377382886815,0.8311438453361841,OnTrack,969.0,-1606.0,520.0
2026-08-21 15:13:34.181,0 days 00:57:11.796000,1,1044.2563888888885,0 days 00:01:02.802000,12050.0,200.0,4,100.0,False,0,car,3531.077500000002,0.8313180066881452,OnTrack,961.6799601588615,-1606.034117929831,520.0715905857504
2026-08-21 15:13:34.408,0 days 00:57:12.023000,1,1035.6808309155556,0 days 00:01:03.029000,11608.610986666667,207.5666688,4,100.0,False,0,pos,3544.298959591321,0.8344307215557636,OnTrack,829.0,-1603.0,521.0
2026-08-21 15:13:34.541,0 days 00:57:12.156000,1,1030.656388888889,0 days 00:01:03.162000,11350.0,212.0,5,100.0,False,0,car,3552.277500000002,0.8363091012596431,OnTrack,739.5578051015965,-1599.1256822918122,522.6677061477981
2026-08-21 15:13:34.628,0 days 00:57:12.243000,1,1027.0797195911114,0 days 00:01:03.249000,11344.562496,214.61000192,5,100.0,False,0,pos,3557.579423954577,0.8375573278571986,OnTrack,675.0,-1596.0,524.0
2026-08-21 15:13:34.941,0 days 00:57:12.556000,1,1014.2119444444447,0 days 00:01:03.562000,11325.0,224.0,5,100.0,False,0,car,3577.1663888888907,0.842168667213603,OnTrack,420.7807954219217,-1582.6756665125483,528.5050878468828
2026-08-21 15:13:34.988,0 days 00:57:12.603000,1,1012.2013861511114,0 days 00:01:03.609000,11431.0438944,226.0562528,5,100.0,False,0,pos,3580.1696333794466,0.8428757180283999,OnTrack,391.0,-1581.0,529.0
2026-08-21 15:13:35.101,0 days 00:57:12.716000,1,1007.3675000000003,0 days 00:01:03.722000,11686.0,231.0,5,100.0,False,0,car,3587.4330555555575,0.8445857381696115,OnTrack,334.47878986604826,-1577.644715853463,529.9191447297379
2026-08-21 15:13:35.301,0 days 00:57:12.916000,1,998.8119444444446,0 days 00:01:03.922000,10846.0,233.0,5,100.0,False,0,car,3600.377500000002,0.8476332356412022,OnTrack,272.5816393612933,-1571.3959763656735,530.9534413161525
2026-08-21 15:13:35.448,0 days 00:57:13.063000,1,992.1969415644442,0 days 00:01:04.069000,10868.96876,238.0531272,5,100.0,False,0,pos,3610.2154705809744,0.8499493791110725,OnTrack,186.0,-1553.0,533.0
2026-08-21 15:13:35.621,0 days 00:57:13.236000,1,984.4119444444436,0 days 00:01:04.242000,10896.0,244.0,6,100.0,False,0,car,3622.066388888891,0.852739428829653,OnTrack,35.191424650047225,-1516.3544424572303,536.8651761080158
2026-08-21 15:13:35.628,0 days 00:57:13.243000,1,984.0949971022214,0 days 00:01:04.249000,10904.4000768,244.15000137142857,6,100.0,False,0,pos,3622.548554574927,0.8528529446097539,OnTrack,30.0,-1515.0,537.0
2026-08-21 15:13:35.901,0 days 00:57:13.516000,1,971.7341666666657,0 days 00:01:04.522000,11232.0,250.0,6,100.0,False,0,car,3641.5108333333355,0.8573172147311842,OnTrack,-98.00253460619386,-1472.697117015351,540.5476366578449
2026-08-21 15:13:35.928,0 days 00:57:13.543000,1,970.5116640962527,0 days 00:01:04.549000,11243.07115298513,250.45188379531146,6,100.0,False,0,pos,3643.4029239042156,0.8577626677018022,OnTrack,-112.0,-1467.0,541.0
2026-08-21 15:13:36.140,0 days 00:57:13.755000,1,960.9127777777776,0 days 00:01:04.761000,11330.0,254.0,6,100.0,False,0,car,3658.3736111111125,0.8612872014588747,OnTrack,-248.92807483152782,-1408.3278453269004,545.8029361627824
2026-08-21 15:13:36.148,0 days 00:57:13.763000,1,960.5549999999997,0 days 00:01:04.769000,11336.533333333333,254.13333333333333,6,100.0,False,0,pos,3658.9431717158445,0.8614212925363472,OnTrack,-254.0,-1406.0,546.0
2026-08-21 15:13:36.380,0 days 00:57:13.995000,1,950.1794444444431,0 days 00:01:05.001000,11526.0,258.0,6,100.0,False,0,car,3675.573611111113,0.8653365800734865,OnTrack,-390.0237895959458,-1334.2494656051065,551.9358584972857
2026-08-21 15:13:36.448,0 days 00:57:14.063000,1,947.17611111111,0 days 00:01:05.069000,11304.32,258.34,6,100.0,False,0,pos,3680.457393355083,0.8664863639907627,OnTrack,-439.0,-1301.0,554.0
2026-08-21 15:13:36.580,0 days 00:57:14.195000,1,941.3461111111105,0 days 00:01:05.201000,10874.0,259.0,6,100.0,False,0,car,3689.9625000000015,0.8687241416406194,OnTrack,-552.2066931141416,-1215.5199941502967,558.5044526459249
2026-08-21 15:13:36.628,0 days 00:57:14.243000,1,939.2527777777772,0 days 00:01:05.249000,10774.057142857142,259.6857142857143,6,100.0,False,0,pos,3693.4400555315283,0.8695428590243689,OnTrack,-589.0,-1186.0,560.0
2026-08-21 15:13:36.860,0 days 00:57:14.475000,1,929.1349999999993,0 days 00:01:05.481000,10291.0,263.0,7,100.0,False,0,car,3710.418055555557,0.8735399724090303,OnTrack,-692.0228162302851,-1089.2524669058732,564.8925871373217
2026-08-21 15:13:37.008,0 days 00:57:14.623000,1,922.5983333333321,0 days 00:01:05.629000,10386.583333333334,266.0833333333333,7,100.0,False,0,pos,3721.401576043735,0.8761258115356566,OnTrack,-741.0,-1027.0,567.0
2026-08-21 15:13:37.100,0 days 00:57:14.715000,1,918.5349999999985,0 days 00:01:05.721000,10446.0,268.0,7,100.0,False,0,car,3728.2847222222244,0.877746303683123,OnTrack,-778.5760278734799,-976.5923315830964,568.1998456384447
2026-08-21 15:13:37.308,0 days 00:57:14.923000,1,909.4061111111097,0 days 00:01:05.929000,10515.55,270.6,7,100.0,False,0,pos,3743.9873911660325,0.8814431671606452,OnTrack,-869.0,-844.0,571.0
2026-08-21 15:13:37.368,0 days 00:57:14.983000,1,906.7727777777765,0 days 00:01:05.989000,10535.6125,271.35,7,100.0,False,0,pos,3748.5294345869174,0.8825124958522248,OnTrack,-891.0,-805.0,572.0
2026-08-21 15:13:37.420,0 days 00:57:15.035000,1,904.4905555555542,0 days 00:01:06.041000,10553.0,272.0,7,100.0,False,0,car,3752.462500000002,0.8834384534669697,OnTrack,-911.414888476023,-760.987857858205,572.9670744944392
2026-08-21 15:13:37.580,0 days 00:57:15.195000,1,897.6461111111103,0 days 00:01:06.201000,10579.0,272.0,7,100.0,False,0,car,3764.5513888888904,0.8862845283588929,OnTrack,-979.4065172444568,-575.7010845743818,576.1934099693334
2026-08-21 15:13:37.648,0 days 00:57:15.263000,1,894.7749999999992,0 days 00:01:06.269000,10604.5,272.34,7,100.0,False,0,pos,3769.6937516489097,0.8874951896256952,OnTrack,-1000.0,-511.0,577.0
2026-08-21 15:13:37.780,0 days 00:57:15.395000,1,889.2016666666659,0 days 00:01:06.401000,10654.0,273.0,7,100.0,False,0,car,3779.7180555555574,0.8898552013620874,OnTrack,-1019.7630851613654,-430.29403319296006,577.2176386328657
2026-08-21 15:13:38.008,0 days 00:57:15.623000,1,879.5749999999987,0 days 00:01:06.629000,10765.8625,276.5625,7,100.0,False,0,pos,3797.294086776154,0.8939931086268798,OnTrack,-1015.0,-345.0,575.0
2026-08-21 15:13:38.100,0 days 00:57:15.715000,1,875.690555555554,0 days 00:01:06.721000,10811.0,278.0,7,100.0,False,0,car,3804.429166666669,0.8956729132735191,OnTrack,-1011.6068027564789,-285.44156842160345,574.0078052507733
2026-08-21 15:13:38.288,0 days 00:57:15.903000,1,867.752777777776,0 days 00:01:06.909000,10833.828571428572,279.34285714285716,7,100.0,False,0,pos,3819.033153856292,0.8991111152161773,OnTrack,-994.0,-126.0,571.0
2026-08-21 15:13:38.380,0 days 00:57:15.995000,1,863.8683333333315,0 days 00:01:07.001000,10845.0,280.0,7,100.0,False,0,car,3826.206944444447,0.900800033483234,OnTrack,-973.0467213414861,-38.41383677435676,568.366802553422
2026-08-21 15:13:38.548,0 days 00:57:16.163000,1,856.6816653925748,0 days 00:01:07.169000,10905.96399972769,281.39612213116845,7,100.0,False,0,pos,3839.3698365314594,0.9038989598625123,OnTrack,-924.0,115.0,563.0
2026-08-21 15:13:38.741,0 days 00:57:16.356000,1,848.4255555555551,0 days 00:01:07.362000,10976.0,283.0,7,100.0,False,0,car,3854.585555555557,0.9074811812126357,OnTrack,-877.1774217384589,228.69324298715276,559.576427932635
2026-08-21 15:13:38.909,0 days 00:57:16.524000,1,841.1922222222217,0 days 00:01:07.530000,11082.4,284.8666666666667,7,100.0,False,0,pos,3867.9059924253374,0.9106171982008784,OnTrack,-826.0,344.0,558.0
2026-08-21 15:13:39.101,0 days 00:57:16.716000,1,832.9255555555551,0 days 00:01:07.722000,11204.0,287.0,7,100.0,False,0,car,3883.285555555557,0.9142379932032957,OnTrack,-738.8660449731389,559.4618097684559,556.6044675273038
2026-08-21 15:13:39.169,0 days 00:57:16.784000,1,829.9411111111104,0 days 00:01:07.790000,11248.54,288.36,7,100.0,False,0,pos,3888.792623774079,0.9155345167075567,OnTrack,-709.0,635.0,556.0
2026-08-21 15:13:39.501,0 days 00:57:17.116000,1,815.3699999999985,0 days 00:01:08.122000,11466.0,295.0,7,100.0,False,0,car,3916.0633333333353,0.9219548322944483,OnTrack,-602.3827154632858,911.3267250111134,551.7498417972524
2026-08-21 15:13:39.568,0 days 00:57:17.183000,1,812.3922193777763,0 days 00:01:08.189000,11494.288915911111,295.93055644444445,7,100.0,False,0,pos,3921.6176447666626,0.9232624782210184,OnTrack,-586.0,954.0,551.0
2026-08-21 15:13:39.861,0 days 00:57:17.476000,1,799.3699999999985,0 days 00:01:08.482000,11618.0,300.0,7,100.0,False,0,car,3946.0633333333353,0.9290177019710963,OnTrack,-521.4075101631777,1120.04569715336,548.3485405103384
2026-08-21 15:13:39.888,0 days 00:57:17.503000,1,798.1549971199986,0 days 00:01:08.509000,11552.7177024,300.2892864,7,100.0,False,0,pos,3948.325708502679,0.929550330670455,OnTrack,-514.0,1139.0,548.0
2026-08-21 15:13:40.141,0 days 00:57:17.756000,1,786.7699999999991,0 days 00:01:08.762000,10941.0,303.0,7,100.0,False,0,car,3969.630000000002,0.9345659784837521,OnTrack,-427.3949049534023,1361.010527524098,543.6897975778276
2026-08-21 15:13:40.188,0 days 00:57:17.803000,1,784.5897192533326,0 days 00:01:08.809000,10874.0249088,303.7833344,7,100.0,False,0,pos,3973.6213065872103,0.9355056477592523,OnTrack,-410.0,1406.0,543.0
2026-08-21 15:13:40.381,0 days 00:57:17.996000,1,775.6366666666668,0 days 00:01:09.002000,10599.0,307.0,8,100.0,False,0,car,3990.096666666668,0.9393844251298209,OnTrack,-338.0024030994204,1594.0913921583265,541.0921681828966
2026-08-21 15:13:40.568,0 days 00:57:18.183000,1,766.9099970133328,0 days 00:01:09.189000,10655.1000192,307.93500032,8,100.0,False,0,pos,4006.0919754446536,0.9431501845077093,OnTrack,-276.0,1757.0,540.0
2026-08-21 15:13:40.581,0 days 00:57:18.196000,1,766.3033333333328,0 days 00:01:09.202000,10659.0,308.0,8,100.0,False,0,car,4007.2077777777795,0.9434128767231683,OnTrack,-272.2796405202732,1766.749388187331,539.9282486302506
2026-08-21 15:13:40.741,0 days 00:57:18.356000,1,758.7922222222228,0 days 00:01:09.362000,10727.0,310.0,8,100.0,False,0,car,4020.985555555557,0.9466565650191103,OnTrack,-232.77105250774358,1869.9667007415665,539.0895915911843
2026-08-21 15:13:40.968,0 days 00:57:18.583000,1,747.9466636088886,0 days 00:01:09.589000,10746.8625056,310.9458336,8,100.0,False,0,pos,4040.592388327378,0.9512725818404174,OnTrack,-183.0,1999.0,538.0
2026-08-21 15:13:40.981,0 days 00:57:18.596000,1,747.3255555555552,0 days 00:01:09.602000,10748.0,311.0,8,100.0,False,0,car,4041.718888888891,0.9515377927289718,OnTrack,-179.80706491527937,2007.256389387581,537.9394709342488
2026-08-21 15:13:41.228,0 days 00:57:18.843000,1,735.1127746133333,0 days 00:01:09.849000,10786.59376,312.5437504,8,100.0,False,0,pos,4063.2160074159156,0.9565988376149661,OnTrack,-102.0,2209.0,537.0
2026-08-21 15:13:41.448,0 days 00:57:19.063000,1,724.2349968355559,0 days 00:01:10.069000,10820.96876,313.9187504,8,100.0,False,0,pos,4082.448478414842,0.9611267188224771,OnTrack,10.0,2502.0,537.0
2026-08-21 15:13:41.461,0 days 00:57:19.076000,1,723.5922222222225,0 days 00:01:10.082000,10823.0,314.0,8,100.0,False,0,car,4083.5855555555568,0.9613944197443827,OnTrack,14.60189834992762,2513.96719047506,537.0040615784193
2026-08-21 15:13:41.621,0 days 00:57:19.236000,1,715.5922222222216,0 days 00:01:10.242000,10839.0,315.0,8,100.0,False,0,car,4097.585555555558,0.9646904255934854,OnTrack,42.08712128131811,2583.9289128074233,537.0110998981379
2026-08-21 15:13:41.748,0 days 00:57:19.363000,1,709.0658300444438,0 days 00:01:10.369000,10848.81364130909,315.0,8,100.0,False,0,pos,4108.7029706336425,0.9673077873880757,OnTrack,61.0,2632.0,537.0
2026-08-21 15:13:41.948,0 days 00:57:19.563000,1,698.7880522666659,0 days 00:01:10.569000,10864.268186763637,315.0,8,100.0,False,0,pos,4126.21073006808,0.9714296214952606,OnTrack,124.0,2796.0,537.0
2026-08-21 15:13:42.061,0 days 00:57:19.676000,1,692.9811111111103,0 days 00:01:10.682000,10873.0,315.0,8,100.0,False,0,car,4136.085555555558,0.9737544416785171,OnTrack,160.39426326543384,2889.5645916718836,537.0004936540666
2026-08-21 15:13:42.248,0 days 00:57:19.863000,1,683.2155522133323,0 days 00:01:10.869000,10858.9749952,314.57499985454547,8,100.0,False,0,pos,4152.394601087974,0.9775940637833828,OnTrack,223.0,3050.0,537.0
2026-08-21 15:13:42.468,0 days 00:57:20.083000,1,671.7266633244433,0 days 00:01:11.089000,10842.4749952,314.07499985454547,8,100.0,False,0,pos,4171.579005937766,0.9821106288259874,OnTrack,309.0,3274.0,537.0
2026-08-21 15:13:42.501,0 days 00:57:20.116000,1,670.0033333333322,0 days 00:01:11.122000,10840.0,314.0,8,100.0,False,0,car,4174.463333333336,0.9827896831093106,OnTrack,319.23912526446884,3300.650613616837,537.0000072498364
2026-08-21 15:13:42.748,0 days 00:57:20.363000,1,656.8299965866655,0 days 00:01:11.369000,10789.717844114286,314.8821430857143,8,100.0,False,0,pos,4196.082683473539,0.9878795048604465,OnTrack,377.0,3450.0,537.0
2026-08-21 15:13:42.781,0 days 00:57:20.396000,1,655.0699999999988,0 days 00:01:11.402000,10783.0,315.0,8,100.0,False,0,car,4198.963333333336,0.9885576933452399,OnTrack,385.80702914999085,3472.688313789008,536.9999989514555
2026-08-21 15:13:42.968,0 days 00:57:20.583000,1,645.0447210908158,0 days 00:01:11.589000,10758.870965018847,313.6594980566026,8,100.0,False,0,pos,4215.229258443557,0.9923871636526936,OnTrack,443.0,3619.0,537.0
2026-08-21 15:13:43.060,0 days 00:57:20.675000,1,640.1124999999993,0 days 00:01:11.681000,10747.0,313.0,8,100.0,False,0,car,4223.220833333336,0.9942686120512829,OnTrack,472.6709155049354,3693.1988633088445,537.000000430577
2026-08-21 15:13:43.173,0 days 00:57:20.788000,1,640.1124999999993,0 days 00:01:11.794000,10754.6678528,313.0,8,100.0,False,0,interpolation,4233.041497672955,0.996580681130244,OnTrack,509.9760178429845,3784.800233120594,537.0000001117759
