Date,SessionTime,DriverAhead,DistanceToDriverAhead,Time,RPM,Speed,nGear,Throttle,Brake,DRS,Source,Distance,RelativeDistance,Status,X,Y,Z
2026-08-21 14:40:49.106,0 days 00:24:26.721000,,237.48527777777778,0 days 00:00:00,10862.58498432,310.32999936,8,100.0,False,0,interpolation,0.06004592922870237,1.4211751519778555e-05,OnTrack,529.6018149869686,3831.5453563521905,537.0000007839105
2026-08-21 14:40:49.173,0 days 00:24:26.788000,,237.48527777777778,0 days 00:00:00.067000,10879.0,311.0,8,100.0,False,0,car,5.861944444444445,0.0013874129176998462,OnTrack,557.5696556554723,3899.775878081457,537.0000005126749
2026-08-21 14:40:49.226,0 days 00:24:26.841000,,237.48527777777778,0 days 00:00:00.120000,10891.5272576,311.3613632,8,100.0,False,0,pos,10.461299888259603,0.002475994567751125,OnTrack,579.0,3952.0,537.0
2026-08-21 14:40:49.613,0 days 00:24:27.228000,23,237.48527777777778,0 days 00:00:00.507000,10983.0,314.0,8,100.0,False,0,car,44.23972222222222,0.01047071712607831,OnTrack,714.3087909749049,4280.986333060756,536.9999990843937
2026-08-21 14:40:49.626,0 days 00:24:27.241000,23,236.91111393777777,0 days 00:00:00.520000,10984.7333248,314.0541664,8,100.0,False,0,pos,45.37635263228647,0.010739736344619038,OnTrack,718.0,4290.0,537.0
2026-08-21 14:40:49.853,0 days 00:24:27.468000,23,226.88527777777782,0 days 00:00:00.747000,11015.0,315.0,8,100.0,False,0,car,65.23972222222221,0.01544102545087139,OnTrack,773.0334922066781,4425.15792826151,537.0000261202762
2026-08-21 14:40:49.986,0 days 00:24:27.601000,23,220.82639180444448,0 days 00:00:00.880000,11029.4083264,315.5541664,8,100.0,False,0,pos,76.91024830212977,0.018203221304665642,OnTrack,804.0,4501.0,537.0
2026-08-21 14:40:50.093,0 days 00:24:27.708000,23,215.95194444444448,0 days 00:00:00.987000,11041.0,316.0,8,100.0,False,0,car,86.30638888888888,0.020427112532251112,OnTrack,830.8723745963537,4566.337448644152,536.9999377582475
2026-08-21 14:40:50.266,0 days 00:24:27.881000,23,207.30194764444445,0 days 00:00:01.160000,11061.183325866667,316.0,8,100.0,False,0,pos,101.49219377514679,0.024021309315339266,OnTrack,897.0,4728.0,537.0
2026-08-21 14:40:50.333,0 days 00:24:27.948000,23,203.95194444444445,0 days 00:00:01.227000,11069.0,316.0,8,100.0,False,0,car,107.37305555555555,0.02541319961363084,OnTrack,939.0030283917613,4831.559704010904,537.0001905372197
2026-08-21 14:40:50.426,0 days 00:24:28.041000,23,199.09528112,0 days 00:00:01.320000,11061.692862171429,316.0,8,100.0,False,0,pos,115.53659812697128,0.02734535788041705,OnTrack,996.0,4972.0,537.0
2026-08-21 14:40:50.613,0 days 00:24:28.228000,23,189.32972222222227,0 days 00:00:01.507000,11047.0,316.0,8,100.0,False,0,car,131.95083333333332,0.03123030120857385,OnTrack,1031.7368872122356,5057.101220404833,536.9958321392651
2026-08-21 14:40:50.726,0 days 00:24:28.341000,23,183.30304725378272,0 days 00:00:01.620000,11071.41711906183,316.0,8,100.0,False,0,pos,141.86664031977983,0.033577187780563206,OnTrack,1050.0,5102.0,537.0
2026-08-21 14:40:50.812,0 days 00:24:28.427000,23,178.7163888888889,0 days 00:00:01.706000,11090.0,316.0,8,100.0,False,0,car,149.4186111111111,0.035364598413551204,OnTrack,1079.2948362212503,5176.234146450783,537.009784772997
2026-08-21 14:40:51.012,0 days 00:24:28.627000,23,167.7719444444445,0 days 00:00:01.906000,10946.0,316.0,8,100.0,False,0,car,166.97416666666663,0.03951967098136764,OnTrack,1174.4662243311177,5421.062372075341,537.0141198595377
2026-08-21 14:40:51.046,0 days 00:24:28.661000,23,165.9302708444445,0 days 00:00:01.940000,10892.0720192,314.9611072,8,91.2166336,False,0,pos,169.93616452608646,0.04022072062987686,OnTrack,1187.0,5454.0,537.0
2026-08-21 14:40:51.372,0 days 00:24:28.987000,23,148.2719444444445,0 days 00:00:02.266000,10375.0,305.0,8,7.0,True,0,car,197.47416666666663,0.046738452119757586,OnTrack,1242.814722711609,5619.484324852194,536.9036584787927
2026-08-21 14:40:51.506,0 days 00:24:29.121000,23,142.2419502044445,0 days 00:00:02.400000,9740.7339392,290.85556906666665,8,4.394446933333334,True,0,pos,207.87537419364529,0.04920022394638818,OnTrack,1272.0,5727.0,538.0
2026-08-21 14:40:51.706,0 days 00:24:29.321000,23,133.24195020444452,0 days 00:00:02.600000,8794.067272533333,269.74445795555556,8,0.5055580444444441,True,0,pos,222.36802315966156,0.05263036365134506,OnTrack,1337.0,5965.0,541.0
2026-08-21 14:40:51.732,0 days 00:24:29.347000,23,132.0719444444445,0 days 00:00:02.626000,8671.0,267.0,8,0.0,True,0,car,224.17416666666662,0.05305784413270879,OnTrack,1342.8095079097834,5986.165081471392,541.2818268505152
2026-08-21 14:40:51.892,0 days 00:24:29.507000,23,126.11638888888896,0 days 00:00:02.786000,8297.0,239.0,8,0.0,True,0,car,234.79638888888886,0.05557192601551418,OnTrack,1357.817867979295,6039.875997415249,542.1012172088872
2026-08-21 14:40:52.027,0 days 00:24:29.642000,23,122.44138630965548,0 days 00:00:02.921000,8651.555408980592,220.74375942918365,8,0.0,True,0,pos,242.68389682122515,0.057438752031607636,OnTrack,1368.0,6075.0,543.0
2026-08-21 14:40:52.173,0 days 00:24:29.788000,23,118.46694444444452,0 days 00:00:03.067000,9035.0,201.0,8,0.0,True,0,car,250.48555555555552,0.05928525914372367,OnTrack,1391.5794240747666,6156.909817132335,544.8607644017387
2026-08-21 14:40:52.187,0 days 00:24:29.802000,23,118.15194156444453,0 days 00:00:03.081000,9062.51025152,199.87998976,8,0.0,True,0,pos,251.22139642689362,0.0594594189536539,OnTrack,1394.0,6165.0,545.0
2026-08-21 14:40:52.373,0 days 00:24:29.988000,23,113.96694444444455,0 days 00:00:03.267000,9428.0,185.0,8,0.0,True,0,car,260.76333333333326,0.06171781745083139,OnTrack,1425.1973980332646,6261.2027861879515,545.7208747732794
2026-08-21 14:40:52.447,0 days 00:24:30.062000,23,112.73360897777788,0 days 00:00:03.341000,9633.614641371429,181.2999936,8,0.0,True,0,pos,264.40345490723246,0.06257936633473662,OnTrack,1438.0,6296.0,546.0
2026-08-21 14:40:52.653,0 days 00:24:30.268000,23,109.30027777777786,0 days 00:00:03.547000,10206.0,171.0,7,0.0,True,0,car,274.0633333333333,0.06486567938986701,OnTrack,1476.391925692109,6386.749947551524,547.6315326496197
2026-08-21 14:40:52.727,0 days 00:24:30.342000,23,108.58083208888898,0 days 00:00:03.621000,10358.625264,167.2999936,7,0.0,True,0,pos,277.3772280988627,0.06565001647275268,OnTrack,1491.0,6417.0,548.0
2026-08-21 14:40:52.907,0 days 00:24:30.522000,23,106.830832088889,0 days 00:00:03.801000,10729.875264,158.2999936,7,0.0,True,0,pos,285.10912237173244,0.06748001163803194,OnTrack,1528.0,6484.0,548.0
2026-08-21 14:40:52.973,0 days 00:24:30.588000,23,106.18916666666678,0 days 00:00:03.867000,10866.0,155.0,4,0.0,True,0,car,287.84111111111105,0.06812662241777358,OnTrack,1541.9739813813828,6504.781549268293,548.0022651759148
2026-08-21 14:40:52.987,0 days 00:24:30.602000,23,106.14249957333344,0 days 00:00:03.881000,10824.149617371428,154.34999405714285,4,0.0,True,0,pos,288.41377071790146,0.06826216026591181,OnTrack,1545.0,6509.0,548.0
2026-08-21 14:40:53.207,0 days 00:24:30.822000,23,105.40916624000006,0 days 00:00:04.101000,10166.50676022857,144.13570834285713,4,0.0,True,0,pos,297.11875262312566,0.070322467124517,OnTrack,1595.0,6569.0,548.0
2026-08-21 14:40:53.253,0 days 00:24:30.868000,23,105.25583333333338,0 days 00:00:04.147000,10029.0,142.0,3,0.0,True,0,car,298.8855555555555,0.07074063642562772,OnTrack,1605.3758954066607,6580.20479956178,548.212484882075
2026-08-21 14:40:53.453,0 days 00:24:31.068000,23,105.36694444444453,0 days 00:00:04.347000,10506.0,135.0,3,0.0,True,0,car,306.3855555555555,0.07251574654162525,OnTrack,1652.6550234309882,6624.455369155612,549.9821404655745
2026-08-21 14:40:53.567,0 days 00:24:31.182000,23,105.87361168000011,0 days 00:00:04.461000,10877.9254176,132.1499968,3,0.0,True,0,pos,310.52895714439666,0.07349641241829089,OnTrack,1699.0,6650.0,550.0
2026-08-21 14:40:53.693,0 days 00:24:31.308000,23,106.43361111111125,0 days 00:00:04.587000,11289.0,129.0,2,0.0,True,0,car,314.9855555555555,0.07455120614130241,OnTrack,1772.0276505946167,6679.462217265314,548.6297286089267
2026-08-21 14:40:53.767,0 days 00:24:31.382000,23,107.15305680000014,0 days 00:00:04.661000,11132.01401417143,126.88571062857143,2,0.0,True,0,pos,317.5363706998162,0.07515493651018466,OnTrack,1807.0,6692.0,548.0
2026-08-21 14:40:53.973,0 days 00:24:31.588000,23,109.15583333333348,0 days 00:00:04.867000,10695.0,121.0,2,0.0,True,0,car,324.3966666666666,0.07677864061278375,OnTrack,1836.8266855839863,6697.96780701357,548.7803949220068
2026-08-21 14:40:54.026,0 days 00:24:31.641000,23,110.05388780444459,0 days 00:00:04.920000,10597.08261824,119.94000128,2,0.26499968,True,0,pos,326.1120762910018,0.07718464607641534,OnTrack,1846.0,6698.0,549.0
2026-08-21 14:40:54.226,0 days 00:24:31.841000,23,113.44277669333347,0 days 00:00:05.120000,10227.58261824,115.94000128,2,1.26499968,True,0,pos,332.41341907534047,0.07867605638586167,OnTrack,1911.0,6701.0,549.0
2026-08-21 14:40:54.373,0 days 00:24:31.988000,23,115.93361111111125,0 days 00:00:05.267000,9956.0,113.0,2,2.0,False,0,car,336.95222222222213,0.07975030643660183,OnTrack,1955.9909971907919,6698.49861721819,549.0352058332204
2026-08-21 14:40:54.486,0 days 00:24:32.101000,23,118.50750437333346,0 days 00:00:05.380000,9949.408322133333,111.74444231111111,2,8.591677866666666,False,0,pos,340.4106885913414,0.08056886092162327,OnTrack,1992.0,6691.0,549.0
2026-08-21 14:40:54.733,0 days 00:24:32.348000,23,124.13361111111124,0 days 00:00:05.627000,9935.0,109.0,2,23.0,False,0,car,347.8522222222221,0.08233013313851824,OnTrack,2088.14452944607,6654.507372296722,548.3033012803605
2026-08-21 14:40:54.806,0 days 00:24:32.421000,23,126.01944940444457,0 days 00:00:05.700000,9884.26486656,107.90499712,2,27.74501248,False,0,pos,350.00982044505355,0.08284079639606574,OnTrack,2113.0,6641.0,548.0
2026-08-21 14:40:54.933,0 days 00:24:32.548000,23,129.30027777777792,0 days 00:00:05.827000,9796.0,106.0,2,36.0,False,0,car,353.741111111111,0.08372392330367186,OnTrack,2147.520213029086,6616.066030744271,547.4054253755487
2026-08-21 14:40:55.226,0 days 00:24:32.841000,23,137.60194263111126,0 days 00:00:06.120000,10040.980502044444,106.8138887111111,2,41.697220977777775,False,0,pos,362.42766951940183,0.08577986966417323,OnTrack,2196.0,6558.0,546.0
2026-08-21 14:40:55.293,0 days 00:24:32.908000,23,139.5002777777779,0 days 00:00:06.187000,10097.0,107.0,2,43.0,False,0,car,364.441111111111,0.08625641373582833,OnTrack,2204.474609574386,6546.63687244464,545.7635931070844
2026-08-21 14:40:55.546,0 days 00:24:33.161000,23,146.94972033777796,0 days 00:00:06.440000,10463.0592824,109.3718744,2,46.953124,False,0,pos,372.1518393256623,0.088081399289876,OnTrack,2233.0,6502.0,545.0
2026-08-21 14:40:55.613,0 days 00:24:33.228000,23,148.92250000000018,0 days 00:00:06.507000,10560.0,110.0,2,48.0,False,0,car,374.2188888888888,0.08857063136853621,OnTrack,2241.546746584535,6485.409219948532,544.7397131129864
2026-08-21 14:40:55.813,0 days 00:24:33.428000,23,155.0336111111112,0 days 00:00:06.707000,10804.0,113.0,2,53.0,False,0,car,380.49666666666656,0.09005646428044525,OnTrack,2267.563173794605,6425.985408234084,544.01981184638
2026-08-21 14:40:55.826,0 days 00:24:33.441000,23,155.4236091911112,0 days 00:00:06.720000,10828.37488,113.37142674285714,2,53.41785508571429,False,0,pos,380.91825602983465,0.09015624661955948,OnTrack,2269.0,6422.0,544.0
2026-08-21 14:40:55.966,0 days 00:24:33.581000,23,159.62361687111124,0 days 00:00:06.860000,11090.87536,117.37143405714286,2,57.91786331428572,False,0,pos,385.5871515128668,0.0912612870998882,OnTrack,2282.0,6379.0,544.0
2026-08-21 14:40:56.093,0 days 00:24:33.708000,23,163.43361111111125,0 days 00:00:06.987000,11329.0,121.0,2,62.0,False,0,car,389.90777777777765,0.0922838987519266,OnTrack,2289.731103248156,6340.648051056404,544.1690565161052
2026-08-21 14:40:56.186,0 days 00:24:33.801000,23,166.2752758222223,0 days 00:00:07.080000,11576.37982976,121.92999936,2,64.3249984,False,0,pos,393.06817484686104,0.09303190579297978,OnTrack,2293.0,6307.0,544.0
2026-08-21 14:40:56.293,0 days 00:24:33.908000,23,169.54472222222228,0 days 00:00:07.187000,11861.0,123.0,2,67.0,False,0,car,396.74111111111097,0.09390122130205768,OnTrack,2294.320697680814,6257.540060013848,543.1948392278982
2026-08-21 14:40:56.426,0 days 00:24:34.041000,23,173.57166472888898,0 days 00:00:07.320000,12179.0915136,126.3249984,2,70.8791648,False,0,pos,401.43041238443055,0.09501109145235496,OnTrack,2293.0,6194.0,542.0
2026-08-21 14:40:56.533,0 days 00:24:34.148000,23,176.81138888888898,0 days 00:00:07.427000,12435.0,129.0,2,74.0,False,0,car,405.34111111111093,0.09593668090173484,OnTrack,2290.211123069383,6154.762281114884,541.5774986490054
2026-08-21 14:40:56.773,0 days 00:24:34.388000,23,183.47805555555573,0 days 00:00:07.667000,10895.0,139.0,3,82.0,False,0,car,414.6077777777776,0.09812992806727844,OnTrack,2277.4210318982796,6090.18485044428,541.9162473129328
2026-08-21 14:40:56.846,0 days 00:24:34.461000,23,185.14083770666684,0 days 00:00:07.740000,11073.8504704,141.12917226666667,3,82.0,False,0,pos,417.50599756709204,0.0988158826361313,OnTrack,2271.0,6065.0,542.0
2026-08-21 14:40:56.986,0 days 00:24:34.601000,23,188.32972076444463,0 days 00:00:07.880000,11416.8498432,145.21249813333333,3,82.0,False,0,pos,423.2030649055887,0.10016427221800923,OnTrack,2256.0,6009.0,542.0
2026-08-21 14:40:57.013,0 days 00:24:34.628000,23,188.94472222222242,0 days 00:00:07.907000,11483.0,146.0,3,82.0,False,0,car,424.34111111111093,0.10043362652892858,OnTrack,2253.1802191608313,5998.773519262747,541.9600771002824
2026-08-21 14:40:57.206,0 days 00:24:34.821000,23,191.83972510222236,0 days 00:00:08.100000,11315.08983296,158.54501248,3,86.8250048,False,0,pos,432.8547501303874,0.10244864609520445,OnTrack,2229.0,5919.0,541.0
2026-08-21 14:40:57.213,0 days 00:24:34.828000,23,191.94472222222237,0 days 00:00:08.107000,11309.0,159.0,3,87.0,False,0,car,433.17444444444425,0.102524311776659,OnTrack,2227.604041687481,5914.797074525978,540.9274467675405
2026-08-21 14:40:57.373,0 days 00:24:34.988000,23,193.36694444444464,0 days 00:00:08.267000,10562.0,169.0,3,96.0,False,0,car,440.68555555555537,0.10430205168542096,OnTrack,2186.169597455861,5794.617565161352,538.6427294655147
2026-08-21 14:40:57.426,0 days 00:24:35.041000,23,193.4994442578616,0 days 00:00:08.320000,10696.24432506697,171.32601553333856,3,96.66457586666816,False,0,pos,443.2693941465956,0.10491359808822899,OnTrack,2174.0,5760.0,538.0
2026-08-21 14:40:57.692,0 days 00:24:35.307000,23,194.1644444444446,0 days 00:00:08.586000,11370.0,183.0,4,100.0,False,0,car,456.90138888888873,0.10814003699066496,OnTrack,2144.5578235906996,5679.960076045388,536.9418952319464
2026-08-21 14:40:57.826,0 days 00:24:35.441000,23,193.64333383111128,0 days 00:00:08.720000,11035.00032,189.22142262857142,4,100.0,False,0,pos,464.08800841046224,0.109840975792341,OnTrack,2128.0,5637.0,536.0
2026-08-21 14:40:57.906,0 days 00:24:35.521000,23,193.33222272000017,0 days 00:00:08.800000,10835.00032,192.93570834285714,4,100.0,False,0,pos,468.4741694986734,0.11087909831475147,OnTrack,2113.0,5598.0,535.0
2026-08-21 14:40:57.972,0 days 00:24:35.587000,23,193.07555555555575,0 days 00:00:08.866000,10670.0,196.0,4,100.0,False,0,car,472.14583333333314,0.11174811266347771,OnTrack,2097.6911169074233,5560.411503568319,534.2332293065215
2026-08-21 14:40:58.172,0 days 00:24:35.787000,23,191.40888888888895,0 days 00:00:09.066000,10640.0,205.0,5,100.0,False,0,car,483.5347222222221,0.11444365024702953,OnTrack,2038.435366129072,5425.163483082233,532.5184690866885
2026-08-21 14:40:58.266,0 days 00:24:35.881000,23,190.49500124444452,0 days 00:00:09.160000,10810.9622672,207.3499968,5,100.0,False,0,pos,488.97044152181485,0.11573018362255355,OnTrack,2012.0,5366.0,532.0
2026-08-21 14:40:58.332,0 days 00:24:35.947000,23,189.8533333333334,0 days 00:00:09.226000,10931.0,209.0,5,100.0,False,0,car,492.823611111111,0.11664215699810203,OnTrack,1995.0482259591668,5328.1862406012815,531.7420139620742
2026-08-21 14:40:58.573,0 days 00:24:36.188000,23,186.64000000000016,0 days 00:00:09.467000,11073.0,215.0,5,100.0,False,0,car,507.2166666666665,0.1200487248003395,OnTrack,1943.5107583264992,5214.111545786134,531.5526800622129
2026-08-21 14:40:58.707,0 days 00:24:36.322000,23,184.5555535644446,0 days 00:00:09.601000,11341.000256,218.82857508571428,5,100.0,False,0,pos,515.4667400152249,0.12200136328817252,OnTrack,1918.0,5158.0,532.0
2026-08-21 14:40:58.853,0 days 00:24:36.468000,23,182.2844444444446,0 days 00:00:09.747000,11633.0,223.0,5,100.0,False,0,car,524.5611111111109,0.12415383130563154,OnTrack,1891.4455319680765,5099.773508279928,532.9509352386203
2026-08-21 14:40:59.013,0 days 00:24:36.628000,23,179.7511111111113,0 days 00:00:09.907000,11898.0,225.0,5,100.0,False,0,car,534.5611111111109,0.12652064479362823,OnTrack,1862.3180736662705,5031.085231516917,534.344587004865
2026-08-21 14:40:59.147,0 days 00:24:36.762000,23,177.5177756444447,0 days 00:00:10.041000,12048.750144,229.02000384,5,100.0,False,0,pos,543.1325021437941,0.1285493331843331,OnTrack,1832.0,4937.0,535.0
2026-08-21 14:40:59.213,0 days 00:24:36.828000,23,176.41777777777804,0 days 00:00:10.107000,12123.0,231.0,5,100.0,False,0,car,547.3944444444442,0.12955805543655732,OnTrack,1814.7681583876913,4876.672712528322,535.109029385145
2026-08-21 14:40:59.327,0 days 00:24:36.942000,23,174.6444424533336,0 days 00:00:10.221000,11697.9932728,232.4250016,5,100.0,False,0,pos,554.7831521180859,0.1313068247346413,OnTrack,1787.0,4764.0,535.0
2026-08-21 14:40:59.533,0 days 00:24:37.148000,23,171.44000000000028,0 days 00:00:10.427000,10930.0,235.0,6,100.0,False,0,car,568.2833333333331,0.13450206583370602,OnTrack,1769.3613832749058,4596.881793562791,534.023020948192
2026-08-21 14:40:59.667,0 days 00:24:37.282000,23,168.90888647111134,0 days 00:00:10.561000,10836.758244266666,238.3500032,6,100.0,False,0,pos,577.2306413109626,0.13661972675397738,OnTrack,1769.0,4515.0,533.0
2026-08-21 14:40:59.773,0 days 00:24:37.388000,23,166.90666666666687,0 days 00:00:10.667000,10763.0,241.0,6,100.0,False,0,car,584.3499999999998,0.1383047461710874,OnTrack,1770.101229178249,4465.382926456551,532.0346129412223
2026-08-21 14:40:59.933,0 days 00:24:37.548000,23,163.5733333333335,0 days 00:00:10.827000,10481.0,241.0,6,38.0,True,0,car,595.0611111111109,0.14083986639600832,OnTrack,1774.092475736381,4415.345843806081,530.3275345842126
2026-08-21 14:41:00.093,0 days 00:24:37.708000,23,160.4622222222223,0 days 00:00:10.987000,9863.0,233.0,6,0.0,True,0,car,605.4166666666665,0.14329083325246714,OnTrack,1781.8815140667484,4336.678711247767,529.652864550165
2026-08-21 14:41:00.167,0 days 00:24:37.782000,23,159.5166650311112,0 days 00:00:11.061000,9966.1376784,226.83332266666667,6,0.0,True,0,pos,609.8398710111474,0.14433772322273541,OnTrack,1787.0,4277.0,530.0
2026-08-21 14:41:00.347,0 days 00:24:37.962000,23,157.21666503111118,0 days 00:00:11.241000,10217.0126784,211.83332266666667,6,0.0,True,0,pos,619.4875371023072,0.14662114584595992,OnTrack,1801.0,4098.0,532.0
2026-08-21 14:41:00.573,0 days 00:24:38.188000,23,154.32888888888897,0 days 00:00:11.467000,10532.0,193.0,5,0.0,True,0,car,631.1499999999999,0.149381433294912,OnTrack,1802.2961453676703,4011.694009883905,532.5311608477268
2026-08-21 14:41:00.646,0 days 00:24:38.261000,23,153.3352751644445,0 days 00:00:11.540000,11025.6637984,193.0,5,0.45625119999999997,True,0,pos,635.067939403773,0.1503087364775124,OnTrack,1799.0,3987.0,533.0
2026-08-21 14:41:00.733,0 days 00:24:38.348000,23,152.15111111111116,0 days 00:00:11.627000,11614.0,193.0,4,1.0,True,0,car,639.7277777777776,0.15141163330906027,OnTrack,1793.0130622251559,3946.3576530891696,534.0768308505602
2026-08-21 14:41:00.846,0 days 00:24:38.461000,23,150.64444188444452,0 days 00:00:11.740000,11411.16465536,189.04499328,4,2.97750336,True,0,pos,645.5643424207246,0.15279303930110943,OnTrack,1782.0,3887.0,536.0
2026-08-21 14:41:01.066,0 days 00:24:38.681000,23,147.71111196444457,0 days 00:00:11.960000,11016.26511488,181.34500223999999,4,6.82749888,True,0,pos,656.3704531704211,0.1553506441686262,OnTrack,1743.0,3788.0,540.0
2026-08-21 14:41:01.133,0 days 00:24:38.748000,23,146.8177777777779,0 days 00:00:12.027000,10896.0,179.0,4,8.0,False,0,car,659.6166666666664,0.15611896235740927,OnTrack,1718.8553492047943,3752.8089412646573,541.1172912232867
2026-08-21 14:41:01.333,0 days 00:24:38.948000,23,144.26222222222225,0 days 00:00:12.227000,10733.0,173.0,4,36.0,False,0,car,669.2277777777776,0.15839373309865057,OnTrack,1626.1508529449109,3644.4020178307483,543.8679908529649
2026-08-21 14:41:01.346,0 days 00:24:38.961000,23,144.08166755555558,0 days 00:00:12.240000,10731.4562576,172.8781256,4,36.7312464,False,0,pos,669.8471642171023,0.1585403303165382,OnTrack,1621.0,3639.0,544.0
2026-08-21 14:41:01.653,0 days 00:24:39.268000,23,139.8177777777778,0 days 00:00:12.547000,10695.0,170.0,4,54.0,False,0,car,684.3388888888887,0.16197025125829,OnTrack,1537.1589955760005,3574.9930768551035,545.5526922367234
2026-08-21 14:41:01.766,0 days 00:24:39.381000,23,138.0913859555556,0 days 00:00:12.660000,10769.660841142857,170.4035721142857,4,56.8250048,False,0,pos,689.6834340093282,0.1632352054061163,OnTrack,1501.0,3557.0,546.0
2026-08-21 14:41:01.933,0 days 00:24:39.548000,23,135.54000000000008,0 days 00:00:12.827000,10880.0,171.0,4,61.0,False,0,car,697.6388888888887,0.1651181131973256,OnTrack,1429.2692021100988,3521.526321460929,546.8537795072262
2026-08-21 14:41:02.006,0 days 00:24:39.621000,23,134.32333013333343,0 days 00:00:12.900000,10927.4501248,172.04285988571428,4,61.26071497142857,False,0,pos,701.15017937736,0.16594917016616445,OnTrack,1396.0,3506.0,547.0
2026-08-21 14:41:02.046,0 days 00:24:39.661000,23,133.65666346666677,0 days 00:00:12.940000,10953.4501248,172.61428845714286,4,61.403572114285716,False,0,pos,703.0829781358066,0.1664066275832719,OnTrack,1378.0,3498.0,547.0
2026-08-21 14:41:02.213,0 days 00:24:39.828000,23,130.87333333333345,0 days 00:00:13.107000,11062.0,175.0,4,62.0,False,0,car,711.2499999999998,0.16833960933376557,OnTrack,1301.2768260749524,3467.7462058206133,547.9163787159898
2026-08-21 14:41:02.246,0 days 00:24:39.861000,23,130.37833045333343,0 days 00:00:13.140000,11101.187728,175.5500032,4,63.6500096,False,0,pos,712.886672420008,0.16872697916967638,OnTrack,1286.0,3462.0,548.0
2026-08-21 14:41:02.453,0 days 00:24:40.068000,23,127.27333333333343,0 days 00:00:13.347000,11347.0,179.0,4,74.0,False,0,car,723.1833333333332,0.171164006762775,OnTrack,1190.0536567455563,3426.2344290245082,547.0702002329938
2026-08-21 14:41:02.466,0 days 00:24:40.081000,23,127.1288896000001,0 days 00:00:13.360000,11287.98029056,178.48000256,4,70.1000192,False,0,pos,723.8162674750313,0.17131381046913344,OnTrack,1184.0,3424.0,547.0
2026-08-21 14:41:02.653,0 days 00:24:40.268000,23,125.05111111111114,0 days 00:00:13.547000,10439.0,171.0,4,14.0,True,0,car,732.6833333333332,0.17341247957637185,OnTrack,1096.9090962446264,3391.998731290818,546.2326907235312
2026-08-21 14:41:02.706,0 days 00:24:40.321000,23,124.68305600000004,0 days 00:00:13.600000,10364.46884,169.5093768,4,11.6812528,True,0,pos,735.1182693124241,0.17398878350814392,OnTrack,1073.0,3383.0,546.0
2026-08-21 14:41:02.973,0 days 00:24:40.588000,23,122.82888888888897,0 days 00:00:13.867000,9989.0,162.0,4,0.0,True,0,car,747.0833333333331,0.17682069099908712,OnTrack,960.228634238076,3337.3465192572503,544.1447360784186
2026-08-21 14:41:02.986,0 days 00:24:40.601000,23,122.77472248888897,0 days 00:00:13.880000,10079.999552,162.0,4,0.0,True,0,pos,747.6700513321872,0.17695955620642095,OnTrack,955.0,3335.0,544.0
2026-08-21 14:41:03.066,0 days 00:24:40.681000,23,122.44138915555565,0 days 00:00:13.960000,10639.999552,162.0,4,0.0,True,0,pos,751.2967721340738,0.17781793337753127,OnTrack,923.0,3320.0,543.0
2026-08-21 14:41:03.133,0 days 00:24:40.748000,23,122.16222222222234,0 days 00:00:14.027000,11109.0,162.0,4,0.0,True,0,car,754.2833333333331,0.17852479671044472,OnTrack,895.251502306015,3305.8993499613234,542.1240000395331
2026-08-21 14:41:03.426,0 days 00:24:41.041000,23,122.24361109333344,0 days 00:00:14.320000,10682.929259733333,152.23333546666666,4,0.0,True,0,pos,766.3363720778584,0.1813775261776336,OnTrack,773.0,3225.0,538.0
2026-08-21 14:41:03.613,0 days 00:24:41.228000,23,122.29555555555567,0 days 00:00:14.507000,10411.0,146.0,3,0.0,True,0,car,773.7499999999998,0.18313219363374497,OnTrack,714.0715388169012,3155.4023975374557,534.9214110425628
2026-08-21 14:41:03.786,0 days 00:24:41.401000,23,123.06444416000014,0 days 00:00:14.680000,10168.8000896,144.27000064,3,0.0,True,0,pos,780.679529608536,0.18477228404804055,OnTrack,677.0,3095.0,533.0
2026-08-21 14:41:03.813,0 days 00:24:41.428000,23,123.18444444444458,0 days 00:00:14.707000,10131.0,144.0,3,0.0,False,0,car,781.7499999999998,0.18502564442414235,OnTrack,672.8973620182235,3087.2569422279075,532.8817335767353
2026-08-21 14:41:03.973,0 days 00:24:41.588000,23,125.31777777777802,0 days 00:00:14.867000,9867.0,140.0,3,1.0,False,0,car,787.972222222222,0.18649832837222918,OnTrack,657.9111445794316,3050.702475012105,533.187136859668
2026-08-21 14:41:04.166,0 days 00:24:41.781000,23,128.69528036301037,0 days 00:00:15.060000,9771.537561339053,135.15770238676362,3,35.58784009454564,False,0,pos,795.1101507455414,0.1881877429227641,OnTrack,650.0,3002.0,533.0
2026-08-21 14:41:04.252,0 days 00:24:41.867000,23,130.20027777777796,0 days 00:00:15.146000,9729.0,133.0,3,51.0,False,0,car,798.279722222222,0.18893792137498178,OnTrack,646.6048286775076,2970.6177498007596,531.8357402585453
2026-08-21 14:41:04.326,0 days 00:24:41.941000,23,131.70083592888906,0 days 00:00:15.220000,9793.339000177777,133.61666773333334,3,51.0,False,0,pos,801.039048430885,0.18959100242382643,OnTrack,645.0,2942.0,531.0
2026-08-21 14:41:04.486,0 days 00:24:42.101000,23,134.94528037333347,0 days 00:00:15.380000,9932.450111288888,134.95000106666666,3,51.0,False,0,pos,807.0971861993548,0.19102485064208213,OnTrack,649.0,2883.0,531.0
2026-08-21 14:41:04.612,0 days 00:24:42.227000,23,137.5002777777779,0 days 00:00:15.506000,10042.0,136.0,3,51.0,False,0,car,811.879722222222,0.1921567877186573,OnTrack,658.7639175379112,2836.424474375467,530.22877545832
2026-08-21 14:41:04.726,0 days 00:24:42.341000,23,140.00194725333344,0 days 00:00:15.620000,10045.562504,136.0,3,47.437496,False,0,pos,816.193073438664,0.19317767750241144,OnTrack,673.0,2796.0,529.0
2026-08-21 14:41:04.772,0 days 00:24:42.387000,23,141.01138888888897,0 days 00:00:15.666000,10047.0,136.0,3,46.0,False,0,car,817.9241666666665,0.1935873949825131,OnTrack,680.3125424076502,2780.7001963176253,528.4695179449058
2026-08-21 14:41:04.932,0 days 00:24:42.547000,23,144.83361111111117,0 days 00:00:15.826000,10132.0,135.0,3,55.0,False,0,car,823.9241666666665,0.19500748307531113,OnTrack,712.6123959690023,2731.9965036709937,526.5300937814359
2026-08-21 14:41:05.067,0 days 00:24:42.682000,23,148.17111357964112,0 days 00:00:15.961000,10269.240765408336,137.24066555768712,3,58.36099833653068,False,0,pos,829.1083752314252,0.196234488550877,OnTrack,745.0,2696.0,526.0
2026-08-21 14:41:05.173,0 days 00:24:42.788000,23,150.79166666666674,0 days 00:00:16.067000,10377.0,139.0,3,61.0,False,0,car,833.2294444444442,0.19720986877071114,OnTrack,774.0040116874563,2670.5119483338026,526.6644944967912
2026-08-21 14:41:05.207,0 days 00:24:42.822000,23,151.67000330666673,0 days 00:00:16.101000,10401.083424,139.2833344,3,61.4250016,False,0,pos,834.5536239463369,0.19752327736127198,OnTrack,787.0,2662.0,527.0
2026-08-21 14:41:05.413,0 days 00:24:43.028000,23,156.99166666666667,0 days 00:00:16.307000,10547.0,141.0,3,64.0,False,0,car,842.6294444444442,0.19943467344942806,OnTrack,905.4264142989716,2606.3243410400064,529.621245585923
2026-08-21 14:41:05.447,0 days 00:24:43.062000,23,157.89833674666667,0 days 00:00:16.341000,10583.7626384,141.6375024,3,64.8500032,False,0,pos,843.98020145739,0.19975437244115268,OnTrack,922.0,2599.0,530.0
2026-08-21 14:41:05.573,0 days 00:24:43.188000,23,161.25833333333333,0 days 00:00:16.467000,10720.0,144.0,3,68.0,False,0,car,849.0294444444442,0.20094943408174593,OnTrack,963.820075223024,2579.7359519361935,531.0761564844432
2026-08-21 14:41:05.853,0 days 00:24:43.468000,23,169.03611111111104,0 days 00:00:16.747000,10908.0,147.0,3,72.0,False,0,car,860.4627777777775,0.2036554908363555,OnTrack,1014.5890621812902,2578.4748182703615,535.7642536687407
2026-08-21 14:41:05.927,0 days 00:24:43.542000,23,170.98889226666662,0 days 00:00:16.821000,11198.4505024,149.312504,3,74.312504,False,0,pos,863.56822049186,0.20439049120654468,OnTrack,1059.0,2586.0,540.0
2026-08-21 14:41:06.013,0 days 00:24:43.628000,23,173.25833333333333,0 days 00:00:16.907000,11536.0,152.0,3,77.0,False,0,car,867.2183333333331,0.20525440483713553,OnTrack,1131.2355038773812,2598.662227565387,546.755704377594
2026-08-21 14:41:06.087,0 days 00:24:43.702000,23,175.23167008,0 days 00:00:16.981000,11625.416821333334,153.23333546666666,3,78.8500032,False,0,pos,870.3858165713798,0.20600408904221673,OnTrack,1188.0,2609.0,552.0
2026-08-21 14:41:06.253,0 days 00:24:43.868000,23,179.6583333333333,0 days 00:00:17.147000,11826.0,156.0,3,83.0,False,0,car,877.6183333333331,0.2077158908646521,OnTrack,1231.2869309551595,2619.1534175606416,555.733864127447
2026-08-21 14:41:06.367,0 days 00:24:43.982000,23,182.57166993777778,0 days 00:00:17.261000,11460.792447085714,159.66428982857144,3,85.44285988571428,False,0,pos,882.736345826943,0.20892722896481322,OnTrack,1250.0,2626.0,557.0
2026-08-21 14:41:06.533,0 days 00:24:44.148000,23,186.81388888888898,0 days 00:00:17.427000,10929.0,165.0,4,89.0,False,0,car,890.4516666666665,0.2107533015075812,OnTrack,1320.5169131669245,2646.527934323269,562.3540133779877
2026-08-21 14:41:06.607,0 days 00:24:44.222000,23,188.62278090666672,0 days 00:00:17.501000,11064.843092114286,168.43572022857143,4,91.90714788571428,False,0,pos,894.0104050522524,0.21159558850870686,OnTrack,1357.0,2657.0,565.0
2026-08-21 14:41:06.813,0 days 00:24:44.428000,23,193.6583333333333,0 days 00:00:17.707000,11443.0,178.0,4,100.0,False,0,car,904.296111111111,0.21403002329207443,OnTrack,1452.8067804219718,2685.325703732316,571.0989346075336
2026-08-21 14:41:06.927,0 days 00:24:44.542000,23,196.2550029155555,0 days 00:00:17.821000,11111.178198857142,183.2928630857143,4,100.0,False,0,pos,910.2162027567451,0.21543119856778079,OnTrack,1508.0,2703.0,574.0
2026-08-21 14:41:07.066,0 days 00:24:44.681000,23,199.42110965333327,0 days 00:00:17.960000,10706.589472,189.7464256,4,100.0,False,0,pos,917.6701188683078,0.21719540148690503,OnTrack,1575.0,2726.0,577.0
2026-08-21 14:41:07.093,0 days 00:24:44.708000,23,200.03611111111104,0 days 00:00:17.987000,10628.0,191.0,4,100.0,False,0,car,919.1516666666664,0.21754605621813172,OnTrack,1584.2318098118276,2729.3679468715045,577.3364767121733
2026-08-21 14:41:07.306,0 days 00:24:44.921000,23,204.41444312888885,0 days 00:00:18.200000,10802.65994752,199.51999744,4,100.0,False,0,pos,931.2242997732587,0.22040342330536355,OnTrack,1640.0,2752.0,579.0
2026-08-21 14:41:07.493,0 days 00:24:45.108000,23,208.25833333333333,0 days 00:00:18.387000,10956.0,207.0,5,100.0,False,0,car,942.1516666666665,0.22298972724052418,OnTrack,1772.317125756958,2801.765726336847,585.6021560882061
2026-08-21 14:41:07.506,0 days 00:24:45.121000,23,208.51472095999998,0 days 00:00:18.400000,10986.8206816,207.3791648,5,100.0,False,0,pos,942.9154653042733,0.22317050413228431,OnTrack,1781.0,2805.0,586.0
2026-08-21 14:41:07.733,0 days 00:24:45.348000,23,212.99166666666656,0 days 00:00:18.627000,11525.0,214.0,5,100.0,False,0,car,956.4183333333331,0.2263663811500661,OnTrack,1885.1354328977452,2843.3955825216267,589.1422229390931
2026-08-21 14:41:07.946,0 days 00:24:45.561000,23,216.71916554666655,0 days 00:00:18.840000,11759.2999296,221.09999786666665,5,100.0,False,0,pos,969.6850554811059,0.22950636684215142,OnTrack,1973.0,2873.0,591.0
2026-08-21 14:41:08.046,0 days 00:24:45.661000,23,218.46917002666652,0 days 00:00:18.940000,11869.3002112,224.43333973333333,5,100.0,False,0,pos,976.0312676282662,0.23100839689291017,OnTrack,2032.0,2892.0,593.0
2026-08-21 14:41:08.093,0 days 00:24:45.708000,23,219.29166666666652,0 days 00:00:18.987000,11921.0,226.0,5,100.0,False,0,car,979.018333333333,0.23171537963293865,OnTrack,2060.421461393749,2900.9855765595908,593.725364062808
2026-08-21 14:41:08.306,0 days 00:24:45.921000,23,222.9008322488887,0 days 00:00:19.200000,10802.750336000001,229.54999893333334,5,100.0,False,0,pos,992.6125162285934,0.2349328691764183,OnTrack,2190.0,2940.0,595.0
2026-08-21 14:41:08.333,0 days 00:24:45.948000,23,223.35833333333312,0 days 00:00:19.227000,10661.0,230.0,6,100.0,False,0,car,994.3516666666665,0.23534449364786697,OnTrack,2206.751002254429,2944.700984447804,595.0442410786285
2026-08-21 14:41:08.506,0 days 00:24:46.121000,23,226.0974989866664,0 days 00:00:19.400000,10817.56494208,234.3249984,6,100.0,False,0,pos,1005.6203249793845,0.2380115748964837,OnTrack,2316.0,2973.0,595.0
2026-08-21 14:41:08.533,0 days 00:24:46.148000,23,226.52499999999975,0 days 00:00:19.427000,10842.0,235.0,6,100.0,False,0,car,1007.407222222222,0.2384345001460849,OnTrack,2333.3135285758644,2976.9942170397762,594.9861520930134
2026-08-21 14:41:08.766,0 days 00:24:46.381000,23,229.76111377777735,0 days 00:00:19.660000,11047.816836266667,242.76667306666667,6,100.0,False,0,pos,1023.1308677389346,0.24215599377502836,OnTrack,2486.0,3006.0,594.0
2026-08-21 14:41:08.773,0 days 00:24:46.388000,23,229.8583333333329,0 days 00:00:19.667000,11054.0,243.0,6,100.0,False,0,car,1023.6072222222222,0.2422687379966396,OnTrack,2490.701096842227,3006.7042826144193,593.8974398989178
2026-08-21 14:41:08.926,0 days 00:24:46.541000,23,231.8558358399994,0 days 00:00:19.820000,11238.5564816,245.8687536,6,100.0,False,0,pos,1034.059123497259,0.24474250808793632,OnTrack,2595.0,3020.0,591.0
2026-08-21 14:41:08.933,0 days 00:24:46.548000,23,231.94722222222163,0 days 00:00:19.827000,11247.0,246.0,6,100.0,False,0,car,1034.5405555555556,0.24485645407684933,OnTrack,2599.8204784846794,3020.5503916749262,590.8977403768841
2026-08-21 14:41:09.006,0 days 00:24:46.621000,23,232.8597246222217,0 days 00:00:19.900000,11311.24016896,247.46000384,6,100.0,False,0,pos,1039.5820688670894,0.24604968624741466,OnTrack,2650.0,3026.0,590.0
2026-08-21 14:41:09.133,0 days 00:24:46.748000,23,234.44722222222185,0 days 00:00:20.027000,11423.0,250.0,6,100.0,False,0,car,1048.4294444444445,0.2481436950324003,OnTrack,2733.8455962968237,3033.475031458686,587.9226166979848
2026-08-21 14:41:09.246,0 days 00:24:46.861000,23,235.76555779555514,0 days 00:00:20.140000,11530.3501824,252.26000384,6,100.0,False,0,pos,1056.3624792786486,0.2500212964170344,OnTrack,2818.0,3037.0,585.0
2026-08-21 14:41:09.333,0 days 00:24:46.948000,23,236.7805555555551,0 days 00:00:20.227000,11613.0,254.0,6,100.0,False,0,car,1062.5405555555556,0.25148353184324007,OnTrack,2896.7714248512325,3037.19268690243,581.846596615946
2026-08-21 14:41:09.493,0 days 00:24:47.108000,23,238.33611111111054,0 days 00:00:20.387000,11806.0,260.0,6,100.0,False,0,car,1074.0961111111112,0.25421851631825854,OnTrack,3061.0911371861803,3032.5820438060746,574.5678799327034
2026-08-21 14:41:09.586,0 days 00:24:47.201000,23,239.21444383999943,0 days 00:00:20.480000,11879.00494976,261.39499904,6,100.0,False,0,pos,1080.8672683589764,0.2558211229486179,OnTrack,3135.0,3029.0,571.0
2026-08-21 14:41:09.693,0 days 00:24:47.308000,23,240.22499999999945,0 days 00:00:20.587000,11963.0,263.0,6,100.0,False,0,car,1088.7072222222223,0.25767669380349817,OnTrack,3192.8321006437377,3024.525896398166,567.8493817339274
2026-08-21 14:41:09.853,0 days 00:24:47.468000,23,241.5583333333327,0 days 00:00:20.747000,11263.0,267.0,6,100.0,False,0,car,1100.573888888889,0.26048531247592094,OnTrack,3259.764597829065,3015.0794510632318,563.4669371532933
2026-08-21 14:41:09.866,0 days 00:24:47.481000,23,241.64861066666606,0 days 00:00:20.760000,11234.01014272,267.38999808,6,100.0,False,0,pos,1101.5490161179728,0.26071610690375185,OnTrack,3267.0,3014.0,563.0
2026-08-21 14:41:10.053,0 days 00:24:47.668000,23,242.94722222222163,0 days 00:00:20.947000,10817.0,273.0,7,100.0,False,0,car,1115.7405555555556,0.2640749795993826,OnTrack,3401.954997184965,2993.327752589786,554.4554679948839
2026-08-21 14:41:10.146,0 days 00:24:47.761000,23,243.48972184888834,0 days 00:00:21.040000,10856.912472533333,274.1624992,7,100.0,False,0,pos,1122.853415757823,0.26575846094587874,OnTrack,3476.0,2981.0,550.0
2026-08-21 14:41:10.293,0 days 00:24:47.908000,23,244.34722222222172,0 days 00:00:21.187000,10920.0,276.0,7,100.0,False,0,car,1134.1405555555557,0.2684299164172965,OnTrack,3589.1556842084483,2960.2160658541397,543.6580163749246
2026-08-21 14:41:10.366,0 days 00:24:47.981000,23,244.69194535111066,0 days 00:00:21.260000,10975.84514688,276.73000192,7,100.0,False,0,pos,1139.7592018401144,0.2697597451983541,OnTrack,3642.0,2950.0,541.0
2026-08-21 14:41:10.493,0 days 00:24:48.108000,23,245.2916666666663,0 days 00:00:21.387000,11073.0,278.0,7,100.0,False,0,car,1149.585,0.2720853283598692,OnTrack,3728.650436251712,2932.885332185221,537.2713211760625
2026-08-21 14:41:10.566,0 days 00:24:48.181000,23,245.5350006399996,0 days 00:00:21.460000,11108.5875936,279.52083733333336,7,100.0,False,0,pos,1155.287558161473,0.27343501751713517,OnTrack,3794.0,2921.0,535.0
2026-08-21 14:41:10.733,0 days 00:24:48.348000,23,246.09166666666624,0 days 00:00:21.627000,11190.0,283.0,7,100.0,False,0,car,1168.4516666666666,0.2765507164738896,OnTrack,4017.671855740531,2884.156674687549,528.3442981522919
2026-08-21 14:41:10.846,0 days 00:24:48.461000,23,246.28000028221481,0 days 00:00:21.740000,11228.965575630731,284.06269751720174,7,100.0,False,0,pos,1177.4072902982666,0.27867034555435893,OnTrack,4148.0,2864.0,525.0
2026-08-21 14:41:11.052,0 days 00:24:48.667000,23,246.623333333333,0 days 00:00:21.946000,11300.0,286.0,7,100.0,False,0,car,1193.7944444444445,0.2825488793006644,OnTrack,4231.836054241249,2854.765162520972,524.5525475086604
2026-08-21 14:41:11.146,0 days 00:24:48.761000,23,246.7799997866663,0 days 00:00:22.040000,11325.588854044445,286.26111075555553,7,100.0,False,0,pos,1201.2780942476738,0.2843201196300371,OnTrack,4273.0,2854.0,525.0
2026-08-21 14:41:11.326,0 days 00:24:48.941000,23,247.08000021333294,0 days 00:00:22.220000,11374.588923733334,286.76111146666665,7,100.0,False,0,pos,1215.6231617530295,0.2877153295558271,OnTrack,4416.0,2852.0,525.0
2026-08-21 14:41:11.412,0 days 00:24:49.027000,23,247.2233333333329,0 days 00:00:22.306000,11398.0,287.0,7,100.0,False,0,car,1222.4944444444445,0.289341634011215,OnTrack,4484.9327800419915,2855.4656933813276,524.4565919345255
2026-08-21 14:41:11.506,0 days 00:24:49.121000,23,247.24944441305578,0 days 00:00:22.400000,11412.064820997877,287.4688273665959,7,100.0,False,0,pos,1230.019741367075,0.2911227314369812,OnTrack,4558.0,2863.0,524.0
2026-08-21 14:41:11.707,0 days 00:24:49.322000,23,247.30527780863346,0 days 00:00:22.601000,11442.139667493613,288.4713222497871,7,100.0,False,0,pos,1246.158811625258,0.2949425483540606,OnTrack,4716.0,2891.0,525.0
2026-08-21 14:41:11.813,0 days 00:24:49.428000,23,247.33472222222167,0 days 00:00:22.707000,11458.0,289.0,7,100.0,False,0,car,1254.6858333333334,0.2969607353531719,OnTrack,4798.765504547972,2912.90623954231,525.1861008390617
2026-08-21 14:41:11.987,0 days 00:24:49.602000,23,247.18972211555499,0 days 00:00:22.881000,11484.825019733333,289.72500053333334,7,100.0,False,0,pos,1268.7012737931782,0.30027792870522946,OnTrack,4930.0,2957.0,525.0
2026-08-21 14:41:12.053,0 days 00:24:49.668000,23,247.13472222222163,0 days 00:00:22.947000,11495.0,290.0,7,100.0,False,0,car,1274.0191666666667,0.30153657476329887,OnTrack,4976.787297571889,2975.0882556490906,525.0204111806552
2026-08-21 14:41:12.247,0 days 00:24:49.862000,23,246.91916652444382,0 days 00:00:23.141000,11502.2750048,290.0,7,100.0,False,0,pos,1289.6482255894218,0.30523568150960606,OnTrack,5123.0,3043.0,526.0
2026-08-21 14:41:12.373,0 days 00:24:49.988000,23,246.77916666666601,0 days 00:00:23.267000,11507.0,290.0,7,100.0,False,0,car,1299.7969444444445,0.30763769397680146,OnTrack,5250.634255172917,3113.6455216555773,528.2005224615925
2026-08-21 14:41:12.467,0 days 00:24:50.082000,23,246.49194405333273,0 days 00:00:23.361000,11520.5125184,290.0,7,100.0,False,0,pos,1307.3672038609977,0.3094294331862747,OnTrack,5336.0,3163.0,530.0
2026-08-21 14:41:12.533,0 days 00:24:50.148000,23,246.2902777777772,0 days 00:00:23.427000,11530.0,290.0,7,100.0,False,0,car,1312.6858333333334,0.3106882535835528,OnTrack,5379.663836703755,3188.8147254940345,531.0671021333075
2026-08-21 14:41:12.747,0 days 00:24:50.362000,23,244.68527681777715,0 days 00:00:23.641000,11523.4611072,290.5944448,7,100.0,False,0,pos,1329.9667058475961,0.31477831379866367,OnTrack,5476.0,3249.0,535.0
2026-08-21 14:41:12.893,0 days 00:24:50.508000,23,243.59027777777715,0 days 00:00:23.787000,11519.0,291.0,7,100.0,False,0,car,1341.7858333333334,0.3175756808336232,OnTrack,5575.306290848865,3310.333267041959,540.5203100484106
2026-08-21 14:41:12.927,0 days 00:24:50.542000,23,243.22194305777714,0 days 00:00:23.821000,11518.3624976,291.1062504,7,100.0,False,0,pos,1344.5415092051312,0.318227897915815,OnTrack,5600.0,3325.0,542.0
2026-08-21 14:41:13.127,0 days 00:24:50.742000,23,241.05527639111045,0 days 00:00:24.021000,11514.6124976,291.7312504,7,100.0,False,0,pos,1360.7700757794387,0.3220688969417073,OnTrack,5741.0,3404.0,551.0
2026-08-21 14:41:13.213,0 days 00:24:50.828000,23,240.12361111111045,0 days 00:00:24.107000,11513.0,292.0,7,100.0,False,0,car,1367.7413888888889,0.32371887673135685,OnTrack,5793.963381750186,3433.1956605405458,554.1993734407106
2026-08-21 14:41:13.487,0 days 00:24:51.102000,23,235.8613868977771,0 days 00:00:24.381000,11495.3041584,291.4291664,7,100.0,False,0,pos,1389.8945660729041,0.32896212058746765,OnTrack,6005.0,3520.0,565.0
2026-08-21 14:41:13.667,0 days 00:24:51.282000,23,233.06138689777708,0 days 00:00:24.561000,11483.6791584,291.0541664,7,100.0,False,0,pos,1404.4388801633095,0.3324044884637509,OnTrack,6255.0,3584.0,577.0
2026-08-21 14:41:13.693,0 days 00:24:51.308000,23,232.65694444444375,0 days 00:00:24.587000,11482.0,291.0,7,100.0,False,0,car,1406.5413888888888,0.33290211306478407,OnTrack,6279.608458203277,3589.7530694519965,578.1902475441013
2026-08-21 14:41:13.933,0 days 00:24:51.548000,23,228.5236111111103,0 days 00:00:24.827000,11450.0,291.0,7,100.0,False,0,car,1425.941388888889,0.3374937312314977,OnTrack,6378.058960777785,3602.51435997246,582.7038607910549
2026-08-21 14:41:13.946,0 days 00:24:51.561000,23,228.28527895111034,0 days 00:00:24.840000,11447.66001152,290.87000064,7,100.0,False,0,pos,1426.988397973903,0.33774153875394436,OnTrack,6386.0,3603.0,583.0
2026-08-21 14:41:14.133,0 days 00:24:51.748000,23,224.85694444444403,0 days 00:00:25.027000,11414.0,289.0,7,100.0,False,0,car,1441.9969444444444,0.3412937817761146,OnTrack,6567.1908756465855,3615.666481945512,589.4156536022582
2026-08-21 14:41:14.246,0 days 00:24:51.861000,23,222.81666319999954,0 days 00:00:25.140000,11405.928557714285,288.59642788571426,7,100.0,False,0,pos,1451.035463585103,0.34343303067747727,OnTrack,6679.0,3623.0,593.0
2026-08-21 14:41:14.413,0 days 00:24:52.028000,23,219.80138888888837,0 days 00:00:25.307000,11394.0,288.0,7,100.0,False,0,car,1464.3969444444442,0.3465954439892272,OnTrack,6790.008775429852,3628.014792433842,595.683613348988
2026-08-21 14:41:14.653,0 days 00:24:52.268000,23,215.06805555555502,0 days 00:00:25.547000,11322.0,289.0,7,100.0,False,0,car,1483.663611111111,0.35115550464276757,OnTrack,6910.224973590268,3628.003744899777,596.8879298105493
2026-08-21 14:41:14.666,0 days 00:24:52.281000,23,214.82972339555502,0 days 00:00:25.560000,11318.16501888,288.80500096,7,100.0,False,0,pos,1484.7010473954022,0.3514010464618272,OnTrack,6919.0,3628.0,597.0
2026-08-21 14:41:14.853,0 days 00:24:52.468000,23,211.40138888888828,0 days 00:00:25.747000,11263.0,286.0,7,100.0,False,0,car,1499.5525,0.35491610829591785,OnTrack,7067.865648627981,3628.0131067331713,598.8647355164178
2026-08-21 14:41:14.886,0 days 00:24:52.501000,23,210.79638536888825,0 days 00:00:25.780000,11252.68744,286.0,7,100.0,False,0,pos,1502.1734867902544,0.35553644698462145,OnTrack,7095.0,3628.0,599.0
2026-08-21 14:41:15.013,0 days 00:24:52.628000,23,208.46805555555488,0 days 00:00:25.907000,11213.0,286.0,7,100.0,False,0,car,1512.2636111111112,0.35792459121843817,OnTrack,7196.58105057206,3627.847480080122,598.626837402845
2026-08-21 14:41:15.106,0 days 00:24:52.721000,23,206.91805662222157,0 days 00:00:26,11214.7437488,285.7093752,7,100.0,False,0,pos,1519.6361214019657,0.3596695268981171,OnTrack,7270.0,3627.0,598.0
2026-08-21 14:41:15.246,0 days 00:24:52.861000,23,204.5847190222216,0 days 00:00:26.140000,11217.3687536,285.2718744,7,100.0,False,0,pos,1530.7112135445243,0.3622907946444985,OnTrack,7381.0,3624.0,597.0
2026-08-21 14:41:15.333,0 days 00:24:52.948000,23,203.13472222222163,0 days 00:00:26.227000,11219.0,285.0,7,100.0,False,0,car,1537.5969444444445,0.3639205187213631,OnTrack,7449.283520836521,3621.7637332458257,595.8535097019594
2026-08-21 14:41:15.446,0 days 00:24:53.061000,23,201.34555251555497,0 days 00:00:26.340000,11144.1373728,284.2937488,7,100.0,False,0,pos,1546.5390773123436,0.36603695478968334,OnTrack,7538.0,3618.0,594.0
2026-08-21 14:41:15.493,0 days 00:24:53.108000,23,200.60138888888832,0 days 00:00:26.387000,11113.0,284.0,7,100.0,False,0,car,1550.2191666666668,0.36690796330176784,OnTrack,7575.349530143718,3615.8997516468635,593.2566480290883
2026-08-21 14:41:15.626,0 days 00:24:53.241000,23,199.30833395555499,0 days 00:00:26.520000,10867.554663563636,279.76818385454544,7,70.0750144,False,0,pos,1560.4353747528005,0.36932594921121215,OnTrack,7679.0,3609.0,591.0
2026-08-21 14:41:15.926,0 days 00:24:53.541000,23,196.39166479999938,0 days 00:00:26.820000,10313.917827490908,270.2227211636364,7,2.5749568000000043,False,0,pos,1582.7043787074472,0.3745966071036231,OnTrack,7901.0,3580.0,582.0
2026-08-21 14:41:15.933,0 days 00:24:53.548000,23,196.3236111111105,0 days 00:00:26.827000,10301.0,270.0,7,1.0,True,0,car,1583.2191666666668,0.37471844781215696,OnTrack,7907.879154894391,3578.222095178675,581.691750809742
2026-08-21 14:41:16.093,0 days 00:24:53.708000,23,195.12361111111068,0 days 00:00:26.987000,11281.0,263.0,7,3.0,True,0,car,1594.9080555555554,0.3774849898003486,OnTrack,8088.267183861453,3521.955162980934,573.5604052745905
2026-08-21 14:41:16.146,0 days 00:24:53.761000,23,194.87333363555516,0 days 00:00:27.040000,11349.2374176,260.6812528,7,7.3062448,True,0,pos,1598.7140569821672,0.3783857993515326,OnTrack,8142.0,3502.0,571.0
2026-08-21 14:41:16.253,0 days 00:24:53.868000,23,194.3680555555552,0 days 00:00:27.147000,11487.0,256.0,6,16.0,False,0,car,1606.2858333333331,0.38017789759113596,OnTrack,8228.19680313154,3464.1164734515637,566.5252779460494
2026-08-21 14:41:16.453,0 days 00:24:54.068000,23,193.9791666666663,0 days 00:00:27.347000,11253.0,249.0,6,31.0,False,0,car,1620.1191666666666,0.3834519895828648,OnTrack,8317.217182384667,3400.700559161485,560.3884750561941
2026-08-21 14:41:16.606,0 days 00:24:54.221000,23,193.89416655999963,0 days 00:00:27.500000,11081.63978496,247.46999808,6,39.41501056,False,0,pos,1630.630113555584,0.3859397346696954,OnTrack,8371.0,3351.0,556.0
2026-08-21 14:41:16.653,0 days 00:24:54.268000,23,193.8680555555552,0 days 00:00:27.547000,11029.0,247.0,6,42.0,False,0,car,1633.8413888888888,0.3866997836469491,OnTrack,8387.686703653379,3335.1096759821826,554.6157498823651
2026-08-21 14:41:16.893,0 days 00:24:54.508000,23,194.2013888888887,0 days 00:00:27.787000,10816.0,243.0,6,44.0,False,0,car,1650.0413888888886,0.39053402149750377,OnTrack,8474.331201825837,3246.2388509158136,547.4591013721774
2026-08-21 14:41:16.986,0 days 00:24:54.601000,23,194.53722199111093,0 days 00:00:27.880000,10791.5875168,240.093752,6,53.2999936,False,0,pos,1656.2036058019685,0.39199250330808766,OnTrack,8509.0,3202.0,545.0
2026-08-21 14:41:17.053,0 days 00:24:54.668000,23,194.77916666666647,0 days 00:00:27.947000,10774.0,238.0,6,60.0,False,0,car,1660.6191666666664,0.3930375842092514,OnTrack,8534.24017393746,3166.0990229268373,543.3469493507972
2026-08-21 14:41:17.066,0 days 00:24:54.681000,23,194.84055525333315,0 days 00:00:27.960000,10772.086120533333,237.92777813333333,6,60.505553066666664,False,0,pos,1661.4749798563812,0.3932401392293136,OnTrack,8539.0,3159.0,543.0
2026-08-21 14:41:17.286,0 days 00:24:54.901000,23,195.87944535111095,0 days 00:00:28.180000,10739.697193955555,236.70555448888888,6,69.06111857777778,False,0,pos,1675.913182268957,0.39665739245056475,OnTrack,8610.0,3033.0,536.0
2026-08-21 14:41:17.413,0 days 00:24:55.028000,23,196.47916666666652,0 days 00:00:28.307000,10721.0,236.0,6,74.0,False,0,car,1684.2191666666663,0.3986232640409236,OnTrack,8645.008318515738,2943.574630845959,533.2804913039217
2026-08-21 14:41:17.626,0 days 00:24:55.241000,23,197.54416634666646,0 days 00:00:28.520000,10637.7969,235.3343752,6,75.3312496,False,0,pos,1698.11626386458,0.401912447750126,OnTrack,8689.0,2787.0,531.0
2026-08-21 14:41:17.733,0 days 00:24:55.348000,23,198.07916666666642,0 days 00:00:28.627000,10596.0,235.0,6,76.0,False,0,car,1705.1080555555552,0.4035672744380723,OnTrack,8700.15400884921,2722.7977899796697,530.3365905982549
2026-08-21 14:41:17.972,0 days 00:24:55.587000,23,199.27416666666636,0 days 00:00:28.866000,10722.0,236.0,6,83.0,False,0,car,1720.7758333333331,0.40727554521521026,OnTrack,8703.65305831668,2597.902187313876,529.9381025165684
2026-08-21 14:41:18.006,0 days 00:24:55.621000,23,199.3308335466663,0 days 00:00:28.900000,10744.5250848,236.0,6,83.2125008,False,0,pos,1723.004100358083,0.4078029344601139,OnTrack,8703.0,2578.0,530.0
2026-08-21 14:41:18.132,0 days 00:24:55.747000,23,199.54083333333278,0 days 00:00:29.026000,10828.0,236.0,6,84.0,False,0,car,1731.264722222222,0.40975806958484234,OnTrack,8697.996606937986,2497.350580325417,530.5840604957828
2026-08-21 14:41:18.167,0 days 00:24:55.782000,23,199.54083333333278,0 days 00:00:29.061000,10831.260876824199,236.21739178827997,6,84.0,False,0,pos,1733.5648908757892,0.41030247660423536,OnTrack,8695.0,2472.0,531.0
2026-08-21 14:41:18.293,0 days 00:24:55.908000,23,199.54083333333278,0 days 00:00:29.187000,10843.0,237.0,6,84.0,False,0,car,1741.8638888888888,0.4122666946476616,OnTrack,8676.76668839499,2368.460634120299,533.6973248738013
2026-08-21 14:41:18.387,0 days 00:24:56.002000,23,199.0969438399995,0 days 00:00:29.281000,10898.2250752,237.3916672,6,90.2666752,False,0,pos,1748.0650785840826,0.41373440058888267,OnTrack,8660.0,2295.0,536.0
2026-08-21 14:41:18.533,0 days 00:24:56.148000,23,198.40749999999957,0 days 00:00:29.427000,10984.0,238.0,6,100.0,False,0,car,1757.7305555555554,0.416022038715283,OnTrack,8634.539785983421,2209.1958506020205,538.8159984862739
2026-08-21 14:41:18.813,0 days 00:24:56.428000,23,196.22972222222188,0 days 00:00:29.707000,11071.0,241.0,6,100.0,False,0,car,1776.475,0.4204584991088946,OnTrack,8581.0250679066,2100.8041183322935,542.5445996844295
2026-08-21 14:41:18.847,0 days 00:24:56.462000,23,195.84249854222188,0 days 00:00:29.741000,11081.5187896,241.4250016,6,100.0,False,0,pos,1778.770391552572,0.4210017754775807,OnTrack,8573.0,2086.0,543.0
2026-08-21 14:41:19.087,0 days 00:24:56.702000,23,193.10916520888858,0 days 00:00:29.981000,11155.7687896,244.4250016,6,100.0,False,0,pos,1795.0966892396293,0.42486590563505844,OnTrack,8490.0,1943.0,547.0
2026-08-21 14:41:19.133,0 days 00:24:56.748000,23,192.5852777777775,0 days 00:00:30.027000,11170.0,245.0,6,100.0,False,0,car,1798.2527777777777,0.42561289292719856,OnTrack,8460.45268780039,1895.9541769255636,548.2594737951804
2026-08-21 14:41:19.227,0 days 00:24:56.842000,23,191.33194273777747,0 days 00:00:30.121000,11191.62002944,246.88000256,6,100.0,False,0,pos,1804.729977947711,0.42714592539986385,OnTrack,8393.0,1790.0,551.0
2026-08-21 14:41:19.333,0 days 00:24:56.948000,23,189.91861111111075,0 days 00:00:30.227000,11216.0,249.0,6,100.0,False,0,car,1812.086111111111,0.4288869849189273,OnTrack,8330.452622957304,1691.4151975557324,553.198084932835
2026-08-21 14:41:19.613,0 days 00:24:57.228000,23,185.48527777777736,0 days 00:00:30.507000,11462.0,253.0,6,100.0,False,0,car,1831.763888888889,0.43354434790475194,OnTrack,8229.908316453577,1531.0458069866547,554.9312592382045
2026-08-21 14:41:19.707,0 days 00:24:57.322000,23,183.97083127111082,0 days 00:00:30.601000,11493.02004224,253.47000064,6,100.0,False,0,pos,1838.3813139421682,0.43511056899194284,OnTrack,8206.0,1493.0,555.0
2026-08-21 14:41:19.813,0 days 00:24:57.428000,23,182.2630555555554,0 days 00:00:30.707000,11528.0,254.0,6,100.0,False,0,car,1845.875,0.43688418471559176,OnTrack,8183.143926878931,1456.877391078787,554.9010540164041
2026-08-21 14:41:20.047,0 days 00:24:57.662000,23,178.3630534222223,0 days 00:00:30.941000,11673.275079466666,257.9000021333333,6,100.0,False,0,pos,1862.6439673492778,0.4408530865257964,OnTrack,8131.0,1372.0,554.0
2026-08-21 14:41:20.053,0 days 00:24:57.668000,23,178.26305555555564,0 days 00:00:30.947000,11677.0,258.0,6,100.0,False,0,car,1863.0749999999998,0.440955103914946,OnTrack,8129.1523277901215,1368.8717143737929,553.9639687206477
2026-08-21 14:41:20.267,0 days 00:24:57.882000,23,174.99360915555508,0 days 00:00:31.161000,11702.985729828571,258.7642861714286,6,100.0,False,0,pos,1878.4523254513733,0.44459463004370864,OnTrack,8052.0,1235.0,552.0
2026-08-21 14:41:20.333,0 days 00:24:57.948000,23,173.98527777777713,0 days 00:00:31.227000,11711.0,259.0,6,100.0,False,0,car,1883.2194444444444,0.4457229181968772,OnTrack,8030.212355010466,1195.6700357172265,550.9098718058623
2026-08-21 14:41:20.426,0 days 00:24:58.041000,23,172.61611205333276,0 days 00:00:31.320000,11701.958339555556,259.5166663111111,6,100.0,False,0,pos,1889.9673538926759,0.4473200225066627,OnTrack,7998.0,1134.0,549.0
2026-08-21 14:41:20.693,0 days 00:24:58.308000,23,168.6852777777774,0 days 00:00:31.587000,11676.0,261.0,6,100.0,False,0,car,1909.3194444444443,0.4519003014005486,OnTrack,7873.703888705402,869.3802645582733,542.5421933871947
2026-08-21 14:41:20.726,0 days 00:24:58.341000,23,168.31860897777733,0 days 00:00:31.620000,11617.0121568,260.0718696,6,95.2562224,False,0,pos,1911.6709458254948,0.4524568579191199,OnTrack,7863.0,846.0,542.0
2026-08-21 14:41:21.006,0 days 00:24:58.621000,23,165.20749786666573,0 days 00:00:31.900000,11116.5121568,252.1968696,6,55.0062224,False,0,pos,1931.2378264378526,0.4570879736142549,OnTrack,7823.0,755.0,540.0
2026-08-21 14:41:21.013,0 days 00:24:58.628000,23,165.1297222222213,0 days 00:00:31.907000,11104.0,252.0,6,54.0,True,0,car,1931.7194444444444,0.4572019636136612,OnTrack,7821.810784875511,752.2028106468409,539.9441443361634
2026-08-21 14:41:21.266,0 days 00:24:58.881000,23,163.23222270222138,0 days 00:00:32.160000,10248.3180736,242.964288,6,5.207155200000003,True,0,pos,1948.7911931520694,0.46124252812415095,OnTrack,7752.0,595.0,537.0
2026-08-21 14:41:21.293,0 days 00:24:58.908000,23,163.02972222222138,0 days 00:00:32.187000,10157.0,242.0,6,0.0,True,0,car,1950.5416666666665,0.4616568325566239,OnTrack,7741.390628243725,573.1375985747259,536.6382917523842
2026-08-21 14:41:21.493,0 days 00:24:59.108000,23,162.5852777777768,0 days 00:00:32.387000,11000.0,225.0,6,1.0,True,0,car,1963.0416666666667,0.4646153494166198,OnTrack,7655.473413969761,405.42403889878943,534.1150977526227
2026-08-21 14:41:21.506,0 days 00:24:59.121000,23,162.59249996444348,0 days 00:00:32.400000,11008.0437104,224.3500032,6,0.9187504,True,0,pos,1963.8356000548524,0.46480325864179267,OnTrack,7651.0,397.0,534.0
2026-08-21 14:41:21.653,0 days 00:24:59.268000,23,162.67416666666577,0 days 00:00:32.547000,11099.0,217.0,5,0.0,True,0,car,1972.686111111111,0.46689800953615435,OnTrack,7614.78668966827,331.7412630145173,533.2386210074194
2026-08-21 14:41:21.853,0 days 00:24:59.468000,23,163.2297222222212,0 days 00:00:32.747000,10839.0,210.0,5,0.0,True,0,car,1984.3527777777776,0.46965929193881717,OnTrack,7576.180361864139,288.2951438607873,532.3864304660854
2026-08-21 14:41:21.886,0 days 00:24:59.501000,23,163.22055550222123,0 days 00:00:32.780000,10802.6997888,209.33999616,5,1.98001152,True,0,pos,1986.2548698549053,0.4701094816571729,OnTrack,7565.0,278.0,532.0
2026-08-21 14:41:22.053,0 days 00:24:59.668000,23,163.17416666666577,0 days 00:00:32.947000,10619.0,206.0,5,12.0,False,0,car,1995.7972222222222,0.4723679784861912,OnTrack,7486.495150998321,210.70810058962593,528.9484290990525
2026-08-21 14:41:22.166,0 days 00:24:59.781000,23,162.57777676444366,0 days 00:00:33.060000,10517.770661333334,203.64582933333332,5,19.062511999999998,False,0,pos,2002.1527857234703,0.47387222182804856,OnTrack,7429.0,168.0,527.0
2026-08-21 14:41:22.293,0 days 00:24:59.908000,23,161.90749999999935,0 days 00:00:33.187000,10404.0,201.0,5,27.0,False,0,car,2009.1972222222219,0.47553950856010674,OnTrack,7372.010302809552,135.15846505920538,525.7563836194252
2026-08-21 14:41:22.546,0 days 00:25:00.161000,23,158.74500079999922,0 days 00:00:33.440000,10380.281256,197.8375008,5,45.9749952,False,0,pos,2022.9293268421482,0.47878964160340914,OnTrack,7251.0,100.0,525.0
2026-08-21 14:41:22.773,0 days 00:25:00.388000,23,155.90749999999912,0 days 00:00:33.667000,10359.0,195.0,5,63.0,False,0,car,2035.197222222222,0.4816932236288982,OnTrack,7094.5165170655155,73.9490706209979,524.0577355958833
2026-08-21 14:41:22.786,0 days 00:25:00.401000,23,155.67277893333247,0 days 00:00:33.680000,10369.436059733333,195.1083328,5,64.33610453333333,False,0,pos,2035.9057450153018,0.48186091775921963,OnTrack,7087.0,73.0,524.0
2026-08-21 14:41:23.046,0 days 00:25:00.661000,23,150.97832986666594,0 days 00:00:33.940000,10578.158487466666,197.2750016,5,91.05835306666667,False,0,pos,2050.196027106236,0.48524316099922987,OnTrack,6975.0,67.0,523.0
2026-08-21 14:41:23.133,0 days 00:25:00.748000,23,149.40749999999935,0 days 00:00:34.027000,10648.0,198.0,5,100.0,False,0,car,2054.9972222222223,0.4863795143351317,OnTrack,6930.9845373800545,66.90440314676694,522.906234481102
2026-08-21 14:41:23.326,0 days 00:25:00.941000,23,145.6011073244439,0 days 00:00:34.220000,10608.43496064,198.96500096,5,100.0,False,0,pos,2065.664356802296,0.48890422613537127,OnTrack,6819.0,69.0,523.0
2026-08-21 14:41:23.333,0 days 00:25:00.948000,23,145.463055555555,0 days 00:00:34.227000,10607.0,199.0,5,100.0,False,0,car,2066.0527777777775,0.48899615813575026,OnTrack,6814.998186682359,69.17575149362536,523.001883334647
2026-08-21 14:41:23.526,0 days 00:25:01.141000,23,141.22777356444365,0 days 00:00:34.420000,10654.28504704,200.93000192,5,100.0,False,0,pos,2076.825826175023,0.4915459377610944,OnTrack,6707.0,77.0,523.0
2026-08-21 14:41:23.533,0 days 00:25:01.148000,23,141.07416666666586,0 days 00:00:34.427000,10656.0,201.0,5,100.0,False,0,car,2077.2194444444444,0.4916390998640133,OnTrack,6703.107361305407,77.39802341288485,522.999514528239
2026-08-21 14:41:23.693,0 days 00:25:01.308000,23,137.34083333333228,0 days 00:00:34.587000,10765.0,204.0,5,100.0,False,0,car,2086.2861111111115,0.4937850107597971,OnTrack,6614.078897969588,88.72294027596641,522.9932192552143
2026-08-21 14:41:23.826,0 days 00:25:01.441000,23,133.7572239466655,0 days 00:00:34.720000,10817.830530133333,205.84722133333332,5,100.0,False,0,pos,2093.956052673716,0.49560034287404897,OnTrack,6539.0,101.0,523.0
2026-08-21 14:41:24.006,0 days 00:25:01.621000,23,128.90721704888762,0 days 00:00:34.900000,10889.330631822222,208.3472248888889,5,100.0,False,0,pos,2104.454673474075,0.4980851706056142,OnTrack,6437.0,121.0,523.0
2026-08-21 14:41:24.053,0 days 00:25:01.668000,23,127.64083333333201,0 days 00:00:34.947000,10908.0,209.0,5,100.0,False,0,car,2107.1861111111116,0.49873165094971017,OnTrack,6412.288916818977,126.58879867973067,522.9703026095578
2026-08-21 14:41:24.186,0 days 00:25:01.801000,23,123.90944623999876,0 days 00:00:35.080000,10994.924958171428,209.0,5,100.0,False,0,pos,2114.8872263098224,0.5005543612822027,OnTrack,6336.0,147.0,523.0
2026-08-21 14:41:24.333,0 days 00:25:01.948000,23,119.78527777777663,0 days 00:00:35.227000,11091.0,209.0,5,100.0,False,0,car,2123.4416666666666,0.502579037764087,OnTrack,6209.470130379146,187.63989783649987,523.7648617197218
2026-08-21 14:41:24.386,0 days 00:25:02.001000,23,118.21000221826382,0 days 00:00:35.280000,11097.313470733348,209.49843190000112,5,99.66771206666591,False,0,pos,2126.5626954322884,0.5033177270619769,OnTrack,6170.0,201.0,524.0
2026-08-21 14:41:24.652,0 days 00:25:02.267000,23,110.30388888888774,0 days 00:00:35.546000,11129.0,212.0,5,98.0,True,0,car,2142.2272222222223,0.507025228390927,OnTrack,6073.371553952832,239.91512671680488,524.0257419621666
2026-08-21 14:41:24.687,0 days 00:25:02.302000,23,109.44833161721,0 days 00:00:35.581000,10982.600814377984,210.44875035102498,5,88.49859590002808,True,0,pos,2144.220263196395,0.5074969440169071,OnTrack,6061.0,246.0,524.0
2026-08-21 14:41:25.013,0 days 00:25:02.628000,23,101.47944444444329,0 days 00:00:35.907000,9619.0,196.0,5,0.0,True,0,car,2161.8816666666667,0.5116770688119463,OnTrack,5901.454050259571,330.9972945278296,523.9987952555058
2026-08-21 14:41:25.027,0 days 00:25:02.642000,23,101.21110865777665,0 days 00:00:35.921000,9608.00989952,194.87998976,5,0.0,True,0,pos,2162.6076333915776,0.5118488915955819,OnTrack,5895.0,335.0,524.0
2026-08-21 14:41:25.107,0 days 00:25:02.722000,23,99.67777532444343,0 days 00:00:36.001000,9545.20989952,188.47998976,5,0.0,True,0,pos,2166.706886000167,0.5128191082320533,OnTrack,5860.0,358.0,524.0
2026-08-21 14:41:25.213,0 days 00:25:02.828000,23,97.64611111111026,0 days 00:00:36.107000,9462.0,180.0,5,0.0,True,0,car,2171.8816666666667,0.514043882299943,OnTrack,5814.847625245068,390.3525287363978,523.962043979132
2026-08-21 14:41:25.447,0 days 00:25:03.062000,23,95.6311100088881,0 days 00:00:36.341000,9521.150032355556,160.49998933333333,5,0.0,True,0,pos,2181.8283873407595,0.5163980855652208,OnTrack,5720.0,469.0,524.0
2026-08-21 14:41:25.573,0 days 00:25:03.188000,23,94.54611111111035,0 days 00:00:36.467000,9553.0,150.0,4,0.0,True,0,car,2186.8816666666667,0.517594102531938,OnTrack,5673.768405083065,514.2379107944031,524.3553496239527
2026-08-21 14:41:25.827,0 days 00:25:03.442000,23,93.27611047111027,0 days 00:00:36.721000,10089.121698742858,144.55714011428572,4,0.0,True,0,pos,2197.07507625262,0.5200066924616088,OnTrack,5598.0,600.0,525.0
2026-08-21 14:41:25.853,0 days 00:25:03.468000,23,93.14611111111026,0 days 00:00:36.747000,10144.0,144.0,3,0.0,True,0,car,2198.081666666667,0.5202449336384944,OnTrack,5592.333901979005,607.0665410055663,524.9653236052703
2026-08-21 14:41:26.227,0 days 00:25:03.842000,23,93.97722250666605,0 days 00:00:37.121000,10800.37022464,130.90999552,3,0.0,True,0,pos,2211.6190099601213,0.5234489703083532,OnTrack,5542.0,694.0,523.0
2026-08-21 14:41:26.253,0 days 00:25:03.868000,23,94.0349999999994,0 days 00:00:37.147000,10846.0,130.0,3,0.0,True,0,car,2212.5261111111113,0.5236636642322674,OnTrack,5538.822579968776,702.2161305976998,522.8717728940923
2026-08-21 14:41:26.453,0 days 00:25:04.068000,23,94.97944444444374,0 days 00:00:37.347000,11160.0,124.0,2,0.0,True,0,car,2219.4150000000004,0.5252941357462207,OnTrack,5514.919748986852,776.1310476299913,522.1183384024235
2026-08-21 14:41:26.507,0 days 00:25:04.122000,23,95.42944551111042,0 days 00:00:37.401000,11046.149730133333,123.09999786666667,2,0.0,True,0,pos,2221.239939935768,0.5257260649916966,OnTrack,5511.0,795.0,522.0
2026-08-21 14:41:26.693,0 days 00:25:04.308000,23,96.97944444444374,0 days 00:00:37.587000,10654.0,120.0,2,0.0,True,0,car,2227.4150000000004,0.5271875865366181,OnTrack,5509.145600852624,850.2282606362984,521.8899816274421
2026-08-21 14:41:26.853,0 days 00:25:04.468000,23,98.75722222222157,0 days 00:00:37.747000,10367.0,117.0,2,0.0,False,0,car,2232.6150000000002,0.5284183295503764,OnTrack,5518.997387827259,891.2179047008445,521.9846191714283
2026-08-21 14:41:26.887,0 days 00:25:04.502000,23,99.45611374222156,0 days 00:00:37.781000,10374.038026496,116.795999232,2,1.7000064,False,0,pos,2233.704897552939,0.5286762879732594,OnTrack,5522.0,900.0,522.0
2026-08-21 14:41:27.786,0 days 00:25:05.401000,23,117.93555423999902,0 days 00:00:38.680000,10560.130986752,111.402000384,2,46.6499968,False,0,pos,2261.333092435984,0.5352153664030784,OnTrack,5688.0,1124.0,522.0
2026-08-21 14:41:27.853,0 days 00:25:05.468000,23,119.31277777777677,0 days 00:00:38.747000,10574.0,111.0,2,50.0,False,0,car,2263.4483333333337,0.5357160044716995,OnTrack,5702.1737668214255,1137.1209513178333,522.0020005144157
2026-08-21 14:41:28.026,0 days 00:25:05.641000,23,122.58055434666556,0 days 00:00:38.920000,10839.4467768,113.703124,2,53.7843736,False,0,pos,2268.990988708787,0.5370278476218936,OnTrack,5745.0,1172.0,522.0
2026-08-21 14:41:28.173,0 days 00:25:05.788000,23,125.35722222222103,0 days 00:00:39.067000,11065.0,116.0,2,57.0,False,0,car,2273.759444444445,0.5381564521571006,OnTrack,5800.667427353224,1210.574041857423,521.959766795553
2026-08-21 14:41:28.266,0 days 00:25:05.881000,23,126.75222126222081,0 days 00:00:39.160000,11227.749888,117.1624992,2,58.7437488,False,0,pos,2276.791191956895,0.5388740102475675,OnTrack,5837.0,1234.0,522.0
2026-08-21 14:41:28.333,0 days 00:25:05.948000,23,127.75722222222066,0 days 00:00:39.227000,11345.0,118.0,2,60.0,False,0,car,2279.0038888888894,0.5393977143419167,OnTrack,5860.80549943703,1248.521709439041,522.0895746930858
2026-08-21 14:41:28.573,0 days 00:25:06.188000,23,130.42388888888718,0 days 00:00:39.467000,11714.0,123.0,2,63.0,False,0,car,2287.2038888888897,0.5413385014020741,OnTrack,5931.190781931332,1285.711789199585,522.7462060280028
2026-08-21 14:41:28.706,0 days 00:25:06.321000,23,131.42138840888728,0 days 00:00:39.600000,11820.9541152,125.770832,2,65.770832,False,0,pos,2291.857380743145,0.5424398961307675,OnTrack,5966.0,1302.0,523.0
2026-08-21 14:41:28.813,0 days 00:25:06.428000,23,132.22388888888736,0 days 00:00:39.707000,11907.0,128.0,2,68.0,False,0,car,2295.737222222223,0.5433581822451645,OnTrack,5993.073295766722,1314.072731399159,523.0756212199698
2026-08-21 14:41:29.066,0 days 00:25:06.681000,23,131.87250008888725,0 days 00:00:39.960000,11472.300109963637,137.19999767272728,2,73.74999854545455,False,0,pos,2305.6483218545272,0.5457039546742262,OnTrack,6063.0,1342.0,523.0
2026-08-21 14:41:29.206,0 days 00:25:06.821000,23,131.67805528888718,0 days 00:00:40.100000,11231.754215563637,142.29091607272727,2,76.93182254545455,False,0,pos,2311.394698941622,0.5470640149539113,OnTrack,6115.0,1360.0,523.0
2026-08-21 14:41:29.253,0 days 00:25:06.868000,23,131.61277777777605,0 days 00:00:40.147000,11151.0,144.0,3,78.0,False,0,car,2313.337222222223,0.5475237739840387,OnTrack,6135.3535470975485,1366.3264714426618,523.0010315043696
2026-08-21 14:41:29.413,0 days 00:25:07.028000,23,130.99055555555378,0 days 00:00:40.307000,11425.0,150.0,3,89.0,False,0,car,2320.00388888889,0.5491016496427032,OnTrack,6210.640251043663,1387.5480664358372,523.0005967902099
2026-08-21 14:41:29.506,0 days 00:25:07.121000,23,130.448055928887,0 days 00:00:40.400000,11651.91984384,151.39499904,3,94.11499648,False,0,pos,2323.9250242598705,0.550029709251133,OnTrack,6233.0,1394.0,523.0
2026-08-21 14:41:29.613,0 days 00:25:07.228000,23,129.8238888888868,0 days 00:00:40.507000,11913.0,153.0,3,100.0,False,0,car,2328.50388888889,0.5511134411075005,OnTrack,6229.86001923272,1394.0011260546557,522.999914824699
2026-08-21 14:41:29.706,0 days 00:25:07.321000,23,128.997222791109,0 days 00:00:40.600000,11793.49508224,156.25499776,3,100.0,False,0,pos,2332.5656722084186,0.5520747894620985,OnTrack,6234.0,1395.0,523.0
2026-08-21 14:41:29.813,0 days 00:25:07.428000,23,128.04611111110898,0 days 00:00:40.707000,11656.0,160.0,3,100.0,False,0,car,2337.392777777779,0.5532172753190532,OnTrack,6277.538891543293,1404.4862021207032,522.9999359117592
2026-08-21 14:41:29.866,0 days 00:25:07.481000,23,127.2952786844423,0 days 00:00:40.760000,11441.3502592,162.87082986666667,3,100.0,False,0,pos,2339.8714171980087,0.5538039230402212,OnTrack,6304.0,1410.0,523.0
2026-08-21 14:41:30.053,0 days 00:25:07.668000,23,124.6461111111089,0 days 00:00:40.947000,10684.0,173.0,4,100.0,False,0,car,2348.9261111111123,0.5559470002085427,OnTrack,6389.906620365806,1425.6817615210045,523.000454505798
2026-08-21 14:41:30.086,0 days 00:25:07.701000,23,124.10527463110895,0 days 00:00:40.980000,10752.64039936,173.49500288,4,100.0,False,0,pos,2350.5293960397516,0.5563264678479632,OnTrack,6405.0,1428.0,523.0
2026-08-21 14:41:30.206,0 days 00:25:07.821000,23,122.13860796444254,0 days 00:00:41.100000,11002.24039936,175.29500288,4,100.0,False,0,pos,2356.3727081115917,0.5577094708305836,OnTrack,6463.0,1436.0,523.0
2026-08-21 14:41:30.253,0 days 00:25:07.868000,23,121.36833333333152,0 days 00:00:41.147000,11100.0,176.0,4,100.0,False,0,car,2358.7038888888897,0.5582612178412505,OnTrack,6489.507652608781,1439.626082664864,523.0058052727921
2026-08-21 14:41:30.546,0 days 00:25:08.161000,23,115.2641679999982,0 days 00:00:41.440000,11256.266632533334,182.10416533333333,4,72.531256,False,0,pos,2373.90586054864,0.5618592409980946,OnTrack,6673.0,1466.0,523.0
2026-08-21 14:41:30.733,0 days 00:25:08.348000,23,111.36833333333152,0 days 00:00:41.627000,11356.0,186.0,4,55.0,True,0,car,2383.50388888889,0.5641309152914824,OnTrack,6737.897342558117,1477.601849914146,522.7990515485008
2026-08-21 14:41:30.806,0 days 00:25:08.421000,23,110.1111078044426,0 days 00:00:41.700000,11138.326700218182,183.17953803636362,4,45.874976000000004,True,0,pos,2387.1197374340763,0.5649867192022126,OnTrack,6764.0,1483.0,523.0
2026-08-21 14:41:31.066,0 days 00:25:08.681000,23,105.63333443555356,0 days 00:00:41.960000,10363.05473629091,173.1340933818182,4,13.375008000000001,True,0,pos,2399.39418542469,0.5678918521084023,OnTrack,6889.0,1511.0,525.0
2026-08-21 14:41:31.173,0 days 00:25:08.788000,23,103.79055555555351,0 days 00:00:42.067000,10044.0,169.0,4,0.0,True,0,car,2404.1594444444454,0.5690197000405778,OnTrack,6941.957501107138,1524.7903956314858,525.1791943666685
2026-08-21 14:41:31.367,0 days 00:25:08.982000,23,101.36555395555351,0 days 00:00:42.261000,10172.178656,157.2214208,4,0.0,True,0,pos,2412.390090954437,0.5709677405580559,OnTrack,7037.0,1554.0,525.0
2026-08-21 14:41:31.453,0 days 00:25:09.068000,23,100.29055555555351,0 days 00:00:42.347000,10229.0,152.0,4,0.0,True,0,car,2415.9816666666675,0.5718177995419428,OnTrack,7080.101101832299,1569.636457477743,525.3067421587795
2026-08-21 14:41:31.727,0 days 00:25:09.342000,23,97.39833198221999,0 days 00:00:42.621000,10320.007185371429,149.06428434285715,4,0.0,True,0,pos,2427.3309994480214,0.57450397493261,OnTrack,7203.0,1621.0,527.0
2026-08-21 14:41:31.733,0 days 00:25:09.348000,23,97.33499999999776,0 days 00:00:42.627000,10322.0,149.0,3,0.0,True,0,car,2427.5705555555564,0.5745606733952545,OnTrack,7204.905148715311,1621.8711781538675,527.0200543943872
2026-08-21 14:41:31.893,0 days 00:25:09.508000,23,96.1794444444422,0 days 00:00:42.787000,10020.0,140.0,3,0.0,True,0,car,2433.7927777777786,0.5760333573433414,OnTrack,7241.5150216517995,1640.1786376810537,527.1900898127727
2026-08-21 14:41:32.067,0 days 00:25:09.682000,23,95.45444391110887,0 days 00:00:42.961000,9751.749802666667,136.37499733333334,3,0.0,True,0,pos,2440.358734395377,0.5775873968117545,OnTrack,7275.0,1663.0,527.0
2026-08-21 14:41:32.133,0 days 00:25:09.748000,23,95.1794444444422,0 days 00:00:43.027000,9650.0,135.0,3,0.0,False,0,car,2442.7927777777786,0.5781634894825384,OnTrack,7292.785816856488,1676.218505668963,526.9421864600523
2026-08-21 14:41:32.247,0 days 00:25:09.862000,23,95.2111111466644,0 days 00:00:43.141000,9464.116457955555,132.78333084444444,3,0.0,False,0,pos,2446.9163089841672,0.579139452410284,OnTrack,7326.0,1703.0,527.0
2026-08-21 14:41:32.467,0 days 00:25:10.082000,23,95.27222225777544,0 days 00:00:43.361000,9105.394235733333,128.50555306666666,3,0.0,False,0,pos,2454.677680923023,0.5809764243893084,OnTrack,7378.0,1759.0,528.0
2026-08-21 14:41:32.493,0 days 00:25:10.108000,23,95.2794444444421,0 days 00:00:43.387000,9063.0,128.0,3,0.0,False,0,car,2455.592777777779,0.5811930107471742,OnTrack,7383.343262182033,1766.1935217374494,528.0611746054869
2026-08-21 14:41:32.693,0 days 00:25:10.308000,23,95.61277777777559,0 days 00:00:43.587000,8836.0,126.0,3,0.0,False,0,car,2462.592777777779,0.5828497801887719,OnTrack,7418.95710426008,1825.642608935429,528.0056302088268
2026-08-21 14:41:32.707,0 days 00:25:10.322000,23,95.70611196444226,0 days 00:00:43.601000,8825.199901257143,125.69999725714285,3,0.0,False,0,pos,2463.073930729509,0.5829636601183663,OnTrack,7421.0,1830.0,528.0
2026-08-21 14:41:32.867,0 days 00:25:10.482000,23,96.772778631109,0 days 00:00:43.761000,8701.77132982857,122.27142582857142,3,0.0,False,0,pos,2468.465449231438,0.5842397319894814,OnTrack,7440.0,1881.0,528.0
2026-08-21 14:41:32.973,0 days 00:25:10.588000,23,97.47944444444238,0 days 00:00:43.867000,8620.0,120.0,3,0.0,False,0,car,2471.926111111112,0.5850588061109021,OnTrack,7448.593719371972,1915.0094346578196,527.973791258243
2026-08-21 14:41:33.027,0 days 00:25:10.642000,23,98.199446151109,0 days 00:00:43.921000,8569.64488064,118.91999744,3,1.3500032,False,0,pos,2473.6545246810842,0.5854678893659268,OnTrack,7452.0,1932.0,528.0
2026-08-21 14:41:33.373,0 days 00:25:10.988000,23,102.81277777777541,0 days 00:00:44.267000,8247.0,112.0,3,10.0,False,0,car,2484.3705555555566,0.5880041740070758,OnTrack,7457.746163758398,2041.4664778497583,528.951445383036
2026-08-21 14:41:33.407,0 days 00:25:11.022000,23,103.36055761777536,0 days 00:00:44.301000,8273.5626,112.0,3,14.6750176,False,0,pos,2485.4247091883717,0.5882536725107326,OnTrack,7456.0,2055.0,529.0
2026-08-21 14:41:33.533,0 days 00:25:11.148000,23,105.39055555555296,0 days 00:00:44.427000,8372.0,112.0,3,32.0,False,0,car,2489.3483333333343,0.5891823211655453,OnTrack,7445.502306005777,2110.9645686158296,529.0240631122057
2026-08-21 14:41:33.606,0 days 00:25:11.221000,23,106.72889240888641,0 days 00:00:44.500000,8390.250048,112.36500096,3,35.6500096,False,0,pos,2491.632990180626,0.5897230568297067,OnTrack,7439.0,2140.0,529.0
2026-08-21 14:41:33.733,0 days 00:25:11.348000,23,109.05722222221993,0 days 00:00:44.627000,8422.0,113.0,3,42.0,False,0,car,2495.626111111112,0.5906681540774543,OnTrack,7429.9564807074275,2175.4179936523246,528.9816457795782
2026-08-21 14:41:33.966,0 days 00:25:11.581000,23,113.9113928888866,0 days 00:00:44.860000,8680.241879466666,113.97083413333333,3,44.9125024,False,0,pos,2503.0036644913116,0.5924142833623215,OnTrack,7408.0,2223.0,529.0
2026-08-21 14:41:33.973,0 days 00:25:11.588000,23,114.05722222221993,0 days 00:00:44.867000,8688.0,114.0,3,45.0,False,0,car,2503.226111111112,0.5924669323283318,OnTrack,7406.857289546742,2225.029235093166,529.0008452320678
2026-08-21 14:41:34.173,0 days 00:25:11.788000,23,118.61277777777559,0 days 00:00:45.067000,8891.0,115.0,3,50.0,False,0,car,2509.615000000001,0.5939790631678853,OnTrack,7364.51948813044,2294.902033885742,529.0164583469362
2026-08-21 14:41:34.226,0 days 00:25:11.841000,23,119.8936095644423,0 days 00:00:45.120000,8928.0999552,115.79499904,3,50.52999936,False,0,pos,2511.3304344055928,0.594385074496778,OnTrack,7354.0,2311.0,529.0
2026-08-21 14:41:34.373,0 days 00:25:11.988000,23,123.44611111110908,0 days 00:00:45.267000,9031.0,118.0,3,52.0,False,0,car,2516.170555555557,0.5955306408989054,OnTrack,7330.868606093276,2342.9775425673656,528.8882377553607
2026-08-21 14:41:34.566,0 days 00:25:12.181000,23,128.37833823999787,0 days 00:00:45.460000,9272.25024,121.6187536,3,56.02083733333333,False,0,pos,2522.8062490658795,0.5971011857891497,OnTrack,7292.0,2379.0,529.0
2026-08-21 14:41:34.806,0 days 00:25:12.421000,23,134.51167157333109,0 days 00:00:45.700000,9572.25024,126.1187536,3,61.02083733333333,False,0,pos,2531.401093610556,0.5991354251887072,OnTrack,7197.0,2449.0,530.0
2026-08-21 14:41:34.853,0 days 00:25:12.468000,23,135.7127777777755,0 days 00:00:45.747000,9631.0,127.0,3,62.0,False,0,car,2533.10388888889,0.5995384450719131,OnTrack,7178.717209353053,2460.0819838669686,530.091133437249
2026-08-21 14:41:35.173,0 days 00:25:12.788000,23,144.42388888888672,0 days 00:00:46.067000,10129.0,133.0,3,68.0,False,0,car,2544.9261111111123,0.6023365445732781,OnTrack,7058.90086331091,2506.4143187430745,529.9735772718484
2026-08-21 14:41:35.186,0 days 00:25:12.801000,23,144.77416494222007,0 days 00:00:46.080000,10161.778410057143,133.37142674285715,3,68.23214171428572,False,0,pos,2545.421141407344,0.6024537090114869,OnTrack,7053.0,2508.0,530.0
2026-08-21 14:41:35.453,0 days 00:25:13.068000,23,151.96833333333143,0 days 00:00:46.347000,10835.0,141.0,3,73.0,False,0,car,2555.892777777779,0.6049321500317811,OnTrack,6909.454231725138,2539.8084788953906,531.3628379868627
2026-08-21 14:41:35.606,0 days 00:25:13.221000,23,155.9208382933315,0 days 00:00:46.500000,11217.50048,145.25000533333332,3,76.40000426666667,False,0,pos,2562.15733063081,0.6064148528506633,OnTrack,6840.0,2553.0,532.0
2026-08-21 14:41:35.813,0 days 00:25:13.428000,23,161.2683333333316,0 days 00:00:46.707000,11735.0,151.0,3,81.0,False,0,car,2570.992777777779,0.6085060383986561,OnTrack,6783.309808267201,2562.0732296720435,532.0525864126506
2026-08-21 14:41:35.906,0 days 00:25:13.521000,23,163.2833319466649,0 days 00:00:46.800000,11553.41762496,154.4874976,3,85.41749696,False,0,pos,2575.122409708055,0.6094834452539601,OnTrack,6754.0,2566.0,532.0
2026-08-21 14:41:36.126,0 days 00:25:13.741000,23,168.05000415999817,0 days 00:00:47.020000,11123.86712512,162.7375072,3,95.86750912,False,0,pos,2585.28009249467,0.6118875793165754,OnTrack,6655.0,2579.0,532.0
2026-08-21 14:41:36.213,0 days 00:25:13.828000,23,169.93499999999813,0 days 00:00:47.107000,10954.0,166.0,4,100.0,False,0,car,2589.437222222223,0.6128714943876279,OnTrack,6613.745183538329,2584.6696829819507,532.0070122279487
2026-08-21 14:41:36.326,0 days 00:25:13.941000,23,172.06944807110932,0 days 00:00:47.220000,11232.969224,173.062512,4,100.0,False,0,pos,2594.948553112551,0.6141759236164318,OnTrack,6561.0,2592.0,532.0
2026-08-21 14:41:36.373,0 days 00:25:13.988000,23,172.95722222222048,0 days 00:00:47.267000,11349.0,176.0,4,100.0,False,0,car,2597.2594444444458,0.6147228684937942,OnTrack,6539.510369478443,2594.9274609290374,531.9866231041975
2026-08-21 14:41:36.533,0 days 00:25:14.148000,23,175.80166666666491,0 days 00:00:47.427000,11564.0,180.0,4,100.0,False,0,car,2605.2594444444458,0.6166163192841916,OnTrack,6459.248224459669,2605.066452605523,531.984831375145
2026-08-21 14:41:36.546,0 days 00:25:14.161000,23,176.06527647999823,0 days 00:00:47.440000,11526.0564368,180.8531208,4,100.0,False,0,pos,2605.9386722713275,0.6167770798424003,OnTrack,6451.0,2606.0,532.0
2026-08-21 14:41:36.853,0 days 00:25:14.468000,23,182.2905555555535,0 days 00:00:47.747000,10630.0,201.0,5,100.0,False,0,car,2623.1261111111126,0.6208450260494124,OnTrack,6210.741417346868,2630.2467032978166,532.9550089112989
2026-08-21 14:41:36.866,0 days 00:25:14.481000,23,182.55416536888686,0 days 00:00:47.760000,10648.58990848,201.19499904,5,100.0,False,0,pos,2623.8616278892955,0.6210191091525376,OnTrack,6203.0,2631.0,533.0
2026-08-21 14:41:37.053,0 days 00:25:14.668000,23,186.34611111110917,0 days 00:00:47.947000,10916.0,204.0,5,100.0,False,0,car,2634.459444444446,0.6235274146691421,OnTrack,6133.164463853867,2637.724215853879,533.5946501824924
2026-08-21 14:41:37.286,0 days 00:25:14.901000,23,190.35889219555378,0 days 00:00:48.180000,11495.264366222222,212.41389582222223,5,100.0,False,0,pos,2648.34463574667,0.6268137804748939,OnTrack,6040.0,2640.0,534.0
2026-08-21 14:41:37.413,0 days 00:25:15.028000,23,192.54611111110944,0 days 00:00:48.307000,11811.0,217.0,5,100.0,False,0,car,2656.159444444446,0.6286633999380948,OnTrack,5925.753472652478,2640.9446757287974,533.9734765590468
2026-08-21 14:41:37.466,0 days 00:25:15.081000,23,193.3558323555539,0 days 00:00:48.360000,11635.721640228572,218.89285485714285,5,100.0,False,0,pos,2659.4560408020393,0.6294436428104581,OnTrack,5882.0,2641.0,534.0
2026-08-21 14:41:37.693,0 days 00:25:15.308000,23,196.82388888888727,0 days 00:00:48.587000,10885.0,227.0,5,100.0,False,0,car,2673.8150000000014,0.6328421406407913,OnTrack,5774.897564618327,2637.960423335987,534.6705323789099
2026-08-21 14:41:37.766,0 days 00:25:15.381000,23,197.77694638105646,0 days 00:00:48.660000,10915.473582171564,229.046733130926,5,100.0,False,0,pos,2678.5180345790745,0.6339552612084177,OnTrack,5742.0,2636.0,535.0
2026-08-21 14:41:37.967,0 days 00:25:15.582000,23,200.40111064257414,0 days 00:00:48.861000,10999.380047324084,234.68224198445338,5,100.0,False,0,pos,2691.7088210709117,0.6370772743470342,OnTrack,5612.0,2627.0,536.0
2026-08-21 14:41:38.014,0 days 00:25:15.629000,23,201.01472222222083,0 days 00:00:48.908000,11019.0,236.0,6,100.0,False,0,car,2694.8583333333345,0.6378227051573656,OnTrack,5569.258166308142,2623.183133429886,536.196166261194
2026-08-21 14:41:38.253,0 days 00:25:15.868000,23,203.53749999999854,0 days 00:00:49.147000,11262.0,246.0,6,100.0,False,0,car,2711.190000000001,0.6416881060521789,OnTrack,5325.046909378709,2598.104057216384,536.9574997302078
2026-08-21 14:41:38.267,0 days 00:25:15.882000,23,203.67750127999858,0 days 00:00:49.161000,11276.875136,246.1750016,6,100.0,False,0,pos,2712.1511866020587,0.6419156009936021,OnTrack,5315.0,2597.0,537.0
2026-08-21 14:41:38.413,0 days 00:25:16.028000,23,205.1374999999989,0 days 00:00:49.307000,11432.0,248.0,6,100.0,False,0,car,2722.2122222222233,0.6442968604745041,OnTrack,5250.114338294572,2589.2699289033503,537.4505669148824
2026-08-21 14:41:38.573,0 days 00:25:16.188000,23,206.47083333333194,0 days 00:00:49.467000,11572.0,254.0,6,100.0,False,0,car,2733.501111111112,0.6469687299231759,OnTrack,5197.776815039078,2580.3389386601275,537.9555280243886
2026-08-21 14:41:38.587,0 days 00:25:16.202000,23,206.56805644444307,0 days 00:00:49.481000,11589.5439104,254.3062528,6,100.0,False,0,pos,2734.500629198751,0.6472052972123081,OnTrack,5190.0,2579.0,538.0
2026-08-21 14:41:38.893,0 days 00:25:16.508000,23,208.69305555555457,0 days 00:00:49.787000,11973.0,261.0,6,100.0,False,0,car,2756.701111111112,0.6524597372153282,OnTrack,4930.475001046732,2533.182724722834,538.9593289234604
2026-08-21 14:41:38.907,0 days 00:25:16.522000,23,208.6347216888879,0 days 00:00:49.801000,11918.166165333334,261.2333354666667,6,100.0,False,0,pos,2757.7261101982417,0.6527023353817883,OnTrack,4919.0,2531.0,539.0
2026-08-21 14:41:39.133,0 days 00:25:16.748000,23,207.69305555555457,0 days 00:00:50.027000,11033.0,265.0,6,100.0,False,0,car,2774.367777777779,0.6566411077107892,OnTrack,4765.910788098477,2498.794142923248,539.6015140902131
2026-08-21 14:41:39.367,0 days 00:25:16.982000,23,204.7030539199992,0 days 00:00:50.261000,10843.292753371428,269.17857371428573,6,100.0,False,0,pos,2791.881346782321,0.6607862428450804,OnTrack,4599.0,2456.0,541.0
2026-08-21 14:41:39.413,0 days 00:25:17.028000,23,204.115277777777,0 days 00:00:50.307000,10806.0,270.0,7,100.0,False,0,car,2795.367777777779,0.6616114160355823,OnTrack,4556.247567890368,2444.5436523065555,541.4772439620757
2026-08-21 14:41:39.653,0 days 00:25:17.268000,23,198.24861111111022,0 days 00:00:50.547000,10959.0,276.0,7,100.0,False,0,car,2813.7677777777785,0.6659663528534961,OnTrack,4314.367857157725,2378.110148527847,544.613085612938
2026-08-21 14:41:39.687,0 days 00:25:17.302000,23,197.33249655111018,0 days 00:00:50.581000,10972.26004992,276.34000128,7,100.0,False,0,pos,2816.3869880244088,0.6665862710674585,OnTrack,4289.0,2371.0,545.0
2026-08-21 14:41:39.853,0 days 00:25:17.468000,23,192.85972222222108,0 days 00:00:50.747000,11037.0,278.0,7,100.0,False,0,car,2829.2122222222233,0.6696217647960688,OnTrack,4210.910320912126,2348.4197715985924,546.5068523556489
2026-08-21 14:41:40.007,0 days 00:25:17.622000,23,187.6836068088878,0 days 00:00:50.901000,11115.2833984,279.9250016,7,100.0,False,0,pos,2841.2092498261154,0.6724612374709449,OnTrack,4155.0,2331.0,548.0
2026-08-21 14:41:40.093,0 days 00:25:17.708000,23,184.79305555555447,0 days 00:00:50.987000,11159.0,281.0,7,100.0,False,0,car,2847.945555555557,0.6740555953969161,OnTrack,4110.636242951001,2317.0954079253215,549.1323832253903
2026-08-21 14:41:40.366,0 days 00:25:17.981000,23,173.64554771555473,0 days 00:00:51.260000,11231.593232872727,282.86136494545457,7,100.0,False,0,pos,2869.4744877583944,0.6791510921089005,OnTrack,3877.0,2241.0,553.0
2026-08-21 14:41:40.533,0 days 00:25:18.148000,23,166.82638888888823,0 days 00:00:51.427000,11276.0,284.0,7,100.0,False,0,car,2882.6566666666677,0.6822710679930291,OnTrack,3650.427183767016,2163.596655997613,553.9808346240924
2026-08-21 14:41:40.546,0 days 00:25:18.161000,23,166.2702805155549,0 days 00:00:51.440000,11276.9749952,284.0,7,100.0,False,0,pos,2883.6810455153864,0.6825135193606258,OnTrack,3637.0,2159.0,554.0
2026-08-21 14:41:40.826,0 days 00:25:18.441000,23,154.29250273777706,0 days 00:00:51.720000,11297.9749952,284.0,7,100.0,False,0,pos,2905.7325999503273,0.6877327110074167,OnTrack,3520.0,2119.0,553.0
2026-08-21 14:41:40.893,0 days 00:25:18.508000,23,151.42638888888814,0 days 00:00:51.787000,11303.0,284.0,7,100.0,False,0,car,2911.0566666666678,0.6889928182989397,OnTrack,3489.2653149901125,2108.187458814502,552.8210531384825
2026-08-21 14:41:41.026,0 days 00:25:18.641000,23,145.5152806222213,0 days 00:00:51.920000,11322.1187408,287.3249984,7,100.0,False,0,pos,2921.696750639024,0.6915111277248587,OnTrack,3400.0,2076.0,552.0
2026-08-21 14:41:41.053,0 days 00:25:18.668000,23,144.31527777777683,0 days 00:00:51.947000,11326.0,288.0,7,100.0,False,0,car,2923.856666666668,0.6920223395635755,OnTrack,3376.3353083999186,2067.2557969158106,551.5782464856235
2026-08-21 14:41:41.293,0 days 00:25:18.908000,23,133.31527777777728,0 days 00:00:52.187000,11333.0,288.0,7,100.0,False,0,car,2943.0566666666673,0.6965666214605291,OnTrack,3108.427376026917,1966.0856897158528,544.781252980727
2026-08-21 14:41:41.366,0 days 00:25:18.981000,23,129.88832431999958,0 days 00:00:52.260000,11139.245323733334,287.3916650666667,7,69.58325333333333,False,0,pos,2948.980641291049,0.6979687157648826,OnTrack,3043.0,1941.0,543.0
2026-08-21 14:41:41.533,0 days 00:25:19.148000,23,122.04861111111086,0 days 00:00:52.427000,10696.0,286.0,7,0.0,True,0,car,2962.123333333334,0.7010793458443094,OnTrack,2951.567715645909,1905.1332307445919,540.5556096608245
2026-08-21 14:41:41.726,0 days 00:25:19.341000,23,119.47527521777752,0 days 00:00:52.620000,10650.001620906667,264.1266449066667,7,0.0,True,0,pos,2974.839934420602,0.7040891281417915,OnTrack,2894.0,1881.0,539.0
2026-08-21 14:41:42.733,0 days 00:25:20.348000,23,106.04861111111086,0 days 00:00:53.627000,10410.0,150.0,6,0.0,True,0,car,3012.123333333334,0.7129134132842929,OnTrack,2419.198779243797,1671.405914124904,525.1966557638508
2026-08-21 14:41:42.886,0 days 00:25:20.501000,23,104.34860897777742,0 days 00:00:53.780000,9912.749376,141.80356114285715,6,0.0,True,0,pos,3017.8797265610256,0.7142758441976442,OnTrack,2343.0,1634.0,524.0
2026-08-21 14:41:43.013,0 days 00:25:20.628000,23,102.93749999999955,0 days 00:00:53.907000,9500.0,135.0,4,0.0,True,0,car,3022.623333333334,0.7153985674466895,OnTrack,2281.378081766346,1602.7348696714646,523.3553634367626
2026-08-21 14:41:43.086,0 days 00:25:20.701000,23,102.24805374222184,0 days 00:00:53.980000,9879.079568457142,132.39285028571427,4,0.0,True,0,pos,3025.2406817323,0.7160180449960353,OnTrack,2249.0,1587.0,523.0
2026-08-21 14:41:43.293,0 days 00:25:20.908000,23,100.29305555555538,0 days 00:00:54.187000,10954.0,125.0,2,0.0,True,0,car,3032.345555555556,0.7176996361155751,OnTrack,2175.552138819433,1557.4250953954158,521.7166203954962
2026-08-21 14:41:43.453,0 days 00:25:21.068000,23,98.8708333333334,0 days 00:00:54.347000,10842.0,121.0,2,0.0,True,0,car,3037.723333333334,0.7189724558135645,OnTrack,2132.191279252981,1545.6739623891992,521.024474837389
2026-08-21 14:41:43.466,0 days 00:25:21.081000,23,98.75888944000006,0 days 00:00:54.360000,10824.0167552,120.85555626666667,2,0.0,True,0,pos,3038.15573713381,0.7190747977282874,OnTrack,2129.0,1545.0,521.0
2026-08-21 14:41:43.786,0 days 00:25:21.401000,23,96.00333388444459,0 days 00:00:54.680000,10381.350088533334,117.30000071111111,2,0.0,True,0,pos,3048.5660147954936,0.7215387162866336,OnTrack,2058.0,1543.0,521.0
2026-08-21 14:41:43.813,0 days 00:25:21.428000,23,95.77083333333348,0 days 00:00:54.707000,10344.0,117.0,2,0.0,False,0,car,3049.4233333333336,0.7217416275945205,OnTrack,2051.092236638643,1544.3628465351153,520.8781834196665
2026-08-21 14:41:43.986,0 days 00:25:21.601000,23,94.76166704000023,0 days 00:00:54.880000,10276.035739428571,113.91071542857144,2,12.974995199999999,False,0,pos,3054.838741270298,0.7230233536493418,OnTrack,2003.0,1560.0,520.0
2026-08-21 14:41:44.093,0 days 00:25:21.708000,23,94.13750000000027,0 days 00:00:54.987000,10234.0,112.0,2,21.0,False,0,car,3058.134444444445,0.7238033851218422,OnTrack,1973.7227528130904,1577.168382527956,520.5091132476824
2026-08-21 14:41:44.186,0 days 00:25:21.801000,23,93.72416695111131,0 days 00:00:55.080000,10293.8687088,110.8375008,2,32.624992,False,0,pos,3060.972269591135,0.7244750454052185,OnTrack,1950.0,1595.0,521.0
2026-08-21 14:41:44.253,0 days 00:25:21.868000,23,93.42638888888905,0 days 00:00:55.147000,10337.0,110.0,2,41.0,False,0,car,3063.0233333333335,0.7249604939381961,OnTrack,1934.4119394517584,1608.5505945609775,521.0090562384261
2026-08-21 14:41:44.413,0 days 00:25:22.028000,23,92.67083333333312,0 days 00:00:55.307000,10542.0,112.0,2,47.0,False,0,car,3068.0011111111116,0.7261386410966656,OnTrack,1896.9602189437153,1645.2517282028693,520.1095415591628
2026-08-21 14:41:44.427,0 days 00:25:22.042000,23,92.60472168092899,0 days 00:00:55.321000,10562.617084226467,112.20895693472771,2,47.2786092463036,False,0,pos,3068.4420734213554,0.726243008651024,OnTrack,1893.0,1649.0,520.0
2026-08-21 14:41:44.614,0 days 00:25:22.229000,23,91.72166666666635,0 days 00:00:55.508000,10838.0,115.0,2,51.0,False,0,car,3074.421944444445,0.7276583325904169,OnTrack,1828.8348328644179,1707.0578639542696,518.1650732789068
2026-08-21 14:41:44.727,0 days 00:25:22.342000,23,91.37638887662803,0 days 00:00:55.621000,10725.70845996246,116.41692795000053,2,32.93416863749335,False,0,pos,3078.129052643229,0.7285357359590514,OnTrack,1795.0,1736.0,517.0
2026-08-21 14:41:44.933,0 days 00:25:22.548000,23,90.74694444444413,0 days 00:00:55.827000,10521.0,119.0,2,0.0,True,0,car,3084.966666666667,0.7301540716686902,OnTrack,1760.7575383767403,1760.2744504565483,515.0929480882266
2026-08-21 14:41:45.027,0 days 00:25:22.642000,23,90.64249985777748,0 days 00:00:55.921000,10256.85964032,118.05999872,2,0.0,True,0,pos,3088.0521200981425,0.7308843409485104,OnTrack,1741.0,1769.0,514.0
2026-08-21 14:41:45.133,0 days 00:25:22.748000,23,90.52472222222195,0 days 00:00:56.027000,9959.0,117.0,2,0.0,True,0,car,3091.466666666667,0.7316925004358881,OnTrack,1708.2117318755577,1781.6663581487612,512.453126821194
2026-08-21 14:41:45.307,0 days 00:25:22.922000,23,90.95972254222184,0 days 00:00:56.201000,9799.292739657143,112.6499968,2,0.0,True,0,pos,3096.83541348523,0.7329631826742696,OnTrack,1640.0,1802.0,510.0
2026-08-21 14:41:45.413,0 days 00:25:23.028000,23,91.22472222222177,0 days 00:00:56.307000,9702.0,110.0,2,0.0,True,0,car,3100.022222222223,0.7337174408645075,OnTrack,1598.1633163768151,1808.0629370530332,509.26083151805517
2026-08-21 14:41:45.647,0 days 00:25:23.262000,23,93.17472328888844,0 days 00:00:56.541000,9427.699849955556,106.74999822222222,2,0.0,True,0,pos,3106.9379160315684,0.7353542566031891,OnTrack,1515.0,1809.0,509.0
2026-08-21 14:41:45.773,0 days 00:25:23.388000,23,94.22472222222177,0 days 00:00:56.667000,9280.0,105.0,2,0.0,False,0,car,3110.522222222223,0.7362025950269041,OnTrack,1483.778794251073,1807.185336050878,508.9659007505919
2026-08-21 14:41:46.147,0 days 00:25:23.762000,23,100.35416876444408,0 days 00:00:57.041000,8867.66485888,96.58499712,2,5.610001919999999,False,0,pos,3120.5079727521993,0.7385660359311158,OnTrack,1419.0,1788.0,509.0
2026-08-21 14:41:46.173,0 days 00:25:23.788000,23,100.78027777777743,0 days 00:00:57.067000,8839.0,96.0,2,6.0,False,0,car,3121.1888888888893,0.7387271960807672,OnTrack,1413.158935023159,1785.3493079344923,509.00306063926945
2026-08-21 14:41:46.287,0 days 00:25:23.902000,23,103.31361395555528,0 days 00:00:57.181000,8811.06996864,95.42999936,2,10.2750048,False,0,pos,3124.1706680089806,0.7394329275847331,OnTrack,1386.0,1772.0,509.0
2026-08-21 14:41:46.573,0 days 00:25:24.188000,23,109.66916666666657,0 days 00:00:57.467000,8741.0,94.0,2,21.0,False,0,car,3131.6333333333337,0.7411992012793415,OnTrack,1324.098017154124,1729.7830437849168,508.9611880462484
2026-08-21 14:41:46.587,0 days 00:25:24.202000,23,110.01139201777767,0 days 00:00:57.481000,8753.7751168,94.0,2,21.875008,False,0,pos,3131.998533127888,0.741285637259298,OnTrack,1321.0,1727.0,509.0
2026-08-21 14:41:46.787,0 days 00:25:24.402000,23,114.90028090666627,0 days 00:00:57.681000,8936.2751168,94.0,2,34.375008,False,0,pos,3137.21934588035,0.7425213062633812,OnTrack,1278.0,1682.0,510.0
2026-08-21 14:41:46.813,0 days 00:25:24.428000,23,115.5358333333329,0 days 00:00:57.707000,8960.0,94.0,2,36.0,False,0,car,3137.9000000000005,0.7426824043984861,OnTrack,1273.7184723457608,1676.7023274147534,510.1379607874976
2026-08-21 14:41:47.006,0 days 00:25:24.621000,23,120.68250511999928,0 days 00:00:57.900000,9222.48026112,94.96500096,2,43.72000768,False,0,pos,3142.9902705332634,0.7438871764940539,OnTrack,1251.0,1642.0,511.0
2026-08-21 14:41:47.013,0 days 00:25:24.628000,23,120.86916666666593,0 days 00:00:57.907000,9232.0,95.0,2,44.0,False,0,car,3143.1777777777784,0.7439315559615955,OnTrack,1250.2470655445015,1640.7029106427694,511.02189442268684
2026-08-21 14:41:47.253,0 days 00:25:24.868000,23,127.73583333333272,0 days 00:00:58.147000,9502.0,99.0,2,51.0,False,0,car,3149.7777777777783,0.7454936528636733,OnTrack,1224.7982026559903,1588.8570438800475,511.48349460121204
2026-08-21 14:41:47.346,0 days 00:25:24.961000,23,130.49999809777728,0 days 00:00:58.240000,9664.749888,100.99285577142857,2,52.99285577142857,False,0,pos,3152.443187456795,0.7461245056216065,OnTrack,1217.0,1556.0,512.0
2026-08-21 14:41:47.533,0 days 00:25:25.148000,23,136.05805555555526,0 days 00:00:58.427000,9992.0,105.0,2,57.0,False,0,car,3157.944444444445,0.7474265505455373,OnTrack,1206.868482253419,1468.6935550827563,513.7949385227295
2026-08-21 14:41:47.566,0 days 00:25:25.181000,23,137.04806131555523,0 days 00:00:58.460000,10036.2752576,105.5500032,2,57.2750016,False,0,pos,3158.924221204461,0.7476584454306203,OnTrack,1206.0,1457.0,514.0
2026-08-21 14:41:47.773,0 days 00:25:25.388000,23,143.25805555555507,0 days 00:00:58.667000,10314.0,109.0,2,59.0,False,0,car,3165.2111111111117,0.7491464350134815,OnTrack,1206.7969448416766,1422.7241313132533,514.0265260893902
2026-08-21 14:41:47.826,0 days 00:25:25.441000,23,144.75972040888848,0 days 00:00:58.720000,10575.55468416,111.38499712,2,61.6499968,False,0,pos,3166.907123954871,0.749547849620924,OnTrack,1208.0,1413.0,514.0
2026-08-21 14:41:47.973,0 days 00:25:25.588000,23,148.92472222222204,0 days 00:00:58.867000,11301.0,118.0,2,69.0,False,0,car,3171.766666666667,0.7506980127445015,OnTrack,1212.6014392364934,1370.0711744587088,514.2290792622139
2026-08-21 14:41:48.126,0 days 00:25:25.741000,23,153.42972787555533,0 days 00:00:59.020000,11536.450295466666,120.5500032,2,72.8250048,False,0,pos,3176.917456118254,0.7519171085392864,OnTrack,1219.0,1315.0,514.0
2026-08-21 14:41:48.246,0 days 00:25:25.861000,23,156.96306120888863,0 days 00:00:59.140000,11721.116962133334,122.5500032,2,75.8250048,False,0,pos,3181.0547567090916,0.7528963304235154,OnTrack,1225.0,1274.0,513.0
2026-08-21 14:41:48.333,0 days 00:25:25.948000,23,159.52472222222195,0 days 00:00:59.227000,11855.0,124.0,2,78.0,False,0,car,3184.166666666667,0.7536328614696175,OnTrack,1230.2765435347687,1241.130672039413,512.6096885347772
2026-08-21 14:41:48.606,0 days 00:25:26.221000,23,166.80472734222198,0 days 00:00:59.500000,10885.8493184,136.6750089142857,2,83.85000411428571,False,0,pos,3194.544741377631,0.7560891581901522,OnTrack,1249.0,1131.0,513.0
2026-08-21 14:41:48.613,0 days 00:25:26.228000,23,166.99138888888865,0 days 00:00:59.507000,10861.0,137.0,3,84.0,False,0,car,3194.8222222222225,0.7561548327307162,OnTrack,1249.411999507101,1128.535368569696,513.0069802557017
2026-08-21 14:41:48.813,0 days 00:25:26.428000,23,171.88027777777734,0 days 00:00:59.707000,11521.0,147.0,3,89.0,False,0,car,3202.9888888888895,0.7580877304125803,OnTrack,1259.7393328231612,1065.4656831846607,513.0183363061894
2026-08-21 14:41:48.886,0 days 00:25:26.501000,23,173.25917029333274,0 days 00:00:59.780000,11519.1749952,150.6500096,3,89.73000192,False,0,pos,3206.0914523645747,0.7588220493207419,OnTrack,1264.0,1040.0,513.0
2026-08-21 14:41:49.013,0 days 00:25:26.628000,23,175.6580555555547,0 days 00:00:59.907000,11516.0,157.0,3,91.0,False,0,car,3211.7111111111117,0.7601521177326662,OnTrack,1272.9015219645337,988.2276107524157,512.9889584897852
2026-08-21 14:41:49.213,0 days 00:25:26.828000,23,177.82472222222123,0 days 00:01:00.107000,10951.0,172.0,4,100.0,False,0,car,3221.2666666666673,0.7624137395100854,OnTrack,1289.8356336002532,894.2018776141917,512.9997651785234
2026-08-21 14:41:49.226,0 days 00:25:26.841000,23,177.90416627555456,0 days 00:01:00.120000,10988.95981312,172.3249984,4,100.0,False,0,pos,3221.898810218102,0.7625633560984739,OnTrack,1291.0,888.0,513.0
2026-08-21 14:41:49.326,0 days 00:25:26.941000,23,178.51527895111008,0 days 00:01:00.220000,11280.96056064,174.8250048,4,100.0,False,0,pos,3226.7775416492996,0.7637180608340411,OnTrack,1300.0,840.0,513.0
2026-08-21 14:41:49.413,0 days 00:25:27.028000,23,179.0469444444434,0 days 00:01:00.307000,11535.0,177.0,4,100.0,False,0,car,3231.100000000001,0.7647411061066155,OnTrack,1307.0654279834569,797.5685598724467,512.9999562120869
2026-08-21 14:41:49.486,0 days 00:25:27.101000,23,179.12805576888783,0 days 00:01:00.380000,11655.81531776,180.28500864,4,100.0,False,0,pos,3234.810371826998,0.7656192819151775,OnTrack,1313.0,761.0,513.0
2026-08-21 14:41:49.613,0 days 00:25:27.228000,23,179.26916666666557,0 days 00:01:00.507000,11866.0,186.0,4,100.0,False,0,car,3241.433333333334,0.7671868133775454,OnTrack,1324.6010177368357,694.452147006317,512.9997510643218
2026-08-21 14:41:49.766,0 days 00:25:27.381000,23,178.88666618666556,0 days 00:01:00.660000,11116.2990592,192.88500864,4,100.0,False,0,pos,3249.6679881719183,0.7691358025916413,OnTrack,1339.0,615.0,513.0
2026-08-21 14:41:49.813,0 days 00:25:27.428000,23,178.76916666666557,0 days 00:01:00.707000,10886.0,195.0,4,100.0,False,0,car,3252.2666666666673,0.7697508613228752,OnTrack,1343.0704498213183,592.2087233880686,513.0004794423505
2026-08-21 14:41:50.086,0 days 00:25:27.701000,23,176.49416506666543,0 days 00:01:00.980000,11087.825141942858,206.70000822857142,4,100.0,False,0,pos,3267.9576634315813,0.7734646276012062,OnTrack,1370.0,437.0,513.0
2026-08-21 14:41:50.093,0 days 00:25:27.708000,23,176.43583333333208,0 days 00:01:00.987000,11093.0,207.0,5,100.0,False,0,car,3268.3666666666672,0.7735614310385498,OnTrack,1371.0373173724968,430.9384810495677,512.9996236149669
2026-08-21 14:41:50.246,0 days 00:25:27.861000,23,174.56583098666567,0 days 00:01:01.140000,11269.5877216,210.8250048,5,100.0,False,0,pos,3277.3556961171957,0.7756889666533009,OnTrack,1396.0,285.0,513.0
2026-08-21 14:41:50.333,0 days 00:25:27.948000,23,173.50249999999915,0 days 00:01:01.227000,11370.0,213.0,5,100.0,False,0,car,3282.566666666667,0.776922306191505,OnTrack,1406.148643016451,226.60128939159404,513.0351894524716
2026-08-21 14:41:50.626,0 days 00:25:28.241000,23,168.53777886222116,0 days 00:01:01.520000,11720.6842984,223.0718728,5,100.0,False,0,pos,3300.7734253480808,0.7812315063934924,OnTrack,1426.0,117.0,513.0
2026-08-21 14:41:50.653,0 days 00:25:28.268000,23,168.0802777777767,0 days 00:01:01.547000,11753.0,224.0,5,100.0,False,0,car,3302.477777777778,0.781634894825383,OnTrack,1428.7465024653975,101.39799602861845,512.9341670167255
2026-08-21 14:41:50.853,0 days 00:25:28.468000,23,164.35805555555407,0 days 00:01:01.747000,12017.0,229.0,5,100.0,False,0,car,3315.2000000000007,0.7846460075406677,OnTrack,1454.4527636743487,-46.32052165262541,512.1751223220817
2026-08-21 14:41:50.926,0 days 00:25:28.541000,23,162.91832954666523,0 days 00:01:01.820000,11849.82956032,230.8250048,5,100.0,False,0,pos,3319.9093502885103,0.7857606229189225,OnTrack,1463.0,-95.0,512.0
2026-08-21 14:41:51.053,0 days 00:25:28.668000,23,160.41361111110973,0 days 00:01:01.947000,11559.0,234.0,5,100.0,False,0,car,3328.2000000000007,0.7877228650750635,OnTrack,1474.9638115646171,-161.79285744503426,511.95394426203177
2026-08-21 14:41:51.147,0 days 00:25:28.762000,23,158.50749870683998,0 days 00:01:02.041000,11286.031843280733,235.6725989995053,5,100.0,False,0,pos,3334.4222808015347,0.789195562887781,OnTrack,1484.0,-210.0,512.0
2026-08-21 14:41:51.334,0 days 00:25:28.949000,23,154.7155555555537,0 days 00:01:02.228000,10743.0,239.0,6,100.0,False,0,car,3346.8552777777786,0.7921382213817405,OnTrack,1507.4702239047406,-329.21309123079715,512.0334922876805
2026-08-21 14:41:51.487,0 days 00:25:29.102000,23,152.20805509522634,0 days 00:01:02.381000,10490.71782202452,235.1630086999927,6,52.03760874990872,False,0,pos,3356.827851424641,0.7944985435634838,OnTrack,1528.0,-431.0,512.0
2026-08-21 14:41:51.653,0 days 00:25:29.268000,23,149.48749999999882,0 days 00:01:02.547000,10217.0,231.0,6,0.0,True,0,car,3367.324444444445,0.7969828913572123,OnTrack,1549.0331169003616,-535.7713119793071,511.9792521498521
2026-08-21 14:41:51.667,0 days 00:25:29.282000,23,149.37472119110993,0 days 00:01:02.561000,10209.999936,230.09999177142856,6,0.0,True,0,pos,3368.1889339127097,0.7971874998905845,OnTrack,1551.0,-546.0,512.0
2026-08-21 14:41:51.933,0 days 00:25:29.548000,23,147.23194444444334,0 days 00:01:02.827000,10077.0,213.0,6,0.0,True,0,car,3383.8911111111115,0.8009039123689935,OnTrack,1591.4658324185086,-765.8804636090016,512.967188611673
2026-08-21 14:41:51.947,0 days 00:25:29.562000,23,147.26694476444334,0 days 00:01:02.841000,10121.411517155555,211.98887964444444,6,0.0,True,0,pos,3384.6681295657727,0.8010878181448849,OnTrack,1593.0,-774.0,513.0
2026-08-21 14:41:52.247,0 days 00:25:29.862000,23,148.01694476444342,0 days 00:01:03.141000,11073.078183822223,190.32221297777778,6,0.0,True,0,pos,3400.2618189933532,0.8047785535913679,OnTrack,1608.0,-871.0,513.0
2026-08-21 14:41:52.293,0 days 00:25:29.908000,23,148.13194444444343,0 days 00:01:03.187000,11219.0,187.0,5,0.0,True,0,car,3402.5911111111113,0.8053298535915473,OnTrack,1609.435802288085,-897.481569459653,513.0022624974929
2026-08-21 14:41:52.487,0 days 00:25:30.102000,23,149.3175007822216,0 days 00:01:03.381000,10979.733175466667,182.1499968,5,0.0,True,0,pos,3412.3758160944635,0.807645710764614,OnTrack,1614.0,-1039.0,513.0
2026-08-21 14:41:52.533,0 days 00:25:30.148000,23,149.59861111111059,0 days 00:01:03.427000,10923.0,181.0,4,0.0,True,0,car,3414.657777777778,0.8081858085337299,OnTrack,1614.0808579151044,-1065.219540150933,512.926612509239
2026-08-21 14:41:52.933,0 days 00:25:30.548000,23,154.82083333333276,0 days 00:01:03.827000,10564.0,172.0,4,29.0,False,0,car,3433.768888888889,0.812709052088568,OnTrack,1584.7754437493477,-1199.5237864712583,511.9712726976676
2026-08-21 14:41:52.947,0 days 00:25:30.562000,23,155.0347241777772,0 days 00:01:03.841000,10560.4124672,171.6499968,4,29.875008,False,0,pos,3434.4245150781494,0.8128642265793508,OnTrack,1582.0,-1206.0,512.0
2026-08-21 14:41:53.093,0 days 00:25:30.708000,23,157.2652777777771,0 days 00:01:03.987000,10523.0,168.0,4,39.0,False,0,car,3441.2355555555555,0.8144762728262722,OnTrack,1545.5360583908462,-1286.3162445437704,512.6351663945909
2026-08-21 14:41:53.167,0 days 00:25:30.782000,23,158.60139119999934,0 days 00:01:04.061000,10532.250016,168.0,4,44.5500096,False,0,pos,3444.681805480732,0.8152919359068638,OnTrack,1527.0,-1323.0,513.0
2026-08-21 14:41:53.373,0 days 00:25:30.988000,23,162.32083333333276,0 days 00:01:04.267000,10558.0,168.0,4,60.0,False,0,car,3454.302222222222,0.8175689091172545,OnTrack,1484.9898589898726,-1384.9963112736498,513.7485722090145
2026-08-21 14:41:53.446,0 days 00:25:31.061000,23,163.72000367999945,0 days 00:01:04.340000,10597.628675657143,168.7821449142857,4,62.86786468571429,False,0,pos,3457.743860385606,0.8183834806798447,OnTrack,1467.0,-1405.0,514.0
2026-08-21 14:41:53.653,0 days 00:25:31.268000,23,167.68749999999955,0 days 00:01:04.547000,10710.0,171.0,4,71.0,False,0,car,3467.6022222222223,0.8207167710562903,OnTrack,1398.2771984445426,-1472.7791208072886,514.833787668175
2026-08-21 14:41:53.686,0 days 00:25:31.301000,23,168.34750383999955,0 days 00:01:04.580000,10754.0346312,171.4125024,4,71.515628,False,0,pos,3469.1870468259226,0.8210918694811048,OnTrack,1386.0,-1483.0,515.0
2026-08-21 14:41:53.866,0 days 00:25:31.481000,23,171.9474987199996,0 days 00:01:04.760000,10994.2217896,173.6624992,4,74.328124,False,0,pos,3477.898936609286,0.8231538113056255,OnTrack,1315.0,-1531.0,516.0
2026-08-21 14:41:53.973,0 days 00:25:31.588000,23,174.08749999999964,0 days 00:01:04.867000,11137.0,175.0,4,76.0,False,0,car,3483.1577777777784,0.8243984809265075,OnTrack,1268.8496091248962,-1553.6927932392418,516.4096129445215
2026-08-21 14:41:54.126,0 days 00:25:31.741000,23,177.14750383999967,0 days 00:01:05.020000,11341.6377568,177.8687536,4,77.9125024,False,0,pos,3490.798345783821,0.8262068608677732,OnTrack,1198.0,-1579.0,517.0
2026-08-21 14:41:54.266,0 days 00:25:31.881000,23,179.94749871999971,0 days 00:01:05.160000,11528.8874144,180.4937488,4,79.6624992,False,0,pos,3497.877202843869,0.8278822943047055,OnTrack,1129.0,-1595.0,518.0
2026-08-21 14:41:54.293,0 days 00:25:31.908000,23,180.48749999999973,0 days 00:01:05.187000,11565.0,181.0,4,80.0,False,0,car,3499.246666666667,0.8282064208494176,OnTrack,1115.3486617092562,-1597.169040969322,518.2487825645112
2026-08-21 14:41:54.486,0 days 00:25:32.101000,23,184.34750384000017,0 days 00:01:05.380000,11778.26521216,183.89500288,4,83.86000384,False,0,pos,3509.106302257695,0.8305400126997756,OnTrack,1015.0,-1605.0,520.0
2026-08-21 14:41:54.493,0 days 00:25:32.108000,23,184.48750000000018,0 days 00:01:05.387000,11786.0,184.0,4,84.0,False,0,car,3509.468888888889,0.8306258301927032,OnTrack,1011.2780944941816,-1605.1144237517865,520.0274492923319
2026-08-21 14:41:54.733,0 days 00:25:32.348000,23,189.1541666666667,0 days 00:01:05.627000,11692.0,191.0,4,100.0,False,0,car,3522.202222222222,0.8336395727007523,OnTrack,880.51185893831,-1603.8685539582696,519.7082374271444
2026-08-21 14:41:54.786,0 days 00:25:32.401000,23,190.06694334222223,0 days 00:01:05.680000,11449.1940432,193.9812464,4,100.0,False,0,pos,3525.1142893058827,0.8343288046659082,OnTrack,851.0,-1603.0,520.0
2026-08-21 14:41:54.893,0 days 00:25:32.508000,23,191.90972222222217,0 days 00:01:05.787000,10959.0,200.0,5,100.0,False,0,car,3531.091111111112,0.8357434069123051,OnTrack,790.8616810458616,-1601.0401245125724,521.3371490590145
2026-08-21 14:41:54.946,0 days 00:25:32.561000,23,192.76361007999986,0 days 00:01:05.840000,11064.999872,201.3249984,5,100.0,False,0,pos,3534.0835262579008,0.8364516557654156,OnTrack,761.0,-1600.0,522.0
2026-08-21 14:41:55.133,0 days 00:25:32.748000,23,195.7763888888885,0 days 00:01:06.027000,11439.0,206.0,5,100.0,False,0,car,3544.824444444445,0.8389938307691538,OnTrack,655.2288961023065,-1595.907722335369,523.5396003445486
2026-08-21 14:41:55.166,0 days 00:25:32.781000,23,196.2713917688885,0 days 00:01:06.060000,11415.0748608,207.15500672,5,100.0,False,0,pos,3546.7552469619545,0.8394508157132636,OnTrack,636.0,-1595.0,524.0
2026-08-21 14:41:55.326,0 days 00:25:32.941000,23,198.6713917688885,0 days 00:01:06.220000,11299.0748608,212.75500672,5,100.0,False,0,pos,3556.2404528715374,0.8416957870415863,OnTrack,541.0,-1590.0,527.0
2026-08-21 14:41:55.333,0 days 00:25:32.948000,23,198.7763888888885,0 days 00:01:06.227000,11294.0,213.0,5,100.0,False,0,car,3556.6577777777784,0.8417945600632832,OnTrack,536.9496731797627,-1589.8036358505349,527.0867325433891
2026-08-21 14:41:55.493,0 days 00:25:33.108000,23,201.08749999999964,0 days 00:01:06.387000,11582.0,216.0,5,100.0,False,0,car,3566.2577777777783,0.8440667010117601,OnTrack,443.9012784827025,-1585.0280198191322,527.7920893897018
2026-08-21 14:41:55.526,0 days 00:25:33.141000,23,201.52750255999962,0 days 00:01:06.420000,11591.0750528,216.99000576,5,100.0,False,0,pos,3568.265056893304,0.84454178654024,OnTrack,421.0,-1583.0,528.0
2026-08-21 14:41:55.693,0 days 00:25:33.308000,23,203.75416666666615,0 days 00:01:06.587000,11637.0,222.0,5,100.0,False,0,car,3578.591111111112,0.8469857709802894,OnTrack,276.18761801816316,-1564.6944991873106,530.3531138530517
2026-08-21 14:41:55.846,0 days 00:25:33.461000,23,205.58166895999958,0 days 00:01:06.740000,10931.9241152,227.1000064,5,100.0,False,0,pos,3588.298113495184,0.849283237397353,OnTrack,160.0,-1547.0,533.0
2026-08-21 14:41:55.933,0 days 00:25:33.548000,23,206.62083333333294,0 days 00:01:06.827000,10531.0,230.0,6,100.0,False,0,car,3593.924444444445,0.8506148849952176,OnTrack,124.11712496431946,-1540.8177224612907,534.1576294511178
2026-08-21 14:41:56.086,0 days 00:25:33.701000,23,208.193335306666,0 days 00:01:06.980000,10752.8502784,236.6937584,6,100.0,False,0,pos,3603.993633987261,0.8529980743575307,OnTrack,72.0,-1527.0,536.0
2026-08-21 14:41:56.093,0 days 00:25:33.708000,23,208.2652777777771,0 days 00:01:06.987000,10763.0,237.0,6,100.0,False,0,car,3604.457777777778,0.8531079285359074,OnTrack,68.10630515364097,-1525.850027521996,536.0966847446482
2026-08-21 14:41:56.266,0 days 00:25:33.881000,23,209.8991660622216,0 days 00:01:07.160000,10926.2686896,239.703124,6,100.0,False,0,pos,3616.0033307035596,0.8558405455750193,OnTrack,-59.0,-1486.0,539.0
2026-08-21 14:41:56.413,0 days 00:25:34.028000,23,211.28749999999945,0 days 00:01:07.307000,11065.0,242.0,6,100.0,False,0,car,3625.9688888888895,0.8581992073278649,OnTrack,-159.52431295300778,-1448.844229209625,542.7038808390824
2026-08-21 14:41:56.653,0 days 00:25:34.268000,23,213.28749999999945,0 days 00:01:07.547000,11252.0,249.0,6,100.0,False,0,car,3642.568888888889,0.8621281177179393,OnTrack,-302.21811154466786,-1382.109127322446,548.8069808994592
2026-08-21 14:41:56.666,0 days 00:25:34.281000,23,213.3886106133328,0 days 00:01:07.560000,11265.1624352,249.1624992,6,100.0,False,0,pos,3643.472725591178,0.8623420390077318,OnTrack,-310.0,-1378.0,549.0
2026-08-21 14:41:56.813,0 days 00:25:34.428000,23,214.53194444444398,0 days 00:01:07.707000,11414.0,251.0,6,100.0,False,0,car,3653.724444444444,0.8647684296534377,OnTrack,-398.2986097339191,-1327.7857429217568,550.7334866410308
2026-08-21 14:41:56.826,0 days 00:25:34.441000,23,214.63666615111066,0 days 00:01:07.720000,11424.2780744,251.203124,6,100.0,False,0,pos,3654.6368751141754,0.8649843849750358,OnTrack,-406.0,-1323.0,551.0
2026-08-21 14:41:57.026,0 days 00:25:34.641000,23,216.24777726222192,0 days 00:01:07.920000,11582.4030744,254.328124,6,100.0,False,0,pos,3668.812397954623,0.8683394668408535,OnTrack,-521.0,-1242.0,557.0
2026-08-21 14:41:57.133,0 days 00:25:34.748000,23,217.109722222222,0 days 00:01:08.027000,11667.0,256.0,6,100.0,False,0,car,3676.48,0.8701542452350125,OnTrack,-579.9708733353291,-1192.8071382259363,557.8044843984671
2026-08-21 14:41:57.186,0 days 00:25:34.801000,23,217.61027704003692,0 days 00:01:08.080000,11582.464757046833,256.5145623484106,6,100.0,False,0,pos,3680.2960166099533,0.8710574251932982,OnTrack,-608.0,-1168.0,558.0
2026-08-21 14:41:57.807,0 days 00:25:35.422000,23,223.47527729153913,0 days 00:01:08.701000,10591.965408053595,262.5436888205433,6,100.0,False,0,pos,3725.699242385867,0.8818035219097974,OnTrack,-884.0,-816.0,571.0
2026-08-21 14:41:57.854,0 days 00:25:35.469000,23,223.91916666666611,0 days 00:01:08.748000,10517.0,263.0,7,100.0,False,0,car,3729.153055555556,0.8826209750693015,OnTrack,-904.8463245039345,-771.9824482115043,572.6984840100425
2026-08-21 14:41:58.047,0 days 00:25:35.662000,23,225.79555493333274,0 days 00:01:08.941000,10508.039288685713,264.3785709714286,7,100.0,False,0,pos,3743.343855258461,0.8859796726835313,OnTrack,-981.0,-588.0,579.0
2026-08-21 14:41:58.134,0 days 00:25:35.749000,23,226.6413888888883,0 days 00:01:09.028000,10504.0,265.0,7,100.0,False,0,car,3749.7641666666673,0.8874992406473392,OnTrack,-998.5029802881112,-533.8944166609839,579.8176249659236
2026-08-21 14:41:58.333,0 days 00:25:35.948000,23,228.5761111111101,0 days 00:01:09.227000,10581.0,267.0,7,100.0,False,0,car,3764.523333333334,0.890992460121165,OnTrack,-1009.3778481415898,-453.70487375162264,578.1337589497465
2026-08-21 14:41:58.347,0 days 00:25:35.962000,23,228.72000131555455,0 days 00:01:09.241000,10588.408401066667,267.05833386666666,7,100.0,False,0,pos,3765.563899633785,0.891238742756671,OnTrack,-1010.0,-447.0,578.0
2026-08-21 14:41:58.573,0 days 00:25:36.188000,23,231.0427777777768,0 days 00:01:09.467000,10708.0,268.0,7,100.0,False,0,car,3782.3900000000003,0.8952211668863858,OnTrack,-1017.9118148247585,-304.63267064595914,575.6581231497107
2026-08-21 14:41:58.667,0 days 00:25:36.282000,23,231.98277905777672,0 days 00:01:09.561000,10713.875008,268.5875008,7,100.0,False,0,pos,3789.40448516949,0.8968813646974357,OnTrack,-1006.0,-207.0,573.0
2026-08-21 14:41:58.733,0 days 00:25:36.348000,23,232.6427777777767,0 days 00:01:09.627000,10718.0,269.0,7,100.0,False,0,car,3794.3455555555556,0.898050823900924,OnTrack,-989.2194357088821,-120.68142121724061,570.1947605648751
2026-08-21 14:41:58.847,0 days 00:25:36.462000,23,233.78277905777662,0 days 00:01:09.741000,10739.7312744,270.0687512,7,100.0,False,0,pos,3802.92646278322,0.9000817645974923,OnTrack,-954.0,29.0,565.0
2026-08-21 14:41:59.053,0 days 00:25:36.668000,23,235.84277777777652,0 days 00:01:09.947000,10779.0,272.0,7,100.0,False,0,car,3818.523333333334,0.9037732529563473,OnTrack,-918.654985475945,139.49008974729443,561.5402965238617
2026-08-21 14:41:59.227,0 days 00:25:36.842000,23,237.58277905777635,0 days 00:01:10.121000,10875.942928457143,272.6214290285714,7,100.0,False,0,pos,3831.703182622748,0.9068926774631421,OnTrack,-887.0,201.0,561.0
2026-08-21 14:41:59.333,0 days 00:25:36.948000,23,238.64277777777625,0 days 00:01:10.227000,10935.0,273.0,7,100.0,False,0,car,3839.7566666666676,0.9087987869291936,OnTrack,-855.1763186586351,274.45550736518163,560.2882389373184
2026-08-21 14:41:59.367,0 days 00:25:36.982000,23,238.96389009777621,0 days 00:01:10.261000,10939.6750176,273.4250016,7,100.0,False,0,pos,3842.346410730056,0.9094117310471623,OnTrack,-844.0,301.0,560.0
2026-08-21 14:41:59.493,0 days 00:25:37.108000,23,240.1538888888872,0 days 00:01:10.387000,10957.0,275.0,7,100.0,False,0,car,3851.9788888888897,0.9116915589700785,OnTrack,-800.8076124777832,405.7784119750103,558.6811605845095
2026-08-21 14:41:59.727,0 days 00:25:37.342000,23,242.10388995555394,0 days 00:01:10.621000,11111.44008448,277.9250016,7,100.0,False,0,pos,3870.0782820577606,0.9159753477577424,OnTrack,-722.0,603.0,556.0
2026-08-21 14:41:59.893,0 days 00:25:37.508000,23,243.48722222222068,0 days 00:01:10.787000,11221.0,280.0,7,100.0,False,0,car,3883.0900000000015,0.9190549787105128,OnTrack,-677.5834072638199,716.521694560213,554.8731377757144
2026-08-21 14:42:00.007,0 days 00:25:37.622000,23,244.18388967110957,0 days 00:01:10.901000,11276.704608,282.0727296,7,100.0,False,0,pos,3892.109353410412,0.9211896914409896,OnTrack,-648.0,793.0,554.0
2026-08-21 14:42:00.306,0 days 00:25:37.921000,23,246.01111071999844,0 days 00:01:11.200000,11422.80678690909,287.50908974545456,7,100.0,False,0,pos,3916.098613350445,0.9268675018403026,OnTrack,-562.0,1016.0,550.0
2026-08-21 14:42:00.333,0 days 00:25:37.948000,23,246.17611111110955,0 days 00:01:11.227000,11436.0,288.0,7,100.0,False,0,car,3918.2900000000013,0.9273861621882612,OnTrack,-554.1062998617791,1036.307054656227,549.5403705422503
2026-08-21 14:42:00.426,0 days 00:25:38.041000,23,244.26497416872624,0 days 00:01:11.320000,11506.806769454546,289.69090792727275,7,100.0,False,0,pos,3925.8702867781462,0.9291802746872009,OnTrack,-527.0,1106.0,548.0
2026-08-21 14:42:00.626,0 days 00:25:38.241000,23,240.15499942125265,0 days 00:01:11.520000,11659.079496727272,293.3272715636364,7,100.0,False,0,pos,3942.327142201582,0.9330753054258206,OnTrack,-469.0,1257.0,546.0
2026-08-21 14:42:00.773,0 days 00:25:38.388000,44,237.13416666666762,0 days 00:01:11.667000,11771.0,296.0,7,100.0,False,0,car,3954.467777777779,0.9359487674292802,OnTrack,-425.69030542913384,1369.1203960632854,543.9564091094979
2026-08-21 14:42:00.846,0 days 00:25:38.461000,44,231.80109708444542,0 days 00:01:11.740000,11789.554215466667,296.6083349333333,7,100.0,False,0,pos,3960.5011769159732,0.937376760475155,OnTrack,-404.0,1425.0,543.0
2026-08-21 14:42:01.013,0 days 00:25:38.628000,44,219.60083333333432,0 days 00:01:11.907000,11832.0,298.0,7,100.0,False,0,car,3974.334444444445,0.9406508368921003,OnTrack,-354.0541969785125,1553.2101526124754,541.4934554182717
2026-08-21 14:42:01.086,0 days 00:25:38.701000,44,214.1866524266676,0 days 00:01:11.980000,11590.085474844445,298.6083349333333,7,100.0,False,0,pos,3980.409094262532,0.9420885932045309,OnTrack,-332.0,1610.0,541.0
2026-08-21 14:42:01.266,0 days 00:25:38.881000,44,200.83667141333413,0 days 00:01:12.160000,10993.5863232,300.1083328,7,100.0,False,0,pos,3995.4585247106843,0.9456505127016663,OnTrack,-278.0,1750.0,540.0
2026-08-21 14:42:01.373,0 days 00:25:38.988000,44,192.90083333333405,0 days 00:01:12.267000,10639.0,301.0,8,100.0,False,0,car,4004.434444444445,0.9477749454909704,OnTrack,-248.8854804863243,1825.9023049487753,539.5499812998768
2026-08-21 14:42:01.486,0 days 00:25:39.101000,44,184.42581893333406,0 days 00:01:12.380000,10630.121413485715,301.8071442285714,8,100.0,False,0,pos,4013.9329907359343,0.9500230742388762,OnTrack,-212.0,1922.0,539.0
2026-08-21 14:42:01.653,0 days 00:25:39.268000,44,171.90083333333405,0 days 00:01:12.547000,10617.0,303.0,8,100.0,False,0,car,4028.0011111111116,0.9533527359443492,OnTrack,-129.0625628994491,2137.2360445993463,537.6891731706688
2026-08-21 14:42:01.766,0 days 00:25:39.381000,44,163.36304104888924,0 days 00:01:12.660000,10648.545886933332,303.4708341333333,8,100.0,False,0,pos,4037.535617777399,0.9556093758422656,OnTrack,-81.0,2262.0,537.0
2026-08-21 14:42:01.893,0 days 00:25:39.508000,44,153.76749999999993,0 days 00:01:12.787000,10684.0,304.0,8,100.0,False,0,car,4048.267777777779,0.9581494779466894,OnTrack,-54.24502233285948,2331.7955693615886,536.7981214034082
2026-08-21 14:42:02.066,0 days 00:25:39.681000,44,140.55222711111125,0 days 00:01:12.960000,10704.904158933334,304.72083306666667,8,100.0,False,0,pos,4062.918326148299,0.9616169894956789,OnTrack,-33.0,2388.0,537.0
2026-08-21 14:42:02.133,0 days 00:25:39.748000,44,135.4341666666669,0 days 00:01:13.027000,10713.0,305.0,8,100.0,False,0,car,4068.601111111112,0.9629619987056159,OnTrack,-17.126939721130213,2429.7963228218655,537.0287592454354
2026-08-21 14:42:02.346,0 days 00:25:39.961000,44,118.98583827555575,0 days 00:01:13.240000,10725.932138971428,305.7607140571429,8,100.0,False,0,pos,4086.6985223748666,0.9672453184133039,OnTrack,52.0,2610.0,537.0
2026-08-21 14:42:02.413,0 days 00:25:40.028000,44,113.81194444444463,0 days 00:01:13.307000,10730.0,306.0,8,100.0,False,0,car,4092.401111111112,0.9685950148070481,OnTrack,73.62953373464859,2665.0289545971764,536.9976878218164
2026-08-21 14:42:02.506,0 days 00:25:40.121000,44,106.55278277333369,0 days 00:01:13.400000,10730.8718744,306.2906248,8,100.0,False,0,pos,4100.324598424814,0.9704703564716524,OnTrack,102.0,2737.0,537.0
2026-08-21 14:42:02.733,0 days 00:25:40.348000,44,88.83416666666744,0 days 00:01:13.627000,10733.0,307.0,8,100.0,False,0,car,4119.6900000000005,0.9750537858365146,OnTrack,169.3294085893451,2912.461624845544,537.0001028893112
2026-08-21 14:42:02.766,0 days 00:25:40.381000,44,86.23998490666743,0 days 00:01:13.660000,10734.7875104,307.0,8,100.0,False,0,pos,4122.505622107222,0.9757201910745619,OnTrack,185.0,2953.0,537.0
2026-08-21 14:42:02.946,0 days 00:25:40.561000,44,72.09000503111177,0 days 00:01:13.840000,10744.537496533334,307.0,8,100.0,False,0,pos,4137.857187781077,0.9793536203444367,OnTrack,290.0,3223.0,537.0
2026-08-21 14:42:02.973,0 days 00:25:40.588000,44,69.96750000000065,0 days 00:01:13.867000,10746.0,307.0,8,100.0,False,0,car,4140.156666666668,0.9798978641086147,OnTrack,300.6495861983361,3250.4110370159287,537.0000127824852
2026-08-21 14:42:03.253,0 days 00:25:40.868000,44,47.956388888889705,0 days 00:01:14.147000,10688.0,306.0,8,100.0,False,0,car,4163.956666666668,0.9855308802100469,OnTrack,333.46897702184793,3336.394393236189,537.0000010189405
2026-08-21 14:42:03.266,0 days 00:25:40.881000,44,46.93083838222304,0 days 00:01:14.160000,10688.4874976,306.0,8,100.0,False,0,pos,4165.061333884748,0.9857923343371968,OnTrack,336.0,3343.0,537.0
2026-08-21 14:42:03.466,0 days 00:25:41.081000,44,31.15306060444521,0 days 00:01:14.360000,10695.9874976,306.0,8,100.0,False,0,pos,4182.061087363565,0.9898158589198253,OnTrack,397.0,3501.0,537.0
2026-08-21 14:42:03.493,0 days 00:25:41.108000,44,29.02305555555631,0 days 00:01:14.387000,10697.0,306.0,8,100.0,False,0,car,4184.3566666666675,0.99035917972556,OnTrack,405.2949881101673,3522.2806751077974,537.0000003078364
2026-08-21 14:42:03.706,0 days 00:25:41.321000,44,12.160560622222977,0 days 00:01:14.600000,10709.424996266667,306.0,8,100.0,False,0,pos,4202.464297730043,0.9946449182692063,OnTrack,465.0,3673.0,537.0
2026-08-21 14:42:03.733,0 days 00:25:41.348000,44,10.023055555556311,0 days 00:01:14.627000,10711.0,306.0,8,100.0,False,0,car,4204.756666666667,0.9951874792410732,OnTrack,472.89518806680064,3692.588413015916,536.9999999257647
2026-08-21 14:42:03.834,0 days 00:25:41.449000,44,10.023055555556311,0 days 00:01:14.728000,10696.691675733333,305.57916693333334,8,100.0,False,0,interpolation,4213.323088644894,0.9972149915492672,OnTrack,503.73242150409754,3768.470283107795,536.9999997704356
