Date,SessionTime,DriverAhead,DistanceToDriverAhead,Time,RPM,Speed,nGear,Throttle,Brake,DRS,Source,Distance,RelativeDistance,Status,X,Y,Z
2026-08-21 15:13:11.125,0 days 00:56:48.740000,,700.7138888888888,0 days 00:00:00,10987.041646933334,314.54166613333336,8,99.77083306666667,False,0,interpolation,0.09588483356065436,2.2619666063932075e-05,OnTrack,495.06104550817946,3746.8405023156743,537.0000000245543
2026-08-21 15:13:11.180,0 days 00:56:48.795000,,700.7138888888888,0 days 00:00:00.055000,11004.0,315.0,8,100.0,False,0,car,4.915277777777774,0.0011595362667493028,OnTrack,513.2556092751526,3791.5054207082558,537.000000023981
2026-08-21 15:13:11.268,0 days 00:56:48.883000,,700.7138888888888,0 days 00:00:00.143000,11015.0,315.3142857142857,8,100.0,False,0,pos,12.634581008540268,0.0029805548245551827,OnTrack,545.0,3869.0,537.0
2026-08-21 15:13:11.460,0 days 00:56:49.075000,81,700.7138888888888,0 days 00:00:00.335000,11039.0,316.0,8,100.0,False,0,car,29.493055555555554,0.006957545245668681,OnTrack,621.8500759725848,4055.331840251391,536.999999952119
2026-08-21 15:13:11.488,0 days 00:56:49.103000,81,699.7183333333332,0 days 00:00:00.363000,11046.6,316.0,8,100.0,False,0,pos,31.949938667690102,0.0075371350878875015,OnTrack,632.0,4080.0,537.0
2026-08-21 15:13:11.740,0 days 00:56:49.355000,81,690.7583333333332,0 days 00:00:00.615000,11115.0,316.0,8,100.0,False,0,car,54.070833333333326,0.012755554224588055,OnTrack,704.8152272371324,4258.511997816039,537.0000006954568
2026-08-21 15:13:11.808,0 days 00:56:49.423000,81,687.9627777777777,0 days 00:00:00.683000,11116.942857142858,316.48571428571427,8,99.75714285714285,False,0,pos,60.06304214459764,0.014169143394666866,OnTrack,725.0,4308.0,537.0
2026-08-21 15:13:12.008,0 days 00:56:49.623000,81,679.7405555555555,0 days 00:00:00.883000,11122.657142857142,317.9142857142857,8,99.04285714285714,False,0,pos,77.74219111835683,0.018339734626156838,OnTrack,792.0,4472.0,537.0
2026-08-21 15:13:12.020,0 days 00:56:49.635000,81,679.2472222222221,0 days 00:00:00.895000,11123.0,318.0,8,99.0,False,0,car,78.80416666666666,0.018590259462867683,OnTrack,796.0328862225456,4481.939872003896,537.0000009143041
2026-08-21 15:13:12.168,0 days 00:56:49.783000,81,672.7105545122968,0 days 00:00:01.043000,11130.012469947127,318.3690773656383,8,99.36907736563828,False,0,pos,91.91052909866706,0.021682109659772693,OnTrack,845.0,4603.0,537.0
2026-08-21 15:13:12.389,0 days 00:56:50.004000,81,662.9497224477916,0 days 00:00:01.264000,11140.483790281702,318.92019948851066,8,99.92019948851065,False,0,pos,111.50060104525726,0.026303496266445653,OnTrack,919.0,4783.0,537.0
2026-08-21 15:13:12.421,0 days 00:56:50.036000,81,661.5363888888888,0 days 00:00:01.296000,11142.0,319.0,8,100.0,False,0,car,114.33722222222221,0.026972668036267182,OnTrack,929.8291279972975,4809.248211402208,537.0000977327563
2026-08-21 15:13:12.569,0 days 00:56:50.184000,81,654.8352777777777,0 days 00:00:01.444000,11123.5,319.0,8,100.0,False,0,pos,127.45268949573946,0.030066666106480504,OnTrack,980.0,4931.0,537.0
2026-08-21 15:13:12.581,0 days 00:56:50.196000,81,654.2919444444444,0 days 00:00:01.456000,11122.0,319.0,8,100.0,False,0,car,128.515,0.030317269960815612,OnTrack,984.0390699870019,4940.832600987165,536.9998231025958
2026-08-21 15:13:12.809,0 days 00:56:50.424000,81,643.588611111111,0 days 00:00:01.684000,11080.471428571429,318.1857142857143,8,100.0,False,0,pos,148.660012228756,0.0350695694908559,OnTrack,1060.0,5127.0,537.0
2026-08-21 15:13:12.861,0 days 00:56:50.476000,81,641.1474999999999,0 days 00:00:01.736000,11071.0,318.0,8,100.0,False,0,car,153.24833333333333,0.03615197519909524,OnTrack,1077.28273937286,5169.810672443507,537.0061920044791
2026-08-21 15:13:12.989,0 days 00:56:50.604000,81,634.6408333333333,0 days 00:00:01.864000,11025.88,317.36,8,100.0,False,0,pos,164.53661480190843,0.03881493187089591,OnTrack,1119.0,5274.0,537.0
2026-08-21 15:13:13.261,0 days 00:56:50.876000,81,620.8141666666667,0 days 00:00:02.136000,10930.0,316.0,8,100.0,False,0,car,188.35944444444445,0.04443484516898007,OnTrack,1199.451681884065,5486.071900110125,536.8143680369802
2026-08-21 15:13:13.328,0 days 00:56:50.943000,81,617.40833008,0 days 00:00:02.203000,10883.0999552,314.04583146666664,8,100.0,False,0,pos,194.14861603015754,0.045800536938917794,OnTrack,1221.0,5553.0,537.0
2026-08-21 15:13:13.501,0 days 00:56:51.116000,81,608.6141666666666,0 days 00:00:02.376000,10762.0,309.0,8,100.0,False,0,car,208.95944444444444,0.049294478372830214,OnTrack,1282.0506664609427,5763.549771209345,538.1861883045972
2026-08-21 15:13:13.568,0 days 00:56:51.183000,81,605.4502747555555,0 days 00:00:02.443000,10687.103499885714,305.8892827428571,8,79.18212297142857,False,0,pos,214.6520497218179,0.05063738971372033,OnTrack,1304.0,5842.0,539.0
2026-08-21 15:13:13.781,0 days 00:56:51.396000,81,595.3919444444443,0 days 00:00:02.656000,10449.0,296.0,8,13.0,True,0,car,231.98166666666668,0.0547255247581471,OnTrack,1358.9368916850344,6040.2764446865,542.8323527878832
2026-08-21 15:13:13.868,0 days 00:56:51.483000,81,592.926942631111,0 days 00:00:02.743000,9873.591243377778,281.2583224888889,8,10.099997866666667,True,0,pos,238.2455813743522,0.05620321057851378,OnTrack,1374.0,6096.0,544.0
2026-08-21 15:13:14.141,0 days 00:56:51.756000,81,585.1919444444444,0 days 00:00:03.016000,8068.0,235.0,8,1.0,True,0,car,255.48166666666668,0.06026928108292761,OnTrack,1399.0749165363484,6188.885032498049,544.5880325555737
2026-08-21 15:13:14.228,0 days 00:56:51.843000,81,583.4519431644444,0 days 00:00:03.103000,8050.2374869333335,226.2999936,8,0.6374997333333333,True,0,pos,260.71141213369447,0.061503001700367085,OnTrack,1416.0,6234.0,545.0
2026-08-21 15:13:14.381,0 days 00:56:51.996000,81,580.3919444444443,0 days 00:00:03.256000,8019.0,211.0,7,0.0,True,0,car,269.54833333333335,0.0635876713936473,OnTrack,1466.3180253294368,6357.837285319381,546.7610852248822
2026-08-21 15:13:14.488,0 days 00:56:52.103000,81,579.4705550044443,0 days 00:00:03.363000,8352.57269952,202.70749504,7,0.0,True,0,pos,275.2965098572211,0.06494369224301995,OnTrack,1501.0,6439.0,548.0
2026-08-21 15:13:14.781,0 days 00:56:52.396000,81,576.9475,0 days 00:00:03.656000,9266.0,180.0,7,0.0,True,0,car,289.54833333333335,0.06830576188282218,OnTrack,1545.8770400128128,6520.119761011144,549.0249555714782
2026-08-21 15:13:14.948,0 days 00:56:52.563000,81,576.6691665599999,0 days 00:00:03.823000,10056.74530304,165.80499456,7,0.83500032,True,0,pos,297.1296726672872,0.07009423413315893,OnTrack,1576.0,6549.0,549.0
2026-08-21 15:13:14.981,0 days 00:56:52.596000,81,576.6141666666665,0 days 00:00:03.856000,10213.0,163.0,6,1.0,True,0,car,298.6038888888889,0.07044200840986527,OnTrack,1584.5401341097925,6557.633357712392,548.9981502696356
2026-08-21 15:13:15.141,0 days 00:56:52.756000,81,576.7475,0 days 00:00:04.016000,11164.0,158.0,5,1.0,True,0,car,305.62611111111113,0.07209858240384223,OnTrack,1635.170910699973,6607.606415806385,548.9996846261525
2026-08-21 15:13:15.168,0 days 00:56:52.783000,81,576.95000048,0 days 00:00:04.043000,11064.23476352,156.51499648,5,1.0,True,0,pos,306.76558054145005,0.07236738839794161,OnTrack,1644.0,6615.0,549.0
2026-08-21 15:13:15.308,0 days 00:56:52.923000,81,578.0000004799998,0 days 00:00:04.183000,10546.93476352,148.81499648,5,1.0,True,0,pos,312.4658621631743,0.0737121106231954,OnTrack,1690.0,6646.0,549.0
2026-08-21 15:13:15.341,0 days 00:56:52.956000,81,578.2474999999998,0 days 00:00:04.216000,10425.0,147.0,3,1.0,True,0,car,313.7927777777778,0.07402513602025532,OnTrack,1701.4709930327372,6652.356625263519,549.0001053709707
2026-08-21 15:13:15.488,0 days 00:56:53.103000,81,579.8400006933332,0 days 00:00:04.363000,10581.55506816,144.05999872,3,1.73500032,True,0,pos,319.6708378057977,0.07541179697590529,OnTrack,1754.0,6677.0,549.0
2026-08-21 15:13:15.541,0 days 00:56:53.156000,81,580.4141666666666,0 days 00:00:04.416000,10638.0,143.0,3,2.0,True,0,car,321.7372222222223,0.07589926640901092,OnTrack,1771.682596007451,6683.949473205016,548.9983058591996
2026-08-21 15:13:15.781,0 days 00:56:53.396000,81,584.3474999999999,0 days 00:00:04.656000,11579.0,133.0,2,2.0,True,0,car,330.6038888888889,0.0779909531925451,OnTrack,1856.4311065932081,6700.855620443468,548.9956517292579
2026-08-21 15:13:15.808,0 days 00:56:53.423000,81,584.9550013316988,0 days 00:00:04.683000,11526.579272275561,132.17270013634314,2,2.150418157028518,True,0,pos,331.55573670315306,0.07821549839852619,OnTrack,1870.0,6701.0,549.0
2026-08-21 15:13:16.008,0 days 00:56:53.623000,81,589.4550005294707,0 days 00:00:04.883000,11138.2785058445,126.04456752408824,2,3.2646240865294107,True,0,pos,338.34686355348083,0.07981755594869178,OnTrack,1988.0,6692.0,549.0
2026-08-21 15:13:16.140,0 days 00:56:53.755000,81,592.4250000000001,0 days 00:00:05.015000,10882.0,122.0,2,4.0,True,0,car,342.77,0.08086099384872401,OnTrack,2041.5718307734442,6680.535274939314,548.7769187311823
2026-08-21 15:13:16.300,0 days 00:56:53.915000,81,596.5583333333334,0 days 00:00:05.175000,10604.0,121.0,2,5.0,False,0,car,348.1477777777778,0.08212963595803549,OnTrack,2077.359325797807,6662.893104971108,548.2833190653656
2026-08-21 15:13:16.388,0 days 00:56:54.003000,81,599.1738888888889,0 days 00:00:05.263000,10553.888888888889,119.28888888888889,2,7.688888888888889,False,0,pos,351.01775497664846,0.08280667656434251,OnTrack,2094.0,6653.0,548.0
2026-08-21 15:13:16.660,0 days 00:56:54.275000,81,607.2583333333333,0 days 00:00:05.535000,10399.0,114.0,2,16.0,False,0,car,359.5477777777778,0.0848189475368652,OnTrack,2139.5219992215953,6619.983863948463,547.1572618888722
2026-08-21 15:13:16.728,0 days 00:56:54.343000,81,609.5438888888889,0 days 00:00:05.603000,10418.914285714285,113.51428571428572,2,20.37142857142857,False,0,pos,361.6622868546107,0.08531776979509917,OnTrack,2152.0,6608.0,547.0
2026-08-21 15:13:16.940,0 days 00:56:54.555000,81,616.6694444444443,0 days 00:00:05.815000,10481.0,112.0,2,34.0,False,0,car,368.2588888888889,0.08687393806103916,OnTrack,2196.4421950244414,6557.503753340285,546.6381924121007
2026-08-21 15:13:17.048,0 days 00:56:54.663000,81,620.4794444444443,0 days 00:00:05.923000,10656.5,112.77142857142857,2,40.94285714285714,False,0,pos,371.6481920545124,0.08767349001257208,OnTrack,2217.0,6530.0,546.0
2026-08-21 15:13:17.220,0 days 00:56:54.835000,81,626.5472222222221,0 days 00:00:06.095000,10936.0,114.0,2,52.0,False,0,car,377.1255555555556,0.08896562484457336,OnTrack,2243.46762741617,6484.537108201142,544.1840677548379
2026-08-21 15:13:17.248,0 days 00:56:54.863000,81,627.5349999999999,0 days 00:00:06.123000,10991.416666666666,114.58333333333333,2,52.35,False,0,pos,378.03207055789255,0.08917947583511437,OnTrack,2248.0,6474.0,544.0
2026-08-21 15:13:17.460,0 days 00:56:55.075000,81,635.0138888888889,0 days 00:00:06.335000,11411.0,119.0,2,55.0,False,0,car,385.05888888888893,0.09083713407194607,OnTrack,2283.995128049502,6370.174483784514,543.9989139450697
2026-08-21 15:13:17.468,0 days 00:56:55.083000,81,635.2938888888889,0 days 00:00:06.343000,11438.75,119.3,2,55.25,False,0,pos,385.3313717570981,0.0909014140133941,OnTrack,2285.0,6367.0,544.0
2026-08-21 15:13:17.620,0 days 00:56:55.235000,81,640.6138888888886,0 days 00:00:06.495000,11966.0,125.0,2,60.0,False,0,car,390.6144444444445,0.09214771476338354,OnTrack,2296.4569572073933,6327.491710176166,543.7216179270443
2026-08-21 15:13:17.848,0 days 00:56:55.463000,81,648.657222222222,0 days 00:00:06.723000,11436.418181818182,129.14545454545456,2,67.25454545454545,False,0,pos,398.88912587784114,0.09409974955197659,OnTrack,2295.0,6275.0,543.0
2026-08-21 15:13:18.060,0 days 00:56:55.675000,81,656.136111111111,0 days 00:00:06.935000,10944.0,133.0,2,74.0,False,0,car,406.87,0.09598247386652958,OnTrack,2285.8793816736897,6147.328327562028,543.0056691284684
2026-08-21 15:13:18.088,0 days 00:56:55.703000,81,657.1083333333331,0 days 00:00:06.963000,11033.775,134.05,2,74.35,False,0,pos,407.93896147492853,0.0962346467149373,OnTrack,2284.0,6131.0,543.0
2026-08-21 15:13:18.220,0 days 00:56:55.835000,81,661.6916666666665,0 days 00:00:07.095000,11457.0,139.0,3,76.0,False,0,car,413.0477777777778,0.09743983959540806,OnTrack,2272.8229952155148,6064.7861778212155,542.8718537975903
2026-08-21 15:13:18.380,0 days 00:56:55.995000,81,667.1138888888888,0 days 00:00:07.255000,11494.0,145.0,3,74.0,False,0,car,419.49222222222227,0.09896011319747552,OnTrack,2255.9757136843637,6006.646498324395,542.4716684316564
2026-08-21 15:13:18.488,0 days 00:56:56.103000,81,670.6838888888888,0 days 00:00:07.363000,11472.4,148.78,3,79.4,False,0,pos,423.98863395885786,0.10002083706997728,OnTrack,2247.0,5977.0,542.0
2026-08-21 15:13:18.580,0 days 00:56:56.195000,81,673.7249999999998,0 days 00:00:07.455000,11454.0,152.0,3,84.0,False,0,car,427.9366666666667,0.10095219584846049,OnTrack,2241.3054260422823,5957.451128397981,541.4652788680321
2026-08-21 15:13:18.740,0 days 00:56:56.355000,81,678.6583333333333,0 days 00:00:07.615000,12252.0,162.0,3,87.0,False,0,car,435.1366666666667,0.10265070842456345,OnTrack,2230.1066981272797,5920.880103620235,540.3339584292348
2026-08-21 15:13:18.788,0 days 00:56:56.403000,81,680.0183336944951,0 days 00:00:07.663000,11973.16175167781,164.7883824832219,3,88.99170177372993,False,0,pos,437.40434825256887,0.10318566477070953,OnTrack,2223.0,5900.0,540.0
2026-08-21 15:13:18.981,0 days 00:56:56.596000,81,685.4866666666665,0 days 00:00:07.856000,10852.0,176.0,3,97.0,False,0,car,446.91888888888894,0.10543018795496405,OnTrack,2175.9401439668077,5767.1027067932255,538.7188077179776
2026-08-21 15:13:19.089,0 days 00:56:56.704000,81,688.5466666666665,0 days 00:00:07.964000,11128.75,178.7,3,98.35,False,0,pos,452.3335391156655,0.1067075284418222,OnTrack,2152.0,5700.0,538.0
2026-08-21 15:13:19.221,0 days 00:56:56.836000,81,692.2866666666666,0 days 00:00:08.096000,11467.0,182.0,4,100.0,False,0,car,459.05222222222227,0.10829249618506348,OnTrack,2135.2578528917074,5652.6482104827155,537.0897551638282
2026-08-21 15:13:19.381,0 days 00:56:56.996000,81,696.5533333333333,0 days 00:00:08.256000,11810.0,188.0,4,99.0,False,0,car,467.4077777777778,0.11026360954498543,OnTrack,2123.6147200173737,5622.220560861437,535.8574544839673
2026-08-21 15:13:19.469,0 days 00:56:57.084000,81,698.851111111111,0 days 00:00:08.344000,11866.466666666667,190.2,4,99.0,False,0,pos,472.0843442741803,0.11136683274041896,OnTrack,2107.0,5583.0,535.0
2026-08-21 15:13:19.621,0 days 00:56:57.236000,81,702.8199999999997,0 days 00:00:08.496000,11964.0,194.0,4,99.0,False,0,car,480.34111111111116,0.11331464139465187,OnTrack,2062.20778690561,5479.475926967306,533.2768807287451
2026-08-21 15:13:19.648,0 days 00:56:57.263000,81,703.4425014755552,0 days 00:00:08.523000,11886.1216904,195.0125024,4,99.0,False,0,pos,481.8411402364653,0.1136685050521428,OnTrack,2055.0,5463.0,533.0
2026-08-21 15:13:19.941,0 days 00:56:57.556000,81,710.1977777777774,0 days 00:00:08.816000,11041.0,206.0,5,99.0,False,0,car,498.6522222222223,0.11763431535362978,OnTrack,2013.6666447483985,5372.594739736182,531.1453249123742
2026-08-21 15:13:20.088,0 days 00:56:57.703000,81,713.4236125155552,0 days 00:00:08.963000,11168.89005568,210.41000192,5,99.0,False,0,pos,507.27365450195174,0.11966815023573263,OnTrack,1983.0,5304.0,531.0
2026-08-21 15:13:20.141,0 days 00:56:57.756000,81,714.5866666666664,0 days 00:00:09.016000,11215.0,212.0,5,99.0,False,0,car,510.43,0.12041274641947722,OnTrack,1966.4825601362309,5266.334125846666,531.075400063137
2026-08-21 15:13:20.368,0 days 00:56:57.983000,81,719.0636123733331,0 days 00:00:09.243000,11443.13506432,217.6750016,5,99.0,False,0,pos,524.3122305158007,0.12368762740773384,OnTrack,1886.0,5082.0,532.0
2026-08-21 15:13:20.541,0 days 00:56:58.156000,81,722.4755555555553,0 days 00:00:09.416000,11617.0,222.0,5,99.0,False,0,car,535.0966666666667,0.1262317246894596,OnTrack,1862.8565761247519,5031.761097492926,533.0088581054456
2026-08-21 15:13:20.668,0 days 00:56:58.283000,81,724.8744456533329,0 days 00:00:09.543000,11732.8875584,224.11666773333334,5,99.0,False,0,pos,543.0417085466614,0.12810599601596456,OnTrack,1846.0,4979.0,534.0
2026-08-21 15:13:20.781,0 days 00:56:58.396000,81,727.0088888888885,0 days 00:00:09.656000,11836.0,226.0,5,99.0,False,0,car,550.1633333333334,0.12978601952463803,OnTrack,1817.4992526454496,4879.663628760515,535.1208033263388
2026-08-21 15:13:20.908,0 days 00:56:58.523000,81,729.3019455999996,0 days 00:00:09.783000,11999.19508224,228.54000128,5,99.0,False,0,pos,558.257797986713,0.13169554035944164,OnTrack,1785.0,4749.0,536.0
2026-08-21 15:13:20.981,0 days 00:56:58.596000,81,730.6199999999997,0 days 00:00:09.856000,12093.0,230.0,5,99.0,False,0,car,562.9411111111111,0.1328003551149442,OnTrack,1773.933729581246,4686.027598376288,535.9772517835679
2026-08-21 15:13:21.288,0 days 00:56:58.903000,81,736.0777789155554,0 days 00:00:10.163000,12153.63251264,232.30250048,5,99.0,False,0,pos,582.7957147600598,0.13748414594706634,OnTrack,1770.0,4505.0,533.0
2026-08-21 15:13:21.381,0 days 00:56:58.996000,81,737.731111111111,0 days 00:00:10.256000,12172.0,233.0,5,99.0,False,0,car,588.83,0.13890766113704284,OnTrack,1771.3746398224005,4468.665417942397,531.9838531947588
2026-08-21 15:13:21.581,0 days 00:56:59.196000,81,741.3422222222221,0 days 00:00:10.456000,12015.0,233.0,5,99.0,False,0,car,601.7744444444444,0.14196131414809213,OnTrack,1775.4956425395296,4409.149998242861,530.0007944784803
2026-08-21 15:13:21.748,0 days 00:56:59.363000,81,744.6358345955554,0 days 00:00:10.623000,11893.9249536,229.3468736,5,53.5968576,False,0,pos,612.3961449374808,0.14446702135184508,OnTrack,1785.0,4295.0,530.0
2026-08-21 15:13:21.901,0 days 00:56:59.516000,81,747.6533333333332,0 days 00:00:10.776000,11783.0,226.0,5,12.0,True,0,car,621.8633333333333,0.14670037392833002,OnTrack,1798.9362229049077,4125.075152887297,531.5789949029969
2026-08-21 15:13:21.948,0 days 00:56:59.563000,81,748.7891682133333,0 days 00:00:10.823000,11657.1279536,223.6499968,5,11.7062496,True,0,pos,624.7048123480209,0.1473706916840494,OnTrack,1802.0,4084.0,532.0
2026-08-21 15:13:22.221,0 days 00:56:59.836000,81,755.3866666666667,0 days 00:00:11.096000,10926.0,210.0,5,10.0,True,0,car,640.53,0.15110392505155992,OnTrack,1800.313396285216,4006.8722154895177,532.9541002559553
2026-08-21 15:13:22.228,0 days 00:56:59.843000,81,755.5850018133333,0 days 00:00:11.103000,10953.8252544,209.43999488,5,10.21000192,True,0,pos,640.9180833238185,0.1511954756635157,OnTrack,1800.0,4005.0,533.0
2026-08-21 15:13:22.421,0 days 00:57:00.036000,81,761.0533333333333,0 days 00:00:11.296000,11721.0,194.0,4,16.0,True,0,car,651.3077777777777,0.15364645159294862,OnTrack,1787.5971753607669,3922.635912347611,535.1999344932882
2026-08-21 15:13:22.620,0 days 00:57:00.235000,81,767.0233333333332,0 days 00:00:11.495000,11216.0,187.0,4,17.0,True,0,car,661.6447222222221,0.15608498355647174,OnTrack,1754.0963650954077,3809.357284542067,538.8370138136726
2026-08-21 15:13:22.628,0 days 00:57:00.243000,81,767.2766666666665,0 days 00:00:11.503000,11207.4,186.7,4,17.1,True,0,pos,662.052383253398,0.15618115263817164,OnTrack,1752.0,3805.0,539.0
2026-08-21 15:13:22.780,0 days 00:57:00.395000,81,772.0899999999998,0 days 00:00:11.655000,11044.0,181.0,4,19.0,True,0,car,669.6891666666666,0.1579827043976732,OnTrack,1702.842126583412,3726.1931403695194,542.2087185936485
2026-08-21 15:13:22.828,0 days 00:57:00.443000,81,773.6633333333331,0 days 00:00:11.703000,11024.9,180.4,4,20.8,True,0,pos,672.0683071956543,0.15854395441278457,OnTrack,1687.0,3705.0,543.0
2026-08-21 15:13:23.188,0 days 00:57:00.803000,81,785.463333333333,0 days 00:00:12.063000,10881.65,175.9,4,34.3,True,0,pos,689.549110084343,0.16266775490539775,OnTrack,1569.0,3599.0,545.0
2026-08-21 15:13:23.260,0 days 00:57:00.875000,81,787.823333333333,0 days 00:00:12.135000,10853.0,175.0,4,37.0,False,0,car,693.0224999999999,0.1634871433017106,OnTrack,1532.1180130587506,3576.606242731764,545.5837410449417
2026-08-21 15:13:23.428,0 days 00:57:01.043000,81,793.3299999999998,0 days 00:00:12.303000,10997.9,174.3,4,48.2,False,0,pos,701.1303042533997,0.16539981100851345,OnTrack,1440.0,3526.0,547.0
2026-08-21 15:13:23.500,0 days 00:57:01.115000,81,795.6899999999999,0 days 00:00:12.375000,11060.0,174.0,4,53.0,False,0,car,704.6225,0.16622363578543203,OnTrack,1410.2378040353822,3511.385057513576,547.1628647854836
2026-08-21 15:13:23.708,0 days 00:57:01.323000,81,802.2188888888888,0 days 00:00:12.583000,11160.533333333333,175.73333333333332,4,58.2,False,0,pos,714.8026075211957,0.16862516920915857,OnTrack,1340.0,3483.0,547.0
2026-08-21 15:13:23.860,0 days 00:57:01.475000,81,806.99,0 days 00:00:12.735000,11234.0,177.0,4,62.0,False,0,car,722.3224999999999,0.1703991458683518,OnTrack,1269.6761143163578,3455.6311125903994,547.8499215490923
2026-08-21 15:13:23.908,0 days 00:57:01.523000,81,808.4300000000001,0 days 00:00:12.783000,11244.8,177.5142857142857,4,64.22857142857143,False,0,pos,724.7105965667815,0.17096250865329998,OnTrack,1247.0,3447.0,548.0
2026-08-21 15:13:24.140,0 days 00:57:01.755000,81,815.3900000000001,0 days 00:00:13.015000,11297.0,180.0,4,75.0,False,0,car,736.3225,0.17370180921077427,OnTrack,1144.3171120985105,3409.6498788819854,546.8997221699302
2026-08-21 15:13:24.248,0 days 00:57:01.863000,81,818.5700000000002,0 days 00:00:13.123000,10928.1125,179.325,4,52.05,False,0,pos,741.743826564674,0.17498072467594925,OnTrack,1087.0,3388.0,546.0
2026-08-21 15:13:24.460,0 days 00:57:02.075000,81,824.8122222222224,0 days 00:00:13.335000,10204.0,178.0,4,7.0,True,0,car,752.1447222222222,0.17743434301998817,OnTrack,950.780884395873,3332.9697958462907,544.2455225501927
2026-08-21 15:13:24.488,0 days 00:57:02.103000,81,825.7300000000002,0 days 00:00:13.363000,10264.963636363636,176.66363636363636,4,7.1909090909090905,True,0,pos,753.4553500453983,0.17774352605335692,OnTrack,935.0,3326.0,544.0
2026-08-21 15:13:24.888,0 days 00:57:02.503000,81,838.8411111111111,0 days 00:00:13.763000,11135.872727272726,157.57272727272726,4,9.918181818181818,True,0,pos,770.8302538925457,0.18184234448293465,OnTrack,799.0,3246.0,540.0
2026-08-21 15:13:24.900,0 days 00:57:02.515000,81,839.2344444444444,0 days 00:00:13.775000,11162.0,157.0,3,10.0,True,0,car,771.333611111111,0.1819610887282132,OnTrack,796.0549891981273,3243.726386121938,539.8684338367148
2026-08-21 15:13:25.148,0 days 00:57:02.763000,81,847.4322222222222,0 days 00:00:14.023000,10716.977777777778,151.48888888888888,3,9.311111111111112,True,0,pos,781.6260337630081,0.1843891177994374,OnTrack,739.0,3191.0,537.0
2026-08-21 15:13:25.260,0 days 00:57:02.875000,81,851.1344444444444,0 days 00:00:14.135000,10516.0,149.0,3,9.0,True,0,car,786.233611111111,0.1854760661426485,OnTrack,712.5036585870141,3157.026476138882,535.5908606388487
2026-08-21 15:13:25.408,0 days 00:57:03.023000,81,855.8622222222223,0 days 00:00:14.283000,10371.083333333334,147.76666666666668,3,18.866666666666667,True,0,pos,792.2993660476384,0.18690700517643327,OnTrack,681.0,3105.0,534.0
2026-08-21 15:13:25.500,0 days 00:57:03.115000,81,858.8011111111111,0 days 00:00:14.375000,10281.0,147.0,3,25.0,False,0,car,796.033611111111,0.18778793048234418,OnTrack,667.0267153505996,3071.624858965549,533.439118237824
2026-08-21 15:13:25.569,0 days 00:57:03.184000,81,861.0052766095233,0 days 00:00:14.444000,10289.142852826972,145.71428639574117,3,24.571428798580392,False,0,pos,798.8077369237317,0.1884423593129592,OnTrack,659.0,3046.0,533.0
2026-08-21 15:13:25.661,0 days 00:57:03.276000,81,863.9441666666665,0 days 00:00:14.536000,10300.0,144.0,3,24.0,False,0,car,802.4736111111109,0.1893071556198585,OnTrack,651.1501310057199,3010.938793041028,532.1423995774591
2026-08-21 15:13:25.769,0 days 00:57:03.384000,81,867.4541666666667,0 days 00:00:14.644000,10176.4,142.8,3,21.3,False,0,pos,806.7334814197278,0.19031207829926866,OnTrack,646.0,2969.0,531.0
2026-08-21 15:13:26.009,0 days 00:57:03.624000,81,875.2541666666668,0 days 00:00:14.884000,9901.733333333334,140.13333333333333,3,15.3,False,0,pos,816.0169686022427,0.19250209492837872,OnTrack,650.0,2876.0,529.0
2026-08-21 15:13:26.021,0 days 00:57:03.636000,81,875.6441666666668,0 days 00:00:14.896000,9888.0,140.0,3,15.0,True,0,car,816.4736111111109,0.1926098189622809,OnTrack,650.7777766784336,2871.464758894368,528.9067030905427
2026-08-21 15:13:26.181,0 days 00:57:03.796000,81,881.0663888888889,0 days 00:00:15.056000,9602.0,135.0,3,9.0,True,0,car,822.4736111111108,0.19402524610903338,OnTrack,666.474117491543,2812.4349682892725,527.6763279570745
2026-08-21 15:13:26.348,0 days 00:57:03.963000,81,887.1433356622224,0 days 00:00:15.223000,9602.927778133333,131.75277653333333,3,26.163895466666666,True,0,pos,828.4569279905567,0.195436737632165,OnTrack,691.0,2759.0,527.0
2026-08-21 15:13:26.388,0 days 00:57:04.003000,81,888.5988912177779,0 days 00:00:15.263000,9603.150000355556,130.97499875555556,3,30.275006577777777,True,0,pos,829.8510974373683,0.19576562851253004,OnTrack,698.0,2748.0,527.0
2026-08-21 15:13:26.541,0 days 00:57:04.156000,81,894.1663888888892,0 days 00:00:15.416000,9604.0,128.0,3,46.0,False,0,car,835.2736111111109,0.19704482402210532,OnTrack,743.5797771495407,2701.1371947045914,526.93853204033
2026-08-21 15:13:26.748,0 days 00:57:04.363000,81,901.4688911466668,0 days 00:00:15.623000,9913.021524114285,131.69642971428573,3,61.5250048,False,0,pos,842.8574680226257,0.1988338901803794,OnTrack,820.0,2642.0,527.0
2026-08-21 15:13:26.821,0 days 00:57:04.436000,81,904.0441666666667,0 days 00:00:15.696000,10022.0,133.0,3,67.0,False,0,car,845.6180555555553,0.19948512526956189,OnTrack,838.8459815989089,2628.581999071186,527.1982345019244
2026-08-21 15:13:27.068,0 days 00:57:04.683000,81,912.1402798755555,0 days 00:00:15.943000,10446.702887822223,139.8611128888889,3,67.0,False,0,pos,855.3244423276749,0.20177490582525137,OnTrack,904.0,2604.0,530.0
2026-08-21 15:13:27.181,0 days 00:57:04.796000,81,915.8441666666665,0 days 00:00:16.056000,10641.0,143.0,3,67.0,False,0,car,859.9180555555554,0.20285855996932195,OnTrack,966.258835142504,2595.4941031633393,533.7273740281398
2026-08-21 15:13:27.348,0 days 00:57:04.963000,81,920.9005574933333,0 days 00:00:16.223000,11007.56514048,147.1750016,3,74.93250304,False,0,pos,866.8572977257796,0.20449555859359275,OnTrack,1064.0,2587.0,540.0
2026-08-21 15:13:27.581,0 days 00:57:05.196000,81,927.955277777778,0 days 00:00:16.456000,11519.0,153.0,3,86.0,False,0,car,876.9180555555553,0.2068689368851206,OnTrack,1118.4184175408127,2589.9118765986996,544.5516537464592
2026-08-21 15:13:27.708,0 days 00:57:05.323000,81,931.4125017422223,0 days 00:00:16.583000,11536.4625088,157.44500224,3,89.49250176,False,0,pos,882.6382781537768,0.2082183632769522,OnTrack,1168.0,2604.0,549.0
2026-08-21 15:13:27.928,0 days 00:57:05.543000,81,937.4013906311111,0 days 00:00:16.803000,11566.7125088,165.14500224,3,95.54250176000001,False,0,pos,892.9287284663307,0.21064592706440158,OnTrack,1324.0,2647.0,562.0
2026-08-21 15:13:27.981,0 days 00:57:05.596000,81,938.8441666666666,0 days 00:00:16.856000,11574.0,167.0,3,97.0,False,0,car,895.4736111111109,0.2112462763945218,OnTrack,1351.427799791489,2654.7405576057013,564.2173501033736
2026-08-21 15:13:28.181,0 days 00:57:05.796000,81,943.7886111111112,0 days 00:00:17.056000,11358.0,177.0,4,99.0,False,0,car,905.3069444444442,0.21356600421836608,OnTrack,1403.7491544811924,2670.8586862418,568.0214037443907
2026-08-21 15:13:28.288,0 days 00:57:05.903000,81,946.3150015111113,0 days 00:00:17.163000,11716.98521472,180.74500224,4,99.0,False,0,pos,910.7234240569269,0.21484377626558931,OnTrack,1438.0,2682.0,570.0
2026-08-21 15:13:28.381,0 days 00:57:05.996000,81,948.5108333333336,0 days 00:00:17.256000,12029.0,184.0,4,99.0,False,0,car,915.5291666666664,0.21597747269061102,OnTrack,1480.6060153340875,2695.702240471234,572.3715804073189
2026-08-21 15:13:28.608,0 days 00:57:06.223000,81,953.1769457600003,0 days 00:00:17.483000,11452.672059733333,191.5666688,4,99.0,False,0,pos,927.6773281157664,0.21884327894030903,OnTrack,1597.0,2734.0,578.0
2026-08-21 15:13:28.741,0 days 00:57:06.356000,81,955.9108333333336,0 days 00:00:17.616000,11115.0,196.0,4,99.0,False,0,car,935.1291666666664,0.22060120137000244,OnTrack,1636.2966387447052,2749.160914256079,578.663766350629
2026-08-21 15:13:28.768,0 days 00:57:06.383000,81,956.3383343466669,0 days 00:00:17.643000,11118.1821504,197.5428608,4,99.0,False,0,pos,936.6757659546022,0.2209660511395512,OnTrack,1646.0,2753.0,579.0
2026-08-21 15:13:29.008,0 days 00:57:06.623000,81,960.1383343466669,0 days 00:00:17.883000,11146.467864685714,211.25714651428572,4,99.0,False,0,pos,950.8389743996544,0.2243072160925913,OnTrack,1773.0,2802.0,586.0
2026-08-21 15:13:29.021,0 days 00:57:06.636000,81,960.3441666666669,0 days 00:00:17.896000,11148.0,212.0,5,99.0,False,0,car,951.6180555555553,0.22449100486218887,OnTrack,1779.8239413589697,2804.5581833288525,586.3133794639159
2026-08-21 15:13:29.301,0 days 00:57:06.916000,81,963.9219444444445,0 days 00:00:18.176000,11568.0,219.0,5,99.0,False,0,car,968.6513888888885,0.22850924526213612,OnTrack,1908.689698715768,2850.72445955547,589.6982540906326
2026-08-21 15:13:29.328,0 days 00:57:06.943000,81,964.1169448439531,0 days 00:00:18.203000,11619.82925191421,220.0854293594599,5,99.13567866993249,False,0,pos,970.3302402665029,0.22890529389800912,OnTrack,1921.0,2855.0,590.0
2026-08-21 15:13:29.500,0 days 00:57:07.115000,81,965.3591666666667,0 days 00:00:18.375000,11950.0,227.0,5,100.0,False,0,car,981.1994444444441,0.23146938834085137,OnTrack,2003.0115799566704,2883.1070819293923,592.416868752218
2026-08-21 15:13:29.628,0 days 00:57:07.243000,81,965.6436111111112,0 days 00:00:18.503000,11438.0,230.6,5,99.6,False,0,pos,989.4959895000203,0.2334265808568376,OnTrack,2100.0,2913.0,594.0
2026-08-21 15:13:29.788,0 days 00:57:07.403000,81,965.9991666666667,0 days 00:00:18.663000,10798.0,235.1,5,99.1,False,0,pos,1000.0549165200699,0.235917479514297,OnTrack,2275.0,2963.0,595.0
2026-08-21 15:13:29.820,0 days 00:57:07.435000,81,966.0702777777778,0 days 00:00:18.695000,10670.0,236.0,5,99.0,False,0,car,1002.1772222222219,0.23641814103171926,OnTrack,2304.7796694188332,2971.0808310577318,595.0775233095396
2026-08-21 15:13:30.100,0 days 00:57:07.715000,81,965.4480555555554,0 days 00:00:18.975000,11058.0,241.0,6,100.0,False,0,car,1020.9216666666664,0.24084004028462933,OnTrack,2445.0218150421993,3001.1358833528566,594.1439521875837
2026-08-21 15:13:30.268,0 days 00:57:07.883000,81,964.6547222222223,0 days 00:00:19.143000,11185.4,245.2,6,100.0,False,0,pos,1032.4047393891706,0.24354894909455685,OnTrack,2513.0,3010.0,593.0
2026-08-21 15:13:30.340,0 days 00:57:07.955000,81,964.3147222222224,0 days 00:00:19.215000,11240.0,247.0,6,100.0,False,0,car,1037.3883333333329,0.24472460145404992,OnTrack,2550.0519925934836,3015.1302605223373,592.4826809247226
2026-08-21 15:13:30.488,0 days 00:57:08.103000,81,962.9580555555557,0 days 00:00:19.363000,11394.988888888889,250.2888888888889,6,100.0,False,0,pos,1047.7530775173338,0.2471696915019132,OnTrack,2665.0,3027.0,590.0
2026-08-21 15:13:30.648,0 days 00:57:08.263000,81,961.4913888888891,0 days 00:00:19.523000,11562.544444444444,253.84444444444443,6,100.0,False,0,pos,1059.1436864564366,0.24985678768698777,OnTrack,2877.0,3038.0,583.0
2026-08-21 15:13:30.700,0 days 00:57:08.315000,81,961.0147222222224,0 days 00:00:19.575000,11617.0,255.0,6,100.0,False,0,car,1062.8883333333329,0.2507401668277479,OnTrack,2932.212656561901,3040.006455291348,581.0785728421251
2026-08-21 15:13:31.060,0 days 00:57:08.675000,81,956.7147222222227,0 days 00:00:19.935000,11252.0,264.0,6,100.0,False,0,car,1089.2883333333327,0.25696804627345876,OnTrack,3090.366184273707,3032.4629228413514,574.069577410333
2026-08-21 15:13:31.128,0 days 00:57:08.743000,81,955.8836111111115,0 days 00:00:20.003000,11118.914285714285,264.9714285714286,6,100.0,False,0,pos,1094.3171309058162,0.2581543623733948,OnTrack,3125.0,3029.0,572.0
2026-08-21 15:13:31.328,0 days 00:57:08.943000,81,953.4391666666667,0 days 00:00:20.203000,10727.485714285714,267.8285714285714,6,100.0,False,0,pos,1109.2259454208454,0.2616714191718064,OnTrack,3273.0,3014.0,563.0
2026-08-21 15:13:31.340,0 days 00:57:08.955000,81,953.2925,0 days 00:00:20.215000,10704.0,268.0,7,100.0,False,0,car,1110.1327777777772,0.26188534502773214,OnTrack,3284.2642700302026,3012.4798741929662,562.3107439715253
2026-08-21 15:13:31.508,0 days 00:57:09.123000,81,950.9124999999999,0 days 00:00:20.383000,10809.466666666667,272.2,7,99.53333333333333,False,0,pos,1122.991680297543,0.26491881831171893,OnTrack,3452.0,2986.0,552.0
2026-08-21 15:13:31.700,0 days 00:57:09.315000,81,948.1924999999999,0 days 00:00:20.575000,10930.0,277.0,7,99.0,False,0,car,1137.8327777777772,0.26841990035523944,OnTrack,3568.4115074297033,2964.928739824283,544.737476204101
2026-08-21 15:13:31.788,0 days 00:57:09.403000,81,946.9458333333333,0 days 00:00:20.663000,10969.05,277.0,7,99.0,False,0,pos,1144.5954368802654,0.2700152422348885,OnTrack,3619.0,2955.0,542.0
2026-08-21 15:13:31.860,0 days 00:57:09.475000,81,945.9258333333335,0 days 00:00:20.735000,11001.0,277.0,7,99.0,False,0,car,1150.1438888888883,0.27132414716746484,OnTrack,3667.661814235717,2945.379267538561,539.6428880296855
2026-08-21 15:13:32.060,0 days 00:57:09.675000,81,942.9258333333337,0 days 00:00:20.935000,11121.0,281.0,7,99.0,False,0,car,1165.7549999999994,0.27500687891040415,OnTrack,3825.795203534838,2914.3708058608186,533.2398304603481
2026-08-21 15:13:32.069,0 days 00:57:09.684000,81,942.7883342928163,0 days 00:00:20.944000,11125.37834782581,281.1122653288669,7,99.0,False,0,pos,1166.4634462185882,0.2751740045787049,OnTrack,3833.0,2913.0,533.0
2026-08-21 15:13:32.289,0 days 00:57:09.904000,81,939.4272227344886,0 days 00:00:21.164000,11232.405389093441,283.8565484382934,7,99.0,False,0,pos,1183.9303136963613,0.2792945176448329,OnTrack,4008.0,2882.0,528.0
2026-08-21 15:13:32.409,0 days 00:57:10.024000,81,937.5938891572189,0 days 00:00:21.284000,11290.78377523942,285.35343013434414,7,99.0,False,0,pos,1193.5401130523994,0.281561512792063,OnTrack,4103.0,2869.0,525.0
2026-08-21 15:13:32.541,0 days 00:57:10.156000,81,935.5772222222222,0 days 00:00:21.416000,11355.0,287.0,7,99.0,False,0,car,1204.1013888888886,0.2840529655459476,OnTrack,4207.261206177983,2858.185014052535,523.806812342987
2026-08-21 15:13:32.649,0 days 00:57:10.264000,81,933.3872222222224,0 days 00:00:21.524000,11371.74,287.54,7,99.0,False,0,pos,1212.7347729204496,0.28608961990038273,OnTrack,4293.0,2853.0,524.0
2026-08-21 15:13:32.741,0 days 00:57:10.356000,81,931.521666666667,0 days 00:00:21.616000,11386.0,288.0,7,99.0,False,0,car,1220.1013888888886,0.28782743793728754,OnTrack,4366.7120497168025,2851.758055433579,524.5293939266322
2026-08-21 15:13:32.829,0 days 00:57:10.444000,81,929.1505555555558,0 days 00:00:21.704000,11404.542857142857,288.62857142857143,7,99.0,False,0,pos,1227.1714528028165,0.2894952980027956,OnTrack,4436.0,2853.0,525.0
2026-08-21 15:13:33.021,0 days 00:57:10.636000,81,923.9772222222223,0 days 00:00:21.896000,11445.0,290.0,7,99.0,False,0,car,1242.6569444444442,0.2931483955445237,OnTrack,4583.198550600998,2865.2053996003183,524.9711500524064
2026-08-21 15:13:33.068,0 days 00:57:10.683000,81,922.4236089955556,0 days 00:00:21.943000,11454.903584914286,290.16785737142857,7,99.0,False,0,pos,1246.4533585874358,0.2940439868175746,OnTrack,4626.0,2873.0,525.0
2026-08-21 15:13:33.301,0 days 00:57:10.916000,81,914.7216666666668,0 days 00:00:22.176000,11504.0,291.0,7,99.0,False,0,car,1265.2902777777774,0.29848770128144,OnTrack,4880.095710176971,2940.807890323822,525.8864551381862
2026-08-21 15:13:33.348,0 days 00:57:10.963000,81,913.0766644266668,0 days 00:00:22.223000,11515.4562656,291.0,7,99.0,False,0,pos,1269.0885367690128,0.2993837277625385,OnTrack,4922.0,2954.0,526.0
2026-08-21 15:13:33.461,0 days 00:57:11.076000,81,909.1216666666664,0 days 00:00:22.336000,11543.0,291.0,7,99.0,False,0,car,1278.2236111111108,0.3015387331311064,OnTrack,4996.940005698406,2980.4130426631164,526.0266431915447
2026-08-21 15:13:33.688,0 days 00:57:11.303000,81,900.6091642666662,0 days 00:00:22.563000,11555.2958368,291.9458336,7,99.0,False,0,pos,1296.6340101835349,0.30588182956938226,OnTrack,5101.0,3032.0,526.0
2026-08-21 15:13:33.701,0 days 00:57:11.316000,81,900.1216666666662,0 days 00:00:22.576000,11556.0,292.0,7,99.0,False,0,car,1297.6902777777777,0.30613100787390335,OnTrack,5108.9712859678875,3036.188098107977,526.0545838970926
2026-08-21 15:13:33.908,0 days 00:57:11.523000,81,891.7841640888886,0 days 00:00:22.783000,11556.862500266667,292.86250026666664,7,99.0,False,0,pos,1314.5340362054646,0.31010452669588484,OnTrack,5260.0,3118.0,528.0
2026-08-21 15:13:33.941,0 days 00:57:11.556000,81,890.4549999999997,0 days 00:00:22.816000,11557.0,293.0,7,99.0,False,0,car,1317.223611111111,0.3107390095849975,OnTrack,5284.255517402385,3131.93434166316,528.5565165989219
2026-08-21 15:13:34.168,0 days 00:57:11.783000,81,880.744441706666,0 days 00:00:23.043000,11580.64584,293.9458336,7,99.0,False,0,pos,1335.7598338680418,0.3151117883997326,OnTrack,5444.0,3229.0,534.0
2026-08-21 15:13:34.181,0 days 00:57:11.796000,81,880.1883333333326,0 days 00:00:23.056000,11582.0,294.0,7,99.0,False,0,car,1336.8236111111112,0.31536273826438893,OnTrack,5452.96837936187,3234.5301222581884,534.3597754445788
2026-08-21 15:13:34.408,0 days 00:57:12.023000,81,869.9733304533327,0 days 00:00:23.283000,11590.827780266667,294.6305557333333,7,99.63055573333334,False,0,pos,1355.4368945470544,0.319753696041961,OnTrack,5613.0,3332.0,542.0
2026-08-21 15:13:34.541,0 days 00:57:12.156000,81,863.9883333333328,0 days 00:00:23.416000,11596.0,295.0,7,100.0,False,0,car,1366.3236111111112,0.32232192173592195,OnTrack,5720.690959616186,3393.5685579840024,549.0688739136126
2026-08-21 15:13:34.628,0 days 00:57:12.243000,81,859.9041636622217,0 days 00:00:23.503000,11596.21750016,294.56499968,7,100.0,False,0,pos,1373.422758460734,0.3239966427154973,OnTrack,5799.0,3433.0,554.0
2026-08-21 15:13:34.941,0 days 00:57:12.556000,81,845.2105555555552,0 days 00:00:23.816000,11597.0,293.0,7,100.0,False,0,car,1398.8791666666666,0.33000192458774547,OnTrack,6110.949108738893,3550.381384764884,569.2686897869726
2026-08-21 15:13:34.988,0 days 00:57:12.603000,81,842.9388857955552,0 days 00:00:23.863000,11582.8999808,293.0,7,100.0,False,0,pos,1402.705042798611,0.33090446607728996,OnTrack,6147.0,3562.0,571.0
2026-08-21 15:13:35.101,0 days 00:57:12.716000,81,837.4772222222218,0 days 00:00:23.976000,11549.0,293.0,7,100.0,False,0,car,1411.9013888888887,0.3330739257284749,OnTrack,6214.142453677636,3582.063024677544,574.4402748450543
2026-08-21 15:13:35.301,0 days 00:57:12.916000,81,827.6438888888888,0 days 00:00:24.176000,11485.0,292.0,7,100.0,False,0,car,1428.123611111111,0.3369008213474723,OnTrack,6283.7262328867155,3594.0729986694205,578.5979170273355
2026-08-21 15:13:35.448,0 days 00:57:13.063000,81,820.33471904,0 days 00:00:24.323000,11474.8937456,291.5406248,7,100.0,False,0,pos,1440.0182843297566,0.3397068285767091,OnTrack,6389.0,3603.0,583.0
2026-08-21 15:13:35.621,0 days 00:57:13.236000,81,811.7327777777778,0 days 00:00:24.496000,11463.0,291.0,7,100.0,False,0,car,1453.9902777777777,0.3430028850468052,OnTrack,6578.369055603565,3617.546398756434,589.7759793853942
2026-08-21 15:13:35.628,0 days 00:57:13.243000,81,811.3886079644444,0 days 00:00:24.503000,11462.199992685715,290.9749997714286,7,100.0,False,0,pos,1454.5550368466438,0.34313611426637985,OnTrack,6585.0,3618.0,590.0
2026-08-21 15:13:35.901,0 days 00:57:13.516000,81,797.9661111111109,0 days 00:00:24.776000,11431.0,290.0,7,100.0,False,0,car,1476.5458333333333,0.34832384265404137,OnTrack,6754.105429254446,3624.6662924907696,594.6446165501201
2026-08-21 15:13:35.928,0 days 00:57:13.543000,81,796.6761083987732,0 days 00:00:24.803000,11423.317975479706,289.88702905117214,7,100.0,False,0,pos,1478.7173057349064,0.3488361028183098,OnTrack,6772.0,3625.0,595.0
2026-08-21 15:13:36.140,0 days 00:57:13.755000,81,786.5472222222218,0 days 00:00:25.015000,11363.0,289.0,7,100.0,False,0,car,1495.7322222222224,0.3528499986009553,OnTrack,6942.598226280727,3627.9169435547074,597.9130788474888
2026-08-21 15:13:36.148,0 days 00:57:13.763000,81,786.1805555555551,0 days 00:00:25.023000,11359.533333333333,288.93333333333334,7,99.96666666666667,False,0,pos,1496.372143937426,0.3530009590288713,OnTrack,6949.0,3628.0,598.0
2026-08-21 15:13:36.380,0 days 00:57:13.995000,81,775.5472222222218,0 days 00:00:25.255000,11259.0,287.0,7,99.0,False,0,car,1514.8655555555556,0.3573636385022659,OnTrack,7125.701664776124,3628.758504617718,599.2678077250362
2026-08-21 15:13:36.448,0 days 00:57:14.063000,81,772.5438888888883,0 days 00:00:25.323000,11264.44,286.66,7,99.0,False,0,pos,1520.2734597344397,0.358639387565904,OnTrack,7189.0,3628.0,599.0
2026-08-21 15:13:36.580,0 days 00:57:14.195000,81,766.713888888888,0 days 00:00:25.455000,11275.0,286.0,7,99.0,False,0,car,1530.7544444444445,0.3611118992797771,OnTrack,7333.850920419614,3625.112995753683,597.5904619312016
2026-08-21 15:13:36.628,0 days 00:57:14.243000,81,764.7805555555548,0 days 00:00:25.503000,11260.6,285.8285714285714,7,99.17142857142858,False,0,pos,1534.5577449325328,0.36200911507279326,OnTrack,7382.0,3624.0,597.0
2026-08-21 15:13:36.860,0 days 00:57:14.475000,81,755.4361111111104,0 days 00:00:25.735000,11191.0,285.0,7,100.0,False,0,car,1552.9211111111113,0.3663411162386126,OnTrack,7533.321120368953,3619.6640105295464,594.4261498658572
2026-08-21 15:13:37.008,0 days 00:57:14.623000,81,750.0505555555549,0 days 00:00:25.883000,11118.85,285.0,7,77.18333333333334,False,0,pos,1564.6854610688738,0.3691163796209648,OnTrack,7619.0,3614.0,592.0
2026-08-21 15:13:37.100,0 days 00:57:14.715000,81,746.7027777777771,0 days 00:00:25.975000,11074.0,285.0,7,63.0,False,0,car,1571.9211111111115,0.3708233022033288,OnTrack,7685.011914767398,3608.2566083546153,589.8909940371784
2026-08-21 15:13:37.308,0 days 00:57:14.923000,81,740.4049999999992,0 days 00:00:26.183000,10880.95,278.5,7,39.6,False,0,pos,1587.8758663529197,0.37458710115150334,OnTrack,7850.0,3589.0,585.0
2026-08-21 15:13:37.368,0 days 00:57:14.983000,81,738.5883333333325,0 days 00:00:26.243000,10825.2625,276.625,7,32.85,False,0,pos,1592.42516644441,0.37566030162620645,OnTrack,7895.0,3581.0,584.0
2026-08-21 15:13:37.420,0 days 00:57:15.035000,81,737.013888888888,0 days 00:00:26.295000,10777.0,275.0,7,27.0,False,0,car,1596.365555555556,0.37658985724565375,OnTrack,7941.91331324383,3568.814394838363,582.208967991609
2026-08-21 15:13:37.580,0 days 00:57:15.195000,81,732.4361111111102,0 days 00:00:26.455000,10641.0,272.0,7,20.0,False,0,car,1608.4544444444448,0.3794416808302216,OnTrack,8123.731276640878,3504.486907362871,571.7824325679617
2026-08-21 15:13:37.648,0 days 00:57:15.263000,81,730.7172222222213,0 days 00:00:26.523000,10591.36,270.3,7,18.64,False,0,pos,1613.542512652914,0.3806419791413542,OnTrack,8185.0,3480.0,568.0
2026-08-21 15:13:37.780,0 days 00:57:15.395000,81,727.3805555555546,0 days 00:00:26.655000,10495.0,267.0,7,16.0,False,0,car,1623.2877777777783,0.3829409312763597,OnTrack,8257.819759179434,3445.930212851515,563.4111037493616
2026-08-21 15:13:38.008,0 days 00:57:15.623000,81,722.9472222222213,0 days 00:00:26.883000,10953.1375,259.1625,7,12.4375,False,0,pos,1639.5803770212488,0.3867844291530875,OnTrack,8318.0,3395.0,559.0
2026-08-21 15:13:38.100,0 days 00:57:15.715000,81,721.1583333333324,0 days 00:00:26.975000,11138.0,256.0,7,11.0,False,0,car,1646.0433333333337,0.38830906978848756,OnTrack,8359.295021909438,3359.595975759338,555.8507319254825
2026-08-21 15:13:38.288,0 days 00:57:15.903000,81,718.1294444444436,0 days 00:00:27.163000,11205.142857142857,251.97142857142856,7,23.75714285714286,False,0,pos,1659.139690025432,0.3913985595860791,OnTrack,8463.0,3259.0,548.0
2026-08-21 15:13:38.380,0 days 00:57:15.995000,81,716.6472222222214,0 days 00:00:27.255000,11238.0,250.0,6,30.0,False,0,car,1665.487777777778,0.3928961022085187,OnTrack,8511.624595523734,3195.98755777998,544.4570952299872
2026-08-21 15:13:38.548,0 days 00:57:16.163000,81,713.8005550508824,0 days 00:00:27.423000,11143.99444316799,247.67312978138588,6,48.149587705190065,False,0,pos,1676.9696884882212,0.3956047368945435,OnTrack,8588.0,3077.0,539.0
2026-08-21 15:13:38.741,0 days 00:57:16.356000,81,710.5302777777767,0 days 00:00:27.616000,11036.0,245.0,6,69.0,False,0,car,1690.0558333333338,0.39869181767122813,OnTrack,8638.180035670457,2981.075242891603,535.2621631646816
2026-08-21 15:13:38.909,0 days 00:57:16.524000,81,706.7502777777769,0 days 00:00:27.784000,11056.533333333333,244.53333333333333,6,74.13333333333334,False,0,pos,1701.4265646708373,0.40137422464014993,OnTrack,8666.0,2889.0,533.0
2026-08-21 15:13:39.101,0 days 00:57:16.716000,81,702.4302777777771,0 days 00:00:27.976000,11080.0,244.0,6,80.0,False,0,car,1714.4558333333337,0.40444788806802145,OnTrack,8695.85955586722,2731.9509002723516,530.451968669103
2026-08-21 15:13:39.169,0 days 00:57:16.784000,81,700.5980555555548,0 days 00:00:28.044000,11109.41,244.51,6,83.06,False,0,pos,1719.095524842887,0.40554241228721793,OnTrack,8702.0,2674.0,530.0
2026-08-21 15:13:39.501,0 days 00:57:17.116000,81,691.652499999999,0 days 00:00:28.376000,11253.0,247.0,6,98.0,False,0,car,1741.9002777777782,0.4109221566837226,OnTrack,8688.268517069833,2423.94216654434,532.2810986972994
2026-08-21 15:13:39.568,0 days 00:57:17.183000,81,689.6611092088879,0 days 00:00:28.443000,11265.841678933333,247.3722225777778,6,98.37222257777778,False,0,pos,1746.5188527770956,0.4120116994226137,OnTrack,8682.0,2384.0,533.0
2026-08-21 15:13:39.861,0 days 00:57:17.476000,81,680.952499999999,0 days 00:00:28.736000,11322.0,249.0,6,100.0,False,0,car,1766.800277777778,0.4167961793427453,OnTrack,8644.357600358719,2240.653986187438,536.4734838167473
2026-08-21 15:13:39.888,0 days 00:57:17.503000,81,680.0899979555545,0 days 00:00:28.763000,11335.5964608,249.2892864,6,100.0,False,0,pos,1768.6808446565524,0.41723981357799544,OnTrack,8638.0,2225.0,537.0
2026-08-21 15:13:40.141,0 days 00:57:17.756000,81,672.0080555555546,0 days 00:00:29.016000,11463.0,252.0,6,100.0,False,0,car,1786.400277777778,0.4214199080221367,OnTrack,8549.742196569812,2044.5650260054256,543.7839687568722
2026-08-21 15:13:40.188,0 days 00:57:17.803000,81,670.4283311822213,0 days 00:00:29.063000,11487.2833664,252.3916672,6,100.0,False,0,pos,1789.7087223135563,0.42220038505704754,OnTrack,8530.0,2009.0,545.0
2026-08-21 15:13:40.381,0 days 00:57:17.996000,81,663.941388888888,0 days 00:00:29.256000,11587.0,254.0,6,100.0,False,0,car,1803.3336111111114,0.4254145579696381,OnTrack,8442.097126991957,1864.4575748847424,549.1228045714449
2026-08-21 15:13:40.568,0 days 00:57:18.183000,81,657.3444421866657,0 days 00:00:29.443000,11596.3500032,254.93500032,6,100.0,False,0,pos,1816.5745096398916,0.4285381458404765,OnTrack,8363.0,1742.0,552.0
2026-08-21 15:13:40.581,0 days 00:57:18.196000,81,656.8858333333324,0 days 00:00:29.456000,11597.0,255.0,6,100.0,False,0,car,1817.500277777778,0.42875653873280367,OnTrack,8358.3109859916,1734.6730734201192,552.1668770502345
2026-08-21 15:13:40.741,0 days 00:57:18.356000,81,651.0191666666656,0 days 00:00:29.616000,11618.0,258.0,6,100.0,False,0,car,1828.9669444444446,0.4314615772799306,OnTrack,8309.219860287423,1657.122766743909,553.8679345664622
2026-08-21 15:13:40.968,0 days 00:57:18.583000,81,642.3174975466658,0 days 00:00:29.843000,11709.7458592,260.8375008,6,99.0541664,False,0,pos,1845.4222906634488,0.4353434679045288,OnTrack,8248.0,1560.0,555.0
2026-08-21 15:13:40.981,0 days 00:57:18.596000,81,641.8191666666658,0 days 00:00:29.856000,11715.0,261.0,6,99.0,False,0,car,1846.3669444444447,0.43556631600551277,OnTrack,8244.008904853914,1553.7699840409693,555.0126311780608
2026-08-21 15:13:41.228,0 days 00:57:18.843000,81,631.8705529777769,0 days 00:00:30.103000,11759.7687616,261.5145834666667,6,99.0,False,0,pos,1864.324129642464,0.4398024972402691,OnTrack,8148.0,1400.0,554.0
2026-08-21 15:13:41.448,0 days 00:57:19.063000,81,623.0094418666658,0 days 00:00:30.323000,11799.6437616,261.9729168,6,99.0,False,0,pos,1880.3516495330937,0.4435834616983212,OnTrack,8018.0,1172.0,551.0
2026-08-21 15:13:41.461,0 days 00:57:19.076000,81,622.4858333333325,0 days 00:00:30.336000,11802.0,262.0,6,99.0,False,0,car,1881.3002777777779,0.44380724739327154,OnTrack,8012.7725922435875,1162.6356822192174,550.8481276728935
2026-08-21 15:13:41.621,0 days 00:57:19.236000,81,616.0858333333329,0 days 00:00:30.496000,11833.0,263.0,6,99.0,False,0,car,1892.9891666666667,0.446564709168056,OnTrack,7983.110085404296,1107.218564518415,549.4874001312473
2026-08-21 15:13:41.748,0 days 00:57:19.363000,81,611.1822197511106,0 days 00:00:30.623000,11816.259082472727,262.7113634909091,6,99.2886365090909,False,0,pos,1902.2820936666328,0.44875695269281296,OnTrack,7965.0,1068.0,548.0
2026-08-21 15:13:41.948,0 days 00:57:19.563000,81,603.4599975288883,0 days 00:00:30.823000,11789.89544610909,262.25681803636365,6,99.74318196363636,False,0,pos,1916.8883531291497,0.45220263538543887,OnTrack,7903.0,936.0,544.0
2026-08-21 15:13:42.061,0 days 00:57:19.676000,81,599.0969444444438,0 days 00:00:30.936000,11775.0,262.0,6,100.0,False,0,car,1925.011388888889,0.4541188962735016,OnTrack,7870.113931084362,862.5469389868165,541.9461852074245
2026-08-21 15:13:42.248,0 days 00:57:19.863000,81,593.1233312888882,0 days 00:00:31.123000,11530.199916218182,257.3249984,6,63.02498734545455,False,0,pos,1938.2121046114967,0.4572330048385584,OnTrack,7815.0,736.0,539.0
2026-08-21 15:13:42.468,0 days 00:57:20.083000,81,586.0955535111103,0 days 00:00:31.343000,11242.199916218182,251.8249984,6,19.524987345454548,False,0,pos,1953.4265603470292,0.46082216378374785,OnTrack,7732.0,552.0,536.0
2026-08-21 15:13:42.501,0 days 00:57:20.116000,81,585.0413888888882,0 days 00:00:31.376000,11199.0,251.0,6,13.0,True,0,car,1955.689166666667,0.46135592285161936,OnTrack,7722.096586110164,530.7460370136563,535.7672060168306
2026-08-21 15:13:42.748,0 days 00:57:20.363000,81,578.3174982577774,0 days 00:00:31.623000,10570.031979885714,243.06071222857142,6,9.471427657142858,True,0,pos,1972.3636369362052,0.4652895058311563,OnTrack,7665.0,421.0,535.0
2026-08-21 15:13:42.781,0 days 00:57:20.396000,81,577.4191666666663,0 days 00:00:31.656000,10486.0,242.0,6,9.0,True,0,car,1974.511388888889,0.4657961702342095,OnTrack,7655.471527427745,405.03634960775014,534.6868348478057
2026-08-21 15:13:42.968,0 days 00:57:20.583000,81,573.6272217942812,0 days 00:00:31.843000,11136.14344254774,229.93548250942337,6,10.340501943397404,True,0,pos,1986.2425855358229,0.46856361260053636,OnTrack,7590.0,307.0,532.0
2026-08-21 15:13:43.060,0 days 00:57:20.675000,81,571.7616666666668,0 days 00:00:31.935000,11456.0,224.0,5,11.0,True,0,car,1991.871388888889,0.46989147277881327,OnTrack,7553.855705955047,265.0664689552647,530.7142536104224
2026-08-21 15:13:43.188,0 days 00:57:20.803000,81,569.8416666666666,0 days 00:00:32.063000,11343.085714285715,220.8,5,13.285714285714285,True,0,pos,1999.6402504019443,0.4717241823596364,OnTrack,7501.0,216.0,529.0
2026-08-21 15:13:43.340,0 days 00:57:20.955000,81,567.5616666666663,0 days 00:00:32.215000,11209.0,217.0,5,16.0,False,0,car,2008.749166666667,0.47387301691940037,OnTrack,7436.160642521665,171.6089723455837,526.9202347053262
2026-08-21 15:13:43.428,0 days 00:57:21.043000,81,566.7305555555552,0 days 00:00:32.303000,11204.111111111111,215.53333333333333,5,28.46666666666667,False,0,pos,2013.952119808012,0.4751004171059905,OnTrack,7394.0,150.0,526.0
2026-08-21 15:13:43.628,0 days 00:57:21.243000,81,564.8416666666662,0 days 00:00:32.503000,11193.0,212.2,5,56.800000000000004,False,0,pos,2025.6356434175368,0.4778566131870979,OnTrack,7282.0,108.0,525.0
2026-08-21 15:13:43.700,0 days 00:57:21.315000,81,564.1616666666662,0 days 00:00:32.575000,11189.0,211.0,5,67.0,False,0,car,2029.8491666666669,0.4788506023854799,OnTrack,7240.0951358726625,96.72134470835718,524.6944178390975
2026-08-21 15:13:43.848,0 days 00:57:21.463000,81,563.1338888888887,0 days 00:00:32.723000,11219.216666666667,211.61666666666667,5,71.31666666666666,False,0,pos,2038.5455174239446,0.48090211087540186,OnTrack,7153.0,80.0,524.0
2026-08-21 15:13:43.940,0 days 00:57:21.555000,81,562.4949999999999,0 days 00:00:32.815000,11238.0,212.0,5,74.0,False,0,car,2043.9824999999998,0.4821847196644967,OnTrack,7098.011976102933,73.3435139327726,523.5168132936473
2026-08-21 15:13:44.068,0 days 00:57:21.683000,81,562.1038888888888,0 days 00:00:32.943000,11238.355555555556,213.06666666666666,5,83.24444444444444,False,0,pos,2051.5932948783266,0.48398014061102146,OnTrack,7021.0,68.0,523.0
2026-08-21 15:13:44.248,0 days 00:57:21.863000,81,561.5538888888889,0 days 00:00:33.123000,11238.855555555556,214.56666666666666,5,96.24444444444444,False,0,pos,2062.3655435871215,0.48652136282002095,OnTrack,6913.0,66.0,523.0
2026-08-21 15:13:44.300,0 days 00:57:21.915000,81,561.395,0 days 00:00:33.175000,11239.0,215.0,5,100.0,False,0,car,2065.4824999999996,0.4872566669403597,OnTrack,6881.645337149124,66.46096807731921,523.0122080701084
2026-08-21 15:13:44.448,0 days 00:57:22.063000,81,561.2305555555555,0 days 00:00:33.323000,11269.128571428571,215.52857142857144,5,100.0,False,0,pos,2074.363470101171,0.48935172796880877,OnTrack,6793.0,70.0,523.0
2026-08-21 15:13:44.580,0 days 00:57:22.195000,81,561.0838888888889,0 days 00:00:33.455000,11296.0,216.0,5,100.0,False,0,car,2082.2825,0.49121986295126663,OnTrack,6715.291909969562,75.93083320586652,522.9977981718278
2026-08-21 15:13:44.608,0 days 00:57:22.223000,81,561.1616666666666,0 days 00:00:33.483000,11311.05,216.0,5,100.0,False,0,pos,2083.960557517258,0.4916157243118898,OnTrack,6697.0,78.0,523.0
2026-08-21 15:13:44.900,0 days 00:57:22.515000,81,561.972777777778,0 days 00:00:33.775000,11468.0,216.0,5,100.0,False,0,car,2101.4824999999996,0.4957492298208745,OnTrack,6465.390237619087,116.97274889968516,523.0480357236916
2026-08-21 15:13:44.988,0 days 00:57:22.603000,81,562.3150000000003,0 days 00:00:33.863000,11455.114285714286,216.94285714285715,5,100.0,False,0,pos,2106.8144529065557,0.49700706163573205,OnTrack,6412.0,127.0,523.0
2026-08-21 15:13:45.180,0 days 00:57:22.795000,81,563.061666666667,0 days 00:00:34.055000,11427.0,219.0,5,100.0,False,0,car,2118.515833333333,0.4997674702208218,OnTrack,6350.297509434563,138.8722923740362,522.7311641114184
2026-08-21 15:13:45.341,0 days 00:57:22.956000,81,564.0008333333335,0 days 00:00:34.216000,11547.0,220.0,5,100.0,False,0,car,2128.354722222222,0.5020885086253576,OnTrack,6265.968089381243,167.4873441201263,522.9635915005997
2026-08-21 15:13:45.349,0 days 00:57:22.964000,81,564.056388888889,0 days 00:00:34.224000,11554.05,220.1,5,100.0,False,0,pos,2128.8459502636215,0.5022043915428648,OnTrack,6259.0,170.0,523.0
2026-08-21 15:13:45.501,0 days 00:57:23.116000,81,565.1119444444448,0 days 00:00:34.376000,11688.0,222.0,5,100.0,False,0,car,2138.221388888888,0.5044160999333505,OnTrack,6094.125895549164,231.7405102690068,523.9587793402804
2026-08-21 15:13:45.509,0 days 00:57:23.124000,81,565.1719444444448,0 days 00:00:34.384000,11681.44,222.04,5,100.0,False,0,pos,2138.715809508905,0.5045327359945981,OnTrack,6086.0,235.0,524.0
2026-08-21 15:13:45.701,0 days 00:57:23.316000,81,566.6119444444448,0 days 00:00:34.576000,11524.0,223.0,5,100.0,False,0,car,2150.6102777777774,0.5073386948752561,OnTrack,5941.617374077862,302.56980910743533,524.3608728760232
2026-08-21 15:13:45.861,0 days 00:57:23.476000,81,568.1230555555562,0 days 00:00:34.736000,10818.0,222.0,5,15.0,True,0,car,2160.4769444444437,0.5096662861832489,OnTrack,5881.520962968548,342.3243161683803,524.0850698312923
2026-08-21 15:13:45.949,0 days 00:57:23.564000,81,569.6630555555563,0 days 00:00:34.824000,10508.114285714286,214.14285714285714,5,11.228571428571428,True,0,pos,2165.553173928791,0.5108637916857972,OnTrack,5860.0,357.0,524.0
2026-08-21 15:13:46.141,0 days 00:57:23.756000,81,573.0230555555563,0 days 00:00:35.016000,9832.0,197.0,5,3.0,True,0,car,2175.7991666666658,0.5132808677302334,OnTrack,5837.8706914894265,373.138770753545,523.9877996882872
2026-08-21 15:13:46.228,0 days 00:57:23.843000,81,575.3913906311118,0 days 00:00:35.103000,9855.49001728,191.77999616,5,2.78249984,True,0,pos,2180.2255688434743,0.5143250760308166,OnTrack,5825.0,383.0,524.0
2026-08-21 15:13:46.428,0 days 00:57:24.043000,81,580.8358350755561,0 days 00:00:35.303000,9909.49001728,179.77999616,5,2.28249984,True,0,pos,2189.906103378653,0.5166087579268444,OnTrack,5770.0,426.0,524.0
2026-08-21 15:13:46.541,0 days 00:57:24.156000,81,583.911944444445,0 days 00:00:35.416000,9940.0,173.0,4,2.0,True,0,car,2195.021388888888,0.5178154769226071,OnTrack,5727.816606597433,462.9243483155673,524.0272462606257
2026-08-21 15:13:46.781,0 days 00:57:24.396000,81,591.9786111111116,0 days 00:00:35.656000,11140.0,153.0,4,3.0,True,0,car,2205.221388888888,0.5202217030720864,OnTrack,5630.119938173337,560.2725122584435,524.0284537795654
2026-08-21 15:13:46.808,0 days 00:57:24.423000,81,592.9086133155561,0 days 00:00:35.683000,10975.46836,153.0,4,3.1687504,True,0,pos,2206.3791138411602,0.5204948156264061,OnTrack,5621.0,571.0,524.0
2026-08-21 15:13:46.941,0 days 00:57:24.556000,81,597.489722222223,0 days 00:00:35.816000,10165.0,153.0,3,4.0,True,0,car,2212.0213888888884,0.5218258538384059,OnTrack,5582.77638887751,622.3371176585354,523.7645156515322
2026-08-21 15:13:47.181,0 days 00:57:24.796000,81,607.3563888888893,0 days 00:00:36.056000,9354.0,132.0,3,3.0,True,0,car,2220.821388888888,0.5239018136536427,OnTrack,5539.814724431744,698.4033562151247,523.0250900836361
2026-08-21 15:13:47.188,0 days 00:57:24.803000,81,607.6519471466671,0 days 00:00:36.063000,9340.437376,131.9124992,3,2.9562496,True,0,pos,2221.0736754645554,0.5239613291983028,OnTrack,5539.0,700.0,523.0
2026-08-21 15:13:47.341,0 days 00:57:24.956000,81,614.1119444444453,0 days 00:00:36.216000,9044.0,130.0,3,2.0,True,0,car,2226.599166666666,0.5252648175727377,OnTrack,5527.308793178854,725.6883000059153,522.4052895583277
2026-08-21 15:13:47.488,0 days 00:57:25.103000,81,620.7269473244451,0 days 00:00:36.363000,9901.500373333332,125.09999786666667,3,0.7749994666666666,True,0,pos,2231.6336088761377,0.5264524652680782,OnTrack,5520.0,751.0,522.0
2026-08-21 15:13:47.581,0 days 00:57:25.196000,81,624.911944444445,0 days 00:00:36.456000,10444.0,122.0,2,0.0,False,0,car,2234.732499999999,0.5271835077050022,OnTrack,5513.907169418366,775.7196239814435,521.9491866489602
2026-08-21 15:13:47.708,0 days 00:57:25.323000,81,630.7680585066674,0 days 00:00:36.583000,10646.56510208,120.09499904,2,0.6350003200000001,False,0,pos,2238.92998770013,0.5281737140448228,OnTrack,5510.0,820.0,522.0
2026-08-21 15:13:47.781,0 days 00:57:25.396000,81,634.1341666666676,0 days 00:00:36.656000,10763.0,119.0,2,1.0,False,0,car,2241.34361111111,0.5287430987278127,OnTrack,5514.251128293609,850.7001936418286,522.0000780315451
2026-08-21 15:13:47.941,0 days 00:57:25.556000,81,641.6008333333343,0 days 00:00:36.816000,10544.0,119.0,2,1.0,False,0,car,2246.6324999999993,0.5299907715460612,OnTrack,5536.037271316001,924.4495438666959,521.9652525188229
2026-08-21 15:13:48.008,0 days 00:57:25.623000,81,644.8391697600009,0 days 00:00:36.883000,10587.5500416,117.3249984,2,9.375008,False,0,pos,2248.790640744313,0.5304998867120635,OnTrack,5544.0,948.0,522.0
2026-08-21 15:13:48.101,0 days 00:57:25.716000,81,649.3341666666674,0 days 00:00:36.976000,10648.0,115.0,2,21.0,False,0,car,2251.74361111111,0.5311965057821837,OnTrack,5552.387273558798,971.0740235075687,522.1120769945579
2026-08-21 15:13:48.341,0 days 00:57:25.956000,81,661.0008333333344,0 days 00:00:37.216000,10845.0,114.0,2,43.0,False,0,car,2259.34361111111,0.5329893801680701,OnTrack,5574.029577151731,1001.8044191360079,522.3684179517397
2026-08-21 15:13:48.428,0 days 00:57:26.043000,81,665.157503057779,0 days 00:00:37.303000,10889.5875328,114.5437504,2,45.718752,False,0,pos,2262.110268395516,0.5336420471390881,OnTrack,5599.0,1030.0,522.0
2026-08-21 15:13:48.501,0 days 00:57:26.116000,81,668.645277777779,0 days 00:00:37.376000,10927.0,115.0,2,48.0,False,0,car,2264.454722222221,0.5341951144041925,OnTrack,5628.896643465693,1063.7186824074834,521.4513059733968
2026-08-21 15:13:48.568,0 days 00:57:26.183000,81,671.7161140444457,0 days 00:00:37.443000,11030.0125984,116.11666773333333,2,49.395834666666666,False,0,pos,2266.63598324812,0.5347096837492277,OnTrack,5656.0,1094.0,521.0
2026-08-21 15:13:48.741,0 days 00:57:26.356000,81,679.645277777779,0 days 00:00:37.616000,11296.0,119.0,2,53.0,False,0,car,2272.3880555555543,0.5360666236315652,OnTrack,5693.794480076537,1133.5336634441655,521.0651768831309
2026-08-21 15:13:48.948,0 days 00:57:26.563000,81,687.867780320001,0 days 00:00:37.823000,11692.5344976,122.8812512,2,55.5875008,False,0,pos,2279.46965460835,0.5377372048885225,OnTrack,5721.0,1153.0,522.0
2026-08-21 15:13:49.061,0 days 00:57:26.676000,81,692.3563888888898,0 days 00:00:37.936000,11909.0,125.0,2,57.0,False,0,car,2283.4991666666656,0.5386877850144403,OnTrack,5750.666697201333,1175.2344015669164,522.1116092728822
2026-08-21 15:13:49.208,0 days 00:57:26.823000,81,695.5005569244453,0 days 00:00:38.083000,11382.80658909091,129.3431837090909,2,61.009092654545455,False,0,pos,2288.965329875435,0.5399772776468189,OnTrack,5795.0,1208.0,522.0
2026-08-21 15:13:49.408,0 days 00:57:27.023000,81,699.7783347022231,0 days 00:00:38.283000,10666.897498181817,135.25227461818181,2,66.46363810909091,False,0,pos,2296.725800211839,0.5418080077111046,OnTrack,5857.0,1247.0,522.0
2026-08-21 15:13:49.501,0 days 00:57:27.116000,81,701.7675000000008,0 days 00:00:38.376000,10334.0,138.0,3,69.0,False,0,car,2300.3658333333324,0.5426667079936445,OnTrack,5912.894613316903,1275.9863556922476,522.4892937462009
2026-08-21 15:13:49.588,0 days 00:57:27.203000,81,702.734167205448,0 days 00:00:38.463000,10524.721554768303,139.21169983969696,3,69.96935987175758,False,0,pos,2303.7817013904337,0.5434725267232687,OnTrack,5967.0,1303.0,523.0
2026-08-21 15:13:49.860,0 days 00:57:27.475000,81,705.7563888888899,0 days 00:00:38.735000,11121.0,143.0,3,73.0,False,0,car,2314.6261111111103,0.5460307720414608,OnTrack,6046.4735632031325,1339.4331135583398,523.2508717830369
2026-08-21 15:13:50.020,0 days 00:57:27.635000,81,706.334166666667,0 days 00:00:38.895000,11672.0,150.0,3,82.0,False,0,car,2321.2927777777772,0.5476034688711858,OnTrack,6081.717839340739,1350.0752875975572,523.0341855643476
2026-08-21 15:13:50.068,0 days 00:57:27.683000,81,706.2008333333338,0 days 00:00:38.943000,11642.24,152.64,3,83.44,False,0,pos,2323.3865346348516,0.5480973955868862,OnTrack,6098.0,1355.0,523.0
2026-08-21 15:13:50.220,0 days 00:57:27.835000,81,705.7786111111118,0 days 00:00:39.095000,11548.0,161.0,3,88.0,False,0,car,2330.2372222222216,0.5497135037844001,OnTrack,6166.25607557773,1375.6520829455183,522.9838130384945
2026-08-21 15:13:50.328,0 days 00:57:27.943000,81,705.2386111111118,0 days 00:00:39.203000,11166.85,162.35,3,92.95,False,0,pos,2335.1291489642635,0.5508675314361685,OnTrack,6208.0,1388.0,523.0
2026-08-21 15:13:50.460,0 days 00:57:28.075000,81,704.578611111112,0 days 00:00:39.335000,10701.0,164.0,3,99.0,False,0,car,2341.170555555555,0.552292726585149,OnTrack,6233.699323215408,1394.8139377410614,523.0019070524464
2026-08-21 15:13:50.528,0 days 00:57:28.143000,81,703.898611111112,0 days 00:00:39.403000,10824.25,166.55,3,99.0,False,0,pos,2344.3391055641637,0.5530402018681535,OnTrack,6248.0,1398.0,523.0
2026-08-21 15:13:50.620,0 days 00:57:28.235000,81,702.9786111111121,0 days 00:00:39.495000,10991.0,170.0,4,99.0,False,0,car,2348.72611111111,0.5540751163255039,OnTrack,6276.803886825231,1404.2080929364008,522.9976237396311
2026-08-21 15:13:50.780,0 days 00:57:28.395000,81,700.8452777777788,0 days 00:00:39.655000,11200.0,180.0,4,100.0,False,0,car,2356.72611111111,0.5559623525211739,OnTrack,6348.6519127037145,1418.4872081008216,522.9982114847126
2026-08-21 15:13:50.808,0 days 00:57:28.423000,81,700.3552777777788,0 days 00:00:39.683000,11243.866666666667,180.62222222222223,4,99.92222222222222,False,0,pos,2358.153587912242,0.5562991007571209,OnTrack,6363.0,1421.0,523.0
2026-08-21 15:13:51.128,0 days 00:57:28.743000,81,694.7552777777787,0 days 00:00:40.003000,11745.2,187.73333333333332,4,99.03333333333333,False,0,pos,2374.8847505375857,0.5602460577198942,OnTrack,6546.0,1448.0,523.0
2026-08-21 15:13:51.140,0 days 00:57:28.755000,81,694.5452777777787,0 days 00:00:40.015000,11764.0,188.0,4,99.0,False,0,car,2375.5261111111104,0.5603973575809983,OnTrack,6552.249983888795,1448.8813521260652,522.9944158685544
2026-08-21 15:13:51.468,0 days 00:57:29.083000,81,687.2563888888898,0 days 00:00:40.343000,12323.422222222222,195.2888888888889,4,99.0,False,0,pos,2393.370765091931,0.5646069921924746,OnTrack,6705.0,1472.0,523.0
2026-08-21 15:13:51.500,0 days 00:57:29.115000,81,686.5452777777787,0 days 00:00:40.375000,12378.0,196.0,4,99.0,False,0,car,2395.1261111111103,0.5650210862603897,OnTrack,6721.315116473135,1474.9123014693655,523.0963220461615
2026-08-21 15:13:51.688,0 days 00:57:29.303000,81,682.3675000000005,0 days 00:00:40.563000,11841.26,196.94,4,38.839999999999996,False,0,pos,2405.420650217796,0.5674496146128741,OnTrack,6823.0,1495.0,524.0
2026-08-21 15:13:51.700,0 days 00:57:29.315000,81,682.1008333333339,0 days 00:00:40.575000,11807.0,197.0,4,35.0,True,0,car,2406.070555555555,0.5676029302225216,OnTrack,6829.40243898829,1496.4045801854888,524.0642992821624
2026-08-21 15:13:51.901,0 days 00:57:29.516000,81,677.9133333333334,0 days 00:00:40.776000,11530.0,191.0,4,16.0,True,0,car,2416.734722222222,0.5701186553887705,OnTrack,6933.003095875262,1521.9034618901399,524.986376866974
2026-08-21 15:13:51.909,0 days 00:57:29.524000,81,677.7644444444445,0 days 00:00:40.784000,11493.32,190.56,4,15.72,True,0,pos,2417.1470268503863,0.5702159199160098,OnTrack,6937.0,1523.0,525.0
2026-08-21 15:13:52.101,0 days 00:57:29.716000,81,674.1911111111112,0 days 00:00:40.976000,10613.0,180.0,4,9.0,True,0,car,2426.734722222222,0.5724777006333579,OnTrack,7029.377437256637,1550.8194507096518,524.9803396789576
2026-08-21 15:13:52.109,0 days 00:57:29.724000,81,674.0622222222223,0 days 00:00:40.984000,10645.257142857143,179.62857142857143,4,9.028571428571428,True,0,pos,2427.12204787291,0.5725690725067941,OnTrack,7033.0,1552.0,525.0
2026-08-21 15:13:52.289,0 days 00:57:29.904000,81,671.1622222222221,0 days 00:00:41.164000,11371.042857142857,171.27142857142857,4,9.67142857142857,True,0,pos,2435.5853243056267,0.574565597709017,OnTrack,7113.0,1581.0,526.0
2026-08-21 15:13:52.381,0 days 00:57:29.996000,81,669.6799999999998,0 days 00:00:41.256000,11742.0,167.0,3,10.0,True,0,car,2439.723611111111,0.5755418382899388,OnTrack,7160.344659259523,1602.0783852683674,526.4711648896089
2026-08-21 15:13:52.569,0 days 00:57:30.184000,81,667.0166666666664,0 days 00:00:41.444000,11163.116666666667,156.81666666666666,3,10.0,True,0,pos,2447.806782156344,0.5774486949114832,OnTrack,7255.0,1650.0,527.0
2026-08-21 15:13:52.621,0 days 00:57:30.236000,81,666.2799999999997,0 days 00:00:41.496000,11003.0,154.0,3,10.0,True,0,car,2449.990277777778,0.5779637914077153,OnTrack,7273.305943074882,1660.3966917519192,527.0120026621685
2026-08-21 15:13:52.888,0 days 00:57:30.503000,81,662.4974990933331,0 days 00:00:41.763000,10424.7779864,148.1593736,3,8.3312496,True,0,pos,2460.952247690188,0.5805497697070334,OnTrack,7332.0,1707.0,527.0
2026-08-21 15:13:52.941,0 days 00:57:30.556000,81,661.7466666666664,0 days 00:00:41.816000,10310.0,147.0,3,8.0,True,0,car,2463.0569444444445,0.5810462771939762,OnTrack,7345.266242858638,1720.6176357677962,527.3081326781258
2026-08-21 15:13:53.048,0 days 00:57:30.663000,81,660.3497213866664,0 days 00:00:41.923000,10123.28488832,142.71999744,3,7.46499968,True,0,pos,2467.222699492749,0.582028997657658,OnTrack,7373.0,1752.0,528.0
2026-08-21 15:13:53.141,0 days 00:57:30.756000,81,659.1355555555551,0 days 00:00:42.016000,9961.0,139.0,3,7.0,True,0,car,2470.7791666666667,0.5828679843550743,OnTrack,7393.380577803005,1780.238624430883,528.1229089507362
2026-08-21 15:13:53.248,0 days 00:57:30.863000,81,657.7386102755552,0 days 00:00:42.123000,9888.7749568,137.47142765714287,3,6.617856914285714,True,0,pos,2474.8238400213263,0.583822141099396,OnTrack,7413.0,1814.0,528.0
2026-08-21 15:13:53.421,0 days 00:57:31.036000,81,655.4799999999996,0 days 00:00:42.296000,9772.0,135.0,3,6.0,False,0,car,2481.2791666666667,0.5853449818618911,OnTrack,7437.901030984294,1872.3958993908727,528.0030606211548
2026-08-21 15:13:53.468,0 days 00:57:31.083000,81,654.9186103466662,0 days 00:00:42.343000,9709.9207488,134.4124992,3,6.7833344,False,0,pos,2483.021719419354,0.585756057940358,OnTrack,7443.0,1889.0,528.0
2026-08-21 15:13:53.648,0 days 00:57:31.263000,81,652.7686103466662,0 days 00:00:42.523000,9472.1707488,132.1624992,3,9.7833344,False,0,pos,2489.6130583227337,0.5873109846099063,OnTrack,7456.0,1954.0,528.0
2026-08-21 15:13:53.661,0 days 00:57:31.276000,81,652.6133333333328,0 days 00:00:42.536000,9455.0,132.0,3,10.0,False,0,car,2490.079166666667,0.5874209416771281,OnTrack,7456.6258548340165,1958.5422848561193,528.0230097787311
2026-08-21 15:13:53.928,0 days 00:57:31.543000,81,650.2399994311106,0 days 00:00:42.803000,9296.468712,126.1593736,3,7.4968744,False,0,pos,2499.3687477651247,0.5896123958885807,OnTrack,7457.0,2055.0,529.0
2026-08-21 15:13:53.981,0 days 00:57:31.596000,81,649.7688888888883,0 days 00:00:42.856000,9265.0,125.0,3,7.0,False,0,car,2501.190277777778,0.590042103060003,OnTrack,7452.2354527833595,2079.908615482407,529.0928726303317
2026-08-21 15:13:54.141,0 days 00:57:31.756000,81,648.5688888888885,0 days 00:00:43.016000,9172.0,124.0,3,15.0,False,0,car,2506.701388888889,0.591342199105909,OnTrack,7428.345901063609,2166.4190736838314,529.0565784756386
2026-08-21 15:13:54.248,0 days 00:57:31.863000,81,647.7961106488884,0 days 00:00:43.123000,9265.1792224,124.8916672,3,30.158342400000002,False,0,pos,2510.4303037659915,0.592221866996739,OnTrack,7415.0,2209.0,529.0
2026-08-21 15:13:54.381,0 days 00:57:31.996000,81,646.835555555555,0 days 00:00:43.256000,9381.0,126.0,3,49.0,False,0,car,2515.1013888888892,0.5933237971113625,OnTrack,7406.23581305634,2233.4505472587216,529.0010535731733
2026-08-21 15:13:54.528,0 days 00:57:32.143000,81,646.059721884444,0 days 00:00:43.403000,9561.0750784,126.61250026666667,3,49.0,False,0,pos,2520.2787716307425,0.5945451651250202,OnTrack,7393.0,2253.0,529.0
2026-08-21 15:13:54.621,0 days 00:57:32.236000,81,645.5688888888885,0 days 00:00:43.496000,9675.0,127.0,3,49.0,False,0,car,2523.568055555556,0.5953211220851132,OnTrack,7374.587817104053,2278.7133874589003,528.9420530751025
2026-08-21 15:13:54.868,0 days 00:57:32.483000,81,644.9513887288883,0 days 00:00:43.743000,9936.11435337143,128.76428617142858,3,56.057144685714285,False,0,pos,2532.3987346537997,0.5974043192384321,OnTrack,7307.0,2366.0,529.0
2026-08-21 15:13:54.901,0 days 00:57:32.516000,81,644.8688888888883,0 days 00:00:43.776000,9971.0,129.0,3,57.0,False,0,car,2533.6013888888892,0.5976880308138492,OnTrack,7299.407578215461,2374.029110612111,529.1090568236813
2026-08-21 15:13:55.108,0 days 00:57:32.723000,81,644.4663887644442,0 days 00:00:43.983000,10287.537597866667,133.31250133333333,3,60.450001066666665,False,0,pos,2541.291193732867,0.5995020905687485,OnTrack,7257.0,2409.0,530.0
2026-08-21 15:13:55.141,0 days 00:57:32.756000,81,644.402222222222,0 days 00:00:44.016000,10338.0,134.0,3,61.0,False,0,car,2542.534722222222,0.5997954445656807,OnTrack,7249.4343245512155,2414.8096748260314,530.0520095976111
2026-08-21 15:13:55.341,0 days 00:57:32.956000,81,644.0688888888885,0 days 00:00:44.216000,10928.0,137.0,3,65.0,False,0,car,2550.1458333333335,0.60159094011295,OnTrack,7186.759973821882,2455.7249210899167,529.960918274003
2026-08-21 15:13:55.368,0 days 00:57:32.983000,81,644.1288890311107,0 days 00:00:44.243000,10967.0657176,137.3375008,3,64.6624992,False,0,pos,2551.179023722775,0.6018346744004467,OnTrack,7173.0,2462.0,530.0
2026-08-21 15:13:55.628,0 days 00:57:33.243000,81,644.7066668088886,0 days 00:00:44.503000,11343.2532176,140.5875008,3,61.4124992,False,0,pos,2561.32013919704,0.6042270094238844,OnTrack,6996.0,2523.0,531.0
2026-08-21 15:13:55.661,0 days 00:57:33.276000,81,644.7799999999997,0 days 00:00:44.536000,11391.0,141.0,3,61.0,False,0,car,2562.679166666667,0.604547610152833,OnTrack,6978.4366410823295,2528.1081110272826,531.059420037824
2026-08-21 15:13:55.948,0 days 00:57:33.563000,81,645.49750016,0 days 00:00:44.823000,11680.6906896,156.2468784,3,78.0406288,False,0,pos,2575.240208719035,0.6075108168049034,OnTrack,6879.0,2548.0,531.0
2026-08-21 15:13:55.981,0 days 00:57:33.596000,81,645.5799999999999,0 days 00:00:44.856000,11714.0,158.0,3,80.0,False,0,car,2576.723611111111,0.6078607581407869,OnTrack,6866.045014687625,2549.9044222106813,531.0690419816339
2026-08-21 15:13:56.181,0 days 00:57:33.796000,81,646.1355555555556,0 days 00:00:45.056000,12224.0,164.0,3,78.0,False,0,car,2585.834722222222,0.6100101104747442,OnTrack,6773.926307079028,2562.8031840624813,531.855723342276
2026-08-21 15:13:56.248,0 days 00:57:33.863000,81,646.470555815834,0 days 00:00:45.123000,12009.00261847307,166.05292638610783,3,82.10585277221566,False,0,pos,2588.98926101051,0.6107542804474819,OnTrack,6744.0,2567.0,532.0
2026-08-21 15:13:56.388,0 days 00:57:34.003000,81,647.1705556910428,0 days 00:00:45.263000,11559.754787698312,170.34261921468627,3,90.68523842937253,False,0,pos,2595.7713498532653,0.6123542058907694,OnTrack,6680.0,2576.0,532.0
2026-08-21 15:13:56.540,0 days 00:57:34.155000,81,647.9305555555552,0 days 00:00:45.415000,11072.0,175.0,4,100.0,False,0,car,2603.286111111111,0.6141269720717223,OnTrack,6562.6684296241865,2591.6459730927145,532.0087456692115
2026-08-21 15:13:56.648,0 days 00:57:34.263000,81,648.560555555555,0 days 00:00:45.523000,11420.975,178.375,4,99.325,False,0,pos,2608.6790481048583,0.6153991903086681,OnTrack,6484.0,2602.0,532.0
2026-08-21 15:13:56.700,0 days 00:57:34.315000,81,648.8638888888881,0 days 00:00:45.575000,11589.0,180.0,4,99.0,False,0,car,2611.286111111111,0.6160142082673922,OnTrack,6456.533260626773,2605.6117186204037,531.9753567603956
2026-08-21 15:13:56.860,0 days 00:57:34.475000,81,649.6638888888883,0 days 00:00:45.735000,11690.0,183.0,4,99.0,False,0,car,2619.4194444444443,0.6179328983996566,OnTrack,6412.422358836585,2611.3555754771046,531.8302283063084
2026-08-21 15:13:57.008,0 days 00:57:34.623000,81,650.1161111111105,0 days 00:00:45.883000,11391.04,190.77,4,99.0,False,0,pos,2627.493002950931,0.6198374873798193,OnTrack,6368.0,2616.0,532.0
2026-08-21 15:13:57.260,0 days 00:57:34.875000,81,650.8861111111105,0 days 00:00:46.135000,10882.0,204.0,5,99.0,False,0,car,2642.0861111111108,0.6232800676207215,OnTrack,6229.677443247978,2628.615782830999,532.989807512199
2026-08-21 15:13:57.268,0 days 00:57:34.883000,81,650.9127777777771,0 days 00:00:46.143000,10896.657142857142,204.2,5,99.0,False,0,pos,2642.5510929523766,0.6233897589408673,OnTrack,6225.0,2629.0,533.0
2026-08-21 15:13:57.408,0 days 00:57:35.023000,81,651.3794444444438,0 days 00:00:46.283000,11153.157142857142,207.7,5,99.0,False,0,pos,2650.694149841534,0.6253107429039445,OnTrack,6144.0,2635.0,533.0
2026-08-21 15:13:57.540,0 days 00:57:35.155000,81,651.8194444444439,0 days 00:00:46.415000,11395.0,211.0,5,99.0,False,0,car,2658.497222222222,0.6271515229832277,OnTrack,6066.101644185296,2639.0692856259334,533.5570288752918
2026-08-21 15:13:57.648,0 days 00:57:35.263000,81,652.0894444444439,0 days 00:00:46.523000,11623.728571428572,215.24285714285713,5,99.38571428571429,False,0,pos,2665.0425613946536,0.6286955981081215,OnTrack,6001.0,2641.0,534.0
2026-08-21 15:13:57.820,0 days 00:57:35.435000,81,652.5194444444437,0 days 00:00:46.695000,11988.0,222.0,5,100.0,False,0,car,2675.7638888888887,0.6312248077722155,OnTrack,5895.078761241734,2641.173346457056,533.904659677187
2026-08-21 15:13:57.908,0 days 00:57:35.523000,81,652.5927777777771,0 days 00:00:46.783000,11736.955555555556,225.17777777777778,5,100.0,False,0,pos,2681.3891910232956,0.6325518419971694,OnTrack,5840.0,2640.0,534.0
2026-08-21 15:13:58.088,0 days 00:57:35.703000,81,652.7427777777772,0 days 00:00:46.963000,11223.455555555556,231.67777777777778,5,100.0,False,0,pos,2693.1638681719705,0.6353295416105829,OnTrack,5725.0,2635.0,535.0
2026-08-21 15:13:58.180,0 days 00:57:35.795000,81,652.8194444444439,0 days 00:00:47.055000,10961.0,235.0,6,100.0,False,0,car,2699.2638888888887,0.636768564096996,OnTrack,5663.542198660587,2630.8948450381636,535.4904686762376
2026-08-21 15:13:58.369,0 days 00:57:35.984000,81,652.8719444266661,0 days 00:00:47.244000,11159.4499328,240.51249813333334,6,99.21250026666667,False,0,pos,2711.9398985473977,0.639758892127521,OnTrack,5540.0,2621.0,536.0
2026-08-21 15:13:58.420,0 days 00:57:36.035000,81,652.8861111111105,0 days 00:00:47.295000,11213.0,242.0,6,99.0,False,0,car,2715.3972222222224,0.6405744904249305,OnTrack,5510.567543937617,2618.684098498051,535.9428393525554
2026-08-21 15:13:58.569,0 days 00:57:36.184000,81,652.4308334079846,0 days 00:00:47.444000,11355.817403968107,245.70954296021057,6,99.6182571600351,False,0,pos,2725.5945745223385,0.6429800919700276,OnTrack,5404.0,2608.0,536.0
2026-08-21 15:13:58.661,0 days 00:57:36.276000,81,652.1497222222215,0 days 00:00:47.536000,11444.0,248.0,6,100.0,False,0,car,2731.9994444444446,0.6444910297632223,OnTrack,5282.816012722118,2592.064294015296,537.1366526889502
2026-08-21 15:13:58.729,0 days 00:57:36.344000,81,651.2997222222215,0 days 00:00:47.604000,11525.114285714286,250.42857142857142,6,99.75714285714285,False,0,pos,2736.799530460483,0.645623391772197,OnTrack,5195.0,2580.0,538.0
2026-08-21 15:13:58.941,0 days 00:57:36.556000,81,648.6497222222215,0 days 00:00:47.816000,11778.0,258.0,6,99.0,False,0,car,2752.0661111111112,0.6492248472206944,OnTrack,5063.129408457686,2560.5930515152277,538.4015072235496
2026-08-21 15:13:59.149,0 days 00:57:36.764000,81,644.6052777777768,0 days 00:00:48.024000,11526.45,262.55,6,99.0,False,0,pos,2767.325188069218,0.6528245325141758,OnTrack,4995.0,2546.0,538.0
2026-08-21 15:13:59.261,0 days 00:57:36.876000,81,642.4274999999989,0 days 00:00:48.136000,11391.0,265.0,6,99.0,False,0,car,2775.621666666667,0.6547817093523893,OnTrack,4924.017111956178,2530.969933446791,538.4942316124452
2026-08-21 15:13:59.461,0 days 00:57:37.076000,81,638.0386111111102,0 days 00:00:48.336000,10780.0,269.0,6,99.0,False,0,car,2790.5661111111112,0.6583071714123561,OnTrack,4768.048725048829,2497.149330468439,539.9586147112474
2026-08-21 15:13:59.468,0 days 00:57:37.083000,81,637.8597205866657,0 days 00:00:48.343000,10782.7125248,269.12250112,6,99.01750016,False,0,pos,2791.094137742471,0.6584317352837286,OnTrack,4763.0,2496.0,540.0
2026-08-21 15:13:59.648,0 days 00:57:37.263000,81,633.2597205866658,0 days 00:00:48.523000,10852.4625248,272.27250112,6,99.46750016,False,0,pos,2804.805625293332,0.6616663372340363,OnTrack,4631.0,2464.0,541.0
2026-08-21 15:13:59.848,0 days 00:57:37.463000,81,628.1486094755547,0 days 00:00:48.723000,10929.9625248,275.77250112,6,99.96750016,False,0,pos,2820.228321296131,0.6653046210004484,OnTrack,4424.0,2409.0,543.0
2026-08-21 15:13:59.861,0 days 00:57:37.476000,81,627.816388888888,0 days 00:00:48.736000,10935.0,276.0,7,100.0,False,0,car,2821.2327777777778,0.6655415768290909,OnTrack,4412.942625540026,2406.007513505968,543.1238596325935
2026-08-21 15:14:00.061,0 days 00:57:37.676000,81,622.0941666666658,0 days 00:00:48.936000,11073.0,279.0,7,99.0,False,0,car,2836.7327777777778,0.6691980969582014,OnTrack,4302.6013162428135,2375.2791614528933,544.7521286025324
2026-08-21 15:14:00.168,0 days 00:57:37.783000,81,618.9733314666655,0 days 00:00:49.043000,11113.66002432,280.60500096,7,99.53500032,False,0,pos,2845.0944275183524,0.6711706479639423,OnTrack,4245.0,2358.0,546.0
2026-08-21 15:14:00.261,0 days 00:57:37.876000,81,616.2608333333319,0 days 00:00:49.136000,11149.0,282.0,7,100.0,False,0,car,2852.3994444444447,0.6728939345080551,OnTrack,4180.457506092846,2338.1775469065406,547.5000840563912
2026-08-21 15:14:00.408,0 days 00:57:38.023000,81,611.8099980622211,0 days 00:00:49.283000,11205.175024457143,283.57500068571426,7,99.47499977142857,False,0,pos,2864.0057285778953,0.6756319094472899,OnTrack,4065.0,2302.0,550.0
2026-08-21 15:14:00.541,0 days 00:57:38.156000,81,607.7830555555547,0 days 00:00:49.416000,11256.0,285.0,7,99.0,False,0,car,2874.566111111111,0.6781231514668905,OnTrack,3965.9736276715903,2270.1066776388216,551.4823923564525
2026-08-21 15:14:00.588,0 days 00:57:38.203000,81,606.4383315022213,0 days 00:00:49.463000,11298.593808,285.4406256,7,99.1468752,False,0,pos,2878.310772501062,0.679006534031346,OnTrack,3929.0,2258.0,552.0
2026-08-21 15:14:00.768,0 days 00:57:38.383000,81,601.2883315022214,0 days 00:00:49.643000,11461.718808,287.1281256,7,99.7093752,False,0,pos,2892.708941776476,0.6824031273073391,OnTrack,3776.0,2207.0,554.0
2026-08-21 15:14:00.861,0 days 00:57:38.476000,81,598.6274999999991,0 days 00:00:49.736000,11546.0,288.0,7,100.0,False,0,car,2900.1661111111107,0.6841623072930344,OnTrack,3704.101289287892,2182.289076912302,554.1929737194301
2026-08-21 15:14:00.948,0 days 00:57:38.563000,81,596.1624981866656,0 days 00:00:49.823000,11495.4312128,288.5437504,7,100.0,False,0,pos,2907.1489511650348,0.6858095908553268,OnTrack,3640.0,2160.0,554.0
2026-08-21 15:14:01.021,0 days 00:57:38.636000,81,594.0941666666654,0 days 00:00:49.896000,11453.0,289.0,7,100.0,False,0,car,2913.0105555555556,0.6871923698516379,OnTrack,3586.1036479933064,2141.2818931394995,553.7559762506761
2026-08-21 15:14:01.221,0 days 00:57:38.836000,81,588.7608333333319,0 days 00:00:50.096000,11454.0,290.0,7,99.0,False,0,car,2929.1216666666664,0.6909930538568065,OnTrack,3437.3451437160074,2089.2638001983664,552.3550001874596
2026-08-21 15:14:01.248,0 days 00:57:38.863000,81,588.1308318399986,0 days 00:00:50.123000,11427.899938133334,290.0,7,99.11250026666667,False,0,pos,2931.3210947496323,0.6915119088927998,OnTrack,3417.0,2082.0,552.0
2026-08-21 15:14:01.368,0 days 00:57:38.983000,81,585.3308318399986,0 days 00:00:50.243000,11311.899938133334,290.0,7,99.61250026666667,False,0,pos,2941.162158284202,0.6938334603060909,OnTrack,3326.0,2049.0,550.0
2026-08-21 15:14:01.461,0 days 00:57:39.076000,81,583.160833333332,0 days 00:00:50.336000,11222.0,290.0,7,100.0,False,0,car,2948.455,0.695553874663009,OnTrack,3255.7900894957183,2022.904571769364,548.3660320041006
2026-08-21 15:14:01.708,0 days 00:57:39.323000,81,586.8658342933321,0 days 00:00:50.583000,10899.306368,269.2838656,7,80.2798336,False,0,pos,2965.464872209932,0.6995665804777971,OnTrack,3074.0,1953.0,544.0
2026-08-21 15:14:02.701,0 days 00:57:40.316000,81,601.7608333333324,0 days 00:00:51.576000,9602.0,186.0,7,1.0,True,0,car,3012.5216666666665,0.710667491196666,OnTrack,2466.9787746819497,1694.1581140300668,526.7632615716108
2026-08-21 15:14:02.848,0 days 00:57:40.463000,81,604.6600012622208,0 days 00:00:51.723000,9932.137643733333,180.4874976,7,0.3874997333333333,True,0,pos,3019.836363412429,0.7123930612540349,OnTrack,2388.0,1656.0,525.0
2026-08-21 15:14:02.941,0 days 00:57:40.556000,81,606.494166666665,0 days 00:00:51.816000,10141.0,177.0,7,0.0,True,0,car,3024.3216666666667,0.7134511645852791,OnTrack,2339.062716586802,1631.6776592276535,524.0398685760617
2026-08-21 15:14:03.068,0 days 00:57:40.683000,81,610.0925011718462,0 days 00:00:51.943000,10288.871914451804,168.50974653865242,7,0.3537605608894822,True,0,pos,3030.0220485780524,0.7147959104693177,OnTrack,2280.0,1602.0,523.0
2026-08-21 15:14:03.300,0 days 00:57:40.915000,81,616.6658333333326,0 days 00:00:52.175000,10559.0,153.0,6,1.0,True,0,car,3039.5791666666664,0.7170504778672083,OnTrack,2212.080040708993,1570.0576265297907,522.07830727862
2026-08-21 15:14:03.328,0 days 00:57:40.943000,81,617.560277777777,0 days 00:00:52.203000,10472.316666666668,151.71666666666667,6,1.0,True,0,pos,3040.710329311614,0.7173173242530501,OnTrack,2204.0,1567.0,522.0
2026-08-21 15:14:03.540,0 days 00:57:41.155000,81,624.3324999999986,0 days 00:00:52.415000,9816.0,142.0,4,1.0,True,0,car,3049.045833333333,0.7192837073654178,OnTrack,2132.583353677565,1545.7296205941818,521.4618900618111
2026-08-21 15:14:03.708,0 days 00:57:41.323000,81,630.4924999999987,0 days 00:00:52.583000,9361.56,131.92,4,1.0,True,0,pos,3055.1285914741625,0.7207186575320277,OnTrack,2073.0,1541.0,521.0
2026-08-21 15:14:03.740,0 days 00:57:41.355000,81,631.6658333333321,0 days 00:00:52.615000,9275.0,130.0,3,1.0,True,0,car,3056.2680555555553,0.7209874622642866,OnTrack,2062.1676770192125,1542.1237550457727,520.8998344886021
2026-08-21 15:14:03.980,0 days 00:57:41.595000,81,640.8658333333319,0 days 00:00:52.855000,9082.0,127.0,3,4.0,True,0,car,3064.734722222222,0.7229847872380373,OnTrack,1986.653130280538,1569.9572808544115,520.0932848472667
2026-08-21 15:14:04.108,0 days 00:57:41.723000,81,646.128055555554,0 days 00:00:52.983000,8975.028571428571,123.8,3,6.742857142857143,True,0,pos,3069.057388498294,0.7240045237702879,OnTrack,1953.0,1592.0,520.0
2026-08-21 15:14:04.260,0 days 00:57:41.875000,81,652.3769444444429,0 days 00:00:53.135000,8848.0,120.0,3,10.0,False,0,car,3074.0680555555555,0.7251865627996522,OnTrack,1920.214838982478,1621.4107390737936,520.3746124930991
2026-08-21 15:14:04.428,0 days 00:57:42.043000,81,659.516944444443,0 days 00:00:53.303000,8729.8,118.8,3,13.6,False,0,pos,3079.57600283215,0.726485912482681,OnTrack,1875.0,1666.0,520.0
2026-08-21 15:14:04.540,0 days 00:57:42.155000,81,664.276944444443,0 days 00:00:53.415000,8651.0,118.0,3,16.0,False,0,car,3083.2458333333334,0.727351642101907,OnTrack,1828.2464262800486,1707.7387862174346,518.4021770620088
2026-08-21 15:14:04.628,0 days 00:57:42.243000,81,668.0413888888871,0 days 00:00:53.503000,8692.433333333332,118.0,3,19.3,False,0,pos,3086.1342653737033,0.7280330362888219,OnTrack,1794.0,1737.0,517.0
2026-08-21 15:14:04.780,0 days 00:57:42.395000,81,674.5436111111089,0 days 00:00:53.655000,8764.0,118.0,3,25.0,False,0,car,3091.1125,0.7292074243609824,OnTrack,1759.9408509646246,1762.885994074934,515.3039986944583
2026-08-21 15:14:04.940,0 days 00:57:42.555000,81,681.5213888888875,0 days 00:00:53.815000,8297.0,117.0,3,20.0,True,0,car,3096.3125,0.7304341278881679,OnTrack,1738.7849999795324,1770.9984332298836,514.2608608145035
2026-08-21 15:14:04.989,0 days 00:57:42.604000,81,683.6719423203074,0 days 00:00:53.864000,8569.790775336367,117.0,3,16.587068047623656,True,0,pos,3097.915559562253,0.7308122968918801,OnTrack,1728.0,1775.0,514.0
2026-08-21 15:14:05.141,0 days 00:57:42.756000,81,690.3430555555537,0 days 00:00:54.016000,9416.0,117.0,3,6.0,True,0,car,3102.845,0.7319751741941946,OnTrack,1682.7950689338393,1791.307441713259,513.2300008191872
2026-08-21 15:14:05.169,0 days 00:57:42.784000,81,691.6574999999981,0 days 00:00:54.044000,9438.283333333333,115.95,3,5.883333333333334,True,0,pos,3103.7199428072254,0.7321815771610618,OnTrack,1674.0,1794.0,513.0
2026-08-21 15:14:05.381,0 days 00:57:42.996000,81,701.6097222222197,0 days 00:00:54.256000,9607.0,108.0,2,5.0,True,0,car,3110.045,0.7336736867702977,OnTrack,1610.1479344174188,1806.5042160281694,510.0127290020975
2026-08-21 15:14:05.509,0 days 00:57:43.124000,81,707.9741666666642,0 days 00:00:54.384000,9351.355555555556,105.86666666666666,2,4.288888888888889,True,0,pos,3113.7511390884497,0.7345479817495362,OnTrack,1572.0,1810.0,509.0
2026-08-21 15:14:05.569,0 days 00:57:43.184000,81,710.9574999999976,0 days 00:00:54.444000,9231.522222222222,104.86666666666666,2,3.9555555555555553,True,0,pos,3115.4663245411316,0.7349526017581097,OnTrack,1554.0,1811.0,509.0
2026-08-21 15:14:05.741,0 days 00:57:43.356000,81,719.5097222222198,0 days 00:00:54.616000,8888.0,102.0,2,3.0,True,0,car,3120.245,0.7360799129197768,OnTrack,1506.016372340954,1808.3800268941213,508.1613285011738
2026-08-21 15:14:05.789,0 days 00:57:43.404000,81,722.0430555555532,0 days 00:00:54.664000,8880.8,101.04,2,4.8,True,0,pos,3121.5381509353124,0.7363849730762251,OnTrack,1492.0,1806.0,508.0
2026-08-21 15:14:06.128,0 days 00:57:43.743000,81,739.9347255999983,0 days 00:00:55.003000,8829.9499904,94.25999872,2,17.5125024,True,0,pos,3130.3499295606834,0.7384637115224789,OnTrack,1387.0,1773.0,509.0
2026-08-21 15:14:06.141,0 days 00:57:43.756000,81,740.6208333333316,0 days 00:00:55.016000,8828.0,94.0,2,18.0,False,0,car,3130.6894444444442,0.7385438046196792,OnTrack,1383.901577352173,1771.6177203291177,509.01478398563705
2026-08-21 15:14:06.381,0 days 00:57:43.996000,81,753.3541666666642,0 days 00:00:55.256000,9013.0,95.0,2,40.0,False,0,car,3137.0227777777777,0.7400378666079179,OnTrack,1343.3786239761992,1746.2137311248355,508.6293490085204
2026-08-21 15:14:06.488,0 days 00:57:44.103000,81,759.0905589866642,0 days 00:00:55.363000,9117.707205485714,95.38214308571429,2,40.76428617142857,False,0,pos,3139.8607192839395,0.7407073498493707,OnTrack,1326.0,1731.0,509.0
2026-08-21 15:14:06.661,0 days 00:57:44.276000,81,768.3652777777752,0 days 00:00:55.536000,9287.0,96.0,2,42.0,False,0,car,3144.4894444444444,0.7417992870572099,OnTrack,1292.9176349094362,1699.2207553319415,510.7576513051831
2026-08-21 15:14:06.688,0 days 00:57:44.303000,81,769.8277812444419,0 days 00:00:55.563000,9329.000099555555,96.30000071111111,2,42.750001777777776,False,0,pos,3145.2212153913483,0.741971915134452,OnTrack,1288.0,1694.0,511.0
2026-08-21 15:14:06.988,0 days 00:57:44.603000,81,786.0777812444419,0 days 00:00:55.863000,9795.666766222223,99.63333404444444,2,51.08333511111111,False,0,pos,3153.546495032439,0.7439358862691696,OnTrack,1242.0,1625.0,512.0
2026-08-21 15:14:07.021,0 days 00:57:44.636000,81,787.8652777777752,0 days 00:00:55.896000,9847.0,100.0,2,52.0,False,0,car,3154.4894444444444,0.7441583323017974,OnTrack,1237.1568088181837,1613.257883415863,511.99908923246795
2026-08-21 15:14:07.188,0 days 00:57:44.803000,81,796.7719478577758,0 days 00:00:56.063000,10258.65515776,104.1750016,2,54.50500096,False,0,pos,3159.3480218537197,0.7453044926950785,OnTrack,1215.0,1545.0,512.0
2026-08-21 15:14:07.221,0 days 00:57:44.836000,81,798.5319444444426,0 days 00:00:56.096000,10340.0,105.0,2,55.0,False,0,car,3160.3227777777774,0.7455344420278066,OnTrack,1212.0718436647073,1532.5501780202883,512.0923893301069
2026-08-21 15:14:07.501,0 days 00:57:45.116000,81,813.465277777776,0 days 00:00:56.376000,11154.0,109.0,2,61.0,False,0,car,3168.800555555555,0.7475343881629402,OnTrack,1206.2618532964054,1443.2045650409104,513.8210445923577
2026-08-21 15:14:07.548,0 days 00:57:45.163000,81,815.8805588444427,0 days 00:00:56.423000,11242.12512,110.34285897142857,2,62.846431085714286,False,0,pos,3170.2728736657327,0.7478817146665736,OnTrack,1207.0,1428.0,514.0
2026-08-21 15:14:07.781,0 days 00:57:45.396000,81,827.8541666666652,0 days 00:00:56.656000,11679.0,117.0,2,72.0,False,0,car,3177.900555555555,0.7496811193355147,OnTrack,1215.0370941868596,1346.2843564554262,513.9216237879574
2026-08-21 15:14:08.028,0 days 00:57:45.643000,81,839.5866697066651,0 days 00:00:56.903000,11349.666581333333,127.97778062222223,2,78.86111288888888,False,0,pos,3186.921541243115,0.7518092106742879,OnTrack,1226.0,1268.0,513.0
2026-08-21 15:14:08.141,0 days 00:57:45.756000,81,844.9541666666651,0 days 00:00:57.016000,11199.0,133.0,2,82.0,False,0,car,3191.200555555555,0.7528186495108161,OnTrack,1229.8538798390891,1242.252867886742,512.6229673780113
2026-08-21 15:14:08.301,0 days 00:57:45.916000,81,852.3763888888866,0 days 00:00:57.176000,11900.0,138.0,3,85.0,False,0,car,3197.333888888889,0.7542655305941631,OnTrack,1234.8135349262895,1211.9307488642185,512.1671139661686
2026-08-21 15:14:08.408,0 days 00:57:46.023000,81,857.1022250488869,0 days 00:00:57.283000,11871.020816,141.5666688,3,86.7833344,False,0,pos,3201.585412678708,0.7552684842920255,OnTrack,1240.0,1182.0,512.0
2026-08-21 15:14:08.541,0 days 00:57:46.156000,81,862.9763888888874,0 days 00:00:57.416000,11835.0,146.0,3,89.0,False,0,car,3207.067222222222,0.7565616679655616,OnTrack,1249.3652050477651,1128.6572556010676,511.9905820933645
2026-08-21 15:14:08.548,0 days 00:57:46.163000,81,863.2661137599985,0 days 00:00:57.423000,11825.75991552,146.38500352,3,89.3500032,False,0,pos,3207.362006609005,0.7566312089361437,OnTrack,1250.0,1125.0,512.0
2026-08-21 15:14:08.741,0 days 00:57:46.356000,81,871.2541666666643,0 days 00:00:57.616000,11571.0,157.0,3,99.0,False,0,car,3215.789444444444,0.7586192796511184,OnTrack,1273.2643721923853,988.9675798264415,512.6746210280229
2026-08-21 15:14:08.848,0 days 00:57:46.463000,81,875.1775023466648,0 days 00:00:57.723000,11542.020816,164.1333376,3,99.4458336,False,0,pos,3220.811636700794,0.759804037527093,OnTrack,1284.0,926.0,513.0
2026-08-21 15:14:08.981,0 days 00:57:46.596000,81,880.0541666666654,0 days 00:00:57.856000,11506.0,173.0,4,100.0,False,0,car,3227.3227777777774,0.7613400451665425,OnTrack,1290.4252451554692,888.7212510287163,513.086088621622
2026-08-21 15:14:09.128,0 days 00:57:46.743000,81,885.0766688533322,0 days 00:00:58.003000,11426.61996544,179.61500288,4,100.0,False,0,pos,3234.7079759030407,0.7630822468183165,OnTrack,1296.0,858.0,513.0
2026-08-21 15:14:09.181,0 days 00:57:46.796000,81,886.8874999999989,0 days 00:00:58.056000,11398.0,182.0,4,100.0,False,0,car,3237.4338888888883,0.7637253020249587,OnTrack,1299.704977208045,837.657561576908,512.9870285536126
2026-08-21 15:14:09.381,0 days 00:57:46.996000,81,893.220833333331,0 days 00:00:58.256000,12004.0,191.0,4,99.0,False,0,car,3248.0449999999996,0.7662285111456043,OnTrack,1319.3484386557232,729.0263938619265,512.9985710670962
2026-08-21 15:14:09.408,0 days 00:57:47.023000,81,894.0083351999978,0 days 00:00:58.283000,11865.512171733333,192.0125024,4,99.0,False,0,pos,3249.5106418894416,0.7665742626985597,OnTrack,1322.0,714.0,513.0
2026-08-21 15:14:09.568,0 days 00:57:47.183000,81,898.6750018666647,0 days 00:00:58.443000,11044.845505066667,198.0125024,4,99.0,False,0,pos,3258.361393008955,0.7686621949325113,OnTrack,1337.0,627.0,513.0
2026-08-21 15:14:09.621,0 days 00:57:47.236000,81,900.2208333333315,0 days 00:00:58.496000,10773.0,200.0,4,99.0,False,0,car,3261.378333333333,0.7693739048050543,OnTrack,1341.9635157838468,597.7987423075111,512.9995593394475
2026-08-21 15:14:09.821,0 days 00:57:47.436000,81,905.4430555555537,0 days 00:00:58.696000,11033.0,211.0,5,99.0,False,0,car,3273.1005555555553,0.7721392300639873,OnTrack,1361.2635428323954,484.5693522757719,512.9997582313168
2026-08-21 15:14:09.848,0 days 00:57:47.463000,81,906.118056883855,0 days 00:00:58.723000,11059.32080651238,211.33962330983715,5,99.0,False,0,pos,3274.692776307748,0.7725148421433669,OnTrack,1364.0,469.0,513.0
2026-08-21 15:14:09.980,0 days 00:57:47.595000,81,909.4180555555536,0 days 00:00:58.855000,11188.0,213.0,5,99.0,False,0,car,3282.508055555555,0.774358501877833,OnTrack,1377.8628581872126,392.00231739345185,513.0017535900464
2026-08-21 15:14:10.068,0 days 00:57:47.683000,81,911.3980555555536,0 days 00:00:58.943000,11326.355555555556,215.2,5,99.0,False,0,pos,3287.817637815595,0.7756110563559622,OnTrack,1387.0,340.0,513.0
2026-08-21 15:14:10.228,0 days 00:57:47.843000,81,914.9980555555535,0 days 00:00:59.103000,11577.91111111111,219.2,5,99.0,False,0,pos,3297.6865078015912,0.7779391674369538,OnTrack,1403.0,244.0,513.0
2026-08-21 15:14:10.340,0 days 00:57:47.955000,81,917.5180555555535,0 days 00:00:59.215000,11754.0,222.0,5,99.0,False,0,car,3304.7080555555553,0.7795955823208172,OnTrack,1415.1870729863465,174.723776822435,513.0499306313961
2026-08-21 15:14:10.448,0 days 00:57:48.063000,81,919.6780555555536,0 days 00:00:59.323000,11865.78,224.43,5,99.0,False,0,pos,3311.555828697476,0.7812110029874635,OnTrack,1427.0,109.0,513.0
2026-08-21 15:14:10.740,0 days 00:57:48.355000,81,925.5180555555539,0 days 00:00:59.615000,12168.0,231.0,5,99.0,False,0,car,3330.374722222222,0.7856504651152583,OnTrack,1458.7685449877538,-69.15293611391633,512.0489253280618
2026-08-21 15:14:10.768,0 days 00:57:48.383000,81,926.0391666666652,0 days 00:00:59.643000,12191.38,231.56,5,99.0,False,0,pos,3332.1932445101565,0.7860794627508111,OnTrack,1463.0,-92.0,512.0
2026-08-21 15:14:10.940,0 days 00:57:48.555000,81,929.240277777777,0 days 00:00:59.815000,12335.0,235.0,5,99.0,False,0,car,3343.430277777777,0.7887303297401362,OnTrack,1493.0571922921463,-251.24915716234904,511.9912156616609
2026-08-21 15:14:10.968,0 days 00:57:48.583000,81,929.7147222222214,0 days 00:00:59.843000,12337.290909090909,235.3181818181818,5,99.0,False,0,pos,3345.2760281698047,0.789165750608637,OnTrack,1497.0,-272.0,512.0
2026-08-21 15:14:11.208,0 days 00:57:48.823000,81,933.7813888888877,0 days 00:01:00.083000,12356.927272727273,238.04545454545453,5,99.0,False,0,pos,3361.291443368927,0.7929438595151953,OnTrack,1517.0,-376.0,512.0
2026-08-21 15:14:11.380,0 days 00:57:48.995000,81,936.6958333333318,0 days 00:01:00.255000,12371.0,240.0,5,99.0,False,0,car,3372.7636111111105,0.7956501957909261,OnTrack,1537.0852421471382,-477.35068240549964,512.0108119511441
2026-08-21 15:14:11.589,0 days 00:57:49.204000,81,940.1211109718383,0 days 00:01:00.464000,11687.630733179945,234.79668070949197,5,18.34855099712557,False,0,pos,3386.4299957051476,0.7988741577496525,OnTrack,1566.0,-622.0,512.0
2026-08-21 15:14:11.621,0 days 00:57:49.236000,81,940.6455555555544,0 days 00:01:00.496000,11583.0,234.0,5,6.0,True,0,car,3388.4286111111105,0.7993456401665723,OnTrack,1570.0169749282377,-642.05167575415,511.9941563375743
2026-08-21 15:14:11.629,0 days 00:57:49.244000,81,940.8188888888877,0 days 00:01:00.504000,11559.777777777777,233.37777777777777,5,6.0,True,0,pos,3388.923057576339,0.7994622823248223,OnTrack,1571.0,-647.0,512.0
2026-08-21 15:14:11.929,0 days 00:57:49.544000,81,947.3188888888875,0 days 00:01:00.804000,10688.944444444445,210.04444444444445,5,6.0,True,0,pos,3406.16952419772,0.803530801831733,OnTrack,1601.0,-819.0,514.0
2026-08-21 15:14:11.981,0 days 00:57:49.596000,81,948.4455555555542,0 days 00:01:00.856000,10538.0,206.0,5,6.0,True,0,car,3409.0286111111104,0.8042052733704225,OnTrack,1604.7388120891317,-846.9119262032981,514.1080476408493
2026-08-21 15:14:12.089,0 days 00:57:49.704000,81,950.9955555555541,0 days 00:01:00.964000,10821.95,200.6,5,7.35,True,0,pos,3414.905267322171,0.8055916031593002,OnTrack,1611.0,-904.0,514.0
2026-08-21 15:14:12.221,0 days 00:57:49.836000,81,954.1122222222207,0 days 00:01:01.096000,11169.0,194.0,5,9.0,True,0,car,3421.9619444444434,0.8072563052200888,OnTrack,1615.636584245738,-973.9995636338156,513.5899315106143
2026-08-21 15:14:12.349,0 days 00:57:49.964000,81,956.8144444444428,0 days 00:01:01.224000,11239.755555555555,191.15555555555557,5,10.777777777777779,True,0,pos,3428.655947952839,0.8088354509344621,OnTrack,1615.0,-1041.0,513.0
2026-08-21 15:14:12.549,0 days 00:57:50.164000,81,961.0366666666646,0 days 00:01:01.424000,11350.31111111111,186.7111111111111,5,13.555555555555555,True,0,pos,3438.921048153469,0.8112570345158131,OnTrack,1601.0,-1141.0,512.0
2026-08-21 15:14:12.581,0 days 00:57:50.196000,81,961.7122222222201,0 days 00:01:01.456000,11368.0,186.0,4,14.0,False,0,car,3440.5619444444437,0.8116441293750215,OnTrack,1597.6838146033667,-1156.169712432064,511.8985223214866
2026-08-21 15:14:12.768,0 days 00:57:50.383000,81,965.5041679644429,0 days 00:01:01.643000,11294.13497472,184.12999936,4,21.48000256,False,0,pos,3450.126018090354,0.8139003376203484,OnTrack,1567.0,-1247.0,512.0
2026-08-21 15:14:12.781,0 days 00:57:50.396000,81,965.7677777777762,0 days 00:01:01.656000,11289.0,184.0,4,22.0,False,0,car,3450.784166666666,0.8140555978472664,OnTrack,1563.424681483018,-1254.3212924858462,512.0801772904211
2026-08-21 15:14:12.981,0 days 00:57:50.596000,81,968.8788888888876,0 days 00:01:01.856000,11145.0,180.0,4,40.0,False,0,car,3460.784166666666,0.816414643091854,OnTrack,1494.0105656652452,-1371.8492295713252,513.9614771266541
2026-08-21 15:14:12.988,0 days 00:57:50.603000,81,968.9508339911098,0 days 00:01:01.863000,11146.4875136,179.97083306666667,4,40.6125056,False,0,pos,3461.131879243815,0.8164966700620145,OnTrack,1492.0,-1375.0,514.0
2026-08-21 15:14:13.221,0 days 00:57:50.836000,81,971.3455555555543,0 days 00:01:02.096000,11196.0,179.0,4,61.0,False,0,car,3472.717499999999,0.8192297704170616,OnTrack,1442.92712430301,-1436.4030901421788,513.9140632580394
2026-08-21 15:14:13.268,0 days 00:57:50.883000,81,971.4108334222209,0 days 00:01:02.143000,11255.57258112,179.70500096,4,62.52750208,False,0,pos,3475.089844987325,0.8197894173331486,OnTrack,1426.0,-1449.0,514.0
2026-08-21 15:14:13.621,0 days 00:57:51.236000,81,971.9011111111099,0 days 00:01:02.496000,11703.0,185.0,4,74.0,False,0,car,3493.2730555555545,0.8240789189753802,OnTrack,1214.1492200932134,-1574.4515256855777,516.9588505588973
2026-08-21 15:14:13.628,0 days 00:57:51.243000,81,971.8816664888877,0 days 00:01:02.503000,11709.58006016,185.07000064,4,74.10500096,False,0,pos,3493.6355046243775,0.8241644223506015,OnTrack,1211.0,-1576.0,517.0
2026-08-21 15:14:13.821,0 days 00:57:51.436000,81,971.3455555555543,0 days 00:01:02.696000,11891.0,187.0,4,77.0,False,0,car,3503.661944444443,0.8265297048683682,OnTrack,1157.2095409070262,-1594.1928873873132,517.4784039148662
2026-08-21 15:14:13.948,0 days 00:57:51.563000,81,970.1813883022207,0 days 00:01:02.823000,12052.9250816,189.3812512,4,83.7468784,False,0,pos,3510.3661576800964,0.8281112591035948,OnTrack,1118.0,-1597.0,518.0
2026-08-21 15:14:14.141,0 days 00:57:51.756000,81,968.4122222222204,0 days 00:01:03.016000,12299.0,193.0,4,94.0,False,0,car,3520.8174999999987,0.8305767780435271,OnTrack,1013.6468258448197,-1604.9339217311747,519.7955399907466
2026-08-21 15:14:14.188,0 days 00:57:51.803000,81,967.6288878222205,0 days 00:01:03.063000,12099.984104,194.9093776,4,94.734376,False,0,pos,3523.429492860572,0.8311929589771903,OnTrack,986.0,-1606.0,520.0
2026-08-21 15:14:14.448,0 days 00:57:52.063000,81,963.2955544888873,0 days 00:01:03.323000,10999.046604000001,205.4718776,4,98.796876,False,0,pos,3538.360384458743,0.8347152238594018,OnTrack,837.0,-1603.0,520.0
2026-08-21 15:14:14.461,0 days 00:57:52.076000,81,963.0788888888874,0 days 00:01:03.336000,10944.0,206.0,5,99.0,False,0,car,3539.12861111111,0.8348964520025051,OnTrack,829.5018426637979,-1602.7820315300808,520.1847377784732
2026-08-21 15:14:14.508,0 days 00:57:52.123000,81,962.0083318755541,0 days 00:01:03.383000,11007.890712,207.9093776,5,99.0,False,0,pos,3541.9233658592957,0.8355557472923547,OnTrack,802.0,-1602.0,521.0
2026-08-21 15:14:14.781,0 days 00:57:52.396000,81,955.7899999999986,0 days 00:01:03.656000,11379.0,219.0,5,99.0,False,0,car,3558.5952777777766,0.839488726745302,OnTrack,618.4266759402566,-1594.6322418266413,525.0922773757959
2026-08-21 15:14:14.868,0 days 00:57:52.483000,81,953.3733315555542,0 days 00:01:03.743000,11512.641764977778,220.69166791111113,5,99.24166684444444,False,0,pos,3563.9967622566337,0.840762961372658,OnTrack,564.0,-1592.0,526.0
2026-08-21 15:14:15.141,0 days 00:57:52.756000,81,945.7899999999986,0 days 00:01:04.016000,11932.0,226.0,5,100.0,False,0,car,3581.195277777777,0.8448201689980697,OnTrack,418.85523987410767,-1583.2909899841195,527.9352482979574
2026-08-21 15:14:15.148,0 days 00:57:52.763000,81,945.5683313066653,0 days 00:01:04.023000,11933.150010514286,226.1750016,5,100.0,False,0,pos,3581.6419133297436,0.8449255323455627,OnTrack,415.0,-1583.0,528.0
2026-08-21 15:14:15.388,0 days 00:57:53.003000,81,937.9683313066652,0 days 00:01:04.263000,11972.578581942857,232.1750016,5,100.0,False,0,pos,3597.1482429702337,0.8485835456655031,OnTrack,263.0,-1566.0,531.0
2026-08-21 15:14:15.421,0 days 00:57:53.036000,81,936.9233333333318,0 days 00:01:04.296000,11978.0,233.0,5,100.0,False,0,car,3599.317499999999,0.8490952832135388,OnTrack,236.76541082175905,-1561.193957283841,531.4851906678614
2026-08-21 15:14:15.701,0 days 00:57:53.316000,81,927.045555555555,0 days 00:01:04.576000,10996.0,241.0,6,100.0,False,0,car,3618.061944444443,0.8535171824664486,OnTrack,2.8335682575789662,-1506.0157631152513,535.8937372760894
2026-08-21 15:14:15.708,0 days 00:57:53.323000,81,926.7849976177772,0 days 00:01:04.583000,11003.14006528,241.14000128,6,100.0,False,0,pos,3618.5350067576987,0.8536287800064964,OnTrack,-1.0,-1505.0,536.0
2026-08-21 15:14:15.901,0 days 00:57:53.516000,81,919.6011111111106,0 days 00:01:04.776000,11200.0,245.0,6,100.0,False,0,car,3631.673055555554,0.8567281051604704,OnTrack,-61.57184254213109,-1485.9844421690918,538.8538700573059
2026-08-21 15:14:15.968,0 days 00:57:53.583000,81,916.9024974222215,0 days 00:01:04.843000,11249.203172,246.6750016,6,100.0,False,0,pos,3636.315418572728,0.8578232596004017,OnTrack,-87.0,-1476.0,540.0
2026-08-21 15:14:16.208,0 days 00:57:53.823000,81,907.2358307555539,0 days 00:01:05.083000,11425.453172,252.6750016,6,100.0,False,0,pos,3653.2404278911886,0.861815945875133,OnTrack,-241.0,-1412.0,545.0
2026-08-21 15:14:16.221,0 days 00:57:53.836000,81,906.7122222222206,0 days 00:01:05.096000,11435.0,253.0,6,100.0,False,0,car,3654.1619444444436,0.8620333357994094,OnTrack,-249.73303363286195,-1407.9194035942949,545.2790115561146
2026-08-21 15:14:16.468,0 days 00:57:54.083000,81,896.214719502221,0 days 00:01:05.343000,11593.234416,256.0875008,6,100.0,False,0,pos,3671.744437962562,0.8661811255716003,OnTrack,-403.0,-1325.0,551.0
2026-08-21 15:14:16.541,0 days 00:57:54.156000,81,893.1122222222211,0 days 00:01:05.416000,11640.0,257.0,6,100.0,False,0,car,3677.0063888888876,0.8674224436026002,OnTrack,-443.24087054104365,-1299.5657647217654,553.2479511167712
2026-08-21 15:14:16.648,0 days 00:57:54.263000,81,888.3269428636346,0 days 00:01:05.523000,11701.334748295298,259.68619335599845,6,100.0,False,0,pos,3684.7916692284184,0.8692590264588753,OnTrack,-508.0,-1252.0,557.0
2026-08-21 15:14:16.780,0 days 00:57:54.395000,81,882.4236111111095,0 days 00:01:05.655000,11777.0,263.0,6,100.0,False,0,car,3694.466666666666,0.8715414021286846,OnTrack,-618.6995252738382,-1155.5812824297939,562.110096411347
2026-08-21 15:14:16.868,0 days 00:57:54.483000,81,878.390277777776,0 days 00:01:05.743000,11837.342857142858,263.62857142857143,6,100.0,False,0,pos,3700.924729784516,0.8730648884374255,OnTrack,-691.0,-1085.0,565.0
2026-08-21 15:14:17.060,0 days 00:57:54.675000,81,869.5902777777756,0 days 00:01:05.935000,11969.0,265.0,6,100.0,False,0,car,3715.077777777777,0.8764036564939176,OnTrack,-802.4613967460299,-948.3819349069025,568.2212542665204
2026-08-21 15:14:17.268,0 days 00:57:54.883000,81,859.652499999998,0 days 00:01:06.143000,11977.036363636364,267.3636363636364,6,100.0,False,0,pos,3730.612571306273,0.8800683845738222,OnTrack,-874.0,-835.0,570.0
2026-08-21 15:14:17.500,0 days 00:57:55.115000,81,848.5680555555537,0 days 00:01:06.375000,11986.0,270.0,6,100.0,False,0,car,3748.077777777777,0.8841885058010562,OnTrack,-923.5586776294316,-759.0999281582017,573.883418045656
2026-08-21 15:14:17.668,0 days 00:57:55.283000,81,840.3080555555536,0 days 00:01:06.543000,11488.3,270.84,6,100.0,False,0,pos,3760.729991833837,0.8871732203413014,OnTrack,-957.0,-659.0,576.0
2026-08-21 15:14:17.900,0 days 00:57:55.515000,81,828.9013888888867,0 days 00:01:06.775000,10801.0,272.0,7,100.0,False,0,car,3778.2999999999997,0.8913180647624762,OnTrack,-1011.0011395258305,-408.6564761687213,576.1113675412422
2026-08-21 15:14:17.928,0 days 00:57:55.543000,81,827.4624998085447,0 days 00:01:06.803000,10808.625780640437,272.3492723957452,7,100.0,False,0,pos,3780.437376273069,0.8918222814957639,OnTrack,-1015.0,-384.0,576.0
2026-08-21 15:14:18.269,0 days 00:57:55.884000,81,809.9388896546988,0 days 00:01:07.144000,10901.496877438254,276.60291041701925,7,100.0,False,0,pos,3806.739211125014,0.8980270033389045,OnTrack,-1007.0,-213.0,573.0
2026-08-21 15:14:18.381,0 days 00:57:55.996000,81,804.1833333333311,0 days 00:01:07.256000,10932.0,278.0,7,100.0,False,0,car,3815.443888888888,0.9000804762073579,OnTrack,-993.364039171303,-128.13394096127442,571.0776882349763
2026-08-21 15:14:18.429,0 days 00:57:56.044000,81,801.7033333333311,0 days 00:01:07.304000,10951.866666666667,278.4,7,100.0,False,0,pos,3819.1811025601723,0.9009621018212829,OnTrack,-986.0,-90.0,570.0
2026-08-21 15:14:18.609,0 days 00:57:56.224000,81,792.4033333333311,0 days 00:01:07.484000,11026.366666666667,279.9,7,100.0,False,0,pos,3833.229261508697,0.9042761260775554,OnTrack,-949.0,44.0,565.0
2026-08-21 15:14:18.741,0 days 00:57:56.356000,81,785.5833333333312,0 days 00:01:07.616000,11081.0,281.0,7,100.0,False,0,car,3843.543888888888,0.9067093933446485,OnTrack,-912.736322290964,139.4461802340527,562.7246818922488
2026-08-21 15:14:18.869,0 days 00:57:56.484000,81,779.041111111109,0 days 00:01:07.744000,11148.2,281.45714285714286,7,100.0,False,0,pos,3853.547827520002,0.909069367730136,OnTrack,-872.0,236.0,561.0
2026-08-21 15:14:19.021,0 days 00:57:56.636000,81,771.2722222222201,0 days 00:01:07.896000,11228.0,282.0,7,100.0,False,0,car,3865.4772222222214,0.9118835659144437,OnTrack,-819.025043743991,361.8136652416228,558.4125423525422
2026-08-21 15:14:19.049,0 days 00:57:56.664000,81,769.8566666666645,0 days 00:01:07.924000,11239.76,282.35,7,100.0,False,0,pos,3867.6871300190214,0.9124048931623455,OnTrack,-809.0,386.0,558.0
2026-08-21 15:14:19.268,0 days 00:57:56.883000,81,758.7849967644423,0 days 00:01:08.143000,11331.74002688,285.0875008,7,100.0,False,0,pos,3885.102715088997,0.9165133084764489,OnTrack,-732.0,577.0,556.0
2026-08-21 15:14:19.421,0 days 00:57:57.036000,81,751.0499999999979,0 days 00:01:08.296000,11396.0,287.0,7,100.0,False,0,car,3897.3661111111105,0.9194062990832949,OnTrack,-687.698131381577,691.2275038591098,555.4414446425344
2026-08-21 15:14:19.488,0 days 00:57:57.103000,81,747.6441634133313,0 days 00:01:08.363000,11428.104197333334,287.8375008,7,100.0,False,0,pos,3902.7547805654567,0.9206775105883878,OnTrack,-669.0,740.0,555.0
2026-08-21 15:14:19.648,0 days 00:57:57.263000,81,739.5108300799981,0 days 00:01:08.523000,11504.770864,289.8375008,7,100.0,False,0,pos,3915.651739719994,0.9237199616047029,OnTrack,-623.0,860.0,553.0
2026-08-21 15:14:19.661,0 days 00:57:57.276000,81,738.8499999999981,0 days 00:01:08.536000,11511.0,290.0,7,100.0,False,0,car,3916.6994444444435,0.9239671198894972,OnTrack,-619.2262431865754,869.8072260861044,552.8017911567522
2026-08-21 15:14:19.861,0 days 00:57:57.476000,81,728.9055555555537,0 days 00:01:08.736000,11607.0,291.0,7,100.0,False,0,car,3932.8661111111105,0.9277809097015803,OnTrack,-560.7893736342796,1020.7394039456151,549.3507243515884
2026-08-21 15:14:19.948,0 days 00:57:57.563000,81,724.5555523555536,0 days 00:01:08.823000,11629.62001664,293.61000192,7,99.56499968,False,0,pos,3940.0117968179775,0.9294666092901904,OnTrack,-535.0,1087.0,548.0
2026-08-21 15:14:20.061,0 days 00:57:57.676000,81,718.9055555555533,0 days 00:01:08.936000,11659.0,297.0,7,99.0,False,0,car,3949.366111111111,0.9316733343551498,OnTrack,-501.11866379634887,1173.8476443074933,546.5620392716366
2026-08-21 15:14:20.108,0 days 00:57:57.723000,81,716.5816635022201,0 days 00:01:08.983000,11508.9914624,297.3916672,7,99.1958336,False,0,pos,3953.2597651432325,0.9325918649580043,OnTrack,-487.0,1210.0,546.0
2026-08-21 15:14:20.301,0 days 00:57:57.916000,81,707.038888888887,0 days 00:01:09.176000,10893.0,299.0,7,100.0,False,0,car,3969.299444444444,0.9363756978760273,OnTrack,-429.17158115933904,1358.0640089176084,543.699559603841
2026-08-21 15:14:20.368,0 days 00:57:57.983000,81,703.7633302044425,0 days 00:01:09.243000,10840.835664457143,299.95714377142855,7,100.0,False,0,pos,3974.911565267212,0.9376996225699272,OnTrack,-409.0,1410.0,543.0
2026-08-21 15:14:20.581,0 days 00:57:58.196000,81,693.3499999999981,0 days 00:01:09.456000,10675.0,303.0,8,100.0,False,0,car,3992.8661111111105,0.941935181169105,OnTrack,-344.7202415567489,1577.042679384178,541.2898768498655
2026-08-21 15:14:20.628,0 days 00:57:58.243000,81,691.0913858133315,0 days 00:01:09.503000,10666.3833216,303.1958336,8,99.8041664,False,0,pos,3996.8321358240582,0.9428707843430045,OnTrack,-331.0,1613.0,541.0
2026-08-21 15:14:20.808,0 days 00:57:58.423000,81,682.4413858133319,0 days 00:01:09.683000,10633.3833216,303.9458336,8,99.0541664,False,0,pos,4012.0331417307984,0.9464567704127285,OnTrack,-277.0,1755.0,540.0
2026-08-21 15:14:20.821,0 days 00:57:58.436000,81,681.8166666666652,0 days 00:01:09.696000,10631.0,304.0,8,99.0,False,0,car,4013.132777777777,0.9467161795314688,OnTrack,-272.32804717896107,1767.2086182510561,539.9079558398453
2026-08-21 15:14:20.981,0 days 00:57:58.596000,81,674.26111111111,0 days 00:01:09.856000,10646.0,305.0,8,99.0,False,0,car,4026.688333333332,0.9499139964185762,OnTrack,-205.58078002907533,1940.6434244979519,538.5076157809619
2026-08-21 15:14:21.048,0 days 00:57:58.663000,81,671.1716637155542,0 days 00:01:09.923000,10666.658353066667,305.27916693333333,8,99.0,False,0,pos,4032.3745692492134,0.9512554051982725,OnTrack,-180.0,2007.0,538.0
2026-08-21 15:14:21.221,0 days 00:57:58.836000,81,663.1944444444425,0 days 00:01:10.096000,10720.0,306.0,8,99.0,False,0,car,4047.088333333333,0.9547264487175349,OnTrack,-131.40853871565864,2133.1882202721044,537.2374056192955
2026-08-21 15:14:21.428,0 days 00:57:59.043000,81,653.8219415466651,0 days 00:01:10.303000,10753.6375104,307.03500032,8,99.0,False,0,pos,4064.7738112280413,0.9588985329701115,OnTrack,-87.0,2248.0,537.0
2026-08-21 15:14:21.621,0 days 00:57:59.236000,81,645.0833333333321,0 days 00:01:10.496000,10785.0,308.0,8,99.0,False,0,car,4081.310555555555,0.9627996257767896,OnTrack,-31.06573867387542,2391.7180451478926,536.9976367050128
2026-08-21 15:14:21.648,0 days 00:57:59.263000,81,643.9133305599987,0 days 00:01:10.523000,10788.44250816,308.06750016,8,99.0,False,0,pos,4083.6252987732887,0.9633456841748131,OnTrack,-19.0,2423.0,537.0
2026-08-21 15:14:21.808,0 days 00:57:59.423000,81,636.9799972266652,0 days 00:01:10.683000,10808.84250816,308.46750016,8,99.0,False,0,pos,4097.348843543693,0.9665831304777637,OnTrack,67.0,2647.0,537.0
2026-08-21 15:14:22.021,0 days 00:57:59.636000,81,627.7499999999982,0 days 00:01:10.896000,10836.0,309.0,8,99.0,False,0,car,4115.643888888889,0.9708990144498733,OnTrack,108.8821113708505,2755.7524125893415,536.9996835476214
2026-08-21 15:14:22.108,0 days 00:57:59.723000,81,623.9799972266648,0 days 00:01:10.983000,10824.25499136,309.43500032,8,99.43500032,False,0,pos,4123.127537755641,0.9726644410770006,OnTrack,123.0,2792.0,537.0
2026-08-21 15:14:22.221,0 days 00:57:59.836000,81,619.0833333333312,0 days 00:01:11.096000,10809.0,310.0,8,100.0,False,0,car,4132.866111111111,0.9749618145933295,OnTrack,152.50898614553014,2867.7708691122943,537.0000922535979
2026-08-21 15:14:22.348,0 days 00:57:59.963000,81,613.6505528177753,0 days 00:01:11.223000,10836.781264,310.7937504,8,99.2062496,False,0,pos,4143.842776885325,0.9775512597129379,OnTrack,198.0,2985.0,537.0
2026-08-21 15:14:22.381,0 days 00:57:59.996000,81,612.2388888888863,0 days 00:01:11.256000,10844.0,311.0,8,99.0,False,0,car,4146.6883333333335,0.9782225393536259,OnTrack,211.42782263633933,3019.741126173998,536.9999871406749
2026-08-21 15:14:22.541,0 days 00:58:00.156000,81,605.5277777777765,0 days 00:01:11.416000,10835.0,309.0,8,99.0,False,0,car,4160.421666666666,0.9814622948228592,OnTrack,284.6518635748649,3209.8388193519745,536.9999864867002
2026-08-21 15:14:22.648,0 days 00:58:00.263000,81,601.0694417777767,0 days 00:01:11.523000,10802.8999808,308.6178569142857,8,99.0,False,0,pos,4169.5816680625385,0.9836231805961939,OnTrack,329.0,3325.0,537.0
2026-08-21 15:14:22.821,0 days 00:58:00.436000,81,593.8611111111104,0 days 00:01:11.696000,10751.0,308.0,8,99.0,False,0,car,4184.3772222222215,0.9871135187643375,OnTrack,382.23192285062686,3462.8474966870535,537.0000076911674
2026-08-21 15:14:23.021,0 days 00:58:00.636000,81,585.5277777777765,0 days 00:01:11.896000,10782.0,308.0,8,99.0,False,0,car,4201.488333333333,0.991150107293965,OnTrack,425.298640247746,3572.969177898662,537.0000017896614
2026-08-21 15:14:23.108,0 days 00:58:00.723000,81,581.854441742221,0 days 00:01:11.983000,10777.339282285715,308.0,8,99.31071451428572,False,0,pos,4208.934930979294,0.9929067933704712,OnTrack,446.0,3625.0,537.0
2026-08-21 15:14:23.301,0 days 00:58:00.916000,81,573.7055555555544,0 days 00:01:12.176000,10767.0,308.0,8,100.0,False,0,car,4225.443888888888,0.9968013312354433,OnTrack,497.6733391754958,3753.1306085209194,536.9999987611523
2026-08-21 15:14:23.316,0 days 00:58:00.931000,81,573.7055555555544,0 days 00:01:12.191000,10764.169800384483,307.9056600128161,8,100.0,False,0,interpolation,4226.724840098938,0.9971035134215052,OnTrack,502.0199805066032,3763.8190419603247,536.99999882163
