Date,SessionTime,DriverAhead,DistanceToDriverAhead,Time,RPM,Speed,nGear,Throttle,Brake,DRS,Source,Distance,RelativeDistance,Status,X,Y,Z
2026-08-21 14:57:26.104,0 days 00:41:03.719000,,1076.8550000000002,0 days 00:00:00,10881.95499776,302.5875008,7,100.0,False,0,interpolation,0.40665406853455954,9.530681716958699e-05,OnTrack,514.4441279575448,3792.9599991549676,536.9993442298287
2026-08-21 14:57:26.217,0 days 00:41:03.832000,,1076.8550000000002,0 days 00:00:00.113000,10878.0,304.0,8,100.0,False,0,car,9.940833333333323,0.002329816072977073,OnTrack,541.444389250391,3859.4360747256474,536.9986492881832
2026-08-21 14:57:26.328,0 days 00:41:03.943000,,1076.8550000000002,0 days 00:00:00.224000,10904.3625152,304.0,8,100.0,False,0,pos,19.303755866355672,0.004524188182036479,OnTrack,578.0,3949.0,537.0
2026-08-21 14:57:26.377,0 days 00:41:03.992000,27,1076.8550000000002,0 days 00:00:00.273000,10916.0,304.0,8,100.0,False,0,car,23.451944444444436,0.005496392030436625,OnTrack,597.2993774820632,3996.18474000643,537.0012365374971
2026-08-21 14:57:26.628,0 days 00:41:04.243000,27,1074.4844438400003,0 days 00:00:00.524000,10984.2406424,307.1375008,8,100.0,False,0,pos,44.90999394173637,0.010525478318996778,OnTrack,707.0,4264.0,537.0
2026-08-21 14:57:26.697,0 days 00:41:04.312000,27,1073.8327777777781,0 days 00:00:00.593000,11003.0,308.0,8,100.0,False,0,car,50.82972222222221,0.01191287489160466,OnTrack,729.3297914733419,4318.605573031798,536.9897091563512
2026-08-21 14:57:27.028,0 days 00:41:04.643000,27,1071.4422217600002,0 days 00:00:00.924000,11048.5125088,308.82750016,8,100.0,False,0,pos,79.23032002689445,0.018569074329694974,OnTrack,804.0,4502.0,537.0
2026-08-21 14:57:27.097,0 days 00:41:04.712000,27,1070.943888888889,0 days 00:00:00.993000,11058.0,309.0,8,100.0,False,0,car,85.16305555555554,0.0199595193887675,OnTrack,824.2048527689248,4551.63824227943,537.0653906194074
2026-08-21 14:57:27.257,0 days 00:41:04.872000,27,1069.8772222222224,0 days 00:00:01.153000,11076.0,310.0,8,100.0,False,0,car,98.94083333333333,0.023188593555913756,OnTrack,878.170742060339,4683.967558157078,537.1421415936699
2026-08-21 14:57:27.307,0 days 00:41:04.922000,27,1069.5577769600002,0 days 00:00:01.203000,11041.9374128,310.0,8,100.0,False,0,pos,103.24814286574802,0.024198090309697693,OnTrack,895.0,4725.0,537.0
2026-08-21 14:57:27.417,0 days 00:41:05.032000,27,1068.8550000000002,0 days 00:00:01.313000,10967.0,310.0,8,100.0,False,0,car,112.7186111111111,0.026417667723060007,OnTrack,931.1764689952323,4812.744490286186,536.3670158151258
2026-08-21 14:57:27.487,0 days 00:41:05.102000,27,1068.4466659200002,0 days 00:00:01.383000,10988.0000384,309.64999936,8,100.0,False,0,pos,118.73386091598007,0.02782745151164473,OnTrack,954.0,4868.0,536.0
2026-08-21 14:57:27.617,0 days 00:41:05.232000,27,1067.6883333333337,0 days 00:00:01.513000,11027.0,309.0,8,100.0,False,0,car,129.88527777777776,0.030440989971641425,OnTrack,996.5784009601622,4971.232465081955,535.7862890533193
2026-08-21 14:57:27.707,0 days 00:41:05.322000,27,1067.2883327644447,0 days 00:00:01.603000,11021.749992533334,308.6249994666667,8,100.0,False,0,pos,137.59630511692544,0.03224821023492369,OnTrack,1026.0,5043.0,536.0
2026-08-21 14:57:27.857,0 days 00:41:05.472000,27,1066.621666666667,0 days 00:00:01.753000,11013.0,308.0,8,100.0,False,0,car,150.4186111111111,0.03525335211751745,OnTrack,1074.5098767624286,5162.498732681449,536.87662359114
2026-08-21 14:57:27.887,0 days 00:41:05.502000,27,1066.4966661333335,0 days 00:00:01.783000,11006.464257828571,307.89285668571426,8,100.0,False,0,pos,152.9758706808835,0.03585269266057355,OnTrack,1084.0,5186.0,537.0
2026-08-21 14:57:28.107,0 days 00:41:05.722000,27,1065.579999466667,0 days 00:00:02.003000,10958.5356864,307.1071424,8,100.0,False,0,pos,171.71917043185712,0.040245527703287494,OnTrack,1151.0,5355.0,537.0
2026-08-21 14:57:28.137,0 days 00:41:05.752000,27,1065.4550000000004,0 days 00:00:02.033000,10952.0,307.0,8,100.0,False,0,car,174.29638888888888,0.04084954597654753,OnTrack,1159.8664771328954,5378.513330749337,536.9760604989257
2026-08-21 14:57:28.287,0 days 00:41:05.902000,27,1064.9549995733337,0 days 00:00:02.183000,10929.4999808,306.24999936,8,100.0,False,0,pos,187.2913775985553,0.043895159211246475,OnTrack,1203.0,5499.0,537.0
2026-08-21 14:57:28.527,0 days 00:41:06.142000,27,1064.1549995733335,0 days 00:00:02.423000,10893.4999808,305.04999936,8,100.0,False,0,pos,207.40698645606483,0.048609619987567625,OnTrack,1265.0,5699.0,538.0
2026-08-21 14:57:28.537,0 days 00:41:06.152000,27,1064.121666666667,0 days 00:00:02.433000,10892.0,305.0,8,100.0,False,0,car,208.18527777777777,0.0487920267908992,OnTrack,1267.3575995713115,5707.27530167815,538.0486031152137
2026-08-21 14:57:28.707,0 days 00:41:06.322000,27,1066.1050014933335,0 days 00:00:02.603000,10173.7494592,279.97220337777776,8,52.77774222222222,False,0,pos,220.64664319697874,0.05171257564946859,OnTrack,1305.0,5845.0,539.0
2026-08-21 14:57:28.897,0 days 00:41:06.512000,27,1068.3216666666667,0 days 00:00:02.793000,9371.0,252.0,8,0.0,True,0,car,233.3852777777778,0.05469810760629251,OnTrack,1343.8180303845218,5986.168427669385,541.1412800047462
2026-08-21 14:57:28.947,0 days 00:41:06.562000,27,1069.2800024533335,0 days 00:00:02.843000,9255.642561828572,247.35713097142857,8,0.0,True,0,pos,236.63225885852958,0.055459096997918435,OnTrack,1353.0,6020.0,542.0
2026-08-21 14:57:29.047,0 days 00:41:06.662000,27,1071.19666912,0 days 00:00:02.943000,9024.928276114286,238.0714166857143,8,0.0,True,0,pos,242.994900420408,0.05695029839727693,OnTrack,1371.0,6086.0,544.0
2026-08-21 14:57:29.177,0 days 00:41:06.792000,27,1073.6883333333335,0 days 00:00:03.073000,8725.0,226.0,8,0.0,True,0,car,250.96305555555554,0.05881778126147426,OnTrack,1404.6389108901835,6194.936827439886,545.9429165046371
2026-08-21 14:57:29.287,0 days 00:41:06.902000,27,1076.4994477155556,0 days 00:00:03.183000,8981.666965333334,215.91665493333332,8,0.0,True,0,pos,257.41743812699514,0.06033048384402935,OnTrack,1433.0,6281.0,547.0
2026-08-21 14:57:29.417,0 days 00:41:07.032000,27,1079.8216666666667,0 days 00:00:03.313000,9285.0,204.0,8,0.0,True,0,car,264.56305555555554,0.062005189955496046,OnTrack,1455.5862119077617,6344.829303335768,547.7136420718441
2026-08-21 14:57:29.617,0 days 00:41:07.232000,27,1086.543888888889,0 days 00:00:03.513000,10567.0,175.0,8,0.0,True,0,car,274.28527777777776,0.06428377051699037,OnTrack,1479.2977638266007,6395.343575765707,547.9743294991524
2026-08-21 14:57:29.667,0 days 00:41:07.282000,27,1088.4605604622222,0 days 00:00:03.563000,10609.142965028572,171.60713417142858,8,0.0,True,0,pos,276.554341969983,0.06481556720327923,OnTrack,1488.0,6412.0,548.0
2026-08-21 14:57:29.867,0 days 00:41:07.482000,27,1096.127227128889,0 days 00:00:03.763000,10777.7143936,158.0357056,8,0.0,True,0,pos,285.1643531015427,0.06683348075742317,OnTrack,1531.0,6489.0,548.0
2026-08-21 14:57:29.897,0 days 00:41:07.512000,27,1097.2772222222222,0 days 00:00:03.793000,10803.0,156.0,6,0.0,True,0,car,286.4186111111111,0.0671274390577353,OnTrack,1536.5195616400824,6497.27948257824,547.986225226839
2026-08-21 14:57:30.007,0 days 00:41:07.622000,27,1101.8300052977777,0 days 00:00:03.903000,10692.69431608889,152.33332906666666,6,0.0,True,0,pos,290.95277307566437,0.06819010282728824,OnTrack,1556.0,6522.0,548.0
2026-08-21 14:57:30.227,0 days 00:41:07.842000,27,1110.9355608533333,0 days 00:00:04.123000,10472.083204977778,144.99999573333332,6,0.0,True,0,pos,299.6736799797634,0.07023400683360292,OnTrack,1614.0,6589.0,549.0
2026-08-21 14:57:30.257,0 days 00:41:07.872000,27,1112.177222222222,0 days 00:00:04.153000,10442.0,144.0,3,0.0,True,0,car,300.81861111111107,0.07050234238081718,OnTrack,1621.776042734519,6597.070528520522,549.1575279231917
2026-08-21 14:57:30.497,0 days 00:41:08.112000,27,1122.843888888889,0 days 00:00:04.393000,9707.0,132.0,3,0.0,True,0,car,309.6186111111111,0.07256478330047834,OnTrack,1685.8514431561448,6646.115869937123,550.1098730033782
2026-08-21 14:57:30.567,0 days 00:41:08.182000,27,1126.0133381095686,0 days 00:00:04.463000,9530.065059999177,129.88944405565618,3,0.0,True,0,pos,312.09467660155343,0.0731450945263021,OnTrack,1718.0,6660.0,550.0
2026-08-21 14:57:30.696,0 days 00:41:08.311000,27,1131.8541666666667,0 days 00:00:04.592000,9204.0,126.0,3,0.0,True,0,car,316.58361111111105,0.07419715841473287,OnTrack,1796.7288239651416,6686.835668006446,549.252997140794
2026-08-21 14:57:30.747,0 days 00:41:08.362000,27,1134.1916696,0 days 00:00:04.643000,9124.3124,125.0437488,3,0.0,True,0,pos,318.34327502021296,0.07460956782961725,OnTrack,1823.0,6695.0,549.0
2026-08-21 14:57:30.856,0 days 00:41:08.471000,27,1139.1875,0 days 00:00:04.752000,8954.0,123.0,3,0.0,True,0,car,322.05027777777775,0.07547837171331026,OnTrack,1856.6904898400023,6704.566238483922,548.805105982525
2026-08-21 14:57:31.087,0 days 00:41:08.702000,27,1150.1600030400002,0 days 00:00:04.983000,8630.5999104,117.2249984,3,0.0,True,0,pos,329.5579528315099,0.07723793264993939,OnTrack,1889.0,6701.0,549.0
2026-08-21 14:57:31.096,0 days 00:41:08.711000,27,1150.5875000000003,0 days 00:00:04.992000,8618.0,117.0,3,0.0,True,0,car,329.85027777777776,0.0773064443466463,OnTrack,1891.8035123991829,6700.6977728423735,548.984223585281
2026-08-21 14:57:31.256,0 days 00:41:08.871000,27,1158.1430555555557,0 days 00:00:05.152000,8266.0,117.0,3,0.0,False,0,car,335.05027777777775,0.07852515943553698,OnTrack,1962.8922448214403,6693.913743652521,548.3790881634499
2026-08-21 14:57:31.347,0 days 00:41:08.962000,27,1162.5413919822222,0 days 00:00:05.243000,8234.529144533333,114.7249984,3,0.0,False,0,pos,337.90642844426213,0.07919455057272731,OnTrack,2004.0,6688.0,548.0
2026-08-21 14:57:31.496,0 days 00:41:09.111000,27,1169.7430555555554,0 days 00:00:05.392000,8183.0,111.0,3,0.0,False,0,car,342.4502777777778,0.08025948475434296,OnTrack,2055.3450362270983,6674.248411676892,547.5604817858814
2026-08-21 14:57:31.768,0 days 00:41:09.383000,27,1183.040836362009,0 days 00:00:05.664000,8392.081898153885,109.06405649857514,3,16.455519762111262,False,0,pos,350.6833837947566,0.08218906370267541,OnTrack,2114.0,6640.0,547.0
2026-08-21 14:57:31.777,0 days 00:41:09.392000,27,1183.480833333333,0 days 00:00:05.673000,8399.0,109.0,3,17.0,False,0,car,350.9583333333333,0.08225350315485752,OnTrack,2115.6821393562554,6638.789754980183,546.9759134788341
2026-08-21 14:57:31.977,0 days 00:41:09.592000,27,1193.0363888888887,0 days 00:00:05.873000,8550.0,111.0,3,24.0,False,0,car,357.125,0.08369877425386249,OnTrack,2149.8735549982266,6610.487322486014,546.3437825008197
2026-08-21 14:57:32.088,0 days 00:41:09.703000,27,1198.308891928889,0 days 00:00:05.984000,8620.0687904,111.6937504,3,26.0812512,False,0,pos,360.57051803288175,0.08450629441073133,OnTrack,2169.0,6591.0,546.0
2026-08-21 14:57:32.137,0 days 00:41:09.752000,27,1200.6363888888889,0 days 00:00:06.033000,8651.0,112.0,3,27.0,False,0,car,362.10277777777776,0.08486540750134759,OnTrack,2177.879765459589,6581.1609404198425,545.862424138342
2026-08-21 14:57:32.428,0 days 00:41:10.043000,27,1213.4080583644445,0 days 00:00:06.324000,9039.3032104,115.6375008,3,29.7281256,False,0,pos,371.4463649490937,0.0870552480148184,OnTrack,2234.0,6502.0,545.0
2026-08-21 14:57:32.457,0 days 00:41:10.072000,27,1214.6808333333333,0 days 00:00:06.353000,9078.0,116.0,3,30.0,False,0,car,372.41388888888883,0.08728200494256672,OnTrack,2239.5346018975906,6491.260909003227,544.8701192921794
2026-08-21 14:57:32.628,0 days 00:41:10.243000,27,1221.2358357866667,0 days 00:00:06.524000,9389.600116622223,120.2750016,3,33.80000142222222,False,0,pos,378.2778364663986,0.08865632828740806,OnTrack,2269.0,6424.0,544.0
2026-08-21 14:57:32.817,0 days 00:41:10.432000,27,1228.4808333333333,0 days 00:00:06.713000,9734.0,125.0,3,38.0,False,0,car,384.91388888888883,0.09021160852163085,OnTrack,2284.573378801501,6373.1999912897345,543.2571698751198
2026-08-21 14:57:32.948,0 days 00:41:10.563000,27,1232.9202799466666,0 days 00:00:06.844000,9890.1084096,126.0916672,3,43.458336,False,0,pos,389.50051731547865,0.09128656876598082,OnTrack,2290.0,6337.0,543.0
2026-08-21 14:57:33.057,0 days 00:41:10.672000,27,1236.6141666666665,0 days 00:00:06.953000,10020.0,127.0,3,48.0,False,0,car,393.38055555555553,0.09219592667918364,OnTrack,2293.8798467606057,6298.113602998464,542.9823160262424
2026-08-21 14:57:33.108,0 days 00:41:10.723000,27,1238.1441685866664,0 days 00:00:07.004000,10154.23945417143,128.4571446857143,3,49.45714468571428,False,0,pos,395.2349240826681,0.09263053185309825,OnTrack,2295.0,6279.0,543.0
2026-08-21 14:57:33.288,0 days 00:41:10.903000,27,1243.5441685866665,0 days 00:00:07.184000,10628.025168457143,133.60000182857144,3,54.60000182857143,False,0,pos,401.98372752709895,0.09421223735111464,OnTrack,2294.0,6212.0,543.0
2026-08-21 14:57:33.337,0 days 00:41:10.952000,27,1245.0141666666666,0 days 00:00:07.233000,10757.0,135.0,3,56.0,False,0,car,403.88055555555553,0.09465679368559751,OnTrack,2292.5053033215254,6193.458050964368,542.9115514576655
2026-08-21 14:57:33.537,0 days 00:41:11.152000,27,1250.3474999999999,0 days 00:00:07.433000,11008.0,144.0,3,64.0,False,0,car,411.88055555555553,0.09653173997619856,OnTrack,2281.227731026961,6115.794144341428,542.1457003206075
2026-08-21 14:57:33.668,0 days 00:41:11.283000,27,1253.5133348799998,0 days 00:00:07.564000,11558.7461024,148.3666688,3,71.6416704,False,0,pos,417.30814411165284,0.097803794604969,OnTrack,2270.0,6063.0,542.0
2026-08-21 14:57:33.777,0 days 00:41:11.392000,27,1256.1474999999998,0 days 00:00:07.673000,12017.0,152.0,3,78.0,False,0,car,422.01388888888886,0.09890667194429323,OnTrack,2258.5359207077663,6017.856492875795,542.2897531250748
2026-08-21 14:57:33.867,0 days 00:41:11.482000,27,1257.8975024888887,0 days 00:00:07.763000,11700.8745504,156.7812568,3,84.1875088,False,0,pos,426.0767855697865,0.09985888607691129,OnTrack,2248.0,5980.0,542.0
2026-08-21 14:57:33.947,0 days 00:41:11.562000,27,1259.4530580444443,0 days 00:00:07.843000,11419.8745504,161.0312568,3,89.6875088,False,0,pos,429.82236548675417,0.10073673122334482,OnTrack,2238.0,5946.0,541.0
2026-08-21 14:57:34.097,0 days 00:41:11.712000,27,1262.369722222222,0 days 00:00:07.993000,10893.0,169.0,3,100.0,False,0,car,437.0361111111111,0.10242740442331076,OnTrack,2216.6131426639135,5880.28379747553,540.1832526578442
2026-08-21 14:57:34.147,0 days 00:41:11.762000,27,1263.2308355377775,0 days 00:00:08.043000,11031.1253536,171.08333866666666,3,100.0,False,0,pos,439.4801209575648,0.10300020282278587,OnTrack,2209.0,5858.0,540.0
2026-08-21 14:57:34.337,0 days 00:41:11.952000,27,1266.5030555555554,0 days 00:00:08.233000,11556.0,179.0,4,100.0,False,0,car,448.96944444444443,0.10522419930679065,OnTrack,2178.6047219821053,5771.939555311847,538.8825441211516
2026-08-21 14:57:34.427,0 days 00:41:12.042000,27,1267.9030575466666,0 days 00:00:08.323000,11524.04995456,183.05000576,4,100.0,False,0,pos,453.59926431112143,0.1063092822549378,OnTrack,2163.0,5729.0,538.0
2026-08-21 14:57:34.537,0 days 00:41:12.152000,27,1269.6141666666665,0 days 00:00:08.433000,11485.0,188.0,4,100.0,False,0,car,459.41388888888883,0.10767204585285313,OnTrack,2142.801576150429,5674.286609505592,536.5811786600774
2026-08-21 14:57:34.587,0 days 00:41:12.202000,27,1270.1836125688887,0 days 00:00:08.483000,11427.62485312,190.12500544,4,100.0,False,0,pos,462.12877587524287,0.10830832926341133,OnTrack,2134.0,5651.0,536.0
2026-08-21 14:57:34.887,0 days 00:41:12.502000,27,1273.6002792355553,0 days 00:00:08.783000,11083.37485312,202.87500544,4,100.0,False,0,pos,479.2499291937115,0.11232098462657066,OnTrack,2086.0,5534.0,534.0
2026-08-21 14:57:34.937,0 days 00:41:12.552000,27,1274.169722222222,0 days 00:00:08.833000,11026.0,205.0,5,100.0,False,0,car,482.1916666666666,0.11301043459692556,OnTrack,2075.9141804832902,5510.61768947681,533.5358838850502
2026-08-21 14:57:35.087,0 days 00:41:12.702000,27,1275.4197232888887,0 days 00:00:08.983000,11305.10738102857,211.4285769142857,5,100.0,False,0,pos,491.1359201892379,0.11510668396746808,OnTrack,2040.0,5429.0,532.0
2026-08-21 14:57:35.217,0 days 00:41:12.832000,27,1276.5030555555554,0 days 00:00:09.113000,11547.0,217.0,5,100.0,False,0,car,499.06944444444434,0.11696605045167971,OnTrack,2001.559113795738,5344.689635078569,531.2110433680011
2026-08-21 14:57:35.327,0 days 00:41:12.942000,27,1277.205834151111,0 days 00:00:09.223000,11703.3573248,220.928576,5,100.0,False,0,pos,505.9382513191007,0.11857588094799118,OnTrack,1970.0,5276.0,531.0
2026-08-21 14:57:35.497,0 days 00:41:13.112000,27,1278.2919444444444,0 days 00:00:09.393000,11945.0,227.0,5,100.0,False,0,car,516.725,0.12110395275135345,OnTrack,1932.4434781058499,5193.196961875443,531.4981097683155
2026-08-21 14:57:35.607,0 days 00:41:13.222000,27,1278.9336118577778,0 days 00:00:09.503000,11377.1243392,228.3750016,5,100.0,False,0,pos,523.7174959721291,0.12274277204947671,OnTrack,1909.0,5139.0,532.0
2026-08-21 14:57:35.737,0 days 00:41:13.352000,27,1279.6919444444443,0 days 00:00:09.633000,10706.0,230.0,5,100.0,False,0,car,532.0583333333333,0.12469759980833878,OnTrack,1877.6736371253608,5063.130323745943,532.5375648850571
2026-08-21 14:57:35.807,0 days 00:41:13.422000,27,1280.0225006044443,0 days 00:00:09.703000,10766.250110171428,232.00000365714286,5,100.0,False,0,pos,536.6190993529655,0.12576649872468987,OnTrack,1861.0,5020.0,533.0
2026-08-21 14:57:36.007,0 days 00:41:13.622000,27,1280.9669450488889,0 days 00:00:09.903000,10938.392967314287,237.71428937142858,5,100.0,False,0,pos,549.8974360478368,0.12887851974111497,OnTrack,1819.0,4896.0,535.0
2026-08-21 14:57:36.017,0 days 00:41:13.632000,27,1281.0141666666666,0 days 00:00:09.913000,10947.0,238.0,6,100.0,False,0,car,550.5694444444445,0.129036017197424,OnTrack,1817.1541937164272,4889.813641467622,535.0671702536041
2026-08-21 14:57:36.217,0 days 00:41:13.832000,27,1281.6808333333333,0 days 00:00:10.113000,11259.0,245.0,6,100.0,False,0,car,564.1805555555555,0.13222602998351607,OnTrack,1785.9687445340662,4765.001473983584,535.3222609344429
2026-08-21 14:57:36.307,0 days 00:41:13.922000,27,1281.8808336177779,0 days 00:00:10.203000,11312.678647771429,246.60714514285715,6,100.0,False,0,pos,570.4347986851303,0.13369182622805523,OnTrack,1777.0,4701.0,535.0
2026-08-21 14:57:36.497,0 days 00:41:14.112000,27,1282.3030555555556,0 days 00:00:10.393000,11426.0,250.0,6,100.0,False,0,car,583.6250000000001,0.13678319110650475,OnTrack,1769.7979227036683,4545.583477041716,533.7074661079856
2026-08-21 14:57:36.567,0 days 00:41:14.182000,27,1282.8280565155555,0 days 00:00:10.463000,11420.5908992,246.9772672,6,84.09088,False,0,pos,588.3234053710461,0.13788434832177757,OnTrack,1770.0,4494.0,533.0
2026-08-21 14:57:36.847,0 days 00:41:14.462000,27,1284.9280565155555,0 days 00:00:10.743000,11398.954535563636,234.8863581090909,6,20.45451636363637,False,0,pos,606.2679962727002,0.14208999134020378,OnTrack,1782.0,4325.0,530.0
2026-08-21 14:57:36.937,0 days 00:41:14.552000,27,1285.6030555555553,0 days 00:00:10.833000,11392.0,231.0,6,0.0,True,0,car,611.8583333333335,0.1434001890570843,OnTrack,1789.068942727099,4249.51629808795,530.1643403953591
2026-08-21 14:57:37.127,0 days 00:41:14.742000,27,1287.8197237155555,0 days 00:00:11.023000,11181.4165248,219.9166592,6,0.0,True,0,pos,623.4012906796974,0.14610549218947566,OnTrack,1802.0,4074.0,532.0
2026-08-21 14:57:37.177,0 days 00:41:14.792000,27,1288.4030555555555,0 days 00:00:11.073000,11126.0,217.0,5,0.0,True,0,car,626.3250000000002,0.14679071693258786,OnTrack,1802.5413885933958,4036.312158671876,532.5005476862932
2026-08-21 14:57:37.337,0 days 00:41:14.952000,27,1290.8919444444446,0 days 00:00:11.233000,11145.0,203.0,5,0.0,True,0,car,635.3472222222224,0.1489052396936546,OnTrack,1795.6195787499778,3942.7450102295134,534.0665268447248
2026-08-21 14:57:37.576,0 days 00:41:15.191000,27,1294.078611111111,0 days 00:00:11.472000,11885.0,198.0,4,0.0,True,0,car,648.4922222222224,0.15198601081739846,OnTrack,1769.418687044604,3847.9581380785553,536.8443154782562
2026-08-21 14:57:37.587,0 days 00:41:15.202000,27,1294.2008340444445,0 days 00:00:11.483000,11866.449892072727,197.57499752727273,4,0.0,True,0,pos,649.0782200651963,0.15212335012764647,OnTrack,1768.0,3844.0,537.0
2026-08-21 14:57:37.927,0 days 00:41:15.542000,27,1297.9786118222223,0 days 00:00:11.823000,11293.086255709091,184.4386338909091,4,0.0,True,0,pos,666.2692247164335,0.1561523764279643,OnTrack,1707.0,3730.0,542.0
2026-08-21 14:57:38.016,0 days 00:41:15.631000,27,1298.9675000000002,0 days 00:00:11.912000,11143.0,181.0,4,0.0,False,0,car,670.6144444444446,0.15717075812932443,OnTrack,1679.6015814426023,3696.4358169775956,542.6105432642048
2026-08-21 14:57:38.087,0 days 00:41:15.702000,27,1299.7761120012187,0 days 00:00:11.983000,11110.707129561546,179.230527647208,4,3.3177606614849915,False,0,pos,674.0572269675096,0.15797763716944527,OnTrack,1655.0,3670.0,543.0
2026-08-21 14:57:38.337,0 days 00:41:15.952000,27,1302.6233333333332,0 days 00:00:12.233000,10997.0,173.0,4,15.0,False,0,car,686.040277777778,0.16078608425279484,OnTrack,1559.2253937807404,3591.8733602844027,544.8868662238583
2026-08-21 14:57:38.348,0 days 00:41:15.963000,27,1302.7333339733332,0 days 00:00:12.244000,11000.953148,172.9312496,4,16.0656312,False,0,pos,686.5642560963029,0.16090888815337903,OnTrack,1555.0,3589.0,545.0
2026-08-21 14:57:38.528,0 days 00:41:16.143000,27,1304.5333339733334,0 days 00:00:12.424000,11065.640648,171.8062496,4,33.5031312,False,0,pos,695.1057837986305,0.16291075136357216,OnTrack,1479.0,3545.0,547.0
2026-08-21 14:57:38.657,0 days 00:41:16.272000,27,1305.8233333333333,0 days 00:00:12.553000,11112.0,171.0,4,46.0,False,0,car,701.240277777778,0.16434848220493684,OnTrack,1390.75137312436,3505.088965378865,547.7627894793413
2026-08-21 14:57:38.788,0 days 00:41:16.403000,27,1307.0605561599998,0 days 00:00:12.684000,11199.11504256,172.31000064,4,51.24000256,False,0,pos,707.5132831802522,0.16581867573122303,OnTrack,1300.0,3467.0,548.0
2026-08-21 14:57:38.857,0 days 00:41:16.472000,27,1307.712222222222,0 days 00:00:12.753000,11245.0,173.0,4,54.0,False,0,car,710.8513888888891,0.1666010218457284,OnTrack,1265.2847901616692,3452.858336879731,547.9915681350714
2026-08-21 14:57:39.057,0 days 00:41:16.672000,27,1309.378888888889,0 days 00:00:12.953000,11353.0,177.0,4,59.0,False,0,car,720.6847222222224,0.1689056433279255,OnTrack,1211.0613899836057,3432.9637973162257,547.4847608969245
2026-08-21 14:57:39.208,0 days 00:41:16.823000,27,1310.6372227555555,0 days 00:00:13.104000,11199.902712888888,177.41944462222222,4,34.25276728888889,False,0,pos,728.206017878956,0.1706683965019388,OnTrack,1170.0,3419.0,547.0
2026-08-21 14:57:39.417,0 days 00:41:17.032000,27,1312.378888888889,0 days 00:00:13.313000,10988.0,178.0,4,0.0,True,0,car,738.4847222222224,0.17307739882451284,OnTrack,1074.7452974122348,3384.0783276963075,546.101439922983
2026-08-21 14:57:39.428,0 days 00:41:17.043000,27,1312.5011118222224,0 days 00:00:13.324000,11044.87033088,177.4499968,4,0.0,True,0,pos,739.0111091409309,0.1732007672245945,OnTrack,1067.0,3381.0,546.0
2026-08-21 14:57:39.588,0 days 00:41:17.203000,27,1314.2788896,0 days 00:00:13.484000,11872.07033088,169.4499968,4,0.0,True,0,pos,746.4966991926186,0.174955152137141,OnTrack,936.0,3327.0,544.0
2026-08-21 14:57:39.617,0 days 00:41:17.232000,27,1314.601111111111,0 days 00:00:13.513000,12022.0,168.0,4,0.0,True,0,car,747.8180555555557,0.17526483616354738,OnTrack,918.0224002161452,3319.363472312042,543.6831016862056
2026-08-21 14:57:39.968,0 days 00:41:17.583000,27,1320.0611121066665,0 days 00:00:13.864000,11428.490800872727,157.62954356363636,4,0.0,True,0,pos,763.0247082151114,0.17882879328810894,OnTrack,845.0,3278.0,541.0
2026-08-21 14:57:40.057,0 days 00:41:17.672000,27,1321.4455555555555,0 days 00:00:13.953000,11278.0,155.0,3,0.0,True,0,car,766.7625000000002,0.17970481314337347,OnTrack,818.1043048724623,3259.099918697401,539.8315522260119
2026-08-21 14:57:40.188,0 days 00:41:17.803000,27,1323.810834488889,0 days 00:00:14.084000,11059.66656,151.7249984,3,0.0,True,0,pos,772.2236874075863,0.18098474227738984,OnTrack,772.0,3224.0,538.0
2026-08-21 14:57:40.297,0 days 00:41:17.912000,27,1325.778888888889,0 days 00:00:14.193000,10878.0,149.0,3,0.0,True,0,car,776.6958333333336,0.18203287145420313,OnTrack,740.9665625361258,3193.1479067635064,536.8974927745305
2026-08-21 14:57:40.387,0 days 00:41:18.002000,27,1327.6788915911113,0 days 00:00:14.283000,10785.499868444444,146.99999715555555,3,0.0,True,0,pos,780.3187433930128,0.18288196667640028,OnTrack,719.0,3166.0,536.0
2026-08-21 14:57:40.567,0 days 00:41:18.182000,27,1331.4788915911113,0 days 00:00:14.463000,10600.499868444444,142.99999715555555,3,0.0,True,0,pos,787.3720873830748,0.18453504682021274,OnTrack,682.0,3106.0,534.0
2026-08-21 14:57:40.657,0 days 00:41:18.272000,27,1333.378888888889,0 days 00:00:14.553000,10508.0,141.0,3,0.0,False,0,car,790.7958333333336,0.18533746429138748,OnTrack,668.250192986842,3073.7136963059875,533.723085478643
2026-08-21 14:57:40.827,0 days 00:41:18.442000,27,1337.5344475733334,0 days 00:00:14.723000,10056.082993066666,136.27777422222223,3,4.2500032,False,0,pos,797.0726750277398,0.1868085569228396,OnTrack,651.0,3011.0,533.0
2026-08-21 14:57:40.927,0 days 00:41:18.542000,27,1339.9788920177778,0 days 00:00:14.823000,9790.249659733334,133.49999644444443,3,6.7500032,False,0,pos,800.6742886106736,0.18765266092627708,OnTrack,646.0,2974.0,531.0
2026-08-21 14:57:41.017,0 days 00:41:18.632000,27,1342.1788888888889,0 days 00:00:14.913000,9551.0,131.0,3,9.0,False,0,car,803.8958333333336,0.1884076888422467,OnTrack,646.2654069636892,2934.9909257448835,529.7700540841568
2026-08-21 14:57:41.267,0 days 00:41:18.882000,27,1346.0677797688888,0 days 00:00:15.163000,9743.045552872727,129.29545367272726,3,20.93182429090909,False,0,pos,812.7500816105905,0.19048284383768463,OnTrack,663.0,2823.0,529.0
2026-08-21 14:57:41.457,0 days 00:41:19.072000,27,1349.023333333333,0 days 00:00:15.353000,9889.0,128.0,3,30.0,False,0,car,819.540277777778,0.19207425047719986,OnTrack,677.5286581401999,2781.5041265940545,528.2757913829578
2026-08-21 14:57:41.507,0 days 00:41:19.122000,27,1349.3705564444442,0 days 00:00:15.403000,9908.545504581818,128.56818327272728,3,30.227273309090908,False,0,pos,821.3536241267501,0.1924992413535224,OnTrack,684.0,2771.0,528.0
2026-08-21 14:57:41.847,0 days 00:41:19.462000,27,1351.7316675555553,0 days 00:00:15.743000,10041.45459549091,132.43181963636363,3,31.772727854545455,False,0,pos,833.9287920079354,0.19544646190008666,OnTrack,764.0,2680.0,526.0
2026-08-21 14:57:41.897,0 days 00:41:19.512000,27,1352.0788888888887,0 days 00:00:15.793000,10061.0,133.0,3,32.0,False,0,car,835.7958333333336,0.1958840371760184,OnTrack,778.0910019955205,2668.466262254862,526.05680431288
2026-08-21 14:57:42.027,0 days 00:41:19.642000,27,1352.151111182222,0 days 00:00:15.923000,10172.892967314287,133.92857234285714,3,31.535713828571428,False,0,pos,840.6630320784293,0.19702475420511031,OnTrack,821.0,2641.0,527.0
2026-08-21 14:57:42.177,0 days 00:41:19.792000,27,1352.2344444444439,0 days 00:00:16.073000,10302.0,135.0,3,31.0,False,0,car,846.2958333333336,0.19834490418243228,OnTrack,895.8276626021727,2608.5620429953965,530.1046451054702
2026-08-21 14:57:42.247,0 days 00:41:19.862000,27,1352.1177775644437,0 days 00:00:16.143000,10367.45011968,135.35000064,3,34.85000704,False,0,pos,848.9280231419714,0.19896180599716518,OnTrack,933.0,2597.0,532.0
2026-08-21 14:57:42.377,0 days 00:41:19.992000,27,1351.9011111111104,0 days 00:00:16.273000,10489.0,136.0,3,42.0,False,0,car,853.8513888888891,0.20011568679022215,OnTrack,998.1036951894968,2585.7319692471165,535.9516088578898
2026-08-21 14:57:42.537,0 days 00:41:20.152000,27,1351.456666666666,0 days 00:00:16.433000,10611.0,140.0,3,42.0,False,0,car,860.0736111111113,0.20157397834957852,OnTrack,1070.5079904663414,2588.665244264976,541.4151731670618
2026-08-21 14:57:42.707,0 days 00:41:20.322000,27,1350.5122215111105,0 days 00:00:16.603000,11149.90040576,145.10000384,3,65.80001792,False,0,pos,866.9705073063978,0.2031903920918302,OnTrack,1130.0,2596.0,546.0
2026-08-21 14:57:42.737,0 days 00:41:20.352000,27,1350.345555555555,0 days 00:00:16.633000,11245.0,146.0,3,70.0,False,0,car,868.1847222222224,0.20347496556088235,OnTrack,1138.4097404445859,2597.300709020124,546.6248127631449
2026-08-21 14:57:42.937,0 days 00:41:20.552000,27,1348.956666666666,0 days 00:00:16.833000,11617.0,146.0,3,71.0,False,0,car,876.2958333333335,0.20537595277218618,OnTrack,1180.9639027669652,2606.504265324924,549.6977798571465
2026-08-21 14:57:43.067,0 days 00:41:20.682000,27,1347.2955539199993,0 days 00:00:16.963000,11112.320931657143,153.89286491428572,3,76.57143405714285,False,0,pos,882.0401204306276,0.20672223149533855,OnTrack,1222.0,2618.0,554.0
2026-08-21 14:57:43.147,0 days 00:41:20.762000,27,1346.273331697777,0 days 00:00:17.043000,10801.749503085714,158.75000777142859,3,80.00000548571428,False,0,pos,885.7368631368478,0.20758863074838033,OnTrack,1257.0,2628.0,558.0
2026-08-21 14:57:43.217,0 days 00:41:20.832000,27,1345.378888888888,0 days 00:00:17.113000,10530.0,163.0,3,83.0,False,0,car,888.9736111111113,0.2083472218243748,OnTrack,1287.5122654947138,2636.8523622510343,560.9084706632859
2026-08-21 14:57:43.417,0 days 00:41:21.032000,27,1342.378888888888,0 days 00:00:17.313000,11037.0,168.0,4,100.0,False,0,car,898.3069444444445,0.21053465916340933,OnTrack,1373.4946845784027,2662.422849003831,566.0118763567002
2026-08-21 14:57:43.487,0 days 00:41:21.102000,27,1341.134442168888,0 days 00:00:17.383000,11367.313104,171.9375072,4,100.0,False,0,pos,901.6995711741852,0.2113297832761995,OnTrack,1409.0,2673.0,568.0
2026-08-21 14:57:43.577,0 days 00:41:21.192000,27,1339.5344444444436,0 days 00:00:17.473000,11792.0,177.0,4,100.0,False,0,car,906.1736111111112,0.21237835634916705,OnTrack,1460.0789283933827,2688.1820141046887,571.0067435251973
2026-08-21 14:57:43.707,0 days 00:41:21.322000,27,1336.8622195911103,0 days 00:00:17.603000,11865.125072,182.9583392,4,100.0,False,0,pos,912.845703587163,0.21394208322898214,OnTrack,1534.0,2711.0,575.0
2026-08-21 14:57:43.817,0 days 00:41:21.432000,27,1334.6011111111102,0 days 00:00:17.713000,11927.0,188.0,4,100.0,False,0,car,918.7069444444446,0.21531577220444204,OnTrack,1583.5785723252773,2728.3516265713142,576.5239705485103
2026-08-21 14:57:44.027,0 days 00:41:21.642000,27,1329.6427758929506,0 days 00:00:17.923000,11232.268553114023,199.29032687246982,4,100.0,False,0,pos,930.4690939017701,0.21807244701625547,OnTrack,1663.0,2760.0,578.0
2026-08-21 14:57:44.096,0 days 00:41:21.711000,27,1328.01361111111,0 days 00:00:17.992000,11004.0,203.0,5,100.0,False,0,car,934.4394444444446,0.21900297126905216,OnTrack,1692.7702556387471,2771.562533671146,579.5380170124369
2026-08-21 14:57:44.307,0 days 00:41:21.922000,27,1322.8558317688878,0 days 00:00:18.203000,11112.66503296,208.80250176,5,100.0,False,0,pos,946.8049084738649,0.22190104388324244,OnTrack,1798.0,2811.0,586.0
2026-08-21 14:57:44.496,0 days 00:41:22.111000,27,1318.2358333333323,0 days 00:00:18.392000,11210.0,214.0,5,100.0,False,0,car,958.2172222222223,0.22457572829944972,OnTrack,1912.9244564957153,2851.872924759353,589.8028623556994
2026-08-21 14:57:44.667,0 days 00:41:22.282000,27,1313.9133317155545,0 days 00:00:18.563000,11465.4313456,219.8781272,5,100.0,False,0,pos,968.8519469680986,0.2270681705136802,OnTrack,2013.0,2886.0,592.0
2026-08-21 14:57:44.816,0 days 00:41:22.431000,27,1310.1469444444433,0 days 00:00:18.712000,11688.0,225.0,5,100.0,False,0,car,978.2172222222223,0.22926309402595232,OnTrack,2082.404523249428,2908.306757069941,593.4535114359236
2026-08-21 14:57:45.017,0 days 00:41:22.632000,27,1305.1219444444432,0 days 00:00:18.913000,10627.0,227.0,6,100.0,False,0,car,990.891388888889,0.2322335167482181,OnTrack,2160.8750108993227,2931.1413654660555,594.703415601228
2026-08-21 14:57:45.148,0 days 00:41:22.763000,27,1301.9561095644433,0 days 00:00:19.044000,10742.4438064,232.7312528,6,100.0,False,0,pos,999.396467400508,0.23422683742404693,OnTrack,2231.0,2951.0,595.0
2026-08-21 14:57:45.177,0 days 00:41:22.792000,27,1301.2552777777767,0 days 00:00:19.073000,10768.0,234.0,6,100.0,False,0,car,1001.291388888889,0.23467094692599946,OnTrack,2249.0490483798126,2956.084389099462,595.0075012567734
2026-08-21 14:57:45.188,0 days 00:41:22.803000,27,1300.9894428977766,0 days 00:00:19.084000,10781.69507968,234.16500096,6,100.0,False,0,pos,1002.0104218848178,0.23483946545706655,OnTrack,2256.0,2958.0,595.0
2026-08-21 14:57:45.377,0 days 00:41:22.992000,27,1296.4219444444434,0 days 00:00:19.273000,11017.0,237.0,6,100.0,False,0,car,1014.4580555555556,0.23775679602928035,OnTrack,2377.820851403738,2986.5390462687274,594.0582387171551
2026-08-21 14:57:45.388,0 days 00:41:23.003000,27,1296.1561095644433,0 days 00:00:19.284000,11031.147304533333,237.3666688,6,100.0,False,0,pos,1015.1961473492057,0.23792978133810877,OnTrack,2385.0,2988.0,594.0
2026-08-21 14:57:45.568,0 days 00:41:23.183000,27,1291.8061095644434,0 days 00:00:19.464000,11262.647304533333,243.3666688,6,100.0,False,0,pos,1027.5369599499397,0.2408220764392024,OnTrack,2504.0,3009.0,593.0
2026-08-21 14:57:45.737,0 days 00:41:23.352000,27,1287.7219444444434,0 days 00:00:19.633000,11480.0,249.0,6,100.0,False,0,car,1039.3580555555554,0.24359256635877607,OnTrack,2619.931303455586,3022.9344990278405,590.5412573058312
2026-08-21 14:57:45.768,0 days 00:41:23.383000,27,1287.0072207466656,0 days 00:00:19.664000,11494.171457828572,249.55357257142856,6,100.0,False,0,pos,1041.5319520260894,0.24410205874922333,OnTrack,2641.0,3025.0,590.0
2026-08-21 14:57:46.008,0 days 00:41:23.623000,27,1281.4738874133322,0 days 00:00:19.904000,11603.885743542856,253.83928685714287,6,100.0,False,0,pos,1058.4710635706472,0.24807204929379165,OnTrack,2808.0,3036.0,585.0
2026-08-21 14:57:46.017,0 days 00:41:23.632000,27,1281.2663888888878,0 days 00:00:19.913000,11608.0,254.0,6,100.0,False,0,car,1059.1136111111111,0.2482226420597326,OnTrack,2815.182229145025,3036.1960642509985,584.753201677298
2026-08-21 14:57:46.308,0 days 00:41:23.923000,27,1274.7997207999988,0 days 00:00:20.204000,11396.21662008889,260.46666808888887,6,100.0,False,0,pos,1080.220962214368,0.2531695357666658,OnTrack,3082.0,3032.0,574.0
2026-08-21 14:57:46.377,0 days 00:41:23.992000,27,1273.2663888888876,0 days 00:00:20.273000,11346.0,262.0,6,100.0,False,0,car,1085.3136111111112,0.25436309116145106,OnTrack,3145.983164051376,3027.197469044842,570.7130421882107
2026-08-21 14:57:46.697,0 days 00:41:24.312000,27,1265.9774999999988,0 days 00:00:20.593000,10751.0,270.0,7,100.0,False,0,car,1109.3136111111112,0.2599879300332542,OnTrack,3413.606507318874,2992.146383156773,554.444295522889
2026-08-21 14:57:46.708,0 days 00:41:24.323000,27,1265.7269429866656,0 days 00:00:20.604000,10760.310768457142,270.1571437714286,7,100.0,False,0,pos,1110.1466541715306,0.2601831689077597,OnTrack,3421.0,2991.0,554.0
2026-08-21 14:57:46.977,0 days 00:41:24.592000,27,1259.599722222221,0 days 00:00:20.873000,10988.0,274.0,7,100.0,False,0,car,1130.6247222222223,0.2649825786240498,OnTrack,3560.29749945924,2966.5636865468864,546.2818963906379
2026-08-21 14:57:47.167,0 days 00:41:24.782000,27,1254.2691630755546,0 days 00:00:21.063000,11124.392949028572,275.3571437714286,7,100.0,False,0,pos,1145.1387515745753,0.26838420681103337,OnTrack,3662.0,2946.0,541.0
2026-08-21 14:57:47.257,0 days 00:41:24.872000,27,1251.744166666666,0 days 00:00:21.153000,11189.0,276.0,7,100.0,False,0,car,1152.0913888888888,0.27001368450382923,OnTrack,3722.7262193165466,2933.6253765819592,537.773212511725
2026-08-21 14:57:47.327,0 days 00:41:24.942000,27,1249.274717706666,0 days 00:00:21.223000,11232.9688304,277.7500032,7,100.0,False,0,pos,1157.5521264914144,0.27129350821780435,OnTrack,3784.0,2922.0,535.0
2026-08-21 14:57:47.577,0 days 00:41:25.192000,27,1240.4552777777772,0 days 00:00:21.473000,11390.0,284.0,7,100.0,False,0,car,1177.3358333333333,0.27593018168750366,OnTrack,4091.857861042928,2870.470753829898,525.2186761037333
2026-08-21 14:57:47.587,0 days 00:41:25.202000,27,1240.071939537777,0 days 00:00:21.483000,11395.7084064,284.1250016,7,100.0,False,0,pos,1178.130785992836,0.2761164933800209,OnTrack,4101.0,2869.0,525.0
2026-08-21 14:57:47.817,0 days 00:41:25.432000,27,1231.2552777777767,0 days 00:00:21.713000,11527.0,287.0,7,100.0,False,0,car,1196.4691666666668,0.28041442823252455,OnTrack,4204.737377242783,2855.1684856635325,524.6855145890141
2026-08-21 14:57:47.907,0 days 00:41:25.522000,27,1227.5552725155544,0 days 00:00:21.803000,11530.214290285714,287.64285805714286,7,100.0,False,0,pos,1203.6791526601653,0.2821042202942491,OnTrack,4258.0,2855.0,525.0
2026-08-21 14:57:48.097,0 days 00:41:25.712000,27,1219.7441666666657,0 days 00:00:21.993000,11537.0,289.0,7,100.0,False,0,car,1218.9469444444444,0.2856825064906994,OnTrack,4463.917995911276,2858.564786966323,524.285515699825
2026-08-21 14:57:48.187,0 days 00:41:25.802000,27,1215.7941610488879,0 days 00:00:22.083000,11569.6250464,289.2812504,7,100.0,False,0,pos,1226.1868238188028,0.2873793046128685,OnTrack,4560.0,2863.0,524.0
2026-08-21 14:57:48.417,0 days 00:41:26.032000,27,1205.699722222221,0 days 00:00:22.313000,11653.0,290.0,7,100.0,False,0,car,1244.7247222222222,0.2917240000937472,OnTrack,4717.259183129859,2884.0054495668687,524.7216516130665
2026-08-21 14:57:48.627,0 days 00:41:26.242000,27,1195.199715822221,0 days 00:00:22.523000,11416.531105866667,290.8750005333333,7,100.0,False,0,pos,1261.7323890287362,0.2957100578175787,OnTrack,4827.0,2921.0,526.0
2026-08-21 14:57:49.227,0 days 00:41:26.842000,27,1165.199715822221,0 days 00:00:23.123000,10740.906105866667,293.3750005333333,7,100.0,False,0,pos,1310.766754013483,0.30720215791009486,OnTrack,5273.0,3125.0,529.0
2026-08-21 14:57:49.377,0 days 00:41:26.992000,27,1157.699722222221,0 days 00:00:23.273000,10572.0,294.0,8,100.0,False,0,car,1323.1247222222223,0.3100984737416375,OnTrack,5367.737629220344,3181.2067201890222,531.0612195498143
2026-08-21 14:57:49.587,0 days 00:41:27.202000,27,1146.8497156088877,0 days 00:00:23.483000,10625.55003264,296.10000128,8,100.0,False,0,pos,1340.492119804929,0.3141688409510237,OnTrack,5527.0,3280.0,538.0
2026-08-21 14:57:49.747,0 days 00:41:27.362000,27,1138.583048942221,0 days 00:00:23.643000,10666.35003264,297.70000128,8,100.0,False,0,pos,1353.750157733548,0.3172761045803878,OnTrack,5698.0,3380.0,548.0
2026-08-21 14:57:49.777,0 days 00:41:27.392000,27,1137.0330555555543,0 days 00:00:23.673000,10674.0,298.0,8,100.0,False,0,car,1356.2358333333334,0.31785866811106966,OnTrack,5722.463746714118,3393.9371074370733,549.4982777728405
2026-08-21 14:57:50.027,0 days 00:41:27.642000,27,1124.3941601955542,0 days 00:00:23.923000,10689.9722304,298.0,8,100.0,False,0,pos,1376.9439495211454,0.32271199381502885,OnTrack,5845.0,3455.0,557.0
2026-08-21 14:57:50.137,0 days 00:41:27.752000,27,1118.833055555554,0 days 00:00:24.033000,10697.0,298.0,8,100.0,False,0,car,1386.0358333333336,0.3248428430435586,OnTrack,5923.104320420631,3487.9502366690062,560.8125375791379
2026-08-21 14:57:50.247,0 days 00:41:27.862000,27,1113.4247159288873,0 days 00:00:24.143000,10697.916667733334,297.5416661333333,8,100.0,False,0,pos,1395.1094220534194,0.3269694044827041,OnTrack,6012.0,3522.0,565.0
2026-08-21 14:57:50.377,0 days 00:41:27.992000,27,1107.033055555554,0 days 00:00:24.273000,10699.0,297.0,8,100.0,False,0,car,1405.8358333333335,0.3294833351127962,OnTrack,6113.127264332578,3553.5460812835026,569.9096823332543
2026-08-21 14:57:50.607,0 days 00:41:28.222000,27,1095.9802716266652,0 days 00:00:24.503000,10699.0,297.9583338666667,8,100.0,False,0,pos,1424.8761207996802,0.33394577465742176,OnTrack,6301.0,3591.0,579.0
2026-08-21 14:57:50.617,0 days 00:41:28.232000,27,1095.4997222222207,0 days 00:00:24.513000,10699.0,298.0,8,100.0,False,0,car,1425.7025000000003,0.33413945173445553,OnTrack,6310.236930411924,3592.2930733124563,579.428125502085
2026-08-21 14:57:50.827,0 days 00:41:28.442000,27,1086.1080513375432,0 days 00:00:24.723000,10664.263142293632,296.94736794829186,8,100.0,False,0,pos,1443.0011476271181,0.3381937061345654,OnTrack,6507.0,3613.0,588.0
2026-08-21 14:57:51.016,0 days 00:41:28.631000,27,1077.6555555555544,0 days 00:00:24.912000,10633.0,296.0,8,100.0,False,0,car,1458.5091666666667,0.34182829398116193,OnTrack,6623.830361590646,3620.654794793017,591.2786975271882
2026-08-21 14:57:51.067,0 days 00:41:28.682000,27,1075.4597194666655,0 days 00:00:24.963000,10628.15499392,295.74499968,8,100.0,False,0,pos,1462.6884306695338,0.34280778092361414,OnTrack,6657.0,3622.0,592.0
2026-08-21 14:57:51.216,0 days 00:41:28.831000,27,1069.0444444444433,0 days 00:00:25.112000,10614.0,295.0,8,100.0,False,0,car,1474.8980555555556,0.3456693297848238,OnTrack,6774.296895220364,3625.5210673587067,594.5398027143675
2026-08-21 14:57:51.307,0 days 00:41:28.922000,27,1065.4044413034953,0 days 00:00:25.203000,10609.007476988725,295.22693286414886,8,100.0,False,0,pos,1482.3715100016716,0.34742087049628884,OnTrack,6850.0,3627.0,596.0
2026-08-21 14:57:51.488,0 days 00:41:29.103000,27,1058.1644427079843,0 days 00:00:25.384000,10599.07730435149,295.67830434765955,8,100.0,False,0,pos,1497.2694334373145,0.35091247128170355,OnTrack,6998.0,3628.0,598.0
2026-08-21 14:57:51.617,0 days 00:41:29.232000,27,1053.0044444444434,0 days 00:00:25.513000,10592.0,296.0,8,100.0,False,0,car,1507.869166666667,0.3533967125941705,OnTrack,7120.235419386328,3627.6898944010723,598.5274445302097
2026-08-21 14:57:51.808,0 days 00:41:29.423000,27,1046.0541643377767,0 days 00:00:25.704000,10553.117844114286,295.3178569142857,8,100.0,False,0,pos,1523.518021591464,0.35706430790584576,OnTrack,7309.0,3626.0,598.0
2026-08-21 14:57:51.897,0 days 00:41:29.512000,27,1042.8155555555545,0 days 00:00:25.793000,10535.0,295.0,8,100.0,False,0,car,1530.8136111111114,0.3587741627192971,OnTrack,7387.005200383453,3624.7944614183393,597.2849428310161
2026-08-21 14:57:52.177,0 days 00:41:29.792000,27,1033.7155555555541,0 days 00:00:26.073000,10193.0,294.0,8,7.0,True,0,car,1553.6802777777782,0.36413338419993174,OnTrack,7605.758241814491,3615.8549732227,592.8370296277906
2026-08-21 14:57:52.248,0 days 00:41:29.863000,27,1031.6841648355542,0 days 00:00:26.144000,10245.3625472,289.562496,8,3.8937472,True,0,pos,1559.3349762181795,0.36545866618309397,OnTrack,7666.0,3610.0,591.0
2026-08-21 14:57:52.337,0 days 00:41:29.952000,27,1029.1377777777766,0 days 00:00:26.233000,10311.0,284.0,8,0.0,True,0,car,1566.3025000000005,0.367091632791769,OnTrack,7746.071749407869,3600.2268535744697,588.2627856819245
2026-08-21 14:57:52.608,0 days 00:41:30.223000,27,1023.4166653155544,0 days 00:00:26.504000,11079.1158064,271.296872,8,0.0,True,0,pos,1586.6295815131493,0.37185565605199694,OnTrack,7980.0,3561.0,579.0
2026-08-21 14:57:52.657,0 days 00:41:30.272000,27,1022.3822222222211,0 days 00:00:26.553000,11218.0,269.0,7,0.0,True,0,car,1590.2136111111115,0.3726956389270099,OnTrack,8009.319827802305,3554.3818608462916,577.7434652827657
2026-08-21 14:57:52.857,0 days 00:41:30.472000,27,1019.3266666666652,0 days 00:00:26.753000,11614.0,259.0,7,0.0,True,0,car,1604.6025000000004,0.3760679381580215,OnTrack,8089.06324899427,3527.708637915209,573.8866729463323
2026-08-21 14:57:52.968,0 days 00:41:30.583000,27,1018.5249995377765,0 days 00:00:26.864000,11522.14744704,255.39249792,7,3.60750208,True,0,pos,1612.348660954302,0.3778833926264798,OnTrack,8139.0,3503.0,571.0
2026-08-21 14:57:53.208,0 days 00:41:30.823000,27,1016.7916662044433,0 days 00:00:27.104000,11323.54744704,247.59249792,7,11.40750208,True,0,pos,1628.6288726749603,0.38169895794846076,OnTrack,8282.0,3421.0,562.0
2026-08-21 14:57:53.257,0 days 00:41:30.872000,27,1016.4377777777768,0 days 00:00:27.153000,11283.0,246.0,6,13.0,False,0,car,1631.9358333333337,0.3824740046509084,OnTrack,8308.183702172586,3403.4010303968967,560.1913860815017
2026-08-21 14:57:53.388,0 days 00:41:31.003000,27,1016.0011108977767,0 days 00:00:27.284000,11158.5499392,244.3624992,6,25.281256,False,0,pos,1640.767851930207,0.3845439497142492,OnTrack,8378.0,3345.0,555.0
2026-08-21 14:57:53.577,0 days 00:41:31.192000,27,1015.3711111111099,0 days 00:00:27.473000,10979.0,242.0,6,43.0,False,0,car,1653.4469444444449,0.387515526898969,OnTrack,8513.772163327085,3188.8380301426355,544.2908049654449
2026-08-21 14:57:53.627,0 days 00:41:31.242000,27,1015.3294443377765,0 days 00:00:27.523000,10957.333277866666,241.3749984,6,45.91667413333333,False,0,pos,1656.778275578391,0.38829628526801346,OnTrack,8543.0,3152.0,542.0
2026-08-21 14:57:53.817,0 days 00:41:31.432000,27,1015.1711111111097,0 days 00:00:27.713000,10875.0,239.0,6,57.0,False,0,car,1669.3802777777782,0.3912497949277495,OnTrack,8600.184886401761,3067.836205161339,537.7981800112112
2026-08-21 14:57:54.017,0 days 00:41:31.632000,27,1015.3933333333318,0 days 00:00:27.913000,10924.0,239.0,6,65.0,False,0,car,1682.658055555556,0.3943616849517332,OnTrack,8623.14551242083,3004.654845235319,536.1599442807776
2026-08-21 14:57:54.027,0 days 00:41:31.642000,27,1015.4266670933318,0 days 00:00:27.923000,10932.1876048,239.0312504,6,65.312504,False,0,pos,1683.3230559330837,0.3945175399506199,OnTrack,8625.0,3000.0,536.0
2026-08-21 14:57:54.227,0 days 00:41:31.842000,27,1016.0933337599986,0 days 00:00:28.123000,11095.9376048,239.6562504,6,71.562504,False,0,pos,1696.647754053726,0.3976404266149546,OnTrack,8670.0,2875.0,532.0
2026-08-21 14:57:54.337,0 days 00:41:31.952000,27,1016.4599999999987,0 days 00:00:28.233000,11186.0,240.0,6,75.0,False,0,car,1703.9913888888893,0.39936154172666927,OnTrack,8688.126173455232,2776.668870471617,530.7328764150909
2026-08-21 14:57:54.527,0 days 00:41:32.142000,27,1017.304445013332,0 days 00:00:28.423000,11197.535722057142,240.6785718857143,6,79.7500032,False,0,pos,1716.6973995405751,0.40233942766913366,OnTrack,8704.0,2610.0,530.0
2026-08-21 14:57:54.617,0 days 00:41:32.232000,27,1017.7044444444432,0 days 00:00:28.513000,11203.0,241.0,6,82.0,False,0,car,1722.7358333333339,0.40375464504923037,OnTrack,8705.657290912373,2567.4195714973243,529.7718897441515
2026-08-21 14:57:54.767,0 days 00:41:32.382000,27,1018.5377784888874,0 days 00:00:28.663000,11250.25004032,242.50000128,6,95.50001152,False,0,pos,1732.8426283494218,0.40612335727739024,OnTrack,8700.0,2514.0,530.0
2026-08-21 14:57:54.817,0 days 00:41:32.432000,27,1018.815555555554,0 days 00:00:28.713000,11266.0,243.0,6,100.0,False,0,car,1736.2358333333339,0.4069186169146196,OnTrack,8695.729129528481,2486.415095190817,530.4339849258814
2026-08-21 14:57:55.017,0 days 00:41:32.632000,27,1020.0933333333319,0 days 00:00:28.913000,11464.0,247.0,6,100.0,False,0,car,1749.958055555556,0.41013467062141445,OnTrack,8666.548123220397,2328.2071224860388,533.9184889532373
2026-08-21 14:57:55.147,0 days 00:41:32.762000,27,1020.9238897066654,0 days 00:00:29.043000,11450.9999872,248.95000192,6,100.0,False,0,pos,1758.9837386706943,0.412250004506023,OnTrack,8636.0,2221.0,537.0
2026-08-21 14:57:55.217,0 days 00:41:32.832000,27,1021.3711111111099,0 days 00:00:29.113000,11444.0,250.0,6,100.0,False,0,car,1763.846944444445,0.41338978570926355,OnTrack,8615.587483984245,2167.482764526383,538.8207529471333
2026-08-21 14:57:55.497,0 days 00:41:33.112000,27,1023.5488888888872,0 days 00:00:29.393000,11655.0,250.0,6,100.0,False,0,car,1783.2913888888895,0.4179469468322522,OnTrack,8511.56684085475,1977.948531993055,546.5141109774798
2026-08-21 14:57:55.567,0 days 00:41:33.182000,27,1023.9961119288873,0 days 00:00:29.463000,11708.3750976,251.7500032,6,100.0,False,0,pos,1788.2290376615747,0.4191041751135818,OnTrack,8484.0,1933.0,548.0
2026-08-21 14:57:55.737,0 days 00:41:33.352000,27,1025.082222222221,0 days 00:00:29.633000,11838.0,256.0,6,100.0,False,0,car,1800.3580555555561,0.42194683225220114,OnTrack,8416.689153341506,1825.8416130433675,550.580309610516
2026-08-21 14:57:56.007,0 days 00:41:33.622000,27,1026.8072230399987,0 days 00:00:29.903000,10967.92458752,259.3750016,6,100.0,False,0,pos,1819.855664773731,0.4265164535121019,OnTrack,8322.0,1678.0,553.0
2026-08-21 14:57:56.137,0 days 00:41:33.752000,27,1027.6377777777764,0 days 00:00:30.033000,10549.0,261.0,7,100.0,False,0,car,1829.3580555555563,0.42874351255563,OnTrack,8289.809506978003,1626.6070437193791,554.2329477747214
2026-08-21 14:57:56.247,0 days 00:41:33.862000,27,1028.2794451911097,0 days 00:00:30.143000,10592.694495288888,262.83333546666665,7,100.0,False,0,pos,1837.461997324356,0.4306428195004621,OnTrack,8260.0,1579.0,555.0
2026-08-21 14:57:56.467,0 days 00:41:34.082000,27,1029.562778524443,0 days 00:00:30.363000,10680.083384177778,266.50000213333334,7,100.0,False,0,pos,1853.8177712984218,0.43447609421828515,OnTrack,8174.0,1442.0,555.0
2026-08-21 14:57:56.497,0 days 00:41:34.112000,27,1029.7377777777765,0 days 00:00:30.393000,10692.0,267.0,7,100.0,False,0,car,1856.0580555555564,0.43500114580051097,OnTrack,8160.788062441643,1420.3528118100792,554.841425136735
2026-08-21 14:57:56.777,0 days 00:41:34.392000,27,1031.2933333333324,0 days 00:00:30.673000,10917.0,270.0,7,100.0,False,0,car,1877.0580555555562,0.4399228798133387,OnTrack,8030.426134736572,1195.1612873285544,551.543504219705
2026-08-21 14:57:56.807,0 days 00:41:34.422000,27,1031.468334079999,0 days 00:00:30.703000,10916.54999808,270.15000064,7,100.0,False,0,pos,1879.313721095843,0.4404515362805384,OnTrack,8017.0,1170.0,551.0
2026-08-21 14:57:56.977,0 days 00:41:34.592000,27,1032.4599999999994,0 days 00:00:30.873000,10914.0,271.0,7,100.0,False,0,car,1892.1136111111118,0.44345142456856707,OnTrack,7944.849710315921,1025.8197296697726,547.2319301123943
2026-08-21 14:57:57.167,0 days 00:41:34.782000,27,1033.5683340799992,0 days 00:00:31.063000,10990.527829333334,271.52777813333336,7,100.0,False,0,pos,1906.4691501686334,0.44681590765675194,OnTrack,7879.0,884.0,543.0
2026-08-21 14:57:57.337,0 days 00:41:34.952000,27,1034.559999999999,0 days 00:00:31.233000,11059.0,272.0,7,100.0,False,0,car,1919.3136111111119,0.44982624195661064,OnTrack,7840.136080182196,796.7465756318807,540.5474125692119
2026-08-21 14:57:57.607,0 days 00:41:35.222000,27,1034.7850000615247,0 days 00:00:31.503000,11055.614419136919,266.92162870537857,7,15.360478422976113,False,0,pos,1939.4286456940774,0.45454056814119104,OnTrack,7789.0,678.0,538.0
2026-08-21 14:57:57.656,0 days 00:41:35.271000,27,1034.8258333333324,0 days 00:00:31.552000,11055.0,266.0,7,0.0,True,0,car,1942.8841666666674,0.4553504326698975,OnTrack,7775.948296894613,648.6425610535664,537.4877640308737
2026-08-21 14:57:57.807,0 days 00:41:35.422000,27,1034.8677777955545,0 days 00:00:31.703000,11001.2062272,243.3499904,7,0.0,True,0,pos,1953.0498636689929,0.4577329496556331,OnTrack,7731.0,550.0,536.0
2026-08-21 14:57:57.816,0 days 00:41:35.431000,27,1034.8702777777767,0 days 00:00:31.712000,10998.0,242.0,6,0.0,True,0,car,1953.6397222222229,0.4578711937939278,OnTrack,7728.3438997945705,544.3731841550083,535.9326120371105
2026-08-21 14:57:57.968,0 days 00:41:35.583000,27,1033.6880553839849,0 days 00:00:31.864000,11207.5601211153,235.79591746698122,6,0.0,True,0,pos,1963.384646238897,0.46015509493608436,OnTrack,7684.0,455.0,535.0
2026-08-21 14:57:58.168,0 days 00:41:35.783000,27,1032.13249960268,0 days 00:00:32.064000,11483.297122582802,227.63265097616704,6,0.0,True,0,pos,1975.6880916068787,0.463038632342873,OnTrack,7620.0,348.0,533.0
2026-08-21 14:57:58.257,0 days 00:41:35.872000,27,1031.440277777777,0 days 00:00:32.153000,11606.0,224.0,5,0.0,True,0,car,1981.0797222222227,0.4643022595706894,OnTrack,7585.001152888173,302.8682000448579,531.9338776225969
2026-08-21 14:57:58.488,0 days 00:41:36.103000,27,1028.424443608888,0 days 00:00:32.384000,11200.787387733333,215.3374976,5,0.0,True,0,pos,1994.8801094417647,0.46753663267395673,OnTrack,7479.0,200.0,529.0
2026-08-21 14:57:58.497,0 days 00:41:36.112000,27,1028.3069444444434,0 days 00:00:32.393000,11185.0,215.0,5,0.0,False,0,car,1995.4130555555562,0.4676615383413496,OnTrack,7474.741327213161,196.78635778437425,528.8905101038997
2026-08-21 14:57:58.737,0 days 00:41:36.352000,27,1024.9069444444435,0 days 00:00:32.633000,11179.0,211.0,5,13.0,False,0,car,2009.479722222223,0.47095831890232315,OnTrack,7359.012946695231,134.14154925283503,526.1715788414667
2026-08-21 14:57:58.888,0 days 00:41:36.503000,27,1022.3063877866658,0 days 00:00:32.784000,11092.804130133334,207.85416533333333,5,26.2125056,False,0,pos,2018.1266853924799,0.47298489284245276,OnTrack,7284.0,109.0,525.0
2026-08-21 14:57:58.977,0 days 00:41:36.592000,27,1020.7736111111103,0 days 00:00:32.873000,11042.0,206.0,5,34.0,False,0,car,2023.2130555555561,0.47417697670118825,OnTrack,7238.975381585694,97.25082349748564,524.5884025495855
2026-08-21 14:57:59.177,0 days 00:41:36.792000,27,1016.6069444444431,0 days 00:00:33.073000,11096.0,207.0,5,50.0,False,0,car,2034.7130555555564,0.4768722119939273,OnTrack,7135.904090945483,78.60586273413998,524.1948963299104
2026-08-21 14:57:59.248,0 days 00:41:36.863000,27,1014.9897207644432,0 days 00:00:33.144000,11113.5281408,206.7781248,5,51.109376,False,0,pos,2038.7821730460555,0.4778258840870312,OnTrack,7099.0,74.0,524.0
2026-08-21 14:57:59.497,0 days 00:41:37.112000,27,1009.3180555555546,0 days 00:00:33.393000,11175.0,206.0,5,55.0,False,0,car,2053.0241666666675,0.4811637557257475,OnTrack,6959.347423501288,65.97004457341968,523.0607940003104
2026-08-21 14:57:59.528,0 days 00:41:37.143000,27,1008.586109599999,0 days 00:00:33.424000,11170.81499136,206.31000064,5,60.58001152,False,0,pos,2054.807665112511,0.4815817512001635,OnTrack,6937.0,66.0,523.0
2026-08-21 14:57:59.697,0 days 00:41:37.312000,27,1004.5958333333324,0 days 00:00:33.593000,11148.0,208.0,5,91.0,False,0,car,2064.579722222223,0.4838720114788379,OnTrack,6797.357527971296,69.9492186585461,522.9880074358181
2026-08-21 14:57:59.728,0 days 00:41:37.343000,27,1003.7949983466658,0 days 00:00:33.624000,11152.871438628572,208.22142902857144,5,91.99643062857143,False,0,pos,2066.3805796706974,0.48429407535295277,OnTrack,6775.0,71.0,523.0
2026-08-21 14:57:59.977,0 days 00:41:37.592000,27,997.3624999999993,0 days 00:00:33.873000,11192.0,210.0,5,100.0,False,0,car,2080.913055555556,0.4877000268221483,OnTrack,6662.4875446712795,81.3441653014315,523.0036600737844
2026-08-21 14:58:00.088,0 days 00:41:37.703000,27,994.3716649422215,0 days 00:00:33.984000,11254.2393216,210.3964288,5,100.0,False,0,pos,2087.4009332531564,0.4892205796000219,OnTrack,6612.0,89.0,523.0
2026-08-21 14:58:00.227,0 days 00:41:37.842000,27,990.6263854399995,0 days 00:00:34.123000,11332.1786432,210.8928576,5,100.0,False,0,pos,2095.5537673007184,0.49113134534444225,OnTrack,6531.0,102.0,523.0
2026-08-21 14:58:00.257,0 days 00:41:37.872000,27,989.818055555555,0 days 00:00:34.153000,11349.0,211.0,5,100.0,False,0,car,2097.324166666667,0.4915462708099507,OnTrack,6513.594565811651,105.08956535176614,522.9888555728177
2026-08-21 14:58:00.527,0 days 00:41:38.142000,27,982.4680520711105,0 days 00:00:34.423000,11428.3125376,214.3750016,5,100.0,False,0,pos,2113.4269608183154,0.49532025508031885,OnTrack,6357.0,141.0,523.0
2026-08-21 14:58:00.577,0 days 00:41:38.192000,27,981.1069444444438,0 days 00:00:34.473000,11443.0,215.0,5,100.0,False,0,car,2116.4352777777785,0.4960253091708311,OnTrack,6322.263457465215,151.0851620309753,523.161837207301
2026-08-21 14:58:00.767,0 days 00:41:38.382000,27,975.5124962311106,0 days 00:00:34.663000,11517.10004992,215.95000064,5,100.0,False,0,pos,2127.9311659144987,0.49871958077321965,OnTrack,6186.0,195.0,524.0
2026-08-21 14:58:00.977,0 days 00:41:38.592000,27,969.3291666666664,0 days 00:00:34.873000,11599.0,217.0,5,100.0,True,0,car,2140.5463888888894,0.501676188963337,OnTrack,6087.371374839337,233.60677834040473,524.0945817084643
2026-08-21 14:58:01.107,0 days 00:41:38.722000,27,965.681940853333,0 days 00:00:35.003000,10896.186808,211.3124944,5,18.749919999999992,True,0,pos,2148.1668211085803,0.5034621766037228,OnTrack,6031.0,261.0,524.0
2026-08-21 14:58:01.137,0 days 00:41:38.752000,27,964.8402777777774,0 days 00:00:35.033000,10734.0,210.0,5,0.0,True,0,car,2149.879722222223,0.5038636263023716,OnTrack,6016.514205532738,268.4531148737865,523.9885352865691
2026-08-21 14:58:01.387,0 days 00:41:39.002000,27,958.8680524977774,0 days 00:00:35.283000,9830.4281088,193.92856319999999,5,0.0,True,0,pos,2163.3057610307296,0.507010264010056,OnTrack,5894.0,336.0,524.0
2026-08-21 14:58:01.417,0 days 00:41:39.032000,27,958.1513888888885,0 days 00:00:35.313000,9722.0,192.0,5,0.0,True,0,car,2164.8130555555563,0.5073635260448268,OnTrack,5883.711857360588,342.16325546466726,524.003874178849
2026-08-21 14:58:01.607,0 days 00:41:39.222000,27,954.5624975822218,0 days 00:00:35.503000,10566.55056896,172.04998656,5,0.0,True,0,pos,2173.8581981021625,0.5094834206030415,OnTrack,5833.0,377.0,524.0
2026-08-21 14:58:01.617,0 days 00:41:39.232000,27,954.3736111111107,0 days 00:00:35.513000,10611.0,171.0,5,0.0,True,0,car,2174.3130555555563,0.5095900247649157,OnTrack,5829.696658112209,379.4881331431183,523.9962339149764
2026-08-21 14:58:01.827,0 days 00:41:39.442000,27,951.1652758222218,0 days 00:00:35.723000,10859.500151466667,159.9166599111111,5,0.0,True,0,pos,2183.410745773162,0.5117222348307328,OnTrack,5748.0,444.0,524.0
2026-08-21 14:58:01.977,0 days 00:41:39.592000,27,948.8736111111107,0 days 00:00:35.873000,11037.0,152.0,3,0.0,True,0,car,2189.513055555556,0.5131524227170575,OnTrack,5707.0303860915255,480.2521551952741,524.5795946949352
2026-08-21 14:58:02.087,0 days 00:41:39.702000,27,947.4680539199994,0 days 00:00:35.983000,10660.6424192,146.4999936,3,0.0,True,0,pos,2193.833915757911,0.5141650953181338,OnTrack,5681.0,506.0,525.0
2026-08-21 14:58:02.257,0 days 00:41:39.872000,27,945.2958333333327,0 days 00:00:36.153000,10079.0,138.0,3,0.0,True,0,car,2200.2463888888897,0.5156679756569473,OnTrack,5636.378717931806,553.3995692491678,525.1669407136176
2026-08-21 14:58:02.347,0 days 00:41:39.962000,27,944.4708321599992,0 days 00:00:36.243000,9841.6246624,134.24999466666668,3,0.0,True,0,pos,2203.5050244828913,0.5164316964968715,OnTrack,5614.0,580.0,525.0
2026-08-21 14:58:02.497,0 days 00:41:40.112000,27,943.0958333333324,0 days 00:00:36.393000,9446.0,128.0,3,0.0,True,0,car,2208.779722222223,0.5176679183669218,OnTrack,5581.989591350639,624.2498105494444,524.335512522161
2026-08-21 14:58:02.567,0 days 00:41:40.182000,27,942.5708323733323,0 days 00:00:36.463000,9321.7497728,126.59999744,3,0.0,True,0,pos,2211.2071567607336,0.5182368320398789,OnTrack,5569.0,644.0,524.0
2026-08-21 14:58:02.697,0 days 00:41:40.312000,27,941.5958333333324,0 days 00:00:36.593000,9091.0,124.0,3,0.0,False,0,car,2215.668611111112,0.519282455450495,OnTrack,5547.830716199239,678.3296904065264,523.4799436786939
2026-08-21 14:58:02.807,0 days 00:41:40.422000,27,940.8930547377768,0 days 00:00:36.703000,9001.34989568,122.89999872,3,0.0,False,0,pos,2219.40921192247,0.5201591336524793,OnTrack,5532.0,716.0,523.0
2026-08-21 14:58:02.897,0 days 00:41:40.512000,27,940.3180555555546,0 days 00:00:36.793000,8928.0,122.0,3,0.0,False,0,car,2222.44638888889,0.5208709516133654,OnTrack,5519.926773245222,759.1788608407755,522.4950531328432
2026-08-21 14:58:02.987,0 days 00:41:40.602000,27,940.068055199999,0 days 00:00:36.883000,8858.749901511112,121.24999893333333,3,0.0,False,0,pos,2225.4624276050135,0.5215778154387536,OnTrack,5511.0,804.0,522.0
2026-08-21 14:58:03.257,0 days 00:41:40.872000,27,939.3180555555546,0 days 00:00:37.153000,8651.0,119.0,3,0.0,False,0,car,2234.34638888889,0.5236599342206344,OnTrack,5516.959645257783,891.8640222659976,521.2335677301795
2026-08-21 14:58:03.467,0 days 00:41:41.082000,27,939.3180555555546,0 days 00:00:37.363000,8465.749887085714,115.24999771428571,3,0.0,False,0,pos,2241.0214272792336,0.5252243515293337,OnTrack,5539.0,938.0,521.0
2026-08-21 14:58:03.537,0 days 00:41:41.152000,27,939.3180555555546,0 days 00:00:37.433000,8404.0,114.0,3,0.0,False,0,car,2243.213055555557,0.5257379996927173,OnTrack,5547.113403496816,953.1937601594834,520.9320838847731
2026-08-21 14:58:03.747,0 days 00:41:41.362000,27,940.0763893511098,0 days 00:00:37.643000,8767.125221333334,112.24999893333333,3,25.375015466666664,False,0,pos,2249.738746081834,0.5272674145984492,OnTrack,5575.0,999.0,521.0
2026-08-21 14:58:03.777,0 days 00:41:41.392000,27,940.1847222222209,0 days 00:00:37.673000,8819.0,112.0,3,29.0,False,0,car,2250.6797222222235,0.527487949563945,OnTrack,5579.678749836354,1005.7342931613371,521.0935572147118
2026-08-21 14:58:03.987,0 days 00:41:41.602000,27,941.3513895999987,0 days 00:00:37.883000,9122.000184685714,114.25000137142857,3,28.249999542857143,False,0,pos,2257.371080610098,0.5290561917624984,OnTrack,5623.0,1059.0,522.0
2026-08-21 14:58:04.057,0 days 00:41:41.672000,27,941.7402777777766,0 days 00:00:37.953000,9223.0,115.0,3,28.0,False,0,car,2259.624166666668,0.5295842436805197,OnTrack,5645.783197589411,1082.744282794381,522.0892884606743
2026-08-21 14:58:04.207,0 days 00:41:41.822000,27,942.6152785244437,0 days 00:00:38.103000,9345.8126048,116.8750016,3,28.0,False,0,pos,2264.493543048528,0.5307254710786083,OnTrack,5702.0,1137.0,522.0
2026-08-21 14:58:04.217,0 days 00:41:41.832000,27,942.6736111111104,0 days 00:00:38.113000,9354.0,117.0,3,28.0,False,0,car,2264.8241666666677,0.5308029587694103,OnTrack,5705.480357591248,1140.169218050163,521.9956337420692
2026-08-21 14:58:04.496,0 days 00:41:42.111000,27,945.0761111111101,0 days 00:00:38.392000,9667.0,123.0,3,41.0,False,0,car,2274.356666666668,0.5330370744588047,OnTrack,5785.6828856040265,1202.828798304995,522.0367373583387
2026-08-21 14:58:04.708,0 days 00:41:42.323000,27,947.6083337822581,0 days 00:00:38.604000,9920.108078113344,125.34903088736282,3,44.52354633104422,False,0,pos,2281.718149445265,0.5347623725624364,OnTrack,5836.0,1234.0,522.0
2026-08-21 14:58:04.857,0 days 00:41:42.472000,27,949.3880555555543,0 days 00:00:38.753000,10098.0,127.0,3,47.0,False,0,car,2287.0919444444457,0.536021819687457,OnTrack,5870.239484076344,1253.9717729306508,521.8305096041821
2026-08-21 14:58:05.108,0 days 00:41:42.723000,27,952.8741675555547,0 days 00:00:39.004000,10668.39764544,135.78500224,3,52.02000128,False,0,pos,2296.753762778977,0.5382862434933058,OnTrack,5933.0,1287.0,522.0
2026-08-21 14:58:05.257,0 days 00:41:42.872000,27,954.9436111111104,0 days 00:00:39.153000,11007.0,141.0,3,55.0,False,0,car,2302.7586111111123,0.5396935895065507,OnTrack,5980.301694663007,1308.9984144696975,522.8693302239217
2026-08-21 14:58:05.288,0 days 00:41:42.903000,27,955.3913898133326,0 days 00:00:39.184000,11044.070909866667,141.83958506666667,3,56.61458666666667,False,0,pos,2304.0271790829406,0.5399909016081951,OnTrack,5992.0,1314.0,523.0
2026-08-21 14:58:05.548,0 days 00:41:43.163000,27,959.1469453688882,0 days 00:00:39.444000,11354.987576533333,148.88125173333333,3,70.15625333333334,False,0,pos,2314.9342451195776,0.5425471719840368,OnTrack,6111.0,1359.0,523.0
2026-08-21 14:58:05.737,0 days 00:41:43.352000,27,961.8769444444438,0 days 00:00:39.633000,11581.0,154.0,3,80.0,False,0,car,2323.2919444444456,0.5445059516524268,OnTrack,6188.535748853026,1382.6217469469555,522.9822357603373
2026-08-21 14:58:05.848,0 days 00:41:43.463000,27,963.2336118933327,0 days 00:00:39.744000,11305.8784128,159.5500032,3,87.92857599999999,False,0,pos,2328.4008690501273,0.5457033215572247,OnTrack,6219.0,1391.0,523.0
2026-08-21 14:58:06.017,0 days 00:41:43.632000,27,965.2991666666662,0 days 00:00:39.913000,10887.0,168.0,4,100.0,False,0,car,2336.358611111112,0.5475683639270751,OnTrack,6245.278722604461,1397.4179651662485,523.000218522486
2026-08-21 14:58:06.028,0 days 00:41:43.643000,27,965.4427786133328,0 days 00:00:39.924000,10901.437584,168.2062512,4,100.0,False,0,pos,2336.8781265190587,0.547690121862955,OnTrack,6248.0,1398.0,523.0
2026-08-21 14:58:06.177,0 days 00:41:43.792000,27,967.3880555555547,0 days 00:00:40.073000,11097.0,171.0,4,100.0,False,0,car,2343.9586111111125,0.5493495629031462,OnTrack,6306.896989855729,1410.1499897742447,522.9989777403298
2026-08-21 14:58:06.348,0 days 00:41:43.963000,27,969.6680564088883,0 days 00:00:40.244000,11341.625091555556,175.2750016,4,100.0,False,0,pos,2352.3371889931964,0.5513132358432118,OnTrack,6398.0,1427.0,523.0
2026-08-21 14:58:06.537,0 days 00:41:44.152000,27,972.1880555555554,0 days 00:00:40.433000,11612.0,180.0,4,100.0,False,0,car,2361.9586111111125,0.5535681920569986,OnTrack,6491.499510356908,1440.2742231157447,523.0001226718417
2026-08-21 14:58:06.548,0 days 00:41:44.163000,27,972.3194452088887,0 days 00:00:40.444000,11626.727863466667,180.39722453333334,4,100.0,False,0,pos,2362.530852188543,0.5537023072176809,OnTrack,6497.0,1441.0,523.0
2026-08-21 14:58:06.708,0 days 00:41:44.323000,27,974.2305563199997,0 days 00:00:40.604000,11840.950085688888,186.17500231111111,4,100.0,False,0,pos,2371.0068180141075,0.5556888048031688,OnTrack,6579.0,1452.0,523.0
2026-08-21 14:58:06.867,0 days 00:41:44.482000,27,976.1297237511106,0 days 00:00:40.763000,12053.83350471111,191.9166712888889,4,100.0,False,0,pos,2379.623570346499,0.5577082982809994,OnTrack,6662.0,1465.0,523.0
2026-08-21 14:58:06.897,0 days 00:41:44.512000,27,976.4880555555551,0 days 00:00:40.793000,12094.0,193.0,4,100.0,False,0,car,2381.2586111111127,0.5580914999830736,OnTrack,6677.428305970015,1467.4106690099068,522.986605170184
2026-08-21 14:58:07.027,0 days 00:41:44.642000,27,978.0047237155546,0 days 00:00:40.923000,12274.70017792,195.60000256,4,100.0,False,0,pos,2388.3747862451823,0.559759305754435,OnTrack,6747.0,1479.0,523.0
2026-08-21 14:58:07.097,0 days 00:41:44.712000,27,978.8213888888877,0 days 00:00:40.993000,12372.0,197.0,4,100.0,False,0,car,2392.2030555555575,0.5606565306722987,OnTrack,6791.494984596379,1488.1742260411013,523.233462034121
2026-08-21 14:58:07.257,0 days 00:41:44.872000,27,980.8213888888877,0 days 00:00:41.153000,11875.0,194.0,4,0.0,True,0,car,2400.82527777778,0.5626773061188355,OnTrack,6909.814124480219,1516.6414057168183,524.3369464508488
2026-08-21 14:58:07.367,0 days 00:41:44.982000,27,982.2269460799984,0 days 00:00:41.263000,11361.84940288,185.7499904,4,0.0,True,0,pos,2406.4111966193864,0.563986468345294,OnTrack,6982.0,1536.0,525.0
2026-08-21 14:58:07.457,0 days 00:41:45.072000,27,983.3769444444424,0 days 00:00:41.353000,10942.0,179.0,4,0.0,True,0,car,2410.7697222222246,0.5650079685217354,OnTrack,7030.789489479042,1550.3997667003582,525.3683643455821
2026-08-21 14:58:07.697,0 days 00:41:45.312000,27,986.443611111109,0 days 00:00:41.593000,11314.0,163.0,4,0.0,True,0,car,2421.6363888888914,0.5675547705664685,OnTrack,7121.2882086424515,1583.4456216391147,525.756713228171
2026-08-21 14:58:07.807,0 days 00:41:45.422000,27,987.6963903466647,0 days 00:00:41.703000,11287.8749696,158.8749952,4,0.0,True,0,pos,2426.3805857285683,0.5686666598497727,OnTrack,7155.0,1598.0,526.0
2026-08-21 14:58:07.937,0 days 00:41:45.552000,27,989.1769444444426,0 days 00:00:41.833000,11257.0,154.0,3,0.0,True,0,car,2431.903055555558,0.5699609516394065,OnTrack,7191.445882738923,1615.228593304809,526.4297797626544
2026-08-21 14:58:08.147,0 days 00:41:45.762000,27,991.1019456177758,0 days 00:00:42.043000,10843.999748266666,152.24999893333333,3,0.0,True,0,pos,2440.794257324802,0.5720447673614353,OnTrack,7250.0,1647.0,527.0
2026-08-21 14:58:08.177,0 days 00:41:45.792000,27,991.3769444444424,0 days 00:00:42.073000,10785.0,152.0,3,0.0,True,0,car,2442.036388888891,0.5723358836075012,OnTrack,7259.378391501197,1652.4803135408201,527.0058349230449
2026-08-21 14:58:08.267,0 days 00:41:45.882000,27,992.3269457955538,0 days 00:00:42.163000,10516.1246176,148.0624944,3,0.0,True,0,pos,2445.702652343067,0.5731951394904728,OnTrack,7290.0,1673.0,527.0
2026-08-21 14:58:08.337,0 days 00:41:45.952000,27,993.0658333333317,0 days 00:00:42.233000,10307.0,145.0,3,0.0,True,0,car,2448.4808333333353,0.5738462570082631,OnTrack,7318.044538662981,1698.1146085134887,527.1506336026928
2026-08-21 14:58:08.547,0 days 00:41:46.162000,27,995.5741681955541,0 days 00:00:42.443000,9968.3747936,137.1249952,3,0.0,True,0,pos,2456.432957550137,0.5757099827335996,OnTrack,7402.0,1792.0,528.0
2026-08-21 14:58:08.577,0 days 00:41:46.192000,27,995.9324999999985,0 days 00:00:42.473000,9920.0,136.0,3,0.0,True,0,car,2457.547500000002,0.5759711961376109,OnTrack,7409.104004296046,1800.9474589880674,528.0623587260709
2026-08-21 14:58:08.817,0 days 00:41:46.432000,27,998.7324999999983,0 days 00:00:42.713000,9558.0,132.0,3,0.0,False,0,car,2466.347500000002,0.5780336370572722,OnTrack,7426.718839911131,1838.5040621031217,528.0218816221776
2026-08-21 14:58:08.867,0 days 00:41:46.482000,27,999.3297237511094,0 days 00:00:42.763000,9512.9998848,130.437496,3,0.0,False,0,pos,2468.133954737687,0.5784523253927407,OnTrack,7430.0,1850.0,528.0
2026-08-21 14:58:08.977,0 days 00:41:46.592000,27,1000.6436111111097,0 days 00:00:42.873000,9414.0,127.0,3,0.0,False,0,car,2471.9919444444463,0.579356515828974,OnTrack,7441.039029601021,1885.5058509111723,527.9907070300674
2026-08-21 14:58:09.067,0 days 00:41:46.682000,27,1001.9436129599986,0 days 00:00:42.963000,9286.5935688,125.0312472,3,0.0,False,0,pos,2475.0644008754184,0.5800766021775094,OnTrack,7450.0,1918.0,528.0
2026-08-21 14:58:09.287,0 days 00:41:46.902000,27,1005.1213907377764,0 days 00:00:43.183000,8975.1560688,120.2187472,3,0.0,False,0,pos,2482.331879984944,0.5817798688023127,OnTrack,7459.0,1993.0,528.0
2026-08-21 14:58:09.297,0 days 00:41:46.912000,27,1005.265833333332,0 days 00:00:43.193000,8961.0,120.0,3,0.0,False,0,car,2482.658611111113,0.5818564442164419,OnTrack,7458.9803083157485,1996.79935684643,527.9976943682108
2026-08-21 14:58:09.607,0 days 00:41:47.222000,27,1010.432502133332,0 days 00:00:43.503000,8647.555426133333,116.55555413333333,3,0.0,False,0,pos,2492.666099926275,0.5842018822204695,OnTrack,7444.0,2124.0,528.0
2026-08-21 14:58:09.657,0 days 00:41:47.272000,27,1011.265833333332,0 days 00:00:43.553000,8597.0,116.0,3,0.0,False,0,car,2494.2586111111127,0.5845751163378134,OnTrack,7440.49999026521,2139.7834219592287,528.0899096919632
2026-08-21 14:58:09.987,0 days 00:41:47.602000,27,1018.1408359999987,0 days 00:00:43.883000,8883.916777955556,114.16666595555556,3,18.333340444444445,False,0,pos,2504.696117832594,0.587021336901634,OnTrack,7412.0,2214.0,529.0
2026-08-21 14:58:10.017,0 days 00:41:47.632000,27,1018.765833333332,0 days 00:00:43.913000,8910.0,114.0,3,20.0,False,0,car,2505.658611111113,0.5872469148019199,OnTrack,7408.647825912307,2221.402065139747,529.0273393818137
2026-08-21 14:58:10.187,0 days 00:41:47.802000,27,1022.4963916977766,0 days 00:00:44.083000,9061.30011392,116.55000192,3,27.65000576,False,0,pos,2511.178602944225,0.5885406258283752,OnTrack,7382.0,2271.0,529.0
2026-08-21 14:58:10.217,0 days 00:41:47.832000,27,1023.1547222222212,0 days 00:00:44.113000,9088.0,117.0,3,29.0,False,0,car,2512.158611111113,0.5887703086630333,OnTrack,7374.270499591782,2281.952155778372,528.9868109563072
2026-08-21 14:58:10.377,0 days 00:41:47.992000,27,1026.9769444444432,0 days 00:00:44.273000,9203.0,118.0,3,29.0,False,0,car,2517.4030555555573,0.5899994401202051,OnTrack,7319.459441695585,2348.7753283752595,528.9341689350844
2026-08-21 14:58:10.447,0 days 00:41:48.062000,27,1028.707503164443,0 days 00:00:44.343000,9289.9168256,118.5833344,3,29.8750016,False,0,pos,2519.71154731819,0.5905404773786088,OnTrack,7299.0,2372.0,529.0
2026-08-21 14:58:10.617,0 days 00:41:48.232000,27,1032.9102777777762,0 days 00:00:44.513000,9501.0,120.0,3,32.0,False,0,car,2525.4030555555573,0.5918743864108061,OnTrack,7270.33493760439,2401.3536485658587,529.4748229822512
2026-08-21 14:58:10.807,0 days 00:41:48.422000,27,1037.7130587911095,0 days 00:00:44.703000,9746.416832,124.22222506666667,3,39.916672,False,0,pos,2532.0400836950034,0.59342989532214,OnTrack,7242.0,2420.0,530.0
2026-08-21 14:58:10.977,0 days 00:41:48.592000,27,1042.010277777776,0 days 00:00:44.873000,9966.0,128.0,3,47.0,False,0,car,2538.2030555555575,0.594874300475768,OnTrack,7191.274559048665,2452.145822455094,530.0019908188674
2026-08-21 14:58:10.987,0 days 00:41:48.602000,27,1042.2575031644428,0 days 00:00:44.883000,9989.8753056,128.2916704,3,47.0416672,False,0,pos,2538.5713889382428,0.5949606261394643,OnTrack,7188.0,2454.0,530.0
2026-08-21 14:58:11.217,0 days 00:41:48.832000,27,1047.94361111111,0 days 00:00:45.113000,10539.0,135.0,3,48.0,False,0,car,2547.2030555555575,0.596983615052694,OnTrack,7110.1377738134215,2489.4060009030172,530.0161880142256
2026-08-21 14:58:11.288,0 days 00:41:48.903000,27,1049.81722391111,0 days 00:00:45.184000,10723.6001664,136.52142994285714,3,53.071433142857146,False,0,pos,2549.914718942684,0.5976191429538255,OnTrack,7086.0,2498.0,530.0
2026-08-21 14:58:11.368,0 days 00:41:48.983000,27,1051.9283350222213,0 days 00:00:45.264000,10931.6001664,138.23571565714286,3,58.785718857142854,False,0,pos,2552.9950955145973,0.5983410855322209,OnTrack,7057.0,2507.0,530.0
2026-08-21 14:58:11.497,0 days 00:41:49.112000,27,1055.332499999999,0 days 00:00:45.393000,11267.0,141.0,3,68.0,False,0,car,2558.169722222224,0.5995538539260598,OnTrack,6980.512511325997,2526.0809989393474,530.6106611330522
2026-08-21 14:58:11.588,0 days 00:41:49.203000,27,1057.4052792355546,0 days 00:00:45.484000,11455.5407576,146.1187536,3,74.2562544,False,0,pos,2562.019641691825,0.6004561529546398,OnTrack,6927.0,2538.0,531.0
2026-08-21 14:58:11.748,0 days 00:41:49.363000,27,1061.049723679999,0 days 00:00:45.644000,11787.0407576,155.1187536,3,85.2562544,False,0,pos,2569.1453086209603,0.6021261833017449,OnTrack,6860.0,2550.0,531.0
2026-08-21 14:58:11.817,0 days 00:41:49.432000,27,1062.6213888888879,0 days 00:00:45.713000,11930.0,159.0,3,90.0,False,0,car,2572.3030555555574,0.6028662590394549,OnTrack,6822.197279089557,2555.840781787159,531.1197510562041
2026-08-21 14:58:12.048,0 days 00:41:49.663000,27,1067.6263902755545,0 days 00:00:45.944000,11969.900011054546,166.8750021818182,3,95.25000145454545,False,0,pos,2583.19916679167,0.6054199619574705,OnTrack,6670.0,2578.0,532.0
2026-08-21 14:58:12.257,0 days 00:41:49.872000,27,1072.1547222222212,0 days 00:00:46.153000,12006.0,174.0,4,100.0,False,0,car,2593.569722222224,0.6078504912619692,OnTrack,6587.993259600913,2588.6892623520475,532.2007198285452
2026-08-21 14:58:12.468,0 days 00:41:50.083000,27,1076.1402789866663,0 days 00:00:46.364000,10652.082922666666,187.187504,4,100.0,False,0,pos,2604.6070153948126,0.6104372827484968,OnTrack,6523.0,2597.0,532.0
2026-08-21 14:58:12.497,0 days 00:41:50.112000,27,1076.6880555555554,0 days 00:00:46.393000,10466.0,189.0,5,100.0,False,0,car,2606.1697222222238,0.6108035316696659,OnTrack,6511.896466202792,2598.569295315806,531.9642138813646
2026-08-21 14:58:12.688,0 days 00:41:50.303000,27,1079.8183343822218,0 days 00:00:46.584000,10687.820528872728,195.51136581818182,5,100.0,False,0,pos,2616.7414093867396,0.6132811998739789,OnTrack,6408.0,2612.0,532.0
2026-08-21 14:58:12.848,0 days 00:41:50.463000,27,1082.440556604444,0 days 00:00:46.744000,10873.63871069091,200.96591127272728,5,100.0,False,0,pos,2625.917920285556,0.6154318830077783,OnTrack,6253.0,2627.0,533.0
2026-08-21 14:58:12.937,0 days 00:41:50.552000,27,1083.8991666666661,0 days 00:00:46.833000,10977.0,204.0,5,100.0,False,0,car,2631.103055555557,0.6166471142753726,OnTrack,6195.802444462877,2632.2448636349245,533.223459292571
2026-08-21 14:58:13.097,0 days 00:41:50.712000,27,1086.165833333332,0 days 00:00:46.993000,11670.0,212.0,5,100.0,False,0,car,2640.5252777777796,0.6188553843509693,OnTrack,6154.98484989055,2635.269029835408,532.9123367203027
2026-08-21 14:58:13.208,0 days 00:41:50.823000,27,1087.8925009955544,0 days 00:00:47.104000,11956.5189152,212.0,5,100.0,False,0,pos,2647.018276307055,0.6203771372893873,OnTrack,6114.0,2637.0,533.0
2026-08-21 14:58:13.257,0 days 00:41:50.872000,27,1088.6547222222212,0 days 00:00:47.153000,12083.0,212.0,5,100.0,False,0,car,2649.9475000000016,0.6210636544265661,OnTrack,6088.311689761885,2637.9910633123854,533.1785647985938
2026-08-21 14:58:13.408,0 days 00:41:51.023000,27,1090.122778399999,0 days 00:00:47.304000,11721.5435968,219.23541973333334,5,100.0,False,0,pos,2659.403887214008,0.6232799316927397,OnTrack,5992.0,2641.0,534.0
2026-08-21 14:58:13.737,0 days 00:41:51.352000,27,1093.3213888888881,0 days 00:00:47.633000,10934.0,235.0,6,100.0,False,0,car,2681.280833333335,0.6284071940647535,OnTrack,5785.260142953329,2637.3957039025163,534.9589222043878
2026-08-21 14:58:13.747,0 days 00:41:51.362000,27,1093.4213901688881,0 days 00:00:47.643000,10942.5834432,235.1250016,6,100.0,False,0,pos,2681.9408162170075,0.6285618731222037,OnTrack,5777.0,2637.0,535.0
2026-08-21 14:58:13.947,0 days 00:41:51.562000,27,1095.4213901688881,0 days 00:00:47.843000,11114.250109866667,237.6250016,6,100.0,False,0,pos,2695.1264322310194,0.6316521633515491,OnTrack,5591.0,2626.0,536.0
2026-08-21 14:58:13.977,0 days 00:41:51.592000,27,1095.7213888888882,0 days 00:00:47.873000,11140.0,238.0,6,100.0,False,0,car,2697.1475000000014,0.6321258375411123,OnTrack,5565.584916771777,2624.1328091636683,536.122714391399
2026-08-21 14:58:14.217,0 days 00:41:51.832000,27,1097.4547222222218,0 days 00:00:48.113000,11541.0,250.0,6,100.0,False,0,car,2713.8141666666684,0.6360319756465311,OnTrack,5404.546116301539,2608.250933747762,536.689101582255
2026-08-21 14:58:14.347,0 days 00:41:51.962000,27,1098.285278595555,0 days 00:00:48.243000,11458.1249184,252.708336,6,100.0,False,0,pos,2722.976306559606,0.6381792906723099,OnTrack,5330.0,2599.0,537.0
2026-08-21 14:58:14.457,0 days 00:41:52.072000,27,1098.9880555555546,0 days 00:00:48.353000,11388.0,255.0,6,100.0,False,0,car,2730.8141666666684,0.6400162365140584,OnTrack,5268.306120031021,2590.832225336996,537.3584905022933
2026-08-21 14:58:14.687,0 days 00:41:52.302000,27,1100.2019451199994,0 days 00:00:48.583000,10871.9372128,260.7500032,6,100.0,False,0,pos,2747.557526714965,0.6439403491159025,OnTrack,5131.0,2570.0,538.0
2026-08-21 14:58:14.777,0 days 00:41:52.392000,27,1100.676944444444,0 days 00:00:48.673000,10670.0,263.0,7,100.0,False,0,car,2754.191944444446,0.6454952462299259,OnTrack,5067.02098291826,2558.8739076638603,537.9848017831166
2026-08-21 14:58:14.867,0 days 00:41:52.482000,27,1101.0769450133328,0 days 00:00:48.763000,10712.375060266666,264.87500266666666,7,100.0,False,0,pos,2760.856929015355,0.6470573072421933,OnTrack,5002.0,2547.0,538.0
2026-08-21 14:58:15.017,0 days 00:41:52.632000,27,1101.7436111111106,0 days 00:00:48.913000,10783.0,268.0,7,100.0,False,0,car,2772.0586111111124,0.6496826262789348,OnTrack,4901.241271761499,2527.4237720759907,538.5093709696051
2026-08-21 14:58:15.107,0 days 00:41:52.722000,27,1102.0936116088883,0 days 00:00:49.003000,10893.2501568,269.75000248888887,7,100.0,False,0,pos,2778.857682814642,0.6512761130626928,OnTrack,4827.0,2511.0,539.0
2026-08-21 14:58:15.377,0 days 00:41:52.992000,27,1103.1436111111102,0 days 00:00:49.273000,11224.0,275.0,7,100.0,False,0,car,2799.558611111113,0.656127754152876,OnTrack,4537.668660290808,2439.9191111170558,540.920938513344
2026-08-21 14:58:15.387,0 days 00:41:53.002000,27,1103.174167057777,0 days 00:00:49.283000,11225.7083552,275.208336,7,100.0,False,0,pos,2800.331569416063,0.6563089110662079,OnTrack,4530.0,2438.0,541.0
2026-08-21 14:58:15.617,0 days 00:41:53.232000,27,1103.8769444444438,0 days 00:00:49.513000,11265.0,280.0,7,100.0,False,0,car,2818.225277777779,0.660502628830945,OnTrack,4435.266813367791,2413.623294923541,543.0547531622356
2026-08-21 14:58:15.687,0 days 00:41:53.302000,27,1104.1686116444437,0 days 00:00:49.583000,11299.4167296,280.7777792,7,100.0,False,0,pos,2823.7171042126333,0.661789738781277,OnTrack,4395.0,2402.0,544.0
2026-08-21 14:58:15.967,0 days 00:41:53.582000,27,1105.3352783111104,0 days 00:00:49.863000,11437.083396266667,283.8888903111111,7,100.0,False,0,pos,2845.8346431040804,0.6669733884689947,OnTrack,4123.0,2321.0,549.0
2026-08-21 14:58:15.977,0 days 00:41:53.592000,27,1105.3769444444438,0 days 00:00:49.873000,11442.0,284.0,7,100.0,False,0,car,2846.625277777779,0.6671586881625787,OnTrack,4114.823848702748,2318.498058139446,549.1401761869722
2026-08-21 14:58:16.177,0 days 00:41:53.792000,27,1106.265833333333,0 days 00:00:50.073000,11454.0,285.0,7,100.0,False,0,car,2862.4586111111125,0.6708695193627268,OnTrack,4000.4694949862615,2281.9781485926655,550.975069379751
2026-08-21 14:58:16.307,0 days 00:41:53.922000,27,1106.8075005333333,0 days 00:00:50.203000,11562.8751072,286.30000128,7,100.0,False,0,pos,2872.8346390129277,0.673301331240937,OnTrack,3926.0,2257.0,552.0
2026-08-21 14:58:16.567,0 days 00:41:54.182000,27,1107.890833866667,0 days 00:00:50.463000,11780.6251072,288.90000128,7,100.0,False,0,pos,2893.7627199797157,0.6782062097131967,OnTrack,3715.0,2186.0,554.0
2026-08-21 14:58:16.577,0 days 00:41:54.192000,27,1107.9325000000003,0 days 00:00:50.473000,11789.0,289.0,7,100.0,False,0,car,2894.5697222222234,0.6783953454458337,OnTrack,3707.0031512486003,2183.269763608225,553.9841692547478
2026-08-21 14:58:16.727,0 days 00:41:54.342000,27,1108.557500533333,0 days 00:00:50.623000,11709.312432,290.8750016,7,100.0,False,0,pos,2906.693182076142,0.6812366999561281,OnTrack,3593.0,2144.0,553.0
2026-08-21 14:58:16.737,0 days 00:41:54.352000,27,1108.5991666666664,0 days 00:00:50.633000,11704.0,291.0,7,100.0,False,0,car,2907.5030555555572,0.6814265086156388,OnTrack,3585.5986454087724,2141.448656178236,552.9385748215592
2026-08-21 14:58:16.897,0 days 00:41:54.512000,27,1109.2213888888887,0 days 00:00:50.793000,11692.0,292.0,7,100.0,False,0,car,2920.480833333335,0.684468088153725,OnTrack,3468.3358315008295,2100.9027752292586,552.2018323330702
2026-08-21 14:58:16.927,0 days 00:41:54.542000,27,1109.3547227911108,0 days 00:00:50.823000,11615.79967488,291.84999936,7,100.0,False,0,pos,2922.9122611081416,0.6850379377146298,OnTrack,3446.0,2093.0,552.0
2026-08-21 14:58:17.097,0 days 00:41:54.712000,27,1110.1102777777774,0 days 00:00:50.993000,11184.0,291.0,7,100.0,False,0,car,2936.647500000002,0.6882570421159813,OnTrack,3316.612168571048,2045.8336040418355,550.1464466481773
2026-08-21 14:58:17.107,0 days 00:41:54.722000,27,1110.1686118577775,0 days 00:00:51.003000,11190.7500864,290.9062488,7,100.0,False,0,pos,2937.451463539537,0.68844546567301,OnTrack,3309.0,2043.0,550.0
2026-08-21 14:58:17.327,0 days 00:41:54.942000,27,1111.451945191111,0 days 00:00:51.223000,11339.2500864,288.8437488,7,100.0,False,0,pos,2955.0349718497764,0.6925664823832646,OnTrack,3143.0,1980.0,546.0
2026-08-21 14:58:17.417,0 days 00:41:55.032000,27,1111.9769444444446,0 days 00:00:51.313000,11400.0,288.0,7,100.0,False,0,car,2962.2475000000018,0.6942568702459047,OnTrack,3075.2217545824733,1953.9832321739814,544.2994631941904
2026-08-21 14:58:17.487,0 days 00:41:55.102000,27,1112.4436119644445,0 days 00:00:51.383000,11333.4998784,286.6874976,7,100.0,False,0,pos,2967.882639187528,0.6955775681604887,OnTrack,3024.0,1934.0,543.0
2026-08-21 14:58:17.577,0 days 00:41:55.192000,27,1113.0436111111112,0 days 00:00:51.473000,11248.0,285.0,7,100.0,False,0,car,2974.9141666666683,0.6972255352060229,OnTrack,2961.6474962607476,1908.979337196541,541.3636321627051
2026-08-21 14:58:17.748,0 days 00:41:55.363000,27,1116.0836130561927,0 days 00:00:51.644000,10400.094893170428,257.3277831243905,7,29.045597754847535,False,0,pos,2986.7561827239356,0.7000009282159995,OnTrack,2839.0,1858.0,538.0
2026-08-21 14:58:17.818,0 days 00:41:55.433000,27,1117.3280555555561,0 days 00:00:51.714000,10053.0,246.0,7,0.0,True,0,car,2991.3825000000015,0.7010851902679872,OnTrack,2778.5955158550373,1832.6655494720114,536.3199308675186
2026-08-21 14:58:18.028,0 days 00:41:55.643000,27,1121.8197237572108,0 days 00:00:51.924000,9491.535372977976,233.69874056602762,7,0.0,True,0,pos,3005.0267753391117,0.7042829756973626,OnTrack,2591.0,1753.0,531.0
2026-08-21 14:58:18.057,0 days 00:41:55.672000,27,1122.4400000000005,0 days 00:00:51.953000,9414.0,232.0,7,0.0,True,0,car,3006.784722222224,0.7046949826958084,OnTrack,2570.626004686654,1744.1148998205692,530.3986895535418
2026-08-21 14:58:18.297,0 days 00:41:55.912000,27,1129.9066666666668,0 days 00:00:52.193000,10305.0,196.0,7,0.0,True,0,car,3019.8513888888906,0.7077573949704568,OnTrack,2462.7345439741703,1694.036209168995,526.9140610043734
2026-08-21 14:58:18.508,0 days 00:41:56.123000,27,1138.5225026133332,0 days 00:00:52.404000,10862.7115328,179.215904,7,0.0,True,0,pos,3029.783112299162,0.7100850759663772,OnTrack,2402.0,1663.0,525.0
2026-08-21 14:58:18.737,0 days 00:41:56.352000,27,1147.873333333333,0 days 00:00:52.633000,11468.0,161.0,5,0.0,True,0,car,3039.5291666666685,0.7123692420269213,OnTrack,2329.516952574678,1626.4791992818693,523.3674057715754
2026-08-21 14:58:18.808,0 days 00:41:56.423000,27,1151.0880584533331,0 days 00:00:52.704000,11213.160484571428,156.9428534857143,5,0.0,True,0,pos,3042.4414157858423,0.713051780862334,OnTrack,2304.0,1614.0,523.0
2026-08-21 14:58:19.017,0 days 00:41:56.632000,27,1160.551111111111,0 days 00:00:52.913000,10463.0,145.0,3,0.0,True,0,car,3050.806944444446,0.7150123954782547,OnTrack,2219.841785771414,1574.4030620623842,522.3195713069082
2026-08-21 14:58:19.108,0 days 00:41:56.723000,27,1164.747225173333,0 days 00:00:53.004000,10260.145690666666,143.48333226666668,3,0.0,True,0,pos,3054.428960612239,0.7158612812005423,OnTrack,2187.0,1561.0,522.0
2026-08-21 14:58:19.257,0 days 00:41:56.872000,27,1171.617777777777,0 days 00:00:53.153000,9928.0,141.0,3,0.0,True,0,car,3060.206944444446,0.7172154573697109,OnTrack,2144.287522509621,1548.1388675651717,521.2930146801608
2026-08-21 14:58:19.348,0 days 00:41:56.963000,27,1176.1425031822216,0 days 00:00:53.244000,9708.841512533334,136.07082986666666,3,0.0,True,0,pos,3063.5218857204322,0.7179923744758323,OnTrack,2119.0,1544.0,521.0
2026-08-21 14:58:19.497,0 days 00:41:57.112000,27,1183.551111111111,0 days 00:00:53.393000,9350.0,128.0,3,0.0,True,0,car,3068.7402777777793,0.7192154000796853,OnTrack,2072.232670744192,1541.381680839924,521.0140785987936
2026-08-21 14:58:19.588,0 days 00:41:57.203000,27,1188.1263921066663,0 days 00:00:53.484000,9210.466568533333,126.8624992,3,0.0,True,0,pos,3071.929127752288,0.7199627653835587,OnTrack,2043.0,1545.0,521.0
2026-08-21 14:58:19.737,0 days 00:41:57.352000,27,1195.617777777777,0 days 00:00:53.633000,8982.0,125.0,3,0.0,True,0,car,3077.0736111111128,0.7211684691323949,OnTrack,1997.0319053146516,1562.544169354029,520.5671822132744
2026-08-21 14:58:19.897,0 days 00:41:57.512000,27,1203.9288888888877,0 days 00:00:53.793000,8961.0,119.0,3,0.0,False,0,car,3082.3625000000015,0.7224080169578477,OnTrack,1951.9298515995847,1592.6782775955567,520.0251122116575
2026-08-21 14:58:19.928,0 days 00:41:57.543000,27,1205.4961143466655,0 days 00:00:53.824000,8952.4749824,119.0,3,1.2916693333333333,False,0,pos,3083.386869053716,0.7226480965775313,OnTrack,1944.0,1599.0,520.0
2026-08-21 14:58:20.087,0 days 00:41:57.702000,27,1213.534450915555,0 days 00:00:53.983000,8908.7499648,119.0,3,7.916672,False,0,pos,3088.6610667533587,0.7238842012541363,OnTrack,1903.0,1637.0,520.0
2026-08-21 14:58:20.137,0 days 00:41:57.752000,27,1216.0622222222219,0 days 00:00:54.033000,8895.0,119.0,3,10.0,False,0,car,3090.295833333335,0.7242673386960271,OnTrack,1885.5342820811136,1654.0738029019174,519.7566004758255
2026-08-21 14:58:20.307,0 days 00:41:57.922000,27,1224.562228622221,0 days 00:00:54.203000,9014.0000896,116.44999808,3,15.10000384,False,0,pos,3095.763227654921,0.725548722533841,OnTrack,1815.0,1721.0,518.0
2026-08-21 14:58:20.337,0 days 00:41:57.952000,27,1226.062222222221,0 days 00:00:54.233000,9035.0,116.0,3,16.0,False,0,car,3096.7402777777793,0.725777712096789,OnTrack,1803.66937908985,1730.5318553059833,517.6169186304238
2026-08-21 14:58:20.577,0 days 00:41:58.192000,27,1237.1288888888885,0 days 00:00:54.473000,9329.0,119.0,3,0.0,True,0,car,3104.6736111111127,0.7276370338349685,OnTrack,1730.8381804036783,1775.1213400105778,513.9502501995678
2026-08-21 14:58:20.787,0 days 00:41:58.402000,27,1246.5788946488883,0 days 00:00:54.683000,9692.5627216,112.437496,3,0.0,True,0,pos,3111.1104373625644,0.7291456217728938,OnTrack,1689.0,1790.0,512.0
2026-08-21 14:58:20.897,0 days 00:41:58.512000,27,1251.528888888888,0 days 00:00:54.793000,9883.0,109.0,2,0.0,True,0,car,3114.3625000000015,0.7299078021202519,OnTrack,1674.1615614491566,1794.6053258167944,512.0093617884783
2026-08-21 14:58:21.027,0 days 00:41:58.642000,27,1256.8733385955547,0 days 00:00:54.923000,9681.4998016,107.52272581818181,2,0.0,True,0,pos,3118.169139492127,0.7307999576946789,OnTrack,1654.0,1799.0,512.0
2026-08-21 14:58:21.327,0 days 00:41:58.942000,27,1269.2066719288882,0 days 00:00:55.223000,9216.4998016,104.1136349090909,2,0.0,True,0,pos,3126.790604128902,0.7328205555872127,OnTrack,1566.0,1810.0,509.0
2026-08-21 14:58:21.337,0 days 00:41:58.952000,27,1269.617777777777,0 days 00:00:55.233000,9201.0,104.0,2,0.0,False,0,car,3127.0736111111128,0.7328868834486514,OnTrack,1563.0443459632754,1810.11808360963,508.95651872678906
2026-08-21 14:58:21.497,0 days 00:41:59.112000,27,1275.973333333333,0 days 00:00:55.393000,9080.0,101.0,2,0.0,False,0,car,3131.562500000002,0.7339389366450443,OnTrack,1518.656926305358,1809.1864766523217,508.9862275830432
2026-08-21 14:58:21.507,0 days 00:41:59.122000,27,1276.2594481066662,0 days 00:00:55.403000,9081.55954377143,100.95238034285714,2,0.1666688,False,0,pos,3131.840559301733,0.7340041049270877,OnTrack,1516.0,1809.0,509.0
2026-08-21 14:58:22.327,0 days 00:41:59.942000,27,1299.7205592177768,0 days 00:00:56.223000,9209.440496152381,97.04761843809524,2,13.833335466666666,False,0,pos,3153.92779779917,0.7391806531633867,OnTrack,1318.0,1724.0,510.0
2026-08-21 14:58:22.337,0 days 00:41:59.952000,27,1300.0066666666658,0 days 00:00:56.233000,9211.0,97.0,2,14.0,False,0,car,3154.195833333335,0.739243472192203,OnTrack,1315.4356636625773,1721.4408308899312,510.03678815013484
2026-08-21 14:58:22.537,0 days 00:42:00.152000,27,1305.4511111111105,0 days 00:00:56.433000,9304.0,97.0,2,16.0,False,0,car,3159.584722222224,0.7405064568462885,OnTrack,1265.129798693391,1663.5517184277426,510.8877119859848
2026-08-21 14:58:22.567,0 days 00:42:00.182000,27,1305.9677799822216,0 days 00:00:56.463000,9333.795581672728,97.27272843636364,2,16.81818530909091,False,0,pos,3160.403893403867,0.7406984445923372,OnTrack,1259.0,1655.0,511.0
2026-08-21 14:58:22.947,0 days 00:42:00.562000,27,1312.5122244266663,0 days 00:00:56.843000,9711.204672581818,100.72727389090909,2,27.181821672727274,False,0,pos,3171.067143922066,0.7431975723429431,OnTrack,1219.0,1564.0,512.0
2026-08-21 14:58:22.977,0 days 00:42:00.592000,27,1313.0288888888886,0 days 00:00:56.873000,9741.0,101.0,2,28.0,False,0,car,3171.9291666666686,0.7433996031363688,OnTrack,1217.3459575483478,1558.3452243182978,512.1001611564369
2026-08-21 14:58:23.207,0 days 00:42:00.822000,27,1315.7761126399996,0 days 00:00:57.103000,10186.05024768,104.45000192,2,39.5000064,False,0,pos,3178.6338789857255,0.7449709750728893,OnTrack,1209.0,1513.0,513.0
2026-08-21 14:58:23.377,0 days 00:42:00.992000,27,1317.8066666666664,0 days 00:00:57.273000,10515.0,107.0,2,48.0,False,0,car,3183.8180555555577,0.7461859816515676,OnTrack,1208.0197098047238,1453.2969284751537,513.6051314302806
2026-08-21 14:58:23.587,0 days 00:42:01.202000,27,1318.5066670933331,0 days 00:00:57.483000,10253.54984064,113.82500416,2,51.15000192,False,0,pos,3190.6012274769964,0.747775742030644,OnTrack,1212.0,1367.0,514.0
2026-08-21 14:58:23.777,0 days 00:42:01.392000,27,1319.1399999999999,0 days 00:00:57.673000,10017.0,120.0,3,54.0,False,0,car,3197.1513888888912,0.7493108921359027,OnTrack,1219.4574316011285,1303.4860426476864,513.7490974866768
2026-08-21 14:58:24.007,0 days 00:42:01.622000,27,1318.5011107555556,0 days 00:00:57.903000,10833.5004544,133.41667413333334,3,73.16667733333334,False,0,pos,3205.6945136196964,0.7513131296389233,OnTrack,1233.0,1225.0,513.0
2026-08-21 14:58:24.017,0 days 00:42:01.632000,27,1318.4733333333334,0 days 00:00:57.913000,10869.0,134.0,3,74.0,False,0,car,3206.084722222224,0.7514045821604071,OnTrack,1233.6900553854218,1220.952287441935,512.96601577692
2026-08-21 14:58:24.217,0 days 00:42:01.832000,27,1317.028888888889,0 days 00:00:58.113000,11458.0,147.0,3,86.0,False,0,car,3214.251388888891,0.7533185898320625,OnTrack,1249.2267414251603,1128.9591086444682,512.267720377383
2026-08-21 14:58:24.388,0 days 00:42:02.003000,27,1314.463887417487,0 days 00:00:58.284000,11576.26175008334,155.52336937537584,3,93.45794820345385,False,0,pos,3221.8114178136047,0.7550904208557161,OnTrack,1262.0,1054.0,512.0
2026-08-21 14:58:24.538,0 days 00:42:02.153000,27,1312.2138888888894,0 days 00:00:58.434000,11680.0,163.0,3,100.0,False,0,car,3228.7855555555575,0.7567249375668929,OnTrack,1270.9257572980605,1003.3505790441751,512.2309419848604
2026-08-21 14:58:24.697,0 days 00:42:02.312000,27,1309.1663888888888,0 days 00:00:58.593000,11089.0,173.0,4,100.0,False,0,car,3236.4263888888913,0.7585157065813223,OnTrack,1279.4785744801613,956.016668079708,512.7857485262618
2026-08-21 14:58:24.808,0 days 00:42:02.423000,27,1306.8230542044441,0 days 00:00:58.704000,11610.7003008,175.7750016,4,100.0,False,0,pos,3241.8774679821486,0.7597932666470317,OnTrack,1288.0,907.0,513.0
2026-08-21 14:58:24.897,0 days 00:42:02.512000,27,1304.9441666666662,0 days 00:00:58.793000,12029.0,178.0,4,100.0,False,0,car,3246.31527777778,0.7608333485238707,OnTrack,1296.5631206385376,856.8326545144355,513.0438284397452
2026-08-21 14:58:25.028,0 days 00:42:02.643000,27,1301.6327761599996,0 days 00:00:58.924000,11721.5592248,181.6843768,4,100.0,False,0,pos,3252.9585259383393,0.7623903152108936,OnTrack,1310.0,778.0,513.0
2026-08-21 14:58:25.217,0 days 00:42:02.832000,27,1296.8552777777777,0 days 00:00:59.113000,11278.0,187.0,4,100.0,False,0,car,3262.9375000000023,0.7647290702610084,OnTrack,1325.5691856111655,689.4067941554531,512.9904033659453
2026-08-21 14:58:25.368,0 days 00:42:02.983000,27,1291.9058312355553,0 days 00:00:59.264000,11257.02776888889,195.80833706666667,4,100.0,False,0,pos,3271.427091703648,0.7667187613201918,OnTrack,1338.0,620.0,513.0
2026-08-21 14:58:25.577,0 days 00:42:03.192000,27,1285.0552777777775,0 days 00:00:59.473000,11228.0,208.0,5,100.0,False,0,car,3283.7375000000025,0.7696039306165712,OnTrack,1358.8087768320124,502.9168034932945,513.0003944318004
2026-08-21 14:58:25.628,0 days 00:42:03.243000,27,1283.2136087999997,0 days 00:00:59.524000,11334.250133333333,210.33750293333333,5,100.0,False,0,pos,3286.7939363705464,0.7703202623709975,OnTrack,1364.0,473.0,513.0
2026-08-21 14:58:25.817,0 days 00:42:03.432000,27,1276.388611111111,0 days 00:00:59.713000,11728.0,219.0,5,100.0,False,0,car,3298.3375000000024,0.7730257075969181,OnTrack,1382.865232415795,361.4932524703426,512.9998820397885
2026-08-21 14:58:25.848,0 days 00:42:03.463000,27,1275.1055529066666,0 days 00:00:59.744000,11659.4123584,219.90416853333332,5,100.0,False,0,pos,3300.2747234020394,0.7734797313258824,OnTrack,1386.0,343.0,513.0
2026-08-21 14:58:26.048,0 days 00:42:03.663000,27,1266.8277751288888,0 days 00:00:59.944000,11216.9123584,225.73750186666666,5,100.0,False,0,pos,3313.085168114202,0.776482093300135,OnTrack,1407.0,222.0,513.0
2026-08-21 14:58:26.297,0 days 00:42:03.912000,27,1256.5219444444442,0 days 00:01:00.193000,10666.0,233.0,5,100.0,False,0,car,3329.404166666669,0.7803067490254189,OnTrack,1434.8908285692803,67.0405037186783,512.9987052891497
2026-08-21 14:58:26.308,0 days 00:42:03.923000,27,1256.0513861511108,0 days 00:01:00.204000,10673.81790262857,233.15714377142857,5,100.0,False,0,pos,3330.1252967196997,0.7804757590401652,OnTrack,1436.0,60.0,513.0
2026-08-21 14:58:26.348,0 days 00:42:03.963000,27,1254.3402750399998,0 days 00:01:00.244000,10702.246474057143,233.72857234285715,5,100.0,False,0,pos,3332.7477024547984,0.7810903677783495,OnTrack,1440.0,34.0,513.0
2026-08-21 14:58:26.577,0 days 00:42:04.192000,27,1244.5441666666661,0 days 00:01:00.473000,10865.0,237.0,6,100.0,False,0,car,3347.8375000000024,0.7846269377700121,OnTrack,1472.8557641108248,-147.46592416827744,512.2546073157002
2026-08-21 14:58:26.667,0 days 00:42:04.282000,27,1240.5691610133324,0 days 00:01:00.563000,10949.750120533334,239.2500032,6,100.0,False,0,pos,3353.864648284053,0.7860395101847726,OnTrack,1485.0,-211.0,512.0
2026-08-21 14:58:26.817,0 days 00:42:04.432000,27,1233.9441666666653,0 days 00:01:00.713000,11091.0,243.0,6,100.0,False,0,car,3364.0375000000026,0.7884237040084793,OnTrack,1499.9677337310845,-289.2867736580314,511.92878681543755
2026-08-21 14:58:26.947,0 days 00:42:04.562000,27,1228.2747166399986,0 days 00:01:00.843000,10942.222075733333,244.0833344,6,63.88885333333334,False,0,pos,3372.971298580112,0.7905175030720736,OnTrack,1513.0,-356.0,512.0
2026-08-21 14:58:27.147,0 days 00:42:04.762000,27,1219.5524944177762,0 days 00:01:01.043000,10713.333186844444,245.75000106666667,6,8.333297777777783,False,0,pos,3386.6458511320106,0.7937223845199248,OnTrack,1540.0,-491.0,512.0
2026-08-21 14:58:27.177,0 days 00:42:04.792000,27,1218.244166666665,0 days 00:01:01.073000,10679.0,246.0,6,0.0,True,0,car,3388.6375000000025,0.7941891638520775,OnTrack,1544.0114048243415,-511.0287789513493,511.9915316279776
2026-08-21 14:58:27.367,0 days 00:42:04.982000,27,1210.960828426665,0 days 00:01:01.263000,11346.85044992,230.79998976,6,0.0,True,0,pos,3400.804133306778,0.7970406368505326,OnTrack,1568.0,-633.0,512.0
2026-08-21 14:58:27.377,0 days 00:42:04.992000,27,1210.5774999999985,0 days 00:01:01.273000,11382.0,230.0,6,0.0,True,0,car,3401.4152777777804,0.7971838697328987,OnTrack,1569.2317825172424,-639.5429707864656,512.0130200384968
2026-08-21 14:58:27.617,0 days 00:42:05.232000,27,1203.0441666666652,0 days 00:01:01.513000,10694.0,208.0,5,0.0,True,0,car,3415.2819444444467,0.8004337766366071,OnTrack,1597.5925572281117,-800.8383645086348,512.7243585166025
2026-08-21 14:58:27.727,0 days 00:42:05.342000,27,1199.9274963733317,0 days 00:01:01.623000,10560.89984512,203.59999488,5,0.0,True,0,pos,3421.4199480927805,0.8018723300331244,OnTrack,1607.0,-865.0,513.0
2026-08-21 14:58:27.817,0 days 00:42:05.432000,27,1197.3774999999982,0 days 00:01:01.713000,10452.0,200.0,5,0.0,True,0,car,3426.393055555558,0.8030378687068863,OnTrack,1612.2281673437417,-909.428814856529,513.1161676989831
2026-08-21 14:58:27.977,0 days 00:42:05.592000,27,1193.066388888887,0 days 00:01:01.873000,10289.0,197.0,5,0.0,False,0,car,3435.1486111111135,0.8050898932582664,OnTrack,1616.0012578760095,-980.2506048998305,513.0225300626415
2026-08-21 14:58:27.987,0 days 00:42:05.602000,27,1192.816385688887,0 days 00:01:01.883000,10278.54986624,196.84999808,5,0.0,False,0,pos,3435.6921817832454,0.8052172889851905,OnTrack,1616.0,-985.0,513.0
2026-08-21 14:58:28.177,0 days 00:42:05.792000,27,1188.0663888888876,0 days 00:01:02.073000,10080.0,194.0,5,0.0,False,0,car,3445.9263888888913,0.8076158625664372,OnTrack,1610.463488712416,-1083.124481206048,512.2472113168316
2026-08-21 14:58:28.267,0 days 00:42:05.882000,27,1186.1163861155542,0 days 00:01:02.163000,9995.785594514286,192.39285485714285,5,0.0,False,0,pos,3450.695212501364,0.8087335235842792,OnTrack,1603.0,-1130.0,512.0
2026-08-21 14:58:28.407,0 days 00:42:06.022000,27,1183.0830527822206,0 days 00:01:02.303000,9864.785594514286,189.89285485714285,5,0.0,False,0,pos,3458.02323668493,0.8104509800543307,OnTrack,1585.0,-1199.0,512.0
2026-08-21 14:58:28.457,0 days 00:42:06.072000,27,1181.9997222222205,0 days 00:01:02.353000,9818.0,189.0,5,0.0,False,0,car,3460.6263888888916,0.8110610763754167,OnTrack,1577.6917608189863,-1221.9728790453655,512.0807972009824
2026-08-21 14:58:28.617,0 days 00:42:06.232000,27,1178.7997222222207,0 days 00:01:02.513000,9596.0,186.0,5,0.0,False,0,car,3468.893055555558,0.8129985208757045,OnTrack,1548.4306426056423,-1292.235072959321,512.6083709215455
2026-08-21 14:58:28.687,0 days 00:42:06.302000,27,1177.5552755022206,0 days 00:01:02.583000,9456.34974464,184.2499968,5,2.45000448,False,0,pos,3472.4467879787303,0.8138314030537815,OnTrack,1525.0,-1328.0,513.0
2026-08-21 14:58:28.817,0 days 00:42:06.432000,27,1175.244166666665,0 days 00:01:02.713000,9197.0,181.0,5,7.0,False,0,car,3478.9486111111137,0.8153552241993072,OnTrack,1459.940976315447,-1406.225999824013,514.0048976455308
2026-08-21 14:58:28.947,0 days 00:42:06.562000,27,1173.2219424533316,0 days 00:01:02.843000,9329.1667968,178.8333312,5,21.625014399999998,False,0,pos,3485.359330740473,0.8168576935729509,OnTrack,1394.0,-1477.0,515.0
2026-08-21 14:58:29.057,0 days 00:42:06.672000,27,1171.5108333333314,0 days 00:01:02.953000,9441.0,177.0,5,34.0,False,0,car,3490.748611111114,0.8181207699779437,OnTrack,1358.7029003221069,-1513.2571592334086,515.5448447792244
2026-08-21 14:58:29.377,0 days 00:42:06.992000,27,1167.333055555553,0 days 00:01:03.273000,9394.0,176.0,5,31.0,False,0,car,3506.3930555555585,0.821787331612897,OnTrack,1275.797156026141,-1551.0930012351637,516.9067463747922
2026-08-21 14:58:29.387,0 days 00:42:07.002000,27,1167.216387395553,0 days 00:01:03.283000,9402.7188616,176.0,5,31.4062552,False,0,pos,3506.880688131554,0.8219016172240895,OnTrack,1270.0,-1553.0,517.0
2026-08-21 14:58:29.567,0 days 00:42:07.182000,27,1165.1163873955531,0 days 00:01:03.463000,9559.6563616,176.0,5,38.7187552,False,0,pos,3515.645817799483,0.8239558856437796,OnTrack,1139.0,-1593.0,519.0
2026-08-21 14:58:29.697,0 days 00:42:07.312000,27,1163.59972222222,0 days 00:01:03.593000,9673.0,176.0,5,44.0,False,0,car,3522.037500000003,0.8254538932478501,OnTrack,1056.9912514683278,-1607.7651881844643,519.8340475554627
2026-08-21 14:58:29.897,0 days 00:42:07.512000,27,1161.2108333333308,0 days 00:01:03.793000,10074.0,181.0,5,79.0,False,0,car,3532.0930555555583,0.8278105965714527,OnTrack,962.7173778326149,-1606.4492593881337,520.0153669972824
2026-08-21 14:58:29.987,0 days 00:42:07.602000,27,1159.960831555553,0 days 00:01:03.883000,10135.3125872,184.0937544,5,84.9062584,False,0,pos,3536.76631310692,0.8289058599353212,OnTrack,926.0,-1605.0,520.0
2026-08-21 14:58:30.217,0 days 00:42:07.832000,27,1156.7663888888865,0 days 00:01:04.113000,10292.0,192.0,5,100.0,False,0,car,3549.159722222225,0.8318104819914016,OnTrack,843.474655496688,-1602.754816828816,519.9459701609823
2026-08-21 14:58:30.347,0 days 00:42:07.962000,27,1154.7802758222197,0 days 00:01:04.243000,10531.571664457142,197.57143405714285,5,100.0,False,0,pos,3556.439539401595,0.8335166402684909,OnTrack,787.0,-1601.0,521.0
2026-08-21 14:58:30.497,0 days 00:42:08.112000,27,1152.4886111111082,0 days 00:01:04.393000,10808.0,204.0,5,100.0,False,0,car,3565.0263888888917,0.8355291254677605,OnTrack,704.2746634540284,-1597.7451628542972,523.5732246485076
2026-08-21 14:58:30.527,0 days 00:42:08.142000,27,1151.988608977775,0 days 00:01:04.423000,10887.5003392,204.87500373333333,5,100.0,False,0,pos,3566.7592809869034,0.8359352604191578,OnTrack,687.0,-1597.0,524.0
2026-08-21 14:58:30.737,0 days 00:42:08.352000,27,1148.4886111111086,0 days 00:01:04.633000,11444.0,211.0,5,100.0,False,0,car,3579.093055555558,0.8388259060287339,OnTrack,565.8293021236384,-1591.2836705013535,525.8559843495281
2026-08-21 14:58:30.747,0 days 00:42:08.362000,27,1148.3052753893526,0 days 00:01:04.643000,11459.338278112633,211.39146417456834,5,100.0,False,0,pos,3579.694160423992,0.8389667859466503,OnTrack,560.0,-1591.0,526.0
2026-08-21 14:58:30.908,0 days 00:42:08.523000,27,1145.3536092237534,0 days 00:01:04.804000,11706.281296690402,217.6939542078757,5,100.0,False,0,pos,3589.5596444716534,0.8412789425366687,OnTrack,465.0,-1586.0,529.0
2026-08-21 14:58:31.018,0 days 00:42:08.633000,27,1143.336944444442,0 days 00:01:04.914000,11875.0,222.0,5,100.0,False,0,car,3596.4213888888917,0.8428871178169379,OnTrack,398.52209599656504,-1581.1158793079376,529.937859373623
2026-08-21 14:58:31.188,0 days 00:42:08.803000,27,1140.078608657775,0 days 00:01:05.084000,11656.1248352,226.2500032,5,100.0,False,0,pos,3607.1385078875714,0.8453988706310009,OnTrack,294.0,-1570.0,531.0
2026-08-21 14:58:31.258,0 days 00:42:08.873000,27,1138.7369444444416,0 days 00:01:05.154000,11566.0,228.0,5,100.0,False,0,car,3611.6213888888915,0.8464495157690799,OnTrack,250.7452301360521,-1563.7565371883716,532.319808751834
2026-08-21 14:58:31.388,0 days 00:42:09.003000,27,1135.9563866468063,0 days 00:01:05.284000,11349.453864387055,231.2590555527032,5,100.0,False,0,pos,3620.08280506942,0.8484326033791942,OnTrack,169.0,-1549.0,535.0
2026-08-21 14:58:31.568,0 days 00:42:09.183000,27,1132.1063873331568,0 days 00:01:05.464000,11049.621048758365,235.7715895671818,5,100.0,False,0,pos,3632.004677034582,0.8512267120814568,OnTrack,55.0,-1522.0,536.0
2026-08-21 14:58:31.617,0 days 00:42:09.232000,27,1131.0583333333298,0 days 00:01:05.513000,10968.0,237.0,6,100.0,False,0,car,3635.2555555555587,0.8519886149094692,OnTrack,29.135683602264862,-1515.197592815949,536.3918795873574
2026-08-21 14:58:31.777,0 days 00:42:09.392000,27,1127.4583333333308,0 days 00:01:05.673000,11109.0,240.0,6,100.0,False,0,car,3645.922222222225,0.8544885432969372,OnTrack,-48.75683897530845,-1490.630812928645,538.7649467718837
2026-08-21 14:58:31.828,0 days 00:42:09.443000,27,1126.1408316799973,0 days 00:01:05.724000,11165.646499657143,241.63928777142857,6,100.0,False,0,pos,3649.385880079899,0.8553003148534567,OnTrack,-86.0,-1476.0,540.0
2026-08-21 14:58:32.048,0 days 00:42:09.663000,27,1120.457498346664,0 days 00:01:05.944000,11410.003642514286,248.71071634285715,6,100.0,False,0,pos,3664.6592800060744,0.858879915420513,OnTrack,-300.0,-1383.0,547.0
2026-08-21 14:58:32.057,0 days 00:42:09.672000,27,1120.2249999999972,0 days 00:01:05.953000,11420.0,249.0,6,100.0,False,0,car,3665.288888888892,0.859027475775434,OnTrack,-306.73734217961265,-1379.897985203401,547.230350863053
2026-08-21 14:58:32.217,0 days 00:42:09.832000,27,1115.9138888888865,0 days 00:01:06.113000,11580.0,253.0,6,100.0,False,0,car,3676.533333333336,0.8616628169505565,OnTrack,-378.2000570208791,-1343.7886456204385,549.9465935100358
2026-08-21 14:58:32.388,0 days 00:42:10.003000,27,1110.9738870399974,0 days 00:01:06.284000,11697.562544,255.671876,6,100.0,False,0,pos,3688.733569294163,0.8645221653454576,OnTrack,-432.0,-1306.0,552.0
2026-08-21 14:58:32.537,0 days 00:42:10.152000,27,1106.6694444444415,0 days 00:01:06.433000,11800.0,258.0,6,100.0,False,0,car,3699.46666666667,0.867037662983613,OnTrack,-518.3282363926029,-1244.1750432526126,554.7530186880953
2026-08-21 14:58:32.548,0 days 00:42:10.163000,27,1106.3333313777748,0 days 00:01:06.444000,11750.2247104,258.1178578285714,6,100.0,False,0,pos,3700.2607648145777,0.8672237744057121,OnTrack,-525.0,-1239.0,555.0
2026-08-21 14:58:32.817,0 days 00:42:10.432000,27,1098.1138888888868,0 days 00:01:06.713000,10533.0,261.0,6,100.0,False,0,car,3719.766666666669,0.8717953391960129,OnTrack,-678.4873854952297,-1097.5384694452514,562.6528126743787
2026-08-21 14:58:32.908,0 days 00:42:10.523000,27,1095.1816646044422,0 days 00:01:06.804000,10558.0250176,262.1375008,6,100.0,False,0,pos,3726.415602258152,0.873353638836475,OnTrack,-723.0,-1050.0,565.0
2026-08-21 14:58:33.057,0 days 00:42:10.672000,27,1090.3805555555527,0 days 00:01:06.953000,10599.0,264.0,7,100.0,False,0,car,3737.36666666667,0.8759202210353354,OnTrack,-785.7038945443069,-976.9413378421754,567.9645027386597
2026-08-21 14:58:33.307,0 days 00:42:10.922000,27,1081.6999955555532,0 days 00:01:07.203000,10712.75005824,266.50000128,7,100.0,False,0,pos,3755.937991293156,0.8802727505628326,OnTrack,-882.0,-821.0,572.0
2026-08-21 14:58:33.457,0 days 00:42:11.072000,27,1076.4916666666645,0 days 00:01:07.353000,10781.0,268.0,7,100.0,False,0,car,3767.144444444447,0.8828991877836836,OnTrack,-948.9510409814941,-673.340091790725,575.0791062737576
2026-08-21 14:58:33.507,0 days 00:42:11.122000,27,1074.686106488887,0 days 00:01:07.403000,10805.75006336,268.50000128,7,100.0,False,0,pos,3770.8841578800543,0.8837756580129341,OnTrack,-967.0,-631.0,576.0
2026-08-21 14:58:33.657,0 days 00:42:11.272000,27,1069.2694444444428,0 days 00:01:07.553000,10880.0,270.0,7,100.0,False,0,car,3782.144444444447,0.8864147120785606,OnTrack,-998.8673523890666,-550.5323599050719,578.0865485536351
2026-08-21 14:58:33.827,0 days 00:42:11.442000,27,1062.5166615822206,0 days 00:01:07.723000,10943.041714133333,272.1250016,7,100.0,False,0,pos,3795.0762088803426,0.8894455075485618,OnTrack,-1008.0,-459.0,578.0
2026-08-21 14:58:34.107,0 days 00:42:11.722000,27,1051.3944393599984,0 days 00:01:08.003000,11046.875047466667,275.6250016,7,100.0,False,0,pos,3816.634706769853,0.8944981357546701,OnTrack,-998.0,-153.0,571.0
2026-08-21 14:58:34.137,0 days 00:42:11.752000,27,1050.2027777777762,0 days 00:01:08.033000,11058.0,276.0,7,100.0,False,0,car,3818.944444444447,0.8950394650153254,OnTrack,-995.8453566283657,-128.0380023057426,570.331821049875
2026-08-21 14:58:34.297,0 days 00:42:11.912000,27,1043.669444444443,0 days 00:01:08.193000,11109.0,277.0,7,100.0,False,0,car,3831.2555555555577,0.8979247990291948,OnTrack,-981.7182987385518,-43.5346564919876,567.7378483101778
2026-08-21 14:58:34.487,0 days 00:42:12.102000,27,1035.7527724444426,0 days 00:01:08.383000,11166.678610285715,277.0,7,100.0,False,0,pos,3845.855686825253,0.9013466067749951,OnTrack,-950.0,42.0,565.0
2026-08-21 14:58:34.577,0 days 00:42:12.192000,27,1032.002777777776,0 days 00:01:08.473000,11194.0,277.0,7,100.0,False,0,car,3852.8000000000025,0.9029741335534662,OnTrack,-926.4128244312247,106.00412510229437,563.2696772400435
2026-08-21 14:58:34.647,0 days 00:42:12.262000,27,1029.008327857776,0 days 00:01:08.543000,11224.625056,277.8750016,7,100.0,False,0,pos,3858.2238319187927,0.9042453077455886,OnTrack,-906.0,159.0,562.0
2026-08-21 14:58:34.817,0 days 00:42:12.432000,27,1021.7361111111095,0 days 00:01:08.713000,11299.0,280.0,7,100.0,False,0,car,3871.4666666666685,0.9073490082315352,OnTrack,-853.6127032744668,280.11478878409366,559.9329477845116
2026-08-21 14:58:34.907,0 days 00:42:12.522000,27,1017.7361054222205,0 days 00:01:08.803000,11318.1250272,280.8437512,7,100.0,False,0,pos,3878.5067071469016,0.9089989704545469,OnTrack,-821.0,356.0,559.0
2026-08-21 14:58:35.137,0 days 00:42:12.752000,27,1007.5138888888869,0 days 00:01:09.033000,11367.0,283.0,7,100.0,False,0,car,3896.6222222222245,0.9132446726786475,OnTrack,-721.7844688074886,603.0420258956055,556.3364170863413
2026-08-21 14:58:35.167,0 days 00:42:12.782000,27,1006.1305496533313,0 days 00:01:09.063000,11385.8438304,283.468752,7,100.0,False,0,pos,3899.004595905405,0.9138030255161607,OnTrack,-710.0,633.0,556.0
2026-08-21 14:58:35.457,0 days 00:42:13.072000,27,992.7583333333314,0 days 00:01:09.353000,11568.0,288.0,7,100.0,False,0,car,3922.222222222224,0.9192445008085708,OnTrack,-623.464891476967,856.7056292049456,553.0748246616662
2026-08-21 14:58:35.567,0 days 00:42:13.182000,27,987.6861052088867,0 days 00:01:09.463000,11634.0000768,289.10000128,7,100.0,False,0,pos,3931.064428042873,0.9213168334340903,OnTrack,-595.0,931.0,552.0
2026-08-21 14:58:35.657,0 days 00:42:13.272000,27,983.5361111111088,0 days 00:01:09.553000,11688.0,290.0,7,100.0,False,0,car,3938.3333333333353,0.9230204343104756,OnTrack,-571.3516400667737,992.6032605129394,551.1049380042939
2026-08-21 14:58:36.727,0 days 00:42:14.342000,27,930.6305492266645,0 days 00:01:10.623000,10879.96542057931,300.14655293793106,7,100.0,False,0,pos,4027.7464364298858,0.9439760300582264,OnTrack,-268.0,1777.0,540.0
2026-08-21 14:58:36.817,0 days 00:42:14.432000,27,926.1805555555534,0 days 00:01:10.713000,10812.0,301.0,8,100.0,False,0,car,4035.322222222224,0.9457515539919431,OnTrack,-241.0418069054591,1846.6292653748812,539.129384968959
2026-08-21 14:58:36.947,0 days 00:42:14.562000,27,919.5722157155529,0 days 00:01:10.843000,10840.1666944,302.0833344,8,100.0,False,0,pos,4046.2530790886112,0.9483134001837836,OnTrack,-202.0,1948.0,538.0
2026-08-21 14:58:37.057,0 days 00:42:14.672000,27,913.9805555555527,0 days 00:01:10.953000,10864.0,303.0,8,100.0,False,0,car,4055.5222222222246,0.9504857933757109,OnTrack,-169.15977865232654,2034.3654342466946,537.2890603904364
2026-08-21 14:58:37.127,0 days 00:42:14.742000,27,910.3638822755526,0 days 00:01:11.023000,10889.8125472,303.8750016,8,100.0,False,0,pos,4061.4430954550908,0.9518734582888462,OnTrack,-148.0,2090.0,537.0
2026-08-21 14:58:37.217,0 days 00:42:14.832000,27,905.7138888888858,0 days 00:01:11.113000,10923.0,305.0,8,100.0,False,0,car,4069.07777777778,0.9536627857014515,OnTrack,-120.20533535933514,2162.6212943096302,536.8517720947068
2026-08-21 14:58:37.408,0 days 00:42:15.023000,27,895.4741616012817,0 days 00:01:11.304000,10954.436424528507,305.95261892510626,8,100.0,False,0,pos,4085.3474209889596,0.957475874099977,OnTrack,-60.0,2318.0,537.0
2026-08-21 14:58:37.588,0 days 00:42:15.203000,27,885.8241600611317,0 days 00:01:11.484000,10984.06236441893,306.85037467936155,8,100.0,False,0,pos,4100.71537729455,0.9610776356836378,OnTrack,-4.0,2461.0,537.0
2026-08-21 14:58:37.618,0 days 00:42:15.233000,27,884.21583333333,0 days 00:01:11.514000,10989.0,307.0,8,100.0,False,0,car,4103.274166666668,0.961677334763848,OnTrack,5.106485626374558,2484.821233202155,536.9983742561483
2026-08-21 14:58:37.768,0 days 00:42:15.383000,27,876.1741598044408,0 days 00:01:11.664000,10934.24995328,307.0,8,100.0,False,0,pos,4116.061125414148,0.9646741923728049,OnTrack,50.0,2604.0,537.0
2026-08-21 14:58:37.818,0 days 00:42:15.433000,27,873.4936111111074,0 days 00:01:11.714000,10916.0,307.0,8,100.0,False,0,car,4120.329722222224,0.9656746160917266,OnTrack,65.11055874915712,2643.500835004646,537.0004892587025
2026-08-21 14:58:38.008,0 days 00:42:15.623000,27,863.0436040711074,0 days 00:01:11.904000,10994.85005312,307.95000064,8,100.0,False,0,pos,4136.58599910847,0.969484571847583,OnTrack,124.0,2795.0,537.0
2026-08-21 14:58:38.018,0 days 00:42:15.633000,27,862.4936111111074,0 days 00:01:11.914000,10999.0,308.0,8,100.0,False,0,car,4137.440833333335,0.9696849178799567,OnTrack,127.19790156908064,2803.2399141276665,536.9999753463569
2026-08-21 14:58:38.308,0 days 00:42:15.923000,27,846.543607271108,0 days 00:01:12.204000,10983.545450824737,307.09090887204337,8,100.0,False,0,pos,4162.171852196705,0.9754810843900391,OnTrack,222.0,3048.0,537.0
2026-08-21 14:58:38.337,0 days 00:42:15.952000,27,844.9486111111073,0 days 00:01:12.233000,10982.0,307.0,8,100.0,False,0,car,4164.644444444446,0.9760605815979231,OnTrack,231.14051522106018,3071.3811812142585,537.0000028062078
2026-08-21 14:58:38.388,0 days 00:42:16.003000,27,842.1152742222183,0 days 00:01:12.284000,10979.70499712,307.0,8,100.0,False,0,pos,4168.993924132316,0.9770799616987752,OnTrack,247.0,3112.0,537.0
2026-08-21 14:58:38.537,0 days 00:42:16.152000,27,833.837499999996,0 days 00:01:12.433000,10973.0,307.0,8,100.0,False,0,car,4181.700000000002,0.9800578629258017,OnTrack,292.00321005547517,3229.455137679704,536.9999996544277
2026-08-21 14:58:38.568,0 days 00:42:16.183000,27,832.0980519644405,0 days 00:01:12.464000,10970.98499584,306.92249984,8,100.0,False,0,pos,4184.340332538966,0.9806766731382872,OnTrack,301.0,3253.0,537.0
2026-08-21 14:58:38.868,0 days 00:42:16.483000,27,815.2647186311079,0 days 00:01:12.764000,10951.48499584,306.17249984,8,100.0,False,0,pos,4209.838628741919,0.986652665123584,OnTrack,391.0,3485.0,537.0
2026-08-21 14:58:38.937,0 days 00:42:16.552000,27,811.3930555555526,0 days 00:01:12.833000,10947.0,306.0,8,100.0,False,0,car,4215.700000000001,0.9880263846608559,OnTrack,419.25813349885385,3556.3782656461294,536.9999999373322
2026-08-21 14:58:39.108,0 days 00:42:16.723000,27,801.60805189333,0 days 00:01:13.004000,10943.335712914286,306.0,8,100.0,False,0,pos,4230.228873235497,0.9914314917832945,OnTrack,497.0,3751.0,537.0
2026-08-21 14:58:39.217,0 days 00:42:16.832000,27,795.3708333333298,0 days 00:01:13.113000,10941.0,306.0,8,100.0,False,0,car,4239.500000000001,0.9936043498753941,OnTrack,541.7213166732342,3861.6933796505846,537.0000000284384
2026-08-21 14:58:39.240,0 days 00:42:16.855000,27,795.3708333333298,0 days 00:01:13.136000,10941.718752,306.0718752,8,100.0,False,0,interpolation,4241.457809515962,0.9940631983366007,OnTrack,550.5607803311534,3883.4290839198575,537.0000000313826
