Date,SessionTime,DriverAhead,DistanceToDriverAhead,Time,RPM,Speed,nGear,Throttle,Brake,DRS,Source,Distance,RelativeDistance,Status,X,Y,Z
2026-08-21 15:12:51.832,0 days 00:56:29.447000,,606.6747222222223,0 days 00:00:00,10968.877777777778,313.35555555555555,8,100.0,False,0,interpolation,0.20972126707450275,4.940407043418234e-05,OnTrack,506.56360232656874,3774.508569939637,537.0000044802292
2026-08-21 15:12:51.968,0 days 00:56:29.583000,,606.6747222222223,0 days 00:00:00.136000,11000.233333333334,314.8666666666667,8,100.0,False,0,pos,12.13211686028949,0.002857964593874585,OnTrack,545.0,3869.0,537.0
2026-08-21 15:12:51.980,0 days 00:56:29.595000,,606.6747222222223,0 days 00:00:00.148000,11003.0,315.0,8,100.0,False,0,car,13.18555555555556,0.0031061233057925667,OnTrack,548.7886074293003,3878.3162895091928,536.9999994017459
2026-08-21 15:12:52.068,0 days 00:56:29.683000,,606.6747222222223,0 days 00:00:00.236000,11018.4,315.4888888888889,8,100.0,False,0,pos,20.918018946879695,0.0049276608701206825,OnTrack,578.0,3950.0,537.0
2026-08-21 15:12:52.288,0 days 00:56:29.903000,,606.6747222222223,0 days 00:00:00.456000,11056.9,316.7111111111111,8,100.0,False,0,pos,40.29817944540689,0.009493048194215079,OnTrack,652.0,4129.0,537.0
2026-08-21 15:12:52.340,0 days 00:56:29.955000,63,606.6747222222223,0 days 00:00:00.508000,11066.0,317.0,8,100.0,False,0,car,44.885555555555555,0.010573697074585175,OnTrack,669.3053940979797,4171.274321076091,536.9998946160989
2026-08-21 15:12:52.508,0 days 00:56:30.123000,63,600.7480545048445,0 days 00:00:00.676000,11077.168977049349,317.4653740437228,8,100.0,False,0,pos,59.721416284773184,0.014068583018401139,OnTrack,725.0,4308.0,537.0
2026-08-21 15:12:52.669,0 days 00:56:30.284000,63,595.068333533469,0 days 00:00:00.837000,11087.872575800124,317.91135732500516,8,100.0,False,0,pos,73.94750951858325,0.017419825941593508,OnTrack,779.0,4439.0,537.0
2026-08-21 15:12:52.701,0 days 00:56:30.316000,63,593.9394444444446,0 days 00:00:00.869000,11090.0,318.0,8,100.0,False,0,car,76.77388888888889,0.018085636555043062,OnTrack,789.6273255924317,4465.137159679092,536.9981541319967
2026-08-21 15:12:52.861,0 days 00:56:30.476000,63,588.0727777777779,0 days 00:00:01.029000,11122.0,318.0,8,100.0,False,0,car,90.90722222222222,0.02141502801452578,OnTrack,842.2224809347374,4596.340205570729,536.9855671307764
2026-08-21 15:12:52.929,0 days 00:56:30.544000,63,585.4661111111112,0 days 00:00:01.097000,11120.3,318.28333333333336,8,100.0,False,0,pos,96.92557143588738,0.022832771444159836,OnTrack,865.0,4652.0,537.0
2026-08-21 15:12:53.049,0 days 00:56:30.664000,63,580.8661111111113,0 days 00:00:01.217000,11117.3,318.78333333333336,8,100.0,False,0,pos,107.56323820390115,0.02533868820497928,OnTrack,906.0,4750.0,537.0
2026-08-21 15:12:53.101,0 days 00:56:30.716000,63,578.872777777778,0 days 00:00:01.269000,11116.0,319.0,8,100.0,False,0,car,112.17388888888888,0.02642481988044553,OnTrack,923.6710132043667,4792.6290593013055,536.8778696578303
2026-08-21 15:12:53.261,0 days 00:56:30.876000,63,572.6505555555557,0 days 00:00:01.429000,11086.0,319.0,8,100.0,False,0,car,126.35166666666667,0.029764681124392036,OnTrack,977.3536414188937,4924.379252354536,536.1371606524908
2026-08-21 15:12:53.308,0 days 00:56:30.923000,63,570.8749975822224,0 days 00:00:01.476000,11078.819434666666,318.73888853333335,8,100.0,False,0,pos,130.50606030717913,0.03074333225925417,OnTrack,993.0,4963.0,536.0
2026-08-21 15:12:53.468,0 days 00:56:31.083000,63,564.8305531377779,0 days 00:00:01.636000,11054.374990222223,317.84999964444444,8,100.0,False,0,pos,144.60578643867194,0.03406480686514361,OnTrack,1046.0,5094.0,536.0
2026-08-21 15:12:53.621,0 days 00:56:31.236000,63,559.0505555555557,0 days 00:00:01.789000,11031.0,317.0,8,100.0,False,0,car,158.05166666666668,0.03723225489318465,OnTrack,1096.6598221238403,5218.857828536718,536.6837152662533
2026-08-21 15:12:53.708,0 days 00:56:31.323000,63,555.8363865244445,0 days 00:00:01.876000,10980.9749632,316.27499946666666,8,100.0,False,0,pos,165.68741487382454,0.039031009247029354,OnTrack,1125.0,5290.0,537.0
2026-08-21 15:12:53.861,0 days 00:56:31.476000,63,550.183888888889,0 days 00:00:02.029000,10893.0,315.0,8,100.0,False,0,car,179.05166666666668,0.04217922805232171,OnTrack,1173.1705833348346,5415.582757184841,537.0331850891957
2026-08-21 15:12:53.908,0 days 00:56:31.523000,63,548.5127755022223,0 days 00:00:02.076000,10851.40494336,313.8249984,8,100.0,False,0,pos,183.12320867685693,0.04313836181616505,OnTrack,1187.0,5454.0,537.0
2026-08-21 15:12:54.048,0 days 00:56:31.663000,63,543.5349977244446,0 days 00:00:02.216000,10727.50494336,310.3249984,8,100.0,False,0,pos,195.16166665785371,0.045974263173755074,OnTrack,1225.0,5568.0,537.0
2026-08-21 15:12:54.061,0 days 00:56:31.676000,63,543.0727777777779,0 days 00:00:02.229000,10716.0,310.0,8,100.0,False,0,car,196.2738888888889,0.046236269532037286,OnTrack,1228.3635013504286,5578.657378831062,537.0268563639222
2026-08-21 15:12:54.341,0 days 00:56:31.956000,63,532.9616666666668,0 days 00:00:02.509000,10331.0,300.0,8,61.0,True,0,car,219.60722222222222,0.05173290637552291,OnTrack,1295.4446332273753,5809.379482867627,538.9253087793462
2026-08-21 15:12:54.348,0 days 00:56:31.963000,63,532.7808316800001,0 days 00:00:02.516000,10317.7873792,299.0374912,8,59.7531136,True,0,pos,220.15405780861911,0.051861724516873695,OnTrack,1297.0,5815.0,539.0
2026-08-21 15:12:54.588,0 days 00:56:32.203000,63,526.5808316800002,0 days 00:00:02.756000,9864.7873792,266.0374912,8,17.003113600000002,True,0,pos,237.5524374115662,0.05596026341726687,OnTrack,1347.0,5999.0,542.0
2026-08-21 15:12:54.661,0 days 00:56:32.276000,63,524.6950000000002,0 days 00:00:02.829000,9727.0,256.0,8,4.0,True,0,car,242.3627777777778,0.05709343602097937,OnTrack,1361.0473223367953,6049.822050852547,542.8158863659237
2026-08-21 15:12:54.768,0 days 00:56:32.383000,63,523.1791657600002,0 days 00:00:02.936000,9736.3625056,242.89249216,8,3.73249984,True,0,pos,249.02569532833905,0.05866302051070174,OnTrack,1381.0,6120.0,544.0
2026-08-21 15:12:55.048,0 days 00:56:32.663000,63,519.2124990933335,0 days 00:00:03.216000,9760.8625056,208.59249216,8,3.03249984,True,0,pos,264.6744248955029,0.06234939408895669,OnTrack,1433.0,6283.0,547.0
2026-08-21 15:12:55.061,0 days 00:56:32.676000,63,519.0283333333334,0 days 00:00:03.229000,9762.0,207.0,7,3.0,True,0,car,265.3627777777778,0.06251154948098663,OnTrack,1435.5232186404112,6289.792859337783,547.0068762505667
2026-08-21 15:12:55.088,0 days 00:56:32.703000,63,518.7883327644446,0 days 00:00:03.256000,9814.24512384,204.9749952,7,3.0,True,0,pos,266.78290224602273,0.06284608841560765,OnTrack,1441.0,6304.0,547.0
2026-08-21 15:12:55.428,0 days 00:56:33.043000,63,515.7661105422223,0 days 00:00:03.596000,10472.14512384,179.4749952,7,3.0,True,0,pos,283.5258367510095,0.06679022401567236,OnTrack,1546.0,6511.0,549.0
2026-08-21 15:12:55.461,0 days 00:56:33.076000,63,515.4727777777779,0 days 00:00:03.629000,10536.0,177.0,5,3.0,True,0,car,285.0294444444445,0.06714442910621023,OnTrack,1553.1808329748915,6523.19529681354,549.0349207651153
2026-08-21 15:12:55.768,0 days 00:56:33.383000,63,514.1936110496242,0 days 00:00:03.936000,10619.86717195113,156.99498650706983,5,3.7694235958819293,True,0,pos,298.0449232595366,0.0702104874086663,OnTrack,1597.0,6572.0,548.0
2026-08-21 15:12:55.860,0 days 00:56:33.475000,63,513.810277777778,0 days 00:00:04.028000,10645.0,151.0,3,4.0,True,0,car,301.7652777777778,0.07108689188220027,OnTrack,1620.9546033898848,6593.295640812501,548.1616567478087
2026-08-21 15:12:56.020,0 days 00:56:33.635000,63,513.321388888889,0 days 00:00:04.188000,10306.0,143.0,3,4.0,True,0,car,308.12083333333334,0.07258407106052112,OnTrack,1673.3706457059259,6636.189173250858,548.9578128586136
2026-08-21 15:12:56.028,0 days 00:56:33.643000,63,513.330277777778,0 days 00:00:04.196000,10282.514285714286,142.77142857142857,3,4.0285714285714285,True,0,pos,308.43234391036805,0.07265745365401531,OnTrack,1676.0,6638.0,549.0
2026-08-21 15:12:56.300,0 days 00:56:33.915000,63,513.6325000000002,0 days 00:00:04.468000,9484.0,135.0,3,5.0,True,0,car,318.62083333333334,0.07505755764008964,OnTrack,1768.8496572337253,6681.065718026586,550.0140570975059
2026-08-21 15:12:56.308,0 days 00:56:33.923000,63,513.6791666666668,0 days 00:00:04.476000,9527.4,134.71428571428572,3,5.057142857142857,True,0,pos,318.9090562655558,0.07512545435959216,OnTrack,1772.0,6682.0,550.0
2026-08-21 15:12:56.508,0 days 00:56:34.123000,63,514.8458333333335,0 days 00:00:04.676000,10612.4,127.57142857142857,3,6.485714285714286,True,0,pos,325.9096323533888,0.07677458112173532,OnTrack,1855.0,6700.0,549.0
2026-08-21 15:12:56.580,0 days 00:56:34.195000,63,515.2658333333335,0 days 00:00:04.748000,11003.0,125.0,3,7.0,True,0,car,328.34305555555557,0.077347822991542,OnTrack,1879.5403920476904,6702.655731942661,548.8528773961209
2026-08-21 15:12:56.808,0 days 00:56:34.423000,63,517.4825000000002,0 days 00:00:04.976000,10319.0,118.48571428571428,3,6.185714285714286,True,0,pos,335.78304589982054,0.07910046263617618,OnTrack,1942.0,6699.0,549.0
2026-08-21 15:12:56.860,0 days 00:56:34.475000,63,517.9880555555558,0 days 00:00:05.028000,10163.0,117.0,2,6.0,True,0,car,337.44305555555553,0.07949151136050138,OnTrack,1957.312313310645,6696.620027112806,548.9001431917278
2026-08-21 15:12:57.060,0 days 00:56:34.675000,63,520.599166666667,0 days 00:00:05.228000,10206.0,113.0,2,16.0,False,0,car,343.7208333333333,0.0809703684160106,OnTrack,2020.47991844265,6682.619260509913,548.1204839346883
2026-08-21 15:12:57.128,0 days 00:56:34.743000,63,521.619166666667,0 days 00:00:05.296000,10191.833333333334,111.86666666666666,2,20.533333333333335,False,0,pos,345.7991407770643,0.08145995561318069,OnTrack,2041.0,6676.0,548.0
2026-08-21 15:12:57.208,0 days 00:56:34.823000,63,522.8191666666669,0 days 00:00:05.376000,10175.166666666666,110.53333333333333,2,25.866666666666667,False,0,pos,348.2081351218754,0.08202744277338511,OnTrack,2064.0,6667.0,548.0
2026-08-21 15:12:57.300,0 days 00:56:34.915000,63,524.1991666666669,0 days 00:00:05.468000,10156.0,109.0,2,32.0,False,0,car,350.98749999999995,0.08268217817583898,OnTrack,2089.340494305978,6655.1743896206235,548.053265454749
2026-08-21 15:12:57.388,0 days 00:56:35.003000,63,525.4947222222224,0 days 00:00:05.556000,10226.4,109.55,2,36.95,False,0,pos,353.670257154544,0.08331415568231576,OnTrack,2112.0,6642.0,548.0
2026-08-21 15:12:57.460,0 days 00:56:35.075000,63,526.5547222222224,0 days 00:00:05.628000,10284.0,110.0,2,41.0,False,0,car,355.87638888888887,0.08383385446685503,OnTrack,2129.0195397825805,6629.58155875132,547.7856214116784
2026-08-21 15:12:57.608,0 days 00:56:35.223000,63,528.7336111111114,0 days 00:00:05.776000,10342.275,110.925,2,45.625,False,0,pos,360.43632769782346,0.08490803993805059,OnTrack,2162.0,6598.0,547.0
2026-08-21 15:12:57.620,0 days 00:56:35.235000,63,528.910277777778,0 days 00:00:05.788000,10347.0,111.0,2,46.0,False,0,car,360.8097222222222,0.08499600054233485,OnTrack,2164.762277474019,6594.95434074125,546.9283650504296
2026-08-21 15:12:57.900,0 days 00:56:35.515000,63,534.6658333333336,0 days 00:00:06.068000,10736.0,115.0,2,53.0,False,0,car,369.7541666666666,0.08710304466567098,OnTrack,2228.928774774406,6510.0149845826645,545.1453324265021
2026-08-21 15:12:57.928,0 days 00:56:35.543000,63,535.3113888888892,0 days 00:00:06.096000,10797.663636363637,115.63636363636364,2,53.763636363636365,False,0,pos,370.68075766962113,0.08732132184762878,OnTrack,2234.0,6502.0,545.0
2026-08-21 15:12:58.308,0 days 00:56:35.923000,63,544.0725000000003,0 days 00:00:06.476000,11634.527272727273,124.27272727272727,2,64.12727272727273,False,0,pos,383.8726342902442,0.09042893420767022,OnTrack,2275.0,6405.0,544.0
2026-08-21 15:12:58.340,0 days 00:56:35.955000,63,544.8102777777781,0 days 00:00:06.508000,11705.0,125.0,2,65.0,False,0,car,385.0319444444444,0.0907020330750961,OnTrack,2277.582399763964,6395.191528531906,543.9977504967617
2026-08-21 15:12:58.568,0 days 00:56:36.183000,63,550.0669444444447,0 days 00:00:06.736000,11520.32,131.27,2,70.7,False,0,pos,393.50193808014114,0.09269731075004149,OnTrack,2293.0,6315.0,544.0
2026-08-21 15:12:58.740,0 days 00:56:36.355000,63,554.0325000000003,0 days 00:00:06.908000,11381.0,136.0,2,75.0,False,0,car,400.1430555555555,0.09426175979278203,OnTrack,2296.0456661334433,6246.868477935502,543.230434386522
2026-08-21 15:12:58.788,0 days 00:56:36.403000,63,555.1258333333336,0 days 00:00:06.956000,11321.342857142858,137.71428571428572,2,76.71428571428571,False,0,pos,402.03595342594394,0.09470767002886771,OnTrack,2295.0,6225.0,543.0
2026-08-21 15:12:59.020,0 days 00:56:36.635000,63,560.4102777777782,0 days 00:00:07.188000,11033.0,146.0,3,85.0,False,0,car,411.4986111111111,0.09693678972327836,OnTrack,2277.931269782546,6100.215461819349,542.1734424004967
2026-08-21 15:12:59.088,0 days 00:56:36.703000,63,561.883611446675,0 days 00:00:07.256000,11250.793643910296,149.1459081898154,3,86.93594350142486,False,0,pos,414.41283015676316,0.09762329274226345,OnTrack,2271.0,6065.0,542.0
2026-08-21 15:12:59.301,0 days 00:56:36.916000,63,566.4986111111114,0 days 00:00:07.469000,11933.0,159.0,3,93.0,False,0,car,423.90944444444443,0.09986041159863664,OnTrack,2246.683149705247,5970.845433004027,541.6232150433315
2026-08-21 15:12:59.509,0 days 00:56:37.124000,63,570.9475000000003,0 days 00:00:07.677000,11445.685714285713,165.68571428571428,3,98.2,False,0,pos,433.5397424793539,0.10212902235545507,OnTrack,2217.0,5882.0,541.0
2026-08-21 15:12:59.581,0 days 00:56:37.196000,63,572.4875000000004,0 days 00:00:07.749000,11277.0,168.0,3,100.0,False,0,car,436.9761111111111,0.10293852823098858,OnTrack,2204.8802744043855,5847.340793033733,540.6132930893193
2026-08-21 15:12:59.781,0 days 00:56:37.396000,63,576.4875000000003,0 days 00:00:07.949000,11288.0,178.0,4,100.0,False,0,car,446.865,0.10526805527418011,OnTrack,2167.7026573319854,5744.138883564801,539.1106938047786
2026-08-21 15:12:59.908,0 days 00:56:37.523000,63,578.7805567111116,0 days 00:00:08.076000,11622.735882971429,184.3500032,4,100.0,False,0,pos,453.48632032085237,0.10682784069824229,OnTrack,2149.0,5692.0,538.0
2026-08-21 15:13:00.061,0 days 00:56:37.676000,63,581.5430555555561,0 days 00:00:08.229000,12026.0,192.0,4,100.0,False,0,car,461.7983333333333,0.1087859028540109,OnTrack,2134.499001375156,5650.319788937053,536.567205211775
2026-08-21 15:13:00.308,0 days 00:56:37.923000,63,585.5225010311112,0 days 00:00:08.476000,10820.992544914287,203.4678601142857,4,100.0,False,0,pos,475.83602885485664,0.11209276489977826,OnTrack,2099.0,5563.0,534.0
2026-08-21 15:13:00.341,0 days 00:56:37.956000,63,586.0541666666668,0 days 00:00:08.509000,10660.0,205.0,5,100.0,False,0,car,477.7427777777778,0.11254193803039275,OnTrack,2089.1443998146,5540.51350850757,533.6286038421322
2026-08-21 15:13:00.581,0 days 00:56:38.196000,63,589.7875000000004,0 days 00:00:08.749000,11079.0,211.0,5,100.0,False,0,car,491.80944444444447,0.1158556248131798,OnTrack,2000.3725358733222,5342.1196826964515,531.1443978556489
2026-08-21 15:13:00.608,0 days 00:56:38.223000,63,590.170000906667,0 days 00:00:08.776000,11121.637601066666,212.0125024,5,100.0,False,0,pos,493.4323793120295,0.11623793982408319,OnTrack,1994.0,5328.0,531.0
2026-08-21 15:13:00.821,0 days 00:56:38.436000,63,593.1875000000002,0 days 00:00:08.989000,11458.0,220.0,5,100.0,False,0,car,506.47611111111115,0.11931065368622791,OnTrack,1972.7707373894364,5281.4383320662855,530.9434178262413
2026-08-21 15:13:00.848,0 days 00:56:38.463000,63,593.5850009422225,0 days 00:00:09.016000,11489.0500736,220.3375008,5,100.0,False,0,pos,508.13554836962487,0.11970156757085361,OnTrack,1969.0,5273.0,531.0
2026-08-21 15:13:00.981,0 days 00:56:38.596000,63,595.5430555555558,0 days 00:00:09.149000,11642.0,222.0,5,100.0,False,0,car,516.3427777777778,0.12163494583718754,OnTrack,1938.8655753834587,5205.003701965002,531.3643976934889
2026-08-21 15:13:01.108,0 days 00:56:38.723000,63,597.3069453333337,0 days 00:00:09.276000,11827.7375936,225.968752,5,100.0,False,0,pos,524.3412734596974,0.12351915266823185,OnTrack,1904.0,5126.0,532.0
2026-08-21 15:13:01.141,0 days 00:56:38.756000,63,597.7652777777781,0 days 00:00:09.309000,11876.0,227.0,5,100.0,False,0,car,526.4316666666666,0.12401158691046607,OnTrack,1895.778876151513,5107.341458443855,532.2348155284534
2026-08-21 15:13:01.301,0 days 00:56:38.916000,63,600.0319444444447,0 days 00:00:09.469000,11972.0,229.0,5,100.0,False,0,car,536.6094444444444,0.12640916755267217,OnTrack,1859.3054887247367,5019.338940501331,533.646316234459
2026-08-21 15:13:01.348,0 days 00:56:38.963000,63,600.6847231111113,0 days 00:00:09.516000,11769.312224,229.8812512,5,100.0,False,0,pos,539.6314370293222,0.1271210588005056,OnTrack,1848.0,4985.0,534.0
2026-08-21 15:13:01.621,0 days 00:56:39.236000,63,604.476388888889,0 days 00:00:09.789000,10592.0,235.0,6,100.0,False,0,car,557.4983333333333,0.1313299662506498,OnTrack,1782.054671187546,4728.774217822885,534.9984027802421
2026-08-21 15:13:01.628,0 days 00:56:39.243000,63,604.563889688889,0 days 00:00:09.796000,10597.79255296,235.12250112,6,100.0,False,0,pos,557.9622312699239,0.13143924675735896,OnTrack,1781.0,4724.0,535.0
2026-08-21 15:13:01.948,0 days 00:56:39.563000,63,608.5638896888888,0 days 00:00:10.116000,10862.59255296,240.72250112,6,100.0,False,0,pos,579.4354384126749,0.13649769339430085,OnTrack,1770.0,4605.0,534.0
2026-08-21 15:13:02.021,0 days 00:56:39.636000,63,609.4763888888888,0 days 00:00:10.189000,10923.0,242.0,6,100.0,False,0,car,584.3872222222222,0.137664185851238,OnTrack,1769.6494780602607,4559.136386623432,533.6114533229693
2026-08-21 15:13:02.108,0 days 00:56:39.723000,63,610.5638896888888,0 days 00:00:10.276000,10956.557167542856,242.62142902857144,6,100.0,False,0,pos,590.3092911916108,0.1390592485292439,OnTrack,1770.0,4497.0,533.0
2026-08-21 15:13:02.301,0 days 00:56:39.916000,63,612.9763888888889,0 days 00:00:10.469000,11031.0,244.0,6,100.0,True,0,car,603.365,0.14213478381727296,OnTrack,1778.5358092309657,4364.6123636655575,531.0477588796169
2026-08-21 15:13:02.308,0 days 00:56:39.923000,63,613.0969455190121,0 days 00:00:10.476000,11010.90304667457,243.6989220475591,6,97.86736450354363,True,0,pos,603.8298860963432,0.1422442971049237,OnTrack,1779.0,4359.0,531.0
2026-08-21 15:13:02.580,0 days 00:56:40.195000,63,617.781388888889,0 days 00:00:10.748000,10230.0,232.0,6,15.0,True,0,car,621.345,0.14637033512209602,OnTrack,1800.513290011153,4108.090895219336,530.9703569749331
2026-08-21 15:13:02.588,0 days 00:56:40.203000,63,617.9502777777778,0 days 00:00:10.756000,10256.12,231.44,6,15.16,True,0,pos,621.8418903612194,0.14648738765923822,OnTrack,1801.0,4102.0,531.0
2026-08-21 15:13:02.780,0 days 00:56:40.395000,63,622.003611111111,0 days 00:00:10.948000,10883.0,218.0,6,19.0,True,0,car,633.4561111111112,0.14922335138847667,OnTrack,1808.0394608148354,3997.3276184490765,532.0334374753285
2026-08-21 15:13:02.940,0 days 00:56:40.555000,63,625.8258333333332,0 days 00:00:11.108000,10698.0,209.0,5,20.0,True,0,car,642.7450000000001,0.15141153634140717,OnTrack,1802.5488760647777,3947.7324785803,533.6406969619941
2026-08-21 15:13:03.068,0 days 00:56:40.683000,63,629.2747222222221,0 days 00:00:11.236000,11267.6,205.0,5,22.8,True,0,pos,649.9522502127563,0.15310934935824952,OnTrack,1781.0,3883.0,536.0
2026-08-21 15:13:03.260,0 days 00:56:40.875000,63,634.4480555555555,0 days 00:00:11.428000,12122.0,199.0,5,27.0,False,0,car,660.433888888889,0.15557851055799243,OnTrack,1722.6840328001372,3751.830156304455,540.8295137618521
2026-08-21 15:13:03.268,0 days 00:56:40.883000,63,634.6902777777777,0 days 00:00:11.436000,12113.333333333334,198.77777777777777,5,27.377777777777776,False,0,pos,660.8633285198301,0.15567967371645605,OnTrack,1720.0,3747.0,541.0
2026-08-21 15:13:03.620,0 days 00:56:41.235000,63,645.3480555555554,0 days 00:00:11.788000,11732.0,189.0,4,44.0,False,0,car,679.333888888889,0.1600307864012158,OnTrack,1597.0275823393654,3618.195631942274,544.8068558732778
2026-08-21 15:13:03.648,0 days 00:56:41.263000,63,646.2269444444444,0 days 00:00:11.816000,11707.15,188.76666666666668,4,44.583333333333336,False,0,pos,680.7929239672352,0.1603744915141119,OnTrack,1587.0,3611.0,545.0
2026-08-21 15:13:03.860,0 days 00:56:41.475000,63,652.881388888889,0 days 00:00:12.028000,11519.0,187.0,4,49.0,False,0,car,691.8005555555557,0.1629675609433067,OnTrack,1510.1910286650864,3561.246158738737,546.4256459743697
2026-08-21 15:13:04.020,0 days 00:56:41.635000,63,658.0813888888889,0 days 00:00:12.188000,11678.0,184.0,4,52.0,False,0,car,699.9783333333335,0.1648940012846426,OnTrack,1443.6654055931604,3526.7077768398267,546.9922228317059
2026-08-21 15:13:04.028,0 days 00:56:41.643000,63,658.3347222222222,0 days 00:00:12.196000,11676.4,184.01818181818183,4,52.163636363636364,False,0,pos,700.3868793498909,0.16499024253122271,OnTrack,1440.0,3525.0,547.0
2026-08-21 15:13:04.228,0 days 00:56:41.843000,63,664.6680555555555,0 days 00:00:12.396000,11636.4,184.47272727272727,4,56.25454545454546,False,0,pos,710.6238155196057,0.16740175912471691,OnTrack,1343.0,3484.0,547.0
2026-08-21 15:13:04.408,0 days 00:56:42.023000,63,670.3680555555554,0 days 00:00:12.576000,11600.4,184.88181818181818,4,59.93636363636364,False,0,pos,719.8955698288424,0.16958590768214113,OnTrack,1256.0,3450.0,548.0
2026-08-21 15:13:04.460,0 days 00:56:42.075000,63,672.0147222222221,0 days 00:00:12.628000,11590.0,185.0,4,61.0,False,0,car,722.5894444444446,0.17022050413059175,OnTrack,1218.498264171145,3436.133119160665,547.9437109669251
2026-08-21 15:13:04.608,0 days 00:56:42.223000,63,676.5780555555555,0 days 00:00:12.776000,11390.57,185.0,4,40.28,False,0,pos,730.2944053604893,0.17203556293268102,OnTrack,1100.0,3393.0,547.0
2026-08-21 15:13:04.860,0 days 00:56:42.475000,63,684.3480555555557,0 days 00:00:13.028000,11051.0,185.0,4,5.0,True,0,car,743.1450000000001,0.175062779445091,OnTrack,1018.989857823896,3362.0627874996126,545.6063014862841
2026-08-21 15:13:04.948,0 days 00:56:42.563000,63,687.4280555555557,0 days 00:00:13.116000,10934.4,179.97142857142856,4,4.057142857142857,True,0,pos,747.3828830485347,0.1760610981923606,OnTrack,994.0,3352.0,545.0
2026-08-21 15:13:05.140,0 days 00:56:42.755000,63,694.1480555555559,0 days 00:00:13.308000,10680.0,169.0,4,2.0,True,0,car,756.2894444444445,0.17815921820025454,OnTrack,911.0749640512537,3315.286337123959,543.1081076126285
2026-08-21 15:13:05.148,0 days 00:56:42.763000,63,694.4413888888892,0 days 00:00:13.316000,10698.8,168.825,4,1.975,True,0,pos,756.6562354662051,0.17824562321642892,OnTrack,907.0,3313.0,543.0
2026-08-21 15:13:05.460,0 days 00:56:43.075000,63,705.8813888888889,0 days 00:00:13.628000,11432.0,162.0,3,1.0,True,0,car,770.6894444444445,0.18155142836651997,OnTrack,740.5072651379195,3190.520594430147,537.4272372267313
2026-08-21 15:13:05.488,0 days 00:56:43.103000,63,706.9702779708218,0 days 00:00:13.656000,11379.25760837808,161.30193893441577,3,1.1551246812409408,True,0,pos,771.913663159689,0.1818398177534356,OnTrack,731.0,3182.0,537.0
2026-08-21 15:13:05.789,0 days 00:56:43.404000,63,718.6758331127116,0 days 00:00:13.957000,10812.27701899648,153.7977840749534,3,2.8227146500103535,True,0,pos,784.703023172872,0.1848526092157097,OnTrack,693.0,3127.0,534.0
2026-08-21 15:13:05.821,0 days 00:56:43.436000,63,719.9202777777779,0 days 00:00:13.989000,10752.0,153.0,3,3.0,False,0,car,786.0319444444444,0.18516566339957044,OnTrack,689.3219823733547,3120.0729540430143,533.7868460612277
2026-08-21 15:13:06.061,0 days 00:56:43.676000,63,729.520277777778,0 days 00:00:14.229000,10391.0,147.0,3,4.0,False,0,car,795.8319444444444,0.1874742508738344,OnTrack,653.5198223071383,3039.278942361191,532.4869291911295
2026-08-21 15:13:06.129,0 days 00:56:43.744000,63,732.2969444444446,0 days 00:00:14.297000,10335.75,145.58333333333334,3,6.266666666666667,False,0,pos,798.5529552121588,0.18811523978972042,OnTrack,648.0,2996.0,532.0
2026-08-21 15:13:06.249,0 days 00:56:43.864000,63,737.1969444444446,0 days 00:00:14.417000,10238.25,143.08333333333334,3,10.266666666666667,False,0,pos,803.2857412756142,0.1892301429146657,OnTrack,646.0,2901.0,531.0
2026-08-21 15:13:06.301,0 days 00:56:43.916000,63,739.320277777778,0 days 00:00:14.469000,10196.0,142.0,3,12.0,False,0,car,805.2986111111111,0.18970431496462,OnTrack,647.0505116510882,2866.736929309722,530.6583845074524
2026-08-21 15:13:06.661,0 days 00:56:44.276000,63,754.1202777777779,0 days 00:00:14.829000,9664.0,134.0,3,28.0,False,0,car,818.6986111111112,0.19286095498045033,OnTrack,680.1086062330709,2770.5644932830137,529.6181965484484
2026-08-21 15:13:06.748,0 days 00:56:44.363000,63,757.5036136000001,0 days 00:00:14.916000,9746.028631771429,133.37857097142856,3,35.457148342857145,False,0,pos,821.8870137950695,0.19361204748035804,OnTrack,694.0,2754.0,529.0
2026-08-21 15:13:06.941,0 days 00:56:44.556000,63,765.0091666666668,0 days 00:00:15.109000,9928.0,132.0,3,52.0,False,0,car,828.9652777777778,0.195279475191584,OnTrack,732.5764780834564,2709.177243510745,526.7677247541576
2026-08-21 15:13:07.068,0 days 00:56:44.683000,63,769.5952800888891,0 days 00:00:15.236000,10038.7281808,133.1906256,3,60.7312544,False,0,pos,833.6648372957599,0.19638655113421372,OnTrack,765.0,2679.0,526.0
2026-08-21 15:13:07.248,0 days 00:56:44.863000,63,776.0952800888891,0 days 00:00:15.416000,10195.6656808,134.8781256,3,73.1062544,False,0,pos,840.4629434084649,0.1979879820138574,OnTrack,821.0,2641.0,527.0
2026-08-21 15:13:07.261,0 days 00:56:44.876000,63,776.5647222222225,0 days 00:00:15.429000,10207.0,135.0,3,74.0,False,0,car,840.9652777777778,0.19810631699680517,OnTrack,825.3611646166212,2638.534431070064,527.126718042867
2026-08-21 15:13:07.488,0 days 00:56:45.103000,63,783.626946435556,0 days 00:00:15.656000,10689.375136,142.29643062857144,3,74.0,False,0,pos,849.9895447929442,0.20023216493513443,OnTrack,907.0,2603.0,530.0
2026-08-21 15:13:07.541,0 days 00:56:45.156000,63,785.2758333333338,0 days 00:00:15.709000,10802.0,144.0,3,74.0,False,0,car,852.1652777777778,0.20074470268167827,OnTrack,927.4096643362147,2597.2982270557773,530.7398856129497
2026-08-21 15:13:07.668,0 days 00:56:45.283000,63,788.5213905244449,0 days 00:00:15.836000,11062.927404218182,147.4636381090909,3,78.90682065454546,False,0,pos,857.4846674513728,0.20199779210731,OnTrack,978.0,2588.0,533.0
2026-08-21 15:13:07.948,0 days 00:56:45.563000,63,795.6769460800002,0 days 00:00:16.116000,11638.200131490908,155.10000174545453,3,89.72500247272727,False,0,pos,869.739826188932,0.20488474169472276,OnTrack,1096.0,2590.0,543.0
2026-08-21 15:13:07.981,0 days 00:56:45.596000,63,796.520277777778,0 days 00:00:16.149000,11706.0,156.0,3,91.0,False,0,car,871.2319444444445,0.2052362402166408,OnTrack,1110.7560693365715,2592.2530115893883,544.2621042803192
2026-08-21 15:13:08.108,0 days 00:56:45.723000,63,799.2013902400003,0 days 00:00:16.276000,11583.989224228571,161.44285988571428,3,92.81428662857142,False,0,pos,877.0683043996281,0.20661111240927674,OnTrack,1168.0,2604.0,549.0
2026-08-21 15:13:08.188,0 days 00:56:45.803000,63,800.8902791288892,0 days 00:00:16.356000,11507.132081371428,164.8714313142857,3,93.95714377142858,False,0,pos,880.8215531235717,0.2074952657757965,OnTrack,1204.0,2613.0,552.0
2026-08-21 15:13:08.261,0 days 00:56:45.876000,63,802.4313888888893,0 days 00:00:16.429000,11437.0,168.0,3,95.0,False,0,car,884.2986111111111,0.20831435684899274,OnTrack,1246.1457155403036,2624.603606464768,555.3781748799785
2026-08-21 15:13:08.541,0 days 00:56:46.156000,63,807.409166666667,0 days 00:00:16.709000,11299.0,178.0,4,100.0,False,0,car,898.1430555555556,0.21157569470946092,OnTrack,1437.1321071623063,2681.147037666672,569.8013217211229
2026-08-21 15:13:08.548,0 days 00:56:46.163000,63,807.5102787022225,0 days 00:00:16.716000,11322.400213942858,178.32500297142857,4,100.0,False,0,pos,898.5020959812223,0.21166027391654751,OnTrack,1440.0,2682.0,570.0
2026-08-21 15:13:08.808,0 days 00:56:46.423000,63,811.265834257778,0 days 00:00:16.976000,12191.543071085714,190.39643154285713,4,100.0,False,0,pos,912.2899608981569,0.21490828332920855,OnTrack,1500.0,2701.0,573.0
2026-08-21 15:13:08.821,0 days 00:56:46.436000,63,811.4536111111113,0 days 00:00:16.989000,12235.0,191.0,4,100.0,False,0,car,912.9986111111112,0.2150752201664801,OnTrack,1505.148836132225,2702.8082968848857,573.2436216935155
2026-08-21 15:13:09.088,0 days 00:56:46.703000,63,814.7169445719543,0 days 00:00:17.256000,11009.645720146313,200.20689691146896,4,100.0,False,0,pos,927.915727852314,0.21858924760126316,OnTrack,1642.0,2752.0,580.0
2026-08-21 15:13:09.140,0 days 00:56:46.755000,63,815.3525000000003,0 days 00:00:17.308000,10771.0,202.0,5,100.0,False,0,car,930.8980555555556,0.21929179498696255,OnTrack,1648.6499626357602,2754.690990545289,580.1771330621323
2026-08-21 15:13:09.268,0 days 00:56:46.883000,63,816.6325000000002,0 days 00:00:17.436000,10746.2,208.4,5,100.0,False,0,pos,938.3448372472376,0.2210460344703294,OnTrack,1655.0,2758.0,580.0
2026-08-21 15:13:09.300,0 days 00:56:46.915000,63,816.9525000000001,0 days 00:00:17.468000,10740.0,210.0,5,100.0,False,0,car,940.231388888889,0.2214904497243568,OnTrack,1665.5634869533524,2762.0506956143086,580.440872908481
2026-08-21 15:13:09.468,0 days 00:56:47.083000,63,818.4925000000002,0 days 00:00:17.636000,11184.36,215.04,5,100.0,False,0,pos,950.2931440326704,0.22386069889721852,OnTrack,1765.0,2799.0,585.0
2026-08-21 15:13:09.500,0 days 00:56:47.115000,63,818.7858333333336,0 days 00:00:17.668000,11269.0,216.0,5,100.0,False,0,car,952.231388888889,0.22431729152957797,OnTrack,1783.6800813006264,2805.901870560098,585.776605421288
2026-08-21 15:13:09.668,0 days 00:56:47.283000,63,820.1391666666668,0 days 00:00:17.836000,11541.4,219.6,5,100.0,False,0,pos,962.5011678128816,0.22673654489563813,OnTrack,1878.0,2840.0,589.0
2026-08-21 15:13:09.780,0 days 00:56:47.395000,63,821.041388888889,0 days 00:00:17.948000,11723.0,222.0,5,100.0,False,0,car,969.4980555555558,0.22838480279375736,OnTrack,1953.7942658076354,2865.61309307938,590.90626437787
2026-08-21 15:13:10.008,0 days 00:56:47.623000,63,822.3713888888891,0 days 00:00:18.176000,11667.14,229.41,5,100.0,False,0,pos,984.2254164750593,0.23185412942107675,OnTrack,2117.0,2918.0,594.0
2026-08-21 15:13:10.180,0 days 00:56:47.795000,63,823.3747222222225,0 days 00:00:18.348000,11625.0,235.0,5,100.0,False,0,car,995.6091666666667,0.23453580116622932,OnTrack,2206.4128349036164,2945.3208730102056,595.0594125283872
2026-08-21 15:13:10.348,0 days 00:56:47.963000,63,824.121388888889,0 days 00:00:18.516000,11178.4,239.9,5,100.0,False,0,pos,1006.85794672698,0.23718567797724868,OnTrack,2293.0,2968.0,595.0
2026-08-21 15:13:10.420,0 days 00:56:48.035000,63,824.4413888888889,0 days 00:00:18.588000,10987.0,242.0,6,100.0,False,0,car,1011.7425000000002,0.23833633292658227,OnTrack,2338.5729658180626,2978.507619180894,594.6416888554808
2026-08-21 15:13:10.508,0 days 00:56:48.123000,63,824.7591666666667,0 days 00:00:18.676000,11075.55,244.2,6,100.0,False,0,pos,1017.7761503361897,0.23975768084395127,OnTrack,2398.0,2991.0,594.0
2026-08-21 15:13:10.740,0 days 00:56:48.355000,63,825.5969444444445,0 days 00:00:18.908000,11309.0,250.0,6,100.0,False,0,car,1033.9647222222225,0.24357122515847335,OnTrack,2554.942782308492,3016.0499448698088,591.6341894559973
2026-08-21 15:13:10.788,0 days 00:56:48.403000,63,825.7036111111112,0 days 00:00:18.956000,11352.44,251.2,6,100.0,False,0,pos,1037.348797943544,0.2443684123852288,OnTrack,2588.0,3020.0,591.0
2026-08-21 15:13:10.940,0 days 00:56:48.555000,63,826.0413888888891,0 days 00:00:19.108000,11490.0,255.0,6,100.0,False,0,car,1048.131388888889,0.2469084689563039,OnTrack,2694.526707821117,3029.957449626723,588.6358554023742
2026-08-21 15:13:11.028,0 days 00:56:48.643000,63,826.1880555555558,0 days 00:00:19.196000,11565.166666666666,256.1,6,100.0,False,0,pos,1054.4111290229157,0.24838778828436986,OnTrack,2756.0,3034.0,587.0
2026-08-21 15:13:11.180,0 days 00:56:48.795000,63,826.4413888888894,0 days 00:00:19.348000,11695.0,258.0,6,100.0,False,0,car,1065.3313888888888,0.2509602755437875,OnTrack,2860.7008467294177,3038.0151692440522,583.6543095091512
2026-08-21 15:13:11.268,0 days 00:56:48.883000,63,826.4658333333336,0 days 00:00:19.436000,11772.0,259.57142857142856,6,100.0,False,0,pos,1071.7055686595786,0.2524618420312693,OnTrack,2928.0,3038.0,581.0
2026-08-21 15:13:11.460,0 days 00:56:49.075000,63,826.5191666666667,0 days 00:00:19.628000,11940.0,263.0,6,100.0,False,0,car,1085.7869444444445,0.2557789938432433,OnTrack,3096.506303753241,3031.433867886781,573.1308943112307
2026-08-21 15:13:11.488,0 days 00:56:49.103000,63,826.4491666666668,0 days 00:00:19.656000,11815.1,263.8,6,100.0,False,0,pos,1087.867740571842,0.25626916729999905,OnTrack,3119.0,3030.0,572.0
2026-08-21 15:13:11.740,0 days 00:56:49.355000,63,825.8191666666669,0 days 00:00:19.908000,10691.0,271.0,6,100.0,False,0,car,1106.8647222222223,0.260744289125192,OnTrack,3281.6575052580874,3012.695151266975,562.8983282992157
2026-08-21 15:13:11.808,0 days 00:56:49.423000,63,825.3469444444447,0 days 00:00:19.976000,10746.614285714286,272.2142857142857,6,100.0,False,0,pos,1112.0414823770684,0.2619637792936355,OnTrack,3327.0,3006.0,560.0
2026-08-21 15:13:12.008,0 days 00:56:49.623000,63,823.9580555555561,0 days 00:00:20.176000,10910.185714285713,275.7857142857143,6,100.0,False,0,pos,1127.4007483112466,0.26558196388032246,OnTrack,3478.0,2981.0,550.0
2026-08-21 15:13:12.020,0 days 00:56:49.635000,63,823.8747222222228,0 days 00:00:20.188000,10920.0,276.0,7,100.0,False,0,car,1128.3313888888888,0.2658011950211987,OnTrack,3487.161834309887,2979.3377621020913,549.4313916941318
2026-08-21 15:13:12.168,0 days 00:56:49.783000,63,821.7780552209259,0 days 00:00:20.336000,10995.660859955848,278.58354155946796,7,100.0,False,0,pos,1139.899318064599,0.2685262538373433,OnTrack,3599.0,2958.0,543.0
2026-08-21 15:13:12.389,0 days 00:56:50.004000,63,818.6472222945753,0 days 00:00:20.557000,11108.640895144681,282.4413964195745,7,100.0,False,0,pos,1157.3379555207814,0.2726342762862794,OnTrack,3767.0,2926.0,535.0
2026-08-21 15:13:12.421,0 days 00:56:50.036000,63,818.1938888888894,0 days 00:00:20.589000,11125.0,283.0,7,100.0,False,0,car,1159.8544444444444,0.2732270859605949,OnTrack,3791.213334003968,2921.3938198994465,534.154925101704
2026-08-21 15:13:12.569,0 days 00:56:50.184000,63,815.809444444445,0 days 00:00:20.737000,11186.05,283.0,7,100.0,False,0,pos,1171.484012532563,0.27596666506460815,OnTrack,3906.0,2900.0,531.0
2026-08-21 15:13:12.581,0 days 00:56:50.196000,63,815.6161111111116,0 days 00:00:20.749000,11191.0,283.0,7,100.0,False,0,car,1172.4322222222222,0.27619003496384525,OnTrack,3915.9676482034574,2898.2344175525895,530.737544173582
2026-08-21 15:13:12.809,0 days 00:56:50.424000,63,810.929444444445,0 days 00:00:20.977000,11318.842857142858,287.07142857142856,7,100.0,False,0,pos,1190.6521200934021,0.28048209904627125,OnTrack,4117.0,2867.0,526.0
2026-08-21 15:13:12.861,0 days 00:56:50.476000,63,809.8605555555562,0 days 00:00:21.029000,11348.0,288.0,7,100.0,False,0,car,1194.8322222222223,0.28146680633359145,OnTrack,4160.0461396334495,2862.380958414608,525.481247589074
2026-08-21 15:13:12.989,0 days 00:56:50.604000,63,806.9094444444451,0 days 00:00:21.157000,11389.6,288.64,7,100.0,False,0,pos,1205.134717691863,0.2838937667412316,OnTrack,4260.0,2855.0,525.0
2026-08-21 15:13:13.261,0 days 00:56:50.876000,63,800.638333333334,0 days 00:00:21.429000,11478.0,290.0,7,100.0,False,0,car,1227.0544444444445,0.2890574000698335,OnTrack,4466.903607307809,2853.391000782895,524.8406201525779
2026-08-21 15:13:13.328,0 days 00:56:50.943000,63,799.0563873777784,0 days 00:00:21.496000,11477.720833066667,290.0,7,100.0,False,0,pos,1232.4481191421646,0.29032798882977345,OnTrack,4530.0,2860.0,525.0
2026-08-21 15:13:13.501,0 days 00:56:51.116000,63,794.9716666666673,0 days 00:00:21.669000,11477.0,290.0,7,100.0,False,0,car,1246.387777777778,0.29361175631157876,OnTrack,4723.889774350954,2893.5703168616237,525.7617479546216
2026-08-21 15:13:13.568,0 days 00:56:51.183000,63,793.4083318400005,0 days 00:00:21.736000,11493.032158171429,290.4785718857143,7,100.0,False,0,pos,1251.807730637531,0.2948885354221019,OnTrack,4798.0,2912.0,526.0
2026-08-21 15:13:13.781,0 days 00:56:51.396000,63,788.4383333333337,0 days 00:00:21.949000,11544.0,292.0,7,100.0,False,0,car,1269.0988888888892,0.29896181617257145,OnTrack,4999.259510141869,2985.6461856297065,526.142249778094
2026-08-21 15:13:13.868,0 days 00:56:51.483000,63,786.4808318933337,0 days 00:00:22.036000,11562.366680177778,292.24166684444447,7,100.0,False,0,pos,1276.167921290144,0.3006270691987656,OnTrack,5058.0,3011.0,526.0
2026-08-21 15:13:14.141,0 days 00:56:51.756000,63,780.3383333333336,0 days 00:00:22.309000,11620.0,293.0,7,100.0,False,0,car,1298.3988888888891,0.30586402158031983,OnTrack,5159.852285079894,3060.427827883841,525.641438843556
2026-08-21 15:13:14.228,0 days 00:56:51.843000,63,778.3808318933336,0 days 00:00:22.396000,11636.312512,293.72500053333334,7,100.0,False,0,pos,1305.5189443666013,0.3075412941203107,OnTrack,5219.0,3095.0,527.0
2026-08-21 15:13:14.381,0 days 00:56:51.996000,63,774.9383333333335,0 days 00:00:22.549000,11665.0,295.0,7,100.0,False,0,car,1318.0655555555556,0.3104969012055434,OnTrack,5387.714203628869,3195.668958703542,532.0230204192789
2026-08-21 15:13:14.488,0 days 00:56:52.103000,63,772.6199986133335,0 days 00:00:22.656000,11656.9749952,295.0,7,100.0,False,0,pos,1326.8366817049894,0.31256311671205067,OnTrack,5503.0,3265.0,536.0
2026-08-21 15:13:14.781,0 days 00:56:52.396000,63,766.2716666666668,0 days 00:00:22.949000,11635.0,295.0,7,100.0,False,0,car,1350.8433333333337,0.3182183672475828,OnTrack,5651.460913671382,3355.4705370241827,544.2153036279761
2026-08-21 15:13:14.948,0 days 00:56:52.563000,63,762.74610976,0 days 00:00:23.116000,11642.51500288,295.0,7,100.0,False,0,pos,1364.5273897787567,0.32144192248299347,OnTrack,5729.0,3397.0,550.0
2026-08-21 15:13:14.981,0 days 00:56:52.596000,63,762.0494444444444,0 days 00:00:23.149000,11644.0,295.0,7,100.0,False,0,car,1367.2322222222226,0.3220791002686024,OnTrack,5749.7411697916905,3407.5834014536044,551.4056414229022
2026-08-21 15:13:15.141,0 days 00:56:52.756000,63,758.4938888888889,0 days 00:00:23.309000,11652.0,295.0,7,100.0,False,0,car,1380.3433333333337,0.3251676866854182,OnTrack,5869.366093281871,3465.8208329719355,558.8756917631777
2026-08-21 15:13:15.168,0 days 00:56:52.783000,63,757.84888736,0 days 00:00:23.336000,11662.8000256,294.86499968,7,100.0,False,0,pos,1382.5514685824635,0.3256878574382367,OnTrack,5890.0,3475.0,560.0
2026-08-21 15:13:15.308,0 days 00:56:52.923000,63,754.5044429155554,0 days 00:00:23.476000,11718.8000256,294.16499968,7,100.0,False,0,pos,1393.981626561945,0.3283804614729601,OnTrack,5996.0,3517.0,565.0
2026-08-21 15:13:15.341,0 days 00:56:52.956000,63,753.7161111111109,0 days 00:00:23.509000,11732.0,294.0,7,100.0,False,0,car,1396.676666666667,0.32901533247585807,OnTrack,6021.546557354733,3525.6912537018356,566.1041377664164
2026-08-21 15:13:15.488,0 days 00:56:53.103000,63,749.8369427555555,0 days 00:00:23.656000,11603.374944,294.0,7,100.0,False,0,pos,1408.6899230586432,0.3318452970913313,OnTrack,6136.0,3559.0,571.0
2026-08-21 15:13:15.541,0 days 00:56:53.156000,63,748.4383333333333,0 days 00:00:23.709000,11557.0,294.0,7,100.0,False,0,car,1413.0100000000002,0.332862978266298,OnTrack,6175.066066632491,3568.8004516345836,572.8462330316971
2026-08-21 15:13:15.781,0 days 00:56:53.396000,63,742.2383333333332,0 days 00:00:23.949000,11490.0,292.0,7,100.0,False,0,car,1432.4766666666671,0.33744874386143464,OnTrack,6365.804367712208,3601.0272264204023,581.9003439087162
2026-08-21 15:13:15.808,0 days 00:56:53.423000,63,741.2033310645128,0 days 00:00:23.976000,11488.044563958629,292.0,7,100.0,False,0,pos,1434.6668513885359,0.3379646860058459,OnTrack,6396.0,3604.0,583.0
2026-08-21 15:13:16.008,0 days 00:56:53.623000,63,733.5366657646053,0 days 00:00:24.176000,11473.559886875119,292.0,7,100.0,False,0,pos,1450.9114412625527,0.34179142648622446,OnTrack,6657.0,3622.0,591.0
2026-08-21 15:13:16.140,0 days 00:56:53.755000,63,728.4766666666665,0 days 00:00:24.308000,11464.0,292.0,7,100.0,False,0,car,1461.5955555555558,0.34430828489749304,OnTrack,6776.650677449536,3627.0187191982673,594.2763858496976
2026-08-21 15:13:16.300,0 days 00:56:53.915000,63,722.1211111111108,0 days 00:00:24.468000,11438.0,290.0,7,100.0,False,0,car,1474.4844444444448,0.3473445223919899,OnTrack,6860.933106362183,3626.998308693968,596.1653186858766
2026-08-21 15:13:16.388,0 days 00:56:54.003000,63,718.2344444444442,0 days 00:00:24.556000,11423.577777777778,290.0,7,100.0,False,0,pos,1481.5782822846757,0.3490156188391753,OnTrack,6905.0,3627.0,597.0
2026-08-21 15:13:16.660,0 days 00:56:54.275000,63,706.2211111111108,0 days 00:00:24.828000,11379.0,290.0,7,100.0,False,0,car,1503.4844444444448,0.3541760567546077,OnTrack,7051.642463463332,3628.121341171678,598.9091448995183
2026-08-21 15:13:16.728,0 days 00:56:54.343000,63,703.1611111111107,0 days 00:00:24.896000,11355.92857142857,289.27142857142854,7,100.0,False,0,pos,1508.924383180695,0.35545754394106394,OnTrack,7099.0,3628.0,599.0
2026-08-21 15:13:16.940,0 days 00:56:54.555000,63,693.6211111111106,0 days 00:00:25.108000,11284.0,287.0,7,100.0,False,0,car,1525.806666666667,0.3594345060015423,OnTrack,7282.295992914069,3625.7407042534287,598.0086398374796
2026-08-21 15:13:17.048,0 days 00:56:54.663000,63,688.7011111111107,0 days 00:00:25.216000,11263.171428571428,286.6142857142857,7,100.0,False,0,pos,1534.392695049927,0.3614571179994268,OnTrack,7373.0,3624.0,597.0
2026-08-21 15:13:17.220,0 days 00:56:54.835000,63,680.8655555555551,0 days 00:00:25.388000,11230.0,286.0,7,100.0,False,0,car,1548.0511111111116,0.36467463312566534,OnTrack,7504.355699936857,3619.6667134088725,594.6435085548534
2026-08-21 15:13:17.248,0 days 00:56:54.863000,63,679.5822222222218,0 days 00:00:25.416000,11221.366666666667,285.8833333333333,7,100.0,False,0,pos,1550.2725783301867,0.36519794449264953,OnTrack,7532.0,3618.0,594.0
2026-08-21 15:13:17.460,0 days 00:56:55.075000,63,669.8655555555554,0 days 00:00:25.628000,11156.0,285.0,7,100.0,False,0,car,1567.0511111111114,0.36915046598393214,OnTrack,7791.222175880216,3597.6361595109306,587.2130903472862
2026-08-21 15:13:17.468,0 days 00:56:55.083000,63,669.5055555555554,0 days 00:00:25.636000,11147.2,284.85,7,97.5,False,0,pos,1567.6813392892398,0.3692989289306623,OnTrack,7799.0,3597.0,587.0
2026-08-21 15:13:17.620,0 days 00:56:55.235000,63,662.6655555555556,0 days 00:00:25.788000,10980.0,282.0,7,50.0,False,0,car,1579.5844444444447,0.3721029452027187,OnTrack,7894.136524407022,3589.4170065654907,584.2763042004331
2026-08-21 15:13:17.848,0 days 00:56:55.463000,63,652.9755555555554,0 days 00:00:26.016000,10789.827272727272,276.8181818181818,7,34.972727272727276,False,0,pos,1596.9771451245815,0.3762001463184112,OnTrack,7993.0,3557.0,579.0
2026-08-21 15:13:18.060,0 days 00:56:55.675000,63,643.9655555555553,0 days 00:00:26.228000,10613.0,272.0,7,21.0,False,0,car,1612.8288888888892,0.37993434398162773,OnTrack,8222.532182569628,3457.4112902998813,565.6368426411142
2026-08-21 15:13:18.088,0 days 00:56:55.703000,63,642.8144444444442,0 days 00:00:26.256000,10735.5,271.125,7,22.575,False,0,pos,1614.913425965484,0.38042539869434866,OnTrack,8250.0,3443.0,564.0
2026-08-21 15:13:18.220,0 days 00:56:55.835000,63,637.3877777777777,0 days 00:00:26.388000,11313.0,267.0,7,30.0,False,0,car,1624.695555555556,0.38272977643345757,OnTrack,8351.868923980197,3376.5674435759865,557.7558781094384
2026-08-21 15:13:18.380,0 days 00:56:55.995000,63,631.0766666666668,0 days 00:00:26.548000,11715.0,263.0,6,44.0,False,0,car,1636.3844444444446,0.3854833297474322,OnTrack,8422.603026600576,3302.478494617724,552.9044022373715
2026-08-21 15:13:18.488,0 days 00:56:56.103000,63,627.0266666666669,0 days 00:00:26.656000,11642.1,260.84,6,48.86,False,0,pos,1644.185402146071,0.38732100252674223,OnTrack,8458.0,3264.0,550.0
2026-08-21 15:13:18.580,0 days 00:56:56.195000,63,623.5766666666668,0 days 00:00:26.748000,11580.0,259.0,6,53.0,False,0,car,1650.7733333333338,0.38887292246758176,OnTrack,8482.26274999367,3239.280182785285,547.6347166937024
2026-08-21 15:13:18.740,0 days 00:56:56.355000,63,617.9322222222224,0 days 00:00:26.908000,11530.0,255.0,6,76.0,False,0,car,1662.106666666667,0.3915427175058462,OnTrack,8520.733837377866,3191.881564137639,543.4562401311958
2026-08-21 15:13:18.788,0 days 00:56:56.403000,63,616.332221797326,0 days 00:00:26.956000,11529.004149113134,254.60165964525402,6,78.39004212847591,False,0,pos,1665.4842863060608,0.3923383838724107,OnTrack,8537.0,3163.0,542.0
2026-08-21 15:13:18.981,0 days 00:56:56.596000,63,609.8988888888889,0 days 00:00:27.149000,11525.0,253.0,6,88.0,False,0,car,1679.0436111111114,0.39553255605653487,OnTrack,8626.1655616139,2974.726499938614,535.1888014620682
2026-08-21 15:13:19.089,0 days 00:56:56.704000,63,606.3288888888889,0 days 00:00:27.257000,11553.35,254.35,6,87.55,False,0,pos,1686.711498875169,0.39733888153063335,OnTrack,8668.0,2882.0,532.0
2026-08-21 15:13:19.221,0 days 00:56:56.836000,63,601.9655555555555,0 days 00:00:27.389000,11588.0,256.0,6,87.0,False,0,car,1696.110277777778,0.3995529532906272,OnTrack,8694.867209794209,2822.9116509805744,529.5678613069865
2026-08-21 15:13:19.381,0 days 00:56:56.996000,63,597.0322222222223,0 days 00:00:27.549000,11710.0,255.0,6,87.0,False,0,car,1707.4436111111113,0.4022227483288916,OnTrack,8699.095808736165,2785.675423980203,528.6777832826314
2026-08-21 15:13:19.469,0 days 00:56:57.084000,63,594.4411111111111,0 days 00:00:27.637000,11674.066666666668,255.36666666666667,6,91.76666666666667,False,0,pos,1713.6875130989565,0.40369362525947033,OnTrack,8699.0,2715.0,529.0
2026-08-21 15:13:19.621,0 days 00:56:57.236000,63,589.9655555555555,0 days 00:00:27.789000,11612.0,256.0,6,100.0,False,0,car,1724.5102777777781,0.406243145562984,OnTrack,8697.291758389409,2515.6737817969406,530.6911931998659
2026-08-21 15:13:19.648,0 days 00:56:57.263000,63,589.2230537955555,0 days 00:00:27.816000,11622.0406488,256.1687504,6,100.0,False,0,pos,1726.438782380329,0.40669744368232175,OnTrack,8697.0,2485.0,531.0
2026-08-21 15:13:19.941,0 days 00:56:57.556000,63,581.1655555555553,0 days 00:00:28.109000,11731.0,258.0,6,100.0,False,0,car,1747.4436111111115,0.4116455543462956,OnTrack,8692.129958972382,2364.3896496379484,533.4435901872746
2026-08-21 15:13:20.088,0 days 00:56:57.703000,63,577.5722206577778,0 days 00:00:28.256000,11696.45498496,258.0,6,100.0,False,0,pos,1757.9757870262092,0.4141266206110242,OnTrack,8661.0,2296.0,536.0
2026-08-21 15:13:20.141,0 days 00:56:57.756000,63,576.2766666666669,0 days 00:00:28.309000,11684.0,258.0,6,100.0,False,0,car,1761.7769444444448,0.4150220598358653,OnTrack,8642.093613141255,2253.3294129683877,537.3517628194337
2026-08-21 15:13:20.368,0 days 00:56:57.983000,63,571.4844430933338,0 days 00:00:28.536000,10853.74726592,258.56750016,6,100.0,False,0,pos,1778.1031494882955,0.4188680264140795,OnTrack,8544.0,2033.0,544.0
2026-08-21 15:13:20.541,0 days 00:56:58.156000,63,567.8322222222228,0 days 00:00:28.709000,10221.0,259.0,6,100.0,False,0,car,1790.5547222222224,0.4218012452761642,OnTrack,8511.754609279875,1973.425015579589,546.3495660643609
2026-08-21 15:13:20.668,0 days 00:56:58.283000,63,565.3980543288894,0 days 00:00:28.836000,10272.329192533334,259.0,6,100.0,False,0,pos,1799.6826040941596,0.42395150178189034,OnTrack,8475.0,1919.0,548.0
2026-08-21 15:13:20.781,0 days 00:56:58.396000,63,563.2322222222228,0 days 00:00:28.949000,10318.0,259.0,7,100.0,False,0,car,1807.8213888888893,0.4258687565403436,OnTrack,8410.243996595744,1817.819060296296,550.3544834657179
2026-08-21 15:13:20.908,0 days 00:56:58.523000,63,560.903887715556,0 days 00:00:29.076000,10321.81000192,260.27000064,7,100.0,False,0,pos,1817.014395140275,0.4280343544059333,OnTrack,8327.0,1686.0,553.0
2026-08-21 15:13:20.981,0 days 00:56:58.596000,63,559.5655555555559,0 days 00:00:29.149000,10324.0,261.0,7,100.0,False,0,car,1822.3213888888893,0.42928452372165254,OnTrack,8287.759691755387,1623.5101390679397,553.9892958595229
2026-08-21 15:13:21.288,0 days 00:56:58.903000,63,553.4255542755557,0 days 00:00:29.456000,10396.14501504,263.30250048,7,100.0,False,0,pos,1844.8127804104565,0.4345828242058828,OnTrack,8180.0,1451.0,555.0
2026-08-21 15:13:21.381,0 days 00:56:58.996000,63,551.5655555555556,0 days 00:00:29.549000,10418.0,264.0,7,100.0,False,0,car,1851.6547222222225,0.43619458146774875,OnTrack,8158.503293616124,1417.7063046572316,554.9650778074742
2026-08-21 15:13:21.581,0 days 00:56:59.196000,63,546.7877777777783,0 days 00:00:29.749000,10444.0,265.0,7,100.0,False,0,car,1866.3769444444447,0.43966269757137655,OnTrack,8123.3213815956115,1364.3887315943816,554.4143346304095
2026-08-21 15:13:21.748,0 days 00:56:59.363000,63,542.1952760177782,0 days 00:00:29.916000,10403.8156096,264.4781248,7,100.0,False,0,pos,1878.6234184692237,0.4425476012996932,OnTrack,8060.0,1249.0,552.0
2026-08-21 15:13:21.901,0 days 00:56:59.516000,63,537.9877777777781,0 days 00:00:30.069000,10367.0,264.0,7,100.0,False,0,car,1889.8436111111114,0.4451907437682535,OnTrack,7967.336120666171,1071.523433139858,548.0373111871066
2026-08-21 15:13:21.948,0 days 00:56:59.563000,63,536.5255535644447,0 days 00:00:30.116000,10370.0843792,264.1468752,7,100.0,False,0,pos,1893.298601394312,0.44600463634901893,OnTrack,7945.0,1028.0,547.0
2026-08-21 15:13:22.221,0 days 00:56:59.836000,63,528.0322222222223,0 days 00:00:30.389000,10388.0,265.0,7,100.0,False,0,car,1913.399166666667,0.4507397295340581,OnTrack,7903.038572729883,936.5071580257041,544.0727163872309
2026-08-21 15:13:22.228,0 days 00:56:59.843000,63,527.8027756800001,0 days 00:00:30.396000,10387.8249984,264.96499968,7,100.0,False,0,pos,1913.913454646559,0.45086088043084827,OnTrack,7902.0,934.0,544.0
2026-08-21 15:13:22.421,0 days 00:57:00.036000,63,521.4766666666667,0 days 00:00:30.589000,10383.0,264.0,7,100.0,False,0,car,1928.0658333333336,0.45419475840710616,OnTrack,7856.071432017114,826.4215956696474,541.4144923036279
2026-08-21 15:13:22.620,0 days 00:57:00.235000,63,514.5116666666665,0 days 00:00:30.788000,10238.0,263.0,7,26.0,True,0,car,1942.6038888888893,0.45761949034136223,OnTrack,7786.930741073804,671.3756514048889,538.1318950030959
2026-08-21 15:13:22.628,0 days 00:57:00.243000,63,514.2338888888887,0 days 00:00:30.796000,10226.1,262.75,7,25.7,True,0,pos,1943.1842256503028,0.4577562003595514,OnTrack,7784.0,665.0,538.0
2026-08-21 15:13:22.780,0 days 00:57:00.395000,63,508.9561111111109,0 days 00:00:30.948000,10000.0,258.0,7,20.0,True,0,car,1954.070555555556,0.460320694733018,OnTrack,7727.200478918255,543.938205453576,535.5751819737778
2026-08-21 15:13:22.828,0 days 00:57:00.443000,63,507.4494444444442,0 days 00:00:30.996000,10040.9,255.7,7,20.7,True,0,pos,1957.3998549350902,0.46110497828869823,OnTrack,7711.0,510.0,535.0
2026-08-21 15:13:23.188,0 days 00:57:00.803000,63,496.14944444444444,0 days 00:00:31.356000,10347.65,238.45,7,25.95,True,0,pos,1980.8221870305929,0.46662258058397676,OnTrack,7605.0,327.0,533.0
2026-08-21 15:13:23.260,0 days 00:57:00.875000,63,493.8894444444445,0 days 00:00:31.428000,10409.0,235.0,6,27.0,True,0,car,1985.4038888888892,0.4677018927799844,OnTrack,7570.2928101865855,287.7633620916802,531.9790524733068
2026-08-21 15:13:23.428,0 days 00:57:01.043000,63,488.84944444444466,0 days 00:00:31.596000,10136.0,230.1,6,29.8,True,0,pos,1996.0744229198633,0.47021555208688376,OnTrack,7481.0,201.0,529.0
2026-08-21 15:13:23.500,0 days 00:57:01.115000,63,486.6894444444447,0 days 00:00:31.668000,10019.0,228.0,6,31.0,False,0,car,2000.603888888889,0.4712825590665979,OnTrack,7451.217502089955,177.54770393923633,527.9829863911182
2026-08-21 15:13:23.708,0 days 00:57:01.323000,63,480.7961111111115,0 days 00:00:31.876000,9949.08888888889,223.95555555555555,6,34.46666666666667,False,0,pos,2013.4709635284958,0.47431365777510964,OnTrack,7373.0,140.0,526.0
2026-08-21 15:13:23.860,0 days 00:57:01.475000,63,476.48944444444487,0 days 00:00:32.028000,9898.0,221.0,6,37.0,False,0,car,2022.703888888889,0.4764886593912135,OnTrack,7284.055127587543,108.63687389636566,525.2422628265905
2026-08-21 15:13:23.908,0 days 00:57:01.523000,63,475.2361111111115,0 days 00:00:32.076000,9872.8,219.97142857142856,6,41.628571428571426,False,0,pos,2025.5945240891817,0.47716960676019954,OnTrack,7255.0,100.0,525.0
2026-08-21 15:13:24.140,0 days 00:57:01.755000,63,469.1783333333335,0 days 00:00:32.308000,9751.0,215.0,6,64.0,False,0,car,2039.4261111111114,0.4804279157957116,OnTrack,7123.765717228562,75.34687155287938,523.4589100601178
2026-08-21 15:13:24.248,0 days 00:57:01.863000,63,466.5083333333336,0 days 00:00:32.416000,9731.7625,214.325,6,73.45,False,0,pos,2045.8186054768425,0.4819337966551024,OnTrack,7049.0,70.0,523.0
2026-08-21 15:13:24.460,0 days 00:57:02.075000,63,461.2672222222227,0 days 00:00:32.628000,9694.0,213.0,6,92.0,False,0,car,2058.3594444444448,0.4848880439772828,OnTrack,6866.859953210257,66.70442107347962,522.9828936705925
2026-08-21 15:13:24.488,0 days 00:57:02.103000,63,460.6061111111116,0 days 00:00:32.656000,9695.90909090909,213.1909090909091,6,92.50909090909092,False,0,pos,2060.025106285705,0.48528042418780254,OnTrack,6845.0,67.0,523.0
2026-08-21 15:13:24.888,0 days 00:57:02.503000,63,451.1616666666673,0 days 00:00:33.056000,9723.181818181818,215.9181818181818,6,99.78181818181818,False,0,pos,2084.035664495158,0.49093659499723397,OnTrack,6631.0,86.0,523.0
2026-08-21 15:13:24.900,0 days 00:57:02.515000,63,450.878333333334,0 days 00:00:33.068000,9724.0,216.0,6,100.0,False,0,car,2084.759444444445,0.4911070959487694,OnTrack,6625.666086576624,86.73422428237467,522.9989139436036
2026-08-21 15:13:25.148,0 days 00:57:02.763000,63,445.57388888888937,0 days 00:00:33.316000,9812.177777777777,217.37777777777777,6,100.0,False,0,pos,2099.7508943818057,0.49463863406575376,OnTrack,6512.0,105.0,523.0
2026-08-21 15:13:25.260,0 days 00:57:02.875000,63,443.17833333333374,0 days 00:00:33.428000,9852.0,218.0,6,100.0,False,0,car,2106.559444444445,0.49624252522825457,OnTrack,6448.796799559097,118.70481903955287,523.0174235478513
2026-08-21 15:13:25.408,0 days 00:57:03.023000,63,440.17722222222227,0 days 00:00:33.576000,9886.533333333333,219.23333333333332,6,100.0,False,0,pos,2115.6021304783035,0.498372712137588,OnTrack,6359.0,141.0,523.0
2026-08-21 15:13:25.500,0 days 00:57:03.115000,63,438.3116666666665,0 days 00:00:33.668000,9908.0,220.0,6,100.0,False,0,car,2121.226111111112,0.49969755410130273,OnTrack,6305.000738055966,155.8845661211792,522.9281048259592
2026-08-21 15:13:25.569,0 days 00:57:03.184000,63,437.06583399365087,0 days 00:00:33.737000,9912.714283215615,220.0,6,100.0,False,0,pos,2125.4372309590467,0.500689568237381,OnTrack,6265.0,168.0,523.0
2026-08-21 15:13:25.661,0 days 00:57:03.276000,63,435.40472222222206,0 days 00:00:33.829000,9919.0,220.0,6,100.0,False,0,car,2131.065000000001,0.5020153026369726,OnTrack,6211.845845706702,185.8925067094499,523.428059614962
2026-08-21 15:13:25.769,0 days 00:57:03.384000,63,433.7547222222221,0 days 00:00:33.937000,9902.5,220.6,6,75.7,False,0,pos,2137.7312589413477,0.503585674258625,OnTrack,6150.0,209.0,524.0
2026-08-21 15:13:26.009,0 days 00:57:03.624000,63,430.0880555555554,0 days 00:00:34.177000,9865.833333333334,221.93333333333334,6,21.700000000000003,False,0,pos,2152.53953112009,0.5070740611634552,OnTrack,6015.0,268.0,524.0
2026-08-21 15:13:26.021,0 days 00:57:03.636000,63,429.90472222222206,0 days 00:00:34.189000,9864.0,222.0,6,19.0,False,0,car,2153.265000000001,0.5072449599766317,OnTrack,6008.214963396171,271.40618240581256,523.9928944421126
2026-08-21 15:13:26.181,0 days 00:57:03.796000,63,428.3047222222226,0 days 00:00:34.349000,9536.0,212.0,6,7.0,True,0,car,2162.6872222222228,0.5094645542829535,OnTrack,5916.981794337482,321.6289027103344,523.9772803673666
2026-08-21 15:13:26.348,0 days 00:57:03.963000,63,429.0005558222224,0 days 00:00:34.516000,9329.569365333333,197.15554986666666,6,8.3916672,True,0,pos,2171.5026950997244,0.511541216554863,OnTrack,5849.0,365.0,524.0
2026-08-21 15:13:26.388,0 days 00:57:04.003000,63,429.167222488889,0 days 00:00:34.556000,9280.12492088889,193.59999431111112,6,8.725000533333333,True,0,pos,2173.4541154867225,0.5120009129489903,OnTrack,5840.0,372.0,524.0
2026-08-21 15:13:26.541,0 days 00:57:04.156000,63,429.80472222222215,0 days 00:00:34.709000,9091.0,180.0,5,10.0,True,0,car,2180.687222222223,0.5137048169907853,OnTrack,5779.647610779049,421.621612266494,524.2981279000132
2026-08-21 15:13:26.748,0 days 00:57:04.363000,63,432.3347230044445,0 days 00:00:34.916000,9595.93229897143,164.4749952,5,10.0,True,0,pos,2189.9212297195218,0.5158800735260427,OnTrack,5679.0,507.0,525.0
2026-08-21 15:13:26.821,0 days 00:57:04.436000,63,433.2269444444446,0 days 00:00:34.989000,9774.0,159.0,4,10.0,True,0,car,2193.0538888888896,0.5166180345178326,OnTrack,5657.115021554266,526.6026174244646,525.1550877891196
2026-08-21 15:13:27.068,0 days 00:57:04.683000,63,438.30416798222245,0 days 00:00:35.236000,10157.536210488888,150.08055324444445,4,11.372222577777778,True,0,pos,2203.231645306035,0.5190156101281113,OnTrack,5611.0,583.0,525.0
2026-08-21 15:13:27.181,0 days 00:57:04.796000,63,440.6269444444447,0 days 00:00:35.349000,10333.0,146.0,4,12.0,True,0,car,2207.6538888888895,0.520057358714185,OnTrack,5579.53656887767,633.8029682230325,524.2907786425081
2026-08-21 15:13:27.348,0 days 00:57:04.963000,63,445.4050018311113,0 days 00:00:35.516000,9953.0748544,139.7374976,4,12.41750016,True,0,pos,2213.9082646785073,0.521530702959823,OnTrack,5533.0,713.0,523.0
2026-08-21 15:13:27.581,0 days 00:57:05.196000,63,452.07138888888903,0 days 00:00:35.749000,9423.0,131.0,3,13.0,True,0,car,2222.209444444445,0.5234862131260737,OnTrack,5510.416805634576,756.2892609048705,522.1566014241984
2026-08-21 15:13:27.708,0 days 00:57:05.323000,63,455.98722419555577,0 days 00:00:35.876000,9275.99742592,128.45999872,3,12.68249984,True,0,pos,2226.6119879035823,0.5245233209510397,OnTrack,5511.0,792.0,522.0
2026-08-21 15:13:27.928,0 days 00:57:05.543000,63,462.7705575288892,0 days 00:00:36.096000,9021.34742592,124.05999872,3,12.13249984,True,0,pos,2234.0850258176824,0.5262837456166715,OnTrack,5523.0,903.0,522.0
2026-08-21 15:13:27.981,0 days 00:57:05.596000,63,464.4047222222225,0 days 00:00:36.149000,8960.0,123.0,3,12.0,False,0,car,2235.8761111111116,0.5267056718486867,OnTrack,5526.918434565302,922.4095622093712,522.0242146696382
2026-08-21 15:13:28.181,0 days 00:57:05.796000,63,471.18250000000035,0 days 00:00:36.349000,8794.0,121.0,3,20.0,False,0,car,2242.598333333334,0.5282892267488337,OnTrack,5544.971016317173,957.9718955261771,522.1236124735041
2026-08-21 15:13:28.288,0 days 00:57:05.903000,63,475.31389136000007,0 days 00:00:36.456000,8846.96503168,119.92999936,3,28.56000512,False,0,pos,2246.1414553550458,0.5291238805364983,OnTrack,5560.0,977.0,522.0
2026-08-21 15:13:28.381,0 days 00:57:05.996000,63,478.90472222222206,0 days 00:00:36.549000,8893.0,119.0,3,36.0,False,0,car,2249.209444444445,0.5298466071878214,OnTrack,5576.8686981735655,999.2974581403719,521.7496246321844
2026-08-21 15:13:28.608,0 days 00:57:06.223000,63,488.1738915022219,0 days 00:00:36.776000,9005.238920533333,119.63055573333334,3,42.936113066666664,False,0,pos,2256.7348557005876,0.5316193694495167,OnTrack,5627.0,1064.0,521.0
2026-08-21 15:13:28.741,0 days 00:57:06.356000,63,493.6047222222219,0 days 00:00:36.909000,9071.0,120.0,3,47.0,False,0,car,2261.209444444445,0.5326734489930425,OnTrack,5656.848559967014,1096.1353877046463,520.9526849313396
2026-08-21 15:13:28.768,0 days 00:57:06.383000,63,494.6997248177774,0 days 00:00:36.936000,9104.8465088,120.3857152,3,47.6750016,False,0,pos,2262.126292751042,0.5328894310865536,OnTrack,5664.0,1103.0,521.0
2026-08-21 15:13:29.008,0 days 00:57:06.623000,63,504.43305815111063,0 days 00:00:37.176000,9405.703651657142,123.81428662857142,3,53.6750016,False,0,pos,2270.399632937736,0.5348383830789339,OnTrack,5742.0,1169.0,522.0
2026-08-21 15:13:29.021,0 days 00:57:06.636000,63,504.96027777777726,0 days 00:00:37.189000,9422.0,124.0,3,54.0,False,0,car,2270.8538888888897,0.5349453922216832,OnTrack,5745.804002681309,1171.9868498293201,522.0362223198451
2026-08-21 15:13:29.301,0 days 00:57:06.916000,63,516.3936111111107,0 days 00:00:37.469000,9662.0,128.0,3,58.0,False,0,car,2280.8094444444455,0.5372906239415706,OnTrack,5810.842582407585,1218.0059062920018,522.0325947164065
2026-08-21 15:13:29.328,0 days 00:57:06.943000,63,517.4811133391389,0 days 00:00:37.496000,9704.331745018937,128.67839334966243,3,59.22110802939239,False,0,pos,2281.7915338454704,0.5375219748895107,OnTrack,5817.0,1222.0,522.0
2026-08-21 15:13:29.500,0 days 00:57:07.115000,63,524.4088888888882,0 days 00:00:37.668000,9974.0,133.0,3,67.0,False,0,car,2288.16138888889,0.5390225226003388,OnTrack,5859.265119768925,1248.503426891296,521.7610061759109
2026-08-21 15:13:29.628,0 days 00:57:07.243000,63,529.4222222222215,0 days 00:00:37.796000,10246.8,136.2,3,71.0,False,0,pos,2293.0622328024806,0.5401770151383223,OnTrack,5912.0,1276.0,522.0
2026-08-21 15:13:29.788,0 days 00:57:07.403000,63,535.6888888888882,0 days 00:00:37.956000,10587.8,140.2,3,76.0,False,0,pos,2299.397489371727,0.5416694124813846,OnTrack,6009.0,1321.0,523.0
2026-08-21 15:13:29.820,0 days 00:57:07.435000,63,536.9422222222215,0 days 00:00:37.988000,10656.0,141.0,3,77.0,False,0,car,2300.6947222222234,0.5419750018191254,OnTrack,6025.359715605913,1328.3060175225814,523.1498975284338
2026-08-21 15:13:30.100,0 days 00:57:07.715000,63,547.286666666666,0 days 00:00:38.268000,11282.0,151.0,3,84.0,False,0,car,2312.439166666668,0.5447416423636798,OnTrack,6100.079746087468,1357.1296447233588,523.1972766820965
2026-08-21 15:13:30.268,0 days 00:57:07.883000,63,553.2599999999993,0 days 00:00:38.436000,11765.0,155.9,3,95.2,False,0,pos,2319.745381408669,0.546462768469564,OnTrack,6150.0,1371.0,523.0
2026-08-21 15:13:30.340,0 days 00:57:07.955000,63,555.8199999999993,0 days 00:00:38.508000,11972.0,158.0,3,100.0,False,0,car,2322.972500000001,0.5472229812815962,OnTrack,6181.074654517784,1379.7230960148715,522.9784018013751
2026-08-21 15:13:30.488,0 days 00:57:08.103000,63,560.506666666666,0 days 00:00:38.656000,11502.1,163.34444444444443,3,100.0,False,0,pos,2329.832225294749,0.5488389278012235,OnTrack,6244.0,1397.0,523.0
2026-08-21 15:13:30.648,0 days 00:57:08.263000,63,565.5733333333327,0 days 00:00:38.816000,10994.1,169.12222222222223,3,100.0,False,0,pos,2337.531830282643,0.5506527249065124,OnTrack,6273.0,1403.0,523.0
2026-08-21 15:13:30.700,0 days 00:57:08.315000,63,567.2199999999993,0 days 00:00:38.868000,10829.0,171.0,3,100.0,False,0,car,2340.072500000001,0.5512512308540364,OnTrack,6283.760496021033,1405.025041808603,522.9987021434375
2026-08-21 15:13:31.060,0 days 00:57:08.675000,63,576.9199999999996,0 days 00:00:39.228000,11401.0,181.0,4,100.0,False,0,car,2358.172500000001,0.5555150505769116,OnTrack,6409.102261314499,1428.4557950537408,522.9966834965022
2026-08-21 15:13:31.128,0 days 00:57:08.743000,63,578.544444444444,0 days 00:00:39.296000,11507.614285714286,183.18571428571428,4,100.0,False,0,pos,2361.6975168259696,0.5563454393208913,OnTrack,6439.0,1433.0,523.0
2026-08-21 15:13:31.328,0 days 00:57:08.943000,63,583.3222222222219,0 days 00:00:39.496000,11821.185714285713,189.61428571428573,4,100.0,False,0,pos,2372.2998720837477,0.5588430377439324,OnTrack,6542.0,1447.0,523.0
2026-08-21 15:13:31.340,0 days 00:57:08.955000,63,583.6088888888885,0 days 00:00:39.508000,11840.0,190.0,4,100.0,False,0,car,2372.950277777779,0.5589962539111192,OnTrack,6549.833094001455,1448.1191836640728,522.9968497580297
2026-08-21 15:13:31.508,0 days 00:57:09.123000,63,586.4088888888884,0 days 00:00:39.676000,12070.066666666668,194.66666666666666,4,100.0,False,0,pos,2382.2334589503334,0.5611830942964541,OnTrack,6669.0,1466.0,523.0
2026-08-21 15:13:31.700,0 days 00:57:09.315000,63,589.6088888888885,0 days 00:00:39.868000,12333.0,200.0,4,100.0,False,0,car,2392.950277777779,0.5637076569198212,OnTrack,6751.589589041713,1479.7559382461761,523.6125481344784
2026-08-21 15:13:31.788,0 days 00:57:09.403000,63,590.4399999999997,0 days 00:00:39.956000,12268.65,197.8,4,57.65,False,0,pos,2397.780246906128,0.5648454534739833,OnTrack,6787.0,1487.0,524.0
2026-08-21 15:13:31.860,0 days 00:57:09.475000,63,591.1199999999999,0 days 00:00:40.028000,12216.0,196.0,4,23.0,True,0,car,2401.6613888888896,0.5657597346747224,OnTrack,6820.879407317521,1494.517740145301,524.3267899633205
2026-08-21 15:13:32.060,0 days 00:57:09.675000,63,592.2311111111112,0 days 00:00:40.228000,11109.0,185.0,4,17.0,True,0,car,2411.9391666666675,0.568180872331972,OnTrack,6927.4390608369795,1520.7663149052382,524.9958112027462
2026-08-21 15:13:32.069,0 days 00:57:09.684000,63,592.233611093666,0 days 00:00:40.237000,11115.71720884387,184.5322277963879,4,17.056132664433452,True,0,pos,2412.379628590754,0.56828463201369,OnTrack,6932.0,1522.0,525.0
2026-08-21 15:13:32.289,0 days 00:57:09.904000,63,592.2947222129085,0 days 00:00:40.457000,11279.91681489122,173.09771484044438,4,18.428274219146672,True,0,pos,2422.5048813198837,0.5706698393222844,OnTrack,7035.0,1553.0,525.0
2026-08-21 15:13:32.409,0 days 00:57:10.024000,63,592.328055550677,0 days 00:00:40.577000,11369.48023637159,166.8607077735661,4,19.17671506717207,True,0,pos,2427.656464074726,0.5718833984468217,OnTrack,7087.0,1571.0,526.0
2026-08-21 15:13:32.541,0 days 00:57:10.156000,63,592.3647222222226,0 days 00:00:40.709000,11468.0,160.0,4,20.0,True,0,car,2433.316944444445,0.5732168386590512,OnTrack,7142.044515737616,1592.6940356041441,526.0448830769698
2026-08-21 15:13:32.649,0 days 00:57:10.264000,63,592.3047222222225,0 days 00:00:40.817000,11132.12,156.22,4,20.0,True,0,pos,2437.9443638884277,0.5743069205535963,OnTrack,7185.0,1612.0,526.0
2026-08-21 15:13:32.741,0 days 00:57:10.356000,63,592.2536111111112,0 days 00:00:40.909000,10846.0,153.0,3,20.0,True,0,car,2441.816944444445,0.5752191849377495,OnTrack,7219.827049331337,1629.532618016016,526.4977002614944
2026-08-21 15:13:32.829,0 days 00:57:10.444000,63,592.2291666666669,0 days 00:00:40.997000,10690.742857142857,149.85714285714286,3,20.942857142857143,True,0,pos,2445.4118891100397,0.5760660465934295,OnTrack,7251.0,1647.0,527.0
2026-08-21 15:13:33.021,0 days 00:57:10.636000,63,592.1758333333337,0 days 00:00:41.189000,10352.0,143.0,3,23.0,True,0,car,2452.9391666666675,0.577839248499811,OnTrack,7311.142368882168,1689.0008019471827,526.9775526369349
2026-08-21 15:13:33.068,0 days 00:57:10.683000,63,592.1366666133338,0 days 00:00:41.236000,10299.124928,141.65714102857143,3,23.839286857142856,True,0,pos,2454.73374415994,0.5782619973898688,OnTrack,7326.0,1703.0,527.0
2026-08-21 15:13:33.301,0 days 00:57:10.916000,63,591.9425000000006,0 days 00:00:41.469000,10037.0,135.0,3,28.0,True,0,car,2463.4391666666675,0.5803127350793795,OnTrack,7400.917978064594,1794.8578241025239,527.859909537791
2026-08-21 15:13:33.348,0 days 00:57:10.963000,63,591.8641665600006,0 days 00:00:41.516000,9955.6311392,134.4124992,3,27.7062496,True,0,pos,2465.1860499382974,0.5807242486344699,OnTrack,7412.0,1811.0,528.0
2026-08-21 15:13:33.461,0 days 00:57:11.076000,63,591.6758333333341,0 days 00:00:41.629000,9760.0,133.0,3,27.0,True,0,car,2469.3502777777785,0.5817052164130625,OnTrack,7429.987886455101,1841.4948972944535,528.1567509668646
2026-08-21 15:13:33.688,0 days 00:57:11.303000,63,591.4236110400007,0 days 00:00:41.856000,9279.5165312,127.3249984,3,27.0,True,0,pos,2477.3653434465887,0.5835933266384115,OnTrack,7444.0,1891.0,528.0
2026-08-21 15:13:33.701,0 days 00:57:11.316000,63,591.4091666666673,0 days 00:00:41.869000,9252.0,127.0,3,27.0,True,0,car,2477.816944444445,0.5836997103534131,OnTrack,7444.814071795091,1894.8103153526458,527.9901029035456
2026-08-21 15:13:33.908,0 days 00:57:11.523000,63,591.0641665600006,0 days 00:00:42.076000,9182.999978666667,124.4124992,3,27.0,True,0,pos,2484.9525328449113,0.5853806419863538,OnTrack,7457.0,1967.0,528.0
2026-08-21 15:13:33.941,0 days 00:57:11.556000,63,591.0091666666672,0 days 00:00:42.109000,9172.0,124.0,3,27.0,True,0,car,2486.083611111112,0.5856470902636766,OnTrack,7457.973093259449,1978.7465928113613,528.0852802288655
2026-08-21 15:13:34.168,0 days 00:57:11.783000,63,590.6938888000008,0 days 00:00:42.336000,9128.4916544,123.0541664,3,31.729168,True,0,pos,2493.8391736499652,0.587474069297663,OnTrack,7456.0,2057.0,529.0
2026-08-21 15:13:34.181,0 days 00:57:11.796000,63,590.6758333333341,0 days 00:00:42.349000,9126.0,123.0,3,32.0,False,0,car,2494.283611111112,0.5875787654972443,OnTrack,7455.500759306453,2061.371435391801,529.0260854178122
2026-08-21 15:13:34.408,0 days 00:57:12.023000,63,590.486666613334,0 days 00:00:42.576000,9218.6916928,123.63055573333334,3,43.980558933333334,False,0,pos,2502.0660858023402,0.5894120842310144,OnTrack,7440.0,2138.0,529.0
2026-08-21 15:13:34.541,0 days 00:57:12.156000,63,590.375833333334,0 days 00:00:42.709000,9273.0,124.0,3,51.0,False,0,car,2506.683611111112,0.5904998353626396,OnTrack,7424.004560461485,2187.24663030599,528.9970531190298
2026-08-21 15:13:34.628,0 days 00:57:12.243000,63,590.0616664355562,0 days 00:00:42.796000,9358.47756288,124.87000064,3,51.43500032,False,0,pos,2509.7380350959056,0.59121936648023,OnTrack,7409.0,2221.0,529.0
2026-08-21 15:13:34.941,0 days 00:57:12.556000,63,588.9313888888896,0 days 00:00:43.109000,9666.0,128.0,3,53.0,False,0,car,2520.905833333334,0.5938501663910498,OnTrack,7327.448645677191,2341.520300000347,528.9556811403794
2026-08-21 15:13:34.988,0 days 00:57:12.603000,63,588.7224997155563,0 days 00:00:43.156000,9721.2250752,128.5875008,3,53.8812512,False,0,pos,2522.59663490133,0.5942484687707785,OnTrack,7317.0,2355.0,529.0
2026-08-21 15:13:35.101,0 days 00:57:12.716000,63,588.2202777777784,0 days 00:00:43.269000,9854.0,130.0,3,56.0,False,0,car,2526.683611111112,0.5952112383713415,OnTrack,7296.770112829382,2380.056875813058,529.1924350233774
2026-08-21 15:13:35.301,0 days 00:57:12.916000,63,586.8869444444449,0 days 00:00:43.469000,9944.0,133.0,3,56.0,False,0,car,2534.072500000001,0.5969518400384454,OnTrack,7271.41114740098,2403.886924142909,529.7598558085663
2026-08-21 15:13:35.448,0 days 00:57:13.063000,63,585.2944437511115,0 days 00:00:43.616000,10250.8626336,136.2156264,3,61.5125024,False,0,pos,2539.716552114028,0.5982814102440103,OnTrack,7228.0,2430.0,530.0
2026-08-21 15:13:35.621,0 days 00:57:13.236000,63,583.4202777777782,0 days 00:00:43.789000,10612.0,140.0,3,68.0,False,0,car,2546.5169444444455,0.5998833796883044,OnTrack,7149.671362168841,2472.6011059770344,530.0034437532632
2026-08-21 15:13:35.628,0 days 00:57:13.243000,63,583.330832515556,0 days 00:00:43.796000,10622.475095771428,140.10000091428572,3,68.05000045714286,False,0,pos,2546.793288275058,0.5999484780460536,OnTrack,7147.0,2474.0,530.0
2026-08-21 15:13:35.901,0 days 00:57:13.516000,63,579.8425000000007,0 days 00:00:44.069000,11031.0,144.0,3,70.0,False,0,car,2557.7169444444453,0.6025217653731774,OnTrack,7069.787996226673,2504.4682110770846,529.937153906898
2026-08-21 15:13:35.928,0 days 00:57:13.543000,63,579.4149991011445,0 days 00:00:44.096000,11081.15910127957,144.9037675906229,3,71.69456423241795,False,0,pos,2558.8294330418853,0.6027838344794337,OnTrack,7056.0,2508.0,530.0
2026-08-21 15:13:36.140,0 days 00:57:13.755000,63,576.0583333333343,0 days 00:00:44.308000,11475.0,152.0,3,85.0,False,0,car,2567.808055555556,0.6048989299356791,OnTrack,6904.922632112463,2542.9727564298046,530.9622207405814
2026-08-21 15:13:36.148,0 days 00:57:13.763000,63,575.9161111111121,0 days 00:00:44.316000,11506.166666666666,152.26666666666668,3,85.1,False,0,pos,2568.155334781138,0.6049807385550925,OnTrack,6900.0,2544.0,531.0
2026-08-21 15:13:36.380,0 days 00:57:13.995000,63,571.7916666666674,0 days 00:00:44.548000,12410.0,160.0,3,88.0,False,0,car,2578.474722222223,0.6074116782069868,OnTrack,6802.888775403563,2559.3854936849116,531.8799819027464
2026-08-21 15:13:36.448,0 days 00:57:14.063000,63,570.4883333333341,0 days 00:00:44.616000,11981.6,162.38,3,90.72,False,0,pos,2581.574840910578,0.6081419736327692,OnTrack,6768.0,2564.0,532.0
2026-08-21 15:13:36.580,0 days 00:57:14.195000,63,567.9583333333344,0 days 00:00:44.748000,11150.0,167.0,3,96.0,False,0,car,2587.7525000000005,0.6095972457138013,OnTrack,6677.77836902979,2576.6442736963895,532.0230351257852
2026-08-21 15:13:36.628,0 days 00:57:14.243000,63,566.9316666666678,0 days 00:00:44.796000,11244.8,169.57142857142858,3,96.68571428571428,False,0,pos,2590.0854563824537,0.6101468205997743,OnTrack,6647.0,2581.0,532.0
2026-08-21 15:13:36.860,0 days 00:57:14.475000,63,561.9694444444453,0 days 00:00:45.028000,11703.0,182.0,4,100.0,False,0,car,2601.908055555556,0.6129318720655159,OnTrack,6551.829858656785,2594.24426030966,531.8319574984818
2026-08-21 15:13:37.008,0 days 00:57:14.623000,63,558.5983333333343,0 days 00:00:45.176000,11565.483333333334,188.16666666666666,4,100.0,False,0,pos,2609.713662976842,0.6147706401799855,OnTrack,6496.0,2601.0,532.0
2026-08-21 15:13:37.100,0 days 00:57:14.715000,63,556.5027777777786,0 days 00:00:45.268000,11480.0,192.0,4,100.0,False,0,car,2614.7080555555563,0.6159471699910852,OnTrack,6451.364515632211,2605.9807256627982,532.3050739357171
2026-08-21 15:13:37.308,0 days 00:57:14.923000,63,551.5916666666675,0 days 00:00:45.476000,11134.85,200.45,4,100.0,False,0,pos,2626.4850814290226,0.6187214857477756,OnTrack,6336.0,2619.0,533.0
2026-08-21 15:13:37.368,0 days 00:57:14.983000,63,550.1750000000008,0 days 00:00:45.536000,11035.2875,202.8875,4,100.0,False,0,pos,2629.9389679036653,0.6195351183041929,OnTrack,6303.0,2623.0,533.0
2026-08-21 15:13:37.420,0 days 00:57:15.035000,63,548.947222222223,0 days 00:00:45.588000,10949.0,205.0,5,100.0,False,0,car,2632.9302777777784,0.6202397816212358,OnTrack,6266.154576526625,2626.428744167233,533.0794820301286
2026-08-21 15:13:37.580,0 days 00:57:15.195000,63,545.3472222222235,0 days 00:00:45.748000,11162.0,208.0,5,100.0,False,0,car,2642.1747222222225,0.6224174967897025,OnTrack,6112.46663333747,2636.1587511352345,533.7856033763544
2026-08-21 15:13:37.648,0 days 00:57:15.263000,63,543.8172222222233,0 days 00:00:45.816000,11277.6,211.06,5,100.0,False,0,pos,2646.2028055902165,0.623366392994666,OnTrack,6059.0,2639.0,534.0
2026-08-21 15:13:37.780,0 days 00:57:15.395000,63,540.8472222222231,0 days 00:00:45.948000,11502.0,217.0,5,100.0,False,0,car,2654.230277777778,0.6252574258255034,OnTrack,5992.630111869744,2641.7886064908453,534.1013360687011
2026-08-21 15:13:38.008,0 days 00:57:15.623000,63,535.907222222223,0 days 00:00:46.176000,11869.65,226.2625,5,100.0,False,0,pos,2668.7197692702753,0.628670717516119,OnTrack,5924.0,2641.0,534.0
2026-08-21 15:13:38.100,0 days 00:57:15.715000,63,533.9138888888897,0 days 00:00:46.268000,12018.0,230.0,5,100.0,False,0,car,2674.6747222222225,0.6300735266788432,OnTrack,5876.149168693374,2640.1686485868645,534.2261839585835
2026-08-21 15:13:38.288,0 days 00:57:15.903000,63,530.3627777777783,0 days 00:00:46.456000,11222.357142857143,234.02857142857144,5,100.0,False,0,pos,2686.925574151762,0.6329594617108428,OnTrack,5745.0,2636.0,535.0
2026-08-21 15:13:38.380,0 days 00:57:15.995000,63,528.6250000000005,0 days 00:00:46.548000,10833.0,236.0,6,100.0,False,0,car,2693.0302777777783,0.6343975476623852,OnTrack,5669.3148375303945,2631.4470843629297,535.3761771433061
2026-08-21 15:13:38.548,0 days 00:57:16.163000,63,525.7783328286615,0 days 00:00:46.716000,11061.033281424183,241.58448852467387,6,100.0,False,0,pos,2704.4389590151327,0.6370850924177348,OnTrack,5532.0,2621.0,536.0
2026-08-21 15:13:38.741,0 days 00:57:16.356000,63,522.508055555556,0 days 00:00:46.909000,11323.0,248.0,6,100.0,False,0,car,2717.899166666667,0.6402559155590946,OnTrack,5423.521260582111,2611.141160057374,536.5217820828846
2026-08-21 15:13:38.909,0 days 00:57:16.524000,63,519.8013888888893,0 days 00:00:47.077000,11514.333333333334,253.13333333333333,6,100.0,False,0,pos,2729.862185426187,0.6430740456879324,OnTrack,5326.0,2599.0,537.0
2026-08-21 15:13:39.101,0 days 00:57:16.716000,63,516.7080555555558,0 days 00:00:47.269000,11733.0,259.0,6,100.0,False,0,car,2743.799166666667,0.6463571824553636,OnTrack,5166.453430160877,2575.7399182530253,537.7485232931757
2026-08-21 15:13:39.169,0 days 00:57:16.784000,63,515.7069444444447,0 days 00:00:47.337000,11591.9,260.53,6,100.0,False,0,pos,2748.7984810035964,0.6475348716857863,OnTrack,5107.0,2566.0,538.0
2026-08-21 15:13:39.501,0 days 00:57:17.116000,63,510.8191666666671,0 days 00:00:47.669000,10903.0,268.0,6,100.0,False,0,car,2773.576944444445,0.6533719380460976,OnTrack,4840.390964126189,2513.4449289649497,538.8745839715366
2026-08-21 15:13:39.568,0 days 00:57:17.183000,63,509.9630547377782,0 days 00:00:47.736000,10896.858327466667,268.7444451555556,6,100.0,False,0,pos,2778.612016576655,0.654558050745734,OnTrack,4797.0,2504.0,539.0
2026-08-21 15:13:39.861,0 days 00:57:17.476000,63,506.21916666666675,0 days 00:00:48.029000,10870.0,272.0,7,100.0,False,0,car,2800.7769444444452,0.6597794461379324,OnTrack,4638.814894089757,2466.564806217774,539.7953942902756
2026-08-21 15:13:39.888,0 days 00:57:17.503000,63,505.8966659022224,0 days 00:00:48.056000,10885.0428928,272.482144,7,100.0,False,0,pos,2802.838218026874,0.6602650206658329,OnTrack,4621.0,2462.0,540.0
2026-08-21 15:13:40.141,0 days 00:57:17.756000,63,502.8747222222232,0 days 00:00:48.309000,11026.0,277.0,7,100.0,False,0,car,2822.321388888889,0.6648546741567506,OnTrack,4411.275433750731,2405.916039829296,543.259291070934
2026-08-21 15:13:40.188,0 days 00:57:17.803000,63,502.3133325688898,0 days 00:00:48.356000,11037.5541824,277.7833344,7,100.0,False,0,pos,2825.9746157853574,0.6657152653663252,OnTrack,4369.0,2394.0,544.0
2026-08-21 15:13:40.381,0 days 00:57:17.996000,63,500.008055555556,0 days 00:00:48.549000,11085.0,281.0,7,100.0,False,0,car,2841.0547222222226,0.6692676883082348,OnTrack,4193.665682487043,2342.176979920337,547.2537397868468
2026-08-21 15:13:40.568,0 days 00:57:18.183000,63,497.87833260444484,0 days 00:00:48.736000,11184.11003392,281.93500032,7,100.0,False,0,pos,2855.6997021701086,0.6727176084376773,OnTrack,4039.0,2294.0,550.0
2026-08-21 15:13:40.581,0 days 00:57:18.196000,63,497.73027777777816,0 days 00:00:48.749000,11191.0,282.0,7,100.0,False,0,car,2856.7213888888896,0.672958287331718,OnTrack,4029.4391326154837,2290.9548615707045,550.1500851733874
2026-08-21 15:13:40.741,0 days 00:57:18.356000,63,495.99694444444503,0 days 00:00:48.909000,11191.0,284.0,7,100.0,False,0,car,2869.3436111111114,0.6759317061194321,OnTrack,3924.4484761130675,2256.7129827929316,551.5626086945638
2026-08-21 15:13:40.968,0 days 00:57:18.583000,63,493.09638807111173,0 days 00:00:49.136000,11272.3416896,285.8916672,7,100.0,False,0,pos,2887.3732945733527,0.6801789613649297,OnTrack,3792.0,2212.0,553.0
2026-08-21 15:13:40.981,0 days 00:57:18.596000,63,492.93027777777843,0 days 00:00:49.149000,11277.0,286.0,7,100.0,False,0,car,2888.410277777778,0.6804232436543947,OnTrack,3784.017225004716,2209.311273392376,553.0958826729873
2026-08-21 15:13:41.228,0 days 00:57:18.843000,63,487.09833182222326,0 days 00:00:49.396000,11078.370781866666,287.02916693333333,7,100.0,False,0,pos,2908.2071159949046,0.6850867878113424,OnTrack,3596.0,2145.0,554.0
2026-08-21 15:13:41.448,0 days 00:57:19.063000,63,481.90388737777914,0 days 00:00:49.616000,10901.4541152,287.9458336,7,100.0,False,0,pos,2925.7798641427817,0.6892264027360957,OnTrack,3321.0,2047.0,550.0
2026-08-21 15:13:41.461,0 days 00:57:19.076000,63,481.59694444444585,0 days 00:00:49.629000,10891.0,288.0,7,100.0,False,0,car,2926.8102777777776,0.6894691374311023,OnTrack,3309.809133815656,2042.97533783076,549.7945094666521
2026-08-21 15:13:41.621,0 days 00:57:19.236000,63,477.7302777777786,0 days 00:00:49.789000,10943.0,284.0,7,100.0,False,0,car,2939.4325000000003,0.6924425562188166,OnTrack,3245.50540730923,2019.4171478717744,548.1816190265206
2026-08-21 15:13:41.748,0 days 00:57:19.363000,63,474.55527617777864,0 days 00:00:49.916000,10894.220429963636,281.69090792727275,7,100.0,False,0,pos,2949.419131341237,0.6947951084662116,OnTrack,3203.0,2003.0,547.0
2026-08-21 15:13:41.948,0 days 00:57:19.563000,63,469.55527617777864,0 days 00:00:50.116000,10817.402248145454,278.05454429090906,7,100.0,False,0,pos,2964.9214795525013,0.6984469989664366,OnTrack,3057.0,1947.0,544.0
2026-08-21 15:13:42.061,0 days 00:57:19.676000,63,466.7302777777786,0 days 00:00:50.229000,10774.0,276.0,7,100.0,True,0,car,2973.1658333333335,0.7003891226268272,OnTrack,2977.024917010916,1915.2920481902638,541.9416520812136
2026-08-21 15:13:42.248,0 days 00:57:19.863000,63,463.92527681777887,0 days 00:00:50.416000,10133.5247808,257.7249937454545,7,59.19998603636364,True,0,pos,2985.867740215588,0.7033813127418925,OnTrack,2845.0,1861.0,538.0
2026-08-21 15:13:42.468,0 days 00:57:20.083000,63,460.62527681777914,0 days 00:00:50.636000,9380.0247808,236.22499374545455,7,11.199986036363638,True,0,pos,2999.6402176616275,0.7066256973257201,OnTrack,2664.0,1785.0,533.0
2026-08-21 15:13:42.501,0 days 00:57:20.116000,63,460.13027777777916,0 days 00:00:50.669000,9267.0,233.0,7,4.0,True,0,car,3001.643611111111,0.7070976370219956,OnTrack,2643.64126370958,1776.2469223518615,532.4894158827697
2026-08-21 15:13:42.748,0 days 00:57:20.363000,63,458.20916616889014,0 days 00:00:50.916000,10057.4002048,210.94642285714286,7,4.882143085714286,True,0,pos,3016.0282084539135,0.7104862187819878,OnTrack,2542.0,1730.0,530.0
2026-08-21 15:13:42.781,0 days 00:57:20.396000,63,457.95250000000124,0 days 00:00:50.949000,10163.0,208.0,7,5.0,True,0,car,3017.821388888889,0.7109086385668123,OnTrack,2527.03209469914,1722.9387317035093,529.4786078238482
2026-08-21 15:13:42.968,0 days 00:57:20.583000,63,458.2641667018409,0 days 00:00:51.136000,10484.050215443678,188.56272182073764,7,5.670250971698702,True,0,pos,3027.3198181119346,0.7131461849677821,OnTrack,2433.0,1678.0,526.0
2026-08-21 15:13:43.060,0 days 00:57:20.675000,63,458.4175000000009,0 days 00:00:51.228000,10642.0,179.0,5,6.0,True,0,car,3031.693888888889,0.7141765854787231,OnTrack,2390.904676311218,1657.3769485205517,524.9757008246614
2026-08-21 15:13:43.188,0 days 00:57:20.803000,63,459.5197222222231,0 days 00:00:51.356000,10905.771428571428,169.85714285714286,5,7.371428571428572,True,0,pos,3037.5335918235555,0.7155522451775387,OnTrack,2336.0,1630.0,524.0
2026-08-21 15:13:43.340,0 days 00:57:20.955000,63,460.82861111111197,0 days 00:00:51.508000,11219.0,159.0,4,9.0,True,0,car,3044.0605555555558,0.7170898030057705,OnTrack,2270.9047596543346,1597.280168186163,522.537290939171
2026-08-21 15:13:43.428,0 days 00:57:21.043000,63,462.3441666666675,0 days 00:00:51.596000,10931.777777777777,153.86666666666667,4,9.0,True,0,pos,3047.616271251083,0.7179274234870704,OnTrack,2239.0,1582.0,522.0
2026-08-21 15:13:43.628,0 days 00:57:21.243000,63,465.78861111111183,0 days 00:00:51.796000,10279.0,142.2,4,9.0,True,0,pos,3055.19265161239,0.7197121925485369,OnTrack,2185.0,1561.0,522.0
2026-08-21 15:13:43.700,0 days 00:57:21.315000,63,467.0286111111118,0 days 00:00:51.868000,10044.0,138.0,3,9.0,True,0,car,3057.860555555556,0.7203406710817749,OnTrack,2161.836929464858,1553.9839200360864,521.7972163491102
2026-08-21 15:13:43.848,0 days 00:57:21.463000,63,470.2352777777786,0 days 00:00:52.016000,9608.016666666666,133.68333333333334,3,9.0,True,0,pos,3063.2887093608415,0.721619382090271,OnTrack,2109.0,1542.0,521.0
2026-08-21 15:13:43.940,0 days 00:57:21.555000,63,472.22861111111206,0 days 00:00:52.108000,9337.0,131.0,3,9.0,True,0,car,3066.593888888889,0.7223979837289081,OnTrack,2078.758374804631,1539.9520817320263,520.5153316783607
2026-08-21 15:13:44.068,0 days 00:57:21.683000,63,475.4997222222231,0 days 00:00:52.236000,9376.111111111111,128.51111111111112,3,16.822222222222223,True,0,pos,3071.076033051666,0.7234538431036052,OnTrack,2039.0,1545.0,520.0
2026-08-21 15:13:44.248,0 days 00:57:21.863000,63,480.099722222223,0 days 00:00:52.416000,9431.111111111111,125.0111111111111,3,27.822222222222223,True,0,pos,3077.220292703956,0.7249012472742075,OnTrack,1984.0,1569.0,520.0
2026-08-21 15:13:44.300,0 days 00:57:21.915000,63,481.4286111111119,0 days 00:00:52.468000,9447.0,124.0,3,31.0,False,0,car,3078.993888888889,0.7253190535943034,OnTrack,1968.618477347456,1579.2320233440773,520.2560824121285
2026-08-21 15:13:44.448,0 days 00:57:22.063000,63,485.70416666666745,0 days 00:00:52.616000,9279.442857142858,123.47142857142858,3,34.17142857142857,False,0,pos,3084.0465853842315,0.726509318067814,OnTrack,1927.0,1614.0,521.0
2026-08-21 15:13:44.580,0 days 00:57:22.195000,63,489.51750000000084,0 days 00:00:52.748000,9130.0,123.0,3,37.0,False,0,car,3088.5605555555558,0.7275726747001324,OnTrack,1892.9840010750415,1647.4281484692194,520.2475169678412
2026-08-21 15:13:44.608,0 days 00:57:22.223000,63,490.3963888888897,0 days 00:00:52.776000,9098.85,123.0,3,34.2,False,0,pos,3089.5191448302066,0.7277984897197672,OnTrack,1885.0,1655.0,520.0
2026-08-21 15:13:44.900,0 days 00:57:22.515000,63,499.5619444444451,0 days 00:00:53.068000,8774.0,123.0,3,5.0,True,0,car,3099.493888888889,0.7301482416782228,OnTrack,1781.5712611893757,1741.1230176698398,516.8101157233384
2026-08-21 15:13:44.988,0 days 00:57:22.603000,63,502.59305555555596,0 days 00:00:53.156000,9130.714285714286,122.05714285714286,3,3.428571428571429,True,0,pos,3102.4590320814677,0.7308467409061601,OnTrack,1757.0,1760.0,516.0
2026-08-21 15:13:45.180,0 days 00:57:22.795000,63,509.2063888888888,0 days 00:00:53.348000,9909.0,120.0,3,0.0,False,0,car,3108.8272222222226,0.7323468964156171,OnTrack,1726.633212890106,1780.924867769285,514.812378472014
2026-08-21 15:13:45.341,0 days 00:57:22.956000,63,515.1097222222224,0 days 00:00:53.509000,10375.0,116.0,2,0.0,True,0,car,3114.0150000000003,0.733568982007152,OnTrack,1682.5856485879553,1792.2490711496039,513.1287968984107
2026-08-21 15:13:45.349,0 days 00:57:22.964000,63,515.4186111111113,0 days 00:00:53.517000,10368.75,115.8,2,0.0,True,0,pos,3114.267822885699,0.7336285395323696,OnTrack,1679.0,1793.0,513.0
2026-08-21 15:13:45.501,0 days 00:57:23.116000,63,521.2874999999999,0 days 00:00:53.669000,10250.0,112.0,2,0.0,True,0,car,3118.992777777778,0.7347415978670956,OnTrack,1594.2382982209429,1808.4172406590194,510.1243226220294
2026-08-21 15:13:45.509,0 days 00:57:23.124000,63,521.6075,0 days 00:00:53.677000,10231.64,111.92,2,0.0,True,0,pos,3119.239297729014,0.7347996706090936,OnTrack,1590.0,1809.0,510.0
2026-08-21 15:13:45.701,0 days 00:57:23.316000,63,529.2874999999999,0 days 00:00:53.869000,9791.0,110.0,2,0.0,True,0,car,3125.1038888888893,0.7361811932308657,OnTrack,1511.5240151349662,1811.7665067192193,508.5746094998632
2026-08-21 15:13:45.861,0 days 00:57:23.476000,63,535.9986111111107,0 days 00:00:54.029000,9436.0,107.0,2,0.0,True,0,car,3129.8594444444448,0.7373014601684904,OnTrack,1473.6622694325715,1803.5717462935454,508.8941202731708
2026-08-21 15:13:45.949,0 days 00:57:23.564000,63,539.9586111111106,0 days 00:00:54.117000,9244.285714285714,104.8,2,0.0,True,0,pos,3132.379518481647,0.7378951143885418,OnTrack,1458.0,1800.0,509.0
2026-08-21 15:13:46.141,0 days 00:57:23.756000,63,548.5986111111106,0 days 00:00:54.309000,8826.0,100.0,2,0.0,True,0,car,3137.6372222222226,0.7391336724496523,OnTrack,1434.6135576823601,1794.2006828679844,509.02317040887726
2026-08-21 15:13:46.228,0 days 00:57:23.843000,63,552.8277808888885,0 days 00:00:54.396000,8820.99749632,98.25999872,2,6.307504639999999,True,0,pos,3139.923475853866,0.7396722455615914,OnTrack,1421.0,1789.0,509.0
2026-08-21 15:13:46.428,0 days 00:57:24.043000,63,562.5500031111109,0 days 00:00:54.596000,8809.49749632,94.25999872,2,20.807504639999998,True,0,pos,3144.9924659091294,0.7408663483114638,OnTrack,1374.0,1766.0,509.0
2026-08-21 15:13:46.541,0 days 00:57:24.156000,63,568.0430555555554,0 days 00:00:54.709000,8803.0,92.0,2,29.0,False,0,car,3147.8594444444448,0.7415417228763221,OnTrack,1344.83849434238,1746.5199580403535,509.13786519627257
2026-08-21 15:13:46.781,0 days 00:57:24.396000,63,579.8430555555551,0 days 00:00:54.949000,8856.0,93.0,2,44.0,False,0,car,3154.0594444444446,0.7430022578090197,OnTrack,1285.635791479919,1691.9242922386422,509.8717642348998
2026-08-21 15:13:46.808,0 days 00:57:24.423000,63,581.1555586666661,0 days 00:00:54.976000,8895.9938448,93.5062512,2,44.5062512,False,0,pos,3154.771463875021,0.7431699883333932,OnTrack,1280.0,1685.0,510.0
2026-08-21 15:13:46.941,0 days 00:57:24.556000,63,587.6208333333325,0 days 00:00:55.109000,9093.0,96.0,2,47.0,False,0,car,3158.3261111111115,0.7440073571175428,OnTrack,1255.627067120034,1648.740081692432,510.7702380858879
2026-08-21 15:13:47.181,0 days 00:57:24.796000,63,599.2874999999999,0 days 00:00:55.349000,9469.0,99.0,2,50.0,False,0,car,3164.9261111111114,0.7455621201104145,OnTrack,1226.5417158534885,1587.3281786848875,511.9899192567605
2026-08-21 15:13:47.188,0 days 00:57:24.803000,63,599.6258364266665,0 days 00:00:55.356000,9480.0688512,99.1312512,2,50.2625024,False,0,pos,3165.1219460285097,0.7456082529713665,OnTrack,1226.0,1586.0,512.0
2026-08-21 15:13:47.341,0 days 00:57:24.956000,63,607.020833333333,0 days 00:00:55.509000,9722.0,102.0,2,56.0,False,0,car,3169.4594444444447,0.7466300381257203,OnTrack,1218.5245149761809,1564.0434148515556,511.82963010345253
2026-08-21 15:13:47.488,0 days 00:57:25.103000,63,614.0033363733328,0 days 00:00:55.656000,10147.075185066667,105.06250133333333,2,59.06250133333333,False,0,pos,3173.778342329565,0.7476474415502319,OnTrack,1214.0,1541.0,512.0
2026-08-21 15:13:47.581,0 days 00:57:25.196000,63,618.4208333333327,0 days 00:00:55.749000,10416.0,107.0,2,61.0,False,0,car,3176.592777777778,0.7483104385321573,OnTrack,1209.9477846071547,1518.2814389782657,512.7823231014368
2026-08-21 15:13:47.708,0 days 00:57:25.323000,63,624.2769473955549,0 days 00:00:55.876000,10762.0751744,110.81000192,2,66.08000256,False,0,pos,3180.540220166876,0.7492403381295911,OnTrack,1206.0,1475.0,514.0
2026-08-21 15:13:47.781,0 days 00:57:25.396000,63,627.6430555555548,0 days 00:00:55.949000,10961.0,113.0,2,69.0,False,0,car,3182.8705555555557,0.7497892955876665,OnTrack,1206.6209540277707,1442.3309272784181,514.3120505994619
2026-08-21 15:13:47.941,0 days 00:57:25.556000,63,634.79861111111,0 days 00:00:56.109000,11517.0,119.0,2,73.0,False,0,car,3188.159444444445,0.7510351999388567,OnTrack,1213.5621815344418,1360.1700288765817,514.1561460971993
2026-08-21 15:13:48.008,0 days 00:57:25.623000,63,637.701947217777,0 days 00:00:56.176000,11712.9751872,121.9312528,2,73.4187504,False,0,pos,3190.4677085248236,0.7515789580555154,OnTrack,1216.0,1335.0,514.0
2026-08-21 15:13:48.101,0 days 00:57:25.716000,63,641.7319444444443,0 days 00:00:56.269000,11985.0,126.0,2,74.0,False,0,car,3193.759444444445,0.7523543927812932,OnTrack,1218.2526188489464,1312.4150090253227,513.7560410268591
2026-08-21 15:13:48.341,0 days 00:57:25.956000,63,651.7319444444438,0 days 00:00:56.509000,10647.0,134.0,3,85.0,False,0,car,3202.6927777777782,0.7544588194585135,OnTrack,1222.8848483905035,1284.4494057708937,513.1013692107925
2026-08-21 15:13:48.428,0 days 00:57:26.043000,63,655.1394469511106,0 days 00:00:56.596000,10784.0251008,139.437504,3,86.6312512,False,0,pos,3206.125310175762,0.7552674216318798,OnTrack,1230.0,1242.0,513.0
2026-08-21 15:13:48.501,0 days 00:57:26.116000,63,657.9986111111107,0 days 00:00:56.669000,10899.0,144.0,3,88.0,False,0,car,3209.092777777778,0.755966468421298,OnTrack,1238.8568366104457,1188.2911320274698,512.9870043055893
2026-08-21 15:13:48.568,0 days 00:57:26.183000,63,660.4552801244442,0 days 00:00:56.736000,11194.6377824,147.07083626666667,3,91.3500032,False,0,pos,3211.888543281806,0.7566250673216631,OnTrack,1247.0,1139.0,513.0
2026-08-21 15:13:48.741,0 days 00:57:26.356000,63,666.7986111111113,0 days 00:00:56.909000,11958.0,155.0,3,100.0,False,0,car,3219.4261111111114,0.7584006933091273,OnTrack,1258.6824506821335,1071.0734233724459,513.009351259079
2026-08-21 15:13:48.948,0 days 00:57:26.563000,63,673.8711132977777,0 days 00:00:57.116000,11357.0529392,165.3500032,3,100.0,False,0,pos,3229.050326249748,0.7606678711171558,OnTrack,1267.0,1026.0,513.0
2026-08-21 15:13:49.061,0 days 00:57:26.676000,63,677.7319444444443,0 days 00:00:57.229000,11029.0,171.0,3,100.0,False,0,car,3234.626111111111,0.7619813595957408,OnTrack,1275.411466207655,977.0558156208307,512.9990624094357
2026-08-21 15:13:49.208,0 days 00:57:26.823000,63,682.019446311111,0 days 00:00:57.376000,11364.427418763637,178.68409425454544,3,100.0,False,0,pos,3242.2505008188245,0.7637774382261627,OnTrack,1288.0,904.0,513.0
2026-08-21 15:13:49.408,0 days 00:57:27.023000,63,687.8527796444444,0 days 00:00:57.576000,11820.791055127273,189.1386397090909,3,100.0,False,0,pos,3253.176926807701,0.7663513780400805,OnTrack,1306.0,804.0,513.0
2026-08-21 15:13:49.501,0 days 00:57:27.116000,63,690.5652777777777,0 days 00:00:57.669000,12033.0,194.0,4,100.0,False,0,car,3258.337222222222,0.7675669896071685,OnTrack,1321.3216902378608,717.4612622152989,512.999791738607
2026-08-21 15:13:49.588,0 days 00:57:27.203000,63,693.0544458318043,0 days 00:00:57.756000,11781.208773310971,196.42339967939392,4,100.0,False,0,pos,3263.1996647476417,0.7687124359243637,OnTrack,1336.0,634.0,513.0
2026-08-21 15:13:49.860,0 days 00:57:27.475000,63,700.8366666666675,0 days 00:00:58.028000,10994.0,204.0,4,100.0,False,0,car,3278.680555555555,0.7723592717008532,OnTrack,1357.508983624852,508.80081566224146,513.0056764723898
2026-08-21 15:13:50.020,0 days 00:57:27.635000,63,705.1033333333335,0 days 00:00:58.188000,11041.0,211.0,5,100.0,False,0,car,3288.0583333333334,0.7745683962227112,OnTrack,1365.49346212275,461.987715771358,513.0030184912769
2026-08-21 15:13:50.068,0 days 00:57:27.683000,63,706.3433333333337,0 days 00:00:58.236000,11123.32,212.2,5,100.0,False,0,pos,3290.9088441422336,0.7752398914827806,OnTrack,1369.0,442.0,513.0
2026-08-21 15:13:50.220,0 days 00:57:27.835000,63,710.2700000000009,0 days 00:00:58.388000,11384.0,216.0,5,100.0,False,0,car,3300.058333333333,0.7773952380279323,OnTrack,1383.4615212216347,360.69172501151337,512.9846569386492
2026-08-21 15:13:50.328,0 days 00:57:27.943000,63,712.9700000000007,0 days 00:00:58.496000,11503.25,219.15,5,100.0,False,0,pos,3306.693826318258,0.7789583621086021,OnTrack,1396.0,289.0,513.0
2026-08-21 15:13:50.460,0 days 00:57:28.075000,63,716.2700000000004,0 days 00:00:58.628000,11649.0,223.0,5,100.0,False,0,car,3314.9249999999997,0.7808973809310675,OnTrack,1412.9701302424064,189.22924815995654,513.0614914118092
2026-08-21 15:13:50.528,0 days 00:57:28.143000,63,717.8944444444451,0 days 00:00:58.696000,11712.75,224.7,5,100.0,False,0,pos,3319.200287867042,0.7819045111370599,OnTrack,1421.0,142.0,513.0
2026-08-21 15:13:50.620,0 days 00:57:28.235000,63,720.092222222223,0 days 00:00:58.788000,11799.0,227.0,5,100.0,False,0,car,3325.0138888888882,0.7832740220043459,OnTrack,1430.1053068657145,89.14481096607912,512.7383270139619
2026-08-21 15:13:50.780,0 days 00:57:28.395000,63,723.914444444446,0 days 00:00:58.948000,11987.0,229.0,5,100.0,False,0,car,3335.191666666666,0.7856716026465521,OnTrack,1444.05291873044,10.42970299694416,512.0725440036437
2026-08-21 15:13:50.808,0 days 00:57:28.423000,63,724.544444444446,0 days 00:00:58.976000,12011.966666666667,229.46666666666667,5,100.0,False,0,pos,3336.9897120653823,0.7860951684716169,OnTrack,1447.0,-6.0,512.0
2026-08-21 15:13:51.128,0 days 00:57:28.743000,63,731.7444444444459,0 days 00:00:59.296000,12297.3,234.8,5,100.0,False,0,pos,3357.8989355254466,0.791020757387585,OnTrack,1489.0,-235.0,512.0
2026-08-21 15:13:51.140,0 days 00:57:28.755000,63,732.0144444444459,0 days 00:00:59.308000,12308.0,235.0,5,100.0,False,0,car,3358.691666666666,0.7912075011817769,OnTrack,1490.5117189144694,-242.87925230614854,512.0057610403788
2026-08-21 15:13:51.468,0 days 00:57:29.083000,63,739.0300000000017,0 days 00:00:59.636000,12462.888888888889,239.55555555555554,5,100.0,False,0,pos,3380.5433575945917,0.7963551073009296,OnTrack,1528.0,-429.0,512.0
2026-08-21 15:13:51.500,0 days 00:57:29.115000,63,739.7144444444461,0 days 00:00:59.668000,12478.0,240.0,5,100.0,False,0,car,3382.691666666666,0.7968611847922192,OnTrack,1531.797534559411,-448.0225321315613,511.9783886347615
2026-08-21 15:13:51.688,0 days 00:57:29.303000,63,743.7355555555564,0 days 00:00:59.856000,12092.6,240.0,5,100.0,False,0,pos,3395.247623815257,0.7998189935065695,OnTrack,1555.0,-566.0,512.0
2026-08-21 15:13:51.700,0 days 00:57:29.315000,63,743.9922222222231,0 days 00:00:59.868000,12068.0,240.0,5,100.0,True,0,car,3396.0249999999996,0.800002120131354,OnTrack,1556.4916799092175,-573.6258390238588,512.0349096276364
2026-08-21 15:13:51.901,0 days 00:57:29.516000,63,749.240555555557,0 days 00:01:00.069000,11775.0,223.0,5,15.0,True,0,car,3408.475833333333,0.8029351648127295,OnTrack,1581.0694490154988,-701.8595479965122,512.9792320805288
2026-08-21 15:13:51.909,0 days 00:57:29.524000,63,749.4827777777792,0 days 00:01:00.077000,11742.6,222.4,5,15.04,True,0,pos,3408.952158036223,0.8030473726946453,OnTrack,1582.0,-707.0,513.0
2026-08-21 15:13:52.101,0 days 00:57:29.716000,63,755.2961111111131,0 days 00:01:00.269000,10965.0,208.0,5,16.0,True,0,car,3420.031388888888,0.8056573087733129,OnTrack,1602.2995169899611,-828.329500287749,513.0009316505976
2026-08-21 15:13:52.109,0 days 00:57:29.724000,63,755.5583333333353,0 days 00:01:00.277000,10989.942857142858,207.74285714285713,5,16.02857142857143,True,0,pos,3420.4830743203693,0.8057637123783564,OnTrack,1603.0,-833.0,513.0
2026-08-21 15:13:52.289,0 days 00:57:29.904000,63,761.4583333333356,0 days 00:01:00.457000,11551.157142857142,201.95714285714286,5,16.67142857142857,True,0,pos,3430.4836148969866,0.8081195412264224,OnTrack,1614.0,-934.0,513.0
2026-08-21 15:13:52.381,0 days 00:57:29.996000,63,764.4738888888915,0 days 00:01:00.549000,11838.0,199.0,5,17.0,True,0,car,3435.509166666666,0.809303411212825,OnTrack,1614.1813775425537,-995.9047730868622,512.7063426839809
2026-08-21 15:13:52.569,0 days 00:57:30.184000,63,770.8972222222246,0 days 00:01:00.737000,11628.066666666668,194.3,5,18.566666666666666,True,0,pos,3445.6306652345697,0.8116877341530946,OnTrack,1605.0,-1124.0,512.0
2026-08-21 15:13:52.621,0 days 00:57:30.236000,63,772.6738888888913,0 days 00:01:00.789000,11570.0,193.0,4,19.0,True,0,car,3448.3758333333326,0.8123344138150899,OnTrack,1601.3031655143968,-1149.5965212695419,512.0335843559748
2026-08-21 15:13:52.888,0 days 00:57:30.503000,63,782.4638912355578,0 days 00:01:01.056000,11309.6749376,185.4906232,4,25.675001599999998,True,0,pos,3462.064959699729,0.8155591633725473,OnTrack,1570.0,-1241.0,513.0
2026-08-21 15:13:52.941,0 days 00:57:30.556000,63,784.4072222222244,0 days 00:01:01.109000,11258.0,184.0,4,27.0,False,0,car,3464.731388888888,0.8161872944977617,OnTrack,1559.4111506914103,-1263.725997969231,513.0019254969021
2026-08-21 15:13:53.048,0 days 00:57:30.663000,63,788.4494468622245,0 days 00:01:01.216000,11245.69499264,181.85999872,4,46.79501184,False,0,pos,3470.0794491782412,0.8174471378646607,OnTrack,1534.0,-1313.0,513.0
2026-08-21 15:13:53.141,0 days 00:57:30.756000,63,791.96277777778,0 days 00:01:01.309000,11235.0,180.0,4,64.0,False,0,car,3474.731388888888,0.8185429960021127,OnTrack,1508.9876594632794,-1352.1828428756385,513.4563305637639
2026-08-21 15:13:53.248,0 days 00:57:30.863000,63,795.6780577777798,0 days 00:01:01.416000,11384.417946514286,181.14642925714287,4,71.64286171428571,False,0,pos,3480.1302050818335,0.8198147959448562,OnTrack,1477.0,-1394.0,514.0
2026-08-21 15:13:53.421,0 days 00:57:31.036000,63,801.6850000000018,0 days 00:01:01.589000,11626.0,183.0,4,84.0,False,0,car,3488.9647222222216,0.8218959444766389,OnTrack,1417.9506939908972,-1457.3964684178343,513.8231196243635
2026-08-21 15:13:53.468,0 days 00:57:31.083000,63,803.1863909333352,0 days 00:01:01.636000,11672.8042304,183.7833344,4,83.6083328,False,0,pos,3491.387446565166,0.8224666660145693,OnTrack,1400.0,-1473.0,514.0
2026-08-21 15:13:53.648,0 days 00:57:31.263000,63,808.9363909333358,0 days 00:01:01.816000,11852.0542304,186.7833344,4,82.1083328,False,0,pos,3500.7505539545596,0.8246723346308286,OnTrack,1325.0,-1525.0,516.0
2026-08-21 15:13:53.661,0 days 00:57:31.276000,63,809.3516666666692,0 days 00:01:01.829000,11865.0,187.0,4,82.0,False,0,car,3501.4313888888883,0.8248327190187299,OnTrack,1319.553019340162,-1528.306533967983,516.1356793914239
2026-08-21 15:13:53.928,0 days 00:57:31.543000,63,816.7683351111131,0 days 00:01:02.096000,10857.9091336,190.3375008,4,84.5031256,False,0,pos,3515.5607048914585,0.8281611641150004,OnTrack,1191.0,-1582.0,518.0
2026-08-21 15:13:53.981,0 days 00:57:31.596000,63,818.2405555555574,0 days 00:01:02.149000,10658.0,191.0,4,85.0,False,0,car,3518.409166666666,0.8288321766838946,OnTrack,1152.1503330517537,-1588.875155933919,518.3690171115513
2026-08-21 15:13:54.141,0 days 00:57:31.756000,63,822.1961111111127,0 days 00:01:02.309000,10597.0,196.0,5,100.0,False,0,car,3527.1202777777767,0.8308842544387959,OnTrack,1008.4242650089798,-1601.9190749392374,519.560743876357
2026-08-21 15:13:54.248,0 days 00:57:31.863000,63,824.4252791111129,0 days 00:01:02.416000,10709.7959008,199.1208352,5,100.0,False,0,pos,3533.076032112613,0.8322872523834078,OnTrack,936.0,-1606.0,520.0
2026-08-21 15:13:54.381,0 days 00:57:31.996000,63,827.1961111111132,0 days 00:01:02.549000,10850.0,203.0,5,100.0,False,0,car,3540.65361111111,0.8340723038080174,OnTrack,893.5893381331581,-1606.7257934360134,519.9513967330543
2026-08-21 15:13:54.528,0 days 00:57:32.143000,63,829.4827787733352,0 days 00:01:02.696000,11103.5751104,209.12500266666666,5,100.0,False,0,pos,3549.283548304865,0.8361052594109957,OnTrack,854.0,-1604.0,520.0
2026-08-21 15:13:54.621,0 days 00:57:32.236000,63,830.9294444444463,0 days 00:01:02.789000,11264.0,213.0,5,100.0,False,0,car,3554.8536111111102,0.837417399944196,OnTrack,800.7141771191509,-1601.5980595512435,520.6032428195668
2026-08-21 15:13:54.868,0 days 00:57:32.483000,63,833.0563894400021,0 days 00:01:03.036000,11519.821494857142,220.0571446857143,5,100.0,False,0,pos,3569.9849537922614,0.8409818926158796,OnTrack,614.0,-1594.0,524.0
2026-08-21 15:13:54.901,0 days 00:57:32.516000,63,833.3405555555578,0 days 00:01:03.069000,11554.0,221.0,5,100.0,False,0,car,3572.042499999999,0.8414665890855637,OnTrack,595.2715368025669,-1593.0910255499725,524.5848046349505
2026-08-21 15:13:55.108,0 days 00:57:32.723000,63,833.6855556622241,0 days 00:01:03.276000,11895.5501056,227.03750186666667,5,100.0,False,0,pos,3585.131337656441,0.8445499285413121,OnTrack,502.0,-1588.0,528.0
2026-08-21 15:13:55.141,0 days 00:57:32.756000,63,833.7405555555574,0 days 00:01:03.309000,11950.0,228.0,5,100.0,False,0,car,3587.242499999999,0.8450472553721772,OnTrack,485.3861146230914,-1587.2384442638997,528.2268632840886
2026-08-21 15:13:55.341,0 days 00:57:32.956000,63,833.0738888888909,0 days 00:01:03.509000,12220.0,233.0,5,100.0,False,0,car,3600.1869444444437,0.8480965800972537,OnTrack,359.338615811966,-1578.9013130042683,528.6332319813168
2026-08-21 15:13:55.368,0 days 00:57:32.983000,63,832.7813881955576,0 days 00:01:03.536000,12118.0747584,233.6750016,5,100.0,False,0,pos,3601.960680747328,0.8485144194249563,OnTrack,337.0,-1576.0,529.0
2026-08-21 15:13:55.628,0 days 00:57:33.243000,63,829.9647215288912,0 days 00:01:03.796000,11136.5747584,240.1750016,5,100.0,False,0,pos,3619.366252158792,0.8526146525007638,OnTrack,91.0,-1531.0,536.0
2026-08-21 15:13:55.661,0 days 00:57:33.276000,63,829.6072222222247,0 days 00:01:03.829000,11012.0,241.0,6,100.0,False,0,car,3621.609166666666,0.8531430162087968,OnTrack,69.27771327006963,-1526.3293782901733,536.6148097912447
2026-08-21 15:13:55.948,0 days 00:57:33.563000,63,824.5049988622243,0 days 00:01:04.116000,11178.8187872,247.2781264,6,100.0,False,0,pos,3641.3661905856093,0.8577971813055321,OnTrack,-39.0,-1493.0,539.0
2026-08-21 15:13:55.981,0 days 00:57:33.596000,63,823.9183333333353,0 days 00:01:04.149000,11198.0,248.0,6,100.0,False,0,car,3643.6536111111104,0.8583360293028327,OnTrack,-55.94703035290486,-1486.6263608513616,539.4736810576431
2026-08-21 15:13:56.181,0 days 00:57:33.796000,63,819.5294444444462,0 days 00:01:04.349000,11403.0,251.0,6,100.0,False,0,car,3657.598055555555,0.8616209241783445,OnTrack,-189.54932573163694,-1434.576546309803,543.6433002526438
2026-08-21 15:13:56.248,0 days 00:57:33.863000,63,817.5380540083462,0 days 00:01:04.416000,11454.696418995625,252.4930373717148,6,100.0,False,0,pos,3662.3449652385398,0.8627391544064671,OnTrack,-233.0,-1416.0,545.0
2026-08-21 15:13:56.388,0 days 00:57:34.003000,63,813.3769436390486,0 days 00:01:04.556000,11562.718683860736,255.61281397431728,6,100.0,False,0,pos,3672.405618494657,0.8651091440074858,OnTrack,-321.0,-1372.0,548.0
2026-08-21 15:13:56.540,0 days 00:57:34.155000,63,808.8591666666684,0 days 00:01:04.708000,11680.0,259.0,6,100.0,False,0,car,3683.4261111111105,0.8677052431110126,OnTrack,-465.59252987331564,-1277.8479732968997,555.3039471199766
2026-08-21 15:13:56.648,0 days 00:57:34.263000,63,805.4091666666683,0 days 00:01:04.816000,11750.875,261.025,6,100.0,False,0,pos,3691.282509445419,0.8695559760485038,OnTrack,-559.0,-1212.0,560.0
2026-08-21 15:13:56.700,0 days 00:57:34.315000,63,803.7480555555571,0 days 00:01:04.868000,11785.0,262.0,6,100.0,False,0,car,3695.0705555555546,0.8704483266405235,OnTrack,-590.783826221441,-1188.4159084793175,561.3317738062884
2026-08-21 15:13:56.860,0 days 00:57:34.475000,63,798.2369444444453,0 days 00:01:05.028000,11875.0,263.0,6,100.0,False,0,car,3706.7594444444444,0.8732018799544984,OnTrack,-637.1040350480552,-1147.1878886623201,561.8041272870558
2026-08-21 15:13:57.008,0 days 00:57:34.623000,63,792.3991666666678,0 days 00:01:05.176000,11400.66,264.85,6,100.0,False,0,pos,3717.701861430019,0.8757795867699137,OnTrack,-676.0,-1101.0,562.0
2026-08-21 15:13:57.260,0 days 00:57:34.875000,63,782.4591666666684,0 days 00:01:05.428000,10593.0,268.0,7,100.0,False,0,car,3736.5372222222213,0.8802166355452322,OnTrack,-794.3606654706927,-957.9361877862008,566.7858183293589
2026-08-21 15:13:57.268,0 days 00:57:34.883000,63,782.1169444444462,0 days 00:01:05.436000,10595.685714285713,268.0571428571429,7,100.0,False,0,pos,3737.1358610685006,0.8803576569883065,OnTrack,-798.0,-953.0,567.0
2026-08-21 15:13:57.408,0 days 00:57:35.023000,63,776.1280555555571,0 days 00:01:05.576000,10642.685714285713,269.0571428571429,7,100.0,False,0,pos,3747.6164574423265,0.8828265726527381,OnTrack,-856.0,-866.0,571.0
2026-08-21 15:13:57.540,0 days 00:57:35.155000,63,770.4813888888903,0 days 00:01:05.708000,10687.0,270.0,7,100.0,False,0,car,3757.5372222222213,0.8851636087043693,OnTrack,-903.8446864417216,-779.5258454060593,574.0906104047929
2026-08-21 15:13:57.648,0 days 00:57:35.263000,63,765.6213888888901,0 days 00:01:05.816000,10730.585714285715,271.15714285714284,7,100.0,False,0,pos,3765.7016447829847,0.8870869029552239,OnTrack,-938.0,-706.0,576.0
2026-08-21 15:13:57.820,0 days 00:57:35.435000,63,757.8813888888899,0 days 00:01:05.988000,10800.0,273.0,7,100.0,False,0,car,3778.770555555555,0.8901655482319413,OnTrack,-982.1158422281607,-585.2382197551622,577.9019779469177
2026-08-21 15:13:57.908,0 days 00:57:35.523000,63,753.7013888888898,0 days 00:01:06.076000,10818.822222222223,273.4888888888889,7,100.0,False,0,pos,3785.4739566082403,0.8917446694263491,OnTrack,-998.0,-522.0,578.0
2026-08-21 15:13:58.088,0 days 00:57:35.703000,63,745.1513888888896,0 days 00:01:06.256000,10857.322222222223,274.4888888888889,7,100.0,False,0,pos,3799.221661840445,0.8949832184160371,OnTrack,-1014.0,-389.0,576.0
2026-08-21 15:13:58.180,0 days 00:57:35.795000,63,740.7813888888895,0 days 00:01:06.348000,10877.0,275.0,7,100.0,False,0,car,3806.270555555555,0.8966437273689065,OnTrack,-1013.7507718058233,-317.1162827949137,574.0403507389314
2026-08-21 15:13:58.369,0 days 00:57:35.984000,63,731.5413920177789,0 days 00:01:06.537000,10939.999978666667,276.57499946666667,7,100.0,False,0,pos,3820.802113579663,0.9000669286787019,OnTrack,-1001.0,-172.0,570.0
2026-08-21 15:13:58.420,0 days 00:57:36.035000,63,729.0480555555569,0 days 00:01:06.588000,10957.0,277.0,7,100.0,False,0,car,3824.737222222221,0.9009939228136078,OnTrack,-996.7327652339301,-137.68725353453107,569.5738892342525
2026-08-21 15:13:58.569,0 days 00:57:36.184000,63,721.4738901308268,0 days 00:01:06.737000,10996.568458242245,278.23651432007017,7,100.0,False,0,pos,3836.2703353418524,0.9037107800061844,OnTrack,-969.0,-19.0,568.0
2026-08-21 15:13:58.661,0 days 00:57:36.276000,63,716.7972222222234,0 days 00:01:06.829000,11021.0,279.0,7,100.0,False,0,car,3843.414722222221,0.9053937842983594,OnTrack,-922.7071709108147,108.57250310125481,564.0468304237171
2026-08-21 15:13:58.729,0 days 00:57:36.344000,63,713.2650000000011,0 days 00:01:06.897000,11036.542857142857,279.48571428571427,7,100.0,False,0,pos,3848.705430245732,0.9066401171833661,OnTrack,-887.0,201.0,561.0
2026-08-21 15:13:58.941,0 days 00:57:36.556000,63,702.2527777777786,0 days 00:01:07.109000,11085.0,281.0,7,100.0,False,0,car,3865.2702777777768,0.9105423008084242,OnTrack,-826.2091068501742,348.34302386667633,557.1461465499556
2026-08-21 15:13:59.149,0 days 00:57:36.764000,63,691.1594444444451,0 days 00:01:07.317000,11141.55,282.95,7,100.0,False,0,pos,3881.6638594731353,0.91440413931457,OnTrack,-790.0,430.0,557.0
2026-08-21 15:13:59.261,0 days 00:57:36.876000,63,685.1861111111116,0 days 00:01:07.429000,11172.0,284.0,7,100.0,False,0,car,3890.5147222222217,0.9164891383838526,OnTrack,-759.6096475642423,506.27417154376064,556.5310950200446
2026-08-21 15:13:59.461,0 days 00:57:37.076000,63,674.4083333333338,0 days 00:01:07.629000,11274.0,285.0,7,100.0,False,0,car,3906.348055555555,0.9202189990990751,OnTrack,-697.0053621550206,667.8568358127118,555.0641845552783
2026-08-21 15:13:59.468,0 days 00:57:37.083000,63,674.0155519644449,0 days 00:01:07.636000,11278.18253824,285.0875008,7,100.0,False,0,pos,3906.905326648245,0.9203502755342131,OnTrack,-695.0,673.0,555.0
2026-08-21 15:13:59.648,0 days 00:57:37.263000,63,663.915551964445,0 days 00:01:07.816000,11385.73253824,287.3375008,7,100.0,False,0,pos,3921.329945212217,0.923748285099297,OnTrack,-643.0,806.0,553.0
2026-08-21 15:13:59.848,0 days 00:57:37.463000,63,652.6933297422228,0 days 00:01:08.016000,11505.23253824,289.8375008,7,100.0,False,0,pos,3937.514922564936,0.9275609826490656,OnTrack,-562.0,1016.0,550.0
2026-08-21 15:13:59.861,0 days 00:57:37.476000,63,651.9638888888894,0 days 00:01:08.029000,11513.0,290.0,7,100.0,False,0,car,3938.570277777777,0.927809592835317,OnTrack,-557.6572149281052,1027.2330005828799,549.8346524715188
2026-08-21 15:14:00.061,0 days 00:57:37.676000,63,640.5194444444446,0 days 00:01:08.229000,11454.0,293.0,7,100.0,False,0,car,3954.8480555555548,0.9316441513951772,OnTrack,-513.8722377291692,1139.3656359137367,548.0053670912772
2026-08-21 15:14:00.168,0 days 00:57:37.783000,63,634.3074962844447,0 days 00:01:08.336000,11538.53005056,293.53500032,7,100.0,False,0,pos,3963.569782256631,0.9336987298662034,OnTrack,-491.0,1198.0,547.0
2026-08-21 15:14:00.261,0 days 00:57:37.876000,63,628.9083333333338,0 days 00:01:08.429000,11612.0,294.0,7,100.0,False,0,car,3971.1813888888883,0.9354917971856171,OnTrack,-465.5440520200358,1263.7486120911208,545.9133039400245
2026-08-21 15:14:00.408,0 days 00:57:38.023000,63,620.1699961955561,0 days 00:01:08.576000,11128.474789485714,296.1000009142857,7,100.0,False,0,pos,3983.315709163164,0.9383502808380558,OnTrack,-420.0,1382.0,544.0
2026-08-21 15:14:00.541,0 days 00:57:38.156000,63,612.2638888888896,0 days 00:01:08.709000,10691.0,298.0,7,100.0,False,0,car,3994.359166666666,0.9409517897834796,OnTrack,-380.8335371477112,1484.1151758642116,542.4122389288295
2026-08-21 15:14:00.588,0 days 00:57:38.203000,63,609.456940622223,0 days 00:01:08.756000,10665.29684,298.2937504,7,100.0,False,0,pos,3998.267361040688,0.9418724437200976,OnTrack,-367.0,1520.0,542.0
2026-08-21 15:14:00.768,0 days 00:57:38.383000,63,598.7069406222234,0 days 00:01:08.936000,10566.85934,299.4187504,7,100.0,False,0,pos,4013.261957760109,0.9454047231250053,OnTrack,-313.0,1659.0,541.0
2026-08-21 15:14:00.861,0 days 00:57:38.476000,63,593.1527777777792,0 days 00:01:09.029000,10516.0,300.0,8,100.0,False,0,car,4021.0258333333322,0.9472336604617487,OnTrack,-285.0822977861702,1731.2705467522333,539.9553876567287
2026-08-21 15:14:00.948,0 days 00:57:38.563000,63,587.9327739377798,0 days 00:01:09.116000,10487.7249792,300.5437504,8,100.0,False,0,pos,4028.2990257560646,0.9489470074949153,OnTrack,-259.0,1799.0,539.0
2026-08-21 15:14:01.021,0 days 00:57:38.636000,63,583.5527777777802,0 days 00:01:09.189000,10464.0,301.0,8,100.0,False,0,car,4034.4036111111095,0.9503850655853471,OnTrack,-237.10326217121127,1855.8681672159926,538.5569640078141
2026-08-21 15:14:01.221,0 days 00:57:38.836000,63,571.6083333333349,0 days 00:01:09.389000,10551.0,301.0,8,100.0,False,0,car,4051.125833333332,0.9543243219898452,OnTrack,-177.09441639844133,2011.8983673873745,538.1654816975043
2026-08-21 15:14:01.248,0 days 00:57:38.863000,63,569.9958295111127,0 days 00:01:09.416000,10554.262507733334,301.11250026666664,8,100.0,False,0,pos,4053.3874739516796,0.9548570970105393,OnTrack,-169.0,2033.0,538.0
2026-08-21 15:14:01.368,0 days 00:57:38.983000,63,562.8291628444457,0 days 00:01:09.536000,10568.762507733334,301.61250026666664,8,100.0,False,0,pos,4063.454878734462,0.9572286770697105,OnTrack,-133.0,2127.0,537.0
2026-08-21 15:14:01.461,0 days 00:57:39.076000,63,557.275000000001,0 days 00:01:09.629000,10580.0,302.0,8,100.0,False,0,car,4071.2591666666663,0.9590671343519387,OnTrack,-104.89168535502978,2200.450620705954,536.6116791230473
2026-08-21 15:14:01.708,0 days 00:57:39.323000,63,543.1411074488899,0 days 00:01:09.876000,10566.4548352,301.8008064,8,100.0,False,0,pos,4091.9594111493852,0.9639434940587761,OnTrack,-30.0,2396.0,537.0
2026-08-21 15:14:02.701,0 days 00:57:40.316000,63,486.31944444444525,0 days 00:01:10.869000,10512.0,301.0,8,100.0,False,0,car,4174.936944444444,0.9834905240598264,OnTrack,266.4710506202106,3162.194200895007,537.0279519183185
2026-08-21 15:14:02.848,0 days 00:57:40.463000,63,478.03027416888943,0 days 00:01:11.016000,10502.812496,301.0,8,100.0,False,0,pos,4187.226489167356,0.9863855739589817,OnTrack,317.0,3293.0,537.0
2026-08-21 15:14:02.941,0 days 00:57:40.556000,63,472.7861111111115,0 days 00:01:11.109000,10497.0,301.0,8,100.0,False,0,car,4195.00361111111,0.988217631745224,OnTrack,350.3472453712997,3379.4411415567965,536.9963036641535
2026-08-21 15:14:03.068,0 days 00:57:40.683000,63,465.73055325781576,0 days 00:01:11.236000,10493.108633830216,301.0,8,100.0,False,0,pos,4205.626819334332,0.9907201425044718,OnTrack,393.0,3490.0,537.0
2026-08-21 15:14:03.300,0 days 00:57:40.915000,63,452.84166666666715,0 days 00:01:11.468000,10486.0,301.0,8,100.0,False,0,car,4225.0199999999995,0.995288596991298,OnTrack,449.8041444141019,3635.9332920021247,537.0001262200487
2026-08-21 15:14:03.328,0 days 00:57:40.943000,63,452.84166666666715,0 days 00:01:11.496000,10486.0,300.8833333333333,8,100.0,False,0,pos,4227.356676802953,0.995839048297288,OnTrack,457.0,3654.0,537.0
2026-08-21 15:14:03.454,0 days 00:57:41.069000,63,452.84166666666715,0 days 00:01:11.622000,10486.0,300.35833279999997,8,100.0,False,0,interpolation,4237.860788793745,0.9983135035391462,OnTrack,493.04998449315735,3743.277430724585,536.9996475303501
