Date,SessionTime,DriverAhead,DistanceToDriverAhead,Time,RPM,Speed,nGear,Throttle,Brake,DRS,Source,Distance,RelativeDistance,Status,X,Y,Z
2026-08-21 15:12:58.790,0 days 00:56:36.405000,,378.5355555555555,0 days 00:00:00,11494.964329142857,316.3571437714286,8,99.0,False,0,interpolation,0.028710500103854817,6.746177022373932e-06,OnTrack,517.0119482636136,3800.4401185411803,537.0001096740965
2026-08-21 15:12:59.020,0 days 00:56:36.635000,,378.5355555555555,0 days 00:00:00.230000,11573.0,318.0,8,99.0,False,0,car,20.34444444444444,0.004780384289636463,OnTrack,622.7923077187756,4056.63043029509,537.003029618247
2026-08-21 15:12:59.088,0 days 00:56:36.703000,,378.5355555555555,0 days 00:00:00.298000,11573.241992937677,318.0,8,99.0,False,0,pos,26.349215570275906,0.006191340171532074,OnTrack,650.0,4123.0,537.0
2026-08-21 15:12:59.301,0 days 00:56:36.916000,16,378.5355555555555,0 days 00:00:00.511000,11574.0,318.0,8,99.0,False,0,car,45.16611111111111,0.010612792527666707,OnTrack,723.2156771111585,4303.212347087873,536.9790242444469
2026-08-21 15:12:59.509,0 days 00:56:37.124000,16,369.811111111111,0 days 00:00:00.719000,11614.114285714286,318.74285714285713,8,99.0,False,0,pos,63.587612410961974,0.014941338123777704,OnTrack,790.0,4468.0,537.0
2026-08-21 15:12:59.581,0 days 00:56:37.196000,16,366.79111111111104,0 days 00:00:00.791000,11628.0,319.0,8,99.0,False,0,car,69.97722222222222,0.01644272050077333,OnTrack,814.9243890902753,4529.05584974166,537.0299106454017
2026-08-21 15:12:59.781,0 days 00:56:37.396000,16,358.9022222222222,0 days 00:00:00.991000,11632.0,320.0,8,99.0,False,0,car,87.755,0.020620008793191865,OnTrack,887.0774899689434,4704.821015507319,537.1328647158622
2026-08-21 15:12:59.908,0 days 00:56:37.523000,16,354.3866643911111,0 days 00:00:01.118000,11636.082144914286,320.0,8,99.0,False,0,pos,99.04305554714277,0.02327239104651215,OnTrack,925.0,4797.0,537.0
2026-08-21 15:13:00.061,0 days 00:56:37.676000,16,348.9466666666666,0 days 00:00:01.271000,11641.0,320.0,8,99.0,False,0,car,112.64388888888888,0.026468212402577816,OnTrack,958.5782420019472,4878.552470105189,536.5518690867403
2026-08-21 15:13:00.308,0 days 00:56:37.923000,16,341.05638684444443,0 days 00:00:01.518000,11637.471427657143,320.0,8,99.0,False,0,pos,134.607392524621,0.03162903102371733,OnTrack,1019.0,5027.0,536.0
2026-08-21 15:13:00.341,0 days 00:56:37.956000,16,340.0022222222222,0 days 00:00:01.551000,11637.0,320.0,8,99.0,False,0,car,137.53277777777777,0.03231641601196377,OnTrack,1032.0949223208645,5059.438375852896,536.0510705410721
2026-08-21 15:13:00.581,0 days 00:56:38.196000,16,332.93555555555554,0 days 00:00:01.791000,11319.0,317.0,8,99.0,False,0,car,158.6661111111111,0.0372821674695763,OnTrack,1141.3531382225524,5330.949762923079,536.9479946459896
2026-08-21 15:13:00.608,0 days 00:56:38.223000,16,332.25305393777774,0 days 00:00:01.818000,11312.9249856,316.3249984,8,99.0,False,0,pos,161.01512471810543,0.03783412099053294,OnTrack,1149.0,5350.0,537.0
2026-08-21 15:13:00.821,0 days 00:56:38.436000,16,326.8688888888889,0 days 00:00:02.031000,11265.0,311.0,8,99.0,False,0,car,179.39944444444444,0.04215392994060942,OnTrack,1174.2098503760362,5416.701377041708,536.9750151008154
2026-08-21 15:13:00.848,0 days 00:56:38.463000,16,326.2013873066667,0 days 00:00:02.058000,11245.4249536,311.0,8,99.0,False,0,pos,181.73402511763976,0.042702492119513234,OnTrack,1179.0,5431.0,537.0
2026-08-21 15:13:00.981,0 days 00:56:38.596000,16,322.9133333333333,0 days 00:00:02.191000,11149.0,311.0,8,99.0,False,0,car,193.22166666666664,0.04540177158796483,OnTrack,1218.0067300476119,5548.287866291148,537.3558620484181
2026-08-21 15:13:01.108,0 days 00:56:38.723000,16,320.16166527999997,0 days 00:00:02.318000,11062.4812064,306.2374976,8,99.0,False,0,pos,204.0115908576912,0.04793710668792267,OnTrack,1260.0,5680.0,538.0
2026-08-21 15:13:01.141,0 days 00:56:38.756000,16,319.4466666666666,0 days 00:00:02.351000,11040.0,305.0,8,99.0,False,0,car,206.7772222222222,0.04858695391093397,OnTrack,1268.7385225363064,5709.271084760219,538.2073348700658
2026-08-21 15:13:01.301,0 days 00:56:38.916000,16,316.51333333333326,0 days 00:00:02.511000,10438.0,295.0,8,2.0,True,0,car,219.88833333333332,0.05166770402659264,OnTrack,1302.4293670964232,5833.222897552563,539.4892766550855
2026-08-21 15:13:01.348,0 days 00:56:38.963000,16,316.1347217066666,0 days 00:00:02.558000,10329.6061024,290.4468688,8,1.7062496,True,0,pos,223.59343160860223,0.052538300106766814,OnTrack,1314.0,5876.0,540.0
2026-08-21 15:13:01.621,0 days 00:56:39.236000,16,313.93555555555554,0 days 00:00:02.831000,9700.0,264.0,8,0.0,True,0,car,243.35499999999996,0.05718172457258511,OnTrack,1395.5355949619525,6167.841646193349,543.9044800964688
2026-08-21 15:13:01.628,0 days 00:56:39.243000,16,314.0113895822222,0 days 00:00:02.838000,9708.24257536,262.93249024,8,0.0,True,0,pos,243.81007328222688,0.0572886542641248,OnTrack,1397.0,6173.0,544.0
2026-08-21 15:13:01.948,0 days 00:56:39.563000,16,317.4780562488889,0 days 00:00:03.158000,10085.04257536,214.13249024,8,0.0,True,0,pos,262.05670970707945,0.061576111429262226,OnTrack,1431.0,6278.0,547.0
2026-08-21 15:13:02.021,0 days 00:56:39.636000,16,318.2688888888889,0 days 00:00:03.231000,10171.0,203.0,8,0.0,True,0,car,265.9105555555555,0.06248165909359112,OnTrack,1444.8538690319683,6313.543151865201,547.0174706448413
2026-08-21 15:13:02.108,0 days 00:56:39.723000,16,319.6947232711111,0 days 00:00:03.318000,10474.878794971428,197.40713874285714,8,0.0,True,0,pos,270.4562930119371,0.06354978223554464,OnTrack,1464.0,6361.0,547.0
2026-08-21 15:13:02.301,0 days 00:56:39.916000,16,322.85777777777776,0 days 00:00:03.511000,11149.0,185.0,8,0.0,True,0,car,280.2994444444444,0.06586265180526737,OnTrack,1507.0390777982911,6449.770134574632,547.9734334764721
2026-08-21 15:13:02.308,0 days 00:56:39.923000,16,322.9744454843486,0 days 00:00:03.518000,11137.458678489766,184.67383221818903,8,0.0,True,0,pos,280.64787808388445,0.06594452411692026,OnTrack,1509.0,6453.0,548.0
2026-08-21 15:13:02.580,0 days 00:56:40.195000,16,327.5077777777778,0 days 00:00:03.790000,10689.0,172.0,5,0.0,True,0,car,293.6294444444444,0.06899483478302645,OnTrack,1603.5169764796863,6578.099919204176,548.0100688974273
2026-08-21 15:13:02.588,0 days 00:56:40.203000,16,327.6455555555556,0 days 00:00:03.798000,10734.76,171.36,5,0.0,True,0,pos,293.9902926357769,0.06907962417255735,OnTrack,1606.0,6581.0,548.0
2026-08-21 15:13:02.780,0 days 00:56:40.395000,16,330.9522222222223,0 days 00:00:03.990000,11833.0,156.0,3,0.0,True,0,car,302.2961111111111,0.07103126282558049,OnTrack,1653.2995714759259,6630.642550551113,547.7509926117899
2026-08-21 15:13:02.940,0 days 00:56:40.555000,16,333.70777777777784,0 days 00:00:04.150000,11041.0,147.0,3,0.0,True,0,car,308.82944444444445,0.07256641627304432,OnTrack,1686.0118755619371,6650.30478923887,547.6740369158492
2026-08-21 15:13:03.068,0 days 00:56:40.683000,16,335.94777777777784,0 days 00:00:04.278000,10780.6,142.6,3,0.0,True,0,pos,313.79866396821706,0.07373404604086942,OnTrack,1732.0,6668.0,548.0
2026-08-21 15:13:03.260,0 days 00:56:40.875000,16,339.30777777777786,0 days 00:00:04.470000,10390.0,136.0,3,0.0,True,0,car,320.9183333333333,0.0754069723118889,OnTrack,1828.2505298736437,6696.180369810391,548.969784187641
2026-08-21 15:13:03.268,0 days 00:56:40.883000,16,339.4433333333334,0 days 00:00:04.478000,10378.2,135.82222222222222,3,0.0,True,0,pos,321.20981948153394,0.0754754635310672,OnTrack,1832.0,6697.0,549.0
2026-08-21 15:13:03.620,0 days 00:56:41.235000,16,345.4077777777778,0 days 00:00:04.830000,9859.0,128.0,3,0.0,True,0,car,333.7183333333333,0.07841461988243026,OnTrack,1952.9658569230162,6698.333632980945,549.0416724419081
2026-08-21 15:13:03.648,0 days 00:56:41.263000,16,345.89000000000004,0 days 00:00:04.858000,9802.416666666666,127.65,3,0.0,True,0,pos,334.7002800002688,0.07864535031268102,OnTrack,1961.0,6697.0,549.0
2026-08-21 15:13:03.860,0 days 00:56:41.475000,16,349.5411111111112,0 days 00:00:05.070000,9374.0,125.0,3,0.0,False,0,car,342.0516666666666,0.08037272376950144,OnTrack,2019.4790145475076,6683.620418981906,548.6217662747051
2026-08-21 15:13:04.020,0 days 00:56:41.635000,16,352.3855555555557,0 days 00:00:05.230000,9170.0,120.0,3,0.0,False,0,car,347.38499999999993,0.081625910257227,OnTrack,2063.7292919149468,6667.027808510147,548.0400959033892
2026-08-21 15:13:04.028,0 days 00:56:41.643000,16,352.54333333333346,0 days 00:00:05.238000,9172.254545454545,119.89090909090909,3,0.2909090909090909,False,0,pos,347.6469476812682,0.08168746074997509,OnTrack,2066.0,6666.0,548.0
2026-08-21 15:13:04.228,0 days 00:56:41.843000,16,356.4877777777779,0 days 00:00:05.438000,9228.618181818181,117.16363636363636,3,7.5636363636363635,False,0,pos,354.056531991353,0.0831935365842256,OnTrack,2122.0,6635.0,547.0
2026-08-21 15:13:04.408,0 days 00:56:42.023000,16,360.0377777777779,0 days 00:00:05.618000,9279.345454545455,114.7090909090909,3,14.10909090909091,False,0,pos,359.69080005300333,0.08451743444730382,OnTrack,2165.0,6596.0,547.0
2026-08-21 15:13:04.460,0 days 00:56:42.075000,16,361.06333333333345,0 days 00:00:05.670000,9294.0,114.0,3,16.0,False,0,car,361.31833333333327,0.08489985995641003,OnTrack,2180.7253163955265,6576.823770767676,546.6207743004667
2026-08-21 15:13:04.608,0 days 00:56:42.223000,16,363.98222222222233,0 days 00:00:05.818000,9384.28,114.0,3,24.51,False,0,pos,365.9505310005531,0.08598829886735386,OnTrack,2227.0,6514.0,545.0
2026-08-21 15:13:04.860,0 days 00:56:42.475000,16,368.9522222222223,0 days 00:00:06.070000,9538.0,114.0,3,39.0,False,0,car,373.98499999999996,0.08787617786475824,OnTrack,2252.977018358548,6467.796534403075,545.0447326223319
2026-08-21 15:13:04.948,0 days 00:56:42.563000,16,370.12555555555565,0 days 00:00:06.158000,9821.485714285714,116.2,3,40.885714285714286,False,0,pos,376.8973462312784,0.08856049904187384,OnTrack,2259.0,6451.0,545.0
2026-08-21 15:13:05.140,0 days 00:56:42.755000,16,372.6855555555556,0 days 00:00:06.350000,10440.0,121.0,3,45.0,False,0,car,383.39611111111105,0.0900875298545573,OnTrack,2278.2799113822293,6391.28880121861,544.0385763751099
2026-08-21 15:13:05.148,0 days 00:56:42.763000,16,372.76777777777784,0 days 00:00:06.358000,10443.55,121.1,3,44.925,False,0,pos,383.6687352987883,0.09015158903234935,OnTrack,2279.0,6388.0,544.0
2026-08-21 15:13:05.460,0 days 00:56:43.075000,16,375.97444444444443,0 days 00:00:06.670000,10582.0,125.0,3,42.0,False,0,car,394.5072222222222,0.09269833503731889,OnTrack,2294.7095247339234,6232.233455098466,543.0891494434762
2026-08-21 15:13:05.488,0 days 00:56:43.103000,16,376.1066666901077,0 days 00:00:06.698000,10655.994472951928,125.85318574682518,3,44.32687021861411,False,0,pos,395.52113277686306,0.09293657610110106,OnTrack,2295.0,6222.0,543.0
2026-08-21 15:13:05.789,0 days 00:56:43.404000,16,377.5280555287657,0 days 00:00:06.999000,11451.434888054939,135.02493057505694,3,69.3407197501553,False,0,pos,406.89654326579347,0.09560948436054965,OnTrack,2289.0,6162.0,542.0
2026-08-21 15:13:05.821,0 days 00:56:43.436000,16,377.6791666666666,0 days 00:00:07.031000,11536.0,136.0,3,72.0,False,0,car,408.145,0.09590283731864047,OnTrack,2287.943534303515,6155.028119700455,541.986828436355
2026-08-21 15:13:06.061,0 days 00:56:43.676000,16,377.7458333333332,0 days 00:00:07.271000,11494.0,146.0,3,86.0,False,0,car,417.87833333333333,0.09818990265873961,OnTrack,2273.5015147830854,6072.5030803294185,542.2842077968811
2026-08-21 15:13:06.129,0 days 00:56:43.744000,16,377.2924999999999,0 days 00:00:07.339000,11425.716666666667,151.66666666666666,3,88.83333333333333,False,0,pos,420.89240030571756,0.09889812540928183,OnTrack,2261.0,6026.0,542.0
2026-08-21 15:13:06.249,0 days 00:56:43.864000,16,376.4924999999999,0 days 00:00:07.459000,11305.216666666667,161.66666666666666,3,93.83333333333333,False,0,pos,426.48325903921955,0.10021182327545819,OnTrack,2230.0,5922.0,541.0
2026-08-21 15:13:06.301,0 days 00:56:43.916000,16,376.14583333333326,0 days 00:00:07.511000,11253.0,166.0,4,96.0,False,0,car,428.945,0.10079026462077016,OnTrack,2218.197893195704,5883.720019732289,540.5913244619384
2026-08-21 15:13:06.661,0 days 00:56:44.276000,16,371.9458333333333,0 days 00:00:07.871000,10680.0,176.0,4,99.0,False,0,car,446.545,0.10492578003026451,OnTrack,2173.619427506738,5756.481933728994,538.6505805520899
2026-08-21 15:13:06.748,0 days 00:56:44.363000,16,370.5199989511111,0 days 00:00:07.958000,10904.335879314285,180.6607177142857,4,98.68928548571428,False,0,pos,451.0383263638612,0.10598158800853923,OnTrack,2162.0,5726.0,538.0
2026-08-21 15:13:06.941,0 days 00:56:44.556000,16,367.3569444444445,0 days 00:00:08.151000,11402.0,191.0,5,98.0,False,0,car,461.4005555555555,0.10841642655961674,OnTrack,2129.1699893436407,5638.7809575424735,536.0882759790072
2026-08-21 15:13:07.068,0 days 00:56:44.683000,16,364.81694316444447,0 days 00:00:08.278000,11511.9344304,197.3500032,5,98.3968752,False,0,pos,468.5347899737491,0.11009277521708177,OnTrack,2108.0,5585.0,535.0
2026-08-21 15:13:07.248,0 days 00:56:44.863000,16,361.21694316444444,0 days 00:00:08.458000,11667.7469304,206.3500032,5,98.9593752,False,0,pos,479.0285881195672,0.11255852884981779,OnTrack,2081.0,5523.0,534.0
2026-08-21 15:13:07.261,0 days 00:56:44.876000,16,360.95694444444445,0 days 00:00:08.471000,11679.0,207.0,5,99.0,False,0,car,479.80055555555555,0.11273991994226994,OnTrack,2078.5515131266247,5517.442573564081,533.9123019449115
2026-08-21 15:13:07.488,0 days 00:56:45.103000,16,356.22777644444443,0 days 00:00:08.698000,10854.503338971428,216.72857417142856,5,99.0,False,0,pos,493.56363113637593,0.115973863757413,OnTrack,2024.0,5394.0,532.0
2026-08-21 15:13:07.541,0 days 00:56:45.156000,16,355.1236111111111,0 days 00:00:08.751000,10662.0,219.0,6,99.0,False,0,car,496.83388888888885,0.11674228428744343,OnTrack,2010.460204281744,5364.358142376399,531.6114591373176
2026-08-21 15:13:07.668,0 days 00:56:45.283000,16,352.58360983111106,0 days 00:00:08.878000,10820.461443490909,221.5977285818182,6,99.0,False,0,pos,504.740315798243,0.1186000769191295,OnTrack,1978.0,5294.0,531.0
2026-08-21 15:13:07.948,0 days 00:56:45.563000,16,346.98360983111104,0 days 00:00:09.158000,11169.825079854545,227.3250013090909,6,99.0,False,0,pos,522.5588624010102,0.12278694476291001,OnTrack,1907.0,5132.0,532.0
2026-08-21 15:13:07.981,0 days 00:56:45.596000,16,346.32361111111106,0 days 00:00:09.191000,11211.0,228.0,6,99.0,False,0,car,524.7005555555556,0.12329018368580952,OnTrack,1898.8404474134568,5112.446816001297,532.161264223091
2026-08-21 15:13:08.108,0 days 00:56:45.723000,16,343.8541654222222,0 days 00:00:09.318000,11363.4000768,232.53571657142857,6,99.0,False,0,pos,533.0269413621538,0.12524665509538804,OnTrack,1868.0,5037.0,533.0
2026-08-21 15:13:08.188,0 days 00:56:45.803000,16,342.2986098666666,0 days 00:00:09.398000,11459.4000768,235.39285942857143,6,99.0,False,0,pos,538.335043229667,0.12649391288335773,OnTrack,1849.0,4988.0,534.0
2026-08-21 15:13:08.261,0 days 00:56:45.876000,16,340.8791666666666,0 days 00:00:09.471000,11547.0,238.0,6,99.0,False,0,car,543.2116666666667,0.1276397851202903,OnTrack,1831.473071129072,4930.591527352789,534.6754317828485
2026-08-21 15:13:08.541,0 days 00:56:46.156000,16,335.7458333333334,0 days 00:00:09.751000,11825.0,244.0,6,98.0,False,0,car,562.1894444444445,0.1320990403724471,OnTrack,1774.7260954764627,4669.999506492686,535.0102867440492
2026-08-21 15:13:08.548,0 days 00:56:46.163000,16,335.63499898666674,0 days 00:00:09.758000,11829.7250432,244.10000091428572,6,98.02500022857143,False,0,pos,562.6684480545581,0.13221159303215324,OnTrack,1774.0,4666.0,535.0
2026-08-21 15:13:08.808,0 days 00:56:46.423000,16,331.51833232,0 days 00:00:10.018000,12005.2250432,247.81428662857144,6,98.95357165714286,False,0,pos,580.5793048302046,0.13642015122493353,OnTrack,1769.0,4584.0,534.0
2026-08-21 15:13:08.821,0 days 00:56:46.436000,16,331.3125,0 days 00:00:10.031000,12014.0,248.0,6,99.0,False,0,car,581.4783333333335,0.13663139816972125,OnTrack,1769.1960240472404,4577.861421040273,533.8950513429312
2026-08-21 15:13:09.088,0 days 00:56:46.703000,16,327.9749998695925,0 days 00:00:10.298000,12068.404390840498,247.16300937168464,6,38.73667476129409,False,0,pos,599.8808387501913,0.14095548025635296,OnTrack,1777.0,4387.0,531.0
2026-08-21 15:13:09.140,0 days 00:56:46.755000,16,327.32500000000005,0 days 00:00:10.350000,12079.0,247.0,6,27.0,True,0,car,603.3652777777778,0.14177422748885454,OnTrack,1779.7910414722207,4349.748366963061,530.570968350531
2026-08-21 15:13:09.268,0 days 00:56:46.883000,16,326.47166666666675,0 days 00:00:10.478000,11532.6,236.6,6,5.4,True,0,pos,611.7310888022441,0.14373996273911582,OnTrack,1788.0,4263.0,530.0
2026-08-21 15:13:09.300,0 days 00:56:46.915000,16,326.25833333333344,0 days 00:00:10.510000,11396.0,234.0,6,0.0,True,0,car,613.7652777777778,0.1442179411399194,OnTrack,1790.1179418526783,4241.756428000639,530.0215150087623
2026-08-21 15:13:09.468,0 days 00:56:47.083000,16,326.0716666666667,0 days 00:00:10.678000,11740.4,222.24,6,0.0,True,0,pos,624.0686752115944,0.14663895584774286,OnTrack,1800.0,4132.0,531.0
2026-08-21 15:13:09.500,0 days 00:56:47.115000,16,326.03611111111115,0 days 00:00:10.710000,11806.0,220.0,6,0.0,True,0,car,625.9875000000001,0.14708982684095714,OnTrack,1801.110721489466,4111.210016925034,531.2581303742961
2026-08-21 15:13:09.668,0 days 00:56:47.283000,16,326.59611111111127,0 days 00:00:10.878000,11599.6,214.0,6,0.0,True,0,pos,635.9065691278902,0.14942053497881108,OnTrack,1800.0,4002.0,533.0
2026-08-21 15:13:09.780,0 days 00:56:47.395000,16,326.96944444444466,0 days 00:00:10.990000,11462.0,210.0,5,0.0,True,0,car,642.3208333333333,0.15092771045961667,OnTrack,1788.601977467045,3928.399574638592,534.7667240668583
2026-08-21 15:13:10.008,0 days 00:56:47.623000,16,329.56611111111124,0 days 00:00:11.218000,11061.29,200.88,5,0.0,True,0,pos,654.7925970402622,0.15385823153879719,OnTrack,1746.0,3793.0,539.0
2026-08-21 15:13:10.180,0 days 00:56:47.795000,16,331.5250000000001,0 days 00:00:11.390000,10759.0,194.0,5,0.0,False,0,car,663.8763888888889,0.15599267251417415,OnTrack,1708.7667541052167,3727.111670130149,541.4118513249622
2026-08-21 15:13:10.348,0 days 00:56:47.963000,16,334.0916666666668,0 days 00:00:11.558000,10672.2,189.1,5,0.0,False,0,pos,672.6138860133946,0.1580457437641063,OnTrack,1660.0,3674.0,543.0
2026-08-21 15:13:10.420,0 days 00:56:48.035000,16,335.19166666666683,0 days 00:00:11.630000,10635.0,187.0,5,0.0,False,0,car,676.3430555555556,0.15892199592923265,OnTrack,1632.7480933685274,3648.706093992392,543.4339982082774
2026-08-21 15:13:10.508,0 days 00:56:48.123000,16,336.7561111111113,0 days 00:00:11.718000,10594.025,186.725,5,6.875000000000001,False,0,pos,680.9005812969959,0.15999288899360162,OnTrack,1596.0,3618.0,544.0
2026-08-21 15:13:10.740,0 days 00:56:48.355000,16,340.8805555555557,0 days 00:00:11.950000,10486.0,186.0,5,25.0,False,0,car,692.8763888888889,0.16280687404118188,OnTrack,1492.3099810939336,3551.7258400346823,546.6817047412993
2026-08-21 15:13:10.788,0 days 00:56:48.403000,16,341.8272222222223,0 days 00:00:11.998000,10469.68,185.52,5,26.68,False,0,pos,695.3356201123127,0.16338472566731704,OnTrack,1470.0,3540.0,547.0
2026-08-21 15:13:10.940,0 days 00:56:48.555000,16,344.82499999999993,0 days 00:00:12.150000,10418.0,184.0,5,32.0,False,0,car,703.0986111111112,0.16520881480932256,OnTrack,1397.9125162577704,3506.508746295871,547.0026385770024
2026-08-21 15:13:11.028,0 days 00:56:48.643000,16,346.6094444444443,0 days 00:00:12.238000,10463.466666666667,184.36666666666667,5,35.666666666666664,False,0,pos,707.6022362429454,0.1662670427145093,OnTrack,1356.0,3489.0,547.0
2026-08-21 15:13:11.180,0 days 00:56:48.795000,16,349.6916666666664,0 days 00:00:12.390000,10542.0,185.0,5,42.0,False,0,car,715.4319444444445,0.16810680856218793,OnTrack,1283.9135471820803,3461.0489077360817,547.762042608835
2026-08-21 15:13:11.268,0 days 00:56:48.883000,16,351.50055555555537,0 days 00:00:12.478000,10623.4,186.25714285714287,5,47.34285714285714,False,0,pos,720.0189091030352,0.1691846189615293,OnTrack,1238.0,3444.0,548.0
2026-08-21 15:13:11.460,0 days 00:56:49.075000,16,355.4472222222222,0 days 00:00:12.670000,10801.0,189.0,5,59.0,False,0,car,730.1319444444445,0.17156090381898148,OnTrack,1125.021196761242,3402.564936594639,547.1404725825137
2026-08-21 15:13:11.488,0 days 00:56:49.103000,16,356.09277777777777,0 days 00:00:12.698000,10819.5,188.9,5,53.1,False,0,pos,731.6124620980058,0.1719087847036594,OnTrack,1110.0,3397.0,547.0
2026-08-21 15:13:11.740,0 days 00:56:49.355000,16,361.9027777777778,0 days 00:00:12.950000,10986.0,188.0,5,0.0,True,0,car,744.7541666666666,0.1749967234394957,OnTrack,1002.6937882641158,3355.6047554714037,545.9033342220032
2026-08-21 15:13:11.808,0 days 00:56:49.423000,16,363.905,0 days 00:00:13.018000,11035.542857142857,183.62857142857143,5,0.0,True,0,pos,748.0928664745303,0.17578122596808077,OnTrack,975.0,3344.0,545.0
2026-08-21 15:13:12.008,0 days 00:56:49.623000,16,369.7938888888887,0 days 00:00:13.218000,11181.257142857143,170.77142857142857,5,0.0,True,0,pos,757.4278784340129,0.177974696752527,OnTrack,887.0,3303.0,541.0
2026-08-21 15:13:12.020,0 days 00:56:49.635000,16,370.147222222222,0 days 00:00:13.230000,11190.0,170.0,4,0.0,True,0,car,757.9763888888889,0.178103581606982,OnTrack,881.4890112663344,3299.9981487492223,540.8533530222578
2026-08-21 15:13:12.168,0 days 00:56:49.783000,16,375.2038896959379,0 days 00:00:13.378000,11530.289331118496,166.30922634361718,4,0.0,True,0,pos,764.6561749719949,0.17967314741827808,OnTrack,815.0,3259.0,540.0
2026-08-21 15:13:12.389,0 days 00:56:50.004000,16,382.754722047725,0 days 00:00:13.599000,12038.423928406812,160.79800511489358,4,0.0,True,0,pos,774.3999206853994,0.18196265938100412,OnTrack,744.0,3197.0,538.0
2026-08-21 15:13:12.421,0 days 00:56:50.036000,16,383.84805555555545,0 days 00:00:13.631000,12112.0,160.0,3,0.0,True,0,car,775.7986111111111,0.18229131312013158,OnTrack,735.1427721351859,3187.052185804337,537.6601980678283
2026-08-21 15:13:12.569,0 days 00:56:50.184000,16,389.0691666666665,0 days 00:00:13.779000,11836.35,156.3,3,0.0,True,0,pos,782.2179200949312,0.1837996739849551,OnTrack,698.0,3137.0,536.0
2026-08-21 15:13:12.581,0 days 00:56:50.196000,16,389.49249999999984,0 days 00:00:13.791000,11814.0,156.0,3,0.0,True,0,car,782.7319444444445,0.18392045555417483,OnTrack,695.4106989309219,3132.7021842719746,535.8576306808
2026-08-21 15:13:12.809,0 days 00:56:50.424000,16,398.2958333333333,0 days 00:00:14.019000,11165.014285714286,150.3,3,0.0,True,0,pos,792.2466049827419,0.18615613880827922,OnTrack,659.0,3046.0,533.0
2026-08-21 15:13:12.861,0 days 00:56:50.476000,16,400.3036111111111,0 days 00:00:14.071000,11017.0,149.0,3,0.0,True,0,car,794.3208333333333,0.18664352535979517,OnTrack,653.9174926258553,3025.6702012812852,532.3516560454775
2026-08-21 15:13:12.989,0 days 00:56:50.604000,16,405.88583333333327,0 days 00:00:14.199000,10836.52,143.88,3,0.0,True,0,pos,799.2497026603996,0.18780167394237848,OnTrack,646.0,2976.0,531.0
2026-08-21 15:13:13.261,0 days 00:56:50.876000,16,417.7480555555554,0 days 00:00:14.471000,10453.0,133.0,3,0.0,False,0,car,809.0986111111112,0.1901158962528681,OnTrack,649.0604655164046,2875.826268123705,530.4463086386603
2026-08-21 15:13:13.328,0 days 00:56:50.943000,16,420.80028069333326,0 days 00:00:14.538000,10251.720641066666,131.04583146666667,3,2.5125024,False,0,pos,811.4630438878876,0.190671472854179,OnTrack,656.0,2848.0,530.0
2026-08-21 15:13:13.501,0 days 00:56:51.116000,16,428.68138888888893,0 days 00:00:14.711000,9732.0,126.0,3,9.0,False,0,car,817.4986111111111,0.19208966497103583,OnTrack,687.1266277120553,2768.0294360476273,527.693501258027
2026-08-21 15:13:13.568,0 days 00:56:51.183000,16,431.7708362844445,0 days 00:00:14.778000,9927.018043428572,126.0,3,16.657150171428572,False,0,pos,819.8292023447704,0.1926372897414921,OnTrack,704.0,2740.0,527.0
2026-08-21 15:13:13.781,0 days 00:56:51.396000,16,441.5925000000002,0 days 00:00:14.991000,10547.0,126.0,3,41.0,False,0,car,827.2986111111111,0.19439239514223156,OnTrack,771.979290763902,2674.7651150256784,526.8008202997481
2026-08-21 15:13:13.868,0 days 00:56:51.483000,16,445.45916951111127,0 days 00:00:15.078000,10571.166684444444,127.69166791111111,3,40.758333155555555,False,0,pos,830.4362711712715,0.1951296588654445,OnTrack,795.0,2657.0,527.0
2026-08-21 15:13:14.141,0 days 00:56:51.756000,16,457.5925000000001,0 days 00:00:15.351000,10647.0,133.0,3,40.0,False,0,car,840.5986111111112,0.19751752894599717,OnTrack,836.8218075025931,2627.2772400415674,527.7668788618402
2026-08-21 15:13:14.228,0 days 00:56:51.843000,16,461.36250277333335,0 days 00:00:15.438000,10860.512657066667,135.1750016,3,47.97500586666666,False,0,pos,843.9141750062478,0.19829659517210513,OnTrack,867.0,2618.0,529.0
2026-08-21 15:13:14.381,0 days 00:56:51.996000,16,467.99249999999995,0 days 00:00:15.591000,11236.0,139.0,3,62.0,False,0,car,849.8652777777778,0.19969494046842035,OnTrack,956.5057009501993,2596.7689927399374,532.9204825751018
2026-08-21 15:13:14.488,0 days 00:56:52.103000,16,472.33194704000005,0 days 00:00:15.698000,11098.50491776,141.6750016,3,62.80250048,False,0,pos,854.1566860958455,0.20070330326545452,OnTrack,1019.0,2585.0,536.0
2026-08-21 15:13:14.781,0 days 00:56:52.396000,16,484.21472222222246,0 days 00:00:15.991000,10722.0,149.0,3,65.0,False,0,car,866.4208333333333,0.2035850401907351,OnTrack,1106.1604803853636,2586.662437683053,542.894030108567
2026-08-21 15:13:14.948,0 days 00:56:52.563000,16,490.6163913422225,0 days 00:00:16.158000,10739.53500672,155.68000256,3,85.875008,False,0,pos,873.6916034962028,0.20529347098888498,OnTrack,1155.0,2601.0,548.0
2026-08-21 15:13:14.981,0 days 00:56:52.596000,16,491.8813888888892,0 days 00:00:16.191000,10743.0,157.0,4,90.0,False,0,car,875.1430555555555,0.20563452225920292,OnTrack,1167.7648503970374,2604.4648993282426,549.2385004662951
2026-08-21 15:13:15.141,0 days 00:56:52.756000,16,497.8369444444447,0 days 00:00:16.351000,11439.0,161.0,4,91.0,False,0,car,882.2986111111111,0.2073158807969014,OnTrack,1240.5185803911988,2623.6296861720643,555.9259185496362
2026-08-21 15:13:15.168,0 days 00:56:52.783000,16,498.73694657777804,0 days 00:00:16.378000,11494.3501312,162.75500416,4,92.08000256,False,0,pos,883.5569042774404,0.20761154504570917,OnTrack,1253.0,2627.0,557.0
2026-08-21 15:13:15.308,0 days 00:56:52.923000,16,503.40361324444467,0 days 00:00:16.518000,11781.3501312,171.85500416,4,97.68000256,False,0,pos,890.3337110421999,0.20920390804586983,OnTrack,1317.0,2645.0,562.0
2026-08-21 15:13:15.341,0 days 00:56:52.956000,16,504.50361111111135,0 days 00:00:16.551000,11849.0,174.0,4,99.0,False,0,car,891.9652777777777,0.20958728130590396,OnTrack,1332.4780171085692,2649.569978538611,563.0025178175632
2026-08-21 15:13:15.488,0 days 00:56:53.103000,16,509.07694643555567,0 days 00:00:16.698000,11176.4747072,179.88000256,4,99.0,False,0,pos,899.3501143749886,0.21132251457547008,OnTrack,1403.0,2671.0,567.0
2026-08-21 15:13:15.541,0 days 00:56:53.156000,16,510.7258333333334,0 days 00:00:16.751000,10934.0,182.0,4,99.0,False,0,car,902.0763888888889,0.21196311402221701,OnTrack,1428.17952773772,2678.575396677289,568.5641724138981
2026-08-21 15:13:15.781,0 days 00:56:53.396000,16,517.3925000000004,0 days 00:00:16.991000,11023.0,192.0,5,99.0,False,0,car,914.8763888888889,0.21497076159275835,OnTrack,1545.8874675011182,2715.545939805484,576.2247950744945
2026-08-21 15:13:15.808,0 days 00:56:53.423000,16,518.0600014632251,0 days 00:00:17.018000,10970.504063197048,192.82729986365686,5,99.0,False,0,pos,916.3532327534758,0.21531777923817977,OnTrack,1561.0,2721.0,577.0
2026-08-21 15:13:16.008,0 days 00:56:53.623000,16,523.0044450262087,0 days 00:00:17.218000,10581.646193801236,198.95543247591175,5,99.0,False,0,pos,927.5048944861544,0.21793811270050706,OnTrack,1682.0,2768.0,582.0
2026-08-21 15:13:16.140,0 days 00:56:53.755000,16,526.2677777777778,0 days 00:00:17.350000,10325.0,203.0,5,99.0,False,0,car,935.1200000000001,0.2197274528253613,OnTrack,1754.9674225124882,2795.5417519966445,584.8350185895506
2026-08-21 15:13:16.300,0 days 00:56:53.915000,16,529.6455555555556,0 days 00:00:17.510000,10440.0,214.0,6,99.0,False,0,car,944.6311111111113,0.22196230206180523,OnTrack,1832.5972037308518,2823.3562897286965,587.7560195244903
2026-08-21 15:13:16.388,0 days 00:56:54.003000,16,531.3322222222223,0 days 00:00:17.598000,10561.733333333334,215.7111111111111,6,99.0,False,0,pos,949.9395907066984,0.22320964860547204,OnTrack,1871.0,2837.0,589.0
2026-08-21 15:13:16.660,0 days 00:56:54.275000,16,536.5455555555557,0 days 00:00:17.870000,10938.0,221.0,6,99.0,False,0,car,966.7311111111112,0.227155193570318,OnTrack,1977.9205297335352,2874.2648161697857,591.4071993331659
2026-08-21 15:13:16.728,0 days 00:56:54.343000,16,537.5655555555558,0 days 00:00:17.938000,11027.371428571429,223.9142857142857,6,99.0,False,0,pos,971.057366407707,0.22817174444784522,OnTrack,2011.0,2885.0,592.0
2026-08-21 15:13:16.940,0 days 00:56:54.555000,16,540.7455555555559,0 days 00:00:18.150000,11306.0,233.0,6,99.0,False,0,car,984.8533333333332,0.2314134168234021,OnTrack,2141.014953927713,2925.0801403342048,594.2077688983148
2026-08-21 15:13:17.048,0 days 00:56:54.663000,16,542.095555555556,0 days 00:00:18.258000,11465.3,236.0857142857143,6,99.0,False,0,pos,992.0224596911162,0.23309796412597164,OnTrack,2208.0,2945.0,595.0
2026-08-21 15:13:17.220,0 days 00:56:54.835000,16,544.2455555555559,0 days 00:00:18.430000,11719.0,241.0,6,99.0,False,0,car,1003.5977777777778,0.2358178451667209,OnTrack,2311.9885911826923,2973.139565592868,595.1786927809843
2026-08-21 15:13:17.248,0 days 00:56:54.863000,16,544.5488888888892,0 days 00:00:18.458000,11624.033333333333,241.58333333333334,6,99.0,False,0,pos,1005.4953731493002,0.23626372783148888,OnTrack,2335.0,2978.0,595.0
2026-08-21 15:13:17.460,0 days 00:56:55.075000,16,546.8455555555556,0 days 00:00:18.670000,10905.0,246.0,6,99.0,False,0,car,1019.9977777777779,0.23967139361647705,OnTrack,2556.309054459168,3015.9340963859268,592.0995318840985
2026-08-21 15:13:17.468,0 days 00:56:55.083000,16,546.9144444444445,0 days 00:00:18.678000,10890.4,246.25,6,99.0,False,0,pos,1020.550820122046,0.23980134334016018,OnTrack,2563.0,3017.0,592.0
2026-08-21 15:13:17.620,0 days 00:56:55.235000,16,548.2233333333336,0 days 00:00:18.830000,10613.0,251.0,7,99.0,False,0,car,1031.1533333333332,0.2422926420199696,OnTrack,2645.19160221234,3029.4937379183384,590.6702701593772
2026-08-21 15:13:17.848,0 days 00:56:55.463000,16,548.9833333333336,0 days 00:00:19.058000,10823.381818181819,255.66363636363636,7,99.0,False,0,pos,1047.4782639026328,0.24612855122043914,OnTrack,2745.0,3033.0,587.0
2026-08-21 15:13:18.060,0 days 00:56:55.675000,16,549.6900000000003,0 days 00:00:19.270000,11019.0,260.0,7,99.0,False,0,car,1062.931111111111,0.24975954484266777,OnTrack,2988.1905571228094,3036.3708416773384,577.2919841843026
2026-08-21 15:13:18.088,0 days 00:56:55.703000,16,549.7133333333336,0 days 00:00:19.298000,11040.875,260.7,7,99.0,False,0,pos,1064.9788149105966,0.25024069885498895,OnTrack,3019.0,3036.0,576.0
2026-08-21 15:13:18.220,0 days 00:56:55.835000,16,549.8233333333337,0 days 00:00:19.430000,11144.0,264.0,7,99.0,False,0,car,1074.6644444444444,0.252516555115664,OnTrack,3142.3584064570287,3030.469419955272,570.5226772570124
2026-08-21 15:13:18.380,0 days 00:56:55.995000,16,549.6455555555556,0 days 00:00:19.590000,11223.0,267.0,7,98.0,False,0,car,1086.5311111111112,0.2553048950508534,OnTrack,3247.5476593579965,3017.505730212517,565.1313969763678
2026-08-21 15:13:18.488,0 days 00:56:56.103000,16,549.2855555555558,0 days 00:00:19.698000,11301.3,269.16,7,98.54,False,0,pos,1094.6401825903897,0.25721030357694696,OnTrack,3301.0,3010.0,562.0
2026-08-21 15:13:18.580,0 days 00:56:56.195000,16,548.9788888888893,0 days 00:00:19.790000,11368.0,271.0,7,99.0,False,0,car,1101.5866666666666,0.25884253607349533,OnTrack,3336.3326394295414,3004.8914737064783,559.6296875018902
2026-08-21 15:13:18.740,0 days 00:56:56.355000,16,548.1788888888891,0 days 00:00:19.950000,11511.0,273.0,7,99.0,False,0,car,1113.72,0.261693535333071,OnTrack,3400.572406213742,2994.3379722528166,555.1050131466346
2026-08-21 15:13:18.788,0 days 00:56:56.403000,16,547.8455554670358,0 days 00:00:19.998000,11540.875526605949,273.99585088686496,7,99.0,False,0,pos,1117.3911225499223,0.2625561480532611,OnTrack,3436.0,2988.0,553.0
2026-08-21 15:13:18.981,0 days 00:56:56.596000,16,546.505277777778,0 days 00:00:20.191000,11661.0,278.0,7,99.0,False,0,car,1132.3305555555555,0.2660665034739375,OnTrack,3658.5528703832997,2946.883833832844,540.9073142121428
2026-08-21 15:13:19.089,0 days 00:56:56.704000,16,545.665277777778,0 days 00:00:20.299000,11257.35,280.7,7,99.0,False,0,pos,1140.8264817254253,0.26806281220083655,OnTrack,3772.0,2925.0,535.0
2026-08-21 15:13:19.221,0 days 00:56:56.836000,16,544.6386111111112,0 days 00:00:20.431000,10764.0,284.0,7,99.0,False,0,car,1151.263888888889,0.2705153155053633,OnTrack,3855.236237916794,2907.363129199218,530.8762289899735
2026-08-21 15:13:19.381,0 days 00:56:56.996000,16,543.3497222222222,0 days 00:00:20.591000,10167.0,284.0,8,99.0,False,0,car,1163.8861111111112,0.27348119019298045,OnTrack,3920.2904236325894,2894.138211116646,529.1933991522171
2026-08-21 15:13:19.469,0 days 00:56:57.084000,16,542.5675000000001,0 days 00:00:20.679000,10301.933333333332,285.46666666666664,8,99.0,False,0,pos,1170.8951977193426,0.2751281325608681,OnTrack,4006.0,2883.0,528.0
2026-08-21 15:13:19.621,0 days 00:56:57.236000,16,541.2163888888892,0 days 00:00:20.831000,10535.0,288.0,8,99.0,False,0,car,1183.086111111111,0.27799266154879243,OnTrack,4230.393485555019,2857.767960762475,525.363565639306
2026-08-21 15:13:19.648,0 days 00:56:57.263000,16,540.9838883377781,0 days 00:00:20.858000,10542.0875168,288.0843752,8,99.0,False,0,pos,1185.2516206747005,0.278501496672067,OnTrack,4265.0,2854.0,525.0
2026-08-21 15:13:19.941,0 days 00:56:57.556000,16,538.4608333333338,0 days 00:00:21.151000,10619.0,289.0,8,99.0,False,0,car,1208.7749999999999,0.2840288431313372,OnTrack,4416.291634640157,2841.7405780765093,524.5588102068486
2026-08-21 15:13:20.088,0 days 00:56:57.703000,16,537.1133327466672,0 days 00:00:21.298000,10667.51002112,290.47000064,8,98.26499968,False,0,pos,1220.6487334256074,0.28681884356030474,OnTrack,4505.0,2858.0,525.0
2026-08-21 15:13:20.141,0 days 00:56:57.756000,16,536.6275000000005,0 days 00:00:21.351000,10685.0,291.0,8,98.0,False,0,car,1224.9416666666664,0.2878275646722553,OnTrack,4557.234233133087,2867.823120937185,525.0774780226669
2026-08-21 15:13:20.368,0 days 00:56:57.983000,16,534.483610506667,0 days 00:00:21.578000,10714.51000832,292.13500032,8,98.0,False,0,pos,1243.3929382219821,0.29216310545871965,OnTrack,4821.0,2919.0,525.0
2026-08-21 15:13:20.541,0 days 00:56:58.156000,16,532.8497222222225,0 days 00:00:21.751000,10737.0,293.0,8,98.0,False,0,car,1257.497222222222,0.2954772238577467,OnTrack,4893.268171847668,2937.2592141882265,524.6837591671955
2026-08-21 15:13:20.668,0 days 00:56:58.283000,16,531.6149993777782,0 days 00:00:21.878000,10776.158353066667,293.52916693333333,8,98.0,False,0,pos,1267.862186895631,0.2979127051717097,OnTrack,4960.0,2969.0,525.0
2026-08-21 15:13:20.781,0 days 00:56:58.396000,16,530.5163888888894,0 days 00:00:21.991000,10811.0,294.0,8,98.0,False,0,car,1277.097222222222,0.30008268420013817,OnTrack,5083.093468904664,3028.036776323326,526.0456041222844
2026-08-21 15:13:20.908,0 days 00:56:58.523000,16,529.3169438400005,0 days 00:00:22.118000,10777.97998336,294.63500032,8,98.63500032,False,0,pos,1287.4959203990613,0.3025260919586041,OnTrack,5242.0,3107.0,528.0
2026-08-21 15:13:20.981,0 days 00:56:58.596000,16,528.6275000000005,0 days 00:00:22.191000,10759.0,295.0,8,99.0,False,0,car,1293.4861111111109,0.3039336218447115,OnTrack,5315.983243349459,3146.7059226328674,529.4541978505564
2026-08-21 15:13:21.288,0 days 00:56:58.903000,16,525.8133327466669,0 days 00:00:22.498000,10828.84251456,296.53500032,8,99.0,False,0,pos,1318.794651242169,0.30988043194151815,OnTrack,5512.0,3271.0,537.0
2026-08-21 15:13:21.381,0 days 00:56:58.996000,16,524.9608333333335,0 days 00:00:22.591000,10850.0,297.0,8,99.0,False,0,car,1326.486111111111,0.3116877132375135,OnTrack,5549.210824897203,3296.865884062183,539.0187796336055
2026-08-21 15:13:21.581,0 days 00:56:59.196000,16,523.1275000000003,0 days 00:00:22.791000,10862.0,298.0,8,99.0,False,0,car,1343.0416666666665,0.3155778129598282,OnTrack,5608.688860954231,3338.751196291444,543.1597818674153
2026-08-21 15:13:21.748,0 days 00:56:59.363000,16,521.5966660800002,0 days 00:00:22.958000,10846.343744,297.4781248,8,99.0,False,0,pos,1356.8259797785588,0.3188167470100285,OnTrack,5741.0,3404.0,551.0
2026-08-21 15:13:21.901,0 days 00:56:59.516000,16,520.1941666666669,0 days 00:00:23.111000,10832.0,297.0,8,99.0,False,0,car,1369.4416666666666,0.32178108607406974,OnTrack,5945.757166232617,3495.373236328335,562.3072412658989
2026-08-21 15:13:21.948,0 days 00:56:59.563000,16,519.7763883200003,0 days 00:00:23.158000,10829.9437472,297.0,8,99.0,False,0,pos,1373.3193895754973,0.3226922441901617,OnTrack,5996.0,3517.0,565.0
2026-08-21 15:13:22.221,0 days 00:56:59.836000,16,517.3497222222225,0 days 00:00:23.431000,10818.0,297.0,8,99.0,False,0,car,1395.8416666666667,0.3279843591883113,OnTrack,6102.050659794395,3550.4483105185823,569.8632798661697
2026-08-21 15:13:22.228,0 days 00:56:59.843000,16,517.2874994311113,0 days 00:00:23.438000,10816.35498496,296.96499968,8,99.0,False,0,pos,1396.418184840331,0.3281198250855296,OnTrack,6105.0,3551.0,570.0
2026-08-21 15:13:22.421,0 days 00:57:00.036000,16,515.5719444444446,0 days 00:00:23.631000,10771.0,296.0,8,99.0,False,0,car,1412.286111111111,0.33184835085879844,OnTrack,6231.893625046769,3576.6281591116117,576.3749875554324
2026-08-21 15:13:22.620,0 days 00:57:00.235000,16,513.803055555556,0 days 00:00:23.830000,10764.0,295.0,8,99.0,False,0,car,1428.5930555555553,0.3356800338151489,OnTrack,6421.885443349016,3606.1702078111707,584.7103206749418
2026-08-21 15:13:22.628,0 days 00:57:00.243000,16,513.7208333333339,0 days 00:00:23.838000,10762.05,295.0,8,99.0,False,0,pos,1429.2486811424678,0.3358340877763725,OnTrack,6430.0,3607.0,585.0
2026-08-21 15:13:22.780,0 days 00:57:00.395000,16,512.1586111111117,0 days 00:00:23.990000,10725.0,295.0,8,99.0,False,0,car,1441.7041666666664,0.3387607839308075,OnTrack,6586.610201072829,3617.83984052339,589.808166362751
2026-08-21 15:13:22.828,0 days 00:57:00.443000,16,511.38527777777836,0 days 00:00:24.038000,10716.2,294.8,8,99.0,False,0,pos,1445.6288629168037,0.3396829794887636,OnTrack,6628.0,3620.0,591.0
2026-08-21 15:13:23.188,0 days 00:57:00.803000,16,505.58527777777834,0 days 00:00:24.398000,10650.2,293.3,8,99.0,False,0,pos,1474.9236629988322,0.3465664509181549,OnTrack,6827.0,3626.0,596.0
2026-08-21 15:13:23.260,0 days 00:57:00.875000,16,504.4252777777783,0 days 00:00:24.470000,10637.0,293.0,8,99.0,False,0,car,1480.770833333333,0.34794037495339725,OnTrack,6894.262647379692,3626.6815125615094,597.0013017877097
2026-08-21 15:13:23.428,0 days 00:57:01.043000,16,501.43861111111136,0 days 00:00:24.638000,10595.7,292.3,8,99.0,False,0,pos,1494.4064551065458,0.35114437063300846,OnTrack,7071.0,3628.0,599.0
2026-08-21 15:13:23.500,0 days 00:57:01.115000,16,500.1586111111112,0 days 00:00:24.710000,10578.0,292.0,8,99.0,False,0,car,1500.2375,0.3525145056335956,OnTrack,7127.144650809939,3628.184357448624,599.1956796646915
2026-08-21 15:13:23.708,0 days 00:57:01.323000,16,496.1719444444445,0 days 00:00:24.918000,10552.0,290.84444444444443,8,99.0,False,0,pos,1517.0204674207332,0.3564580408827709,OnTrack,7255.0,3627.0,598.0
2026-08-21 15:13:23.860,0 days 00:57:01.475000,16,493.2586111111111,0 days 00:00:25.070000,10533.0,290.0,8,99.0,False,0,car,1529.2375,0.35932870716060333,OnTrack,7381.812462382292,3624.0531903276446,596.5415641958919
2026-08-21 15:13:23.908,0 days 00:57:01.523000,16,492.2852777777778,0 days 00:00:25.118000,10526.657142857142,289.65714285714284,8,99.0,False,0,pos,1533.0887035680012,0.360233633961772,OnTrack,7422.0,3623.0,596.0
2026-08-21 15:13:24.140,0 days 00:57:01.755000,16,487.58083333333343,0 days 00:00:25.350000,10496.0,288.0,8,99.0,False,0,car,1551.6375,0.3645920904090507,OnTrack,7597.082348950776,3616.962352055276,592.700613594508
2026-08-21 15:13:24.248,0 days 00:57:01.863000,16,485.4508333333333,0 days 00:00:25.458000,10417.025,286.65,8,73.35,False,0,pos,1560.2139785051957,0.36660732671685936,OnTrack,7694.0,3608.0,590.0
2026-08-21 15:13:24.460,0 days 00:57:02.075000,16,481.2697222222221,0 days 00:00:25.670000,10262.0,284.0,8,23.0,False,0,car,1576.8819444444446,0.37052383978428505,OnTrack,7927.480719215568,3573.632554469478,582.0878128307825
2026-08-21 15:13:24.488,0 days 00:57:02.103000,16,480.8108333333332,0 days 00:00:25.698000,10327.672727272728,283.42727272727274,8,21.854545454545455,False,0,pos,1579.0589553985703,0.3710353774176614,OnTrack,7955.0,3568.0,581.0
2026-08-21 15:13:24.888,0 days 00:57:02.503000,16,474.25527777777796,0 days 00:00:26.098000,11265.854545454546,275.24545454545455,8,5.49090909090909,False,0,pos,1609.589350888653,0.37820917974761575,OnTrack,8207.0,3469.0,567.0
2026-08-21 15:13:24.900,0 days 00:57:02.515000,16,474.0586111111113,0 days 00:00:26.110000,11294.0,275.0,7,5.0,False,0,car,1610.4930555555554,0.3784215254621388,OnTrack,8212.809638310835,3465.6503649875235,566.624674593758
2026-08-21 15:13:25.148,0 days 00:57:02.763000,16,470.614166666667,0 days 00:00:26.358000,11116.266666666666,270.1777777777778,7,27.044444444444444,False,0,pos,1629.0298453146568,0.38277716067187295,OnTrack,8330.0,3386.0,559.0
2026-08-21 15:13:25.260,0 days 00:57:02.875000,16,469.05861111111153,0 days 00:00:26.470000,11036.0,268.0,7,37.0,False,0,car,1637.2930555555554,0.38471878756295974,OnTrack,8389.311831561063,3334.6048626475967,555.0119116302247
2026-08-21 15:13:25.408,0 days 00:57:03.023000,16,467.331944444445,0 days 00:00:26.618000,10959.533333333333,264.3,7,41.31666666666667,False,0,pos,1648.0970226283105,0.3872574223534739,OnTrack,8467.0,3255.0,549.0
2026-08-21 15:13:25.500,0 days 00:57:03.115000,16,466.2586111111118,0 days 00:00:26.710000,10912.0,262.0,7,44.0,False,0,car,1654.759722222222,0.38882297331026094,OnTrack,8508.516367070368,3202.635318050169,544.8049224837512
2026-08-21 15:13:25.569,0 days 00:57:03.184000,16,465.51111150730253,0 days 00:00:26.779000,10899.142863957411,260.71428639574117,7,46.14285600709804,False,0,pos,1659.734505780452,0.38999191047298587,OnTrack,8537.0,3162.0,542.0
2026-08-21 15:13:25.661,0 days 00:57:03.276000,16,464.5144444444454,0 days 00:00:26.871000,10882.0,259.0,7,49.0,False,0,car,1666.3427777777774,0.39154467244316027,OnTrack,8572.287973250646,3106.0620330499232,539.3150093599663
2026-08-21 15:13:25.769,0 days 00:57:03.384000,16,463.4644444444453,0 days 00:00:26.979000,10869.1,258.4,7,56.5,False,0,pos,1674.0731938153588,0.39336110736618407,OnTrack,8609.0,3038.0,537.0
2026-08-21 15:13:26.009,0 days 00:57:03.624000,16,461.13111111111164,0 days 00:00:27.219000,10840.433333333332,257.06666666666666,7,73.16666666666667,False,0,pos,1691.1869971679741,0.3973823799502635,OnTrack,8669.0,2878.0,532.0
2026-08-21 15:13:26.021,0 days 00:57:03.636000,16,461.01444444444496,0 days 00:00:27.231000,10839.0,257.0,7,74.0,False,0,car,1692.0427777777777,0.3975834648308879,OnTrack,8671.2395642469,2869.6541358438944,531.7603677530392
2026-08-21 15:13:26.181,0 days 00:57:03.796000,16,459.01444444444496,0 days 00:00:27.391000,10839.0,257.0,7,78.0,False,0,car,1703.4649999999997,0.40026737255876677,OnTrack,8694.258553240525,2755.1229253332986,528.6805528496359
2026-08-21 15:13:26.348,0 days 00:57:03.963000,16,455.34972081777835,0 days 00:00:27.558000,10896.0583552,257.92777813333333,7,82.1750016,False,0,pos,1715.4527134229743,0.40308415514884144,OnTrack,8704.0,2636.0,529.0
2026-08-21 15:13:26.388,0 days 00:57:04.003000,16,454.4719430400006,0 days 00:00:27.598000,10909.725021866667,258.15000035555556,7,83.1750016,False,0,pos,1718.334406939447,0.40376127378195575,OnTrack,8704.0,2608.0,530.0
2026-08-21 15:13:26.541,0 days 00:57:04.156000,16,451.1144444444451,0 days 00:00:27.751000,10962.0,259.0,7,87.0,False,0,car,1729.365,0.40635315943978406,OnTrack,8690.99124240007,2471.493667441048,532.841252643304
2026-08-21 15:13:26.748,0 days 00:57:04.363000,16,445.3069426488895,0 days 00:00:27.958000,10965.696429714286,259.7392859428571,7,95.13214537142858,False,0,pos,1744.3086166916169,0.40986449791147495,OnTrack,8657.0,2281.0,535.0
2026-08-21 15:13:26.821,0 days 00:57:04.436000,16,443.2588888888895,0 days 00:00:28.031000,10967.0,260.0,7,98.0,False,0,car,1749.587222222222,0.4111048248724101,OnTrack,8646.485305113089,2237.661602391437,535.7936884317135
2026-08-21 15:13:27.068,0 days 00:57:04.683000,16,435.36860906666726,0 days 00:00:28.278000,10988.955561244444,260.68611128888887,7,98.0,False,0,pos,1767.4865466561682,0.41531067328241716,OnTrack,8592.0,2120.0,540.0
2026-08-21 15:13:27.181,0 days 00:57:04.796000,16,431.7588888888895,0 days 00:00:28.391000,10999.0,261.0,7,98.0,False,0,car,1775.6872222222219,0.4172376062467171,OnTrack,8533.744053598148,2019.6180822617632,543.9767856636217
2026-08-21 15:13:27.348,0 days 00:57:04.963000,16,425.6819421155561,0 days 00:00:28.558000,11074.56752896,261.41750016,7,98.0,False,0,pos,1787.8146918793645,0.4200872277038357,OnTrack,8441.0,1865.0,550.0
2026-08-21 15:13:27.581,0 days 00:57:05.196000,16,417.20333333333383,0 days 00:00:28.791000,11180.0,262.0,7,98.0,False,0,car,1804.7983333333332,0.42407791582555243,OnTrack,8389.08928090274,1782.994137966136,552.3745695884827
2026-08-21 15:13:27.708,0 days 00:57:05.323000,16,412.19388636444495,0 days 00:00:28.918000,11183.49250176,262.95250048,7,98.0,False,0,pos,1814.1169119137844,0.42626752521839567,OnTrack,8346.0,1716.0,553.0
2026-08-21 15:13:27.928,0 days 00:57:05.543000,16,403.51610858666714,0 days 00:00:29.138000,11189.54250176,264.60250048,7,98.0,False,0,pos,1830.3339939179964,0.43007809297552363,OnTrack,8213.0,1505.0,555.0
2026-08-21 15:13:27.981,0 days 00:57:05.596000,16,401.425555555556,0 days 00:00:29.191000,11191.0,265.0,7,98.0,False,0,car,1834.2427777777775,0.43099654955987066,OnTrack,8189.5717624214385,1467.5746320061896,555.223742615675
2026-08-21 15:13:28.181,0 days 00:57:05.796000,16,393.37000000000035,0 days 00:00:29.391000,11261.0,266.0,7,99.0,False,0,car,1849.0205555555553,0.43446892045294355,OnTrack,8145.21651327687,1395.1836336201757,554.7707552787797
2026-08-21 15:13:28.288,0 days 00:57:05.903000,16,388.91166400000037,0 days 00:00:29.498000,11281.86501248,267.60500096,7,99.0,False,0,pos,1857.000915349786,0.4363440852769408,OnTrack,8120.0,1352.0,554.0
2026-08-21 15:13:28.381,0 days 00:57:05.996000,16,385.0366666666671,0 days 00:00:29.591000,11300.0,269.0,7,99.0,False,0,car,1863.965,0.4379804534237579,OnTrack,8090.160593996257,1300.3786348270621,553.1047442088814
2026-08-21 15:13:28.608,0 days 00:57:06.223000,16,375.5783306666671,0 days 00:00:29.818000,11302.522222933334,269.6305557333333,7,98.36944426666666,False,0,pos,1880.9936835945823,0.4419817252083488,OnTrack,8003.0,1144.0,550.0
2026-08-21 15:13:28.741,0 days 00:57:06.356000,16,370.0366666666671,0 days 00:00:29.951000,11304.0,270.0,7,98.0,False,0,car,1890.965,0.44432471001786855,OnTrack,7959.445781856508,1056.8434936009114,547.5438526264865
2026-08-21 15:13:28.768,0 days 00:57:06.383000,16,368.94916408888935,0 days 00:00:29.978000,11297.9249856,269.9035712,7,98.0964288,False,0,pos,1892.987120413013,0.44479985263877014,OnTrack,7950.0,1037.0,547.0
2026-08-21 15:13:29.008,0 days 00:57:06.623000,16,359.28249742222283,0 days 00:00:30.218000,11243.9249856,269.04642834285715,7,98.95357165714286,False,0,pos,1910.9192298501882,0.4490134046218485,OnTrack,7857.0,833.0,542.0
2026-08-21 15:13:29.021,0 days 00:57:06.636000,16,358.7588888888895,0 days 00:00:30.231000,11241.0,269.0,7,99.0,False,0,car,1911.8872222222221,0.44924085617700865,OnTrack,7852.71789456578,823.4393300587017,541.7719606413082
2026-08-21 15:13:29.301,0 days 00:57:06.916000,16,348.1033333333344,0 days 00:00:30.511000,10849.0,265.0,7,21.0,True,0,car,1932.498333333333,0.4540838997910313,OnTrack,7784.989311269774,669.0625582307541,538.2566138986333
2026-08-21 15:13:29.328,0 days 00:57:06.943000,16,347.2033314894489,0 days 00:00:30.538000,10945.196176982134,263.37185596081014,7,18.15074793141775,True,0,pos,1934.4293599832265,0.45453763788573465,OnTrack,7779.0,655.0,538.0
2026-08-21 15:13:29.500,0 days 00:57:07.115000,16,341.47000000000116,0 days 00:00:30.710000,11558.0,253.0,7,0.0,True,0,car,1946.4836111111108,0.4573700550044438,OnTrack,7738.8631398497755,559.8059039729613,536.5739375586234
2026-08-21 15:13:29.628,0 days 00:57:07.243000,16,337.80777777777894,0 days 00:00:30.838000,11608.0,249.4,7,0.0,True,0,pos,1955.2795526240345,0.4594368590764725,OnTrack,7687.0,462.0,535.0
2026-08-21 15:13:29.788,0 days 00:57:07.403000,16,333.23000000000116,0 days 00:00:30.998000,11670.5,244.9,7,0.0,True,0,pos,1966.0541399217452,0.46196859042878075,OnTrack,7589.0,306.0,532.0
2026-08-21 15:13:29.820,0 days 00:57:07.435000,16,332.3144444444456,0 days 00:00:31.030000,11683.0,244.0,6,0.0,False,0,car,1968.1724999999997,0.46246634672119435,OnTrack,7572.5197736839755,281.7595330179295,531.4461526609773
2026-08-21 15:13:30.100,0 days 00:57:07.715000,16,325.9366666666681,0 days 00:00:31.310000,11299.0,233.0,6,5.0,False,0,car,1986.2947222222217,0.46672456997427847,OnTrack,7499.412872663874,209.09164711050167,528.0579278229309
2026-08-21 15:13:30.268,0 days 00:57:07.883000,16,322.57666666666796,0 days 00:00:31.478000,11098.8,230.9,6,12.7,False,0,pos,1997.0675092914157,0.46925587832245186,OnTrack,7452.0,186.0,527.0
2026-08-21 15:13:30.340,0 days 00:57:07.955000,16,321.1366666666679,0 days 00:00:31.550000,11013.0,230.0,6,16.0,False,0,car,2001.6280555555552,0.4703274811264895,OnTrack,7422.252547487264,167.571208725054,526.7330983747879
2026-08-21 15:13:30.488,0 days 00:57:08.103000,16,319.04000000000116,0 days 00:00:31.698000,11020.4,226.7111111111111,6,26.27777777777778,False,0,pos,2010.8427836578692,0.4724926885163428,OnTrack,7324.0,121.0,526.0
2026-08-21 15:13:30.648,0 days 00:57:08.263000,16,316.77333333333445,0 days 00:00:31.858000,11028.4,223.15555555555557,6,37.388888888888886,False,0,pos,2020.6439090089427,0.474795683114056,OnTrack,7140.0,78.0,524.0
2026-08-21 15:13:30.700,0 days 00:57:08.315000,16,316.03666666666777,0 days 00:00:31.910000,11031.0,222.0,6,41.0,False,0,car,2023.8280555555552,0.47554386988164715,OnTrack,7092.032982968122,68.87100484840326,523.5034345410725
2026-08-21 15:13:31.060,0 days 00:57:08.675000,16,312.03666666666754,0 days 00:00:32.270000,10887.0,221.0,6,65.0,False,0,car,2045.9280555555554,0.48073676139016,OnTrack,6955.425502106939,64.817268833857,522.9740066269391
2026-08-21 15:13:31.128,0 days 00:57:08.743000,16,311.39444444444547,0 days 00:00:32.338000,10942.614285714286,221.72857142857143,6,61.114285714285714,False,0,pos,2050.139217441076,0.48172626848501493,OnTrack,6926.0,66.0,523.0
2026-08-21 15:13:31.328,0 days 00:57:08.943000,16,309.5055555555569,0 days 00:00:32.538000,11106.185714285713,223.87142857142857,6,49.68571428571428,False,0,pos,2062.599970238618,0.4846542023036589,OnTrack,6801.0,69.0,523.0
2026-08-21 15:13:31.340,0 days 00:57:08.955000,16,309.3922222222236,0 days 00:00:32.550000,11116.0,224.0,6,49.0,False,0,car,2063.350277777777,0.48483050391673005,OnTrack,6791.566898798633,69.60931179067775,522.9993721959971
2026-08-21 15:13:31.508,0 days 00:57:09.123000,16,308.1788888888903,0 days 00:00:32.718000,11094.066666666668,224.93333333333334,6,69.53333333333333,False,0,pos,2073.883952819234,0.4873056275219886,OnTrack,6652.0,83.0,523.0
2026-08-21 15:13:31.700,0 days 00:57:09.315000,16,306.7922222222237,0 days 00:00:32.910000,11069.0,226.0,6,93.0,False,0,car,2085.950277777777,0.4901408816584671,OnTrack,6556.924987379397,96.84579442023106,523.0259610459874
2026-08-21 15:13:31.788,0 days 00:57:09.403000,16,306.05888888889,0 days 00:00:32.998000,11060.2,226.0,6,96.3,False,0,pos,2091.4748331133287,0.4914390000516931,OnTrack,6516.0,105.0,523.0
2026-08-21 15:13:31.860,0 days 00:57:09.475000,16,305.45888888888976,0 days 00:00:33.070000,11053.0,226.0,6,99.0,False,0,car,2095.9947222222218,0.4925010495436836,OnTrack,6476.548159022017,113.39563204134255,522.9474611593639
2026-08-21 15:13:32.060,0 days 00:57:09.675000,16,303.1255555555563,0 days 00:00:33.270000,11156.0,227.0,6,99.0,False,0,car,2108.605833333333,0.4954643134261181,OnTrack,6349.636853123755,143.49557760833923,522.9731138988506
2026-08-21 15:13:32.069,0 days 00:57:09.684000,16,302.94555681160637,0 days 00:00:33.279000,11148.478222965918,227.09355444072241,6,98.68191490154378,False,0,pos,2109.180324772006,0.4955993030964166,OnTrack,6344.0,145.0,523.0
2026-08-21 15:13:32.289,0 days 00:57:09.904000,16,298.5455562261593,0 days 00:00:33.499000,10964.611254634347,229.38045703191113,6,90.90644609150219,False,0,pos,2123.4671545099304,0.49895631471766705,OnTrack,6210.0,186.0,524.0
2026-08-21 15:13:32.409,0 days 00:57:10.024000,16,296.1455559068246,0 days 00:00:33.619000,10864.320180998942,230.6278584452868,6,86.66528128602495,False,0,pos,2131.2936976943315,0.5007953368734719,OnTrack,6137.0,213.0,524.0
2026-08-21 15:13:32.541,0 days 00:57:10.156000,16,293.5055555555564,0 days 00:00:33.751000,10754.0,232.0,6,82.0,True,0,car,2139.6036111111107,0.5027479377249863,OnTrack,6059.951325647088,246.00347766726645,523.9855870747951
2026-08-21 15:13:32.649,0 days 00:57:10.264000,16,291.6455555555562,0 days 00:00:33.859000,10789.64,222.82,6,37.72,True,0,pos,2146.1675606320773,0.5042902851335714,OnTrack,5999.0,276.0,524.0
2026-08-21 15:13:32.741,0 days 00:57:10.356000,16,290.0611111111116,0 days 00:00:33.951000,10820.0,215.0,6,0.0,True,0,car,2151.5480555555555,0.505554553296455,OnTrack,5948.021642462566,303.979941104964,524.0091532435654
2026-08-21 15:13:32.829,0 days 00:57:10.444000,16,288.8388888888894,0 days 00:00:34.039000,10942.57142857143,208.0857142857143,6,0.0,True,0,pos,2156.4800434903864,0.5067134346659968,OnTrack,5905.0,329.0,524.0
2026-08-21 15:13:33.021,0 days 00:57:10.636000,16,286.1722222222229,0 days 00:00:34.231000,11210.0,193.0,6,0.0,True,0,car,2166.5591666666664,0.509081751098366,OnTrack,5839.7293331951005,370.64598440589987,523.9379207691662
2026-08-21 15:13:33.068,0 days 00:57:10.683000,16,285.6891660088896,0 days 00:00:34.278000,11201.7749888,189.4749952,6,0.0,True,0,pos,2168.8994602638263,0.5096316556571043,OnTrack,5821.0,385.0,524.0
2026-08-21 15:13:33.301,0 days 00:57:10.916000,16,283.29444444444516,0 days 00:00:34.511000,11161.0,172.0,4,0.0,True,0,car,2179.936944444444,0.5122251605384109,OnTrack,5698.041912624706,489.8887616462203,524.8568993824798
2026-08-21 15:13:33.348,0 days 00:57:10.963000,16,282.8766660977786,0 days 00:00:34.558000,11288.4876736,169.9437472,4,0.0,True,0,pos,2182.111998989374,0.5127362384694932,OnTrack,5678.0,508.0,525.0
2026-08-21 15:13:33.461,0 days 00:57:11.076000,16,281.8722222222232,0 days 00:00:34.671000,11595.0,165.0,4,0.0,True,0,car,2187.270277777777,0.5139482919590335,OnTrack,5644.241715063138,540.1877011191302,525.2008831641265
2026-08-21 15:13:33.688,0 days 00:57:11.303000,16,279.9805550222232,0 days 00:00:34.898000,11812.541728,157.4333312,4,0.0,True,0,pos,2197.185846400241,0.5162781775744936,OnTrack,5608.0,586.0,525.0
2026-08-21 15:13:33.701,0 days 00:57:11.316000,16,279.8722222222232,0 days 00:00:34.911000,11825.0,157.0,3,0.0,True,0,car,2197.736944444444,0.5164076704411948,OnTrack,5605.367110376841,589.6718987051672,524.9644726509706
2026-08-21 15:13:33.908,0 days 00:57:11.523000,16,278.4922217955566,0 days 00:00:35.118000,11147.0747904,149.2374976,3,0.0,True,0,pos,2206.2805118066567,0.5184151735365634,OnTrack,5558.0,661.0,524.0
2026-08-21 15:13:33.941,0 days 00:57:11.556000,16,278.27222222222326,0 days 00:00:35.151000,11039.0,148.0,3,0.0,True,0,car,2207.6036111111107,0.5187260654434872,OnTrack,5551.468448839417,672.7437423261289,523.7595059493098
2026-08-21 15:13:34.168,0 days 00:57:11.783000,16,277.20027747555673,0 days 00:00:35.378000,10754.3040864,140.4333312,3,0.0,True,0,pos,2216.441598914927,0.5208027492361921,OnTrack,5519.0,752.0,522.0
2026-08-21 15:13:34.181,0 days 00:57:11.796000,16,277.13888888889005,0 days 00:00:35.391000,10738.0,140.0,3,0.0,True,0,car,2216.9369444444437,0.5209191417970068,OnTrack,5517.776216777433,756.5105274779834,521.9522187740231
2026-08-21 15:13:34.408,0 days 00:57:12.023000,16,276.57138872889,0 days 00:00:35.618000,10369.755451733334,135.58610986666667,3,0.0,True,0,pos,2225.4234347559786,0.5229132333569998,OnTrack,5509.0,837.0,522.0
2026-08-21 15:13:34.541,0 days 00:57:12.156000,16,276.23888888888996,0 days 00:00:35.751000,10154.0,133.0,3,0.0,True,0,car,2230.236944444444,0.5240442756007725,OnTrack,5518.17668539376,889.4443217218993,522.0687375661429
2026-08-21 15:13:34.628,0 days 00:57:12.243000,16,276.3355556266677,0 days 00:00:35.838000,10024.5874048,131.04249856,3,0.0,True,0,pos,2233.3178261671155,0.5247681979779849,OnTrack,5531.0,925.0,522.0
2026-08-21 15:13:34.941,0 days 00:57:12.556000,16,276.6833333333343,0 days 00:00:36.151000,9559.0,124.0,3,0.0,True,0,car,2244.0147222222217,0.5272816740273969,OnTrack,5613.360584229296,1047.5683576128547,521.0543783622447
2026-08-21 15:13:34.988,0 days 00:57:12.603000,16,276.82694464000105,0 days 00:00:36.198000,9472.0498816,122.531248,3,0.0,True,0,pos,2245.582166788431,0.5276499803431405,OnTrack,5624.0,1061.0,521.0
2026-08-21 15:13:35.101,0 days 00:57:12.716000,16,277.17222222222335,0 days 00:00:36.311000,9263.0,119.0,3,0.0,False,0,car,2249.3036111111105,0.5285244172943914,OnTrack,5644.170479425887,1085.6925729373006,521.0607819829737
2026-08-21 15:13:35.301,0 days 00:57:12.916000,16,278.17222222222335,0 days 00:00:36.511000,9043.0,115.0,3,0.0,False,0,car,2255.6924999999997,0.5300256302744794,OnTrack,5666.434494404293,1108.3654349831638,521.7092920281558
2026-08-21 15:13:35.448,0 days 00:57:13.063000,16,279.3155560533343,0 days 00:00:36.658000,9078.8312656,113.6218744,3,4.593751999999999,False,0,pos,2260.2837316837026,0.5311044433072356,OnTrack,5699.0,1135.0,522.0
2026-08-21 15:13:35.621,0 days 00:57:13.236000,16,280.66111111111195,0 days 00:00:36.831000,9121.0,112.0,3,10.0,False,0,car,2265.6480555555554,0.5323649117182337,OnTrack,5756.927207735116,1180.4187226888903,522.0015138900168
2026-08-21 15:13:35.628,0 days 00:57:13.243000,16,280.72138944000085,0 days 00:00:36.838000,9116.62496,112.02500022857143,3,9.774997942857143,False,0,pos,2265.8658327018165,0.5324160833514269,OnTrack,5759.0,1182.0,522.0
2026-08-21 15:13:35.901,0 days 00:57:13.516000,16,283.072222222223,0 days 00:00:37.111000,8946.0,113.0,3,1.0,False,0,car,2274.436944444444,0.5344300586177981,OnTrack,5815.854142592543,1221.2531253656443,521.9965123899321
2026-08-21 15:13:35.928,0 days 00:57:13.543000,16,283.33472277415217,0 days 00:00:37.138000,9033.891398188078,113.45188379531145,3,5.857750799598112,False,0,pos,2275.300112650195,0.5346328793800634,OnTrack,5822.0,1225.0,522.0
2026-08-21 15:13:36.140,0 days 00:57:13.755000,16,285.39583333333394,0 days 00:00:37.350000,9724.0,117.0,3,44.0,False,0,car,2282.204444444444,0.5362552072509372,OnTrack,5879.8202467434,1258.7656675614194,522.0042950310383
2026-08-21 15:13:36.148,0 days 00:57:13.763000,16,285.4802777777784,0 days 00:00:37.358000,9739.466666666667,117.16666666666667,3,44.166666666666664,False,0,pos,2282.470156769905,0.5363176423314165,OnTrack,5882.0,1260.0,522.0
2026-08-21 15:13:36.380,0 days 00:57:13.995000,16,287.9291666666677,0 days 00:00:37.590000,10188.0,122.0,3,49.0,False,0,car,2290.3377777777773,0.5381663166447187,OnTrack,5944.763555485046,1293.3006566217134,521.824246599677
2026-08-21 15:13:36.448,0 days 00:57:14.063000,16,288.68472222222323,0 days 00:00:37.658000,10188.0,123.7,3,49.0,False,0,pos,2292.6952434468167,0.5387202561675406,OnTrack,5971.0,1305.0,522.0
2026-08-21 15:13:36.580,0 days 00:57:14.195000,16,290.15138888888987,0 days 00:00:37.790000,10188.0,127.0,3,49.0,False,0,car,2297.3933333333325,0.5398241779357722,OnTrack,6035.749266891874,1331.5297403257125,522.7603940197118
2026-08-21 15:13:36.628,0 days 00:57:14.243000,16,290.7113888888898,0 days 00:00:37.838000,10436.914285714285,129.22857142857143,3,53.114285714285714,False,0,pos,2299.1708470846447,0.5402418447260642,OnTrack,6057.0,1340.0,523.0
2026-08-21 15:13:36.860,0 days 00:57:14.475000,16,293.4180555555563,0 days 00:00:38.070000,11640.0,140.0,3,73.0,False,0,car,2308.2822222222217,0.5423827670148786,OnTrack,6115.88168071148,1362.4872092482346,523.1606406932234
2026-08-21 15:13:37.008,0 days 00:57:14.623000,16,294.9802777777785,0 days 00:00:38.218000,11212.033333333333,148.63333333333333,3,83.48333333333333,False,0,pos,2314.5168029144534,0.5438477218174048,OnTrack,6168.0,1377.0,523.0
2026-08-21 15:13:37.100,0 days 00:57:14.715000,16,295.9513888888896,0 days 00:00:38.310000,10946.0,154.0,3,90.0,False,0,car,2318.5488888888885,0.5447951510037504,OnTrack,6221.094922527554,1390.6938468098663,522.9681862916675
2026-08-21 15:13:37.308,0 days 00:57:14.923000,16,298.2047222222229,0 days 00:00:38.518000,11128.0,161.8,3,93.9,False,0,pos,2328.0770134020922,0.5470339979212466,OnTrack,6266.0,1403.0,523.0
2026-08-21 15:13:37.368,0 days 00:57:14.983000,16,298.85472222222296,0 days 00:00:38.578000,11180.5,164.05,3,95.025,False,0,pos,2330.877078605124,0.5476919361482198,OnTrack,6215.0,1391.0,523.0
2026-08-21 15:13:37.420,0 days 00:57:15.035000,16,299.4180555555563,0 days 00:00:38.630000,11226.0,166.0,4,96.0,False,0,car,2333.304444444444,0.5482623002864577,OnTrack,6201.692219461307,1387.269814012417,522.9991685993162
2026-08-21 15:13:37.580,0 days 00:57:15.195000,16,301.1513888888894,0 days 00:00:38.790000,11403.0,169.0,4,99.0,False,0,car,2340.815555555555,0.5500272045900045,OnTrack,6348.780236064672,1416.85361093244,522.9972368470283
2026-08-21 15:13:37.648,0 days 00:57:15.263000,16,301.92583333333386,0 days 00:00:38.858000,11530.16,171.38,4,99.0,False,0,pos,2344.0864925478827,0.5507957847226895,OnTrack,6410.0,1429.0,523.0
2026-08-21 15:13:37.780,0 days 00:57:15.395000,16,303.42916666666724,0 days 00:00:38.990000,11777.0,176.0,4,99.0,False,0,car,2350.593333333333,0.5523247131508348,OnTrack,6476.968579648975,1440.9232490453187,523.0133443989678
2026-08-21 15:13:38.008,0 days 00:57:15.623000,16,306.2158333333339,0 days 00:00:39.218000,10845.05,183.125,4,99.0,False,0,pos,2362.2878607100133,0.5550726050924834,OnTrack,6520.0,1444.0,523.0
2026-08-21 15:13:38.100,0 days 00:57:15.715000,16,307.3402777777783,0 days 00:00:39.310000,10469.0,186.0,5,99.0,False,0,car,2367.126666666666,0.556209591262784,OnTrack,6557.507420927182,1448.715772080973,522.9496566476847
2026-08-21 15:13:38.288,0 days 00:57:15.903000,16,309.6380555555562,0 days 00:00:39.498000,10710.714285714286,190.02857142857144,5,99.0,False,0,pos,2377.1685359076,0.5585691540460801,OnTrack,6665.0,1465.0,523.0
2026-08-21 15:13:38.380,0 days 00:57:15.995000,16,310.7625000000007,0 days 00:00:39.590000,10829.0,192.0,5,99.0,False,0,car,2382.0599999999995,0.5597185134284156,OnTrack,6725.240350794827,1475.8191870552598,523.2812952893413
2026-08-21 15:13:38.548,0 days 00:57:16.163000,16,313.7491671961596,0 days 00:00:39.758000,10688.92241283943,188.27700765021743,5,52.92796967144061,False,0,pos,2390.84794065335,0.5617834375187368,OnTrack,6832.0,1497.0,524.0
2026-08-21 15:13:38.741,0 days 00:57:16.356000,16,317.18027777777843,0 days 00:00:39.951000,10528.0,184.0,5,0.0,True,0,car,2400.5111111111105,0.5640540165149094,OnTrack,6912.595339456076,1515.4891392315276,524.538702712481
2026-08-21 15:13:38.909,0 days 00:57:16.524000,16,321.6602777777784,0 days 00:00:40.119000,10682.0,174.2,5,0.0,True,0,pos,2408.3464350570075,0.5658951019079002,OnTrack,6979.0,1535.0,525.0
2026-08-21 15:13:39.101,0 days 00:57:16.716000,16,326.78027777777834,0 days 00:00:40.311000,10858.0,163.0,4,0.0,True,0,car,2416.8111111111107,0.5678840677180207,OnTrack,7082.185082004895,1569.4166216192784,525.7548392138206
2026-08-21 15:13:39.169,0 days 00:57:16.784000,16,329.0091666666673,0 days 00:00:40.379000,10997.57,160.79,4,0.0,True,0,pos,2419.7320112058783,0.5685703988175381,OnTrack,7118.0,1583.0,526.0
2026-08-21 15:13:39.501,0 days 00:57:17.116000,16,339.89138888888965,0 days 00:00:40.711000,11679.0,150.0,3,0.0,True,0,car,2433.477777777777,0.5718002754921631,OnTrack,7254.99346387275,1650.712626988283,526.8114376451526
2026-08-21 15:13:39.568,0 days 00:57:17.183000,16,342.3108356444453,0 days 00:00:40.778000,11532.344304355556,148.5111096888889,3,0.0,True,0,pos,2436.1713380101614,0.5724331879834941,OnTrack,7275.0,1663.0,527.0
2026-08-21 15:13:39.861,0 days 00:57:17.476000,16,352.8913888888901,0 days 00:00:41.071000,10891.0,142.0,3,0.0,True,0,car,2447.677777777777,0.5751368845157323,OnTrack,7339.828878534762,1715.2714163746393,527.9521623760749
2026-08-21 15:13:39.888,0 days 00:57:17.503000,16,353.9413913777789,0 days 00:00:41.098000,10853.0070528,141.517856,3,0.0,True,0,pos,2448.719204113697,0.5753815910305079,OnTrack,7346.0,1722.0,528.0
2026-08-21 15:13:40.141,0 days 00:57:17.756000,16,363.78027777777834,0 days 00:00:41.351000,10497.0,137.0,3,0.0,True,0,car,2458.3333333333326,0.5776406466860007,OnTrack,7409.328790800454,1806.625762294109,528.0141384530717
2026-08-21 15:13:40.188,0 days 00:57:17.803000,16,365.7125026311117,0 days 00:00:41.398000,10434.9207488,136.2166656,3,0.0,True,0,pos,2460.0920630144465,0.5780538997369883,OnTrack,7419.0,1825.0,528.0
2026-08-21 15:13:40.381,0 days 00:57:17.996000,16,373.6469444444451,0 days 00:00:41.591000,10180.0,133.0,3,0.0,False,0,car,2467.1999999999994,0.5797240692218445,OnTrack,7446.230074409317,1906.2775172008028,528.0093014987675
2026-08-21 15:13:40.568,0 days 00:57:18.183000,16,381.6463916266679,0 days 00:00:41.778000,10026.65994752,128.3249984,3,0.0,False,0,pos,2473.8532185098575,0.5812873923849269,OnTrack,7458.0,1979.0,528.0
2026-08-21 15:13:40.581,0 days 00:57:18.196000,16,382.20250000000124,0 days 00:00:41.791000,10016.0,128.0,3,0.0,False,0,car,2474.31111111111,0.5813949845388118,OnTrack,7458.444533725596,1983.303953178464,527.9943668869814
2026-08-21 15:13:40.741,0 days 00:57:18.356000,16,389.22472222222314,0 days 00:00:41.951000,9808.0,126.0,3,0.0,False,0,car,2479.91111111111,0.5827108303509236,OnTrack,7459.9373434076415,2028.2743249582593,527.8719487620028
2026-08-21 15:13:40.968,0 days 00:57:18.583000,16,399.50278067555615,0 days 00:00:42.178000,9471.2832384,123.1624992,3,0.0,False,0,pos,2487.675621807278,0.5845352765799684,OnTrack,7453.0,2083.0,528.0
2026-08-21 15:13:40.981,0 days 00:57:18.596000,16,400.09138888888947,0 days 00:00:42.191000,9452.0,123.0,3,0.0,False,0,car,2488.1111111111104,0.5846376045758017,OnTrack,7452.429098814093,2086.4879830052514,528.0375354574002
2026-08-21 15:13:41.228,0 days 00:57:18.843000,16,411.82389192888934,0 days 00:00:42.438000,9495.2250112,119.9124992,3,12.3500032,False,0,pos,2496.1746911985597,0.586532323877355,OnTrack,7431.0,2168.0,529.0
2026-08-21 15:13:41.448,0 days 00:57:19.063000,16,422.2738919288892,0 days 00:00:42.658000,9533.7250112,117.1624992,3,23.3500032,False,0,pos,2503.2852337513737,0.588203105598777,OnTrack,7380.0,2274.0,529.0
2026-08-21 15:13:41.461,0 days 00:57:19.076000,16,422.8913888888892,0 days 00:00:42.671000,9536.0,117.0,3,24.0,False,0,car,2503.7111111111103,0.5883031750523989,OnTrack,7377.77793642345,2278.246039145445,528.9959162145939
2026-08-21 15:13:41.621,0 days 00:57:19.236000,16,430.2247222222227,0 days 00:00:42.831000,9536.0,119.0,3,27.0,False,0,car,2508.9999999999995,0.5895459183193936,OnTrack,7363.460853525048,2302.333765651436,529.0040164023037
2026-08-21 15:13:41.748,0 days 00:57:19.363000,16,435.6222249422226,0 days 00:00:42.958000,9773.547846981819,120.15454603636364,3,32.77273018181818,False,0,pos,2513.2427944617866,0.5905428581987139,OnTrack,7350.0,2317.0,529.0
2026-08-21 15:13:41.948,0 days 00:57:19.563000,16,444.12222494222254,0 days 00:00:43.158000,10147.638756072727,121.97272785454545,3,41.863639272727276,False,0,pos,2520.0401276949274,0.5921400443537777,OnTrack,7305.0,2367.0,529.0
2026-08-21 15:13:42.061,0 days 00:57:19.676000,16,448.9247222222225,0 days 00:00:43.271000,10359.0,123.0,3,47.0,False,0,car,2524.033333333333,0.59307833773167,OnTrack,7277.990726047176,2392.9107367568945,529.3363959420612
2026-08-21 15:13:42.248,0 days 00:57:19.863000,16,453.96333505777795,0 days 00:00:43.458000,10971.850209745455,128.5250018909091,3,51.250001454545455,False,0,pos,2530.912542433173,0.5946947624610748,OnTrack,7224.0,2432.0,530.0
2026-08-21 15:13:42.468,0 days 00:57:20.083000,16,459.89111283555565,0 days 00:00:43.678000,11692.850209745455,135.0250018909091,3,56.250001454545455,False,0,pos,2539.3646410171777,0.5966807729120246,OnTrack,7131.0,2481.0,530.0
2026-08-21 15:13:42.501,0 days 00:57:20.116000,16,460.7802777777779,0 days 00:00:43.711000,11801.0,136.0,3,57.0,False,0,car,2540.655555555555,0.5969841022850814,OnTrack,7118.9856497564715,2486.3716190534424,530.0659644900101
2026-08-21 15:13:42.748,0 days 00:57:20.363000,16,465.17139002666664,0 days 00:00:43.958000,10792.71045302857,143.0571446857143,3,52.58928457142857,False,0,pos,2550.5109949436614,0.5992998591860388,OnTrack,7030.0,2514.0,531.0
2026-08-21 15:13:42.781,0 days 00:57:20.396000,16,465.75805555555553,0 days 00:00:43.991000,10658.0,144.0,3,52.0,False,0,car,2551.855555555555,0.599615793909305,OnTrack,7010.878241867079,2518.6628086833502,531.0531381516629
2026-08-21 15:13:42.968,0 days 00:57:20.583000,16,467.21250016414143,0 days 00:00:44.178000,10501.161272622503,148.6917568018909,3,63.394266518877934,False,0,pos,2559.610664101311,0.6014380308918775,OnTrack,6884.0,2547.0,531.0
2026-08-21 15:13:43.060,0 days 00:57:20.675000,16,467.92805555555515,0 days 00:00:44.270000,10424.0,151.0,4,69.0,False,0,car,2563.5580555555553,0.6023655591979191,OnTrack,6839.57849078652,2554.650053790885,530.9278211486329
2026-08-21 15:13:43.188,0 days 00:57:20.803000,16,467.78583333333313,0 days 00:00:44.398000,10784.685714285713,156.4857142857143,4,71.28571428571429,False,0,pos,2569.228733295666,0.6036980123329478,OnTrack,6790.0,2561.0,531.0
2026-08-21 15:13:43.340,0 days 00:57:20.955000,16,467.61694444444447,0 days 00:00:44.550000,11213.0,163.0,4,74.0,False,0,car,2576.2358333333327,0.60534448791145,OnTrack,6722.692624080231,2570.2658393921515,531.6828266452425
2026-08-21 15:13:43.428,0 days 00:57:21.043000,16,466.6636111111112,0 days 00:00:44.638000,11125.244444444445,166.42222222222222,4,77.66666666666667,False,0,pos,2580.429955835127,0.606329991220284,OnTrack,6682.0,2576.0,532.0
2026-08-21 15:13:43.628,0 days 00:57:21.243000,16,464.49694444444475,0 days 00:00:44.838000,10925.8,174.2,4,86.0,False,0,pos,2590.302641464342,0.6086498005130515,OnTrack,6589.0,2589.0,532.0
2026-08-21 15:13:43.700,0 days 00:57:21.315000,16,463.71694444444483,0 days 00:00:44.910000,10854.0,177.0,4,89.0,False,0,car,2593.9358333333325,0.6095035005675892,OnTrack,6554.376334472388,2593.647373182372,531.9956834586454
2026-08-21 15:13:43.848,0 days 00:57:21.463000,16,461.41472222222245,0 days 00:00:45.058000,10977.95,183.16666666666666,4,95.16666666666667,False,0,pos,2601.525415559219,0.6112868434225197,OnTrack,6481.0,2603.0,532.0
2026-08-21 15:13:43.940,0 days 00:57:21.555000,16,459.98361111111126,0 days 00:00:45.150000,11055.0,187.0,5,99.0,False,0,car,2606.4024999999992,0.6124328239826476,OnTrack,6434.059779194771,2608.532373752488,531.9106522490712
2026-08-21 15:13:44.068,0 days 00:57:21.683000,16,457.1391666666668,0 days 00:00:45.278000,11077.044444444444,193.04444444444445,5,99.0,False,0,pos,2613.4608218983453,0.6140913352880898,OnTrack,6367.0,2616.0,532.0
2026-08-21 15:13:44.248,0 days 00:57:21.863000,16,453.1391666666668,0 days 00:00:45.458000,11108.044444444444,201.54444444444445,5,99.0,False,0,pos,2623.7918729239436,0.6165188478285806,OnTrack,6269.0,2626.0,533.0
2026-08-21 15:13:44.300,0 days 00:57:21.915000,16,451.98361111111126,0 days 00:00:45.510000,11117.0,204.0,5,99.0,False,0,car,2626.8024999999993,0.617226262298198,OnTrack,6239.8238727784965,2628.3725783748696,533.0673850124341
2026-08-21 15:13:44.448,0 days 00:57:22.063000,16,448.32472222222225,0 days 00:00:45.658000,10834.214285714286,208.22857142857143,5,99.0,False,0,pos,2635.4202379200515,0.6192511934324798,OnTrack,6156.0,2634.0,533.0
2026-08-21 15:13:44.580,0 days 00:57:22.195000,16,445.0613888888888,0 days 00:00:45.790000,10582.0,212.0,6,99.0,False,0,car,2643.2913888888884,0.6211006971894162,OnTrack,6081.143078216756,2638.3698699442702,533.8167086394722
2026-08-21 15:13:44.608,0 days 00:57:22.223000,16,444.26027777777773,0 days 00:00:45.818000,10632.4,213.225,6,99.0,False,0,pos,2644.996985254059,0.6215014653741059,OnTrack,6063.0,2639.0,534.0
2026-08-21 15:13:44.900,0 days 00:57:22.515000,16,435.90583333333325,0 days 00:00:46.110000,11158.0,226.0,6,99.0,False,0,car,2663.3802777777773,0.6258210329598491,OnTrack,5822.425110711748,2638.0894181064655,535.0065820187583
2026-08-21 15:13:44.988,0 days 00:57:22.603000,16,433.14361111111106,0 days 00:00:46.198000,11242.228571428572,228.2,6,99.0,False,0,pos,2669.0196865891426,0.6271461387575672,OnTrack,5766.0,2637.0,535.0
2026-08-21 15:13:45.180,0 days 00:57:22.795000,16,427.11694444444447,0 days 00:00:46.390000,11426.0,233.0,6,99.0,False,0,car,2681.5024999999996,0.6300792562129334,OnTrack,5700.271101170264,2635.0106617608194,534.5063274221612
2026-08-21 15:13:45.341,0 days 00:57:22.956000,16,421.52666666666664,0 days 00:00:46.551000,11840.0,241.0,6,99.0,False,0,car,2692.280555555555,0.6326118025103417,OnTrack,5603.101359926841,2626.724652213192,534.9293395293192
2026-08-21 15:13:45.349,0 days 00:57:22.964000,16,421.22666666666663,0 days 00:00:46.559000,11805.0,241.3,6,99.0,False,0,pos,2692.8238790350274,0.6327394685683928,OnTrack,5595.0,2626.0,535.0
2026-08-21 15:13:45.501,0 days 00:57:23.116000,16,415.52666666666664,0 days 00:00:46.711000,11140.0,247.0,6,99.0,False,0,car,2703.2583333333328,0.63519127803091,OnTrack,5401.719690188283,2607.9914157238018,536.9113746002845
2026-08-21 15:13:45.509,0 days 00:57:23.124000,16,415.2155555555555,0 days 00:00:46.719000,11122.24,247.12,6,99.0,False,0,pos,2703.8102692137268,0.6353209677660476,OnTrack,5392.0,2607.0,537.0
2026-08-21 15:13:45.701,0 days 00:57:23.316000,16,407.7488888888888,0 days 00:00:46.911000,10696.0,250.0,7,99.0,False,0,car,2717.147222222222,0.6384547845093621,OnTrack,5210.370120968481,2584.6052809801554,538.1359806952385
2026-08-21 15:13:45.861,0 days 00:57:23.476000,16,401.12666666666655,0 days 00:00:47.071000,10855.0,256.0,7,99.0,False,0,car,2728.5249999999996,0.6411282490165099,OnTrack,5120.168676771068,2568.8394626102263,538.0657607133155
2026-08-21 15:13:45.949,0 days 00:57:23.564000,16,397.21555555555545,0 days 00:00:47.159000,10946.771428571428,257.25714285714287,7,99.0,False,0,pos,2734.829570048817,0.6426096493907781,OnTrack,5082.0,2562.0,538.0
2026-08-21 15:13:46.141,0 days 00:57:23.756000,16,388.6822222222222,0 days 00:00:47.351000,11147.0,260.0,7,99.0,False,0,car,2748.747222222222,0.6458799144491361,OnTrack,5021.632006499259,2550.790272862683,537.8566696019951
2026-08-21 15:13:46.228,0 days 00:57:23.843000,16,384.3563857066667,0 days 00:00:47.438000,11203.98504192,262.39250176,7,99.0,False,0,pos,2755.187874110329,0.6473932903088213,OnTrack,4982.0,2543.0,538.0
2026-08-21 15:13:46.428,0 days 00:57:24.043000,16,374.41194126222234,0 days 00:00:47.638000,11334.98504192,267.89250176,7,99.0,False,0,pos,2770.282062674805,0.6509400090248554,OnTrack,4836.0,2513.0,539.0
2026-08-21 15:13:46.541,0 days 00:57:24.156000,16,368.7933333333335,0 days 00:00:47.751000,11409.0,271.0,7,99.0,False,0,car,2778.8583333333327,0.6529551964944199,OnTrack,4736.968146471816,2490.3825020366585,539.6776954734823
2026-08-21 15:13:46.781,0 days 00:57:24.396000,16,356.72666666666646,0 days 00:00:47.991000,11574.0,274.0,7,99.0,False,0,car,2797.1249999999995,0.65724736021488,OnTrack,4508.414008418996,2432.8043657792455,541.6592524839651
2026-08-21 15:13:46.808,0 days 00:57:24.423000,16,355.3691634488886,0 days 00:00:48.018000,11593.9125472,274.5062512,7,99.0,False,0,pos,2799.1939971853653,0.6577335175866004,OnTrack,4483.0,2426.0,542.0
2026-08-21 15:13:46.941,0 days 00:57:24.556000,16,348.68222222222175,0 days 00:00:48.151000,11692.0,277.0,7,99.0,False,0,car,2809.436111111111,0.6601401323573799,OnTrack,4359.543937351622,2391.740673172277,544.0592532268726
2026-08-21 15:13:47.181,0 days 00:57:24.796000,16,336.6155555555556,0 days 00:00:48.391000,11819.0,280.0,7,99.0,False,0,car,2828.102777777777,0.6645262850644192,OnTrack,4173.823240378743,2337.1475848394134,547.9270101609849
2026-08-21 15:13:47.188,0 days 00:57:24.803000,16,336.2655523555556,0 days 00:00:48.398000,11800.5373312,280.0875008,7,99.0,False,0,pos,2828.649716172887,0.6646548005281137,OnTrack,4170.0,2336.0,548.0
2026-08-21 15:13:47.341,0 days 00:57:24.956000,16,328.61555555555515,0 days 00:00:48.551000,11397.0,282.0,7,99.0,False,0,car,2840.636111111111,0.6674712733105744,OnTrack,4110.173989187032,2317.622882857418,548.973931636459
2026-08-21 15:13:47.488,0 days 00:57:25.103000,16,321.38805240888865,0 days 00:00:48.698000,10836.562256,283.22500053333334,7,99.0,False,0,pos,2852.2213412464475,0.6701934834098484,OnTrack,4050.0,2298.0,550.0
2026-08-21 15:13:47.581,0 days 00:57:25.196000,16,316.8155555555554,0 days 00:00:48.791000,10482.0,284.0,8,99.0,False,0,car,2859.569444444444,0.6719200853420001,OnTrack,3988.4289967466543,2277.7496521152034,551.2840263066598
2026-08-21 15:13:47.708,0 days 00:57:25.323000,16,310.7477747199998,0 days 00:00:48.918000,10502.95501056,284.63500032,8,99.0,False,0,pos,2869.6129859583957,0.6742800410634117,OnTrack,3875.0,2240.0,553.0
2026-08-21 15:13:47.781,0 days 00:57:25.396000,16,307.25999999999976,0 days 00:00:48.991000,10515.0,285.0,8,99.0,False,0,car,2875.4027777777774,0.6756404827274354,OnTrack,3794.512795695884,2212.8334214759025,553.4088880917828
2026-08-21 15:13:47.941,0 days 00:57:25.556000,16,299.79333333333307,0 days 00:00:49.151000,10513.0,287.0,8,99.0,False,0,car,2888.1583333333333,0.6786376870772457,OnTrack,3598.686210766082,2146.10498886327,553.1279251078275
2026-08-21 15:13:48.008,0 days 00:57:25.623000,16,296.75971932444435,0 days 00:00:49.218000,10516.7687536,287.8375008,8,99.0,False,0,pos,2893.5295981162903,0.6798997864112453,OnTrack,3537.0,2125.0,553.0
2026-08-21 15:13:48.101,0 days 00:57:25.716000,16,292.548888888889,0 days 00:00:49.311000,10522.0,289.0,8,99.0,False,0,car,2901.0027777777773,0.681655777868518,OnTrack,3478.1700192993358,2104.787787409101,552.927511177859
2026-08-21 15:13:48.341,0 days 00:57:25.956000,16,282.2155555555555,0 days 00:00:49.551000,10432.0,289.0,8,99.0,False,0,car,2920.269444444444,0.6861829140554266,OnTrack,3401.7783808802246,2076.863830809446,552.0552201571081
2026-08-21 15:13:48.428,0 days 00:57:26.043000,16,278.7597196799998,0 days 00:00:49.638000,10328.687424,287.9124992,8,99.0,False,0,pos,2927.2148741078136,0.6878148987939735,OnTrack,3319.0,2046.0,550.0
2026-08-21 15:13:48.501,0 days 00:57:26.116000,16,275.8599999999997,0 days 00:00:49.711000,10242.0,287.0,8,99.0,False,0,car,2933.0249999999996,0.689180118405237,OnTrack,3217.753576700778,2008.2998451939761,547.3945677193761
2026-08-21 15:13:48.568,0 days 00:57:26.183000,16,273.459164373333,0 days 00:00:49.778000,10260.704184533333,286.1624992,8,99.0,False,0,pos,2938.3448103878645,0.6904301273731123,OnTrack,3126.0,1974.0,545.0
2026-08-21 15:13:48.741,0 days 00:57:26.356000,16,267.25999999999976,0 days 00:00:49.951000,10309.0,284.0,8,99.0,False,0,car,2951.958333333333,0.6936289304366627,OnTrack,3003.2874860433844,1926.7041949950908,541.6777357683501
2026-08-21 15:13:48.948,0 days 00:57:26.563000,16,261.6824982755553,0 days 00:00:50.158000,9920.87488,273.6499968,8,34.9593552,False,0,pos,2967.756202772936,0.6973409947835182,OnTrack,2937.0,1898.0,540.0
2026-08-21 15:13:49.061,0 days 00:57:26.676000,16,258.6377777777775,0 days 00:00:50.271000,9709.0,268.0,8,0.0,True,0,car,2975.780555555555,0.6992264967485035,OnTrack,2864.825027623993,1868.1100381845251,538.4618084979262
2026-08-21 15:13:49.208,0 days 00:57:26.823000,16,257.78027740444406,0 days 00:00:50.418000,9658.552250763636,250.2931741090909,8,0.0,True,0,pos,2985.329692028008,0.7014702808978895,OnTrack,2760.0,1825.0,536.0
2026-08-21 15:13:49.408,0 days 00:57:27.023000,16,256.6136107377772,0 days 00:00:50.618000,9589.915887127272,226.2022650181818,8,0.0,True,0,pos,2996.938302311052,0.7041979846881364,OnTrack,2640.0,1774.0,532.0
2026-08-21 15:13:49.501,0 days 00:57:27.116000,16,256.07111111111044,0 days 00:00:50.711000,9558.0,215.0,8,0.0,True,0,car,3002.058333333333,0.7054010510057347,OnTrack,2555.2471380454617,1735.2967077369258,529.3396909328819
2026-08-21 15:13:49.588,0 days 00:57:27.203000,16,256.5786113939701,0 days 00:00:50.798000,9769.56279201109,207.24512102593943,8,0.0,True,0,pos,3006.708781140179,0.7064937781969994,OnTrack,2477.0,1699.0,527.0
2026-08-21 15:13:49.860,0 days 00:57:27.475000,16,258.16527777777674,0 days 00:00:51.070000,10431.0,183.0,8,0.0,True,0,car,3020.3075,0.7096891027080319,OnTrack,2372.1829938944297,1649.0597360932586,524.5653639214913
2026-08-21 15:13:50.020,0 days 00:57:27.635000,16,260.29861111111086,0 days 00:00:51.230000,11033.0,163.0,7,0.0,True,0,car,3027.551944444444,0.7113913476871924,OnTrack,2343.311210862056,1633.872381678546,524.25932861788
2026-08-21 15:13:50.068,0 days 00:57:27.683000,16,261.16527777777736,0 days 00:00:51.278000,11148.2,160.12,7,0.0,True,0,pos,3029.6185452230875,0.7118769419693147,OnTrack,2330.0,1627.0,524.0
2026-08-21 15:13:50.220,0 days 00:57:27.835000,16,263.90972222222126,0 days 00:00:51.430000,11513.0,151.0,5,0.0,True,0,car,3035.940833333333,0.7133625056001774,OnTrack,2273.9592741823635,1598.379832245423,522.6901530751047
2026-08-21 15:13:50.328,0 days 00:57:27.943000,16,266.2197222222212,0 days 00:00:51.538000,11187.2,148.75,5,0.0,True,0,pos,3040.396900921705,0.7144095587920787,OnTrack,2230.0,1578.0,522.0
2026-08-21 15:13:50.460,0 days 00:57:28.075000,16,269.0430555555545,0 days 00:00:51.670000,10789.0,146.0,3,0.0,True,0,car,3045.6741666666667,0.7156495709402767,OnTrack,2179.321592209509,1558.518607768881,521.9851222279843
2026-08-21 15:13:50.528,0 days 00:57:28.143000,16,270.7997222222211,0 days 00:00:51.738000,10601.15,140.9,3,0.0,True,0,pos,3048.2437078984676,0.7162533423811542,OnTrack,2156.0,1551.0,522.0
2026-08-21 15:13:50.620,0 days 00:57:28.235000,16,273.1763888888877,0 days 00:00:51.830000,10347.0,134.0,3,0.0,True,0,car,3051.629722222222,0.7170489625182368,OnTrack,2128.4899077241184,1543.6827721834254,521.8125627884709
2026-08-21 15:13:50.780,0 days 00:57:28.395000,16,277.4874999999988,0 days 00:00:51.990000,10092.0,132.0,3,0.0,True,0,car,3057.4963888888888,0.718427467654735,OnTrack,2085.492094603314,1540.0958399224182,521.1181851906457
2026-08-21 15:13:50.808,0 days 00:57:28.423000,16,278.3430555555544,0 days 00:00:52.018000,10049.377777777778,131.45555555555555,3,0.0,True,0,pos,3058.506579422819,0.7186648346160756,OnTrack,2077.0,1541.0,521.0
2026-08-21 15:13:51.128,0 days 00:57:28.743000,16,288.12083333333214,0 days 00:00:52.338000,9562.266666666666,125.23333333333333,3,0.0,True,0,pos,3069.597187330832,0.721270822110635,OnTrack,1968.0,1580.0,520.0
2026-08-21 15:13:51.140,0 days 00:57:28.755000,16,288.4874999999988,0 days 00:00:52.350000,9544.0,125.0,3,0.0,False,0,car,3069.9963888888888,0.7213646234853417,OnTrack,1964.535358412886,1582.1062590130246,519.9869146560361
2026-08-21 15:13:51.468,0 days 00:57:29.083000,16,299.7852777777767,0 days 00:00:52.678000,9396.4,116.8,3,9.11111111111111,False,0,pos,3080.564784185067,0.723847905394488,OnTrack,1890.0,1651.0,520.0
2026-08-21 15:13:51.500,0 days 00:57:29.115000,16,300.8874999999989,0 days 00:00:52.710000,9382.0,116.0,3,10.0,False,0,car,3081.5963888888887,0.7240903040961448,OnTrack,1882.5619635766432,1658.5046771083435,519.9416623318837
2026-08-21 15:13:51.688,0 days 00:57:29.303000,16,307.31083333333237,0 days 00:00:52.898000,9419.6,116.94,3,17.52,False,0,pos,3087.7067462926534,0.7255260698461895,OnTrack,1836.0,1703.0,519.0
2026-08-21 15:13:51.700,0 days 00:57:29.315000,16,307.7208333333324,0 days 00:00:52.910000,9422.0,117.0,3,18.0,False,0,car,3088.0963888888887,0.7256176251280603,OnTrack,1832.965515377797,1705.6630809127128,518.8786763511431
2026-08-21 15:13:51.901,0 days 00:57:29.516000,16,313.69499999999925,0 days 00:00:53.111000,9139.0,116.0,3,0.0,False,0,car,3094.573055555555,0.727139463469092,OnTrack,1781.1380504995739,1745.6261319580296,516.0993859873548
2026-08-21 15:13:51.909,0 days 00:57:29.524000,16,313.90611111111036,0 days 00:00:53.119000,9195.0,115.88,3,0.0,False,0,pos,3094.8276080905334,0.7271992763060767,OnTrack,1779.0,1747.0,516.0
2026-08-21 15:13:52.101,0 days 00:57:29.716000,16,318.9727777777766,0 days 00:00:53.311000,10539.0,113.0,2,0.0,True,0,car,3100.850833333333,0.7286145683973523,OnTrack,1726.2018755942017,1775.004223914939,514.0803748462635
2026-08-21 15:13:52.109,0 days 00:57:29.724000,16,319.1727777777766,0 days 00:00:53.319000,10533.028571428571,112.88571428571429,2,0.0,True,0,pos,3101.098342719094,0.7286727262881938,OnTrack,1724.0,1776.0,514.0
2026-08-21 15:13:52.289,0 days 00:57:29.904000,16,323.6727777777766,0 days 00:00:53.499000,10398.671428571428,110.31428571428572,2,0.0,True,0,pos,3106.592593391855,0.7299637239200589,OnTrack,1672.0,1795.0,512.0
2026-08-21 15:13:52.381,0 days 00:57:29.996000,16,325.9727777777766,0 days 00:00:53.591000,10330.0,109.0,2,0.0,True,0,car,3109.3286111111106,0.7306066127517994,OnTrack,1637.9924610357746,1801.8835771717486,510.8851509382568
2026-08-21 15:13:52.569,0 days 00:57:30.184000,16,330.6727777777766,0 days 00:00:53.779000,9846.683333333332,104.3,2,0.0,True,0,pos,3114.743355151646,0.7318789285141916,OnTrack,1566.0,1810.0,509.0
2026-08-21 15:13:52.621,0 days 00:57:30.236000,16,331.9727777777766,0 days 00:00:53.831000,9713.0,103.0,2,0.0,True,0,car,3116.1952777777774,0.7322200903547461,OnTrack,1551.520203660627,1810.9000340150865,508.777055772361
2026-08-21 15:13:52.888,0 days 00:57:30.503000,16,338.4994460088876,0 days 00:00:54.098000,9237.406136,97.1593736,2,0.0,True,0,pos,3123.3481300715084,0.7339008137003462,OnTrack,1499.0,1807.0,509.0
2026-08-21 15:13:52.941,0 days 00:57:30.556000,16,339.7949999999987,0 days 00:00:54.151000,9143.0,96.0,2,0.0,True,0,car,3124.7286111111107,0.734225188735107,OnTrack,1485.791623286216,1804.7621585853847,509.0171644028371
2026-08-21 15:13:53.048,0 days 00:57:30.663000,16,342.4105571199988,0 days 00:00:54.258000,8923.6498688,93.85999872,2,0.0,True,0,pos,3127.4869343604414,0.7348733187522646,OnTrack,1457.0,1799.0,509.0
2026-08-21 15:13:53.141,0 days 00:57:30.756000,16,344.68388888888785,0 days 00:00:54.351000,8733.0,92.0,2,0.0,False,0,car,3129.8397222222216,0.7354261591191772,OnTrack,1433.8018007914036,1792.9445765784094,509.01095388096894
2026-08-21 15:13:53.248,0 days 00:57:30.863000,16,347.50750168888794,0 days 00:00:54.458000,8841.528636342857,90.47142765714285,2,4.585717028571429,False,0,pos,3132.48169081303,0.7360469489952391,OnTrack,1409.0,1784.0,509.0
2026-08-21 15:13:53.421,0 days 00:57:31.036000,16,352.072777777777,0 days 00:00:54.631000,9017.0,88.0,2,12.0,False,0,car,3136.684166666666,0.7370344151117584,OnTrack,1371.7612559653953,1763.3728939000239,508.8848357123616
2026-08-21 15:13:53.468,0 days 00:57:31.083000,16,353.3522239644436,0 days 00:00:54.678000,9025.0291776,88.1958336,2,13.7625024,False,0,pos,3137.8344593113256,0.7373047022116117,OnTrack,1362.0,1757.0,509.0
2026-08-21 15:13:53.648,0 days 00:57:31.263000,16,358.2522239644436,0 days 00:00:54.858000,9055.7791776,88.9458336,2,20.5125024,False,0,pos,3142.290945675197,0.7383518538042247,OnTrack,1326.0,1731.0,510.0
2026-08-21 15:13:53.661,0 days 00:57:31.276000,16,358.6061111111103,0 days 00:00:54.871000,9058.0,89.0,2,21.0,False,0,car,3142.6174999999994,0.738428585079353,OnTrack,1323.5748695255945,1729.0768096154638,510.041358385304
2026-08-21 15:13:53.928,0 days 00:57:31.543000,16,365.8744461866656,0 days 00:00:55.138000,9345.0250688,92.3375008,2,27.675001599999998,False,0,pos,3149.4819097748427,0.7400415323748614,OnTrack,1277.0,1680.0,510.0
2026-08-21 15:13:53.981,0 days 00:57:31.596000,16,367.31722222222106,0 days 00:00:55.191000,9402.0,93.0,2,29.0,False,0,car,3150.8841666666663,0.7403710241353277,OnTrack,1267.0275830855624,1663.8741576226435,510.18180442033554
2026-08-21 15:13:54.141,0 days 00:57:31.756000,16,371.7172222222207,0 days 00:00:55.351000,9919.0,97.0,2,32.0,False,0,car,3155.1952777777774,0.7413840165462392,OnTrack,1235.5932078595054,1602.5069671389385,511.3028188234796
2026-08-21 15:13:54.248,0 days 00:57:31.863000,16,374.7786129422208,0 days 00:00:55.458000,10189.6209952,98.3375008,2,35.1208352,False,0,pos,3158.1254219609045,0.7420725197519985,OnTrack,1221.0,1571.0,512.0
2026-08-21 15:13:54.381,0 days 00:57:31.996000,16,378.5838888888875,0 days 00:00:55.591000,10526.0,100.0,2,39.0,False,0,car,3161.861944444444,0.7429504996558961,OnTrack,1213.520283920548,1551.7837736816705,512.5626299746918
2026-08-21 15:13:54.528,0 days 00:57:32.143000,16,382.87139075555416,0 days 00:00:55.738000,10888.600157866667,104.90000213333333,2,42.06250133333333,False,0,pos,3166.1874413095393,0.743966872322903,OnTrack,1212.0,1531.0,513.0
2026-08-21 15:13:54.621,0 days 00:57:32.236000,16,385.5838888888875,0 days 00:00:55.831000,11118.0,108.0,2,44.0,False,0,car,3169.061944444444,0.7446423014143257,OnTrack,1210.5333257062118,1503.0670734095722,513.3000855041566
2026-08-21 15:13:54.868,0 days 00:57:32.483000,16,392.5136129066655,0 days 00:00:56.078000,9882.117536914286,118.58571702857142,2,50.1750016,False,0,pos,3177.258044978841,0.7465681593721533,OnTrack,1208.0,1405.0,514.0
2026-08-21 15:13:54.901,0 days 00:57:32.516000,16,393.4394444444433,0 days 00:00:56.111000,9717.0,120.0,3,51.0,False,0,car,3178.395277777777,0.7468353777678454,OnTrack,1208.413540247426,1395.0848735739526,514.0488685810292
2026-08-21 15:13:55.108,0 days 00:57:32.723000,16,399.2469462399987,0 days 00:00:56.318000,10470.825233066667,126.03750186666667,3,54.450001066666665,False,0,pos,3185.68564127579,0.7485484124602799,OnTrack,1215.0,1343.0,514.0
2026-08-21 15:13:55.141,0 days 00:57:32.756000,16,400.17277777777645,0 days 00:00:56.351000,10591.0,127.0,3,55.0,False,0,car,3186.861944444444,0.7488248113171098,OnTrack,1216.5215580476402,1332.7112465249081,513.9085748020104
2026-08-21 15:13:55.341,0 days 00:57:32.956000,16,405.8394444444434,0 days 00:00:56.551000,11430.0,131.0,3,65.0,False,0,car,3194.1397222222217,0.7505348887118186,OnTrack,1228.7759210757733,1251.1220742976511,513.0691794454553
2026-08-21 15:13:55.368,0 days 00:57:32.983000,16,406.529446079999,0 days 00:00:56.578000,11389.7530296,132.5187536,3,66.8562544,False,0,pos,3195.1761509510675,0.7507784209265337,OnTrack,1231.0,1237.0,513.0
2026-08-21 15:13:55.628,0 days 00:57:33.243000,16,413.17389052444355,0 days 00:00:56.838000,11002.1905296,147.1437536,3,84.7312544,False,0,pos,3205.9327218158883,0.7533059189131691,OnTrack,1256.0,1085.0,513.0
2026-08-21 15:13:55.661,0 days 00:57:33.276000,16,414.01722222222133,0 days 00:00:56.871000,10953.0,149.0,3,87.0,False,0,car,3207.3841666666663,0.7536469684896704,OnTrack,1258.338101061365,1071.335844039191,513.0118769213117
2026-08-21 15:13:55.948,0 days 00:57:33.563000,16,420.47472366222115,0 days 00:00:57.158000,11374.531343999999,165.1437536,3,95.0718768,False,0,pos,3220.6636898189117,0.7567672907980139,OnTrack,1272.0,997.0,513.0
2026-08-21 15:13:55.981,0 days 00:57:33.596000,16,421.21722222222115,0 days 00:00:57.191000,11423.0,167.0,4,96.0,False,0,car,3222.2286111111107,0.7571350042138398,OnTrack,1274.203804749645,984.9317629705349,512.9980761035595
2026-08-21 15:13:56.181,0 days 00:57:33.796000,16,425.49499999999944,0 days 00:00:57.391000,11056.0,174.0,4,99.0,False,0,car,3231.895277777777,0.7594064047228424,OnTrack,1291.3457013014065,889.3448892440878,512.9991387047296
2026-08-21 15:13:56.248,0 days 00:57:33.863000,16,426.72333428768724,0 days 00:00:57.458000,11054.506962628286,177.54596375782262,4,99.0,False,0,pos,3235.309495158799,0.7602086518018528,OnTrack,1297.0,857.0,513.0
2026-08-21 15:13:56.388,0 days 00:57:34.003000,16,429.2900004967866,0 days 00:00:57.598000,11051.387186025682,184.95543318900354,4,99.0,False,0,pos,3242.775914771054,0.7619630548336841,OnTrack,1309.0,787.0,513.0
2026-08-21 15:13:56.540,0 days 00:57:34.155000,16,432.0766666666659,0 days 00:00:57.750000,11048.0,193.0,5,99.0,False,0,car,3251.141666666666,0.7639287761902924,OnTrack,1331.1129734507429,659.2370376185617,513.0000252109427
2026-08-21 15:13:56.648,0 days 00:57:34.263000,16,433.906666666666,0 days 00:00:57.858000,11261.3,198.4,5,99.0,False,0,pos,3257.17215415549,0.7653457747094286,OnTrack,1346.0,574.0,513.0
2026-08-21 15:13:56.700,0 days 00:57:34.315000,16,434.78777777777714,0 days 00:00:57.910000,11364.0,201.0,5,99.0,False,0,car,3260.074999999999,0.7660278635572326,OnTrack,1351.2229039230565,544.4320153406832,512.9998945441301
2026-08-21 15:13:56.860,0 days 00:57:34.475000,16,437.5433333333335,0 days 00:00:58.070000,11574.0,201.0,5,99.0,False,0,car,3269.0083333333323,0.7681269509241729,OnTrack,1359.7357879301007,497.9745217799566,512.9992519962271
2026-08-21 15:13:57.008,0 days 00:57:34.623000,16,439.7222222222222,0 days 00:00:58.218000,11226.57,206.18,5,99.0,False,0,pos,3277.615861434382,0.770149483032102,OnTrack,1368.0,451.0,513.0
2026-08-21 15:13:57.260,0 days 00:57:34.875000,16,443.43222222222175,0 days 00:00:58.470000,10635.0,215.0,6,99.0,False,0,car,3292.897222222221,0.7737401820671104,OnTrack,1393.1366580492759,302.9124334462014,513.0004828297212
2026-08-21 15:13:57.268,0 days 00:57:34.883000,16,443.5366666666662,0 days 00:00:58.478000,10643.085714285715,215.22857142857143,6,99.0,False,0,pos,3293.3870657883235,0.7738552818180116,OnTrack,1394.0,298.0,513.0
2026-08-21 15:13:57.408,0 days 00:57:35.023000,16,445.36444444444396,0 days 00:00:58.618000,10784.585714285715,219.22857142857143,6,99.0,False,0,pos,3302.0005305669906,0.7758792088817226,OnTrack,1409.0,214.0,513.0
2026-08-21 15:13:57.540,0 days 00:57:35.155000,16,447.0877777777773,0 days 00:00:58.750000,10918.0,223.0,6,99.0,False,0,car,3310.2416666666654,0.7778156489574012,OnTrack,1422.7035327185313,133.14975866294483,513.0844096466107
2026-08-21 15:13:57.648,0 days 00:57:35.263000,16,448.3477777777774,0 days 00:00:58.858000,11079.228571428572,226.0857142857143,6,99.0,False,0,pos,3317.1006386068266,0.7794273185114823,OnTrack,1434.0,66.0,513.0
2026-08-21 15:13:57.820,0 days 00:57:35.435000,16,450.3544444444442,0 days 00:00:59.030000,11336.0,231.0,6,99.0,False,0,car,3328.208333333332,0.7820373209379267,OnTrack,1452.8463429885173,-41.40025728497709,512.2782521990024
2026-08-21 15:13:57.908,0 days 00:57:35.523000,16,451.2588888888886,0 days 00:00:59.118000,11389.044444444444,232.7111111111111,6,99.0,False,0,pos,3333.957660558917,0.7833882545365419,OnTrack,1463.0,-97.0,512.0
2026-08-21 15:13:58.088,0 days 00:57:35.703000,16,453.1088888888885,0 days 00:00:59.298000,11497.544444444444,236.2111111111111,6,99.0,False,0,pos,3345.8556448806075,0.7861839532583758,OnTrack,1485.0,-213.0,512.0
2026-08-21 15:13:58.180,0 days 00:57:35.795000,16,454.054444444444,0 days 00:00:59.390000,11553.0,238.0,6,99.0,False,0,car,3352.0083333333323,0.7876296656394021,OnTrack,1496.9044848660549,-274.11000355159223,512.035048296095
2026-08-21 15:13:58.369,0 days 00:57:35.984000,16,455.83944383999903,0 days 00:00:59.579000,11698.687450666666,241.93749866666667,6,99.0,False,0,pos,3364.7739681092044,0.7906292383284701,OnTrack,1521.0,-396.0,512.0
2026-08-21 15:13:58.420,0 days 00:57:36.035000,16,456.32111111111,0 days 00:00:59.630000,11738.0,243.0,6,99.0,False,0,car,3368.2083333333326,0.7914362195958685,OnTrack,1526.785357473626,-425.2421832497076,511.9500041963794
2026-08-21 15:13:58.569,0 days 00:57:36.184000,16,458.05944415940854,0 days 00:00:59.779000,11289.763558974555,239.29045703978943,6,37.79254115652545,False,0,pos,3378.1553777586246,0.7937735011583527,OnTrack,1547.0,-528.0,512.0
2026-08-21 15:13:58.661,0 days 00:57:36.276000,16,459.1327777777765,0 days 00:00:59.871000,11013.0,237.0,6,0.0,True,0,car,3384.074166666666,0.7951642535864634,OnTrack,1568.6966221144457,-639.1954609638315,512.5655413723885
2026-08-21 15:13:58.729,0 days 00:57:36.344000,16,460.417222222221,0 days 00:00:59.939000,11280.142857142857,231.17142857142858,6,0.0,True,0,pos,3388.2841468923916,0.7961534830238017,OnTrack,1584.0,-718.0,513.0
2026-08-21 15:13:58.941,0 days 00:57:36.556000,16,464.4216666666657,0 days 00:01:00.151000,12113.0,213.0,6,0.0,True,0,car,3400.6408333333325,0.7990569641139609,OnTrack,1603.7958664029527,-823.1131561198561,513.3081344071071
2026-08-21 15:13:59.149,0 days 00:57:36.764000,16,469.56388888888847,0 days 00:01:00.359000,12350.25,201.3,6,0.0,True,0,pos,3412.0050328134516,0.8017272380950178,OnTrack,1606.0,-861.0,513.0
2026-08-21 15:13:59.261,0 days 00:57:36.876000,16,472.33277777777766,0 days 00:01:00.471000,12478.0,195.0,4,0.0,True,0,car,3417.9741666666655,0.8031298201990689,OnTrack,1609.7314677088418,-911.6626264424696,512.9578780425625
2026-08-21 15:13:59.461,0 days 00:57:37.076000,16,477.6105555555555,0 days 00:01:00.671000,12160.0,190.0,4,0.0,False,0,car,3428.529722222221,0.8056100851226924,OnTrack,1615.0510885543265,-1026.4319051954155,512.9993652074752
2026-08-21 15:13:59.468,0 days 00:57:37.083000,16,477.81666855111104,0 days 00:01:00.678000,12151.30242048,189.89499904,4,0.03500032,False,0,pos,3428.895883988308,0.805696123055989,OnTrack,1615.0,-1030.0,513.0
2026-08-21 15:13:59.648,0 days 00:57:37.263000,16,483.1166685511109,0 days 00:01:00.858000,11927.65242048,187.19499904,4,0.93500032,False,0,pos,3438.2267977219426,0.8078886308701997,OnTrack,1605.0,-1119.0,513.0
2026-08-21 15:13:59.848,0 days 00:57:37.463000,16,489.00555743999956,0 days 00:01:01.058000,11679.15242048,184.19499904,4,1.93500032,False,0,pos,3448.3301891864926,0.8102626496821201,OnTrack,1565.0,-1252.0,513.0
2026-08-21 15:13:59.861,0 days 00:57:37.476000,16,489.38833333333287,0 days 00:01:01.071000,11663.0,184.0,4,2.0,False,0,car,3448.9741666666655,0.8104139666589737,OnTrack,1562.478830662887,-1258.9006084363582,512.9958551758668
2026-08-21 15:14:00.061,0 days 00:57:37.676000,16,495.88833333333287,0 days 00:01:01.271000,11768.0,176.0,4,32.0,False,0,car,3458.7519444444433,0.8127114752198038,OnTrack,1530.4371740368765,-1323.0374590341391,512.8762052289015
2026-08-21 15:14:00.168,0 days 00:57:37.783000,16,499.3658354133331,0 days 00:01:01.378000,11611.24490624,176.53500032,4,21.83499392,False,0,pos,3464.014954228344,0.8139481376096698,OnTrack,1508.0,-1353.0,513.0
2026-08-21 15:14:00.261,0 days 00:57:37.876000,16,502.3883333333333,0 days 00:01:01.471000,11475.0,177.0,4,13.0,False,0,car,3468.5852777777764,0.8150220378065478,OnTrack,1481.9071937770132,-1386.1831826969913,513.2929819861984
2026-08-21 15:14:00.408,0 days 00:57:38.023000,16,507.37000216888896,0 days 00:01:01.618000,11722.275107657142,176.47499977142857,4,31.375007999999998,False,0,pos,3475.731400530034,0.8167011798951899,OnTrack,1432.0,-1443.0,514.0
2026-08-21 15:14:00.541,0 days 00:57:38.156000,16,511.8772222222224,0 days 00:01:01.751000,11946.0,176.0,4,48.0,False,0,car,3482.274166666665,0.8182385497917101,OnTrack,1383.2900704866368,-1485.5638114620365,514.7329317719904
2026-08-21 15:14:00.588,0 days 00:57:38.203000,16,513.3786131555556,0 days 00:01:01.798000,11915.0093328,177.3218768,4,53.875008,False,0,pos,3484.6368511828846,0.8187937155999259,OnTrack,1365.0,-1499.0,515.0
2026-08-21 15:14:00.768,0 days 00:57:38.383000,16,519.1286131555554,0 days 00:01:01.978000,11796.3218328,182.3843768,4,76.375008,False,0,pos,3493.900900710876,0.8209705121668197,OnTrack,1289.0,-1544.0,516.0
2026-08-21 15:14:00.861,0 days 00:57:38.476000,16,522.0994444444441,0 days 00:01:02.071000,11735.0,185.0,4,88.0,False,0,car,3498.7186111111096,0.8221025414621972,OnTrack,1246.178713850133,-1563.1623255906102,516.4434073094404
2026-08-21 15:14:00.948,0 days 00:57:38.563000,16,524.8544464711105,0 days 00:01:02.158000,11363.0747264,186.0875008,4,90.1750016,False,0,pos,3503.2190222452427,0.823160014166417,OnTrack,1204.0,-1578.0,517.0
2026-08-21 15:14:01.021,0 days 00:57:38.636000,16,527.1661111111102,0 days 00:01:02.231000,11051.0,187.0,5,92.0,False,0,car,3507.0297222222207,0.8240554237389028,OnTrack,1167.0621003212407,-1587.7580082945947,517.7102345918786
2026-08-21 15:14:01.221,0 days 00:57:38.836000,16,533.1105555555555,0 days 00:01:02.431000,11370.0,194.0,5,95.0,False,0,car,3517.807499999998,0.8265879047661815,OnTrack,1059.1818915865963,-1602.9800936332902,519.8941394511645
2026-08-21 15:14:01.248,0 days 00:57:38.863000,16,533.8305572622222,0 days 00:01:02.458000,11408.250090666666,195.3500032,5,95.45000106666667,False,0,pos,3519.3072679211054,0.8269403089337045,OnTrack,1044.0,-1604.0,520.0
2026-08-21 15:14:01.368,0 days 00:57:38.983000,16,537.0305572622225,0 days 00:01:02.578000,11578.250090666666,201.3500032,5,97.45000106666667,False,0,pos,3526.1094169903795,0.8285386266776624,OnTrack,975.0,-1606.0,520.0
2026-08-21 15:14:01.461,0 days 00:57:39.076000,16,539.510555555556,0 days 00:01:02.671000,11710.0,206.0,5,99.0,False,0,car,3531.5408333333316,0.8298148599720748,OnTrack,920.4251773696926,-1605.725594368325,520.2295101596637
2026-08-21 15:14:01.708,0 days 00:57:39.323000,16,543.6958344177781,0 days 00:01:02.918000,11653.6282112,212.7725824,5,99.0,False,0,pos,3546.6583872179353,0.833367068895009,OnTrack,774.0,-1601.0,522.0
2026-08-21 15:14:02.701,0 days 00:57:40.316000,16,560.5216666666665,0 days 00:01:03.911000,11427.0,240.0,6,99.0,False,0,car,3614.2074999999986,0.8492392505318211,OnTrack,174.2314484226109,-1554.9212919604618,533.9003432422337
2026-08-21 15:14:02.848,0 days 00:57:40.463000,16,562.6858342755556,0 days 00:01:04.058000,10831.037240533333,244.90000213333335,6,99.0,False,0,pos,3624.301283755529,0.8516110117966563,OnTrack,52.0,-1521.0,537.0
2026-08-21 15:14:02.941,0 days 00:57:40.556000,16,564.0550000000003,0 days 00:01:04.151000,10454.0,248.0,6,99.0,False,0,car,3630.7408333333315,0.8531241286437703,OnTrack,-31.95456684032418,-1494.3322465125293,539.1892781296688
2026-08-21 15:14:03.068,0 days 00:57:40.683000,16,565.6777783062582,0 days 00:01:04.278000,10536.07245012636,250.47632392622637,6,99.0,False,0,pos,3639.658603116425,0.855219559004924,OnTrack,-139.0,-1457.0,542.0
2026-08-21 15:14:03.300,0 days 00:57:40.915000,16,568.6422222222222,0 days 00:01:04.510000,10686.0,255.0,7,99.0,False,0,car,3656.1699999999987,0.8590992826551681,OnTrack,-264.94944578921303,-1401.8983787013399,545.4594724357547
2026-08-21 15:14:03.328,0 days 00:57:40.943000,16,568.9766666666668,0 days 00:01:04.538000,10711.2,255.23333333333332,7,99.0,False,0,pos,3658.162957656833,0.859567572831322,OnTrack,-280.0,-1394.0,546.0
2026-08-21 15:14:03.540,0 days 00:57:41.155000,16,571.5088888888895,0 days 00:01:04.750000,10902.0,257.0,7,99.0,False,0,car,3673.3033333333315,0.8631251442469864,OnTrack,-412.36199726851044,-1317.608355189587,551.8224057429231
2026-08-21 15:14:03.708,0 days 00:57:41.323000,16,573.2355555555563,0 days 00:01:04.918000,11011.2,261.2,7,99.0,False,0,pos,3685.51744391322,0.8659951239354181,OnTrack,-521.0,-1242.0,557.0
2026-08-21 15:14:03.740,0 days 00:57:41.355000,16,573.5644444444451,0 days 00:01:04.950000,11032.0,262.0,7,99.0,False,0,car,3687.858888888887,0.8665452990364041,OnTrack,-540.4659728967322,-1226.5632132945066,557.9096191043196
2026-08-21 15:14:03.980,0 days 00:57:41.595000,16,575.8977777777786,0 days 00:01:05.190000,11186.0,265.0,7,99.0,False,0,car,3705.5255555555536,0.870696479276995,OnTrack,-673.5432794810027,-1101.8832259837507,563.8716657783503
2026-08-21 15:14:04.108,0 days 00:57:41.723000,16,576.9644444444453,0 days 00:01:05.318000,11251.828571428572,266.37142857142857,7,99.0,False,0,pos,3715.0226405850635,0.8729280327704506,OnTrack,-733.0,-1038.0,566.0
2026-08-21 15:14:04.260,0 days 00:57:41.875000,16,578.2311111111121,0 days 00:01:05.470000,11330.0,268.0,7,99.0,False,0,car,3726.369999999998,0.8755943497998557,OnTrack,-792.1426537300399,-968.841181909072,567.3704377615938
2026-08-21 15:14:04.428,0 days 00:57:42.043000,16,579.3044444444454,0 days 00:01:05.638000,11381.0,269.8,7,99.0,False,0,pos,3739.0018423957536,0.8785624849633756,OnTrack,-862.0,-856.0,570.0
2026-08-21 15:14:04.540,0 days 00:57:42.155000,16,580.0200000000009,0 days 00:01:05.750000,11415.0,271.0,7,99.0,False,0,car,3747.447777777776,0.8805470472315544,OnTrack,-923.1162058124683,-731.3200744812922,574.0301913269598
2026-08-21 15:14:04.628,0 days 00:57:42.243000,16,580.4355555555566,0 days 00:01:05.838000,11431.5,271.3666666666667,7,99.0,False,0,pos,3754.086298727551,0.8821069168726934,OnTrack,-965.0,-639.0,577.0
2026-08-21 15:14:04.780,0 days 00:57:42.395000,16,581.1533333333346,0 days 00:01:05.990000,11460.0,272.0,7,99.0,False,0,car,3765.581111111109,0.8848078812898212,OnTrack,-1000.4951162696251,-547.5958862107939,579.231991972796
2026-08-21 15:14:04.940,0 days 00:57:42.555000,16,581.3311111111129,0 days 00:01:06.150000,11485.0,274.0,7,99.0,False,0,car,3777.758888888887,0.8876693237701281,OnTrack,-1005.9627474925767,-493.2019848488397,578.5143002351718
2026-08-21 15:14:04.989,0 days 00:57:42.604000,16,581.2902778181113,0 days 00:01:06.199000,11512.30345561901,274.24378085374116,7,99.0,False,0,pos,3781.496248548211,0.8885475003872848,OnTrack,-1008.0,-466.0,578.0
2026-08-21 15:14:05.141,0 days 00:57:42.756000,16,581.1636111111134,0 days 00:01:06.351000,11597.0,275.0,7,99.0,False,0,car,3793.1130555555533,0.8912771301820566,OnTrack,-1014.7654566076299,-352.3910768078828,575.5753081857678
2026-08-21 15:14:05.169,0 days 00:57:42.784000,16,581.0547222222245,0 days 00:01:06.379000,11609.366666666667,275.23333333333335,7,99.0,False,0,pos,3795.258787608952,0.8917813181349815,OnTrack,-1015.0,-330.0,575.0
2026-08-21 15:14:05.381,0 days 00:57:42.996000,16,580.2302777777809,0 days 00:01:06.591000,11703.0,277.0,7,99.0,False,0,car,3811.5797222222195,0.8956162883958063,OnTrack,-1001.077817627791,-163.09023363399513,569.5752056264995
2026-08-21 15:14:05.509,0 days 00:57:43.124000,16,578.9502777777809,0 days 00:01:06.719000,11563.622222222222,278.4222222222222,7,99.0,False,0,pos,3821.5210610533036,0.8979522293007468,OnTrack,-981.0,-65.0,568.0
2026-08-21 15:14:05.569,0 days 00:57:43.184000,16,578.3502777777809,0 days 00:01:06.779000,11498.288888888888,279.0888888888889,7,99.0,False,0,pos,3826.204774614178,0.8990527730282839,OnTrack,-969.0,-20.0,568.0
2026-08-21 15:14:05.741,0 days 00:57:43.356000,16,576.630277777781,0 days 00:01:06.951000,11311.0,281.0,7,99.0,False,0,car,3839.6797222222194,0.9022190147030102,OnTrack,-928.2890575483536,102.41838400164129,564.2363943147742
2026-08-21 15:14:05.789,0 days 00:57:43.404000,16,575.8836111111142,0 days 00:01:06.999000,11198.56,281.36,7,99.0,False,0,pos,3843.4506692144405,0.9031050834186192,OnTrack,-913.0,142.0,563.0
2026-08-21 15:14:06.128,0 days 00:57:43.743000,16,570.6102767822246,0 days 00:01:07.338000,10404.45235008,283.90250048,7,99.0,False,0,pos,3870.205561916553,0.9093917465464008,OnTrack,-769.0,482.0,558.0
2026-08-21 15:14:06.141,0 days 00:57:43.756000,16,570.4080555555579,0 days 00:01:07.351000,10374.0,284.0,8,99.0,False,0,car,3871.2352777777755,0.9096337014220534,OnTrack,-764.6931152121125,492.2750433403943,557.9027763542267
2026-08-21 15:14:06.381,0 days 00:57:43.996000,16,565.4747222222259,0 days 00:01:07.591000,10412.0,286.0,8,99.0,False,0,car,3890.3019444444417,0.9141138431156721,OnTrack,-711.8143201484216,625.8944543087302,556.9120145923239
2026-08-21 15:14:06.488,0 days 00:57:44.103000,16,562.6511094222258,0 days 00:01:07.698000,10497.217908114286,287.14642925714287,8,99.0,False,0,pos,3898.8517291426488,0.9161228071138138,OnTrack,-688.0,689.0,556.0
2026-08-21 15:14:06.661,0 days 00:57:44.276000,16,558.0858333333367,0 days 00:01:07.871000,10635.0,289.0,8,99.0,False,0,car,3912.7797222222193,0.9193955020003988,OnTrack,-638.6826435388771,818.8918106943703,553.3998021812521
2026-08-21 15:14:06.688,0 days 00:57:44.303000,16,557.1408310933367,0 days 00:01:07.898000,10643.1000192,289.4500010666667,8,99.0,False,0,pos,3914.970500535908,0.919910274584208,OnTrack,-631.0,839.0,553.0
2026-08-21 15:14:06.988,0 days 00:57:44.603000,16,546.6408310933364,0 days 00:01:08.198000,10733.1000192,294.4500010666667,8,99.0,False,0,pos,3939.5639034473147,0.9256890471246643,OnTrack,-543.0,1066.0,549.0
2026-08-21 15:14:07.021,0 days 00:57:44.636000,16,545.4858333333364,0 days 00:01:08.231000,10743.0,295.0,8,99.0,False,0,car,3942.2797222222193,0.9263271897606308,OnTrack,-529.4138952516298,1100.7269175757344,548.3922341513523
2026-08-21 15:14:07.188,0 days 00:57:44.803000,16,539.0841642133357,0 days 00:01:08.398000,10862.40504576,296.67000064,8,99.0,False,0,pos,3956.044989624714,0.9295616485935186,OnTrack,-453.0,1296.0,545.0
2026-08-21 15:14:07.221,0 days 00:57:44.836000,16,537.8191666666689,0 days 00:01:08.431000,10886.0,297.0,8,99.0,False,0,car,3958.77972222222,0.9302042354570318,OnTrack,-439.65431234224036,1330.2759034701187,544.4412978756826
2026-08-21 15:14:07.501,0 days 00:57:45.116000,16,525.6858333333353,0 days 00:01:08.711000,10976.0,301.0,8,99.0,False,0,car,3982.190833333331,0.9357052019771105,OnTrack,-352.62190405158435,1556.429268425576,541.3861601940201
2026-08-21 15:14:07.548,0 days 00:57:45.163000,16,523.5316637333353,0 days 00:01:08.758000,10983.553581714286,301.16785737142857,8,99.0,False,0,pos,3986.1302976678444,0.9366308676282773,OnTrack,-339.0,1592.0,541.0
2026-08-21 15:14:07.781,0 days 00:57:45.396000,16,512.8525000000022,0 days 00:01:08.991000,11021.0,302.0,8,99.0,False,0,car,4005.67972222222,0.9412244441334685,OnTrack,-269.230295815613,1774.14239127639,539.3223400437612
2026-08-21 15:14:08.028,0 days 00:57:45.643000,16,500.77694131555785,0 days 00:01:09.238000,11070.4000128,303.3722225777778,8,99.0,False,0,pos,4026.5178755155093,0.9461208364090254,OnTrack,-201.0,1952.0,538.0
2026-08-21 15:14:08.141,0 days 00:57:45.756000,16,495.2525000000023,0 days 00:01:09.351000,11093.0,304.0,8,99.0,False,0,car,4036.07972222222,0.9483676071135042,OnTrack,-175.30767649671876,2018.7932168344448,537.5609648376015
2026-08-21 15:14:08.301,0 days 00:57:45.916000,16,486.89694444444694,0 days 00:01:09.511000,11077.0,305.0,8,99.0,False,0,car,4049.635277777775,0.9515527894364733,OnTrack,-142.6904441601551,2103.3867729484973,537.1294271393153
2026-08-21 15:14:08.408,0 days 00:57:46.023000,16,481.13082988444694,0 days 00:01:09.618000,11101.520848,305.0,8,99.0,False,0,pos,4058.6959807445205,0.9536818051603271,OnTrack,-117.0,2170.0,537.0
2026-08-21 15:14:08.541,0 days 00:57:46.156000,16,473.96361111111355,0 days 00:01:09.751000,11132.0,305.0,8,99.0,False,0,car,4069.968611111109,0.9563305629209271,OnTrack,-77.5722545700575,2272.3137109074264,536.9990167271188
2026-08-21 15:14:08.548,0 days 00:57:46.163000,16,473.5805520533358,0 days 00:01:09.758000,11133.71501568,305.03500032,8,99.0,False,0,pos,4070.5629291656714,0.9564702113000627,OnTrack,-75.0,2279.0,537.0
2026-08-21 15:14:08.741,0 days 00:57:46.356000,16,463.0191666666701,0 days 00:01:09.951000,11181.0,306.0,8,99.0,False,0,car,4086.968611111108,0.9603250948505521,OnTrack,17.244996063519515,2519.2384730707404,537.0037161161765
2026-08-21 15:14:08.848,0 days 00:57:46.463000,16,456.9261074666698,0 days 00:01:10.058000,11167.1791584,305.5541664,8,99.0,False,0,pos,4096.040752213943,0.9624567982214542,OnTrack,59.0,2628.0,537.0
2026-08-21 15:14:08.981,0 days 00:57:46.596000,16,449.3525000000027,0 days 00:01:10.191000,11150.0,305.0,8,99.0,False,0,car,4107.301944444443,0.965102868335006,OnTrack,82.96994653695917,2690.274491730637,536.9990168081166
2026-08-21 15:14:09.128,0 days 00:57:46.743000,16,440.8183296177803,0 days 00:01:10.338000,11132.35999232,305.0,8,99.0,False,0,pos,4119.7557231462615,0.9680291634331765,OnTrack,102.0,2739.0,537.0
2026-08-21 15:14:09.181,0 days 00:57:46.796000,16,437.7413888888914,0 days 00:01:10.391000,11126.0,305.0,8,99.0,False,0,car,4124.246388888887,0.9690843462387174,OnTrack,115.00217667054706,2772.2633125091534,537.0001481147775
2026-08-21 15:14:09.381,0 days 00:57:46.996000,16,425.90805555555926,0 days 00:01:10.591000,11089.0,305.0,8,99.0,False,0,car,4141.19083333333,0.9730658241424286,OnTrack,184.60010002145106,2950.717979098543,537.0000162574181
2026-08-21 15:14:09.408,0 days 00:57:47.023000,16,424.2730516800037,0 days 00:01:10.618000,11087.199995733334,305.0,8,99.0,False,0,pos,4143.47803130125,0.9736032526902068,OnTrack,194.0,2975.0,537.0
2026-08-21 15:14:09.568,0 days 00:57:47.183000,16,414.58416279111447,0 days 00:01:10.778000,11076.533329066666,305.0,8,99.0,False,0,pos,4157.031805169874,0.9767880163658034,OnTrack,246.0,3110.0,537.0
2026-08-21 15:14:09.621,0 days 00:57:47.236000,16,411.3747222222255,0 days 00:01:10.831000,11073.0,305.0,8,99.0,False,0,car,4161.524166666664,0.9778435976268824,OnTrack,261.56954412623173,3150.1938787178337,537.0000040780523
2026-08-21 15:14:09.821,0 days 00:57:47.436000,16,399.04138888889247,0 days 00:01:11.031000,11025.0,305.0,8,99.0,False,0,car,4178.468611111109,0.9818250755305938,OnTrack,316.1370922605498,3289.8432219402075,537.0000005040027
2026-08-21 15:14:09.848,0 days 00:57:47.463000,16,397.3838856271748,0 days 00:01:11.058000,11025.679246619675,304.6603766901628,8,99.0,False,0,pos,4180.746250762256,0.9823602581371049,OnTrack,324.0,3310.0,537.0
2026-08-21 15:14:09.980,0 days 00:57:47.595000,16,389.28055555555966,0 days 00:01:11.190000,11029.0,303.0,8,99.0,False,0,car,4191.851111111108,0.9849695945628414,OnTrack,364.96531955722577,3415.3296674435655,536.9999996388109
2026-08-21 15:14:10.068,0 days 00:57:47.683000,16,383.805000000004,0 days 00:01:11.278000,11027.044444444444,303.0,8,99.0,False,0,pos,4199.2543728927685,0.9867091572434421,OnTrack,391.0,3483.0,537.0
2026-08-21 15:14:10.228,0 days 00:57:47.843000,16,373.8494444444482,0 days 00:01:11.438000,11023.488888888889,303.0,8,99.0,False,0,pos,4212.722690340263,0.9898738410129923,OnTrack,433.0,3593.0,537.0
2026-08-21 15:14:10.340,0 days 00:57:47.955000,16,366.8805555555591,0 days 00:01:11.550000,11021.0,303.0,8,99.0,False,0,car,4222.151111111109,0.9920892602962323,OnTrack,467.42962199444656,3678.475505064926,536.9999999847365
2026-08-21 15:14:10.448,0 days 00:57:48.063000,16,366.8805555555591,0 days 00:01:11.658000,11019.11,303.0,8,99.0,False,0,pos,4231.242075770521,0.9942253866846511,OnTrack,503.0,3765.0,537.0
2026-08-21 15:14:10.456,0 days 00:57:48.071000,16,366.8805555555591,0 days 00:01:11.666000,11018.970000000001,303.0,8,99.0,False,0,interpolation,4231.915451735028,0.9943836114958787,OnTrack,505.6296705672539,3771.3916527414553,537.0000000010272
