Date,SessionTime,DriverAhead,DistanceToDriverAhead,Time,RPM,Speed,nGear,Throttle,Brake,DRS,Source,Distance,RelativeDistance,Status,X,Y,Z
2026-08-21 14:41:08.386,0 days 00:24:46.001000,,248.81583333333336,0 days 00:00:00,10705.44499584,308.52999936000003,8,100.0,False,0,interpolation,0.01384804957472372,3.2610738548228512e-06,OnTrack,509.86343918817727,3783.3776845686266,537.0000499863415
2026-08-21 14:41:08.506,0 days 00:24:46.121000,,248.81583333333336,0 days 00:00:00.120000,10713.24499584,309.72999936,8,100.0,False,0,pos,10.353423548322255,0.0024381252146119642,OnTrack,549.0,3879.0,537.0
2026-08-21 14:41:08.533,0 days 00:24:46.148000,,248.81583333333336,0 days 00:00:00.147000,10715.0,310.0,8,100.0,False,0,car,12.687777777777772,0.002987841729164666,OnTrack,557.8621813948856,3900.6069273873654,536.9999681634893
2026-08-21 14:41:08.766,0 days 00:24:46.381000,,248.81583333333336,0 days 00:00:00.380000,10791.695896533334,312.9125024,8,100.0,False,0,pos,32.94354037551717,0.0077578663785228255,OnTrack,635.0,4088.0,537.0
2026-08-21 14:41:08.773,0 days 00:24:46.388000,12,248.81583333333336,0 days 00:00:00.387000,10794.0,313.0,8,100.0,False,0,car,33.55444444444444,0.007901728030391785,OnTrack,637.3250873542383,4093.6308078699944,537.0000422695762
2026-08-21 14:41:08.926,0 days 00:24:46.541000,12,241.9733247466667,0 days 00:00:00.540000,10859.0250816,314.9125024,8,100.0,False,0,pos,46.940207145001715,0.011053938060699068,OnTrack,688.0,4217.0,537.0
2026-08-21 14:41:08.933,0 days 00:24:46.548000,12,241.6602777777778,0 days 00:00:00.547000,10862.0,315.0,8,100.0,False,0,car,47.55444444444444,0.011198584654218285,OnTrack,690.2931586040474,4222.694432863651,536.9997953592712
2026-08-21 14:41:09.006,0 days 00:24:46.621000,12,238.1724908266667,0 days 00:00:00.620000,10885.7250624,315.73000192,8,100.0,False,0,pos,53.97069766283755,0.01270954657730453,OnTrack,714.0,4282.0,537.0
2026-08-21 14:41:09.133,0 days 00:24:46.748000,12,232.10472222222222,0 days 00:00:00.747000,10927.0,317.0,8,100.0,False,0,car,65.16555555555556,0.01534582096276194,OnTrack,753.9826512603281,4380.496630541788,537.0487084287591
2026-08-21 14:41:09.246,0 days 00:24:46.861000,12,226.42332368,0 days 00:00:00.860000,10969.375072,317.56500096,8,100.0,False,0,pos,75.14041083255701,0.017694797226454295,OnTrack,794.0,4478.0,537.0
2026-08-21 14:41:09.333,0 days 00:24:46.948000,12,222.0491666666667,0 days 00:00:00.947000,11002.0,318.0,8,100.0,False,0,car,82.83222222222221,0.019506140035685855,OnTrack,831.0239513537682,4568.275303805552,536.8178619167111
2026-08-21 14:41:09.493,0 days 00:24:47.108000,12,213.6491666666667,0 days 00:00:01.107000,11028.0,319.0,8,100.0,False,0,car,97.00999999999999,0.0228448615055292,OnTrack,907.6044653124497,4755.096766516007,536.2419547990205
2026-08-21 14:41:09.586,0 days 00:24:47.201000,12,208.58583681777782,0 days 00:00:01.200000,11036.36999424,319.46499968,8,100.0,False,0,pos,105.26441832710921,0.024788692486783837,OnTrack,942.0,4839.0,536.0
2026-08-21 14:41:09.693,0 days 00:24:47.308000,12,202.76027777777784,0 days 00:00:01.307000,11046.0,320.0,8,100.0,False,0,car,114.78777777777776,0.027031346107213642,OnTrack,968.9174348708925,4904.640637439867,535.8598067784465
2026-08-21 14:41:09.853,0 days 00:24:47.468000,12,193.82694444444445,0 days 00:00:01.467000,11089.0,322.0,8,100.0,False,0,car,129.0988888888889,0.030401466211569625,OnTrack,999.7106717790183,4979.93104290141,535.9705218682861
2026-08-21 14:41:09.866,0 days 00:24:47.481000,12,193.07944812444444,0 days 00:00:01.480000,11088.6750016,322.0,8,100.0,False,0,pos,130.26184862780607,0.030675331320033385,OnTrack,1003.0,4988.0,536.0
2026-08-21 14:41:10.053,0 days 00:24:47.668000,12,182.32694444444448,0 days 00:00:01.667000,11084.0,322.0,8,100.0,False,0,car,146.98777777777778,0.0346141163420146,OnTrack,1063.8677924783808,5137.726030381708,536.7246451860892
2026-08-21 14:41:10.146,0 days 00:24:47.761000,12,176.85028154666668,0 days 00:00:01.760000,10995.6500608,322.0,8,100.0,False,0,pos,155.32841672612685,0.036578251396572455,OnTrack,1097.0,5220.0,537.0
2026-08-21 14:41:10.293,0 days 00:24:47.908000,12,168.19361111111112,0 days 00:00:01.907000,10856.0,322.0,8,100.0,False,0,car,168.45444444444445,0.03966929649854856,OnTrack,1147.1970569471282,5346.420807459278,537.0665050558503
2026-08-21 14:41:10.366,0 days 00:24:47.981000,12,163.97582224,0 days 00:00:01.980000,10905.2751296,319.44499328,8,92.6999808,False,0,pos,174.8856226553413,0.04118377310452028,OnTrack,1170.0,5406.0,537.0
2026-08-21 14:41:10.493,0 days 00:24:48.108000,12,156.63805555555558,0 days 00:00:02.107000,10991.0,315.0,8,80.0,True,0,car,185.95444444444445,0.04379036727833169,OnTrack,1205.4723548627198,5504.191891551788,536.8229117688055
2026-08-21 14:41:10.566,0 days 00:24:48.181000,12,152.62304499555557,0 days 00:00:02.180000,10683.790858666667,311.65415786666665,8,58.0999424,True,0,pos,192.2667577098228,0.04527685240694815,OnTrack,1227.0,5571.0,537.0
2026-08-21 14:41:10.733,0 days 00:24:48.348000,12,143.4380555555556,0 days 00:00:02.347000,9981.0,304.0,8,8.0,True,0,car,206.2211111111111,0.04856295972425195,OnTrack,1285.3970108787437,5774.969150075188,538.7207333490303
2026-08-21 14:41:10.846,0 days 00:24:48.461000,12,138.63554835906803,0 days 00:00:02.460000,9502.077652247744,286.996839724772,8,5.166139954128662,True,0,pos,214.82176400668146,0.05058832540053721,OnTrack,1317.0,5890.0,540.0
2026-08-21 14:41:11.052,0 days 00:24:48.667000,12,129.88055555555562,0 days 00:00:02.666000,8629.0,256.0,8,0.0,True,0,car,228.90555555555554,0.05390491407600131,OnTrack,1337.7240847266226,5964.734788131308,541.2599165133576
2026-08-21 14:41:11.146,0 days 00:24:48.761000,12,127.03444832000007,0 days 00:00:02.760000,8639.705540977779,244.250016,8,0.0,True,0,pos,234.7937863599797,0.05529153212815737,OnTrack,1347.0,5998.0,542.0
2026-08-21 14:41:11.326,0 days 00:24:48.941000,12,121.58444056888895,0 days 00:00:02.940000,8660.205570133334,221.749984,8,0.0,True,0,pos,245.23781914957428,0.05775099489114566,OnTrack,1378.0,6109.0,544.0
2026-08-21 14:41:11.412,0 days 00:24:49.027000,12,118.98055555555561,0 days 00:00:03.026000,8670.0,211.0,8,0.0,True,0,car,250.00555555555553,0.05887374798762553,OnTrack,1392.5740335311573,6159.444821562498,544.5049376896249
2026-08-21 14:41:11.506,0 days 00:24:49.121000,12,116.8916691777228,0 days 00:00:03.120000,8832.448682525475,204.90524423425344,8,0.0,True,0,pos,255.0804918715614,0.060068843516834204,OnTrack,1408.0,6210.0,545.0
2026-08-21 14:41:11.707,0 days 00:24:49.322000,12,112.4249975315042,0 days 00:00:03.321000,9179.813159551228,191.8728107527678,8,0.0,True,0,pos,265.4432703637642,0.06250917172492461,OnTrack,1443.0,6310.0,547.0
2026-08-21 14:41:11.813,0 days 00:24:49.428000,12,110.06944444444446,0 days 00:00:03.427000,9363.0,185.0,6,0.0,True,0,car,270.6125,0.06372647236537492,OnTrack,1463.572601904881,6359.527609514967,547.651933153949
2026-08-21 14:41:11.987,0 days 00:24:49.602000,12,107.36277578666667,0 days 00:00:03.601000,10153.250581333334,169.7749888,6,0.0,True,0,pos,278.64449110206095,0.06561792401304242,OnTrack,1498.0,6432.0,548.0
2026-08-21 14:41:12.053,0 days 00:24:49.668000,12,106.33611111111111,0 days 00:00:03.667000,10453.0,164.0,5,0.0,True,0,car,281.54583333333335,0.06630116039541085,OnTrack,1509.9456866486744,6454.556478805775,547.9984281430485
2026-08-21 14:41:12.247,0 days 00:24:49.862000,12,104.50388767999999,0 days 00:00:03.861000,10231.718604,154.2999936,5,0.0,True,0,pos,289.6249486817824,0.06820370932049606,OnTrack,1551.0,6516.0,548.0
2026-08-21 14:41:12.373,0 days 00:24:49.988000,12,103.31388888888887,0 days 00:00:03.987000,10088.0,148.0,3,0.0,True,0,car,294.7013888888889,0.06939915900065735,OnTrack,1595.9996682678084,6567.710146864142,548.5921590751683
2026-08-21 14:41:12.467,0 days 00:24:50.082000,12,102.66111022222222,0 days 00:00:04.081000,10746.000896,145.062496,3,0.0,True,0,pos,298.4698364867652,0.0702865898167003,OnTrack,1628.0,6601.0,549.0
2026-08-21 14:41:12.533,0 days 00:24:50.148000,12,102.20277777777778,0 days 00:00:04.147000,11208.0,143.0,3,0.0,True,0,car,301.05694444444447,0.07089582724575953,OnTrack,1644.9621710782394,6616.775321817553,549.120719491964
2026-08-21 14:41:12.747,0 days 00:24:50.362000,12,102.08388881777779,0 days 00:00:04.361000,10953.5776256,134.67777279999999,3,0.0,True,0,pos,308.9077623834935,0.07274461446896023,OnTrack,1687.0,6643.0,549.0
2026-08-21 14:41:12.893,0 days 00:24:50.508000,12,102.0027777777778,0 days 00:00:04.507000,10780.0,129.0,2,0.0,True,0,car,313.95694444444445,0.07393364513485681,OnTrack,1732.5629785499452,6667.000344278452,549.0683950363838
2026-08-21 14:41:12.927,0 days 00:24:50.542000,12,102.16333393777781,0 days 00:00:04.541000,10693.2996736,127.937496,2,0.0,True,0,pos,315.1114398939798,0.07420551698985525,OnTrack,1744.0,6672.0,549.0
2026-08-21 14:41:13.127,0 days 00:24:50.742000,12,103.10777838222229,0 days 00:00:04.741000,10183.2996736,121.687496,2,0.0,True,0,pos,321.7459983334007,0.07576788755679587,OnTrack,1810.0,6692.0,548.0
2026-08-21 14:41:13.213,0 days 00:24:50.828000,12,103.51388888888897,0 days 00:00:04.827000,9964.0,119.0,2,0.0,True,0,car,324.53472222222223,0.07642460347285905,OnTrack,1834.950100079908,6697.84124599365,547.9513646704478
2026-08-21 14:41:13.487,0 days 00:24:51.102000,12,106.55833475555559,0 days 00:00:05.101000,9599.8081632,115.0041648,2,0.0,True,0,pos,333.1956146608321,0.07846415494460761,OnTrack,1927.0,6700.0,549.0
2026-08-21 14:41:13.667,0 days 00:24:51.282000,12,108.55833475555556,0 days 00:00:05.281000,9360.5581632,112.3791648,2,0.0,True,0,pos,338.6882453080078,0.0797576132111343,OnTrack,2025.0,6681.0,549.0
2026-08-21 14:41:13.693,0 days 00:24:51.308000,12,108.84722222222223,0 days 00:00:05.307000,9326.0,112.0,2,0.0,False,0,car,339.46805555555557,0.07994125053827399,OnTrack,2034.0559939630896,6679.157327083847,548.9485415223154
2026-08-21 14:41:13.933,0 days 00:24:51.548000,12,112.58055555555558,0 days 00:00:05.547000,9114.0,106.0,2,21.0,False,0,car,346.53472222222223,0.08160537816744355,OnTrack,2061.5532027571544,6668.67929962346,548.052000071176
2026-08-21 14:41:13.946,0 days 00:24:51.561000,12,112.79722115555559,0 days 00:00:05.560000,9124.98494592,105.93500032,2,21.9749952,False,0,pos,346.91440852551955,0.0816947904034437,OnTrack,2064.0,6667.0,548.0
2026-08-21 14:41:14.133,0 days 00:24:51.748000,12,115.913888888889,0 days 00:00:05.747000,9283.0,105.0,2,36.0,False,0,car,352.36805555555554,0.08297906842737125,OnTrack,2125.6475154341656,6624.721321281873,547.3005995372157
2026-08-21 14:41:14.246,0 days 00:24:51.861000,12,118.14250378666677,0 days 00:00:05.860000,9415.371653485714,105.40357211428571,2,39.632149028571426,False,0,pos,355.673696601209,0.08375751304003949,OnTrack,2163.0,6597.0,547.0
2026-08-21 14:41:14.413,0 days 00:24:52.028000,12,121.43611111111119,0 days 00:00:06.027000,9611.0,106.0,2,45.0,False,0,car,360.6125,0.08492055066140243,OnTrack,2194.8516959460117,6567.056210789434,546.8007924323138
2026-08-21 14:41:14.653,0 days 00:24:52.268000,12,126.03611111111121,0 days 00:00:06.267000,9811.0,110.0,2,48.0,False,0,car,367.9458333333333,0.08664747555959726,OnTrack,2217.3309523906205,6527.916976005535,546.0972213536579
2026-08-21 14:41:14.666,0 days 00:24:52.281000,12,126.29610983111121,0 days 00:00:06.280000,9839.01486208,110.3249984,2,48.51999744,False,0,pos,368.3548394287403,0.08674379230637068,OnTrack,2219.0,6525.0,546.0
2026-08-21 14:41:14.853,0 days 00:24:52.468000,12,130.0361111111112,0 days 00:00:06.467000,10242.0,115.0,2,56.0,False,0,car,374.3347222222222,0.0881519934633276,OnTrack,2247.2698243448135,6474.6682231008035,544.1979900689016
2026-08-21 14:41:14.886,0 days 00:24:52.501000,12,130.7144483911112,0 days 00:00:06.500000,10320.7879584,115.0,2,56.6187536,False,0,pos,375.387148142692,0.088399828989541,OnTrack,2252.0,6465.0,544.0
2026-08-21 14:41:15.013,0 days 00:24:52.628000,12,133.3250000000001,0 days 00:00:06.627000,10624.0,115.0,2,59.0,False,0,car,379.4458333333333,0.08935560778631188,OnTrack,2267.845086526581,6426.8545824965695,543.8622801559416
2026-08-21 14:41:15.106,0 days 00:24:52.721000,12,135.1849987200001,0 days 00:00:06.720000,10754.1999104,116.7437488,2,60.7437488,False,0,pos,382.49758308375027,0.09007426359909211,OnTrack,2277.0,6398.0,544.0
2026-08-21 14:41:15.246,0 days 00:24:52.861000,12,137.98500384000008,0 days 00:00:06.860000,10950.2002688,119.3687536,2,63.3687536,False,0,pos,387.22073757533843,0.0911865181113027,OnTrack,2287.0,6353.0,544.0
2026-08-21 14:41:15.333,0 days 00:24:52.948000,12,139.72500000000008,0 days 00:00:06.947000,11072.0,121.0,2,65.0,False,0,car,390.2013888888889,0.09188843097033098,OnTrack,2291.521931883904,6323.746042591456,543.5926704188704
2026-08-21 14:41:15.446,0 days 00:24:53.061000,12,141.85944807111122,0 days 00:00:07.060000,11355.2067312,124.531256,2,69.2375072,False,0,pos,394.12425911840944,0.09281222673466001,OnTrack,2295.0,6284.0,543.0
2026-08-21 14:41:15.493,0 days 00:24:53.108000,12,142.74722222222232,0 days 00:00:07.107000,11473.0,126.0,2,71.0,False,0,car,395.80138888888894,0.09320717361986158,OnTrack,2295.39811809055,6266.809694044758,542.9277267413497
2026-08-21 14:41:15.626,0 days 00:24:53.241000,12,144.85305454222234,0 days 00:00:07.240000,11161.96151330909,130.23181614545456,2,72.81363549090909,False,0,pos,400.74569786320325,0.0943715077478768,OnTrack,2294.0,6218.0,543.0
2026-08-21 14:41:15.926,0 days 00:24:53.541000,12,149.6030585955557,0 days 00:00:07.540000,10460.370005527273,139.77727883636365,2,76.90454807272727,False,0,pos,412.63223539821234,0.09717066560549514,OnTrack,2279.0,6104.0,542.0
2026-08-21 14:41:15.933,0 days 00:24:53.548000,12,149.71388888888902,0 days 00:00:07.547000,10444.0,140.0,3,77.0,False,0,car,412.9125,0.09723666504898286,OnTrack,2278.0997314052165,6100.036585220773,541.9687526918146
2026-08-21 14:41:16.093,0 days 00:24:53.708000,12,151.93611111111125,0 days 00:00:07.707000,10847.0,146.0,3,78.0,False,0,car,419.4013888888889,0.09876473192859768,OnTrack,2250.2984481226013,5991.647542994238,541.2356584153772
2026-08-21 14:41:16.146,0 days 00:24:53.761000,12,152.49555488000016,0 days 00:00:07.760000,10887.0812016,149.312496,3,78.6624992,False,0,pos,421.64932881184626,0.09929409875895237,OnTrack,2241.0,5958.0,541.0
2026-08-21 14:41:16.253,0 days 00:24:53.868000,12,153.62500000000017,0 days 00:00:07.867000,10968.0,156.0,3,80.0,False,0,car,426.33472222222224,0.1003974609232546,OnTrack,2224.5583135776997,5901.6281870458515,540.5477284739835
2026-08-21 14:41:16.453,0 days 00:24:54.068000,12,155.06944444444463,0 days 00:00:08.067000,11491.0,163.0,3,87.0,False,0,car,435.3902777777778,0.10252995151723762,OnTrack,2201.2411324160457,5833.31077383792,539.7554048966713
2026-08-21 14:41:16.606,0 days 00:24:54.221000,12,155.79194535111134,0 days 00:00:08.220000,10563.05383552,166.8250048,3,96.94501248,False,0,pos,442.473274551269,0.10419792471932522,OnTrack,2184.0,5786.0,539.0
2026-08-21 14:41:16.653,0 days 00:24:54.268000,12,156.01388888888914,0 days 00:00:08.267000,10278.0,168.0,3,100.0,False,0,car,444.7236111111111,0.10472785593312195,OnTrack,2178.4868522156235,5770.832809136846,538.7313641385487
2026-08-21 14:41:16.893,0 days 00:24:54.508000,12,155.68055555555577,0 days 00:00:08.507000,10776.0,182.0,4,100.0,False,0,car,456.8569444444444,0.10758513167377158,OnTrack,2147.57086394841,5686.43454653549,537.0040635550536
2026-08-21 14:41:16.986,0 days 00:24:54.601000,12,155.2930558222224,0 days 00:00:08.600000,11149.7434928,186.0687472,4,100.0,False,0,pos,461.71107633025775,0.10872823002096241,OnTrack,2132.0,5646.0,536.0
2026-08-21 14:41:17.053,0 days 00:24:54.668000,12,155.01388888888908,0 days 00:00:08.667000,11419.0,189.0,4,100.0,False,0,car,465.25694444444446,0.10956324564806749,OnTrack,2119.3978603391583,5614.025345540586,535.1563350054971
2026-08-21 14:41:17.066,0 days 00:24:54.681000,12,154.8875006222224,0 days 00:00:08.680000,11388.486261333333,189.3249984,4,100.0,False,0,pos,465.9504157135194,0.10972655102998775,OnTrack,2117.0,5608.0,535.0
2026-08-21 14:41:17.286,0 days 00:24:54.901000,12,152.74860924444465,0 days 00:00:08.900000,10872.096771555556,194.8250048,4,100.0,False,0,pos,477.95052128635757,0.11255245299744691,OnTrack,2078.0,5514.0,533.0
2026-08-21 14:41:17.413,0 days 00:24:55.028000,12,151.51388888888908,0 days 00:00:09.027000,10574.0,198.0,4,100.0,False,0,car,485.0569444444444,0.11422594287319353,OnTrack,2045.8827841232976,5441.4578801122425,532.0497130113199
2026-08-21 14:41:17.626,0 days 00:24:55.241000,12,148.378056497778,0 days 00:00:09.240000,10681.1655928,204.656248,4,100.0,False,0,pos,497.23104727054516,0.11709281941186317,OnTrack,1985.0,5307.0,531.0
2026-08-21 14:41:17.733,0 days 00:24:55.348000,12,146.80277777777803,0 days 00:00:09.347000,10735.0,208.0,5,100.0,False,0,car,503.5458333333333,0.11857988685894535,OnTrack,1960.262963159613,5252.480616930546,530.9742228988775
2026-08-21 14:41:17.972,0 days 00:24:55.587000,12,142.28833333333353,0 days 00:00:09.586000,10994.0,220.0,5,100.0,False,0,car,518.1513888888888,0.12201934561451673,OnTrack,1913.990711642801,5149.120349119217,531.8436976465687
2026-08-21 14:41:18.006,0 days 00:24:55.621000,12,141.58944181333354,0 days 00:00:09.620000,11052.8627216,220.4250016,5,100.0,False,0,pos,520.2450968016876,0.12251239238599307,OnTrack,1907.0,5133.0,532.0
2026-08-21 14:41:18.132,0 days 00:24:55.747000,12,138.99944444444463,0 days 00:00:09.746000,11271.0,222.0,5,100.0,False,0,car,528.0180555555555,0.1243428445684516,OnTrack,1879.131146239673,5066.360288796324,532.6841268227976
2026-08-21 14:41:18.167,0 days 00:24:55.782000,12,138.2411094229947,0 days 00:00:09.781000,11309.260954737274,222.43478357655994,5,100.0,False,0,pos,530.1866348977807,0.12485352279478792,OnTrack,1870.0,5042.0,533.0
2026-08-21 14:41:18.293,0 days 00:24:55.908000,12,135.5111111111113,0 days 00:00:09.907000,11447.0,224.0,5,100.0,False,0,car,538.0358333333332,0.12670192864150076,OnTrack,1830.6591624408286,4926.09823011643,534.7659545363415
2026-08-21 14:41:18.387,0 days 00:24:56.002000,12,133.29166364444458,0 days 00:00:10.001000,11522.2001024,225.5666688,5,100.0,False,0,pos,543.9441300277479,0.12809327200525172,OnTrack,1804.0,4840.0,536.0
2026-08-21 14:41:18.533,0 days 00:24:56.148000,12,129.84444444444455,0 days 00:00:10.147000,11639.0,228.0,5,100.0,False,0,car,553.2358333333333,0.13028137297594097,OnTrack,1779.6180727588533,4745.9964423845795,536.8027054180895
2026-08-21 14:41:18.813,0 days 00:24:56.428000,12,122.37777777777796,0 days 00:00:10.427000,11873.0,235.0,5,100.0,False,0,car,571.513611111111,0.1345856024570478,OnTrack,1771.6706057285708,4641.7021724153265,535.3219139006151
2026-08-21 14:41:18.847,0 days 00:24:56.462000,12,121.44277425777797,0 days 00:00:10.461000,11850.3686648,235.3187512,5,91.2874672,False,0,pos,573.7580418191411,0.13511414290322554,OnTrack,1771.0,4626.0,535.0
2026-08-21 14:41:19.087,0 days 00:24:56.702000,12,114.842774257778,0 days 00:00:10.701000,11690.6186648,237.5687512,5,29.787467200000005,False,0,pos,589.651544431864,0.138856900000694,OnTrack,1771.0,4466.0,532.0
2026-08-21 14:41:19.133,0 days 00:24:56.748000,12,113.57777777777801,0 days 00:00:10.747000,11660.0,238.0,5,18.0,True,0,car,592.6691666666666,0.13956751913305226,OnTrack,1774.8432920885637,4413.853861774292,531.3011174405676
2026-08-21 14:41:19.227,0 days 00:24:56.842000,12,111.17555228444469,0 days 00:00:10.841000,11371.88960768,234.23999488,5,12.35999232,True,0,pos,598.7913133737983,0.14100922198472687,OnTrack,1785.0,4298.0,530.0
2026-08-21 14:41:19.333,0 days 00:24:56.948000,12,108.46666666666692,0 days 00:00:10.947000,11047.0,230.0,5,6.0,True,0,car,605.4469444444443,0.14257655494051297,OnTrack,1793.43314076075,4194.927564459249,529.3650986400565
2026-08-21 14:41:19.613,0 days 00:24:57.228000,12,103.7222222222224,0 days 00:00:11.227000,11495.0,201.0,4,5.0,True,0,car,621.0802777777777,0.14625804483711924,OnTrack,1800.8871251101355,4050.2175751451464,531.1903631527399
2026-08-21 14:41:19.707,0 days 00:24:57.322000,12,102.49499832888908,0 days 00:00:11.321000,11237.90964992,195.35999232,4,5.0,True,0,pos,626.0614605219623,0.14743106236030892,OnTrack,1801.0,4018.0,532.0
2026-08-21 14:41:19.813,0 days 00:24:57.428000,12,101.11111111111131,0 days 00:00:11.427000,10948.0,189.0,4,5.0,True,0,car,631.5802777777777,0.14873068730498912,OnTrack,1800.0846295438155,3987.4217892522347,532.8773623930654
2026-08-21 14:41:20.047,0 days 00:24:57.662000,12,98.44610965333352,0 days 00:00:11.661000,10472.199739733333,182.17499626666665,4,0.12499733333333304,True,0,pos,643.4144821684894,0.15151752124307727,OnTrack,1789.0,3920.0,535.0
2026-08-21 14:41:20.053,0 days 00:24:57.668000,12,98.37777777777796,0 days 00:00:11.667000,10460.0,182.0,4,0.0,True,0,car,643.713611111111,0.15158796304563874,OnTrack,1788.4070303208175,3917.6685874794875,535.0667649735402
2026-08-21 14:41:20.267,0 days 00:24:57.882000,12,95.94055409777798,0 days 00:00:11.881000,10217.721283657143,177.41428297142858,4,0.0,True,0,pos,654.2484891703086,0.15406881893925803,OnTrack,1758.0,3821.0,538.0
2026-08-21 14:41:20.333,0 days 00:24:57.948000,12,95.1888888888891,0 days 00:00:11.947000,10143.0,176.0,4,0.0,True,0,car,657.4024999999999,0.15481155618893577,OnTrack,1746.2336577363667,3793.3965669282106,539.2161907606452
2026-08-21 14:41:20.426,0 days 00:24:58.041000,12,94.33638947555575,0 days 00:00:12.040000,10035.275074133333,172.90000213333335,4,2.5833315555555556,True,0,pos,661.7508212095302,0.1558355413019476,OnTrack,1723.0,3754.0,541.0
2026-08-21 14:41:20.693,0 days 00:24:58.308000,12,91.88888888888903,0 days 00:00:12.307000,9726.0,164.0,4,10.0,True,0,car,673.8025,0.1586735882339897,OnTrack,1594.082574034265,3620.001018038613,544.7250897731492
2026-08-21 14:41:20.726,0 days 00:24:58.341000,12,91.59555384888903,0 days 00:00:12.340000,9717.4405752,163.6906232,4,13.9187728,True,0,pos,675.2808073682961,0.15902171447964814,OnTrack,1582.0,3609.0,545.0
2026-08-21 14:41:21.006,0 days 00:24:58.621000,12,89.10666496000015,0 days 00:00:12.620000,9644.8155752,161.0656232,4,47.1687728,True,0,pos,687.799979448655,0.1619698512937878,OnTrack,1529.0,3573.0,546.0
2026-08-21 14:41:21.013,0 days 00:24:58.628000,12,89.0444444444446,0 days 00:00:12.627000,9643.0,161.0,4,48.0,False,0,car,688.1136111111111,0.16204370833834567,OnTrack,1527.227638587953,3572.0339157115654,546.0207505065766
2026-08-21 14:41:21.266,0 days 00:24:58.881000,12,86.37388956444453,0 days 00:00:12.880000,9814.678528,161.9035712,4,56.1321408,False,0,pos,699.4923655921425,0.16472328848703735,OnTrack,1423.0,3518.0,547.0
2026-08-21 14:41:21.293,0 days 00:24:58.908000,12,86.08888888888896,0 days 00:00:12.907000,9833.0,162.0,4,57.0,False,0,car,700.7136111111112,0.16501087929978953,OnTrack,1406.838139778432,3510.926027657074,547.1246798552971
2026-08-21 14:41:21.493,0 days 00:24:59.108000,12,83.70000000000005,0 days 00:00:13.107000,9906.0,164.0,4,59.0,False,0,car,709.8247222222222,0.1671564526581528,OnTrack,1274.8283281362258,3458.628847223017,547.9732814688606
2026-08-21 14:41:21.506,0 days 00:24:59.121000,12,83.53027861333338,0 days 00:00:13.120000,9917.781192,164.2437488,4,59.1624992,False,0,pos,710.4234889172908,0.16729745608277874,OnTrack,1268.0,3456.0,548.0
2026-08-21 14:41:21.653,0 days 00:24:59.268000,12,81.6111111111112,0 days 00:00:13.267000,10051.0,167.0,4,61.0,False,0,car,717.2469444444445,0.16890430997935604,OnTrack,1213.5909672826851,3435.2370219060294,547.9849947329063
2026-08-21 14:41:21.853,0 days 00:24:59.468000,12,78.7222222222224,0 days 00:00:13.467000,10148.0,169.0,4,68.0,False,0,car,726.6358333333334,0.17111529715962065,OnTrack,1166.4339325711423,3417.684535344285,547.187656518182
2026-08-21 14:41:21.886,0 days 00:24:59.501000,12,78.19055246222241,0 days 00:00:13.500000,10092.22967552,169.66000384,4,59.25494912,False,0,pos,728.2127663681301,0.17148664873969927,OnTrack,1154.0,3413.0,547.0
2026-08-21 14:41:22.053,0 days 00:24:59.668000,12,75.50000000000023,0 days 00:00:13.667000,9810.0,173.0,4,15.0,False,0,car,736.2469444444445,0.17337861539740632,OnTrack,1069.5193911946055,3380.989049425054,545.8230038911663
2026-08-21 14:41:22.166,0 days 00:24:59.781000,12,73.86777500444465,0 days 00:00:13.780000,9824.125024,170.1749952,4,7.937488,False,0,pos,741.5586789175807,0.1746294744675325,OnTrack,1012.0,3359.0,545.0
2026-08-21 14:41:22.293,0 days 00:24:59.908000,12,72.03333333333353,0 days 00:00:13.907000,9840.0,167.0,4,0.0,True,0,car,747.3802777777778,0.1760004013792112,OnTrack,961.5063539952371,3339.414899125266,544.1857776790458
2026-08-21 14:41:22.546,0 days 00:25:00.161000,12,69.29250069333351,0 days 00:00:14.160000,10685.4414528,161.2020848,4,0.0,True,0,pos,758.5062248299954,0.17862044796745744,OnTrack,874.0,3295.0,542.0
2026-08-21 14:41:22.773,0 days 00:25:00.388000,12,66.83333333333348,0 days 00:00:14.387000,11444.0,156.0,3,0.0,True,0,car,768.1802777777779,0.180898588363182,OnTrack,767.6279576539828,3219.784357701499,538.1990292594721
2026-08-21 14:41:22.786,0 days 00:25:00.401000,12,66.72138944000015,0 days 00:00:14.400000,11475.777621333333,155.81944533333333,3,0.0,True,0,pos,768.7313139237975,0.18102835173232296,OnTrack,763.0,3216.0,538.0
2026-08-21 14:41:23.046,0 days 00:25:00.661000,12,64.4824983466668,0 days 00:00:14.660000,12111.333802666666,152.20833066666665,3,0.0,True,0,pos,779.6735497266803,0.18360513620276617,OnTrack,711.0,3155.0,535.0
2026-08-21 14:41:23.133,0 days 00:25:00.748000,12,63.73333333333346,0 days 00:00:14.747000,12324.0,151.0,2,0.0,True,0,car,783.2802777777779,0.18445448372173773,OnTrack,695.2938217297605,3128.067803324841,534.260958332322
2026-08-21 14:41:23.326,0 days 00:25:00.941000,12,62.50027655111119,0 days 00:00:14.940000,11805.79448448,146.1749952,2,0.0,True,0,pos,791.1159024009638,0.18629969307464972,OnTrack,662.0,3056.0,533.0
2026-08-21 14:41:23.333,0 days 00:25:00.948000,12,62.455555555555634,0 days 00:00:14.947000,11787.0,146.0,2,0.0,True,0,car,791.391388888889,0.18636456732125625,OnTrack,661.1388763675833,3053.341286729357,532.9638062831714
2026-08-21 14:41:23.526,0 days 00:25:01.141000,12,61.704999253333476,0 days 00:00:15.140000,11330.55454592,137.31499136,2,0.0,True,0,pos,798.7408783042166,0.1880952968113038,OnTrack,647.0,2980.0,532.0
2026-08-21 14:41:23.533,0 days 00:25:01.148000,12,61.67777777777792,0 days 00:00:15.147000,11314.0,137.0,2,0.0,True,0,car,799.0025000000002,0.18815690604135243,OnTrack,646.7606367470643,2977.3553626796042,531.9497891960823
2026-08-21 14:41:23.693,0 days 00:25:01.308000,12,61.455555555555634,0 days 00:00:15.307000,11174.0,133.0,2,0.0,True,0,car,804.9136111111113,0.1895489121714125,OnTrack,645.8900370597173,2917.346743621939,530.3816302260569
2026-08-21 14:41:23.826,0 days 00:25:01.441000,12,61.566388835555614,0 days 00:00:15.440000,10945.313998933334,130.41389013333333,2,3.6944426666666668,True,0,pos,809.6768592095489,0.19067060831743124,OnTrack,652.0,2869.0,529.0
2026-08-21 14:41:24.006,0 days 00:25:01.621000,12,61.71638904888893,0 days 00:00:15.620000,10635.813558755555,126.91388515555556,2,8.694449777777777,True,0,pos,815.9148882455924,0.1921396002707957,OnTrack,669.0,2808.0,528.0
2026-08-21 14:41:24.053,0 days 00:25:01.668000,12,61.75555555555559,0 days 00:00:15.667000,10555.0,126.0,2,10.0,False,0,car,817.5136111111113,0.19251608313285637,OnTrack,673.9739452955063,2793.948029949491,528.2264948073278
2026-08-21 14:41:24.186,0 days 00:25:01.801000,12,62.12499982222222,0 days 00:00:15.800000,10631.949962971428,123.62500114285714,2,31.849989485714286,False,0,pos,821.9719645144813,0.19356597970066067,OnTrack,695.0,2754.0,529.0
2026-08-21 14:41:24.333,0 days 00:25:01.948000,12,62.5333333333333,0 days 00:00:15.947000,10717.0,121.0,2,56.0,False,0,car,826.9247222222224,0.19473230341887307,OnTrack,747.3047912990855,2696.241159996261,526.7409948600665
2026-08-21 14:41:24.386,0 days 00:25:02.001000,12,63.0044437810381,0 days 00:00:16,10799.739695400187,122.16300776666928,2,57.827583633337454,False,0,pos,828.7558605674182,0.19516351774619464,OnTrack,765.0,2679.0,526.0
2026-08-21 14:41:24.652,0 days 00:25:02.267000,12,65.36888888888905,0 days 00:00:16.266000,11215.0,128.0,2,67.0,False,0,car,838.2669444444446,0.19740328059474774,OnTrack,816.9249131909495,2642.727185168822,526.6153544513728
2026-08-21 14:41:24.687,0 days 00:25:02.302000,12,65.73833407438624,0 days 00:00:16.301000,11238.75351024993,128.67867172142655,2,67.0,False,0,pos,839.5480537256657,0.19770496871043627,OnTrack,825.0,2639.0,527.0
2026-08-21 14:41:25.013,0 days 00:25:02.628000,12,69.17944444444458,0 days 00:00:16.627000,11460.0,135.0,2,67.0,False,0,car,851.8044444444446,0.20059122320510853,OnTrack,936.7807215446162,2596.174706663839,531.8280727020999
2026-08-21 14:41:25.027,0 days 00:25:02.642000,12,69.33111249777791,0 days 00:00:16.641000,11361.999104,135.42000384,2,67.14000128,False,0,pos,852.345561377237,0.2007186507011186,OnTrack,942.0,2595.0,532.0
2026-08-21 14:41:25.107,0 days 00:25:02.722000,12,70.19777916444451,0 days 00:00:16.721000,10801.999104,137.82000384,2,67.94000128,False,0,pos,855.4618993659866,0.20145251638256798,OnTrack,972.0,2590.0,533.0
2026-08-21 14:41:25.213,0 days 00:25:02.828000,12,71.3461111111111,0 days 00:00:16.827000,10060.0,141.0,2,69.0,False,0,car,859.6377777777781,0.20243589298272577,OnTrack,1015.0109034382219,2586.9866333102573,535.5426514371849
2026-08-21 14:41:25.447,0 days 00:25:03.062000,12,74.2711127111111,0 days 00:00:17.061000,10373.950171733333,144.25000177777778,2,76.80000426666666,False,0,pos,868.9930918109904,0.2046389736283239,OnTrack,1123.0,2595.0,545.0
2026-08-21 14:41:25.573,0 days 00:25:03.188000,12,75.8461111111111,0 days 00:00:17.187000,10543.0,146.0,3,81.0,False,0,car,874.2377777777781,0.20587404346185914,OnTrack,1186.8231662324013,2608.2782541518886,550.6067290297788
2026-08-21 14:41:25.827,0 days 00:25:03.442000,12,78.73889034666685,0 days 00:00:17.441000,11320.421820342857,157.7928630857143,3,81.0,False,0,pos,885.4190132896857,0.2085071099161446,OnTrack,1309.0,2643.0,561.0
2026-08-21 14:41:25.853,0 days 00:25:03.468000,12,79.0350000000002,0 days 00:00:17.467000,11400.0,159.0,3,81.0,False,0,car,886.6044444444447,0.20878626681290585,OnTrack,1318.9254593447545,2645.867567248744,561.7994634462992
2026-08-21 14:41:26.227,0 days 00:25:03.842000,12,83.08666805333336,0 days 00:00:17.841000,11071.81488768,171.15500416,3,98.76500608,False,0,pos,904.4270009916922,0.21298329635621413,OnTrack,1443.0,2683.0,570.0
2026-08-21 14:41:26.253,0 days 00:25:03.868000,12,83.36833333333334,0 days 00:00:17.867000,11049.0,172.0,3,100.0,False,0,car,905.7155555555559,0.21328673775971665,OnTrack,1455.659193414812,2687.042156586921,570.6911232158155
2026-08-21 14:41:26.453,0 days 00:25:04.068000,12,85.20166666666671,0 days 00:00:18.067000,11107.0,183.0,4,100.0,False,0,car,915.8822222222225,0.21568088364130494,OnTrack,1569.6677930497917,2724.333407802175,576.6675618565337
2026-08-21 14:41:26.507,0 days 00:25:04.122000,12,85.5916675911112,0 days 00:00:18.121000,11278.675406933333,185.7000064,4,100.0,False,0,pos,918.7428479764915,0.21635453171032284,OnTrack,1595.0,2733.0,578.0
2026-08-21 14:41:26.693,0 days 00:25:04.308000,12,86.93500000000029,0 days 00:00:18.307000,11870.0,195.0,4,100.0,False,0,car,928.8822222222224,0.21874225050628665,OnTrack,1649.463057481033,2753.5802853614687,580.9837218114249
2026-08-21 14:41:26.853,0 days 00:25:04.468000,12,87.91277777777816,0 days 00:00:18.467000,11227.0,199.0,4,100.0,False,0,car,937.7266666666668,0.22082502659562467,OnTrack,1683.8821529136092,2768.054320420872,582.6079520046658
2026-08-21 14:41:26.887,0 days 00:25:04.502000,12,87.80888849777816,0 days 00:00:18.501000,11247.264076288,200.258004736,4,100.0,False,0,pos,939.6709960652277,0.22128289625680653,OnTrack,1694.0,2772.0,583.0
2026-08-21 14:41:27.786,0 days 00:25:05.401000,12,85.06194464000039,0 days 00:00:19.400000,11783.067961856,233.520997632,4,100.0,False,0,pos,998.7689290976231,0.23519985425482848,OnTrack,2209.0,2945.0,595.0
2026-08-21 14:41:27.853,0 days 00:25:05.468000,12,84.85722222222262,0 days 00:00:19.467000,11823.0,236.0,5,100.0,False,0,car,1003.2822222222223,0.23626268856433605,OnTrack,2248.001459313122,2956.0929611988036,595.287096842579
2026-08-21 14:41:28.026,0 days 00:25:05.641000,12,83.75194485333371,0 days 00:00:19.640000,11287.781448,238.703124,5,100.0,False,0,pos,1014.8588406662329,0.23898886364995378,OnTrack,2360.0,2983.0,595.0
2026-08-21 14:41:28.173,0 days 00:25:05.788000,12,82.81277777777814,0 days 00:00:19.787000,10833.0,241.0,6,100.0,False,0,car,1024.7044444444446,0.2413074025093658,OnTrack,2498.522264157869,3006.550290239813,592.7769453004138
2026-08-21 14:41:28.266,0 days 00:25:05.881000,12,82.01194499555581,0 days 00:00:19.880000,10979.4748992,242.7437488,6,100.0,False,0,pos,1030.9778622722872,0.24278472816077679,OnTrack,2587.0,3019.0,591.0
2026-08-21 14:41:28.333,0 days 00:25:05.948000,12,81.43500000000017,0 days 00:00:19.947000,11085.0,244.0,6,100.0,False,0,car,1035.548888888889,0.2438611581163933,OnTrack,2644.0034566728423,3025.81039121885,589.7467860099183
2026-08-21 14:41:28.573,0 days 00:25:06.188000,12,78.16833333333352,0 days 00:00:20.187000,11302.0,252.0,6,100.0,False,0,car,1052.3488888888892,0.24781738606498516,OnTrack,2805.6034725879545,3036.5138409810957,585.4143631425808
2026-08-21 14:41:28.706,0 days 00:25:06.321000,12,75.91472330666689,0 days 00:00:20.320000,11442.2040992,254.2166656,6,100.0,False,0,pos,1061.757019609301,0.2500329044995148,OnTrack,2882.0,3038.0,583.0
2026-08-21 14:41:28.813,0 days 00:25:06.428000,12,74.10166666666692,0 days 00:00:20.427000,11555.0,256.0,6,100.0,False,0,car,1069.4155555555558,0.2518364112826022,OnTrack,2939.955697529012,3037.9108301981287,581.0253047759213
2026-08-21 14:41:29.066,0 days 00:25:06.681000,12,67.77666826666692,0 days 00:00:20.680000,11412.400036072728,262.3249984,6,100.0,False,0,pos,1088.0231784060159,0.2562183159003311,OnTrack,3085.0,3032.0,574.0
2026-08-21 14:41:29.206,0 days 00:25:06.821000,12,64.27666186666691,0 days 00:00:20.820000,11333.490800872727,265.8250048,6,100.0,False,0,pos,1098.5131831325893,0.2586886045836722,OnTrack,3188.0,3024.0,567.0
2026-08-21 14:41:29.253,0 days 00:25:06.868000,12,63.101666666666915,0 days 00:00:20.867000,11307.0,267.0,6,100.0,False,0,car,1102.0488888888892,0.25952122707956926,OnTrack,3223.123398741512,3020.3614507395,564.8462849836668
2026-08-21 14:41:29.413,0 days 00:25:07.028000,12,58.34611111111121,0 days 00:00:21.027000,10574.0,272.0,7,100.0,False,0,car,1114.1377777777782,0.2623680366087147,OnTrack,3341.6882174746806,3004.3317769994724,558.7350098651392
2026-08-21 14:41:29.506,0 days 00:25:07.121000,12,55.27194656000011,0 days 00:00:21.120000,10633.05495936,272.92999936,7,100.0,False,0,pos,1121.2000592010768,0.264031131557981,OnTrack,3411.0,2993.0,555.0
2026-08-21 14:41:29.613,0 days 00:25:07.228000,12,51.73500000000013,0 days 00:00:21.227000,10701.0,274.0,7,100.0,False,0,car,1129.3600000000004,0.26595271404890697,OnTrack,3491.5186974616972,2978.3477023776672,550.1480182654054
2026-08-21 14:41:29.706,0 days 00:25:07.321000,12,48.273335715555625,0 days 00:00:21.320000,10777.25994752,275.39499904,7,100.0,False,0,pos,1136.4847055713637,0.26763050924574716,OnTrack,3562.0,2965.0,546.0
2026-08-21 14:41:29.813,0 days 00:25:07.428000,12,44.29055555555556,0 days 00:00:21.427000,10865.0,277.0,7,100.0,False,0,car,1144.7488888888893,0.2695766397822401,OnTrack,3643.4871475376513,2949.7147952805253,541.8577285794555
2026-08-21 14:41:29.866,0 days 00:25:07.481000,12,42.1558359111111,0 days 00:00:21.480000,10891.941634133333,278.3249984,7,100.0,False,0,pos,1148.8821803840926,0.2705499875996806,OnTrack,3684.0,2942.0,540.0
2026-08-21 14:41:30.053,0 days 00:25:07.668000,12,34.623888888888814,0 days 00:00:21.667000,10987.0,283.0,7,100.0,False,0,car,1163.615555555556,0.27401954656577776,OnTrack,3827.6158807245483,2913.841791459427,534.0834354567646
2026-08-21 14:41:30.086,0 days 00:25:07.701000,12,33.212214008888836,0 days 00:00:21.700000,11011.42014208,283.33000192,7,100.0,False,0,pos,1166.2222011370493,0.2746333849051573,OnTrack,3853.0,2909.0,533.0
2026-08-21 14:41:30.206,0 days 00:25:07.821000,12,28.078880675555578,0 days 00:00:21.820000,11100.22014208,284.53000192,7,100.0,False,0,pos,1175.7148708997015,0.2768688114183571,OnTrack,3949.0,2892.0,529.0
2026-08-21 14:41:30.253,0 days 00:25:07.868000,12,26.068333333333385,0 days 00:00:21.867000,11135.0,285.0,7,100.0,False,0,car,1179.4488888888893,0.2777481344141529,OnTrack,3993.192230978992,2885.4956306359404,527.7124571133587
2026-08-21 14:41:30.546,0 days 00:25:08.161000,12,12.883336213333301,0 days 00:00:22.160000,11237.5499776,288.05208266666665,7,100.0,False,0,pos,1202.9719611909904,0.2832875770378623,OnTrack,4301.0,2853.0,524.0
2026-08-21 14:41:30.733,0 days 00:25:08.348000,12,4.4683333333332484,0 days 00:00:22.347000,11303.0,290.0,7,100.0,False,0,car,1218.115555555556,0.2868537384228166,OnTrack,4403.519589544559,2851.324163304338,524.7083115409619
2026-08-21 14:41:30.806,0 days 00:25:08.421000,12,63.197955602908976,0 days 00:00:22.420000,11311.129566836364,290.4977285818182,7,100.0,False,0,pos,1224.0409637503965,0.2882491113696763,OnTrack,4445.0,2854.0,525.0
2026-08-21 14:41:31.066,0 days 00:25:08.681000,12,272.3711966172119,0 days 00:00:22.680000,11340.084083781818,292.2704541090909,7,100.0,False,0,pos,1245.2023173279201,0.2932323934204759,OnTrack,4653.0,2878.0,525.0
2026-08-21 14:41:31.173,0 days 00:25:08.788000,63,358.4541666666664,0 days 00:00:22.787000,11352.0,293.0,7,100.0,False,0,car,1253.926666666667,0.2952868883423347,OnTrack,4745.626211940438,2897.7386955271204,525.207328916751
2026-08-21 14:41:31.367,0 days 00:25:08.982000,63,355.8674982933331,0 days 00:00:22.981000,11410.892896,293.6928576,7,100.0,False,0,pos,1269.7628883673563,0.299016156371642,OnTrack,4920.0,2953.0,526.0
2026-08-21 14:41:31.453,0 days 00:25:09.068000,63,354.7208333333331,0 days 00:00:23.067000,11437.0,294.0,7,100.0,False,0,car,1276.7933333333337,0.3006717541612513,OnTrack,5002.71895887528,2987.6291433822885,526.4150931524157
2026-08-21 14:41:31.727,0 days 00:25:09.342000,63,350.5347202666661,0 days 00:00:23.341000,11493.757169371429,294.9785718857143,7,100.0,False,0,pos,1299.2450761442074,0.3059589096614283,OnTrack,5248.0,3111.0,528.0
2026-08-21 14:41:31.733,0 days 00:25:09.348000,63,350.443055555555,0 days 00:00:23.347000,11495.0,295.0,7,100.0,False,0,car,1299.7377777777783,0.3060749358503003,OnTrack,5251.872841668489,3113.087501231709,528.0399871685074
2026-08-21 14:41:31.893,0 days 00:25:09.508000,63,347.9097222222217,0 days 00:00:23.507000,11492.0,296.0,7,100.0,False,0,car,1312.8933333333339,0.30917293445554683,OnTrack,5327.580123632358,3156.3119244402646,529.1925016867922
2026-08-21 14:41:32.067,0 days 00:25:09.682000,63,344.86471998222186,0 days 00:00:23.681000,11496.3500032,296.72500053333334,7,100.0,False,0,pos,1327.2315786986337,0.3125494443988781,OnTrack,5405.0,3205.0,532.0
2026-08-21 14:41:32.133,0 days 00:25:09.748000,63,343.7097222222219,0 days 00:00:23.747000,11498.0,297.0,7,100.0,False,0,car,1332.6933333333338,0.31383563168067286,OnTrack,5448.284805554647,3231.8856133017853,533.8644879984159
2026-08-21 14:41:32.247,0 days 00:25:09.862000,63,341.588053173333,0 days 00:00:23.861000,11522.383360711112,297.9500010666667,7,100.0,False,0,pos,1342.1683283461884,0.3160668959713052,OnTrack,5533.0,3284.0,538.0
2026-08-21 14:41:32.467,0 days 00:25:10.082000,63,337.49360872888855,0 days 00:00:24.081000,11569.438916266667,299.7833344,7,100.0,False,0,pos,1360.528516293113,0.3203905322032708,OnTrack,5691.0,3377.0,548.0
2026-08-21 14:41:32.493,0 days 00:25:10.108000,63,337.00972222222185,0 days 00:00:24.107000,11575.0,300.0,7,100.0,False,0,car,1362.6933333333338,0.32090032444601535,OnTrack,5709.818028783301,3387.31551154496,549.1592798176888
2026-08-21 14:41:32.693,0 days 00:25:10.308000,63,333.39861111111077,0 days 00:00:24.307000,11611.0,299.0,7,100.0,False,0,car,1379.304444444445,0.32481207099571424,OnTrack,5857.470465624054,3461.284634429026,557.4541118233215
2026-08-21 14:41:32.707,0 days 00:25:10.322000,63,333.15749779555523,0 days 00:00:24.321000,11615.500041142857,298.94999954285714,7,100.0,False,0,pos,1380.4653088620769,0.32508544267747386,OnTrack,5868.0,3466.0,558.0
2026-08-21 14:41:32.867,0 days 00:25:10.482000,63,330.4019422399996,0 days 00:00:24.481000,11666.928612571428,298.3785709714286,7,100.0,False,0,pos,1393.7175876103024,0.3282062186040369,OnTrack,5990.0,3515.0,564.0
2026-08-21 14:41:32.973,0 days 00:25:10.588000,63,328.57638888888846,0 days 00:00:24.587000,11701.0,298.0,7,100.0,False,0,car,1402.4822222222228,0.3302702002951604,OnTrack,6072.190997821196,3541.925516589971,567.9136612190599
2026-08-21 14:41:33.027,0 days 00:25:10.642000,63,327.70638682666623,0 days 00:00:24.641000,11673.45993472,297.86499968,7,100.0,False,0,pos,1406.9426122809286,0.3313205764744387,OnTrack,6115.0,3554.0,570.0
2026-08-21 14:41:33.373,0 days 00:25:10.988000,63,322.1319444444439,0 days 00:00:24.987000,11497.0,297.0,7,100.0,False,0,car,1435.4822222222228,0.33804136233703713,OnTrack,6418.1140513207265,3606.859096678821,584.7449158285464
2026-08-21 14:41:33.407,0 days 00:25:11.022000,63,321.62194252444385,0 days 00:00:25.021000,11508.0500416,297.0,7,100.0,False,0,pos,1438.2890637179983,0.33870234476399275,OnTrack,6453.0,3610.0,586.0
2026-08-21 14:41:33.533,0 days 00:25:11.148000,63,319.7319444444438,0 days 00:00:25.147000,11549.0,297.0,7,100.0,False,0,car,1448.682222222223,0.34114982715378783,OnTrack,6590.784828481424,3618.6586007655096,590.0922727815952
2026-08-21 14:41:33.606,0 days 00:25:11.221000,63,318.71805288888817,0 days 00:00:25.220000,11512.499904,296.26999808,7,100.0,False,0,pos,1454.6769672122266,0.3425615282058196,OnTrack,6661.0,3622.0,592.0
2026-08-21 14:41:33.733,0 days 00:25:11.348000,63,316.95416666666574,0 days 00:00:25.347000,11449.0,295.0,7,100.0,False,0,car,1465.071111111112,0.3450092426459658,OnTrack,6747.294748773399,3625.4568840678417,594.435827889139
2026-08-21 14:41:33.966,0 days 00:25:11.581000,63,313.9122197155547,0 days 00:00:25.580000,11371.333269333334,294.0291658666667,7,100.0,False,0,pos,1484.1007351666553,0.349490524225712,OnTrack,6875.0,3627.0,597.0
2026-08-21 14:41:33.973,0 days 00:25:11.588000,63,313.82083333333253,0 days 00:00:25.587000,11369.0,294.0,7,100.0,False,0,car,1484.671111111112,0.34962484191932286,OnTrack,6880.78889779489,3627.037370837323,597.0684402192057
2026-08-21 14:41:34.173,0 days 00:25:11.788000,63,311.48749999999905,0 days 00:00:25.787000,11303.0,293.0,7,100.0,False,0,car,1500.9488888888898,0.3534580918827402,OnTrack,7086.108880006365,3627.955670510654,598.7687501466775
2026-08-21 14:41:34.226,0 days 00:25:11.841000,63,310.91333402666567,0 days 00:00:25.840000,11294.52001024,292.73500032,7,100.0,False,0,pos,1505.2707626711588,0.3544758488974842,OnTrack,7136.0,3628.0,599.0
2026-08-21 14:41:34.373,0 days 00:25:11.988000,63,309.3208333333323,0 days 00:00:25.987000,11271.0,292.0,7,100.0,False,0,car,1517.171111111112,0.35727825908177724,OnTrack,7243.9643899499315,3627.509583289289,598.999855384693
2026-08-21 14:41:34.566,0 days 00:25:12.181000,63,308.677499359999,0 days 00:00:26.180000,11577.789888533332,283.95832533333333,7,66.62705013333333,False,0,pos,1532.1328803116871,0.36080160250271154,OnTrack,7381.0,3624.0,597.0
2026-08-21 14:41:34.806,0 days 00:25:12.421000,63,307.87749935999904,0 days 00:00:26.420000,11959.289888533332,273.95832533333333,7,25.12705013333333,False,0,pos,1549.9703942991184,0.3650021543700016,OnTrack,7642.0,3612.0,591.0
2026-08-21 14:41:34.853,0 days 00:25:12.468000,63,307.7208333333324,0 days 00:00:26.467000,12034.0,272.0,7,17.0,True,0,car,1553.4377777777786,0.3658186876692135,OnTrack,7688.1861996434,3608.5811692758934,589.845925964807
2026-08-21 14:41:35.173,0 days 00:25:12.788000,63,307.5430555555545,0 days 00:00:26.787000,11402.0,262.0,6,20.0,True,0,car,1576.7266666666676,0.3713029824974201,OnTrack,7931.352998866891,3573.0937143404703,582.373994607042
2026-08-21 14:41:35.186,0 days 00:25:12.801000,63,307.5827775822211,0 days 00:00:26.800000,11378.9251136,261.4428598857143,6,20.185713371428573,True,0,pos,1577.6492630434452,0.37152024449569854,OnTrack,7940.0,3571.0,582.0
2026-08-21 14:41:35.453,0 days 00:25:13.068000,63,308.3986111111101,0 days 00:00:27.067000,10905.0,250.0,6,24.0,True,0,car,1596.1711111111122,0.3758819500305125,OnTrack,8104.182192175822,3516.2410484342013,572.7534383315561
2026-08-21 14:41:35.606,0 days 00:25:13.221000,63,308.90861175111,0 days 00:00:27.220000,10808.0998784,246.59999573333334,6,35.90001493333333,True,0,pos,1606.552269591443,0.3783266065375748,OnTrack,8179.0,3483.0,568.0
2026-08-21 14:41:35.813,0 days 00:25:13.428000,63,309.5986111111099,0 days 00:00:27.427000,10677.0,242.0,6,52.0,False,0,car,1620.3711111111122,0.3815808021945555,OnTrack,8254.28802428115,3440.8007428754563,563.4972523981761
2026-08-21 14:41:35.906,0 days 00:25:13.521000,63,309.4436112177765,0 days 00:00:27.520000,10633.9875296,240.37250112,6,52.23249984,False,0,pos,1626.4975607479082,0.383023518342099,OnTrack,8292.0,3414.0,561.0
2026-08-21 14:41:36.126,0 days 00:25:13.741000,63,309.076944124443,0 days 00:00:27.740000,10532.2374112,236.52249663999999,6,52.78250048,False,0,pos,1640.8267684126233,0.38639789999949914,OnTrack,8403.0,3322.0,553.0
2026-08-21 14:41:36.213,0 days 00:25:13.828000,63,308.93194444444293,0 days 00:00:27.827000,10492.0,235.0,6,53.0,False,0,car,1646.4822222222235,0.38772970145327956,OnTrack,8443.567358833274,3280.3929148472503,550.2760533892789
2026-08-21 14:41:36.326,0 days 00:25:13.941000,63,308.49249925333197,0 days 00:00:27.940000,10472.2249664,234.2937488,6,51.5874976,False,0,pos,1653.8292853825699,0.38945985958512663,OnTrack,8491.0,3225.0,547.0
2026-08-21 14:41:36.373,0 days 00:25:13.988000,63,308.3097222222209,0 days 00:00:27.987000,10464.0,234.0,6,51.0,False,0,car,1656.8822222222234,0.3901787949452649,OnTrack,8509.112903100424,3202.2081874039995,545.557981450609
2026-08-21 14:41:36.533,0 days 00:25:14.148000,63,307.50972222222117,0 days 00:00:28.147000,10390.0,233.0,6,53.0,False,0,car,1667.237777777779,0.39261742222574614,OnTrack,8566.297888213187,3115.9420441474094,540.4159250833995
2026-08-21 14:41:36.546,0 days 00:25:14.161000,63,307.4266670755545,0 days 00:00:28.160000,10386.546892,232.8375008,6,53.4468728,False,0,pos,1668.073413107638,0.39281420578805676,OnTrack,8571.0,3107.0,540.0
2026-08-21 14:41:36.853,0 days 00:25:14.468000,63,305.4652777777767,0 days 00:00:28.467000,10305.0,229.0,6,64.0,False,0,car,1687.5933333333346,0.39741094709467484,OnTrack,8676.043513428094,2844.507077906337,531.2461033422541
2026-08-21 14:41:36.866,0 days 00:25:14.481000,63,305.37138935111,0 days 00:00:28.480000,10303.18000896,229.0,6,64.71499648,False,0,pos,1688.4187233867146,0.3976053179992982,OnTrack,8679.0,2836.0,531.0
2026-08-21 14:41:37.053,0 days 00:25:14.668000,63,304.0208333333319,0 days 00:00:28.667000,10277.0,229.0,6,75.0,False,0,car,1700.315555555557,0.4004069001377553,OnTrack,8702.536657893937,2758.641923163512,528.9377479527858
2026-08-21 14:41:37.286,0 days 00:25:14.901000,63,302.0791650666652,0 days 00:00:28.900000,10403.208437333333,230.29444551111112,6,80.8250048,False,0,pos,1715.2303268609548,0.403919176035688,OnTrack,8702.0,2657.0,529.0
2026-08-21 14:41:37.413,0 days 00:25:15.028000,63,301.0208333333319,0 days 00:00:29.027000,10472.0,231.0,6,84.0,False,0,car,1723.415555555557,0.40584671356706903,OnTrack,8698.906168621526,2534.4907447997252,529.5824766322861
2026-08-21 14:41:37.466,0 days 00:25:15.081000,63,300.5644449955542,0 days 00:00:29.080000,10502.4749632,231.56785645714285,6,87.02856777142857,False,0,pos,1726.8445912872749,0.4066542163646013,OnTrack,8697.0,2489.0,530.0
2026-08-21 14:41:37.693,0 days 00:25:15.308000,63,298.6097222222211,0 days 00:00:29.307000,10633.0,234.0,6,100.0,False,0,car,1741.6155555555567,0.41013262717804344,OnTrack,8683.986369740649,2392.470021294181,533.0041215151298
2026-08-21 14:41:37.766,0 days 00:25:15.381000,63,297.981109833769,0 days 00:00:29.380000,10659.607530702038,234.68224437697532,6,100.0,False,0,pos,1746.3926082781065,0.41125757417166536,OnTrack,8677.0,2363.0,534.0
2026-08-21 14:41:37.967,0 days 00:25:15.582000,63,296.2502780868104,0 days 00:00:29.581000,10732.869145797895,236.56074732815114,6,100.0,False,0,pos,1759.627601274481,0.41437427948069355,OnTrack,8642.0,2238.0,537.0
2026-08-21 14:41:38.014,0 days 00:25:15.629000,63,295.84555555555403,0 days 00:00:29.628000,10750.0,237.0,6,100.0,False,0,car,1762.748055555557,0.41510911450683013,OnTrack,8625.456642865503,2198.606820267276,538.2832706349523
2026-08-21 14:41:38.253,0 days 00:25:15.868000,63,293.6547222222209,0 days 00:00:29.867000,10857.0,241.0,6,100.0,False,0,car,1778.7477777777792,0.41887688523452427,OnTrack,8512.859944610042,1981.7994402802783,546.6823278419707
2026-08-21 14:41:38.267,0 days 00:25:15.882000,63,293.5263877155543,0 days 00:00:29.881000,10870.12512,241.0875008,6,100.0,False,0,pos,1779.6875596535335,0.4190981942418123,OnTrack,8508.0,1973.0,547.0
2026-08-21 14:41:38.413,0 days 00:25:16.028000,63,292.18805555555423,0 days 00:00:30.027000,11007.0,242.0,6,100.0,False,0,car,1789.5033333333347,0.4214097084185433,OnTrack,8475.473081257825,1916.8934101863874,548.5962010088449
2026-08-21 14:41:38.573,0 days 00:25:16.188000,63,290.721388888888,0 days 00:00:30.187000,11078.0,244.0,6,100.0,False,0,car,1800.3477777777791,0.42396346402557084,OnTrack,8447.08501999292,1874.33769298905,548.9068125438888
2026-08-21 14:41:38.587,0 days 00:25:16.202000,63,290.58527653333243,0 days 00:00:30.201000,11080.9750272,244.1750016,6,100.0,False,0,pos,1801.302607680475,0.42418831668909446,OnTrack,8443.0,1868.0,549.0
2026-08-21 14:41:38.893,0 days 00:25:16.508000,63,287.6102777777769,0 days 00:00:30.507000,11146.0,248.0,6,100.0,False,0,car,1822.3922222222236,0.4291547049316596,OnTrack,8308.931034182398,1656.3367821453462,552.8421000746973
2026-08-21 14:41:38.907,0 days 00:25:16.522000,63,287.4702764977769,0 days 00:00:30.521000,11154.691746133334,248.1750016,6,100.0,False,0,pos,1823.3639215229093,0.4293835301656476,OnTrack,8303.0,1647.0,553.0
2026-08-21 14:41:39.133,0 days 00:25:16.748000,63,285.2102777777768,0 days 00:00:30.747000,11295.0,251.0,6,100.0,False,0,car,1839.1255555555567,0.433095233562995,OnTrack,8223.39734622777,1522.9283645405521,554.7218091602622
2026-08-21 14:41:39.367,0 days 00:25:16.982000,63,282.8052764622211,0 days 00:00:30.981000,11363.528608914286,253.50714422857143,6,100.0,False,0,pos,1855.6273790760665,0.4369812440043384,OnTrack,8140.0,1386.0,554.0
2026-08-21 14:41:39.413,0 days 00:25:17.028000,63,282.33249999999884,0 days 00:00:31.027000,11377.0,254.0,6,100.0,False,0,car,1858.8811111111124,0.43774746457661684,OnTrack,8119.403822653407,1350.4769384213353,553.4515938740492
2026-08-21 14:41:39.653,0 days 00:25:17.268000,63,279.33249999999884,0 days 00:00:31.267000,11359.0,255.0,6,100.0,False,0,car,1875.8811111111124,0.44175079047697763,OnTrack,8005.6014198072035,1148.2349218291781,549.4051834003744
2026-08-21 14:41:39.687,0 days 00:25:17.302000,63,278.8980539199989,0 days 00:00:31.301000,11371.92004864,255.17000064,6,100.0,False,0,pos,1878.2946149089441,0.44231914590429994,OnTrack,7994.0,1127.0,549.0
2026-08-21 14:41:39.853,0 days 00:25:17.468000,63,276.77694444444364,0 days 00:00:31.467000,11435.0,256.0,6,100.0,False,0,car,1890.1033333333346,0.44509997815832514,OnTrack,7960.071153111794,1061.665311846868,548.0240540219366
2026-08-21 14:41:40.007,0 days 00:25:17.622000,63,272.92694124444347,0 days 00:00:31.621000,11428.583328,256.0,6,100.0,False,0,pos,1901.1000530949395,0.4476895930430687,OnTrack,7938.0,1013.0,547.0
2026-08-21 14:41:40.093,0 days 00:25:17.708000,63,270.7769444444434,0 days 00:00:31.707000,11425.0,256.0,6,100.0,False,0,car,1907.1700000000014,0.44911900337594224,OnTrack,7920.12283221554,973.2713509888398,545.7512473168707
2026-08-21 14:41:40.366,0 days 00:25:17.981000,63,263.34527255111044,0 days 00:00:31.980000,10960.279218618181,247.31363025454544,6,39.815866763636365,False,0,pos,1925.818982862816,0.45351064785300627,OnTrack,7834.0,780.0,540.0
2026-08-21 14:41:40.533,0 days 00:25:18.148000,63,258.7991666666662,0 days 00:00:32.147000,10676.0,242.0,6,3.0,True,0,car,1936.747777777779,0.4560842671319947,OnTrack,7762.357178705127,617.7902766659231,537.1701327746736
2026-08-21 14:41:40.546,0 days 00:25:18.161000,63,258.4705571733329,0 days 00:00:32.160000,10692.24992,241.3500032,6,3.0,True,0,pos,1937.58292973617,0.45628093686527493,OnTrack,7758.0,608.0,537.0
2026-08-21 14:41:40.826,0 days 00:25:18.441000,63,251.39277939555538,0 days 00:00:32.440000,11042.24992,227.3500032,6,3.0,True,0,pos,1955.065660529431,0.4603979409237276,OnTrack,7709.0,504.0,535.0
2026-08-21 14:41:40.893,0 days 00:25:18.508000,63,249.69916666666654,0 days 00:00:32.507000,11126.0,224.0,5,3.0,True,0,car,1959.1477777777789,0.46135923773011706,OnTrack,7693.622088913758,473.0584950321341,534.7310923997911
2026-08-21 14:41:41.026,0 days 00:25:18.641000,63,246.37416826666617,0 days 00:00:32.640000,10912.3688528,218.1812528,5,4.6624992,True,0,pos,1967.1689553934848,0.4632481429124905,OnTrack,7650.0,396.0,534.0
2026-08-21 14:41:41.053,0 days 00:25:18.668000,63,245.6991666666661,0 days 00:00:32.667000,10869.0,217.0,5,5.0,True,0,car,1968.7922222222235,0.4636304056265309,OnTrack,7638.481680017458,379.37264829987777,533.7381015668558
2026-08-21 14:41:41.293,0 days 00:25:18.908000,63,239.56583333333333,0 days 00:00:32.907000,10529.0,215.0,5,8.0,True,0,car,1983.1255555555565,0.4670057588366389,OnTrack,7507.877172737826,229.19781696831754,530.0332689202093
2026-08-21 14:41:41.366,0 days 00:25:18.981000,63,237.76110636444443,0 days 00:00:32.980000,10447.7872864,212.56666026666667,5,8.304167466666666,True,0,pos,1987.3752620436885,0.46800652119269004,OnTrack,7475.0,197.0,529.0
2026-08-21 14:41:41.533,0 days 00:25:19.148000,63,233.63249999999994,0 days 00:00:33.147000,10262.0,207.0,5,9.0,True,0,car,1996.9255555555567,0.47025551750869654,OnTrack,7425.700670912324,158.7651488754079,527.2809249548598
2026-08-21 14:41:41.726,0 days 00:25:19.341000,63,229.39721800888876,0 days 00:00:33.340000,10272.293343573334,206.03499904,5,19.454177066666666,True,0,pos,2007.8550969725254,0.47282931258126226,OnTrack,7384.0,146.0,526.0
2026-08-21 14:41:42.733,0 days 00:25:20.348000,63,207.29916666666622,0 days 00:00:34.347000,10326.0,201.0,5,74.0,False,0,car,2063.925555555557,0.48603333135129484,OnTrack,6859.099460755442,67.36753685062033,523.0750120431203
2026-08-21 14:41:42.886,0 days 00:25:20.501000,63,204.02666255999972,0 days 00:00:34.500000,10381.189354971428,202.09285851428572,5,81.6500096,False,0,pos,2072.502676520209,0.4880531554988431,OnTrack,6743.0,74.0,523.0
2026-08-21 14:41:43.013,0 days 00:25:20.628000,63,201.31027777777763,0 days 00:00:34.627000,10427.0,203.0,5,88.0,False,0,car,2079.7144444444457,0.4897514529881658,OnTrack,6640.730305504423,85.24217316882915,522.9922702180684
2026-08-21 14:41:43.086,0 days 00:25:20.701000,63,199.74888478222215,0 days 00:00:34.700000,10498.435902171428,204.8250048,5,91.12857965714285,False,0,pos,2083.922152117199,0.4907423250533116,OnTrack,6585.0,93.0,523.0
2026-08-21 14:41:43.293,0 days 00:25:20.908000,63,195.32138888888903,0 days 00:00:34.907000,10701.0,210.0,5,100.0,False,0,car,2096.0477777777787,0.4935977857159633,OnTrack,6453.653032234944,117.2968662172257,523.0421587560555
2026-08-21 14:41:43.453,0 days 00:25:21.068000,63,192.0324999999998,0 days 00:00:35.067000,10837.0,213.0,5,100.0,False,0,car,2105.5144444444454,0.4958270887663603,OnTrack,6372.97345816733,136.4915861969685,523.0083348330362
2026-08-21 14:41:43.466,0 days 00:25:21.081000,63,191.78694565333313,0 days 00:00:35.080000,10843.680522666667,213.07222186666667,5,100.0,False,0,pos,2106.285374611109,0.4960086349253941,OnTrack,6367.0,138.0,523.0
2026-08-21 14:41:43.786,0 days 00:25:21.401000,63,185.7425012088885,0 days 00:00:35.400000,11008.12496711111,214.84999964444444,5,100.0,False,0,pos,2125.38040591105,0.5005053192413501,OnTrack,6230.0,179.0,523.0
2026-08-21 14:41:43.813,0 days 00:25:21.428000,63,185.23249999999962,0 days 00:00:35.427000,11022.0,215.0,5,100.0,False,0,car,2127.0144444444454,0.5008901185815224,OnTrack,6215.929425720296,184.0184690869094,523.109042842387
2026-08-21 14:41:43.986,0 days 00:25:21.601000,63,182.30111219555513,0 days 00:00:35.600000,10708.746544457143,216.23571382857142,5,39.4500224,False,0,pos,2137.572355889683,0.5033763986016657,OnTrack,6117.0,222.0,524.0
2026-08-21 14:41:44.093,0 days 00:25:21.708000,63,180.4880555555551,0 days 00:00:35.707000,10515.0,217.0,5,2.0,True,0,car,2143.892222222223,0.5048646624002466,OnTrack,6058.94346515206,247.1310305856556,524.076188210275
2026-08-21 14:41:44.186,0 days 00:25:21.801000,63,179.58388951111084,0 days 00:00:35.800000,10109.2877792,207.7000064,5,0.8375008,True,0,pos,2149.1291312308144,0.5060979008397717,OnTrack,6011.0,270.0,524.0
2026-08-21 14:41:44.253,0 days 00:25:21.868000,63,178.9324999999999,0 days 00:00:35.867000,9817.0,201.0,5,0.0,True,0,car,2152.825555555556,0.506968370912593,OnTrack,5977.582658661571,287.26749985152156,523.9773500870272
2026-08-21 14:41:44.413,0 days 00:25:22.028000,63,177.86583333333283,0 days 00:00:36.027000,9537.0,194.0,5,0.0,True,0,car,2161.4477777777784,0.5089988159444099,OnTrack,5902.998450503692,330.2417936500035,523.9976192458755
2026-08-21 14:41:44.427,0 days 00:25:22.042000,63,177.8852779369811,0 days 00:00:36.041000,9504.750979740358,192.32834452217836,5,0.0,True,0,pos,2162.1588413793397,0.5091662641404648,OnTrack,5897.0,334.0,524.0
2026-08-21 14:41:44.614,0 days 00:25:22.229000,63,178.14499999999953,0 days 00:00:36.228000,9074.0,170.0,5,0.0,True,0,car,2170.939444444445,0.511234006238778,OnTrack,5825.62017503925,383.56186277428037,524.0265677793209
2026-08-21 14:41:44.727,0 days 00:25:22.342000,63,179.33777782013206,0 days 00:00:36.341000,9288.66458442508,163.62382422499766,5,0.0,True,0,pos,2175.8582125820676,0.5123923257613201,OnTrack,5792.0,409.0,524.0
2026-08-21 14:41:44.933,0 days 00:25:22.548000,63,181.51222222222214,0 days 00:00:36.547000,9680.0,152.0,5,0.0,True,0,car,2184.4083333333338,0.5144057916351291,OnTrack,5749.345478847895,443.02970396582987,523.8618674759649
2026-08-21 14:41:45.027,0 days 00:25:22.642000,63,182.79166840888857,0 days 00:00:36.641000,9711.02004224,149.17999616,5,0.0,True,0,pos,2188.272791548331,0.5153158319682445,OnTrack,5727.0,463.0,524.0
2026-08-21 14:41:45.133,0 days 00:25:22.748000,63,184.23444444444385,0 days 00:00:36.747000,9746.0,146.0,3,0.0,True,0,car,2192.519444444445,0.5163158752346477,OnTrack,5694.5734124592245,493.3911305117712,524.4185135387144
2026-08-21 14:41:45.307,0 days 00:25:22.922000,63,187.3761134222214,0 days 00:00:36.921000,10579.957756342857,137.2999936,3,0.0,True,0,pos,2199.0120798767293,0.5178448243868631,OnTrack,5635.0,555.0,525.0
2026-08-21 14:41:45.413,0 days 00:25:23.028000,63,189.28999999999905,0 days 00:00:37.027000,11088.0,132.0,3,0.0,True,0,car,2202.786111111112,0.5187335700921205,OnTrack,5603.766967839534,594.1374475774479,524.6734390593763
2026-08-21 14:41:45.647,0 days 00:25:23.262000,63,192.73500188444334,0 days 00:00:37.261000,10616.749742222222,126.1499968,3,0.0,True,0,pos,2210.845404369191,0.5206314511179246,OnTrack,5551.0,675.0,523.0
2026-08-21 14:41:45.773,0 days 00:25:23.388000,63,194.58999999999878,0 days 00:00:37.387000,10363.0,123.0,2,0.0,True,0,car,2215.086111111112,0.521630094125911,OnTrack,5533.31939577211,706.868709570015,522.4242290472446
2026-08-21 14:41:46.147,0 days 00:25:23.762000,63,198.74555697777689,0 days 00:00:37.761000,9949.72985856,118.3249984,2,0.0,True,0,pos,2227.369948684881,0.5245228120738459,OnTrack,5513.0,784.0,522.0
2026-08-21 14:41:46.173,0 days 00:25:23.788000,63,199.03444444444358,0 days 00:00:37.787000,9921.0,118.0,2,0.0,False,0,car,2228.197222222223,0.5247176265196531,OnTrack,5512.195933279626,791.5348528398148,522.0089598938741
2026-08-21 14:41:46.287,0 days 00:25:23.902000,63,200.04777891555472,0 days 00:00:37.901000,9804.1498688,116.00499776,2,3.13500352,False,0,pos,2231.776540215413,0.5255605192506982,OnTrack,5510.0,827.0,522.0
2026-08-21 14:41:46.573,0 days 00:25:24.188000,63,202.58999999999924,0 days 00:00:38.187000,9511.0,111.0,2,11.0,False,0,car,2240.5305555555565,0.5276220002120718,OnTrack,5527.049677470112,911.4197965030627,520.9805336432539
2026-08-21 14:41:46.587,0 days 00:25:24.202000,63,202.69111203555477,0 days 00:00:38.201000,9522.5501056,110.94166613333333,2,12.691682133333334,False,0,pos,2240.957797948791,0.5277226114202229,OnTrack,5529.0,916.0,521.0
2026-08-21 14:41:46.787,0 days 00:25:24.402000,63,204.13555647999905,0 days 00:00:38.401000,9687.5501056,110.1083328,2,36.858348799999995,False,0,pos,2247.06640274301,0.5291611252900914,OnTrack,5565.0,983.0,522.0
2026-08-21 14:41:46.813,0 days 00:25:24.428000,63,204.32333333333236,0 days 00:00:38.427000,9709.0,110.0,2,40.0,False,0,car,2247.86388888889,0.5293489251102667,OnTrack,5569.374465889229,989.9562363474464,522.0711545534352
2026-08-21 14:41:47.006,0 days 00:25:24.621000,63,205.395556622221,0 days 00:00:38.620000,9829.62512,110.96500096,2,41.93000192,False,0,pos,2253.813987813438,0.5307501124711109,OnTrack,5598.0,1029.0,522.0
2026-08-21 14:41:47.013,0 days 00:25:24.628000,63,205.43444444444322,0 days 00:00:38.627000,9834.0,111.0,2,42.0,False,0,car,2254.030555555557,0.5308011119564761,OnTrack,5599.067460896986,1030.359863873103,521.995398553878
2026-08-21 14:41:47.253,0 days 00:25:24.868000,63,206.1677777777768,0 days 00:00:38.867000,9951.0,112.0,2,48.0,False,0,car,2261.4972222222236,0.5325594354891835,OnTrack,5641.914990349147,1081.3282949546117,521.9862732111739
2026-08-21 14:41:47.346,0 days 00:25:24.961000,63,206.24527772444353,0 days 00:00:38.960000,10087.842762971428,112.99642788571428,2,49.99285577142857,False,0,pos,2264.4290047509435,0.5332498402498569,OnTrack,5670.0,1108.0,522.0
2026-08-21 14:41:47.533,0 days 00:25:25.148000,63,206.40111111111037,0 days 00:00:39.147000,10363.0,115.0,2,54.0,False,0,car,2270.441666666668,0.534665760554406,OnTrack,5745.854270976365,1171.7935958894188,522.0008008204713
2026-08-21 14:41:47.566,0 days 00:25:25.181000,63,206.36444423111033,0 days 00:00:39.180000,10429.2753856,115.8250048,2,54.1375008,False,0,pos,2271.5282776192125,0.5349216463055787,OnTrack,5756.0,1180.0,522.0
2026-08-21 14:41:47.773,0 days 00:25:25.388000,63,206.1344444444435,0 days 00:00:39.387000,10845.0,121.0,2,55.0,False,0,car,2278.5083333333346,0.5365653779424203,OnTrack,5785.382538594651,1201.6190802650303,521.998563938241
2026-08-21 14:41:47.826,0 days 00:25:25.441000,63,205.94305578666572,0 days 00:00:39.440000,10858.51498368,122.05999872,2,55.52999936,False,0,pos,2280.33192617493,0.5369948153809186,OnTrack,5794.0,1207.0,522.0
2026-08-21 14:41:47.973,0 days 00:25:25.588000,63,205.41222222222132,0 days 00:00:39.587000,10896.0,125.0,2,57.0,False,0,car,2285.452777777779,0.5382007234899533,OnTrack,5832.764922250994,1231.2038994450231,522.0087875818999
2026-08-21 14:41:48.126,0 days 00:25:25.741000,63,204.68972131555452,0 days 00:00:39.740000,10966.125088,126.70000213333333,2,59.97500373333333,False,0,pos,2290.8529914277724,0.5394724185001003,OnTrack,5883.0,1261.0,522.0
2026-08-21 14:41:48.246,0 days 00:25:25.861000,63,204.12305464888777,0 days 00:00:39.860000,11021.125088,128.03333546666667,2,62.30833706666667,False,0,pos,2295.1592127274766,0.5404864895154997,OnTrack,5921.0,1281.0,522.0
2026-08-21 14:41:48.333,0 days 00:25:25.948000,63,203.71222222222104,0 days 00:00:39.947000,11061.0,129.0,2,64.0,False,0,car,2298.352777777779,0.5412385413790506,OnTrack,5953.085996814249,1296.1703833255524,522.1475406203962
2026-08-21 14:41:48.606,0 days 00:25:26.221000,63,201.74055416888802,0 days 00:00:40.220000,10087.949315657143,136.80000548571428,2,68.87500342857143,False,0,pos,2308.737018636919,0.5436839237547553,OnTrack,6066.0,1343.0,523.0
2026-08-21 14:41:48.613,0 days 00:25:26.228000,63,201.68999999999915,0 days 00:00:40.227000,10063.0,137.0,3,69.0,False,0,car,2309.008333333334,0.5437478155871851,OnTrack,6068.52702086431,1343.9455730914824,523.0104711749337
2026-08-21 14:41:48.813,0 days 00:25:26.428000,63,200.02333333333218,0 days 00:00:40.427000,10718.0,142.0,3,79.0,False,0,car,2316.8972222222233,0.5456055681291826,OnTrack,6130.814123912531,1365.0088173897739,523.0275051547281
2026-08-21 14:41:48.886,0 days 00:25:26.501000,63,199.25277575110988,0 days 00:00:40.500000,10835.16530816,145.28500864,3,79.0,False,0,pos,2319.900902309684,0.5463129040286255,OnTrack,6150.0,1371.0,523.0
2026-08-21 14:41:49.013,0 days 00:25:26.628000,63,197.91222222222086,0 days 00:00:40.627000,11039.0,151.0,3,79.0,False,0,car,2325.2861111111124,0.5475810655506025,OnTrack,6179.7453144460105,1380.1107407791274,522.9834431545864
2026-08-21 14:41:49.213,0 days 00:25:26.828000,63,195.80111111111046,0 days 00:00:40.827000,11510.0,158.0,3,87.0,False,0,car,2334.06388888889,0.5496481423226841,OnTrack,6234.910809768207,1394.790160416693,522.999650295447
2026-08-21 14:41:49.226,0 days 00:25:26.841000,63,195.6675006577771,0 days 00:00:40.840000,11534.43987968,158.25999872,3,87.84499584,False,0,pos,2334.6421910659337,0.5497843265628957,OnTrack,6240.0,1396.0,523.0
2026-08-21 14:41:49.326,0 days 00:25:26.941000,63,194.63972024888818,0 days 00:00:40.940000,11722.44036096,160.26000384,3,94.34501248,False,0,pos,2339.1153257705664,0.5508377039757696,OnTrack,6284.0,1406.0,523.0
2026-08-21 14:41:49.413,0 days 00:25:27.028000,63,193.7455555555548,0 days 00:00:41.027000,11886.0,162.0,3,100.0,False,0,car,2343.06388888889,0.5517675501522868,OnTrack,6322.41160690215,1413.9213996231426,523.0000832761392
2026-08-21 14:41:49.486,0 days 00:25:27.101000,63,192.97499797333268,0 days 00:00:41.100000,11528.2990592,164.19000576,3,100.0,False,0,pos,2346.428725102463,0.5525599346207734,OnTrack,6355.0,1420.0,523.0
2026-08-21 14:41:49.613,0 days 00:25:27.228000,63,191.63444444444394,0 days 00:00:41.227000,10906.0,168.0,3,100.0,False,0,car,2352.397222222223,0.5539654545681711,OnTrack,6414.863356078312,1429.8151530380014,522.9980284637933
2026-08-21 14:41:49.766,0 days 00:25:27.381000,63,189.8069421511104,0 days 00:00:41.380000,10719.33976576,173.35500672,3,100.0,False,0,pos,2359.7920651280283,0.555706864340754,OnTrack,6487.0,1440.0,523.0
2026-08-21 14:41:49.813,0 days 00:25:27.428000,63,189.2455555555548,0 days 00:00:41.427000,10662.0,175.0,4,100.0,False,0,car,2362.119444444445,0.5562549383347173,OnTrack,6507.791597672299,1442.6766583526814,523.0034721433627
2026-08-21 14:41:50.086,0 days 00:25:27.701000,63,186.43972024888816,0 days 00:00:41.700000,11111.475316114285,183.77500617142857,4,100.0,False,0,pos,2376.0714541365473,0.5595404937325101,OnTrack,6647.0,1462.0,523.0
2026-08-21 14:41:50.093,0 days 00:25:27.708000,63,186.36777777777706,0 days 00:00:41.707000,11123.0,184.0,4,100.0,False,0,car,2376.430555555556,0.5596250584390733,OnTrack,6652.276181751609,1462.910255443119,522.9972946419425
2026-08-21 14:41:50.246,0 days 00:25:27.861000,63,185.39027655111042,0 days 00:00:41.860000,10780.0245696,182.7249984,4,36.887420799999994,False,0,pos,2384.23973320883,0.5614640398014185,OnTrack,6778.0,1486.0,523.0
2026-08-21 14:41:50.333,0 days 00:25:27.948000,63,184.83444444444376,0 days 00:00:41.947000,10585.0,182.0,4,1.0,True,0,car,2388.5638888888893,0.5624823341797228,OnTrack,6827.541075807952,1495.5361146944317,523.2528817700088
2026-08-21 14:41:50.626,0 days 00:25:28.241000,63,185.3227776711104,0 days 00:00:42.240000,9670.2908248,169.1812528,4,0.08437520000000004,True,0,pos,2402.278021467543,0.565711871953435,OnTrack,6910.0,1516.0,525.0
2026-08-21 14:41:50.653,0 days 00:25:28.268000,63,185.36777777777706,0 days 00:00:42.267000,9586.0,168.0,4,0.0,True,0,car,2403.4972222222227,0.5659989812451378,OnTrack,6920.858408001175,1519.1019237217768,525.135717772653
2026-08-21 14:41:50.853,0 days 00:25:28.468000,63,186.7566666666662,0 days 00:00:42.467000,10037.0,159.0,4,0.0,True,0,car,2412.3305555555557,0.5680791407815997,OnTrack,7021.8685412816,1548.8562185378262,525.8849437613459
2026-08-21 14:41:50.926,0 days 00:25:28.541000,63,187.58805774222162,0 days 00:00:42.540000,10205.26544256,156.07999232,4,0.0,True,0,pos,2415.4472063275703,0.5688130801203047,OnTrack,7054.0,1559.0,526.0
2026-08-21 14:41:51.053,0 days 00:25:28.668000,63,189.03444444444358,0 days 00:00:42.667000,10498.0,151.0,4,0.0,True,0,car,2420.719444444445,0.5700546382030196,OnTrack,7095.856252884937,1573.6057179072254,525.9761548366137
2026-08-21 14:41:51.147,0 days 00:25:28.762000,63,190.67944556045705,0 days 00:00:42.761000,10962.648002062575,147.65480200098938,4,0.0,True,0,pos,2424.4934969948195,0.5709433889279748,OnTrack,7124.0,1585.0,526.0
2026-08-21 14:41:51.334,0 days 00:25:28.949000,63,193.9519444444436,0 days 00:00:42.948000,11887.0,141.0,3,0.0,True,0,car,2431.725277777778,0.5726463992405717,OnTrack,7189.87687926183,1615.197012153504,526.5921989652545
2026-08-21 14:41:51.487,0 days 00:25:29.102000,63,197.47944509202327,0 days 00:00:43.101000,11670.209991549587,137.1630086999927,3,0.0,True,0,pos,2437.44480668342,0.5739932897232669,OnTrack,7243.0,1643.0,527.0
2026-08-21 14:41:51.653,0 days 00:25:29.268000,63,201.30666666666593,0 days 00:00:43.267000,11435.0,133.0,2,0.0,True,0,car,2443.510555555556,0.5754217114623791,OnTrack,7293.391890320642,1676.1125626477074,526.983476481572
2026-08-21 14:41:51.667,0 days 00:25:29.282000,63,201.68389233777705,0 days 00:00:43.281000,11407.999753142858,132.79999817142857,2,0.0,True,0,pos,2444.01839013466,0.5755413013049453,OnTrack,7298.0,1680.0,527.0
2026-08-21 14:41:51.933,0 days 00:25:29.548000,63,208.85111111111064,0 days 00:00:43.547000,10895.0,129.0,2,0.0,True,0,car,2453.5438888888893,0.5777844587094547,OnTrack,7390.722852384964,1778.1858765597556,527.9655544512823
2026-08-21 14:41:51.947,0 days 00:25:29.562000,63,209.26722602666618,0 days 00:00:43.561000,10873.766472533332,128.8055537777778,2,0.0,True,0,pos,2454.0373892694897,0.5779006729950721,OnTrack,7394.0,1782.0,528.0
2026-08-21 14:41:52.247,0 days 00:25:29.862000,63,218.1838926933327,0 days 00:00:43.861000,10418.766472533332,124.63888711111112,2,0.0,True,0,pos,2464.3977116479077,0.5803404228135197,OnTrack,7423.0,1835.0,528.0
2026-08-21 14:41:52.293,0 days 00:25:29.908000,63,219.55111111111046,0 days 00:00:43.907000,10349.0,124.0,2,0.0,True,0,car,2465.9438888888894,0.5807045317191296,OnTrack,7428.160563578977,1851.982469335752,527.9781881093548
2026-08-21 14:41:52.487,0 days 00:25:30.102000,63,225.74833742222145,0 days 00:00:44.101000,10122.666517333333,119.1499968,2,0.0,True,0,pos,2472.330194972522,0.582208441398673,OnTrack,7454.0,1944.0,528.0
2026-08-21 14:41:52.533,0 days 00:25:30.148000,63,227.21777777777697,0 days 00:00:44.147000,10069.0,118.0,2,0.0,True,0,car,2473.810555555556,0.582557051155375,OnTrack,7458.035935041568,1961.2162413102772,528.0575301226478
2026-08-21 14:41:52.933,0 days 00:25:30.548000,63,243.3288888888883,0 days 00:00:44.547000,9575.0,112.0,2,0.0,False,0,car,2486.2550000000006,0.5854875903765542,OnTrack,7455.847238191042,2054.324519355036,528.9867907759966
2026-08-21 14:41:52.947,0 days 00:25:30.562000,63,243.89667185777714,0 days 00:00:44.561000,9577.5375232,111.9124992,2,1.2250112,False,0,pos,2486.6872691049743,0.5855893853238404,OnTrack,7455.0,2059.0,529.0
2026-08-21 14:41:53.093,0 days 00:25:30.708000,63,249.81777777777688,0 days 00:00:44.707000,9604.0,111.0,2,14.0,False,0,car,2491.188333333334,0.5866493398535216,OnTrack,7443.916440016598,2117.1922376727857,529.0168510871094
2026-08-21 14:41:53.167,0 days 00:25:30.782000,63,252.98333880888796,0 days 00:00:44.781000,9671.128687542858,110.73571382857143,2,22.98572982857143,False,0,pos,2493.445502016339,0.5871808799623545,OnTrack,7438.0,2144.0,529.0
2026-08-21 14:41:53.373,0 days 00:25:30.988000,63,261.79555555555453,0 days 00:00:44.987000,9858.0,110.0,2,48.0,False,0,car,2499.7438888888896,0.5886640855680823,OnTrack,7422.548780228231,2190.8255347032177,528.9971518405472
2026-08-21 14:41:53.446,0 days 00:25:31.061000,63,264.9386193777768,0 days 00:00:45.060000,9940.125216,111.56428982857143,2,48.782144914285716,False,0,pos,2502.0518574579532,0.5892075885298323,OnTrack,7415.0,2207.0,529.0
2026-08-21 14:41:53.653,0 days 00:25:31.268000,63,273.8511111111102,0 days 00:00:45.267000,10173.0,116.0,2,51.0,False,0,car,2508.766111111112,0.5907887265034372,OnTrack,7384.558295087279,2264.6865771561957,529.0005075794221
2026-08-21 14:41:53.686,0 days 00:25:31.301000,63,275.29028615111014,0 days 00:00:45.300000,10219.3033944,116.3093768,2,51.8250048,False,0,pos,2509.842928451701,0.5910423059592923,OnTrack,7379.0,2274.0,529.0
2026-08-21 14:41:53.866,0 days 00:25:31.481000,63,283.1402749866656,0 days 00:00:45.480000,10471.8655352,117.9968744,2,56.3249984,False,0,pos,2515.744805993139,0.5924321376782569,OnTrack,7346.0,2322.0,529.0
2026-08-21 14:41:53.973,0 days 00:25:31.588000,63,287.8066666666655,0 days 00:00:45.587000,10622.0,119.0,2,59.0,False,0,car,2519.34388888889,0.5932796848414394,OnTrack,7322.916307784662,2348.9177345512276,529.0130904902084
2026-08-21 14:41:54.126,0 days 00:25:31.741000,63,294.3091748266654,0 days 00:00:45.740000,10809.4252352,122.8250048,2,60.4343768,False,0,pos,2524.652546871724,0.5945298194296063,OnTrack,7286.0,2385.0,529.0
2026-08-21 14:41:54.266,0 days 00:25:31.881000,63,300.2591639466654,0 days 00:00:45.880000,10980.9249216,126.3249984,2,61.7468744,False,0,pos,2529.655233948202,0.5957079010028218,OnTrack,7249.0,2415.0,529.0
2026-08-21 14:41:54.293,0 days 00:25:31.908000,63,301.4066666666654,0 days 00:00:45.907000,11014.0,127.0,2,62.0,False,0,car,2530.6327777777788,0.595938102563509,OnTrack,7241.164154162656,2420.558895156765,529.0729216174636
2026-08-21 14:41:54.486,0 days 00:25:32.101000,63,309.44834133333177,0 days 00:00:46.100000,11578.5255616,131.8250048,2,66.8250048,False,0,pos,2537.7092256017777,0.59760453355506,OnTrack,7182.0,2457.0,530.0
2026-08-21 14:41:54.493,0 days 00:25:32.108000,63,309.7399999999984,0 days 00:00:46.107000,11599.0,132.0,2,67.0,False,0,car,2537.9661111111122,0.5976650274617039,OnTrack,7180.02761113007,2458.1216936736487,530.016463891631
2026-08-21 14:41:54.733,0 days 00:25:32.348000,63,319.87333333333163,0 days 00:00:46.347000,10104.0,133.0,2,67.0,False,0,car,2546.832777777779,0.599753036656794,OnTrack,7108.952292995303,2490.753266729928,529.846396009183
2026-08-21 14:41:54.786,0 days 00:25:32.401000,63,322.0080529777762,0 days 00:00:46.400000,10156.6686864,135.3187472,2,67.3312496,False,0,pos,2548.8682300954697,0.6002323648322271,OnTrack,7079.0,2500.0,530.0
2026-08-21 14:41:54.893,0 days 00:25:32.508000,63,326.3177777777764,0 days 00:00:46.507000,10263.0,140.0,3,68.0,False,0,car,2553.055000000001,0.6012183062673836,OnTrack,6996.9943763514575,2522.4792988402687,530.7068950454893
2026-08-21 14:41:54.946,0 days 00:25:32.561000,63,328.42305301333187,0 days 00:00:46.560000,10369.6623712,140.6624992,3,69.9874976,False,0,pos,2555.141506234376,0.6017096571173445,OnTrack,6959.0,2532.0,531.0
2026-08-21 14:41:55.133,0 days 00:25:32.748000,63,335.8511111111093,0 days 00:00:46.747000,10746.0,143.0,3,77.0,False,0,car,2562.5883333333345,0.6034633086350368,OnTrack,6874.990526181936,2548.0196678493403,531.0381140997544
2026-08-21 14:41:55.166,0 days 00:25:32.781000,63,337.1069517511093,0 days 00:00:46.780000,10853.250624,143.99000576,3,78.32000768,False,0,pos,2563.9242100208066,0.603777893914016,OnTrack,6862.0,2550.0,531.0
2026-08-21 14:41:55.326,0 days 00:25:32.941000,63,343.1958406399984,0 days 00:00:46.940000,11373.250624,148.79000575999999,3,84.72000768,False,0,pos,2570.564599120126,0.6053416375416499,OnTrack,6795.0,2560.0,531.0
2026-08-21 14:41:55.333,0 days 00:25:32.948000,63,343.4622222222206,0 days 00:00:46.947000,11396.0,149.0,3,85.0,False,0,car,2570.8661111111123,0.6054126405276962,OnTrack,6792.101822722358,2560.4170064054356,531.0193208868885
2026-08-21 14:41:55.493,0 days 00:25:33.108000,63,349.0622222222205,0 days 00:00:47.107000,11815.0,160.0,3,85.0,False,0,car,2577.977222222223,0.6070872343683699,OnTrack,6724.882597439919,2569.698803065656,531.8601593280443
2026-08-21 14:41:55.526,0 days 00:25:33.141000,63,350.1622286222205,0 days 00:00:47.140000,11699.99433088,160.66000384,3,87.4750144,False,0,pos,2579.4599310754998,0.6074363971186649,OnTrack,6708.0,2572.0,532.0
2026-08-21 14:41:55.693,0 days 00:25:33.308000,63,355.728888888887,0 days 00:00:47.307000,11118.0,164.0,3,100.0,False,0,car,2587.0883333333345,0.6092328077267333,OnTrack,6599.4038874661055,2586.8500536265083,532.1897112340912
2026-08-21 14:41:55.846,0 days 00:25:33.461000,63,360.1913944888873,0 days 00:00:47.460000,11128.2000128,173.562512,3,100.0,False,0,pos,2594.5922080497176,0.6109998933740955,OnTrack,6510.0,2599.0,532.0
2026-08-21 14:41:55.933,0 days 00:25:33.548000,63,362.72888888888747,0 days 00:00:47.547000,11134.0,179.0,4,100.0,False,0,car,2599.0216666666674,0.6120429855156139,OnTrack,6480.78407896197,2602.868455403382,531.8927289116037
2026-08-21 14:41:56.086,0 days 00:25:33.701000,63,366.8088940088868,0 days 00:00:47.700000,11374.0190512,187.6062608,4,100.0,False,0,pos,2607.0061026135068,0.6139232384112464,OnTrack,6439.0,2608.0,532.0
2026-08-21 14:41:56.093,0 days 00:25:33.708000,63,366.99555555555344,0 days 00:00:47.707000,11385.0,188.0,4,100.0,False,0,car,2607.3772222222233,0.6140106332784055,OnTrack,6436.135444730874,2608.344813626974,532.0268527591695
2026-08-21 14:41:56.266,0 days 00:25:33.881000,63,371.1763873422202,0 days 00:00:47.880000,10926.5501696,192.8656232,4,100.0,False,0,pos,2616.7102053414346,0.6162084552224508,OnTrack,6344.0,2619.0,533.0
2026-08-21 14:41:56.413,0 days 00:25:34.028000,63,374.728888888887,0 days 00:00:48.027000,10537.0,197.0,4,100.0,False,0,car,2624.8883333333342,0.6181343206110648,OnTrack,6261.685171852064,2626.7008574903016,533.1183253831502
2026-08-21 14:41:56.653,0 days 00:25:34.268000,63,373.6622222222204,0 days 00:00:48.267000,10800.0,208.0,5,100.0,False,0,car,2638.755000000001,0.6213997786003786,OnTrack,6126.564230173138,2635.6028830281475,532.941342195041
2026-08-21 14:41:56.666,0 days 00:25:34.281000,63,373.5394450488871,0 days 00:00:48.280000,10825.187376,208.7312464,5,100.0,False,0,pos,2639.526684739763,0.6215815024536494,OnTrack,6119.0,2636.0,533.0
2026-08-21 14:41:56.813,0 days 00:25:34.428000,63,372.15111111110946,0 days 00:00:48.427000,11110.0,217.0,5,100.0,False,0,car,2648.399444444445,0.6236709464967923,OnTrack,6031.803947930806,2639.766228999738,533.9516321126878
2026-08-21 14:41:56.826,0 days 00:25:34.441000,63,371.90194567110944,0 days 00:00:48.440000,11139.6154792,217.406248,5,100.0,False,0,pos,2649.1958647040483,0.6238584953116654,OnTrack,6024.0,2640.0,534.0
2026-08-21 14:41:57.026,0 days 00:25:34.641000,63,368.0686123377759,0 days 00:00:48.640000,11595.2404792,223.656248,5,100.0,False,0,pos,2661.6847359560275,0.6267994965910371,OnTrack,5902.0,2641.0,534.0
2026-08-21 14:41:57.133,0 days 00:25:34.748000,63,366.0177777777758,0 days 00:00:48.747000,11839.0,227.0,5,100.0,False,0,car,2668.577222222223,0.6284226065197043,OnTrack,5834.204493410453,2639.1908640067827,534.6344606413584
2026-08-21 14:41:57.186,0 days 00:25:34.801000,63,364.29528031647135,0 days 00:00:48.800000,11782.104106047173,228.47017813831596,5,100.0,False,0,pos,2672.0502006641836,0.6292404573754747,OnTrack,5801.0,2638.0,535.0
2026-08-21 14:41:57.807,0 days 00:25:35.422000,63,344.11277945100665,0 days 00:00:49.421000,11115.454978985637,245.69625377298095,5,100.0,False,0,pos,2714.801806647897,0.639308022758805,OnTrack,5392.0,2607.0,537.0
2026-08-21 14:41:57.854,0 days 00:25:35.469000,63,342.58527777777545,0 days 00:00:49.468000,11065.0,247.0,6,100.0,False,0,car,2718.0458333333345,0.6400719578206446,OnTrack,5346.869764495522,2601.1335113871373,537.2005754920029
2026-08-21 14:41:58.047,0 days 00:25:35.662000,63,335.9375022044423,0 days 00:00:49.661000,11065.0,247.0,6,100.0,False,0,pos,2731.2939108658406,0.6431917444039311,OnTrack,5162.0,2575.0,538.0
2026-08-21 14:41:58.134,0 days 00:25:35.749000,63,332.9408333333313,0 days 00:00:49.748000,11065.0,247.0,6,100.0,False,0,car,2737.2569444444453,0.6445959777433398,OnTrack,5108.32900482758,2566.720798965667,538.1103677549443
2026-08-21 14:41:58.333,0 days 00:25:35.948000,63,325.8099999999977,0 days 00:00:49.947000,11065.0,247.0,6,100.0,False,0,car,2750.9105555555566,0.6478112633312554,OnTrack,5032.951001279317,2553.1126901789826,537.9978280736286
2026-08-21 14:41:58.347,0 days 00:25:35.962000,63,325.3005508977755,0 days 00:00:49.961000,11065.0,247.0,6,100.0,False,0,pos,2751.8703285733577,0.6480372800477632,OnTrack,5027.0,2552.0,538.0
2026-08-21 14:41:58.573,0 days 00:25:36.188000,63,317.076666666665,0 days 00:00:50.187000,11065.0,247.0,6,100.0,False,0,car,2767.377222222223,0.6516889946935654,OnTrack,4903.395254036485,2527.984535517529,538.375639221219
2026-08-21 14:41:58.667,0 days 00:25:36.282000,63,313.5255507199982,0 days 00:00:50.281000,10818.249664,249.937504,6,100.0,False,0,pos,2773.8848486885327,0.6532214740807686,OnTrack,4811.0,2507.0,539.0
2026-08-21 14:41:58.733,0 days 00:25:36.348000,63,311.0322222222203,0 days 00:00:50.347000,10645.0,252.0,6,100.0,False,0,car,2778.577222222223,0.6543264799926267,OnTrack,4726.090759987187,2486.7280335141068,539.6640617030221
2026-08-21 14:41:58.847,0 days 00:25:36.462000,63,305.9022164622203,0 days 00:00:50.461000,10673.500032,260.5500096,6,100.0,False,0,pos,2787.065014915734,0.6563252682471459,OnTrack,4576.0,2450.0,541.0
2026-08-21 14:41:59.053,0 days 00:25:36.668000,63,296.6322222222202,0 days 00:00:50.667000,10725.0,276.0,7,100.0,False,0,car,2803.1105555555564,0.6601038287429513,OnTrack,4463.127097278143,2421.2949657887416,542.825283021531
2026-08-21 14:41:59.227,0 days 00:25:36.842000,63,288.41554951110885,0 days 00:00:50.841000,10831.885792914285,277.8642870857143,7,100.0,False,0,pos,2816.5900102590103,0.6632781022804264,OnTrack,4397.0,2402.0,544.0
2026-08-21 14:41:59.333,0 days 00:25:36.948000,63,283.4099999999976,0 days 00:00:50.947000,10897.0,279.0,7,100.0,False,0,car,2824.8105555555567,0.6652139565098825,OnTrack,4319.672676746697,2379.767843794317,544.6901078293805
2026-08-21 14:41:59.367,0 days 00:25:36.982000,63,281.7855494399976,0 days 00:00:50.981000,10919.312584,279.4250016,7,100.0,False,0,pos,2827.455266312936,0.6658367588083519,OnTrack,4293.0,2372.0,545.0
2026-08-21 14:41:59.493,0 days 00:25:37.108000,63,275.7655555555534,0 days 00:00:51.107000,11002.0,281.0,7,100.0,False,0,car,2837.2994444444453,0.6681549619425656,OnTrack,4195.330222873929,2342.8475837126725,546.7302693554994
2026-08-21 14:41:59.727,0 days 00:25:37.342000,63,263.6755489422202,0 days 00:00:51.341000,11044.70502336,283.9250016,7,100.0,False,0,pos,2855.839548022268,0.6725209664630638,OnTrack,4008.0,2284.0,551.0
2026-08-21 14:41:59.893,0 days 00:25:37.508000,63,255.0988888888869,0 days 00:00:51.507000,11075.0,286.0,7,100.0,False,0,car,2869.077222222223,0.6756383031680766,OnTrack,3857.833432841055,2234.8685061123147,553.2049045565095
2026-08-21 14:42:00.007,0 days 00:25:37.622000,63,248.987215359998,0 days 00:00:51.621000,11103.7591232,286.2590912,7,100.0,False,0,pos,2878.16405849631,0.6777781600509231,OnTrack,3757.0,2201.0,554.0
2026-08-21 14:42:00.306,0 days 00:25:37.921000,63,232.95750343110907,0 days 00:00:51.920000,11179.188620218181,286.93863621818184,7,100.0,False,0,pos,2901.9998239577712,0.6833912387113227,OnTrack,3525.0,2120.0,553.0
2026-08-21 14:42:00.333,0 days 00:25:37.948000,63,231.50999999999794,0 days 00:00:51.947000,11186.0,287.0,7,100.0,False,0,car,2904.155000000001,0.6838987605977753,OnTrack,3504.554681743832,2112.8293987970983,552.8065638565575
2026-08-21 14:42:00.426,0 days 00:25:38.041000,63,226.47250346666468,0 days 00:00:52.040000,11177.334096872728,287.2113634909091,7,100.0,False,0,pos,2911.5825271086896,0.6856478671654133,OnTrack,3434.0,2088.0,552.0
2026-08-21 14:42:00.626,0 days 00:25:38.241000,63,215.63917013333148,0 days 00:00:52.240000,11158.697733236364,287.66590894545453,7,100.0,False,0,pos,2927.577808029815,0.6894145920121831,OnTrack,3283.0,2033.0,549.0
2026-08-21 14:42:00.773,0 days 00:25:38.388000,63,207.67666666666491,0 days 00:00:52.387000,11145.0,288.0,7,100.0,False,0,car,2939.355000000001,0.6921880001091104,OnTrack,3173.2997344357145,1991.830265050541,546.2706342007773
2026-08-21 14:42:00.846,0 days 00:25:38.461000,63,203.76304526222043,0 days 00:00:52.460000,11145.0,288.3041674666667,7,100.0,False,0,pos,2945.210207621709,0.6935668415399324,OnTrack,3119.0,1971.0,545.0
2026-08-21 14:42:01.013,0 days 00:25:38.628000,63,194.80999999999813,0 days 00:00:52.627000,11145.0,289.0,7,100.0,True,0,car,2958.621666666668,0.696725102796186,OnTrack,2994.724433575015,1922.0539009877064,542.5056415797609
2026-08-21 14:42:01.086,0 days 00:25:38.701000,63,190.9977677511092,0 days 00:00:52.700000,11145.0,289.0,7,100.0,True,0,pos,2964.491566709154,0.698107404141634,OnTrack,2940.0,1900.0,541.0
2026-08-21 14:42:01.266,0 days 00:25:38.881000,63,181.597781119998,0 days 00:00:52.880000,11145.0,289.0,7,100.0,True,0,pos,2978.969484378207,0.7015168054820934,OnTrack,2806.0,1845.0,536.0
2026-08-21 14:42:01.373,0 days 00:25:38.988000,63,176.00999999999794,0 days 00:00:52.987000,11145.0,289.0,7,100.0,True,0,car,2987.521666666668,0.7035307568267993,OnTrack,2733.4727848717152,1815.0101577120902,534.0306694412434
2026-08-21 14:42:01.486,0 days 00:25:39.101000,63,170.35999039999794,0 days 00:00:53.100000,11145.0,289.0,7,100.0,True,0,pos,2996.4941139635675,0.7056436762769934,OnTrack,2644.0,1776.0,532.0
2026-08-21 14:42:01.653,0 days 00:25:39.268000,63,162.00999999999794,0 days 00:00:53.267000,11145.0,289.0,7,100.0,True,0,car,3009.9994444444455,0.7088240432950541,OnTrack,2450.592719335811,1685.6790551328415,526.9473007859752
2026-08-21 14:42:01.766,0 days 00:25:39.381000,63,156.54832405333133,0 days 00:00:53.380000,11145.0,289.0,7,100.0,True,0,pos,3019.6292523987463,0.7110917644479335,OnTrack,2339.0,1632.0,524.0
2026-08-21 14:42:01.893,0 days 00:25:39.508000,63,150.40999999999804,0 days 00:00:53.507000,11145.0,289.0,7,100.0,True,0,car,3029.266111111112,0.7133611459821295,OnTrack,2275.5038845602653,1599.9435288560983,522.471062792686
2026-08-21 14:42:02.066,0 days 00:25:39.681000,63,148.4877784888867,0 days 00:00:53.680000,10700.245997866667,198.89586666666665,7,27.916693333333335,True,0,pos,3037.5068363643086,0.7153017523847106,OnTrack,2235.0,1580.0,522.0
2026-08-21 14:42:02.133,0 days 00:25:39.748000,63,147.74333333333107,0 days 00:00:53.747000,10528.0,164.0,7,0.0,True,0,car,3040.1994444444454,0.7159358340121654,OnTrack,2210.037480934921,1569.963519424334,521.7528962811705
2026-08-21 14:42:02.346,0 days 00:25:39.961000,63,146.67833365333135,0 days 00:00:53.960000,9991.696589714285,151.82857508571428,7,0.0,True,0,pos,3049.0161490994155,0.7180120776651697,OnTrack,2110.0,1541.0,521.0
2026-08-21 14:42:02.413,0 days 00:25:40.028000,63,146.34333333333143,0 days 00:00:54.027000,9823.0,148.0,5,0.0,True,0,car,3051.7105555555563,0.7186465827917561,OnTrack,2080.792285270952,1539.6926473174103,520.9520770008854
2026-08-21 14:42:02.506,0 days 00:25:40.121000,63,146.70499975110923,0 days 00:00:54.120000,10227.5497216,143.9312528,5,0.0,True,0,pos,3055.3164394555743,0.7194957315217937,OnTrack,2055.0,1541.0,521.0
2026-08-21 14:42:02.733,0 days 00:25:40.348000,63,147.58777777777595,0 days 00:00:54.347000,11215.0,134.0,3,0.0,True,0,car,3063.6216666666674,0.7214515274748847,OnTrack,2094.4464523343136,1540.947179313284,521.0997844520555
2026-08-21 14:42:02.766,0 days 00:25:40.381000,63,147.88111281777594,0 days 00:00:54.380000,11159.7246784,132.8999936,3,0.0,True,0,pos,3064.80077437639,0.7217291952650994,OnTrack,2088.0,1544.0,521.0
2026-08-21 14:42:02.946,0 days 00:25:40.561000,63,149.48111054222028,0 days 00:00:54.560000,10858.2251072,126.90000213333333,3,0.0,True,0,pos,3071.102942989157,0.7232132914319187,OnTrack,1981.0,1575.0,520.0
2026-08-21 14:42:02.973,0 days 00:25:40.588000,63,149.72111111110917,0 days 00:00:54.587000,10813.0,126.0,2,0.0,True,0,car,3072.0216666666674,0.7234296414491806,OnTrack,1968.6575457096747,1579.007342447291,519.9018082807662
2026-08-21 14:42:03.253,0 days 00:25:40.868000,63,153.92111111110944,0 days 00:00:54.867000,10452.0,119.0,2,0.0,False,0,car,3081.277222222223,0.7256092299949325,OnTrack,1933.0356557065058,1609.6537369151565,519.9839185363197
2026-08-21 14:42:03.266,0 days 00:25:40.881000,63,154.14138780444276,0 days 00:00:54.880000,10433.9625888,119.1624992,2,0.3791648,False,0,pos,3081.7135094189543,0.7257119711616778,OnTrack,1931.0,1612.0,520.0
2026-08-21 14:42:03.466,0 days 00:25:41.081000,63,157.53027669333161,0 days 00:00:55.080000,10156.4625888,121.6624992,2,6.212498133333333,False,0,pos,3088.511626406761,0.727312858091735,OnTrack,1882.0,1660.0,520.0
2026-08-21 14:42:03.493,0 days 00:25:41.108000,63,157.98777777777605,0 days 00:00:55.107000,10119.0,122.0,2,7.0,False,0,car,3089.410555555556,0.7275245467002032,OnTrack,1875.123719078453,1666.5929215049996,519.8910734265328
2026-08-21 14:42:03.706,0 days 00:25:41.321000,63,162.66194303999805,0 days 00:00:55.320000,10227.274967466667,116.6750016,2,34.512491733333334,False,0,pos,3096.2791106199847,0.7291420210759375,OnTrack,1824.0,1714.0,518.0
2026-08-21 14:42:03.733,0 days 00:25:41.348000,63,163.25444444444247,0 days 00:00:55.347000,10241.0,116.0,2,38.0,False,0,car,3097.1438888888897,0.729345667501936,OnTrack,1817.323869825379,1719.3880377027651,517.6601262544787
2026-08-21 14:42:03.973,0 days 00:25:41.588000,63,169.1211111111088,0 days 00:00:55.587000,10310.0,116.0,2,46.0,False,0,car,3104.8772222222233,0.7311667883036688,OnTrack,1754.0613513635963,1761.1566200752766,514.3415303734171
2026-08-21 14:42:04.026,0 days 00:25:41.641000,63,170.60805311262158,0 days 00:00:55.640000,10249.909395776409,116.0,2,40.47166441142955,False,0,pos,3106.590783781887,0.7315703145021197,OnTrack,1739.0,1769.0,514.0
2026-08-21 14:42:04.227,0 days 00:25:41.842000,63,176.24722271080623,0 days 00:00:55.841000,10022.018120844717,116.0,2,19.50566711771409,False,0,pos,3113.0998860876616,0.7331031414344024,OnTrack,1679.0,1793.0,513.0
2026-08-21 14:42:04.267,0 days 00:25:41.882000,63,177.3694444444421,0 days 00:00:55.881000,9976.666666666666,116.0,2,15.333333333333334,False,0,pos,3114.390069646482,0.7334069664495345,OnTrack,1667.0,1796.0,512.0
2026-08-21 14:42:04.414,0 days 00:25:42.029000,63,181.49361111110875,0 days 00:00:56.028000,9810.0,116.0,2,0.0,True,0,car,3119.0872222222233,0.7345130977768526,OnTrack,1621.0184965577096,1805.7370556356818,510.2654146519392
2026-08-21 14:42:04.467,0 days 00:25:42.082000,63,183.15722021333087,0 days 00:00:56.081000,9739.017942857143,115.24285805714285,2,0.0,True,0,pos,3120.7636782051127,0.7349078859919772,OnTrack,1603.0,1808.0,510.0
2026-08-21 14:42:04.694,0 days 00:25:42.309000,63,190.28249999999707,0 days 00:00:56.308000,9435.0,112.0,2,0.0,True,0,car,3127.7983333333345,0.736564475231678,OnTrack,1515.6557755158524,1807.3674287172414,509.2247083528674
2026-08-21 14:42:04.847,0 days 00:25:42.462000,63,195.637497759997,0 days 00:00:56.461000,9121.828256,108.6531264,2,0.0,True,0,pos,3132.3289972010994,0.7376314001733046,OnTrack,1467.0,1802.0,509.0
2026-08-21 14:42:05.014,0 days 00:25:42.629000,63,201.4824999999969,0 days 00:00:56.628000,8780.0,105.0,2,0.0,True,0,car,3137.131666666668,0.7387623796475624,OnTrack,1434.5295291084735,1794.140631207162,508.9891296397453
2026-08-21 14:42:05.067,0 days 00:25:42.682000,63,203.51416543615082,0 days 00:00:56.681000,8708.890325200446,104.16927950000522,2,0.0,True,0,pos,3138.6393133260185,0.739117414995796,OnTrack,1424.0,1790.0,509.0
2026-08-21 14:42:05.307,0 days 00:25:42.922000,63,212.71417097345832,0 days 00:00:56.921000,8386.883861798437,100.40752174998174,2,0.0,True,0,pos,3145.3016256347205,0.7406863213147206,OnTrack,1365.0,1760.0,509.0
2026-08-21 14:42:05.333,0 days 00:25:42.948000,63,213.71083333333036,0 days 00:00:56.947000,8352.0,100.0,2,0.0,False,0,car,3145.9927777777793,0.7408490805662146,OnTrack,1358.9811772041082,1756.360141877158,508.9908740524273
2026-08-21 14:42:05.567,0 days 00:25:43.182000,63,223.20083852444137,0 days 00:00:57.181000,8115.0748704,93.4187464,2,0.0,False,0,pos,3151.9353299316667,0.7422484907398558,OnTrack,1310.0,1718.0,509.0
2026-08-21 14:42:05.653,0 days 00:25:43.268000,63,226.688611111108,0 days 00:00:57.267000,8028.0,91.0,2,0.0,False,0,car,3154.0816666666683,0.742753931059981,OnTrack,1291.271134314189,1696.9767958938737,509.2200717390265
2026-08-21 14:42:05.827,0 days 00:25:43.442000,63,232.5369487466638,0 days 00:00:57.441000,8115.000064,91.0,2,21.750016,False,0,pos,3158.451328456795,0.7437829416611713,OnTrack,1256.0,1650.0,510.0
2026-08-21 14:42:05.933,0 days 00:25:43.548000,63,236.0997222222195,0 days 00:00:57.547000,8168.0,91.0,2,35.0,False,0,car,3161.159444444446,0.7444206752420266,OnTrack,1241.4688836208338,1627.481332049332,510.5981448329261
2026-08-21 14:42:06.133,0 days 00:25:43.748000,63,242.0997222222195,0 days 00:00:57.747000,8572.0,94.0,2,38.0,False,0,car,3166.381666666668,0.7456504550937714,OnTrack,1227.055408370216,1594.5260609764182,511.78141566357016
2026-08-21 14:42:06.247,0 days 00:25:43.862000,63,245.2347257422195,0 days 00:00:57.861000,8689.99013248,94.57000064,2,39.14000128,False,0,pos,3169.3674605178485,0.746353578967746,OnTrack,1221.0,1570.0,512.0
2026-08-21 14:42:06.287,0 days 00:25:43.902000,63,246.3347257422195,0 days 00:00:57.901000,8731.39013248,94.77000064,2,39.54000128,False,0,pos,3170.425753659478,0.7466027961644556,OnTrack,1219.0,1560.0,512.0
2026-08-21 14:42:06.333,0 days 00:25:43.948000,63,247.5997222222195,0 days 00:00:57.947000,8779.0,95.0,2,40.0,False,0,car,3171.659444444446,0.7468933177098964,OnTrack,1216.7095524859114,1548.3251969594683,512.1378634388827
2026-08-21 14:42:06.547,0 days 00:25:44.162000,63,253.00916990221984,0 days 00:00:58.161000,9018.8584768,99.458336,2,40.8916672,False,0,pos,3177.596873933458,0.7482915215484216,OnTrack,1208.0,1490.0,514.0
2026-08-21 14:42:06.573,0 days 00:25:44.188000,63,253.66638888888656,0 days 00:00:58.187000,9048.0,100.0,2,41.0,False,0,car,3178.3261111111124,0.7484632494355281,OnTrack,1207.563023746492,1481.8464331270316,514.137809767102
2026-08-21 14:42:06.866,0 days 00:25:44.481000,63,260.2588874488864,0 days 00:00:58.480000,9465.5249088,102.7468744,2,45.578124,False,0,pos,3186.6705704804613,0.7504282841601058,OnTrack,1211.0,1383.0,514.0
2026-08-21 14:42:06.893,0 days 00:25:44.508000,63,260.8663888888864,0 days 00:00:58.507000,9504.0,103.0,2,46.0,False,0,car,3187.481666666668,0.7506192890053955,OnTrack,1211.6464293571973,1375.3113526380037,513.9156395654343
2026-08-21 14:42:07.186,0 days 00:25:44.801000,63,265.58694341333097,0 days 00:00:58.800000,10292.658161066667,113.58055324444445,2,59.02221937777778,False,0,pos,3196.8521730607936,0.7528259472964013,OnTrack,1221.0,1304.0,513.0
2026-08-21 14:42:07.253,0 days 00:25:44.868000,63,266.66638888888656,0 days 00:00:58.867000,10473.0,116.0,2,62.0,False,0,car,3199.081666666668,0.7533509702079946,OnTrack,1223.9833263974263,1284.9095677368055,513.0291738816785
2026-08-21 14:42:07.406,0 days 00:25:45.021000,63,268.87639166221993,0 days 00:00:59.020000,10830.6379488,119.8250048,2,63.2750016,False,0,pos,3204.246784747309,0.7545673026192095,OnTrack,1232.0,1234.0,513.0
2026-08-21 14:42:07.493,0 days 00:25:45.108000,63,270.13305555555326,0 days 00:00:59.107000,11034.0,122.0,2,64.0,False,0,car,3207.215000000001,0.7552662869132653,OnTrack,1237.2126799693958,1199.6395451455896,512.3894664345669
2026-08-21 14:42:07.566,0 days 00:25:45.181000,63,271.16722494222,0 days 00:00:59.180000,11215.77047808,123.46000384,2,68.38001152,False,0,pos,3209.717456520323,0.7558555897957554,OnTrack,1240.0,1181.0,512.0
2026-08-21 14:42:07.693,0 days 00:25:45.308000,63,272.96638888888674,0 days 00:00:59.307000,11532.0,126.0,2,76.0,False,0,car,3214.215000000001,0.7569147152251785,OnTrack,1237.9567066999234,1194.2570149054009,512.4647539576374
2026-08-21 14:42:07.786,0 days 00:25:45.401000,63,273.9480548799978,0 days 00:00:59.400000,11435.195521163636,130.8613602909091,2,79.80454283636364,False,0,pos,3217.7647108762903,0.7577506357834045,OnTrack,1238.0,1196.0,513.0
2026-08-21 14:42:08.106,0 days 00:25:45.721000,63,277.3258326577754,0 days 00:00:59.720000,11102.104612072728,147.5886330181818,2,92.89545192727273,False,0,pos,3231.257201174391,0.7609279790699192,OnTrack,1269.0,1014.0,513.0
2026-08-21 14:42:08.133,0 days 00:25:45.748000,63,277.6108333333309,0 days 00:00:59.747000,11074.0,149.0,3,94.0,False,0,car,3232.4261111111123,0.7612032453890291,OnTrack,1270.6837725118646,1004.0392376863978,512.9855548955792
2026-08-21 14:42:08.366,0 days 00:25:45.981000,63,279.8113907022203,0 days 00:00:59.980000,11587.432565942858,158.15357897142857,3,98.99286125714286,False,0,pos,3242.692452432981,0.7636208636311339,OnTrack,1278.0,962.0,513.0
2026-08-21 14:42:08.413,0 days 00:25:46.028000,63,280.255277777776,0 days 00:01:00.027000,11691.0,160.0,3,100.0,False,0,car,3244.8705555555566,0.7641337846102081,OnTrack,1280.90329647624,945.9078563114202,513.0034994142012
2026-08-21 14:42:08.606,0 days 00:25:46.221000,63,281.8636127111092,0 days 00:01:00.220000,11257.9558192,171.4593864,3,100.0,False,0,pos,3254.313163729011,0.7663574221318404,OnTrack,1298.0,851.0,513.0
2026-08-21 14:42:08.733,0 days 00:25:46.348000,63,282.9219444444425,0 days 00:01:00.347000,10973.0,179.0,4,100.0,False,0,car,3260.7816666666677,0.7678806883287157,OnTrack,1308.8499672879473,789.5427530719385,512.9996869329048
2026-08-21 14:42:08.806,0 days 00:25:46.421000,63,283.4288902222202,0 days 00:01:00.420000,11087.0628,181.7375072,4,100.0,False,0,pos,3264.543090963109,0.7687664652291974,OnTrack,1315.0,754.0,513.0
2026-08-21 14:42:08.973,0 days 00:25:46.588000,63,284.588611111109,0 days 00:01:00.587000,11348.0,188.0,4,100.0,False,0,car,3273.315000000001,0.7708321599729032,OnTrack,1329.4287018741213,668.6380314670203,513.0000368243634
2026-08-21 14:42:09.046,0 days 00:25:46.661000,63,285.05500122666456,0 days 00:01:00.660000,11177.54455168,191.28500864,4,100.0,False,0,pos,3277.2567951446154,0.7717604123609239,OnTrack,1336.0,630.0,513.0
2026-08-21 14:42:09.173,0 days 00:25:46.788000,63,285.86638888888683,0 days 00:01:00.787000,10881.0,197.0,4,100.0,False,0,car,3284.2594444444453,0.7734094645558152,OnTrack,1347.9079943632792,561.2684566409607,513.0000616468303
2026-08-21 14:42:09.246,0 days 00:25:46.861000,63,286.2719455111091,0 days 00:01:00.860000,10812.258152533333,199.43333973333333,4,100.0,False,0,pos,3288.3550800265693,0.7743739447913656,OnTrack,1355.0,521.0,513.0
2026-08-21 14:42:09.406,0 days 00:25:47.021000,63,287.16083439999807,0 days 00:01:01.020000,10661.591485866667,204.76667306666667,4,100.0,False,0,pos,3297.5188780036005,0.7765319253670786,OnTrack,1371.0,431.0,513.0
2026-08-21 14:42:09.413,0 days 00:25:47.028000,63,287.1997222222203,0 days 00:01:01.027000,10655.0,205.0,5,100.0,False,0,car,3297.9261111111123,0.7766278245933601,OnTrack,1371.7003336635219,427.009638044187,513.0000771245991
2026-08-21 14:42:09.693,0 days 00:25:47.308000,63,288.833055555554,0 days 00:01:01.307000,11078.0,215.0,5,100.0,False,0,car,3314.6483333333344,0.7805657366718196,OnTrack,1399.669840245147,263.7559247853567,513.001047529628
2026-08-21 14:42:09.706,0 days 00:25:47.321000,63,288.8980552355539,0 days 00:01:01.320000,11090.535652571429,215.41785508571428,5,100.0,False,0,pos,3315.4445001642216,0.7807532258068254,OnTrack,1401.0,256.0,513.0
2026-08-21 14:42:09.906,0 days 00:25:47.521000,63,289.898055235553,0 days 00:01:01.520000,11283.392795428572,221.84642651428572,5,100.0,False,0,pos,3327.8815021215287,0.7836820123985032,OnTrack,1422.0,135.0,513.0
2026-08-21 14:42:09.973,0 days 00:25:47.588000,63,290.2330555555527,0 days 00:01:01.587000,11348.0,224.0,5,100.0,False,0,car,3332.070555555557,0.7846684915814703,OnTrack,1429.2611429385356,94.08758313273464,513.041596319161
2026-08-21 14:42:10.126,0 days 00:25:47.741000,63,291.12555667555364,0 days 00:01:01.740000,11560.2877664,225.9125024,5,100.0,False,0,pos,3341.6691801579714,0.7869288693743342,OnTrack,1446.0,0.0,513.0
2026-08-21 14:42:10.133,0 days 00:25:47.748000,63,291.166388888887,0 days 00:01:01.747000,11570.0,226.0,5,100.0,False,0,car,3342.115000000001,0.787033855381422,OnTrack,1446.7569931569362,-4.334364440592405,512.9812062402123
2026-08-21 14:42:10.293,0 days 00:25:47.908000,63,291.87749999999824,0 days 00:01:01.907000,11407.0,233.0,5,100.0,False,0,car,3352.4705555555565,0.7894724826619032,OnTrack,1464.0472888940571,-104.27490828221806,512.1967307825304
2026-08-21 14:42:10.366,0 days 00:25:47.981000,63,292.2425009599982,0 days 00:01:01.980000,11092.00417152,233.73000192,5,100.0,False,0,pos,3357.215255095123,0.7905898108122666,OnTrack,1473.0,-151.0,512.0
2026-08-21 14:42:10.426,0 days 00:25:48.041000,63,292.54249967999823,0 days 00:01:02.040000,10833.10527616,234.32999936,5,100.0,False,0,pos,3361.1196354073486,0.7915092523904308,OnTrack,1481.0,-190.0,512.0
2026-08-21 14:42:10.493,0 days 00:25:48.108000,63,292.87749999999824,0 days 00:01:02.107000,10544.0,235.0,5,100.0,False,0,car,3365.526111111112,0.7925469322912653,OnTrack,1489.4739959341039,-233.50538406671444,512.0113851084421
2026-08-21 14:42:10.606,0 days 00:25:48.221000,63,293.4425009599981,0 days 00:01:02.220000,10608.167966171428,237.01786057142857,5,84.26068754285714,False,0,pos,3373.0816246670065,0.7943261783564911,OnTrack,1503.0,-306.0,512.0
2026-08-21 14:42:10.773,0 days 00:25:48.388000,63,294.2774999999979,0 days 00:01:02.387000,10703.0,240.0,6,61.0,False,0,car,3384.192777777779,0.796942741123034,OnTrack,1523.8540760522262,-410.09007097540444,511.93009585759796
2026-08-21 14:42:10.867,0 days 00:25:48.482000,63,295.34805637299837,0 days 00:01:02.481000,10416.021587725405,234.43613282324765,6,43.13705801147932,False,0,pos,3390.178581947376,0.7983523367034243,OnTrack,1537.0,-475.0,512.0
2026-08-21 14:42:11.094,0 days 00:25:48.709000,63,297.9333333333311,0 days 00:01:02.708000,9723.0,221.0,6,0.0,True,0,car,3403.8986111111126,0.8015832630625355,OnTrack,1573.2535857356452,-659.451039334032,512.7160808025909
2026-08-21 14:42:11.167,0 days 00:25:48.782000,63,299.12972117333095,0 days 00:01:02.781000,9905.9560896,214.156256,6,0.0,True,0,pos,3408.1309946701967,0.8025799460462029,OnTrack,1583.0,-712.0,513.0
2026-08-21 14:42:11.254,0 days 00:25:48.869000,63,300.5555555555529,0 days 00:01:02.868000,10124.0,206.0,6,0.0,True,0,car,3413.054166666668,0.803739302632403,OnTrack,1592.23383792426,-764.9368087450048,513.3328915685757
2026-08-21 14:42:11.494,0 days 00:25:49.109000,63,305.4222222222197,0 days 00:01:03.108000,11051.0,194.0,5,0.0,True,0,car,3425.987500000001,0.8067849701801283,OnTrack,1606.2504062130793,-865.2779716813368,514.0489743534841
2026-08-21 14:42:11.587,0 days 00:25:49.202000,63,307.56638741333114,0 days 00:01:03.201000,10868.4876256,191.28750186666667,5,0.0,True,0,pos,3430.876161925506,0.8079361999980389,OnTrack,1610.0,-899.0,514.0
2026-08-21 14:42:11.734,0 days 00:25:49.349000,63,310.95555555555393,0 days 00:01:03.348000,10580.0,187.0,4,0.0,True,0,car,3438.454166666668,0.8097207425070595,OnTrack,1614.8962830756739,-951.0601462371997,513.4751005329216
2026-08-21 14:42:11.827,0 days 00:25:49.442000,63,313.4355553415517,0 days 00:01:03.441000,10475.630103050093,183.79310372500288,4,0.0,True,0,pos,3443.108015304379,0.810816676200454,OnTrack,1616.0,-988.0,513.0
2026-08-21 14:42:12.047,0 days 00:25:49.662000,63,319.302225539255,0 days 00:01:03.661000,10228.733402723552,176.20689226245554,4,0.0,True,0,pos,3453.763330472734,0.8133258937998648,OnTrack,1609.0,-1093.0,512.0
2026-08-21 14:42:12.053,0 days 00:25:49.668000,63,319.4622222222206,0 days 00:01:03.667000,10222.0,176.0,4,0.0,True,0,car,3454.0497222222234,0.8133933361238872,OnTrack,1608.5872348603098,-1095.865602461884,511.99185269012924
2026-08-21 14:42:12.253,0 days 00:25:49.868000,63,325.29555555555316,0 days 00:01:03.867000,10058.0,170.0,4,0.0,False,0,car,3463.4941666666678,0.8156174060685321,OnTrack,1587.677932279139,-1187.077110033431,512.5050830838188
2026-08-21 14:42:12.427,0 days 00:25:50.042000,63,330.5638927644425,0 days 00:01:04.041000,9770.174788266666,167.8249984,4,6.5250048,False,0,pos,3471.595191201667,0.8175251143826745,OnTrack,1559.0,-1262.0,513.0
2026-08-21 14:42:12.467,0 days 00:25:50.082000,63,331.77500387555375,0 days 00:01:04.081000,9704.0081216,167.3249984,4,8.0250048,False,0,pos,3473.436170559469,0.8179586461676813,OnTrack,1551.0,-1279.0,513.0
2026-08-21 14:42:12.493,0 days 00:25:50.108000,63,332.5622222222205,0 days 00:01:04.107000,9661.0,167.0,4,9.0,False,0,car,3474.627500000001,0.8182391920503369,OnTrack,1545.1163715209855,-1290.34103398462,513.0147265036907
2026-08-21 14:42:12.693,0 days 00:25:50.308000,63,338.95111111110964,0 days 00:01:04.307000,9666.0,163.0,4,20.0,False,0,car,3483.6830555555566,0.8203716826443199,OnTrack,1482.7531692027958,-1383.8531743632755,513.6385113262588
2026-08-21 14:42:12.787,0 days 00:25:50.402000,63,342.00611527110954,0 days 00:01:04.401000,9705.656304,163.0,4,30.5750144,False,0,pos,3487.925070255595,0.8213706336630477,OnTrack,1454.0,-1420.0,514.0
2026-08-21 14:42:13.013,0 days 00:25:50.628000,63,349.3511111111093,0 days 00:01:04.627000,9801.0,163.0,4,56.0,False,0,car,3498.171944444445,0.8237836675946927,OnTrack,1396.9788204401605,-1475.2432415570042,514.7734916536947
2026-08-21 14:42:13.067,0 days 00:25:50.682000,63,351.1211153066649,0 days 00:01:04.681000,9847.350109866667,163.60000142222222,4,58.250005333333334,False,0,pos,3500.6462735069654,0.8243663467489282,OnTrack,1381.0,-1487.0,515.0
2026-08-21 14:42:13.373,0 days 00:25:50.988000,63,361.15111111110946,0 days 00:01:04.987000,10110.0,167.0,4,71.0,False,0,car,3514.871944444445,0.8277163465674,OnTrack,1260.2135931132657,-1557.0617540915268,516.7749808442923
2026-08-21 14:42:13.406,0 days 00:25:51.021000,63,362.2144506311095,0 days 00:01:05.020000,10155.21026304,167.66000384,4,72.32000768,False,0,pos,3516.427167477864,0.8280825856644894,OnTrack,1246.0,-1563.0,517.0
2026-08-21 14:42:13.546,0 days 00:25:51.161000,63,366.725553493332,0 days 00:01:05.160000,10347.00991232,170.45999872,4,77.91999744,False,0,pos,3523.0768563722686,0.8296485192986254,OnTrack,1183.0,-1583.0,518.0
2026-08-21 14:42:13.573,0 days 00:25:51.188000,63,367.59555555555426,0 days 00:01:05.187000,10384.0,171.0,4,79.0,False,0,car,3524.371944444445,0.8299534992764251,OnTrack,1169.1737984191298,-1586.1278969551431,518.1960539953504
2026-08-21 14:42:13.773,0 days 00:25:51.388000,63,373.92888888888774,0 days 00:01:05.387000,10875.0,176.0,4,100.0,False,0,car,3534.149722222223,0.8322560658073516,OnTrack,1048.870368603038,-1602.68709415296,519.6408008276259
2026-08-21 14:42:13.826,0 days 00:25:51.441000,63,375.4894425599988,0 days 00:01:05.440000,11007.0029656,178.1531224,4,100.0,False,0,pos,3536.832347130751,0.8328877965001319,OnTrack,1015.0,-1605.0,520.0
2026-08-21 14:42:14.093,0 days 00:25:51.708000,63,383.35111111110973,0 days 00:01:05.707000,11672.0,189.0,4,100.0,False,0,car,3550.9497222222226,0.8362122937559433,OnTrack,841.0033102268734,-1603.6193802955102,521.6467548869666
2026-08-21 14:42:14.246,0 days 00:25:51.861000,63,387.55861639110907,0 days 00:01:05.860000,10957.999104,196.0125088,4,100.0,False,0,pos,3559.3996381100187,0.8382021624106187,OnTrack,741.0,-1599.0,523.0
2026-08-21 14:42:14.333,0 days 00:25:51.948000,63,389.95111111110873,0 days 00:01:05.947000,10552.0,200.0,4,100.0,False,0,car,3564.2830555555565,0.8393521572072068,OnTrack,684.5410904977398,-1596.471562095784,524.0221205438319
2026-08-21 14:42:14.533,0 days 00:25:52.148000,63,395.3399999999974,0 days 00:01:06.147000,10713.0,205.0,5,100.0,False,0,car,3575.6719444444457,0.842034123905161,OnTrack,559.3396370847382,-1591.0028573002098,526.8476380554489
2026-08-21 14:42:14.666,0 days 00:25:52.281000,63,398.7758316799985,0 days 00:01:06.280000,10829.374944,209.156248,5,100.0,False,0,pos,3583.4064876316484,0.8438555296150897,OnTrack,497.0,-1588.0,528.0
2026-08-21 14:42:14.693,0 days 00:25:52.308000,63,399.473333333332,0 days 00:01:06.307000,10853.0,210.0,5,100.0,False,0,car,3585.0052777777787,0.8442320283210453,OnTrack,486.96015484220254,-1587.4644170686577,528.1268688093201
2026-08-21 14:42:14.893,0 days 00:25:52.508000,63,404.25111111110846,0 days 00:01:06.507000,11236.0,219.0,5,100.0,False,0,car,3597.1719444444457,0.8470971537203231,OnTrack,430.8473609335563,-1583.6288192600236,528.368354945129
2026-08-21 14:42:14.966,0 days 00:25:52.581000,63,405.8733375999976,0 days 00:01:06.580000,11334.7783848,220.8250048,5,100.0,False,0,pos,3601.708941299303,0.8481655700155529,OnTrack,400.0,-1581.0,529.0
2026-08-21 14:42:15.146,0 days 00:25:52.761000,63,409.87333191110935,0 days 00:01:06.760000,11578.3405384,225.3249984,5,100.0,False,0,pos,3613.071396759851,0.8508413119118414,OnTrack,289.0,-1570.0,532.0
2026-08-21 14:42:15.213,0 days 00:25:52.828000,63,411.3622222222207,0 days 00:01:06.827000,11669.0,227.0,5,100.0,False,0,car,3617.349722222223,0.8518488137432348,OnTrack,245.9658777258395,-1563.826172853215,532.7150691463585
2026-08-21 14:42:15.373,0 days 00:25:52.988000,63,414.7399999999984,0 days 00:01:06.987000,10969.0,232.0,5,100.0,False,0,car,3627.660833333334,0.8542769748122118,OnTrack,145.9854893601898,-1544.7583027505475,533.8433224153091
2026-08-21 14:42:15.386,0 days 00:25:53.001000,63,415.007220906665,0 days 00:01:07,10946.4938608,232.2437488,5,100.0,False,0,pos,3628.503485223097,0.8544754107025221,OnTrack,138.0,-1543.0,534.0
2026-08-21 14:42:15.506,0 days 00:25:53.121000,63,417.4738875733309,0 days 00:01:07.120000,10738.7438608,234.4937488,5,100.0,False,0,pos,3636.325309189929,0.8563173701421977,OnTrack,62.0,-1524.0,536.0
2026-08-21 14:42:15.533,0 days 00:25:53.148000,63,418.0288888888863,0 days 00:01:07.147000,10692.0,235.0,6,100.0,False,0,car,3638.105277777779,0.8567365345157015,OnTrack,42.304435902774784,-1518.1820605238288,536.5674949104887
2026-08-21 14:42:15.846,0 days 00:25:53.461000,63,423.7672257422206,0 days 00:01:07.460000,10970.765796,243.8031304,6,100.0,False,0,pos,3659.3117116392627,0.8617304325116997,OnTrack,-234.0,-1415.0,545.0
2026-08-21 14:42:15.853,0 days 00:25:53.468000,63,423.895555555554,0 days 00:01:07.467000,10977.0,244.0,6,100.0,False,0,car,3659.7941666666675,0.8618440457297565,OnTrack,-239.52085108733553,-1412.5021863472662,545.1827946773981
2026-08-21 14:42:16.253,0 days 00:25:53.868000,63,430.4511111111083,0 days 00:01:07.867000,11253.0,252.0,6,100.0,False,0,car,3687.794166666668,0.8684377589774096,OnTrack,-466.38105366206287,-1280.4223889081727,553.4357743886201
2026-08-21 14:42:16.306,0 days 00:25:53.921000,63,431.24611015110867,0 days 00:01:07.920000,11309.754098133333,253.10416533333333,6,100.0,False,0,pos,3691.5580553837135,0.8693241162237052,OnTrack,-486.0,-1268.0,554.0
2026-08-21 14:42:16.493,0 days 00:25:54.108000,63,434.05111111111,0 days 00:01:08.107000,11510.0,257.0,6,100.0,False,0,car,3704.9275000000007,0.8724724835122828,OnTrack,-538.335410906768,-1236.9216954316464,554.8109120765575
2026-08-21 14:42:16.666,0 days 00:25:54.281000,63,436.45388799999836,0 days 00:01:08.280000,11523.40749504,258.72999936,6,100.0,False,0,pos,3717.4092010964396,0.8754117962934554,OnTrack,-628.0,-1150.0,559.0
2026-08-21 14:42:16.826,0 days 00:25:54.441000,63,438.6761102222201,0 days 00:01:08.440000,11535.80749504,260.32999936,6,100.0,False,0,pos,3729.03874530637,0.8781504348549264,OnTrack,-773.0,-988.0,568.0
2026-08-21 14:42:16.893,0 days 00:25:54.508000,63,439.6066666666643,0 days 00:01:08.507000,11541.0,261.0,6,100.0,False,0,car,3733.927500000001,0.8793016865187807,OnTrack,-810.1975423188389,-944.5239988494444,570.1316979448019
2026-08-21 14:42:17.093,0 days 00:25:54.708000,63,442.217777777777,0 days 00:01:08.707000,10277.0,264.0,6,100.0,False,0,car,3748.5941666666668,0.8827555363151701,OnTrack,-837.0596681303588,-899.8917751055365,570.5551758815831
2026-08-21 14:42:17.146,0 days 00:25:54.761000,63,442.83611006838413,0 days 00:01:08.760000,10296.428894916839,264.5286774127031,6,100.0,False,0,pos,3752.5056139092635,0.8836766420830632,OnTrack,-848.0,-879.0,571.0
2026-08-21 14:42:17.347,0 days 00:25:54.962000,63,445.1811111855898,0 days 00:01:08.961000,10370.112221791655,266.5336658990926,6,100.0,False,0,pos,3767.4402636850673,0.8871935991571982,OnTrack,-919.0,-749.0,575.0
2026-08-21 14:42:17.494,0 days 00:25:55.109000,63,446.8961111111089,0 days 00:01:09.108000,10424.0,268.0,7,100.0,False,0,car,3778.44638888889,0.8897854289272613,OnTrack,-962.2911665068826,-655.8895376745854,577.2901109102227
2026-08-21 14:42:17.607,0 days 00:25:55.222000,63,448.1202770844427,0 days 00:01:09.221000,10490.3874624,270.1187488,7,100.0,False,0,pos,3786.948910363801,0.8917876856589605,OnTrack,-986.0,-570.0,578.0
2026-08-21 14:42:17.654,0 days 00:25:55.269000,63,448.6294444444429,0 days 00:01:09.268000,10518.0,271.0,7,100.0,False,0,car,3790.490833333334,0.8926217722449025,OnTrack,-993.454157418274,-526.0711025746937,577.9619913120355
2026-08-21 14:42:17.907,0 days 00:25:55.522000,63,451.2999993244431,0 days 00:01:09.521000,10621.0071168,271.9035712,7,100.0,False,0,pos,3809.5977500900326,0.8971212554642038,OnTrack,-1011.0,-257.0,575.0
2026-08-21 14:42:17.934,0 days 00:25:55.549000,63,451.5849999999987,0 days 00:01:09.548000,10632.0,272.0,7,100.0,False,0,car,3811.6463888888898,0.8976036889209069,OnTrack,-1010.9425484845974,-234.38012701248587,574.5220757259544
2026-08-21 14:42:18.134,0 days 00:25:55.749000,63,453.0294444444421,0 days 00:01:09.748000,10666.0,274.0,7,100.0,False,0,car,3826.8686111111124,0.9011883663610993,OnTrack,-999.4453953163024,-118.60223656438934,570.1933507530074
2026-08-21 14:42:18.294,0 days 00:25:55.909000,63,454.00722222222066,0 days 00:01:09.908000,10752.0,274.0,7,100.0,False,0,car,3839.04638888889,0.9040561083132531,OnTrack,-976.9242175440168,-45.64283027024865,566.9423097565016
2026-08-21 14:42:18.367,0 days 00:25:55.982000,63,454.25055534222065,0 days 00:01:09.981000,10761.124992,275.8249984,7,100.0,False,0,pos,3844.6696634264295,0.9053803318780161,OnTrack,-963.0,0.0,566.0
2026-08-21 14:42:18.454,0 days 00:25:56.069000,63,454.54055555555396,0 days 00:01:10.068000,10772.0,278.0,7,100.0,False,0,car,3851.4019444444452,0.9069657151114238,OnTrack,-943.3017528651011,63.364642132844374,565.1777090749013
2026-08-21 14:42:18.467,0 days 00:25:56.082000,63,454.56583323941123,0 days 00:01:10.081000,10775.188667397637,278.0,7,100.0,False,0,pos,3852.4065522959518,0.9072022899721087,OnTrack,-940.0,73.0,565.0
2026-08-21 14:42:18.613,0 days 00:25:56.228000,63,454.84972222221995,0 days 00:01:10.227000,10811.0,278.0,7,100.0,False,0,car,3863.680277777779,0.909857136867106,OnTrack,-896.7794803661915,179.17842059016508,561.704954972098
2026-08-21 14:42:18.647,0 days 00:25:56.262000,63,454.77416638222013,0 days 00:01:10.261000,10829.8417376,278.2833344,7,100.0,False,0,pos,3866.312140126243,0.9104769134968583,OnTrack,-886.0,204.0,561.0
2026-08-21 14:42:18.853,0 days 00:25:56.468000,63,454.316388888888,0 days 00:01:10.467000,10944.0,280.0,7,100.0,False,0,car,3882.346944444445,0.9142529456988745,OnTrack,-817.1493650011545,363.5809659205862,558.7524187716546
2026-08-21 14:42:18.927,0 days 00:25:56.542000,63,454.0080550222212,0 days 00:01:10.541000,10974.062552,281.3875024,7,100.0,False,0,pos,3888.157079781713,0.915621173068303,OnTrack,-786.0,440.0,558.0
2026-08-21 14:42:19.013,0 days 00:25:56.628000,63,453.64972222222104,0 days 00:01:10.627000,11009.0,283.0,7,100.0,False,0,car,3894.9247222222225,0.9172148835545662,OnTrack,-743.5924987117693,547.5029755968452,556.8492268491527
2026-08-21 14:42:19.147,0 days 00:25:56.762000,63,360.5773277617761,0 days 00:01:10.761000,11085.38007296,283.67000064,7,100.0,False,0,pos,3905.462059028354,0.9196963184579081,OnTrack,-681.0,709.0,555.0
2026-08-21 14:42:19.213,0 days 00:25:56.828000,44,314.73583333333136,0 days 00:01:10.827000,11123.0,284.0,7,100.0,False,0,car,3910.7025000000003,0.9209303886385611,OnTrack,-662.1314039478373,757.3128062322913,554.3961391733845
2026-08-21 14:42:19.467,0 days 00:25:57.082000,44,294.4863786844422,0 days 00:01:11.081000,11328.01438902857,291.2571465142857,7,100.0,False,0,pos,3931.2971455236857,0.925780216746427,OnTrack,-628.0,844.0,553.0
2026-08-21 14:42:19.493,0 days 00:25:57.108000,44,292.4136111111088,0 days 00:01:11.107000,11349.0,292.0,7,100.0,False,0,car,3933.4136111111115,0.9262786227172131,OnTrack,-621.9590243388417,859.8855536290889,552.7743943972788
2026-08-21 14:42:19.647,0 days 00:25:57.262000,44,280.0936008711095,0 days 00:01:11.261000,11412.5250528,292.9625008,7,100.0,False,0,pos,3945.945823382161,0.9292298303627137,OnTrack,-576.0,981.0,551.0
2026-08-21 14:42:19.653,0 days 00:25:57.268000,44,279.61361111110955,0 days 00:01:11.267000,11415.0,293.0,7,100.0,False,0,car,3946.4358333333334,0.9293452226879468,OnTrack,-574.1507919285144,985.8142216904113,550.9167644594258
2026-08-21 14:42:19.933,0 days 00:25:57.548000,44,256.9024999999983,0 days 00:01:11.547000,11569.0,297.0,7,100.0,False,0,car,3969.5358333333334,0.9347850361172605,OnTrack,-489.878701411957,1200.6664207785952,546.4230357286677
2026-08-21 14:42:19.966,0 days 00:25:57.581000,44,254.1708174399983,0 days 00:01:11.580000,11479.8994816,297.57750336,7,100.0,False,0,pos,3972.291368192547,0.9354339363567449,OnTrack,-480.0,1226.0,546.0
2026-08-21 14:42:20.166,0 days 00:25:57.781000,44,237.61526188444265,0 days 00:01:11.780000,10939.8994816,301.07750336,7,100.0,False,0,pos,3989.1432362725695,0.9394023787069931,OnTrack,-420.0,1382.0,544.0
2026-08-21 14:42:20.326,0 days 00:25:57.941000,44,224.37081743999812,0 days 00:01:11.940000,10507.8994816,303.87750336,7,100.0,False,0,pos,4002.719017902,0.9425993362490369,OnTrack,-372.0,1508.0,542.0
2026-08-21 14:42:20.333,0 days 00:25:57.948000,44,223.791388888887,0 days 00:01:11.947000,10489.0,304.0,8,100.0,False,0,car,4003.3136111111116,0.9427393568604611,OnTrack,-369.8747048904846,1513.532644699724,541.9188354699689
2026-08-21 14:42:20.546,0 days 00:25:58.161000,44,206.0413942222205,0 days 00:01:12.160000,10543.84748352,305.59749952,8,100.0,False,0,pos,4021.433714027483,0.9470064555264794,OnTrack,-305.0,1681.0,540.0
2026-08-21 14:42:20.726,0 days 00:25:58.341000,44,191.0413728888873,0 days 00:01:12.340000,10590.19754944,306.94750144,8,100.0,False,0,pos,4036.824156089623,0.950630747016207,OnTrack,-250.0,1825.0,539.0
2026-08-21 14:42:20.733,0 days 00:25:58.348000,44,190.45805555555398,0 days 00:01:12.347000,10592.0,307.0,8,100.0,False,0,car,4037.424722222222,0.950772174189943,OnTrack,-247.43366031307664,1831.6798358914018,538.9500465509232
2026-08-21 14:42:20.966,0 days 00:25:58.581000,44,170.8472060622195,0 days 00:01:12.580000,10673.5500672,309.9125024,8,100.0,False,0,pos,4057.4875930113753,0.955496774793814,OnTrack,-151.0,2081.0,537.0
2026-08-21 14:42:20.973,0 days 00:25:58.588000,44,170.2580555555528,0 days 00:01:12.587000,10676.0,310.0,8,100.0,False,0,car,4058.0913888888895,0.9556389625394013,OnTrack,-148.62895984525267,2087.1386375519937,536.9655151449974
2026-08-21 14:42:21.286,0 days 00:25:58.901000,44,143.82692823110827,0 days 00:01:12.900000,10750.77226808889,310.8694449777778,8,100.0,False,0,pos,4085.124594702879,0.9620050056573383,OnTrack,-74.0,2281.0,537.0
2026-08-21 14:42:21.333,0 days 00:25:58.948000,44,139.8580555555527,0 days 00:01:12.947000,10762.0,311.0,8,100.0,False,0,car,4089.1913888888894,0.962962694039473,OnTrack,-60.0614475703268,2316.772093057412,537.013662720496
2026-08-21 14:42:21.426,0 days 00:25:59.041000,44,131.9788943111079,0 days 00:01:13.040000,10778.73998848,311.46499968,8,100.0,False,0,pos,4097.2449798599455,0.9648592322350812,OnTrack,-30.0,2394.0,537.0
2026-08-21 14:42:21.533,0 days 00:25:59.148000,44,122.91361111110746,0 days 00:01:13.147000,10798.0,312.0,8,100.0,False,0,car,4106.524722222223,0.9670445165261154,OnTrack,3.425301527489358,2481.1664022899445,536.9942759406462
2026-08-21 14:42:21.686,0 days 00:25:59.301000,44,109.78109463110756,0 days 00:01:13.300000,10801.454843045161,312.3701617548387,8,100.0,False,0,pos,4119.826004914735,0.9701768323797008,OnTrack,50.0,2604.0,537.0
2026-08-21 14:42:22.773,0 days 00:26:00.388000,44,16.480277777774972,0 days 00:01:14.387000,10826.0,315.0,8,100.0,False,0,car,4215.024722222222,0.9925951553607707,OnTrack,397.4149169803634,3504.0424952116764,537.0002510981489
2026-08-21 14:42:22.866,0 days 00:26:00.481000,44,8.471949955552985,0 days 00:01:14.480000,10829.4874976,315.0,8,100.0,False,0,pos,4223.165760588573,0.9945122865224086,OnTrack,427.0,3578.0,537.0
2026-08-21 14:42:22.933,0 days 00:26:00.548000,44,2.702499999997599,0 days 00:01:14.547000,10832.0,315.0,8,100.0,False,0,car,4229.024722222222,0.9958920119845972,OnTrack,448.2271253182906,3630.725099487527,536.9999493051295
2026-08-21 14:42:23.046,0 days 00:26:00.661000,44,2.702499999997599,0 days 00:01:14.660000,10817.874976,314.43499904,8,100.0,False,0,pos,4238.8891303093405,0.9982149790661788,OnTrack,486.0,3724.0,537.0
2026-08-21 14:42:23.124,0 days 00:26:00.739000,44,2.702499999997599,0 days 00:01:14.738000,10808.124992,314.04499968,8,100.0,False,0,interpolation,4245.685619193168,0.9998154825944227,OnTrack,515.7824167297528,3797.3006287215617,537.0000172480854
